{"type":"FeatureCollection","features":[{"type":"Feature","geometry":{"type":"Polygon","coordinates":[[[6.82173,46.82908],[6.82194,46.82863],[6.82235,46.8283],[6.82287,46.82796],[6.82298,46.8278],[6.82304,46.82764],[6.82303,46.8273],[6.82296,46.82713],[6.82284,46.82698],[6.82273,46.82688],[6.82263,46.82671],[6.82258,46.82637],[6.82272,46.82603],[6.82354,46.82531],[6.82421,46.82498],[6.82472,46.82495],[6.82535,46.82501],[6.8259,46.82491],[6.82655,46.8246],[6.82724,46.82448],[6.82777,46.82455],[6.82889,46.825],[6.82965,46.82505],[6.83072,46.82472],[6.83155,46.82472],[6.83274,46.8251],[6.83346,46.82548],[6.83367,46.82563],[6.83384,46.82573],[6.83425,46.82595],[6.83496,46.82629],[6.83572,46.82696],[6.83628,46.82728],[6.8367,46.82778],[6.83726,46.82808],[6.84057,46.82902],[6.84122,46.82938],[6.84141,46.82971],[6.8414,46.83006],[6.84124,46.83039],[6.84116,46.83055],[6.84102,46.83091],[6.8409,46.83111],[6.8406,46.83139],[6.83991,46.8316],[6.83819,46.83155],[6.83795,46.83156],[6.83771,46.8316],[6.83749,46.83166],[6.83729,46.83175],[6.83712,46.83187],[6.83698,46.832],[6.83569,46.83353],[6.83551,46.8337],[6.83511,46.83392],[6.83465,46.83405],[6.83428,46.8343],[6.83332,46.83523],[6.83311,46.8354],[6.8329,46.83551],[6.83241,46.83563],[6.83189,46.83561],[6.83101,46.83536],[6.83022,46.83539],[6.8296,46.83567],[6.8291,46.83577],[6.82854,46.83573],[6.82822,46.83562],[6.82802,46.83554],[6.828,46.83553],[6.8274,46.83527],[6.82738,46.83526],[6.82713,46.83515],[6.82708,46.83513],[6.82687,46.83503],[6.82683,46.83501],[6.82657,46.83489],[6.8265,46.83486],[6.82624,46.83476],[6.82623,46.83476],[6.826,46.83467],[6.82552,46.83449],[6.82525,46.83431],[6.82434,46.8339],[6.824,46.83362],[6.82385,46.83311],[6.82398,46.83244],[6.8238,46.83212],[6.82306,46.83165],[6.82234,46.8314],[6.82203,46.83111],[6.82195,46.83092],[6.8219,46.83077],[6.8218,46.83061],[6.82166,46.83047],[6.82159,46.83041],[6.82147,46.83025],[6.82137,46.8299],[6.82148,46.82956],[6.82157,46.82945],[6.82168,46.82927],[6.82173,46.82908]]]},"properties":{"bfs_nr":2008,"name":"Ch\u00e2tillon (FR)"}},{"type":"Feature","geometry":{"type":"Polygon","coordinates":[[[6.85747,46.80558],[6.85738,46.80519],[6.8575,46.80486],[6.85801,46.80439],[6.85835,46.80347],[6.85936,46.80217],[6.8599,46.80178],[6.86036,46.80167],[6.86097,46.80168],[6.86149,46.80158],[6.86191,46.8014],[6.86247,46.80129],[6.8629,46.80112],[6.8632,46.80085],[6.86354,46.80018],[6.86395,46.79972],[6.86434,46.79944],[6.86506,46.79905],[6.86728,46.79761],[6.8674,46.79748],[6.86749,46.79734],[6.86755,46.79722],[6.86771,46.79688],[6.86778,46.79674],[6.86783,46.79656],[6.86783,46.79637],[6.86778,46.79619],[6.86752,46.79562],[6.86751,46.79562],[6.86739,46.79534],[6.8673,46.79514],[6.86724,46.79494],[6.86728,46.79461],[6.8675,46.79431],[6.86787,46.79408],[6.86833,46.79397],[6.86882,46.79398],[6.86911,46.79404],[6.86925,46.79409],[6.8703,46.79441],[6.87056,46.79447],[6.87063,46.79448],[6.87076,46.79449],[6.87152,46.79456],[6.87174,46.79457],[6.87192,46.79456],[6.87195,46.79456],[6.87248,46.79454],[6.87256,46.79453],[6.87313,46.79453],[6.87455,46.79453],[6.87536,46.79477],[6.8759,46.79482],[6.87643,46.79471],[6.87706,46.79441],[6.87755,46.79434],[6.8781,46.79441],[6.87965,46.7948],[6.88019,46.79486],[6.88126,46.79472],[6.88324,46.79481],[6.88396,46.79498],[6.88441,46.79521],[6.88502,46.79533],[6.88578,46.7952],[6.88617,46.79496],[6.88642,46.79444],[6.88648,46.79385],[6.88671,46.79355],[6.88707,46.79331],[6.88754,46.79311],[6.8879,46.79302],[6.88844,46.79302],[6.88897,46.79311],[6.88919,46.79312],[6.88967,46.79311],[6.89011,46.79305],[6.89048,46.79295],[6.89102,46.7929],[6.89161,46.79295],[6.89236,46.79288],[6.89271,46.79292],[6.89522,46.7934],[6.89525,46.79341],[6.89531,46.79342],[6.89581,46.79355],[6.89651,46.79366],[6.8969,46.79381],[6.89722,46.79406],[6.89742,46.79429],[6.89786,46.79487],[6.89793,46.79537],[6.89775,46.79568],[6.89728,46.79603],[6.89705,46.79633],[6.897,46.79667],[6.89727,46.79713],[6.89763,46.79736],[6.89869,46.79775],[6.89881,46.79779],[6.89908,46.79787],[6.89934,46.79798],[6.8996,46.79812],[6.89984,46.79823],[6.9001,46.7983],[6.90074,46.79837],[6.90134,46.79866],[6.90175,46.7992],[6.9018,46.79953],[6.90158,46.80006],[6.90168,46.80058],[6.90197,46.80086],[6.90252,46.80122],[6.9031,46.80152],[6.90432,46.80233],[6.90452,46.80244],[6.90533,46.80272],[6.90588,46.80319],[6.90634,46.80376],[6.90657,46.80409],[6.90671,46.80449],[6.90661,46.80485],[6.90632,46.80516],[6.90556,46.80548],[6.90512,46.80592],[6.90506,46.80626],[6.90518,46.80657],[6.90545,46.80683],[6.90649,46.80755],[6.90677,46.80782],[6.90711,46.80835],[6.90761,46.80882],[6.90784,46.80917],[6.90966,46.81106],[6.91051,46.81224],[6.91057,46.8126],[6.91039,46.81298],[6.90953,46.8141],[6.90889,46.81528],[6.90877,46.81585],[6.90858,46.8162],[6.90862,46.81683],[6.90828,46.81742],[6.90818,46.81778],[6.9083,46.81814],[6.90865,46.81854],[6.90873,46.81889],[6.9086,46.81923],[6.90829,46.8196],[6.90778,46.81992],[6.90751,46.82022],[6.90632,46.82248],[6.90551,46.82363],[6.90517,46.82418],[6.90494,46.82482],[6.90491,46.82515],[6.90504,46.82567],[6.90492,46.826],[6.90462,46.82628],[6.9042,46.82646],[6.90345,46.82649],[6.90278,46.8263],[6.90225,46.82618],[6.90223,46.82618],[6.90151,46.82604],[6.90147,46.82603],[6.90066,46.82589],[6.90065,46.82588],[6.89992,46.82576],[6.8999,46.82576],[6.89956,46.82571],[6.89949,46.8257],[6.89907,46.82565],[6.89853,46.82561],[6.89727,46.82558],[6.89646,46.82562],[6.89604,46.82561],[6.89558,46.82554],[6.89528,46.82551],[6.89418,46.82544],[6.89415,46.82544],[6.89349,46.8254],[6.8934,46.8254],[6.89298,46.8254],[6.89292,46.8254],[6.89243,46.82541],[6.89237,46.82541],[6.8918,46.82544],[6.89088,46.82549],[6.89037,46.82539],[6.88994,46.82521],[6.88946,46.82514],[6.88898,46.8252],[6.88827,46.82542],[6.88755,46.82553],[6.88559,46.82591],[6.88556,46.82591],[6.88533,46.82596],[6.88532,46.82597],[6.88482,46.82607],[6.88481,46.82607],[6.88433,46.82618],[6.88431,46.82619],[6.88333,46.82642],[6.88278,46.82649],[6.88229,46.82642],[6.88188,46.82623],[6.88161,46.82595],[6.88152,46.82545],[6.88203,46.8244],[6.88201,46.82406],[6.88141,46.82332],[6.88134,46.82299],[6.88139,46.82277],[6.88187,46.82143],[6.88189,46.82107],[6.88163,46.82053],[6.88128,46.82027],[6.88057,46.82009],[6.88013,46.81991],[6.87973,46.81946],[6.8797,46.81911],[6.87989,46.81874],[6.88047,46.81807],[6.88064,46.81775],[6.88062,46.81741],[6.88043,46.8171],[6.87992,46.81674],[6.87953,46.81635],[6.87883,46.81609],[6.87711,46.81587],[6.87685,46.81582],[6.87641,46.81566],[6.87614,46.81553],[6.87573,46.81516],[6.87505,46.81488],[6.87451,46.81488],[6.87402,46.81502],[6.87356,46.81528],[6.87312,46.81539],[6.87265,46.81538],[6.87214,46.81524],[6.87139,46.8149],[6.87079,46.81484],[6.87031,46.81469],[6.86985,46.81426],[6.86957,46.81378],[6.86916,46.81353],[6.86864,46.81343],[6.86799,46.81344],[6.8671,46.81318],[6.86623,46.8131],[6.86577,46.81299],[6.8654,46.81278],[6.86493,46.81217],[6.86468,46.81163],[6.86458,46.81146],[6.86423,46.81117],[6.86361,46.81092],[6.86341,46.81079],[6.86322,46.81061],[6.86307,46.81049],[6.86277,46.81027],[6.86228,46.80979],[6.86219,46.80971],[6.86201,46.80957],[6.86186,46.80947],[6.86162,46.80933],[6.86108,46.80904],[6.86075,46.80876],[6.86058,46.80846],[6.86026,46.80815],[6.85805,46.8068],[6.85782,46.80662],[6.8576,46.80629],[6.85747,46.80558]]]},"properties":{"bfs_nr":2011,"name":"Cugy (FR)"}},{"type":"Feature","geometry":{"type":"Polygon","coordinates":[[[6.89698,46.92489],[6.9214,46.90558],[6.9261,46.90161],[6.9268,46.90112],[6.92765,46.9009],[6.92858,46.90059],[6.92903,46.90024],[6.92944,46.90001],[6.92974,46.89974],[6.92987,46.89941],[6.92981,46.89908],[6.92932,46.8985],[6.92916,46.8982],[6.92883,46.89789],[6.92813,46.8975],[6.92688,46.8969],[6.92609,46.89647],[6.92527,46.89588],[6.92484,46.89575],[6.92425,46.89546],[6.924,46.89518],[6.92392,46.89485],[6.92411,46.89419],[6.92475,46.89341],[6.9252,46.89315],[6.92602,46.89286],[6.92738,46.89273],[6.92792,46.89278],[6.92863,46.89306],[6.92944,46.8931],[6.93015,46.89283],[6.9311,46.89255],[6.93166,46.89248],[6.93251,46.89248],[6.93322,46.89225],[6.93353,46.89197],[6.93394,46.89141],[6.93436,46.89106],[6.93528,46.88977],[6.93583,46.88936],[6.9363,46.88925],[6.9368,46.88927],[6.93819,46.88981],[6.93917,46.88979],[6.93969,46.88986],[6.94015,46.88999],[6.94038,46.89003],[6.94062,46.89005],[6.94108,46.88999],[6.94189,46.88963],[6.94264,46.88957],[6.94312,46.88969],[6.94337,46.88983],[6.9446,46.89062],[6.94502,46.89111],[6.94504,46.89146],[6.94486,46.89178],[6.94422,46.89228],[6.9439,46.89258],[6.94384,46.89264],[6.94373,46.89279],[6.94275,46.89372],[6.94261,46.89387],[6.94252,46.89405],[6.94249,46.89423],[6.94252,46.89442],[6.9426,46.89459],[6.94272,46.89476],[6.9429,46.8949],[6.94311,46.89501],[6.94401,46.89539],[6.94442,46.89565],[6.94463,46.89595],[6.94467,46.89629],[6.94451,46.89661],[6.94395,46.89713],[6.94385,46.8973],[6.9438,46.89747],[6.9438,46.89765],[6.94385,46.89782],[6.94395,46.89798],[6.94409,46.89813],[6.94427,46.89826],[6.94621,46.89935],[6.94691,46.89965],[6.94864,46.90063],[6.94901,46.90093],[6.94915,46.90126],[6.949,46.90177],[6.94882,46.90196],[6.9475,46.90305],[6.94736,46.90319],[6.94727,46.90334],[6.94721,46.9035],[6.9472,46.90367],[6.94723,46.90383],[6.94745,46.90442],[6.94734,46.90473],[6.94708,46.90503],[6.94661,46.90572],[6.94629,46.90598],[6.94585,46.90614],[6.94469,46.90624],[6.94436,46.90633],[6.94396,46.90651],[6.94328,46.90687],[6.94237,46.90707],[6.94161,46.90708],[6.94113,46.90717],[6.94074,46.90737],[6.94059,46.9075],[6.94055,46.90754],[6.93997,46.90807],[6.93996,46.90808],[6.93912,46.90885],[6.93909,46.90888],[6.93876,46.90917],[6.93876,46.90918],[6.93853,46.90939],[6.93762,46.91023],[6.93683,46.91095],[6.93588,46.91182],[6.9352,46.91244],[6.93511,46.91251],[6.9079,46.93388],[6.90766,46.93403],[6.90696,46.93421],[6.90645,46.93417],[6.90579,46.93384],[6.89694,46.9261],[6.89667,46.92575],[6.89663,46.9254],[6.89698,46.92489]]]},"properties":{"bfs_nr":2022,"name":"Gletterens"}},{"type":"Feature","geometry":{"type":"Polygon","coordinates":[[[6.81778,46.81002],[6.81837,46.80939],[6.81881,46.80923],[6.8193,46.8092],[6.81993,46.80931],[6.82048,46.80928],[6.82097,46.80911],[6.82138,46.80883],[6.82212,46.8086],[6.82252,46.80833],[6.82357,46.80714],[6.82414,46.80662],[6.82493,46.8062],[6.82571,46.80568],[6.82641,46.80557],[6.82689,46.80565],[6.8274,46.80586],[6.82839,46.80618],[6.82852,46.80623],[6.82879,46.80634],[6.83006,46.8069],[6.83039,46.807],[6.83082,46.80709],[6.83107,46.80715],[6.83141,46.80727],[6.83172,46.8074],[6.83217,46.80757],[6.83357,46.80799],[6.83477,46.80841],[6.83549,46.80885],[6.83601,46.80909],[6.83634,46.80938],[6.83665,46.80998],[6.83706,46.81031],[6.83727,46.81065],[6.83735,46.81102],[6.83765,46.81136],[6.83776,46.81144],[6.83879,46.81217],[6.83921,46.81259],[6.83942,46.81292],[6.83951,46.81303],[6.8406,46.81403],[6.84158,46.81482],[6.84252,46.8157],[6.84462,46.81723],[6.84518,46.81775],[6.84527,46.81782],[6.84572,46.81815],[6.84669,46.81872],[6.84732,46.81896],[6.84791,46.8191],[6.84811,46.81914],[6.84833,46.81916],[6.84855,46.81915],[6.84928,46.81909],[6.85017,46.81894],[6.85065,46.819],[6.8511,46.81917],[6.85162,46.81926],[6.85214,46.8192],[6.85289,46.81898],[6.8534,46.81898],[6.85387,46.81912],[6.85432,46.81947],[6.85454,46.81986],[6.85464,46.8205],[6.85491,46.82077],[6.85559,46.82118],[6.85581,46.8215],[6.85591,46.82209],[6.85627,46.82273],[6.85625,46.82298],[6.85626,46.82317],[6.85633,46.82335],[6.85646,46.82352],[6.85663,46.82366],[6.85684,46.82378],[6.85708,46.82387],[6.85757,46.824],[6.85787,46.82411],[6.85825,46.82437],[6.85844,46.82472],[6.85845,46.82571],[6.85824,46.82601],[6.85755,46.82641],[6.85726,46.82668],[6.85713,46.827],[6.85714,46.82717],[6.85719,46.82734],[6.85779,46.82864],[6.85779,46.82865],[6.85796,46.82901],[6.85805,46.82915],[6.85816,46.82927],[6.85831,46.82939],[6.85848,46.82949],[6.85851,46.82951],[6.8595,46.8301],[6.85969,46.83019],[6.86141,46.83089],[6.862,46.83134],[6.86212,46.83185],[6.86207,46.83207],[6.86159,46.83347],[6.86118,46.83439],[6.86046,46.8354],[6.86013,46.83571],[6.85912,46.83606],[6.85878,46.83631],[6.85861,46.83663],[6.85863,46.83698],[6.85891,46.83753],[6.85889,46.83786],[6.85823,46.839],[6.85744,46.83992],[6.85707,46.84017],[6.85632,46.84031],[6.85556,46.84023],[6.85509,46.8403],[6.85453,46.84049],[6.85401,46.84052],[6.85369,46.84047],[6.8525,46.8402],[6.85241,46.84017],[6.85231,46.84015],[6.85202,46.84005],[6.85164,46.83979],[6.85144,46.83945],[6.85128,46.8388],[6.85096,46.8385],[6.8505,46.83832],[6.84981,46.83818],[6.84907,46.83817],[6.84835,46.83808],[6.84786,46.83817],[6.84731,46.83853],[6.84693,46.83918],[6.84634,46.8395],[6.84584,46.83955],[6.84553,46.83953],[6.84534,46.8395],[6.84499,46.83946],[6.84489,46.83946],[6.8445,46.83943],[6.84442,46.83943],[6.84396,46.83943],[6.84384,46.83943],[6.8436,46.83944],[6.84353,46.83945],[6.84324,46.83947],[6.84318,46.83948],[6.8425,46.83956],[6.84161,46.83971],[6.8408,46.83958],[6.83939,46.83861],[6.83895,46.83846],[6.83801,46.83832],[6.83673,46.83764],[6.83644,46.83734],[6.83634,46.83699],[6.83661,46.83645],[6.83769,46.8354],[6.83811,46.83512],[6.83881,46.83488],[6.83915,46.83462],[6.84058,46.83293],[6.84075,46.83243],[6.84068,46.83202],[6.84084,46.83135],[6.84116,46.83056],[6.84128,46.83031],[6.8415,46.83001],[6.84168,46.82985],[6.84229,46.82959],[6.8432,46.82949],[6.84369,46.8293],[6.84405,46.82897],[6.84413,46.82881],[6.84417,46.82864],[6.84416,46.82847],[6.84411,46.82831],[6.84401,46.82815],[6.8437,46.82789],[6.84335,46.82774],[6.843,46.8275],[6.8428,46.82718],[6.8428,46.82684],[6.84288,46.82664],[6.84307,46.82639],[6.84323,46.82621],[6.84335,46.82588],[6.84329,46.82555],[6.84303,46.82491],[6.84314,46.82459],[6.84364,46.82381],[6.84373,46.82342],[6.84362,46.82309],[6.84335,46.82281],[6.84294,46.82262],[6.84191,46.82247],[6.84096,46.82228],[6.84032,46.82233],[6.83954,46.82258],[6.83863,46.82318],[6.83802,46.82361],[6.83756,46.82376],[6.83705,46.82377],[6.83657,46.82366],[6.83483,46.82265],[6.8341,46.82243],[6.8336,46.82222],[6.83332,46.82195],[6.83312,46.82143],[6.83281,46.82111],[6.83234,46.82091],[6.83142,46.82068],[6.83093,46.82063],[6.83046,46.8207],[6.82993,46.82092],[6.82943,46.82103],[6.82891,46.82098],[6.82845,46.82084],[6.82826,46.82079],[6.82796,46.82074],[6.82758,46.82069],[6.82753,46.82068],[6.82736,46.82065],[6.82695,46.82052],[6.82686,46.8205],[6.82672,46.82046],[6.82653,46.82042],[6.8263,46.82038],[6.82616,46.82035],[6.82601,46.82031],[6.8256,46.82015],[6.82521,46.81994],[6.82503,46.81986],[6.82423,46.81958],[6.82397,46.81954],[6.82364,46.81952],[6.82339,46.81946],[6.82311,46.81936],[6.82267,46.81915],[6.82257,46.81909],[6.82252,46.81907],[6.82234,46.81896],[6.82228,46.81891],[6.82221,46.81886],[6.82123,46.8181],[6.8212,46.81808],[6.82105,46.81797],[6.82102,46.81794],[6.82091,46.81788],[6.82086,46.81784],[6.82073,46.81776],[6.82063,46.81771],[6.82057,46.81768],[6.82033,46.81754],[6.81999,46.81708],[6.82,46.81674],[6.82007,46.81658],[6.82012,46.81644],[6.82013,46.81624],[6.82018,46.81607],[6.82076,46.81541],[6.82089,46.81525],[6.82097,46.81508],[6.82099,46.81489],[6.82088,46.81454],[6.82043,46.81373],[6.82028,46.81352],[6.82018,46.8134],[6.81992,46.81314],[6.81965,46.81289],[6.81962,46.81287],[6.81955,46.8128],[6.81945,46.81269],[6.81943,46.81267],[6.81934,46.81253],[6.81931,46.81249],[6.81927,46.81243],[6.81913,46.81215],[6.81886,46.81184],[6.81866,46.81172],[6.81859,46.81169],[6.8185,46.81164],[6.81841,46.8116],[6.81835,46.81156],[6.81795,46.81132],[6.81773,46.81116],[6.81751,46.81085],[6.81752,46.81034],[6.81778,46.81002]]]},"properties":{"bfs_nr":2025,"name":"Lully (FR)"}},{"type":"Feature","geometry":{"type":"MultiPolygon","coordinates":[[[[6.95645,46.79177],[6.9565,46.79148],[6.95701,46.79077],[6.95764,46.79043],[6.95797,46.79037],[6.95899,46.79038],[6.96046,46.79022],[6.96063,46.7902],[6.96128,46.79008],[6.96179,46.78994],[6.96202,46.78983],[6.96261,46.78959],[6.96267,46.78957],[6.96294,46.78945],[6.96302,46.78941],[6.96333,46.78925],[6.96336,46.78924],[6.96399,46.7889],[6.96439,46.78871],[6.96492,46.78848],[6.9651,46.78842],[6.96547,46.78831],[6.9658,46.78823],[6.9662,46.78809],[6.96696,46.78788],[6.96727,46.7878],[6.96734,46.78779],[6.96744,46.78776],[6.96745,46.78776],[6.96772,46.78768],[6.96778,46.78766],[6.96798,46.7876],[6.96805,46.78758],[6.96828,46.7875],[6.96847,46.78739],[6.96863,46.78726],[6.96875,46.78711],[6.96883,46.78695],[6.96886,46.78678],[6.96883,46.78655],[6.96883,46.78638],[6.96886,46.78622],[6.96897,46.78599],[6.96914,46.78571],[6.96942,46.78515],[6.96946,46.78505],[6.9695,46.78491],[6.96959,46.78451],[6.96983,46.78419],[6.97024,46.78391],[6.97038,46.78379],[6.97047,46.78366],[6.97051,46.78361],[6.97057,46.78349],[6.97059,46.78344],[6.97061,46.78337],[6.97066,46.78321],[6.97077,46.78293],[6.97103,46.78251],[6.97121,46.78229],[6.97146,46.78211],[6.97158,46.78204],[6.97195,46.78183],[6.97259,46.78154],[6.97267,46.78149],[6.97277,46.78143],[6.97319,46.78112],[6.97338,46.781],[6.97397,46.78071],[6.97437,46.78054],[6.97441,46.78052],[6.97482,46.78036],[6.97498,46.78029],[6.9753,46.78011],[6.97541,46.78004],[6.97553,46.77996],[6.97562,46.77989],[6.97584,46.77971],[6.97599,46.77955],[6.97621,46.77926],[6.97642,46.77901],[6.97655,46.77887],[6.97676,46.77867],[6.97685,46.7786],[6.97778,46.77788],[6.97803,46.77766],[6.97826,46.77749],[6.97833,46.77745],[6.97861,46.77726],[6.97868,46.77722],[6.97896,46.7771],[6.97948,46.777],[6.98001,46.77705],[6.98047,46.77725],[6.98096,46.77777],[6.98116,46.77847],[6.98152,46.77877],[6.98242,46.77912],[6.98338,46.77934],[6.98385,46.77961],[6.98449,46.77982],[6.985,46.7801],[6.98539,46.78048],[6.98582,46.78073],[6.98625,46.7811],[6.98691,46.78144],[6.98739,46.78199],[6.98828,46.78266],[6.9889,46.78293],[6.99043,46.78426],[6.99069,46.78462],[6.9914,46.78514],[6.99168,46.78558],[6.99169,46.78575],[6.99153,46.78639],[6.99131,46.78693],[6.9915,46.78741],[6.99254,46.78843],[6.99342,46.78891],[6.99395,46.78965],[6.99433,46.78994],[6.99515,46.79025],[6.99562,46.79032],[6.99619,46.79027],[6.99674,46.7903],[6.99747,46.79057],[6.99809,46.79089],[6.99954,46.79112],[7.00012,46.79129],[7.00097,46.79132],[7.00143,46.79143],[7.002,46.79169],[7.0038,46.79192],[7.00473,46.79232],[7.00528,46.79243],[7.00586,46.79272],[7.00627,46.79316],[7.00724,46.79362],[7.00791,46.79375],[7.00837,46.79396],[7.00888,46.79436],[7.00923,46.79472],[7.00967,46.79494],[7.01015,46.79506],[7.01065,46.79531],[7.01123,46.79548],[7.01205,46.79561],[7.01247,46.79584],[7.01271,46.79617],[7.01288,46.79676],[7.0128,46.79707],[7.01252,46.79749],[7.01207,46.79782],[7.01183,46.79817],[7.01176,46.79905],[7.01165,46.79936],[7.0114,46.79966],[7.01086,46.80009],[7.01013,46.80052],[7.00995,46.80085],[7.00998,46.8012],[7.01019,46.80152],[7.01063,46.80185],[7.01085,46.80219],[7.01086,46.80275],[7.01067,46.80307],[7.01035,46.80333],[7.01014,46.80352],[7.00994,46.80377],[7.00979,46.80396],[7.00978,46.80398],[7.00946,46.80426],[7.00935,46.80433],[7.0092,46.80449],[7.00901,46.80487],[7.00843,46.80551],[7.00834,46.80567],[7.00831,46.80603],[7.00849,46.80636],[7.00865,46.8065],[7.0094,46.80691],[7.00992,46.80708],[7.01032,46.80735],[7.01069,46.80788],[7.01102,46.80813],[7.01269,46.80904],[7.01326,46.80938],[7.014,46.80968],[7.01454,46.81027],[7.01487,46.8105],[7.0157,46.8109],[7.01611,46.81134],[7.01615,46.81168],[7.01605,46.81206],[7.01613,46.8124],[7.01642,46.81271],[7.01686,46.81293],[7.01773,46.813],[7.02019,46.81342],[7.02217,46.81356],[7.02259,46.81367],[7.023,46.81388],[7.02325,46.81418],[7.02332,46.81452],[7.02324,46.8152],[7.02356,46.81587],[7.0236,46.81636],[7.02352,46.81677],[7.02324,46.81708],[7.02281,46.81729],[7.02229,46.81736],[7.02152,46.81724],[7.02106,46.81725],[7.02047,46.81736],[7.01988,46.81731],[7.01978,46.81729],[7.01906,46.81712],[7.01881,46.81708],[7.01855,46.81708],[7.0183,46.81711],[7.01801,46.81719],[7.01775,46.81725],[7.01714,46.81741],[7.01685,46.81747],[7.01661,46.81748],[7.01613,46.81742],[7.01573,46.81724],[7.01541,46.81701],[7.01523,46.81692],[7.01503,46.81686],[7.01478,46.8168],[7.01455,46.81676],[7.01406,46.81677],[7.01361,46.8169],[7.0116,46.81782],[7.01139,46.81793],[7.01112,46.81818],[7.01089,46.81834],[7.01012,46.81878],[7.01008,46.8188],[7.01004,46.81883],[7.01001,46.81885],[7.00991,46.81891],[7.00983,46.81896],[7.00931,46.81927],[7.00929,46.81928],[7.009,46.81945],[7.00892,46.8195],[7.00847,46.81982],[7.00824,46.81993],[7.00761,46.82006],[7.00716,46.82025],[7.00635,46.82097],[7.00592,46.82117],[7.00503,46.8214],[7.00471,46.82165],[7.00454,46.82198],[7.00449,46.82276],[7.0046,46.82362],[7.00445,46.82396],[7.00408,46.82435],[7.00398,46.8247],[7.00408,46.82505],[7.0044,46.82541],[7.00455,46.82573],[7.00445,46.82621],[7.0043,46.82639],[7.00369,46.82699],[7.0035,46.82715],[7.00309,46.82733],[7.00218,46.82746],[7.00154,46.8278],[7.0012,46.82826],[7.00084,46.82854],[7.00036,46.8287],[6.99933,46.82867],[6.99885,46.82877],[6.99831,46.82913],[6.99785,46.83004],[6.99755,46.83033],[6.99705,46.8306],[6.99679,46.83088],[6.99664,46.83171],[6.99637,46.83201],[6.99595,46.83222],[6.99518,46.83244],[6.99446,46.83245],[6.99384,46.83219],[6.99358,46.83191],[6.99337,46.83136],[6.99309,46.83092],[6.99271,46.83053],[6.99189,46.83012],[6.99105,46.8295],[6.9906,46.82897],[6.98994,46.82841],[6.98978,46.82811],[6.98964,46.82736],[6.98966,46.8267],[6.98948,46.82634],[6.9889,46.82598],[6.98813,46.82533],[6.98791,46.82507],[6.98712,46.82447],[6.98642,46.82411],[6.98556,46.82343],[6.98532,46.8231],[6.9852,46.82256],[6.98491,46.82224],[6.9842,46.82199],[6.98345,46.82199],[6.98203,46.82223],[6.98132,46.82252],[6.98001,46.8228],[6.97908,46.82292],[6.97802,46.82295],[6.9766,46.82291],[6.97606,46.82301],[6.97515,46.82303],[6.9745,46.82326],[6.97404,46.82377],[6.97368,46.82404],[6.9732,46.82418],[6.97267,46.82418],[6.97196,46.82403],[6.97146,46.82405],[6.97101,46.8242],[6.97056,46.82452],[6.96993,46.82479],[6.96957,46.82509],[6.96938,46.82555],[6.96911,46.82589],[6.96864,46.82619],[6.96768,46.82705],[6.96663,46.82746],[6.96537,46.82765],[6.96483,46.82759],[6.96437,46.82739],[6.96364,46.82666],[6.96318,46.8261],[6.96179,46.82471],[6.96112,46.824],[6.96077,46.82349],[6.96001,46.82208],[6.95902,46.82073],[6.95863,46.81995],[6.95818,46.81922],[6.95817,46.81884],[6.95838,46.8185],[6.95884,46.8182],[6.9591,46.81791],[6.95918,46.81757],[6.95907,46.81723],[6.95879,46.81695],[6.95819,46.81653],[6.95787,46.8162],[6.9575,46.81598],[6.95681,46.81525],[6.95669,46.81475],[6.95684,46.8143],[6.95716,46.81391],[6.95743,46.81343],[6.95814,46.81297],[6.95863,46.81256],[6.95875,46.81223],[6.95869,46.8119],[6.95836,46.81139],[6.95834,46.81105],[6.95878,46.81043],[6.95896,46.81003],[6.95955,46.80961],[6.96006,46.80913],[6.9604,46.80873],[6.96105,46.80818],[6.96256,46.80737],[6.96305,46.80685],[6.96333,46.80638],[6.96401,46.80586],[6.96424,46.80533],[6.96396,46.80453],[6.96406,46.8042],[6.96437,46.8039],[6.96499,46.80352],[6.96573,46.80314],[6.96602,46.80283],[6.96608,46.80229],[6.96577,46.80173],[6.96572,46.80127],[6.96552,46.80096],[6.96516,46.80072],[6.96443,46.80039],[6.9636,46.79991],[6.9629,46.79961],[6.96226,46.79915],[6.96188,46.79869],[6.96046,46.79773],[6.95955,46.79694],[6.95883,46.7962],[6.95847,46.79572],[6.95822,46.7952],[6.95771,46.79481],[6.95713,46.79462],[6.9568,46.79437],[6.95638,46.7938],[6.95631,46.7933],[6.95662,46.7927],[6.95663,46.79231],[6.95645,46.79177]]],[[[6.97076,46.82714],[6.97103,46.82656],[6.97106,46.82603],[6.97165,46.82627],[6.972,46.82658],[6.97155,46.82702],[6.97096,46.82738],[6.97076,46.82714]]]]},"properties":{"bfs_nr":2029,"name":"Montagny (FR)"}},{"type":"Feature","geometry":{"type":"Polygon","coordinates":[[[6.81442,46.77851],[6.81515,46.77807],[6.8158,46.77793],[6.81659,46.77798],[6.8172,46.77817],[6.81772,46.77823],[6.81823,46.77815],[6.81865,46.77794],[6.81928,46.77744],[6.81992,46.77718],[6.8204,46.7769],[6.82082,46.77674],[6.82206,46.77608],[6.82335,46.77512],[6.82383,46.77468],[6.82401,46.7744],[6.82439,46.7741],[6.82484,46.77395],[6.82535,46.77394],[6.82583,46.77405],[6.82637,46.77447],[6.8271,46.7755],[6.82752,46.77595],[6.82794,46.77617],[6.82873,46.77624],[6.82922,46.7761],[6.82981,46.77582],[6.83192,46.77497],[6.83248,46.77479],[6.833,46.77476],[6.8335,46.77487],[6.8342,46.77524],[6.83509,46.77563],[6.83549,46.7759],[6.83568,46.77621],[6.83586,46.77686],[6.83676,46.77749],[6.83706,46.77793],[6.8374,46.77818],[6.83791,46.7784],[6.83821,46.77866],[6.8386,46.7795],[6.83873,46.77991],[6.83901,46.7802],[6.83942,46.7804],[6.83992,46.78048],[6.84043,46.78042],[6.84086,46.78023],[6.84145,46.77984],[6.8424,46.77931],[6.84327,46.77896],[6.84378,46.77891],[6.84428,46.77899],[6.84493,46.7793],[6.84622,46.78007],[6.8467,46.78046],[6.847,46.7808],[6.84744,46.78103],[6.84824,46.78115],[6.84887,46.78145],[6.84925,46.78191],[6.84983,46.78228],[6.85013,46.78277],[6.85017,46.7832],[6.84977,46.78396],[6.84978,46.78429],[6.84996,46.78459],[6.85056,46.78513],[6.85071,46.78549],[6.85063,46.78586],[6.85017,46.78666],[6.84986,46.78691],[6.84958,46.78739],[6.84958,46.7879],[6.84941,46.78821],[6.84927,46.78834],[6.84905,46.78848],[6.84676,46.7897],[6.84668,46.78974],[6.84665,46.78975],[6.84653,46.78981],[6.8464,46.78986],[6.84501,46.79035],[6.84401,46.79075],[6.84361,46.79122],[6.84356,46.79166],[6.84342,46.79199],[6.8431,46.79225],[6.84258,46.79245],[6.84223,46.79269],[6.84134,46.79359],[6.84015,46.79431],[6.83984,46.79459],[6.83974,46.79475],[6.8397,46.79492],[6.8397,46.7951],[6.83975,46.79527],[6.83985,46.79543],[6.84,46.79558],[6.84147,46.79678],[6.84174,46.79711],[6.84181,46.79745],[6.84169,46.79777],[6.84156,46.79792],[6.84135,46.79808],[6.84078,46.79844],[6.84052,46.79858],[6.84003,46.7987],[6.8395,46.79868],[6.83903,46.79852],[6.83851,46.7981],[6.83832,46.79787],[6.83735,46.79699],[6.83727,46.79691],[6.83667,46.79628],[6.83591,46.79552],[6.83524,46.7949],[6.83484,46.79466],[6.83432,46.79455],[6.83364,46.79455],[6.83316,46.79442],[6.83274,46.79419],[6.83185,46.79387],[6.83134,46.79373],[6.83052,46.79335],[6.82936,46.79228],[6.82896,46.79181],[6.82861,46.79153],[6.8283,46.79112],[6.82796,46.79083],[6.82747,46.79067],[6.82659,46.79069],[6.8258,46.79054],[6.82508,46.79009],[6.82477,46.7898],[6.82464,46.78954],[6.82437,46.78924],[6.82382,46.78897],[6.82346,46.78869],[6.82298,46.78793],[6.82294,46.7876],[6.82282,46.78722],[6.82274,46.78703],[6.82229,46.78616],[6.82135,46.78557],[6.82036,46.78516],[6.81985,46.78468],[6.81947,46.78449],[6.81887,46.78436],[6.81843,46.78415],[6.81811,46.7838],[6.81757,46.78281],[6.81732,46.78252],[6.81693,46.78231],[6.81649,46.78221],[6.81589,46.78189],[6.81533,46.78127],[6.81493,46.78074],[6.8148,46.78041],[6.81408,46.77957],[6.81397,46.77921],[6.81407,46.77885],[6.81442,46.77851]]]},"properties":{"bfs_nr":2035,"name":"Nuvilly"}},{"type":"Feature","geometry":{"type":"Polygon","coordinates":[[[6.78867,46.72834],[6.78885,46.72804],[6.78924,46.72777],[6.7909,46.72724],[6.79135,46.727],[6.79236,46.72621],[6.79279,46.72599],[6.79331,46.72591],[6.79419,46.72603],[6.79477,46.72599],[6.79529,46.72606],[6.79609,46.72625],[6.79735,46.72618],[6.79895,46.72639],[6.79957,46.72661],[6.80008,46.72668],[6.80059,46.7266],[6.80116,46.72639],[6.80175,46.72632],[6.8022,46.72637],[6.80324,46.72676],[6.80379,46.72706],[6.80448,46.72725],[6.80497,46.72722],[6.80543,46.72709],[6.80622,46.72696],[6.8075,46.72703],[6.80916,46.72732],[6.80967,46.72746],[6.81055,46.72786],[6.81112,46.72799],[6.8115,46.72818],[6.81191,46.72858],[6.81347,46.72973],[6.81503,46.73099],[6.81538,46.73149],[6.81537,46.73183],[6.81516,46.73214],[6.8148,46.73238],[6.81424,46.73254],[6.81385,46.73274],[6.81353,46.73318],[6.81351,46.7336],[6.81336,46.734],[6.81337,46.73437],[6.81379,46.73484],[6.81446,46.73506],[6.81506,46.73541],[6.81524,46.73577],[6.8151,46.73631],[6.81461,46.73668],[6.81414,46.73681],[6.81358,46.73685],[6.81306,46.73701],[6.81235,46.73739],[6.81187,46.73746],[6.81096,46.73739],[6.8103,46.73719],[6.80941,46.73659],[6.80892,46.73639],[6.80821,46.73619],[6.80743,46.73577],[6.80642,46.73562],[6.80592,46.73564],[6.80546,46.73579],[6.80477,46.73626],[6.80431,46.73641],[6.80354,46.73639],[6.8031,46.73621],[6.80268,46.73593],[6.80226,46.73576],[6.80132,46.73518],[6.80044,46.73484],[6.79988,46.73478],[6.79872,46.73431],[6.79821,46.73422],[6.79746,46.73436],[6.79682,46.73488],[6.7964,46.7351],[6.79561,46.73518],[6.79498,46.73507],[6.79409,46.73507],[6.79361,46.73492],[6.79326,46.73465],[6.79281,46.73385],[6.79195,46.73317],[6.79172,46.73285],[6.7916,46.73242],[6.79104,46.73183],[6.7909,46.73147],[6.79085,46.73091],[6.7906,46.73062],[6.78995,46.73011],[6.78889,46.72956],[6.78857,46.72927],[6.78847,46.72873],[6.78867,46.72834]]]},"properties":{"bfs_nr":2038,"name":"Pr\u00e9vondavaux"}},{"type":"Feature","geometry":{"type":"Polygon","coordinates":[[[6.9575,46.89471],[6.9596,46.89297],[6.95975,46.89282],[6.95984,46.89266],[6.9599,46.89249],[6.9599,46.89231],[6.95985,46.89214],[6.95975,46.89197],[6.95961,46.89183],[6.95943,46.8917],[6.95825,46.89103],[6.95803,46.89088],[6.95779,46.89057],[6.95774,46.89022],[6.95789,46.88989],[6.95807,46.88971],[6.95913,46.88883],[6.95929,46.88865],[6.9594,46.88845],[6.95946,46.88826],[6.96014,46.8875],[6.96052,46.8867],[6.96063,46.88656],[6.961,46.88592],[6.9612,46.88554],[6.96128,46.88505],[6.96147,46.88472],[6.96202,46.8843],[6.9625,46.88358],[6.96285,46.8833],[6.9633,46.88311],[6.96408,46.88309],[6.96545,46.88355],[6.96591,46.88365],[6.96668,46.88361],[6.96728,46.88373],[6.97001,46.88471],[6.97062,46.88513],[6.97075,46.88548],[6.97071,46.88608],[6.97091,46.88642],[6.97131,46.88668],[6.97255,46.88702],[6.97309,46.88707],[6.97361,46.88697],[6.97403,46.88673],[6.97443,46.88632],[6.97486,46.88607],[6.97511,46.88579],[6.97523,46.88542],[6.97572,46.88471],[6.97609,46.88446],[6.97658,46.88434],[6.97759,46.88421],[6.97804,46.88396],[6.97915,46.88296],[6.9803,46.88211],[6.98065,46.8818],[6.98292,46.87943],[6.9854,46.87695],[6.98581,46.87677],[6.98653,46.87673],[6.98699,46.87685],[6.98806,46.8775],[6.98828,46.87761],[6.98853,46.87768],[6.98907,46.87772],[6.98959,46.87761],[6.98981,46.8775],[6.98999,46.87736],[6.99082,46.8766],[6.99124,46.87633],[6.99173,46.87621],[6.99224,46.87623],[6.9927,46.87638],[6.99294,46.87653],[6.99349,46.87696],[6.99363,46.87709],[6.99412,46.8775],[6.99428,46.87768],[6.99442,46.87824],[6.99423,46.87883],[6.99435,46.87919],[6.99468,46.87949],[6.99891,46.882],[6.99957,46.88221],[7.00009,46.88225],[7.00078,46.88255],[7.00411,46.88509],[7.00504,46.88584],[7.0055,46.88602],[7.00594,46.88608],[7.00644,46.88624],[7.00725,46.88687],[7.00878,46.88828],[7.00903,46.88858],[7.00912,46.88895],[7.00899,46.8893],[7.00871,46.88961],[7.00781,46.89019],[7.00459,46.89243],[7.00238,46.89395],[6.99944,46.89587],[6.99635,46.89786],[6.99303,46.90021],[6.99173,46.90128],[6.99131,46.90171],[6.99018,46.90235],[6.98919,46.90322],[6.98798,46.9038],[6.98688,46.90465],[6.98606,46.90558],[6.98571,46.90615],[6.98514,46.90681],[6.98472,46.90709],[6.98423,46.90721],[6.98346,46.90713],[6.98323,46.90703],[6.983,46.90688],[6.97999,46.90449],[6.97934,46.90421],[6.97909,46.90418],[6.97883,46.90419],[6.97858,46.90423],[6.97835,46.9043],[6.97814,46.9044],[6.97758,46.90473],[6.97741,46.90485],[6.97719,46.90513],[6.97712,46.90545],[6.97722,46.90581],[6.97718,46.90615],[6.97695,46.90647],[6.97673,46.90663],[6.97655,46.90673],[6.97629,46.90686],[6.97605,46.90693],[6.97555,46.90697],[6.97506,46.90688],[6.97386,46.90614],[6.9734,46.90604],[6.97293,46.90606],[6.97208,46.90626],[6.97156,46.90623],[6.97131,46.90616],[6.97104,46.90604],[6.96773,46.90416],[6.96747,46.90405],[6.96728,46.90395],[6.9629,46.90148],[6.96268,46.90132],[6.96254,46.90117],[6.96239,46.90084],[6.96254,46.90033],[6.96306,46.89983],[6.96321,46.8995],[6.96321,46.89932],[6.96307,46.89899],[6.96274,46.89871],[6.96033,46.89734],[6.95956,46.89709],[6.95934,46.89698],[6.95768,46.89604],[6.95745,46.89588],[6.95722,46.89558],[6.95717,46.89523],[6.95732,46.89489],[6.9575,46.89471]]]},"properties":{"bfs_nr":2041,"name":"Saint-Aubin (FR)"}},{"type":"Feature","geometry":{"type":"Polygon","coordinates":[[[6.86197,46.8396],[6.86237,46.83945],[6.86281,46.83924],[6.86379,46.8389],[6.86399,46.83881],[6.86432,46.83855],[6.86449,46.83806],[6.86434,46.83743],[6.86447,46.83709],[6.86477,46.83682],[6.86503,46.83669],[6.86568,46.83643],[6.86574,46.8364],[6.86634,46.83612],[6.86723,46.83565],[6.86748,46.83535],[6.86751,46.83482],[6.86728,46.83451],[6.86675,46.834],[6.86662,46.83365],[6.8667,46.83329],[6.86699,46.83298],[6.86743,46.83278],[6.86841,46.83261],[6.86902,46.83226],[6.86926,46.83186],[6.86955,46.83159],[6.8707,46.83108],[6.87185,46.83054],[6.87297,46.83019],[6.87317,46.83011],[6.87334,46.83001],[6.87349,46.8299],[6.87392,46.82948],[6.87425,46.82907],[6.87472,46.82879],[6.8764,46.8281],[6.87693,46.82797],[6.87743,46.82799],[6.87788,46.82813],[6.87823,46.82838],[6.87837,46.82858],[6.87846,46.82873],[6.87932,46.83023],[6.88001,46.83143],[6.88008,46.83201],[6.87986,46.83234],[6.87943,46.83261],[6.8791,46.83303],[6.87896,46.83369],[6.87905,46.83405],[6.87948,46.83481],[6.87982,46.83515],[6.88029,46.83536],[6.88066,46.83564],[6.88087,46.83601],[6.88121,46.83633],[6.88194,46.83666],[6.88225,46.83697],[6.88264,46.8372],[6.8838,46.83745],[6.88436,46.83786],[6.88445,46.838],[6.88452,46.83817],[6.88456,46.83836],[6.88478,46.83988],[6.88502,46.84149],[6.88502,46.8417],[6.88498,46.84186],[6.88476,46.84216],[6.8846,46.84229],[6.88418,46.84246],[6.88389,46.84251],[6.88304,46.84261],[6.88259,46.84273],[6.88209,46.8431],[6.88201,46.84326],[6.88196,46.84342],[6.88196,46.84359],[6.88226,46.84562],[6.88235,46.84622],[6.88235,46.84644],[6.88206,46.84693],[6.88165,46.84715],[6.88087,46.84726],[6.88021,46.84748],[6.87991,46.84774],[6.87926,46.84864],[6.87909,46.84883],[6.8787,46.84906],[6.8782,46.84917],[6.87794,46.84917],[6.87762,46.84913],[6.87374,46.84832],[6.87058,46.84766],[6.87025,46.84757],[6.87023,46.84757],[6.86754,46.84652],[6.86729,46.84639],[6.86698,46.84613],[6.86684,46.84581],[6.86688,46.84547],[6.86699,46.84528],[6.86767,46.84432],[6.86776,46.84415],[6.86781,46.84398],[6.8678,46.8438],[6.86774,46.84363],[6.86763,46.84347],[6.86747,46.84332],[6.86728,46.8432],[6.86706,46.84311],[6.86696,46.84308],[6.86694,46.84307],[6.86659,46.84295],[6.86654,46.84294],[6.8662,46.84281],[6.86617,46.8428],[6.86436,46.84213],[6.86196,46.84122],[6.8617,46.8411],[6.86139,46.84083],[6.86124,46.8405],[6.86124,46.84032],[6.86139,46.83999],[6.86171,46.83972],[6.86197,46.8396]]]},"properties":{"bfs_nr":2043,"name":"S\u00e9vaz"}},{"type":"Feature","geometry":{"type":"Polygon","coordinates":[[[6.81499,46.73414],[6.81533,46.73363],[6.81565,46.73337],[6.8161,46.73321],[6.8166,46.73318],[6.81787,46.73338],[6.8205,46.73401],[6.82177,46.73434],[6.8249,46.73473],[6.82664,46.73474],[6.82745,46.73492],[6.82785,46.73515],[6.8283,46.73526],[6.82878,46.73526],[6.82923,46.73514],[6.82998,46.73483],[6.83048,46.73477],[6.83103,46.73486],[6.83181,46.73506],[6.83233,46.73503],[6.83279,46.73485],[6.83381,46.73402],[6.8347,46.73356],[6.83545,46.73342],[6.83595,46.73345],[6.83645,46.73336],[6.837,46.73308],[6.83793,46.73277],[6.83881,46.73231],[6.84004,46.73161],[6.84042,46.73134],[6.8431,46.72981],[6.8435,46.72948],[6.84424,46.72914],[6.84553,46.72812],[6.84621,46.72781],[6.84719,46.72783],[6.84771,46.72775],[6.85176,46.7265],[6.85229,46.72638],[6.85465,46.72614],[6.85707,46.72603],[6.85819,46.72583],[6.8594,46.72557],[6.86062,46.72502],[6.86118,46.72491],[6.86169,46.72495],[6.86213,46.72513],[6.86249,46.72537],[6.86294,46.72552],[6.86344,46.72553],[6.864,46.72546],[6.8645,46.72551],[6.86494,46.72569],[6.86574,46.7263],[6.86687,46.72695],[6.86719,46.7272],[6.86738,46.72749],[6.86749,46.7279],[6.86736,46.72826],[6.86703,46.72855],[6.86665,46.72874],[6.86615,46.72912],[6.86593,46.72961],[6.86602,46.72995],[6.86633,46.73036],[6.86642,46.73072],[6.86628,46.73108],[6.86594,46.73145],[6.86584,46.73178],[6.86591,46.73211],[6.86615,46.73247],[6.86624,46.73299],[6.86642,46.7333],[6.87021,46.73733],[6.87239,46.73963],[6.87438,46.7417],[6.87845,46.74601],[6.88155,46.74924],[6.8818,46.7498],[6.88151,46.75035],[6.87992,46.75187],[6.87964,46.75204],[6.87666,46.75346],[6.8763,46.75372],[6.87612,46.75406],[6.87614,46.75441],[6.87665,46.75534],[6.87664,46.75586],[6.87639,46.75617],[6.87487,46.75704],[6.87373,46.75733],[6.87267,46.75755],[6.87155,46.75796],[6.86986,46.75846],[6.86929,46.75875],[6.86858,46.75952],[6.868,46.7599],[6.86744,46.76013],[6.8671,46.76046],[6.86679,46.76099],[6.86639,46.76138],[6.86558,46.7623],[6.86497,46.76257],[6.86407,46.76267],[6.86317,46.76287],[6.86201,46.76268],[6.86128,46.76273],[6.86076,46.76267],[6.86027,46.76273],[6.85985,46.76291],[6.85948,46.76334],[6.85944,46.76368],[6.85961,46.7641],[6.85967,46.76466],[6.85999,46.766],[6.85974,46.76649],[6.85937,46.76673],[6.85891,46.76691],[6.85788,46.76753],[6.85726,46.76778],[6.85693,46.76805],[6.85639,46.76874],[6.8563,46.76912],[6.85637,46.76962],[6.85628,46.77012],[6.85611,46.77055],[6.85575,46.77089],[6.85465,46.77159],[6.85417,46.77198],[6.85344,46.77219],[6.85263,46.77218],[6.85211,46.77224],[6.85167,46.77243],[6.85109,46.77293],[6.85067,46.77309],[6.84983,46.77314],[6.84879,46.77308],[6.84833,46.77295],[6.84798,46.77272],[6.84778,46.7724],[6.84777,46.77207],[6.84794,46.77175],[6.84835,46.77135],[6.84846,46.77083],[6.848,46.77018],[6.84596,46.76805],[6.84491,46.76721],[6.84471,46.7669],[6.84469,46.76657],[6.84496,46.76603],[6.84492,46.76552],[6.84466,46.76523],[6.84353,46.76438],[6.84219,46.76355],[6.84119,46.7631],[6.84066,46.76269],[6.83955,46.76216],[6.83688,46.76113],[6.83647,46.7609],[6.83494,46.75976],[6.83305,46.75812],[6.83162,46.75713],[6.83046,46.75665],[6.8296,46.75621],[6.82916,46.75586],[6.82893,46.75554],[6.82876,46.75495],[6.82886,46.75462],[6.82945,46.75411],[6.82968,46.7538],[6.82965,46.75327],[6.82924,46.75279],[6.82873,46.75208],[6.82837,46.75186],[6.82752,46.75154],[6.82719,46.75109],[6.82713,46.75056],[6.82676,46.75014],[6.82553,46.74935],[6.82425,46.74841],[6.82408,46.74809],[6.82404,46.74749],[6.82379,46.74716],[6.82311,46.74687],[6.82256,46.74681],[6.82207,46.74664],[6.82173,46.74635],[6.8214,46.7456],[6.82128,46.74485],[6.82109,46.74448],[6.81972,46.74333],[6.81827,46.74242],[6.81764,46.74213],[6.81697,46.74144],[6.81587,46.74077],[6.81568,46.74046],[6.81568,46.74011],[6.8162,46.73899],[6.81624,46.73865],[6.8161,46.73833],[6.81552,46.73786],[6.815,46.7373],[6.81486,46.73678],[6.81501,46.73645],[6.81536,46.73599],[6.81537,46.73564],[6.81492,46.73504],[6.81479,46.7347],[6.81499,46.73414]]]},"properties":{"bfs_nr":2044,"name":"Surpierre"}},{"type":"Feature","geometry":{"type":"Polygon","coordinates":[[[6.93947,46.88766],[6.93958,46.88709],[6.93989,46.88681],[6.94087,46.88636],[6.94146,46.88603],[6.94186,46.88546],[6.94198,46.885],[6.94188,46.88447],[6.94199,46.88414],[6.94226,46.88387],[6.94272,46.88366],[6.94341,46.88348],[6.9442,46.88344],[6.94469,46.88334],[6.94557,46.88299],[6.9459,46.88269],[6.94656,46.88178],[6.94725,46.88106],[6.94753,46.88044],[6.94806,46.87999],[6.94861,46.87923],[6.9493,46.87882],[6.94976,46.87848],[6.95117,46.87785],[6.95154,46.87734],[6.9516,46.87693],[6.95185,46.87659],[6.95237,46.8762],[6.95257,46.87588],[6.95289,46.87559],[6.95368,46.87535],[6.95414,46.87513],[6.95449,46.87472],[6.95472,46.87419],[6.95611,46.87252],[6.95697,46.87192],[6.9575,46.87133],[6.95793,46.87111],[6.95872,46.87104],[6.95941,46.87119],[6.95995,46.87118],[6.96044,46.87102],[6.9608,46.87074],[6.9628,46.86829],[6.96315,46.86752],[6.96418,46.86626],[6.96478,46.86585],[6.96529,46.86576],[6.96611,46.86592],[6.96827,46.86684],[6.96869,46.86711],[6.96894,46.8676],[6.96871,46.86814],[6.96709,46.86993],[6.96518,46.87228],[6.96448,46.87309],[6.96442,46.87343],[6.96455,46.87383],[6.96438,46.87443],[6.96262,46.8767],[6.96199,46.87713],[6.96145,46.87723],[6.96101,46.8774],[6.96036,46.87787],[6.95957,46.87836],[6.95926,46.8788],[6.9593,46.87967],[6.95851,46.88091],[6.95848,46.88124],[6.95863,46.88155],[6.95893,46.88181],[6.96064,46.88254],[6.96103,46.88292],[6.96148,46.88369],[6.9616,46.88401],[6.96153,46.88435],[6.96113,46.88481],[6.96101,46.88514],[6.96102,46.88574],[6.96082,46.88622],[6.96049,46.88674],[6.96009,46.8875],[6.95959,46.88793],[6.95948,46.88809],[6.95935,46.88854],[6.95925,46.8887],[6.95908,46.88887],[6.95803,46.88974],[6.95789,46.88989],[6.95779,46.89005],[6.95773,46.89022],[6.95773,46.8904],[6.95778,46.89057],[6.95788,46.89073],[6.95802,46.89088],[6.9582,46.89101],[6.95938,46.89167],[6.95974,46.89198],[6.95989,46.89231],[6.95989,46.89249],[6.95974,46.89282],[6.95956,46.893],[6.95659,46.89546],[6.95233,46.89899],[6.95201,46.89932],[6.95058,46.9005],[6.95035,46.90066],[6.9499,46.90082],[6.94914,46.90082],[6.94864,46.90063],[6.94663,46.89949],[6.94614,46.8993],[6.94592,46.89919],[6.94432,46.89828],[6.94409,46.89813],[6.94385,46.89782],[6.94381,46.89747],[6.94396,46.89714],[6.94452,46.89661],[6.94467,46.89629],[6.94464,46.89595],[6.94443,46.89564],[6.94406,46.89541],[6.94317,46.89503],[6.9429,46.89489],[6.94273,46.89475],[6.94252,46.89442],[6.9425,46.89423],[6.94262,46.89388],[6.94278,46.89368],[6.94392,46.89261],[6.94428,46.89223],[6.94486,46.89178],[6.94504,46.89146],[6.94503,46.89111],[6.94465,46.89065],[6.94331,46.88979],[6.94309,46.88967],[6.94285,46.88959],[6.94258,46.88955],[6.9423,46.88955],[6.94178,46.88966],[6.94115,46.88996],[6.94064,46.89004],[6.94039,46.89002],[6.94008,46.88997],[6.93991,46.88992],[6.93962,46.88982],[6.93942,46.88971],[6.93913,46.88943],[6.93902,46.88908],[6.93913,46.8887],[6.93941,46.8882],[6.93947,46.88766]]]},"properties":{"bfs_nr":2045,"name":"Vallon"}},{"type":"Feature","geometry":{"type":"Polygon","coordinates":[[[6.83172,46.80398],[6.83154,46.80363],[6.83156,46.8033],[6.83193,46.80286],[6.83332,46.80207],[6.83379,46.80194],[6.8343,46.80194],[6.83488,46.80209],[6.83536,46.80213],[6.83707,46.80163],[6.83753,46.80157],[6.83795,46.80139],[6.83862,46.80078],[6.83912,46.80051],[6.83954,46.80019],[6.83968,46.80007],[6.83991,46.79973],[6.84043,46.79925],[6.84066,46.79895],[6.84093,46.79838],[6.84115,46.79821],[6.8414,46.79805],[6.84156,46.79792],[6.84169,46.79778],[6.84178,46.79762],[6.84181,46.79745],[6.84181,46.79728],[6.84175,46.79711],[6.84151,46.79681],[6.84004,46.79561],[6.83986,46.79543],[6.83976,46.79527],[6.8397,46.79492],[6.83984,46.79459],[6.8402,46.79428],[6.84165,46.79347],[6.8421,46.79309],[6.84253,46.79292],[6.84313,46.79281],[6.84353,46.79263],[6.84405,46.79226],[6.84425,46.79195],[6.84416,46.79127],[6.84431,46.79077],[6.84463,46.79051],[6.84501,46.79034],[6.84642,46.78985],[6.84651,46.78982],[6.84656,46.78979],[6.84663,46.78976],[6.8467,46.78973],[6.84675,46.7897],[6.84929,46.78836],[6.84974,46.78792],[6.84986,46.78707],[6.85013,46.78679],[6.85078,46.78641],[6.85112,46.7861],[6.85223,46.78557],[6.85277,46.78549],[6.85338,46.78558],[6.85439,46.78591],[6.85579,46.78652],[6.85663,46.78677],[6.85706,46.78697],[6.85767,46.78736],[6.85816,46.7876],[6.85864,46.78773],[6.85941,46.78767],[6.85983,46.78746],[6.86127,46.78645],[6.86212,46.78605],[6.86297,46.78593],[6.86339,46.78572],[6.86391,46.78519],[6.86452,46.78492],[6.865,46.78489],[6.86582,46.78503],[6.86644,46.7853],[6.86734,46.7855],[6.86807,46.78558],[6.86941,46.78584],[6.87032,46.78588],[6.87058,46.78587],[6.87083,46.78583],[6.87173,46.78549],[6.87294,46.78541],[6.8739,46.78557],[6.87445,46.78594],[6.8746,46.78628],[6.87469,46.78681],[6.87496,46.7871],[6.87536,46.7873],[6.87592,46.78744],[6.8769,46.78794],[6.87776,46.78878],[6.87787,46.7891],[6.87776,46.78955],[6.87747,46.78984],[6.877,46.79006],[6.87667,46.79033],[6.87657,46.79049],[6.87651,46.79066],[6.87648,46.79082],[6.87648,46.79093],[6.87648,46.7911],[6.87651,46.79129],[6.87683,46.79176],[6.87692,46.79211],[6.87687,46.79233],[6.87681,46.79252],[6.87679,46.79257],[6.87671,46.79277],[6.87669,46.79282],[6.87664,46.79293],[6.87651,46.79314],[6.87636,46.79329],[6.87589,46.79355],[6.87493,46.79433],[6.87413,46.79453],[6.87312,46.79453],[6.87309,46.79453],[6.87255,46.79454],[6.87249,46.79454],[6.87196,46.79456],[6.87191,46.79456],[6.8718,46.79456],[6.87147,46.79455],[6.8708,46.7945],[6.87062,46.79448],[6.87023,46.79438],[6.86926,46.79409],[6.86916,46.79406],[6.86911,46.79404],[6.86906,46.79403],[6.86882,46.79397],[6.86858,46.79395],[6.86833,46.79396],[6.86809,46.79401],[6.86787,46.79408],[6.86767,46.79418],[6.8675,46.7943],[6.86737,46.79445],[6.86728,46.79461],[6.86723,46.79477],[6.86723,46.79494],[6.86728,46.79511],[6.86729,46.79513],[6.86739,46.79533],[6.86739,46.79535],[6.86752,46.79562],[6.86752,46.79563],[6.86776,46.79615],[6.86783,46.79637],[6.86782,46.79656],[6.86775,46.79678],[6.86771,46.79688],[6.86755,46.79722],[6.86755,46.79723],[6.86751,46.7973],[6.8674,46.79748],[6.86728,46.79761],[6.86504,46.79906],[6.86426,46.79948],[6.86401,46.79967],[6.86367,46.79998],[6.86311,46.80079],[6.86271,46.801],[6.86186,46.80114],[6.86133,46.80131],[6.86057,46.80135],[6.86013,46.80146],[6.85964,46.80181],[6.85834,46.80348],[6.85788,46.80441],[6.85745,46.8047],[6.85721,46.80498],[6.85713,46.8053],[6.85722,46.80604],[6.85764,46.80654],[6.85996,46.80797],[6.8603,46.80826],[6.8606,46.80872],[6.86079,46.80887],[6.8611,46.80905],[6.86182,46.80944],[6.86204,46.80959],[6.86214,46.80968],[6.86257,46.81008],[6.86287,46.81035],[6.86306,46.81052],[6.86325,46.81073],[6.86347,46.81088],[6.86422,46.81117],[6.86457,46.81145],[6.8647,46.81166],[6.86518,46.81277],[6.86555,46.81306],[6.86632,46.81325],[6.86698,46.81349],[6.86779,46.81353],[6.86849,46.81367],[6.86912,46.81421],[6.8695,46.81441],[6.8706,46.81482],[6.87151,46.81502],[6.87191,46.81522],[6.87296,46.81546],[6.87392,46.8156],[6.87447,46.81561],[6.87532,46.81542],[6.87585,46.81546],[6.87664,46.81575],[6.87684,46.81582],[6.87706,46.81586],[6.87815,46.81603],[6.87859,46.81623],[6.87889,46.81653],[6.87978,46.81704],[6.88007,46.81752],[6.88001,46.81787],[6.87976,46.81818],[6.87935,46.81842],[6.87906,46.8187],[6.87893,46.81913],[6.87901,46.81948],[6.87927,46.81978],[6.87969,46.81999],[6.88071,46.82023],[6.88112,46.82044],[6.88139,46.82075],[6.88167,46.82131],[6.88175,46.82166],[6.88171,46.82189],[6.88133,46.82292],[6.88125,46.82317],[6.88123,46.82353],[6.88143,46.82387],[6.88183,46.82433],[6.88177,46.82492],[6.88107,46.82616],[6.88064,46.82645],[6.87832,46.82752],[6.87799,46.82763],[6.87712,46.82781],[6.87525,46.82857],[6.87484,46.8287],[6.87477,46.82871],[6.87452,46.82881],[6.87416,46.8291],[6.87385,46.82956],[6.87334,46.83001],[6.87316,46.83011],[6.87292,46.8302],[6.87176,46.83056],[6.87068,46.83109],[6.86939,46.83164],[6.86905,46.83185],[6.8687,46.83232],[6.86833,46.83256],[6.86779,46.83271],[6.86694,46.83282],[6.8663,46.83304],[6.86601,46.83331],[6.8658,46.83388],[6.86534,46.8343],[6.86397,46.83503],[6.86346,46.83521],[6.86295,46.83523],[6.86226,46.83502],[6.86163,46.83446],[6.86149,46.83411],[6.86151,46.83371],[6.86213,46.83192],[6.86214,46.83154],[6.86192,46.83119],[6.86152,46.83093],[6.85974,46.83021],[6.85946,46.83007],[6.85852,46.82952],[6.85847,46.82948],[6.85835,46.82941],[6.85817,46.82927],[6.85805,46.82914],[6.85794,46.82897],[6.85779,46.82865],[6.85778,46.82863],[6.85721,46.82738],[6.85714,46.82717],[6.85714,46.827],[6.85727,46.82668],[6.85756,46.82641],[6.85828,46.82603],[6.85868,46.82564],[6.8588,46.82529],[6.85869,46.82476],[6.8585,46.82442],[6.85812,46.82416],[6.85788,46.82408],[6.85714,46.82388],[6.85686,46.82378],[6.85665,46.82368],[6.85636,46.82339],[6.85625,46.82305],[6.85628,46.82283],[6.85637,46.82247],[6.85639,46.82225],[6.85627,46.8219],[6.85627,46.82153],[6.85655,46.82109],[6.85662,46.82073],[6.85648,46.82039],[6.85615,46.82011],[6.85569,46.81994],[6.85493,46.81983],[6.8545,46.81963],[6.85389,46.81904],[6.85325,46.81878],[6.85276,46.81877],[6.8522,46.81884],[6.85168,46.81877],[6.85116,46.8186],[6.85063,46.81857],[6.85,46.81874],[6.84925,46.81907],[6.84897,46.81911],[6.8486,46.81915],[6.84833,46.81916],[6.84811,46.81914],[6.84786,46.81909],[6.84733,46.81895],[6.84671,46.8187],[6.8465,46.8186],[6.84619,46.8184],[6.846,46.81831],[6.84567,46.81812],[6.84529,46.81783],[6.84516,46.81773],[6.84459,46.8172],[6.8425,46.81569],[6.84156,46.81481],[6.84062,46.81405],[6.8401,46.81353],[6.83978,46.81328],[6.83947,46.81298],[6.83944,46.81294],[6.83933,46.81278],[6.83923,46.81262],[6.83913,46.81249],[6.83896,46.81231],[6.83883,46.81219],[6.83878,46.81216],[6.83783,46.81146],[6.83764,46.81113],[6.83747,46.81059],[6.83711,46.81028],[6.83674,46.80951],[6.83642,46.80924],[6.83587,46.80899],[6.83539,46.80864],[6.83492,46.80844],[6.8346,46.8082],[6.8341,46.80759],[6.8339,46.80725],[6.83396,46.80663],[6.83363,46.806],[6.83348,46.80558],[6.83324,46.80531],[6.83254,46.80481],[6.83215,46.80441],[6.8318,46.80408],[6.83172,46.80398]]]},"properties":{"bfs_nr":2050,"name":"Les Montets"}},{"type":"Feature","geometry":{"type":"Polygon","coordinates":[[[6.94151,46.90712],[6.94248,46.90708],[6.94342,46.90686],[6.94418,46.90641],[6.9445,46.9063],[6.94505,46.90621],[6.94578,46.90619],[6.94617,46.90608],[6.94656,46.90583],[6.94687,46.90536],[6.9474,46.90481],[6.94749,46.90427],[6.94728,46.90389],[6.94723,46.90371],[6.94722,46.90353],[6.94727,46.90336],[6.94737,46.90319],[6.94755,46.90301],[6.9493,46.90156],[6.95219,46.89916],[6.9525,46.89885],[6.95574,46.89617],[6.95642,46.89585],[6.95693,46.89581],[6.95768,46.89604],[6.95971,46.89719],[6.9607,46.89755],[6.9627,46.89869],[6.96306,46.89899],[6.96321,46.89932],[6.96306,46.89983],[6.96253,46.90033],[6.96238,46.90066],[6.96238,46.90084],[6.96253,46.90117],[6.96267,46.90132],[6.96285,46.90145],[6.96747,46.90406],[6.96792,46.90427],[6.97196,46.90656],[6.97241,46.90673],[6.97292,46.90677],[6.97371,46.9066],[6.9745,46.90667],[6.97493,46.90687],[6.97545,46.90699],[6.97599,46.90696],[6.97624,46.90689],[6.97647,46.90678],[6.97697,46.90649],[6.9773,46.90618],[6.97742,46.9058],[6.97732,46.90541],[6.97736,46.90507],[6.97759,46.90475],[6.97781,46.90459],[6.97835,46.9043],[6.97883,46.90419],[6.97934,46.90422],[6.98003,46.90453],[6.98315,46.907],[6.98349,46.90751],[6.98345,46.90786],[6.98323,46.90817],[6.98202,46.90894],[6.98179,46.90925],[6.98175,46.9096],[6.98206,46.91008],[6.98357,46.91127],[6.98391,46.91178],[6.98387,46.91213],[6.98365,46.91244],[6.98276,46.913],[6.98245,46.91327],[6.98232,46.91379],[6.98263,46.91427],[6.98473,46.91593],[6.98504,46.91623],[6.98699,46.91778],[6.98734,46.91833],[6.98726,46.91875],[6.9867,46.91957],[6.98616,46.92005],[6.98559,46.92042],[6.98446,46.92089],[6.98298,46.92134],[6.98169,46.92193],[6.98115,46.92215],[6.97899,46.92267],[6.97853,46.92294],[6.97807,46.92309],[6.97731,46.92307],[6.97659,46.92278],[6.97554,46.92211],[6.97481,46.92156],[6.97436,46.92144],[6.97387,46.92145],[6.97313,46.9216],[6.97195,46.92145],[6.97146,46.92151],[6.97104,46.92169],[6.96918,46.92312],[6.96873,46.92334],[6.96714,46.92359],[6.96585,46.9242],[6.965,46.92444],[6.96457,46.92471],[6.96163,46.92755],[6.92928,46.95256],[6.92883,46.9528],[6.92835,46.95289],[6.92784,46.95284],[6.92718,46.95252],[6.90752,46.93535],[6.90735,46.93516],[6.90722,46.93465],[6.90757,46.93413],[6.93513,46.9125],[6.93519,46.91245],[6.93588,46.91182],[6.93683,46.91095],[6.93762,46.91022],[6.93853,46.90939],[6.93877,46.90917],[6.93909,46.90888],[6.93911,46.90885],[6.93912,46.90885],[6.93997,46.90808],[6.94054,46.90755],[6.94062,46.90748],[6.94065,46.90746],[6.94084,46.90732],[6.94151,46.90712]]]},"properties":{"bfs_nr":2051,"name":"Delley-Portalban"}},{"type":"Feature","geometry":{"type":"Polygon","coordinates":[[[6.97788,46.84997],[6.97976,46.8487],[6.98011,46.84827],[6.98008,46.84778],[6.97981,46.84733],[6.97982,46.84696],[6.98004,46.84663],[6.98073,46.84621],[6.98144,46.84609],[6.98233,46.8463],[6.98354,46.84637],[6.98393,46.84644],[6.98446,46.84641],[6.98493,46.84623],[6.98585,46.8456],[6.98616,46.84528],[6.98695,46.84462],[6.98758,46.8444],[6.98803,46.8441],[6.98829,46.84377],[6.98832,46.84339],[6.98811,46.84297],[6.98807,46.84261],[6.98817,46.84207],[6.98788,46.84161],[6.98628,46.8403],[6.98587,46.84008],[6.98513,46.83981],[6.98484,46.83951],[6.98478,46.83898],[6.98499,46.83865],[6.98612,46.83788],[6.98668,46.83726],[6.98682,46.83692],[6.98665,46.83593],[6.98643,46.83529],[6.98656,46.83495],[6.98687,46.83468],[6.9877,46.83421],[6.98859,46.83393],[6.99001,46.83361],[6.99231,46.83315],[6.99289,46.83292],[6.99339,46.83286],[6.99432,46.8329],[6.99476,46.83276],[6.99545,46.83237],[6.99604,46.83224],[6.99647,46.83206],[6.99676,46.83177],[6.99694,46.83123],[6.99739,46.83081],[6.99786,46.83066],[6.99888,46.83057],[6.9994,46.83042],[6.99992,46.83],[7.00022,46.82951],[7.0006,46.82925],[7.00132,46.82901],[7.00165,46.82878],[7.00208,46.82829],[7.00225,46.82799],[7.00259,46.82771],[7.00337,46.8273],[7.0044,46.8263],[7.0046,46.82597],[7.00463,46.82579],[7.00453,46.82544],[7.00418,46.82487],[7.00422,46.82453],[7.00461,46.82391],[7.00462,46.8235],[7.00452,46.82283],[7.00467,46.8224],[7.00524,46.82194],[7.00575,46.82182],[7.00655,46.82173],[7.00701,46.82149],[7.00731,46.82115],[7.0074,46.82071],[7.0076,46.82037],[7.00833,46.81998],[7.00852,46.81985],[7.00881,46.81958],[7.00888,46.81953],[7.00902,46.81944],[7.00929,46.81927],[7.00932,46.81926],[7.00985,46.81895],[7.0099,46.81892],[7.01002,46.81884],[7.01014,46.81876],[7.01124,46.81815],[7.01191,46.81767],[7.01356,46.81692],[7.01406,46.81677],[7.01455,46.81676],[7.01495,46.81684],[7.01524,46.81694],[7.01545,46.81704],[7.01583,46.81731],[7.01605,46.8174],[7.0163,46.81746],[7.01656,46.81749],[7.01682,46.81748],[7.01708,46.81743],[7.01776,46.81725],[7.01813,46.81716],[7.01849,46.81709],[7.01879,46.81709],[7.01915,46.81714],[7.02047,46.81744],[7.02095,46.81749],[7.02159,46.81739],[7.02208,46.8174],[7.02373,46.81788],[7.02501,46.81817],[7.0254,46.8184],[7.02564,46.81872],[7.02568,46.8193],[7.02587,46.81964],[7.0265,46.82003],[7.02709,46.82049],[7.02786,46.82073],[7.0283,46.82095],[7.02857,46.82127],[7.02872,46.82176],[7.0289,46.82204],[7.02906,46.82219],[7.02926,46.82232],[7.0295,46.82241],[7.03156,46.82306],[7.03191,46.82316],[7.03265,46.82362],[7.03379,46.82406],[7.0347,46.82435],[7.03555,46.82446],[7.03599,46.82459],[7.03633,46.82482],[7.03664,46.8252],[7.03707,46.82552],[7.03741,46.8259],[7.03787,46.82615],[7.0389,46.82647],[7.03947,46.82685],[7.03969,46.82713],[7.03973,46.82729],[7.03974,46.82745],[7.0397,46.82764],[7.03968,46.82783],[7.03972,46.82802],[7.03982,46.82819],[7.03997,46.82835],[7.04033,46.82857],[7.04056,46.82868],[7.04081,46.82874],[7.04108,46.82877],[7.04136,46.82876],[7.04182,46.82867],[7.04226,46.82861],[7.04251,46.82862],[7.04319,46.8287],[7.04377,46.8287],[7.04468,46.82899],[7.04593,46.8292],[7.0467,46.82925],[7.04803,46.82951],[7.04873,46.82972],[7.04894,46.82981],[7.04951,46.83011],[7.05014,46.83051],[7.05046,46.83079],[7.05078,46.83118],[7.05088,46.83133],[7.0511,46.83187],[7.05126,46.83205],[7.05161,46.83234],[7.05179,46.83253],[7.05193,46.83286],[7.05193,46.83308],[7.05187,46.83345],[7.05182,46.83364],[7.05181,46.83369],[7.05177,46.83384],[7.05177,46.834],[7.05182,46.83415],[7.0519,46.83429],[7.05218,46.8347],[7.0525,46.8351],[7.05295,46.83555],[7.05304,46.83573],[7.05306,46.83609],[7.05273,46.83667],[7.05269,46.83702],[7.05274,46.83719],[7.05285,46.83735],[7.05299,46.8375],[7.05343,46.83778],[7.05368,46.83808],[7.05375,46.83828],[7.05393,46.83932],[7.05383,46.83963],[7.05369,46.83981],[7.05249,46.84106],[7.0518,46.84189],[7.05172,46.84221],[7.05201,46.84284],[7.05206,46.84331],[7.05218,46.84381],[7.05235,46.84414],[7.05271,46.84443],[7.05299,46.84469],[7.05323,46.84506],[7.05366,46.84598],[7.05454,46.84716],[7.0546,46.84749],[7.0545,46.84875],[7.0546,46.84907],[7.055,46.84957],[7.05503,46.84994],[7.0549,46.85038],[7.05513,46.8514],[7.05503,46.85175],[7.05454,46.85215],[7.05407,46.85228],[7.05381,46.85229],[7.05318,46.85224],[7.05292,46.85225],[7.05244,46.85238],[7.05208,46.85263],[7.05185,46.85287],[7.05158,46.85304],[7.05027,46.85369],[7.04946,46.85389],[7.04895,46.85382],[7.04851,46.85362],[7.04819,46.85327],[7.04736,46.85176],[7.04668,46.85108],[7.04644,46.85067],[7.0455,46.84989],[7.04534,46.84956],[7.04535,46.84922],[7.04523,46.84887],[7.0446,46.84827],[7.04437,46.84794],[7.0437,46.84742],[7.04328,46.84721],[7.04278,46.84713],[7.04204,46.84726],[7.04054,46.84787],[7.04001,46.84792],[7.0395,46.84783],[7.0389,46.84741],[7.03796,46.84623],[7.03732,46.84594],[7.03681,46.84591],[7.0361,46.84612],[7.03532,46.84662],[7.03415,46.84782],[7.03374,46.84809],[7.03326,46.84821],[7.03233,46.84813],[7.0318,46.84816],[7.03133,46.84834],[7.03045,46.8491],[7.02994,46.8498],[7.02983,46.85014],[7.02946,46.85072],[7.0295,46.8511],[7.02967,46.85143],[7.02973,46.85238],[7.02992,46.8527],[7.03027,46.85295],[7.03128,46.85342],[7.03209,46.85402],[7.03347,46.85492],[7.03388,46.85539],[7.03391,46.85573],[7.03353,46.85658],[7.0335,46.85703],[7.03402,46.85767],[7.03472,46.85802],[7.03498,46.85807],[7.03659,46.85818],[7.03756,46.85848],[7.03876,46.85908],[7.03908,46.85936],[7.0393,46.8598],[7.03935,46.86021],[7.03918,46.86056],[7.03882,46.86083],[7.0368,46.86155],[7.03627,46.86182],[7.03585,46.86215],[7.03539,46.86237],[7.03337,46.86363],[7.03119,46.86504],[7.03056,46.86559],[7.0303,46.86606],[7.03045,46.86656],[7.03085,46.86698],[7.03135,46.86806],[7.03168,46.86863],[7.03236,46.86931],[7.03316,46.87043],[7.0334,46.87088],[7.034,46.87152],[7.03452,46.87217],[7.03506,46.87256],[7.03528,46.8729],[7.0352,46.87345],[7.03456,46.87422],[7.03433,46.87441],[7.03264,46.87552],[7.03196,46.87567],[7.03148,46.87562],[7.03065,46.8754],[7.03014,46.87542],[7.02967,46.87555],[7.02854,46.87572],[7.02604,46.87643],[7.0256,46.87666],[7.02527,46.87704],[7.02491,46.87728],[7.02419,46.87743],[7.02363,46.87735],[7.02223,46.87695],[7.0215,46.8769],[7.02104,46.87702],[7.02067,46.87724],[7.01808,46.87954],[7.01765,46.87974],[7.01688,46.87979],[7.01621,46.87954],[7.01592,46.87924],[7.01575,46.87886],[7.01549,46.87858],[7.01534,46.87821],[7.01535,46.8778],[7.01518,46.87747],[7.01485,46.87721],[7.01439,46.87705],[7.01364,46.8769],[7.01266,46.87642],[7.01232,46.87615],[7.01185,46.87558],[7.01141,46.87538],[7.01015,46.87524],[7.0096,46.87489],[7.00934,46.87454],[7.00876,46.87399],[7.0086,46.87357],[7.00831,46.87328],[7.00788,46.87309],[7.00725,46.87301],[7.00663,46.8731],[7.00604,46.87331],[7.00505,46.87355],[7.00436,46.8736],[7.00338,46.87378],[7.00249,46.8737],[7.00106,46.87387],[6.99945,46.87437],[6.99906,46.87462],[6.99771,46.87583],[6.99573,46.87743],[6.99529,46.8776],[6.99455,46.8776],[6.9941,46.87745],[6.99391,46.87732],[6.99363,46.87707],[6.9929,46.8765],[6.99271,46.87638],[6.99248,46.87628],[6.99224,46.87622],[6.99199,46.8762],[6.99173,46.8762],[6.99148,46.87625],[6.99124,46.87632],[6.99086,46.87656],[6.99003,46.87733],[6.9898,46.8775],[6.98958,46.87761],[6.98907,46.87772],[6.98828,46.8776],[6.98801,46.87747],[6.98702,46.87684],[6.98666,46.8765],[6.98656,46.87614],[6.98667,46.87578],[6.98761,46.87487],[6.98793,46.87439],[6.98839,46.8739],[6.9885,46.87339],[6.98832,46.87306],[6.98741,46.87234],[6.9865,46.87151],[6.98631,46.87071],[6.98606,46.87041],[6.98387,46.86868],[6.98275,46.86787],[6.98173,46.86723],[6.97964,46.86601],[6.97917,46.86552],[6.97719,46.86109],[6.9772,46.86047],[6.97755,46.86011],[6.97985,46.85852],[6.98021,46.85807],[6.98021,46.85773],[6.98004,46.85741],[6.97827,46.85546],[6.97805,46.85496],[6.97813,46.85463],[6.97889,46.85372],[6.97897,46.8534],[6.97878,46.85293],[6.97828,46.85246],[6.97788,46.85197],[6.97755,46.85118],[6.9775,46.85057],[6.97768,46.85016],[6.97788,46.84997]]]},"properties":{"bfs_nr":2053,"name":"Belmont-Broye"}},{"type":"Feature","geometry":{"type":"MultiPolygon","coordinates":[[[[6.74958,46.73269],[6.74896,46.73202],[6.74884,46.73171],[6.74892,46.73134],[6.74933,46.73045],[6.75048,46.72914],[6.7508,46.72885],[6.75153,46.72836],[6.75199,46.72815],[6.75487,46.72725],[6.7558,46.72692],[6.75794,46.726],[6.75889,46.72536],[6.7593,46.72487],[6.75993,46.72368],[6.76002,46.72335],[6.75993,46.72303],[6.75912,46.72232],[6.75894,46.72201],[6.75894,46.72168],[6.75914,46.72133],[6.75947,46.72106],[6.76065,46.72033],[6.76095,46.7199],[6.76103,46.71945],[6.76126,46.71912],[6.7617,46.71875],[6.76186,46.71844],[6.76217,46.71811],[6.76258,46.71792],[6.76307,46.71784],[6.76385,46.718],[6.76592,46.71891],[6.76644,46.71904],[6.76692,46.71906],[6.76742,46.71921],[6.77046,46.72057],[6.77082,46.72079],[6.77593,46.72496],[6.77661,46.72569],[6.77671,46.72605],[6.77663,46.72637],[6.77674,46.72687],[6.77715,46.72734],[6.77724,46.72794],[6.77694,46.72861],[6.77701,46.72896],[6.77775,46.72998],[6.77821,46.73037],[6.7792,46.73096],[6.77974,46.73143],[6.78047,46.73187],[6.78203,46.73245],[6.78258,46.7329],[6.78276,46.73325],[6.78278,46.73383],[6.78304,46.73428],[6.78362,46.73486],[6.78377,46.73537],[6.78358,46.7358],[6.78357,46.73613],[6.78373,46.73645],[6.78415,46.73694],[6.78446,46.73756],[6.78442,46.73791],[6.78417,46.73867],[6.78415,46.73899],[6.78451,46.7408],[6.78464,46.74127],[6.78465,46.74167],[6.78451,46.74235],[6.78467,46.74431],[6.78478,46.74514],[6.78464,46.74568],[6.78478,46.74604],[6.78545,46.74686],[6.78568,46.74739],[6.78564,46.74775],[6.78539,46.74806],[6.7847,46.74848],[6.78433,46.74864],[6.78305,46.74879],[6.78259,46.74897],[6.78011,46.7504],[6.77961,46.7506],[6.77884,46.7506],[6.77808,46.75036],[6.77697,46.74982],[6.77651,46.74968],[6.776,46.74967],[6.77553,46.74979],[6.77411,46.75064],[6.77366,46.75076],[6.77318,46.75076],[6.77273,46.75064],[6.77221,46.75023],[6.77025,46.74746],[6.77011,46.74721],[6.76944,46.74563],[6.76925,46.74536],[6.76812,46.74439],[6.76682,46.74366],[6.76556,46.74316],[6.76512,46.74292],[6.76004,46.73932],[6.75971,46.73899],[6.75947,46.73834],[6.75912,46.73784],[6.7588,46.73759],[6.75836,46.73744],[6.75462,46.73702],[6.75287,46.73658],[6.75247,46.73636],[6.7521,46.73593],[6.75176,46.73568],[6.75151,46.73537],[6.75132,46.7348],[6.75093,46.73438],[6.75043,46.73361],[6.74958,46.73269]]],[[[6.78413,46.79238],[6.78436,46.79188],[6.78506,46.7914],[6.78568,46.79121],[6.78604,46.79102],[6.78723,46.79014],[6.78769,46.78985],[6.78872,46.78899],[6.78952,46.78861],[6.79009,46.78822],[6.79077,46.78751],[6.79167,46.78693],[6.79235,46.78622],[6.79316,46.78563],[6.79436,46.7849],[6.79473,46.78463],[6.79601,46.78388],[6.79722,46.78328],[6.79796,46.78319],[6.79843,46.7833],[6.79886,46.78355],[6.79933,46.78395],[6.80001,46.78418],[6.80121,46.78409],[6.80197,46.78428],[6.80339,46.78501],[6.80441,46.78531],[6.80488,46.78533],[6.80554,46.78514],[6.80692,46.78443],[6.80805,46.78389],[6.80853,46.78373],[6.80904,46.78365],[6.80964,46.78335],[6.81126,46.78185],[6.81224,46.78105],[6.81289,46.78062],[6.81337,46.78041],[6.81387,46.78036],[6.81436,46.78043],[6.81497,46.78081],[6.81536,46.78131],[6.81581,46.78184],[6.816,46.78222],[6.8163,46.78249],[6.81736,46.78284],[6.8177,46.78309],[6.81824,46.78403],[6.81854,46.78435],[6.819,46.78456],[6.81961,46.78467],[6.82001,46.78487],[6.82048,46.78531],[6.82143,46.78574],[6.82219,46.78634],[6.82256,46.78693],[6.82272,46.78711],[6.82285,46.78734],[6.82289,46.78759],[6.82288,46.78778],[6.82301,46.7881],[6.8235,46.78875],[6.82369,46.78891],[6.8242,46.78916],[6.82456,46.78945],[6.82471,46.78972],[6.82484,46.7899],[6.82502,46.79005],[6.82586,46.79062],[6.82627,46.79081],[6.82675,46.79089],[6.8275,46.79087],[6.82799,46.79099],[6.82837,46.79124],[6.82865,46.79159],[6.82898,46.79184],[6.82946,46.79243],[6.82966,46.79256],[6.83069,46.79354],[6.83129,46.79382],[6.83174,46.79392],[6.83284,46.79433],[6.83348,46.79464],[6.83394,46.79472],[6.83481,46.79476],[6.83523,46.79493],[6.83592,46.79552],[6.83668,46.79629],[6.8367,46.79631],[6.83729,46.79692],[6.83734,46.79697],[6.83809,46.79765],[6.83849,46.79811],[6.83896,46.79852],[6.83964,46.79931],[6.83975,46.79964],[6.83968,46.79999],[6.83957,46.80014],[6.83938,46.80032],[6.83924,46.80043],[6.83902,46.80056],[6.83865,46.80074],[6.83805,46.80123],[6.8374,46.80145],[6.83664,46.80159],[6.83584,46.80196],[6.83534,46.80202],[6.83485,46.80194],[6.83395,46.80164],[6.8332,46.80172],[6.83265,46.80207],[6.83243,46.80245],[6.83182,46.80292],[6.83157,46.80324],[6.83152,46.8036],[6.83157,46.80378],[6.83168,46.80394],[6.83172,46.80398],[6.83178,46.80406],[6.83256,46.80484],[6.83325,46.80533],[6.83357,46.80584],[6.83357,46.80671],[6.8334,46.80705],[6.83305,46.80731],[6.83259,46.80746],[6.83182,46.80742],[6.83122,46.8072],[6.83103,46.80714],[6.83086,46.8071],[6.83048,46.80702],[6.82998,46.80686],[6.82878,46.80634],[6.82875,46.80632],[6.8285,46.80622],[6.82841,46.80619],[6.82804,46.80606],[6.82799,46.80605],[6.82746,46.80588],[6.82669,46.80555],[6.82621,46.80547],[6.82573,46.80551],[6.82512,46.80579],[6.82482,46.80613],[6.82417,46.80659],[6.82373,46.80697],[6.82296,46.80773],[6.82271,46.80806],[6.8223,46.80831],[6.82154,46.80853],[6.82085,46.80895],[6.82035,46.80905],[6.81983,46.80902],[6.81905,46.80878],[6.81855,46.80877],[6.81808,46.80889],[6.81771,46.80913],[6.8175,46.80944],[6.81745,46.80978],[6.81728,46.81012],[6.81693,46.81038],[6.81647,46.81052],[6.81524,46.81055],[6.81478,46.81047],[6.81451,46.81036],[6.81432,46.81028],[6.81379,46.81008],[6.81335,46.80988],[6.81238,46.80949],[6.81227,46.80945],[6.81224,46.80944],[6.81208,46.80939],[6.81163,46.80921],[6.81157,46.80919],[6.81126,46.80906],[6.81078,46.80887],[6.81031,46.80876],[6.81016,46.80875],[6.8098,46.80873],[6.80929,46.80861],[6.80901,46.80847],[6.80888,46.80837],[6.80865,46.80823],[6.80839,46.80814],[6.8078,46.80797],[6.80746,46.80785],[6.8072,46.80778],[6.80664,46.80777],[6.80637,46.80782],[6.8063,46.80784],[6.80603,46.80787],[6.80549,46.80782],[6.80533,46.80776],[6.80518,46.80772],[6.80513,46.8077],[6.80496,46.80765],[6.80469,46.80754],[6.80405,46.80719],[6.80389,46.80708],[6.8029,46.8064],[6.80286,46.80637],[6.80222,46.8059],[6.80212,46.80584],[6.8019,46.80571],[6.8016,46.80558],[6.80027,46.80489],[6.79918,46.80436],[6.79795,46.80389],[6.79775,46.80383],[6.79754,46.80378],[6.7971,46.80355],[6.79686,46.80331],[6.79669,46.80317],[6.79615,46.80291],[6.7959,46.80277],[6.79561,46.80249],[6.79553,46.80232],[6.79553,46.80229],[6.79546,46.8021],[6.79536,46.80195],[6.79529,46.80183],[6.79517,46.80167],[6.79499,46.80152],[6.79478,46.8014],[6.79428,46.80118],[6.79421,46.80115],[6.79403,46.80108],[6.79379,46.80097],[6.79354,46.80084],[6.7934,46.80076],[6.79332,46.80071],[6.79328,46.80069],[6.79277,46.80036],[6.79234,46.80016],[6.79223,46.8001],[6.79193,46.79994],[6.7917,46.79978],[6.79137,46.79939],[6.7912,46.79925],[6.79098,46.79914],[6.79073,46.79906],[6.79025,46.79897],[6.78912,46.79851],[6.78895,46.79844],[6.78849,46.79822],[6.78839,46.79816],[6.78816,46.79804],[6.78793,46.79792],[6.78766,46.79776],[6.78732,46.7975],[6.78716,46.79739],[6.78714,46.79738],[6.78703,46.79729],[6.78667,46.79706],[6.7864,46.79693],[6.78622,46.79685],[6.78592,46.79671],[6.78575,46.79661],[6.78561,46.79652],[6.78482,46.79598],[6.78447,46.79564],[6.78437,46.79528],[6.78448,46.7949],[6.7845,46.79473],[6.78446,46.79456],[6.78426,46.79425],[6.784,46.79405],[6.78379,46.79388],[6.78356,46.79338],[6.78377,46.79288],[6.78413,46.79238]]],[[[6.82768,46.82447],[6.82723,46.82415],[6.82707,46.82364],[6.82722,46.8233],[6.82754,46.82303],[6.82776,46.82293],[6.82787,46.8229],[6.82808,46.82282],[6.82827,46.82272],[6.82843,46.82259],[6.82895,46.82185],[6.82935,46.82164],[6.83023,46.82134],[6.831,46.82131],[6.83147,46.82146],[6.83282,46.82237],[6.83332,46.82251],[6.83397,46.82252],[6.83463,46.82262],[6.83508,46.8228],[6.83661,46.82368],[6.83685,46.82376],[6.83712,46.8238],[6.83739,46.8238],[6.83766,46.82376],[6.83813,46.82358],[6.83875,46.82311],[6.83939,46.82281],[6.83987,46.82272],[6.8404,46.82252],[6.84092,46.82244],[6.8419,46.82252],[6.84236,46.82268],[6.84278,46.82312],[6.84286,46.82357],[6.84308,46.82397],[6.84314,46.82434],[6.84298,46.825],[6.84329,46.82556],[6.84334,46.8259],[6.84321,46.82623],[6.84305,46.82641],[6.8429,46.8266],[6.84285,46.82669],[6.84278,46.82686],[6.8428,46.82722],[6.84289,46.82739],[6.84302,46.82754],[6.84319,46.82767],[6.84363,46.82787],[6.84397,46.82813],[6.84408,46.82829],[6.84414,46.82846],[6.84416,46.82863],[6.84412,46.82881],[6.84404,46.82897],[6.84368,46.8293],[6.8432,46.82949],[6.84248,46.82952],[6.84211,46.82945],[6.83784,46.82824],[6.83757,46.82815],[6.83738,46.82804],[6.83709,46.82776],[6.8369,46.82711],[6.83665,46.82681],[6.83626,46.82659],[6.83512,46.82633],[6.83486,46.82618],[6.83441,46.82599],[6.83397,46.82578],[6.83373,46.82566],[6.83356,46.82554],[6.83278,46.82509],[6.83114,46.82457],[6.83059,46.82458],[6.82969,46.82491],[6.8292,46.82498],[6.8287,46.82492],[6.82768,46.82447]]],[[[6.81117,46.835],[6.81132,46.83498],[6.81154,46.83491],[6.81175,46.83482],[6.812,46.83468],[6.81216,46.83458],[6.81233,46.83445],[6.81268,46.83413],[6.81313,46.83393],[6.81366,46.83388],[6.814,46.83392],[6.81422,46.83395],[6.81448,46.83397],[6.81522,46.83382],[6.81542,46.83371],[6.81559,46.83357],[6.81571,46.83342],[6.81578,46.83325],[6.81578,46.83289],[6.81571,46.83272],[6.81567,46.83266],[6.81562,46.83248],[6.81579,46.83195],[6.81614,46.83168],[6.81637,46.83158],[6.81649,46.83155],[6.81658,46.83152],[6.81669,46.83149],[6.8168,46.83145],[6.81731,46.83137],[6.81759,46.83139],[6.81772,46.8314],[6.81788,46.8314],[6.81813,46.83139],[6.81837,46.83138],[6.81888,46.83147],[6.81948,46.83173],[6.8197,46.83184],[6.81993,46.83194],[6.82073,46.83203],[6.82099,46.83199],[6.82125,46.83192],[6.82149,46.83189],[6.82197,46.83193],[6.82286,46.83223],[6.82319,46.83247],[6.82337,46.83277],[6.82329,46.8334],[6.82336,46.83375],[6.82362,46.83405],[6.82411,46.8343],[6.82542,46.83447],[6.82567,46.83456],[6.8258,46.8346],[6.82586,46.83462],[6.82603,46.83468],[6.82623,46.83476],[6.82625,46.83477],[6.82649,46.83486],[6.82658,46.8349],[6.82682,46.83501],[6.82687,46.83503],[6.82709,46.83513],[6.82713,46.83515],[6.82739,46.83527],[6.8274,46.83527],[6.82801,46.83554],[6.82802,46.83554],[6.82838,46.83569],[6.82883,46.83581],[6.82907,46.83583],[6.82955,46.83577],[6.8301,46.83552],[6.83059,46.83539],[6.83112,46.83541],[6.83189,46.83562],[6.83241,46.83563],[6.83267,46.83559],[6.8329,46.83551],[6.83311,46.8354],[6.83328,46.83526],[6.83409,46.83448],[6.83452,46.8342],[6.8354,46.83383],[6.83557,46.8337],[6.83573,46.83348],[6.83695,46.83204],[6.83712,46.83187],[6.83749,46.83166],[6.83795,46.83156],[6.83825,46.83156],[6.8391,46.83159],[6.83943,46.83163],[6.8399,46.83179],[6.84024,46.83207],[6.84048,46.83248],[6.84052,46.83284],[6.84046,46.83302],[6.84033,46.83322],[6.83942,46.83429],[6.83925,46.83446],[6.83887,46.83467],[6.83839,46.83482],[6.83804,46.83506],[6.83658,46.83648],[6.83634,46.83699],[6.83636,46.83717],[6.83643,46.83734],[6.83656,46.8375],[6.83672,46.83764],[6.83832,46.83853],[6.83878,46.8387],[6.83941,46.83879],[6.83993,46.83901],[6.84066,46.83952],[6.84088,46.83962],[6.84162,46.83972],[6.84253,46.83956],[6.84317,46.83948],[6.84326,46.83947],[6.84351,46.83945],[6.84361,46.83944],[6.84382,46.83943],[6.84397,46.83943],[6.8444,46.83943],[6.84452,46.83944],[6.84487,46.83945],[6.84501,46.83947],[6.84532,46.8395],[6.8457,46.83955],[6.84633,46.83966],[6.84708,46.83956],[6.84747,46.83935],[6.84776,46.83904],[6.84838,46.83871],[6.84889,46.83866],[6.85001,46.83876],[6.85047,46.83887],[6.85084,46.83908],[6.85118,46.83957],[6.85153,46.83988],[6.85177,46.83998],[6.85213,46.8401],[6.85242,46.84018],[6.85248,46.84019],[6.85382,46.8405],[6.85446,46.84061],[6.85492,46.84059],[6.8558,46.84044],[6.85636,46.84048],[6.85686,46.84039],[6.85728,46.84018],[6.85776,46.83982],[6.85928,46.83726],[6.85937,46.83673],[6.85994,46.83617],[6.86034,46.83558],[6.86065,46.83527],[6.86105,46.83508],[6.86153,46.83501],[6.86201,46.83506],[6.86246,46.83523],[6.86296,46.83531],[6.86371,46.83517],[6.86475,46.83464],[6.8655,46.83455],[6.86598,46.83467],[6.86639,46.83491],[6.86664,46.83526],[6.86666,46.83562],[6.86648,46.83596],[6.86631,46.83611],[6.86605,46.83625],[6.86576,46.83639],[6.86566,46.83643],[6.86543,46.83653],[6.86512,46.83663],[6.86491,46.83668],[6.86449,46.83688],[6.86422,46.83718],[6.86414,46.83753],[6.86431,46.83802],[6.86429,46.83836],[6.8641,46.83866],[6.86376,46.8389],[6.86326,46.83907],[6.86266,46.8393],[6.86244,46.8394],[6.86221,46.83951],[6.86192,46.83962],[6.8617,46.83972],[6.86138,46.83999],[6.86124,46.84033],[6.86124,46.8405],[6.86129,46.84067],[6.86139,46.84084],[6.86171,46.84111],[6.86192,46.8412],[6.86437,46.84213],[6.86619,46.84281],[6.86621,46.84282],[6.86655,46.84294],[6.86658,46.84295],[6.86695,46.84307],[6.86697,46.84308],[6.867,46.84309],[6.86728,46.8432],[6.86762,46.84347],[6.86779,46.8438],[6.86776,46.84415],[6.86764,46.84436],[6.86696,46.84532],[6.86687,46.84547],[6.86683,46.84564],[6.86683,46.84581],[6.86698,46.84613],[6.86728,46.8464],[6.86749,46.84649],[6.87024,46.84757],[6.8703,46.84759],[6.87052,46.84765],[6.87374,46.84832],[6.87375,46.84832],[6.87768,46.84914],[6.87794,46.84917],[6.8782,46.84917],[6.8787,46.84906],[6.87891,46.84896],[6.8791,46.84883],[6.87924,46.84868],[6.87981,46.84788],[6.88018,46.84756],[6.88064,46.84738],[6.88153,46.84729],[6.88195,46.84712],[6.88233,46.84669],[6.88237,46.84636],[6.88226,46.84562],[6.88197,46.84363],[6.88197,46.84342],[6.8821,46.8431],[6.88259,46.84274],[6.8831,46.84261],[6.88395,46.84251],[6.88418,46.84246],[6.8844,46.84239],[6.8846,46.84229],[6.88477,46.84216],[6.88498,46.84186],[6.88503,46.8417],[6.88503,46.84153],[6.88478,46.83988],[6.88456,46.83836],[6.88454,46.83825],[6.88452,46.83815],[6.88446,46.838],[6.88436,46.83785],[6.88355,46.83723],[6.88284,46.83697],[6.88207,46.83651],[6.88148,46.83635],[6.88108,46.83613],[6.88084,46.83582],[6.88071,46.83544],[6.8803,46.83506],[6.87977,46.83486],[6.8794,46.8346],[6.8792,46.83424],[6.87923,46.83387],[6.87959,46.83319],[6.88016,46.8327],[6.88037,46.83222],[6.88027,46.83189],[6.87932,46.83023],[6.87845,46.82872],[6.87828,46.82843],[6.87818,46.82805],[6.87828,46.82771],[6.87856,46.82743],[6.87978,46.82684],[6.8803,46.82669],[6.88079,46.82669],[6.88149,46.82682],[6.88196,46.8268],[6.88251,46.82663],[6.8833,46.82643],[6.88334,46.82642],[6.8843,46.82619],[6.88434,46.82618],[6.88482,46.82607],[6.88483,46.82607],[6.88532,46.82597],[6.88534,46.82596],[6.88556,46.82592],[6.88559,46.82591],[6.88754,46.82553],[6.8886,46.82536],[6.88931,46.82531],[6.89008,46.82548],[6.89059,46.82554],[6.89173,46.82544],[6.89291,46.8254],[6.89299,46.8254],[6.89338,46.8254],[6.89351,46.8254],[6.89527,46.82551],[6.8956,46.82555],[6.89602,46.82561],[6.8961,46.82562],[6.8964,46.82562],[6.89728,46.82558],[6.89851,46.82561],[6.89908,46.82565],[6.89947,46.8257],[6.89958,46.82571],[6.89989,46.82576],[6.89993,46.82576],[6.90065,46.82588],[6.90068,46.82589],[6.90146,46.82603],[6.90152,46.82604],[6.90223,46.82618],[6.90226,46.82619],[6.90234,46.8262],[6.90265,46.82629],[6.90305,46.82653],[6.90363,46.82729],[6.90395,46.82758],[6.90441,46.82776],[6.90563,46.82786],[6.90608,46.82809],[6.90673,46.82861],[6.90698,46.82893],[6.90715,46.82999],[6.9073,46.833],[6.90739,46.83406],[6.9077,46.83473],[6.90882,46.83626],[6.90946,46.837],[6.91014,46.83797],[6.91028,46.83832],[6.91039,46.83895],[6.91079,46.83936],[6.91468,46.84286],[6.92025,46.84794],[6.92067,46.84819],[6.92954,46.85269],[6.92992,46.85297],[6.9301,46.8533],[6.93008,46.85365],[6.92983,46.854],[6.92926,46.85451],[6.92855,46.85474],[6.92768,46.85475],[6.92721,46.85489],[6.92674,46.85532],[6.92646,46.85587],[6.92606,46.85638],[6.92556,46.85734],[6.92497,46.85794],[6.92448,46.85877],[6.92414,46.85903],[6.92368,46.85918],[6.92304,46.85921],[6.92259,46.85931],[6.92208,46.85965],[6.92181,46.86008],[6.92147,46.86034],[6.92101,46.86049],[6.92049,46.86052],[6.91982,46.86073],[6.91951,46.861],[6.9189,46.8618],[6.91855,46.86213],[6.91807,46.86279],[6.91774,46.8631],[6.91731,46.86327],[6.91682,46.86332],[6.91592,46.86329],[6.91529,46.86353],[6.91333,46.86535],[6.91266,46.86563],[6.91232,46.86566],[6.91187,46.86559],[6.90585,46.86386],[6.90461,46.86349],[6.90379,46.86335],[6.8977,46.86159],[6.89719,46.86152],[6.89668,46.86159],[6.89625,46.8618],[6.89589,46.86208],[6.89543,46.86226],[6.89488,46.86235],[6.89445,46.86255],[6.89417,46.86285],[6.89394,46.86327],[6.89322,46.86399],[6.89305,46.86433],[6.8931,46.86469],[6.89335,46.86501],[6.89376,46.86523],[6.89572,46.86579],[6.89645,46.86591],[6.89688,46.86608],[6.89808,46.86677],[6.89851,46.86689],[6.89899,46.8669],[6.90035,46.86655],[6.90116,46.86656],[6.90229,46.86696],[6.90336,46.86739],[6.90373,46.86759],[6.90492,46.86838],[6.90539,46.86859],[6.90579,46.86866],[6.90729,46.86882],[6.90778,46.86892],[6.90877,46.86924],[6.90932,46.86925],[6.90983,46.86911],[6.91021,46.86884],[6.9111,46.86787],[6.91176,46.86748],[6.91227,46.8674],[6.91288,46.86752],[6.91516,46.86831],[6.91563,46.86856],[6.91589,46.86887],[6.91615,46.86947],[6.91668,46.8698],[6.91792,46.87022],[6.91858,46.87052],[6.91979,46.87095],[6.92024,46.87137],[6.92031,46.87171],[6.92001,46.87224],[6.91298,46.87866],[6.91195,46.87935],[6.91131,46.87993],[6.91087,46.88013],[6.91035,46.88018],[6.90955,46.87998],[6.90808,46.87921],[6.90733,46.87903],[6.9068,46.87909],[6.90635,46.87929],[6.90594,46.87965],[6.90549,46.87985],[6.90469,46.87988],[6.904,46.87978],[6.90351,46.87985],[6.90294,46.88018],[6.90151,46.88164],[6.90053,46.88206],[6.89987,46.88267],[6.89916,46.88292],[6.89821,46.883],[6.89739,46.88324],[6.89666,46.88325],[6.8962,46.88338],[6.89584,46.88362],[6.89424,46.88522],[6.89181,46.88667],[6.89163,46.8868],[6.86662,46.90876],[6.866,46.90908],[6.86528,46.90911],[6.8646,46.90886],[6.83534,46.88959],[6.78503,46.8564],[6.78483,46.85624],[6.78459,46.85576],[6.78466,46.85543],[6.78495,46.8551],[6.80757,46.8372],[6.80962,46.83592],[6.80973,46.83584],[6.81038,46.83533],[6.81063,46.83517],[6.81117,46.835]]]]},"properties":{"bfs_nr":2054,"name":"Estavayer"}},{"type":"Feature","geometry":{"type":"Polygon","coordinates":[[[6.78409,46.85578],[6.77983,46.85296],[6.74187,46.82788],[6.76732,46.80879],[6.76873,46.80789],[6.76936,46.80744],[6.77008,46.80702],[6.77071,46.80651],[6.77102,46.80649],[6.77224,46.80566],[6.77285,46.80506],[6.77303,46.80477],[6.77324,46.80473],[6.77385,46.80438],[6.77696,46.80243],[6.77881,46.80057],[6.78085,46.80133],[6.78353,46.80283],[6.78355,46.80266],[6.78521,46.80152],[6.78728,46.7996],[6.78613,46.79872],[6.78668,46.7984],[6.78544,46.79762],[6.78476,46.79715],[6.78451,46.79731],[6.78353,46.79678],[6.78041,46.79505],[6.77945,46.79431],[6.77858,46.79389],[6.77758,46.79262],[6.77665,46.79056],[6.77598,46.78975],[6.77713,46.78911],[6.77875,46.79013],[6.78026,46.79136],[6.78078,46.79262],[6.78132,46.79225],[6.78301,46.79339],[6.78481,46.79459],[6.784,46.79532],[6.78382,46.79546],[6.7841,46.79551],[6.78567,46.79657],[6.78611,46.79681],[6.78626,46.79686],[6.78674,46.7971],[6.78709,46.79733],[6.7872,46.79742],[6.78725,46.79751],[6.78731,46.7975],[6.78778,46.79785],[6.78844,46.79819],[6.78903,46.79848],[6.79064,46.79916],[6.79103,46.79902],[6.79145,46.79896],[6.79112,46.79949],[6.79229,46.80013],[6.79286,46.8004],[6.7933,46.8007],[6.79346,46.8008],[6.7939,46.80103],[6.79425,46.80117],[6.79522,46.8016],[6.79489,46.80192],[6.7955,46.8021],[6.79519,46.80249],[6.79683,46.80321],[6.79652,46.80351],[6.79691,46.80379],[6.79756,46.80414],[6.79784,46.80385],[6.79924,46.80439],[6.80029,46.8049],[6.80138,46.80546],[6.80178,46.80564],[6.80217,46.80587],[6.80288,46.80639],[6.80397,46.80714],[6.80494,46.80767],[6.80525,46.80773],[6.80559,46.80792],[6.80599,46.80817],[6.80617,46.80802],[6.80691,46.8076],[6.80694,46.80763],[6.80763,46.80793],[6.80857,46.80819],[6.80873,46.80825],[6.80898,46.80849],[6.80953,46.8087],[6.80974,46.80875],[6.81043,46.80874],[6.81083,46.80889],[6.81128,46.80906],[6.8116,46.8092],[6.81216,46.80942],[6.81233,46.80947],[6.81339,46.8099],[6.81438,46.8103],[6.81455,46.81038],[6.81478,46.8105],[6.81512,46.81066],[6.81611,46.81096],[6.81775,46.8112],[6.81838,46.81158],[6.81854,46.81167],[6.81878,46.81178],[6.81889,46.81184],[6.81909,46.81209],[6.81929,46.81246],[6.81938,46.8126],[6.8195,46.81275],[6.81963,46.81288],[6.81993,46.81315],[6.82008,46.8133],[6.8202,46.81342],[6.82031,46.81355],[6.82041,46.81369],[6.82105,46.8148],[6.82094,46.81524],[6.82064,46.81553],[6.82038,46.81576],[6.82035,46.81581],[6.82015,46.81586],[6.81997,46.81631],[6.82001,46.81637],[6.82014,46.81645],[6.81963,46.81729],[6.82022,46.81752],[6.82047,46.81763],[6.82068,46.81774],[6.82089,46.81786],[6.82103,46.81796],[6.82122,46.81809],[6.82224,46.81889],[6.82243,46.81902],[6.82262,46.81912],[6.82337,46.81948],[6.82361,46.81954],[6.82374,46.81955],[6.82396,46.81954],[6.8242,46.81956],[6.82431,46.81959],[6.82517,46.81991],[6.82512,46.81997],[6.82596,46.8203],[6.82608,46.82033],[6.82621,46.82037],[6.82658,46.82043],[6.82675,46.82047],[6.82691,46.82051],[6.82728,46.82063],[6.82743,46.82066],[6.82755,46.82068],[6.82797,46.82074],[6.82822,46.82078],[6.82836,46.82081],[6.82826,46.82104],[6.828,46.8214],[6.82784,46.82137],[6.82744,46.82237],[6.8276,46.82241],[6.82842,46.82267],[6.82867,46.82272],[6.82788,46.82288],[6.8277,46.82288],[6.82675,46.82314],[6.82605,46.82324],[6.82608,46.82336],[6.82526,46.82344],[6.82421,46.82346],[6.82428,46.82372],[6.82383,46.82371],[6.82375,46.82421],[6.8244,46.82457],[6.82204,46.82658],[6.82335,46.82731],[6.82312,46.82807],[6.82308,46.82801],[6.82248,46.82786],[6.82213,46.82847],[6.82161,46.82874],[6.82167,46.82883],[6.82172,46.82913],[6.82167,46.82934],[6.82143,46.82943],[6.82098,46.82935],[6.82051,46.82951],[6.8203,46.82973],[6.8214,46.83031],[6.82179,46.83057],[6.82193,46.83072],[6.82188,46.83099],[6.82188,46.83118],[6.82161,46.83173],[6.82128,46.8317],[6.82101,46.83189],[6.82044,46.83231],[6.82041,46.83234],[6.82008,46.83207],[6.8198,46.8319],[6.81957,46.83177],[6.81873,46.83134],[6.81861,46.83117],[6.81817,46.83138],[6.81782,46.8314],[6.81761,46.83139],[6.81734,46.83135],[6.81682,46.83107],[6.81661,46.83143],[6.81657,46.83153],[6.81589,46.8315],[6.81536,46.83162],[6.81517,46.83205],[6.81553,46.83221],[6.81539,46.83261],[6.81565,46.83277],[6.81597,46.83302],[6.81606,46.8331],[6.816,46.83319],[6.81644,46.83356],[6.81601,46.83333],[6.81563,46.83326],[6.81533,46.83329],[6.81537,46.83348],[6.8153,46.83374],[6.81526,46.83373],[6.81517,46.83404],[6.81507,46.83408],[6.814,46.83392],[6.81376,46.83387],[6.81344,46.83382],[6.81305,46.83387],[6.81264,46.83404],[6.8124,46.83432],[6.81225,46.83436],[6.81233,46.83445],[6.81223,46.83454],[6.8122,46.83455],[6.81206,46.83462],[6.81198,46.83469],[6.81197,46.83463],[6.81145,46.83476],[6.81158,46.83499],[6.81113,46.83472],[6.81084,46.83496],[6.80968,46.83588],[6.80765,46.83714],[6.78409,46.85578]]]},"properties":{"bfs_nr":2055,"name":"Cheyres-Ch\u00e2bles"}},{"type":"Feature","geometry":{"type":"Polygon","coordinates":[[[6.86256,46.78264],[6.86274,46.78236],[6.86298,46.78175],[6.86381,46.78114],[6.86503,46.78058],[6.86599,46.78044],[6.86735,46.77985],[6.86785,46.7797],[6.86885,46.7796],[6.86932,46.77938],[6.87007,46.77879],[6.8705,46.77858],[6.87118,46.77838],[6.87167,46.77835],[6.87243,46.77844],[6.87296,46.77836],[6.87338,46.77813],[6.87429,46.77741],[6.87578,46.77653],[6.8765,46.77621],[6.877,46.77609],[6.87746,46.77609],[6.87878,46.77636],[6.87942,46.77629],[6.88013,46.77601],[6.88087,46.77595],[6.88139,46.77609],[6.88262,46.77662],[6.88379,46.77687],[6.88798,46.77821],[6.88851,46.77825],[6.89034,46.77811],[6.8929,46.77757],[6.89321,46.77753],[6.89395,46.77763],[6.89448,46.77799],[6.89498,46.77881],[6.89535,46.77903],[6.8958,46.77914],[6.89768,46.77937],[6.89871,46.77967],[6.89921,46.77991],[6.89948,46.78023],[6.8995,46.78082],[6.89962,46.78118],[6.89994,46.78148],[6.90068,46.78171],[6.90319,46.78189],[6.9042,46.78175],[6.90474,46.78177],[6.90522,46.78194],[6.9056,46.78226],[6.90604,46.78279],[6.90657,46.78321],[6.90697,46.78342],[6.90771,46.78351],[6.90819,46.78341],[6.90858,46.78318],[6.90882,46.78287],[6.90886,46.78253],[6.90871,46.78201],[6.90889,46.78154],[6.90989,46.78071],[6.91034,46.78053],[6.91086,46.78049],[6.91158,46.7807],[6.91194,46.78101],[6.9126,46.78176],[6.91337,46.78222],[6.91477,46.78279],[6.91528,46.78304],[6.91599,46.78356],[6.91675,46.78429],[6.91719,46.78491],[6.91716,46.78555],[6.91652,46.7874],[6.91643,46.78803],[6.91648,46.78846],[6.91684,46.78924],[6.91722,46.78966],[6.9181,46.79034],[6.91844,46.79072],[6.9187,46.79114],[6.91934,46.79264],[6.91988,46.79352],[6.9208,46.79473],[6.92097,46.79518],[6.92097,46.79635],[6.92106,46.79668],[6.92151,46.79709],[6.92182,46.7972],[6.9254,46.79823],[6.92595,46.79847],[6.9263,46.79874],[6.92659,46.79926],[6.92677,46.80038],[6.927,46.80092],[6.92761,46.8016],[6.92821,46.80198],[6.92862,46.80216],[6.92956,46.80246],[6.92998,46.80266],[6.93063,46.80311],[6.93115,46.80376],[6.93158,46.80484],[6.93154,46.80548],[6.93113,46.80613],[6.93067,46.80647],[6.93012,46.80671],[6.92879,46.80716],[6.92811,46.80757],[6.92776,46.80794],[6.92745,46.80841],[6.92709,46.80867],[6.92635,46.80883],[6.92503,46.80873],[6.92316,46.80869],[6.92272,46.80871],[6.92209,46.80892],[6.92166,46.80927],[6.92117,46.8095],[6.92045,46.81006],[6.91972,46.81028],[6.91891,46.81016],[6.91744,46.80934],[6.91555,46.80789],[6.91531,46.80741],[6.91546,46.80683],[6.91537,46.80646],[6.91508,46.80615],[6.91411,46.80547],[6.9138,46.80517],[6.91367,46.80487],[6.91337,46.80455],[6.9121,46.80366],[6.91168,46.80346],[6.91118,46.80339],[6.91045,46.80354],[6.90851,46.80442],[6.908,46.80457],[6.90751,46.80457],[6.90705,46.80445],[6.90668,46.80422],[6.90635,46.80377],[6.90585,46.80315],[6.90517,46.80256],[6.90476,46.80233],[6.90408,46.80214],[6.90383,46.802],[6.9029,46.80139],[6.90263,46.80124],[6.90232,46.80098],[6.90217,46.8005],[6.90227,46.79999],[6.90212,46.79964],[6.90131,46.79862],[6.90088,46.79839],[6.89996,46.79825],[6.89946,46.79802],[6.89916,46.7979],[6.89888,46.79781],[6.8986,46.7977],[6.89817,46.79755],[6.8979,46.79743],[6.89758,46.79717],[6.89743,46.79684],[6.89747,46.79649],[6.89769,46.79618],[6.8981,46.79586],[6.89831,46.79537],[6.89809,46.79488],[6.89764,46.79454],[6.89731,46.79416],[6.89717,46.79401],[6.89694,46.79383],[6.89659,46.79365],[6.89634,46.79358],[6.89586,46.79353],[6.89556,46.79347],[6.89538,46.79343],[6.89526,46.79341],[6.89521,46.7934],[6.8925,46.79288],[6.8916,46.79285],[6.89108,46.79279],[6.89059,46.79285],[6.89018,46.79301],[6.88993,46.79307],[6.88959,46.79311],[6.88906,46.79311],[6.88851,46.793],[6.8879,46.79302],[6.88764,46.79308],[6.88746,46.79313],[6.88715,46.79327],[6.88683,46.79345],[6.88664,46.79358],[6.8864,46.79392],[6.88636,46.79424],[6.88604,46.79472],[6.88563,46.79493],[6.88486,46.79501],[6.88406,46.79485],[6.88072,46.7947],[6.87991,46.79478],[6.87964,46.79477],[6.87932,46.79472],[6.87741,46.79423],[6.87674,46.79388],[6.87653,46.79356],[6.87652,46.7932],[6.87671,46.79278],[6.87679,46.79256],[6.87681,46.79253],[6.8769,46.79225],[6.87693,46.79209],[6.87687,46.79177],[6.87658,46.79138],[6.87648,46.791],[6.8765,46.79076],[6.87656,46.79054],[6.87682,46.79023],[6.87745,46.7899],[6.87775,46.7896],[6.87788,46.78908],[6.8778,46.78874],[6.87755,46.78845],[6.87697,46.78797],[6.87625,46.78759],[6.87561,46.78696],[6.87524,46.78668],[6.87501,46.78635],[6.87488,46.78586],[6.87437,46.78543],[6.87387,46.7853],[6.87319,46.78528],[6.87178,46.78544],[6.871,46.78575],[6.87054,46.78586],[6.86997,46.78586],[6.86853,46.78566],[6.86663,46.78531],[6.86561,46.78492],[6.86419,46.78452],[6.86345,46.78403],[6.86272,46.78366],[6.8624,46.78317],[6.86256,46.78264]]]},"properties":{"bfs_nr":2056,"name":"F\u00e9tigny-M\u00e9ni\u00e8res"}},{"type":"Feature","geometry":{"type":"Polygon","coordinates":[[[6.86312,46.67997],[6.86326,46.67957],[6.86344,46.67876],[6.86374,46.67812],[6.86401,46.67701],[6.86426,46.67672],[6.86495,46.67624],[6.86579,46.67583],[6.8664,46.67563],[6.86721,46.67527],[6.86793,46.67502],[6.86874,46.67494],[6.86924,46.67476],[6.86968,46.67445],[6.87108,46.67382],[6.8716,46.67374],[6.87241,46.67392],[6.87292,46.67437],[6.87319,46.67498],[6.87341,46.67521],[6.8738,46.67542],[6.87427,46.67552],[6.87487,46.67554],[6.87564,46.67572],[6.87807,46.67593],[6.87855,46.67591],[6.87899,46.67578],[6.87932,46.67554],[6.87982,46.67503],[6.88109,46.67454],[6.8816,46.67441],[6.88204,46.67434],[6.88223,46.67429],[6.88241,46.67424],[6.88278,46.67417],[6.88329,46.67411],[6.88383,46.67416],[6.88437,46.67438],[6.88524,46.67465],[6.88572,46.67472],[6.88636,46.67468],[6.88686,46.67476],[6.88727,46.67496],[6.88761,46.6753],[6.88812,46.67574],[6.88864,46.6761],[6.88994,46.67675],[6.89034,46.67705],[6.89112,46.67745],[6.89221,46.67794],[6.89276,46.67813],[6.8933,46.67844],[6.89402,46.67866],[6.89451,46.6789],[6.89495,46.67931],[6.89523,46.67973],[6.89539,46.68022],[6.89591,46.68088],[6.8963,46.68146],[6.89799,46.68298],[6.89828,46.68333],[6.8988,46.68368],[6.89944,46.68446],[6.90005,46.6848],[6.90048,46.68533],[6.90103,46.68586],[6.90143,46.68612],[6.90199,46.68633],[6.90253,46.68636],[6.90315,46.68631],[6.90368,46.68638],[6.90412,46.68659],[6.90459,46.68706],[6.90468,46.68739],[6.90459,46.68772],[6.90433,46.68811],[6.90429,46.68845],[6.90443,46.68898],[6.90458,46.68929],[6.90467,46.68944],[6.90473,46.68961],[6.90482,46.68998],[6.90506,46.69032],[6.90525,46.69045],[6.90573,46.69062],[6.90671,46.69077],[6.90721,46.69108],[6.90748,46.69146],[6.90797,46.69196],[6.90816,46.6925],[6.90809,46.69286],[6.90783,46.69317],[6.90732,46.69348],[6.90653,46.69414],[6.90635,46.69449],[6.90622,46.69465],[6.90598,46.69483],[6.90552,46.69512],[6.90526,46.69526],[6.9042,46.69551],[6.90348,46.69574],[6.90308,46.69599],[6.90254,46.69666],[6.90237,46.69698],[6.90205,46.69728],[6.90159,46.69751],[6.90142,46.69762],[6.90124,46.69777],[6.90093,46.69809],[6.90073,46.69822],[6.90037,46.69838],[6.8994,46.69882],[6.89924,46.69889],[6.89741,46.69952],[6.89584,46.69966],[6.89512,46.6996],[6.89398,46.69965],[6.89349,46.69955],[6.89291,46.69915],[6.89198,46.69798],[6.89181,46.69764],[6.89177,46.6971],[6.89157,46.69677],[6.8915,46.69618],[6.89125,46.69572],[6.89068,46.69529],[6.89006,46.69458],[6.88974,46.69429],[6.88902,46.69408],[6.8883,46.69413],[6.88779,46.69406],[6.88716,46.69368],[6.88654,46.69287],[6.88638,46.69232],[6.88587,46.69187],[6.8853,46.69169],[6.8849,46.69147],[6.88394,46.69036],[6.88356,46.69014],[6.8831,46.69004],[6.88185,46.69008],[6.88128,46.69003],[6.88062,46.68968],[6.87794,46.68721],[6.87757,46.68693],[6.87534,46.68487],[6.87402,46.68394],[6.8736,46.68375],[6.87311,46.68368],[6.8724,46.68381],[6.87092,46.68474],[6.87045,46.68496],[6.86878,46.68545],[6.86805,46.68543],[6.86757,46.68524],[6.86658,46.68467],[6.86622,46.68438],[6.86566,46.68368],[6.86524,46.68296],[6.86508,46.68249],[6.86512,46.68198],[6.86501,46.68166],[6.86474,46.68139],[6.86435,46.6812],[6.8635,46.68094],[6.86319,46.68067],[6.86306,46.68018],[6.86312,46.67997]]]},"properties":{"bfs_nr":2063,"name":"Billens-Hennens"}},{"type":"Feature","geometry":{"type":"Polygon","coordinates":[[[6.96851,46.6769],[6.96864,46.67671],[6.96894,46.67647],[6.96987,46.67608],[6.97034,46.67595],[6.97063,46.67593],[6.97075,46.67593],[6.97083,46.67593],[6.9711,46.67596],[6.97119,46.67597],[6.9715,46.67598],[6.97171,46.67595],[6.97354,46.67552],[6.97418,46.6753],[6.97501,46.67527],[6.97512,46.67525],[6.9752,46.67523],[6.97522,46.67523],[6.97529,46.67522],[6.97541,46.67521],[6.97555,46.6752],[6.97568,46.67519],[6.97596,46.67519],[6.97611,46.67519],[6.97646,46.67521],[6.9772,46.67534],[6.97787,46.6753],[6.97833,46.6752],[6.97877,46.67494],[6.97925,46.67449],[6.97975,46.67427],[6.98012,46.67399],[6.98056,46.6734],[6.98062,46.67321],[6.98059,46.67244],[6.98049,46.67178],[6.9806,46.6714],[6.9811,46.67084],[6.98127,46.67052],[6.98124,46.66998],[6.98154,46.66913],[6.98181,46.66884],[6.98223,46.66864],[6.98298,46.66858],[6.98431,46.66897],[6.98526,46.6694],[6.98577,46.66945],[6.98704,46.66924],[6.98744,46.66907],[6.98777,46.66887],[6.98796,46.66873],[6.98841,46.66833],[6.98861,46.66795],[6.9885,46.66716],[6.98901,46.66623],[6.98961,46.66564],[6.99043,46.6653],[6.99095,46.66507],[6.99164,46.66472],[6.99192,46.66464],[6.99269,46.66448],[6.99311,46.66426],[6.99357,46.6638],[6.99398,46.66361],[6.99446,46.66354],[6.99502,46.66356],[6.9955,46.6635],[6.99592,46.66332],[6.99608,46.6632],[6.9963,46.66289],[6.99643,46.66232],[6.9967,46.66203],[6.99717,46.6618],[6.99763,46.66167],[6.99801,46.6616],[6.99868,46.66153],[6.99893,46.66145],[6.99915,46.66135],[6.99933,46.66121],[7.00006,46.66052],[7.00041,46.66002],[7.00079,46.65971],[7.00112,46.65914],[7.00161,46.65872],[7.00204,46.65855],[7.00287,46.65853],[7.00349,46.65877],[7.00376,46.65905],[7.004,46.65959],[7.00395,46.66003],[7.00402,46.66035],[7.00422,46.66069],[7.00461,46.661],[7.00478,46.66109],[7.00497,46.66116],[7.00558,46.66132],[7.00559,46.66132],[7.00744,46.66182],[7.00745,46.66183],[7.00818,46.66202],[7.00858,46.66214],[7.00893,46.66221],[7.00932,46.66225],[7.00941,46.66226],[7.01068,46.66233],[7.01184,46.66245],[7.01227,46.66261],[7.01259,46.66288],[7.01273,46.6632],[7.01271,46.66375],[7.01261,46.66421],[7.01286,46.66472],[7.01322,46.665],[7.01347,46.6653],[7.01379,46.66564],[7.01385,46.66571],[7.01423,46.66605],[7.01425,46.66607],[7.01461,46.66642],[7.01465,46.66646],[7.01481,46.66662],[7.01493,46.66677],[7.01502,46.66694],[7.0152,46.66732],[7.01527,46.66752],[7.01529,46.66764],[7.01531,46.66789],[7.01533,46.66804],[7.01538,46.66834],[7.01539,46.66838],[7.01545,46.66865],[7.0155,46.66902],[7.01557,46.66947],[7.01545,46.66982],[7.0148,46.67029],[7.01453,46.67058],[7.01445,46.67092],[7.01467,46.67141],[7.01503,46.67166],[7.01588,46.67188],[7.01628,46.67211],[7.01651,46.67242],[7.01687,46.67314],[7.01715,46.67399],[7.0173,46.67428],[7.01766,46.67463],[7.01818,46.67489],[7.0186,46.67501],[7.01913,46.67507],[7.01967,46.6753],[7.0202,46.67586],[7.02032,46.67604],[7.02042,46.67624],[7.02044,46.67627],[7.02056,46.67648],[7.02075,46.67677],[7.02082,46.67712],[7.02068,46.67746],[7.02015,46.67784],[7.01987,46.67792],[7.01897,46.67806],[7.01881,46.67809],[7.01868,46.67812],[7.01729,46.67856],[7.01714,46.67862],[7.01655,46.67885],[7.01619,46.67901],[7.01593,46.6791],[7.01547,46.67916],[7.01463,46.67909],[7.01417,46.67915],[7.01395,46.67923],[7.01377,46.6793],[7.01375,46.67931],[7.01197,46.68004],[7.01172,46.68013],[7.01154,46.68018],[7.0113,46.68024],[7.01104,46.68027],[7.01084,46.68028],[7.01068,46.68028],[7.01024,46.68028],[7.00976,46.68027],[7.009,46.6803],[7.00865,46.6803],[7.00846,46.68031],[7.00827,46.68033],[7.00803,46.68037],[7.00779,46.68044],[7.00734,46.68062],[7.00718,46.6807],[7.00703,46.6808],[7.00679,46.68099],[7.00675,46.68102],[7.0064,46.68125],[7.00595,46.68148],[7.0056,46.68162],[7.0053,46.68174],[7.00475,46.68223],[7.00435,46.6825],[7.00416,46.68261],[7.00379,46.68276],[7.00365,46.68283],[7.00354,46.68289],[7.00299,46.68321],[7.00279,46.68336],[7.00245,46.68384],[7.00216,46.6841],[7.00164,46.68435],[7.00116,46.68471],[7.00071,46.68495],[7.00058,46.68501],[7.00041,46.68509],[7.00023,46.68516],[6.99994,46.68526],[6.99971,46.68536],[6.99902,46.68592],[6.99869,46.68635],[6.9981,46.68678],[6.99769,46.68715],[6.99735,46.68759],[6.99685,46.68798],[6.99639,46.68814],[6.9948,46.68822],[6.99433,46.68837],[6.99398,46.68863],[6.99374,46.68903],[6.99336,46.68935],[6.99235,46.6898],[6.99155,46.68994],[6.99128,46.69],[6.99092,46.69009],[6.99069,46.69012],[6.99046,46.69011],[6.99017,46.69007],[6.99001,46.69004],[6.9898,46.69001],[6.98946,46.69],[6.98931,46.69],[6.98919,46.69001],[6.98827,46.69008],[6.98779,46.68996],[6.98741,46.68973],[6.98684,46.68873],[6.98675,46.6884],[6.98653,46.68807],[6.98604,46.68774],[6.98519,46.68732],[6.98429,46.68712],[6.98384,46.68691],[6.98343,46.68657],[6.98277,46.68635],[6.98228,46.68636],[6.9815,46.68659],[6.98066,46.68702],[6.98011,46.6875],[6.97969,46.68766],[6.97914,46.68772],[6.97824,46.6877],[6.97762,46.68762],[6.97722,46.68745],[6.97695,46.68724],[6.97656,46.68703],[6.97623,46.68683],[6.97588,46.68655],[6.97559,46.68625],[6.97534,46.68589],[6.97454,46.68507],[6.97427,46.6847],[6.9739,46.68446],[6.97366,46.68437],[6.97341,46.68433],[6.97315,46.68431],[6.9729,46.68434],[6.97146,46.68456],[6.97066,46.68454],[6.97006,46.68423],[6.96994,46.68409],[6.96983,46.68388],[6.96963,46.68336],[6.96942,46.68306],[6.96908,46.68283],[6.96883,46.68251],[6.96876,46.68229],[6.96875,46.68224],[6.96874,46.6822],[6.96872,46.68193],[6.96873,46.68173],[6.96887,46.68144],[6.96916,46.68112],[6.9693,46.6808],[6.9693,46.68063],[6.96925,46.68047],[6.96917,46.68031],[6.96884,46.67996],[6.96873,46.67977],[6.96809,46.67825],[6.96803,46.67802],[6.96804,46.67783],[6.96812,46.6776],[6.96851,46.6769]]]},"properties":{"bfs_nr":2067,"name":"Le Ch\u00e2telard"}},{"type":"Feature","geometry":{"type":"Polygon","coordinates":[[[6.90909,46.7568],[6.91002,46.75632],[6.91028,46.75605],[6.91038,46.75573],[6.91037,46.75535],[6.91053,46.75503],[6.91086,46.75477],[6.91129,46.75462],[6.91191,46.75452],[6.91319,46.75403],[6.91409,46.75364],[6.91462,46.75357],[6.91538,46.75375],[6.91585,46.75407],[6.91632,46.75425],[6.91686,46.75428],[6.91737,46.75416],[6.91787,46.75381],[6.91845,46.75317],[6.91907,46.75266],[6.91974,46.75193],[6.92006,46.75168],[6.9205,46.75153],[6.92123,46.75153],[6.92247,46.75204],[6.92415,46.75225],[6.92493,46.75258],[6.92592,46.75288],[6.92665,46.75327],[6.9271,46.75343],[6.92937,46.75408],[6.93004,46.75414],[6.93057,46.75405],[6.93113,46.75372],[6.93151,46.75325],[6.9322,46.75268],[6.93261,46.75221],[6.93353,46.75173],[6.93476,46.75079],[6.93522,46.75059],[6.93629,46.75027],[6.93737,46.74978],[6.93768,46.74959],[6.93795,46.74924],[6.93805,46.7485],[6.93857,46.74752],[6.93961,46.74594],[6.9403,46.74555],[6.94072,46.74525],[6.94092,46.74491],[6.9409,46.74455],[6.94059,46.74375],[6.94003,46.74304],[6.93968,46.74222],[6.93949,46.74161],[6.93872,46.74083],[6.93778,46.73999],[6.93693,46.73913],[6.93642,46.73848],[6.93605,46.73769],[6.93595,46.73692],[6.93584,46.73659],[6.93544,46.73612],[6.93537,46.73579],[6.93548,46.73546],[6.93628,46.73466],[6.93643,46.73433],[6.93637,46.73383],[6.93647,46.7335],[6.93673,46.73322],[6.93736,46.73297],[6.93756,46.73295],[6.93763,46.73294],[6.93773,46.73293],[6.93776,46.73292],[6.93784,46.73291],[6.93897,46.73278],[6.93945,46.73272],[6.93946,46.73272],[6.93981,46.73268],[6.9401,46.73265],[6.94084,46.73278],[6.94129,46.73301],[6.94218,46.73313],[6.94263,46.73327],[6.94297,46.73352],[6.94316,46.73383],[6.94319,46.73429],[6.94325,46.73465],[6.94288,46.73543],[6.94289,46.73575],[6.94324,46.73637],[6.94415,46.73747],[6.94486,46.73825],[6.94488,46.73827],[6.94575,46.73918],[6.94588,46.73929],[6.94683,46.73999],[6.94726,46.74023],[6.9474,46.74032],[6.94873,46.74127],[6.94876,46.74129],[6.94895,46.74143],[6.94911,46.74156],[6.94927,46.74168],[6.95023,46.74195],[6.95062,46.74207],[6.95108,46.74226],[6.95132,46.74242],[6.95157,46.74272],[6.95172,46.74312],[6.95205,46.74343],[6.95257,46.74375],[6.9529,46.74393],[6.95319,46.74411],[6.95333,46.74421],[6.95345,46.74427],[6.95375,46.74443],[6.95381,46.74446],[6.95419,46.74464],[6.95509,46.74508],[6.95689,46.74608],[6.95746,46.74653],[6.95753,46.74658],[6.95778,46.74676],[6.95783,46.7468],[6.95849,46.74721],[6.95854,46.74724],[6.95896,46.74753],[6.95899,46.74755],[6.95978,46.7481],[6.95994,46.74823],[6.96029,46.74854],[6.96045,46.74872],[6.96054,46.74887],[6.96052,46.7496],[6.96067,46.74999],[6.9619,46.7515],[6.96208,46.75208],[6.96202,46.75227],[6.96187,46.75248],[6.9617,46.75267],[6.96169,46.75268],[6.96099,46.75346],[6.96078,46.75366],[6.96035,46.75398],[6.96032,46.754],[6.95988,46.75432],[6.95968,46.75447],[6.95954,46.75457],[6.95808,46.75546],[6.95738,46.75598],[6.95669,46.75631],[6.95638,46.75656],[6.95623,46.75689],[6.95634,46.75738],[6.95669,46.75781],[6.95676,46.75817],[6.95647,46.75866],[6.95572,46.75911],[6.9552,46.7593],[6.95468,46.75933],[6.95419,46.75921],[6.95355,46.75886],[6.95305,46.75874],[6.95279,46.75873],[6.95228,46.75882],[6.95104,46.75945],[6.94859,46.76083],[6.94856,46.76085],[6.94843,46.76092],[6.94817,46.76103],[6.94795,46.76109],[6.94743,46.76115],[6.94692,46.76132],[6.9465,46.76158],[6.94621,46.76168],[6.94419,46.76223],[6.94386,46.76236],[6.94365,46.76247],[6.94244,46.76299],[6.94242,46.763],[6.94241,46.76301],[6.94212,46.7631],[6.94187,46.76315],[6.94155,46.76316],[6.94133,46.76316],[6.9411,46.76316],[6.94092,46.76318],[6.94071,46.76321],[6.94013,46.76339],[6.93989,46.76343],[6.93647,46.76382],[6.9364,46.76383],[6.93585,46.76392],[6.93562,46.76397],[6.9354,46.76403],[6.93514,46.76414],[6.93492,46.76428],[6.93471,46.76445],[6.93468,46.76447],[6.93428,46.76482],[6.93406,46.76509],[6.93395,46.76548],[6.93374,46.76579],[6.93337,46.76602],[6.9324,46.76631],[6.9321,46.76646],[6.93171,46.76659],[6.93156,46.76662],[6.93105,46.76669],[6.92971,46.76673],[6.92917,46.76688],[6.92837,46.76689],[6.92789,46.76672],[6.92725,46.76617],[6.92597,46.76478],[6.92509,46.76402],[6.92419,46.76328],[6.92341,46.76251],[6.92308,46.76208],[6.92083,46.7604],[6.92042,46.76019],[6.91966,46.76012],[6.91918,46.76025],[6.91763,46.7609],[6.91724,46.76116],[6.91693,46.76166],[6.9166,46.76193],[6.91533,46.76241],[6.91448,46.76251],[6.91397,46.76238],[6.91339,46.76204],[6.91233,46.76151],[6.91173,46.76113],[6.91102,46.76038],[6.9101,46.75961],[6.9093,46.75886],[6.90865,46.75799],[6.9085,46.7576],[6.90857,46.75725],[6.90909,46.7568]]]},"properties":{"bfs_nr":2068,"name":"Ch\u00e2tonnaye"}},{"type":"Feature","geometry":{"type":"Polygon","coordinates":[[[6.95485,46.67586],[6.95723,46.67433],[6.95756,46.67405],[6.95814,46.67376],[6.96076,46.67264],[6.96131,46.67235],[6.96207,46.67225],[6.96256,46.67237],[6.96308,46.67263],[6.96333,46.6727],[6.96359,46.67274],[6.96385,46.67274],[6.96411,46.67271],[6.96458,46.67253],[6.96491,46.67226],[6.96512,46.67214],[6.96535,46.67206],[6.9656,46.672],[6.96587,46.67199],[6.96638,46.67206],[6.96729,46.67249],[6.96774,46.67263],[6.96848,46.67261],[6.96891,46.67243],[6.96933,46.67196],[6.96946,46.67139],[6.96941,46.67094],[6.96969,46.67045],[6.96996,46.6702],[6.97077,46.66978],[6.97158,46.66908],[6.97186,46.66894],[6.97257,46.6688],[6.9735,46.66883],[6.97583,46.66855],[6.97658,46.66832],[6.97713,46.66796],[6.97729,46.66763],[6.97732,46.66728],[6.9775,46.66682],[6.97772,46.66659],[6.97827,46.6662],[6.97845,46.666],[6.97863,46.66573],[6.97872,46.66503],[6.97894,46.66472],[6.97928,46.6645],[6.97973,46.66429],[6.98045,46.66388],[6.98094,46.66375],[6.98128,46.66357],[6.98178,46.66325],[6.9819,46.66318],[6.98213,46.66307],[6.98269,46.66291],[6.98301,46.66285],[6.98328,46.66284],[6.98379,46.66294],[6.98426,46.66313],[6.98452,46.66317],[6.98505,46.66316],[6.9853,46.66309],[6.98553,46.66299],[6.98572,46.66287],[6.98587,46.66271],[6.98619,46.66232],[6.98637,46.66215],[6.98674,46.66193],[6.98748,46.66173],[6.98783,46.66149],[6.98817,46.66101],[6.98829,46.66065],[6.9882,46.66029],[6.98791,46.65999],[6.9875,46.65974],[6.9872,46.65928],[6.98722,46.65894],[6.98743,46.65864],[6.98836,46.658],[6.9887,46.65782],[6.99147,46.65672],[6.99181,46.65644],[6.99219,46.65596],[6.9926,46.65576],[6.99309,46.65569],[6.99485,46.65586],[6.99508,46.6559],[6.99538,46.65596],[6.99569,46.65604],[6.99587,46.6561],[6.99604,46.65617],[6.99641,46.65632],[6.99707,46.65656],[6.99862,46.65698],[6.99977,46.65753],[7.0002,46.65785],[7.00078,46.65811],[7.00105,46.65839],[7.00114,46.6589],[7.00076,46.6597],[7.00031,46.66011],[7.00006,46.66051],[6.99963,46.66089],[6.99936,46.66118],[6.99914,46.66134],[6.99868,46.66152],[6.99795,46.66161],[6.99769,46.66165],[6.99752,46.6617],[6.99744,46.66172],[6.9971,46.66182],[6.99686,46.66192],[6.99665,46.66205],[6.99649,46.66221],[6.99638,46.66239],[6.99631,46.6628],[6.99612,46.66313],[6.99577,46.66338],[6.99503,46.66354],[6.99428,46.66353],[6.99381,46.66365],[6.99343,46.66387],[6.99305,46.66428],[6.99265,46.66448],[6.99186,46.66466],[6.99163,46.66472],[6.99143,46.66481],[6.99103,46.66503],[6.99053,46.66523],[6.98971,46.6655],[6.989,46.66617],[6.98847,46.66708],[6.98859,46.66798],[6.9884,46.66833],[6.98784,46.66881],[6.98739,46.66906],[6.98693,46.66918],[6.9858,46.66933],[6.9853,46.66929],[6.98363,46.66873],[6.98294,46.66857],[6.98218,46.66863],[6.98176,46.66884],[6.98149,46.66914],[6.98117,46.67008],[6.9811,46.6707],[6.98059,46.67124],[6.98043,46.67171],[6.98052,46.67203],[6.98055,46.67285],[6.98043,46.6732],[6.98005,46.67366],[6.97982,46.6741],[6.97914,46.67451],[6.97865,46.67498],[6.97795,46.67525],[6.97721,46.67529],[6.97649,46.6752],[6.97624,46.67519],[6.97571,46.67519],[6.97565,46.67519],[6.97553,46.6752],[6.97544,46.67521],[6.97529,46.67522],[6.97522,46.67523],[6.97511,46.67525],[6.9748,46.67527],[6.97422,46.67526],[6.97301,46.67552],[6.97244,46.67574],[6.97182,46.67591],[6.97138,46.67597],[6.97089,46.67594],[6.97087,46.67594],[6.97072,46.67593],[6.97054,46.67593],[6.9703,46.67594],[6.97006,46.67599],[6.96901,46.6764],[6.96867,46.67665],[6.96855,46.67681],[6.96844,46.677],[6.9681,46.67764],[6.96803,46.67783],[6.96802,46.67802],[6.96807,46.67821],[6.96875,46.67981],[6.96884,46.67996],[6.96916,46.68032],[6.96925,46.68049],[6.96929,46.68068],[6.96919,46.68103],[6.96878,46.68153],[6.96872,46.68169],[6.96871,46.68186],[6.96872,46.68194],[6.96872,46.68197],[6.96874,46.6822],[6.96875,46.68223],[6.96878,46.68243],[6.96886,46.68268],[6.9691,46.68299],[6.96951,46.68328],[6.96972,46.68361],[6.96997,46.68425],[6.97001,46.68463],[6.96986,46.68495],[6.96955,46.68521],[6.96929,46.68533],[6.96928,46.68534],[6.9692,46.68536],[6.96897,46.68544],[6.9687,46.68554],[6.96756,46.686],[6.96718,46.68623],[6.96696,46.68654],[6.96681,46.68714],[6.96631,46.68755],[6.96552,46.68779],[6.96463,46.6881],[6.96405,46.68831],[6.96351,46.68834],[6.96267,46.6881],[6.96181,46.68741],[6.96136,46.68644],[6.96124,46.68579],[6.96079,46.68491],[6.96006,46.68446],[6.95975,46.68421],[6.95947,46.68384],[6.95911,46.6836],[6.95864,46.68346],[6.95822,46.68323],[6.95783,46.68282],[6.95771,46.68251],[6.95772,46.68231],[6.95777,46.68203],[6.95787,46.68169],[6.95777,46.68104],[6.95784,46.68063],[6.95774,46.6803],[6.95719,46.67985],[6.95649,46.67963],[6.95611,46.67939],[6.95586,46.67889],[6.95592,46.67832],[6.95572,46.67796],[6.95461,46.67703],[6.95442,46.6767],[6.95443,46.67635],[6.95485,46.67586]]]},"properties":{"bfs_nr":2079,"name":"Grangettes"}},{"type":"Feature","geometry":{"type":"Polygon","coordinates":[[[6.96108,46.70391],[6.961,46.70368],[6.96104,46.70332],[6.96129,46.70299],[6.96171,46.70276],[6.96233,46.70261],[6.9632,46.70228],[6.96374,46.70226],[6.964,46.70222],[6.96424,46.70215],[6.96462,46.70198],[6.96493,46.70169],[6.96506,46.70135],[6.96498,46.70099],[6.96467,46.70062],[6.96458,46.70045],[6.96453,46.70028],[6.96457,46.69992],[6.96457,46.69969],[6.96452,46.69953],[6.96443,46.69939],[6.96432,46.69926],[6.96407,46.69904],[6.9639,46.69869],[6.96394,46.69832],[6.96412,46.69798],[6.96411,46.6976],[6.9637,46.69705],[6.96362,46.69671],[6.96382,46.69618],[6.96386,46.69602],[6.96387,46.69594],[6.96388,46.69585],[6.96388,46.69568],[6.96368,46.69487],[6.96373,46.69451],[6.96412,46.69364],[6.96448,46.69337],[6.96517,46.69302],[6.96573,46.69235],[6.96578,46.69198],[6.96561,46.69163],[6.96474,46.69086],[6.96451,46.69074],[6.96441,46.69069],[6.96426,46.69064],[6.96371,46.69047],[6.96336,46.69028],[6.96298,46.6898],[6.96296,46.6894],[6.96327,46.68895],[6.96434,46.68826],[6.96477,46.68805],[6.9655,46.6878],[6.96631,46.68758],[6.96675,46.68738],[6.96711,46.6869],[6.96726,46.6863],[6.96757,46.68602],[6.96782,46.6859],[6.96869,46.68555],[6.96926,46.68534],[6.96961,46.68521],[6.97115,46.68475],[6.97195,46.68449],[6.97282,46.68435],[6.97312,46.68432],[6.9736,46.68437],[6.97382,46.68444],[6.97419,46.68466],[6.97456,46.6851],[6.97536,46.68592],[6.97563,46.6863],[6.97582,46.6865],[6.97628,46.68686],[6.97667,46.68713],[6.97694,46.68739],[6.97741,46.6876],[6.97818,46.6877],[6.97922,46.68772],[6.97952,46.6877],[6.97981,46.68764],[6.98016,46.68752],[6.98061,46.68721],[6.98104,46.68701],[6.98161,46.68663],[6.98211,46.68643],[6.9826,46.68639],[6.98308,46.68647],[6.98348,46.68667],[6.98399,46.68717],[6.9844,46.68734],[6.98492,46.68743],[6.98584,46.68771],[6.98643,46.6881],[6.98688,46.68888],[6.987,46.68933],[6.98747,46.68984],[6.98792,46.69004],[6.98846,46.6901],[6.98938,46.69],[6.98988,46.69002],[6.99023,46.69008],[6.99052,46.69012],[6.99082,46.69011],[6.99096,46.69009],[6.9914,46.69],[6.99205,46.69003],[6.99249,46.69018],[6.99282,46.69044],[6.99298,46.69076],[6.99297,46.69132],[6.99292,46.69156],[6.99279,46.69178],[6.9923,46.69243],[6.99221,46.69254],[6.99206,46.69269],[6.9919,46.69283],[6.99116,46.69348],[6.99101,46.69407],[6.99076,46.69439],[6.99053,46.69454],[6.9903,46.69466],[6.98999,46.69485],[6.98995,46.69487],[6.98944,46.6952],[6.98845,46.69585],[6.98812,46.6961],[6.98714,46.69684],[6.98698,46.69699],[6.98681,46.69734],[6.98685,46.69771],[6.98741,46.69835],[6.98754,46.69884],[6.98746,46.69908],[6.98738,46.69936],[6.98734,46.69945],[6.98718,46.69981],[6.98703,46.70013],[6.98701,46.70016],[6.98689,46.70039],[6.98669,46.70067],[6.98633,46.70107],[6.98624,46.70143],[6.98639,46.7019],[6.98635,46.70228],[6.98622,46.70249],[6.98616,46.70256],[6.98587,46.70284],[6.98553,46.7031],[6.98547,46.70314],[6.98543,46.70316],[6.98522,46.70328],[6.98494,46.70341],[6.98477,46.70353],[6.98442,46.70391],[6.98394,46.70424],[6.98366,46.70459],[6.98353,46.70497],[6.98356,46.70532],[6.98343,46.70564],[6.98302,46.70611],[6.98296,46.70647],[6.98311,46.70682],[6.98353,46.70722],[6.98403,46.70772],[6.98416,46.70792],[6.98422,46.7081],[6.9842,46.70845],[6.98398,46.70876],[6.98376,46.70893],[6.98362,46.70901],[6.98347,46.70909],[6.98336,46.70915],[6.9832,46.70923],[6.98315,46.70926],[6.98272,46.70945],[6.98253,46.70953],[6.98197,46.70978],[6.98122,46.70995],[6.98074,46.70989],[6.97979,46.70948],[6.97928,46.70943],[6.97856,46.70955],[6.97804,46.70953],[6.97757,46.70938],[6.97723,46.70911],[6.97694,46.70867],[6.97635,46.70834],[6.97546,46.70818],[6.97493,46.70796],[6.97446,46.70759],[6.97399,46.70742],[6.97346,46.70739],[6.97247,46.70751],[6.972,46.7074],[6.97162,46.70721],[6.97068,46.70683],[6.97036,46.70654],[6.97022,46.70602],[6.97004,46.70567],[6.96968,46.70529],[6.96929,46.70508],[6.96881,46.70499],[6.96857,46.70499],[6.96833,46.70503],[6.96766,46.70521],[6.96729,46.70525],[6.967,46.70524],[6.96639,46.70516],[6.96592,46.70522],[6.96502,46.70543],[6.96427,46.70528],[6.96368,46.70491],[6.96324,46.70477],[6.96204,46.70471],[6.96162,46.70454],[6.96145,46.70441],[6.96129,46.70423],[6.96108,46.70391]]]},"properties":{"bfs_nr":2086,"name":"Massonnens"}},{"type":"Feature","geometry":{"type":"Polygon","coordinates":[[[6.9085,46.6698],[6.9096,46.66883],[6.91028,46.6685],[6.91109,46.66839],[6.91137,46.66831],[6.91251,46.66786],[6.91305,46.66762],[6.91325,46.66756],[6.91346,46.66753],[6.91599,46.66717],[6.91643,46.66704],[6.91709,46.66657],[6.91806,46.66619],[6.9186,46.66569],[6.91879,46.66559],[6.91903,46.6655],[6.91928,46.66546],[6.91943,46.66543],[6.9198,46.66534],[6.92057,46.66527],[6.92112,46.66535],[6.92145,46.66547],[6.92165,46.66556],[6.922,46.66578],[6.92228,46.66598],[6.92242,46.66609],[6.92296,46.66661],[6.92351,46.66698],[6.92428,46.66729],[6.9248,46.66735],[6.92554,46.66716],[6.926,46.66689],[6.92644,46.66675],[6.92724,46.6667],[6.92793,46.66687],[6.92851,46.66739],[6.9289,46.66761],[6.92938,46.66772],[6.92988,46.66769],[6.93063,46.66742],[6.93113,46.66736],[6.93162,46.66744],[6.93309,46.6681],[6.93427,46.66878],[6.93467,46.66942],[6.93541,46.67022],[6.93576,46.67048],[6.93671,46.6709],[6.93689,46.67102],[6.93695,46.67107],[6.93697,46.67108],[6.93725,46.67132],[6.93742,46.67144],[6.93769,46.6716],[6.93785,46.67168],[6.93802,46.67174],[6.93922,46.6721],[6.93981,46.67239],[6.9411,46.67333],[6.94123,46.67343],[6.94136,46.67355],[6.94151,46.6737],[6.94168,46.6739],[6.943,46.67564],[6.9442,46.67749],[6.94557,46.67994],[6.94583,46.68047],[6.94587,46.68059],[6.94603,46.68105],[6.94604,46.6811],[6.94656,46.68284],[6.94692,46.68367],[6.9473,46.68456],[6.94735,46.68472],[6.94738,46.68483],[6.94743,46.68498],[6.94783,46.68575],[6.94831,46.68652],[6.94848,46.68667],[6.94892,46.68689],[6.94939,46.68725],[6.94959,46.68736],[6.94999,46.68748],[6.95045,46.6877],[6.95095,46.68784],[6.95149,46.68783],[6.95215,46.68772],[6.95275,46.68775],[6.95404,46.68801],[6.95476,46.68819],[6.95553,46.68823],[6.95597,46.68837],[6.95648,46.68873],[6.95724,46.68937],[6.95761,46.68976],[6.95795,46.69028],[6.95807,46.69057],[6.95816,46.69106],[6.95872,46.69188],[6.95887,46.69203],[6.95929,46.69227],[6.95987,46.69251],[6.96017,46.69279],[6.96034,46.69333],[6.96058,46.69362],[6.96095,46.69384],[6.96166,46.69395],[6.96258,46.69391],[6.96303,46.69405],[6.96349,46.69446],[6.96374,46.69509],[6.96383,46.69548],[6.96388,46.69578],[6.96387,46.69599],[6.96383,46.69614],[6.96376,46.6963],[6.96356,46.69659],[6.96356,46.69711],[6.96391,46.69769],[6.9639,46.69805],[6.96377,46.69836],[6.96379,46.6987],[6.96399,46.699],[6.96436,46.69932],[6.96449,46.69949],[6.96456,46.69968],[6.96456,46.69998],[6.96452,46.70019],[6.96453,46.70036],[6.96459,46.70052],[6.96487,46.7009],[6.96498,46.70125],[6.96485,46.70169],[6.96453,46.702],[6.96408,46.70219],[6.96362,46.70225],[6.96304,46.7022],[6.96256,46.70226],[6.96215,46.70244],[6.96122,46.70298],[6.961,46.7033],[6.96097,46.70365],[6.96103,46.70382],[6.96109,46.70392],[6.96114,46.70401],[6.96138,46.70435],[6.96145,46.70444],[6.96173,46.70474],[6.96201,46.70531],[6.96266,46.7059],[6.96281,46.70622],[6.96279,46.70656],[6.96258,46.70686],[6.96214,46.7072],[6.96167,46.70743],[6.96117,46.70751],[6.96067,46.70745],[6.95926,46.70713],[6.9587,46.70711],[6.95802,46.70723],[6.95753,46.7072],[6.9571,46.70704],[6.95677,46.70678],[6.95649,46.70639],[6.95596,46.70605],[6.95575,46.70587],[6.95435,46.70432],[6.95422,46.7042],[6.95332,46.70349],[6.95255,46.70316],[6.95196,46.70276],[6.95138,46.70252],[6.95041,46.70189],[6.94997,46.70152],[6.94982,46.70144],[6.9496,46.70129],[6.94653,46.69889],[6.94636,46.69873],[6.94619,46.69842],[6.94618,46.69806],[6.94604,46.69773],[6.94532,46.69673],[6.94472,46.69635],[6.94424,46.6959],[6.94409,46.69577],[6.9439,46.69566],[6.94369,46.69558],[6.94322,46.6955],[6.94223,46.69552],[6.94108,46.69564],[6.94069,46.69566],[6.94039,46.69571],[6.9401,46.69571],[6.93974,46.69565],[6.93922,46.69552],[6.93882,46.69538],[6.93848,46.69515],[6.93667,46.6937],[6.93493,46.69242],[6.93466,46.69211],[6.93447,46.69198],[6.93425,46.69187],[6.93401,46.6918],[6.93375,46.69177],[6.93348,46.69177],[6.93322,46.6918],[6.93298,46.69188],[6.93276,46.69198],[6.93211,46.69248],[6.93162,46.69265],[6.93094,46.69273],[6.93029,46.69295],[6.92977,46.69301],[6.92895,46.69299],[6.92809,46.69328],[6.92775,46.69357],[6.9276,46.69387],[6.92711,46.69429],[6.92659,46.69444],[6.92563,46.69447],[6.92516,46.6944],[6.92475,46.69423],[6.92425,46.6938],[6.92392,46.69355],[6.92281,46.69261],[6.92267,46.69248],[6.92183,46.69155],[6.92182,46.69155],[6.91975,46.68933],[6.919,46.68889],[6.91881,46.68874],[6.91864,46.68853],[6.91837,46.68808],[6.91804,46.68753],[6.91802,46.6875],[6.91799,46.68746],[6.91789,46.68733],[6.91776,46.68722],[6.91753,46.68704],[6.91735,46.68688],[6.91716,46.6866],[6.91709,46.6864],[6.91709,46.68639],[6.91708,46.68625],[6.91707,46.68608],[6.91706,46.68596],[6.91703,46.68582],[6.91702,46.68578],[6.91694,46.68551],[6.91693,46.68548],[6.91686,46.68528],[6.91677,46.6851],[6.91642,46.68479],[6.91591,46.68459],[6.91571,46.68448],[6.91551,46.68433],[6.91459,46.68346],[6.9145,46.68336],[6.91449,46.68335],[6.91316,46.68193],[6.91304,46.68178],[6.91296,46.68161],[6.91248,46.68038],[6.91242,46.68009],[6.91242,46.68001],[6.91237,46.67984],[6.91215,46.67932],[6.91215,46.67931],[6.9119,46.67874],[6.91184,46.67864],[6.91163,46.67831],[6.91154,46.67819],[6.911,46.6776],[6.91088,46.67707],[6.9111,46.6766],[6.91112,46.67625],[6.91084,46.67569],[6.91028,46.67485],[6.91025,46.67449],[6.9104,46.67403],[6.91033,46.67368],[6.90933,46.67242],[6.90912,46.6718],[6.90893,46.67153],[6.9084,46.6709],[6.90826,46.6707],[6.90819,46.67034],[6.90832,46.66999],[6.9085,46.6698]]]},"properties":{"bfs_nr":2087,"name":"M\u00e9zi\u00e8res (FR)"}},{"type":"Feature","geometry":{"type":"Polygon","coordinates":[[[6.89309,46.70223],[6.89396,46.70157],[6.89419,46.70105],[6.89415,46.7004],[6.89437,46.70009],[6.89475,46.69986],[6.89563,46.69969],[6.89736,46.69954],[6.89763,46.69947],[6.89926,46.69888],[6.89937,46.69883],[6.90034,46.69839],[6.90051,46.69833],[6.90075,46.69821],[6.90093,46.69809],[6.90128,46.69774],[6.90159,46.69751],[6.90217,46.69722],[6.90247,46.6969],[6.90261,46.69661],[6.90307,46.69601],[6.90347,46.69576],[6.90422,46.69552],[6.90486,46.69543],[6.90535,46.69523],[6.90637,46.69459],[6.90668,46.69429],[6.90688,46.6939],[6.90739,46.69355],[6.90786,46.69339],[6.90821,46.69314],[6.9084,46.69282],[6.90839,46.69247],[6.90823,46.69217],[6.9077,46.69144],[6.90735,46.69112],[6.90676,46.69077],[6.90634,46.69063],[6.90538,46.69047],[6.90502,46.69024],[6.90481,46.68994],[6.90476,46.6897],[6.90469,46.68948],[6.90466,46.68942],[6.9046,46.68933],[6.90451,46.68912],[6.9044,46.68853],[6.90447,46.68817],[6.90479,46.68754],[6.90459,46.68703],[6.90376,46.68616],[6.90334,46.68596],[6.90284,46.68588],[6.902,46.68599],[6.9015,46.68595],[6.90101,46.68576],[6.90068,46.68552],[6.90005,46.68479],[6.89956,46.6845],[6.89918,46.68413],[6.89899,46.68379],[6.8983,46.6833],[6.89666,46.68163],[6.89634,46.68138],[6.89604,46.68088],[6.89556,46.68036],[6.89527,46.67946],[6.89509,46.67921],[6.89464,46.67887],[6.89433,46.67848],[6.89426,46.67813],[6.89439,46.67732],[6.89464,46.67701],[6.89511,46.67665],[6.8953,46.67632],[6.8953,46.67582],[6.89544,46.67548],[6.89577,46.6752],[6.89624,46.67496],[6.89652,46.67471],[6.89697,46.67446],[6.89805,46.67411],[6.89856,46.67408],[6.8988,46.67411],[6.89925,46.67428],[6.89956,46.67455],[6.89968,46.67475],[6.89977,46.67496],[6.89978,46.67499],[6.90006,46.67558],[6.90007,46.67559],[6.90018,46.67581],[6.90024,46.67593],[6.90034,46.67608],[6.90066,46.67634],[6.90134,46.67652],[6.90183,46.67649],[6.90312,46.67606],[6.90346,46.67581],[6.90375,46.67543],[6.90433,46.67513],[6.90451,46.67507],[6.90452,46.67507],[6.90504,46.67491],[6.9051,46.67489],[6.90556,46.67476],[6.90564,46.67474],[6.90588,46.67467],[6.90595,46.67465],[6.90627,46.67458],[6.90678,46.67457],[6.90752,46.67474],[6.90823,46.67507],[6.90904,46.67515],[6.90949,46.67509],[6.91,46.67513],[6.91062,46.67544],[6.91079,46.67563],[6.91111,46.67624],[6.91109,46.6766],[6.91086,46.67705],[6.91078,46.67743],[6.91094,46.67779],[6.91157,46.67827],[6.91173,46.67847],[6.91191,46.67876],[6.91215,46.67931],[6.91215,46.67932],[6.91231,46.67968],[6.91236,46.67985],[6.91241,46.68019],[6.91297,46.68165],[6.91304,46.68178],[6.91314,46.6819],[6.91459,46.68346],[6.91571,46.68451],[6.91669,46.68507],[6.91681,46.68523],[6.91691,46.68543],[6.91705,46.68593],[6.91707,46.68611],[6.91708,46.68627],[6.91709,46.68637],[6.9171,46.68644],[6.91715,46.68658],[6.91723,46.68674],[6.91725,46.68677],[6.91736,46.6869],[6.91749,46.68702],[6.91773,46.68719],[6.91789,46.68733],[6.91801,46.68749],[6.91804,46.68753],[6.91838,46.68809],[6.91886,46.68889],[6.91935,46.6893],[6.91978,46.68947],[6.92012,46.68973],[6.92183,46.69155],[6.92184,46.69156],[6.92269,46.6925],[6.92279,46.69259],[6.92394,46.69357],[6.92445,46.69398],[6.92481,46.69434],[6.92502,46.69447],[6.92553,46.69462],[6.92638,46.69461],[6.92686,46.69444],[6.92805,46.69386],[6.92877,46.6934],[6.92953,46.69327],[6.93046,46.69294],[6.93135,46.69286],[6.93197,46.69263],[6.93254,46.69215],[6.93277,46.69199],[6.93298,46.69188],[6.93348,46.69177],[6.93401,46.69181],[6.93447,46.69198],[6.93465,46.69211],[6.93492,46.69242],[6.93666,46.69369],[6.93854,46.6952],[6.93881,46.69538],[6.93913,46.6955],[6.93984,46.69567],[6.94011,46.69572],[6.9404,46.69572],[6.94189,46.69555],[6.94262,46.69555],[6.94322,46.69551],[6.94369,46.69558],[6.94408,46.69577],[6.94428,46.69594],[6.94452,46.69619],[6.94489,46.69661],[6.94541,46.69694],[6.9459,46.69759],[6.94594,46.69821],[6.94625,46.69867],[6.94972,46.70139],[6.94995,46.70153],[6.95027,46.70179],[6.95112,46.7024],[6.95174,46.7027],[6.95227,46.7032],[6.95266,46.70337],[6.9532,46.7035],[6.95362,46.70373],[6.95437,46.70435],[6.95589,46.70603],[6.95665,46.70672],[6.95766,46.70753],[6.95822,46.70791],[6.95856,46.70835],[6.95912,46.70887],[6.95925,46.70921],[6.95908,46.70972],[6.95853,46.71008],[6.95804,46.71017],[6.95753,46.71012],[6.95724,46.71003],[6.95667,46.7098],[6.95647,46.70971],[6.9562,46.70957],[6.95607,46.70952],[6.95508,46.70918],[6.95504,46.70917],[6.95475,46.70907],[6.95446,46.70893],[6.95385,46.70861],[6.95378,46.70857],[6.95353,46.70842],[6.95336,46.70834],[6.95318,46.70828],[6.95277,46.70815],[6.95255,46.70806],[6.95199,46.70778],[6.95108,46.70741],[6.95054,46.70724],[6.9502,46.70711],[6.94973,46.70682],[6.94913,46.70642],[6.94811,46.70591],[6.94794,46.70581],[6.9475,46.70554],[6.94657,46.70499],[6.94615,46.70476],[6.94584,46.70451],[6.94539,46.70405],[6.9448,46.70379],[6.94398,46.70369],[6.94315,46.70344],[6.94289,46.70337],[6.94283,46.70336],[6.94254,46.70329],[6.94239,46.70326],[6.94194,46.7032],[6.9417,46.70318],[6.94145,46.70319],[6.94122,46.70323],[6.941,46.7033],[6.9408,46.7034],[6.94063,46.70352],[6.9405,46.70367],[6.94007,46.70425],[6.93994,46.7044],[6.93978,46.70453],[6.93942,46.70478],[6.93918,46.70492],[6.93896,46.705],[6.93848,46.70508],[6.93711,46.70499],[6.93663,46.70508],[6.93623,46.70528],[6.93597,46.70557],[6.93537,46.70661],[6.93499,46.70687],[6.93413,46.7071],[6.93359,46.70745],[6.93338,46.7078],[6.93324,46.70796],[6.93301,46.70813],[6.93265,46.70835],[6.93264,46.70835],[6.93043,46.70967],[6.93004,46.71007],[6.92975,46.7113],[6.9295,46.7116],[6.92909,46.71181],[6.92824,46.71201],[6.92786,46.71226],[6.92764,46.7126],[6.92765,46.71314],[6.92755,46.71351],[6.92676,46.71423],[6.92664,46.71457],[6.92655,46.71505],[6.92643,46.71551],[6.92624,46.71642],[6.92627,46.71679],[6.92637,46.71696],[6.92687,46.71746],[6.92696,46.71781],[6.92688,46.71829],[6.92691,46.71847],[6.92699,46.71865],[6.92712,46.71881],[6.9273,46.71895],[6.92783,46.71922],[6.92806,46.71937],[6.92831,46.71967],[6.92837,46.71985],[6.92832,46.7202],[6.92809,46.72051],[6.92755,46.72088],[6.92704,46.72136],[6.92685,46.72159],[6.92594,46.72227],[6.92548,46.72246],[6.92472,46.72257],[6.92451,46.7226],[6.9244,46.72263],[6.92418,46.72269],[6.92357,46.72291],[6.92317,46.72307],[6.92245,46.72314],[6.92199,46.72302],[6.92145,46.72263],[6.92013,46.72087],[6.9197,46.72062],[6.91911,46.72045],[6.91868,46.72015],[6.91828,46.7196],[6.91771,46.71925],[6.91721,46.71918],[6.91664,46.71923],[6.91613,46.71918],[6.91568,46.719],[6.91521,46.71867],[6.91475,46.71852],[6.91178,46.71799],[6.91132,46.71783],[6.91005,46.71695],[6.90935,46.71639],[6.90829,46.71586],[6.90713,46.7149],[6.90526,46.71399],[6.90449,46.7138],[6.90403,46.7136],[6.90369,46.71333],[6.90258,46.71256],[6.9011,46.71146],[6.89897,46.70954],[6.89746,46.70766],[6.89712,46.70701],[6.8968,46.70664],[6.89622,46.70637],[6.89573,46.70627],[6.89469,46.70571],[6.89427,46.70534],[6.89283,46.70331],[6.89268,46.70277],[6.89284,46.70245],[6.89309,46.70223]]]},"properties":{"bfs_nr":2096,"name":"Romont (FR)"}},{"type":"Feature","geometry":{"type":"Polygon","coordinates":[[[6.79549,46.57607],[6.79538,46.57555],[6.79554,46.57524],[6.79586,46.57499],[6.797,46.57458],[6.79768,46.57454],[6.79895,46.57417],[6.79958,46.57413],[6.80081,46.57442],[6.80132,46.57463],[6.80167,46.57496],[6.80204,46.57518],[6.80258,46.57535],[6.80303,46.57572],[6.80333,46.57648],[6.80381,46.5769],[6.80426,46.57708],[6.805,46.57768],[6.80545,46.57781],[6.80593,46.57782],[6.80736,46.57769],[6.80784,46.57776],[6.80824,46.57795],[6.80902,46.57858],[6.80944,46.57878],[6.81105,46.579],[6.8115,46.57915],[6.81193,46.57956],[6.812,46.5799],[6.81162,46.58067],[6.81164,46.581],[6.81182,46.5813],[6.8123,46.58172],[6.8127,46.58233],[6.81293,46.58303],[6.81316,46.58339],[6.81384,46.58386],[6.81422,46.58462],[6.81456,46.58489],[6.81503,46.58505],[6.81554,46.58507],[6.81645,46.58481],[6.817,46.58476],[6.81772,46.5846],[6.81859,46.58428],[6.81923,46.58422],[6.81968,46.58408],[6.82055,46.58368],[6.82092,46.58335],[6.82126,46.58281],[6.82151,46.58203],[6.82159,46.58133],[6.82215,46.58037],[6.82257,46.58003],[6.82279,46.57968],[6.82297,46.5791],[6.82368,46.57825],[6.82403,46.57799],[6.82478,46.57782],[6.8257,46.57793],[6.82668,46.57792],[6.8273,46.57779],[6.82778,46.57751],[6.82843,46.57724],[6.82882,46.577],[6.82917,46.57656],[6.82954,46.57632],[6.83078,46.57599],[6.83336,46.57564],[6.83445,46.57544],[6.83494,46.57547],[6.83538,46.57563],[6.83668,46.57639],[6.83703,46.5769],[6.83708,46.57735],[6.83752,46.57783],[6.83819,46.57816],[6.83899,46.57847],[6.83979,46.57897],[6.84001,46.57927],[6.84014,46.57964],[6.84039,46.57991],[6.84081,46.58019],[6.8412,46.58076],[6.84174,46.58129],[6.84191,46.5816],[6.84189,46.58194],[6.84169,46.58228],[6.84164,46.58244],[6.84163,46.5826],[6.84172,46.58291],[6.84211,46.58355],[6.8426,46.58426],[6.84274,46.58439],[6.84292,46.58449],[6.84358,46.58484],[6.84379,46.58517],[6.84375,46.58589],[6.84372,46.58595],[6.84367,46.5861],[6.84366,46.58619],[6.84363,46.58644],[6.84357,46.58661],[6.84333,46.58691],[6.84324,46.58708],[6.84323,46.58711],[6.84314,46.58738],[6.84309,46.58749],[6.84306,46.58766],[6.84314,46.58799],[6.84324,46.58814],[6.84329,46.58822],[6.84336,46.58834],[6.84338,46.58837],[6.84348,46.58871],[6.84334,46.58934],[6.84321,46.58951],[6.84318,46.58954],[6.84304,46.58967],[6.84289,46.58999],[6.84292,46.59033],[6.84312,46.59063],[6.84328,46.59076],[6.84336,46.59081],[6.84356,46.59101],[6.84364,46.59112],[6.84376,46.59126],[6.84403,46.5915],[6.8442,46.59169],[6.8444,46.59218],[6.84454,46.59236],[6.84458,46.5924],[6.84478,46.59257],[6.84491,46.59273],[6.84668,46.59548],[6.84683,46.59585],[6.84716,46.59752],[6.84723,46.59771],[6.84735,46.59788],[6.84753,46.59804],[6.84772,46.59816],[6.84813,46.59861],[6.84856,46.59898],[6.84936,46.60009],[6.84941,46.60064],[6.84919,46.60096],[6.84859,46.6014],[6.84842,46.60175],[6.84848,46.60212],[6.84878,46.6026],[6.84881,46.60293],[6.84831,46.60398],[6.84766,46.60445],[6.84693,46.60463],[6.84584,46.60522],[6.84534,46.60572],[6.84434,46.60627],[6.84397,46.60673],[6.84404,46.60725],[6.84433,46.60755],[6.84502,46.60793],[6.84534,46.6085],[6.84582,46.60948],[6.846,46.60978],[6.84611,46.61003],[6.84629,46.61035],[6.84632,46.61041],[6.84659,46.61083],[6.8469,46.61113],[6.84757,46.61141],[6.8481,46.61176],[6.84868,46.61194],[6.84911,46.612],[6.84956,46.61217],[6.85009,46.61278],[6.85077,46.61327],[6.85117,46.61383],[6.85152,46.61448],[6.85149,46.61486],[6.85123,46.61519],[6.85067,46.61553],[6.85007,46.61604],[6.84967,46.61625],[6.84927,46.61654],[6.84887,46.6167],[6.84835,46.61675],[6.84563,46.6167],[6.84446,46.61685],[6.84332,46.61681],[6.84282,46.61688],[6.84233,46.61709],[6.84201,46.61739],[6.84188,46.61774],[6.84199,46.61842],[6.84189,46.61875],[6.84164,46.61902],[6.84125,46.61922],[6.84097,46.61929],[6.84085,46.61931],[6.84031,46.61941],[6.83993,46.61953],[6.83972,46.61964],[6.83943,46.61993],[6.83926,46.62043],[6.83903,46.62073],[6.83842,46.62108],[6.83815,46.62135],[6.83804,46.62168],[6.83809,46.62201],[6.83809,46.62219],[6.83813,46.6224],[6.83834,46.62307],[6.83823,46.62361],[6.83838,46.62408],[6.83877,46.62445],[6.83933,46.6248],[6.8396,46.62526],[6.83961,46.62548],[6.83945,46.62686],[6.83939,46.62708],[6.83929,46.62725],[6.83895,46.62753],[6.83821,46.62772],[6.83795,46.62771],[6.83763,46.62766],[6.83507,46.62701],[6.83452,46.62696],[6.82949,46.62723],[6.82891,46.62731],[6.8277,46.62758],[6.82709,46.62763],[6.82581,46.62752],[6.82529,46.62759],[6.82486,46.6278],[6.82451,46.62829],[6.82455,46.62866],[6.82477,46.629],[6.82485,46.62938],[6.82479,46.62961],[6.82474,46.62973],[6.82471,46.62979],[6.82453,46.63016],[6.8244,46.63046],[6.82426,46.63073],[6.82408,46.63116],[6.82393,46.63133],[6.82337,46.63178],[6.82322,46.63209],[6.82323,46.63249],[6.82311,46.63282],[6.82282,46.6331],[6.82216,46.63345],[6.82133,46.63381],[6.82079,46.63387],[6.82045,46.63384],[6.82038,46.63382],[6.82008,46.63375],[6.81976,46.63364],[6.81888,46.63353],[6.81847,46.63336],[6.81827,46.63321],[6.81789,46.63288],[6.81771,46.63275],[6.81625,46.63189],[6.81515,46.63125],[6.81514,46.63124],[6.81483,46.63107],[6.81435,46.63089],[6.81317,46.63074],[6.81252,46.63076],[6.81201,46.63067],[6.81145,46.6303],[6.81116,46.6298],[6.81084,46.62953],[6.81039,46.62937],[6.80988,46.62933],[6.8094,46.62944],[6.80901,46.62966],[6.80886,46.6298],[6.80872,46.63014],[6.80875,46.63063],[6.80875,46.63087],[6.80872,46.63115],[6.80864,46.6314],[6.8086,46.63148],[6.80854,46.63159],[6.80843,46.63179],[6.80825,46.63202],[6.80815,46.63212],[6.808,46.63226],[6.80769,46.63248],[6.80756,46.63264],[6.80748,46.63282],[6.80746,46.633],[6.80749,46.63319],[6.80757,46.63336],[6.8077,46.63352],[6.80809,46.63389],[6.8086,46.63425],[6.80901,46.63466],[6.80935,46.63495],[6.80956,46.63515],[6.80972,46.63532],[6.80999,46.63578],[6.81013,46.636],[6.81032,46.63635],[6.81058,46.63675],[6.81069,46.63723],[6.81071,46.63741],[6.81071,46.63761],[6.81068,46.63784],[6.81047,46.63817],[6.80977,46.6386],[6.80962,46.63874],[6.80945,46.63905],[6.8094,46.63923],[6.80938,46.63939],[6.80946,46.63987],[6.80921,46.64074],[6.80875,46.64127],[6.80807,46.64167],[6.80793,46.6418],[6.80782,46.64194],[6.80775,46.6421],[6.80773,46.64226],[6.80773,46.64249],[6.80766,46.64271],[6.80752,46.64303],[6.8074,46.64335],[6.80729,46.64355],[6.80717,46.6437],[6.80681,46.64393],[6.80653,46.64403],[6.80632,46.64409],[6.80628,46.6441],[6.806,46.64417],[6.80578,46.64421],[6.80544,46.64427],[6.80484,46.64442],[6.80435,46.64444],[6.80369,46.64424],[6.8033,46.64399],[6.80286,46.64385],[6.8022,46.64382],[6.8017,46.64367],[6.80118,46.64319],[6.80017,46.64125],[6.79907,46.63977],[6.7989,46.63941],[6.79876,46.63877],[6.79879,46.63775],[6.79832,46.63604],[6.79813,46.63573],[6.79755,46.63534],[6.79719,46.6347],[6.79712,46.63388],[6.79695,46.63315],[6.79709,46.63276],[6.79763,46.63169],[6.79814,46.63077],[6.79845,46.63049],[6.7989,46.63031],[6.79947,46.63025],[6.8,46.63007],[6.80035,46.62979],[6.80065,46.62904],[6.80094,46.62877],[6.80138,46.62857],[6.80173,46.62828],[6.80213,46.62772],[6.80215,46.62722],[6.80184,46.62629],[6.80181,46.62593],[6.80193,46.62525],[6.80251,46.62397],[6.80291,46.62329],[6.80308,46.6229],[6.80343,46.62237],[6.80351,46.62164],[6.80344,46.62128],[6.8031,46.62087],[6.80279,46.61985],[6.80253,46.61861],[6.80262,46.61776],[6.80284,46.61698],[6.80295,46.61632],[6.80285,46.616],[6.80239,46.61554],[6.80221,46.6152],[6.80225,46.61478],[6.80273,46.61359],[6.80304,46.61269],[6.80335,46.61032],[6.8034,46.61011],[6.80386,46.60939],[6.80388,46.60897],[6.80345,46.60694],[6.80287,46.60468],[6.80242,46.60263],[6.80239,46.60161],[6.80227,46.60125],[6.80204,46.60094],[6.80141,46.60061],[6.79947,46.60014],[6.79878,46.59979],[6.79854,46.59928],[6.79857,46.59905],[6.79926,46.59681],[6.80013,46.59385],[6.80023,46.59363],[6.80095,46.59282],[6.80113,46.59247],[6.80104,46.59181],[6.80084,46.59145],[6.80052,46.59118],[6.80016,46.5907],[6.80001,46.59011],[6.79989,46.58869],[6.79976,46.58827],[6.79924,46.58742],[6.79886,46.58663],[6.79887,46.58628],[6.79931,46.58568],[6.79938,46.58536],[6.79915,46.58465],[6.79909,46.58423],[6.79921,46.58383],[6.7991,46.58269],[6.79891,46.58208],[6.79846,46.5815],[6.79795,46.58071],[6.79761,46.58035],[6.79681,46.57986],[6.7964,46.57954],[6.79616,46.57919],[6.7959,46.57848],[6.79591,46.57813],[6.79617,46.57746],[6.79612,46.57711],[6.79565,46.57641],[6.79549,46.57607]]]},"properties":{"bfs_nr":2097,"name":"Rue"}},{"type":"Feature","geometry":{"type":"Polygon","coordinates":[[[6.85232,46.64782],[6.85253,46.6474],[6.85346,46.6465],[6.85367,46.64638],[6.8539,46.64629],[6.85451,46.64616],[6.85512,46.64595],[6.85584,46.64591],[6.85651,46.6461],[6.85698,46.64614],[6.85765,46.64598],[6.85856,46.64562],[6.85899,46.64544],[6.85916,46.64536],[6.8593,46.64526],[6.85978,46.64489],[6.85999,46.64458],[6.86003,46.64441],[6.85995,46.64406],[6.85972,46.64371],[6.85965,46.64337],[6.85976,46.64303],[6.86029,46.64262],[6.86338,46.64126],[6.86357,46.64115],[6.86374,46.64102],[6.86386,46.64087],[6.86394,46.64071],[6.86398,46.64053],[6.86396,46.64036],[6.8639,46.64019],[6.86341,46.63947],[6.86307,46.63919],[6.86285,46.63909],[6.86247,46.63894],[6.86231,46.63884],[6.86215,46.63871],[6.86204,46.63858],[6.86194,46.6384],[6.86154,46.63739],[6.86153,46.63735],[6.86139,46.63698],[6.86134,46.63674],[6.86128,46.6362],[6.86119,46.63566],[6.86118,46.63546],[6.86127,46.6349],[6.86129,46.63477],[6.86129,46.6347],[6.86129,46.63461],[6.86125,46.63408],[6.86131,46.63386],[6.8614,46.63358],[6.86151,46.63335],[6.86207,46.63257],[6.86213,46.63246],[6.86222,46.63228],[6.86227,46.63217],[6.86237,46.63184],[6.86246,46.63162],[6.86251,46.63146],[6.86252,46.63129],[6.8624,46.6307],[6.86252,46.63033],[6.86254,46.63026],[6.86256,46.6302],[6.86257,46.63015],[6.86257,46.62993],[6.8625,46.62971],[6.86245,46.62963],[6.86235,46.62948],[6.86225,46.6293],[6.86216,46.62909],[6.86214,46.62902],[6.86211,46.62881],[6.8622,46.62847],[6.86247,46.62818],[6.86288,46.62799],[6.86318,46.62792],[6.86381,46.62782],[6.86546,46.62751],[6.86609,46.62725],[6.86641,46.6268],[6.8664,46.62646],[6.86596,46.6259],[6.8654,46.62564],[6.86506,46.62537],[6.86495,46.62521],[6.86488,46.625],[6.86487,46.62488],[6.86486,46.62467],[6.865,46.62434],[6.8653,46.62407],[6.86572,46.6239],[6.86621,46.62385],[6.86684,46.62391],[6.86719,46.62393],[6.8675,46.62397],[6.8676,46.62398],[6.86765,46.62398],[6.86784,46.62398],[6.86803,46.62397],[6.86813,46.62397],[6.86818,46.62396],[6.86839,46.62393],[6.8686,46.62388],[6.86911,46.62363],[6.86993,46.62315],[6.87041,46.62295],[6.87113,46.6228],[6.87164,46.62283],[6.87229,46.62311],[6.87301,46.62326],[6.87385,46.62319],[6.87569,46.62345],[6.876,46.62354],[6.87654,46.62358],[6.87705,46.62347],[6.87754,46.62324],[6.87801,46.62316],[6.8785,46.6232],[6.87959,46.62344],[6.88025,46.62362],[6.88077,46.62393],[6.88101,46.62402],[6.88126,46.62408],[6.88135,46.6241],[6.88145,46.62411],[6.88166,46.62413],[6.88185,46.62416],[6.88206,46.62418],[6.88268,46.62419],[6.88316,46.62434],[6.88352,46.62461],[6.88366,46.62482],[6.8839,46.62531],[6.88413,46.62562],[6.88475,46.62595],[6.88527,46.626],[6.88574,46.62592],[6.88604,46.62583],[6.88622,46.62576],[6.88628,46.62573],[6.88632,46.62572],[6.88651,46.62562],[6.88661,46.62557],[6.88708,46.62539],[6.88792,46.62529],[6.88841,46.62542],[6.88924,46.626],[6.88958,46.62644],[6.88966,46.62652],[6.88973,46.62658],[6.88994,46.62676],[6.89001,46.62681],[6.89029,46.62701],[6.89044,46.6271],[6.89115,46.62749],[6.89122,46.62752],[6.89133,46.62757],[6.89147,46.62764],[6.89165,46.62776],[6.89201,46.62801],[6.89243,46.62818],[6.8929,46.62823],[6.89314,46.6282],[6.8936,46.62808],[6.89412,46.62804],[6.89479,46.62817],[6.89519,46.6284],[6.89537,46.62859],[6.89545,46.62872],[6.89554,46.62891],[6.89559,46.6291],[6.89559,46.62917],[6.89559,46.62919],[6.89563,46.62973],[6.89573,46.63007],[6.896,46.63042],[6.89612,46.63062],[6.89616,46.63098],[6.89609,46.6312],[6.89585,46.63171],[6.89569,46.63196],[6.89541,46.63229],[6.89509,46.63255],[6.8949,46.6327],[6.89456,46.6329],[6.8943,46.63303],[6.89383,46.63313],[6.89328,46.63316],[6.89239,46.63342],[6.8916,46.63349],[6.89116,46.63367],[6.89084,46.63395],[6.89071,46.63429],[6.89075,46.63481],[6.89062,46.63531],[6.8906,46.63624],[6.89076,46.63672],[6.89107,46.63701],[6.89152,46.63718],[6.89203,46.63723],[6.89284,46.63706],[6.89312,46.63703],[6.89346,46.63705],[6.89372,46.63711],[6.89394,46.63718],[6.89429,46.63741],[6.89444,46.63759],[6.89484,46.63817],[6.89499,46.63848],[6.89501,46.63852],[6.8951,46.6387],[6.89516,46.63884],[6.89526,46.63916],[6.89536,46.63953],[6.89543,46.63969],[6.89546,46.63974],[6.89553,46.63985],[6.89562,46.63996],[6.89575,46.6401],[6.89592,46.64021],[6.89633,46.64037],[6.89656,46.64041],[6.89904,46.64069],[6.89978,46.64092],[6.9018,46.64207],[6.90219,46.64241],[6.9024,46.64272],[6.90248,46.64306],[6.90257,46.64323],[6.90367,46.6449],[6.90429,46.64574],[6.90514,46.64643],[6.9056,46.64694],[6.90577,46.64707],[6.90743,46.64807],[6.90785,46.64825],[6.90859,46.64828],[6.90904,46.64814],[6.9095,46.64774],[6.9097,46.64734],[6.91017,46.64688],[6.91041,46.64633],[6.91093,46.64597],[6.91163,46.64576],[6.91213,46.64568],[6.91249,46.64561],[6.91254,46.6456],[6.91276,46.64556],[6.91284,46.64554],[6.91297,46.6455],[6.91307,46.64547],[6.91362,46.6453],[6.91393,46.64524],[6.91481,46.64512],[6.91508,46.64512],[6.91533,46.64516],[6.91558,46.64523],[6.91585,46.64537],[6.91778,46.64653],[6.91811,46.6468],[6.91845,46.64717],[6.91852,46.64732],[6.91855,46.64748],[6.91855,46.64764],[6.91847,46.64791],[6.91845,46.64803],[6.91844,46.64811],[6.91844,46.64826],[6.91845,46.64842],[6.91851,46.64858],[6.91858,46.64873],[6.91868,46.64888],[6.91874,46.64896],[6.91876,46.64898],[6.91898,46.64924],[6.91902,46.64928],[6.91914,46.6494],[6.91926,46.64951],[6.91979,46.64995],[6.91995,46.6503],[6.91996,46.65048],[6.9199,46.65066],[6.91977,46.65087],[6.91964,46.65103],[6.91959,46.65109],[6.91959,46.6511],[6.91942,46.65125],[6.91887,46.65162],[6.91867,46.65197],[6.91866,46.65216],[6.9188,46.65273],[6.91845,46.65352],[6.91849,46.65386],[6.91884,46.65447],[6.91985,46.65617],[6.92,46.65661],[6.92023,46.65691],[6.92062,46.65713],[6.9211,46.65724],[6.92201,46.65723],[6.92247,46.65736],[6.92302,46.65767],[6.92332,46.65795],[6.92349,46.65821],[6.92374,46.65857],[6.92383,46.65874],[6.92404,46.65925],[6.92408,46.65936],[6.92412,46.65955],[6.92416,46.65967],[6.92426,46.65991],[6.92436,46.66017],[6.92442,46.66029],[6.92451,46.66044],[6.92469,46.66065],[6.92497,46.66091],[6.92513,46.6611],[6.92524,46.66144],[6.92516,46.66178],[6.92477,46.66226],[6.92468,46.66247],[6.92466,46.66256],[6.92463,46.66275],[6.92463,46.6629],[6.92465,46.66306],[6.92467,46.66315],[6.92487,46.66398],[6.92498,46.66436],[6.92499,46.66439],[6.925,46.66442],[6.92505,46.66466],[6.92504,46.665],[6.92526,46.66559],[6.92544,46.66585],[6.92551,46.66637],[6.92532,46.66669],[6.92473,46.66702],[6.92398,46.66707],[6.92351,46.66693],[6.92296,46.66661],[6.9227,46.66634],[6.9224,46.66607],[6.92231,46.666],[6.92198,46.66576],[6.92188,46.6657],[6.92161,46.66554],[6.92147,46.66547],[6.92141,46.66545],[6.92118,46.66537],[6.921,46.66532],[6.92078,46.66528],[6.92055,46.66526],[6.91997,46.6653],[6.91909,46.66549],[6.91901,46.66551],[6.91879,46.66559],[6.9186,46.66569],[6.91793,46.66623],[6.91696,46.66658],[6.91642,46.66697],[6.91603,46.66714],[6.91575,46.6672],[6.91415,46.66743],[6.91376,46.66746],[6.91363,46.66746],[6.91314,46.66756],[6.91248,46.66787],[6.91142,46.66829],[6.91113,46.66838],[6.91027,46.66849],[6.90964,46.6688],[6.90846,46.66984],[6.90831,46.66999],[6.90822,46.67016],[6.90818,46.67034],[6.90819,46.67052],[6.90826,46.6707],[6.90837,46.67086],[6.90903,46.6717],[6.90917,46.67216],[6.90935,46.67246],[6.90996,46.67325],[6.90999,46.67375],[6.90979,46.67406],[6.90944,46.67429],[6.90899,46.67442],[6.90805,46.67436],[6.90662,46.67443],[6.90641,46.6745],[6.9062,46.67457],[6.90607,46.67462],[6.90591,46.67466],[6.90576,46.6747],[6.90569,46.67472],[6.90509,46.67489],[6.90505,46.6749],[6.90452,46.67507],[6.90446,46.67509],[6.90399,46.67519],[6.90366,46.67526],[6.90321,46.67548],[6.90261,46.67618],[6.9022,46.67636],[6.90159,46.67645],[6.9011,46.67639],[6.90053,46.67611],[6.90027,46.6759],[6.9001,46.67565],[6.90007,46.67558],[6.90006,46.67557],[6.89979,46.67499],[6.89977,46.67496],[6.89966,46.67471],[6.89957,46.67455],[6.89925,46.67428],[6.89881,46.67411],[6.89856,46.67407],[6.8983,46.67407],[6.89805,46.6741],[6.89782,46.67417],[6.89644,46.67465],[6.89599,46.67487],[6.89524,46.67513],[6.89491,46.67541],[6.89477,46.67595],[6.89487,46.67631],[6.89479,46.67667],[6.89433,46.67714],[6.894,46.67761],[6.89364,46.67784],[6.89318,46.67796],[6.8927,46.67795],[6.8918,46.67767],[6.88966,46.67655],[6.88919,46.67622],[6.88845,46.67586],[6.88781,46.67546],[6.88736,46.67503],[6.8872,46.67491],[6.88701,46.67481],[6.8868,46.67474],[6.88634,46.67467],[6.88557,46.67468],[6.8851,46.67453],[6.88464,46.67429],[6.88367,46.67406],[6.88318,46.6741],[6.88273,46.67417],[6.88247,46.67422],[6.88227,46.67428],[6.88199,46.67434],[6.88154,46.67442],[6.88111,46.67454],[6.87903,46.67529],[6.87813,46.6758],[6.87766,46.67588],[6.87736,46.67587],[6.876,46.67575],[6.87568,46.6757],[6.87544,46.67562],[6.87492,46.67537],[6.87376,46.67518],[6.87336,46.67499],[6.87309,46.6747],[6.87289,46.67429],[6.87259,46.67394],[6.87209,46.6736],[6.87123,46.67284],[6.87083,46.67239],[6.87017,46.67187],[6.86979,46.67168],[6.86848,46.67044],[6.8674,46.66919],[6.86693,46.66841],[6.86666,46.66779],[6.865,46.66556],[6.86483,46.66519],[6.86497,46.6647],[6.86526,46.66443],[6.86643,46.66393],[6.86743,46.6634],[6.8677,46.6631],[6.86773,46.66257],[6.86747,46.66209],[6.86748,46.66176],[6.86783,46.66104],[6.86782,46.66069],[6.86729,46.66006],[6.86617,46.65917],[6.86572,46.65895],[6.8649,46.65866],[6.86443,46.6586],[6.86378,46.65863],[6.86283,46.65853],[6.86238,46.65864],[6.8616,46.65895],[6.8605,46.6595],[6.86001,46.65958],[6.85928,46.65947],[6.85843,46.65888],[6.85772,46.65863],[6.85703,46.65817],[6.85678,46.65791],[6.85665,46.65754],[6.85638,46.65722],[6.8558,46.65687],[6.85481,46.65608],[6.85374,46.65552],[6.85342,46.65524],[6.85328,46.65461],[6.85297,46.65415],[6.85203,46.65341],[6.852,46.65339],[6.85135,46.65287],[6.85132,46.65284],[6.85116,46.65265],[6.85103,46.65231],[6.85105,46.65208],[6.8511,46.65188],[6.8511,46.65186],[6.85122,46.65141],[6.85122,46.6514],[6.85145,46.65055],[6.85145,46.65053],[6.85151,46.65033],[6.85152,46.65029],[6.85164,46.64992],[6.8518,46.6494],[6.85205,46.64864],[6.85214,46.64822],[6.85233,46.64782],[6.85232,46.64782]]]},"properties":{"bfs_nr":2099,"name":"Siviriez"}},{"type":"Feature","geometry":{"type":"Polygon","coordinates":[[[6.79989,46.64736],[6.80029,46.6471],[6.80076,46.64661],[6.80123,46.64643],[6.80282,46.64606],[6.80339,46.64573],[6.80366,46.6451],[6.80389,46.64481],[6.80425,46.6446],[6.80512,46.64435],[6.80596,46.64418],[6.80628,46.6441],[6.80631,46.64409],[6.80659,46.64401],[6.80681,46.64394],[6.80701,46.64383],[6.80717,46.6437],[6.8073,46.64356],[6.80738,46.64339],[6.80751,46.64304],[6.80769,46.64265],[6.80775,46.6424],[6.80775,46.64217],[6.80781,46.64199],[6.80791,46.64183],[6.80806,46.64168],[6.80875,46.64127],[6.8092,46.64077],[6.80947,46.63987],[6.80939,46.63939],[6.80941,46.63918],[6.80961,46.63878],[6.80994,46.63853],[6.8103,46.63836],[6.81059,46.63808],[6.81068,46.63791],[6.81071,46.63774],[6.81071,46.63769],[6.81071,46.63738],[6.8107,46.63726],[6.81062,46.63689],[6.81058,46.63675],[6.81031,46.63632],[6.81015,46.63602],[6.81,46.6358],[6.80991,46.63564],[6.80985,46.63552],[6.80975,46.63536],[6.80968,46.63527],[6.80959,46.63518],[6.80933,46.63494],[6.80898,46.63463],[6.80872,46.63436],[6.80848,46.63415],[6.80827,46.63402],[6.80802,46.63382],[6.80775,46.63356],[6.80759,46.63338],[6.80747,46.63305],[6.80748,46.63288],[6.80763,46.63256],[6.80809,46.63218],[6.80828,46.63198],[6.8084,46.63183],[6.80856,46.63157],[6.80859,46.6315],[6.80866,46.63136],[6.80871,46.63119],[6.80874,46.631],[6.80875,46.6309],[6.80875,46.63061],[6.80872,46.63014],[6.80901,46.62966],[6.8094,46.62944],[6.80988,46.62934],[6.81039,46.62937],[6.81084,46.62953],[6.81116,46.6298],[6.81145,46.63037],[6.81168,46.63067],[6.81207,46.63089],[6.81255,46.63099],[6.81342,46.63099],[6.814,46.63092],[6.8145,46.63097],[6.81473,46.63104],[6.81499,46.63116],[6.81516,46.63126],[6.81624,46.63188],[6.81627,46.63189],[6.81766,46.63272],[6.81794,46.63292],[6.81849,46.63341],[6.81887,46.63364],[6.81934,46.63375],[6.81983,46.63375],[6.82016,46.63378],[6.82052,46.63385],[6.82079,46.63388],[6.82106,46.63386],[6.82133,46.63381],[6.82157,46.63372],[6.82214,46.63347],[6.82291,46.63307],[6.8232,46.63279],[6.82331,46.63246],[6.8233,46.63205],[6.82345,46.63174],[6.82399,46.63129],[6.82411,46.63113],[6.82428,46.6307],[6.8244,46.63045],[6.82473,46.62974],[6.82481,46.62955],[6.82486,46.62939],[6.82482,46.62906],[6.82455,46.62857],[6.82458,46.62821],[6.82481,46.62789],[6.82546,46.62758],[6.82598,46.62755],[6.82683,46.62769],[6.82737,46.62765],[6.82888,46.62732],[6.82954,46.62722],[6.83445,46.62696],[6.83513,46.62703],[6.83769,46.62767],[6.83795,46.62772],[6.83821,46.62773],[6.83895,46.62753],[6.83929,46.62725],[6.83939,46.62708],[6.83944,46.6269],[6.83962,46.62542],[6.83961,46.62525],[6.83957,46.62509],[6.83935,46.6248],[6.83877,46.62444],[6.83839,46.62407],[6.83824,46.62361],[6.83835,46.62305],[6.83832,46.62282],[6.83812,46.62233],[6.83813,46.62181],[6.8383,46.62148],[6.83904,46.62104],[6.83943,46.62057],[6.83948,46.62015],[6.83964,46.61982],[6.83997,46.61955],[6.84019,46.61946],[6.84048,46.61938],[6.84102,46.61928],[6.84125,46.61922],[6.84146,46.61914],[6.84164,46.61903],[6.84179,46.6189],[6.8419,46.61875],[6.84197,46.61859],[6.84199,46.61842],[6.84189,46.61777],[6.84217,46.61725],[6.84293,46.61687],[6.8434,46.61682],[6.84437,46.61687],[6.8456,46.61672],[6.84842,46.61675],[6.84867,46.61674],[6.84892,46.61669],[6.84914,46.61662],[6.84935,46.61651],[6.84963,46.61632],[6.84992,46.61619],[6.85009,46.61606],[6.85069,46.61552],[6.85128,46.61517],[6.85154,46.61487],[6.85156,46.61435],[6.85128,46.61392],[6.85115,46.61329],[6.85091,46.61296],[6.85053,46.61267],[6.8499,46.61187],[6.84947,46.61166],[6.84895,46.61157],[6.84835,46.6116],[6.84765,46.61139],[6.84657,46.61075],[6.84642,46.61057],[6.84628,46.61034],[6.84588,46.60953],[6.84583,46.60944],[6.84576,46.60935],[6.84539,46.60861],[6.84533,46.60842],[6.84529,46.60804],[6.84513,46.60774],[6.84456,46.6073],[6.84436,46.60699],[6.84435,46.60666],[6.84465,46.60621],[6.84528,46.60584],[6.84572,46.60537],[6.84693,46.60466],[6.84775,46.60445],[6.84815,46.60423],[6.84838,46.60397],[6.84885,46.60291],[6.84891,46.60254],[6.84885,46.60204],[6.84902,46.60172],[6.84955,46.60138],[6.85002,46.60129],[6.85035,46.6013],[6.85063,46.60128],[6.85108,46.60121],[6.85126,46.60118],[6.85223,46.60093],[6.85282,46.60087],[6.85332,46.60096],[6.85373,46.60119],[6.85381,46.60126],[6.85396,46.60139],[6.85414,46.60149],[6.85431,46.60157],[6.85449,46.6017],[6.85464,46.60184],[6.85472,46.60194],[6.85485,46.60205],[6.85491,46.60209],[6.85504,46.60223],[6.85513,46.60238],[6.85518,46.60255],[6.85522,46.60277],[6.85525,46.60283],[6.85551,46.6036],[6.85558,46.60375],[6.85586,46.60418],[6.85593,46.60437],[6.85622,46.6053],[6.85625,46.60552],[6.85632,46.60574],[6.85646,46.60594],[6.85652,46.60601],[6.8569,46.6065],[6.85706,46.60674],[6.85715,46.60685],[6.85738,46.60709],[6.85763,46.60749],[6.85778,46.60764],[6.85796,46.60778],[6.85818,46.60788],[6.85843,46.60795],[6.85884,46.60804],[6.8592,46.60815],[6.85951,46.60832],[6.86012,46.60875],[6.86032,46.60887],[6.86054,46.60896],[6.86079,46.60901],[6.86105,46.60903],[6.86166,46.609],[6.86215,46.6091],[6.86254,46.60932],[6.86268,46.60946],[6.86281,46.60968],[6.86298,46.60988],[6.86312,46.61001],[6.86318,46.61006],[6.86366,46.61043],[6.86377,46.61053],[6.86395,46.61066],[6.86442,46.61084],[6.8652,46.61084],[6.86545,46.61077],[6.86579,46.61064],[6.86609,46.61055],[6.86685,46.61054],[6.86731,46.61071],[6.86763,46.61098],[6.86773,46.61115],[6.86776,46.61126],[6.86778,46.61131],[6.8678,46.61136],[6.86783,46.61146],[6.86785,46.6115],[6.86792,46.61161],[6.86802,46.61177],[6.86815,46.61192],[6.86832,46.61205],[6.86874,46.61223],[6.86924,46.61229],[6.86973,46.61222],[6.86995,46.61213],[6.87001,46.6121],[6.87028,46.61193],[6.87052,46.61172],[6.87097,46.61153],[6.87123,46.61148],[6.87156,46.61146],[6.87164,46.61147],[6.87186,46.61145],[6.87208,46.6114],[6.87209,46.6114],[6.87235,46.61137],[6.87288,46.61142],[6.87333,46.61162],[6.87398,46.61226],[6.87408,46.61247],[6.87419,46.61268],[6.87427,46.61282],[6.87439,46.61294],[6.87451,46.61304],[6.87462,46.61321],[6.87466,46.61332],[6.8747,46.6134],[6.87474,46.61348],[6.87484,46.61368],[6.87486,46.61372],[6.8753,46.61447],[6.87559,46.61503],[6.8757,46.6153],[6.87577,46.61542],[6.87684,46.61705],[6.87695,46.61744],[6.87684,46.6178],[6.87654,46.61809],[6.87599,46.61832],[6.87581,46.61844],[6.87567,46.61856],[6.87541,46.61885],[6.87528,46.61919],[6.87529,46.61938],[6.87535,46.61956],[6.87536,46.61958],[6.87539,46.61964],[6.87547,46.61977],[6.87552,46.61986],[6.87557,46.61998],[6.87563,46.62015],[6.87565,46.62022],[6.87575,46.62044],[6.87581,46.62054],[6.8759,46.62068],[6.87593,46.62073],[6.8761,46.62094],[6.87618,46.62104],[6.87635,46.62121],[6.87648,46.62132],[6.87652,46.62135],[6.87671,46.62146],[6.87693,46.62155],[6.87707,46.62158],[6.87735,46.62166],[6.87756,46.62176],[6.87787,46.62203],[6.87801,46.62236],[6.87786,46.62287],[6.87717,46.62338],[6.87668,46.62354],[6.87613,46.62355],[6.87562,46.62343],[6.87385,46.62318],[6.87308,46.62326],[6.8724,46.62314],[6.87161,46.62281],[6.87114,46.62279],[6.87046,46.62294],[6.87019,46.62303],[6.86998,46.62313],[6.86976,46.62325],[6.8686,46.62387],[6.86839,46.62393],[6.86813,46.62397],[6.86789,46.62398],[6.86762,46.62398],[6.86722,46.62394],[6.86687,46.62391],[6.86673,46.6239],[6.86658,46.62388],[6.86623,46.62384],[6.86574,46.62388],[6.8653,46.62405],[6.86499,46.62432],[6.8649,46.62449],[6.86486,46.62466],[6.86486,46.62483],[6.86489,46.62501],[6.86492,46.62517],[6.8651,46.62568],[6.86531,46.62597],[6.86572,46.6263],[6.86588,46.62683],[6.86558,46.62732],[6.86517,46.62754],[6.86486,46.62762],[6.86312,46.62793],[6.86288,46.62798],[6.86266,46.62807],[6.86247,46.62818],[6.86231,46.62832],[6.86219,46.62847],[6.86212,46.62864],[6.8621,46.62881],[6.86213,46.62898],[6.86217,46.62913],[6.86223,46.62927],[6.86231,46.62941],[6.86234,46.62947],[6.86247,46.62967],[6.86256,46.62993],[6.86256,46.6302],[6.86239,46.63067],[6.86238,46.63084],[6.8625,46.63143],[6.86244,46.63167],[6.86237,46.63182],[6.86228,46.63214],[6.86221,46.6323],[6.86215,46.63243],[6.86205,46.63259],[6.86164,46.63316],[6.86158,46.63324],[6.86148,46.63339],[6.86142,46.63354],[6.86138,46.63364],[6.86129,46.63385],[6.86123,46.63404],[6.86124,46.63423],[6.86129,46.63459],[6.86129,46.63474],[6.8612,46.63516],[6.86119,46.63529],[6.86118,46.63549],[6.86119,46.63563],[6.86134,46.63678],[6.86138,46.63695],[6.86153,46.63736],[6.86154,46.63738],[6.86196,46.63844],[6.86206,46.63862],[6.8622,46.63877],[6.86239,46.6389],[6.86262,46.639],[6.86279,46.63906],[6.86307,46.63919],[6.8634,46.63947],[6.86365,46.63989],[6.86384,46.64011],[6.86393,46.64029],[6.86397,46.64047],[6.86395,46.64065],[6.86388,46.64083],[6.86375,46.641],[6.86358,46.64114],[6.86332,46.64129],[6.86024,46.64264],[6.85975,46.64303],[6.85964,46.64337],[6.85972,46.64371],[6.85994,46.64404],[6.86002,46.64441],[6.85977,46.64489],[6.85918,46.64533],[6.85895,46.64545],[6.85852,46.64558],[6.8576,46.64598],[6.85714,46.64606],[6.85667,46.64603],[6.85591,46.6458],[6.85543,46.64579],[6.85498,46.6459],[6.85439,46.64618],[6.85403,46.64626],[6.85381,46.64632],[6.85361,46.6464],[6.85344,46.64651],[6.85255,46.64738],[6.85237,46.64769],[6.85216,46.64816],[6.8521,46.64838],[6.85204,46.64866],[6.85179,46.64941],[6.85152,46.65029],[6.85151,46.65033],[6.85145,46.65054],[6.85144,46.65055],[6.85122,46.6514],[6.85122,46.65141],[6.8511,46.65187],[6.8511,46.65188],[6.85104,46.65212],[6.85103,46.65231],[6.85115,46.65266],[6.85129,46.65281],[6.85134,46.65286],[6.85201,46.6534],[6.85203,46.65341],[6.85241,46.65371],[6.8526,46.6539],[6.85276,46.65426],[6.85266,46.65481],[6.85264,46.65546],[6.8522,46.65588],[6.85112,46.65633],[6.84876,46.6572],[6.84743,46.65747],[6.84617,46.658],[6.84537,46.65814],[6.84449,46.65796],[6.84401,46.65796],[6.84357,46.65807],[6.84294,46.6584],[6.8426,46.6589],[6.84264,46.65927],[6.84291,46.65965],[6.84301,46.65999],[6.84291,46.66033],[6.84264,46.66062],[6.84202,46.66092],[6.84155,46.66124],[6.84131,46.66155],[6.84093,46.66183],[6.83977,46.66218],[6.83919,46.66226],[6.83831,46.66205],[6.83739,46.662],[6.83648,46.66172],[6.83569,46.66168],[6.83452,46.66198],[6.83395,46.66203],[6.83345,46.66193],[6.83305,46.66171],[6.83194,46.66046],[6.8316,46.66021],[6.83115,46.66007],[6.83065,46.66006],[6.82929,46.66038],[6.82857,46.66035],[6.82831,46.66027],[6.82743,46.65981],[6.82662,46.65903],[6.82582,46.65821],[6.82472,46.65686],[6.82322,46.65472],[6.82257,46.65395],[6.82177,46.6529],[6.82099,46.65193],[6.82071,46.65169],[6.81924,46.65079],[6.81813,46.64982],[6.81785,46.64947],[6.8178,46.64912],[6.81796,46.64874],[6.81791,46.64824],[6.81766,46.64796],[6.81728,46.64775],[6.81624,46.64747],[6.81574,46.64741],[6.81513,46.64747],[6.8147,46.64762],[6.81437,46.64787],[6.81421,46.64819],[6.81407,46.64881],[6.81374,46.6491],[6.8133,46.64928],[6.81278,46.64932],[6.81199,46.6493],[6.81133,46.64955],[6.81089,46.64995],[6.81046,46.65014],[6.80961,46.6502],[6.80895,46.65016],[6.80845,46.65021],[6.80743,46.65044],[6.80691,46.65045],[6.80551,46.65013],[6.80481,46.65006],[6.80387,46.64975],[6.80264,46.64911],[6.80216,46.64896],[6.80163,46.64894],[6.80064,46.64906],[6.8001,46.64903],[6.79966,46.64887],[6.79933,46.6486],[6.79918,46.6481],[6.79931,46.64777],[6.79989,46.64736]]]},"properties":{"bfs_nr":2102,"name":"Ursy"}},{"type":"Feature","geometry":{"type":"Polygon","coordinates":[[[6.88835,46.62486],[6.88834,46.62458],[6.88852,46.62425],[6.88886,46.624],[6.88932,46.62385],[6.89052,46.6238],[6.89072,46.62378],[6.89093,46.62376],[6.89128,46.62374],[6.89162,46.62377],[6.89171,46.62378],[6.892,46.62381],[6.89207,46.62381],[6.89235,46.62379],[6.89308,46.6237],[6.8937,46.62378],[6.8952,46.62414],[6.89546,46.62419],[6.89572,46.62419],[6.89646,46.62399],[6.89679,46.62371],[6.89693,46.62336],[6.89692,46.62317],[6.89681,46.62281],[6.89687,46.62248],[6.89709,46.62219],[6.8973,46.62204],[6.89837,46.6214],[6.89855,46.62127],[6.89878,46.62095],[6.89882,46.62078],[6.89884,46.62054],[6.89904,46.62017],[6.89921,46.61997],[6.89928,46.61989],[6.89933,46.61982],[6.89951,46.61961],[6.90006,46.61926],[6.90053,46.61905],[6.90083,46.61896],[6.90098,46.61891],[6.90099,46.61891],[6.9012,46.61881],[6.90138,46.61867],[6.90152,46.61852],[6.90161,46.61835],[6.90166,46.61818],[6.90179,46.61795],[6.90195,46.61779],[6.90261,46.61737],[6.90285,46.61725],[6.90289,46.61723],[6.90298,46.61718],[6.90309,46.61711],[6.90328,46.61699],[6.90344,46.61687],[6.90353,46.61679],[6.90354,46.61678],[6.90372,46.61664],[6.9044,46.61636],[6.9047,46.61631],[6.90478,46.61631],[6.90501,46.61627],[6.90508,46.61625],[6.90519,46.61622],[6.9052,46.61622],[6.90529,46.6162],[6.90544,46.61616],[6.9055,46.61614],[6.90585,46.61608],[6.90593,46.61607],[6.90608,46.61604],[6.90631,46.61596],[6.90648,46.61588],[6.90656,46.61583],[6.90667,46.61578],[6.90681,46.61569],[6.90726,46.61554],[6.90793,46.61551],[6.90889,46.61577],[6.90972,46.61595],[6.91046,46.61619],[6.91101,46.61617],[6.91172,46.61597],[6.91223,46.61597],[6.91253,46.61603],[6.91294,46.61615],[6.91303,46.61617],[6.91326,46.61622],[6.91488,46.61657],[6.91536,46.61677],[6.91603,46.61729],[6.91625,46.61751],[6.91661,46.61773],[6.91706,46.61785],[6.91794,46.61787],[6.91883,46.61815],[6.92025,46.61845],[6.92125,46.61881],[6.92168,46.61891],[6.9223,46.61892],[6.9228,46.61885],[6.92399,46.6185],[6.92404,46.61848],[6.92542,46.61803],[6.92546,46.61802],[6.92612,46.61781],[6.92614,46.6178],[6.92654,46.61767],[6.92677,46.61757],[6.92696,46.61745],[6.92752,46.61679],[6.92779,46.61654],[6.92837,46.6161],[6.92883,46.61586],[6.92931,46.61578],[6.92981,46.61583],[6.9305,46.61611],[6.93074,46.61617],[6.93099,46.6162],[6.93124,46.61619],[6.93195,46.616],[6.93245,46.61571],[6.93291,46.61559],[6.93372,46.61553],[6.93455,46.61528],[6.93507,46.61504],[6.93559,46.61493],[6.93612,46.61497],[6.93672,46.61517],[6.9373,46.61559],[6.93782,46.61586],[6.93879,46.61621],[6.94122,46.61688],[6.94152,46.61702],[6.9426,46.61734],[6.94326,46.61769],[6.94384,46.61808],[6.94429,46.6182],[6.94477,46.61821],[6.94523,46.61809],[6.94595,46.61753],[6.9463,46.61732],[6.94724,46.61697],[6.94774,46.61691],[6.94824,46.61699],[6.94851,46.6171],[6.94958,46.61763],[6.94999,46.61791],[6.95025,46.61818],[6.95043,46.61844],[6.9505,46.61858],[6.95063,46.61881],[6.95069,46.6189],[6.95092,46.61918],[6.9511,46.61939],[6.95129,46.61974],[6.95128,46.62007],[6.95105,46.62054],[6.9511,46.62118],[6.95095,46.62154],[6.95075,46.62173],[6.95002,46.6223],[6.9496,46.62265],[6.94925,46.62288],[6.94901,46.62311],[6.94881,46.62338],[6.94878,46.62342],[6.9486,46.62369],[6.94848,46.62406],[6.9486,46.62444],[6.9489,46.62476],[6.94946,46.6251],[6.94992,46.62564],[6.95009,46.62625],[6.94989,46.62674],[6.9488,46.62756],[6.94843,46.62776],[6.94813,46.62804],[6.94804,46.6282],[6.948,46.62838],[6.94798,46.62856],[6.94799,46.62873],[6.94806,46.62891],[6.94841,46.62949],[6.94864,46.62985],[6.94865,46.62987],[6.9489,46.63025],[6.94911,46.63082],[6.94937,46.63111],[6.94984,46.63138],[6.95003,46.63153],[6.95013,46.63165],[6.95023,46.63182],[6.95031,46.63202],[6.95037,46.63223],[6.95033,46.63256],[6.95011,46.63286],[6.94949,46.63328],[6.94931,46.63358],[6.94922,46.63416],[6.94917,46.63523],[6.94913,46.63548],[6.94907,46.63565],[6.949,46.6358],[6.94884,46.63606],[6.94859,46.63637],[6.94837,46.63659],[6.94825,46.63669],[6.94813,46.63679],[6.94794,46.63691],[6.94778,46.63702],[6.94771,46.63705],[6.94754,46.63715],[6.94753,46.63715],[6.9474,46.63723],[6.94722,46.63731],[6.94651,46.63764],[6.94624,46.63795],[6.94619,46.63844],[6.94607,46.63879],[6.94591,46.63899],[6.94464,46.6402],[6.94417,46.64092],[6.94413,46.64125],[6.94439,46.64171],[6.94501,46.64208],[6.94553,46.64276],[6.94612,46.64322],[6.94626,46.64358],[6.94618,46.64394],[6.94592,46.64435],[6.94587,46.64468],[6.94597,46.6451],[6.94598,46.64581],[6.94585,46.64614],[6.94555,46.64644],[6.94537,46.64678],[6.94541,46.64714],[6.94565,46.64747],[6.94641,46.64808],[6.94655,46.64845],[6.94652,46.64886],[6.94663,46.64928],[6.94649,46.64988],[6.94677,46.65059],[6.94682,46.65108],[6.94706,46.65172],[6.94695,46.65236],[6.94772,46.6534],[6.94802,46.65436],[6.9481,46.65456],[6.94816,46.65468],[6.94833,46.65495],[6.94842,46.65508],[6.94854,46.65519],[6.9489,46.6555],[6.94907,46.65562],[6.9495,46.65578],[6.94973,46.65582],[6.94992,46.65583],[6.95029,46.65583],[6.95058,46.65581],[6.95085,46.65574],[6.95122,46.65561],[6.95152,46.65542],[6.95197,46.65526],[6.95288,46.65517],[6.9541,46.6554],[6.95485,46.65536],[6.95535,46.65547],[6.95574,46.65572],[6.95608,46.65622],[6.95662,46.65657],[6.9571,46.65666],[6.95759,46.65663],[6.95817,46.65647],[6.95892,46.65653],[6.95914,46.65661],[6.95996,46.65711],[6.96021,46.65744],[6.96032,46.65779],[6.96056,46.65807],[6.96093,46.65827],[6.96175,46.65858],[6.96212,46.65896],[6.96249,46.65925],[6.9632,46.65973],[6.96383,46.66005],[6.96416,46.66035],[6.96435,46.66069],[6.96469,46.66095],[6.96491,46.66105],[6.96515,46.66111],[6.96539,46.66115],[6.96567,46.66118],[6.96597,46.66119],[6.96622,46.66123],[6.96625,46.66123],[6.96631,46.66124],[6.96682,46.66135],[6.96739,46.66144],[6.96762,46.66147],[6.9679,46.66147],[6.96922,46.66117],[6.97022,46.66071],[6.97071,46.6605],[6.97096,46.6604],[6.97124,46.66032],[6.97149,46.66025],[6.9715,46.66025],[6.97172,46.66021],[6.97185,46.6602],[6.97213,46.66019],[6.97257,46.66024],[6.97328,46.6605],[6.97407,46.66089],[6.97458,46.66129],[6.97483,46.66146],[6.97489,46.6615],[6.97496,46.66154],[6.97517,46.66165],[6.97567,46.66176],[6.97643,46.66167],[6.97665,46.66157],[6.97711,46.66131],[6.97737,46.66112],[6.97861,46.65991],[6.97878,46.65961],[6.97902,46.65934],[6.97916,46.65917],[6.97968,46.65853],[6.97972,46.65847],[6.97998,46.65808],[6.98,46.65806],[6.98024,46.65771],[6.98049,46.65744],[6.9814,46.65666],[6.98161,46.65651],[6.98204,46.65634],[6.98253,46.65629],[6.98301,46.65637],[6.98328,46.65648],[6.98459,46.65713],[6.98511,46.65728],[6.98567,46.65727],[6.98644,46.65715],[6.98715,46.65732],[6.9875,46.65757],[6.98769,46.65807],[6.98758,46.65841],[6.98715,46.65891],[6.98708,46.65925],[6.9872,46.65959],[6.9875,46.65986],[6.98806,46.66023],[6.98823,46.66056],[6.98821,46.6609],[6.98785,46.66143],[6.98747,46.66166],[6.98687,46.66182],[6.98643,46.66206],[6.98628,46.66221],[6.98594,46.66263],[6.98591,46.66267],[6.98573,46.66285],[6.98555,46.66297],[6.98511,46.66313],[6.98461,46.66317],[6.98413,46.66307],[6.98371,46.6629],[6.98324,46.66284],[6.983,46.66285],[6.98277,46.66289],[6.98233,46.663],[6.98213,46.66306],[6.98194,46.66315],[6.98186,46.6632],[6.98179,46.66324],[6.98133,46.66354],[6.9811,46.66366],[6.9809,46.66374],[6.98019,46.66395],[6.97976,46.66427],[6.97905,46.6646],[6.97887,46.66475],[6.97866,46.6651],[6.97861,46.66573],[6.97836,46.66609],[6.9777,46.66658],[6.97757,46.66672],[6.97746,46.66688],[6.97739,46.66704],[6.97732,46.6673],[6.97724,46.66771],[6.97703,46.66802],[6.97667,46.66825],[6.97586,46.66853],[6.97381,46.66879],[6.97267,46.66873],[6.97217,46.66882],[6.97166,46.669],[6.97077,46.66974],[6.9698,46.67025],[6.9694,46.67074],[6.96934,46.67157],[6.96915,46.67188],[6.9687,46.67227],[6.96827,46.67246],[6.96776,46.67252],[6.96726,46.67244],[6.96639,46.67206],[6.96615,46.672],[6.9659,46.67198],[6.96565,46.67199],[6.96541,46.67203],[6.96518,46.6721],[6.96498,46.6722],[6.96448,46.67256],[6.96403,46.67271],[6.96353,46.67273],[6.96306,46.67261],[6.96254,46.67235],[6.96204,46.67223],[6.96152,46.67226],[6.96106,46.67243],[6.96087,46.67256],[6.96059,46.67271],[6.95813,46.67376],[6.95731,46.67416],[6.95703,46.67443],[6.95684,46.67458],[6.95457,46.67604],[6.95428,46.67632],[6.95416,46.67665],[6.95423,46.67699],[6.95447,46.67728],[6.95499,46.67754],[6.95547,46.67795],[6.9556,46.67874],[6.95593,46.67956],[6.95618,46.67989],[6.95721,46.68035],[6.9575,46.68062],[6.95763,46.68095],[6.95762,46.68145],[6.95777,46.68189],[6.95776,46.68211],[6.95772,46.68227],[6.95772,46.68231],[6.95771,46.68235],[6.95771,46.68251],[6.95783,46.68282],[6.95829,46.68341],[6.95868,46.68367],[6.95924,46.68387],[6.95978,46.68426],[6.96057,46.68496],[6.96121,46.68577],[6.96133,46.68638],[6.96173,46.68736],[6.96237,46.68787],[6.96261,46.68819],[6.96265,46.68854],[6.96252,46.6889],[6.96252,46.68926],[6.96324,46.69021],[6.96336,46.69029],[6.96363,46.69043],[6.96378,46.69049],[6.96396,46.69056],[6.96424,46.69063],[6.96445,46.69071],[6.96473,46.69087],[6.96536,46.69149],[6.96549,46.69183],[6.96542,46.69218],[6.96516,46.69249],[6.9645,46.69276],[6.96385,46.69279],[6.96334,46.69292],[6.96234,46.69361],[6.96186,46.69374],[6.96133,46.69373],[6.96085,46.69358],[6.9605,46.69331],[6.96024,46.69276],[6.95991,46.69245],[6.95916,46.69218],[6.95882,46.69196],[6.95821,46.69113],[6.95806,46.69052],[6.95798,46.69032],[6.95777,46.68997],[6.95764,46.6898],[6.9572,46.68932],[6.95602,46.68833],[6.95558,46.68812],[6.95506,46.68805],[6.95409,46.68802],[6.9526,46.68772],[6.95213,46.68769],[6.95103,46.68781],[6.9505,46.6877],[6.95006,46.68751],[6.94956,46.68733],[6.94934,46.6872],[6.94894,46.68687],[6.94852,46.68665],[6.94823,46.68636],[6.94782,46.68573],[6.94745,46.68502],[6.94737,46.68479],[6.94735,46.6847],[6.94731,46.68459],[6.94692,46.68367],[6.94657,46.68285],[6.94604,46.68109],[6.94603,46.68106],[6.94586,46.68057],[6.94583,46.68049],[6.9456,46.68],[6.94558,46.67995],[6.9442,46.67751],[6.94301,46.67565],[6.94168,46.67391],[6.94148,46.67367],[6.94139,46.67357],[6.94121,46.67341],[6.94112,46.67334],[6.93977,46.67236],[6.93928,46.67212],[6.93807,46.67176],[6.93785,46.67168],[6.93766,46.67158],[6.93746,46.67147],[6.93721,46.67129],[6.93696,46.67107],[6.93694,46.67106],[6.93671,46.67087],[6.93598,46.67042],[6.93534,46.67011],[6.93494,46.66963],[6.93473,46.66911],[6.9344,46.66883],[6.93311,46.66811],[6.93174,46.66747],[6.93127,46.66733],[6.93076,46.66732],[6.93014,46.66747],[6.92961,46.6675],[6.9289,46.66727],[6.92837,46.66683],[6.92766,46.66664],[6.92674,46.66666],[6.92604,46.6664],[6.92547,46.66581],[6.92522,46.66529],[6.92513,46.66479],[6.925,46.66439],[6.92498,46.66435],[6.92487,46.66399],[6.92486,46.66392],[6.9248,46.66366],[6.92467,46.66318],[6.92464,46.66293],[6.92464,46.66271],[6.92467,46.66251],[6.92476,46.66228],[6.92519,46.66178],[6.92526,46.66144],[6.92514,46.66111],[6.92502,46.66096],[6.92478,46.66073],[6.92475,46.6607],[6.92447,46.66038],[6.92444,46.66033],[6.92435,46.66014],[6.92426,46.6599],[6.92417,46.6597],[6.92411,46.65953],[6.92407,46.65934],[6.92405,46.65927],[6.92401,46.65915],[6.92399,46.65911],[6.92382,46.65872],[6.92376,46.6586],[6.92366,46.65845],[6.92364,46.65843],[6.9235,46.65823],[6.92332,46.65794],[6.92302,46.65757],[6.92224,46.65705],[6.9218,46.65692],[6.92096,46.6569],[6.92047,46.65677],[6.91994,46.65632],[6.91884,46.65448],[6.91881,46.65442],[6.91867,46.65416],[6.91859,46.65394],[6.91863,46.65358],[6.91891,46.65306],[6.91888,46.65269],[6.91871,46.65229],[6.91874,46.65192],[6.91898,46.6516],[6.91946,46.65124],[6.9196,46.65108],[6.91963,46.65104],[6.91979,46.65084],[6.9199,46.65069],[6.91996,46.6505],[6.91996,46.65031],[6.9198,46.64995],[6.91964,46.6498],[6.9193,46.64954],[6.91911,46.64937],[6.91903,46.64928],[6.91897,46.64923],[6.91877,46.64899],[6.91874,46.64895],[6.9187,46.64891],[6.91856,46.6487],[6.91852,46.64862],[6.91846,46.64842],[6.91844,46.64822],[6.91844,46.64813],[6.91846,46.64795],[6.91854,46.64772],[6.91857,46.64755],[6.91854,46.64737],[6.91847,46.64719],[6.91835,46.64703],[6.91807,46.64675],[6.91784,46.64657],[6.91578,46.64533],[6.91557,46.64522],[6.91533,46.64515],[6.91507,46.64511],[6.91481,46.64511],[6.91389,46.64525],[6.91374,46.64528],[6.91358,46.64531],[6.91309,46.64546],[6.91295,46.64551],[6.91286,46.64553],[6.91274,46.64556],[6.91248,46.64562],[6.91217,46.64567],[6.91192,46.64571],[6.9118,46.64572],[6.9116,46.64575],[6.91089,46.64597],[6.91052,46.64618],[6.91028,46.64647],[6.91012,46.64689],[6.90964,46.64733],[6.90934,46.64779],[6.90879,46.64815],[6.90804,46.64824],[6.90756,46.64812],[6.9073,46.648],[6.90582,46.64709],[6.90561,46.64694],[6.90519,46.64647],[6.90436,46.64577],[6.90409,46.64535],[6.90365,46.64486],[6.90266,46.64337],[6.90251,46.64293],[6.90244,46.64277],[6.90233,46.64259],[6.90217,46.64237],[6.90202,46.64223],[6.90184,46.6421],[6.89973,46.64089],[6.8991,46.64069],[6.89662,46.64042],[6.89633,46.64037],[6.89592,46.64021],[6.89575,46.64009],[6.89559,46.63992],[6.89555,46.63987],[6.89545,46.63972],[6.89535,46.63949],[6.89526,46.63915],[6.89525,46.63913],[6.89515,46.63882],[6.89511,46.63873],[6.89502,46.63854],[6.89495,46.63838],[6.89487,46.63821],[6.89441,46.63755],[6.89429,46.63741],[6.89413,46.63728],[6.89394,46.63718],[6.89372,46.6371],[6.89349,46.63705],[6.89341,46.63704],[6.89312,46.63703],[6.89284,46.63705],[6.89203,46.63722],[6.89152,46.63718],[6.89108,46.637],[6.89077,46.63672],[6.8906,46.63618],[6.89064,46.63546],[6.8908,46.63501],[6.89074,46.6344],[6.89101,46.63391],[6.89139,46.63367],[6.89257,46.63341],[6.89316,46.63321],[6.89399,46.63312],[6.89426,46.63305],[6.8945,46.63294],[6.89462,46.63287],[6.89466,46.63285],[6.89493,46.63268],[6.89506,46.63258],[6.89547,46.63224],[6.89566,46.63202],[6.89587,46.63168],[6.89611,46.63116],[6.89617,46.63098],[6.89617,46.6308],[6.89613,46.63062],[6.89603,46.63045],[6.89574,46.63007],[6.89563,46.6297],[6.89559,46.62918],[6.89559,46.62917],[6.89558,46.62906],[6.89555,46.62891],[6.89548,46.62876],[6.8954,46.62863],[6.89537,46.62859],[6.89528,46.62847],[6.89495,46.62818],[6.89448,46.62801],[6.89369,46.62802],[6.89316,46.62818],[6.89265,46.62819],[6.89217,46.62807],[6.89192,46.62793],[6.89161,46.62773],[6.89139,46.62759],[6.89111,46.62746],[6.89049,46.62713],[6.89025,46.62698],[6.89003,46.62682],[6.88992,46.62674],[6.88969,46.62655],[6.88952,46.62632],[6.88943,46.62617],[6.8893,46.62602],[6.88856,46.62545],[6.88835,46.62486]]]},"properties":{"bfs_nr":2113,"name":"Vuisternens-devant-Romont"}},{"type":"Feature","geometry":{"type":"Polygon","coordinates":[[[6.96942,46.72074],[6.96986,46.72044],[6.9706,46.71971],[6.9708,46.71922],[6.97095,46.71892],[6.97111,46.71868],[6.97122,46.71856],[6.97131,46.71838],[6.97185,46.71682],[6.9721,46.71644],[6.9725,46.7162],[6.97328,46.71609],[6.97398,46.71619],[6.97447,46.71618],[6.97497,46.7163],[6.97519,46.71641],[6.97541,46.71659],[6.97598,46.71717],[6.97619,46.71735],[6.97637,46.71746],[6.9768,46.71762],[6.97819,46.71763],[6.97869,46.71753],[6.97925,46.71715],[6.9794,46.71663],[6.97923,46.71629],[6.97877,46.71568],[6.9787,46.71534],[6.97882,46.71502],[6.97898,46.71483],[6.97961,46.71423],[6.97983,46.71389],[6.97984,46.71353],[6.97961,46.71311],[6.97955,46.71288],[6.97954,46.71278],[6.97955,46.71256],[6.97971,46.71222],[6.98005,46.71196],[6.98087,46.71165],[6.98122,46.71143],[6.98135,46.71129],[6.98148,46.71097],[6.98143,46.7105],[6.98153,46.71016],[6.98182,46.70987],[6.98207,46.70974],[6.98275,46.70944],[6.98316,46.70925],[6.98319,46.70923],[6.98338,46.70914],[6.98346,46.7091],[6.98363,46.709],[6.98367,46.70898],[6.98381,46.7089],[6.98398,46.70877],[6.9842,46.70845],[6.98423,46.7081],[6.98417,46.70792],[6.98406,46.70776],[6.98396,46.70765],[6.98392,46.70761],[6.98351,46.7072],[6.98314,46.70685],[6.98299,46.70653],[6.98302,46.70619],[6.98323,46.70588],[6.98358,46.70559],[6.98375,46.70524],[6.98376,46.70472],[6.98394,46.70441],[6.98428,46.70414],[6.9847,46.70364],[6.9851,46.70339],[6.98548,46.70313],[6.98552,46.7031],[6.98593,46.7028],[6.98612,46.70261],[6.98634,46.70234],[6.98637,46.70231],[6.9865,46.70213],[6.98658,46.70174],[6.98646,46.70138],[6.98646,46.70104],[6.98687,46.70044],[6.98702,46.70015],[6.98703,46.70013],[6.98719,46.6998],[6.9872,46.69977],[6.98735,46.69943],[6.98737,46.69937],[6.98746,46.69911],[6.98753,46.69894],[6.98758,46.69876],[6.98738,46.69821],[6.98698,46.69779],[6.98686,46.69745],[6.98704,46.69695],[6.98723,46.69677],[6.98844,46.69586],[6.98945,46.69519],[6.98994,46.69488],[6.99004,46.69482],[6.99029,46.69469],[6.99109,46.69446],[6.99155,46.69406],[6.99165,46.69372],[6.99161,46.69332],[6.99176,46.69298],[6.99204,46.69271],[6.99222,46.69252],[6.99228,46.69244],[6.99282,46.69174],[6.99292,46.69156],[6.99297,46.69137],[6.99312,46.69055],[6.9935,46.68991],[6.994,46.68939],[6.99464,46.68909],[6.99506,46.6888],[6.99554,46.68862],[6.9962,46.68852],[6.99663,46.68832],[6.99699,46.68801],[6.99778,46.6871],[6.99822,46.6867],[6.9987,46.68637],[6.99897,46.686],[6.99972,46.68537],[7.00001,46.68524],[7.00026,46.68515],[7.00038,46.6851],[7.00055,46.68503],[7.00061,46.68501],[7.00074,46.68495],[7.00221,46.6841],[7.00256,46.68374],[7.00292,46.68329],[7.00316,46.68312],[7.00352,46.6829],[7.00375,46.68278],[7.00401,46.68268],[7.00421,46.68258],[7.00485,46.68224],[7.00525,46.68183],[7.00546,46.6817],[7.0059,46.68151],[7.00647,46.68121],[7.0067,46.68106],[7.0068,46.68098],[7.007,46.68082],[7.00718,46.68071],[7.00774,46.68046],[7.00803,46.68037],[7.00834,46.68032],[7.00904,46.6803],[7.00981,46.68027],[7.01023,46.68028],[7.01071,46.68028],[7.01081,46.68028],[7.01109,46.68026],[7.0113,46.68024],[7.01149,46.6802],[7.01176,46.68012],[7.01193,46.68006],[7.01376,46.67931],[7.01377,46.6793],[7.0139,46.67925],[7.01417,46.67916],[7.01463,46.6791],[7.01547,46.67916],[7.0157,46.67915],[7.01593,46.6791],[7.01614,46.67903],[7.01711,46.67863],[7.01733,46.67855],[7.01809,46.67833],[7.01877,46.6781],[7.01947,46.67799],[7.01955,46.67798],[7.01982,46.67793],[7.0199,46.67792],[7.02136,46.67754],[7.02183,46.67751],[7.02234,46.67762],[7.02456,46.67835],[7.02479,46.67844],[7.025,46.67855],[7.02621,46.67936],[7.02638,46.67945],[7.02657,46.67952],[7.02838,46.68012],[7.02862,46.68021],[7.03003,46.68085],[7.03012,46.68088],[7.03287,46.68192],[7.03449,46.68272],[7.03466,46.68279],[7.03526,46.683],[7.03552,46.68307],[7.03614,46.68318],[7.03622,46.68319],[7.03697,46.68329],[7.03778,46.68347],[7.03808,46.68356],[7.03833,46.68368],[7.03865,46.68396],[7.03878,46.68431],[7.0387,46.68466],[7.03844,46.68496],[7.03789,46.68539],[7.03693,46.68597],[7.03658,46.68614],[7.03535,46.6866],[7.03514,46.6867],[7.03497,46.68682],[7.03475,46.687],[7.03452,46.68729],[7.03416,46.68805],[7.03402,46.68828],[7.03356,46.68886],[7.03322,46.68917],[7.03226,46.68984],[7.03202,46.68997],[7.03157,46.69011],[7.03132,46.69013],[7.03107,46.69011],[7.03057,46.69002],[7.03006,46.69004],[7.0296,46.69018],[7.02909,46.6905],[7.02873,46.69091],[7.02793,46.69144],[7.02726,46.692],[7.02676,46.69228],[7.02625,46.69306],[7.02554,46.69363],[7.02534,46.6938],[7.02495,46.69399],[7.02449,46.69408],[7.02375,46.69403],[7.02268,46.69412],[7.02222,46.69429],[7.02188,46.69456],[7.02173,46.69491],[7.02171,46.69586],[7.0216,46.69621],[7.02114,46.69684],[7.02101,46.69765],[7.02108,46.69841],[7.02098,46.69902],[7.02084,46.69936],[7.02019,46.69995],[7.01969,46.70124],[7.01946,46.70157],[7.01907,46.70184],[7.01821,46.70297],[7.01751,46.70378],[7.01715,46.70404],[7.016,46.70453],[7.01532,46.70461],[7.01487,46.70454],[7.01408,46.70424],[7.01349,46.7041],[7.01329,46.70406],[7.01309,46.70405],[7.01233,46.70402],[7.01185,46.70396],[7.01136,46.70396],[7.01112,46.70401],[7.0107,46.7042],[7.01054,46.70434],[7.00996,46.70507],[7.00967,46.70532],[7.00949,46.70563],[7.00962,46.70622],[7.00961,46.70675],[7.00936,46.70706],[7.00847,46.70753],[7.00807,46.70803],[7.00802,46.70837],[7.00796,46.70855],[7.00789,46.70869],[7.00759,46.70918],[7.00739,46.70946],[7.00717,46.70995],[7.00663,46.71042],[7.00599,46.71067],[7.00559,46.7111],[7.00484,46.71276],[7.00457,46.71354],[7.00428,46.71584],[7.00435,46.71623],[7.00465,46.71656],[7.00501,46.71679],[7.00547,46.717],[7.00577,46.71729],[7.00593,46.71776],[7.00622,46.71808],[7.00643,46.7182],[7.00665,46.71831],[7.00675,46.71835],[7.00807,46.71886],[7.00811,46.71887],[7.00853,46.71902],[7.00866,46.71906],[7.00953,46.71932],[7.00991,46.71958],[7.01023,46.72015],[7.01074,46.72052],[7.01114,46.72067],[7.01148,46.72092],[7.01176,46.72136],[7.01223,46.72178],[7.01237,46.7221],[7.01234,46.72242],[7.01224,46.72262],[7.01195,46.72303],[7.01191,46.72309],[7.01173,46.72332],[7.01166,46.72343],[7.01119,46.72428],[7.01089,46.72471],[7.01086,46.72478],[7.01042,46.72557],[7.01033,46.72575],[7.01019,46.72595],[7.00986,46.7262],[7.00942,46.72635],[7.00911,46.72639],[7.00897,46.72639],[7.00883,46.72641],[7.00874,46.72642],[7.00857,46.72645],[7.00782,46.72661],[7.00699,46.72672],[7.00654,46.7269],[7.00623,46.72718],[7.00607,46.72747],[7.00606,46.72785],[7.0062,46.7282],[7.00617,46.72854],[7.00595,46.72885],[7.00548,46.7292],[7.00531,46.72951],[7.0053,46.72984],[7.00548,46.73016],[7.00608,46.73062],[7.0065,46.73076],[7.00709,46.73082],[7.00774,46.73107],[7.00809,46.73152],[7.00809,46.73186],[7.0079,46.73218],[7.0075,46.73249],[7.00686,46.73273],[7.00595,46.73285],[7.00533,46.73289],[7.00518,46.7329],[7.00507,46.73291],[7.00487,46.73292],[7.00473,46.73294],[7.00454,46.73297],[7.00421,46.73303],[7.00361,46.73306],[7.00336,46.73304],[7.00289,46.73288],[7.00255,46.73261],[7.00216,46.7318],[7.00167,46.73145],[7.00083,46.73127],[7.00036,46.73132],[6.99978,46.7316],[6.99935,46.73204],[6.99897,46.73223],[6.99865,46.7325],[6.99841,46.73296],[6.99804,46.73337],[6.99749,46.73437],[6.99716,46.73463],[6.99695,46.73472],[6.99646,46.73481],[6.99621,46.7348],[6.99569,46.73472],[6.99506,46.73457],[6.9948,46.73455],[6.99454,46.73456],[6.99428,46.73461],[6.99405,46.73469],[6.99384,46.7348],[6.99367,46.73492],[6.99366,46.73492],[6.99358,46.73496],[6.99357,46.73497],[6.99335,46.73506],[6.99331,46.73508],[6.99235,46.73539],[6.99199,46.73561],[6.99186,46.73576],[6.99144,46.73643],[6.99093,46.73682],[6.99044,46.73693],[6.98993,46.73691],[6.98928,46.73669],[6.98879,46.73662],[6.98782,46.73675],[6.98696,46.73702],[6.98644,46.73702],[6.98603,46.73696],[6.986,46.73695],[6.98586,46.73691],[6.9858,46.7369],[6.98559,46.73682],[6.98529,46.73666],[6.98517,46.73658],[6.98498,46.73643],[6.98484,46.73628],[6.98474,46.73617],[6.98451,46.73589],[6.98433,46.73572],[6.98409,46.73558],[6.98403,46.73555],[6.98391,46.7355],[6.98368,46.73542],[6.9836,46.73539],[6.9834,46.73533],[6.983,46.73517],[6.98271,46.73508],[6.98253,46.73504],[6.98232,46.735],[6.98183,46.73495],[6.98128,46.7348],[6.981,46.73476],[6.98054,46.73475],[6.97988,46.73482],[6.97906,46.73469],[6.97861,46.73443],[6.97829,46.73402],[6.97797,46.73379],[6.97749,46.7336],[6.97724,46.73352],[6.97703,46.73347],[6.97691,46.73344],[6.97671,46.73338],[6.97655,46.73332],[6.97645,46.73328],[6.97592,46.73303],[6.97562,46.73279],[6.9754,46.73244],[6.97505,46.73214],[6.97399,46.73171],[6.97387,46.73167],[6.97353,46.73157],[6.97307,46.7314],[6.97281,46.73126],[6.97228,46.73091],[6.97188,46.73069],[6.97166,46.73053],[6.97144,46.73021],[6.97136,46.72987],[6.97132,46.72974],[6.97126,46.72961],[6.97118,46.72948],[6.97107,46.72935],[6.97069,46.72905],[6.97015,46.7286],[6.97001,46.7284],[6.96993,46.72805],[6.97005,46.72751],[6.97002,46.72732],[6.96993,46.72714],[6.9698,46.72697],[6.96933,46.72662],[6.96916,46.72631],[6.96922,46.72582],[6.96994,46.72505],[6.9701,46.72472],[6.97018,46.72412],[6.97013,46.72387],[6.97011,46.72383],[6.97008,46.72375],[6.96983,46.72326],[6.969,46.72186],[6.9689,46.72163],[6.96888,46.72144],[6.96902,46.72108],[6.96942,46.72074]]]},"properties":{"bfs_nr":2114,"name":"Villorsonnens"}},{"type":"Feature","geometry":{"type":"Polygon","coordinates":[[[6.9307,46.76912],[6.92942,46.76806],[6.92925,46.76771],[6.92929,46.76735],[6.92955,46.76703],[6.93021,46.76674],[6.93113,46.76669],[6.93148,46.76664],[6.93178,46.76657],[6.93207,46.76648],[6.93258,46.76626],[6.9334,46.76602],[6.93379,46.76576],[6.93408,46.76533],[6.93419,46.765],[6.93446,46.76466],[6.93487,46.76431],[6.93515,46.76414],[6.93547,46.76401],[6.93556,46.76399],[6.93591,46.76391],[6.93649,46.76382],[6.93994,46.76342],[6.94013,46.76339],[6.94071,46.76322],[6.94104,46.76317],[6.94138,46.76316],[6.94162,46.76316],[6.94187,46.76315],[6.94212,46.76311],[6.94235,46.76303],[6.94243,46.763],[6.94244,46.76299],[6.94367,46.76246],[6.94428,46.76221],[6.9467,46.76155],[6.94727,46.76146],[6.94771,46.7613],[6.94856,46.76084],[6.94859,46.76083],[6.95103,46.75945],[6.95228,46.75883],[6.95277,46.75874],[6.95352,46.75886],[6.95418,46.75921],[6.95463,46.75933],[6.95512,46.75932],[6.95536,46.75927],[6.95631,46.75892],[6.95668,46.75866],[6.95687,46.75833],[6.95686,46.75797],[6.95649,46.75751],[6.95633,46.75717],[6.95646,46.75665],[6.9566,46.7565],[6.95704,46.75623],[6.95776,46.75571],[6.95813,46.75543],[6.95956,46.75455],[6.95966,46.75449],[6.95987,46.75433],[6.95989,46.75432],[6.96033,46.754],[6.96035,46.75398],[6.96082,46.75363],[6.96096,46.7535],[6.96169,46.75268],[6.9617,46.75267],[6.96199,46.75235],[6.96239,46.75204],[6.96289,46.7519],[6.96342,46.7519],[6.96415,46.75209],[6.96463,46.75211],[6.96542,46.75199],[6.96591,46.75205],[6.96661,46.75233],[6.96751,46.75249],[6.968,46.75265],[6.969,46.75315],[6.96975,46.75344],[6.97012,46.75376],[6.97057,46.75402],[6.97106,46.75441],[6.97148,46.75459],[6.97221,46.75464],[6.97267,46.75451],[6.97323,46.75413],[6.97352,46.75377],[6.97413,46.75347],[6.97526,46.7532],[6.97574,46.75322],[6.97597,46.75328],[6.97623,46.75339],[6.97646,46.75352],[6.97696,46.75384],[6.97699,46.75385],[6.97731,46.75406],[6.97758,46.75425],[6.97814,46.75451],[6.97847,46.75478],[6.97891,46.75563],[6.979,46.75593],[6.97904,46.75602],[6.9791,46.75613],[6.97929,46.75644],[6.97974,46.75708],[6.97981,46.75766],[6.97958,46.75799],[6.97912,46.75828],[6.97848,46.75848],[6.97812,46.75868],[6.9778,46.75916],[6.97774,46.75955],[6.9771,46.76053],[6.97692,46.76105],[6.97685,46.76149],[6.97697,46.76195],[6.97688,46.76228],[6.97662,46.76256],[6.97482,46.76345],[6.97454,46.76382],[6.97449,46.76415],[6.97463,46.76448],[6.97492,46.76474],[6.97636,46.76562],[6.9764,46.76565],[6.97654,46.76573],[6.97664,46.76579],[6.97714,46.76613],[6.97766,46.76646],[6.97785,46.76663],[6.97796,46.76677],[6.97806,46.7671],[6.97798,46.76742],[6.9777,46.7678],[6.97763,46.76797],[6.9776,46.76814],[6.97763,46.76832],[6.9777,46.76849],[6.97799,46.76878],[6.9785,46.76906],[6.97866,46.76918],[6.97886,46.76948],[6.97891,46.76979],[6.97887,46.77009],[6.97885,46.77015],[6.97878,46.7703],[6.97863,46.77058],[6.97847,46.77082],[6.97841,46.77118],[6.97857,46.77152],[6.97913,46.772],[6.9794,46.77232],[6.97948,46.77265],[6.97931,46.77308],[6.97926,46.77343],[6.9794,46.77376],[6.97971,46.77406],[6.97997,46.77449],[6.97996,46.77497],[6.98028,46.77572],[6.98021,46.77609],[6.97965,46.77671],[6.97884,46.77713],[6.97869,46.77722],[6.97863,46.77726],[6.97832,46.77745],[6.97827,46.77749],[6.97785,46.77779],[6.97764,46.77797],[6.97742,46.77814],[6.97684,46.77861],[6.97678,46.77866],[6.97653,46.77889],[6.97644,46.77899],[6.9762,46.77927],[6.97603,46.7795],[6.97579,46.77975],[6.97564,46.77988],[6.97551,46.77997],[6.97543,46.78002],[6.97501,46.78027],[6.97478,46.78037],[6.9744,46.78053],[6.97437,46.78054],[6.97395,46.78072],[6.97357,46.78089],[6.97327,46.78105],[6.97264,46.78151],[6.97226,46.78169],[6.972,46.7818],[6.97157,46.78204],[6.97155,46.78206],[6.9714,46.78214],[6.9712,46.78229],[6.97106,46.78247],[6.97082,46.78284],[6.9708,46.78287],[6.97074,46.78297],[6.97067,46.78316],[6.97058,46.78346],[6.97049,46.78364],[6.97039,46.78377],[6.97019,46.78394],[6.96983,46.78417],[6.96958,46.78449],[6.96954,46.78468],[6.96949,46.78494],[6.9694,46.78518],[6.96915,46.78569],[6.96894,46.78603],[6.96887,46.7862],[6.96883,46.78636],[6.96883,46.7864],[6.96883,46.78648],[6.96885,46.78678],[6.96874,46.78711],[6.96862,46.78726],[6.96826,46.7875],[6.96799,46.7876],[6.96798,46.7876],[6.9678,46.78766],[6.96771,46.78768],[6.96745,46.78776],[6.96743,46.78776],[6.96735,46.78778],[6.96725,46.78781],[6.96693,46.78788],[6.96626,46.78806],[6.96516,46.78839],[6.96502,46.78844],[6.96494,46.78847],[6.96444,46.78869],[6.96428,46.78874],[6.96417,46.78878],[6.96387,46.78893],[6.96371,46.78905],[6.96336,46.78923],[6.96332,46.78926],[6.96303,46.7894],[6.96292,46.78946],[6.96269,46.78956],[6.96259,46.7896],[6.96236,46.78969],[6.96175,46.78988],[6.96141,46.79003],[6.9611,46.79011],[6.96067,46.79019],[6.96042,46.79022],[6.95911,46.79034],[6.95863,46.79028],[6.95788,46.78999],[6.95744,46.78974],[6.95722,46.78942],[6.95719,46.78909],[6.95747,46.78843],[6.95734,46.78792],[6.95699,46.78751],[6.95657,46.78727],[6.95503,46.78671],[6.95411,46.78651],[6.95224,46.78561],[6.95165,46.78525],[6.95143,46.78498],[6.95121,46.78431],[6.95013,46.78312],[6.94945,46.78291],[6.94859,46.7829],[6.94794,46.78302],[6.94751,46.78325],[6.94701,46.78366],[6.94642,46.78391],[6.94607,46.78413],[6.94561,46.78426],[6.94511,46.78427],[6.94421,46.78402],[6.94373,46.78397],[6.94319,46.78401],[6.94273,46.78393],[6.94163,46.78342],[6.9413,46.78314],[6.94103,46.78272],[6.94009,46.78181],[6.93954,46.78113],[6.93917,46.78091],[6.93835,46.78064],[6.93802,46.78036],[6.93761,46.7795],[6.93723,46.77904],[6.93703,46.77866],[6.9367,46.77838],[6.93566,46.77782],[6.93448,46.77692],[6.93408,46.77671],[6.93322,46.77656],[6.93273,46.77632],[6.9324,46.77606],[6.93221,46.77572],[6.93231,46.7752],[6.93264,46.77478],[6.93264,46.77422],[6.93234,46.77378],[6.93231,46.77326],[6.93253,46.77295],[6.9329,46.77272],[6.93404,46.77242],[6.93438,46.77215],[6.93454,46.77163],[6.93439,46.77129],[6.93406,46.77101],[6.93215,46.77017],[6.93106,46.76954],[6.9307,46.76912]]]},"properties":{"bfs_nr":2115,"name":"Torny"}},{"type":"Feature","geometry":{"type":"Polygon","coordinates":[[[6.92342,46.72297],[6.92413,46.72271],[6.92446,46.72261],[6.92477,46.72256],[6.92518,46.72252],[6.92548,46.72247],[6.92674,46.72193],[6.92706,46.72162],[6.92725,46.7212],[6.92751,46.72093],[6.92809,46.72051],[6.92824,46.72036],[6.92833,46.7202],[6.92838,46.72002],[6.92837,46.71985],[6.92832,46.71967],[6.92822,46.71951],[6.92807,46.71937],[6.92788,46.71924],[6.92713,46.71881],[6.92691,46.71847],[6.92689,46.71829],[6.92699,46.71775],[6.92681,46.71728],[6.92649,46.717],[6.92628,46.71669],[6.92626,46.71631],[6.92643,46.71552],[6.92659,46.71505],[6.92706,46.71464],[6.92749,46.71446],[6.92789,46.71409],[6.92804,46.7137],[6.92804,46.71304],[6.92828,46.71273],[6.92922,46.71219],[6.92972,46.71141],[6.92981,46.71118],[6.93005,46.71008],[6.93048,46.70964],[6.93265,46.70835],[6.93328,46.70797],[6.93379,46.70749],[6.93422,46.70728],[6.93478,46.70713],[6.93514,46.70693],[6.93538,46.70666],[6.93594,46.70564],[6.93646,46.70517],[6.93696,46.70503],[6.93749,46.70504],[6.93796,46.70514],[6.93857,46.70512],[6.93909,46.70499],[6.9393,46.70487],[6.93981,46.7045],[6.93994,46.7044],[6.94005,46.70428],[6.94047,46.7037],[6.94063,46.70353],[6.941,46.7033],[6.94146,46.70319],[6.9417,46.70318],[6.94236,46.70326],[6.94257,46.7033],[6.94282,46.70336],[6.94312,46.70344],[6.94329,46.70349],[6.94362,46.7036],[6.94396,46.70369],[6.9449,46.70384],[6.94537,46.70406],[6.94586,46.70453],[6.94613,46.70475],[6.94634,46.70489],[6.94653,46.705],[6.94679,46.70512],[6.94749,46.70553],[6.94796,46.70583],[6.94808,46.70589],[6.94909,46.7064],[6.94975,46.70684],[6.95012,46.70706],[6.9502,46.7071],[6.95025,46.70713],[6.95048,46.70722],[6.95112,46.70743],[6.95196,46.70777],[6.95258,46.70807],[6.95273,46.70814],[6.9528,46.70816],[6.95293,46.70821],[6.95313,46.70826],[6.95336,46.70834],[6.95357,46.70845],[6.95379,46.70858],[6.95384,46.7086],[6.9545,46.70896],[6.9547,46.70905],[6.95505,46.70917],[6.95508,46.70918],[6.95591,46.70946],[6.9562,46.70959],[6.95642,46.7097],[6.95658,46.70977],[6.95745,46.71012],[6.95795,46.71023],[6.95848,46.7102],[6.95895,46.71003],[6.95928,46.70974],[6.95941,46.70939],[6.95928,46.70882],[6.95936,46.70846],[6.95964,46.70816],[6.96006,46.70795],[6.96099,46.70785],[6.9616,46.7076],[6.96245,46.70698],[6.96276,46.70678],[6.9632,46.70643],[6.96345,46.70605],[6.96376,46.7058],[6.96442,46.7056],[6.96513,46.70555],[6.96583,46.70531],[6.96672,46.70528],[6.96735,46.70524],[6.9676,46.70522],[6.96774,46.70519],[6.9683,46.70504],[6.96854,46.70501],[6.96903,46.70503],[6.96965,46.7053],[6.97005,46.70586],[6.97009,46.70635],[6.9703,46.70667],[6.97066,46.7069],[6.97165,46.70723],[6.97206,46.70753],[6.97247,46.70771],[6.97319,46.70776],[6.97374,46.70767],[6.97447,46.70777],[6.97507,46.70807],[6.9757,46.70827],[6.97608,46.70852],[6.97629,46.70885],[6.97648,46.70937],[6.97683,46.70965],[6.97749,46.70988],[6.97808,46.70993],[6.97862,46.70987],[6.97911,46.7097],[6.9796,46.70962],[6.9801,46.70967],[6.98058,46.70988],[6.98105,46.7102],[6.98134,46.71057],[6.98142,46.71097],[6.98127,46.71133],[6.98093,46.71161],[6.98005,46.71195],[6.97973,46.7122],[6.97962,46.71235],[6.97955,46.71251],[6.97953,46.71268],[6.97954,46.71274],[6.97956,46.71295],[6.97958,46.71306],[6.97979,46.71374],[6.97968,46.71411],[6.97894,46.71487],[6.97882,46.71501],[6.97873,46.71518],[6.9787,46.71534],[6.97876,46.71568],[6.97911,46.71618],[6.97917,46.71653],[6.97903,46.71686],[6.97872,46.71714],[6.97827,46.71731],[6.97729,46.71754],[6.97654,46.71748],[6.97631,46.71739],[6.97612,46.71728],[6.97592,46.7171],[6.97572,46.71689],[6.9753,46.71648],[6.97496,46.71626],[6.97453,46.71613],[6.97301,46.71597],[6.97252,46.71609],[6.97213,46.71633],[6.9719,46.71666],[6.97135,46.71826],[6.97125,46.71847],[6.97108,46.71868],[6.97102,46.71877],[6.97084,46.71915],[6.97062,46.71948],[6.97056,46.71956],[6.9704,46.71987],[6.9699,46.7204],[6.96907,46.72097],[6.96888,46.72128],[6.96886,46.72145],[6.96889,46.72162],[6.96896,46.72179],[6.96982,46.72326],[6.97011,46.72382],[6.97017,46.72414],[6.96989,46.72507],[6.9692,46.72584],[6.96915,46.72634],[6.96934,46.72666],[6.96973,46.72695],[6.96996,46.72723],[6.97003,46.72755],[6.96992,46.72803],[6.96993,46.72819],[6.96998,46.72835],[6.97007,46.7285],[6.97016,46.7286],[6.97025,46.72869],[6.9707,46.72907],[6.97106,46.72934],[6.97118,46.72948],[6.97128,46.72965],[6.97143,46.73022],[6.97152,46.73038],[6.97166,46.73054],[6.97184,46.73067],[6.97285,46.73129],[6.97303,46.73139],[6.97326,46.73148],[6.97383,46.73166],[6.97502,46.73214],[6.97533,46.73239],[6.97567,46.73287],[6.97587,46.73302],[6.97642,46.73327],[6.97657,46.73333],[6.97668,46.73337],[6.97683,46.73342],[6.97689,46.73344],[6.97705,46.73348],[6.97717,46.73351],[6.97755,46.73362],[6.97798,46.73381],[6.97829,46.73404],[6.97861,46.73444],[6.97904,46.73469],[6.97946,46.73479],[6.97973,46.73482],[6.97993,46.73482],[6.98054,46.73475],[6.98115,46.73479],[6.98171,46.73494],[6.98227,46.735],[6.98258,46.73505],[6.98287,46.73513],[6.98314,46.73525],[6.98331,46.73531],[6.98357,46.73539],[6.9837,46.73543],[6.98387,46.73549],[6.98404,46.73555],[6.98429,46.7357],[6.98488,46.73633],[6.9851,46.73653],[6.98523,46.73663],[6.98529,46.73667],[6.98533,46.73669],[6.98555,46.7368],[6.98561,46.73683],[6.98576,46.73688],[6.98588,46.73692],[6.98598,46.73695],[6.9861,46.73697],[6.98639,46.73702],[6.987,46.73704],[6.98792,46.73681],[6.9887,46.73685],[6.9893,46.73719],[6.9895,46.73753],[6.98967,46.73841],[6.98979,46.73869],[6.9898,46.73889],[6.98974,46.73913],[6.98972,46.73918],[6.98959,46.73939],[6.98944,46.73954],[6.98879,46.73983],[6.98812,46.73988],[6.98745,46.74006],[6.98711,46.74012],[6.98687,46.74017],[6.98665,46.74026],[6.9847,46.74118],[6.98402,46.74157],[6.9831,46.74202],[6.98296,46.74214],[6.98285,46.74226],[6.9828,46.74233],[6.98279,46.74235],[6.98258,46.74265],[6.98253,46.74272],[6.98225,46.74308],[6.9821,46.74324],[6.98134,46.74394],[6.98046,46.74478],[6.9804,46.74486],[6.98033,46.74495],[6.98005,46.74533],[6.97983,46.74557],[6.97931,46.74594],[6.97902,46.74626],[6.97894,46.74664],[6.97899,46.74682],[6.9791,46.747],[6.97926,46.7472],[6.97942,46.74755],[6.97939,46.74793],[6.97929,46.74811],[6.97909,46.74831],[6.97903,46.74836],[6.97902,46.74837],[6.97881,46.74853],[6.97866,46.74869],[6.9785,46.74905],[6.97857,46.74942],[6.97869,46.74959],[6.97885,46.74974],[6.97924,46.75003],[6.97945,46.75052],[6.97937,46.75085],[6.97909,46.75118],[6.97898,46.75172],[6.97918,46.75206],[6.97983,46.75258],[6.97995,46.75273],[6.98005,46.75306],[6.98003,46.75323],[6.97996,46.7534],[6.97985,46.75356],[6.97968,46.7537],[6.97949,46.75382],[6.97932,46.75388],[6.97879,46.75411],[6.97826,46.7542],[6.97752,46.75411],[6.9773,46.75403],[6.97706,46.7539],[6.97696,46.75383],[6.97644,46.7535],[6.97631,46.75343],[6.97614,46.75334],[6.97591,46.75325],[6.97567,46.75318],[6.97516,46.75314],[6.97362,46.75353],[6.97325,46.75375],[6.97296,46.75409],[6.97261,46.75435],[6.97214,46.7545],[6.97162,46.75451],[6.97114,46.75439],[6.97047,46.75389],[6.96999,46.75332],[6.96956,46.75312],[6.96889,46.75302],[6.96867,46.75296],[6.96842,46.75286],[6.96778,46.75254],[6.96736,46.7524],[6.96684,46.75235],[6.96634,46.75222],[6.96521,46.75176],[6.96428,46.75178],[6.96379,46.75171],[6.96323,46.75152],[6.96236,46.75147],[6.96169,46.75118],[6.96087,46.7502],[6.9608,46.74985],[6.96089,46.74938],[6.96078,46.74905],[6.96033,46.74858],[6.95991,46.74821],[6.95981,46.74812],[6.95897,46.74754],[6.95896,46.74753],[6.95853,46.74724],[6.9585,46.74722],[6.95785,46.74681],[6.95776,46.74675],[6.95755,46.7466],[6.95745,46.74652],[6.95693,46.74611],[6.95628,46.74572],[6.95508,46.74507],[6.9542,46.74464],[6.95382,46.74447],[6.95373,46.74442],[6.95348,46.74429],[6.9533,46.74419],[6.9532,46.74412],[6.95298,46.74398],[6.95291,46.74394],[6.95239,46.74364],[6.95216,46.74346],[6.95203,46.74329],[6.95182,46.74279],[6.95151,46.74251],[6.95128,46.74237],[6.95122,46.74234],[6.95101,46.74222],[6.9507,46.7421],[6.95016,46.74193],[6.94921,46.74159],[6.94898,46.74146],[6.94874,46.74128],[6.94873,46.74127],[6.9475,46.74039],[6.9474,46.74032],[6.94723,46.74021],[6.94716,46.74017],[6.94713,46.74015],[6.94677,46.73995],[6.94592,46.73932],[6.94572,46.73915],[6.94488,46.73827],[6.94485,46.73824],[6.94418,46.7375],[6.94403,46.73731],[6.94393,46.73717],[6.94327,46.7364],[6.9429,46.73574],[6.9429,46.73539],[6.94319,46.73494],[6.94326,46.73464],[6.94319,46.73418],[6.94323,46.73369],[6.94319,46.7335],[6.94295,46.73317],[6.94255,46.73293],[6.94209,46.73283],[6.94135,46.7328],[6.94082,46.73265],[6.9403,46.7326],[6.93979,46.73268],[6.93947,46.73272],[6.93943,46.73273],[6.93899,46.73278],[6.93896,46.73278],[6.93783,46.73291],[6.93748,46.73295],[6.93654,46.733],[6.93597,46.7331],[6.9355,46.73309],[6.93507,46.73296],[6.93049,46.73023],[6.92903,46.72915],[6.92793,46.72813],[6.92684,46.72728],[6.92479,46.72555],[6.92417,46.72506],[6.92307,46.72425],[6.92286,46.72392],[6.92292,46.7234],[6.92342,46.72297]]]},"properties":{"bfs_nr":2117,"name":"Villaz"}},{"type":"Feature","geometry":{"type":"Polygon","coordinates":[[[6.97791,46.47263],[6.97837,46.47151],[6.97879,46.47057],[6.97876,46.47024],[6.97837,46.46947],[6.97818,46.46851],[6.97824,46.46755],[6.9784,46.46721],[6.97877,46.46686],[6.97893,46.46656],[6.97895,46.4659],[6.97872,46.46508],[6.97866,46.46421],[6.97883,46.46368],[6.97901,46.46248],[6.97897,46.46155],[6.97908,46.46107],[6.97954,46.46048],[6.98023,46.45925],[6.98059,46.45899],[6.98107,46.45885],[6.98207,46.45887],[6.9828,46.45866],[6.98312,46.45837],[6.98373,46.45753],[6.98446,46.45674],[6.98577,46.45569],[6.98773,46.45432],[6.98849,46.45372],[6.98933,46.45318],[6.98977,46.45276],[6.99024,46.45186],[6.99092,46.45119],[6.9911,46.45065],[6.99156,46.44975],[6.99198,46.44917],[6.992,46.44881],[6.99181,46.44847],[6.99098,46.44766],[6.9907,46.44726],[6.99021,46.4468],[6.9895,46.4457],[6.98887,46.44512],[6.98818,46.44395],[6.98601,46.44197],[6.98557,46.44145],[6.98477,46.44061],[6.98419,46.4398],[6.98385,46.43919],[6.98376,46.43879],[6.98388,46.43844],[6.9842,46.43815],[6.98465,46.43798],[6.98524,46.43794],[6.98588,46.43797],[6.98727,46.43794],[6.98854,46.43805],[6.9895,46.43828],[6.99189,46.43869],[6.99298,46.43894],[6.99497,46.43964],[6.99537,46.43988],[6.99588,46.44032],[6.99628,46.44055],[6.99695,46.4407],[6.99751,46.44096],[6.99801,46.44128],[6.99918,46.44166],[6.99969,46.44203],[7.00012,46.44221],[7.00113,46.44252],[7.00188,46.44289],[7.00255,46.44338],[7.003,46.44355],[7.00405,46.4438],[7.0058,46.44438],[7.00621,46.44449],[7.00721,46.44462],[7.00791,46.44481],[7.00909,46.44543],[7.0096,46.4456],[7.01011,46.44566],[7.01051,46.44581],[7.01119,46.4462],[7.01222,46.44658],[7.01707,46.44789],[7.0176,46.448],[7.01799,46.44819],[7.01825,46.44847],[7.01898,46.45038],[7.01926,46.45146],[7.01961,46.4521],[7.01982,46.45262],[7.02015,46.45383],[7.0207,46.45631],[7.021,46.4572],[7.02114,46.4582],[7.021,46.45873],[7.02063,46.4592],[7.02058,46.45953],[7.02071,46.45985],[7.02195,46.46109],[7.02273,46.46178],[7.02475,46.46325],[7.02499,46.46339],[7.02664,46.46414],[7.02695,46.46445],[7.02724,46.46505],[7.0279,46.46589],[7.02836,46.46666],[7.02862,46.46694],[7.03017,46.46809],[7.03312,46.47032],[7.03615,46.47257],[7.03738,46.47344],[7.03845,46.47427],[7.03945,46.47486],[7.04191,46.476],[7.04372,46.4765],[7.04432,46.47677],[7.04559,46.47767],[7.04645,46.47803],[7.04758,46.47885],[7.04785,46.47913],[7.0485,46.48008],[7.04875,46.48033],[7.05072,46.48169],[7.05118,46.48189],[7.05416,46.48268],[7.05465,46.48287],[7.05879,46.48507],[7.05906,46.48524],[7.05963,46.48595],[7.06073,46.48699],[7.06128,46.48735],[7.06511,46.48878],[7.06581,46.48888],[7.06648,46.48872],[7.06981,46.4871],[7.07028,46.48693],[7.07171,46.48657],[7.07225,46.48651],[7.07299,46.48668],[7.0771,46.48861],[7.07734,46.4887],[7.07815,46.48873],[7.07969,46.48845],[7.08215,46.48784],[7.08271,46.48778],[7.08657,46.48779],[7.08727,46.48765],[7.08868,46.48705],[7.08948,46.48701],[7.09257,46.48745],[7.09514,46.48809],[7.09741,46.48834],[7.09798,46.48832],[7.09848,46.48813],[7.09967,46.48741],[7.1004,46.48717],[7.10119,46.48726],[7.10274,46.48778],[7.1032,46.48799],[7.10517,46.48921],[7.10548,46.48946],[7.10597,46.49002],[7.10619,46.49048],[7.10631,46.49125],[7.10652,46.49184],[7.10677,46.49217],[7.10719,46.49241],[7.10833,46.49283],[7.1087,46.49314],[7.10925,46.49386],[7.1093,46.4942],[7.10917,46.49454],[7.10882,46.49484],[7.10788,46.49541],[7.10781,46.49544],[7.10636,46.49624],[7.10629,46.49627],[7.10427,46.49727],[7.10399,46.49747],[7.10354,46.49788],[7.10335,46.49803],[7.10316,46.49813],[7.10291,46.49822],[7.1017,46.49856],[7.10149,46.49861],[7.10054,46.4988],[7.10025,46.49889],[7.09932,46.49926],[7.09911,46.49936],[7.0988,46.49965],[7.09867,46.5],[7.09862,46.50108],[7.09863,46.50125],[7.09894,46.50262],[7.09916,46.50315],[7.09922,46.50355],[7.09906,46.5039],[7.09872,46.50417],[7.09825,46.50433],[7.09755,46.50436],[7.09589,46.50456],[7.09564,46.50461],[7.09542,46.50469],[7.09522,46.5048],[7.09466,46.50517],[7.09434,46.5055],[7.09374,46.50661],[7.09367,46.50676],[7.09365,46.50692],[7.09367,46.50709],[7.09374,46.50724],[7.09384,46.50739],[7.09398,46.50752],[7.09709,46.50995],[7.09736,46.51025],[7.09774,46.51085],[7.09785,46.51108],[7.09797,46.51144],[7.09806,46.51162],[7.09866,46.5125],[7.09923,46.51324],[7.09935,46.51344],[7.09941,46.51378],[7.09927,46.51411],[7.09897,46.51438],[7.09871,46.51451],[7.09643,46.51542],[7.09628,46.51549],[7.09474,46.51632],[7.09406,46.51675],[7.09345,46.51711],[7.09326,46.51721],[7.09281,46.51742],[7.09262,46.51753],[7.09246,46.51766],[7.09234,46.51781],[7.09226,46.51798],[7.09223,46.51815],[7.09225,46.51832],[7.09232,46.51849],[7.09243,46.51869],[7.09252,46.51881],[7.09286,46.51922],[7.09314,46.51961],[7.09324,46.51981],[7.09335,46.5203],[7.09341,46.52049],[7.09345,46.5206],[7.09356,46.52078],[7.09374,46.52103],[7.09383,46.52124],[7.09386,46.52144],[7.0937,46.52234],[7.09338,46.52322],[7.09303,46.52351],[7.09249,46.5237],[7.08892,46.52435],[7.08419,46.5256],[7.08406,46.52564],[7.08348,46.52575],[7.08344,46.52576],[7.08332,46.52579],[7.08317,46.52582],[7.0827,46.52595],[7.08263,46.52597],[7.08198,46.52618],[7.08193,46.5262],[7.08109,46.5265],[7.08071,46.52671],[7.07986,46.52765],[7.07969,46.52776],[7.07943,46.52787],[7.07821,46.52832],[7.07751,46.52864],[7.07674,46.52872],[7.07625,46.5286],[7.07566,46.52828],[7.07518,46.52818],[7.07444,46.52828],[7.0734,46.52865],[7.07303,46.52893],[7.07277,46.5293],[7.07239,46.52954],[7.07164,46.52967],[7.0705,46.52953],[7.07006,46.52938],[7.06983,46.52924],[7.06975,46.52918],[7.06956,46.529],[7.06954,46.52898],[7.06939,46.52877],[7.06927,46.52862],[7.06891,46.52839],[7.06845,46.52827],[7.06796,46.52827],[7.0675,46.5284],[7.06715,46.52863],[7.06695,46.52895],[7.06691,46.52911],[7.06693,46.52929],[7.067,46.52964],[7.06702,46.5299],[7.06689,46.53209],[7.06688,46.53216],[7.06666,46.53374],[7.06676,46.53419],[7.06744,46.53533],[7.06736,46.53587],[7.06706,46.53616],[7.06661,46.53635],[7.06504,46.53653],[7.06479,46.53656],[7.06452,46.53661],[7.06433,46.53663],[7.06427,46.53663],[7.06363,46.53668],[7.06349,46.53669],[7.06258,46.53682],[7.06219,46.53685],[7.06178,46.53685],[7.06156,46.53686],[7.0613,46.53689],[7.06127,46.5369],[7.06056,46.53697],[7.06036,46.53699],[7.06009,46.537],[7.06004,46.537],[7.05963,46.53701],[7.05886,46.53704],[7.0587,46.53705],[7.05827,46.53704],[7.05736,46.53709],[7.05692,46.53706],[7.056,46.53712],[7.05534,46.53733],[7.05492,46.53743],[7.05457,46.53747],[7.05401,46.53744],[7.05345,46.53742],[7.05329,46.53742],[7.05263,46.53745],[7.05233,46.53748],[7.05205,46.53755],[7.0514,46.53777],[7.05117,46.53786],[7.05098,46.53798],[7.05083,46.53812],[7.05072,46.53826],[7.05066,46.53842],[7.05064,46.53859],[7.05066,46.53875],[7.05088,46.53926],[7.05084,46.53965],[7.05073,46.53982],[7.05055,46.54],[7.05014,46.54023],[7.04986,46.54031],[7.04899,46.54048],[7.0487,46.54052],[7.04823,46.54049],[7.04751,46.54027],[7.04729,46.54022],[7.04707,46.54019],[7.04684,46.54019],[7.04661,46.54021],[7.04585,46.54035],[7.04561,46.54041],[7.04521,46.54061],[7.04467,46.54101],[7.04422,46.54113],[7.04351,46.54109],[7.04281,46.54087],[7.04254,46.54079],[7.04231,46.54074],[7.04198,46.54071],[7.04128,46.54068],[7.04096,46.54069],[7.04056,46.54067],[7.03986,46.54059],[7.03975,46.54057],[7.039,46.54046],[7.03883,46.54044],[7.03853,46.54042],[7.0383,46.54042],[7.03808,46.54045],[7.03787,46.5405],[7.03764,46.54059],[7.03744,46.54072],[7.03717,46.54093],[7.03701,46.54108],[7.03696,46.54114],[7.03683,46.54136],[7.0367,46.54172],[7.03658,46.54193],[7.03645,46.54207],[7.03624,46.54224],[7.03621,46.54225],[7.03617,46.54227],[7.03565,46.54258],[7.03551,46.54268],[7.03454,46.5434],[7.03407,46.54355],[7.03355,46.54356],[7.03329,46.54351],[7.033,46.5434],[7.0325,46.54317],[7.03225,46.54304],[7.03161,46.54264],[7.03139,46.54247],[7.03074,46.54189],[7.03055,46.54175],[7.02975,46.54142],[7.02875,46.54088],[7.02855,46.54078],[7.02833,46.5407],[7.0281,46.54066],[7.0275,46.54067],[7.02701,46.54083],[7.02665,46.54112],[7.02643,46.54157],[7.02637,46.54168],[7.02625,46.54185],[7.02612,46.54197],[7.02593,46.5421],[7.0255,46.54234],[7.02528,46.54246],[7.02464,46.54273],[7.02395,46.54299],[7.02362,46.54309],[7.02335,46.54312],[7.02245,46.54312],[7.022,46.54327],[7.02165,46.54352],[7.02143,46.54394],[7.02127,46.54461],[7.02109,46.54495],[7.02079,46.5452],[7.0206,46.54529],[7.02033,46.54537],[7.01848,46.54579],[7.01795,46.54586],[7.0135,46.546],[7.01315,46.54599],[7.01104,46.54579],[7.01052,46.54568],[7.00896,46.54513],[7.00871,46.54503],[7.0085,46.54489],[7.00806,46.54456],[7.0079,46.54443],[7.00778,46.54427],[7.0073,46.54355],[7.00717,46.5433],[7.0071,46.54307],[7.00695,46.54271],[7.00693,46.54247],[7.00695,46.5422],[7.00702,46.54195],[7.00706,46.54184],[7.00707,46.54165],[7.00692,46.54128],[7.00677,46.54112],[7.00529,46.53993],[7.005,46.5396],[7.00483,46.53934],[7.00474,46.53918],[7.00457,46.53877],[7.00451,46.5384],[7.00493,46.53762],[7.0049,46.53727],[7.00448,46.53663],[7.00361,46.53611],[7.00306,46.53559],[7.00271,46.53517],[7.00254,46.53505],[7.00233,46.53496],[7.00161,46.53468],[7.00144,46.53457],[7.00129,46.53443],[7.00116,46.53425],[7.00109,46.53388],[7.00115,46.53365],[7.00146,46.53297],[7.00232,46.53173],[7.00263,46.53142],[7.00397,46.53048],[7.00458,46.52991],[7.00471,46.52959],[7.00471,46.52942],[7.00457,46.5291],[7.00287,46.52755],[7.00245,46.52734],[7.00186,46.52719],[7.00143,46.52693],[7.00121,46.5266],[7.00114,46.52599],[7.00111,46.52584],[7.00103,46.52564],[7.00102,46.52561],[7.00087,46.52525],[7.00079,46.52488],[7.00079,46.52443],[7.00079,46.5244],[7.00082,46.52376],[7.00082,46.52375],[7.00083,46.52335],[7.00079,46.52314],[7.00069,46.52295],[7.00047,46.52264],[7.0002,46.5223],[7.00011,46.52204],[7.00001,46.5215],[7.00001,46.52113],[7.00009,46.52077],[7.00022,46.52031],[7.0002,46.52012],[7.00014,46.51986],[7.00012,46.5198],[7,46.51947],[6.99987,46.51924],[6.99968,46.51901],[6.99962,46.51894],[6.99917,46.51849],[6.99883,46.51806],[6.99853,46.5175],[6.99854,46.51717],[6.99863,46.51696],[6.99906,46.51625],[6.99949,46.51555],[6.99958,46.51542],[6.99978,46.51518],[6.99989,46.51498],[7.00002,46.51466],[7.00005,46.51459],[7.00012,46.51432],[7.00031,46.51396],[7.00071,46.51343],[7.00081,46.51326],[7.00085,46.51308],[7.00092,46.51243],[7.00089,46.51178],[7.00095,46.51108],[7.001,46.51087],[7.00119,46.51057],[7.00186,46.51016],[7.00216,46.50972],[7.00221,46.5092],[7.00274,46.50813],[7.00282,46.50778],[7.00269,46.50744],[7.00256,46.50728],[7.00243,46.50718],[7.00219,46.50702],[7.00159,46.5066],[7.00124,46.50642],[6.99992,46.50614],[6.99969,46.50608],[6.99948,46.506],[6.99851,46.50556],[6.99791,46.50533],[6.99707,46.50495],[6.99684,46.50482],[6.99633,46.50451],[6.99604,46.50428],[6.99567,46.50395],[6.9953,46.50377],[6.9945,46.50352],[6.99421,46.50341],[6.99334,46.50299],[6.99305,46.50282],[6.99238,46.50235],[6.99171,46.50191],[6.99149,46.50172],[6.99135,46.50155],[6.99126,46.50132],[6.99089,46.49967],[6.99087,46.49944],[6.99088,46.49906],[6.99085,46.49886],[6.99075,46.49846],[6.991,46.49723],[6.99145,46.49618],[6.99177,46.49552],[6.99184,46.49525],[6.99186,46.49468],[6.99199,46.49397],[6.992,46.49382],[6.99196,46.49337],[6.99194,46.49317],[6.99194,46.49298],[6.99199,46.49279],[6.99211,46.49247],[6.99215,46.49229],[6.99214,46.49211],[6.99207,46.49193],[6.99195,46.49176],[6.99181,46.49162],[6.99171,46.49146],[6.99147,46.49098],[6.99146,46.49096],[6.99117,46.49035],[6.99114,46.4903],[6.99082,46.48977],[6.9907,46.48961],[6.98998,46.48906],[6.98951,46.4882],[6.98949,46.48792],[6.98936,46.4876],[6.98923,46.48746],[6.98865,46.48692],[6.98808,46.48633],[6.98794,46.48615],[6.98787,46.486],[6.9878,46.48499],[6.98789,46.48388],[6.98787,46.48365],[6.98765,46.48288],[6.98756,46.48269],[6.98732,46.48232],[6.98718,46.48217],[6.98664,46.48165],[6.98661,46.48162],[6.98583,46.48093],[6.98577,46.48088],[6.98537,46.48048],[6.98524,46.48033],[6.98502,46.4799],[6.98493,46.47976],[6.98482,46.47963],[6.98475,46.47958],[6.9844,46.47929],[6.98388,46.47874],[6.98334,46.47835],[6.98294,46.47784],[6.98248,46.47697],[6.98237,46.4768],[6.98221,46.47663],[6.98158,46.47612],[6.98129,46.4754],[6.98028,46.47448],[6.97909,46.47406],[6.97842,46.47368],[6.97797,46.47322],[6.97791,46.47263]]]},"properties":{"bfs_nr":2121,"name":"Haut-Intyamon"}},{"type":"Feature","geometry":{"type":"Polygon","coordinates":[[[7.0444,46.6854],[7.04482,46.68487],[7.04484,46.68485],[7.04539,46.68411],[7.04579,46.68361],[7.04605,46.68336],[7.04667,46.68297],[7.04695,46.68282],[7.04762,46.68254],[7.04807,46.68247],[7.04836,46.68248],[7.04928,46.68256],[7.0494,46.68257],[7.05039,46.6826],[7.0504,46.6826],[7.05103,46.68261],[7.05111,46.68261],[7.05157,46.68263],[7.05225,46.68268],[7.05271,46.68262],[7.05324,46.6824],[7.05471,46.6821],[7.05568,46.68196],[7.05572,46.68195],[7.05596,46.68191],[7.05628,46.68183],[7.05711,46.68155],[7.05726,46.68149],[7.05745,46.68141],[7.05751,46.68139],[7.05824,46.68104],[7.05847,46.68091],[7.05952,46.68013],[7.05969,46.68002],[7.05983,46.67994],[7.06003,46.6798],[7.06056,46.67937],[7.06078,46.67912],[7.06089,46.6788],[7.0614,46.67809],[7.06145,46.67794],[7.06204,46.6772],[7.06259,46.67688],[7.06339,46.67663],[7.0641,46.67657],[7.06456,46.67644],[7.06519,46.67605],[7.06575,46.67555],[7.06624,46.67533],[7.06682,46.67523],[7.06731,46.67507],[7.06826,46.67446],[7.06872,46.67402],[7.07014,46.6734],[7.07053,46.673],[7.07115,46.67259],[7.07159,46.67245],[7.07231,46.67246],[7.07277,46.67257],[7.07332,46.67257],[7.07441,46.67241],[7.07576,46.67264],[7.07647,46.67254],[7.0767,46.67247],[7.07707,46.67224],[7.07729,46.67193],[7.07734,46.67173],[7.07733,46.67154],[7.07729,46.67128],[7.07727,46.67121],[7.07713,46.67091],[7.07626,46.66929],[7.07618,46.6691],[7.07616,46.66895],[7.07617,46.66862],[7.07576,46.66767],[7.0757,46.66727],[7.07586,46.66693],[7.07643,46.66657],[7.07694,46.66648],[7.07779,46.66654],[7.0785,46.66678],[7.07895,46.66686],[7.07973,46.66683],[7.08055,46.66694],[7.08073,46.66696],[7.08084,46.66697],[7.08108,46.66697],[7.08132,46.66693],[7.08155,46.66687],[7.08175,46.66678],[7.08193,46.66666],[7.08207,46.66653],[7.08229,46.66627],[7.08259,46.6659],[7.08277,46.66577],[7.08305,46.66564],[7.08334,46.66555],[7.08357,46.66552],[7.08404,46.66554],[7.08448,46.66567],[7.0847,46.66581],[7.08592,46.66666],[7.08622,46.66693],[7.08677,46.66758],[7.08706,46.66794],[7.0876,46.66829],[7.08789,46.6686],[7.088,46.66913],[7.08835,46.6697],[7.08905,46.67039],[7.08912,46.6705],[7.08923,46.67063],[7.08948,46.67086],[7.08979,46.67107],[7.0907,46.67187],[7.09092,46.67214],[7.09109,46.6723],[7.0913,46.67247],[7.09151,46.67278],[7.09159,46.67305],[7.09182,46.67333],[7.09239,46.67361],[7.09401,46.67401],[7.09441,46.67421],[7.09475,46.67472],[7.09499,46.67577],[7.095,46.67581],[7.09574,46.67826],[7.0958,46.67839],[7.09589,46.67852],[7.0978,46.68083],[7.09793,46.68096],[7.0981,46.68107],[7.09829,46.68117],[7.1007,46.68212],[7.10112,46.68235],[7.1032,46.684],[7.10338,46.68416],[7.10476,46.68564],[7.10497,46.686],[7.10505,46.68633],[7.10531,46.68665],[7.10576,46.6869],[7.1064,46.68754],[7.10663,46.68789],[7.10675,46.68818],[7.10681,46.68843],[7.10679,46.68868],[7.10641,46.69023],[7.10639,46.69045],[7.10645,46.69066],[7.10652,46.69079],[7.1066,46.69093],[7.10672,46.69106],[7.10686,46.69117],[7.10714,46.69135],[7.10731,46.69144],[7.10759,46.69157],[7.10785,46.69172],[7.10814,46.69202],[7.10823,46.69237],[7.10811,46.69273],[7.10797,46.69288],[7.10775,46.69305],[7.10642,46.69386],[7.10616,46.69399],[7.10592,46.69407],[7.10567,46.69411],[7.10516,46.69408],[7.10491,46.69402],[7.1047,46.69392],[7.10451,46.6938],[7.10436,46.69365],[7.10413,46.69333],[7.10393,46.69319],[7.10302,46.69264],[7.10192,46.69211],[7.10146,46.69197],[7.10096,46.69196],[7.10029,46.69218],[7.09952,46.6929],[7.09916,46.69336],[7.09899,46.69349],[7.09872,46.69363],[7.0984,46.69377],[7.09792,46.69391],[7.09623,46.69425],[7.0951,46.69459],[7.09447,46.69484],[7.09429,46.69493],[7.09414,46.69503],[7.09407,46.69509],[7.09392,46.69524],[7.09381,46.69541],[7.09376,46.69577],[7.09392,46.69612],[7.09408,46.69627],[7.09413,46.69631],[7.09428,46.69641],[7.0949,46.69676],[7.09514,46.69687],[7.09641,46.69731],[7.09643,46.69732],[7.09717,46.69756],[7.09738,46.69762],[7.09754,46.69765],[7.0978,46.69768],[7.09807,46.69767],[7.09832,46.69763],[7.09851,46.69759],[7.09877,46.6975],[7.09907,46.69737],[7.09934,46.69722],[7.0995,46.6971],[7.09999,46.69659],[7.10059,46.69634],[7.10138,46.69626],[7.10211,46.69637],[7.10262,46.69658],[7.10299,46.69679],[7.10325,46.69701],[7.10336,46.69716],[7.10345,46.69748],[7.10336,46.69781],[7.10311,46.69809],[7.1028,46.69828],[7.1004,46.69933],[7.10012,46.69948],[7.09913,46.70022],[7.09905,46.70029],[7.09869,46.70062],[7.09859,46.70073],[7.09829,46.7011],[7.09791,46.70148],[7.09778,46.70166],[7.09774,46.70173],[7.09768,46.70187],[7.09765,46.70202],[7.09765,46.70218],[7.09765,46.70229],[7.09769,46.70254],[7.09772,46.70268],[7.09777,46.70279],[7.0979,46.70302],[7.09809,46.70328],[7.09816,46.70349],[7.09819,46.70365],[7.09827,46.70392],[7.0983,46.70419],[7.09824,46.70445],[7.09821,46.70453],[7.09808,46.70475],[7.09771,46.70505],[7.09706,46.70532],[7.09623,46.70555],[7.09602,46.70564],[7.09564,46.70585],[7.09545,46.70598],[7.09528,46.70613],[7.09513,46.70628],[7.095,46.70646],[7.0949,46.70662],[7.09485,46.70696],[7.09494,46.70732],[7.09485,46.70765],[7.09456,46.70796],[7.09363,46.70868],[7.09333,46.70892],[7.0929,46.70911],[7.09234,46.70923],[7.09208,46.70934],[7.09192,46.70942],[7.09172,46.70955],[7.0912,46.70992],[7.09064,46.71023],[7.0902,46.71035],[7.08996,46.71037],[7.08949,46.71032],[7.08923,46.71024],[7.08917,46.71022],[7.08889,46.71009],[7.08872,46.71],[7.08846,46.70986],[7.0884,46.70982],[7.08836,46.7098],[7.08819,46.70973],[7.08802,46.70967],[7.08786,46.70962],[7.0877,46.70958],[7.0876,46.70956],[7.08677,46.70941],[7.08675,46.70941],[7.08638,46.70935],[7.08628,46.70933],[7.08608,46.70931],[7.08598,46.7093],[7.08528,46.70924],[7.08498,46.70924],[7.08436,46.70935],[7.08411,46.70937],[7.08382,46.70936],[7.08271,46.70914],[7.08218,46.70895],[7.08185,46.70866],[7.08171,46.70831],[7.08178,46.70789],[7.08177,46.7077],[7.08167,46.7073],[7.08165,46.70722],[7.08153,46.7069],[7.08149,46.70676],[7.08147,46.7067],[7.08141,46.70651],[7.08112,46.7062],[7.08067,46.70599],[7.0804,46.70594],[7.07965,46.70585],[7.07929,46.70584],[7.0786,46.70589],[7.07827,46.70589],[7.07802,46.70586],[7.07756,46.70569],[7.07724,46.70541],[7.07713,46.70523],[7.07708,46.70501],[7.07709,46.70478],[7.07718,46.70453],[7.07731,46.70436],[7.07753,46.70417],[7.0777,46.70399],[7.07784,46.7038],[7.0779,46.7037],[7.07805,46.70341],[7.07806,46.70339],[7.07827,46.70295],[7.07833,46.70278],[7.07834,46.7026],[7.07821,46.70227],[7.07808,46.70212],[7.07771,46.70189],[7.07647,46.70159],[7.07568,46.70127],[7.07437,46.70112],[7.07339,46.70127],[7.07277,46.70125],[7.07228,46.70106],[7.07156,46.70041],[7.07126,46.70003],[7.07066,46.69954],[7.07024,46.69935],[7.06924,46.69914],[7.06867,46.69908],[7.06823,46.69891],[7.06747,46.69826],[7.06691,46.69792],[7.06661,46.6976],[7.06646,46.69707],[7.06617,46.69656],[7.06609,46.69645],[7.06579,46.69608],[7.06575,46.69603],[7.06553,46.69573],[7.06549,46.69568],[7.06523,46.69537],[7.06511,46.69525],[7.06397,46.69423],[7.06184,46.69237],[7.0615,46.69201],[7.06104,46.69161],[7.06085,46.69147],[7.06062,46.69136],[7.06037,46.69129],[7.06009,46.69125],[7.05832,46.69115],[7.05724,46.6911],[7.05693,46.6911],[7.0567,46.69113],[7.05649,46.69118],[7.05584,46.69138],[7.05583,46.69139],[7.05522,46.69157],[7.05484,46.69166],[7.05446,46.69172],[7.05428,46.69174],[7.0539,46.69177],[7.05342,46.69179],[7.05315,46.69182],[7.05289,46.69189],[7.05235,46.69208],[7.0521,46.69216],[7.05172,46.69225],[7.05153,46.69229],[7.05079,46.69241],[7.05036,46.6925],[7.05,46.69256],[7.04961,46.69259],[7.04928,46.6926],[7.04901,46.69257],[7.04876,46.6925],[7.04835,46.69226],[7.04821,46.69211],[7.04811,46.69194],[7.04807,46.69175],[7.04809,46.69145],[7.04811,46.69107],[7.0481,46.69098],[7.04808,46.69079],[7.04801,46.69056],[7.04758,46.68972],[7.04721,46.68908],[7.04701,46.68859],[7.04661,46.68801],[7.04643,46.68782],[7.04607,46.68752],[7.04594,46.68743],[7.04577,46.68732],[7.04541,46.68707],[7.04533,46.68702],[7.04501,46.68677],[7.04449,46.68643],[7.04426,46.68612],[7.04422,46.68577],[7.0444,46.6854]]]},"properties":{"bfs_nr":2122,"name":"Pont-en-Ogoz"}},{"type":"Feature","geometry":{"type":"Polygon","coordinates":[[[7.10331,46.63229],[7.10407,46.62304],[7.10407,46.62292],[7.10294,46.61293],[7.103,46.61254],[7.10325,46.61223],[7.10393,46.61194],[7.10669,46.61139],[7.10681,46.61136],[7.10954,46.61062],[7.10955,46.61062],[7.11018,46.61044],[7.11028,46.61042],[7.11099,46.61029],[7.11255,46.60962],[7.11311,46.60933],[7.11362,46.60924],[7.11414,46.60929],[7.11458,46.60949],[7.11551,46.61075],[7.11568,46.61093],[7.11625,46.61143],[7.1164,46.61179],[7.11625,46.61263],[7.11647,46.61358],[7.11669,46.61389],[7.11761,46.61453],[7.11853,46.6147],[7.11899,46.61488],[7.1194,46.61529],[7.11962,46.61568],[7.12076,46.61649],[7.12152,46.61692],[7.12197,46.61737],[7.12211,46.61749],[7.12227,46.61759],[7.12247,46.61769],[7.12248,46.6177],[7.12272,46.61782],[7.12302,46.61802],[7.12315,46.61817],[7.12327,46.61837],[7.12342,46.61871],[7.12348,46.61895],[7.12341,46.61933],[7.12298,46.61983],[7.12279,46.62014],[7.12276,46.62031],[7.12284,46.62064],[7.1231,46.62102],[7.12307,46.62153],[7.12279,46.62189],[7.12267,46.62221],[7.12284,46.62271],[7.12298,46.62284],[7.12333,46.62313],[7.1234,46.62317],[7.12401,46.6236],[7.12416,46.62369],[7.12457,46.62391],[7.1247,46.62396],[7.12504,46.62413],[7.12512,46.62418],[7.12525,46.6243],[7.1254,46.62441],[7.12606,46.62468],[7.12639,46.62495],[7.1265,46.62513],[7.12655,46.62529],[7.12656,46.62546],[7.12652,46.62567],[7.12645,46.62605],[7.12645,46.62625],[7.12655,46.6266],[7.12657,46.6268],[7.12655,46.62695],[7.1265,46.62711],[7.1263,46.62744],[7.12626,46.62761],[7.12627,46.62778],[7.1263,46.6279],[7.12635,46.62807],[7.12645,46.62822],[7.12659,46.62836],[7.12688,46.62859],[7.12707,46.62872],[7.12729,46.62881],[7.12886,46.62936],[7.12967,46.62966],[7.13075,46.63006],[7.1309,46.6301],[7.13199,46.63039],[7.13251,46.63061],[7.13288,46.6311],[7.1329,46.63166],[7.13318,46.63211],[7.13374,46.63249],[7.13396,46.63282],[7.13399,46.63318],[7.13364,46.63366],[7.13321,46.63386],[7.13289,46.63393],[7.12193,46.63544],[7.12163,46.63546],[7.11395,46.63567],[7.11393,46.63567],[7.10915,46.63578],[7.10906,46.63578],[7.10288,46.63573],[7.10219,46.63574],[7.10186,46.63573],[7.10138,46.63561],[7.101,46.63538],[7.10079,46.63506],[7.10083,46.63453],[7.10114,46.6342],[7.10296,46.63286],[7.1031,46.63273],[7.10328,46.63245],[7.10331,46.63229]]]},"properties":{"bfs_nr":2123,"name":"Botterens"}},{"type":"Feature","geometry":{"type":"Polygon","coordinates":[[[7.09098,46.60959],[7.0911,46.6093],[7.09127,46.60909],[7.0914,46.60897],[7.09155,46.60887],[7.09172,46.60878],[7.09192,46.60869],[7.09212,46.60863],[7.09221,46.6086],[7.09242,46.60855],[7.09397,46.60824],[7.0944,46.60812],[7.09461,46.608],[7.09478,46.60786],[7.09491,46.6077],[7.09501,46.60734],[7.09475,46.60682],[7.09365,46.6058],[7.09355,46.60571],[7.09349,46.60564],[7.09335,46.60547],[7.09327,46.60533],[7.09324,46.60527],[7.09317,46.60512],[7.09314,46.60503],[7.09309,46.60485],[7.09306,46.60468],[7.09305,46.60443],[7.09307,46.6042],[7.09313,46.60368],[7.09333,46.6024],[7.09336,46.60224],[7.09342,46.6019],[7.09348,46.60153],[7.09355,46.60117],[7.09363,46.60081],[7.09363,46.60079],[7.09372,46.60045],[7.09372,46.60043],[7.09381,46.60009],[7.09382,46.60007],[7.0939,46.59977],[7.09391,46.59976],[7.094,46.59946],[7.094,46.59944],[7.0941,46.59915],[7.09421,46.59884],[7.09432,46.59853],[7.09433,46.59851],[7.09444,46.59822],[7.09444,46.59821],[7.09496,46.59693],[7.09497,46.5969],[7.095,46.59684],[7.09501,46.59681],[7.09508,46.59666],[7.09512,46.59657],[7.09513,46.59654],[7.09521,46.59639],[7.09523,46.59636],[7.09529,46.59625],[7.0953,46.59623],[7.09537,46.59611],[7.09546,46.59597],[7.09564,46.59569],[7.09566,46.59567],[7.09574,46.59555],[7.09575,46.59554],[7.09637,46.5947],[7.09787,46.59268],[7.09789,46.59266],[7.09813,46.5923],[7.09815,46.59228],[7.09838,46.59193],[7.09839,46.5919],[7.09861,46.59154],[7.09862,46.59152],[7.09883,46.59115],[7.09884,46.59113],[7.09986,46.58916],[7.09987,46.58913],[7.09991,46.58905],[7.09993,46.589],[7.09996,46.58892],[7.09998,46.58887],[7.1,46.5888],[7.10002,46.58875],[7.10003,46.58867],[7.10004,46.58862],[7.10005,46.58854],[7.10005,46.58849],[7.10006,46.58841],[7.10006,46.58836],[7.10005,46.58829],[7.10005,46.58825],[7.10005,46.58803],[7.1002,46.58771],[7.1005,46.58745],[7.10075,46.58733],[7.10346,46.58626],[7.10353,46.58623],[7.10588,46.58539],[7.10621,46.5853],[7.10677,46.58529],[7.10711,46.58536],[7.10759,46.5855],[7.10777,46.58555],[7.10884,46.58576],[7.10906,46.58578],[7.10928,46.58579],[7.11012,46.58576],[7.11136,46.58598],[7.11267,46.58615],[7.11363,46.58632],[7.11399,46.58635],[7.11437,46.58635],[7.11465,46.58634],[7.11487,46.58634],[7.1152,46.58636],[7.11547,46.58639],[7.11598,46.58646],[7.11632,46.58653],[7.11654,46.58659],[7.11673,46.58666],[7.11689,46.5867],[7.11712,46.58675],[7.11734,46.58679],[7.11773,46.58683],[7.11904,46.58719],[7.1195,46.58724],[7.12016,46.58719],[7.12067,46.58723],[7.12127,46.58716],[7.12177,46.5872],[7.12223,46.58736],[7.12266,46.58761],[7.12354,46.58783],[7.12392,46.58782],[7.12441,46.58785],[7.12496,46.58799],[7.12563,46.58813],[7.12689,46.58832],[7.12761,46.58854],[7.12812,46.58879],[7.12837,46.58888],[7.12892,46.58902],[7.12942,46.58924],[7.13005,46.58937],[7.13049,46.58948],[7.13066,46.58952],[7.13095,46.58963],[7.13148,46.58988],[7.13207,46.59],[7.13259,46.59019],[7.13311,46.59035],[7.13361,46.59059],[7.1341,46.59079],[7.13469,46.59107],[7.13511,46.59124],[7.13539,46.59141],[7.13587,46.59158],[7.13655,46.59196],[7.13726,46.59218],[7.13773,46.59242],[7.13789,46.59256],[7.13799,46.5927],[7.13813,46.59287],[7.13825,46.59298],[7.13882,46.59346],[7.13895,46.59356],[7.13898,46.59358],[7.13904,46.59362],[7.13961,46.59399],[7.14073,46.59466],[7.14097,46.59485],[7.1417,46.59517],[7.14342,46.59611],[7.14368,46.5963],[7.14378,46.59636],[7.14458,46.59683],[7.14508,46.59709],[7.14547,46.59738],[7.14614,46.5981],[7.14661,46.59849],[7.1468,46.59868],[7.14699,46.59882],[7.14721,46.59894],[7.14747,46.59902],[7.1489,46.59937],[7.14947,46.59949],[7.14986,46.59968],[7.15019,46.59994],[7.15039,46.60005],[7.15062,46.60013],[7.15086,46.60018],[7.1521,46.60039],[7.1536,46.60097],[7.15393,46.60125],[7.15407,46.6016],[7.154,46.60195],[7.15368,46.60236],[7.15355,46.60257],[7.15321,46.60321],[7.15224,46.6039],[7.15187,46.60407],[7.15158,46.60434],[7.15135,46.60499],[7.15112,46.60525],[7.15058,46.60567],[7.15032,46.60603],[7.14997,46.60626],[7.14885,46.6068],[7.14775,46.60707],[7.14722,46.60708],[7.14652,46.60701],[7.14623,46.60704],[7.14516,46.60732],[7.1448,46.60753],[7.1445,46.60785],[7.14399,46.60818],[7.14383,46.60834],[7.14339,46.60884],[7.14254,46.60926],[7.14235,46.60935],[7.14219,46.60947],[7.13991,46.61145],[7.13916,46.6118],[7.13594,46.61248],[7.13528,46.61252],[7.13324,46.61236],[7.13293,46.61236],[7.13263,46.61241],[7.13236,46.61248],[7.13192,46.61256],[7.13162,46.61263],[7.13131,46.61265],[7.13098,46.61262],[7.1307,46.61258],[7.13033,46.6125],[7.13003,46.6124],[7.12974,46.6123],[7.12948,46.61214],[7.12931,46.61198],[7.1291,46.61151],[7.12917,46.61093],[7.12901,46.6106],[7.12867,46.61033],[7.12835,46.6102],[7.12753,46.60987],[7.12701,46.60973],[7.12676,46.6097],[7.12651,46.60971],[7.12636,46.60973],[7.12604,46.60975],[7.12579,46.60975],[7.1255,46.60973],[7.12477,46.60948],[7.12456,46.60942],[7.12434,46.60939],[7.12274,46.60925],[7.12141,46.60886],[7.12128,46.60881],[7.12077,46.60864],[7.12052,46.60858],[7.11998,46.60856],[7.11948,46.60869],[7.11909,46.60895],[7.11888,46.6093],[7.11894,46.60992],[7.11887,46.61025],[7.11841,46.61089],[7.11803,46.61116],[7.11722,46.61136],[7.11668,46.61138],[7.11623,46.61128],[7.11573,46.61097],[7.11548,46.6107],[7.1151,46.61011],[7.11491,46.60961],[7.11459,46.60935],[7.11415,46.60919],[7.11353,46.60914],[7.11305,46.60923],[7.11231,46.60972],[7.11103,46.61023],[7.1102,46.61044],[7.10955,46.61062],[7.10953,46.61062],[7.10684,46.61135],[7.10667,46.61139],[7.10295,46.61213],[7.10276,46.61218],[7.0956,46.61454],[7.0953,46.61461],[7.0948,46.61463],[7.09432,46.61451],[7.09394,46.61428],[7.0937,46.61392],[7.09341,46.61311],[7.09334,46.61297],[7.09317,46.61277],[7.0924,46.61206],[7.09235,46.61201],[7.09214,46.6118],[7.09207,46.61172],[7.09189,46.6115],[7.0918,46.61139],[7.09119,46.61048],[7.09111,46.61033],[7.09103,46.61013],[7.09098,46.60994],[7.09097,46.60976],[7.09098,46.60959]]]},"properties":{"bfs_nr":2124,"name":"Broc"}},{"type":"Feature","geometry":{"type":"Polygon","coordinates":[[[6.99376,46.58256],[6.99521,46.58117],[6.99538,46.58096],[6.99568,46.5804],[6.99598,46.57974],[6.99724,46.57788],[6.99787,46.57712],[6.99838,46.57686],[7.00001,46.57631],[7.00149,46.57569],[7.00204,46.57556],[7.00256,46.57559],[7.0032,46.57588],[7.00339,46.57607],[7.0035,46.57628],[7.00354,46.57647],[7.00352,46.57696],[7.00371,46.57784],[7.00399,46.57815],[7.00532,46.57875],[7.00563,46.57902],[7.00577,46.57934],[7.00573,46.57968],[7.00549,46.58009],[7.00547,46.58048],[7.00559,46.58081],[7.00544,46.5815],[7.00512,46.58186],[7.00499,46.58242],[7.00519,46.58277],[7.00551,46.58309],[7.00587,46.58328],[7.00701,46.58369],[7.00769,46.58386],[7.0083,46.58414],[7.00915,46.58421],[7.01037,46.58414],[7.01111,46.58433],[7.01164,46.58479],[7.01183,46.58514],[7.01188,46.58583],[7.01219,46.58627],[7.01263,46.58653],[7.01293,46.58682],[7.01304,46.58716],[7.01288,46.58799],[7.01297,46.58831],[7.01343,46.58879],[7.01375,46.58928],[7.0139,46.58947],[7.01416,46.58971],[7.01417,46.58973],[7.01451,46.59003],[7.01486,46.59042],[7.0153,46.59084],[7.01542,46.59116],[7.01544,46.59158],[7.01531,46.5919],[7.01501,46.59217],[7.01449,46.59246],[7.01418,46.59294],[7.01422,46.5933],[7.01444,46.59362],[7.01449,46.59415],[7.01427,46.59448],[7.01394,46.59471],[7.01368,46.595],[7.01361,46.59516],[7.01361,46.5955],[7.01387,46.5961],[7.01379,46.59708],[7.01387,46.59778],[7.01424,46.59842],[7.01486,46.59925],[7.01539,46.59957],[7.01586,46.59965],[7.01644,46.59962],[7.01692,46.59968],[7.01739,46.59988],[7.0179,46.60021],[7.01806,46.60029],[7.01845,46.60043],[7.01868,46.60048],[7.01937,46.60055],[7.01963,46.60061],[7.02005,46.60085],[7.02041,46.60126],[7.02059,46.60139],[7.0208,46.60149],[7.02104,46.60156],[7.02129,46.6016],[7.02181,46.60157],[7.02226,46.6014],[7.02259,46.60112],[7.02299,46.60063],[7.0231,46.60045],[7.02315,46.60026],[7.02383,46.59453],[7.02383,46.59452],[7.02386,46.59432],[7.02391,46.59413],[7.02404,46.59388],[7.02417,46.59332],[7.02425,46.59312],[7.02446,46.59266],[7.02448,46.59261],[7.0252,46.59071],[7.02532,46.59024],[7.02552,46.58988],[7.02676,46.58596],[7.02679,46.58581],[7.02678,46.58566],[7.02673,46.58551],[7.02625,46.58439],[7.02585,46.5833],[7.0258,46.58307],[7.02582,46.58289],[7.02591,46.58267],[7.02611,46.5823],[7.02652,46.58165],[7.02659,46.58151],[7.02671,46.58118],[7.02673,46.58112],[7.02684,46.58087],[7.02699,46.58059],[7.02701,46.58026],[7.0268,46.57976],[7.02667,46.57933],[7.02661,46.5792],[7.02621,46.57843],[7.02617,46.57837],[7.02567,46.57761],[7.02555,46.57746],[7.02539,46.57733],[7.0252,46.57723],[7.02498,46.57715],[7.02401,46.57687],[7.02321,46.57659],[7.02281,46.5764],[7.02211,46.57597],[7.02195,46.57586],[7.02166,46.57564],[7.0215,46.57554],[7.02132,46.57546],[7.0209,46.57529],[7.02078,46.57525],[7.02048,46.57511],[7.0203,46.57502],[7.02012,46.57492],[7.01989,46.57475],[7.01971,46.57456],[7.01946,46.57423],[7.01945,46.57421],[7.01925,46.57393],[7.0191,46.57364],[7.01888,46.57298],[7.01884,46.5728],[7.01884,46.57266],[7.0191,46.57201],[7.01904,46.57132],[7.0192,46.57096],[7.0194,46.57077],[7.01978,46.57051],[7.01998,46.57042],[7.02044,46.57032],[7.02068,46.57032],[7.02114,46.57039],[7.02162,46.57039],[7.02227,46.57027],[7.02351,46.57033],[7.02398,46.5703],[7.02453,46.57013],[7.02505,46.57007],[7.02578,46.57027],[7.02634,46.57068],[7.02656,46.57077],[7.02842,46.57145],[7.02971,46.57204],[7.02999,46.57231],[7.03012,46.57295],[7.0303,46.57327],[7.03064,46.57353],[7.03134,46.5737],[7.03192,46.57366],[7.03236,46.57367],[7.03288,46.57363],[7.03347,46.57361],[7.03381,46.57363],[7.03407,46.57368],[7.03437,46.57379],[7.03686,46.57494],[7.03726,46.57522],[7.03745,46.57553],[7.03739,46.57604],[7.03712,46.57633],[7.03631,46.5767],[7.0356,46.57709],[7.03542,46.57722],[7.03517,46.57754],[7.03512,46.57773],[7.03513,46.57791],[7.03543,46.5795],[7.0355,46.57969],[7.03562,46.57986],[7.03579,46.58002],[7.03601,46.58014],[7.03637,46.5803],[7.03644,46.58033],[7.03763,46.5808],[7.03804,46.581],[7.03823,46.58108],[7.03844,46.58113],[7.03865,46.58116],[7.03946,46.58124],[7.04004,46.58142],[7.0403,46.58154],[7.04062,46.58179],[7.04079,46.58211],[7.04076,46.58245],[7.04045,46.58302],[7.04043,46.58337],[7.0405,46.58355],[7.04078,46.58385],[7.0417,46.58438],[7.0424,46.58506],[7.043,46.58553],[7.04356,46.58579],[7.04436,46.58594],[7.04512,46.58595],[7.04588,46.58619],[7.0462,46.58648],[7.04634,46.58683],[7.04626,46.58719],[7.04602,46.58767],[7.04603,46.58784],[7.04607,46.58809],[7.04609,46.58818],[7.04617,46.58842],[7.04625,46.58859],[7.04638,46.58875],[7.04667,46.58901],[7.04683,46.58936],[7.04677,46.58973],[7.04663,46.58995],[7.04661,46.58997],[7.04656,46.59002],[7.04647,46.59011],[7.04633,46.59024],[7.04599,46.59047],[7.04568,46.59064],[7.04559,46.59068],[7.04557,46.59069],[7.04478,46.59116],[7.04436,46.59158],[7.04364,46.59201],[7.042,46.59302],[7.04183,46.59315],[7.04115,46.59376],[7.04061,46.59448],[7.04057,46.59458],[7.04044,46.59491],[7.0401,46.59551],[7.04002,46.59573],[7.03994,46.59622],[7.03996,46.59652],[7.04007,46.59683],[7.04007,46.597],[7.04002,46.59721],[7.03985,46.59766],[7.03968,46.59797],[7.03963,46.59803],[7.03943,46.59823],[7.03936,46.59829],[7.0392,46.59841],[7.03871,46.59874],[7.03863,46.59879],[7.03856,46.59885],[7.03843,46.59898],[7.03815,46.5994],[7.03805,46.59985],[7.03794,46.60005],[7.03752,46.60063],[7.03744,46.60077],[7.03712,46.6015],[7.03698,46.60213],[7.03656,46.60268],[7.03621,46.60306],[7.03598,46.60325],[7.03532,46.60356],[7.03453,46.60399],[7.03396,46.60417],[7.0336,46.60444],[7.03326,46.60509],[7.03324,46.60528],[7.03328,46.60546],[7.03337,46.60564],[7.03368,46.60597],[7.03405,46.6066],[7.03549,46.60793],[7.03572,46.60809],[7.03909,46.60998],[7.03999,46.61036],[7.04034,46.61065],[7.04082,46.61083],[7.04173,46.61093],[7.04221,46.61089],[7.04264,46.61072],[7.04281,46.6106],[7.04304,46.6103],[7.04309,46.61013],[7.04309,46.60996],[7.04305,46.6098],[7.04296,46.60964],[7.04285,46.60949],[7.04272,46.60934],[7.04256,46.60922],[7.04236,46.60911],[7.04178,46.60892],[7.04059,46.60836],[7.0402,46.60808],[7.04002,46.60777],[7.04002,46.60739],[7.0411,46.60345],[7.04127,46.60308],[7.04133,46.60273],[7.04149,46.60243],[7.04193,46.60201],[7.04206,46.6013],[7.04227,46.60097],[7.04248,46.60079],[7.04263,46.60069],[7.0428,46.60056],[7.0432,46.60017],[7.04324,46.60013],[7.04342,46.59993],[7.0435,46.59983],[7.04372,46.59951],[7.04379,46.59938],[7.04383,46.59924],[7.04385,46.59909],[7.04384,46.59882],[7.04398,46.59848],[7.04412,46.59832],[7.04431,46.59819],[7.04453,46.59809],[7.04478,46.59802],[7.04545,46.59799],[7.04593,46.5981],[7.04629,46.59829],[7.04676,46.59871],[7.04736,46.59899],[7.04777,46.59929],[7.04836,46.59956],[7.04903,46.60006],[7.04962,46.60065],[7.04963,46.60065],[7.04981,46.60083],[7.04995,46.60094],[7.05011,46.60104],[7.0505,46.60117],[7.05086,46.60124],[7.05113,46.60132],[7.05142,46.60148],[7.05206,46.60189],[7.0525,46.60209],[7.05301,46.60215],[7.05374,46.60197],[7.0542,46.60154],[7.05429,46.60118],[7.05443,46.60087],[7.05457,46.60064],[7.0548,46.60042],[7.05501,46.6003],[7.05575,46.59998],[7.05711,46.59913],[7.05757,46.59899],[7.05831,46.59902],[7.05929,46.59953],[7.05978,46.59962],[7.06049,46.59957],[7.06102,46.59961],[7.06152,46.59957],[7.06196,46.5994],[7.06231,46.5992],[7.06244,46.59913],[7.06287,46.59892],[7.06309,46.59878],[7.06387,46.59818],[7.06444,46.59775],[7.06456,46.59767],[7.06485,46.59749],[7.06503,46.59735],[7.06516,46.59719],[7.06525,46.59701],[7.06543,46.59644],[7.0657,46.59603],[7.06645,46.59556],[7.06668,46.59528],[7.06681,46.59488],[7.06705,46.59456],[7.06744,46.59433],[7.06806,46.59414],[7.06884,46.59375],[7.06934,46.5937],[7.06983,46.5938],[7.0701,46.59391],[7.07273,46.59532],[7.07285,46.59539],[7.07356,46.59584],[7.07377,46.596],[7.0739,46.59615],[7.074,46.59635],[7.0744,46.59739],[7.07448,46.59755],[7.07462,46.5977],[7.07478,46.59783],[7.07499,46.59793],[7.07546,46.59805],[7.07571,46.59806],[7.0762,46.59798],[7.07642,46.5979],[7.07661,46.59778],[7.07676,46.59765],[7.07736,46.597],[7.07755,46.59683],[7.07795,46.59663],[7.07819,46.59658],[7.07868,46.59656],[7.07892,46.5966],[7.07935,46.59678],[7.07974,46.59721],[7.07978,46.59755],[7.07963,46.59799],[7.07974,46.59847],[7.0802,46.59892],[7.08074,46.59921],[7.08101,46.59951],[7.08113,46.60012],[7.08105,46.60045],[7.08105,46.6006],[7.08108,46.60075],[7.0811,46.60081],[7.08116,46.60094],[7.08154,46.60156],[7.08185,46.60185],[7.08229,46.60203],[7.0826,46.60209],[7.08286,46.6021],[7.08311,46.60208],[7.08351,46.60199],[7.08418,46.60179],[7.08465,46.6018],[7.08494,46.60186],[7.08611,46.60221],[7.08638,46.60231],[7.08671,46.60255],[7.08699,46.60299],[7.08715,46.60315],[7.08736,46.60327],[7.08781,46.60348],[7.08834,46.60356],[7.08887,46.60348],[7.08981,46.60314],[7.09092,46.60297],[7.09145,46.60303],[7.09226,46.6033],[7.09287,46.60372],[7.09304,46.60406],[7.09305,46.60452],[7.09306,46.60471],[7.09308,46.60482],[7.09311,46.60495],[7.09313,46.60502],[7.09318,46.60515],[7.09322,46.60524],[7.09328,46.60536],[7.09334,46.60545],[7.09341,46.60555],[7.09347,46.60562],[7.09357,46.60573],[7.09363,46.60579],[7.09471,46.60678],[7.095,46.60734],[7.0949,46.6077],[7.0946,46.608],[7.09439,46.60811],[7.09394,46.60825],[7.09238,46.60856],[7.09224,46.60859],[7.09209,46.60864],[7.09198,46.60867],[7.09188,46.60871],[7.09175,46.60876],[7.09168,46.60879],[7.09157,46.60885],[7.09152,46.60889],[7.09139,46.60897],[7.09128,46.60907],[7.09124,46.60911],[7.09113,46.60926],[7.09109,46.60933],[7.09104,46.60942],[7.09099,46.60957],[7.09097,46.60973],[7.09097,46.60981],[7.09098,46.60991],[7.09099,46.60998],[7.091,46.61006],[7.09103,46.61016],[7.09107,46.61025],[7.09112,46.61035],[7.09118,46.61046],[7.09181,46.61141],[7.09187,46.61148],[7.09208,46.61174],[7.09213,46.61178],[7.09236,46.61202],[7.09239,46.61205],[7.09315,46.61275],[7.09333,46.61295],[7.09347,46.61337],[7.0934,46.61372],[7.09315,46.61401],[7.09252,46.61428],[7.09129,46.61437],[7.09078,46.61432],[7.08991,46.61413],[7.0884,46.61433],[7.08793,46.61452],[7.08711,46.61508],[7.0869,46.6156],[7.08722,46.61661],[7.08721,46.61678],[7.08714,46.61699],[7.08684,46.61764],[7.08671,46.61785],[7.08637,46.61812],[7.08615,46.61821],[7.08564,46.6183],[7.08513,46.61825],[7.08469,46.61806],[7.08439,46.61777],[7.08425,46.61731],[7.08415,46.61714],[7.08401,46.61697],[7.08382,46.61683],[7.08363,46.61674],[7.08343,46.61667],[7.08321,46.61663],[7.08299,46.61661],[7.0826,46.6166],[7.08175,46.61661],[7.08108,46.61652],[7.0806,46.61657],[7.08017,46.61674],[7.07977,46.61702],[7.07934,46.61715],[7.07877,46.6172],[7.07821,46.61719],[7.07771,46.61729],[7.07682,46.61777],[7.07647,46.61804],[7.07629,46.61856],[7.07644,46.61891],[7.07684,46.61928],[7.07724,46.61979],[7.07724,46.6206],[7.07742,46.62091],[7.07784,46.62129],[7.07804,46.62177],[7.07795,46.62209],[7.07771,46.62245],[7.07752,46.623],[7.07755,46.62333],[7.07775,46.62363],[7.07825,46.624],[7.07853,46.62433],[7.0786,46.62466],[7.07834,46.62534],[7.07819,46.62596],[7.07812,46.6266],[7.07829,46.62711],[7.07831,46.62748],[7.07797,46.62818],[7.07808,46.62866],[7.07782,46.62948],[7.0779,46.62983],[7.07838,46.63025],[7.07933,46.6307],[7.07936,46.63072],[7.0796,46.63083],[7.07966,46.63085],[7.08008,46.63112],[7.08012,46.63115],[7.08026,46.63124],[7.08034,46.63129],[7.08055,46.63141],[7.08066,46.63147],[7.08122,46.63174],[7.08139,46.63187],[7.0816,46.63218],[7.08164,46.63282],[7.0817,46.63299],[7.08181,46.63314],[7.08197,46.63328],[7.08221,46.63346],[7.08282,46.63385],[7.08301,46.63417],[7.083,46.63452],[7.0828,46.63484],[7.08244,46.63508],[7.08198,46.63521],[7.08139,46.63528],[7.0811,46.63537],[7.0806,46.63559],[7.08037,46.63565],[7.07978,46.63569],[7.07947,46.63569],[7.07901,46.63559],[7.07863,46.63538],[7.07814,46.63479],[7.0778,46.63398],[7.07763,46.63363],[7.07759,46.63342],[7.07744,46.63316],[7.07725,46.63295],[7.07683,46.63257],[7.07652,46.63233],[7.0762,46.63213],[7.07565,46.63177],[7.07543,46.63159],[7.07524,46.63147],[7.07501,46.63138],[7.07477,46.63132],[7.07451,46.63129],[7.07424,46.63131],[7.07399,46.63135],[7.07376,46.63143],[7.07355,46.63154],[7.07285,46.63201],[7.07266,46.63214],[7.07238,46.63229],[7.07213,46.63237],[7.07141,46.63255],[7.06969,46.63332],[7.06968,46.63332],[7.06699,46.63458],[7.0667,46.63468],[7.06619,46.63475],[7.06568,46.63468],[7.06529,46.63451],[7.06471,46.63434],[7.06374,46.63432],[7.06288,46.6341],[7.06197,46.63412],[7.06151,46.63403],[7.06101,46.63385],[7.06052,46.63379],[7.06004,46.63387],[7.058,46.63443],[7.05757,46.6345],[7.05692,46.63456],[7.05679,46.63456],[7.05631,46.63458],[7.0561,46.63458],[7.05536,46.63456],[7.05512,46.63454],[7.05457,46.63447],[7.05433,46.63443],[7.05309,46.63417],[7.05283,46.63414],[7.0523,46.63418],[7.05166,46.63449],[7.05135,46.63482],[7.05059,46.63524],[7.05009,46.63541],[7.04949,46.63549],[7.04925,46.63557],[7.0488,46.63581],[7.04805,46.63595],[7.04754,46.63586],[7.04704,46.63566],[7.0466,46.63559],[7.04575,46.63572],[7.0451,46.63602],[7.04248,46.63768],[7.04219,46.63795],[7.0421,46.63811],[7.04197,46.6383],[7.04192,46.63835],[7.04178,46.63848],[7.04134,46.63881],[7.04099,46.63917],[7.04096,46.63921],[7.04075,46.63944],[7.04057,46.63961],[7.0402,46.63981],[7.03914,46.63997],[7.03813,46.64026],[7.03793,46.64031],[7.03766,46.64037],[7.03736,46.64041],[7.03712,46.64041],[7.03688,46.64038],[7.03665,46.64032],[7.03644,46.64023],[7.03618,46.64006],[7.03547,46.6396],[7.03527,46.63945],[7.03496,46.63917],[7.03495,46.63916],[7.0346,46.63884],[7.03453,46.63878],[7.03408,46.63844],[7.03397,46.63836],[7.03356,46.63812],[7.03355,46.63811],[7.03293,46.63774],[7.03278,46.63767],[7.03252,46.63755],[7.0324,46.63749],[7.03179,46.63718],[7.03158,46.63707],[7.03141,46.63697],[7.03112,46.63678],[7.03079,46.6365],[7.03063,46.63617],[7.03066,46.63572],[7.03112,46.63519],[7.0313,46.63489],[7.03129,46.63436],[7.03139,46.6339],[7.03189,46.63316],[7.03248,46.6328],[7.03274,46.63256],[7.0333,46.63226],[7.03385,46.63215],[7.03427,46.63199],[7.03458,46.63172],[7.03472,46.63123],[7.0346,46.63054],[7.03474,46.63016],[7.0347,46.62984],[7.0345,46.62954],[7.03413,46.62923],[7.03397,46.62889],[7.03401,46.62854],[7.03411,46.62837],[7.03429,46.62819],[7.0359,46.62683],[7.03605,46.62667],[7.03615,46.6265],[7.0362,46.62632],[7.03619,46.62614],[7.03612,46.62596],[7.03601,46.62579],[7.03585,46.62565],[7.03565,46.62552],[7.03554,46.62547],[7.03504,46.6253],[7.03492,46.62526],[7.03457,46.62512],[7.03433,46.625],[7.03399,46.6248],[7.03313,46.62451],[7.03295,46.62439],[7.03281,46.62426],[7.03262,46.62392],[7.03258,46.6237],[7.03269,46.62332],[7.03305,46.62293],[7.03341,46.6227],[7.03379,46.62222],[7.03378,46.62184],[7.03355,46.62151],[7.03312,46.62122],[7.03284,46.62091],[7.03277,46.62055],[7.03283,46.62033],[7.03293,46.62014],[7.03306,46.62],[7.03342,46.61978],[7.03387,46.61966],[7.03435,46.61966],[7.03506,46.61982],[7.03579,46.61977],[7.0362,46.61959],[7.03636,46.61946],[7.03649,46.61931],[7.03703,46.6185],[7.03715,46.61817],[7.03708,46.61783],[7.03663,46.61737],[7.03642,46.61703],[7.03654,46.61623],[7.03639,46.61466],[7.03596,46.6142],[7.03549,46.61403],[7.03481,46.61394],[7.03439,46.61375],[7.03402,46.61331],[7.03398,46.61287],[7.03381,46.61254],[7.03339,46.61219],[7.03317,46.61188],[7.03319,46.61132],[7.03311,46.61098],[7.03265,46.61057],[7.03219,46.61042],[7.03137,46.61027],[7.0302,46.60964],[7.02974,46.60953],[7.02925,46.60954],[7.02902,46.60959],[7.02881,46.60967],[7.02764,46.61017],[7.02673,46.61043],[7.02622,46.61066],[7.02537,46.61081],[7.02444,46.61076],[7.02393,46.61067],[7.02315,46.61061],[7.0226,46.61052],[7.02249,46.61049],[7.0221,46.61037],[7.02164,46.61025],[7.02077,46.60991],[7.02003,46.60976],[7.01896,46.60963],[7.01827,46.60963],[7.01786,46.60955],[7.01765,46.60946],[7.01716,46.60914],[7.01695,46.60894],[7.01651,46.60874],[7.01561,46.6085],[7.01508,46.6081],[7.01495,46.60775],[7.01503,46.60718],[7.01489,46.60686],[7.0144,46.6065],[7.01371,46.60629],[7.01335,46.60606],[7.01313,46.60576],[7.01298,46.60516],[7.01297,46.60478],[7.01284,46.60442],[7.01251,46.60413],[7.01204,46.60396],[7.01178,46.60392],[7.01156,46.60392],[7.01075,46.60396],[7.01004,46.60408],[7.00974,46.60411],[7.0093,46.60411],[7.00902,46.6041],[7.00819,46.60395],[7.00677,46.60373],[7.00648,46.60367],[7.00608,46.60348],[7.0058,46.6032],[7.00566,46.60293],[7.00501,46.60219],[7.00466,46.60194],[7.00439,46.60184],[7.00407,46.60166],[7.00356,46.60112],[7.00331,46.60061],[7.00328,46.60011],[7.00314,46.59974],[7.00281,46.59927],[7.00258,46.59866],[7.00234,46.59821],[7.00183,46.59774],[7.00149,46.59727],[7.00129,46.59689],[7.00067,46.59594],[7.00055,46.59544],[7.00028,46.59501],[6.99952,46.59413],[6.99911,46.59377],[6.99828,46.59321],[6.99793,46.59265],[6.99768,46.59237],[6.99748,46.59203],[6.99737,46.59179],[6.99723,46.59152],[6.99702,46.59086],[6.9968,46.59023],[6.99675,46.59005],[6.99666,46.58938],[6.99665,46.58914],[6.99677,46.58876],[6.997,46.58843],[6.99703,46.58803],[6.99687,46.58733],[6.99686,46.58732],[6.99668,46.58657],[6.99651,46.58626],[6.99637,46.58612],[6.99619,46.58601],[6.99599,46.5859],[6.99595,46.58588],[6.99574,46.58571],[6.99498,46.58501],[6.99488,46.58489],[6.99401,46.58389],[6.99359,46.58348],[6.99348,46.58312],[6.99376,46.58256]]]},"properties":{"bfs_nr":2125,"name":"Bulle"}},{"type":"Feature","geometry":{"type":"Polygon","coordinates":[[[7.11631,46.61269],[7.11637,46.6122],[7.11689,46.61162],[7.11734,46.61141],[7.11825,46.61117],[7.11858,46.61091],[7.11923,46.60974],[7.11927,46.60944],[7.1196,46.60896],[7.12002,46.60876],[7.12052,46.60868],[7.12078,46.60869],[7.12107,46.60875],[7.12149,46.60889],[7.12273,46.60926],[7.12424,46.60939],[7.12456,46.60943],[7.12543,46.60973],[7.1257,46.60974],[7.1261,46.60975],[7.127,46.60973],[7.12756,46.60989],[7.1283,46.61018],[7.12856,46.61031],[7.12887,46.61059],[7.129,46.61094],[7.129,46.61139],[7.1293,46.61198],[7.12947,46.61214],[7.1297,46.61228],[7.12976,46.61231],[7.12997,46.61239],[7.13039,46.61251],[7.13064,46.61257],[7.13105,46.61263],[7.13131,46.61265],[7.13157,46.61264],[7.13172,46.61262],[7.13193,46.61258],[7.1321,46.61253],[7.13288,46.61238],[7.13336,46.61237],[7.13506,46.6125],[7.13577,46.61269],[7.13598,46.61283],[7.13771,46.61415],[7.1379,46.61433],[7.13809,46.61465],[7.13818,46.61491],[7.13818,46.61513],[7.13815,46.6153],[7.13807,46.61549],[7.13796,46.61579],[7.13788,46.616],[7.13787,46.61602],[7.13775,46.61618],[7.13739,46.61654],[7.13701,46.61683],[7.13681,46.61713],[7.13672,46.61751],[7.13647,46.61781],[7.13607,46.61802],[7.13521,46.61822],[7.13498,46.61828],[7.13476,46.61837],[7.13458,46.61848],[7.13433,46.61878],[7.13423,46.61913],[7.13394,46.61957],[7.13378,46.61993],[7.13377,46.62032],[7.13399,46.62084],[7.13456,46.62145],[7.13464,46.62181],[7.13427,46.62299],[7.13392,46.62331],[7.13374,46.62369],[7.13373,46.62439],[7.13355,46.62472],[7.13209,46.62587],[7.13189,46.62618],[7.13186,46.62651],[7.13202,46.62683],[7.13237,46.6272],[7.13246,46.62742],[7.1325,46.62755],[7.13252,46.62761],[7.13277,46.6283],[7.13289,46.62852],[7.13341,46.62921],[7.13346,46.62957],[7.13315,46.63006],[7.13273,46.63028],[7.13222,46.63037],[7.13196,46.63036],[7.13164,46.6303],[7.13094,46.63011],[7.13072,46.63005],[7.12887,46.62936],[7.12735,46.62884],[7.12707,46.62871],[7.12683,46.62856],[7.12663,46.62839],[7.12646,46.62822],[7.12636,46.62807],[7.12629,46.62786],[7.12628,46.62784],[7.12627,46.62759],[7.12633,46.6274],[7.12648,46.62715],[7.12655,46.62701],[7.12659,46.62685],[7.12658,46.6267],[7.12646,46.62621],[7.12648,46.62598],[7.12654,46.62569],[7.12656,46.6255],[7.12657,46.62539],[7.12655,46.62521],[7.12648,46.62503],[7.12619,46.62472],[7.12543,46.6244],[7.12522,46.62426],[7.12511,46.62418],[7.12504,46.62413],[7.12499,46.6241],[7.12476,46.62399],[7.12454,46.62389],[7.1242,46.62371],[7.12398,46.62358],[7.12341,46.62318],[7.12332,46.62311],[7.12323,46.62304],[7.12305,46.62287],[7.12289,46.62256],[7.12291,46.62222],[7.12332,46.62164],[7.12338,46.62131],[7.12326,46.62099],[7.12291,46.62057],[7.12283,46.62024],[7.12293,46.61992],[7.12341,46.61933],[7.12348,46.61914],[7.12349,46.61895],[7.12344,46.61876],[7.12325,46.61833],[7.12316,46.61817],[7.123,46.618],[7.12278,46.61785],[7.12271,46.61781],[7.12248,46.6177],[7.12245,46.61769],[7.12232,46.61762],[7.12211,46.61749],[7.12194,46.61734],[7.12152,46.61692],[7.12052,46.6163],[7.11981,46.6157],[7.11955,46.61534],[7.11914,46.61495],[7.11864,46.6147],[7.11803,46.61453],[7.11731,46.614],[7.11665,46.61364],[7.11644,46.61335],[7.11631,46.61269]]]},"properties":{"bfs_nr":2128,"name":"Ch\u00e2tel-sur-Montsalvens"}},{"type":"Feature","geometry":{"type":"Polygon","coordinates":[[[7.08856,46.66083],[7.08858,46.66043],[7.08872,46.66001],[7.08923,46.65943],[7.08985,46.65909],[7.09056,46.65899],[7.09154,46.65895],[7.09177,46.65892],[7.09199,46.65887],[7.0922,46.65879],[7.093,46.65841],[7.09356,46.65825],[7.0941,46.6582],[7.09457,46.65803],[7.095,46.65756],[7.09513,46.65657],[7.09523,46.65618],[7.09535,46.65583],[7.09557,46.65542],[7.09563,46.65525],[7.09611,46.65316],[7.09611,46.65312],[7.09637,46.65153],[7.09638,46.65139],[7.09635,46.65124],[7.09474,46.64626],[7.0947,46.64603],[7.09473,46.64581],[7.09606,46.64086],[7.0962,46.64055],[7.0975,46.63856],[7.09754,46.63849],[7.09856,46.63648],[7.09903,46.63602],[7.0998,46.63583],[7.10254,46.63573],[7.10278,46.63573],[7.10908,46.63578],[7.10914,46.63578],[7.11394,46.63567],[7.11395,46.63567],[7.12168,46.63546],[7.12188,46.63544],[7.13391,46.63379],[7.13469,46.63382],[7.1351,46.634],[7.13539,46.63426],[7.13552,46.63459],[7.13552,46.63475],[7.13546,46.63496],[7.13524,46.63547],[7.1352,46.63553],[7.13508,46.63577],[7.13502,46.63593],[7.13501,46.6361],[7.13504,46.63627],[7.13508,46.6364],[7.13509,46.63643],[7.13522,46.63676],[7.1353,46.6369],[7.13542,46.63704],[7.13574,46.63736],[7.13591,46.63749],[7.1362,46.63767],[7.13674,46.63816],[7.13715,46.63848],[7.13721,46.63852],[7.13813,46.63912],[7.1384,46.63926],[7.14014,46.63994],[7.14074,46.64027],[7.14124,46.64069],[7.14141,46.64099],[7.14143,46.64119],[7.14143,46.6415],[7.14143,46.64155],[7.14141,46.64191],[7.14143,46.64209],[7.14159,46.64241],[7.14174,46.64254],[7.14192,46.64266],[7.14213,46.64275],[7.14276,46.64292],[7.14313,46.64309],[7.14335,46.64318],[7.14341,46.64321],[7.14398,46.64343],[7.14423,46.6435],[7.14453,46.64356],[7.14479,46.64366],[7.14493,46.64372],[7.14506,46.64377],[7.14535,46.64387],[7.14555,46.64392],[7.14632,46.64409],[7.14666,46.64433],[7.14686,46.64464],[7.14687,46.64497],[7.1468,46.64517],[7.14509,46.64853],[7.14503,46.6487],[7.14502,46.64887],[7.14506,46.64904],[7.14527,46.64935],[7.14585,46.64994],[7.14594,46.65009],[7.14603,46.65033],[7.14608,46.65043],[7.14612,46.65051],[7.14639,46.65091],[7.14646,46.65103],[7.14653,46.65116],[7.1467,46.65138],[7.14688,46.65172],[7.14691,46.65189],[7.14691,46.65215],[7.14685,46.65246],[7.14695,46.65292],[7.14671,46.65349],[7.14549,46.65478],[7.14526,46.65493],[7.14457,46.65528],[7.14411,46.65545],[7.1436,46.65561],[7.14275,46.6561],[7.14208,46.65642],[7.14177,46.65653],[7.1411,46.65673],[7.14036,46.65699],[7.13909,46.65711],[7.1382,46.65747],[7.13771,46.65753],[7.13696,46.65748],[7.13523,46.65751],[7.13493,46.6575],[7.1347,46.65746],[7.13431,46.65733],[7.13377,46.65726],[7.13321,46.65734],[7.13078,46.65811],[7.13047,46.65818],[7.13016,46.65821],[7.1287,46.65826],[7.12826,46.65839],[7.12808,46.65849],[7.12777,46.65869],[7.12735,46.6589],[7.12688,46.65909],[7.12671,46.65916],[7.12615,46.65947],[7.12519,46.65979],[7.12333,46.66061],[7.12236,46.66084],[7.12192,46.66114],[7.12164,46.66127],[7.12107,46.66146],[7.12085,46.66159],[7.12068,46.66175],[7.1206,46.66184],[7.12052,46.66196],[7.12034,46.66218],[7.12007,46.66244],[7.11989,46.66259],[7.11975,46.66268],[7.11935,46.66308],[7.11898,46.66329],[7.11852,46.66339],[7.11803,46.66337],[7.11775,46.6633],[7.11749,46.66321],[7.11719,46.66309],[7.11673,46.66287],[7.1162,46.66277],[7.11567,46.66282],[7.11518,46.66296],[7.1149,46.66299],[7.11454,46.66296],[7.1136,46.66283],[7.11301,46.66284],[7.11223,46.66296],[7.1115,46.66287],[7.11127,46.66287],[7.1106,46.66296],[7.11025,46.66294],[7.10994,46.66288],[7.10967,46.66288],[7.10907,46.66291],[7.1088,46.66292],[7.10857,46.66289],[7.10851,46.66289],[7.10836,46.66288],[7.10781,46.66288],[7.10548,46.66341],[7.10483,46.66362],[7.10379,46.66386],[7.10356,46.66397],[7.10131,46.66571],[7.09935,46.66696],[7.09866,46.6672],[7.09794,46.66715],[7.09753,46.66697],[7.09712,46.66665],[7.09649,46.66642],[7.09598,46.66614],[7.09489,46.66489],[7.09403,46.66449],[7.09368,46.66422],[7.09344,46.66406],[7.09318,46.66389],[7.09286,46.66365],[7.09283,46.66362],[7.0927,46.66347],[7.09225,46.66299],[7.09188,46.66277],[7.09105,46.66254],[7.08936,46.66185],[7.08871,46.66128],[7.08856,46.66083]]]},"properties":{"bfs_nr":2129,"name":"Corbi\u00e8res"}},{"type":"Feature","geometry":{"type":"Polygon","coordinates":[[[7.13224,46.62671],[7.13208,46.62634],[7.13215,46.62598],[7.13242,46.62564],[7.13361,46.62469],[7.1338,46.62437],[7.13386,46.62372],[7.13449,46.62286],[7.13452,46.62239],[7.13465,46.62197],[7.13467,46.6216],[7.13447,46.62127],[7.13411,46.62095],[7.13384,46.62041],[7.13378,46.61996],[7.13417,46.61929],[7.13426,46.61908],[7.13432,46.61885],[7.13456,46.61852],[7.13497,46.61829],[7.13528,46.6182],[7.13618,46.61801],[7.13659,46.61781],[7.13685,46.61751],[7.13709,46.61683],[7.13774,46.61622],[7.13783,46.61609],[7.1379,46.61596],[7.13807,46.61556],[7.13816,46.61529],[7.1382,46.61512],[7.13818,46.61489],[7.13812,46.61469],[7.13801,46.61449],[7.1379,46.61433],[7.13775,46.61418],[7.13703,46.61363],[7.13683,46.61345],[7.13667,46.61311],[7.1367,46.61275],[7.13694,46.61244],[7.13733,46.61221],[7.13903,46.61183],[7.13961,46.61178],[7.1401,46.61189],[7.14049,46.61212],[7.14073,46.61243],[7.14078,46.61267],[7.14076,46.61299],[7.14068,46.6133],[7.14067,46.61349],[7.14071,46.61416],[7.14075,46.61435],[7.14083,46.61455],[7.14091,46.61471],[7.14126,46.61504],[7.14233,46.61555],[7.14337,46.61622],[7.14449,46.6167],[7.14568,46.61737],[7.14611,46.61766],[7.14644,46.61798],[7.14662,46.61819],[7.14696,46.6184],[7.14766,46.61858],[7.14806,46.61876],[7.14834,46.61902],[7.14859,46.61948],[7.14872,46.61964],[7.1489,46.61979],[7.14965,46.62009],[7.14999,46.62036],[7.15016,46.62069],[7.15013,46.62104],[7.14993,46.62144],[7.14998,46.62192],[7.15019,46.62228],[7.15027,46.62271],[7.15055,46.62304],[7.1512,46.62349],[7.1514,46.62421],[7.15162,46.62462],[7.15162,46.62497],[7.15143,46.62529],[7.15091,46.6256],[7.15043,46.62574],[7.15024,46.62584],[7.15008,46.62596],[7.14956,46.62642],[7.14942,46.62657],[7.14929,46.6269],[7.14932,46.62727],[7.14923,46.62761],[7.14896,46.62791],[7.14855,46.62811],[7.14784,46.62823],[7.14729,46.62819],[7.14673,46.62798],[7.14627,46.62789],[7.14574,46.62791],[7.14547,46.62789],[7.14531,46.62787],[7.14505,46.62783],[7.14435,46.62774],[7.14413,46.62771],[7.1439,46.62766],[7.14364,46.62762],[7.14311,46.62767],[7.14265,46.62785],[7.14181,46.62833],[7.14036,46.62925],[7.13979,46.62973],[7.13935,46.62989],[7.13887,46.62992],[7.13857,46.62988],[7.13853,46.62988],[7.13805,46.62976],[7.13788,46.62973],[7.13755,46.62969],[7.13732,46.62967],[7.13709,46.62968],[7.13616,46.62979],[7.13588,46.62984],[7.13539,46.62997],[7.13508,46.63003],[7.13483,46.63005],[7.13433,46.62998],[7.13376,46.62964],[7.13293,46.62857],[7.13275,46.62825],[7.13252,46.62762],[7.13249,46.62754],[7.13232,46.62688],[7.13224,46.62671]]]},"properties":{"bfs_nr":2130,"name":"Cr\u00e9suz"}},{"type":"Feature","geometry":{"type":"MultiPolygon","coordinates":[[[[7.02367,46.63294],[7.02417,46.63206],[7.02425,46.63164],[7.02426,46.63104],[7.02462,46.63043],[7.02502,46.62989],[7.02537,46.62965],[7.02584,46.62952],[7.02615,46.6295],[7.0267,46.6295],[7.02685,46.62949],[7.02701,46.62948],[7.02707,46.62948],[7.02726,46.62945],[7.02773,46.62939],[7.02796,46.62934],[7.02816,46.62927],[7.02835,46.62917],[7.02867,46.62899],[7.02913,46.62882],[7.03002,46.62865],[7.03058,46.62837],[7.03107,46.62829],[7.03179,46.62841],[7.03229,46.62865],[7.03311,46.62876],[7.03359,46.6289],[7.03395,46.62915],[7.03434,46.62974],[7.03434,46.6301],[7.03414,46.63045],[7.03408,46.63082],[7.03417,46.63119],[7.03408,46.63153],[7.03381,46.63183],[7.03339,46.63204],[7.03237,46.63283],[7.03194,46.63306],[7.03112,46.63407],[7.03079,46.63432],[7.03034,46.63447],[7.0296,46.63446],[7.02885,46.63417],[7.02862,46.63411],[7.02845,46.63408],[7.02819,46.63406],[7.02767,46.63412],[7.02632,46.63473],[7.02585,46.63479],[7.02538,46.63474],[7.02414,46.63423],[7.02374,46.63395],[7.02348,46.63346],[7.02367,46.63294]]],[[[7.06547,46.64757],[7.06646,46.6472],[7.06667,46.64711],[7.06699,46.64685],[7.06739,46.64609],[7.06796,46.64568],[7.06814,46.64537],[7.06814,46.64487],[7.06841,46.64441],[7.06863,46.64425],[7.06895,46.64406],[7.06912,46.64394],[7.07003,46.64314],[7.07083,46.64251],[7.07252,46.64139],[7.0728,46.64113],[7.07301,46.64022],[7.07332,46.63992],[7.0745,46.63941],[7.07561,46.6386],[7.07586,46.63808],[7.07585,46.63777],[7.07598,46.63745],[7.07648,46.63709],[7.077,46.63694],[7.07741,46.63672],[7.07785,46.63612],[7.07822,46.63588],[7.07869,46.63575],[7.08014,46.63568],[7.08041,46.63565],[7.08066,46.63558],[7.08132,46.6353],[7.08222,46.63521],[7.08266,46.6351],[7.08302,46.63488],[7.08337,46.63447],[7.08378,46.63424],[7.08429,46.63414],[7.08455,46.63414],[7.08488,46.63419],[7.08539,46.63432],[7.08955,46.63567],[7.08973,46.63572],[7.09092,46.63597],[7.09175,46.63606],[7.0922,46.63614],[7.09244,46.63615],[7.09684,46.63596],[7.09716,46.63597],[7.09785,46.63618],[7.09815,46.63646],[7.09828,46.6368],[7.09827,46.63698],[7.0982,46.63719],[7.09755,46.63847],[7.09749,46.63858],[7.09617,46.6406],[7.09607,46.6408],[7.09472,46.64585],[7.09469,46.64603],[7.09472,46.64621],[7.09634,46.6512],[7.09638,46.65139],[7.09637,46.65157],[7.09611,46.65311],[7.0961,46.65316],[7.09564,46.65521],[7.09555,46.65546],[7.09534,46.65585],[7.09523,46.65616],[7.09513,46.65658],[7.095,46.65742],[7.09476,46.65775],[7.09435,46.65799],[7.0934,46.65822],[7.09224,46.65877],[7.09199,46.65887],[7.09177,46.65892],[7.09148,46.65895],[7.09053,46.65899],[7.0899,46.65906],[7.08939,46.65919],[7.08901,46.65946],[7.08874,46.65991],[7.08835,46.66036],[7.08797,46.66056],[7.08752,46.66065],[7.08657,46.66062],[7.08612,46.66056],[7.08557,46.66044],[7.08555,46.66044],[7.08521,46.66037],[7.0851,46.66035],[7.08494,46.66033],[7.08469,46.66031],[7.08391,46.66035],[7.08316,46.66031],[7.08289,46.66026],[7.0828,46.66023],[7.08177,46.6599],[7.08161,46.65985],[7.08138,46.65976],[7.0811,46.65964],[7.08084,46.65949],[7.08067,46.65935],[7.08043,46.65894],[7.08,46.65855],[7.07969,46.65808],[7.07956,46.65785],[7.07948,46.65762],[7.0794,46.6573],[7.07937,46.65711],[7.07939,46.65678],[7.07939,46.65661],[7.07917,46.65575],[7.07909,46.65559],[7.07883,46.65522],[7.07876,46.65511],[7.07863,46.65475],[7.07854,46.65456],[7.07809,46.6539],[7.07808,46.65387],[7.07806,46.65385],[7.07794,46.65371],[7.07782,46.6536],[7.07775,46.65355],[7.07731,46.65321],[7.07689,46.65304],[7.07619,46.65293],[7.07573,46.653],[7.07507,46.6533],[7.07387,46.65371],[7.07356,46.65378],[7.07331,46.65381],[7.0728,46.65376],[7.07236,46.65358],[7.07219,46.65344],[7.07203,46.65325],[7.072,46.65321],[7.07197,46.65316],[7.07147,46.65233],[7.07147,46.65232],[7.0712,46.65189],[7.07119,46.65188],[7.07092,46.65147],[7.07081,46.65131],[7.07045,46.651],[7.06981,46.65073],[7.06908,46.65073],[7.06821,46.65099],[7.06795,46.65102],[7.06741,46.65096],[7.06696,46.65077],[7.06612,46.64994],[7.06504,46.64898],[7.06478,46.64864],[7.06473,46.64829],[7.06488,46.64796],[7.06547,46.64757]]]]},"properties":{"bfs_nr":2131,"name":"Echarlens"}},{"type":"Feature","geometry":{"type":"Polygon","coordinates":[[[7.06701,46.52968],[7.06695,46.52938],[7.06693,46.52917],[7.06704,46.52884],[7.06732,46.52856],[7.06797,46.52833],[7.06846,46.52833],[7.06892,46.52845],[7.06928,46.52868],[7.06947,46.5289],[7.06949,46.52893],[7.06959,46.52903],[7.06971,46.52915],[7.07007,46.52943],[7.07088,46.52976],[7.0715,46.53016],[7.07223,46.53033],[7.07273,46.53027],[7.07317,46.53008],[7.07347,46.52979],[7.07358,46.52944],[7.07356,46.52907],[7.07373,46.52872],[7.0741,46.52845],[7.07468,46.52826],[7.07522,46.52823],[7.07573,46.52835],[7.0764,46.52872],[7.07691,46.52881],[7.07768,46.52866],[7.07843,46.52824],[7.07949,46.52786],[7.07969,46.52776],[7.07986,46.52765],[7.08072,46.52671],[7.08114,46.52648],[7.08192,46.5262],[7.08199,46.52618],[7.08261,46.52598],[7.08271,46.52595],[7.08314,46.52583],[7.08335,46.52578],[7.08345,46.52576],[7.08348,46.52576],[7.08408,46.52563],[7.08417,46.52561],[7.08889,46.52436],[7.09256,46.52369],[7.09301,46.52354],[7.09334,46.52329],[7.09352,46.52297],[7.09372,46.52232],[7.09384,46.52161],[7.09386,46.52141],[7.09384,46.52124],[7.09376,46.52107],[7.09371,46.52098],[7.09359,46.52082],[7.09344,46.52057],[7.09335,46.52028],[7.09328,46.51996],[7.09323,46.51979],[7.09316,46.51965],[7.09293,46.51931],[7.09288,46.51924],[7.09254,46.51884],[7.09241,46.51866],[7.09234,46.51853],[7.09226,46.51832],[7.09227,46.51798],[7.09234,46.51781],[7.09262,46.51753],[7.09286,46.51739],[7.09329,46.51719],[7.09342,46.51713],[7.09407,46.51674],[7.09476,46.51631],[7.09624,46.51551],[7.09647,46.5154],[7.09877,46.51448],[7.09897,46.51438],[7.09928,46.51411],[7.09941,46.51378],[7.09941,46.51361],[7.09936,46.51344],[7.09926,46.51328],[7.09865,46.51249],[7.09809,46.51166],[7.09795,46.51139],[7.09783,46.51104],[7.09776,46.51089],[7.09734,46.51022],[7.09712,46.50998],[7.09402,46.50755],[7.09384,46.50739],[7.09368,46.50709],[7.09368,46.50676],[7.09376,46.50657],[7.09431,46.50555],[7.09471,46.50513],[7.09517,46.50483],[7.09542,46.50469],[7.09564,46.50461],[7.09595,46.50456],[7.09734,46.50438],[7.098,46.50438],[7.09851,46.50429],[7.09893,46.50407],[7.09919,46.50376],[7.09924,46.50358],[7.09919,46.50321],[7.09893,46.50259],[7.09864,46.5013],[7.09862,46.50104],[7.09867,46.50005],[7.0988,46.49965],[7.09912,46.49937],[7.10018,46.49892],[7.10062,46.49879],[7.10153,46.49861],[7.10167,46.49857],[7.10296,46.4982],[7.10317,46.49813],[7.10335,46.49803],[7.10351,46.49791],[7.10431,46.49725],[7.1063,46.49627],[7.10635,46.49624],[7.10782,46.49544],[7.10898,46.49478],[7.10949,46.49467],[7.11003,46.49472],[7.11123,46.49512],[7.11233,46.49529],[7.11288,46.49542],[7.11802,46.49748],[7.11823,46.49755],[7.12232,46.49858],[7.12263,46.49869],[7.12306,46.49898],[7.12477,46.50073],[7.12619,46.50238],[7.12666,46.5032],[7.12705,46.50343],[7.12908,46.50421],[7.1306,46.50457],[7.13123,46.50484],[7.13519,46.50751],[7.13605,46.50838],[7.13629,46.50888],[7.13642,46.51005],[7.13705,46.51296],[7.13717,46.51324],[7.14355,46.52195],[7.14372,46.5223],[7.14488,46.52641],[7.14506,46.52672],[7.14562,46.52706],[7.14673,46.5274],[7.14726,46.52766],[7.14813,46.52833],[7.14833,46.52888],[7.14825,46.53042],[7.14822,46.5306],[7.14814,46.53078],[7.14727,46.53234],[7.14719,46.5326],[7.14707,46.53375],[7.14681,46.53426],[7.14618,46.53458],[7.14238,46.53561],[7.14225,46.53565],[7.14177,46.53582],[7.14157,46.53592],[7.1414,46.53603],[7.14126,46.53617],[7.14116,46.53632],[7.1411,46.53648],[7.14108,46.53665],[7.14111,46.53681],[7.14119,46.53697],[7.14386,46.54129],[7.14396,46.54151],[7.14396,46.54186],[7.1436,46.54232],[7.14317,46.54252],[7.1426,46.54259],[7.13978,46.54254],[7.13647,46.54258],[7.13613,46.54256],[7.13562,46.54241],[7.13542,46.54228],[7.13521,46.54209],[7.13481,46.5416],[7.13465,46.54134],[7.13437,46.54079],[7.13407,46.54052],[7.13387,46.54043],[7.13341,46.54032],[7.13292,46.54033],[7.13146,46.54065],[7.13105,46.54088],[7.1309,46.54103],[7.13011,46.54203],[7.12996,46.54237],[7.12984,46.54322],[7.1298,46.54339],[7.12972,46.54355],[7.12954,46.54385],[7.12928,46.54415],[7.12824,46.54507],[7.12717,46.54612],[7.12671,46.54632],[7.12637,46.54638],[7.12608,46.5464],[7.12571,46.54641],[7.12536,46.54636],[7.12308,46.54583],[7.12283,46.5458],[7.12258,46.54579],[7.12232,46.54582],[7.12187,46.54598],[7.11996,46.547],[7.11954,46.54718],[7.11644,46.54811],[7.11629,46.54815],[7.11544,46.54835],[7.11523,46.54841],[7.1146,46.54865],[7.11457,46.54866],[7.11371,46.54901],[7.11368,46.54902],[7.11249,46.54952],[7.11223,46.54967],[7.11123,46.55039],[7.11091,46.55063],[7.11043,46.5508],[7.10947,46.55097],[7.10918,46.55099],[7.10867,46.551],[7.10798,46.55102],[7.10779,46.55104],[7.10712,46.55114],[7.10694,46.55116],[7.10632,46.55121],[7.10549,46.55121],[7.10524,46.55126],[7.105,46.55134],[7.10288,46.55226],[7.10287,46.55227],[7.10255,46.55241],[7.10234,46.55252],[7.10218,46.55266],[7.10205,46.55282],[7.10195,46.55317],[7.10198,46.55335],[7.10213,46.55364],[7.10218,46.5542],[7.10199,46.55454],[7.10162,46.5548],[7.10045,46.55511],[7.09969,46.55565],[7.09938,46.55623],[7.09903,46.55648],[7.09831,46.55664],[7.09782,46.55659],[7.09746,46.55648],[7.09701,46.55639],[7.0964,46.55638],[7.09585,46.55628],[7.09542,46.55609],[7.09443,46.55588],[7.09396,46.55586],[7.09243,46.5561],[7.09216,46.5562],[7.09051,46.55698],[7.08955,46.55747],[7.08829,46.55811],[7.08802,46.55822],[7.08754,46.5583],[7.08705,46.55825],[7.08662,46.55808],[7.0864,46.55793],[7.08327,46.55519],[7.08303,46.55498],[7.08291,46.55488],[7.08289,46.55486],[7.08266,46.55466],[7.08265,46.55465],[7.08237,46.55439],[7.08234,46.55437],[7.08219,46.55423],[7.08217,46.5542],[7.08202,46.55406],[7.082,46.55403],[7.08186,46.55389],[7.08183,46.55386],[7.0817,46.55371],[7.08168,46.55368],[7.08155,46.55354],[7.08152,46.5535],[7.08148,46.55346],[7.08147,46.55344],[7.08137,46.55331],[7.08136,46.55329],[7.08126,46.55316],[7.08125,46.55314],[7.08121,46.55309],[7.08119,46.55306],[7.08104,46.55283],[7.08101,46.55279],[7.08087,46.55256],[7.08085,46.55252],[7.08072,46.55229],[7.0807,46.55225],[7.08058,46.55202],[7.08056,46.55197],[7.08046,46.55174],[7.08044,46.55169],[7.08035,46.55145],[7.08034,46.55142],[7.07883,46.54711],[7.07881,46.54708],[7.07869,46.54678],[7.07867,46.54673],[7.07852,46.54644],[7.0785,46.54639],[7.07833,46.54611],[7.0783,46.54607],[7.07811,46.54579],[7.07808,46.54575],[7.07787,46.54548],[7.07783,46.54544],[7.07758,46.54517],[7.07757,46.54515],[7.07747,46.54505],[7.07746,46.54504],[7.07736,46.54494],[7.07734,46.54492],[7.07724,46.54483],[7.07723,46.54481],[7.07712,46.54472],[7.07711,46.5447],[7.077,46.54461],[7.07698,46.54459],[7.07686,46.5445],[7.07685,46.54448],[7.07409,46.54226],[7.07381,46.54197],[7.07149,46.53866],[7.07123,46.53841],[7.06827,46.53639],[7.06791,46.53603],[7.06678,46.53422],[7.06666,46.5337],[7.06688,46.53215],[7.06689,46.5321],[7.06703,46.52985],[7.06701,46.52968]]]},"properties":{"bfs_nr":2134,"name":"Grandvillard"}},{"type":"Feature","geometry":{"type":"Polygon","coordinates":[[[6.98209,46.55448],[6.98225,46.55433],[6.98239,46.55415],[6.98264,46.55381],[6.983,46.5536],[6.98321,46.55352],[6.98363,46.55343],[6.98386,46.55332],[6.98397,46.55326],[6.98426,46.55307],[6.98448,46.55298],[6.98477,46.55291],[6.98513,46.55288],[6.98556,46.55286],[6.98579,46.55282],[6.98611,46.55273],[6.9867,46.55253],[6.98723,46.55246],[6.98789,46.55224],[6.98878,46.55218],[6.98901,46.55214],[6.98951,46.55196],[6.98996,46.5519],[6.9908,46.55188],[6.99182,46.55199],[6.99248,46.55214],[6.9931,46.5522],[6.994,46.5525],[6.99443,46.55287],[6.99486,46.55308],[6.99565,46.55313],[6.99591,46.55308],[6.99614,46.55299],[7.0103,46.546],[7.01056,46.54589],[7.01134,46.54582],[7.01321,46.54599],[7.01344,46.546],[7.01804,46.54586],[7.0184,46.54581],[7.02039,46.54535],[7.0206,46.54529],[7.0208,46.5452],[7.0211,46.54495],[7.02126,46.54464],[7.02142,46.54399],[7.02166,46.54352],[7.022,46.54327],[7.02246,46.54313],[7.02335,46.54313],[7.02363,46.54309],[7.02389,46.54301],[7.02465,46.54272],[7.0247,46.5427],[7.02532,46.54244],[7.02547,46.54236],[7.02597,46.54207],[7.02619,46.54191],[7.02635,46.54172],[7.0267,46.54112],[7.02705,46.54084],[7.02754,46.54067],[7.0281,46.54066],[7.02855,46.54078],[7.02879,46.5409],[7.02918,46.54114],[7.02978,46.54144],[7.03055,46.54176],[7.03078,46.54193],[7.03143,46.5425],[7.03157,46.54261],[7.03229,46.54307],[7.03245,46.54315],[7.03309,46.54344],[7.03326,46.54351],[7.03429,46.54386],[7.03559,46.54445],[7.03586,46.54462],[7.03624,46.5449],[7.03667,46.54526],[7.03711,46.54548],[7.03745,46.54567],[7.03794,46.54603],[7.03801,46.54609],[7.03859,46.54655],[7.03865,46.5466],[7.0394,46.54726],[7.04078,46.54835],[7.04098,46.54854],[7.04113,46.5489],[7.04106,46.54927],[7.04092,46.54948],[7.03944,46.55114],[7.03908,46.55144],[7.03807,46.55206],[7.0379,46.55219],[7.03777,46.55233],[7.03763,46.55266],[7.03764,46.55283],[7.03769,46.553],[7.03778,46.55316],[7.03792,46.5533],[7.03809,46.55342],[7.03992,46.5545],[7.04008,46.55458],[7.04026,46.55464],[7.04114,46.5549],[7.04196,46.555],[7.04242,46.55516],[7.04314,46.55567],[7.04334,46.55585],[7.04345,46.55601],[7.04353,46.55637],[7.04339,46.55672],[7.04312,46.55701],[7.04299,46.55717],[7.04292,46.5573],[7.04284,46.5575],[7.0427,46.55801],[7.04247,46.55837],[7.0424,46.55849],[7.04212,46.55899],[7.04199,46.55917],[7.04186,46.55929],[7.0416,46.55946],[7.04152,46.55952],[7.04134,46.55968],[7.04116,46.56006],[7.04118,46.56053],[7.04144,46.5611],[7.04208,46.56157],[7.04235,46.56185],[7.04266,46.56251],[7.04315,46.56335],[7.04322,46.5636],[7.04323,46.56366],[7.04328,46.56385],[7.04336,46.56403],[7.04351,46.56425],[7.04385,46.56461],[7.04388,46.56464],[7.04442,46.56518],[7.04458,46.56531],[7.04579,46.56612],[7.04633,46.56646],[7.04744,46.56729],[7.04789,46.56746],[7.04839,46.56749],[7.04984,46.56723],[7.05036,46.56727],[7.05082,46.56745],[7.05137,46.56787],[7.05207,46.56813],[7.05342,46.56883],[7.05484,46.56947],[7.05588,46.56968],[7.05645,46.56987],[7.05774,46.57089],[7.05818,46.57107],[7.05842,46.5711],[7.05892,46.57108],[7.05927,46.57099],[7.0596,46.57095],[7.05986,46.57095],[7.0602,46.57099],[7.06118,46.57118],[7.06119,46.57119],[7.06152,46.57125],[7.06174,46.57127],[7.06196,46.57128],[7.06218,46.57125],[7.0631,46.57114],[7.06355,46.57119],[7.06381,46.57128],[7.06441,46.57158],[7.06451,46.57163],[7.06484,46.57177],[7.06582,46.57209],[7.06613,46.57218],[7.06633,46.57222],[7.06772,46.57251],[7.06848,46.57274],[7.06895,46.57297],[7.06945,46.57344],[7.07012,46.57366],[7.07061,46.57364],[7.07138,46.57346],[7.07186,46.57348],[7.07245,46.57366],[7.07295,46.57379],[7.07337,46.57393],[7.07353,46.57397],[7.07382,46.57402],[7.07412,46.57402],[7.07513,46.57395],[7.07555,46.57397],[7.07586,46.574],[7.07589,46.574],[7.0759,46.574],[7.07625,46.57407],[7.07708,46.57426],[7.07755,46.57441],[7.07795,46.57461],[7.07799,46.57463],[7.0792,46.57518],[7.07983,46.57541],[7.08106,46.57622],[7.08149,46.57642],[7.08199,46.57649],[7.08225,46.57647],[7.08455,46.57613],[7.08485,46.57607],[7.08613,46.57572],[7.08656,46.57553],[7.08685,46.57523],[7.08696,46.57492],[7.08723,46.5746],[7.08798,46.5743],[7.09277,46.57358],[7.09355,46.5737],[7.0944,46.57436],[7.09509,46.57464],[7.09547,46.57496],[7.09615,46.57521],[7.09666,46.57521],[7.0971,46.5751],[7.09734,46.57506],[7.09766,46.57506],[7.09828,46.57509],[7.09883,46.57511],[7.09948,46.57523],[7.10023,46.57549],[7.1005,46.57556],[7.10078,46.57559],[7.10116,46.5756],[7.10124,46.5756],[7.10151,46.57559],[7.1018,46.5756],[7.10208,46.57565],[7.10256,46.57576],[7.10286,46.57585],[7.10354,46.5761],[7.10381,46.57623],[7.10404,46.57639],[7.10477,46.57708],[7.10516,46.57756],[7.10529,46.57769],[7.10543,46.57782],[7.10562,46.57802],[7.10582,46.5783],[7.10595,46.57847],[7.10688,46.57906],[7.10878,46.57999],[7.11,46.58053],[7.11021,46.58059],[7.11042,46.58063],[7.11083,46.58067],[7.11106,46.58068],[7.11192,46.58068],[7.11314,46.58086],[7.11361,46.58098],[7.11478,46.58118],[7.11557,46.58159],[7.11579,46.58169],[7.11592,46.58174],[7.11617,46.5818],[7.11636,46.58183],[7.11656,46.58185],[7.11675,46.58184],[7.11735,46.58177],[7.11773,46.58179],[7.11798,46.58183],[7.11829,46.58189],[7.11838,46.58191],[7.11912,46.5821],[7.11942,46.58216],[7.12001,46.58216],[7.12035,46.5822],[7.12061,46.58227],[7.1209,46.58241],[7.12108,46.58254],[7.1212,46.58263],[7.12137,46.58275],[7.12166,46.58287],[7.12211,46.58298],[7.12233,46.583],[7.12246,46.58301],[7.12252,46.58301],[7.12292,46.58305],[7.12318,46.58311],[7.12362,46.58333],[7.12417,46.58352],[7.12447,46.58354],[7.12486,46.58355],[7.12514,46.58358],[7.12532,46.58358],[7.12559,46.5836],[7.12596,46.58361],[7.12621,46.58358],[7.12685,46.58341],[7.12737,46.58339],[7.12785,46.58351],[7.12837,46.58384],[7.12948,46.5844],[7.13015,46.58454],[7.13082,46.58448],[7.13252,46.58449],[7.1332,46.58444],[7.13361,46.58434],[7.13413,46.58424],[7.13541,46.58416],[7.13589,46.58418],[7.13598,46.5842],[7.13635,46.58428],[7.13709,46.58459],[7.13762,46.58466],[7.13854,46.58463],[7.13964,46.58487],[7.14035,46.58484],[7.14081,46.58491],[7.14194,46.5854],[7.14291,46.58572],[7.14596,46.58632],[7.14703,46.58649],[7.14774,46.58654],[7.14822,46.58669],[7.14863,46.58695],[7.14892,46.58708],[7.14931,46.58722],[7.14999,46.58755],[7.15134,46.58805],[7.15219,46.58828],[7.15242,46.58835],[7.15263,46.58843],[7.15297,46.58858],[7.15328,46.58875],[7.1535,46.5889],[7.15366,46.58902],[7.15383,46.58913],[7.15423,46.58929],[7.1546,46.58937],[7.15508,46.58949],[7.1551,46.5895],[7.15578,46.58966],[7.1558,46.58967],[7.15711,46.58997],[7.15712,46.58997],[7.1577,46.5901],[7.15811,46.5902],[7.15836,46.59024],[7.15896,46.59031],[7.15899,46.59031],[7.16045,46.59045],[7.16099,46.59066],[7.1613,46.59092],[7.16145,46.59141],[7.16133,46.59174],[7.16093,46.59213],[7.16037,46.59294],[7.16012,46.5934],[7.15975,46.59377],[7.15956,46.59403],[7.15946,46.59424],[7.15933,46.59454],[7.15892,46.59499],[7.15816,46.59546],[7.15748,46.5964],[7.15724,46.59707],[7.15669,46.59755],[7.15647,46.59786],[7.1564,46.59872],[7.1562,46.59906],[7.15616,46.59921],[7.15616,46.59954],[7.15603,46.59987],[7.15564,46.60027],[7.15542,46.60061],[7.15491,46.60096],[7.15442,46.60107],[7.1536,46.60095],[7.15206,46.60037],[7.15167,46.60028],[7.15093,46.60019],[7.15062,46.60013],[7.1502,46.59994],[7.14987,46.59967],[7.14948,46.59949],[7.14886,46.59936],[7.14805,46.59915],[7.14726,46.59895],[7.14689,46.59875],[7.14665,46.59852],[7.14612,46.59808],[7.14544,46.59735],[7.14513,46.59712],[7.14457,46.59683],[7.14381,46.59638],[7.14366,46.59628],[7.14338,46.59607],[7.14166,46.59515],[7.14102,46.59486],[7.14061,46.59457],[7.13961,46.59399],[7.13926,46.59376],[7.13919,46.59371],[7.13901,46.5936],[7.13881,46.59345],[7.13828,46.59301],[7.13811,46.59285],[7.13786,46.59252],[7.13772,46.5924],[7.13755,46.59231],[7.13737,46.59222],[7.13719,46.59215],[7.13655,46.59195],[7.13583,46.59155],[7.13509,46.5912],[7.13462,46.59103],[7.13407,46.59077],[7.13361,46.5906],[7.13334,46.59045],[7.13317,46.59037],[7.13306,46.59033],[7.13214,46.59001],[7.13153,46.58987],[7.13091,46.58959],[7.13054,46.58949],[7.1305,46.58948],[7.13002,46.58936],[7.12937,46.58922],[7.12881,46.58896],[7.12819,46.58879],[7.12779,46.58861],[7.12749,46.5885],[7.12695,46.58832],[7.12566,46.58813],[7.12461,46.58789],[7.12432,46.58784],[7.12397,46.58781],[7.12361,46.58782],[7.12264,46.58759],[7.12228,46.58738],[7.12208,46.58729],[7.12172,46.58717],[7.12127,46.58713],[7.12073,46.58719],[7.12009,46.58716],[7.1195,46.58721],[7.11901,46.58717],[7.1177,46.58682],[7.11733,46.58678],[7.11706,46.58674],[7.11693,46.58671],[7.11669,46.58664],[7.1165,46.58658],[7.11635,46.58654],[7.11616,46.5865],[7.11602,46.58647],[7.11543,46.58638],[7.11525,46.58636],[7.11483,46.58634],[7.11469,46.58634],[7.11436,46.58635],[7.11408,46.58635],[7.11354,46.5863],[7.11273,46.58615],[7.1113,46.58597],[7.11012,46.58575],[7.10912,46.58578],[7.10778,46.58555],[7.10754,46.58549],[7.10732,46.58542],[7.10727,46.5854],[7.10705,46.58534],[7.10677,46.58528],[7.10649,46.58527],[7.10621,46.5853],[7.10594,46.58537],[7.10352,46.58624],[7.10347,46.58626],[7.1007,46.58735],[7.1005,46.58744],[7.10033,46.58757],[7.10019,46.58771],[7.1001,46.58787],[7.10005,46.58803],[7.10005,46.5882],[7.10005,46.5883],[7.10005,46.58848],[7.10005,46.58855],[7.10004,46.5886],[7.10002,46.58873],[7.1,46.58881],[7.09996,46.58894],[7.09991,46.58906],[7.09987,46.58913],[7.09986,46.58916],[7.09884,46.59113],[7.09882,46.59116],[7.09863,46.59151],[7.09861,46.59155],[7.09839,46.5919],[7.09837,46.59193],[7.09815,46.59228],[7.09813,46.59231],[7.09789,46.59265],[7.09787,46.59269],[7.09637,46.5947],[7.09575,46.59554],[7.09546,46.59597],[7.0953,46.59624],[7.09529,46.59625],[7.09522,46.59637],[7.09521,46.59639],[7.09513,46.59655],[7.09508,46.59666],[7.095,46.59682],[7.09496,46.59693],[7.09444,46.59821],[7.09432,46.59853],[7.0941,46.59915],[7.094,46.59946],[7.0939,46.59978],[7.09381,46.60009],[7.09372,46.60044],[7.09363,46.60081],[7.09355,46.60117],[7.09348,46.60154],[7.09338,46.60214],[7.09332,46.60235],[7.09322,46.60251],[7.0929,46.60278],[7.09245,46.60294],[7.09195,46.60298],[7.09114,46.60285],[7.09067,46.60291],[7.08968,46.60314],[7.08889,46.60345],[7.08805,46.6035],[7.0878,46.60345],[7.0873,46.60323],[7.08697,46.60293],[7.08678,46.6026],[7.08642,46.60233],[7.08619,46.60224],[7.0853,46.60196],[7.08526,46.60195],[7.08486,46.60184],[7.08463,46.60179],[7.0841,46.60178],[7.08349,46.60198],[7.08314,46.60207],[7.08286,46.6021],[7.08234,46.60204],[7.08187,46.60185],[7.08157,46.60156],[7.08147,46.60136],[7.08116,46.60094],[7.08109,46.60078],[7.08105,46.6006],[7.08105,46.60045],[7.08113,46.60012],[7.08101,46.59947],[7.08076,46.59918],[7.08012,46.59884],[7.07974,46.59847],[7.07964,46.59799],[7.07979,46.59755],[7.07975,46.59721],[7.07953,46.5969],[7.07936,46.59677],[7.07915,46.59667],[7.07893,46.5966],[7.07868,46.59656],[7.07843,46.59655],[7.07819,46.59657],[7.07795,46.59663],[7.07773,46.59672],[7.07754,46.59683],[7.07739,46.59697],[7.07682,46.59759],[7.07659,46.59778],[7.07612,46.59799],[7.07583,46.59804],[7.07529,46.59801],[7.07504,46.59794],[7.07482,46.59783],[7.07449,46.59755],[7.07438,46.59733],[7.07399,46.59631],[7.0739,46.59615],[7.07377,46.596],[7.07361,46.59587],[7.07283,46.59538],[7.07275,46.59534],[7.07106,46.59443],[7.06908,46.59337],[7.06845,46.5929],[7.06827,46.59263],[7.0677,46.59177],[7.06759,46.59155],[7.06756,46.59137],[7.06764,46.59086],[7.06761,46.59069],[7.06754,46.59052],[7.06725,46.59023],[7.06675,46.58988],[7.06642,46.58954],[7.06633,46.58919],[7.06637,46.5885],[7.06614,46.58819],[7.06554,46.58778],[7.06532,46.58746],[7.06528,46.58728],[7.06535,46.58693],[7.06553,46.5866],[7.0656,46.58632],[7.06559,46.58614],[7.06537,46.58561],[7.06507,46.58529],[7.06461,46.58509],[7.0641,46.58501],[7.06345,46.58482],[7.06267,46.58466],[7.06203,46.58438],[7.06173,46.58405],[7.06152,46.58361],[7.06124,46.58333],[7.06082,46.58314],[7.05985,46.58295],[7.05928,46.58299],[7.05895,46.58298],[7.05859,46.58294],[7.0583,46.5829],[7.05788,46.58273],[7.05741,46.58224],[7.0571,46.58202],[7.05635,46.58162],[7.0562,46.58148],[7.05612,46.58139],[7.05596,46.58114],[7.05588,46.5809],[7.05588,46.58049],[7.05581,46.58032],[7.05555,46.58003],[7.05516,46.57983],[7.05493,46.57977],[7.05468,46.57974],[7.05443,46.57974],[7.05419,46.57978],[7.05396,46.57985],[7.05346,46.58004],[7.05318,46.58012],[7.05269,46.58016],[7.05238,46.58013],[7.05093,46.57986],[7.04825,46.57954],[7.04785,46.57946],[7.04757,46.57939],[7.04632,46.57911],[7.046,46.57902],[7.04525,46.57874],[7.04476,46.57858],[7.04399,46.57827],[7.04318,46.57803],[7.04312,46.57801],[7.04179,46.57758],[7.04162,46.57751],[7.0407,46.57713],[7.04053,46.57705],[7.04022,46.57689],[7.04002,46.57678],[7.03866,46.57581],[7.03844,46.57568],[7.03431,46.57376],[7.03407,46.57368],[7.03381,46.57362],[7.03354,46.57361],[7.03326,46.57362],[7.0329,46.5736],[7.03263,46.57354],[7.0319,46.57322],[7.03141,46.57313],[7.03097,46.57297],[7.03023,46.57225],[7.02845,46.57146],[7.02661,46.57079],[7.02635,46.57067],[7.02564,46.57015],[7.02521,46.56998],[7.02472,46.56994],[7.02424,46.57003],[7.02355,46.57026],[7.02221,46.57016],[7.02127,46.57033],[7.0208,46.5703],[7.02046,46.57031],[7.02022,46.57034],[7.02,46.5704],[7.01979,46.57049],[7.01961,46.57061],[7.01935,46.57081],[7.01919,46.57096],[7.01909,46.57113],[7.01903,46.57132],[7.01904,46.57179],[7.01883,46.57228],[7.0188,46.57248],[7.01884,46.57287],[7.01912,46.57369],[7.01922,46.57388],[7.01946,46.57422],[7.01947,46.57423],[7.01974,46.5746],[7.01988,46.57476],[7.02007,46.57489],[7.02033,46.57504],[7.02045,46.5751],[7.0208,46.57525],[7.02088,46.57529],[7.02128,46.57544],[7.0215,46.57554],[7.02169,46.57567],[7.02198,46.57588],[7.02208,46.57595],[7.02287,46.57644],[7.02314,46.57656],[7.02403,46.57688],[7.02492,46.57713],[7.02519,46.57723],[7.02555,46.57747],[7.0257,46.57765],[7.02616,46.57836],[7.0266,46.57917],[7.02668,46.57936],[7.02681,46.57981],[7.02696,46.58013],[7.02693,46.58065],[7.02673,46.58113],[7.02671,46.58117],[7.0266,46.58147],[7.0265,46.58168],[7.02611,46.58231],[7.02609,46.58234],[7.02588,46.58271],[7.02581,46.58289],[7.0258,46.58307],[7.02584,46.58325],[7.02626,46.5844],[7.02672,46.58547],[7.02678,46.58581],[7.02675,46.586],[7.02559,46.58964],[7.02549,46.58986],[7.02535,46.59007],[7.02529,46.59025],[7.02524,46.59055],[7.02519,46.59074],[7.02449,46.5926],[7.02446,46.59267],[7.02424,46.59313],[7.0239,46.59403],[7.02383,46.59453],[7.02383,46.59454],[7.02316,46.60021],[7.02309,46.60045],[7.02296,46.60067],[7.02262,46.60109],[7.02226,46.6014],[7.02181,46.60156],[7.02129,46.60159],[7.0208,46.60148],[7.02041,46.60125],[7.02005,46.60085],[7.01986,46.60071],[7.01963,46.60061],[7.01937,46.60054],[7.01864,46.60047],[7.01827,46.60036],[7.01804,46.60028],[7.01783,46.60017],[7.0172,46.59976],[7.01679,46.59959],[7.01632,46.59953],[7.01572,46.59955],[7.01521,46.59942],[7.01482,46.59917],[7.01421,46.59837],[7.01389,46.5978],[7.01379,46.59705],[7.01388,46.5961],[7.01362,46.5955],[7.01365,46.59514],[7.01387,46.59482],[7.01458,46.59432],[7.01476,46.59381],[7.01462,46.59331],[7.0147,46.59297],[7.01496,46.59267],[7.01541,46.59236],[7.01563,46.59203],[7.01565,46.59167],[7.01546,46.59103],[7.01525,46.59069],[7.0149,46.59043],[7.01453,46.59005],[7.01417,46.58972],[7.01415,46.5897],[7.01395,46.58951],[7.01372,46.58923],[7.01343,46.58879],[7.01297,46.58831],[7.01288,46.58799],[7.01307,46.58717],[7.01307,46.58698],[7.01276,46.58646],[7.01212,46.58606],[7.0119,46.58575],[7.01185,46.58507],[7.01172,46.58477],[7.01112,46.58427],[7.01044,46.58412],[7.00906,46.5842],[7.00837,46.58412],[7.00784,46.5839],[7.00704,46.5837],[7.00588,46.58328],[7.00552,46.58309],[7.0052,46.58274],[7.0051,46.58242],[7.00518,46.58209],[7.00552,46.58157],[7.00562,46.58086],[7.00549,46.58045],[7.00551,46.5801],[7.00574,46.57972],[7.00581,46.57937],[7.00576,46.5792],[7.00553,46.57888],[7.00535,46.57875],[7.00492,46.57856],[7.00395,46.57802],[7.0037,46.57768],[7.00355,46.57693],[7.00357,46.57652],[7.00353,46.57632],[7.00344,46.57614],[7.00321,46.57581],[7.00313,46.57531],[7.00293,46.57456],[7.00264,46.57425],[7.00193,46.574],[7.00123,46.57401],[7.00073,46.57392],[7.00003,46.5736],[6.99893,46.57322],[6.99826,46.57282],[6.9981,46.57268],[6.99809,46.57268],[6.99785,46.57234],[6.99768,46.57201],[6.99711,46.57151],[6.99612,46.57116],[6.99572,46.57094],[6.99504,46.57014],[6.99408,46.56936],[6.99328,46.56883],[6.99308,46.56855],[6.99297,46.56821],[6.99273,46.5679],[6.99215,46.56758],[6.99187,46.56731],[6.99168,46.56681],[6.99155,46.56663],[6.99137,46.56648],[6.99115,46.56636],[6.99084,46.56623],[6.99065,46.56611],[6.99037,46.56583],[6.98992,46.56552],[6.98901,46.56485],[6.98882,46.56468],[6.98814,46.564],[6.98793,46.56372],[6.98788,46.56363],[6.98776,46.56346],[6.98727,46.56312],[6.98694,46.563],[6.98671,46.5629],[6.98632,46.56269],[6.98604,46.56251],[6.98584,46.56228],[6.98577,46.56217],[6.98566,46.56197],[6.98557,46.56149],[6.98547,46.56131],[6.98517,46.56099],[6.98503,46.56068],[6.98493,46.56008],[6.98492,46.55979],[6.98499,46.55918],[6.98498,46.55901],[6.98493,46.55884],[6.98439,46.55815],[6.98373,46.55767],[6.98323,46.55733],[6.98313,46.55726],[6.98293,46.55704],[6.98262,46.55653],[6.98247,46.55641],[6.98233,46.5563],[6.98211,46.55604],[6.98197,46.55572],[6.98185,46.55526],[6.98182,46.55504],[6.98192,46.55468],[6.98209,46.55448]]]},"properties":{"bfs_nr":2135,"name":"Gruy\u00e8res"}},{"type":"Feature","geometry":{"type":"Polygon","coordinates":[[[7.09761,46.67042],[7.09859,46.66938],[7.0988,46.66896],[7.09902,46.66735],[7.09944,46.6669],[7.10129,46.66573],[7.10356,46.66397],[7.1038,46.66387],[7.10477,46.66365],[7.10549,46.66342],[7.10781,46.66288],[7.1087,46.66291],[7.10901,46.66292],[7.10958,46.66289],[7.10988,46.6629],[7.11048,46.66296],[7.1106,46.66296],[7.11085,46.66293],[7.11121,46.66288],[7.11175,46.6629],[7.11233,46.66303],[7.11288,46.663],[7.11339,46.66288],[7.11397,46.66288],[7.11468,46.66298],[7.11493,46.663],[7.11518,46.66298],[7.1158,46.66283],[7.1163,46.6628],[7.11678,46.6629],[7.11724,46.66311],[7.11743,46.66319],[7.1178,46.66331],[7.11803,46.66337],[7.11827,46.6634],[7.11852,46.66339],[7.11898,46.66329],[7.11936,46.66308],[7.11982,46.66264],[7.11992,46.66256],[7.12004,46.66247],[7.12037,46.66215],[7.1205,46.662],[7.12066,46.66178],[7.12086,46.66159],[7.12108,46.66147],[7.12162,46.66128],[7.12183,46.6612],[7.12206,46.66109],[7.12261,46.66079],[7.12331,46.66063],[7.12516,46.6598],[7.12617,46.65948],[7.12729,46.65894],[7.12783,46.65866],[7.12819,46.65844],[7.12868,46.65827],[7.13022,46.65821],[7.13048,46.65818],[7.13072,46.65813],[7.13309,46.65737],[7.13363,46.65728],[7.13412,46.65733],[7.13474,46.6575],[7.13504,46.65752],[7.13689,46.65748],[7.13771,46.65754],[7.1382,46.65747],[7.13909,46.65712],[7.14035,46.657],[7.14115,46.65671],[7.14182,46.65652],[7.14203,46.65644],[7.1426,46.65618],[7.14272,46.65612],[7.1436,46.65561],[7.1442,46.65543],[7.1445,46.65531],[7.14531,46.6549],[7.14549,46.65478],[7.14564,46.65465],[7.14666,46.65355],[7.1473,46.65317],[7.14782,46.65311],[7.14833,46.65319],[7.14875,46.6534],[7.1491,46.65388],[7.14938,46.65415],[7.15,46.65456],[7.15001,46.65457],[7.1505,46.65488],[7.15078,46.65508],[7.15097,46.65523],[7.1513,46.65564],[7.15139,46.65599],[7.15139,46.65646],[7.15137,46.65668],[7.15126,46.65709],[7.15135,46.65768],[7.15162,46.65798],[7.15214,46.65832],[7.15248,46.65869],[7.15313,46.65924],[7.15375,46.65966],[7.15473,46.66027],[7.15541,46.66066],[7.15587,46.66078],[7.15612,46.66079],[7.15636,46.66077],[7.1566,46.66072],[7.15681,46.66063],[7.15786,46.66016],[7.15853,46.65995],[7.15889,46.65979],[7.15936,46.6597],[7.15992,46.65969],[7.16177,46.65945],[7.162,46.65941],[7.16221,46.65934],[7.1624,46.65925],[7.16279,46.65901],[7.16282,46.65899],[7.16308,46.65883],[7.16315,46.65878],[7.16362,46.65851],[7.16365,46.6585],[7.16404,46.65826],[7.16425,46.65815],[7.16507,46.65776],[7.16535,46.65766],[7.16583,46.65758],[7.16632,46.65764],[7.16675,46.65782],[7.16704,46.6581],[7.16718,46.65881],[7.16756,46.65955],[7.1677,46.6597],[7.16788,46.65983],[7.1681,46.65993],[7.16998,46.66046],[7.17064,46.66061],[7.17116,46.66087],[7.17206,46.66104],[7.17252,46.66126],[7.17273,46.66145],[7.17291,46.66171],[7.17306,46.66195],[7.17326,46.66225],[7.1733,46.66231],[7.17357,46.66263],[7.17404,46.66329],[7.17408,46.66336],[7.17431,46.66372],[7.1744,46.6639],[7.17444,46.66408],[7.17449,46.6646],[7.17451,46.6647],[7.17468,46.66529],[7.1747,46.66536],[7.17493,46.66592],[7.17494,46.66594],[7.17527,46.66667],[7.17566,46.66763],[7.17573,46.66788],[7.17578,46.6683],[7.1758,46.66868],[7.1758,46.6688],[7.17576,46.66918],[7.17569,46.66944],[7.1754,46.6698],[7.17502,46.67],[7.17432,46.67018],[7.17338,46.6703],[7.17333,46.67031],[7.17283,46.67042],[7.17272,46.67043],[7.17235,46.67045],[7.17232,46.67045],[7.17218,46.67044],[7.17179,46.67042],[7.17146,46.67042],[7.17059,46.67051],[7.16909,46.67055],[7.16857,46.67052],[7.16848,46.67051],[7.16759,46.67038],[7.16745,46.67037],[7.16676,46.67032],[7.16627,46.6703],[7.16503,46.67013],[7.16405,46.67015],[7.16326,46.66998],[7.16252,46.6699],[7.16188,46.66955],[7.16159,46.66921],[7.16118,46.66888],[7.16081,46.66867],[7.16058,46.6686],[7.16035,46.66856],[7.1601,46.66856],[7.15986,46.66858],[7.15963,46.66864],[7.15406,46.67039],[7.15402,46.6704],[7.14644,46.67301],[7.14606,46.6732],[7.14105,46.67695],[7.14079,46.67711],[7.14049,46.67722],[7.13784,46.67799],[7.13557,46.67905],[7.13535,46.67917],[7.13471,46.67961],[7.13432,46.67975],[7.13397,46.6798],[7.1337,46.67982],[7.13351,46.67982],[7.1334,46.67982],[7.13321,46.67983],[7.13311,46.67984],[7.13279,46.6799],[7.13262,46.67995],[7.13251,46.67998],[7.13224,46.68008],[7.1321,46.68014],[7.13091,46.68071],[7.12953,46.68116],[7.12778,46.68162],[7.12772,46.68163],[7.12729,46.68176],[7.12719,46.6818],[7.12682,46.68194],[7.12665,46.68201],[7.1265,46.6821],[7.12587,46.68255],[7.12568,46.68267],[7.12546,46.68276],[7.12396,46.68331],[7.12158,46.68423],[7.1211,46.68453],[7.11839,46.686],[7.11766,46.68621],[7.11717,46.68618],[7.11674,46.68602],[7.11628,46.68572],[7.11563,46.68553],[7.1149,46.68552],[7.11454,46.68547],[7.11416,46.68538],[7.1136,46.68539],[7.11333,46.68546],[7.1129,46.68561],[7.11259,46.68568],[7.1121,46.68575],[7.11137,46.68574],[7.11126,46.68575],[7.11102,46.68578],[7.11065,46.6859],[7.11019,46.68602],[7.11011,46.68603],[7.10969,46.68607],[7.10918,46.68608],[7.10856,46.68616],[7.10824,46.68623],[7.10767,46.68641],[7.1074,46.68647],[7.10719,46.68652],[7.10671,46.68663],[7.10598,46.68661],[7.10538,46.68631],[7.10335,46.68413],[7.10324,46.68402],[7.10108,46.68233],[7.10075,46.68214],[7.09834,46.68119],[7.0981,46.68107],[7.09794,46.68096],[7.09777,46.6808],[7.09591,46.67855],[7.09581,46.67839],[7.09573,46.67823],[7.095,46.67582],[7.09499,46.67576],[7.09453,46.67373],[7.09453,46.6734],[7.09504,46.67236],[7.09518,46.67216],[7.09536,46.67199],[7.09617,46.67138],[7.0974,46.67059],[7.09761,46.67042]]]},"properties":{"bfs_nr":2137,"name":"Hauteville"}},{"type":"Feature","geometry":{"type":"Polygon","coordinates":[[[7.19419,46.57674],[7.19419,46.57645],[7.19418,46.57634],[7.19406,46.57579],[7.19423,46.57491],[7.19412,46.57429],[7.1943,46.57352],[7.19454,46.57318],[7.19485,46.57294],[7.19507,46.57251],[7.19514,46.57214],[7.19548,46.57165],[7.19555,46.57129],[7.19546,46.57069],[7.19565,46.5702],[7.19562,46.56977],[7.19569,46.56941],[7.19568,46.56912],[7.19559,46.56879],[7.19563,46.56834],[7.19528,46.56774],[7.19521,46.56738],[7.19558,46.56649],[7.19582,46.5662],[7.19643,46.56593],[7.19698,46.56589],[7.2103,46.56665],[7.21064,46.5667],[7.21089,46.56677],[7.2113,46.56702],[7.21144,46.56718],[7.21169,46.56779],[7.21178,46.56791],[7.21242,46.56868],[7.21265,46.56888],[7.21328,46.56929],[7.21353,46.56948],[7.21381,46.56982],[7.21397,46.56996],[7.21472,46.57039],[7.21508,46.5708],[7.21526,46.57094],[7.21563,46.57119],[7.21592,46.57142],[7.21609,46.57165],[7.21624,46.57195],[7.2164,46.57212],[7.21674,46.57241],[7.21694,46.57254],[7.2171,46.57263],[7.21735,46.57279],[7.21759,46.57308],[7.21788,46.57379],[7.21795,46.57414],[7.21815,46.57447],[7.21832,46.5746],[7.21894,46.57496],[7.21932,46.57535],[7.22001,46.57585],[7.22046,46.57601],[7.22095,46.57608],[7.22168,46.57632],[7.22236,46.57639],[7.22301,46.57655],[7.22384,46.5769],[7.2244,46.57693],[7.22521,46.57686],[7.22626,46.57698],[7.22756,46.57723],[7.22815,46.57745],[7.22865,46.57755],[7.22915,46.5775],[7.2296,46.57733],[7.22991,46.57705],[7.23003,46.57653],[7.22984,46.5761],[7.22982,46.57533],[7.23016,46.57483],[7.23077,46.57446],[7.23135,46.57432],[7.2329,46.57425],[7.23314,46.57423],[7.23337,46.57418],[7.23358,46.5741],[7.23377,46.57399],[7.23876,46.5706],[7.23903,46.57045],[7.2441,46.56805],[7.24431,46.56796],[7.2477,46.56677],[7.24786,46.56672],[7.25873,46.56369],[7.25953,46.56363],[7.26,46.56376],[7.26039,46.56403],[7.26374,46.56741],[7.26392,46.56763],[7.26521,46.56964],[7.26658,46.57147],[7.2673,46.57207],[7.26757,46.57237],[7.26804,46.57342],[7.26839,46.57371],[7.26884,46.57391],[7.26946,46.57442],[7.27105,46.57606],[7.27129,46.57647],[7.27199,46.57715],[7.27282,46.5777],[7.27328,46.57825],[7.27405,46.57874],[7.27548,46.5793],[7.276,46.57971],[7.27641,46.57993],[7.27671,46.58025],[7.27702,46.58078],[7.27733,46.58109],[7.27829,46.58176],[7.27973,46.58306],[7.28005,46.58326],[7.28076,46.58353],[7.28127,46.58385],[7.28175,46.58399],[7.28225,46.58398],[7.28381,46.58373],[7.28749,46.58252],[7.28797,46.5823],[7.28864,46.58187],[7.28912,46.5817],[7.28966,46.58162],[7.29048,46.58123],[7.29094,46.58109],[7.29163,46.58102],[7.29293,46.58072],[7.29396,46.58036],[7.29508,46.58017],[7.29575,46.57989],[7.29741,46.57943],[7.2979,46.57937],[7.29858,46.57938],[7.2993,46.57921],[7.29994,46.57921],[7.30327,46.5797],[7.30375,46.57982],[7.30757,46.58115],[7.30787,46.58129],[7.30826,46.58165],[7.31076,46.58543],[7.31084,46.58558],[7.31236,46.58888],[7.31288,46.58935],[7.31499,46.59033],[7.31525,46.59043],[7.31933,46.59149],[7.32002,46.59186],[7.32023,46.59238],[7.32008,46.59279],[7.31856,46.59495],[7.31499,46.60019],[7.31487,46.60067],[7.31621,46.60928],[7.31813,46.61594],[7.31815,46.61633],[7.31792,46.61814],[7.3176,46.61868],[7.31737,46.61884],[7.31261,46.62143],[7.3122,46.62182],[7.31211,46.62215],[7.31215,46.6243],[7.31246,46.63045],[7.31307,46.63511],[7.31289,46.63569],[7.31254,46.63596],[7.3118,46.63613],[7.31128,46.63606],[7.3108,46.6359],[7.31,46.63588],[7.30892,46.63574],[7.30842,46.63576],[7.30818,46.63583],[7.30802,46.63588],[7.30796,46.6359],[7.30785,46.63595],[7.3071,46.63632],[7.30665,46.63689],[7.30617,46.63721],[7.30585,46.63735],[7.30544,46.63751],[7.30521,46.63762],[7.3046,46.63801],[7.30436,46.63831],[7.3042,46.63931],[7.30394,46.63985],[7.30378,46.64006],[7.30353,46.64031],[7.30341,46.64045],[7.30333,46.64061],[7.30331,46.64095],[7.30347,46.64127],[7.30392,46.64171],[7.30454,46.642],[7.30499,46.64227],[7.30516,46.64237],[7.30539,46.64248],[7.30621,46.64281],[7.30685,46.64327],[7.30733,46.64373],[7.3078,46.64394],[7.30804,46.64401],[7.30819,46.64405],[7.30841,46.6441],[7.30862,46.64418],[7.30892,46.64435],[7.31015,46.64511],[7.31053,46.64539],[7.31068,46.64552],[7.31101,46.64584],[7.31103,46.64586],[7.31118,46.64605],[7.31125,46.64622],[7.31138,46.64673],[7.31163,46.64702],[7.31206,46.64725],[7.3128,46.64744],[7.31381,46.64803],[7.31452,46.64855],[7.31487,46.64897],[7.31514,46.64946],[7.31529,46.64995],[7.31547,46.65021],[7.3156,46.65065],[7.31587,46.65098],[7.3169,46.6516],[7.31715,46.65191],[7.31722,46.65225],[7.31709,46.65259],[7.31695,46.65274],[7.31673,46.6529],[7.31653,46.65302],[7.31612,46.65325],[7.31578,46.65345],[7.31517,46.65378],[7.31465,46.65407],[7.31319,46.65494],[7.3115,46.65581],[7.31062,46.65618],[7.31029,46.65637],[7.30926,46.65711],[7.30903,46.65721],[7.30871,46.65731],[7.30855,46.65734],[7.3084,46.65738],[7.30829,46.65741],[7.30725,46.65779],[7.30619,46.65837],[7.30574,46.65853],[7.30518,46.65862],[7.30485,46.65875],[7.30462,46.6589],[7.30444,46.65907],[7.30415,46.65943],[7.30405,46.65961],[7.3038,46.66071],[7.30377,46.6611],[7.30338,46.66155],[7.30311,46.66169],[7.30261,46.6619],[7.30243,46.662],[7.30182,46.66251],[7.30154,46.66279],[7.3006,46.66335],[7.29944,46.66374],[7.29884,46.66409],[7.29858,46.66435],[7.29843,46.6647],[7.29803,46.66516],[7.29789,46.66535],[7.29784,46.66544],[7.29775,46.66567],[7.29771,46.66589],[7.29754,46.6662],[7.2974,46.66632],[7.2969,46.66665],[7.29672,46.66676],[7.29652,46.66685],[7.2964,46.66689],[7.29615,46.667],[7.29578,46.66731],[7.29548,46.66773],[7.29521,46.66803],[7.29493,46.66826],[7.29475,46.66839],[7.29469,46.66843],[7.2945,46.66858],[7.29422,46.66886],[7.29417,46.66891],[7.29389,46.66914],[7.29386,46.66915],[7.29381,46.66919],[7.29343,46.66946],[7.29325,46.66959],[7.29302,46.66974],[7.29257,46.66988],[7.29207,46.6699],[7.29177,46.66985],[7.28785,46.66891],[7.28766,46.66887],[7.28547,46.66873],[7.28519,46.66869],[7.28478,46.66855],[7.28456,46.66842],[7.28072,46.66568],[7.28051,46.66549],[7.28039,46.66532],[7.28031,46.66509],[7.2799,46.66291],[7.27969,46.66251],[7.27887,46.66165],[7.2788,46.66112],[7.27901,46.66079],[7.27939,46.66055],[7.27996,46.66036],[7.28018,46.66023],[7.28036,46.66008],[7.28059,46.65983],[7.28121,46.65942],[7.2818,46.65878],[7.28194,46.65844],[7.28178,46.65794],[7.28146,46.65767],[7.2809,46.65738],[7.28064,46.65706],[7.28058,46.65669],[7.28068,46.65638],[7.28071,46.65566],[7.28087,46.65532],[7.28145,46.65496],[7.28229,46.65484],[7.28305,46.65468],[7.28355,46.65465],[7.28421,46.65446],[7.28453,46.6542],[7.28471,46.65393],[7.2847,46.65311],[7.28503,46.65267],[7.28582,46.65216],[7.28609,46.65184],[7.28628,46.65094],[7.2863,46.65025],[7.28658,46.64933],[7.28652,46.64884],[7.28629,46.64854],[7.28568,46.64819],[7.28448,46.64737],[7.28403,46.64698],[7.28388,46.64687],[7.28358,46.64671],[7.28341,46.64664],[7.28319,46.64651],[7.28282,46.64625],[7.28261,46.64607],[7.282,46.64551],[7.28162,46.64494],[7.28156,46.64469],[7.28154,46.64449],[7.28157,46.64423],[7.28153,46.6437],[7.28159,46.64335],[7.28155,46.64317],[7.28146,46.643],[7.28133,46.64284],[7.28124,46.64277],[7.28089,46.6425],[7.28088,46.64249],[7.28072,46.6423],[7.28065,46.64214],[7.28057,46.64169],[7.28053,46.64157],[7.28043,46.64139],[7.28028,46.64122],[7.28008,46.64109],[7.27947,46.64075],[7.27912,46.6406],[7.27872,46.64044],[7.27823,46.64014],[7.27799,46.64005],[7.27704,46.63989],[7.27664,46.63969],[7.27599,46.63914],[7.27566,46.63865],[7.27532,46.63837],[7.27514,46.63806],[7.2751,46.63716],[7.27489,46.63686],[7.27457,46.63664],[7.27399,46.63636],[7.27367,46.63625],[7.27362,46.63623],[7.27333,46.63614],[7.27318,46.63609],[7.27292,46.63596],[7.27274,46.63584],[7.27235,46.63544],[7.27215,46.63501],[7.27191,46.63475],[7.27175,46.63449],[7.27156,46.63406],[7.27154,46.63401],[7.27124,46.63346],[7.27113,46.6333],[7.27098,46.63317],[7.2708,46.63305],[7.26991,46.63276],[7.26949,46.63253],[7.26919,46.63217],[7.26883,46.63189],[7.2686,46.63156],[7.26857,46.6312],[7.26872,46.63072],[7.26865,46.62992],[7.26843,46.62959],[7.26781,46.62915],[7.26555,46.6279],[7.26518,46.62763],[7.26496,46.62743],[7.26438,46.62712],[7.26419,46.62701],[7.26403,46.62687],[7.26384,46.62674],[7.26363,46.62664],[7.26339,46.62656],[7.26265,46.62612],[7.26222,46.62576],[7.26181,46.62559],[7.26158,46.62555],[7.26123,46.62551],[7.26106,46.6255],[7.26095,46.6255],[7.26058,46.62553],[7.26029,46.62558],[7.2598,46.6257],[7.25954,46.62574],[7.25949,46.62574],[7.25892,46.62573],[7.2585,46.62568],[7.25822,46.62563],[7.25784,46.62554],[7.25744,46.62545],[7.25703,46.62526],[7.25666,46.62486],[7.25621,46.62449],[7.25496,46.62384],[7.2544,46.62358],[7.25398,46.62329],[7.25379,46.62312],[7.2536,46.62298],[7.25338,46.62288],[7.25212,46.62254],[7.25189,46.6225],[7.25174,46.62248],[7.25142,46.62247],[7.25122,46.62249],[7.25082,46.62248],[7.25057,46.62249],[7.2455,46.62267],[7.24512,46.62273],[7.24333,46.62317],[7.24305,46.62322],[7.24259,46.62322],[7.24231,46.62317],[7.24117,46.62287],[7.24082,46.62274],[7.2405,46.62261],[7.24002,46.62245],[7.23964,46.6222],[7.23943,46.62187],[7.23943,46.62151],[7.23971,46.62105],[7.23978,46.62073],[7.23957,46.61996],[7.23965,46.61963],[7.23987,46.61935],[7.24006,46.61917],[7.24034,46.61898],[7.24056,46.61865],[7.24071,46.61803],[7.24061,46.61767],[7.2403,46.61736],[7.23972,46.61702],[7.23914,46.61682],[7.23889,46.61675],[7.23866,46.6167],[7.23841,46.61661],[7.23811,46.61648],[7.23775,46.61629],[7.23702,46.61579],[7.23658,46.6156],[7.23591,46.61515],[7.23536,46.61488],[7.23474,46.61449],[7.23414,46.61376],[7.23389,46.61337],[7.2335,46.61314],[7.23219,46.61262],[7.23161,46.61228],[7.23138,46.61219],[7.2305,46.61193],[7.23009,46.61185],[7.22951,46.61185],[7.22904,46.61175],[7.22865,46.61153],[7.22833,46.61114],[7.22769,46.61069],[7.22689,46.61023],[7.2264,46.61],[7.22631,46.60995],[7.22618,46.60985],[7.2257,46.6095],[7.2255,46.60931],[7.22539,46.60914],[7.22525,46.60883],[7.22488,46.60851],[7.22357,46.60793],[7.22323,46.60772],[7.22281,46.60742],[7.22252,46.60721],[7.22208,46.60694],[7.22145,46.60648],[7.22117,46.60612],[7.22086,46.60589],[7.22031,46.60563],[7.21978,46.60523],[7.21938,46.60479],[7.21787,46.6039],[7.2157,46.60232],[7.21541,46.60206],[7.21489,46.60143],[7.21484,46.60136],[7.21459,46.60101],[7.21446,46.60087],[7.2141,46.60064],[7.21363,46.60052],[7.21313,46.60053],[7.2129,46.60058],[7.21268,46.60067],[7.21249,46.60078],[7.21153,46.60141],[7.21009,46.60183],[7.20895,46.60204],[7.20847,46.60217],[7.20809,46.60226],[7.20721,46.60248],[7.20719,46.60249],[7.20691,46.60255],[7.20677,46.60259],[7.2065,46.60263],[7.20626,46.60267],[7.20611,46.60268],[7.20575,46.60269],[7.20541,46.60271],[7.20506,46.60273],[7.20504,46.60273],[7.20481,46.60274],[7.20433,46.60279],[7.20384,46.60274],[7.20341,46.60256],[7.20301,46.60227],[7.20261,46.60198],[7.20218,46.6017],[7.20181,46.60119],[7.20138,46.60085],[7.20112,46.60023],[7.20119,46.59989],[7.20151,46.59936],[7.20155,46.59885],[7.20164,46.59841],[7.20168,46.59818],[7.20172,46.59802],[7.20177,46.59786],[7.2018,46.59779],[7.20181,46.59778],[7.20188,46.5976],[7.20185,46.59725],[7.20176,46.59708],[7.20168,46.59698],[7.20133,46.59657],[7.20109,46.59636],[7.20092,46.59625],[7.20087,46.59622],[7.20063,46.59606],[7.20049,46.59593],[7.20033,46.59562],[7.20021,46.59496],[7.19989,46.5945],[7.19985,46.59411],[7.19961,46.59362],[7.19951,46.59312],[7.19925,46.59254],[7.19925,46.59219],[7.1991,46.59178],[7.1991,46.59158],[7.19905,46.59134],[7.19898,46.59117],[7.19896,46.59112],[7.19892,46.59102],[7.19888,46.59088],[7.19887,46.5908],[7.19885,46.59071],[7.19881,46.59019],[7.19857,46.58973],[7.19851,46.58941],[7.19871,46.58854],[7.19882,46.58826],[7.19879,46.58744],[7.19868,46.58699],[7.19875,46.58651],[7.19873,46.58632],[7.19864,46.58613],[7.19838,46.5857],[7.19833,46.5855],[7.19832,46.58522],[7.19818,46.58464],[7.19809,46.58445],[7.19756,46.58379],[7.19725,46.58353],[7.19665,46.58325],[7.1963,46.58297],[7.19583,46.58278],[7.1952,46.58271],[7.19473,46.58257],[7.19438,46.58232],[7.19419,46.582],[7.19422,46.5813],[7.19437,46.58097],[7.19457,46.58072],[7.19461,46.58064],[7.19465,46.58057],[7.19469,46.58046],[7.19499,46.57962],[7.19496,46.57925],[7.19472,46.57891],[7.19433,46.57855],[7.1941,46.57805],[7.19406,46.57773],[7.19412,46.57754],[7.19417,46.57741],[7.19419,46.57733],[7.19421,46.57707],[7.19419,46.57674]]]},"properties":{"bfs_nr":2138,"name":"Jaun"}},{"type":"Feature","geometry":{"type":"Polygon","coordinates":[[[7.00222,46.65647],[7.00328,46.65651],[7.00375,46.65643],[7.00425,46.65622],[7.0047,46.65611],[7.00518,46.65613],[7.00546,46.6562],[7.00605,46.65638],[7.00606,46.65638],[7.00638,46.65648],[7.00662,46.65653],[7.00687,46.65655],[7.00712,46.65654],[7.00736,46.65649],[7.00759,46.65642],[7.00792,46.65627],[7.00817,46.65613],[7.00837,46.65596],[7.00846,46.65585],[7.00856,46.6557],[7.00861,46.65555],[7.0088,46.65481],[7.00902,46.65442],[7.00939,46.65417],[7.00996,46.65395],[7.01028,46.6537],[7.01069,46.65303],[7.01105,46.65276],[7.01179,46.6526],[7.01237,46.65268],[7.01353,46.653],[7.01378,46.65302],[7.01402,46.653],[7.01523,46.65287],[7.01723,46.6528],[7.01735,46.65279],[7.01743,46.65279],[7.01764,46.65278],[7.01818,46.65277],[7.0182,46.65276],[7.01865,46.65275],[7.01884,46.65274],[7.01996,46.65259],[7.01999,46.65259],[7.02052,46.65251],[7.02055,46.6525],[7.02102,46.65242],[7.02109,46.65241],[7.02138,46.65236],[7.02259,46.65246],[7.0245,46.65199],[7.02527,46.65183],[7.02581,46.65169],[7.02592,46.65166],[7.02623,46.65155],[7.02682,46.6513],[7.02713,46.65124],[7.02784,46.65115],[7.02806,46.65109],[7.02827,46.651],[7.02844,46.65089],[7.02944,46.65013],[7.02991,46.64997],[7.0305,46.64996],[7.0312,46.65005],[7.03143,46.65005],[7.03203,46.64994],[7.0325,46.64994],[7.03338,46.65016],[7.03403,46.6502],[7.0353,46.6506],[7.03594,46.65061],[7.03629,46.65066],[7.03678,46.65078],[7.03705,46.65086],[7.0373,46.65097],[7.03842,46.65161],[7.0386,46.6517],[7.0388,46.65176],[7.039,46.6518],[7.03939,46.65185],[7.03959,46.65187],[7.03979,46.65186],[7.04095,46.65177],[7.041,46.65177],[7.04173,46.65169],[7.04176,46.65169],[7.04262,46.65158],[7.04266,46.65158],[7.04442,46.65134],[7.04452,46.65132],[7.04494,46.65124],[7.04499,46.65123],[7.04544,46.65113],[7.04549,46.65112],[7.04626,46.65093],[7.04628,46.65092],[7.04681,46.65078],[7.04812,46.65057],[7.05218,46.64999],[7.05485,46.64991],[7.05515,46.64988],[7.05542,46.6498],[7.05568,46.6497],[7.05624,46.64953],[7.05647,46.64944],[7.05697,46.64914],[7.05774,46.64903],[7.05858,46.64927],[7.05905,46.64935],[7.05953,46.6493],[7.06051,46.64894],[7.06105,46.64881],[7.06156,46.64884],[7.06201,46.64899],[7.06316,46.64991],[7.06356,46.6501],[7.06403,46.65019],[7.06451,46.65015],[7.06503,46.64999],[7.06551,46.64995],[7.06597,46.65003],[7.06636,46.65022],[7.06695,46.65077],[7.06737,46.65097],[7.06761,46.65102],[7.06812,46.65102],[7.06906,46.6509],[7.06954,46.65101],[7.07002,46.65123],[7.07061,46.65138],[7.07099,46.65162],[7.07115,46.65182],[7.07121,46.6519],[7.07147,46.65232],[7.07148,46.65234],[7.07197,46.65317],[7.07199,46.6532],[7.07205,46.65329],[7.07219,46.65345],[7.07236,46.65358],[7.0728,46.65376],[7.07305,46.65381],[7.07331,46.65381],[7.07357,46.65379],[7.07381,46.65373],[7.07517,46.65328],[7.07565,46.65325],[7.07612,46.65331],[7.07707,46.65331],[7.07751,46.65343],[7.0777,46.65353],[7.0779,46.65368],[7.07808,46.65388],[7.0781,46.6539],[7.07851,46.65452],[7.07865,46.65479],[7.0787,46.65497],[7.07875,46.65508],[7.07877,46.65512],[7.07882,46.6552],[7.07917,46.65576],[7.07938,46.65662],[7.07939,46.65682],[7.07937,46.65696],[7.07937,46.65705],[7.07937,46.65714],[7.07939,46.65727],[7.07948,46.65766],[7.07954,46.65781],[7.07962,46.65796],[7.07968,46.65806],[7.07999,46.65855],[7.08032,46.65885],[7.0806,46.6593],[7.08075,46.65944],[7.08094,46.65957],[7.08137,46.65975],[7.08163,46.65986],[7.08174,46.65989],[7.08243,46.66011],[7.08263,46.66018],[7.0828,46.66023],[7.08294,46.66027],[7.08316,46.66032],[7.08399,46.66035],[7.08469,46.66031],[7.08501,46.66034],[7.08507,46.66035],[7.08524,46.66038],[7.08555,46.66044],[7.08558,46.66045],[7.08619,46.66058],[7.08649,46.66062],[7.08766,46.6607],[7.08813,46.66087],[7.08868,46.66139],[7.08933,46.66184],[7.0907,46.66241],[7.09144,46.66284],[7.09234,46.66314],[7.09254,46.66329],[7.09267,46.66345],[7.09279,46.66359],[7.09291,46.6637],[7.09312,46.66386],[7.09362,46.66418],[7.09391,46.66443],[7.09421,46.66475],[7.09516,46.66524],[7.09588,46.66607],[7.09655,46.66664],[7.09672,46.66714],[7.0966,46.6675],[7.09667,46.668],[7.09694,46.66828],[7.09793,46.6688],[7.09827,46.66926],[7.09827,46.6696],[7.09819,46.66976],[7.09805,46.66995],[7.09765,46.67038],[7.09734,46.67063],[7.09615,46.67139],[7.09607,46.67145],[7.09532,46.67202],[7.09517,46.67216],[7.09506,46.67232],[7.09463,46.67316],[7.09434,46.6735],[7.09393,46.67371],[7.09319,46.67378],[7.09237,46.67358],[7.09187,46.67322],[7.09169,46.67287],[7.09132,46.67247],[7.09124,46.6724],[7.09114,46.67233],[7.09103,46.67225],[7.09089,46.6721],[7.09066,46.67181],[7.08981,46.67107],[7.08957,46.67091],[7.08939,46.67078],[7.08927,46.67066],[7.0891,46.67046],[7.08899,46.67032],[7.08855,46.66988],[7.08842,46.66956],[7.08846,46.66916],[7.08833,46.66879],[7.08794,46.66843],[7.08706,46.66794],[7.08678,46.66759],[7.08618,46.66688],[7.08598,46.6667],[7.08466,46.66578],[7.08448,46.66567],[7.08427,46.66559],[7.08405,46.66554],[7.08381,46.66551],[7.08357,46.66552],[7.08334,46.66555],[7.08312,46.66561],[7.08288,46.6657],[7.08265,46.66581],[7.08231,46.66611],[7.08209,46.66651],[7.08192,46.66666],[7.08154,46.66687],[7.08108,46.66696],[7.08078,46.66696],[7.08077,46.66696],[7.08051,46.66694],[7.07973,46.66683],[7.07895,46.66686],[7.07849,46.66678],[7.07798,46.66654],[7.07748,46.66643],[7.07692,46.66641],[7.07629,46.6662],[7.07591,46.66594],[7.07492,46.66554],[7.07442,46.66543],[7.07389,46.66546],[7.07343,46.66564],[7.07302,46.66592],[7.07255,46.66607],[7.07204,46.66607],[7.07128,46.66586],[7.07081,46.66561],[7.07036,46.66513],[7.06997,46.66494],[7.06954,46.66484],[7.06911,46.66473],[7.06885,46.66469],[7.06861,46.66462],[7.06843,46.66455],[7.06818,46.66447],[7.06777,46.66442],[7.06732,46.66429],[7.06669,46.66389],[7.06511,46.66349],[7.06467,46.66333],[7.06412,46.66325],[7.06334,46.66337],[7.06281,46.66335],[7.06197,46.66295],[7.06108,46.66272],[7.06022,46.66276],[7.05996,46.66274],[7.05966,46.66266],[7.05782,46.66203],[7.05735,46.66191],[7.05694,46.66171],[7.05668,46.66141],[7.05657,46.66098],[7.05633,46.66066],[7.05593,46.66043],[7.05543,46.66032],[7.05467,46.66041],[7.05415,46.66041],[7.05351,46.6603],[7.05233,46.66037],[7.05184,46.66047],[7.05118,46.66051],[7.05069,46.66069],[7.04998,46.66115],[7.04931,46.66135],[7.04853,46.66172],[7.04749,46.66195],[7.04672,46.66196],[7.04609,46.66215],[7.04556,46.66221],[7.04509,46.66214],[7.04434,46.66222],[7.04352,46.66256],[7.04237,46.66269],[7.04148,46.66271],[7.0405,46.66265],[7.0386,46.66224],[7.03766,46.66176],[7.03637,46.66146],[7.03582,46.66141],[7.03525,46.66128],[7.03456,46.66124],[7.03294,46.66086],[7.03228,46.66075],[7.03166,46.66052],[7.03054,46.66025],[7.03,46.6602],[7.02948,46.66029],[7.02905,46.66051],[7.02879,46.66084],[7.02874,46.66102],[7.02875,46.66121],[7.02876,46.6613],[7.02878,46.6615],[7.02874,46.66171],[7.02872,46.66178],[7.02861,46.66199],[7.02832,46.66228],[7.02739,46.66277],[7.02668,46.66306],[7.02637,46.66334],[7.02573,46.66423],[7.02556,46.66441],[7.0252,46.66463],[7.02498,46.66471],[7.0245,46.66476],[7.02402,46.66469],[7.02325,46.66435],[7.02142,46.6634],[7.02126,46.66333],[7.02039,46.663],[7.02033,46.66298],[7.01958,46.66274],[7.01887,46.66253],[7.01836,46.66215],[7.0181,46.66163],[7.01761,46.66129],[7.01689,46.66113],[7.01634,46.66116],[7.01586,46.66135],[7.01508,46.66202],[7.01441,46.66224],[7.01343,46.66215],[7.0127,46.6622],[7.01203,46.66234],[7.0114,46.66239],[7.01071,46.66233],[7.00943,46.66226],[7.0093,46.66225],[7.00901,46.66222],[7.0085,46.66211],[7.0082,46.66202],[7.00745,46.66182],[7.00743,46.66182],[7.00558,46.66132],[7.00557,46.66132],[7.00502,46.66117],[7.00478,46.66109],[7.00461,46.661],[7.00423,46.66068],[7.004,46.66023],[7.00402,46.65949],[7.00371,46.65894],[7.00336,46.65866],[7.00288,46.6585],[7.00221,46.65843],[7.00131,46.65808],[7.00087,46.65766],[7.0008,46.65732],[7.00093,46.65698],[7.00123,46.65671],[7.00191,46.65649],[7.00222,46.65647]]]},"properties":{"bfs_nr":2140,"name":"Marsens"}},{"type":"Feature","geometry":{"type":"Polygon","coordinates":[[[7.07669,46.61911],[7.07649,46.61883],[7.07646,46.61847],[7.07678,46.61799],[7.07784,46.61736],[7.07835,46.61724],[7.07874,46.61722],[7.07952,46.61714],[7.08021,46.61681],[7.08078,46.61665],[7.08168,46.61674],[7.08216,46.61672],[7.08261,46.61662],[7.0829,46.61661],[7.08321,46.61663],[7.08343,46.61667],[7.0838,46.61683],[7.084,46.61697],[7.08415,46.61715],[7.08424,46.61734],[7.08431,46.6177],[7.08473,46.61813],[7.08517,46.6183],[7.08542,46.61833],[7.08593,46.6183],[7.08638,46.61814],[7.08671,46.61788],[7.08681,46.61771],[7.08718,46.61692],[7.08723,46.61673],[7.08723,46.61654],[7.08709,46.61621],[7.087,46.61555],[7.08723,46.61505],[7.08799,46.61452],[7.0884,46.61435],[7.08973,46.61417],[7.09067,46.61434],[7.09149,46.6144],[7.09237,46.61433],[7.09377,46.61451],[7.09469,46.61472],[7.09519,46.61468],[7.09558,46.61454],[7.10108,46.61274],[7.10162,46.61264],[7.10212,46.61268],[7.10255,46.61285],[7.10286,46.61313],[7.103,46.6135],[7.10406,46.62289],[7.10407,46.62307],[7.10332,46.63225],[7.10328,46.63245],[7.1031,46.63273],[7.10292,46.63289],[7.09926,46.63558],[7.09903,46.63572],[7.09829,46.6359],[7.0925,46.63614],[7.0922,46.63614],[7.09136,46.63597],[7.09113,46.63594],[7.09089,46.63593],[7.09052,46.63589],[7.08978,46.63573],[7.0895,46.63566],[7.08536,46.63431],[7.08522,46.63427],[7.08474,46.63416],[7.08385,46.63382],[7.08278,46.63367],[7.08238,46.63354],[7.08185,46.63317],[7.08172,46.63301],[7.08165,46.63283],[7.08166,46.63235],[7.08162,46.63218],[7.08153,46.63202],[7.0814,46.63187],[7.08124,46.63174],[7.08069,46.63148],[7.08053,46.6314],[7.08036,46.6313],[7.08015,46.63117],[7.07996,46.63102],[7.07974,46.63089],[7.07965,46.63085],[7.07961,46.63083],[7.07937,46.63072],[7.07932,46.6307],[7.07865,46.63038],[7.07841,46.63024],[7.07826,46.63011],[7.07807,46.62979],[7.07807,46.62945],[7.07829,46.62904],[7.0784,46.62823],[7.07857,46.62796],[7.07861,46.62762],[7.07832,46.62703],[7.07834,46.62625],[7.07848,46.6257],[7.07874,46.62529],[7.07884,46.62493],[7.0788,46.62459],[7.07853,46.62419],[7.07774,46.62355],[7.07762,46.62322],[7.07773,46.62277],[7.07799,46.62245],[7.07813,46.62208],[7.07796,46.62141],[7.07757,46.6208],[7.07751,46.62011],[7.07707,46.61953],[7.07669,46.61911]]]},"properties":{"bfs_nr":2143,"name":"Morlon"}},{"type":"Feature","geometry":{"type":"Polygon","coordinates":[[[7.03348,46.60471],[7.03362,46.60448],[7.034,46.60419],[7.03456,46.60399],[7.03528,46.60358],[7.03598,46.60325],[7.03617,46.6031],[7.03626,46.60301],[7.03629,46.60298],[7.03657,46.60267],[7.0371,46.602],[7.03725,46.60122],[7.03755,46.60059],[7.03797,46.60001],[7.03805,46.59985],[7.03816,46.59945],[7.03841,46.59901],[7.03861,46.59881],[7.03923,46.59839],[7.03934,46.59831],[7.03947,46.5982],[7.0396,46.59806],[7.03971,46.59792],[7.03983,46.59772],[7.04005,46.59716],[7.04009,46.59699],[7.04008,46.59682],[7.03997,46.59654],[7.03995,46.59619],[7.04013,46.59546],[7.04047,46.59486],[7.04061,46.59448],[7.04126,46.59366],[7.04179,46.59318],[7.04204,46.59299],[7.04362,46.59202],[7.04421,46.5917],[7.04525,46.5909],[7.04565,46.59065],[7.04566,46.59065],[7.04605,46.59044],[7.04628,46.59029],[7.04639,46.5902],[7.04646,46.59013],[7.04657,46.59001],[7.0466,46.58998],[7.04668,46.58988],[7.04679,46.58972],[7.04685,46.58955],[7.04686,46.58938],[7.04674,46.58903],[7.04634,46.58866],[7.04623,46.58852],[7.04614,46.58833],[7.0461,46.5882],[7.04607,46.58807],[7.04606,46.58806],[7.04606,46.58782],[7.04611,46.58764],[7.04636,46.5873],[7.04647,46.58681],[7.04631,46.58649],[7.046,46.58623],[7.04549,46.58601],[7.04503,46.58594],[7.04439,46.58593],[7.04367,46.5858],[7.04327,46.58562],[7.04253,46.58508],[7.04219,46.58474],[7.04165,46.58433],[7.04076,46.58382],[7.0405,46.58353],[7.04046,46.58301],[7.04077,46.58246],[7.0408,46.58229],[7.04079,46.58211],[7.04073,46.58195],[7.04063,46.58179],[7.04048,46.58165],[7.0403,46.58153],[7.04009,46.58144],[7.03967,46.58129],[7.03946,46.58123],[7.03923,46.5812],[7.03839,46.58111],[7.03813,46.58103],[7.0377,46.58082],[7.03645,46.58033],[7.03635,46.58029],[7.03607,46.58016],[7.0358,46.58001],[7.0355,46.57969],[7.03542,46.57945],[7.03514,46.57795],[7.03513,46.57773],[7.03518,46.57755],[7.03542,46.57722],[7.03566,46.57706],[7.03624,46.57673],[7.03668,46.57655],[7.03762,46.57627],[7.03815,46.57626],[7.03891,46.57632],[7.03951,46.57646],[7.04018,46.57687],[7.04056,46.57707],[7.04067,46.57712],[7.04165,46.57753],[7.04176,46.57757],[7.04313,46.57801],[7.04317,46.57802],[7.04395,46.57826],[7.04473,46.57857],[7.04526,46.57874],[7.04606,46.57903],[7.04627,46.5791],[7.04755,46.57938],[7.04792,46.57948],[7.04818,46.57953],[7.05091,46.57986],[7.05244,46.58014],[7.05269,46.58017],[7.05318,46.58013],[7.05341,46.58006],[7.05389,46.57987],[7.05419,46.57979],[7.05445,46.57975],[7.05471,46.57975],[7.05496,46.57979],[7.0552,46.57986],[7.0556,46.58009],[7.05574,46.58024],[7.05587,46.58059],[7.05587,46.58091],[7.05591,46.58105],[7.05597,46.58117],[7.05609,46.58135],[7.05623,46.58151],[7.05634,46.58162],[7.05693,46.582],[7.0574,46.58256],[7.05801,46.58287],[7.05826,46.58291],[7.05914,46.583],[7.0592,46.583],[7.06009,46.58301],[7.06094,46.58322],[7.06149,46.58361],[7.06182,46.58424],[7.06216,46.58449],[7.0625,46.58465],[7.06395,46.58505],[7.06449,46.5851],[7.06494,46.58526],[7.06526,46.58553],[7.06557,46.58617],[7.06555,46.58653],[7.06533,46.58689],[7.06524,46.58722],[7.06533,46.58756],[7.06544,46.58771],[7.06583,46.58801],[7.06606,46.58833],[7.06603,46.58915],[7.06623,46.5895],[7.0664,46.58964],[7.06721,46.5902],[7.06753,46.59052],[7.06762,46.59079],[7.06747,46.59107],[7.06749,46.59142],[7.06767,46.59173],[7.06823,46.59258],[7.06835,46.5931],[7.06807,46.59382],[7.06748,46.59417],[7.06667,46.59433],[7.06627,46.59457],[7.06604,46.5949],[7.06603,46.59548],[7.06587,46.59581],[7.06544,46.59631],[7.0654,46.59647],[7.06537,46.59662],[7.06526,46.59697],[7.06516,46.59719],[7.06502,46.59735],[7.06446,46.59774],[7.0639,46.59816],[7.06387,46.59817],[7.06314,46.59874],[7.06281,46.59895],[7.06241,46.59915],[7.06214,46.59926],[7.0614,46.59932],[7.06093,46.5992],[7.06006,46.59876],[7.05922,46.59812],[7.0585,46.598],[7.05779,46.59817],[7.05745,46.59842],[7.05699,46.59915],[7.05679,46.59932],[7.05576,46.59997],[7.05497,46.60031],[7.05479,46.60042],[7.05464,46.60055],[7.05458,46.60063],[7.05454,46.60067],[7.05445,46.60083],[7.05433,46.60107],[7.05413,46.60159],[7.05365,46.60198],[7.05294,46.60213],[7.05245,46.60206],[7.05198,46.60184],[7.05134,46.60143],[7.05111,46.6013],[7.05085,46.60122],[7.05038,46.60113],[7.05016,46.60105],[7.04997,46.60095],[7.04977,46.60079],[7.04898,46.60001],[7.04828,46.59947],[7.04674,46.59862],[7.04642,46.59833],[7.04597,46.59808],[7.04544,46.59797],[7.04484,46.598],[7.0446,46.59806],[7.04438,46.59814],[7.04419,46.59826],[7.04403,46.59839],[7.04391,46.59855],[7.04384,46.59872],[7.04382,46.59889],[7.04383,46.59923],[7.04378,46.59938],[7.04369,46.59954],[7.04352,46.59981],[7.0434,46.59995],[7.04319,46.60018],[7.04283,46.60053],[7.04259,46.60072],[7.04234,46.60088],[7.04225,46.60095],[7.04171,46.60154],[7.04159,46.60208],[7.04133,46.60252],[7.04129,46.60296],[7.04113,46.60333],[7.04001,46.60743],[7.04001,46.60777],[7.0402,46.60809],[7.04054,46.60833],[7.04119,46.60866],[7.04188,46.60897],[7.0423,46.6091],[7.04252,46.60921],[7.04271,46.60934],[7.04289,46.60954],[7.04303,46.60979],[7.04307,46.61013],[7.04302,46.61029],[7.04292,46.61045],[7.0426,46.61071],[7.04216,46.61088],[7.04168,46.61091],[7.04082,46.61081],[7.0404,46.61066],[7.03991,46.61029],[7.03972,46.61019],[7.03928,46.61005],[7.039,46.60993],[7.03578,46.60813],[7.03545,46.60789],[7.03435,46.60688],[7.03418,46.60667],[7.03395,46.6062],[7.03341,46.60567],[7.03327,46.60535],[7.0333,46.60502],[7.03348,46.60471]]]},"properties":{"bfs_nr":2145,"name":"Le P\u00e2quier (FR)"}},{"type":"Feature","geometry":{"type":"Polygon","coordinates":[[[7.09411,46.69506],[7.09451,46.69482],[7.09507,46.6946],[7.09627,46.69424],[7.098,46.6939],[7.09833,46.6938],[7.09879,46.69361],[7.09904,46.69346],[7.09926,46.69329],[7.09961,46.69287],[7.10053,46.6923],[7.10096,46.69212],[7.10145,46.69206],[7.10193,46.69214],[7.10304,46.69265],[7.10386,46.69314],[7.1042,46.69343],[7.1044,46.69372],[7.10456,46.69386],[7.10475,46.69397],[7.10497,46.69405],[7.1052,46.6941],[7.10545,46.69412],[7.1057,46.69411],[7.10594,46.69407],[7.10616,46.694],[7.10636,46.6939],[7.1078,46.69302],[7.10798,46.69288],[7.10811,46.69273],[7.10824,46.69237],[7.10814,46.69202],[7.10786,46.69171],[7.10765,46.6916],[7.10736,46.69147],[7.1071,46.69132],[7.1069,46.6912],[7.10672,46.69106],[7.1066,46.69093],[7.1065,46.69076],[7.10648,46.69071],[7.1064,46.69045],[7.10642,46.69018],[7.1068,46.68863],[7.10682,46.68843],[7.10677,46.68823],[7.1066,46.68781],[7.10647,46.68755],[7.10651,46.68705],[7.10694,46.68664],[7.10714,46.68655],[7.10763,46.68642],[7.10817,46.68625],[7.10864,46.68615],[7.10913,46.68609],[7.10976,46.68607],[7.11004,46.68604],[7.11027,46.686],[7.11058,46.68592],[7.11102,46.68578],[7.1113,46.68574],[7.11178,46.68575],[7.11208,46.68576],[7.11216,46.68575],[7.11251,46.6857],[7.11298,46.68559],[7.11341,46.68545],[7.11366,46.6854],[7.11417,46.68541],[7.1146,46.68548],[7.11484,46.68551],[7.11497,46.68552],[7.11507,46.68552],[7.11563,46.68553],[7.11628,46.68572],[7.11684,46.68624],[7.11748,46.6866],[7.11779,46.68685],[7.11863,46.68731],[7.11896,46.68762],[7.11906,46.68782],[7.11931,46.68852],[7.11936,46.6887],[7.11933,46.68918],[7.11906,46.68969],[7.11913,46.69024],[7.11963,46.69081],[7.1199,46.69126],[7.1204,46.69165],[7.12055,46.69197],[7.12044,46.69246],[7.12017,46.69293],[7.12018,46.69327],[7.12016,46.69346],[7.12006,46.69383],[7.12005,46.69386],[7.12002,46.69399],[7.11993,46.6942],[7.11991,46.69425],[7.11984,46.69442],[7.11968,46.69507],[7.11965,46.69547],[7.11977,46.69578],[7.12005,46.69604],[7.12065,46.69635],[7.12139,46.69704],[7.12159,46.69757],[7.1226,46.69917],[7.12389,46.7012],[7.12413,46.70174],[7.12471,46.70218],[7.12497,46.70247],[7.12505,46.70281],[7.12494,46.70315],[7.12454,46.70355],[7.1244,46.70411],[7.12473,46.70573],[7.12481,46.70643],[7.12475,46.70669],[7.12449,46.70732],[7.1244,46.70749],[7.12411,46.70781],[7.12353,46.70822],[7.12339,46.70837],[7.12325,46.7087],[7.12332,46.7093],[7.12328,46.70994],[7.12344,46.71031],[7.12358,46.71071],[7.12361,46.71079],[7.12368,46.71093],[7.12382,46.71113],[7.12401,46.71136],[7.12408,46.71147],[7.12417,46.71164],[7.12429,46.712],[7.12469,46.71246],[7.12488,46.71289],[7.12499,46.71305],[7.12512,46.7132],[7.12528,46.71332],[7.12566,46.71352],[7.12637,46.71396],[7.12678,46.71442],[7.12677,46.71492],[7.12634,46.71535],[7.12586,46.71554],[7.12535,46.71558],[7.1248,46.71546],[7.12375,46.7151],[7.12333,46.71505],[7.12287,46.71505],[7.12256,46.71503],[7.1223,46.715],[7.12181,46.71503],[7.12137,46.71519],[7.12076,46.71557],[7.1203,46.71608],[7.11991,46.71642],[7.11937,46.71667],[7.1186,46.71683],[7.11834,46.71692],[7.11799,46.71715],[7.11783,46.71733],[7.11774,46.71751],[7.11768,46.71768],[7.11766,46.71778],[7.11758,46.71798],[7.11717,46.71837],[7.11676,46.71857],[7.11633,46.71893],[7.11605,46.71949],[7.11568,46.71976],[7.1151,46.71993],[7.11462,46.71993],[7.11396,46.71971],[7.11367,46.71944],[7.11349,46.7191],[7.1134,46.71898],[7.11249,46.718],[7.11226,46.71781],[7.11119,46.71711],[7.11102,46.71701],[7.11088,46.71695],[7.11065,46.71686],[7.10989,46.71661],[7.10919,46.71622],[7.10843,46.71594],[7.10818,46.71583],[7.10805,46.71577],[7.10786,46.71565],[7.1077,46.71552],[7.10765,46.71547],[7.10749,46.71529],[7.1074,46.71517],[7.10728,46.71503],[7.10698,46.71475],[7.10681,46.71456],[7.10679,46.71453],[7.10661,46.71418],[7.10648,46.71373],[7.10644,46.71364],[7.1063,46.71334],[7.10624,46.71322],[7.10598,46.71284],[7.10576,46.71253],[7.10566,46.71235],[7.10554,46.71209],[7.10545,46.71176],[7.10545,46.71172],[7.10547,46.71147],[7.1055,46.7112],[7.10547,46.71105],[7.10542,46.71087],[7.10534,46.7107],[7.10521,46.71053],[7.10503,46.71039],[7.10481,46.71028],[7.10456,46.7102],[7.1043,46.71016],[7.10402,46.71016],[7.10367,46.71018],[7.1033,46.71024],[7.10306,46.71031],[7.10281,46.7104],[7.10224,46.71066],[7.10204,46.71076],[7.10177,46.71087],[7.10129,46.71095],[7.10104,46.71095],[7.10057,46.71083],[7.10019,46.71061],[7.09997,46.7103],[7.0999,46.70996],[7.09978,46.70973],[7.09958,46.70952],[7.09915,46.70917],[7.0991,46.70913],[7.0986,46.70878],[7.09827,46.70847],[7.09816,46.70837],[7.09794,46.70824],[7.09768,46.70815],[7.09761,46.70813],[7.09748,46.70809],[7.0968,46.70796],[7.09592,46.70782],[7.09531,46.70755],[7.09498,46.70721],[7.09492,46.70661],[7.0951,46.70632],[7.09541,46.70602],[7.0957,46.70582],[7.09623,46.70555],[7.09699,46.70535],[7.09776,46.70503],[7.09809,46.70474],[7.09819,46.70457],[7.09826,46.70439],[7.09831,46.70419],[7.09828,46.70397],[7.09824,46.70384],[7.0982,46.70354],[7.09814,46.70334],[7.09795,46.70307],[7.09774,46.70273],[7.09774,46.70272],[7.09768,46.70251],[7.09766,46.70232],[7.09765,46.70215],[7.09765,46.70206],[7.09768,46.70187],[7.09775,46.7017],[7.09796,46.70143],[7.0983,46.70108],[7.09857,46.70076],[7.09871,46.7006],[7.09915,46.70021],[7.10006,46.69953],[7.10047,46.6993],[7.1013,46.69894],[7.10281,46.69827],[7.10311,46.6981],[7.10337,46.69781],[7.10344,46.69765],[7.10346,46.69748],[7.10343,46.69732],[7.10336,46.69716],[7.10325,46.69701],[7.1031,46.69687],[7.10293,46.69675],[7.10269,46.69661],[7.1023,46.69644],[7.10211,46.69637],[7.10138,46.69625],[7.10079,46.69628],[7.10033,46.69637],[7.09995,46.69657],[7.09963,46.69696],[7.0994,46.69718],[7.09899,46.69741],[7.09883,46.69748],[7.09844,46.6976],[7.09839,46.69762],[7.09807,46.69767],[7.0978,46.69767],[7.09748,46.69763],[7.09743,46.69763],[7.09712,46.69754],[7.09644,46.69732],[7.0964,46.69731],[7.0952,46.69689],[7.09484,46.69673],[7.09432,46.69643],[7.09411,46.69629],[7.09393,46.69612],[7.09377,46.69577],[7.09382,46.69541],[7.09392,46.69525],[7.09411,46.69506]]]},"properties":{"bfs_nr":2147,"name":"Pont-la-Ville"}},{"type":"Feature","geometry":{"type":"Polygon","coordinates":[[[7.01137,46.65126],[7.01164,46.65099],[7.01196,46.65079],[7.01212,46.65066],[7.01225,46.65052],[7.01234,46.65037],[7.01239,46.65025],[7.01243,46.65009],[7.01245,46.64992],[7.01245,46.64976],[7.01244,46.64965],[7.01244,46.64944],[7.01255,46.64915],[7.01261,46.64892],[7.01264,46.64859],[7.01282,46.64825],[7.01318,46.64798],[7.01391,46.6477],[7.01432,46.64726],[7.01436,46.6469],[7.01401,46.64605],[7.01405,46.64569],[7.01442,46.64513],[7.01443,46.64478],[7.01424,46.64446],[7.01358,46.64382],[7.01308,46.64342],[7.01282,46.64304],[7.01255,46.64273],[7.0124,46.64237],[7.01248,46.64201],[7.01295,46.64138],[7.01337,46.64105],[7.01399,46.64043],[7.01456,46.6401],[7.01564,46.63963],[7.01681,46.63938],[7.01784,46.63874],[7.01923,46.63775],[7.02023,46.63745],[7.02044,46.63735],[7.02062,46.63723],[7.02076,46.63708],[7.02085,46.63692],[7.0209,46.63675],[7.02091,46.63658],[7.02086,46.63641],[7.0206,46.63598],[7.02055,46.63584],[7.02051,46.63564],[7.02045,46.63542],[7.02044,46.63527],[7.02049,46.63507],[7.02075,46.63441],[7.0208,46.63424],[7.0208,46.63407],[7.02075,46.63391],[7.02053,46.63361],[7.01935,46.63269],[7.01918,46.63219],[7.0193,46.63184],[7.0196,46.63132],[7.02006,46.63067],[7.02027,46.63017],[7.02065,46.6296],[7.02082,46.6292],[7.0211,46.62884],[7.02122,46.6286],[7.0214,46.62802],[7.02163,46.62759],[7.02184,46.62737],[7.02189,46.6273],[7.02212,46.62713],[7.02258,46.62694],[7.02312,46.6269],[7.02421,46.62699],[7.02459,46.62711],[7.02479,46.62717],[7.02548,46.62733],[7.02649,46.62755],[7.02699,46.62753],[7.02766,46.62735],[7.02841,46.62738],[7.02901,46.62768],[7.02923,46.62799],[7.02927,46.62834],[7.02896,46.62881],[7.02841,46.62914],[7.02812,46.62928],[7.02785,46.62936],[7.02725,46.62944],[7.02721,46.62944],[7.02694,46.62949],[7.02689,46.62949],[7.02667,46.6295],[7.02607,46.6295],[7.02584,46.62951],[7.02561,46.62956],[7.0254,46.62963],[7.02505,46.62984],[7.0246,46.63032],[7.02419,46.63102],[7.02423,46.63166],[7.02413,46.6321],[7.02337,46.63294],[7.02327,46.6333],[7.02352,46.63381],[7.0241,46.63422],[7.02526,46.63471],[7.02573,46.63482],[7.02645,46.63475],[7.02771,46.63414],[7.02824,46.63408],[7.02854,46.6341],[7.02906,46.63427],[7.02951,46.63455],[7.03004,46.63474],[7.03042,46.635],[7.03062,46.63535],[7.03061,46.636],[7.03062,46.63617],[7.03068,46.63634],[7.03079,46.6365],[7.03094,46.63664],[7.03114,46.6368],[7.03123,46.63686],[7.03144,46.63699],[7.03155,46.63706],[7.03178,46.63717],[7.0318,46.63719],[7.03242,46.6375],[7.0325,46.63754],[7.03274,46.63765],[7.03296,46.63776],[7.03355,46.63811],[7.03357,46.63812],[7.03394,46.63835],[7.0341,46.63846],[7.03451,46.63877],[7.03462,46.63886],[7.03495,46.63916],[7.03496,46.63917],[7.0353,46.63947],[7.03543,46.63957],[7.03617,46.64005],[7.03629,46.64014],[7.03647,46.64025],[7.03668,46.64033],[7.0369,46.64039],[7.03713,46.64041],[7.03737,46.64041],[7.0376,46.64038],[7.03796,46.64031],[7.03809,46.64027],[7.03879,46.6401],[7.03954,46.6401],[7.04022,46.63992],[7.04055,46.63967],[7.04095,46.63922],[7.041,46.63916],[7.0413,46.63885],[7.04179,46.63849],[7.0419,46.63838],[7.04201,46.63824],[7.04226,46.638],[7.04247,46.63771],[7.04268,46.63755],[7.04464,46.63631],[7.04508,46.63611],[7.04574,46.63595],[7.04635,46.63572],[7.04707,46.63572],[7.04762,46.6359],[7.0481,46.63596],[7.0488,46.63582],[7.04922,46.63559],[7.04966,46.63547],[7.0501,46.63542],[7.05051,46.63528],[7.05241,46.63432],[7.0529,46.63421],[7.05348,46.63426],[7.05437,46.63444],[7.05453,46.63447],[7.05516,46.63454],[7.05532,46.63456],[7.05613,46.63459],[7.05628,46.63459],[7.05681,46.63456],[7.05689,46.63456],[7.05764,46.63449],[7.05793,46.63445],[7.05955,46.63404],[7.06003,46.63404],[7.06068,46.63422],[7.06117,46.63425],[7.06183,46.63418],[7.06238,46.63423],[7.06306,46.63445],[7.0636,46.63446],[7.0642,46.63435],[7.06465,46.63435],[7.06515,46.63448],[7.06563,46.63469],[7.06614,46.63477],[7.06667,46.6347],[7.0669,46.63462],[7.06968,46.63332],[7.06971,46.63331],[7.07085,46.63279],[7.07116,46.63269],[7.0719,46.63256],[7.07229,46.63238],[7.07284,46.63201],[7.07285,46.63201],[7.07351,46.63157],[7.07374,46.63144],[7.07419,46.63132],[7.07443,46.6313],[7.07467,46.63131],[7.07491,46.63135],[7.07513,46.63142],[7.07532,46.63152],[7.07557,46.63171],[7.07562,46.63174],[7.07678,46.63253],[7.07719,46.6329],[7.07747,46.63321],[7.07754,46.63336],[7.0776,46.63375],[7.07793,46.63429],[7.07812,46.63473],[7.07818,46.63496],[7.07812,46.63532],[7.07785,46.63577],[7.07763,46.63639],[7.07735,46.63667],[7.07695,46.63686],[7.07624,46.63703],[7.07585,46.63727],[7.07563,46.63761],[7.0756,46.63808],[7.07546,46.6384],[7.07496,46.63883],[7.07443,46.63942],[7.07313,46.63999],[7.07284,46.64025],[7.0727,46.64057],[7.07269,46.64106],[7.07248,46.64139],[7.07227,46.64156],[7.0708,46.64252],[7.07003,46.64314],[7.06916,46.6439],[7.06891,46.64408],[7.06874,46.64419],[7.06862,46.64425],[7.06844,46.64436],[7.06818,46.64464],[7.06809,46.64497],[7.06806,46.64544],[7.06784,46.64574],[7.06704,46.64621],[7.06681,46.64649],[7.06664,46.64694],[7.06631,46.64724],[7.06602,46.64737],[7.06446,46.64794],[7.06403,46.64819],[7.06377,46.64854],[7.06345,46.6488],[7.06301,46.64895],[7.06252,46.64898],[7.06138,46.64875],[7.0607,46.64886],[7.05986,46.64917],[7.05934,46.64921],[7.05884,46.6491],[7.05807,46.64872],[7.05754,46.64866],[7.05701,46.64875],[7.05652,46.64893],[7.05575,46.64964],[7.05551,46.64976],[7.05548,46.64977],[7.05529,46.64984],[7.05507,46.64988],[7.05478,46.64991],[7.05229,46.64998],[7.0481,46.65057],[7.04687,46.65077],[7.04628,46.65092],[7.04624,46.65093],[7.04551,46.65112],[7.04543,46.65114],[7.045,46.65123],[7.04493,46.65125],[7.04455,46.65132],[7.04439,46.65134],[7.04267,46.65158],[7.04261,46.65158],[7.04175,46.65169],[7.04172,46.65169],[7.04102,46.65177],[7.04093,46.65177],[7.03983,46.65186],[7.03959,46.65186],[7.03934,46.65184],[7.03906,46.65181],[7.0388,46.65176],[7.0386,46.65169],[7.03838,46.65159],[7.03725,46.65095],[7.03706,46.65086],[7.03684,46.65079],[7.03573,46.65053],[7.03484,46.65043],[7.03403,46.6502],[7.03338,46.65015],[7.03268,46.64995],[7.03217,46.6499],[7.03145,46.65002],[7.03119,46.65003],[7.03044,46.64995],[7.02991,46.64997],[7.02966,46.65003],[7.02944,46.65013],[7.02925,46.65025],[7.02848,46.65085],[7.02827,46.65099],[7.02785,46.65115],[7.02702,46.65125],[7.02676,46.6513],[7.02653,46.65139],[7.02637,46.65147],[7.02606,46.65161],[7.02594,46.65165],[7.02578,46.6517],[7.0253,46.65183],[7.02453,46.65198],[7.02306,46.65232],[7.02253,46.65235],[7.02197,46.65228],[7.02151,46.65232],[7.02099,46.65243],[7.02056,46.6525],[7.02051,46.65251],[7.02,46.65258],[7.01995,46.65259],[7.01889,46.65273],[7.0186,46.65275],[7.01819,46.65276],[7.01817,46.65277],[7.01761,46.65278],[7.01748,46.65278],[7.01737,46.65279],[7.01721,46.6528],[7.01522,46.65287],[7.01447,46.65292],[7.01397,46.653],[7.01351,46.65299],[7.01203,46.65258],[7.01157,46.65238],[7.01129,46.65211],[7.01118,46.65178],[7.01137,46.65126]]]},"properties":{"bfs_nr":2148,"name":"Riaz"}},{"type":"Feature","geometry":{"type":"Polygon","coordinates":[[[7.11867,46.68734],[7.11823,46.68697],[7.11812,46.68664],[7.11818,46.6863],[7.11866,46.68586],[7.12176,46.68417],[7.12395,46.68331],[7.1255,46.68275],[7.12568,46.68267],[7.12583,46.68258],[7.12646,46.68213],[7.12665,46.68201],[7.12686,46.68192],[7.12717,46.6818],[7.12732,46.68175],[7.12771,46.68164],[7.12779,46.68161],[7.12955,46.68115],[7.13103,46.68067],[7.13206,46.68016],[7.13228,46.68007],[7.13248,46.67999],[7.13272,46.67992],[7.13318,46.67983],[7.13367,46.67982],[7.13403,46.67979],[7.1343,46.67976],[7.13452,46.6797],[7.13471,46.67962],[7.13488,46.67951],[7.13563,46.67902],[7.13778,46.67802],[7.14055,46.6772],[7.14079,46.67711],[7.141,46.67699],[7.14602,46.67323],[7.1465,46.67299],[7.15401,46.67041],[7.15957,46.66865],[7.15986,46.66858],[7.16034,46.66857],[7.1608,46.66867],[7.16122,46.66891],[7.16159,46.66921],[7.16186,46.66955],[7.16228,46.66984],[7.16272,46.66997],[7.16335,46.67],[7.16419,46.67021],[7.16517,46.67019],[7.16641,46.67032],[7.16689,46.67033],[7.16742,46.67037],[7.16763,46.67039],[7.16866,46.67054],[7.169,46.67056],[7.17063,46.6705],[7.17138,46.67043],[7.17187,46.67042],[7.1722,46.67044],[7.17229,46.67045],[7.17241,46.67045],[7.17266,46.67044],[7.1729,46.67041],[7.17302,46.67039],[7.17365,46.67027],[7.17444,46.67019],[7.17495,46.67025],[7.17539,46.67044],[7.17627,46.67125],[7.17683,46.67154],[7.1772,46.67176],[7.17795,46.67238],[7.17813,46.67252],[7.17835,46.67262],[7.17859,46.67269],[7.17953,46.67292],[7.17993,46.67313],[7.1826,46.67515],[7.18405,46.67601],[7.1879,46.67791],[7.19341,46.68085],[7.1936,46.68094],[7.19381,46.681],[7.19819,46.68198],[7.1989,46.68232],[7.19912,46.68265],[7.19942,46.68342],[7.19943,46.68397],[7.19969,46.6851],[7.19975,46.68527],[7.19986,46.68542],[7.20001,46.68556],[7.2002,46.68568],[7.20036,46.68576],[7.20051,46.68583],[7.2013,46.68613],[7.20163,46.68629],[7.20198,46.68655],[7.20254,46.68694],[7.20268,46.6871],[7.20299,46.68753],[7.20325,46.68777],[7.20341,46.68786],[7.204,46.68815],[7.20422,46.68823],[7.2052,46.68853],[7.20532,46.68856],[7.20762,46.68908],[7.20789,46.68912],[7.20885,46.6891],[7.21037,46.68948],[7.21068,46.68953],[7.2118,46.68963],[7.21221,46.68969],[7.21287,46.68986],[7.21377,46.69017],[7.21451,46.69032],[7.21541,46.69077],[7.21569,46.69103],[7.21582,46.69135],[7.21582,46.69156],[7.21568,46.69252],[7.21567,46.69256],[7.21553,46.69325],[7.21551,46.6934],[7.21554,46.69409],[7.21557,46.69425],[7.21564,46.69441],[7.21586,46.69479],[7.21615,46.69514],[7.21627,46.69548],[7.2162,46.69582],[7.21591,46.69615],[7.21566,46.69633],[7.21547,46.69643],[7.21527,46.69651],[7.21512,46.69657],[7.21494,46.69663],[7.21466,46.69671],[7.21442,46.69674],[7.21399,46.69673],[7.21354,46.69677],[7.2127,46.69697],[7.21159,46.69691],[7.21044,46.69707],[7.21001,46.69726],[7.20962,46.69754],[7.20876,46.69778],[7.20794,46.69778],[7.20746,46.69792],[7.20685,46.69846],[7.20645,46.69869],[7.20579,46.69887],[7.20556,46.69898],[7.20515,46.69921],[7.2047,46.69934],[7.20377,46.69934],[7.2023,46.6996],[7.20178,46.69954],[7.20137,46.69943],[7.20102,46.6994],[7.20039,46.6993],[7.20015,46.69929],[7.19916,46.69939],[7.19832,46.69932],[7.19799,46.6993],[7.19705,46.69928],[7.19682,46.69931],[7.19629,46.69946],[7.19586,46.69953],[7.19563,46.69962],[7.19471,46.70003],[7.19383,46.70061],[7.19341,46.70076],[7.19273,46.70079],[7.19221,46.70088],[7.18884,46.70201],[7.18613,46.70295],[7.18528,46.70305],[7.18344,46.70261],[7.1829,46.70263],[7.18265,46.70269],[7.18243,46.70279],[7.18223,46.70292],[7.18208,46.70307],[7.17893,46.7071],[7.17877,46.70728],[7.1784,46.70749],[7.17813,46.70758],[7.17654,46.70796],[7.17651,46.70797],[7.17309,46.70875],[7.17283,46.70884],[7.1726,46.70895],[7.17232,46.70914],[7.17208,46.70925],[7.17179,46.70936],[7.17154,46.70942],[7.171,46.70947],[7.1708,46.70952],[7.17072,46.70954],[7.17058,46.70959],[7.17023,46.70972],[7.16989,46.70987],[7.16959,46.70996],[7.16719,46.71052],[7.16714,46.71053],[7.16551,46.71096],[7.16542,46.71099],[7.16475,46.71121],[7.16442,46.71129],[7.16398,46.71135],[7.16356,46.7115],[7.16339,46.71161],[7.1632,46.71176],[7.16312,46.71181],[7.16294,46.71192],[7.16246,46.71211],[7.16079,46.71256],[7.16045,46.71262],[7.1601,46.71263],[7.15888,46.7126],[7.15824,46.71278],[7.1566,46.71364],[7.15629,46.71388],[7.15605,46.71454],[7.15565,46.71495],[7.15523,46.71512],[7.15414,46.71523],[7.15365,46.71515],[7.15343,46.71506],[7.15309,46.7148],[7.15284,46.71442],[7.15251,46.71417],[7.15207,46.71401],[7.15158,46.71398],[7.1511,46.71408],[7.1509,46.71418],[7.15064,46.71432],[7.15032,46.71454],[7.1501,46.71465],[7.14978,46.71474],[7.14909,46.71489],[7.14904,46.7149],[7.1486,46.71501],[7.14837,46.71508],[7.14793,46.71526],[7.14773,46.71533],[7.14723,46.71548],[7.14671,46.71563],[7.14643,46.71569],[7.1462,46.71571],[7.14575,46.71566],[7.14465,46.71534],[7.14357,46.71491],[7.14288,46.71478],[7.14229,46.71474],[7.14186,46.7146],[7.14129,46.71412],[7.14086,46.71389],[7.14061,46.71383],[7.1401,46.71373],[7.13975,46.71367],[7.13949,46.71365],[7.13923,46.71367],[7.13916,46.71368],[7.13898,46.71371],[7.13885,46.71374],[7.13839,46.7138],[7.13793,46.71383],[7.13766,46.71383],[7.13715,46.71377],[7.1369,46.71378],[7.13665,46.71382],[7.1361,46.71395],[7.13376,46.71437],[7.13352,46.71443],[7.1315,46.71511],[7.13119,46.71519],[7.13092,46.71521],[7.13005,46.71516],[7.12976,46.7152],[7.12929,46.71528],[7.12889,46.71528],[7.12832,46.71516],[7.12804,46.71502],[7.12607,46.71377],[7.1259,46.71364],[7.12529,46.71332],[7.12512,46.71319],[7.12497,46.71301],[7.12487,46.71282],[7.12473,46.71241],[7.12431,46.71194],[7.1242,46.71166],[7.12414,46.71155],[7.12399,46.71133],[7.12387,46.71118],[7.12365,46.71087],[7.12362,46.71081],[7.12357,46.71069],[7.12334,46.71003],[7.12333,46.7094],[7.12325,46.70872],[7.12338,46.7084],[7.12367,46.70813],[7.12398,46.70795],[7.1243,46.70762],[7.1244,46.70749],[7.12448,46.70735],[7.12481,46.70654],[7.12485,46.70633],[7.12448,46.70447],[7.12458,46.70393],[7.12489,46.7036],[7.12505,46.70325],[7.12507,46.70263],[7.12492,46.70229],[7.12436,46.70185],[7.12403,46.70132],[7.12396,46.70124],[7.12378,46.70102],[7.1226,46.69917],[7.12166,46.69769],[7.12157,46.69751],[7.12152,46.69708],[7.12133,46.69674],[7.12093,46.69647],[7.12005,46.69604],[7.11978,46.69578],[7.11965,46.69546],[7.11983,46.69447],[7.12001,46.69403],[7.12006,46.69384],[7.12006,46.69383],[7.12013,46.69355],[7.12025,46.69311],[7.12034,46.69275],[7.1206,46.69232],[7.12062,46.69198],[7.12046,46.69166],[7.11993,46.69125],[7.11958,46.69072],[7.11918,46.69029],[7.11908,46.6898],[7.11936,46.68925],[7.11939,46.68907],[7.11938,46.6888],[7.11934,46.68859],[7.11905,46.68779],[7.11898,46.68765],[7.11885,46.68748],[7.11867,46.68734]]]},"properties":{"bfs_nr":2149,"name":"La Roche"}},{"type":"Feature","geometry":{"type":"Polygon","coordinates":[[[6.94288,46.61622],[6.94379,46.61551],[6.94393,46.61538],[6.94437,46.61472],[6.94505,46.61391],[6.94543,46.61355],[6.94555,46.61343],[6.94566,46.6133],[6.94636,46.61228],[6.94636,46.61227],[6.94673,46.61171],[6.94676,46.61166],[6.94727,46.61096],[6.94787,46.61036],[6.94796,46.61019],[6.9492,46.60699],[6.9497,46.60479],[6.94999,46.604],[6.95018,46.60368],[6.95137,46.60225],[6.95156,46.60206],[6.95223,46.60178],[6.95301,46.60182],[6.95348,46.602],[6.95362,46.60205],[6.95378,46.60211],[6.95417,46.6022],[6.95434,46.60224],[6.95469,46.60229],[6.95479,46.60231],[6.95597,46.60243],[6.95606,46.60244],[6.9564,46.60249],[6.9565,46.60251],[6.95738,46.60268],[6.95776,46.60278],[6.95958,46.60347],[6.96111,46.6042],[6.96222,46.60483],[6.96247,46.60516],[6.96245,46.60571],[6.9623,46.60592],[6.96055,46.60785],[6.96034,46.60803],[6.96013,46.60815],[6.95963,46.60829],[6.95896,46.60834],[6.9585,46.6085],[6.95683,46.60939],[6.95623,46.60987],[6.95608,46.61022],[6.95615,46.61059],[6.95642,46.61091],[6.95662,46.61103],[6.95705,46.61124],[6.96254,46.61393],[6.96279,46.61407],[6.96294,46.61417],[6.96302,46.61425],[6.96316,46.6144],[6.96321,46.61446],[6.96352,46.6149],[6.96354,46.61492],[6.9636,46.615],[6.96365,46.61506],[6.9637,46.61512],[6.96376,46.61518],[6.96381,46.61523],[6.96389,46.6153],[6.96625,46.61709],[6.96693,46.61747],[6.96724,46.61776],[6.96733,46.6183],[6.96711,46.61877],[6.96661,46.61931],[6.96619,46.61984],[6.96612,46.62002],[6.9661,46.6202],[6.96613,46.62039],[6.96622,46.62056],[6.96636,46.62072],[6.96652,46.62086],[6.96662,46.62095],[6.96903,46.62266],[6.96925,46.62279],[6.97177,46.62395],[6.97333,46.62468],[6.97334,46.62469],[6.97407,46.62504],[6.97457,46.62518],[6.9751,46.62517],[6.97604,46.62501],[6.97773,46.62528],[6.97821,46.62542],[6.97843,46.62554],[6.97917,46.62604],[6.98123,46.6274],[6.98166,46.6277],[6.98179,46.62778],[6.982,46.62789],[6.98226,46.628],[6.98314,46.62828],[6.98325,46.62831],[6.98351,46.62837],[6.98377,46.62842],[6.98431,46.62839],[6.98494,46.62817],[6.98544,46.62809],[6.98595,46.62816],[6.98637,46.62836],[6.98685,46.62876],[6.98707,46.62886],[6.9879,46.62924],[6.98815,46.62936],[6.99266,46.63167],[6.99297,46.63184],[6.99386,46.6321],[6.99452,46.63224],[6.99518,46.63227],[6.99584,46.63214],[6.99723,46.63206],[6.99796,46.63216],[6.99888,46.6325],[6.99936,46.63272],[7.00034,46.63306],[7.00077,46.63316],[7.00178,46.63364],[7.00222,46.63393],[7.0027,46.63414],[7.00307,46.63449],[7.00344,46.63469],[7.00459,46.63499],[7.00545,46.63514],[7.00598,46.63537],[7.00651,46.63572],[7.00782,46.63612],[7.00816,46.63636],[7.00839,46.63669],[7.00903,46.63729],[7.00948,46.63789],[7.0098,46.63841],[7.01035,46.63876],[7.01105,46.6396],[7.01125,46.63974],[7.01215,46.64017],[7.01246,46.64038],[7.01287,46.64085],[7.01292,46.64118],[7.0128,46.6415],[7.01251,46.64179],[7.01235,46.64213],[7.01239,46.64249],[7.01251,46.64272],[7.01273,46.64294],[7.01298,46.64329],[7.0131,46.64344],[7.01362,46.64386],[7.01416,46.64442],[7.0143,46.64474],[7.01427,46.64507],[7.01398,46.6455],[7.01392,46.64589],[7.01432,46.64682],[7.01429,46.64716],[7.01409,46.64746],[7.01374,46.64769],[7.0129,46.64805],[7.01266,46.64835],[7.01261,46.64852],[7.01258,46.649],[7.01243,46.6494],[7.01243,46.64958],[7.01245,46.64971],[7.01245,46.64996],[7.01244,46.65004],[7.01237,46.6503],[7.01236,46.65032],[7.01222,46.65055],[7.01206,46.65071],[7.01173,46.65091],[7.01159,46.65102],[7.01147,46.65114],[7.01123,46.65144],[7.01103,46.65182],[7.011,46.65229],[7.01059,46.65315],[7.01007,46.65363],[7.00939,46.65387],[7.00907,46.65412],[7.0089,46.65443],[7.00862,46.65551],[7.00855,46.6557],[7.00843,46.65588],[7.00841,46.65591],[7.00817,46.65613],[7.00786,46.6563],[7.00764,46.65639],[7.00736,46.65649],[7.00687,46.65655],[7.00662,46.65653],[7.00632,46.65646],[7.00606,46.65638],[7.00603,46.65637],[7.00519,46.65612],[7.00464,46.65604],[7.0041,46.65612],[7.00362,46.65635],[7.00313,46.65648],[7.00125,46.65646],[7.0008,46.65656],[6.99987,46.65708],[6.99938,46.65714],[6.9989,46.65708],[6.99834,46.65688],[6.99711,46.65657],[6.99601,46.65615],[6.9959,46.65611],[6.99564,46.65602],[6.99543,46.65597],[6.99504,46.65589],[6.99489,46.65587],[6.99318,46.65567],[6.99146,46.65569],[6.98966,46.65587],[6.98797,46.65633],[6.98578,46.65722],[6.98528,46.65728],[6.98451,46.65709],[6.98316,46.6564],[6.98291,46.65632],[6.98265,46.65628],[6.98238,46.65627],[6.98211,46.65631],[6.98186,46.65638],[6.98164,46.65648],[6.98145,46.65662],[6.98044,46.65748],[6.98028,46.65766],[6.97999,46.65807],[6.97973,46.65845],[6.97966,46.65855],[6.97916,46.65917],[6.97905,46.6593],[6.97885,46.6595],[6.97861,46.65972],[6.9783,46.66018],[6.97742,46.66106],[6.97704,46.66135],[6.9767,46.66154],[6.97642,46.66166],[6.97567,46.66176],[6.97517,46.66164],[6.97491,46.66151],[6.97481,46.66145],[6.97461,46.6613],[6.97447,46.6612],[6.9742,46.66095],[6.974,46.66084],[6.97325,46.66049],[6.97257,46.66024],[6.97213,46.66018],[6.9719,46.66019],[6.97169,46.66022],[6.97153,46.66024],[6.97152,46.66025],[6.97145,46.66026],[6.97128,46.6603],[6.97092,46.66042],[6.97075,46.66048],[6.96916,46.66118],[6.96793,46.66146],[6.96768,46.66147],[6.96737,46.66144],[6.96683,46.66135],[6.9662,46.66122],[6.96583,46.66118],[6.96557,46.66117],[6.96532,46.66114],[6.9653,46.66114],[6.96502,46.66107],[6.96463,46.66087],[6.9642,46.66027],[6.96266,46.65936],[6.9623,46.65908],[6.9621,46.65877],[6.96177,46.6585],[6.96108,46.65825],[6.96072,46.65799],[6.96044,46.65745],[6.96018,46.6572],[6.95899,46.65647],[6.9585,46.65632],[6.95796,46.65631],[6.95741,46.65641],[6.95689,46.65638],[6.95625,46.65607],[6.95586,46.65561],[6.95548,46.65537],[6.955,46.65526],[6.95394,46.65529],[6.95332,46.65514],[6.9528,46.65512],[6.95202,46.65524],[6.95156,46.65537],[6.95106,46.65565],[6.95056,46.6558],[6.95022,46.65583],[6.94996,46.65583],[6.94977,46.65582],[6.94948,46.65577],[6.94901,46.65557],[6.94846,46.6551],[6.9483,46.6549],[6.94818,46.6547],[6.94809,46.65454],[6.94798,46.65423],[6.94793,46.65401],[6.94778,46.6535],[6.94771,46.65335],[6.94746,46.65303],[6.94715,46.65248],[6.94708,46.65217],[6.94718,46.65155],[6.94702,46.65115],[6.94693,46.65051],[6.94666,46.65017],[6.94654,46.64979],[6.94665,46.64924],[6.94665,46.64845],[6.94648,46.64811],[6.94571,46.6475],[6.94547,46.64719],[6.94542,46.64685],[6.9457,46.64637],[6.94627,46.64596],[6.94655,46.6455],[6.94652,46.64516],[6.94621,46.64461],[6.94622,46.64427],[6.94645,46.64362],[6.94633,46.64329],[6.94604,46.64302],[6.94562,46.64278],[6.94537,46.64251],[6.94519,46.64206],[6.9446,46.64155],[6.94439,46.64124],[6.94436,46.6409],[6.94451,46.64043],[6.94474,46.64011],[6.94639,46.63853],[6.94659,46.63824],[6.94673,46.63773],[6.94703,46.63742],[6.94737,46.63724],[6.94753,46.63715],[6.94754,46.63715],[6.94772,46.63705],[6.94777,46.63702],[6.94798,46.63689],[6.9481,46.63681],[6.94827,46.63668],[6.94835,46.63661],[6.94861,46.63635],[6.94883,46.63608],[6.94893,46.63593],[6.94897,46.63587],[6.94902,46.63578],[6.94907,46.63567],[6.94909,46.6356],[6.94912,46.6355],[6.94921,46.63504],[6.94922,46.63441],[6.94939,46.63364],[6.94969,46.63334],[6.95013,46.63307],[6.95044,46.63261],[6.95041,46.63227],[6.95035,46.63211],[6.95021,46.63178],[6.95013,46.63164],[6.95003,46.63152],[6.94936,46.63092],[6.94901,46.63042],[6.94865,46.62986],[6.94863,46.62984],[6.94843,46.62952],[6.94834,46.62935],[6.94833,46.62932],[6.94823,46.62915],[6.94806,46.62891],[6.948,46.62873],[6.94799,46.62845],[6.94805,46.62821],[6.9483,46.62788],[6.94872,46.62763],[6.95011,46.62661],[6.95036,46.62615],[6.95022,46.62566],[6.94982,46.62519],[6.94904,46.62473],[6.94873,46.62444],[6.94856,46.62412],[6.94858,46.62377],[6.94868,46.62357],[6.94878,46.62343],[6.94882,46.62337],[6.94894,46.62321],[6.94916,46.62299],[6.94953,46.62274],[6.94994,46.62237],[6.95047,46.62197],[6.95096,46.62156],[6.95122,46.62123],[6.95127,46.62085],[6.95118,46.6205],[6.95133,46.61995],[6.95129,46.61963],[6.9512,46.61947],[6.95108,46.61933],[6.95092,46.61918],[6.95091,46.61918],[6.95071,46.61892],[6.95062,46.61878],[6.95051,46.6186],[6.95041,46.6184],[6.95029,46.61822],[6.95014,46.61806],[6.95007,46.61798],[6.94993,46.61785],[6.94966,46.61767],[6.94927,46.61747],[6.94846,46.61708],[6.94824,46.61699],[6.948,46.61693],[6.94774,46.61691],[6.94724,46.61697],[6.94617,46.61736],[6.94539,46.61791],[6.94473,46.61811],[6.94401,46.61804],[6.94323,46.61766],[6.94286,46.6174],[6.94261,46.61709],[6.94256,46.61674],[6.9427,46.6164],[6.94288,46.61622]]]},"properties":{"bfs_nr":2152,"name":"S\u00e2les"}},{"type":"Feature","geometry":{"type":"Polygon","coordinates":[[[7.01329,46.66496],[7.01308,46.66446],[7.01319,46.66412],[7.01347,46.66383],[7.01391,46.66362],[7.01424,46.66336],[7.01514,46.6621],[7.01544,46.66181],[7.01583,46.66164],[7.01648,46.66149],[7.01697,46.66147],[7.01744,46.66158],[7.01781,46.66181],[7.01811,46.66218],[7.01851,46.66244],[7.01875,46.66253],[7.01943,46.66269],[7.01961,46.66275],[7.02031,46.66298],[7.02041,46.66301],[7.02122,46.66332],[7.02146,46.66342],[7.02326,46.66436],[7.02402,46.66469],[7.0245,46.66476],[7.02498,46.66471],[7.0252,46.66464],[7.0254,46.66453],[7.02557,46.66441],[7.0257,46.66427],[7.02625,46.6635],[7.02657,46.6632],[7.02832,46.66231],[7.02861,46.66206],[7.0287,46.66191],[7.02878,46.66159],[7.02877,46.66134],[7.02875,46.66106],[7.029,46.66059],[7.02935,46.66036],[7.03004,46.66022],[7.03064,46.66028],[7.03212,46.66073],[7.03291,46.66087],[7.03369,46.66111],[7.03525,46.66136],[7.03581,46.66151],[7.03662,46.66154],[7.03745,46.66172],[7.03846,46.66221],[7.04098,46.66279],[7.04258,46.66269],[7.04336,46.66262],[7.04402,46.66246],[7.04447,46.66226],[7.04499,46.66218],[7.04552,46.66223],[7.04618,46.66217],[7.04661,46.66203],[7.04753,46.66202],[7.04798,46.66196],[7.04895,46.66161],[7.04937,46.66138],[7.04985,46.66125],[7.05031,46.66102],[7.05085,46.66064],[7.05132,46.66051],[7.05363,46.66041],[7.0544,46.66053],[7.05544,46.66062],[7.05601,46.66098],[7.05621,46.66135],[7.05651,46.66164],[7.05695,46.66183],[7.05788,46.66205],[7.05972,46.66268],[7.05996,46.66274],[7.06022,46.66277],[7.06108,46.66272],[7.06185,46.66293],[7.06243,46.66332],[7.0629,46.66344],[7.06339,46.66344],[7.06404,46.6633],[7.06453,46.66333],[7.06589,46.6637],[7.06664,46.66389],[7.06713,46.66421],[7.06736,46.66433],[7.06761,46.66441],[7.06831,46.66452],[7.06847,46.66459],[7.06874,46.66466],[7.06922,46.66478],[7.06962,46.66498],[7.06996,46.66536],[7.07047,46.66567],[7.07217,46.66614],[7.0732,46.66612],[7.07386,46.66631],[7.07435,46.66661],[7.07506,46.66684],[7.0754,46.66706],[7.07563,46.66738],[7.07603,46.66836],[7.0761,46.669],[7.07713,46.67091],[7.07729,46.67128],[7.0773,46.6714],[7.07731,46.67157],[7.0773,46.67181],[7.07724,46.67198],[7.07698,46.67229],[7.07656,46.6725],[7.07586,46.67261],[7.07532,46.67254],[7.07475,46.67234],[7.07427,46.6723],[7.07298,46.67238],[7.07237,46.67223],[7.07189,46.67219],[7.07143,46.67228],[7.07104,46.67248],[7.07025,46.67322],[7.06984,46.67347],[7.06893,46.67386],[7.0684,46.67422],[7.06799,46.67461],[7.06705,46.67515],[7.06606,46.67537],[7.06562,46.67561],[7.06516,46.67604],[7.06464,46.67637],[7.06419,46.67651],[7.06337,46.67659],[7.06249,46.67691],[7.06193,46.67725],[7.06158,46.67773],[7.06118,46.67837],[7.06086,46.67873],[7.06077,46.67907],[7.06066,46.67925],[7.06047,46.67945],[7.0601,46.67975],[7.05985,46.67991],[7.05957,46.68009],[7.05953,46.68012],[7.0592,46.68035],[7.05918,46.68037],[7.05852,46.68087],[7.05818,46.68107],[7.05752,46.68138],[7.05744,46.68142],[7.0573,46.68148],[7.05707,46.68156],[7.05635,46.6818],[7.05587,46.68192],[7.05574,46.68195],[7.05567,46.68196],[7.05473,46.68209],[7.05328,46.68238],[7.05269,46.68258],[7.05219,46.68266],[7.05106,46.6826],[7.05075,46.68261],[7.0504,46.6826],[7.05038,46.6826],[7.04942,46.68257],[7.04926,46.68256],[7.0483,46.68247],[7.04807,46.68247],[7.04762,46.68254],[7.04742,46.68261],[7.0469,46.68284],[7.04672,46.68294],[7.0461,46.68333],[7.04601,46.68339],[7.04583,46.68356],[7.04542,46.68407],[7.04539,46.6841],[7.04484,46.68484],[7.04481,46.68488],[7.04461,46.68514],[7.04442,46.68532],[7.04423,46.68545],[7.04376,46.68561],[7.04323,46.68563],[7.04273,46.6855],[7.04166,46.68481],[7.04101,46.68452],[7.04054,46.6844],[7.03883,46.68385],[7.03806,46.68355],[7.03782,46.68348],[7.03721,46.68333],[7.03702,46.68329],[7.03624,46.68319],[7.03611,46.68317],[7.03559,46.68308],[7.03519,46.68297],[7.03471,46.6828],[7.03445,46.6827],[7.03291,46.68194],[7.03014,46.68089],[7.03,46.68084],[7.02858,46.68019],[7.02843,46.68013],[7.02662,46.67954],[7.02638,46.67945],[7.02617,46.67933],[7.02565,46.67897],[7.02496,46.67853],[7.02479,46.67844],[7.0246,46.67836],[7.02212,46.67754],[7.02123,46.67707],[7.02082,46.67676],[7.02053,46.67642],[7.02044,46.67628],[7.02042,46.67623],[7.0203,46.67601],[7.02022,46.67589],[7.01997,46.67556],[7.01966,46.67528],[7.01912,46.67504],[7.0183,46.67492],[7.01767,46.67463],[7.0173,46.67428],[7.01715,46.67397],[7.01678,46.67274],[7.01643,46.672],[7.01604,46.67173],[7.01559,46.67153],[7.01528,46.67126],[7.01515,46.67074],[7.01555,46.67015],[7.01566,46.6698],[7.01565,46.66963],[7.01551,46.66906],[7.01546,46.66868],[7.01539,46.66839],[7.01538,46.66833],[7.01533,46.66808],[7.01533,46.66792],[7.01532,46.66779],[7.01531,46.66769],[7.01526,46.66749],[7.01521,46.66735],[7.01501,46.6669],[7.01494,46.66677],[7.01484,46.66665],[7.01464,46.66645],[7.01462,46.66643],[7.01425,46.66607],[7.01423,46.66605],[7.01387,46.66572],[7.01377,46.66563],[7.0137,46.66554],[7.01355,46.66534],[7.01329,46.66496]]]},"properties":{"bfs_nr":2153,"name":"Sorens"}},{"type":"Feature","geometry":{"type":"Polygon","coordinates":[[[6.96026,46.60816],[6.96052,46.60789],[6.9626,46.60559],[6.96277,46.60529],[6.96295,46.60409],[6.96326,46.60361],[6.96348,46.60306],[6.96372,46.60263],[6.96406,46.60224],[6.96442,46.602],[6.96466,46.60182],[6.96477,46.60173],[6.96598,46.60059],[6.96634,46.6002],[6.96667,46.59975],[6.96739,46.59904],[6.96758,46.59878],[6.96945,46.59642],[6.96977,46.59593],[6.97059,46.5953],[6.97124,46.59452],[6.97236,46.59363],[6.973,46.59319],[6.97308,46.59313],[6.97404,46.59234],[6.9741,46.59228],[6.97454,46.59186],[6.97462,46.59176],[6.97529,46.59091],[6.97574,46.59033],[6.97582,46.59021],[6.97588,46.59007],[6.97601,46.58965],[6.97619,46.58924],[6.97638,46.5889],[6.97645,46.58873],[6.97658,46.5882],[6.97669,46.58793],[6.97698,46.58745],[6.97699,46.58743],[6.97713,46.5872],[6.97729,46.58698],[6.9775,46.58677],[6.97759,46.58665],[6.97776,46.58641],[6.97776,46.58639],[6.97807,46.58592],[6.9781,46.58587],[6.97822,46.5857],[6.97823,46.58568],[6.97867,46.58503],[6.97867,46.58502],[6.97891,46.58466],[6.97942,46.58404],[6.97963,46.58358],[6.98,46.58297],[6.98045,46.58245],[6.98079,46.58218],[6.98219,46.58135],[6.98305,46.58084],[6.98329,46.58067],[6.98368,46.58045],[6.98459,46.58011],[6.98576,46.57963],[6.98759,46.57901],[6.98929,46.57831],[6.98991,46.57786],[6.99157,46.57697],[6.9918,46.57687],[6.99206,46.57679],[6.99271,46.57665],[6.99302,46.5766],[6.99327,46.57659],[6.99376,46.57669],[6.99416,46.5769],[6.99441,46.57721],[6.99447,46.57755],[6.99434,46.57789],[6.99403,46.5782],[6.99235,46.57972],[6.99003,46.58158],[6.98969,46.58195],[6.98967,46.58197],[6.98944,46.58221],[6.98934,46.58231],[6.98918,46.58244],[6.98899,46.58258],[6.98876,46.58272],[6.98837,46.58292],[6.98786,46.58312],[6.98745,46.58344],[6.98657,46.58443],[6.98628,46.58481],[6.98609,46.58503],[6.98583,46.58526],[6.98571,46.58536],[6.98536,46.58563],[6.9852,46.58573],[6.98479,46.58597],[6.98468,46.58603],[6.98402,46.58637],[6.98392,46.58643],[6.98378,46.58652],[6.98361,46.58666],[6.98339,46.58698],[6.98337,46.58733],[6.98348,46.58768],[6.98318,46.58935],[6.98309,46.59031],[6.98297,46.59069],[6.98262,46.59109],[6.98219,46.59213],[6.98214,46.59249],[6.98222,46.59311],[6.98219,46.5935],[6.98207,46.59389],[6.98181,46.59526],[6.9818,46.59536],[6.98178,46.59585],[6.9818,46.59604],[6.98195,46.59662],[6.98205,46.59752],[6.98203,46.59782],[6.98193,46.59832],[6.98195,46.59869],[6.98164,46.5993],[6.98149,46.59949],[6.9813,46.59973],[6.98118,46.59995],[6.98096,46.60083],[6.98099,46.60113],[6.98104,46.60132],[6.98115,46.60149],[6.9813,46.60165],[6.98205,46.60226],[6.98232,46.60257],[6.9824,46.60289],[6.98237,46.60306],[6.98231,46.6032],[6.9822,46.60336],[6.98138,46.60435],[6.98124,46.60458],[6.98101,46.60523],[6.98098,46.60541],[6.98105,46.60598],[6.98101,46.60617],[6.9809,46.60638],[6.9807,46.60659],[6.98002,46.60699],[6.97984,46.60712],[6.97969,46.60727],[6.97959,46.60744],[6.97955,46.60761],[6.97955,46.60779],[6.97959,46.60794],[6.97973,46.60839],[6.97993,46.60895],[6.98019,46.60996],[6.98017,46.61018],[6.98001,46.61051],[6.97974,46.61079],[6.97962,46.61128],[6.97976,46.6116],[6.98006,46.61187],[6.98057,46.61218],[6.98125,46.61236],[6.98252,46.61288],[6.98336,46.61304],[6.98385,46.61328],[6.98482,46.61361],[6.98574,46.61376],[6.98628,46.6139],[6.98688,46.61392],[6.98749,46.61384],[6.98797,46.61387],[6.9885,46.61405],[6.98895,46.61432],[6.98929,46.61477],[6.98972,46.6152],[6.98982,46.61541],[6.99025,46.61594],[6.99058,46.61617],[6.99135,46.61642],[6.99202,46.61682],[6.99231,46.61697],[6.99252,46.61707],[6.99275,46.61713],[6.99324,46.61716],[6.99439,46.61705],[6.99545,46.61706],[6.9959,46.61701],[6.99709,46.61706],[6.99757,46.61721],[6.99793,46.61747],[6.99837,46.61812],[6.99916,46.6187],[6.99945,46.61906],[6.99978,46.61928],[7.00046,46.61951],[7.00068,46.61955],[7.00113,46.6196],[7.00236,46.61983],[7.00249,46.61986],[7.00425,46.62028],[7.00545,46.62051],[7.00596,46.6206],[7.00641,46.62067],[7.00686,46.62086],[7.00716,46.62116],[7.0073,46.62155],[7.00757,46.62188],[7.00802,46.6221],[7.00863,46.62223],[7.00884,46.62231],[7.00919,46.62253],[7.00934,46.62271],[7.01061,46.62454],[7.01074,46.62477],[7.01086,46.6249],[7.01132,46.6253],[7.01149,46.62543],[7.01169,46.62552],[7.01191,46.6256],[7.01214,46.62564],[7.01302,46.62566],[7.01372,46.62591],[7.01419,46.62635],[7.01473,46.62666],[7.01497,46.62698],[7.01509,46.62736],[7.01531,46.62763],[7.01565,46.62792],[7.01581,46.62803],[7.016,46.62812],[7.01647,46.62829],[7.01701,46.62866],[7.01736,46.62885],[7.01757,46.62891],[7.01924,46.62927],[7.01973,46.62945],[7.02005,46.6297],[7.0202,46.63002],[7.02018,46.63037],[7.02002,46.63073],[7.01958,46.63134],[7.01921,46.63197],[7.01916,46.6323],[7.01919,46.63246],[7.0194,46.63276],[7.0206,46.63371],[7.02078,46.63406],[7.02078,46.63424],[7.02072,46.63447],[7.02058,46.6348],[7.02056,46.63484],[7.02047,46.63511],[7.02044,46.63528],[7.02046,46.6355],[7.02056,46.63592],[7.02085,46.63641],[7.0209,46.63658],[7.02085,46.63692],[7.02061,46.63722],[7.02023,46.63744],[7.01949,46.63764],[7.01919,46.63777],[7.01783,46.63875],[7.01702,46.63923],[7.0159,46.63947],[7.0146,46.64007],[7.01388,46.64044],[7.01339,46.64054],[7.01288,46.6405],[7.01115,46.63963],[7.01032,46.63866],[7.00973,46.63825],[7.00954,46.63786],[7.009,46.63715],[7.00842,46.63664],[7.00811,46.63625],[7.00774,46.63602],[7.00712,46.63579],[7.00645,46.63562],[7.00578,46.63523],[7.00556,46.63515],[7.00441,46.63492],[7.00313,46.63442],[7.00271,46.63411],[7.00209,46.63384],[7.00177,46.63361],[7.00084,46.6331],[7.00006,46.63291],[6.99874,46.63243],[6.99833,46.63222],[6.99751,46.63202],[6.99652,46.63209],[6.99571,46.63209],[6.99479,46.63219],[6.99352,46.63199],[6.99278,46.63173],[6.98814,46.62935],[6.9879,46.62924],[6.98714,46.62889],[6.98691,46.62877],[6.98676,46.62865],[6.98638,46.62823],[6.98574,46.62797],[6.98524,46.62796],[6.98477,46.62807],[6.98429,46.62829],[6.98381,46.62837],[6.98356,46.62836],[6.98326,46.62831],[6.98311,46.62827],[6.98233,46.62802],[6.98194,46.62786],[6.98165,46.62769],[6.98124,46.6274],[6.97917,46.62604],[6.97916,46.62603],[6.97839,46.62551],[6.97821,46.62541],[6.97779,46.62529],[6.97565,46.62492],[6.97508,46.62491],[6.97437,46.62501],[6.9739,46.62493],[6.97364,46.62483],[6.97333,46.62468],[6.97176,46.62395],[6.9693,46.62281],[6.96898,46.62263],[6.96665,46.62097],[6.9665,46.62084],[6.9664,46.62076],[6.96624,46.62057],[6.96615,46.62041],[6.96612,46.62006],[6.96617,46.61989],[6.9666,46.61932],[6.96735,46.61857],[6.96748,46.61825],[6.96743,46.61791],[6.9672,46.61762],[6.96624,46.61708],[6.96391,46.61531],[6.96379,46.61521],[6.96369,46.61511],[6.96366,46.61508],[6.96358,46.61499],[6.96354,46.61493],[6.96351,46.61489],[6.9632,46.61446],[6.96318,46.61442],[6.96314,46.61437],[6.96305,46.61427],[6.96301,46.61424],[6.96296,46.61419],[6.96291,46.61415],[6.96281,46.61408],[6.96277,46.61405],[6.96268,46.614],[6.96255,46.61393],[6.95705,46.61124],[6.95704,46.61124],[6.95667,46.61106],[6.95642,46.6109],[6.95615,46.61059],[6.95609,46.61022],[6.95624,46.60987],[6.95686,46.60937],[6.95828,46.60864],[6.95878,46.60855],[6.95938,46.60855],[6.95988,46.60842],[6.96026,46.60816]]]},"properties":{"bfs_nr":2155,"name":"Vaulruz"}},{"type":"Feature","geometry":{"type":"Polygon","coordinates":[[[6.97956,46.60782],[6.97955,46.60761],[6.9796,46.60744],[6.97984,46.60712],[6.98007,46.60696],[6.98071,46.60659],[6.98087,46.60642],[6.98092,46.60635],[6.98102,46.60617],[6.98106,46.60598],[6.98098,46.60541],[6.98103,46.60519],[6.98122,46.60464],[6.98142,46.6043],[6.98223,46.60333],[6.98231,46.6032],[6.98238,46.60305],[6.9824,46.60289],[6.98232,46.60257],[6.98209,46.60229],[6.98135,46.60169],[6.98115,46.60149],[6.98105,46.60132],[6.98099,46.60108],[6.98098,46.60101],[6.98099,46.6008],[6.98119,46.60032],[6.98122,46.59997],[6.98127,46.59981],[6.98139,46.59962],[6.98169,46.59925],[6.982,46.59872],[6.98206,46.59757],[6.98202,46.59719],[6.98202,46.59717],[6.98195,46.59659],[6.98181,46.59608],[6.98178,46.5958],[6.98181,46.59524],[6.98207,46.59391],[6.98221,46.59344],[6.98223,46.59318],[6.9822,46.59292],[6.9822,46.5929],[6.98214,46.59254],[6.98221,46.59209],[6.98263,46.59109],[6.98297,46.59069],[6.98309,46.59036],[6.98318,46.58933],[6.98338,46.58825],[6.98356,46.58762],[6.98348,46.58708],[6.98373,46.58659],[6.98393,46.58643],[6.98405,46.58636],[6.9847,46.58602],[6.98478,46.58598],[6.98523,46.58571],[6.98533,46.58564],[6.98573,46.58535],[6.98582,46.58528],[6.98613,46.58499],[6.98626,46.58485],[6.9866,46.5844],[6.98741,46.58349],[6.98786,46.58312],[6.98844,46.58289],[6.9887,46.58276],[6.98903,46.58255],[6.98915,46.58246],[6.98935,46.58229],[6.98942,46.58222],[6.98967,46.58197],[6.98969,46.58195],[6.99,46.58161],[6.99234,46.57973],[6.99437,46.5779],[6.99479,46.57764],[6.99552,46.57752],[6.996,46.57761],[6.9964,46.57782],[6.99666,46.57811],[6.99673,46.57846],[6.99659,46.57883],[6.99596,46.57978],[6.99567,46.58042],[6.99541,46.5809],[6.99516,46.58122],[6.99371,46.58261],[6.99346,46.58313],[6.99357,46.58349],[6.99409,46.58399],[6.99489,46.58491],[6.99496,46.58499],[6.99577,46.58574],[6.99591,46.58585],[6.99626,46.58608],[6.99648,46.58626],[6.9967,46.58666],[6.99686,46.58733],[6.99687,46.58734],[6.99699,46.58788],[6.99701,46.58809],[6.99691,46.58842],[6.99671,46.58873],[6.99666,46.58894],[6.99665,46.58924],[6.99666,46.58935],[6.99676,46.59008],[6.99679,46.5902],[6.99702,46.59086],[6.99728,46.59169],[6.99733,46.59181],[6.99755,46.59225],[6.99798,46.59286],[6.99827,46.5932],[6.99849,46.5934],[6.999,46.59372],[6.99944,46.59412],[7.00021,46.59499],[7.0005,46.59541],[7.00067,46.59599],[7.00094,46.59653],[7.00127,46.59687],[7.00162,46.59761],[7.0022,46.59816],[7.00252,46.59863],[7.0027,46.5991],[7.00314,46.59994],[7.00322,46.60055],[7.00358,46.60118],[7.00403,46.60163],[7.00413,46.6017],[7.00439,46.60186],[7.00467,46.60198],[7.0049,46.60213],[7.00565,46.60296],[7.00585,46.6033],[7.00601,46.60345],[7.00621,46.60357],[7.00644,46.60366],[7.00669,46.60372],[7.00902,46.6041],[7.00924,46.60411],[7.00987,46.6041],[7.01014,46.60408],[7.01082,46.60396],[7.01146,46.60392],[7.01179,46.60393],[7.01229,46.60405],[7.01268,46.6043],[7.0129,46.60463],[7.01303,46.6056],[7.01319,46.60596],[7.01355,46.60624],[7.01431,46.60661],[7.01454,46.60691],[7.01451,46.6076],[7.01461,46.60794],[7.01509,46.60835],[7.01557,46.60851],[7.01629,46.60868],[7.01691,46.60894],[7.01734,46.60929],[7.01756,46.60942],[7.01767,46.60947],[7.01789,46.60956],[7.01828,46.60964],[7.01902,46.60966],[7.02009,46.60979],[7.02084,46.60993],[7.02179,46.61032],[7.02227,46.61044],[7.02264,46.61053],[7.02282,46.61056],[7.0232,46.61061],[7.02361,46.61065],[7.02401,46.6107],[7.0251,46.61094],[7.02613,46.61086],[7.02672,46.61068],[7.02726,46.61033],[7.02902,46.60959],[7.02926,46.60954],[7.02974,46.60953],[7.0302,46.60964],[7.03082,46.61003],[7.03188,46.6106],[7.03248,46.61085],[7.03278,46.61111],[7.03345,46.61286],[7.03375,46.61315],[7.03416,46.61373],[7.0348,46.61403],[7.03561,46.61414],[7.03603,46.61432],[7.0364,46.61475],[7.03643,46.61517],[7.03627,46.61549],[7.03543,46.61607],[7.03524,46.6164],[7.03524,46.61676],[7.03546,46.61709],[7.03584,46.61734],[7.03663,46.61764],[7.03693,46.61794],[7.03703,46.6183],[7.037,46.61849],[7.03689,46.61871],[7.03651,46.61927],[7.03636,46.61945],[7.0362,46.61958],[7.03578,46.61977],[7.03506,46.61981],[7.03435,46.61966],[7.03411,46.61964],[7.03386,46.61965],[7.03363,46.6197],[7.03341,46.61977],[7.03322,46.61987],[7.03305,46.62],[7.03293,46.62014],[7.03284,46.6203],[7.03258,46.62093],[7.03254,46.62126],[7.03268,46.62158],[7.03308,46.62196],[7.03325,46.6223],[7.03312,46.62282],[7.03269,46.6233],[7.03259,46.62352],[7.03256,46.62369],[7.03258,46.62387],[7.0327,46.62411],[7.03282,46.62428],[7.03297,46.62442],[7.03338,46.62466],[7.03374,46.6248],[7.0338,46.62482],[7.03493,46.62526],[7.0356,46.6255],[7.03585,46.62565],[7.03612,46.62596],[7.03619,46.62632],[7.03605,46.62667],[7.03586,46.62686],[7.03427,46.6282],[7.03355,46.62853],[7.03263,46.62863],[7.03213,46.62854],[7.0316,46.62831],[7.03097,46.62815],[7.03049,46.62789],[7.02999,46.62771],[7.02953,46.62739],[7.02913,46.62723],[7.02841,46.62715],[7.02795,46.62721],[7.02697,46.62752],[7.02641,46.62752],[7.026,46.62742],[7.02544,46.62732],[7.02484,46.62718],[7.02455,46.6271],[7.02419,46.62697],[7.02299,46.62685],[7.02252,46.62691],[7.02211,46.62709],[7.02176,46.62742],[7.0217,46.62749],[7.02161,46.62761],[7.02156,46.62768],[7.02155,46.62769],[7.02137,46.62807],[7.02125,46.62852],[7.02111,46.62879],[7.02068,46.62918],[7.02023,46.62933],[7.01944,46.62931],[7.01763,46.62892],[7.01737,46.62884],[7.01697,46.62863],[7.01661,46.62837],[7.01638,46.62823],[7.01604,46.62812],[7.01582,46.62802],[7.01558,46.62785],[7.01538,46.62766],[7.01523,46.62735],[7.01518,46.62701],[7.01499,46.62672],[7.01452,46.62638],[7.01408,46.6259],[7.01365,46.6257],[7.01314,46.62564],[7.01214,46.62563],[7.01169,46.62552],[7.01128,46.62527],[7.01081,46.62483],[7.01073,46.62472],[7.00931,46.62267],[7.00917,46.62251],[7.00899,46.62237],[7.00877,46.62227],[7.00798,46.62204],[7.00751,46.62164],[7.00738,46.62124],[7.00715,46.62093],[7.00639,46.6206],[7.00611,46.62056],[7.00596,46.62056],[7.00551,46.62052],[7.00547,46.62052],[7.00534,46.62049],[7.00492,46.6204],[7.00422,46.62027],[7.00247,46.61986],[7.00238,46.61984],[7.00109,46.61959],[7.00046,46.61951],[6.99969,46.61922],[6.99915,46.61867],[6.99829,46.618],[6.99813,46.61763],[6.99787,46.61734],[6.99747,46.61713],[6.99698,46.61704],[6.9958,46.61697],[6.99419,46.61703],[6.99312,46.61715],[6.99258,46.61707],[6.9923,46.61696],[6.99143,46.61643],[6.99063,46.61617],[6.99012,46.61577],[6.9898,46.61524],[6.98891,46.61423],[6.98821,46.61387],[6.98775,46.61374],[6.98725,46.61374],[6.98666,46.61385],[6.98617,46.61384],[6.98539,46.61369],[6.98483,46.61352],[6.98411,46.61321],[6.98375,46.61298],[6.98254,46.61274],[6.98204,46.61253],[6.981,46.61228],[6.98041,46.61208],[6.97984,46.61162],[6.97973,46.6113],[6.9798,46.61096],[6.98009,46.6106],[6.9802,46.61014],[6.98018,46.60991],[6.98017,46.60981],[6.9801,46.60954],[6.97993,46.60893],[6.97974,46.6084],[6.97956,46.60782]]]},"properties":{"bfs_nr":2160,"name":"Vuadens"}},{"type":"Feature","geometry":{"type":"Polygon","coordinates":[[[7.03516,46.54296],[7.03569,46.54256],[7.03618,46.54227],[7.0362,46.54226],[7.03628,46.54221],[7.03646,46.54208],[7.03659,46.54193],[7.03668,46.54176],[7.03681,46.54142],[7.037,46.5411],[7.03722,46.54089],[7.03764,46.5406],[7.03788,46.5405],[7.0383,46.54042],[7.03858,46.54043],[7.03879,46.54044],[7.03904,46.54047],[7.03977,46.54058],[7.03984,46.54059],[7.04063,46.54068],[7.04089,46.54069],[7.04131,46.54069],[7.04189,46.54071],[7.04239,46.54076],[7.04287,46.54089],[7.04351,46.5411],[7.04445,46.54117],[7.04494,46.54106],[7.04533,46.54083],[7.04563,46.54054],[7.04602,46.54034],[7.04631,46.54027],[7.04684,46.54019],[7.04729,46.54022],[7.048,46.54044],[7.04823,46.5405],[7.04846,46.54052],[7.0487,46.54052],[7.04893,46.54049],[7.04992,46.54029],[7.05015,46.54023],[7.05036,46.54014],[7.05058,46.53999],[7.05074,46.53983],[7.05085,46.53965],[7.0509,46.53946],[7.05089,46.53926],[7.05066,46.53875],[7.05064,46.53859],[7.05073,46.53826],[7.05098,46.53799],[7.05118,46.53787],[7.05145,46.53775],[7.05233,46.53749],[7.05271,46.53745],[7.05324,46.53742],[7.05349,46.53742],[7.05398,46.53744],[7.05454,46.53747],[7.05486,46.53744],[7.05499,46.53742],[7.05527,46.53735],[7.05591,46.53715],[7.05692,46.53707],[7.05738,46.5371],[7.0583,46.53704],[7.05873,46.53705],[7.05883,46.53705],[7.05962,46.53701],[7.06005,46.537],[7.06008,46.537],[7.0604,46.53699],[7.06052,46.53698],[7.06129,46.53689],[7.06131,46.53689],[7.0615,46.53687],[7.06183,46.53685],[7.06225,46.53685],[7.06252,46.53683],[7.06346,46.53669],[7.06428,46.53663],[7.06432,46.53663],[7.0646,46.5366],[7.06488,46.53657],[7.06654,46.53638],[7.06715,46.53624],[7.06768,46.53623],[7.06843,46.5365],[7.07119,46.53838],[7.07152,46.53869],[7.07385,46.54202],[7.07403,46.54222],[7.07685,46.54449],[7.07688,46.5445],[7.07698,46.54459],[7.07701,46.54461],[7.0771,46.5447],[7.07713,46.54472],[7.07722,46.54481],[7.07725,46.54483],[7.07734,46.54492],[7.07737,46.54494],[7.07745,46.54503],[7.07748,46.54506],[7.07756,46.54514],[7.07759,46.54517],[7.07788,46.54549],[7.07807,46.54574],[7.07812,46.5458],[7.07849,46.54638],[7.07853,46.54645],[7.07866,46.54672],[7.0787,46.54679],[7.07881,46.54707],[7.07883,46.54712],[7.08034,46.55142],[7.08035,46.55144],[7.08045,46.5517],[7.08046,46.55173],[7.08057,46.55198],[7.08058,46.55201],[7.0807,46.55225],[7.08072,46.55228],[7.08085,46.55253],[7.08087,46.55256],[7.08102,46.5528],[7.08103,46.55283],[7.0812,46.55307],[7.08121,46.55309],[7.08126,46.55315],[7.08126,46.55316],[7.08136,46.5533],[7.08138,46.55332],[7.08148,46.55345],[7.08149,46.55346],[7.08153,46.55351],[7.08155,46.55353],[7.08168,46.55369],[7.0817,46.55371],[7.08184,46.55386],[7.08185,46.55388],[7.082,46.55404],[7.08202,46.55405],[7.08217,46.5542],[7.08219,46.55422],[7.08235,46.55437],[7.08236,46.55439],[7.08266,46.55465],[7.0829,46.55487],[7.08303,46.55498],[7.08326,46.55518],[7.08328,46.5552],[7.08644,46.55796],[7.08662,46.55809],[7.08682,46.55819],[7.08705,46.55826],[7.08729,46.5583],[7.08754,46.5583],[7.08802,46.55822],[7.08824,46.55813],[7.08955,46.55747],[7.0905,46.55699],[7.09203,46.55627],[7.09257,46.5561],[7.09331,46.55605],[7.09419,46.55588],[7.0953,46.55607],[7.09585,46.5563],[7.09632,46.5564],[7.09681,46.55639],[7.09734,46.55646],[7.09798,46.55668],[7.09852,46.55674],[7.09902,46.55671],[7.09947,46.55654],[7.09979,46.55627],[7.1,46.55573],[7.10025,46.55545],[7.1008,46.55511],[7.10178,46.55476],[7.10212,46.55447],[7.10226,46.55411],[7.10222,46.55383],[7.102,46.55331],[7.10201,46.55296],[7.10221,46.55264],[7.10238,46.55251],[7.10262,46.55238],[7.10287,46.55227],[7.10289,46.55226],[7.10494,46.55137],[7.10524,46.55126],[7.1055,46.55122],[7.10627,46.55121],[7.10697,46.55116],[7.10709,46.55114],[7.10774,46.55105],[7.10803,46.55102],[7.10865,46.551],[7.10936,46.55099],[7.11033,46.55094],[7.11104,46.55064],[7.11126,46.5504],[7.11144,46.55024],[7.11217,46.54971],[7.11256,46.54949],[7.11367,46.54902],[7.11372,46.54901],[7.11457,46.54867],[7.1146,46.54865],[7.11518,46.54843],[7.11549,46.54834],[7.11632,46.54814],[7.11641,46.54812],[7.11962,46.54715],[7.1199,46.54704],[7.12182,46.54601],[7.12232,46.54583],[7.12283,46.5458],[7.12314,46.54585],[7.12543,46.54637],[7.12571,46.54641],[7.12601,46.54641],[7.12644,46.54637],[7.12671,46.54633],[7.12718,46.54612],[7.12825,46.54506],[7.12933,46.5441],[7.1295,46.5439],[7.12974,46.54352],[7.1298,46.54339],[7.12984,46.54325],[7.12996,46.54242],[7.13014,46.54199],[7.13087,46.54107],[7.13105,46.54088],[7.13146,46.54065],[7.13292,46.54034],[7.13341,46.54032],[7.13407,46.54053],[7.13437,46.54079],[7.13467,46.54138],[7.13478,46.54156],[7.13525,46.54213],[7.13541,46.54228],[7.13562,46.54241],[7.13613,46.54257],[7.1364,46.54258],[7.13977,46.54254],[7.14266,46.54259],[7.14317,46.54252],[7.1436,46.54233],[7.14389,46.54203],[7.14397,46.54186],[7.14399,46.54168],[7.14397,46.5415],[7.14389,46.54133],[7.14121,46.53701],[7.14112,46.53681],[7.14109,46.53665],[7.14116,46.53632],[7.1414,46.53604],[7.14157,46.53592],[7.14183,46.53581],[7.14221,46.53566],[7.14242,46.5356],[7.14565,46.53472],[7.14643,46.53467],[7.14708,46.5349],[7.14735,46.53513],[7.14837,46.53596],[7.1485,46.53605],[7.14865,46.53613],[7.14946,46.53649],[7.14951,46.53651],[7.15052,46.53693],[7.15078,46.53701],[7.15213,46.53733],[7.1526,46.53754],[7.15318,46.53773],[7.15346,46.53786],[7.1537,46.53802],[7.15555,46.53957],[7.15568,46.53967],[7.15583,46.53975],[7.15616,46.5399],[7.15688,46.54047],[7.15699,46.54056],[7.15741,46.54083],[7.15757,46.54093],[7.15775,46.541],[7.15888,46.54137],[7.15924,46.54148],[7.15966,46.54175],[7.16032,46.54235],[7.16058,46.54268],[7.16094,46.54333],[7.16106,46.54348],[7.16121,46.54362],[7.1614,46.54374],[7.1621,46.54408],[7.16245,46.5443],[7.16315,46.54488],[7.16456,46.54629],[7.16468,46.5464],[7.16483,46.54649],[7.16542,46.54683],[7.16567,46.54715],[7.16573,46.5475],[7.16558,46.54784],[7.16543,46.54799],[7.1652,46.54815],[7.16435,46.54862],[7.16415,46.54872],[7.16356,46.54896],[7.16328,46.54913],[7.16242,46.54978],[7.16227,46.54988],[7.16176,46.5502],[7.16157,46.55034],[7.16143,46.55051],[7.16115,46.55094],[7.16063,46.55163],[7.16049,46.55179],[7.1603,46.55193],[7.15978,46.55227],[7.15738,46.55391],[7.15732,46.55395],[7.15572,46.55494],[7.15523,46.5553],[7.15503,46.55562],[7.15509,46.55614],[7.15547,46.55658],[7.15579,46.55683],[7.15607,46.55732],[7.156,46.55768],[7.15564,46.55814],[7.15527,46.55869],[7.15512,46.55883],[7.15495,46.55896],[7.1547,46.55912],[7.15447,46.55922],[7.15398,46.55935],[7.15375,46.55947],[7.15357,46.55961],[7.15332,46.56002],[7.1532,46.56047],[7.15303,46.56068],[7.15255,46.56103],[7.15191,46.56126],[7.15159,46.5615],[7.15135,46.56189],[7.1508,46.56254],[7.15031,46.56289],[7.15008,46.56319],[7.15003,46.56352],[7.15016,46.56384],[7.1509,46.5645],[7.15158,46.56494],[7.15251,46.56586],[7.15277,46.56659],[7.15302,46.56692],[7.1532,46.5676],[7.15325,46.56808],[7.15353,46.5686],[7.15467,46.56972],[7.15509,46.5706],[7.15536,46.57096],[7.15591,46.57127],[7.15627,46.57157],[7.15649,46.57199],[7.15689,46.57253],[7.15701,46.57321],[7.1571,46.57351],[7.15715,46.57396],[7.15738,46.57434],[7.15748,46.57458],[7.1575,46.5747],[7.15759,46.57495],[7.15765,46.57505],[7.15771,46.57523],[7.15776,46.57567],[7.15776,46.57589],[7.15768,46.5762],[7.15777,46.57655],[7.15789,46.57671],[7.15824,46.577],[7.15848,46.57718],[7.15928,46.57766],[7.15987,46.57791],[7.16029,46.57826],[7.16042,46.57859],[7.16055,46.57879],[7.16077,46.57907],[7.1609,46.57919],[7.16116,46.57941],[7.1614,46.57957],[7.16158,46.57966],[7.16195,46.5799],[7.16224,46.58026],[7.16232,46.58051],[7.16234,46.58086],[7.16248,46.58143],[7.16274,46.58194],[7.16349,46.58263],[7.16368,46.58293],[7.16373,46.58356],[7.16371,46.58377],[7.16355,46.58409],[7.16318,46.58445],[7.16301,46.58495],[7.16291,46.58512],[7.16273,46.58531],[7.16235,46.58563],[7.16197,46.58606],[7.16143,46.58646],[7.1612,46.58677],[7.16115,46.58711],[7.16125,46.58756],[7.1612,46.58781],[7.16119,46.588],[7.16124,46.58819],[7.16172,46.58894],[7.16177,46.5893],[7.16148,46.58996],[7.16115,46.59022],[7.16044,46.59041],[7.16012,46.59041],[7.159,46.59031],[7.15895,46.59031],[7.15843,46.59025],[7.15805,46.59019],[7.15771,46.5901],[7.15712,46.58997],[7.15709,46.58996],[7.15579,46.58966],[7.15577,46.58966],[7.15511,46.5895],[7.15507,46.58949],[7.15458,46.58937],[7.15429,46.5893],[7.15383,46.58913],[7.15362,46.58899],[7.15347,46.58887],[7.15332,46.58877],[7.15313,46.58866],[7.153,46.58859],[7.15259,46.58841],[7.15246,46.58836],[7.15234,46.58832],[7.15222,46.58829],[7.15129,46.58804],[7.15001,46.58756],[7.14924,46.58719],[7.1488,46.58702],[7.14823,46.58668],[7.14803,46.58659],[7.14757,46.58649],[7.14706,46.58647],[7.14604,46.58633],[7.14296,46.58573],[7.1419,46.58538],[7.14076,46.58488],[7.14049,46.58483],[7.1402,46.58482],[7.13963,46.58486],[7.13855,46.58463],[7.1376,46.58464],[7.13708,46.58458],[7.13642,46.58429],[7.13621,46.58423],[7.13598,46.58419],[7.13581,46.58417],[7.13549,46.58416],[7.13515,46.58417],[7.13456,46.5842],[7.13404,46.58425],[7.13386,46.58428],[7.1333,46.58442],[7.13251,46.58447],[7.131,46.58447],[7.13002,46.5845],[7.1295,46.58438],[7.12849,46.58389],[7.12791,46.58352],[7.12749,46.5834],[7.12719,46.58338],[7.12692,46.58339],[7.12627,46.58356],[7.12579,46.5836],[7.12552,46.58358],[7.12507,46.58357],[7.12483,46.58355],[7.12455,46.58355],[7.12424,46.58352],[7.12378,46.58339],[7.12325,46.58311],[7.12297,46.58304],[7.1224,46.58301],[7.12216,46.58297],[7.12206,46.58296],[7.12176,46.58289],[7.12136,46.58272],[7.12111,46.58256],[7.12105,46.58252],[7.12092,46.58243],[7.12085,46.58238],[7.12062,46.58227],[7.12036,46.5822],[7.12009,46.58216],[7.1198,46.58215],[7.11954,46.58216],[7.11931,46.58214],[7.11903,46.58207],[7.11888,46.58203],[7.11837,46.58191],[7.1183,46.58189],[7.11796,46.58182],[7.11784,46.5818],[7.11766,46.58178],[7.11735,46.58176],[7.11675,46.58184],[7.11636,46.58183],[7.11583,46.58171],[7.11552,46.58156],[7.11476,46.58117],[7.11386,46.58102],[7.11322,46.58084],[7.11192,46.58067],[7.11112,46.58068],[7.11077,46.58066],[7.11047,46.58063],[7.11021,46.58059],[7.10977,46.58043],[7.10883,46.58],[7.10691,46.57908],[7.10596,46.57846],[7.10564,46.57804],[7.10554,46.57792],[7.10545,46.57784],[7.10533,46.57773],[7.10514,46.57752],[7.10479,46.5771],[7.10439,46.5767],[7.10433,46.57664],[7.10399,46.57635],[7.10381,46.57622],[7.10359,46.57612],[7.10281,46.57583],[7.10261,46.57577],[7.10203,46.57564],[7.1018,46.5756],[7.10157,46.57559],[7.10126,46.5756],[7.10114,46.5756],[7.10085,46.57559],[7.1005,46.57555],[7.10017,46.57547],[7.09942,46.57521],[7.0989,46.57512],[7.09827,46.57509],[7.09742,46.57505],[7.0973,46.57504],[7.09641,46.57505],[7.09594,46.57496],[7.09527,46.57459],[7.09466,46.57443],[7.09425,46.57423],[7.09372,46.57376],[7.09328,46.5736],[7.09277,46.57356],[7.08782,46.57433],[7.08719,46.57456],[7.08691,46.57483],[7.08661,46.5754],[7.08624,46.57566],[7.08511,46.576],[7.08486,46.57604],[7.08447,46.57612],[7.08429,46.57617],[7.08231,46.57646],[7.08199,46.57648],[7.08149,46.57642],[7.08101,46.57619],[7.07981,46.57539],[7.07956,46.5753],[7.07951,46.57529],[7.07915,46.57516],[7.078,46.57463],[7.07794,46.57461],[7.07748,46.57438],[7.07723,46.57429],[7.07626,46.57406],[7.07603,46.57402],[7.07587,46.574],[7.07586,46.574],[7.07548,46.57396],[7.0752,46.57395],[7.07458,46.57398],[7.0742,46.57401],[7.07382,46.57401],[7.07348,46.57396],[7.07291,46.57378],[7.07253,46.57368],[7.07185,46.57342],[7.07114,46.57335],[7.07053,46.57347],[7.07001,46.57347],[7.06932,46.57322],[7.06899,46.57295],[7.06863,46.57279],[7.06768,46.5725],[7.06695,46.57233],[7.06637,46.57223],[7.06609,46.57217],[7.06585,46.5721],[7.06565,46.57203],[7.06543,46.57195],[7.06515,46.57187],[7.06478,46.57174],[7.06454,46.57164],[7.06438,46.57156],[7.06404,46.57138],[7.0639,46.57132],[7.06376,46.57126],[7.06355,46.57119],[7.0631,46.57113],[7.06287,46.57115],[7.06223,46.57124],[7.06196,46.57127],[7.06174,46.57127],[7.06147,46.57124],[7.06119,46.57119],[7.06117,46.57118],[7.06019,46.57099],[7.06012,46.57098],[7.05985,46.57094],[7.05957,46.57094],[7.0593,46.57099],[7.05903,46.57104],[7.05871,46.57109],[7.05819,46.57106],[7.05774,46.57088],[7.05646,46.56986],[7.05595,46.56969],[7.05484,46.56946],[7.05345,46.56884],[7.05167,46.56791],[7.05128,46.56751],[7.05091,46.56729],[7.05044,46.56717],[7.04967,46.56724],[7.04839,46.56748],[7.04789,46.56745],[7.04745,46.56729],[7.0468,46.56679],[7.04631,46.56645],[7.04577,46.56611],[7.04462,46.56534],[7.04438,46.56514],[7.04388,46.56465],[7.04384,46.56461],[7.04355,46.56429],[7.04342,46.56411],[7.04336,46.56399],[7.04335,46.56397],[7.04326,46.56377],[7.04322,46.56356],[7.04317,46.56339],[7.04307,46.56314],[7.04299,46.563],[7.04275,46.56265],[7.04254,46.56219],[7.04242,46.5617],[7.04211,46.5614],[7.04156,46.56106],[7.04121,46.56045],[7.04123,46.55995],[7.04129,46.55979],[7.04153,46.55952],[7.04178,46.55935],[7.04197,46.5592],[7.0421,46.55902],[7.04238,46.55852],[7.04246,46.5584],[7.04262,46.55819],[7.04272,46.55802],[7.04283,46.55756],[7.04295,46.55725],[7.0434,46.55673],[7.04354,46.55637],[7.04346,46.55601],[7.04335,46.55585],[7.04319,46.55571],[7.04265,46.55531],[7.04252,46.5552],[7.04233,46.55508],[7.04186,46.55492],[7.04114,46.55487],[7.0408,46.5548],[7.0403,46.55465],[7.04008,46.55457],[7.03988,46.55447],[7.03814,46.55345],[7.03793,46.5533],[7.03769,46.553],[7.03764,46.55266],[7.0379,46.55219],[7.03811,46.55204],[7.03915,46.5514],[7.03939,46.5512],[7.04095,46.54944],[7.04107,46.54927],[7.04114,46.5489],[7.04099,46.54854],[7.04083,46.54839],[7.03985,46.5476],[7.03938,46.54724],[7.03864,46.54659],[7.0386,46.54656],[7.038,46.54608],[7.03796,46.54604],[7.0374,46.54564],[7.03717,46.5455],[7.03667,46.54526],[7.03622,46.54488],[7.03587,46.54463],[7.03552,46.54441],[7.03518,46.54421],[7.03484,46.54378],[7.03482,46.54344],[7.03516,46.54296]]]},"properties":{"bfs_nr":2162,"name":"Bas-Intyamon"}},{"type":"Feature","geometry":{"type":"Polygon","coordinates":[[[7.13291,46.63118],[7.13309,46.63068],[7.13341,46.63043],[7.13384,46.63028],[7.13471,46.63015],[7.13522,46.63002],[7.13581,46.62986],[7.13623,46.62978],[7.13703,46.62969],[7.13732,46.62968],[7.13761,46.6297],[7.13808,46.62977],[7.13855,46.62988],[7.13862,46.62989],[7.13879,46.62993],[7.1393,46.62995],[7.13978,46.62984],[7.14017,46.62961],[7.14074,46.62901],[7.14179,46.62834],[7.1426,46.62788],[7.14311,46.62767],[7.14363,46.62763],[7.14431,46.62774],[7.14503,46.62782],[7.14534,46.62787],[7.14544,46.62789],[7.14556,46.6279],[7.14571,46.62791],[7.14642,46.62796],[7.1469,46.62813],[7.14751,46.62825],[7.14775,46.62826],[7.14869,46.62813],[7.1491,46.62792],[7.14937,46.62762],[7.14948,46.62725],[7.14947,46.62661],[7.14972,46.62628],[7.15027,46.62583],[7.15049,46.62573],[7.15107,46.62558],[7.15151,46.62537],[7.15179,46.62505],[7.15186,46.62469],[7.15161,46.62413],[7.15151,46.62355],[7.1512,46.62323],[7.15053,46.62286],[7.15028,46.62254],[7.15015,46.62217],[7.14999,46.62178],[7.15003,46.62143],[7.15029,46.62096],[7.15029,46.62062],[7.1501,46.6203],[7.14954,46.61997],[7.14909,46.61984],[7.14869,46.61958],[7.14856,46.61941],[7.14837,46.61901],[7.14808,46.61875],[7.14769,46.61858],[7.14697,46.6184],[7.14662,46.61819],[7.1464,46.61792],[7.14618,46.61771],[7.14584,46.61746],[7.14572,46.61739],[7.14444,46.61667],[7.14334,46.6162],[7.14238,46.61557],[7.14126,46.61504],[7.14092,46.61471],[7.14082,46.61451],[7.14077,46.61439],[7.14071,46.61412],[7.14067,46.61354],[7.1407,46.61325],[7.14077,46.61294],[7.14079,46.61272],[7.14078,46.61259],[7.14076,46.61249],[7.14062,46.61203],[7.14032,46.61148],[7.14046,46.611],[7.14063,46.61082],[7.14215,46.6095],[7.14235,46.60935],[7.14259,46.60924],[7.14306,46.60904],[7.1434,46.60884],[7.14377,46.6084],[7.1441,46.60812],[7.14447,46.60792],[7.14483,46.60755],[7.14521,46.60732],[7.14606,46.60709],[7.14653,46.60702],[7.14728,46.60708],[7.14775,46.60707],[7.14894,46.6068],[7.14996,46.6064],[7.15051,46.60607],[7.15076,46.60568],[7.15134,46.60514],[7.15167,46.60446],[7.15195,46.60418],[7.15251,46.60385],[7.15273,46.60359],[7.15324,46.6032],[7.15335,46.60306],[7.15353,46.60263],[7.15373,46.60232],[7.15408,46.60191],[7.15436,46.60144],[7.15505,46.60096],[7.15542,46.60062],[7.15561,46.60032],[7.15603,46.59988],[7.15612,46.59973],[7.15618,46.59949],[7.15618,46.59929],[7.1566,46.59865],[7.15666,46.59796],[7.15679,46.59762],[7.15723,46.59714],[7.1575,46.59643],[7.15779,46.5961],[7.1582,46.59545],[7.15892,46.595],[7.15925,46.59467],[7.15938,46.59445],[7.15953,46.59408],[7.15969,46.59385],[7.15984,46.59369],[7.16012,46.59344],[7.16043,46.59287],[7.16093,46.59217],[7.16128,46.59188],[7.16173,46.59129],[7.16186,46.59098],[7.16195,46.59016],[7.16182,46.58968],[7.16187,46.58937],[7.1618,46.58899],[7.16126,46.58821],[7.1612,46.58788],[7.16133,46.58737],[7.16127,46.58691],[7.16155,46.58643],[7.16188,46.58616],[7.16238,46.58561],[7.16281,46.58524],[7.16293,46.58512],[7.16302,46.58498],[7.1632,46.58459],[7.16365,46.58414],[7.16374,46.58376],[7.16372,46.58303],[7.16366,46.58284],[7.16354,46.58266],[7.16274,46.58194],[7.16249,46.58142],[7.16245,46.58101],[7.16229,46.58036],[7.16222,46.58022],[7.16213,46.58007],[7.162,46.57994],[7.1619,46.57985],[7.16165,46.57969],[7.16147,46.57961],[7.1611,46.57937],[7.16093,46.57922],[7.16075,46.57904],[7.16058,46.57883],[7.16046,46.57865],[7.16038,46.57843],[7.16036,46.57838],[7.16026,46.57821],[7.16013,46.57804],[7.15974,46.57779],[7.15928,46.57761],[7.15856,46.57722],[7.15819,46.57696],[7.15781,46.57657],[7.15771,46.57626],[7.15777,46.57589],[7.15777,46.57575],[7.15773,46.57534],[7.15772,46.57528],[7.15769,46.57512],[7.15746,46.5745],[7.15737,46.5743],[7.1572,46.57403],[7.15715,46.57354],[7.15702,46.57313],[7.15693,46.57246],[7.1562,46.57148],[7.15599,46.57131],[7.15532,46.57091],[7.15494,46.57026],[7.15476,46.56972],[7.15402,46.56894],[7.15359,46.5686],[7.15325,46.56799],[7.1532,46.56763],[7.15305,46.56693],[7.15277,46.56644],[7.15251,46.56575],[7.152,46.56517],[7.15125,46.56469],[7.15032,46.56376],[7.1502,46.56342],[7.15027,46.56307],[7.15075,46.56261],[7.15123,46.56206],[7.15157,46.5616],[7.15191,46.56134],[7.15243,46.56117],[7.1528,46.56096],[7.15321,46.56048],[7.15334,46.56003],[7.15356,46.55965],[7.1539,46.5594],[7.15456,46.55919],[7.15475,46.55911],[7.15491,46.559],[7.15516,46.5588],[7.15527,46.55869],[7.15574,46.55802],[7.15636,46.5573],[7.15657,46.55687],[7.1565,46.5565],[7.15591,46.55597],[7.15568,46.55567],[7.15562,46.55534],[7.15588,46.55487],[7.15609,46.55471],[7.15733,46.55394],[7.15737,46.55391],[7.15977,46.55228],[7.16034,46.5519],[7.16049,46.55179],[7.16061,46.55167],[7.16116,46.55093],[7.1614,46.55055],[7.16158,46.55035],[7.16181,46.55017],[7.1623,46.54987],[7.16239,46.5498],[7.16321,46.54918],[7.16432,46.54864],[7.16525,46.54812],[7.16544,46.54799],[7.16559,46.54784],[7.16569,46.54768],[7.16574,46.5475],[7.16573,46.54732],[7.16568,46.54714],[7.16558,46.54698],[7.16543,46.54683],[7.16524,46.54671],[7.16487,46.54651],[7.16469,46.54639],[7.16453,46.54626],[7.16314,46.54486],[7.16305,46.54479],[7.16239,46.54426],[7.16216,46.54412],[7.16145,46.54376],[7.16122,46.54362],[7.16106,46.54348],[7.16092,46.54329],[7.16055,46.54262],[7.16037,46.5424],[7.15957,46.54166],[7.15918,46.54143],[7.15894,46.54135],[7.15859,46.54127],[7.1578,46.54102],[7.15757,46.54092],[7.15737,46.54081],[7.15702,46.54058],[7.15685,46.54045],[7.15621,46.53992],[7.15605,46.53983],[7.15573,46.53969],[7.1555,46.53953],[7.15366,46.53799],[7.15347,46.53786],[7.15324,46.53776],[7.15213,46.53732],[7.15085,46.53703],[7.15046,46.5369],[7.14952,46.53652],[7.14945,46.53649],[7.14869,46.53615],[7.1485,46.53605],[7.14834,46.53593],[7.14739,46.53515],[7.14722,46.53499],[7.14708,46.53478],[7.147,46.53451],[7.14719,46.53266],[7.14731,46.53228],[7.14816,46.53075],[7.14822,46.5306],[7.14824,46.53046],[7.1483,46.52935],[7.14853,46.52885],[7.14886,46.52861],[7.14982,46.52828],[7.15077,46.52787],[7.15132,46.52775],[7.15204,46.52751],[7.15289,46.52733],[7.15347,46.52731],[7.15579,46.52738],[7.15628,46.5273],[7.15699,46.52702],[7.15806,46.52685],[7.15884,46.52696],[7.15975,46.52725],[7.16047,46.52755],[7.16132,46.52781],[7.16193,46.52816],[7.16319,46.52852],[7.16374,46.52879],[7.16451,46.52953],[7.16498,46.5298],[7.16577,46.53017],[7.16638,46.53062],[7.16713,46.53107],[7.16841,46.5316],[7.16861,46.53174],[7.16971,46.53217],[7.17038,46.53233],[7.17101,46.53265],[7.17129,46.53288],[7.1721,46.53323],[7.17263,46.53332],[7.17315,46.53352],[7.17431,46.53416],[7.17556,46.53501],[7.1766,46.53564],[7.17692,46.53592],[7.17787,46.53642],[7.17875,46.53675],[7.17978,46.53733],[7.18064,46.5379],[7.18103,46.53807],[7.18219,46.53836],[7.18263,46.53862],[7.18728,46.54255],[7.19049,46.54477],[7.19077,46.54501],[7.19155,46.54587],[7.19193,46.54614],[7.19243,46.54628],[7.19297,46.54627],[7.19354,46.54606],[7.19671,46.54418],[7.20041,46.54193],[7.20072,46.54166],[7.20085,46.54133],[7.20103,46.54024],[7.20125,46.53979],[7.2037,46.53706],[7.20683,46.53377],[7.20725,46.53347],[7.20775,46.53334],[7.20854,46.53343],[7.20972,46.53405],[7.21006,46.53429],[7.21202,46.53607],[7.2122,46.53626],[7.21246,46.53684],[7.21306,46.53739],[7.21354,46.53771],[7.21441,46.53806],[7.21476,46.53849],[7.2154,46.53902],[7.21596,46.53972],[7.21672,46.54039],[7.21691,46.5407],[7.21736,46.54116],[7.21775,46.54174],[7.21805,46.54206],[7.21885,46.54273],[7.22005,46.54383],[7.22135,46.5446],[7.22181,46.5451],[7.22196,46.54568],[7.22223,46.54632],[7.22257,46.54696],[7.22313,46.54762],[7.22345,46.54786],[7.2243,46.54824],[7.22479,46.54861],[7.22536,46.54914],[7.22645,46.54963],[7.22734,46.54999],[7.22817,46.55027],[7.22897,46.55045],[7.22941,46.55065],[7.23006,46.55081],[7.23068,46.55115],[7.23112,46.55129],[7.23232,46.55135],[7.23274,46.55153],[7.23328,46.55203],[7.23352,46.55236],[7.2352,46.55333],[7.23595,46.55384],[7.23666,46.55395],[7.23715,46.55387],[7.23769,46.55388],[7.24035,46.55422],[7.24111,46.55438],[7.24297,46.55496],[7.24422,46.55526],[7.2469,46.55618],[7.24783,46.55663],[7.24876,46.55719],[7.24973,46.55768],[7.25062,46.55801],[7.25153,46.55827],[7.25285,46.55876],[7.2533,46.55907],[7.25406,46.5594],[7.2552,46.55996],[7.25578,46.56033],[7.25746,46.56155],[7.2587,46.56239],[7.25899,46.5628],[7.259,46.56316],[7.25881,46.56349],[7.25844,46.56374],[7.25815,46.56385],[7.24783,46.56673],[7.24773,46.56676],[7.24428,46.56798],[7.24413,46.56804],[7.23898,46.57047],[7.2388,46.57057],[7.23382,46.57396],[7.23358,46.57409],[7.23314,46.57422],[7.23112,46.57433],[7.23064,46.57449],[7.23016,46.57483],[7.22982,46.57533],[7.22982,46.57615],[7.22995,46.57669],[7.22966,46.57719],[7.22925,46.57741],[7.22875,46.57751],[7.22824,46.57747],[7.22741,46.57715],[7.22632,46.57697],[7.225,46.5768],[7.22449,46.57685],[7.22387,46.57683],[7.22301,46.57652],[7.22235,46.57637],[7.22168,46.57631],[7.22082,46.57598],[7.21999,46.57577],[7.21938,46.57536],[7.21901,46.57495],[7.2184,46.57462],[7.21801,46.57419],[7.21766,46.57316],[7.21734,46.57278],[7.21715,46.57266],[7.217,46.57257],[7.2167,46.57237],[7.21648,46.57218],[7.2163,46.572],[7.21613,46.57167],[7.21601,46.57151],[7.21588,46.57138],[7.21569,46.57122],[7.21533,46.57099],[7.21509,46.57079],[7.21473,46.57038],[7.21402,46.56998],[7.21365,46.56959],[7.21345,46.56941],[7.21332,46.56931],[7.21272,46.56892],[7.21238,46.56862],[7.2118,46.56794],[7.2117,46.56779],[7.21145,46.56718],[7.21131,46.56701],[7.21112,46.56688],[7.2109,46.56677],[7.21064,46.56669],[7.21037,46.56666],[7.19686,46.56588],[7.19636,46.56592],[7.19592,46.56609],[7.1956,46.56636],[7.1951,46.56734],[7.19517,46.56771],[7.19556,46.56835],[7.19554,46.56885],[7.19565,46.56915],[7.19567,46.5695],[7.19556,46.56982],[7.19554,46.57017],[7.19537,46.57081],[7.1955,46.57126],[7.19543,46.5716],[7.19514,46.57204],[7.19507,46.57251],[7.19489,46.57282],[7.19451,46.57313],[7.19429,46.57346],[7.19411,46.57426],[7.19417,46.57505],[7.19404,46.57586],[7.19414,46.57619],[7.19419,46.5765],[7.19419,46.57688],[7.1942,46.57703],[7.19417,46.57741],[7.19406,46.57766],[7.19404,46.57798],[7.19436,46.57865],[7.19477,46.57899],[7.19496,46.57931],[7.19497,46.57965],[7.19475,46.58029],[7.19465,46.58055],[7.1946,46.58065],[7.19443,46.58089],[7.19426,46.58109],[7.19409,46.58141],[7.19402,46.58188],[7.19411,46.58228],[7.19432,46.58251],[7.19473,46.58274],[7.1957,46.58285],[7.19617,46.58296],[7.19673,46.58332],[7.19711,46.58348],[7.19746,46.58372],[7.19813,46.58456],[7.19831,46.58528],[7.19832,46.58546],[7.19837,46.58567],[7.19845,46.58584],[7.1986,46.58607],[7.1987,46.58626],[7.19872,46.58658],[7.19864,46.58691],[7.19873,46.58732],[7.19879,46.58814],[7.19851,46.58939],[7.19852,46.58958],[7.19857,46.58973],[7.19881,46.59019],[7.19883,46.59047],[7.19886,46.59073],[7.19886,46.59079],[7.19889,46.59091],[7.19892,46.591],[7.19896,46.59113],[7.19898,46.59116],[7.19903,46.59129],[7.19908,46.59149],[7.19909,46.5917],[7.19908,46.59175],[7.1991,46.5919],[7.19918,46.59223],[7.19917,46.5926],[7.19946,46.59315],[7.19953,46.59354],[7.19979,46.59404],[7.19989,46.59458],[7.20016,46.59492],[7.20034,46.59573],[7.20044,46.59589],[7.20059,46.59604],[7.20077,46.59616],[7.20094,46.59626],[7.20105,46.59634],[7.20123,46.59648],[7.20136,46.59663],[7.2014,46.59666],[7.20166,46.59696],[7.20174,46.59706],[7.20184,46.59725],[7.20187,46.5976],[7.20179,46.59782],[7.20178,46.59785],[7.20176,46.59788],[7.20173,46.59799],[7.20169,46.59811],[7.20168,46.59817],[7.20164,46.59842],[7.20159,46.59861],[7.20154,46.59888],[7.2015,46.59936],[7.20119,46.59989],[7.20112,46.60023],[7.20121,46.60058],[7.20141,46.60091],[7.20186,46.6013],[7.20218,46.60171],[7.20251,46.60192],[7.20292,46.6022],[7.20321,46.60246],[7.20339,46.60259],[7.20384,46.60276],[7.20435,46.6028],[7.20455,46.60277],[7.20459,46.60277],[7.20486,46.60274],[7.20504,46.60273],[7.20508,46.60273],[7.20541,46.60271],[7.20574,46.60269],[7.20576,46.60269],[7.20614,46.60268],[7.20624,46.60267],[7.2063,46.60266],[7.20646,46.60264],[7.20679,46.60258],[7.20689,46.60256],[7.2072,46.60248],[7.20721,46.60248],[7.20808,46.60226],[7.20849,46.60217],[7.20887,46.60206],[7.21009,46.60183],[7.21159,46.6014],[7.2127,46.60066],[7.21315,46.60053],[7.21364,46.60053],[7.2141,46.60064],[7.21446,46.60087],[7.21488,46.60142],[7.21545,46.60211],[7.21564,46.60228],[7.2179,46.60392],[7.21938,46.6048],[7.21983,46.60532],[7.22037,46.60569],[7.22086,46.6059],[7.22139,46.60644],[7.22205,46.60695],[7.22244,46.60718],[7.22292,46.60749],[7.22328,46.60776],[7.22351,46.6079],[7.22399,46.60812],[7.22448,46.60834],[7.22519,46.60881],[7.22538,46.60917],[7.22548,46.60931],[7.22562,46.60944],[7.2262,46.60987],[7.22629,46.60993],[7.22647,46.61004],[7.2266,46.61011],[7.22692,46.61025],[7.22758,46.61064],[7.22825,46.61113],[7.22856,46.61148],[7.22895,46.61173],[7.22946,46.61185],[7.23009,46.61185],[7.23055,46.61194],[7.23153,46.61226],[7.23209,46.61258],[7.23353,46.61317],[7.23383,46.61343],[7.23401,46.61374],[7.2346,46.6144],[7.23497,46.61467],[7.23551,46.61496],[7.23644,46.61555],[7.23701,46.61579],[7.23781,46.61632],[7.23804,46.61645],[7.23848,46.61664],[7.23879,46.61674],[7.23921,46.61685],[7.23978,46.61708],[7.24045,46.61756],[7.24059,46.61807],[7.24032,46.6189],[7.24005,46.61915],[7.23978,46.61943],[7.23966,46.61958],[7.23957,46.61974],[7.23955,46.62008],[7.23973,46.62055],[7.23965,46.62104],[7.23937,46.62145],[7.23938,46.62195],[7.23961,46.62225],[7.23998,46.62247],[7.24096,46.62281],[7.24236,46.62318],[7.24259,46.62322],[7.24282,46.62324],[7.24305,46.62323],[7.24327,46.62319],[7.24503,46.62275],[7.24559,46.62267],[7.2505,46.62249],[7.25113,46.6225],[7.25133,46.62248],[7.25179,46.62249],[7.252,46.62251],[7.25229,46.62258],[7.25334,46.62287],[7.25353,46.62295],[7.2537,46.62305],[7.25388,46.62321],[7.254,46.62332],[7.25423,46.6235],[7.25583,46.6243],[7.25654,46.62476],[7.25687,46.62516],[7.25721,46.62539],[7.25742,46.62547],[7.25765,46.62553],[7.25802,46.62558],[7.25826,46.62564],[7.25845,46.62567],[7.25902,46.62574],[7.25939,46.62575],[7.25959,46.62573],[7.2598,46.62571],[7.26049,46.62554],[7.26104,46.6255],[7.26148,46.62554],[7.26179,46.6256],[7.26223,46.62579],[7.26255,46.62607],[7.26328,46.62652],[7.26374,46.6267],[7.26393,46.6268],[7.26412,46.62696],[7.26432,46.62709],[7.26496,46.62744],[7.26523,46.62768],[7.26548,46.62786],[7.26777,46.62913],[7.26834,46.62956],[7.26851,46.62988],[7.26849,46.63041],[7.26857,46.6308],[7.26842,46.6315],[7.2686,46.63186],[7.26929,46.63245],[7.26971,46.63271],[7.27065,46.633],[7.27101,46.6332],[7.27115,46.63333],[7.27127,46.63352],[7.27153,46.63399],[7.27157,46.63408],[7.27179,46.6346],[7.2724,46.63556],[7.27268,46.63582],[7.27286,46.63595],[7.27307,46.63605],[7.27338,46.63616],[7.27359,46.63623],[7.27406,46.63639],[7.27466,46.63672],[7.275,46.63722],[7.27501,46.6379],[7.27512,46.63826],[7.2757,46.63877],[7.27597,46.63918],[7.27661,46.63973],[7.27682,46.63985],[7.27731,46.63998],[7.27783,46.64002],[7.27827,46.64016],[7.27872,46.64044],[7.27932,46.64069],[7.27957,46.64083],[7.27989,46.64103],[7.28009,46.64112],[7.28029,46.64126],[7.28043,46.64142],[7.28055,46.64164],[7.28064,46.64214],[7.28072,46.6423],[7.28084,46.64245],[7.28093,46.64254],[7.28102,46.64262],[7.28129,46.64282],[7.28151,46.64313],[7.28156,46.64329],[7.28151,46.64367],[7.28153,46.64443],[7.28157,46.64479],[7.28159,46.64493],[7.28192,46.64544],[7.28261,46.6461],[7.28335,46.64662],[7.28382,46.64685],[7.28402,46.64697],[7.28444,46.64734],[7.28618,46.64852],[7.28641,46.64884],[7.28651,46.64936],[7.28626,46.64996],[7.28627,46.65097],[7.28607,46.65181],[7.2858,46.65215],[7.28499,46.65267],[7.28463,46.65322],[7.28469,46.65389],[7.28452,46.6542],[7.28421,46.65445],[7.28354,46.65465],[7.28305,46.65467],[7.28221,46.65485],[7.28164,46.65488],[7.2812,46.65501],[7.28085,46.65525],[7.28063,46.65572],[7.28063,46.6563],[7.28048,46.65668],[7.28048,46.65704],[7.28067,46.65737],[7.28152,46.65796],[7.28166,46.6583],[7.2816,46.65866],[7.2811,46.65937],[7.28063,46.65974],[7.28046,46.65995],[7.28029,46.66014],[7.28012,46.66026],[7.27992,46.66037],[7.27964,46.66046],[7.27857,46.66071],[7.27809,46.6607],[7.27765,46.66058],[7.2765,46.65988],[7.276,46.65976],[7.27498,46.65983],[7.27433,46.66012],[7.27398,46.66048],[7.27354,46.66076],[7.27344,46.66085],[7.27334,46.66094],[7.27319,46.6611],[7.27314,46.66116],[7.2729,46.66146],[7.27254,46.6617],[7.27226,46.66181],[7.27142,46.66204],[7.27108,46.66211],[7.27072,46.66212],[7.27065,46.66212],[7.27038,46.6621],[7.26966,46.66193],[7.26939,46.66192],[7.26847,46.66193],[7.26784,46.66195],[7.26731,46.66203],[7.26708,46.66213],[7.26696,46.6622],[7.26671,46.66229],[7.26657,46.66233],[7.26645,46.66236],[7.26623,46.66241],[7.26596,46.66246],[7.26545,46.66264],[7.26494,46.66298],[7.2638,46.66349],[7.26336,46.66381],[7.26263,46.66409],[7.26176,46.66465],[7.26096,46.66532],[7.26049,46.66552],[7.2597,46.66572],[7.25903,46.66616],[7.25845,46.66661],[7.2581,46.66703],[7.25791,46.66747],[7.25769,46.66775],[7.257,46.66823],[7.25672,46.66853],[7.25642,46.66899],[7.25593,46.66944],[7.25549,46.66971],[7.25501,46.67034],[7.25428,46.67095],[7.25396,46.67156],[7.25366,46.67186],[7.25321,46.67205],[7.25171,46.67238],[7.25072,46.67269],[7.25046,46.6728],[7.24909,46.67354],[7.24874,46.67379],[7.2477,46.67461],[7.24726,46.67497],[7.24715,46.67512],[7.24709,46.67528],[7.24701,46.67556],[7.247,46.67578],[7.24701,46.67597],[7.24691,46.6763],[7.2467,46.67656],[7.2465,46.6768],[7.24642,46.67693],[7.24636,46.67706],[7.2462,46.67757],[7.24611,46.67805],[7.2461,46.6788],[7.2461,46.67894],[7.24612,46.67907],[7.24617,46.67924],[7.24614,46.67976],[7.24627,46.68009],[7.24638,46.68065],[7.24636,46.68147],[7.246,46.68249],[7.24603,46.68284],[7.24626,46.68319],[7.24707,46.68379],[7.24744,46.68438],[7.24768,46.68462],[7.24795,46.68509],[7.24807,46.68564],[7.24834,46.68595],[7.24906,46.68642],[7.24944,46.68689],[7.24993,46.68716],[7.25008,46.68728],[7.25022,46.68744],[7.25047,46.68773],[7.25053,46.68779],[7.25076,46.68801],[7.25097,46.68821],[7.25109,46.68835],[7.25119,46.68848],[7.25132,46.68866],[7.25144,46.68892],[7.25149,46.68915],[7.25142,46.68949],[7.25116,46.68978],[7.25069,46.69011],[7.25036,46.69046],[7.25028,46.69064],[7.25025,46.69137],[7.25008,46.69169],[7.24976,46.69194],[7.2492,46.69215],[7.24881,46.69243],[7.24846,46.69299],[7.24787,46.69349],[7.24742,46.69416],[7.24732,46.69435],[7.24728,46.69455],[7.24737,46.69499],[7.24732,46.69535],[7.24705,46.69567],[7.24667,46.69594],[7.24633,46.69633],[7.24578,46.69662],[7.24538,46.697],[7.24518,46.69732],[7.24508,46.69772],[7.24484,46.69804],[7.2444,46.69831],[7.24411,46.69864],[7.244,46.69892],[7.24394,46.6994],[7.24365,46.69989],[7.24324,46.70027],[7.24294,46.701],[7.24217,46.70167],[7.24205,46.70183],[7.24197,46.70199],[7.24195,46.70217],[7.24195,46.70222],[7.24195,46.70226],[7.24195,46.70238],[7.24197,46.7025],[7.24208,46.7029],[7.24211,46.70325],[7.24208,46.70348],[7.24202,46.70371],[7.24173,46.70407],[7.24109,46.70463],[7.24082,46.70522],[7.24007,46.70588],[7.23992,46.70604],[7.23983,46.70621],[7.23976,46.70639],[7.23973,46.70652],[7.23962,46.70718],[7.23961,46.70728],[7.23961,46.70796],[7.23956,46.70825],[7.23944,46.70865],[7.23932,46.70888],[7.23914,46.70908],[7.23909,46.70913],[7.239,46.7092],[7.23856,46.70955],[7.23808,46.7098],[7.23756,46.70988],[7.23704,46.70982],[7.23654,46.70963],[7.23543,46.70938],[7.23517,46.70928],[7.23305,46.70837],[7.23279,46.70823],[7.23237,46.70785],[7.23144,46.70715],[7.23123,46.70702],[7.23099,46.70692],[7.23071,46.70687],[7.2299,46.70675],[7.22962,46.70668],[7.22941,46.70659],[7.22894,46.70631],[7.22844,46.70619],[7.22792,46.70617],[7.22748,46.70604],[7.2268,46.70563],[7.22642,46.70527],[7.2261,46.70473],[7.22562,46.70435],[7.22542,46.70406],[7.22511,46.70383],[7.22455,46.70365],[7.22364,46.70359],[7.22314,46.70345],[7.22242,46.70299],[7.22184,46.70283],[7.22126,46.70245],[7.22078,46.70172],[7.22057,46.70123],[7.22028,46.70089],[7.22006,46.70077],[7.21999,46.70074],[7.21996,46.70073],[7.21968,46.7006],[7.21938,46.70045],[7.21926,46.70037],[7.21893,46.7002],[7.21871,46.70003],[7.21854,46.6998],[7.21849,46.69963],[7.21842,46.69913],[7.21843,46.69896],[7.21849,46.69863],[7.21849,46.69862],[7.21858,46.69813],[7.21857,46.6979],[7.21854,46.69774],[7.21845,46.69751],[7.21839,46.69742],[7.21795,46.69693],[7.21762,46.69646],[7.21711,46.69597],[7.21607,46.69503],[7.21583,46.69474],[7.21566,46.69445],[7.21557,46.69425],[7.21554,46.69405],[7.21552,46.69343],[7.21553,46.69322],[7.21567,46.69256],[7.21567,46.69253],[7.21583,46.6915],[7.21583,46.69132],[7.2157,46.691],[7.21539,46.69073],[7.21452,46.69032],[7.21377,46.69016],[7.21293,46.68987],[7.21214,46.68968],[7.21187,46.68963],[7.21076,46.68954],[7.2103,46.68946],[7.20885,46.6891],[7.20789,46.68912],[7.20755,46.68907],[7.20535,46.68857],[7.20517,46.68852],[7.20428,46.68825],[7.20394,46.68812],[7.20345,46.68788],[7.20325,46.68777],[7.20266,46.68707],[7.20254,46.68694],[7.20239,46.68682],[7.2016,46.68626],[7.2014,46.68616],[7.20055,46.68584],[7.20032,46.68574],[7.20025,46.68571],[7.20002,46.68556],[7.19976,46.68526],[7.19968,46.68505],[7.19944,46.68402],[7.19943,46.68342],[7.19916,46.68266],[7.19894,46.68232],[7.19829,46.682],[7.19386,46.68101],[7.1936,46.68093],[7.19337,46.68083],[7.18789,46.67791],[7.18407,46.67603],[7.18257,46.67513],[7.1799,46.6731],[7.17953,46.67291],[7.17866,46.67271],[7.17835,46.67262],[7.17813,46.67251],[7.17791,46.67234],[7.17757,46.67204],[7.17715,46.67172],[7.1769,46.67157],[7.17627,46.67125],[7.17549,46.67047],[7.17538,46.67014],[7.17546,46.66981],[7.1757,46.66944],[7.17576,46.66923],[7.1758,46.66878],[7.1758,46.6687],[7.17579,46.66837],[7.17579,46.66832],[7.17573,46.66784],[7.17568,46.66767],[7.17527,46.66667],[7.17494,46.66594],[7.17493,46.66591],[7.17471,46.66538],[7.17467,46.66527],[7.17452,46.66473],[7.17449,46.66457],[7.17444,46.66405],[7.17441,46.6639],[7.17433,46.66375],[7.17408,46.66334],[7.17405,46.6633],[7.17356,46.66262],[7.17332,46.66232],[7.17325,46.66223],[7.17307,46.66197],[7.1729,46.66168],[7.17275,46.66147],[7.17262,46.66133],[7.17246,46.6612],[7.17204,46.66102],[7.17139,46.6609],[7.17071,46.66056],[7.17026,46.66042],[7.16962,46.66036],[7.1681,46.65991],[7.1677,46.65968],[7.16738,46.65917],[7.1673,46.65879],[7.16737,46.65839],[7.16726,46.65805],[7.16697,46.65777],[7.16654,46.65758],[7.1658,46.65754],[7.16538,46.65764],[7.16514,46.65773],[7.16422,46.65816],[7.16408,46.65824],[7.16365,46.65849],[7.16362,46.65852],[7.16314,46.65879],[7.16309,46.65882],[7.16283,46.65899],[7.16279,46.65901],[7.16244,46.65922],[7.16221,46.65934],[7.162,46.65941],[7.16171,46.65946],[7.16031,46.65964],[7.15926,46.65963],[7.15876,46.65977],[7.15836,46.65998],[7.15796,46.66012],[7.15686,46.66061],[7.15659,46.66071],[7.15636,46.66076],[7.15587,46.66078],[7.15541,46.66066],[7.15472,46.66027],[7.15424,46.65993],[7.15371,46.65963],[7.15308,46.65919],[7.15135,46.65758],[7.15127,46.6571],[7.15138,46.65664],[7.15139,46.65649],[7.15139,46.65595],[7.15131,46.65564],[7.151,46.65525],[7.15086,46.65513],[7.15053,46.65491],[7.1505,46.65489],[7.15001,46.65456],[7.14999,46.65455],[7.14951,46.65424],[7.14931,46.65407],[7.14918,46.65392],[7.14905,46.65364],[7.14877,46.65332],[7.14833,46.65311],[7.14774,46.65299],[7.14733,46.65281],[7.14704,46.65254],[7.14691,46.65184],[7.14689,46.65173],[7.14687,46.65167],[7.14675,46.65143],[7.14656,46.65119],[7.14644,46.651],[7.14637,46.65087],[7.1461,46.65048],[7.14597,46.65015],[7.14587,46.64997],[7.14518,46.64921],[7.14509,46.64905],[7.14504,46.64887],[7.14505,46.64869],[7.14513,46.64847],[7.14683,46.64512],[7.14689,46.64496],[7.1469,46.64479],[7.14687,46.64462],[7.14679,46.64446],[7.14667,46.64431],[7.14651,46.64418],[7.14632,46.64408],[7.14588,46.64394],[7.14549,46.64389],[7.14523,46.64383],[7.14509,46.64378],[7.1449,46.6437],[7.14474,46.64363],[7.1444,46.64353],[7.14415,46.64348],[7.14393,46.64341],[7.14343,46.64321],[7.14333,46.64317],[7.1432,46.64311],[7.14302,46.64302],[7.1428,46.64292],[7.14213,46.64275],[7.14174,46.64254],[7.1416,46.6424],[7.14143,46.64208],[7.14141,46.64187],[7.14143,46.64154],[7.14143,46.64151],[7.14143,46.64115],[7.14141,46.64099],[7.14135,46.64084],[7.14125,46.64069],[7.14111,46.64056],[7.14071,46.64025],[7.1402,46.63997],[7.13848,46.63929],[7.13806,46.63908],[7.13723,46.63853],[7.13714,46.63847],[7.13678,46.63819],[7.13657,46.63801],[7.13646,46.63788],[7.13625,46.63771],[7.13596,46.63752],[7.13571,46.63732],[7.13545,46.63707],[7.13531,46.6369],[7.13521,46.63672],[7.1351,46.63644],[7.13508,46.63639],[7.13505,46.63632],[7.13501,46.6361],[7.13503,46.63593],[7.1351,46.63573],[7.13521,46.63552],[7.13523,46.63548],[7.13558,46.63469],[7.13561,46.63427],[7.1355,46.63396],[7.13461,46.63299],[7.13319,46.63211],[7.1329,46.63166],[7.13291,46.63118]]]},"properties":{"bfs_nr":2163,"name":"Val-de-Charmey"}},{"type":"Feature","geometry":{"type":"Polygon","coordinates":[[[7.0034,46.75154],[7.00355,46.75144],[7.00372,46.75129],[7.00481,46.75017],[7.00499,46.75001],[7.00535,46.74977],[7.00601,46.74927],[7.00647,46.74889],[7.00679,46.74859],[7.00757,46.74803],[7.00769,46.7479],[7.00775,46.74781],[7.00789,46.74757],[7.00792,46.74752],[7.00811,46.74714],[7.00813,46.7471],[7.0083,46.74671],[7.00845,46.74627],[7.00873,46.74565],[7.00874,46.74562],[7.00893,46.74515],[7.00893,46.74513],[7.00902,46.7449],[7.00904,46.74485],[7.00928,46.74429],[7.0094,46.74409],[7.00975,46.74376],[7.00997,46.74347],[7.01003,46.74332],[7.01008,46.74312],[7.01018,46.74289],[7.01071,46.74247],[7.0113,46.74226],[7.01176,46.74179],[7.01186,46.74146],[7.01208,46.74066],[7.01209,46.74063],[7.01228,46.74001],[7.01228,46.74],[7.01238,46.73964],[7.01239,46.73963],[7.01263,46.73879],[7.01264,46.73878],[7.0127,46.73856],[7.01272,46.73837],[7.0126,46.73801],[7.01146,46.7369],[7.01135,46.73653],[7.01149,46.73611],[7.01183,46.7356],[7.01191,46.73544],[7.01195,46.73528],[7.01189,46.73494],[7.01165,46.73465],[7.01128,46.73444],[7.01105,46.73437],[7.00986,46.7341],[7.00984,46.7341],[7.00943,46.73401],[7.00909,46.73394],[7.00842,46.73376],[7.00805,46.7336],[7.00771,46.73333],[7.00755,46.733],[7.00758,46.73265],[7.00781,46.73234],[7.00816,46.73206],[7.00834,46.73173],[7.00832,46.73138],[7.00811,46.73106],[7.00773,46.73082],[7.00725,46.73069],[7.00644,46.73067],[7.00599,46.73053],[7.00564,46.73028],[7.00545,46.72996],[7.00545,46.72963],[7.00577,46.72918],[7.00617,46.72898],[7.00681,46.72887],[7.00728,46.72871],[7.00793,46.72839],[7.00844,46.72833],[7.00967,46.72852],[7.01014,46.72854],[7.01091,46.7283],[7.01121,46.7282],[7.01167,46.72809],[7.012,46.72803],[7.01253,46.72805],[7.013,46.7282],[7.01346,46.72827],[7.01405,46.72825],[7.01456,46.72827],[7.0148,46.72828],[7.01484,46.72828],[7.015,46.72828],[7.01508,46.72829],[7.01531,46.7283],[7.01552,46.72831],[7.01715,46.7283],[7.01766,46.72835],[7.01812,46.72846],[7.01835,46.72857],[7.01861,46.72867],[7.01902,46.72883],[7.01924,46.72893],[7.02003,46.72935],[7.02039,46.7296],[7.02075,46.72991],[7.02117,46.73009],[7.02166,46.73016],[7.02215,46.73009],[7.0228,46.72985],[7.02379,46.72976],[7.0243,46.72982],[7.02477,46.73003],[7.02525,46.73043],[7.02594,46.73066],[7.02645,46.73065],[7.02701,46.73049],[7.02752,46.73045],[7.02823,46.73063],[7.02863,46.73089],[7.02931,46.73108],[7.03019,46.73107],[7.03075,46.73114],[7.03122,46.73112],[7.03178,46.73098],[7.03246,46.73088],[7.03299,46.7307],[7.03349,46.73067],[7.03403,46.73073],[7.03427,46.73072],[7.03471,46.73062],[7.03571,46.73036],[7.03592,46.73029],[7.03616,46.73019],[7.03645,46.73009],[7.03697,46.73004],[7.03748,46.73014],[7.03788,46.73036],[7.03867,46.73099],[7.03906,46.73178],[7.03961,46.73241],[7.04027,46.73282],[7.04076,46.73335],[7.04148,46.73373],[7.04192,46.7339],[7.04238,46.73419],[7.04352,46.73468],[7.04401,46.73473],[7.04498,46.73456],[7.04607,46.7346],[7.04617,46.73459],[7.04622,46.73459],[7.04642,46.73458],[7.04652,46.73457],[7.0467,46.73455],[7.04693,46.73451],[7.04729,46.73438],[7.04749,46.73429],[7.04762,46.73422],[7.04773,46.73416],[7.04793,46.73404],[7.04815,46.73396],[7.04838,46.7339],[7.04887,46.73389],[7.04934,46.734],[7.04971,46.73422],[7.05013,46.73477],[7.05027,46.73493],[7.05059,46.73522],[7.05082,46.73539],[7.05106,46.73553],[7.0521,46.73585],[7.05249,46.73608],[7.05263,46.73623],[7.05277,46.73657],[7.05262,46.73711],[7.05257,46.73778],[7.0526,46.73793],[7.05268,46.73813],[7.05273,46.73821],[7.05278,46.73828],[7.05286,46.73839],[7.05297,46.73852],[7.0531,46.73863],[7.05404,46.73931],[7.05437,46.73958],[7.05451,46.73973],[7.05464,46.73992],[7.0547,46.74009],[7.05471,46.74028],[7.05468,46.74043],[7.05459,46.74066],[7.05442,46.74104],[7.0543,46.74131],[7.05426,46.74143],[7.05426,46.74147],[7.05424,46.7416],[7.05424,46.74175],[7.05424,46.74178],[7.05425,46.742],[7.05425,46.74213],[7.05427,46.74232],[7.0543,46.74245],[7.05436,46.7426],[7.05452,46.74289],[7.05464,46.74306],[7.0548,46.74324],[7.05507,46.74348],[7.05528,46.74362],[7.05568,46.74385],[7.05572,46.74387],[7.05582,46.74393],[7.05592,46.74399],[7.05608,46.74409],[7.05623,46.74418],[7.05675,46.74446],[7.05697,46.74465],[7.0571,46.74482],[7.05718,46.74501],[7.0572,46.74532],[7.05718,46.74547],[7.05711,46.74564],[7.05702,46.74579],[7.05673,46.74603],[7.05613,46.7463],[7.05596,46.7464],[7.05558,46.74676],[7.05543,46.74692],[7.05523,46.74745],[7.05495,46.74776],[7.0545,46.74797],[7.05398,46.74804],[7.05348,46.74798],[7.05287,46.74793],[7.05279,46.74793],[7.0525,46.74789],[7.05228,46.74784],[7.05081,46.74724],[7.05008,46.74691],[7.0496,46.74672],[7.04937,46.74661],[7.04918,46.74648],[7.04892,46.74628],[7.04886,46.74624],[7.04883,46.74621],[7.04867,46.74612],[7.04827,46.74592],[7.0481,46.74584],[7.04802,46.7458],[7.04786,46.74572],[7.04773,46.74565],[7.04743,46.74554],[7.04736,46.74551],[7.04674,46.7453],[7.04619,46.74513],[7.04595,46.74502],[7.04581,46.74495],[7.04574,46.74492],[7.04558,46.74483],[7.04546,46.74477],[7.04537,46.74473],[7.04533,46.74472],[7.04505,46.7446],[7.04481,46.74451],[7.04447,46.74439],[7.04411,46.74425],[7.04358,46.74418],[7.04306,46.74427],[7.04222,46.74468],[7.04209,46.74473],[7.04181,46.74485],[7.04153,46.74495],[7.04129,46.74499],[7.0408,46.74499],[7.04051,46.74492],[7.04022,46.74482],[7.03998,46.74467],[7.0388,46.74383],[7.0386,46.74374],[7.03775,46.74343],[7.0375,46.74337],[7.03724,46.74333],[7.03667,46.74333],[7.03574,46.74323],[7.03505,46.74346],[7.03466,46.7438],[7.03425,46.74401],[7.03369,46.7441],[7.03287,46.74413],[7.03235,46.7441],[7.03181,46.74402],[7.03177,46.74401],[7.03101,46.74388],[7.03096,46.74387],[7.03077,46.74383],[7.03071,46.74382],[7.03037,46.74377],[7.03003,46.74372],[7.02995,46.74371],[7.02987,46.74369],[7.02913,46.74371],[7.02666,46.74427],[7.02604,46.74436],[7.02579,46.74438],[7.02534,46.7444],[7.02503,46.7444],[7.02436,46.74437],[7.02426,46.74436],[7.02289,46.74422],[7.02241,46.74423],[7.02196,46.74435],[7.02161,46.74458],[7.02113,46.74521],[7.021,46.74556],[7.02108,46.74592],[7.02143,46.74641],[7.02147,46.74674],[7.02129,46.7473],[7.02094,46.74786],[7.02037,46.7491],[7.02012,46.74939],[7.01975,46.75002],[7.01921,46.75054],[7.01905,46.75088],[7.01881,46.75119],[7.01869,46.7513],[7.01864,46.75134],[7.01841,46.75148],[7.01797,46.75163],[7.01739,46.75168],[7.01689,46.75183],[7.01652,46.75211],[7.01591,46.75278],[7.01581,46.75298],[7.01545,46.75406],[7.0152,46.75437],[7.01479,46.75459],[7.01403,46.75467],[7.01374,46.75463],[7.01233,46.75432],[7.01204,46.75424],[7.01126,46.75384],[7.01074,46.75374],[7.00996,46.75387],[7.00975,46.75398],[7.00923,46.7543],[7.009,46.75439],[7.00835,46.75459],[7.00781,46.7547],[7.00754,46.75473],[7.00737,46.75474],[7.00643,46.75475],[7.00593,46.75464],[7.00486,46.75421],[7.00431,46.75392],[7.00396,46.75368],[7.0034,46.75317],[7.00317,46.75291],[7.00291,46.75246],[7.00289,46.7521],[7.00309,46.75176],[7.0034,46.75154]]]},"properties":{"bfs_nr":2173,"name":"Autigny"}},{"type":"Feature","geometry":{"type":"Polygon","coordinates":[[[7.03635,46.78475],[7.03661,46.78376],[7.03671,46.78351],[7.03681,46.78314],[7.03721,46.7827],[7.03846,46.78191],[7.0389,46.78171],[7.03936,46.78165],[7.03988,46.78171],[7.0406,46.78189],[7.0414,46.78191],[7.04187,46.78175],[7.04232,46.7813],[7.0426,46.78057],[7.04263,46.77986],[7.04288,46.77957],[7.04371,46.77917],[7.04423,46.77907],[7.04476,46.77913],[7.04543,46.77935],[7.04585,46.77945],[7.04699,46.77982],[7.04706,46.77984],[7.04828,46.78019],[7.04858,46.78024],[7.04901,46.78029],[7.0494,46.78036],[7.05007,46.78054],[7.05087,46.78101],[7.05108,46.7811],[7.05126,46.78116],[7.05185,46.78129],[7.05208,46.78133],[7.05233,46.78134],[7.05257,46.78131],[7.05279,46.78126],[7.05301,46.78118],[7.05346,46.78086],[7.05379,46.78037],[7.0551,46.77868],[7.05518,46.77858],[7.05552,46.7782],[7.05569,46.77804],[7.05604,46.77785],[7.05631,46.77777],[7.05722,46.77757],[7.05827,46.7774],[7.05881,46.77725],[7.05953,46.77727],[7.06012,46.77746],[7.06064,46.77759],[7.06108,46.77772],[7.06166,46.77792],[7.06241,46.77812],[7.06256,46.77815],[7.06298,46.77823],[7.06327,46.77826],[7.06356,46.77825],[7.06386,46.77821],[7.06418,46.77818],[7.06432,46.77817],[7.0651,46.77805],[7.06544,46.77801],[7.06632,46.7779],[7.06657,46.77788],[7.06694,46.7779],[7.06725,46.77791],[7.0674,46.77791],[7.06782,46.7779],[7.06831,46.77787],[7.06902,46.77803],[7.06951,46.77838],[7.06996,46.77856],[7.0712,46.77886],[7.07157,46.77908],[7.07196,46.77947],[7.0724,46.77974],[7.07263,46.78006],[7.07278,46.78094],[7.07298,46.78137],[7.07328,46.78277],[7.07334,46.78294],[7.07345,46.7831],[7.0736,46.78324],[7.074,46.78345],[7.07492,46.78363],[7.07534,46.78373],[7.0758,46.78382],[7.0767,46.78402],[7.07673,46.78403],[7.07713,46.78412],[7.07718,46.78413],[7.07726,46.78415],[7.07741,46.7842],[7.07781,46.78433],[7.07859,46.78464],[7.07906,46.78488],[7.07932,46.78504],[7.07992,46.78547],[7.08011,46.78562],[7.08015,46.78566],[7.08054,46.786],[7.08085,46.78627],[7.08111,46.78646],[7.08173,46.78686],[7.08193,46.78696],[7.08215,46.78706],[7.08218,46.78707],[7.08223,46.78709],[7.0825,46.78723],[7.0828,46.78752],[7.0829,46.78804],[7.08249,46.78862],[7.08203,46.78892],[7.0818,46.78924],[7.08167,46.79001],[7.0812,46.79072],[7.08114,46.79089],[7.08102,46.79143],[7.08102,46.79144],[7.08091,46.79193],[7.08083,46.79213],[7.08073,46.79228],[7.08022,46.79262],[7.07966,46.79275],[7.07922,46.79298],[7.07868,46.79341],[7.07798,46.79413],[7.07785,46.79429],[7.07775,46.79454],[7.07775,46.79525],[7.07768,46.7955],[7.07764,46.7956],[7.07739,46.79645],[7.07731,46.79665],[7.07704,46.79693],[7.07642,46.79729],[7.07615,46.79759],[7.07607,46.79795],[7.07612,46.79813],[7.07621,46.7983],[7.07635,46.79845],[7.07653,46.79858],[7.07674,46.79868],[7.07698,46.79875],[7.07724,46.79879],[7.07805,46.79879],[7.07849,46.79891],[7.07906,46.79927],[7.07953,46.79992],[7.07959,46.80055],[7.07965,46.80075],[7.07977,46.80099],[7.07981,46.80116],[7.07979,46.80133],[7.07963,46.80165],[7.07909,46.80199],[7.07862,46.80209],[7.07837,46.80208],[7.07769,46.80189],[7.07695,46.8014],[7.07656,46.80087],[7.07622,46.8006],[7.07575,46.80044],[7.07494,46.80031],[7.074,46.80023],[7.07299,46.80006],[7.07252,46.80008],[7.07166,46.80037],[7.07117,46.80042],[7.0707,46.80033],[7.07029,46.80013],[7.06986,46.79979],[7.06868,46.79926],[7.0683,46.799],[7.06781,46.79841],[7.06748,46.79813],[7.06699,46.79738],[7.06647,46.79703],[7.06575,46.79679],[7.06442,46.79676],[7.06381,46.79666],[7.06348,46.79653],[7.06204,46.79569],[7.06132,46.79527],[7.06111,46.79517],[7.05952,46.79447],[7.05816,46.7939],[7.05804,46.79385],[7.05785,46.79379],[7.05768,46.79374],[7.05712,46.79361],[7.0571,46.79361],[7.05637,46.79345],[7.05504,46.79317],[7.05489,46.79314],[7.05423,46.79306],[7.05399,46.79305],[7.05342,46.79305],[7.05328,46.79306],[7.05311,46.79307],[7.05296,46.79309],[7.05269,46.79313],[7.05262,46.79314],[7.04971,46.79371],[7.04969,46.79371],[7.04909,46.79382],[7.04597,46.79443],[7.04587,46.79445],[7.04578,46.79447],[7.04469,46.79468],[7.0439,46.79483],[7.04357,46.79487],[7.04306,46.79483],[7.04242,46.79465],[7.04217,46.79462],[7.04177,46.7946],[7.04161,46.79459],[7.0414,46.79458],[7.04131,46.79458],[7.04128,46.79457],[7.04102,46.79455],[7.04082,46.79453],[7.04058,46.79449],[7.04046,46.79447],[7.03987,46.79441],[7.03898,46.79436],[7.03854,46.79419],[7.03823,46.79391],[7.0381,46.79358],[7.0381,46.79336],[7.03825,46.79251],[7.03825,46.79231],[7.03773,46.78912],[7.03772,46.78891],[7.03803,46.78835],[7.03811,46.78801],[7.03809,46.78759],[7.038,46.7873],[7.03775,46.78699],[7.03721,46.78606],[7.03649,46.78551],[7.0363,46.78517],[7.03635,46.78475]]]},"properties":{"bfs_nr":2174,"name":"Avry"}},{"type":"Feature","geometry":{"type":"Polygon","coordinates":[[[7.0619,46.81308],[7.06197,46.81302],[7.06212,46.81284],[7.06222,46.81268],[7.06229,46.81255],[7.06247,46.81214],[7.06282,46.81179],[7.0632,46.8116],[7.06393,46.81143],[7.06447,46.81124],[7.06484,46.81097],[7.06502,46.81062],[7.06501,46.81005],[7.06498,46.8097],[7.06493,46.80923],[7.06494,46.80899],[7.06502,46.80876],[7.06531,46.80843],[7.06613,46.80804],[7.06659,46.80796],[7.06713,46.80801],[7.06832,46.80827],[7.06852,46.8083],[7.06899,46.80833],[7.06922,46.80838],[7.06965,46.80853],[7.07062,46.80872],[7.0717,46.80902],[7.07225,46.80928],[7.07274,46.80942],[7.07336,46.80949],[7.0754,46.80987],[7.07595,46.81006],[7.07667,46.81022],[7.0779,46.81028],[7.07854,46.81046],[7.08016,46.81069],[7.08093,46.81071],[7.08248,46.81041],[7.08326,46.8105],[7.0837,46.81065],[7.08438,46.81108],[7.0846,46.81128],[7.08472,46.81146],[7.08487,46.81184],[7.08506,46.81273],[7.08512,46.81291],[7.08523,46.81307],[7.08538,46.81321],[7.08578,46.81342],[7.08653,46.8135],[7.08701,46.81338],[7.08783,46.81295],[7.08868,46.81284],[7.09225,46.8131],[7.09281,46.81322],[7.0932,46.81345],[7.09357,46.81386],[7.0938,46.814],[7.09422,46.81422],[7.09431,46.81426],[7.09484,46.81448],[7.09513,46.81457],[7.09544,46.81461],[7.09809,46.81473],[7.09863,46.81481],[7.10012,46.81517],[7.10081,46.81521],[7.10131,46.81509],[7.10211,46.81507],[7.1032,46.81475],[7.10369,46.81474],[7.10442,46.81489],[7.10578,46.81508],[7.10639,46.81524],[7.10707,46.81531],[7.10758,46.81531],[7.10766,46.81531],[7.10931,46.81524],[7.11,46.81512],[7.1105,46.81513],[7.1111,46.81524],[7.11168,46.81533],[7.11312,46.81586],[7.11372,46.81614],[7.11428,46.81654],[7.11476,46.81672],[7.11514,46.81683],[7.11537,46.81693],[7.11585,46.81727],[7.11609,46.8174],[7.11667,46.81758],[7.1175,46.81804],[7.11809,46.81847],[7.11844,46.81869],[7.11865,46.81888],[7.11956,46.81996],[7.11965,46.82027],[7.11956,46.82059],[7.11911,46.82117],[7.11903,46.82151],[7.11908,46.82191],[7.11875,46.82243],[7.11617,46.82462],[7.11594,46.8249],[7.11587,46.82522],[7.11601,46.82583],[7.1159,46.82615],[7.11542,46.82656],[7.11486,46.8268],[7.11339,46.82704],[7.11252,46.82748],[7.11226,46.82756],[7.1117,46.82758],[7.11132,46.82752],[7.11036,46.82746],[7.10977,46.82743],[7.10903,46.82725],[7.1085,46.82724],[7.1079,46.82735],[7.1072,46.82727],[7.10611,46.82673],[7.1059,46.82664],[7.10567,46.82657],[7.10543,46.82654],[7.10493,46.82658],[7.10432,46.82685],[7.10245,46.82833],[7.10223,46.82858],[7.102,46.82952],[7.10195,46.82973],[7.10188,46.8299],[7.10172,46.83016],[7.10166,46.83024],[7.10136,46.83053],[7.10122,46.83064],[7.10094,46.83088],[7.10086,46.83095],[7.10048,46.83135],[7.10014,46.83179],[7.10009,46.83217],[7.10019,46.83256],[7.1001,46.83291],[7.09981,46.83321],[7.09935,46.8335],[7.0991,46.83384],[7.09905,46.83417],[7.09887,46.83452],[7.09851,46.83478],[7.09802,46.83493],[7.09745,46.83492],[7.09641,46.83465],[7.09592,46.83464],[7.09546,46.83475],[7.09509,46.83497],[7.09486,46.83527],[7.09483,46.83574],[7.09478,46.83596],[7.09471,46.83619],[7.09468,46.83637],[7.09478,46.83674],[7.0951,46.83705],[7.09624,46.83756],[7.09696,46.8377],[7.09751,46.83799],[7.09817,46.83877],[7.09837,46.83911],[7.09837,46.83945],[7.0983,46.83961],[7.09817,46.83978],[7.09799,46.83995],[7.09789,46.84005],[7.09771,46.84022],[7.0975,46.84039],[7.09734,46.84054],[7.09689,46.84139],[7.09687,46.84172],[7.09718,46.84229],[7.09719,46.84265],[7.097,46.84297],[7.09641,46.84331],[7.09591,46.84338],[7.095,46.84326],[7.09451,46.84328],[7.09388,46.84354],[7.09361,46.84382],[7.09352,46.84416],[7.09356,46.84458],[7.0934,46.84492],[7.09266,46.84565],[7.09223,46.84603],[7.09191,46.84637],[7.09171,46.8465],[7.09053,46.84716],[7.0902,46.84736],[7.08992,46.8475],[7.08967,46.84757],[7.08933,46.84761],[7.08875,46.84765],[7.08852,46.84765],[7.08797,46.84761],[7.0875,46.84767],[7.0871,46.84785],[7.08668,46.8483],[7.08634,46.84856],[7.08562,46.84873],[7.08511,46.84867],[7.08461,46.84848],[7.07902,46.84624],[7.07874,46.8461],[7.07843,46.8458],[7.07804,46.84508],[7.07791,46.84452],[7.07761,46.84424],[7.07718,46.84406],[7.07619,46.84381],[7.07596,46.84374],[7.07545,46.84356],[7.07523,46.84344],[7.0752,46.84342],[7.07495,46.84328],[7.07491,46.84325],[7.07471,46.84315],[7.07449,46.843],[7.07434,46.84287],[7.07418,46.84256],[7.07419,46.84222],[7.07441,46.84188],[7.07472,46.84158],[7.07505,46.84132],[7.0751,46.84128],[7.07545,46.84096],[7.0757,46.84072],[7.07669,46.83986],[7.07737,46.83928],[7.07738,46.83927],[7.07843,46.83835],[7.07952,46.83761],[7.07964,46.83752],[7.08004,46.83719],[7.0801,46.83714],[7.08037,46.83688],[7.0804,46.83685],[7.08064,46.8366],[7.08079,46.83643],[7.08128,46.83599],[7.08138,46.83584],[7.0815,46.83558],[7.08159,46.83543],[7.08179,46.83514],[7.08182,46.83509],[7.08208,46.83475],[7.08241,46.8344],[7.08253,46.83424],[7.08256,46.83419],[7.08262,46.83406],[7.0828,46.83353],[7.0832,46.83292],[7.08379,46.83231],[7.08443,46.83195],[7.0846,46.83184],[7.08474,46.83171],[7.0852,46.83118],[7.08533,46.83099],[7.08539,46.83079],[7.08525,46.8296],[7.085,46.82928],[7.08447,46.82898],[7.08431,46.82886],[7.08416,46.82869],[7.08399,46.82847],[7.08394,46.8284],[7.08373,46.82808],[7.0836,46.82792],[7.08342,46.82778],[7.08321,46.82767],[7.08296,46.82759],[7.0826,46.8275],[7.08231,46.82742],[7.08206,46.82732],[7.08191,46.82726],[7.08115,46.82692],[7.0811,46.8269],[7.08078,46.82674],[7.08057,46.82666],[7.08032,46.82658],[7.07974,46.82635],[7.07957,46.82628],[7.07916,46.82609],[7.07891,46.82594],[7.0787,46.82576],[7.07844,46.82548],[7.07842,46.82546],[7.0781,46.8251],[7.07807,46.82506],[7.07788,46.82489],[7.07764,46.82475],[7.07706,46.8245],[7.07651,46.82427],[7.07647,46.82425],[7.07624,46.82415],[7.07577,46.82402],[7.07393,46.82376],[7.07213,46.82341],[7.07205,46.82339],[7.07122,46.82321],[7.07113,46.82319],[7.07083,46.82309],[7.07032,46.82269],[7.07022,46.82233],[7.07025,46.82189],[7.07007,46.82152],[7.06963,46.82119],[7.06859,46.82054],[7.06835,46.82036],[7.06813,46.82],[7.06811,46.81976],[7.06812,46.81935],[7.06807,46.81896],[7.06808,46.8187],[7.06818,46.81845],[7.06854,46.81785],[7.0686,46.81751],[7.06848,46.81719],[7.06819,46.81692],[7.06809,46.81686],[7.06758,46.81651],[7.06752,46.81647],[7.06699,46.81615],[7.06694,46.81612],[7.06622,46.81573],[7.06599,46.81562],[7.06518,46.81535],[7.06509,46.81532],[7.06411,46.81505],[7.06314,46.81487],[7.06262,46.81472],[7.0623,46.81459],[7.06205,46.81446],[7.06188,46.81434],[7.06166,46.81403],[7.06164,46.81347],[7.06173,46.81329],[7.0619,46.81308]]]},"properties":{"bfs_nr":2175,"name":"Belfaux"}},{"type":"Feature","geometry":{"type":"Polygon","coordinates":[[[6.97886,46.7485],[6.97902,46.74837],[6.97903,46.74836],[6.97914,46.74827],[6.97929,46.74811],[6.9794,46.74793],[6.97944,46.74774],[6.97943,46.74755],[6.97935,46.74736],[6.97925,46.74718],[6.97924,46.74716],[6.97901,46.74682],[6.97896,46.74663],[6.97904,46.74626],[6.97937,46.7459],[6.97976,46.74562],[6.97986,46.74554],[6.97995,46.74546],[6.98001,46.74538],[6.98018,46.74516],[6.98044,46.74481],[6.9806,46.74466],[6.98074,46.74453],[6.98134,46.74394],[6.98164,46.74367],[6.98213,46.74322],[6.98223,46.74311],[6.98254,46.74271],[6.98257,46.74266],[6.98283,46.7423],[6.98297,46.74214],[6.98311,46.74203],[6.98398,46.7416],[6.98473,46.74116],[6.9866,46.74028],[6.98686,46.74018],[6.98709,46.74013],[6.98769,46.74007],[6.98795,46.74002],[6.98851,46.74],[6.98904,46.73987],[6.98945,46.73963],[6.9896,46.73945],[6.98966,46.73931],[6.98979,46.73901],[6.98984,46.73864],[6.98971,46.73816],[6.98992,46.73762],[6.99027,46.73737],[6.991,46.73711],[6.99141,46.73671],[6.99153,46.7363],[6.99195,46.73567],[6.99227,46.73544],[6.99328,46.73509],[6.99339,46.73505],[6.99354,46.73499],[6.9936,46.73496],[6.99365,46.73493],[6.99371,46.73489],[6.9938,46.73484],[6.99406,46.7347],[6.99429,46.73462],[6.99481,46.73456],[6.99507,46.73458],[6.99564,46.73472],[6.99601,46.73478],[6.99626,46.73481],[6.9965,46.73481],[6.99675,46.73478],[6.99697,46.73471],[6.99718,46.73462],[6.9975,46.73436],[6.99804,46.73337],[6.99848,46.73291],[6.99868,46.73255],[6.99901,46.73225],[6.99936,46.73206],[6.99986,46.73164],[7.00055,46.73144],[7.00105,46.73147],[7.00168,46.73174],[7.00193,46.73205],[7.00219,46.73267],[7.00252,46.7329],[7.00307,46.73309],[7.00354,46.73312],[7.00418,46.73304],[7.0047,46.73295],[7.0049,46.73292],[7.00521,46.7329],[7.00555,46.73291],[7.00605,46.73305],[7.00677,46.73341],[7.00801,46.73362],[7.00861,46.73382],[7.00874,46.73386],[7.00913,46.73395],[7.00927,46.73398],[7.00931,46.73399],[7.00945,46.73401],[7.00984,46.7341],[7.00987,46.7341],[7.01099,46.73435],[7.01127,46.73444],[7.01165,46.73465],[7.01188,46.73494],[7.01194,46.73528],[7.01191,46.73544],[7.0118,46.73564],[7.01146,46.73615],[7.01134,46.73653],[7.01146,46.7369],[7.01259,46.73801],[7.01271,46.73837],[7.01268,46.7386],[7.01264,46.73878],[7.01263,46.7388],[7.01238,46.73964],[7.01228,46.74],[7.01228,46.74002],[7.01209,46.74063],[7.01208,46.74065],[7.01192,46.74125],[7.01186,46.74142],[7.01165,46.74177],[7.01134,46.74204],[7.0107,46.74228],[7.01035,46.74253],[7.01015,46.74286],[7.01004,46.74327],[7.00994,46.74351],[7.0098,46.74368],[7.00935,46.74413],[7.00933,46.74418],[7.00904,46.74486],[7.00902,46.74489],[7.00893,46.74514],[7.00892,46.74516],[7.00875,46.74561],[7.00873,46.74565],[7.00845,46.74629],[7.00829,46.74673],[7.00813,46.74709],[7.00811,46.74715],[7.00793,46.74751],[7.00789,46.74758],[7.00779,46.74774],[7.00766,46.74791],[7.00716,46.74828],[7.00651,46.74881],[7.00649,46.74883],[7.00626,46.74906],[7.00604,46.74925],[7.00585,46.74938],[7.00572,46.74946],[7.00544,46.74969],[7.00503,46.74997],[7.00485,46.75012],[7.00361,46.75139],[7.00344,46.75149],[7.0025,46.75194],[7.00198,46.752],[7.00123,46.75183],[7.00066,46.75139],[7.00043,46.75123],[7.00024,46.75114],[6.99978,46.75102],[6.9993,46.75103],[6.99907,46.75108],[6.99834,46.75136],[6.99787,46.7514],[6.9974,46.75132],[6.99714,46.75121],[6.99674,46.751],[6.99654,46.7509],[6.99607,46.7508],[6.99583,46.7508],[6.99558,46.75082],[6.99535,46.75088],[6.99514,46.75096],[6.99467,46.75128],[6.99445,46.7514],[6.99398,46.75151],[6.99349,46.7515],[6.99276,46.75142],[6.99223,46.75154],[6.99201,46.75166],[6.9918,46.75179],[6.99159,46.75194],[6.99133,46.75218],[6.99124,46.75226],[6.99104,46.75242],[6.99084,46.75252],[6.99039,46.75264],[6.98979,46.7527],[6.98931,46.75288],[6.98844,46.75336],[6.98769,46.75346],[6.98719,46.75336],[6.98666,46.75305],[6.98624,46.75292],[6.98602,46.75289],[6.98544,46.75285],[6.9853,46.75282],[6.98504,46.75278],[6.98496,46.75276],[6.98471,46.75271],[6.98457,46.75268],[6.98435,46.75262],[6.9841,46.75254],[6.98334,46.7521],[6.98278,46.75187],[6.98235,46.75162],[6.98147,46.75117],[6.98017,46.75071],[6.9789,46.74977],[6.97869,46.74958],[6.97858,46.74941],[6.97851,46.74905],[6.97866,46.74869],[6.97886,46.7485]]]},"properties":{"bfs_nr":2177,"name":"Ch\u00e9nens"}},{"type":"Feature","geometry":{"type":"Polygon","coordinates":[[[7.06513,46.80484],[7.06521,46.80433],[7.06528,46.80409],[7.06541,46.80384],[7.06559,46.80365],[7.06594,46.80343],[7.06641,46.8032],[7.06661,46.80309],[7.06678,46.80294],[7.06689,46.80278],[7.06696,46.8026],[7.06697,46.80242],[7.06693,46.80224],[7.06667,46.80178],[7.06665,46.80142],[7.06709,46.80064],[7.06709,46.80005],[7.06744,46.7996],[7.06785,46.79941],[7.06833,46.79934],[7.06905,46.79947],[7.06991,46.79989],[7.07089,46.80053],[7.07111,46.80061],[7.07182,46.80067],[7.07227,46.80056],[7.07293,46.80024],[7.07345,46.80017],[7.07405,46.80024],[7.07475,46.80031],[7.07567,46.80046],[7.07629,46.80081],[7.07664,46.80123],[7.0777,46.80191],[7.07841,46.8021],[7.07867,46.80209],[7.07893,46.80205],[7.07916,46.80198],[7.07937,46.80188],[7.07969,46.8016],[7.07978,46.80143],[7.07982,46.80126],[7.07981,46.80108],[7.07975,46.80091],[7.07964,46.8007],[7.07961,46.80054],[7.07962,46.80029],[7.07958,46.79998],[7.07911,46.79926],[7.07861,46.7989],[7.07815,46.79878],[7.07738,46.79879],[7.07689,46.79872],[7.07647,46.79853],[7.07619,46.79825],[7.07609,46.79791],[7.07618,46.79757],[7.07644,46.79728],[7.07705,46.79694],[7.07731,46.79665],[7.07738,46.79649],[7.07763,46.79564],[7.07787,46.79502],[7.07781,46.79462],[7.0779,46.79425],[7.07806,46.79405],[7.07864,46.79346],[7.07895,46.79321],[7.07947,46.79297],[7.07994,46.79289],[7.0804,46.79272],[7.08073,46.79244],[7.08086,46.79214],[7.08102,46.79144],[7.08102,46.79143],[7.08109,46.7911],[7.08125,46.79076],[7.0817,46.79018],[7.08171,46.78976],[7.08186,46.7893],[7.08214,46.78903],[7.08261,46.78875],[7.08305,46.78809],[7.08343,46.78782],[7.08419,46.78767],[7.08455,46.78771],[7.08479,46.78774],[7.08499,46.78776],[7.08538,46.78777],[7.08544,46.78778],[7.08642,46.78778],[7.08653,46.78778],[7.08728,46.78774],[7.08745,46.78772],[7.08753,46.78771],[7.08774,46.78767],[7.08789,46.78763],[7.08797,46.7876],[7.08828,46.78753],[7.08879,46.78752],[7.08927,46.78765],[7.08986,46.78814],[7.09023,46.78836],[7.09068,46.78846],[7.0914,46.78856],[7.0919,46.78863],[7.09232,46.78872],[7.09275,46.78882],[7.09336,46.789],[7.0934,46.78901],[7.09358,46.78907],[7.09367,46.7891],[7.09384,46.78916],[7.09391,46.78918],[7.09415,46.7893],[7.09461,46.78961],[7.09486,46.7897],[7.09491,46.78972],[7.09562,46.78991],[7.09665,46.7902],[7.09693,46.79032],[7.09729,46.79059],[7.09741,46.79075],[7.09747,46.79111],[7.09711,46.79204],[7.09706,46.79238],[7.09711,46.79255],[7.09721,46.79271],[7.09734,46.79285],[7.09752,46.79298],[7.09974,46.79428],[7.09996,46.79439],[7.10179,46.79508],[7.10203,46.79515],[7.10227,46.79519],[7.10278,46.79516],[7.10341,46.79488],[7.10366,46.79458],[7.10372,46.79441],[7.10374,46.79432],[7.10381,46.79411],[7.10423,46.7937],[7.10466,46.79354],[7.10514,46.79351],[7.10562,46.79359],[7.10601,46.79379],[7.10619,46.79396],[7.10623,46.794],[7.10649,46.79434],[7.1065,46.79436],[7.10691,46.7949],[7.10702,46.7951],[7.10707,46.79545],[7.10698,46.79582],[7.10709,46.79618],[7.10752,46.79668],[7.10772,46.79705],[7.10774,46.79764],[7.10783,46.79818],[7.10784,46.79821],[7.10792,46.79879],[7.10793,46.79898],[7.10791,46.7994],[7.10791,46.79947],[7.10793,46.79978],[7.10794,46.79984],[7.10797,46.80008],[7.10803,46.80025],[7.10821,46.80064],[7.10832,46.80082],[7.10847,46.80097],[7.1086,46.80107],[7.1088,46.8012],[7.10903,46.80129],[7.1096,46.80149],[7.11157,46.80235],[7.1118,46.80244],[7.11306,46.80278],[7.11355,46.80299],[7.11391,46.80345],[7.11391,46.8038],[7.11264,46.80606],[7.11269,46.8066],[7.11318,46.80702],[7.11394,46.80729],[7.11427,46.80755],[7.11465,46.80838],[7.11468,46.80873],[7.11425,46.80966],[7.11421,46.81019],[7.11443,46.8105],[7.11506,46.81105],[7.11519,46.81169],[7.11498,46.81217],[7.11464,46.81241],[7.11378,46.81261],[7.11334,46.81279],[7.11303,46.81309],[7.11282,46.8136],[7.11279,46.81393],[7.11288,46.81454],[7.11251,46.81501],[7.11207,46.8152],[7.11131,46.81525],[7.11092,46.81521],[7.11035,46.81503],[7.10988,46.81497],[7.10942,46.81502],[7.10897,46.81519],[7.10874,46.81524],[7.10843,46.81528],[7.10768,46.81531],[7.10756,46.81531],[7.10718,46.81531],[7.10682,46.81528],[7.1062,46.81513],[7.10449,46.81488],[7.10393,46.81464],[7.10344,46.81455],[7.10294,46.81459],[7.10185,46.815],[7.10106,46.81498],[7.0999,46.8151],[7.09854,46.81478],[7.09818,46.81473],[7.09552,46.81462],[7.09513,46.81457],[7.09477,46.81445],[7.09433,46.81427],[7.0942,46.81421],[7.09386,46.81404],[7.09358,46.81385],[7.09321,46.81345],[7.09303,46.81332],[7.09281,46.81322],[7.09257,46.81315],[7.09231,46.81311],[7.08856,46.81283],[7.08807,46.81285],[7.08763,46.813],[7.08701,46.81338],[7.08653,46.81349],[7.08579,46.81341],[7.08538,46.8132],[7.08512,46.8129],[7.08505,46.81269],[7.08487,46.81182],[7.08472,46.8114],[7.08458,46.81123],[7.08438,46.81108],[7.0839,46.81075],[7.0833,46.81043],[7.08284,46.81034],[7.08236,46.81036],[7.08119,46.81063],[7.08072,46.8107],[7.08001,46.81065],[7.07855,46.81042],[7.07808,46.81027],[7.0774,46.81014],[7.07684,46.81012],[7.076,46.80998],[7.07558,46.80983],[7.07408,46.80958],[7.07344,46.80939],[7.07274,46.80933],[7.07226,46.8092],[7.07161,46.80893],[7.07101,46.80882],[7.0695,46.80833],[7.06923,46.80831],[7.06852,46.8083],[7.06827,46.80826],[7.0673,46.80805],[7.06702,46.80797],[7.06663,46.80775],[7.0664,46.80745],[7.06622,46.80687],[7.06577,46.80635],[7.06563,46.80585],[7.06524,46.8053],[7.06515,46.80508],[7.06513,46.80484]]]},"properties":{"bfs_nr":2183,"name":"Corminboeuf"}},{"type":"Feature","geometry":{"type":"Polygon","coordinates":[[[7.01566,46.75344],[7.01591,46.75279],[7.01663,46.75204],[7.0171,46.75183],[7.01805,46.75169],[7.01846,46.75147],[7.01871,46.75128],[7.0188,46.7512],[7.01886,46.75114],[7.01902,46.75094],[7.0192,46.75061],[7.0203,46.74944],[7.02049,46.74912],[7.02054,46.74876],[7.02099,46.74779],[7.02122,46.74746],[7.02162,46.74648],[7.02162,46.74609],[7.02141,46.74574],[7.02134,46.74539],[7.02147,46.74504],[7.02201,46.74454],[7.02243,46.74433],[7.02293,46.74425],[7.02428,46.74436],[7.02434,46.74437],[7.02509,46.74441],[7.02529,46.74441],[7.02584,46.74438],[7.026,46.74436],[7.02694,46.74423],[7.02908,46.74372],[7.02993,46.7437],[7.02997,46.74371],[7.03002,46.74372],[7.03035,46.74377],[7.03038,46.74377],[7.0307,46.74382],[7.03078,46.74384],[7.03097,46.74387],[7.031,46.74388],[7.03177,46.74401],[7.0318,46.74401],[7.03244,46.74411],[7.03278,46.74413],[7.03379,46.7441],[7.03424,46.74403],[7.03463,46.74385],[7.035,46.74359],[7.03571,46.74341],[7.03645,46.74344],[7.03713,46.74335],[7.03757,46.74339],[7.03783,46.74346],[7.03854,46.74372],[7.03881,46.74384],[7.04002,46.74471],[7.04022,46.74482],[7.04045,46.74491],[7.04056,46.74494],[7.0408,46.74499],[7.04105,46.74501],[7.0413,46.745],[7.04154,46.74495],[7.04176,46.74488],[7.04211,46.74473],[7.0422,46.74469],[7.04307,46.74427],[7.04358,46.74419],[7.0441,46.74425],[7.04465,46.74447],[7.04496,46.74457],[7.04532,46.74471],[7.04542,46.74476],[7.04561,46.74485],[7.04575,46.74492],[7.0458,46.74495],[7.04598,46.74504],[7.04615,46.74511],[7.04628,46.74516],[7.0464,46.7452],[7.04734,46.7455],[7.04745,46.74555],[7.04769,46.74564],[7.04789,46.74573],[7.04803,46.7458],[7.04809,46.74583],[7.04827,46.74592],[7.04862,46.74609],[7.04886,46.74623],[7.04921,46.74651],[7.04937,46.74661],[7.04955,46.7467],[7.05086,46.74727],[7.05227,46.74784],[7.0525,46.7479],[7.05273,46.74792],[7.05344,46.74798],[7.05366,46.74801],[7.05428,46.74811],[7.05478,46.74817],[7.05507,46.74823],[7.05529,46.7483],[7.05578,46.74867],[7.05591,46.74899],[7.05569,46.74969],[7.05566,46.75],[7.05587,46.75061],[7.05603,46.75083],[7.05618,46.75096],[7.05643,46.75115],[7.05662,46.75132],[7.05666,46.75134],[7.0568,46.75145],[7.05706,46.75162],[7.05764,46.75192],[7.05847,46.75215],[7.0593,46.75217],[7.05981,46.75228],[7.06035,46.75266],[7.06049,46.753],[7.06048,46.75323],[7.0602,46.75403],[7.0599,46.75433],[7.05919,46.75457],[7.05865,46.75455],[7.05677,46.75421],[7.05632,46.75404],[7.05563,46.75393],[7.05392,46.75374],[7.05341,46.75376],[7.05317,46.75383],[7.05295,46.75393],[7.05276,46.75405],[7.05262,46.7542],[7.05183,46.75519],[7.0516,46.75542],[7.05062,46.75623],[7.04984,46.75662],[7.04958,46.75669],[7.04925,46.75676],[7.04921,46.75677],[7.04878,46.75686],[7.04851,46.75689],[7.04812,46.75693],[7.04784,46.75698],[7.04736,46.7572],[7.04645,46.75785],[7.04643,46.75786],[7.04576,46.75832],[7.04575,46.75833],[7.04505,46.75882],[7.04465,46.75916],[7.04419,46.7598],[7.04406,46.76019],[7.04412,46.76049],[7.04415,46.76087],[7.04413,46.76105],[7.04413,46.76124],[7.04421,46.76163],[7.04421,46.76164],[7.04427,46.76192],[7.04429,46.76202],[7.0445,46.76259],[7.04456,46.76272],[7.04467,46.7629],[7.04489,46.76323],[7.04495,46.76344],[7.04497,46.76363],[7.04497,46.76385],[7.04495,46.76406],[7.04494,46.76413],[7.04494,46.76419],[7.04498,46.76457],[7.04494,46.76475],[7.04472,46.76508],[7.04432,46.76532],[7.04381,46.76542],[7.04203,46.76532],[7.04116,46.76535],[7.04083,46.76531],[7.04081,46.7653],[7.04074,46.76529],[7.04017,46.76515],[7.03998,46.76511],[7.03983,46.76507],[7.03973,46.76506],[7.03902,46.76495],[7.0383,46.76486],[7.03783,46.76476],[7.03683,46.76434],[7.03665,46.76423],[7.03627,46.76381],[7.03583,46.76348],[7.03555,46.76317],[7.03528,46.76282],[7.035,46.76225],[7.03454,46.76185],[7.03358,46.76137],[7.03234,46.76106],[7.03182,46.76108],[7.03157,46.76114],[7.03133,46.76122],[7.03131,46.76123],[7.03093,46.76136],[7.03055,46.76152],[7.03019,46.76169],[7.02994,46.76177],[7.02959,46.76183],[7.0293,46.76183],[7.02765,46.76155],[7.02601,46.76121],[7.02563,46.76117],[7.02534,46.76117],[7.02531,46.76117],[7.02488,46.76118],[7.02471,46.76119],[7.02444,46.76122],[7.02438,46.76122],[7.02421,46.76124],[7.02389,46.76124],[7.0234,46.76115],[7.023,46.76093],[7.02275,46.76063],[7.02257,46.76007],[7.02227,46.75978],[7.02182,46.75954],[7.0212,46.75901],[7.02104,46.75889],[7.02063,46.75865],[7.02053,46.75858],[7.02034,46.75845],[7.02017,46.75831],[7.01996,46.75812],[7.01987,46.75803],[7.01977,46.75792],[7.01958,46.75765],[7.01952,46.75753],[7.01945,46.75735],[7.01938,46.75711],[7.01926,46.75693],[7.0189,46.75652],[7.01876,46.75631],[7.0187,46.75614],[7.01871,46.75554],[7.01838,46.7551],[7.01799,46.75491],[7.01723,46.75466],[7.017,46.7546],[7.01621,46.75444],[7.01583,46.75419],[7.01562,46.75366],[7.01566,46.75344]]]},"properties":{"bfs_nr":2186,"name":"Cottens (FR)"}},{"type":"Feature","geometry":{"type":"Polygon","coordinates":[[[7.15538,46.74539],[7.15465,46.745],[7.1544,46.7447],[7.15434,46.74435],[7.15446,46.74402],[7.15477,46.74374],[7.15521,46.74357],[7.15577,46.74352],[7.15654,46.74355],[7.15742,46.7436],[7.1586,46.74381],[7.15969,46.74381],[7.1617,46.74363],[7.16385,46.7436],[7.16437,46.74352],[7.16491,46.74327],[7.16552,46.74314],[7.16784,46.743],[7.16805,46.743],[7.16836,46.74302],[7.16901,46.74313],[7.1694,46.74321],[7.17013,46.74331],[7.1711,46.74352],[7.17131,46.74361],[7.17165,46.74385],[7.17183,46.74416],[7.17186,46.74437],[7.17184,46.74475],[7.17169,46.74516],[7.17125,46.74558],[7.17112,46.74567],[7.17077,46.74591],[7.17036,46.74621],[7.16976,46.74672],[7.16957,46.74719],[7.16959,46.74736],[7.16964,46.74754],[7.16967,46.7478],[7.1696,46.74866],[7.16949,46.74898],[7.16925,46.74944],[7.16903,46.75024],[7.1692,46.75088],[7.16905,46.75145],[7.16816,46.75269],[7.16781,46.75353],[7.16728,46.75395],[7.16672,46.75411],[7.16619,46.7541],[7.16571,46.75394],[7.16535,46.75373],[7.16456,46.75346],[7.16381,46.75304],[7.1633,46.75289],[7.16271,46.75284],[7.16194,46.75257],[7.16173,46.75243],[7.16152,46.75222],[7.16098,46.75145],[7.16083,46.7513],[7.15922,46.74987],[7.15907,46.74972],[7.15897,46.74956],[7.15886,46.74925],[7.15864,46.74877],[7.1586,46.74856],[7.1586,46.74815],[7.15854,46.74798],[7.15807,46.74756],[7.1576,46.74741],[7.15671,46.74725],[7.1563,46.74705],[7.15603,46.74676],[7.15591,46.74587],[7.15564,46.74554],[7.15538,46.74539]]]},"properties":{"bfs_nr":2194,"name":"Ferpicloz"}},{"type":"Feature","geometry":{"type":"Polygon","coordinates":[[[7.13672,46.79906],[7.13735,46.7986],[7.13804,46.79779],[7.13845,46.79747],[7.13868,46.79719],[7.139,46.79639],[7.13902,46.79598],[7.13909,46.79556],[7.13955,46.79485],[7.14003,46.79446],[7.14063,46.79414],[7.14234,46.79258],[7.14296,46.7922],[7.14354,46.79155],[7.14379,46.79136],[7.14382,46.79134],[7.1441,46.79111],[7.14451,46.7908],[7.14473,46.79065],[7.14516,46.7905],[7.14588,46.7905],[7.14661,46.7907],[7.14689,46.79073],[7.14717,46.79072],[7.14744,46.79066],[7.14798,46.7905],[7.1482,46.79042],[7.1484,46.79031],[7.15098,46.78853],[7.15153,46.78829],[7.15211,46.78824],[7.15259,46.78833],[7.15281,46.78842],[7.15314,46.78867],[7.15338,46.78913],[7.1537,46.78941],[7.15415,46.78959],[7.15467,46.78963],[7.15517,46.78953],[7.15558,46.7893],[7.15572,46.78915],[7.15582,46.78898],[7.15599,46.78856],[7.156,46.78853],[7.15653,46.78707],[7.15694,46.78633],[7.1571,46.78613],[7.15731,46.78596],[7.15806,46.78545],[7.15853,46.7852],[7.15896,46.78504],[7.15944,46.78495],[7.15979,46.78492],[7.16013,46.78494],[7.16029,46.78496],[7.16057,46.78502],[7.16112,46.78526],[7.16157,46.78566],[7.16227,46.78657],[7.16262,46.78738],[7.16268,46.78754],[7.16277,46.78791],[7.16278,46.78794],[7.16297,46.78875],[7.16299,46.78902],[7.16291,46.79034],[7.16292,46.79049],[7.16294,46.7906],[7.16296,46.79067],[7.16307,46.79102],[7.16315,46.79118],[7.16327,46.79133],[7.16342,46.79146],[7.16361,46.79157],[7.16511,46.79227],[7.16552,46.79252],[7.16669,46.79347],[7.16716,46.79365],[7.16743,46.79369],[7.16911,46.7938],[7.16942,46.79379],[7.16971,46.79373],[7.17118,46.79333],[7.17193,46.79331],[7.1746,46.79371],[7.17517,46.79388],[7.17591,46.7943],[7.17674,46.79454],[7.17726,46.79476],[7.18021,46.79668],[7.18062,46.79716],[7.18064,46.79775],[7.18094,46.79821],[7.18132,46.79842],[7.18239,46.79872],[7.183,46.79903],[7.1833,46.79934],[7.18339,46.79971],[7.18331,46.80024],[7.18348,46.80076],[7.18325,46.80131],[7.18211,46.80256],[7.18192,46.80292],[7.18197,46.80329],[7.18225,46.80394],[7.18242,46.80454],[7.18231,46.80491],[7.18168,46.80552],[7.18111,46.80582],[7.18085,46.80613],[7.18078,46.8065],[7.18083,46.80682],[7.18084,46.80807],[7.18095,46.80867],[7.18081,46.80899],[7.18015,46.80969],[7.18004,46.81033],[7.17977,46.8107],[7.17905,46.81138],[7.17866,46.81156],[7.17817,46.81166],[7.17771,46.81186],[7.17741,46.81217],[7.17695,46.81294],[7.17656,46.81349],[7.17621,46.8138],[7.17605,46.81413],[7.17584,46.81534],[7.17583,46.81538],[7.17562,46.81713],[7.17556,46.81735],[7.17546,46.81751],[7.17514,46.81779],[7.17468,46.81796],[7.17374,46.81801],[7.17298,46.81831],[7.17254,46.81872],[7.17224,46.81916],[7.17191,46.8194],[7.17122,46.81958],[7.17039,46.81954],[7.16718,46.81978],[7.16689,46.81979],[7.16661,46.81976],[7.16453,46.81941],[7.16421,46.81933],[7.16364,46.81908],[7.16314,46.81899],[7.16239,46.81912],[7.16176,46.81945],[7.16097,46.81974],[7.1606,46.82018],[7.16056,46.82064],[7.16039,46.82098],[7.16004,46.82124],[7.15982,46.82133],[7.15931,46.82142],[7.15898,46.8214],[7.15812,46.8213],[7.15781,46.82124],[7.15758,46.82116],[7.15721,46.82092],[7.15701,46.8206],[7.15688,46.82007],[7.15692,46.81974],[7.15679,46.81904],[7.15638,46.81859],[7.15509,46.8178],[7.15465,46.81763],[7.15381,46.81756],[7.1535,46.81748],[7.15336,46.81743],[7.15333,46.81742],[7.15319,46.81738],[7.15296,46.81732],[7.15272,46.8173],[7.1522,46.81731],[7.15173,46.81724],[7.1502,46.81684],[7.14308,46.81521],[7.1428,46.81512],[7.14242,46.8149],[7.14219,46.81461],[7.14213,46.8144],[7.14186,46.8128],[7.14155,46.81231],[7.14113,46.81209],[7.14063,46.812],[7.14007,46.81202],[7.13956,46.81193],[7.13915,46.81171],[7.139,46.81156],[7.13881,46.81126],[7.1387,46.8111],[7.13856,46.81082],[7.13855,46.8108],[7.13834,46.81042],[7.13833,46.8104],[7.13807,46.80997],[7.13766,46.80938],[7.13765,46.80886],[7.13829,46.80784],[7.13865,46.80758],[7.13923,46.8074],[7.13975,46.80706],[7.13991,46.80674],[7.14003,46.80619],[7.14059,46.80509],[7.14066,46.80473],[7.14091,46.8044],[7.14145,46.80385],[7.14158,46.8037],[7.14169,46.80336],[7.14159,46.80295],[7.14116,46.80255],[7.1402,46.80214],[7.13972,46.80174],[7.13951,46.80127],[7.13922,46.80099],[7.1388,46.8008],[7.13711,46.80035],[7.1366,46.79995],[7.13649,46.7996],[7.13672,46.79906]]]},"properties":{"bfs_nr":2196,"name":"Fribourg"}},{"type":"Feature","geometry":{"type":"Polygon","coordinates":[[[7.11282,46.80575],[7.11431,46.80317],[7.11444,46.80267],[7.11483,46.80223],[7.11527,46.80205],[7.11577,46.80201],[7.1178,46.80231],[7.11786,46.80232],[7.11887,46.80243],[7.11891,46.80244],[7.1199,46.80254],[7.11996,46.80254],[7.12119,46.80262],[7.12196,46.80265],[7.12232,46.80268],[7.1227,46.80276],[7.12352,46.80283],[7.1243,46.80295],[7.12445,46.80298],[7.1249,46.80308],[7.12492,46.80309],[7.12567,46.80326],[7.12581,46.80329],[7.12691,46.80345],[7.12745,46.80359],[7.12833,46.80393],[7.12873,46.80413],[7.12988,46.80488],[7.13006,46.80498],[7.13039,46.80509],[7.13086,46.8053],[7.13183,46.80582],[7.13283,46.80642],[7.13303,46.80652],[7.13321,46.80662],[7.13334,46.80669],[7.13375,46.80697],[7.13377,46.80698],[7.13423,46.80727],[7.13546,46.80801],[7.13683,46.80898],[7.13736,46.80919],[7.1377,46.80947],[7.13808,46.80999],[7.13833,46.81041],[7.13834,46.81043],[7.13854,46.81079],[7.13856,46.81083],[7.13874,46.81117],[7.13883,46.81151],[7.13879,46.81189],[7.13891,46.81256],[7.13872,46.81307],[7.13821,46.81346],[7.138,46.81379],[7.1379,46.81412],[7.13789,46.81415],[7.13777,46.81463],[7.13751,46.81528],[7.13718,46.8163],[7.13717,46.81634],[7.1371,46.81664],[7.13708,46.81677],[7.13699,46.81712],[7.13707,46.81769],[7.13708,46.81784],[7.13707,46.81797],[7.13707,46.81803],[7.13703,46.81818],[7.13699,46.81832],[7.13692,46.81848],[7.13689,46.81852],[7.13681,46.81864],[7.13671,46.81878],[7.13658,46.81894],[7.13641,46.81911],[7.13628,46.81923],[7.13615,46.8194],[7.13605,46.81977],[7.13619,46.82013],[7.13642,46.82042],[7.13662,46.82097],[7.13653,46.82148],[7.13593,46.82206],[7.1355,46.82225],[7.135,46.82231],[7.1345,46.82223],[7.13398,46.82205],[7.13345,46.82201],[7.13295,46.82212],[7.13241,46.82237],[7.13165,46.82252],[7.13103,46.82278],[7.12947,46.823],[7.12906,46.82316],[7.12823,46.8238],[7.12778,46.82396],[7.12696,46.82395],[7.12554,46.82363],[7.12504,46.82342],[7.12436,46.82291],[7.12194,46.82169],[7.12109,46.82128],[7.12073,46.82104],[7.11969,46.82006],[7.11848,46.81869],[7.11831,46.81853],[7.118,46.81837],[7.11754,46.81806],[7.11665,46.81752],[7.11588,46.81727],[7.11528,46.81686],[7.11468,46.81669],[7.11444,46.81658],[7.11412,46.81634],[7.11335,46.81591],[7.1131,46.81561],[7.11305,46.81526],[7.11319,46.81492],[7.11376,46.81444],[7.11394,46.81409],[7.11395,46.81349],[7.11415,46.81318],[7.11472,46.81279],[7.11496,46.81247],[7.11533,46.81159],[7.11527,46.81101],[7.11506,46.81071],[7.11442,46.81024],[7.11427,46.80989],[7.11435,46.80948],[7.11482,46.80845],[7.1148,46.80812],[7.11434,46.80737],[7.11395,46.80713],[7.11322,46.80691],[7.11287,46.80665],[7.11269,46.80632],[7.11282,46.80575]]]},"properties":{"bfs_nr":2197,"name":"Givisiez"}},{"type":"Feature","geometry":{"type":"Polygon","coordinates":[[[7.12689,46.82551],[7.12671,46.82518],[7.12672,46.82484],[7.12709,46.82439],[7.12773,46.82414],[7.12813,46.82392],[7.12906,46.82316],[7.12947,46.823],[7.13104,46.8228],[7.1316,46.82263],[7.13251,46.82249],[7.13304,46.82222],[7.13351,46.8221],[7.13402,46.82211],[7.13462,46.82228],[7.13489,46.82232],[7.13543,46.82228],[7.13591,46.82209],[7.13653,46.82152],[7.13672,46.82123],[7.13675,46.82075],[7.13661,46.82042],[7.13634,46.82016],[7.13614,46.81966],[7.13625,46.81932],[7.13652,46.81901],[7.13672,46.81877],[7.13676,46.81872],[7.13683,46.81862],[7.13688,46.81854],[7.13693,46.81846],[7.13697,46.81838],[7.137,46.81829],[7.13703,46.8182],[7.13705,46.81811],[7.13706,46.81804],[7.13707,46.81795],[7.13708,46.81786],[7.13708,46.81779],[7.13705,46.81741],[7.1371,46.8171],[7.13708,46.81687],[7.13711,46.81659],[7.13716,46.81636],[7.13718,46.81628],[7.1375,46.8153],[7.13776,46.81466],[7.1379,46.81413],[7.13801,46.8139],[7.13815,46.81374],[7.13852,46.81349],[7.13879,46.81318],[7.13896,46.81269],[7.13924,46.81237],[7.13986,46.81209],[7.14062,46.81201],[7.14113,46.81209],[7.14154,46.81231],[7.14187,46.81284],[7.14213,46.81442],[7.14215,46.81452],[7.14223,46.8147],[7.14237,46.81486],[7.14255,46.815],[7.14277,46.81511],[7.14302,46.81519],[7.15019,46.81684],[7.15178,46.81726],[7.1522,46.81732],[7.15272,46.8173],[7.15296,46.81733],[7.15325,46.81739],[7.15336,46.81743],[7.15417,46.8177],[7.15522,46.81791],[7.15633,46.81856],[7.15678,46.81904],[7.15684,46.8196],[7.15656,46.82032],[7.15665,46.82068],[7.15694,46.82099],[7.15739,46.82119],[7.15765,46.82124],[7.15907,46.82141],[7.15934,46.82142],[7.15961,46.8214],[7.15986,46.82134],[7.16009,46.82124],[7.16044,46.82097],[7.16081,46.82031],[7.16115,46.82004],[7.16162,46.81981],[7.16215,46.81931],[7.16254,46.81911],[7.163,46.81902],[7.16371,46.81912],[7.16421,46.81933],[7.16446,46.81939],[7.16667,46.81977],[7.16689,46.81979],[7.16713,46.81979],[7.17027,46.81954],[7.17096,46.81959],[7.17146,46.81977],[7.17187,46.82018],[7.17198,46.82061],[7.17199,46.82094],[7.17174,46.82245],[7.17162,46.8228],[7.17059,46.82459],[7.17043,46.82481],[7.16988,46.82542],[7.16972,46.82557],[7.16952,46.8257],[7.16862,46.8262],[7.16828,46.82635],[7.16788,46.82649],[7.16758,46.82657],[7.16727,46.82661],[7.16631,46.82666],[7.16597,46.82671],[7.16474,46.82702],[7.16427,46.82709],[7.16072,46.82733],[7.16016,46.82746],[7.15729,46.82867],[7.15697,46.82885],[7.15405,46.83122],[7.15378,46.83139],[7.15346,46.83152],[7.15171,46.83204],[7.1514,46.83211],[7.15107,46.83214],[7.14953,46.83214],[7.14907,46.8322],[7.14817,46.83244],[7.14769,46.83261],[7.14717,46.83268],[7.14665,46.83261],[7.14577,46.83219],[7.14539,46.8317],[7.14508,46.83142],[7.14452,46.83118],[7.1436,46.83085],[7.14317,46.83062],[7.14284,46.83025],[7.14244,46.83001],[7.14113,46.82949],[7.14091,46.82942],[7.14043,46.82937],[7.13995,46.82944],[7.13955,46.82963],[7.13854,46.83059],[7.13814,46.83077],[7.13767,46.83085],[7.13719,46.8308],[7.13692,46.83072],[7.13362,46.82944],[7.13339,46.82937],[7.13319,46.82933],[7.13221,46.82904],[7.13209,46.829],[7.13177,46.82888],[7.13162,46.82883],[7.13123,46.82866],[7.13097,46.82851],[7.1308,46.82836],[7.13044,46.8278],[7.13034,46.82744],[7.1301,46.82711],[7.12969,46.82687],[7.12852,46.82647],[7.12775,46.82616],[7.12752,46.82605],[7.1272,46.82582],[7.12689,46.82551]]]},"properties":{"bfs_nr":2198,"name":"Granges-Paccot"}},{"type":"Feature","geometry":{"type":"Polygon","coordinates":[[[7.12181,46.77387],[7.12348,46.77244],[7.12398,46.77216],[7.12654,46.77121],[7.12706,46.77086],[7.12722,46.77037],[7.12698,46.76989],[7.12655,46.76958],[7.1263,46.76925],[7.12634,46.7687],[7.12647,46.76851],[7.12755,46.76763],[7.12789,46.76709],[7.12866,46.76537],[7.12894,46.76465],[7.12917,46.76414],[7.12917,46.76412],[7.12928,46.76388],[7.1293,46.76385],[7.12942,46.76361],[7.12955,46.76341],[7.13008,46.76307],[7.13031,46.763],[7.1308,46.76297],[7.13127,46.76307],[7.13153,46.76318],[7.13179,46.76332],[7.13213,46.76347],[7.13224,46.76352],[7.1325,46.76361],[7.1327,46.76367],[7.13282,46.7637],[7.13285,46.76371],[7.13579,46.76434],[7.13649,46.76466],[7.13695,46.76513],[7.13741,46.76536],[7.13774,46.76563],[7.13821,46.76616],[7.13833,46.76664],[7.13828,46.76681],[7.13825,46.76705],[7.13832,46.76771],[7.13836,46.76786],[7.13853,46.76813],[7.13891,46.76847],[7.13937,46.7687],[7.13967,46.76895],[7.13995,46.76932],[7.14014,46.76946],[7.14036,46.76957],[7.14061,46.76965],[7.14088,46.76969],[7.14149,46.76968],[7.14197,46.76977],[7.14242,46.76997],[7.14328,46.77014],[7.14354,46.77013],[7.14404,46.77],[7.14492,46.76965],[7.14523,46.76955],[7.14554,46.76949],[7.14577,46.76948],[7.14623,46.76954],[7.14644,46.76961],[7.14668,46.76974],[7.14669,46.76974],[7.14691,46.76985],[7.14715,46.76993],[7.14768,46.76997],[7.14819,46.76987],[7.1486,46.76963],[7.14883,46.76931],[7.14894,46.76893],[7.14942,46.76804],[7.14982,46.7678],[7.15032,46.76768],[7.15092,46.76771],[7.15169,46.76795],[7.15219,46.76821],[7.15266,46.76831],[7.15338,46.76856],[7.15344,46.76858],[7.15357,46.76862],[7.15378,46.76867],[7.15389,46.76869],[7.15409,46.76872],[7.15472,46.76877],[7.15501,46.76875],[7.15512,46.76872],[7.15554,46.76863],[7.15577,46.76857],[7.15614,46.76837],[7.15668,46.76793],[7.15682,46.76786],[7.15687,46.76783],[7.15705,46.76774],[7.15707,46.76773],[7.158,46.76726],[7.15832,46.76712],[7.15907,46.76688],[7.15909,46.76687],[7.15935,46.76679],[7.15974,46.76666],[7.16052,46.76658],[7.16123,46.76645],[7.16183,46.76642],[7.16232,46.76653],[7.16312,46.76692],[7.16361,46.76704],[7.16412,46.76702],[7.16494,46.76671],[7.16544,46.76666],[7.16675,46.76686],[7.16875,46.76684],[7.16996,46.7665],[7.17036,46.76631],[7.17074,46.76599],[7.17116,46.76581],[7.17165,46.76574],[7.17214,46.76581],[7.17267,46.76598],[7.17316,46.76602],[7.17362,46.76593],[7.17402,46.76573],[7.17448,46.76531],[7.17474,46.7649],[7.17511,46.76465],[7.17585,46.76451],[7.17635,46.76459],[7.17697,46.76497],[7.17851,46.76668],[7.1789,46.76725],[7.17904,46.76775],[7.17909,46.76802],[7.17913,46.76818],[7.17922,46.76848],[7.17924,46.76853],[7.17935,46.76881],[7.17939,46.76891],[7.17943,46.76898],[7.17976,46.76944],[7.17979,46.76997],[7.17957,46.77028],[7.17918,46.77052],[7.17889,46.77061],[7.17877,46.77063],[7.17867,46.77066],[7.17852,46.7707],[7.17849,46.77071],[7.17841,46.77074],[7.17834,46.77077],[7.17834,46.77076],[7.17806,46.77086],[7.17801,46.77088],[7.17799,46.77088],[7.17791,46.77091],[7.17784,46.77093],[7.17713,46.77116],[7.17639,46.77138],[7.17601,46.77156],[7.17575,46.77183],[7.1756,46.7722],[7.17546,46.7724],[7.17501,46.77293],[7.17466,46.77324],[7.17301,46.77428],[7.17274,46.77443],[7.17173,46.77471],[7.1712,46.7751],[7.17108,46.77546],[7.1711,46.77564],[7.17117,46.77581],[7.17121,46.77588],[7.17122,46.77591],[7.17133,46.77604],[7.17182,46.77659],[7.17202,46.77688],[7.17224,46.7771],[7.17249,46.77742],[7.17287,46.77775],[7.17303,46.77826],[7.1729,46.7786],[7.17258,46.77888],[7.17214,46.77905],[7.17085,46.77921],[7.16992,46.77911],[7.16942,46.77918],[7.16899,46.77937],[7.16882,46.77951],[7.16788,46.78033],[7.16776,46.78046],[7.16749,46.78081],[7.16738,46.78099],[7.16667,46.78273],[7.16656,46.78288],[7.16601,46.78322],[7.16552,46.78331],[7.16426,46.7831],[7.16374,46.78317],[7.1635,46.78325],[7.1633,46.78337],[7.16313,46.78351],[7.16306,46.7836],[7.16287,46.78386],[7.16219,46.78461],[7.162,46.78477],[7.16162,46.78497],[7.16091,46.78505],[7.16046,46.78499],[7.16006,46.78493],[7.15979,46.78492],[7.15951,46.78494],[7.15921,46.78499],[7.15904,46.78502],[7.15888,46.78506],[7.1586,46.78517],[7.15827,46.78532],[7.1581,46.78542],[7.15726,46.78599],[7.15709,46.78613],[7.15697,46.78629],[7.1566,46.78692],[7.15654,46.78704],[7.156,46.78852],[7.15599,46.78856],[7.15585,46.78891],[7.15573,46.78911],[7.15542,46.78938],[7.15474,46.78959],[7.15424,46.78957],[7.15379,46.78942],[7.15334,46.78901],[7.15321,46.78873],[7.15307,46.78858],[7.15289,46.78844],[7.15266,46.78834],[7.15215,46.78823],[7.15153,46.78828],[7.15104,46.7885],[7.14844,46.79028],[7.1482,46.79042],[7.14792,46.79052],[7.1475,46.79064],[7.14717,46.79071],[7.14661,46.7907],[7.14591,46.79046],[7.14557,46.79019],[7.14541,46.78984],[7.1455,46.78893],[7.14535,46.78847],[7.14493,46.78653],[7.14484,46.78632],[7.1448,46.78624],[7.14467,46.78607],[7.14405,46.78545],[7.14373,46.78523],[7.14251,46.78462],[7.14167,46.78432],[7.14115,46.78429],[7.14,46.78438],[7.13974,46.78441],[7.1395,46.78448],[7.13929,46.78458],[7.13856,46.78501],[7.13852,46.78503],[7.13461,46.78721],[7.13431,46.78735],[7.13397,46.78743],[7.13288,46.78762],[7.13253,46.78765],[7.13218,46.78763],[7.1314,46.78753],[7.13107,46.78746],[7.13083,46.78737],[7.13057,46.78721],[7.13037,46.78707],[7.13014,46.78685],[7.12995,46.78642],[7.13,46.7861],[7.13042,46.78565],[7.13214,46.78457],[7.13226,46.78445],[7.13246,46.78421],[7.13256,46.78404],[7.13262,46.78386],[7.13262,46.78368],[7.13257,46.7835],[7.13231,46.78318],[7.13188,46.78295],[7.1295,46.78217],[7.12927,46.78208],[7.12745,46.78126],[7.12722,46.78113],[7.12694,46.78087],[7.12681,46.78053],[7.1267,46.77974],[7.1265,46.77943],[7.12622,46.77922],[7.12474,46.77841],[7.12457,46.77831],[7.12346,46.77754],[7.12328,46.7774],[7.12297,46.77711],[7.12283,46.77696],[7.12272,46.77679],[7.1221,46.77551],[7.1221,46.7755],[7.12201,46.77533],[7.12184,46.7751],[7.12161,46.77484],[7.12149,46.77452],[7.12155,46.7742],[7.12181,46.77387]]]},"properties":{"bfs_nr":2206,"name":"Marly"}},{"type":"Feature","geometry":{"type":"Polygon","coordinates":[[[7.07186,46.77895],[7.07162,46.7786],[7.0716,46.77825],[7.07177,46.77793],[7.0721,46.77768],[7.07255,46.77753],[7.07324,46.77753],[7.07369,46.77762],[7.07471,46.77769],[7.07539,46.77753],[7.0758,46.77728],[7.07623,46.77712],[7.07671,46.77708],[7.07733,46.77718],[7.07781,46.77741],[7.07885,46.77772],[7.07963,46.77771],[7.08022,46.77749],[7.08101,46.77743],[7.08151,46.77758],[7.08246,46.77817],[7.08296,46.77841],[7.08354,46.77858],[7.08406,46.77864],[7.08457,46.77856],[7.0848,46.77847],[7.085,46.77835],[7.08681,46.777],[7.08796,46.77634],[7.08818,46.77619],[7.08895,46.7755],[7.08897,46.77549],[7.08965,46.77489],[7.08978,46.77479],[7.09003,46.77465],[7.0905,46.77451],[7.09125,46.77456],[7.09168,46.77476],[7.09188,46.77493],[7.09201,46.77506],[7.0921,46.77516],[7.09222,46.77533],[7.09229,46.77544],[7.09232,46.77547],[7.0924,46.77565],[7.09244,46.77581],[7.0925,46.77615],[7.09257,46.77644],[7.09264,46.77664],[7.09278,46.77682],[7.09281,46.77685],[7.09297,46.77706],[7.09307,46.7773],[7.09314,46.77751],[7.09316,46.77756],[7.09327,46.77774],[7.09341,46.7779],[7.09364,46.77811],[7.09382,46.7783],[7.09397,46.77844],[7.09405,46.77851],[7.09422,46.77864],[7.09427,46.77868],[7.09432,46.77871],[7.09439,46.77876],[7.09457,46.77886],[7.0947,46.77894],[7.09487,46.77905],[7.09496,46.77911],[7.09516,46.77919],[7.09524,46.77922],[7.09535,46.77926],[7.09561,46.77933],[7.09667,46.77963],[7.09702,46.77977],[7.09733,46.77996],[7.09759,46.78009],[7.09766,46.78011],[7.09771,46.78013],[7.09781,46.78017],[7.09799,46.78022],[7.0981,46.78025],[7.09834,46.78031],[7.09853,46.78034],[7.09902,46.78042],[7.09984,46.78073],[7.10015,46.78098],[7.10025,46.78112],[7.10055,46.78185],[7.10057,46.78231],[7.10069,46.78265],[7.10094,46.78293],[7.10113,46.78305],[7.10157,46.78319],[7.10197,46.78323],[7.10251,46.78331],[7.10264,46.78333],[7.10484,46.78351],[7.10498,46.78352],[7.10548,46.78359],[7.10599,46.78371],[7.10671,46.78402],[7.10701,46.7842],[7.10723,46.78442],[7.1073,46.78451],[7.10738,46.78462],[7.1077,46.78505],[7.1078,46.78522],[7.10787,46.78542],[7.10788,46.78559],[7.10773,46.78606],[7.10769,46.78627],[7.10768,46.78658],[7.1077,46.78694],[7.10743,46.78754],[7.10742,46.78793],[7.10736,46.78815],[7.10717,46.78861],[7.10706,46.78881],[7.10693,46.78895],[7.10657,46.78917],[7.10564,46.78932],[7.10559,46.78933],[7.10548,46.78934],[7.10528,46.78938],[7.10503,46.78942],[7.1048,46.7895],[7.10444,46.78975],[7.10423,46.79006],[7.10411,46.7907],[7.10379,46.79115],[7.1038,46.79168],[7.10401,46.79197],[7.1041,46.79249],[7.10373,46.79437],[7.10366,46.79458],[7.10341,46.79488],[7.10278,46.79516],[7.10228,46.79518],[7.10203,46.79515],[7.10174,46.79506],[7.10002,46.79441],[7.09968,46.79425],[7.09756,46.79301],[7.09735,46.79285],[7.09721,46.79271],[7.09707,46.79238],[7.09713,46.792],[7.09743,46.7913],[7.09748,46.79112],[7.09747,46.79093],[7.09741,46.79075],[7.0973,46.79058],[7.09694,46.79031],[7.09671,46.79022],[7.09665,46.7902],[7.09561,46.78991],[7.09526,46.78981],[7.09496,46.78971],[7.09455,46.78945],[7.09392,46.78919],[7.09386,46.78916],[7.09365,46.78909],[7.09359,46.78907],[7.0934,46.78901],[7.09337,46.789],[7.09273,46.78882],[7.09234,46.78872],[7.09188,46.78863],[7.09062,46.78843],[7.09019,46.78824],[7.08973,46.78778],[7.08933,46.78756],[7.08883,46.78747],[7.08832,46.78751],[7.08806,46.78758],[7.08779,46.78766],[7.08748,46.78772],[7.08723,46.78774],[7.08656,46.78778],[7.0864,46.78778],[7.08546,46.78778],[7.08537,46.78777],[7.08504,46.78776],[7.08474,46.78773],[7.08452,46.7877],[7.08439,46.78768],[7.08338,46.78747],[7.08234,46.78714],[7.08218,46.78707],[7.08215,46.78706],[7.08198,46.78698],[7.08169,46.78683],[7.08115,46.78648],[7.08103,46.7864],[7.0808,46.78622],[7.08056,46.78603],[7.08051,46.78598],[7.08014,46.78565],[7.0797,46.78527],[7.07952,46.78514],[7.07897,46.78483],[7.07862,46.78465],[7.07814,46.78445],[7.07784,46.78433],[7.07738,46.78419],[7.07728,46.78416],[7.07717,46.78413],[7.07714,46.78412],[7.07671,46.78402],[7.07669,46.78402],[7.07579,46.78382],[7.07536,46.78373],[7.07495,46.78364],[7.07401,46.78345],[7.0736,46.78324],[7.07334,46.78294],[7.07327,46.78273],[7.07292,46.78108],[7.07271,46.78053],[7.07266,46.77996],[7.07254,46.77965],[7.07186,46.77895]]]},"properties":{"bfs_nr":2208,"name":"Matran"}},{"type":"Feature","geometry":{"type":"Polygon","coordinates":[[[7.04413,46.76056],[7.04412,46.76014],[7.04431,46.75982],[7.04485,46.75937],[7.04504,46.75895],[7.04516,46.75878],[7.04537,46.75859],[7.04575,46.75832],[7.04577,46.75831],[7.04644,46.75785],[7.04645,46.75784],[7.04731,46.75723],[7.04785,46.75699],[7.04874,46.75686],[7.04922,46.75677],[7.04924,46.75676],[7.04983,46.75664],[7.05048,46.75634],[7.05165,46.75539],[7.0518,46.75523],[7.05257,46.75426],[7.05276,46.75407],[7.05295,46.75394],[7.05317,46.75384],[7.05342,46.75378],[7.05368,46.75375],[7.055,46.75388],[7.05625,46.75411],[7.05686,46.75433],[7.05814,46.75453],[7.05912,46.75473],[7.0599,46.75498],[7.06024,46.75519],[7.06056,46.75568],[7.06064,46.75581],[7.06079,46.75598],[7.06117,46.75638],[7.06131,46.75658],[7.06145,46.75675],[7.0616,46.75696],[7.06179,46.75735],[7.06182,46.7578],[7.06185,46.75794],[7.06195,46.75813],[7.06202,46.75824],[7.06209,46.75833],[7.06222,46.75845],[7.06238,46.75856],[7.06273,46.75874],[7.06327,46.75907],[7.06375,46.75935],[7.06409,46.75958],[7.06429,46.75979],[7.06441,46.75998],[7.06478,46.76079],[7.06482,46.76092],[7.06485,46.76103],[7.06485,46.76106],[7.06486,46.7612],[7.06492,46.76143],[7.06499,46.76156],[7.06513,46.76176],[7.0653,46.7619],[7.06547,46.76201],[7.06566,46.76209],[7.06588,46.76215],[7.06624,46.76223],[7.06685,46.76235],[7.06726,46.76242],[7.06799,46.76261],[7.06823,46.76266],[7.06878,46.76277],[7.06886,46.76278],[7.06897,46.7628],[7.06916,46.76282],[7.06926,46.76283],[7.06929,46.76283],[7.06971,46.76284],[7.06973,46.76284],[7.06986,46.76284],[7.06996,46.76284],[7.07007,46.76284],[7.07025,46.76284],[7.07043,46.76284],[7.07066,46.76285],[7.07103,46.76289],[7.07111,46.7629],[7.07122,46.76291],[7.07137,46.76292],[7.07144,46.76293],[7.07146,46.76293],[7.07162,46.76294],[7.07166,46.76294],[7.07188,46.76295],[7.07216,46.76296],[7.07221,46.76296],[7.07239,46.76297],[7.07247,46.76298],[7.07269,46.76301],[7.07309,46.76307],[7.07372,46.76323],[7.07413,46.76346],[7.07436,46.76373],[7.07445,46.76382],[7.07462,46.764],[7.07479,46.76414],[7.07512,46.76437],[7.07532,46.76449],[7.0757,46.76478],[7.07585,46.76489],[7.07597,46.76497],[7.07603,46.765],[7.07616,46.76508],[7.07628,46.76516],[7.07636,46.76521],[7.07643,46.76524],[7.07673,46.76538],[7.07717,46.76553],[7.07753,46.76576],[7.07773,46.76607],[7.07795,46.76673],[7.07828,46.76699],[7.07873,46.76714],[7.07922,46.76717],[7.0797,46.76706],[7.08099,46.76655],[7.08147,46.76651],[7.08194,46.76659],[7.08233,46.76678],[7.08279,46.7672],[7.08341,46.7677],[7.08343,46.76772],[7.0835,46.76778],[7.08364,46.7679],[7.08383,46.76802],[7.08404,46.76812],[7.08435,46.76823],[7.08449,46.76827],[7.08464,46.76831],[7.08559,46.76847],[7.08565,46.76849],[7.08584,46.76853],[7.08597,46.76855],[7.0862,46.7686],[7.08632,46.76863],[7.08691,46.7689],[7.08735,46.76942],[7.08753,46.76992],[7.0876,46.77006],[7.08788,46.77048],[7.08789,46.7705],[7.08813,46.77088],[7.08819,46.77096],[7.08835,46.77112],[7.08855,46.77125],[7.08879,46.77134],[7.08922,46.77143],[7.08949,46.77151],[7.08975,46.77163],[7.0902,46.77189],[7.09041,46.77203],[7.09065,46.77232],[7.09079,46.77273],[7.09086,46.77287],[7.09103,46.77319],[7.09111,46.7736],[7.0909,46.77407],[7.09007,46.77458],[7.08977,46.7748],[7.08967,46.77487],[7.08896,46.77549],[7.08895,46.7755],[7.08823,46.77614],[7.0879,46.77637],[7.08684,46.77697],[7.08506,46.77831],[7.08484,46.77844],[7.08463,46.77853],[7.08417,46.77862],[7.08347,46.77853],[7.08258,46.77822],[7.08143,46.77751],[7.08071,46.77734],[7.08021,46.77739],[7.07939,46.77767],[7.07885,46.77768],[7.07799,46.77745],[7.07702,46.77705],[7.0765,46.77695],[7.07572,46.77707],[7.07498,46.7775],[7.0745,46.77759],[7.07381,46.77759],[7.07303,46.77749],[7.0726,46.77751],[7.07207,46.77759],[7.07109,46.77744],[7.07057,46.77744],[7.0695,46.77785],[7.06901,46.77789],[7.06849,46.77785],[7.06823,46.77786],[7.06778,46.7779],[7.06744,46.77791],[7.06721,46.77791],[7.06657,46.77788],[7.06637,46.77789],[7.06613,46.77792],[7.0661,46.77793],[7.06545,46.77801],[7.06512,46.77805],[7.06436,46.77816],[7.06415,46.77819],[7.06381,46.77821],[7.06362,46.77823],[7.06342,46.77825],[7.0632,46.77825],[7.06292,46.77822],[7.06259,46.77816],[7.06238,46.77811],[7.06169,46.77792],[7.0611,46.77773],[7.06062,46.77759],[7.06018,46.77747],[7.05986,46.77738],[7.05897,46.777],[7.05864,46.77669],[7.0583,46.77609],[7.05773,46.77579],[7.05684,46.77566],[7.05564,46.7756],[7.05518,46.77546],[7.05483,46.7752],[7.05465,46.77488],[7.05467,46.77453],[7.05475,46.77436],[7.05491,46.77416],[7.055,46.77402],[7.05506,46.77391],[7.0552,46.77351],[7.05525,46.77333],[7.05524,46.77316],[7.05519,46.77298],[7.05508,46.77282],[7.05493,46.77267],[7.05474,46.77255],[7.05386,46.77217],[7.05355,46.77206],[7.05269,46.77184],[7.05248,46.77179],[7.05221,46.77175],[7.05159,46.77172],[7.05136,46.77168],[7.05094,46.7715],[7.05056,46.77107],[7.05052,46.7709],[7.05057,46.77029],[7.05029,46.7698],[7.04967,46.7695],[7.0489,46.76941],[7.04838,46.76943],[7.04764,46.7697],[7.04691,46.76975],[7.04645,46.76962],[7.0461,46.76939],[7.0456,46.76881],[7.04549,46.76846],[7.04561,46.7678],[7.04544,46.76741],[7.04542,46.76704],[7.04559,46.76669],[7.04604,46.76618],[7.04616,46.76581],[7.04592,46.76528],[7.04521,46.76478],[7.04507,46.7646],[7.04497,46.76436],[7.04494,46.76415],[7.04498,46.76382],[7.04497,46.76367],[7.04494,46.76337],[7.04489,46.76321],[7.04481,46.76305],[7.04478,46.76303],[7.04461,46.76279],[7.04458,46.76275],[7.04449,46.76256],[7.0443,46.76204],[7.04426,46.7619],[7.04421,46.76164],[7.04421,46.76162],[7.04414,46.76128],[7.04413,46.76101],[7.04416,46.76081],[7.04413,46.76056]]]},"properties":{"bfs_nr":2211,"name":"Neyruz (FR)"}},{"type":"Feature","geometry":{"type":"Polygon","coordinates":[[[7.16194,46.78488],[7.16197,46.78485],[7.1629,46.78383],[7.16312,46.78354],[7.16345,46.7833],[7.16389,46.78315],[7.16462,46.78317],[7.16522,46.78333],[7.16575,46.78333],[7.16624,46.78319],[7.16672,46.78276],[7.16685,46.7823],[7.16736,46.78104],[7.16752,46.78077],[7.16773,46.7805],[7.16792,46.7803],[7.16877,46.77956],[7.16898,46.77941],[7.16941,46.77924],[7.1699,46.77919],[7.17071,46.77927],[7.17239,46.77905],[7.17301,46.77874],[7.17323,46.77842],[7.17325,46.77806],[7.17292,46.77759],[7.17251,46.77733],[7.17216,46.77699],[7.17196,46.77675],[7.17136,46.77608],[7.17121,46.77588],[7.17119,46.77585],[7.17111,46.77563],[7.17109,46.77546],[7.17121,46.77511],[7.17173,46.77471],[7.17274,46.77443],[7.17296,46.77432],[7.17473,46.77319],[7.17497,46.77299],[7.17584,46.77196],[7.1761,46.7716],[7.17647,46.77136],[7.17696,46.77121],[7.17767,46.77099],[7.17782,46.77093],[7.17793,46.7709],[7.178,46.77088],[7.17801,46.77088],[7.17805,46.77087],[7.1782,46.77082],[7.1782,46.77081],[7.17838,46.77075],[7.17849,46.77071],[7.17853,46.7707],[7.17865,46.77067],[7.1788,46.77063],[7.17892,46.7706],[7.17916,46.77053],[7.17956,46.7703],[7.1798,46.76998],[7.17977,46.76945],[7.17966,46.76928],[7.17942,46.76895],[7.17934,46.76879],[7.17924,46.76855],[7.17922,46.76847],[7.17909,46.76801],[7.17904,46.76773],[7.17893,46.76729],[7.17853,46.76669],[7.1776,46.76563],[7.17754,46.76513],[7.17789,46.76468],[7.17853,46.76444],[7.17932,46.76448],[7.18085,46.76486],[7.18107,46.7649],[7.18129,46.76492],[7.18185,46.76487],[7.18215,46.76481],[7.18243,46.7647],[7.18307,46.76436],[7.18354,46.76419],[7.18402,46.76416],[7.18447,46.76424],[7.18505,46.76446],[7.18541,46.76472],[7.1856,46.76511],[7.18597,46.7669],[7.18598,46.76697],[7.18602,46.76723],[7.18603,46.76744],[7.18603,46.76758],[7.18599,46.76793],[7.18588,46.76849],[7.18585,46.76863],[7.18577,46.76886],[7.18576,46.76888],[7.18556,46.76938],[7.18553,46.76953],[7.18552,46.76968],[7.18556,46.76982],[7.18565,46.77009],[7.18572,46.77023],[7.18582,46.77036],[7.18642,46.77101],[7.18644,46.77103],[7.18879,46.77343],[7.18944,46.77379],[7.18989,46.77385],[7.19034,46.77381],[7.19149,46.77355],[7.19154,46.77354],[7.19262,46.77332],[7.19297,46.77327],[7.19326,46.77328],[7.19361,46.77335],[7.19438,46.77356],[7.19515,46.77379],[7.19521,46.77381],[7.19548,46.77392],[7.19582,46.77417],[7.19644,46.77483],[7.19714,46.77573],[7.19728,46.77588],[7.19964,46.77786],[7.19996,46.77839],[7.19995,46.77882],[7.19965,46.77954],[7.19914,46.78024],[7.19899,46.78062],[7.19898,46.78095],[7.19881,46.78129],[7.19814,46.78181],[7.1977,46.78208],[7.19745,46.7822],[7.19698,46.78232],[7.19643,46.78232],[7.19588,46.78245],[7.19457,46.78294],[7.19403,46.78339],[7.19366,46.78361],[7.19339,46.7837],[7.19285,46.78383],[7.19263,46.7839],[7.19242,46.784],[7.19225,46.78413],[7.19212,46.78428],[7.19203,46.78444],[7.19187,46.78512],[7.19186,46.78539],[7.19201,46.78573],[7.19286,46.78635],[7.19356,46.78678],[7.19376,46.7871],[7.19377,46.78745],[7.19362,46.78786],[7.19366,46.78817],[7.19396,46.78904],[7.19408,46.78988],[7.19398,46.79021],[7.19371,46.7905],[7.1933,46.7907],[7.19251,46.79076],[7.19034,46.79053],[7.18979,46.79039],[7.18942,46.79015],[7.18907,46.78968],[7.18867,46.78941],[7.18842,46.78933],[7.18819,46.78927],[7.18792,46.78922],[7.18776,46.78921],[7.18759,46.7892],[7.18717,46.7892],[7.1867,46.78922],[7.18585,46.78907],[7.1853,46.7891],[7.1844,46.78927],[7.18379,46.78937],[7.18354,46.78939],[7.18299,46.78943],[7.18266,46.78943],[7.18236,46.78941],[7.18227,46.78941],[7.18202,46.78939],[7.18177,46.78935],[7.18119,46.78918],[7.18094,46.78913],[7.18054,46.78906],[7.18048,46.78905],[7.18001,46.78899],[7.17951,46.78895],[7.17938,46.78894],[7.17919,46.78894],[7.17894,46.78895],[7.17871,46.78899],[7.17829,46.78916],[7.17812,46.78928],[7.1779,46.78957],[7.17769,46.79008],[7.17754,46.79052],[7.17751,46.7906],[7.17748,46.79077],[7.17747,46.7908],[7.17742,46.79108],[7.17727,46.79145],[7.17724,46.79151],[7.1771,46.79226],[7.17695,46.79263],[7.17681,46.79286],[7.17676,46.79293],[7.17665,46.79307],[7.17638,46.79336],[7.17597,46.79364],[7.1755,46.79377],[7.17492,46.79376],[7.17164,46.79327],[7.17082,46.79333],[7.16978,46.79372],[7.16941,46.79378],[7.16903,46.79379],[7.16751,46.7937],[7.16717,46.79365],[7.1667,46.79347],[7.16546,46.79247],[7.16519,46.7923],[7.16367,46.79159],[7.16343,46.79146],[7.16315,46.79118],[7.16306,46.79097],[7.16297,46.79069],[7.16294,46.79058],[7.16293,46.79053],[7.16292,46.7903],[7.16299,46.78897],[7.16298,46.7888],[7.16278,46.78793],[7.16277,46.78791],[7.16267,46.78751],[7.16263,46.78741],[7.16225,46.78652],[7.16169,46.78575],[7.16163,46.7854],[7.16194,46.78488]]]},"properties":{"bfs_nr":2216,"name":"Pierrafortscha"}},{"type":"Feature","geometry":{"type":"Polygon","coordinates":[[[7.14969,46.74059],[7.1504,46.74002],[7.15093,46.73933],[7.15097,46.73901],[7.15093,46.73885],[7.15079,46.73852],[7.15075,46.73831],[7.15049,46.73724],[7.15042,46.73706],[7.15026,46.73678],[7.15012,46.7366],[7.14993,46.7364],[7.14991,46.73638],[7.14984,46.73628],[7.14983,46.73628],[7.14973,46.73608],[7.14971,46.73575],[7.14986,46.73543],[7.15021,46.73514],[7.15069,46.73488],[7.15086,46.73481],[7.15102,46.73475],[7.15132,46.73465],[7.15171,46.73449],[7.15219,46.73432],[7.15229,46.73429],[7.15236,46.73426],[7.15259,46.73414],[7.15278,46.73398],[7.15301,46.7337],[7.15362,46.73324],[7.15384,46.73313],[7.15487,46.73283],[7.15607,46.73256],[7.15613,46.73255],[7.15638,46.7325],[7.15641,46.73249],[7.15721,46.73231],[7.15723,46.73231],[7.15731,46.73229],[7.15759,46.73225],[7.1576,46.73224],[7.15782,46.73222],[7.15805,46.73217],[7.1586,46.73195],[7.15913,46.73183],[7.15957,46.73161],[7.15985,46.73133],[7.16104,46.73055],[7.16232,46.72993],[7.16251,46.72978],[7.16359,46.72869],[7.16378,46.72841],[7.16388,46.72806],[7.16394,46.72741],[7.16433,46.72679],[7.16495,46.72628],[7.1652,46.72579],[7.16567,46.72542],[7.16588,46.72534],[7.16617,46.72528],[7.16687,46.72518],[7.16707,46.72515],[7.16725,46.72509],[7.16826,46.72472],[7.16832,46.72469],[7.16893,46.72449],[7.1695,46.72428],[7.16951,46.72428],[7.16989,46.72414],[7.16999,46.7241],[7.17109,46.72363],[7.17127,46.72351],[7.1737,46.72159],[7.17383,46.72146],[7.17393,46.72133],[7.17425,46.72078],[7.17536,46.71833],[7.17565,46.71766],[7.1757,46.71728],[7.17529,46.7151],[7.17528,46.71485],[7.17546,46.71448],[7.17622,46.7138],[7.17671,46.71343],[7.17738,46.71318],[7.17782,46.71288],[7.17799,46.71272],[7.17811,46.71256],[7.1782,46.71241],[7.17824,46.71231],[7.17833,46.71206],[7.17863,46.71166],[7.17884,46.71117],[7.17914,46.7109],[7.18058,46.71023],[7.1811,46.70991],[7.18215,46.70953],[7.18237,46.7094],[7.18254,46.70924],[7.18275,46.709],[7.1828,46.70893],[7.18295,46.70871],[7.18297,46.70867],[7.18319,46.7083],[7.1835,46.70797],[7.18391,46.70775],[7.18441,46.70744],[7.18447,46.70741],[7.18486,46.70714],[7.18502,46.70701],[7.18514,46.70686],[7.18535,46.70651],[7.18543,46.70636],[7.18561,46.70608],[7.18576,46.70593],[7.18602,46.70572],[7.18621,46.7055],[7.1864,46.70531],[7.18641,46.7053],[7.18657,46.70515],[7.18663,46.70509],[7.18678,46.70495],[7.18684,46.7049],[7.18699,46.70473],[7.18702,46.7047],[7.18716,46.70454],[7.18729,46.70442],[7.18742,46.70429],[7.1877,46.70405],[7.19144,46.70153],[7.19216,46.70126],[7.19267,46.70126],[7.19369,46.70165],[7.19404,46.70195],[7.19422,46.7023],[7.19432,46.70243],[7.19446,46.70258],[7.19468,46.70275],[7.19508,46.703],[7.19545,46.70327],[7.19549,46.7033],[7.19603,46.70367],[7.19638,46.70389],[7.19651,46.70401],[7.19662,46.70415],[7.1967,46.70432],[7.19679,46.70472],[7.1969,46.70488],[7.19704,46.70502],[7.19722,46.70514],[7.19742,46.70525],[7.1976,46.70534],[7.1978,46.70543],[7.19788,46.70547],[7.19804,46.70559],[7.19835,46.70574],[7.2003,46.70646],[7.2059,46.70889],[7.20643,46.70928],[7.20656,46.70961],[7.2065,46.70994],[7.20629,46.71029],[7.20622,46.71062],[7.20634,46.71094],[7.20667,46.71128],[7.20737,46.71167],[7.20759,46.71196],[7.20776,46.71215],[7.20789,46.71231],[7.20797,46.71242],[7.20803,46.71251],[7.20823,46.71287],[7.20833,46.71303],[7.20867,46.71328],[7.20912,46.71343],[7.20961,46.71346],[7.21018,46.71339],[7.21071,46.71347],[7.2114,46.71374],[7.21203,46.71412],[7.21228,46.7145],[7.21251,46.7147],[7.21278,46.71485],[7.21308,46.71498],[7.21325,46.71504],[7.21397,46.7152],[7.21418,46.71528],[7.21439,46.71539],[7.21475,46.71566],[7.21515,46.71613],[7.21552,46.71652],[7.21569,46.71684],[7.21599,46.71708],[7.21671,46.71751],[7.21688,46.71785],[7.21689,46.71803],[7.21684,46.71825],[7.21613,46.72008],[7.21608,46.72031],[7.21605,46.72074],[7.21596,46.72104],[7.21589,46.72123],[7.21582,46.72172],[7.21526,46.72258],[7.21517,46.72277],[7.21511,46.72336],[7.2149,46.72371],[7.21447,46.72469],[7.21456,46.72505],[7.215,46.72564],[7.21526,46.72619],[7.21531,46.72633],[7.21537,46.72652],[7.21541,46.72687],[7.21541,46.72688],[7.21537,46.7272],[7.21531,46.72771],[7.21531,46.72774],[7.21528,46.72793],[7.21523,46.72815],[7.21517,46.72829],[7.21513,46.72846],[7.21529,46.72895],[7.21604,46.72959],[7.21628,46.72998],[7.21634,46.73061],[7.21584,46.73182],[7.21581,46.73213],[7.21583,46.73245],[7.21595,46.73276],[7.21629,46.73327],[7.21663,46.73364],[7.21716,46.73402],[7.2181,46.73548],[7.21849,46.73571],[7.21957,46.73595],[7.21993,46.73619],[7.22013,46.7365],[7.22015,46.73684],[7.21995,46.73739],[7.21943,46.73807],[7.21895,46.73854],[7.21855,46.73878],[7.21802,46.73891],[7.21749,46.73889],[7.21526,46.73824],[7.21465,46.73801],[7.21417,46.73799],[7.21357,46.73806],[7.21204,46.73786],[7.21132,46.73789],[7.21065,46.73802],[7.21002,46.73827],[7.20943,46.73839],[7.20856,46.73887],[7.2083,46.73919],[7.20823,46.73975],[7.20804,46.74026],[7.20805,46.74044],[7.20819,46.74103],[7.20805,46.74138],[7.20758,46.74188],[7.20741,46.74231],[7.20713,46.74262],[7.20684,46.74308],[7.20667,46.74323],[7.20593,46.74363],[7.20556,46.74392],[7.20427,46.74442],[7.20393,46.74472],[7.20355,46.74525],[7.20319,46.74548],[7.20262,46.74567],[7.20199,46.74613],[7.20137,46.74642],[7.20109,46.74671],[7.20081,46.74725],[7.20038,46.74757],[7.20024,46.74773],[7.20016,46.74785],[7.20002,46.74801],[7.19987,46.74813],[7.19962,46.74827],[7.19951,46.74835],[7.19924,46.74854],[7.19848,46.74882],[7.19815,46.749],[7.19781,46.74933],[7.19764,46.74965],[7.19732,46.74992],[7.19689,46.75014],[7.19662,46.7504],[7.19641,46.75098],[7.19598,46.75175],[7.19522,46.75228],[7.19477,46.75249],[7.1943,46.75292],[7.19386,46.75313],[7.19311,46.75324],[7.19266,46.75341],[7.19224,46.75374],[7.19136,46.75429],[7.19067,46.75464],[7.19035,46.75509],[7.18998,46.75536],[7.18943,46.75558],[7.18912,46.75584],[7.18877,46.75654],[7.18827,46.75709],[7.18812,46.75718],[7.18569,46.7587],[7.18548,46.7588],[7.18512,46.75894],[7.18433,46.75931],[7.18407,46.75938],[7.18296,46.75963],[7.18263,46.75968],[7.18229,46.75967],[7.17914,46.75943],[7.17885,46.75939],[7.17843,46.75925],[7.17787,46.75891],[7.17709,46.75881],[7.17682,46.75885],[7.17622,46.75896],[7.17582,46.75899],[7.17568,46.759],[7.17558,46.759],[7.17529,46.75899],[7.17503,46.75897],[7.1745,46.7589],[7.17428,46.75883],[7.17362,46.75852],[7.17315,46.75846],[7.17267,46.75851],[7.1722,46.75863],[7.17176,46.75873],[7.17134,46.75881],[7.17104,46.75885],[7.17055,46.75881],[7.17012,46.75866],[7.16965,46.7583],[7.16929,46.75812],[7.1686,46.75793],[7.16765,46.75735],[7.1674,46.75704],[7.16735,46.75668],[7.16752,46.7557],[7.16796,46.75507],[7.16803,46.75469],[7.16787,46.75412],[7.16789,46.75339],[7.16816,46.75269],[7.16921,46.75123],[7.16935,46.75085],[7.16916,46.75024],[7.16916,46.74992],[7.16959,46.74871],[7.16961,46.74861],[7.16961,46.74859],[7.16967,46.74808],[7.16968,46.74798],[7.16967,46.74778],[7.16966,46.74769],[7.16963,46.74752],[7.1696,46.7474],[7.16958,46.74719],[7.16978,46.74671],[7.17036,46.74621],[7.17103,46.74573],[7.17142,46.74551],[7.1717,46.7452],[7.17176,46.74503],[7.17186,46.74468],[7.17187,46.7445],[7.17186,46.74433],[7.17184,46.74416],[7.17165,46.74385],[7.17132,46.7436],[7.17111,46.74352],[7.17088,46.74346],[7.17009,46.7433],[7.16851,46.74304],[7.1684,46.74302],[7.1683,46.74301],[7.1681,46.743],[7.16802,46.743],[7.16788,46.743],[7.1651,46.74317],[7.1646,46.74327],[7.16425,46.74345],[7.16379,46.74358],[7.16347,46.74361],[7.16166,46.74363],[7.15972,46.74381],[7.15855,46.74381],[7.15767,46.74362],[7.15653,46.74354],[7.15584,46.74352],[7.15549,46.74348],[7.15278,46.74302],[7.15192,46.74274],[7.15127,46.74258],[7.15094,46.74247],[7.1507,46.74238],[7.15053,46.74228],[7.15036,46.74214],[7.1499,46.74171],[7.14977,46.74157],[7.14971,46.7415],[7.14959,46.74129],[7.14958,46.74076],[7.14969,46.74059]]]},"properties":{"bfs_nr":2220,"name":"Le Mouret"}},{"type":"Feature","geometry":{"type":"Polygon","coordinates":[[[7.11034,46.73257],[7.11013,46.73243],[7.10999,46.7323],[7.10982,46.732],[7.1098,46.73184],[7.10987,46.73148],[7.10996,46.73125],[7.11033,46.7309],[7.1107,46.73069],[7.11115,46.73056],[7.11182,46.73046],[7.11254,46.73047],[7.11303,46.73036],[7.11411,46.72997],[7.11433,46.72987],[7.11453,46.72973],[7.11467,46.72957],[7.11477,46.7294],[7.11495,46.72891],[7.11499,46.7287],[7.11497,46.72847],[7.11489,46.7283],[7.11477,46.72814],[7.11471,46.72808],[7.11454,46.72794],[7.11432,46.72779],[7.11416,46.72769],[7.11376,46.72756],[7.11164,46.72716],[7.11132,46.72707],[7.11103,46.72693],[7.11073,46.72676],[7.1105,46.72658],[7.11035,46.72642],[7.11012,46.7257],[7.11029,46.72512],[7.11037,46.7247],[7.11044,46.72448],[7.1107,46.72417],[7.11111,46.72396],[7.11142,46.72388],[7.11204,46.72379],[7.11291,46.72382],[7.11317,46.72379],[7.11342,46.72371],[7.11364,46.72361],[7.11382,46.72348],[7.11396,46.72332],[7.11405,46.72319],[7.11412,46.72308],[7.1142,46.72291],[7.11425,46.72276],[7.11426,46.72261],[7.11424,46.7221],[7.11423,46.72202],[7.11409,46.72122],[7.11408,46.72115],[7.11407,46.72093],[7.11411,46.72077],[7.11448,46.72033],[7.11518,46.71994],[7.1158,46.71972],[7.11598,46.7196],[7.11624,46.7193],[7.11639,46.71892],[7.1167,46.71862],[7.11727,46.71832],[7.11758,46.718],[7.11764,46.71783],[7.11771,46.71759],[7.1179,46.71727],[7.11806,46.71711],[7.11848,46.71689],[7.11903,46.71678],[7.11959,46.7166],[7.11985,46.71648],[7.12039,46.71601],[7.12081,46.71554],[7.12141,46.71519],[7.12193,46.71506],[7.12229,46.71505],[7.12244,46.71506],[7.12327,46.71505],[7.12375,46.7151],[7.12489,46.71549],[7.12515,46.71556],[7.12542,46.71559],[7.1257,46.71558],[7.12597,46.71553],[7.12635,46.71538],[7.1269,46.71528],[7.12761,46.71531],[7.12823,46.71527],[7.12893,46.71529],[7.12924,46.71528],[7.12931,46.71528],[7.12949,46.71525],[7.12969,46.71521],[7.13005,46.71517],[7.13092,46.71522],[7.13119,46.71519],[7.13144,46.71513],[7.13346,46.71445],[7.13382,46.71436],[7.13613,46.71394],[7.1369,46.71378],[7.13715,46.71378],[7.13766,46.71383],[7.13788,46.71383],[7.13846,46.7138],[7.13877,46.71376],[7.13918,46.71367],[7.13949,46.71366],[7.13981,46.71368],[7.1405,46.71381],[7.14081,46.71389],[7.14123,46.71413],[7.14179,46.71467],[7.14246,46.71486],[7.14303,46.71484],[7.14354,46.71491],[7.14467,46.71535],[7.14575,46.71566],[7.1462,46.71571],[7.14643,46.71569],[7.14665,46.71564],[7.14724,46.71548],[7.14728,46.71547],[7.14777,46.71532],[7.14789,46.71527],[7.14832,46.7151],[7.14866,46.71499],[7.14902,46.7149],[7.1491,46.71488],[7.14993,46.71471],[7.15018,46.71463],[7.1504,46.71453],[7.15085,46.7142],[7.15111,46.71409],[7.15158,46.71399],[7.15207,46.71402],[7.15251,46.71417],[7.15283,46.71442],[7.15308,46.7148],[7.15324,46.71494],[7.15343,46.71506],[7.15365,46.71515],[7.15414,46.71524],[7.15542,46.7151],[7.15586,46.71492],[7.15617,46.71463],[7.15644,46.71382],[7.15683,46.71352],[7.15819,46.7128],[7.15888,46.7126],[7.16017,46.71264],[7.16045,46.71263],[7.16072,46.71258],[7.16255,46.71209],[7.16287,46.71196],[7.16297,46.71191],[7.16309,46.71183],[7.16323,46.71174],[7.16349,46.7116],[7.16409,46.71143],[7.1654,46.711],[7.16554,46.71096],[7.1672,46.71052],[7.16964,46.70994],[7.16985,46.70988],[7.17074,46.70954],[7.17105,46.70947],[7.17162,46.70941],[7.17183,46.70936],[7.17202,46.70928],[7.1724,46.7091],[7.1729,46.70883],[7.17322,46.70872],[7.17652,46.70796],[7.17654,46.70796],[7.17818,46.70756],[7.1784,46.70749],[7.1786,46.7074],[7.17877,46.70728],[7.1789,46.70714],[7.18205,46.70312],[7.18243,46.7028],[7.18291,46.70263],[7.18344,46.70262],[7.18512,46.70303],[7.18557,46.70309],[7.1861,46.70304],[7.18662,46.7031],[7.18707,46.70328],[7.18737,46.70358],[7.18748,46.70393],[7.18738,46.70429],[7.18722,46.70449],[7.18718,46.70452],[7.18703,46.7047],[7.18699,46.70474],[7.18685,46.70488],[7.18677,46.70496],[7.18662,46.7051],[7.18658,46.70514],[7.18641,46.70531],[7.1864,46.70531],[7.18621,46.70551],[7.18612,46.7056],[7.18575,46.70593],[7.18565,46.70603],[7.18557,46.70612],[7.18545,46.70631],[7.18534,46.70654],[7.18516,46.70682],[7.18501,46.70701],[7.18481,46.70717],[7.18448,46.7074],[7.1844,46.70745],[7.18394,46.70773],[7.18373,46.70784],[7.1837,46.70786],[7.1835,46.70797],[7.18322,46.70826],[7.18297,46.70866],[7.18294,46.70871],[7.18281,46.70891],[7.18273,46.70901],[7.18258,46.70919],[7.18236,46.7094],[7.18214,46.70953],[7.18109,46.70991],[7.1805,46.71026],[7.17859,46.71116],[7.17832,46.71164],[7.17828,46.71214],[7.17817,46.71247],[7.17813,46.71252],[7.178,46.71271],[7.17784,46.71285],[7.17745,46.71306],[7.17691,46.71321],[7.17656,46.71341],[7.17625,46.71375],[7.17545,46.71448],[7.17528,46.71485],[7.17528,46.71505],[7.17569,46.71723],[7.17563,46.7177],[7.17535,46.71833],[7.17433,46.7206],[7.17413,46.72089],[7.17397,46.72123],[7.17384,46.72144],[7.17364,46.72164],[7.17131,46.72348],[7.17108,46.72363],[7.17068,46.7238],[7.17002,46.72409],[7.16987,46.72415],[7.16951,46.72428],[7.16949,46.72429],[7.16894,46.72448],[7.16892,46.72449],[7.16831,46.7247],[7.16827,46.72471],[7.1673,46.72507],[7.16706,46.72514],[7.16682,46.72519],[7.16641,46.72524],[7.16637,46.72525],[7.16611,46.72529],[7.16588,46.72534],[7.16566,46.72542],[7.1652,46.72579],[7.16497,46.72623],[7.16438,46.72668],[7.16408,46.72699],[7.16394,46.72736],[7.16389,46.72787],[7.16373,46.7284],[7.16366,46.72858],[7.16349,46.72879],[7.16256,46.72973],[7.16239,46.72987],[7.16218,46.72999],[7.16101,46.73057],[7.15968,46.73142],[7.15923,46.73175],[7.15852,46.73196],[7.15803,46.73216],[7.15772,46.73222],[7.15748,46.73226],[7.15737,46.73228],[7.15722,46.73231],[7.15721,46.73231],[7.15642,46.73249],[7.15637,46.7325],[7.15612,46.73255],[7.15608,46.73256],[7.15503,46.73279],[7.15385,46.73306],[7.15348,46.73327],[7.15292,46.73378],[7.15273,46.734],[7.15255,46.73415],[7.15228,46.73429],[7.15172,46.73449],[7.15099,46.73476],[7.15089,46.7348],[7.15065,46.7349],[7.1505,46.73498],[7.15008,46.73522],[7.14991,46.73536],[7.14978,46.73552],[7.14971,46.73569],[7.14969,46.73588],[7.14972,46.73606],[7.14981,46.73623],[7.14985,46.7363],[7.1499,46.73637],[7.15007,46.73657],[7.1501,46.7366],[7.15034,46.73691],[7.15039,46.73701],[7.1505,46.73728],[7.15075,46.73832],[7.15075,46.73833],[7.15081,46.73859],[7.15087,46.73884],[7.15082,46.73918],[7.15059,46.73948],[7.14973,46.74014],[7.14928,46.74028],[7.14854,46.74027],[7.14832,46.7402],[7.14785,46.73996],[7.14751,46.7398],[7.14726,46.73971],[7.14671,46.73965],[7.14262,46.73981],[7.14214,46.73996],[7.14166,46.7403],[7.14124,46.74049],[7.14093,46.74054],[7.14038,46.74061],[7.14019,46.74062],[7.14,46.74063],[7.13954,46.74061],[7.13899,46.74047],[7.13789,46.7404],[7.13758,46.74035],[7.13668,46.74005],[7.13589,46.7396],[7.13569,46.73953],[7.13547,46.73948],[7.13467,46.73935],[7.13445,46.73933],[7.13378,46.73933],[7.13304,46.73915],[7.13256,46.73905],[7.13231,46.73895],[7.13172,46.73858],[7.13141,46.7382],[7.13109,46.73796],[7.13044,46.73768],[7.1299,46.73761],[7.12917,46.73776],[7.12856,46.7378],[7.12768,46.73771],[7.12712,46.73753],[7.12658,46.73747],[7.12592,46.73727],[7.12538,46.73718],[7.12511,46.73711],[7.12481,46.73709],[7.12359,46.73705],[7.12255,46.73716],[7.12169,46.73739],[7.12113,46.73736],[7.11981,46.73714],[7.11863,46.73724],[7.11754,46.73728],[7.1173,46.73731],[7.1163,46.7375],[7.11581,46.73754],[7.11514,46.73755],[7.11482,46.73753],[7.11457,46.73748],[7.11414,46.73728],[7.11385,46.73698],[7.11376,46.73663],[7.11387,46.73629],[7.1144,46.73573],[7.11455,46.73555],[7.11475,46.7352],[7.11482,46.73504],[7.11484,46.73488],[7.11476,46.73455],[7.11466,46.73441],[7.11426,46.73395],[7.11402,46.73374],[7.11371,46.73354],[7.11347,46.73342],[7.11257,46.73308],[7.11222,46.73298],[7.11119,46.73282],[7.111,46.73278],[7.11081,46.73274],[7.11056,46.73266],[7.11034,46.73257]]]},"properties":{"bfs_nr":2226,"name":"Treyvaux"}},{"type":"Feature","geometry":{"type":"Polygon","coordinates":[[[7.10398,46.79096],[7.10418,46.79062],[7.10433,46.78998],[7.10478,46.78955],[7.105,46.78945],[7.10531,46.78937],[7.1056,46.78932],[7.10582,46.78931],[7.10612,46.78929],[7.10658,46.78918],[7.10677,46.78908],[7.10693,46.78895],[7.10706,46.78881],[7.10715,46.78866],[7.10736,46.78816],[7.10748,46.78796],[7.10779,46.78769],[7.10824,46.78752],[7.10886,46.78743],[7.10953,46.78738],[7.10989,46.78733],[7.11003,46.78729],[7.11023,46.78723],[7.11041,46.78714],[7.11056,46.78704],[7.11082,46.78685],[7.11107,46.78671],[7.11142,46.78655],[7.11158,46.78649],[7.11191,46.78636],[7.11213,46.7863],[7.11236,46.78621],[7.11255,46.7861],[7.11283,46.78581],[7.1129,46.78564],[7.1129,46.7853],[7.11268,46.78485],[7.11264,46.78467],[7.11264,46.78462],[7.11268,46.78426],[7.11275,46.7841],[7.11283,46.78398],[7.11299,46.78383],[7.11339,46.78362],[7.11369,46.78355],[7.114,46.78349],[7.11455,46.78342],[7.11487,46.7834],[7.11538,46.78347],[7.11603,46.78378],[7.11672,46.7839],[7.11769,46.78373],[7.11821,46.78376],[7.11872,46.78396],[7.11912,46.7842],[7.11926,46.78427],[7.11978,46.7845],[7.11991,46.78455],[7.12025,46.78466],[7.12054,46.78473],[7.12078,46.78477],[7.12101,46.78479],[7.12124,46.78478],[7.12272,46.78465],[7.12319,46.78464],[7.12361,46.78469],[7.12505,46.78492],[7.12547,46.78494],[7.12641,46.78489],[7.12774,46.78477],[7.12861,46.78481],[7.12907,46.78497],[7.12943,46.78527],[7.12962,46.78561],[7.13002,46.78666],[7.13014,46.78685],[7.13032,46.78703],[7.13062,46.78725],[7.13083,46.78737],[7.13107,46.78746],[7.13133,46.78752],[7.13225,46.78764],[7.13253,46.78766],[7.13281,46.78763],[7.13404,46.78742],[7.13431,46.78735],[7.13455,46.78724],[7.13853,46.78503],[7.13855,46.78502],[7.13924,46.78461],[7.13974,46.78442],[7.14006,46.78437],[7.14109,46.78429],[7.14167,46.78433],[7.14255,46.78464],[7.14369,46.7852],[7.14408,46.78548],[7.14463,46.78604],[7.14482,46.78627],[7.14494,46.78658],[7.14536,46.7885],[7.14549,46.78893],[7.14538,46.78983],[7.1452,46.79022],[7.14501,46.79041],[7.1441,46.79111],[7.14382,46.79133],[7.14379,46.79136],[7.14333,46.79171],[7.14328,46.79175],[7.14269,46.79226],[7.141,46.7938],[7.14079,46.79396],[7.1406,46.79406],[7.1401,46.79425],[7.13974,46.79457],[7.13917,46.79541],[7.13909,46.79556],[7.13905,46.79571],[7.13897,46.79628],[7.13881,46.7966],[7.1387,46.79712],[7.13822,46.79764],[7.1377,46.79793],[7.137,46.79858],[7.1365,46.79888],[7.13619,46.79916],[7.13606,46.79951],[7.13614,46.79986],[7.13641,46.80016],[7.13682,46.80037],[7.13781,46.80055],[7.13873,46.80079],[7.13919,46.80101],[7.13947,46.80129],[7.13969,46.80171],[7.1402,46.80214],[7.141,46.80263],[7.14136,46.80339],[7.14138,46.80377],[7.1413,46.80396],[7.14113,46.80417],[7.14092,46.80438],[7.14077,46.80451],[7.1406,46.80465],[7.14041,46.80497],[7.14034,46.80557],[7.14011,46.80594],[7.13993,46.80649],[7.13964,46.8068],[7.13885,46.80714],[7.13843,46.80754],[7.13816,46.80802],[7.13785,46.80837],[7.13742,46.80857],[7.13665,46.80862],[7.13617,46.80848],[7.13537,46.80795],[7.1343,46.80731],[7.13422,46.80727],[7.13378,46.80698],[7.13374,46.80696],[7.13333,46.80669],[7.13329,46.80666],[7.13311,46.80656],[7.13186,46.80583],[7.13083,46.80529],[7.13044,46.80511],[7.13005,46.80497],[7.12983,46.80484],[7.12867,46.80409],[7.1284,46.80395],[7.12736,46.80356],[7.12701,46.80347],[7.12584,46.80329],[7.12564,46.80325],[7.12491,46.80308],[7.12489,46.80308],[7.12442,46.80298],[7.12432,46.80296],[7.12323,46.80278],[7.12217,46.80266],[7.122,46.80265],[7.12117,46.80262],[7.11997,46.80254],[7.11989,46.80253],[7.11891,46.80244],[7.11886,46.80243],[7.11788,46.80232],[7.11778,46.80231],[7.11545,46.80194],[7.11491,46.80199],[7.11445,46.80218],[7.11375,46.80265],[7.11323,46.80273],[7.11264,46.80266],[7.11151,46.80233],[7.11064,46.80194],[7.10956,46.80147],[7.10881,46.80119],[7.10856,46.80104],[7.10852,46.801],[7.10832,46.80081],[7.10819,46.8006],[7.10805,46.80029],[7.10797,46.80003],[7.10794,46.79985],[7.10793,46.79976],[7.10791,46.79949],[7.10791,46.79938],[7.10793,46.79895],[7.10793,46.79882],[7.10783,46.79819],[7.10775,46.7977],[7.10775,46.79728],[7.10776,46.79721],[7.10773,46.79705],[7.10745,46.79651],[7.10749,46.79595],[7.10742,46.7956],[7.1073,46.79542],[7.10649,46.79435],[7.10648,46.79433],[7.10622,46.79399],[7.10618,46.79394],[7.10587,46.79361],[7.10523,46.79298],[7.10451,46.79217],[7.10405,46.79174],[7.1039,46.79119],[7.10398,46.79096]]]},"properties":{"bfs_nr":2228,"name":"Villars-sur-Gl\u00e2ne"}},{"type":"Feature","geometry":{"type":"Polygon","coordinates":[[[7.16184,46.76557],[7.16185,46.76512],[7.162,46.76479],[7.16251,46.76444],[7.16291,46.76434],[7.16334,46.76421],[7.16355,46.76414],[7.16373,46.76404],[7.16415,46.76376],[7.16455,46.76319],[7.16455,46.76275],[7.16451,46.76259],[7.16445,46.76243],[7.16429,46.7621],[7.1644,46.76146],[7.16483,46.7609],[7.16526,46.76006],[7.16541,46.7597],[7.16572,46.75921],[7.16617,46.75886],[7.1663,46.75868],[7.16655,46.75822],[7.16686,46.75795],[7.16728,46.75779],[7.16777,46.75774],[7.16824,46.75782],[7.16874,46.75804],[7.1696,46.7583],[7.17002,46.75862],[7.17047,46.75881],[7.17073,46.75885],[7.171,46.75886],[7.17126,46.75882],[7.17177,46.75873],[7.17213,46.75865],[7.1728,46.7585],[7.17329,46.75851],[7.1743,46.75888],[7.17454,46.75892],[7.17507,46.75897],[7.17525,46.75899],[7.1756,46.759],[7.17567,46.759],[7.17588,46.75899],[7.17615,46.75897],[7.17636,46.75894],[7.17644,46.75892],[7.17668,46.75888],[7.17699,46.75884],[7.17749,46.75887],[7.17793,46.75903],[7.17835,46.75929],[7.1789,46.75942],[7.18235,46.75968],[7.18263,46.75968],[7.1829,46.75964],[7.18413,46.75937],[7.18434,46.75931],[7.18509,46.75896],[7.18528,46.7589],[7.1856,46.75875],[7.18765,46.75748],[7.18812,46.75727],[7.1886,46.75719],[7.18933,46.75724],[7.18973,46.75743],[7.19001,46.7577],[7.19026,46.75817],[7.19066,46.75851],[7.19088,46.75885],[7.19079,46.75939],[7.19043,46.76],[7.19025,46.76016],[7.18998,46.76031],[7.18957,46.7605],[7.18935,46.76063],[7.18918,46.76078],[7.18906,46.76096],[7.189,46.76107],[7.18897,46.76112],[7.18886,46.76129],[7.18872,46.76145],[7.18823,46.76182],[7.18798,46.76221],[7.18765,46.76247],[7.18695,46.76271],[7.18627,46.76324],[7.1858,46.76341],[7.18517,46.76352],[7.18442,46.76391],[7.18344,46.7642],[7.18317,46.76431],[7.18249,46.76466],[7.18215,46.7648],[7.18129,46.76492],[7.18107,46.7649],[7.1808,46.76485],[7.1795,46.76452],[7.17901,46.76435],[7.17829,46.76398],[7.17783,46.76383],[7.17732,46.76381],[7.17601,46.76407],[7.17547,46.7643],[7.17471,46.76483],[7.17437,46.76537],[7.17399,46.76561],[7.17326,46.76575],[7.17207,46.76548],[7.17153,46.76552],[7.17106,46.7657],[7.17046,46.7661],[7.16983,46.76627],[7.16912,46.76669],[7.16863,46.76683],[7.16676,46.76686],[7.16617,46.76675],[7.16493,46.76658],[7.16438,46.76666],[7.16367,46.76686],[7.16315,46.76683],[7.1625,46.76654],[7.16211,46.76622],[7.16188,46.76587],[7.16184,46.76557]]]},"properties":{"bfs_nr":2230,"name":"Villarsel-sur-Marly"}},{"type":"Feature","geometry":{"type":"Polygon","coordinates":[[[7.05905,46.75096],[7.05931,46.75046],[7.05955,46.75016],[7.06057,46.74928],[7.06138,46.74867],[7.0623,46.74811],[7.06329,46.74772],[7.06349,46.74763],[7.0636,46.74757],[7.06367,46.74753],[7.06389,46.7474],[7.06399,46.74733],[7.06429,46.74711],[7.06464,46.74682],[7.06494,46.7466],[7.06521,46.74639],[7.06571,46.74594],[7.06599,46.74579],[7.06751,46.74514],[7.0687,46.74466],[7.0689,46.74456],[7.06934,46.74424],[7.06955,46.74414],[7.07005,46.74403],[7.07056,46.74406],[7.0712,46.74436],[7.07152,46.74468],[7.07184,46.74497],[7.07202,46.74511],[7.0725,46.7453],[7.0738,46.74546],[7.07465,46.74564],[7.07516,46.74564],[7.07575,46.74552],[7.07694,46.74555],[7.0773,46.74561],[7.07761,46.74567],[7.07785,46.7457],[7.07864,46.74575],[7.07939,46.74576],[7.07988,46.74589],[7.08039,46.74616],[7.08108,46.74628],[7.08154,46.74621],[7.08448,46.74537],[7.08477,46.7453],[7.08551,46.74534],[7.08593,46.74553],[7.0863,46.74597],[7.08641,46.74649],[7.08648,46.74666],[7.08694,46.74708],[7.08766,46.74725],[7.08981,46.7473],[7.09038,46.74739],[7.0908,46.7476],[7.09106,46.74791],[7.09114,46.74813],[7.09117,46.74833],[7.09118,46.74865],[7.0912,46.74885],[7.09155,46.74932],[7.09175,46.74943],[7.09198,46.74952],[7.09222,46.74957],[7.09581,46.75007],[7.09653,46.75033],[7.09685,46.75065],[7.09757,46.75181],[7.09758,46.75217],[7.09739,46.7525],[7.09702,46.75276],[7.09642,46.75299],[7.09608,46.75327],[7.09593,46.75362],[7.09574,46.75514],[7.09574,46.75535],[7.09584,46.75577],[7.09591,46.75596],[7.09605,46.75614],[7.09677,46.75687],[7.09699,46.75704],[7.09748,46.75734],[7.09752,46.75736],[7.09802,46.75764],[7.09818,46.75771],[7.09836,46.75777],[7.09984,46.75818],[7.09985,46.75818],[7.10067,46.7584],[7.10097,46.75845],[7.10128,46.75846],[7.1018,46.75842],[7.10203,46.75839],[7.10224,46.75833],[7.10244,46.75825],[7.10261,46.75814],[7.10367,46.75737],[7.10445,46.75671],[7.10585,46.75607],[7.10723,46.7556],[7.10749,46.75553],[7.10822,46.75546],[7.10866,46.75545],[7.10918,46.75551],[7.1097,46.75572],[7.11017,46.75601],[7.11032,46.75609],[7.1109,46.75635],[7.11111,46.75643],[7.11134,46.75648],[7.11241,46.75658],[7.1136,46.75685],[7.11461,46.75703],[7.11545,46.75728],[7.11573,46.75738],[7.11633,46.7578],[7.11666,46.75816],[7.1168,46.75834],[7.11689,46.75866],[7.11687,46.75884],[7.11678,46.75906],[7.11662,46.75927],[7.11649,46.7594],[7.11631,46.75955],[7.11614,46.75965],[7.11589,46.75975],[7.11582,46.75977],[7.11533,46.75988],[7.11256,46.76023],[7.11233,46.76027],[7.11195,46.76041],[7.1118,46.76051],[7.11163,46.76064],[7.11152,46.76073],[7.11125,46.761],[7.11108,46.76123],[7.11057,46.7622],[7.11049,46.7625],[7.11051,46.76265],[7.11057,46.76295],[7.11064,46.76313],[7.11109,46.76394],[7.11122,46.76411],[7.11138,46.76427],[7.11158,46.76444],[7.11184,46.76457],[7.11218,46.7647],[7.11248,46.76478],[7.11279,46.76481],[7.11351,46.76482],[7.11376,46.7648],[7.114,46.76476],[7.11419,46.76471],[7.11437,46.76465],[7.11453,46.76457],[7.11479,46.76443],[7.11502,46.76427],[7.11551,46.76383],[7.11555,46.76379],[7.11628,46.76304],[7.11657,46.76268],[7.117,46.76232],[7.11767,46.76206],[7.11811,46.76198],[7.11861,46.76196],[7.11907,46.76201],[7.11962,46.76222],[7.11991,46.76247],[7.12004,46.76269],[7.12014,46.76327],[7.1202,46.76349],[7.1204,46.76397],[7.12046,46.76428],[7.12048,46.76498],[7.12047,46.76518],[7.12041,46.76546],[7.12035,46.76567],[7.12015,46.76612],[7.12014,46.76615],[7.1194,46.76773],[7.11935,46.7679],[7.11933,46.76799],[7.11929,46.76814],[7.119,46.76899],[7.11897,46.76912],[7.11897,46.76926],[7.11898,46.76936],[7.11902,46.76954],[7.11912,46.7697],[7.11921,46.76983],[7.11938,46.77],[7.1196,46.77014],[7.11974,46.77021],[7.1199,46.77028],[7.12008,46.77035],[7.12037,46.77042],[7.12064,46.77047],[7.12102,46.7705],[7.1211,46.77049],[7.12132,46.77047],[7.12146,46.77045],[7.12175,46.77038],[7.12221,46.77023],[7.12249,46.77015],[7.12273,46.77013],[7.12299,46.77012],[7.1232,46.77008],[7.12453,46.7698],[7.12518,46.76971],[7.1255,46.76969],[7.12601,46.76977],[7.12658,46.77013],[7.12676,46.77046],[7.12663,46.77099],[7.1263,46.77127],[7.12603,46.7714],[7.12392,46.77218],[7.12352,46.77241],[7.12177,46.7739],[7.12154,46.7742],[7.12149,46.77452],[7.1216,46.77485],[7.12179,46.77505],[7.12204,46.77539],[7.12274,46.77683],[7.12282,46.77696],[7.12294,46.77708],[7.12331,46.77742],[7.12342,46.77752],[7.1246,46.77833],[7.12471,46.7784],[7.12619,46.7792],[7.12649,46.77942],[7.12669,46.77974],[7.12681,46.78057],[7.12694,46.78088],[7.12706,46.78102],[7.12721,46.78114],[7.1274,46.78124],[7.1293,46.7821],[7.12946,46.78216],[7.13182,46.78293],[7.1323,46.78318],[7.13256,46.7835],[7.13261,46.78386],[7.13256,46.78404],[7.13242,46.78425],[7.13214,46.78457],[7.13097,46.78528],[7.13049,46.7854],[7.12998,46.78538],[7.12952,46.78523],[7.12912,46.78497],[7.12864,46.78481],[7.1278,46.78476],[7.12644,46.78489],[7.12626,46.7849],[7.1261,46.7849],[7.12552,46.78494],[7.125,46.78491],[7.12423,46.78478],[7.12358,46.78468],[7.12343,46.78466],[7.12311,46.78464],[7.1228,46.78464],[7.1213,46.78478],[7.12101,46.78479],[7.12073,46.78476],[7.12062,46.78474],[7.12018,46.78464],[7.11994,46.78456],[7.11975,46.78448],[7.11908,46.78418],[7.11842,46.78379],[7.118,46.78362],[7.11753,46.78357],[7.11699,46.78364],[7.11645,46.7836],[7.11579,46.78338],[7.11509,46.78334],[7.11398,46.7835],[7.1139,46.78351],[7.11363,46.78356],[7.11339,46.78362],[7.11299,46.78383],[7.11284,46.78397],[7.11274,46.7841],[7.11268,46.78424],[7.11266,46.78431],[7.11263,46.78456],[7.11265,46.78471],[7.11268,46.78485],[7.11289,46.78529],[7.11282,46.7858],[7.11235,46.7862],[7.11207,46.78631],[7.11197,46.78634],[7.11155,46.7865],[7.11145,46.78654],[7.11102,46.78673],[7.11086,46.78683],[7.11076,46.78689],[7.1106,46.78701],[7.1104,46.78714],[7.11023,46.78722],[7.10998,46.7873],[7.10944,46.78738],[7.10882,46.78739],[7.10832,46.78727],[7.10793,46.78701],[7.10772,46.78667],[7.10769,46.78632],[7.10775,46.78601],[7.10788,46.78559],[7.10788,46.78542],[7.10782,46.78525],[7.10779,46.7852],[7.10772,46.78508],[7.10739,46.78463],[7.10735,46.78458],[7.10735,46.78457],[7.10731,46.78452],[7.1072,46.78437],[7.10701,46.78419],[7.10678,46.78405],[7.1063,46.78382],[7.10615,46.78376],[7.10591,46.78368],[7.10557,46.7836],[7.10496,46.78352],[7.10487,46.78351],[7.10267,46.78333],[7.10248,46.78331],[7.1017,46.78319],[7.10158,46.78317],[7.10114,46.78303],[7.10081,46.78278],[7.10057,46.78231],[7.10056,46.78185],[7.10028,46.78113],[7.10018,46.78099],[7.10005,46.78085],[7.09987,46.78074],[7.09968,46.78065],[7.09902,46.78042],[7.09857,46.78035],[7.0983,46.7803],[7.09813,46.78026],[7.09796,46.78021],[7.09781,46.78017],[7.09767,46.78012],[7.09744,46.78002],[7.09731,46.77994],[7.09728,46.77993],[7.09709,46.77981],[7.09698,46.77975],[7.09674,46.77965],[7.09642,46.77955],[7.09584,46.77938],[7.09549,46.7793],[7.09537,46.77926],[7.09522,46.77921],[7.09496,46.7791],[7.09478,46.77899],[7.09447,46.77879],[7.09429,46.77869],[7.09421,46.77863],[7.09408,46.77853],[7.09381,46.77829],[7.09361,46.77808],[7.0933,46.77778],[7.09314,46.77752],[7.09305,46.77723],[7.09293,46.77698],[7.09285,46.77688],[7.09268,46.77669],[7.09262,46.77658],[7.09256,46.77641],[7.0925,46.77614],[7.09244,46.77578],[7.09241,46.77567],[7.09239,46.77562],[7.09233,46.7755],[7.09228,46.77542],[7.09223,46.77534],[7.09212,46.77519],[7.0921,46.77517],[7.09208,46.77515],[7.09183,46.77485],[7.09131,46.77395],[7.09108,46.77328],[7.09097,46.77305],[7.09081,46.77277],[7.09066,46.77232],[7.09042,46.77203],[7.09024,46.77192],[7.0897,46.77161],[7.08951,46.77151],[7.08929,46.77145],[7.08859,46.77125],[7.08825,46.77101],[7.0881,46.77083],[7.08788,46.77048],[7.08763,46.7701],[7.08752,46.7699],[7.08738,46.7694],[7.0869,46.76887],[7.08642,46.76866],[7.08616,46.76859],[7.08601,46.76856],[7.08589,46.76854],[7.08561,46.76848],[7.08552,46.76845],[7.08498,46.76837],[7.08458,46.7683],[7.08453,46.76828],[7.08432,46.76822],[7.0841,46.76814],[7.08383,46.76802],[7.0836,46.76787],[7.08352,46.7678],[7.08341,46.7677],[7.08337,46.76766],[7.08329,46.76759],[7.08282,46.76722],[7.08231,46.76676],[7.08211,46.76664],[7.08187,46.76656],[7.08162,46.76651],[7.08135,46.7665],[7.08109,46.76652],[7.08084,46.76658],[7.08039,46.76674],[7.07989,46.76678],[7.0794,46.76668],[7.07886,46.76633],[7.07854,46.76582],[7.07818,46.76558],[7.07772,46.76545],[7.07694,46.7654],[7.07666,46.76534],[7.07636,46.76521],[7.07617,46.76509],[7.07604,46.76501],[7.07596,46.76496],[7.07588,46.76491],[7.07557,46.76465],[7.07484,46.76417],[7.07458,46.76396],[7.07454,46.76392],[7.07425,46.76355],[7.07392,46.76331],[7.07372,46.76322],[7.07313,46.76308],[7.07271,46.76301],[7.07257,46.76299],[7.07232,46.76297],[7.07221,46.76296],[7.07217,46.76296],[7.07187,46.76294],[7.07167,46.76294],[7.07161,46.76294],[7.07145,46.76293],[7.07142,46.76293],[7.07141,46.76293],[7.07127,46.76291],[7.07124,46.76291],[7.07117,46.7629],[7.07102,46.76289],[7.07088,46.76287],[7.07069,46.76285],[7.07041,46.76284],[7.07026,46.76284],[7.07004,46.76284],[7.07002,46.76284],[7.06986,46.76285],[7.06972,46.76284],[7.06971,46.76284],[7.0693,46.76283],[7.06925,46.76283],[7.06921,46.76282],[7.06892,46.76279],[7.06888,46.76279],[7.06876,46.76277],[7.06835,46.76268],[7.06793,46.76259],[7.06771,46.76253],[7.06722,46.76241],[7.06682,46.76234],[7.06621,46.76222],[7.06566,46.76208],[7.06547,46.762],[7.06516,46.76178],[7.06497,46.76152],[7.06491,46.76137],[7.06486,46.7611],[7.06485,46.76106],[7.06485,46.76104],[7.06482,46.76091],[7.06481,46.76087],[7.06477,46.76076],[7.06473,46.76066],[7.0644,46.75994],[7.0643,46.75978],[7.06416,46.75964],[7.06403,46.75953],[7.06379,46.75937],[7.0633,46.75909],[7.0628,46.75877],[7.06223,46.75845],[7.06208,46.75831],[7.06198,46.75818],[7.06185,46.75792],[7.06183,46.75774],[7.06184,46.75752],[7.0618,46.75733],[7.06172,46.75717],[7.06158,46.75691],[7.06114,46.75634],[7.06071,46.75588],[7.06051,46.75559],[7.0604,46.7553],[7.06025,46.75407],[7.06045,46.75338],[7.0605,46.75317],[7.06052,46.75301],[7.06047,46.75269],[7.06025,46.7524],[7.05926,46.75188],[7.05901,46.75156],[7.05905,46.75096]]]},"properties":{"bfs_nr":2233,"name":"Hauterive (FR)"}},{"type":"Feature","geometry":{"type":"Polygon","coordinates":[[[6.97884,46.75543],[6.97855,46.75482],[6.97859,46.75449],[6.9788,46.75419],[6.979,46.75404],[6.97918,46.75395],[6.97939,46.75386],[6.97963,46.75375],[6.97982,46.75361],[6.97996,46.75344],[6.98004,46.75325],[6.98007,46.75307],[6.98006,46.75291],[6.9799,46.75261],[6.97964,46.75232],[6.97953,46.75196],[6.97964,46.75161],[6.98014,46.75121],[6.98063,46.75108],[6.98139,46.75116],[6.98231,46.7516],[6.98303,46.75204],[6.9841,46.75254],[6.9843,46.75261],[6.9846,46.75269],[6.98469,46.75271],[6.98497,46.75277],[6.98503,46.75278],[6.98531,46.75283],[6.98537,46.75284],[6.98547,46.75285],[6.98562,46.75287],[6.98593,46.75289],[6.98625,46.75293],[6.9867,46.7531],[6.98727,46.7534],[6.98774,46.75348],[6.98844,46.75336],[6.98924,46.75295],[6.9904,46.7528],[6.99083,46.75262],[6.991,46.75249],[6.99133,46.75218],[6.99154,46.75198],[6.99186,46.75175],[6.9922,46.75156],[6.99267,46.75144],[6.99362,46.75153],[6.99389,46.75153],[6.99416,46.75149],[6.99441,46.75142],[6.99463,46.75131],[6.99509,46.75101],[6.99531,46.75091],[6.99556,46.75084],[6.99583,46.75081],[6.9961,46.75082],[6.9966,46.75094],[6.99679,46.75104],[6.99723,46.75126],[6.99746,46.75134],[6.9977,46.7514],[6.99821,46.75141],[6.99846,46.75136],[6.99903,46.75113],[6.99952,46.75104],[7.00002,46.75109],[7.00026,46.75116],[7.00048,46.75127],[7.0007,46.75142],[7.00098,46.75166],[7.00136,46.75194],[7.00282,46.75262],[7.00303,46.75276],[7.00335,46.75313],[7.00402,46.75373],[7.00425,46.75389],[7.00488,46.75423],[7.00576,46.75462],[7.00626,46.75476],[7.00654,46.75477],[7.0074,46.75474],[7.00751,46.75473],[7.0079,46.75469],[7.00826,46.75462],[7.00904,46.75437],[7.00923,46.7543],[7.00939,46.75421],[7.00996,46.75388],[7.01074,46.75374],[7.01125,46.75384],[7.01204,46.75424],[7.01227,46.75431],[7.0138,46.75464],[7.01403,46.75468],[7.01427,46.75468],[7.01661,46.7546],[7.017,46.75462],[7.01738,46.75471],[7.01794,46.75492],[7.01827,46.75516],[7.01845,46.75547],[7.01848,46.75588],[7.01865,46.75623],[7.01921,46.75688],[7.01937,46.75711],[7.0194,46.75725],[7.0195,46.7575],[7.01961,46.7577],[7.01973,46.75788],[7.01989,46.75805],[7.01994,46.75811],[7.02019,46.75834],[7.02031,46.75843],[7.02054,46.75859],[7.02061,46.75864],[7.02099,46.75886],[7.02124,46.75904],[7.02178,46.75953],[7.02218,46.75975],[7.02249,46.76004],[7.02266,46.76063],[7.0231,46.76106],[7.02355,46.76122],[7.02381,46.76125],[7.02406,46.76125],[7.02439,46.76122],[7.02443,46.76122],[7.02467,46.76119],[7.02492,46.76118],[7.02554,46.76117],[7.0261,46.76123],[7.02771,46.76156],[7.0293,46.76183],[7.02959,46.76183],[7.02988,46.76179],[7.02997,46.76176],[7.03021,46.76169],[7.03096,46.76135],[7.03131,46.76122],[7.03134,46.76121],[7.03151,46.76116],[7.03182,46.76108],[7.03234,46.76106],[7.03358,46.76138],[7.03454,46.76185],[7.03499,46.76225],[7.03524,46.76277],[7.03558,46.76323],[7.03578,46.76344],[7.03638,46.76393],[7.03665,46.76424],[7.03681,46.76435],[7.037,46.76444],[7.03783,46.76477],[7.03836,46.76487],[7.0392,46.76498],[7.0398,46.76507],[7.04075,46.76529],[7.0408,46.7653],[7.0409,46.76532],[7.04116,46.76535],[7.04208,46.76533],[7.04288,46.76552],[7.04321,46.76576],[7.04338,46.76607],[7.04338,46.76654],[7.04353,46.76689],[7.04401,46.76725],[7.04451,46.76743],[7.04489,46.76766],[7.04511,46.76797],[7.04517,46.76846],[7.04536,46.76879],[7.04588,46.76918],[7.04624,46.76961],[7.04684,46.76994],[7.04733,46.77007],[7.04809,46.77003],[7.04887,46.76975],[7.04937,46.76972],[7.05007,46.76993],[7.05038,46.77021],[7.05052,46.77054],[7.05051,46.77092],[7.05056,46.7711],[7.05066,46.77127],[7.05099,46.77154],[7.05121,46.77164],[7.05146,46.77171],[7.05172,46.77174],[7.05249,46.7718],[7.05275,46.77185],[7.05347,46.77204],[7.05474,46.77256],[7.05493,46.77268],[7.05508,46.77283],[7.05519,46.773],[7.05524,46.77318],[7.05523,46.77336],[7.05507,46.77387],[7.055,46.77402],[7.05465,46.7745],[7.0546,46.77467],[7.05465,46.77503],[7.05509,46.77546],[7.05555,46.77563],[7.05689,46.77578],[7.05755,46.77595],[7.05792,46.77619],[7.05813,46.7765],[7.05808,46.77702],[7.05782,46.77731],[7.05742,46.77752],[7.0571,46.7776],[7.05644,46.77774],[7.05641,46.77774],[7.05625,46.77778],[7.05604,46.77784],[7.05585,46.77793],[7.05569,46.77804],[7.05555,46.77816],[7.05517,46.77859],[7.05511,46.77867],[7.05378,46.78038],[7.05344,46.78086],[7.053,46.78118],[7.05256,46.78131],[7.05208,46.78133],[7.05179,46.78128],[7.0513,46.78116],[7.05111,46.78111],[7.05087,46.78101],[7.05008,46.78054],[7.04989,46.78048],[7.04933,46.78034],[7.04907,46.78029],[7.04866,46.78025],[7.04821,46.78017],[7.04707,46.77985],[7.04697,46.77982],[7.04553,46.77935],[7.04517,46.77925],[7.04453,46.77899],[7.04402,46.7789],[7.04351,46.77896],[7.04303,46.77911],[7.04224,46.77921],[7.04181,46.77942],[7.04154,46.77973],[7.04143,46.78014],[7.0416,46.78066],[7.04162,46.781],[7.04145,46.78133],[7.04089,46.78167],[7.0404,46.78176],[7.03936,46.78165],[7.0389,46.78171],[7.0385,46.78188],[7.03707,46.78278],[7.03681,46.78311],[7.03676,46.78329],[7.03675,46.78332],[7.03669,46.78354],[7.03665,46.78367],[7.03653,46.78388],[7.03639,46.78403],[7.03598,46.78426],[7.03548,46.78437],[7.03496,46.78433],[7.03451,46.78415],[7.03419,46.78386],[7.03373,46.7833],[7.03365,46.78277],[7.03395,46.78229],[7.03401,46.78193],[7.03371,46.78144],[7.03306,46.78115],[7.03254,46.78113],[7.03203,46.7812],[7.03152,46.78115],[7.03051,46.78088],[7.03019,46.78082],[7.0296,46.78075],[7.02884,46.78072],[7.02842,46.7806],[7.02819,46.78049],[7.0279,46.78032],[7.0278,46.78025],[7.02751,46.78005],[7.02746,46.78002],[7.02699,46.77973],[7.02697,46.77972],[7.02645,46.7794],[7.02627,46.77931],[7.02606,46.77924],[7.02553,46.77909],[7.02446,46.77893],[7.02375,46.77876],[7.02312,46.77871],[7.02264,46.77878],[7.02211,46.77902],[7.02107,46.77928],[7.02058,46.77927],[7.02007,46.77916],[7.01958,46.77915],[7.01896,46.77926],[7.01849,46.77922],[7.01821,46.77915],[7.01808,46.7791],[7.01805,46.77909],[7.01659,46.77855],[7.01581,46.77843],[7.01558,46.77839],[7.01532,46.7783],[7.01514,46.77822],[7.01479,46.77805],[7.01427,46.77776],[7.01365,46.77744],[7.01341,46.77729],[7.01314,46.77699],[7.01294,46.77639],[7.01261,46.7761],[7.01244,46.77602],[7.01214,46.77588],[7.01184,46.77573],[7.0118,46.77571],[7.0115,46.77554],[7.01138,46.77547],[7.01114,46.77531],[7.0109,46.77514],[7.01062,46.77486],[7.01049,46.77469],[7.01037,46.7745],[7.00979,46.77348],[7.00896,46.77241],[7.00863,46.77218],[7.0082,46.77205],[7.00749,46.77205],[7.00688,46.77197],[7.00596,46.77206],[7.00547,46.77203],[7.00448,46.77178],[7.00368,46.77152],[7.00323,46.77144],[7.00283,46.77127],[7.00251,46.77098],[7.00178,46.76998],[7.00159,46.76928],[7.00092,46.76836],[7.00084,46.76829],[7.00063,46.76813],[7.0003,46.76789],[7.00013,46.76778],[6.99895,46.76734],[6.99848,46.76727],[6.99804,46.76731],[6.99774,46.76731],[6.99771,46.76731],[6.99755,46.7673],[6.99708,46.76724],[6.99702,46.76723],[6.99675,46.76719],[6.99655,46.76714],[6.99614,46.76699],[6.99498,46.76659],[6.99451,46.76649],[6.9937,46.76655],[6.99321,46.76649],[6.99222,46.76606],[6.9915,46.76593],[6.99103,46.76573],[6.99061,46.76531],[6.99055,46.76522],[6.99048,46.76513],[6.99035,46.76492],[6.99022,46.76473],[6.99005,46.76444],[6.98995,46.7643],[6.98992,46.76426],[6.98988,46.76422],[6.98972,46.76406],[6.9896,46.76396],[6.98908,46.76358],[6.989,46.76352],[6.98841,46.76316],[6.98839,46.76315],[6.98786,46.76283],[6.98751,46.76262],[6.98597,46.76187],[6.98465,46.76133],[6.98367,46.76115],[6.98326,46.76098],[6.98284,46.7606],[6.98224,46.76017],[6.98181,46.75945],[6.98139,46.75917],[6.98064,46.75886],[6.9803,46.75857],[6.98017,46.75821],[6.98013,46.75765],[6.97964,46.75689],[6.97928,46.75642],[6.97902,46.75598],[6.97894,46.75565],[6.97884,46.75543]]]},"properties":{"bfs_nr":2234,"name":"La Brillaz"}},{"type":"Feature","geometry":{"type":"Polygon","coordinates":[[[7.09473,46.83613],[7.09486,46.83575],[7.09494,46.83529],[7.09517,46.83499],[7.09554,46.83478],[7.096,46.83467],[7.09648,46.83468],[7.09741,46.83492],[7.0978,46.83496],[7.09804,46.83494],[7.0985,46.83483],[7.09886,46.8346],[7.09921,46.83394],[7.09951,46.83364],[7.10002,46.83335],[7.10027,46.83303],[7.10033,46.83268],[7.10014,46.83222],[7.10018,46.83174],[7.10085,46.83097],[7.10121,46.83065],[7.10142,46.83049],[7.10162,46.8303],[7.10176,46.83012],[7.10186,46.82994],[7.10196,46.82969],[7.102,46.82956],[7.10223,46.82858],[7.10249,46.8283],[7.10428,46.82688],[7.10494,46.82658],[7.10543,46.82655],[7.1059,46.82664],[7.10616,46.82675],[7.10711,46.82724],[7.10772,46.82745],[7.10828,46.82747],[7.10894,46.82735],[7.10978,46.82745],[7.11041,46.82746],[7.11114,46.82751],[7.11168,46.82759],[7.11196,46.8276],[7.11224,46.82757],[7.1125,46.8275],[7.11302,46.82726],[7.11477,46.82689],[7.11522,46.8267],[7.11595,46.82621],[7.11626,46.82592],[7.11638,46.82556],[7.11621,46.82501],[7.11626,46.82466],[7.11653,46.82431],[7.11817,46.82293],[7.11864,46.82266],[7.11912,46.82255],[7.11958,46.82235],[7.12023,46.82177],[7.12066,46.82157],[7.12117,46.82151],[7.12167,46.82159],[7.12195,46.8217],[7.12399,46.82272],[7.12424,46.82288],[7.12439,46.82303],[7.12456,46.82337],[7.12447,46.8243],[7.12459,46.82464],[7.12511,46.82502],[7.1263,46.82534],[7.12686,46.82557],[7.12736,46.82595],[7.12752,46.82606],[7.1277,46.82614],[7.12855,46.82648],[7.1294,46.82678],[7.12974,46.82703],[7.12998,46.82743],[7.13034,46.82782],[7.13062,46.82829],[7.13098,46.82855],[7.13122,46.82866],[7.13165,46.82884],[7.13174,46.82888],[7.13211,46.829],[7.13219,46.82903],[7.13342,46.82939],[7.13373,46.82949],[7.13697,46.83074],[7.13719,46.8308],[7.13743,46.83084],[7.13767,46.83085],[7.13791,46.83083],[7.13814,46.83078],[7.13854,46.83059],[7.13955,46.82963],[7.13995,46.82944],[7.14043,46.82937],[7.14091,46.82942],[7.1421,46.82987],[7.1425,46.83009],[7.14282,46.83047],[7.14326,46.83072],[7.14461,46.83123],[7.14493,46.8315],[7.14519,46.83187],[7.14553,46.83211],[7.14613,46.83239],[7.14652,46.83266],[7.14671,46.83296],[7.14667,46.83345],[7.14654,46.83364],[7.14574,46.83459],[7.14563,46.83476],[7.14486,46.83636],[7.1448,46.83657],[7.14434,46.8409],[7.14433,46.84102],[7.14468,46.84565],[7.14448,46.84622],[7.14411,46.84648],[7.14363,46.84662],[7.1431,46.84662],[7.14262,46.84647],[7.14237,46.84632],[7.1414,46.84561],[7.14121,46.84544],[7.14103,46.84513],[7.14101,46.84496],[7.14104,46.84479],[7.14113,46.84457],[7.14119,46.84439],[7.14118,46.8442],[7.14112,46.84402],[7.141,46.84385],[7.14084,46.8437],[7.14034,46.84343],[7.13998,46.84321],[7.13913,46.84254],[7.13905,46.84247],[7.13866,46.84212],[7.13852,46.84198],[7.13839,46.84181],[7.13822,46.84158],[7.13804,46.84144],[7.13783,46.84132],[7.13759,46.84124],[7.13689,46.84115],[7.13668,46.8411],[7.13649,46.84103],[7.13619,46.84095],[7.13594,46.84091],[7.13534,46.84083],[7.13479,46.84071],[7.13439,46.84055],[7.13347,46.83994],[7.13316,46.83963],[7.1328,46.83899],[7.13257,46.83846],[7.13194,46.83794],[7.13148,46.83772],[7.13091,46.83761],[7.13018,46.83771],[7.1298,46.83793],[7.12944,46.83837],[7.12927,46.83851],[7.129,46.83865],[7.12743,46.83932],[7.12723,46.83942],[7.12706,46.83955],[7.12646,46.84009],[7.12581,46.84034],[7.12496,46.84039],[7.12454,46.84055],[7.12412,46.84096],[7.12397,46.84146],[7.12407,46.84184],[7.12437,46.84222],[7.12443,46.84256],[7.12418,46.84304],[7.12386,46.8433],[7.12298,46.84426],[7.1223,46.84464],[7.12206,46.84495],[7.12179,46.84592],[7.12153,46.84623],[7.1211,46.84646],[7.1208,46.84673],[7.12039,46.84724],[7.11938,46.84784],[7.11892,46.84799],[7.1184,46.848],[7.11776,46.84784],[7.11726,46.84782],[7.11658,46.84802],[7.11612,46.84833],[7.1152,46.84876],[7.11413,46.8489],[7.11318,46.8493],[7.11175,46.84973],[7.11122,46.84976],[7.1109,46.8497],[7.11049,46.84961],[7.10972,46.84941],[7.10938,46.8493],[7.10869,46.84901],[7.10863,46.84898],[7.10786,46.84864],[7.10771,46.84856],[7.10726,46.84831],[7.10633,46.84806],[7.10509,46.84752],[7.10482,46.84742],[7.10413,46.84723],[7.10385,46.84712],[7.10365,46.847],[7.10338,46.84668],[7.10331,46.84646],[7.10329,46.84637],[7.10327,46.84628],[7.10323,46.84615],[7.10314,46.84598],[7.103,46.84581],[7.10276,46.84565],[7.10248,46.84552],[7.10159,46.84522],[7.10158,46.84522],[7.10068,46.84492],[7.1001,46.84481],[7.09831,46.84423],[7.09784,46.84385],[7.09775,46.84335],[7.09811,46.84274],[7.09819,46.84232],[7.09803,46.84197],[7.09742,46.84151],[7.09718,46.84099],[7.09722,46.84078],[7.09738,46.8405],[7.09754,46.84035],[7.09774,46.8402],[7.09786,46.84008],[7.098,46.83994],[7.09813,46.83982],[7.09818,46.83977],[7.09822,46.83973],[7.09833,46.83958],[7.0984,46.83942],[7.0984,46.83908],[7.09784,46.83807],[7.09724,46.83773],[7.09625,46.83756],[7.09511,46.83703],[7.09479,46.83673],[7.09469,46.83636],[7.09473,46.83613]]]},"properties":{"bfs_nr":2235,"name":"La Sonnaz"}},{"type":"Feature","geometry":{"type":"Polygon","coordinates":[[[7.00442,46.7158],[7.00434,46.71536],[7.00449,46.7142],[7.00487,46.71332],[7.00482,46.71286],[7.00543,46.71144],[7.00572,46.71108],[7.00624,46.71076],[7.00693,46.71021],[7.00717,46.70995],[7.00742,46.70942],[7.00758,46.70918],[7.0079,46.70867],[7.00795,46.70858],[7.00822,46.70799],[7.00874,46.70747],[7.00954,46.70701],[7.00976,46.70672],[7.00981,46.70639],[7.00961,46.70589],[7.0097,46.70538],[7.01062,46.70432],[7.01097,46.70409],[7.01141,46.70397],[7.0119,46.70397],[7.0123,46.70403],[7.01304,46.70405],[7.01329,46.70406],[7.01353,46.70411],[7.014,46.70422],[7.01492,46.70459],[7.01574,46.70466],[7.01625,46.70452],[7.0169,46.70424],[7.01763,46.70373],[7.01835,46.70281],[7.01891,46.70221],[7.01914,46.70188],[7.01944,46.70165],[7.01982,46.70119],[7.02009,46.70059],[7.02026,46.70006],[7.02046,46.69974],[7.02076,46.69949],[7.02099,46.69918],[7.02117,46.69849],[7.02108,46.69751],[7.0212,46.69694],[7.02174,46.69606],[7.02182,46.69512],[7.02202,46.69477],[7.0224,46.69451],[7.02354,46.6942],[7.02428,46.6942],[7.0248,46.69414],[7.02524,46.69393],[7.02564,46.69355],[7.02597,46.69329],[7.02637,46.693],[7.02672,46.69241],[7.02763,46.69176],[7.028,46.69141],[7.02873,46.69091],[7.02903,46.69056],[7.02965,46.69019],[7.03011,46.69005],[7.03062,46.69004],[7.03095,46.6901],[7.03122,46.69013],[7.03149,46.69012],[7.03176,46.69007],[7.032,46.68999],[7.03221,46.68987],[7.03329,46.68913],[7.03351,46.68892],[7.03405,46.68824],[7.03414,46.68809],[7.0345,46.68733],[7.03479,46.68696],[7.03514,46.6867],[7.0354,46.68658],[7.03664,46.68612],[7.03687,46.68601],[7.03779,46.68548],[7.03823,46.68519],[7.03869,46.68504],[7.04008,46.68502],[7.04064,46.68485],[7.04112,46.6848],[7.0416,46.68487],[7.04205,46.68508],[7.04289,46.68564],[7.04374,46.68613],[7.04428,46.68635],[7.04486,46.68667],[7.04504,46.68679],[7.04534,46.68703],[7.04539,46.68706],[7.04579,46.68733],[7.0459,46.6874],[7.0461,46.68754],[7.04638,46.68777],[7.04664,46.68806],[7.04697,46.68853],[7.04718,46.68903],[7.04758,46.68973],[7.04798,46.6905],[7.04809,46.69084],[7.0481,46.6911],[7.04809,46.69142],[7.04807,46.69163],[7.04807,46.69181],[7.04812,46.69198],[7.04823,46.69215],[7.04838,46.69229],[7.04878,46.69251],[7.04903,46.69258],[7.04928,46.69261],[7.04954,46.6926],[7.05006,46.69255],[7.05031,46.69251],[7.05082,46.6924],[7.05156,46.69228],[7.05169,46.69225],[7.05214,46.69215],[7.05231,46.69209],[7.05283,46.69191],[7.05315,46.69182],[7.05349,46.69178],[7.05388,46.69177],[7.05431,46.69173],[7.05443,46.69172],[7.05491,46.69165],[7.05516,46.69159],[7.05584,46.69139],[7.05584,46.69138],[7.05643,46.6912],[7.0567,46.69113],[7.05728,46.6911],[7.06002,46.69125],[7.06036,46.69129],[7.06085,46.69147],[7.06148,46.692],[7.06186,46.69239],[7.06398,46.69424],[7.06473,46.69493],[7.06507,46.69522],[7.06525,46.6954],[7.06548,46.69567],[7.06554,46.69574],[7.06576,46.69604],[7.06578,46.69607],[7.06607,46.69642],[7.06619,46.69659],[7.0664,46.69696],[7.06653,46.6975],[7.06677,46.69784],[7.06726,46.69815],[7.06803,46.69879],[7.06846,46.69904],[7.0688,46.69913],[7.0695,46.69922],[7.07056,46.69954],[7.07119,46.70006],[7.07179,46.70083],[7.07209,46.7011],[7.07251,46.70127],[7.07347,46.70131],[7.07443,46.70119],[7.07558,46.70135],[7.07602,46.70153],[7.07763,46.7019],[7.07803,46.70213],[7.07827,46.70244],[7.07831,46.7028],[7.07824,46.70302],[7.07806,46.70339],[7.07805,46.70341],[7.07791,46.70368],[7.07782,46.70382],[7.07773,46.70394],[7.07759,46.70411],[7.07742,46.70424],[7.07728,46.70438],[7.07717,46.70453],[7.07711,46.7047],[7.07708,46.70482],[7.07707,46.70502],[7.07712,46.7052],[7.07723,46.70541],[7.07738,46.70556],[7.07756,46.70569],[7.07778,46.70579],[7.07802,46.70586],[7.07827,46.70589],[7.07854,46.70589],[7.07919,46.70584],[7.07974,46.70586],[7.08066,46.70599],[7.08111,46.7062],[7.0814,46.70652],[7.08152,46.70688],[7.08164,46.70721],[7.08167,46.70731],[7.08174,46.70758],[7.08176,46.70778],[7.08167,46.70818],[7.08173,46.70853],[7.08197,46.70884],[7.08216,46.70896],[7.08261,46.70912],[7.08349,46.70931],[7.08373,46.70935],[7.08383,46.70936],[7.08391,46.70937],[7.08413,46.70938],[7.08436,46.70937],[7.08484,46.70929],[7.08559,46.70928],[7.08596,46.7093],[7.08625,46.70933],[7.08641,46.70935],[7.08675,46.70941],[7.08678,46.70941],[7.08758,46.70956],[7.08773,46.70959],[7.08782,46.70961],[7.08806,46.70968],[7.08814,46.70971],[7.0884,46.70982],[7.08875,46.71002],[7.08886,46.71008],[7.08919,46.71022],[7.08925,46.71025],[7.0893,46.71027],[7.08952,46.71034],[7.08975,46.71038],[7.09023,46.71037],[7.09067,46.71024],[7.09086,46.71014],[7.09145,46.70976],[7.09167,46.70959],[7.09198,46.70939],[7.09235,46.70924],[7.09291,46.70912],[7.09333,46.70893],[7.09439,46.70809],[7.09462,46.70795],[7.09505,46.7078],[7.09553,46.70777],[7.09678,46.70796],[7.09763,46.70813],[7.09793,46.70824],[7.09815,46.70837],[7.09855,46.70874],[7.09909,46.70913],[7.09916,46.70918],[7.0995,46.70946],[7.0997,46.70965],[7.0998,46.70982],[7.09987,46.71025],[7.10023,46.71073],[7.10067,46.71093],[7.10119,46.71099],[7.10145,46.71097],[7.1017,46.71091],[7.10193,46.71082],[7.10226,46.71065],[7.10275,46.71042],[7.10322,46.71026],[7.10376,46.71018],[7.1043,46.71017],[7.10456,46.71021],[7.10502,46.7104],[7.10533,46.7107],[7.10543,46.71092],[7.10549,46.7112],[7.10546,46.71151],[7.10545,46.71168],[7.10546,46.71182],[7.10552,46.71204],[7.10567,46.71238],[7.10574,46.7125],[7.10597,46.71283],[7.10598,46.71285],[7.10622,46.7132],[7.10632,46.71336],[7.10643,46.71362],[7.10648,46.71375],[7.10663,46.71424],[7.10675,46.71447],[7.10684,46.7146],[7.10695,46.71472],[7.10725,46.715],[7.10752,46.71532],[7.10762,46.71544],[7.10773,46.71555],[7.10786,46.71565],[7.10801,46.71575],[7.10822,46.71586],[7.10839,46.71593],[7.10911,46.7162],[7.10988,46.71661],[7.11059,46.71684],[7.11093,46.71697],[7.11123,46.71714],[7.1122,46.71777],[7.11254,46.71805],[7.11337,46.71895],[7.11357,46.71926],[7.1137,46.7196],[7.11394,46.72041],[7.11396,46.72051],[7.11396,46.72052],[7.11409,46.72121],[7.1141,46.72123],[7.11423,46.722],[7.11424,46.72212],[7.11426,46.72257],[7.11424,46.72276],[7.11418,46.72295],[7.11413,46.72305],[7.11403,46.72322],[7.11399,46.72328],[7.11382,46.72347],[7.11363,46.72361],[7.11317,46.72378],[7.11291,46.72382],[7.11204,46.72379],[7.11181,46.72382],[7.11136,46.72389],[7.11111,46.72396],[7.11089,46.72405],[7.1107,46.72417],[7.11054,46.72432],[7.11044,46.72448],[7.11038,46.72466],[7.11011,46.7257],[7.11034,46.72642],[7.11049,46.72659],[7.11068,46.72673],[7.11108,46.72696],[7.11132,46.72707],[7.11158,46.72714],[7.1137,46.72755],[7.11415,46.7277],[7.1145,46.72791],[7.11474,46.72811],[7.11489,46.7283],[7.11499,46.72867],[7.11493,46.72896],[7.11479,46.72935],[7.11467,46.72957],[7.11433,46.72986],[7.11405,46.72999],[7.11309,46.73034],[7.11254,46.73046],[7.11182,46.73046],[7.11162,46.73048],[7.1111,46.73057],[7.11069,46.73069],[7.11052,46.73078],[7.11028,46.73093],[7.11009,46.73108],[7.10996,46.73125],[7.10988,46.73144],[7.10982,46.73168],[7.1098,46.73184],[7.10982,46.732],[7.10988,46.73216],[7.10999,46.7323],[7.11013,46.73243],[7.1103,46.73254],[7.11038,46.73258],[7.11056,46.73266],[7.11076,46.73272],[7.11103,46.73279],[7.11116,46.73281],[7.11213,46.73297],[7.11265,46.73311],[7.1134,46.7334],[7.11395,46.7337],[7.11431,46.734],[7.11476,46.73456],[7.11484,46.73488],[7.11481,46.73504],[7.11473,46.73524],[7.11457,46.7355],[7.11436,46.73578],[7.11406,46.73606],[7.11372,46.73631],[7.11277,46.73687],[7.11178,46.73757],[7.1115,46.73786],[7.11142,46.73838],[7.11186,46.73929],[7.11192,46.73968],[7.11178,46.74002],[7.11124,46.74039],[7.11076,46.74049],[7.11027,46.74048],[7.11002,46.74049],[7.10968,46.74058],[7.10963,46.74029],[7.10954,46.74013],[7.10939,46.73998],[7.10875,46.73942],[7.10772,46.73829],[7.10759,46.73817],[7.10744,46.73807],[7.10726,46.73798],[7.1072,46.73796],[7.10697,46.73789],[7.10647,46.73784],[7.10599,46.73793],[7.10589,46.73796],[7.10569,46.73804],[7.10552,46.73814],[7.10537,46.73827],[7.10526,46.7384],[7.10518,46.73855],[7.10516,46.73862],[7.10512,46.73881],[7.10515,46.73901],[7.10517,46.73908],[7.10527,46.73929],[7.10564,46.73982],[7.10578,46.73998],[7.10638,46.74052],[7.10656,46.74065],[7.10752,46.74123],[7.10773,46.74133],[7.10796,46.7414],[7.10822,46.74144],[7.10848,46.74145],[7.10873,46.74142],[7.10897,46.74135],[7.10897,46.74138],[7.10899,46.74156],[7.10907,46.74173],[7.10936,46.74202],[7.11084,46.74275],[7.11122,46.74302],[7.11151,46.74329],[7.11176,46.7436],[7.11196,46.74403],[7.11171,46.74537],[7.11195,46.74596],[7.11228,46.7462],[7.11314,46.74641],[7.11356,46.74659],[7.11398,46.74693],[7.11416,46.74713],[7.1143,46.74746],[7.11431,46.74766],[7.1143,46.74775],[7.1142,46.74808],[7.11411,46.74822],[7.11397,46.74837],[7.11384,46.74849],[7.11362,46.74866],[7.11323,46.7489],[7.11302,46.74902],[7.1125,46.74927],[7.11245,46.74929],[7.1115,46.74972],[7.11129,46.7498],[7.11079,46.74996],[7.1105,46.75004],[7.10932,46.75029],[7.10888,46.75044],[7.10764,46.75112],[7.1076,46.75115],[7.10698,46.75151],[7.1069,46.75156],[7.10653,46.75182],[7.10612,46.75203],[7.10553,46.75227],[7.1054,46.75231],[7.10468,46.75255],[7.1043,46.75264],[7.10353,46.75277],[7.10328,46.7528],[7.10285,46.75283],[7.10218,46.75291],[7.10183,46.75292],[7.10106,46.75291],[7.10096,46.75291],[7.09875,46.75279],[7.09828,46.75265],[7.09793,46.75239],[7.09754,46.75172],[7.09682,46.75061],[7.09654,46.75032],[7.09588,46.75008],[7.09235,46.74959],[7.09205,46.74952],[7.09164,46.74934],[7.09128,46.7489],[7.09123,46.74867],[7.09123,46.74862],[7.09111,46.74799],[7.09105,46.7478],[7.09075,46.74748],[7.09017,46.74717],[7.08965,46.74711],[7.0888,46.74726],[7.08849,46.74727],[7.08814,46.74726],[7.08781,46.74723],[7.08756,46.74717],[7.08686,46.74686],[7.08654,46.74661],[7.08637,46.74629],[7.08632,46.74596],[7.08624,46.7458],[7.08595,46.74552],[7.08553,46.74534],[7.08479,46.74529],[7.08455,46.74534],[7.08243,46.74596],[7.08213,46.74602],[7.08188,46.74604],[7.08139,46.74598],[7.08092,46.74579],[7.08045,46.7457],[7.07886,46.74575],[7.07792,46.7457],[7.07755,46.74565],[7.07732,46.74561],[7.07719,46.74558],[7.07665,46.74544],[7.07591,46.74535],[7.07538,46.74538],[7.07482,46.74554],[7.07431,46.74554],[7.07387,46.74547],[7.07251,46.74529],[7.07203,46.74511],[7.07154,46.74471],[7.07121,46.74435],[7.07102,46.74422],[7.07057,46.74405],[7.07031,46.74402],[7.07005,46.74402],[7.06979,46.74406],[7.06955,46.74413],[7.06934,46.74423],[7.0689,46.74456],[7.06864,46.74469],[7.06752,46.74513],[7.06593,46.74581],[7.0657,46.74593],[7.06552,46.74608],[7.06535,46.74626],[7.06518,46.74641],[7.06463,46.74683],[7.06428,46.74712],[7.06401,46.74732],[7.06386,46.74742],[7.06368,46.74752],[7.06354,46.74761],[7.06324,46.74773],[7.06237,46.74807],[7.06135,46.74869],[7.06059,46.74926],[7.05984,46.74989],[7.05952,46.75018],[7.05933,46.75042],[7.0589,46.75123],[7.05858,46.7515],[7.05815,46.75167],[7.05764,46.75171],[7.05694,46.75153],[7.05671,46.75138],[7.05641,46.75114],[7.05626,46.75102],[7.05603,46.75082],[7.05567,46.75001],[7.0557,46.74967],[7.05592,46.74932],[7.05631,46.74897],[7.05647,46.74864],[7.05643,46.7483],[7.05621,46.74799],[7.05563,46.7475],[7.05551,46.74715],[7.0556,46.7468],[7.05575,46.7466],[7.05596,46.7464],[7.05614,46.74629],[7.0567,46.74605],[7.05687,46.74594],[7.05701,46.7458],[7.05712,46.74565],[7.05717,46.74549],[7.05719,46.74535],[7.0572,46.7452],[7.05719,46.74504],[7.05714,46.74488],[7.05705,46.74472],[7.05692,46.74459],[7.05676,46.74447],[7.05648,46.7443],[7.05627,46.7442],[7.05605,46.74407],[7.05591,46.74398],[7.05584,46.74394],[7.05574,46.74388],[7.0556,46.7438],[7.05545,46.7437],[7.05517,46.74354],[7.05467,46.74309],[7.0545,46.74285],[7.05438,46.74263],[7.0543,46.74241],[7.05428,46.74237],[7.05425,46.74208],[7.05425,46.74201],[7.05424,46.74179],[7.05424,46.74174],[7.05424,46.74163],[7.05426,46.74145],[7.05431,46.74128],[7.05441,46.74105],[7.05466,46.74054],[7.05471,46.74033],[7.05472,46.74027],[7.05471,46.74009],[7.05465,46.73992],[7.05454,46.73976],[7.05448,46.73969],[7.05439,46.7396],[7.05428,46.7395],[7.05422,46.73945],[7.05404,46.73931],[7.05314,46.73866],[7.05297,46.73852],[7.05271,46.73818],[7.05259,46.73788],[7.05262,46.73714],[7.05278,46.73653],[7.05273,46.73636],[7.05263,46.7362],[7.05249,46.73606],[7.05211,46.73584],[7.05107,46.73552],[7.05077,46.73536],[7.05027,46.73492],[7.05006,46.73467],[7.04985,46.73436],[7.0497,46.73421],[7.04952,46.73408],[7.0493,46.73398],[7.04905,46.73391],[7.04879,46.73387],[7.04852,46.73388],[7.04826,46.73392],[7.04802,46.734],[7.0478,46.7341],[7.04758,46.73424],[7.04754,46.73426],[7.04718,46.73442],[7.04693,46.7345],[7.04664,46.73455],[7.0464,46.73458],[7.04624,46.73459],[7.04614,46.7346],[7.04567,46.73458],[7.04496,46.73454],[7.04423,46.73466],[7.04366,46.73464],[7.04324,46.73451],[7.04185,46.73367],[7.04111,46.73314],[7.04073,46.73278],[7.04034,46.73256],[7.04007,46.73228],[7.03977,46.73179],[7.03936,46.73151],[7.03912,46.73122],[7.03896,46.73084],[7.03825,46.73019],[7.03757,46.72991],[7.03677,46.72994],[7.03653,46.73003],[7.03639,46.73009],[7.03597,46.73027],[7.03566,46.73037],[7.03478,46.7306],[7.0345,46.73065],[7.03446,46.73066],[7.03421,46.73069],[7.03369,46.73062],[7.03312,46.73044],[7.03232,46.73046],[7.03174,46.73068],[7.03047,46.73105],[7.02945,46.73104],[7.029,46.7309],[7.02866,46.73066],[7.02831,46.73015],[7.02772,46.72982],[7.02736,46.72975],[7.02663,46.72979],[7.02596,46.73002],[7.02546,46.73005],[7.02499,46.72995],[7.0245,46.72976],[7.02353,46.72969],[7.02302,46.72955],[7.02225,46.72953],[7.02167,46.72971],[7.02117,46.72977],[7.02045,46.7296],[7.02005,46.72936],[7.01923,46.72893],[7.01904,46.72884],[7.0188,46.72874],[7.01867,46.72869],[7.01843,46.72858],[7.01817,46.72848],[7.01806,46.72844],[7.01775,46.72836],[7.0175,46.72832],[7.01722,46.7283],[7.01609,46.72828],[7.01557,46.72831],[7.01526,46.7283],[7.01507,46.72829],[7.01502,46.72829],[7.01482,46.72828],[7.0148,46.72828],[7.01459,46.72827],[7.01439,46.72826],[7.01433,46.72825],[7.0141,46.72824],[7.01322,46.72823],[7.01273,46.72808],[7.01226,46.728],[7.01201,46.72802],[7.01178,46.72806],[7.01044,46.72839],[7.01016,46.72847],[7.00969,46.72851],[7.00826,46.72827],[7.00756,46.72798],[7.00732,46.72767],[7.0073,46.72715],[7.00754,46.72684],[7.00793,46.72661],[7.00823,46.72652],[7.00853,46.72646],[7.00878,46.72641],[7.00917,46.72638],[7.00942,46.72635],[7.00986,46.7262],[7.01005,46.72609],[7.0102,46.72595],[7.0103,46.72579],[7.01042,46.72558],[7.01043,46.72557],[7.01085,46.72479],[7.01091,46.7247],[7.0112,46.72427],[7.01165,46.72346],[7.01194,46.72304],[7.0123,46.72253],[7.01253,46.72222],[7.01264,46.72204],[7.01267,46.72166],[7.01246,46.72112],[7.01202,46.72072],[7.01117,46.7205],[7.01074,46.72031],[7.01029,46.71971],[7.00975,46.71934],[7.00869,46.71907],[7.00849,46.71901],[7.00811,46.71887],[7.00806,46.71885],[7.00677,46.71836],[7.00664,46.7183],[7.00639,46.71815],[7.0061,46.71784],[7.00589,46.71727],[7.00554,46.71698],[7.00509,46.7168],[7.00471,46.71655],[7.00451,46.71622],[7.00442,46.7158]]]},"properties":{"bfs_nr":2236,"name":"Gibloux"}},{"type":"Feature","geometry":{"type":"Polygon","coordinates":[[[6.976,46.76301],[6.97675,46.76263],[6.977,46.76232],[6.97704,46.76176],[6.97696,46.76134],[6.9772,46.76042],[6.97759,46.75982],[6.97824,46.75907],[6.9786,46.75884],[6.97906,46.75871],[6.97979,46.75877],[6.98041,46.75897],[6.98132,46.75915],[6.9818,46.75945],[6.98219,46.76015],[6.98248,46.76053],[6.98277,46.7611],[6.98314,46.76136],[6.98385,46.76167],[6.98444,46.76175],[6.98502,46.76169],[6.98587,46.76183],[6.9875,46.76262],[6.98768,46.76273],[6.98775,46.76277],[6.98787,46.76284],[6.98839,46.76315],[6.98842,46.76317],[6.98898,46.76351],[6.9891,46.76359],[6.98957,46.76394],[6.98975,46.76409],[6.98987,46.76421],[6.98992,46.76427],[6.99007,46.76447],[6.99023,46.76474],[6.99041,46.76502],[6.99046,46.7651],[6.99056,46.76523],[6.99063,46.76534],[6.99104,46.7658],[6.99151,46.76614],[6.99201,46.76626],[6.99256,46.76629],[6.99325,46.76651],[6.99389,46.76668],[6.99471,46.76665],[6.99518,46.76668],[6.99545,46.76675],[6.99662,46.76718],[6.9969,46.76722],[6.9971,46.76724],[6.99758,46.7673],[6.99768,46.76731],[6.99834,46.76735],[6.9988,46.76738],[7.00013,46.76778],[7.00034,46.76792],[7.00065,46.76814],[7.00088,46.76834],[7.0011,46.76862],[7.00136,46.76902],[7.00147,46.76953],[7.00263,46.77125],[7.00301,46.7715],[7.00397,46.77166],[7.00556,46.77206],[7.00583,46.77209],[7.00649,46.77203],[7.00728,46.77211],[7.00793,46.77207],[7.00863,46.77221],[7.00898,46.77245],[7.00977,46.77346],[7.01038,46.77454],[7.01046,46.77466],[7.01066,46.77491],[7.01085,46.7751],[7.01105,46.77525],[7.01112,46.7753],[7.0114,46.77548],[7.01148,46.77553],[7.01181,46.77571],[7.01183,46.77572],[7.01218,46.7759],[7.01227,46.77595],[7.01251,46.77606],[7.01283,46.77633],[7.01318,46.77713],[7.01351,46.77737],[7.01425,46.77775],[7.01477,46.77804],[7.01516,46.77823],[7.01526,46.77828],[7.01574,46.77847],[7.01597,46.77855],[7.01675,46.77864],[7.01708,46.77873],[7.01806,46.77909],[7.01808,46.7791],[7.01863,46.7793],[7.01934,46.7794],[7.01999,46.77929],[7.02051,46.7793],[7.02103,46.77942],[7.02155,46.7794],[7.02234,46.77921],[7.02281,46.77893],[7.02328,46.77879],[7.02379,46.77878],[7.02453,46.77895],[7.0256,46.77911],[7.02626,46.77931],[7.02649,46.77942],[7.02698,46.77972],[7.027,46.77973],[7.02745,46.78001],[7.02752,46.78006],[7.02782,46.78026],[7.02788,46.78031],[7.02824,46.78052],[7.02842,46.78061],[7.02884,46.78072],[7.02965,46.78076],[7.03011,46.78081],[7.03059,46.7809],[7.03183,46.78124],[7.03236,46.78158],[7.03252,46.7819],[7.03238,46.78269],[7.03249,46.78301],[7.03278,46.78328],[7.03334,46.78354],[7.03366,46.7838],[7.03385,46.7843],[7.03409,46.78463],[7.0345,46.78487],[7.03556,46.78513],[7.03619,46.78543],[7.03724,46.78616],[7.03781,46.78709],[7.03796,46.78726],[7.03808,46.78762],[7.03799,46.78798],[7.03771,46.78839],[7.03766,46.78874],[7.03824,46.79226],[7.03824,46.79256],[7.03809,46.79343],[7.03809,46.79361],[7.03814,46.79379],[7.03824,46.79395],[7.03838,46.7941],[7.03856,46.79423],[7.03902,46.7944],[7.0397,46.79441],[7.04043,46.79447],[7.04062,46.79449],[7.04086,46.79453],[7.04098,46.79455],[7.0413,46.79458],[7.04132,46.79458],[7.04143,46.79459],[7.04209,46.79462],[7.04242,46.79466],[7.04298,46.79483],[7.04353,46.79489],[7.0438,46.79485],[7.04468,46.79468],[7.04471,46.79467],[7.0458,46.79447],[7.04585,46.79446],[7.04598,46.79443],[7.04909,46.79382],[7.04912,46.79382],[7.0497,46.79371],[7.04971,46.79371],[7.05261,46.79315],[7.05293,46.79309],[7.05314,46.79307],[7.05345,46.79305],[7.05393,46.79305],[7.05429,46.79307],[7.05485,46.79314],[7.05508,46.79318],[7.05637,46.79345],[7.0571,46.79361],[7.05713,46.79361],[7.05763,46.79373],[7.05789,46.7938],[7.05818,46.79391],[7.05923,46.79435],[7.05967,46.79456],[7.06109,46.79516],[7.06134,46.79528],[7.06251,46.79598],[7.06358,46.7966],[7.06383,46.79668],[7.06435,46.79677],[7.06503,46.79681],[7.06561,46.79692],[7.06601,46.79713],[7.06632,46.7976],[7.06643,46.79911],[7.0662,46.7998],[7.06626,46.80014],[7.06656,46.80076],[7.06644,46.80135],[7.06656,46.80168],[7.06681,46.80203],[7.06693,46.80225],[7.06697,46.80243],[7.06688,46.80278],[7.06661,46.80308],[7.06636,46.80323],[7.06586,46.80347],[7.06561,46.80363],[7.0654,46.80384],[7.0653,46.80404],[7.06524,46.80422],[7.06522,46.80431],[7.06513,46.80481],[7.06512,46.80488],[7.06514,46.80508],[7.06522,46.80528],[7.06548,46.80567],[7.06554,46.80601],[7.06541,46.80634],[7.06499,46.80672],[7.06473,46.80721],[7.06444,46.8075],[7.06402,46.80769],[7.0632,46.80773],[7.06275,46.80767],[7.06196,46.80758],[7.06189,46.80757],[7.0613,46.80749],[7.06088,46.80748],[7.0603,46.80753],[7.06028,46.80753],[7.05948,46.80759],[7.05945,46.80759],[7.05864,46.80766],[7.05842,46.80768],[7.05811,46.80769],[7.05765,46.80761],[7.05725,46.80742],[7.05685,46.80703],[7.05631,46.80675],[7.05605,46.80669],[7.05578,46.80667],[7.05551,46.80669],[7.055,46.80676],[7.05495,46.80676],[7.05459,46.80681],[7.05407,46.80677],[7.05362,46.8066],[7.05314,46.80616],[7.05271,46.80596],[7.05221,46.80588],[7.0517,46.80594],[7.05126,46.80614],[7.0508,46.80652],[7.05039,46.80668],[7.04991,46.80673],[7.04872,46.8066],[7.0483,46.80651],[7.04768,46.80634],[7.04754,46.80629],[7.04714,46.80615],[7.04633,46.8059],[7.04584,46.80573],[7.04505,46.80572],[7.04458,46.80589],[7.0441,46.80621],[7.04352,46.80636],[7.04305,46.80639],[7.04232,46.80663],[7.04185,46.80667],[7.04155,46.80664],[7.04045,46.80646],[7.03989,46.80638],[7.03928,46.80632],[7.03911,46.8063],[7.03873,46.80622],[7.03849,46.80619],[7.03778,46.80627],[7.03757,46.80635],[7.03739,46.80646],[7.03724,46.80659],[7.03713,46.80674],[7.03696,46.80703],[7.03693,46.80708],[7.03678,46.8073],[7.03663,46.8075],[7.03655,46.80759],[7.03632,46.80786],[7.0361,46.80811],[7.03605,46.80816],[7.03597,46.80823],[7.03595,46.80826],[7.0359,46.8083],[7.03576,46.80848],[7.03568,46.80868],[7.03564,46.80915],[7.03523,46.80985],[7.03467,46.81021],[7.0339,46.81029],[7.03313,46.81019],[7.03265,46.81026],[7.03196,46.81066],[7.03177,46.81096],[7.03175,46.8113],[7.03191,46.81183],[7.03225,46.81233],[7.03221,46.81283],[7.03196,46.81313],[7.03157,46.81333],[7.03109,46.81343],[7.0301,46.81345],[7.02944,46.81352],[7.02891,46.81347],[7.02841,46.81355],[7.02748,46.814],[7.02665,46.8142],[7.02554,46.81426],[7.02477,46.81417],[7.02421,46.81396],[7.02309,46.81375],[7.02245,46.81347],[7.02196,46.81337],[7.02121,46.81345],[7.02068,46.81344],[7.01973,46.8133],[7.01923,46.81316],[7.01774,46.81295],[7.01721,46.81294],[7.01673,46.81283],[7.01635,46.8126],[7.01608,46.81211],[7.01618,46.8116],[7.01609,46.81124],[7.0158,46.81093],[7.0153,46.81069],[7.01477,46.81013],[7.01429,46.80978],[7.01334,46.80941],[7.01263,46.809],[7.01107,46.80816],[7.0107,46.80788],[7.01033,46.80735],[7.00992,46.80708],[7.00941,46.80691],[7.0086,46.80644],[7.00837,46.80612],[7.00833,46.80594],[7.0084,46.80558],[7.00855,46.80537],[7.00896,46.805],[7.00924,46.8045],[7.00974,46.80402],[7.00978,46.80397],[7.00994,46.80378],[7.00994,46.80377],[7.0101,46.80357],[7.01041,46.80329],[7.01077,46.80303],[7.0109,46.80289],[7.01104,46.80258],[7.011,46.80225],[7.01079,46.80194],[7.01033,46.8016],[7.01011,46.80128],[7.01008,46.80093],[7.01026,46.8006],[7.01182,46.79933],[7.01197,46.79901],[7.01199,46.79856],[7.0122,46.79824],[7.0129,46.79773],[7.01305,46.79736],[7.01305,46.7967],[7.01263,46.79598],[7.01247,46.79582],[7.01227,46.79568],[7.01203,46.79558],[7.0115,46.79547],[7.01108,46.79531],[7.0105,46.79481],[7.00964,46.79448],[7.00918,46.79418],[7.0081,46.79372],[7.00714,46.79355],[7.0066,46.79326],[7.00616,46.79272],[7.00553,46.7924],[7.00473,46.79227],[7.00383,46.79173],[7.00286,46.79141],[7.00212,46.79131],[7.00148,46.7911],[7.00094,46.79107],[7.00006,46.79117],[6.99822,46.79089],[6.99714,46.79041],[6.99658,46.79026],[6.99575,46.79017],[6.99513,46.78991],[6.99485,46.78969],[6.99416,46.78942],[6.99327,46.78875],[6.99253,46.78839],[6.99186,46.78775],[6.99156,46.78736],[6.99148,46.78702],[6.99159,46.78619],[6.9917,46.78578],[6.9917,46.78559],[6.99165,46.7854],[6.9914,46.7851],[6.99098,46.78479],[6.99064,46.78422],[6.98947,46.78336],[6.9892,46.78303],[6.98821,46.7825],[6.98772,46.78199],[6.98751,46.7816],[6.98712,46.78132],[6.98633,46.78096],[6.98609,46.78073],[6.98561,46.78046],[6.98523,46.78008],[6.98484,46.77986],[6.98375,46.77951],[6.98323,46.7792],[6.98227,46.77902],[6.98183,46.7788],[6.98118,46.77804],[6.98088,46.77726],[6.98086,46.77686],[6.98071,46.77646],[6.98046,46.77615],[6.98007,46.77503],[6.98004,46.77456],[6.97981,46.77416],[6.97932,46.77353],[6.97932,46.77319],[6.97951,46.77272],[6.97945,46.77237],[6.9792,46.77206],[6.97859,46.77153],[6.97843,46.77119],[6.97848,46.77083],[6.97867,46.77051],[6.9788,46.77027],[6.97884,46.77018],[6.97887,46.77008],[6.97888,46.77004],[6.97891,46.76984],[6.97891,46.76979],[6.97891,46.76976],[6.9789,46.76965],[6.97886,46.76948],[6.97878,46.76932],[6.97866,46.76918],[6.9785,46.76905],[6.97799,46.76878],[6.97771,46.76849],[6.97761,46.76814],[6.97771,46.7678],[6.97799,46.76742],[6.97807,46.7671],[6.97804,46.76693],[6.97797,46.76677],[6.97785,46.76662],[6.9777,46.76649],[6.97752,46.76636],[6.97744,46.76631],[6.97717,46.76614],[6.9769,46.76595],[6.97662,46.76578],[6.97655,46.76574],[6.97641,46.76566],[6.97634,46.76562],[6.97506,46.76483],[6.97485,46.76467],[6.97471,46.76452],[6.97459,46.76419],[6.97475,46.76369],[6.97508,46.76342],[6.976,46.76301]]]},"properties":{"bfs_nr":2237,"name":"Prez"}},{"type":"Feature","geometry":{"type":"Polygon","coordinates":[[[7.0971,46.75282],[7.09909,46.75282],[7.10097,46.75291],[7.10104,46.75291],[7.10189,46.75292],[7.10212,46.75291],[7.10284,46.75283],[7.10332,46.7528],[7.10349,46.75278],[7.10436,46.75263],[7.10462,46.75257],[7.10542,46.75231],[7.10551,46.75228],[7.10619,46.752],[7.10647,46.75186],[7.10688,46.75157],[7.10699,46.7515],[7.10765,46.75112],[7.10883,46.75047],[7.10937,46.75028],[7.11055,46.75003],[7.11074,46.74998],[7.11133,46.74978],[7.11146,46.74973],[7.11246,46.74929],[7.11249,46.74927],[7.11305,46.749],[7.1132,46.74893],[7.11366,46.74863],[7.11381,46.74852],[7.114,46.74834],[7.11411,46.74822],[7.1142,46.74809],[7.11422,46.74804],[7.11429,46.74781],[7.11431,46.74762],[7.11431,46.74746],[7.11426,46.7473],[7.11418,46.74715],[7.11415,46.74711],[7.11401,46.74697],[7.1137,46.74668],[7.11353,46.74656],[7.11333,46.74645],[7.11228,46.74618],[7.11195,46.74594],[7.11171,46.74537],[7.11196,46.74403],[7.11189,46.74384],[7.11173,46.74354],[7.11156,46.74334],[7.11117,46.74297],[7.11092,46.74279],[7.11016,46.74236],[7.1098,46.74192],[7.10945,46.74163],[7.10922,46.74153],[7.10896,46.74147],[7.10869,46.74144],[7.10854,46.74145],[7.10822,46.74144],[7.10773,46.74133],[7.10747,46.7412],[7.1066,46.74067],[7.10635,46.74048],[7.10582,46.74002],[7.10561,46.73978],[7.10531,46.73934],[7.10516,46.73904],[7.10513,46.73881],[7.10518,46.73858],[7.10538,46.73827],[7.1057,46.73804],[7.10594,46.73794],[7.10648,46.73784],[7.10697,46.73789],[7.10724,46.73797],[7.10743,46.73807],[7.10759,46.73817],[7.10775,46.73832],[7.10877,46.73945],[7.10935,46.73995],[7.10957,46.74018],[7.10973,46.74031],[7.10992,46.74042],[7.11014,46.7405],[7.11062,46.74058],[7.11111,46.74052],[7.1117,46.74022],[7.11197,46.73975],[7.11191,46.73941],[7.1117,46.73885],[7.11186,46.73832],[7.11222,46.73805],[7.1129,46.73773],[7.11337,46.73761],[7.11457,46.73755],[7.11589,46.73754],[7.11622,46.73751],[7.11704,46.73736],[7.11743,46.73732],[7.11795,46.73732],[7.1183,46.73727],[7.11967,46.73718],[7.12004,46.73719],[7.12142,46.73743],[7.12192,46.73738],[7.12276,46.73715],[7.12378,46.73707],[7.12501,46.73712],[7.12615,46.73737],[7.12649,46.73749],[7.1269,46.73755],[7.12765,46.73775],[7.12815,46.73777],[7.1291,46.7379],[7.12992,46.73778],[7.13079,46.73792],[7.13129,46.73818],[7.13158,46.73849],[7.13186,46.7387],[7.13239,46.739],[7.13259,46.73907],[7.13323,46.73921],[7.13381,46.73936],[7.13443,46.73934],[7.13478,46.73937],[7.13534,46.73946],[7.13567,46.73954],[7.13663,46.74003],[7.13752,46.74035],[7.13781,46.7404],[7.13896,46.74048],[7.13957,46.74062],[7.13992,46.74063],[7.14022,46.74062],[7.14035,46.74061],[7.14101,46.74053],[7.1414,46.74048],[7.14192,46.74031],[7.14246,46.73994],[7.14292,46.73981],[7.14641,46.73967],[7.14676,46.73968],[7.14748,46.73982],[7.14778,46.73993],[7.14848,46.74033],[7.14929,46.74094],[7.14955,46.74129],[7.14979,46.7416],[7.14988,46.74169],[7.15039,46.74217],[7.15053,46.74228],[7.1507,46.74238],[7.15088,46.74245],[7.15194,46.7428],[7.15263,46.74319],[7.15285,46.7435],[7.15296,46.74418],[7.15322,46.74447],[7.15362,46.74468],[7.15422,46.74483],[7.15543,46.74546],[7.15578,46.74602],[7.15578,46.74648],[7.15592,46.74682],[7.15644,46.74719],[7.15681,46.74729],[7.15746,46.74739],[7.15796,46.74753],[7.1583,46.74777],[7.15849,46.74807],[7.15853,46.74845],[7.15857,46.7486],[7.15871,46.74894],[7.15895,46.74952],[7.15898,46.74959],[7.15907,46.74972],[7.15919,46.74984],[7.16079,46.75126],[7.16101,46.7515],[7.16155,46.75226],[7.16169,46.75245],[7.16199,46.75272],[7.16263,46.75294],[7.16326,46.75295],[7.16376,46.75306],[7.16424,46.75332],[7.16449,46.75344],[7.16494,46.75363],[7.16554,46.75416],[7.16593,46.75435],[7.16676,46.75447],[7.16719,46.75465],[7.16749,46.75493],[7.16761,46.75527],[7.16747,46.75587],[7.16736,46.75658],[7.16715,46.75706],[7.16686,46.75753],[7.16641,46.75846],[7.16628,46.75868],[7.16579,46.75908],[7.16562,46.75931],[7.16535,46.75979],[7.16497,46.76062],[7.16436,46.76148],[7.16428,46.7621],[7.16437,46.76236],[7.16451,46.76258],[7.16454,46.76272],[7.16455,46.76289],[7.16445,46.76327],[7.16417,46.76365],[7.16372,46.76403],[7.16349,46.76415],[7.16328,46.76422],[7.16258,46.76434],[7.162,46.76465],[7.1618,46.76496],[7.16176,46.76582],[7.16137,46.7663],[7.16092,46.76649],[7.16007,46.76655],[7.15985,46.7666],[7.15965,46.76667],[7.15954,46.76672],[7.15932,46.7668],[7.15906,46.76688],[7.15827,46.76714],[7.15805,46.76723],[7.15707,46.76774],[7.15704,46.76775],[7.15687,46.76784],[7.15683,46.76785],[7.15662,46.76797],[7.15616,46.76835],[7.15576,46.76857],[7.15521,46.7687],[7.15488,46.76875],[7.15454,46.76875],[7.15414,46.76872],[7.15384,46.76869],[7.15383,46.76868],[7.15352,46.76861],[7.15345,46.76859],[7.15337,46.76856],[7.15314,46.76848],[7.15241,46.76817],[7.15092,46.76771],[7.15049,46.76767],[7.15006,46.76769],[7.14941,46.76794],[7.14914,46.76824],[7.1489,46.76881],[7.1488,46.76932],[7.14857,46.7696],[7.14819,46.76981],[7.14739,46.76993],[7.14686,46.76982],[7.14653,46.76965],[7.14631,46.76956],[7.14607,46.7695],[7.14581,46.76948],[7.14556,46.76949],[7.14531,46.76953],[7.14518,46.76956],[7.14497,46.76963],[7.14388,46.77004],[7.14338,46.7701],[7.14289,46.77002],[7.14217,46.76971],[7.14168,46.76966],[7.1409,46.76968],[7.1404,46.76958],[7.14,46.76934],[7.1396,46.76878],[7.13854,46.76814],[7.13836,46.76786],[7.13832,46.76767],[7.13826,46.76711],[7.13827,46.76691],[7.13832,46.76671],[7.13841,46.76651],[7.13846,46.76633],[7.13839,46.76595],[7.13809,46.76563],[7.1368,46.76494],[7.13648,46.76462],[7.1359,46.76436],[7.13285,46.76371],[7.13281,46.7637],[7.13275,46.76368],[7.13245,46.7636],[7.13227,46.76353],[7.1321,46.76346],[7.13181,46.76333],[7.13149,46.76315],[7.13128,46.76306],[7.1308,46.76297],[7.13031,46.763],[7.13008,46.76306],[7.12987,46.76316],[7.12954,46.76341],[7.12944,46.76357],[7.1293,46.76385],[7.12929,46.76387],[7.12917,46.76413],[7.12917,46.76414],[7.12894,46.76466],[7.12866,46.76538],[7.12794,46.76698],[7.12747,46.76764],[7.12655,46.76844],[7.12547,46.7695],[7.12503,46.7697],[7.12457,46.76979],[7.12331,46.77006],[7.12304,46.7701],[7.1226,46.77013],[7.12227,46.77021],[7.12182,46.77036],[7.12138,46.77046],[7.12137,46.77047],[7.12109,46.77049],[7.12055,46.77045],[7.12045,46.77044],[7.12002,46.77032],[7.11995,46.7703],[7.1197,46.77019],[7.11966,46.77017],[7.11939,46.77],[7.11917,46.76978],[7.11915,46.76974],[7.11903,46.76954],[7.11897,46.76932],[7.11897,46.7693],[7.11897,46.76912],[7.11901,46.76895],[7.1193,46.76811],[7.11942,46.76769],[7.12014,46.76615],[7.12015,46.76613],[7.12036,46.76564],[7.12041,46.7655],[7.12047,46.76515],[7.12048,46.76501],[7.12046,46.76422],[7.12042,46.76402],[7.12028,46.76365],[7.12026,46.76361],[7.12024,46.76355],[7.12017,46.76341],[7.12014,46.76323],[7.1201,46.7629],[7.12004,46.76267],[7.11993,46.76249],[7.11962,46.76222],[7.11906,46.762],[7.1187,46.76196],[7.11848,46.76196],[7.11824,46.76197],[7.11803,46.76199],[7.11772,46.76205],[7.11763,46.76207],[7.11721,46.76222],[7.117,46.76231],[7.1166,46.76263],[7.11626,46.76305],[7.11556,46.76378],[7.11549,46.76384],[7.11507,46.76422],[7.11473,46.76447],[7.11457,46.76455],[7.11436,46.76465],[7.11414,46.76472],[7.11406,46.76474],[7.11376,46.7648],[7.11345,46.76482],[7.11287,46.76481],[7.11248,46.76477],[7.11211,46.76467],[7.11191,46.7646],[7.11159,46.76444],[7.11133,46.76423],[7.11126,46.76415],[7.11106,46.76389],[7.11067,46.76318],[7.11056,46.7629],[7.11052,46.76269],[7.1105,46.7625],[7.11059,46.76217],[7.11105,46.76129],[7.1113,46.76095],[7.1115,46.76075],[7.11176,46.76054],[7.11196,46.76041],[7.11234,46.76027],[7.11261,46.76022],[7.11541,46.75987],[7.11574,46.7598],[7.11594,46.75973],[7.11614,46.75965],[7.11631,46.75955],[7.11646,46.75943],[7.11666,46.75923],[7.11679,46.75906],[7.11687,46.75887],[7.1169,46.75866],[7.11687,46.7585],[7.1168,46.75834],[7.11669,46.75819],[7.11629,46.75776],[7.11573,46.75737],[7.11551,46.75729],[7.11456,46.75702],[7.11357,46.75684],[7.11232,46.75655],[7.11134,46.75647],[7.11111,46.75642],[7.11085,46.75633],[7.11036,46.7561],[7.11014,46.75599],[7.10965,46.75569],[7.10918,46.75551],[7.10892,46.75547],[7.10859,46.75545],[7.1083,46.75545],[7.1077,46.7555],[7.10749,46.75553],[7.10728,46.75559],[7.10582,46.75608],[7.10444,46.7567],[7.10366,46.75738],[7.10265,46.75811],[7.10243,46.75824],[7.10202,46.75838],[7.10174,46.75842],[7.10136,46.75845],[7.10097,46.75845],[7.1006,46.75838],[7.09984,46.75818],[7.09983,46.75818],[7.0984,46.75779],[7.09819,46.75771],[7.09798,46.75762],[7.09753,46.75736],[7.09747,46.75733],[7.09705,46.75708],[7.09672,46.75682],[7.09609,46.75618],[7.09592,46.75596],[7.09582,46.75572],[7.09576,46.75541],[7.09574,46.75509],[7.09592,46.75368],[7.09607,46.75331],[7.09637,46.75304],[7.0971,46.75282]]]},"properties":{"bfs_nr":2238,"name":"Bois-d'Amont"}},{"type":"Feature","geometry":{"type":"Polygon","coordinates":[[[7.02359,46.81612],[7.02368,46.81575],[7.02394,46.81546],[7.02434,46.81526],[7.02483,46.81518],[7.0254,46.81518],[7.02632,46.81506],[7.02696,46.81475],[7.02724,46.81437],[7.0278,46.81396],[7.02869,46.81359],[7.03055,46.81346],[7.03111,46.81349],[7.03184,46.8133],[7.03219,46.81303],[7.03235,46.81269],[7.0323,46.81233],[7.03191,46.81183],[7.03178,46.81128],[7.03205,46.81078],[7.03275,46.81035],[7.03327,46.81024],[7.0341,46.81033],[7.03481,46.81022],[7.03518,46.81001],[7.03542,46.80972],[7.03568,46.80907],[7.03569,46.80874],[7.03581,46.80843],[7.03595,46.80825],[7.03596,46.80825],[7.03604,46.80817],[7.0361,46.80811],[7.03633,46.80785],[7.03676,46.80734],[7.03694,46.80707],[7.03696,46.80704],[7.03711,46.80678],[7.03725,46.8066],[7.03758,46.80635],[7.03779,46.80627],[7.03849,46.80619],[7.03879,46.80623],[7.03897,46.80627],[7.03904,46.80628],[7.03914,46.8063],[7.03925,46.80632],[7.04047,46.80646],[7.04122,46.80659],[7.04124,46.80659],[7.04168,46.80666],[7.04209,46.8067],[7.04239,46.80669],[7.04385,46.8063],[7.0443,46.80613],[7.04488,46.80583],[7.0454,46.80577],[7.04591,46.80585],[7.04651,46.80606],[7.04705,46.80614],[7.04766,46.80633],[7.04837,46.80653],[7.04865,46.80659],[7.04987,46.80675],[7.05104,46.80711],[7.05178,46.80756],[7.05228,46.80766],[7.05304,46.80754],[7.05423,46.80692],[7.05484,46.80678],[7.05503,46.80675],[7.05535,46.80671],[7.05566,46.80669],[7.0559,46.8067],[7.05636,46.80682],[7.05672,46.80705],[7.05706,46.80741],[7.05746,46.80762],[7.05795,46.80771],[7.05821,46.8077],[7.05864,46.80766],[7.05865,46.80766],[7.05944,46.80759],[7.05948,46.80759],[7.06029,46.80753],[7.0603,46.80752],[7.06083,46.80748],[7.06136,46.8075],[7.0619,46.80757],[7.06195,46.80758],[7.06274,46.80767],[7.06391,46.80784],[7.0642,46.80791],[7.06475,46.80823],[7.06494,46.80854],[7.06492,46.80919],[7.06494,46.80942],[7.06498,46.80971],[7.06501,46.81004],[7.06501,46.8106],[7.06485,46.81092],[7.06454,46.81118],[7.064,46.8114],[7.0632,46.8116],[7.06299,46.81168],[7.06281,46.81179],[7.06266,46.81192],[7.06247,46.81214],[7.0623,46.81252],[7.0622,46.81271],[7.06215,46.81279],[7.06193,46.81306],[7.06186,46.81312],[7.06172,46.81329],[7.06163,46.81347],[7.06161,46.81386],[7.06165,46.81403],[7.06174,46.81419],[7.06187,46.81434],[7.06205,46.81447],[7.06225,46.81457],[7.0627,46.81475],[7.06305,46.81485],[7.06416,46.81506],[7.06507,46.81531],[7.0652,46.81536],[7.06593,46.8156],[7.06628,46.81576],[7.06693,46.81612],[7.067,46.81616],[7.06751,46.81646],[7.06759,46.81652],[7.06809,46.81686],[7.06846,46.81721],[7.06856,46.81757],[7.06841,46.81806],[7.06815,46.8185],[7.06808,46.8187],[7.06807,46.8189],[7.06811,46.81981],[7.06813,46.82001],[7.06821,46.82019],[7.06835,46.82036],[7.06854,46.82051],[7.06962,46.82118],[7.07012,46.82163],[7.07021,46.82197],[7.07016,46.82239],[7.07029,46.82272],[7.07059,46.82299],[7.07079,46.82309],[7.07101,46.82316],[7.07114,46.8232],[7.07121,46.82321],[7.07207,46.8234],[7.07212,46.82341],[7.07395,46.82376],[7.07571,46.82401],[7.07629,46.82417],[7.07647,46.82425],[7.07651,46.82427],[7.07705,46.8245],[7.07708,46.82451],[7.07757,46.82472],[7.07787,46.82489],[7.07811,46.82511],[7.07843,46.82547],[7.07844,46.82548],[7.07874,46.8258],[7.0789,46.82594],[7.0791,46.82606],[7.0796,46.8263],[7.07971,46.82634],[7.08034,46.82658],[7.08051,46.82664],[7.08083,46.82676],[7.08111,46.8269],[7.08114,46.82691],[7.08193,46.82727],[7.08203,46.82731],[7.08236,46.82743],[7.08255,46.82749],[7.0829,46.82758],[7.0832,46.82767],[7.08359,46.82792],[7.08376,46.82812],[7.08394,46.82841],[7.08398,46.82846],[7.08428,46.82886],[7.08487,46.82927],[7.08526,46.8297],[7.08538,46.83079],[7.08532,46.83099],[7.08517,46.83123],[7.08477,46.83167],[7.0846,46.83184],[7.08438,46.83198],[7.08379,46.83229],[7.08345,46.83253],[7.08282,46.83348],[7.08263,46.83403],[7.08255,46.83421],[7.08237,46.83443],[7.0821,46.83473],[7.08182,46.83509],[7.08179,46.83513],[7.08157,46.83545],[7.08133,46.83582],[7.0811,46.83606],[7.08063,46.83661],[7.08041,46.83684],[7.08036,46.83689],[7.08012,46.83712],[7.08003,46.8372],[7.07968,46.83749],[7.07947,46.83764],[7.07922,46.83777],[7.07844,46.83834],[7.07738,46.83928],[7.07736,46.83929],[7.07669,46.83987],[7.07569,46.84073],[7.07544,46.84097],[7.07511,46.84127],[7.07504,46.84133],[7.07475,46.84156],[7.07453,46.8417],[7.07432,46.84179],[7.07386,46.84189],[7.07285,46.84175],[7.07234,46.84176],[7.07187,46.84191],[7.07168,46.84203],[7.07144,46.8422],[7.07132,46.8423],[7.07127,46.84236],[7.07116,46.84249],[7.07102,46.84273],[7.07096,46.84318],[7.07107,46.84356],[7.07096,46.84413],[7.07065,46.84461],[7.07009,46.84499],[7.06959,46.84544],[7.06873,46.84595],[7.06822,46.84617],[7.06729,46.84681],[7.06686,46.84698],[7.06587,46.84711],[7.06472,46.84762],[7.06406,46.84767],[7.06323,46.84758],[7.06271,46.84766],[7.06221,46.84783],[7.06126,46.84804],[7.06042,46.84844],[7.05989,46.84911],[7.05952,46.84945],[7.05931,46.84983],[7.05901,46.8501],[7.05836,46.85033],[7.0576,46.85037],[7.05686,46.85052],[7.05634,46.85048],[7.05589,46.85031],[7.05557,46.85003],[7.05519,46.84938],[7.05464,46.84892],[7.05454,46.8486],[7.05474,46.84754],[7.05464,46.8472],[7.05368,46.84601],[7.05321,46.84501],[7.05309,46.84481],[7.05295,46.84464],[7.05276,46.84447],[7.05236,46.84414],[7.05217,46.84376],[7.05209,46.84329],[7.05227,46.84275],[7.05207,46.84215],[7.05212,46.8416],[7.0527,46.84085],[7.05293,46.84061],[7.05372,46.83977],[7.05383,46.83963],[7.0539,46.83948],[7.05393,46.83932],[7.05392,46.83916],[7.05374,46.83824],[7.05368,46.83807],[7.05343,46.83778],[7.05301,46.8375],[7.05286,46.83734],[7.05271,46.837],[7.05277,46.83664],[7.05305,46.83618],[7.05309,46.83602],[7.05304,46.83569],[7.05295,46.83554],[7.05247,46.83506],[7.05217,46.83469],[7.05192,46.83433],[7.05182,46.83415],[7.05177,46.83384],[7.05187,46.83349],[7.05193,46.83303],[7.05193,46.83286],[7.05189,46.83269],[7.05179,46.83252],[7.05165,46.83238],[7.05111,46.83186],[7.05089,46.83133],[7.0508,46.83121],[7.05044,46.83076],[7.05018,46.83053],[7.04949,46.83009],[7.04937,46.83003],[7.04857,46.82963],[7.04772,46.8293],[7.04715,46.8292],[7.04628,46.82918],[7.04539,46.82908],[7.04427,46.82875],[7.043,46.82862],[7.04222,46.82861],[7.0419,46.82865],[7.04136,46.82876],[7.04108,46.82877],[7.04056,46.82867],[7.04,46.82836],[7.03976,46.82807],[7.0397,46.8279],[7.03969,46.82774],[7.03974,46.82752],[7.03975,46.82734],[7.03972,46.82717],[7.03963,46.827],[7.0395,46.82685],[7.03932,46.82672],[7.03891,46.82647],[7.03788,46.82614],[7.03753,46.82595],[7.03693,46.82536],[7.03667,46.82473],[7.03637,46.82443],[7.03566,46.82419],[7.03441,46.82423],[7.03392,46.82408],[7.03326,46.8237],[7.033,46.82346],[7.03257,46.82327],[7.03219,46.82318],[7.03186,46.82312],[7.0315,46.82304],[7.02956,46.82243],[7.02931,46.82234],[7.02898,46.82211],[7.02872,46.82175],[7.02862,46.82124],[7.02871,46.82078],[7.02846,46.82028],[7.02801,46.81997],[7.02776,46.81968],[7.02753,46.81901],[7.02721,46.81873],[7.02676,46.81856],[7.02573,46.81833],[7.02525,46.81814],[7.02486,46.81769],[7.02475,46.81733],[7.02443,46.81701],[7.02395,46.81675],[7.02369,46.81648],[7.02359,46.81612]]]},"properties":{"bfs_nr":2239,"name":"Grolley-Ponthaux"}},{"type":"Feature","geometry":{"type":"Polygon","coordinates":[[[7.09235,46.9072],[7.09289,46.90648],[7.09304,46.90613],[7.09297,46.90577],[7.0927,46.90546],[7.09183,46.905],[7.09145,46.90473],[7.09127,46.90441],[7.09127,46.90408],[7.0916,46.90363],[7.0923,46.90329],[7.09293,46.90276],[7.09365,46.90253],[7.09415,46.90251],[7.0946,46.90237],[7.09495,46.90214],[7.0966,46.90051],[7.09679,46.90035],[7.09719,46.90016],[7.09765,46.90009],[7.09789,46.9001],[7.09819,46.90014],[7.09903,46.90035],[7.10049,46.90067],[7.10054,46.90068],[7.10125,46.90081],[7.10151,46.90084],[7.10177,46.90083],[7.10202,46.90079],[7.10225,46.90072],[7.10246,46.90061],[7.10264,46.90048],[7.10278,46.90033],[7.10287,46.90017],[7.10291,46.89999],[7.10283,46.89964],[7.10257,46.89934],[7.10238,46.89922],[7.10207,46.89906],[7.10141,46.89875],[7.10042,46.89839],[7.09975,46.89816],[7.0988,46.89761],[7.09842,46.89719],[7.09804,46.89699],[7.09659,46.8964],[7.09595,46.8959],[7.09533,46.8956],[7.09478,46.89543],[7.09455,46.89528],[7.09439,46.89514],[7.0943,46.89503],[7.09422,46.89493],[7.09378,46.89442],[7.09304,46.89365],[7.09288,46.89343],[7.09281,46.89336],[7.09267,46.89322],[7.09261,46.89316],[7.09212,46.89273],[7.09159,46.89236],[7.09117,46.89209],[7.09096,46.89193],[7.09074,46.89161],[7.09072,46.89126],[7.0909,46.89093],[7.09142,46.89052],[7.09191,46.89026],[7.09244,46.89019],[7.09324,46.89028],[7.09378,46.89039],[7.09419,46.89051],[7.09466,46.8907],[7.09528,46.89096],[7.09531,46.89097],[7.09568,46.89113],[7.09587,46.89122],[7.09634,46.89149],[7.09657,46.89159],[7.09782,46.89205],[7.09817,46.89221],[7.09844,46.89237],[7.09856,46.89245],[7.09926,46.89295],[7.09946,46.89312],[7.09974,46.89353],[7.09993,46.89378],[7.10004,46.8939],[7.1001,46.89396],[7.10021,46.89404],[7.10039,46.89418],[7.10056,46.89428],[7.10195,46.89501],[7.10247,46.89523],[7.1035,46.89545],[7.10423,46.89571],[7.1051,46.8963],[7.10535,46.89673],[7.10567,46.89701],[7.10639,46.89745],[7.10643,46.89748],[7.10674,46.89765],[7.10691,46.89773],[7.10722,46.89786],[7.10724,46.89787],[7.10756,46.89799],[7.10761,46.89801],[7.10819,46.89825],[7.10877,46.89842],[7.10929,46.89843],[7.10999,46.89819],[7.11068,46.89769],[7.11097,46.89761],[7.11147,46.89751],[7.11179,46.89749],[7.11205,46.8975],[7.113,46.89773],[7.11343,46.89791],[7.11373,46.89818],[7.11386,46.89851],[7.11388,46.89888],[7.11393,46.8991],[7.11395,46.89935],[7.11401,46.89973],[7.11402,46.90027],[7.11425,46.90059],[7.115,46.90122],[7.11541,46.90139],[7.11614,46.90152],[7.11663,46.90167],[7.11713,46.90188],[7.11794,46.90217],[7.11835,46.90258],[7.11863,46.90341],[7.1186,46.90374],[7.11806,46.90459],[7.11803,46.90494],[7.1182,46.90528],[7.11849,46.90558],[7.11861,46.90592],[7.11853,46.90627],[7.11763,46.90731],[7.11708,46.90766],[7.11651,46.90785],[7.11553,46.90848],[7.11439,46.90928],[7.11356,46.91014],[7.11339,46.91038],[7.11338,46.91087],[7.11413,46.91287],[7.11451,46.91427],[7.11461,46.91489],[7.11448,46.91523],[7.11417,46.91552],[7.11346,46.91573],[7.11262,46.91572],[7.11237,46.91576],[7.11214,46.91583],[7.11192,46.91593],[7.11174,46.91605],[7.11162,46.91616],[7.11156,46.91622],[7.11133,46.91645],[7.11085,46.91698],[7.11074,46.91714],[7.11034,46.91756],[7.1101,46.91783],[7.11006,46.91787],[7.11004,46.91789],[7.10997,46.91797],[7.10967,46.91836],[7.1094,46.91876],[7.10925,46.9189],[7.10862,46.91916],[7.10813,46.91918],[7.10766,46.91907],[7.10728,46.91886],[7.10695,46.91848],[7.10682,46.91825],[7.10671,46.91788],[7.10611,46.91734],[7.10595,46.91715],[7.10592,46.9171],[7.10583,46.91698],[7.10581,46.91696],[7.10531,46.91632],[7.1053,46.9163],[7.10468,46.91555],[7.10465,46.91551],[7.10454,46.91536],[7.1045,46.9153],[7.10429,46.91499],[7.1041,46.91476],[7.10368,46.91432],[7.10366,46.91431],[7.10346,46.91409],[7.10344,46.91407],[7.10324,46.91385],[7.10322,46.91383],[7.10283,46.91338],[7.10277,46.91332],[7.10259,46.91314],[7.10247,46.91304],[7.10224,46.91288],[7.10218,46.91284],[7.1013,46.91229],[7.10128,46.91228],[7.10109,46.91217],[7.10106,46.91215],[7.10087,46.91204],[7.10084,46.91203],[7.1003,46.91175],[7.09804,46.9107],[7.09748,46.91056],[7.09623,46.91045],[7.09571,46.91034],[7.09534,46.91013],[7.09516,46.90996],[7.09475,46.90945],[7.09463,46.90928],[7.09455,46.90914],[7.09443,46.909],[7.09426,46.90888],[7.09407,46.90878],[7.09385,46.90871],[7.0928,46.90841],[7.09245,46.90819],[7.09223,46.90789],[7.09219,46.90756],[7.09235,46.9072]]]},"properties":{"bfs_nr":2250,"name":"Courgevaux"}},{"type":"Feature","geometry":{"type":"Polygon","coordinates":[[[7.0637,46.88466],[7.06225,46.88389],[7.06198,46.88354],[7.06192,46.8833],[7.06177,46.88105],[7.06195,46.88051],[7.06248,46.88017],[7.0632,46.88007],[7.06368,46.88017],[7.06415,46.88041],[7.06459,46.88054],[7.06564,46.88069],[7.06614,46.8807],[7.06661,46.88058],[7.06711,46.8802],[7.06723,46.87987],[7.06706,46.87903],[7.06718,46.87859],[7.06723,46.87779],[7.06742,46.87749],[7.06775,46.87725],[7.06829,46.87703],[7.06891,46.87663],[7.0691,46.87634],[7.06924,46.87575],[7.06969,46.87495],[7.06996,46.87463],[7.07062,46.87408],[7.07092,46.87366],[7.07094,46.87331],[7.07043,46.87236],[7.0703,46.87197],[7.07006,46.87166],[7.06969,46.87137],[7.06943,46.87103],[7.06904,46.87077],[7.06827,46.8706],[7.06778,46.87042],[7.06736,46.86999],[7.06729,46.86963],[7.06743,46.86928],[7.06776,46.869],[7.06823,46.86883],[7.06926,46.8686],[7.06979,46.86862],[7.07044,46.86886],[7.07096,46.86898],[7.07215,46.86892],[7.07262,46.86905],[7.07335,46.86967],[7.07352,46.8698],[7.07372,46.86991],[7.07395,46.87],[7.07446,46.87006],[7.07515,46.86998],[7.07592,46.86982],[7.07643,46.86989],[7.07672,46.87],[7.07705,46.87016],[7.07724,46.87023],[7.07756,46.87034],[7.07762,46.87035],[7.07825,46.87053],[7.07941,46.87092],[7.07977,46.87116],[7.08016,46.87193],[7.08052,46.87219],[7.08106,46.87241],[7.08127,46.87254],[7.08179,46.87298],[7.08219,46.87352],[7.08229,46.87362],[7.08234,46.87366],[7.0826,46.8739],[7.08273,46.874],[7.08304,46.8742],[7.0831,46.87423],[7.08359,46.87452],[7.08418,46.87494],[7.08442,46.87504],[7.08467,46.87511],[7.08494,46.87513],[7.08522,46.87512],[7.08548,46.87507],[7.08618,46.87479],[7.08672,46.87448],[7.08746,46.87391],[7.08795,46.87375],[7.08848,46.87374],[7.08926,46.87396],[7.08985,46.87433],[7.09014,46.87447],[7.0903,46.87453],[7.09055,46.87461],[7.09106,46.8747],[7.09195,46.87462],[7.09253,46.87453],[7.09346,46.87451],[7.09409,46.8742],[7.09457,46.87364],[7.09499,46.87343],[7.09558,46.87327],[7.09594,46.87307],[7.09628,46.87275],[7.09673,46.87256],[7.10267,46.8708],[7.1031,46.87059],[7.10338,46.87029],[7.10351,46.86978],[7.10379,46.86942],[7.10476,46.8686],[7.105,46.86828],[7.10512,46.86787],[7.1056,46.86746],[7.10631,46.86725],[7.10685,46.86686],[7.1093,46.86342],[7.10948,46.86322],[7.11019,46.86275],[7.11063,46.86204],[7.11124,46.86169],[7.11177,46.86162],[7.11235,46.8617],[7.11286,46.86168],[7.11352,46.8614],[7.11377,46.86109],[7.11383,46.86074],[7.11355,46.86024],[7.11304,46.85988],[7.11287,46.85968],[7.11276,46.85932],[7.11286,46.85897],[7.11302,46.85878],[7.11376,46.85802],[7.11442,46.85749],[7.11454,46.85737],[7.11478,46.85709],[7.11488,46.85695],[7.11511,46.85654],[7.1155,46.85596],[7.11574,46.85551],[7.11599,46.85519],[7.11659,46.85464],[7.11669,46.85447],[7.11674,46.8543],[7.11674,46.85412],[7.11669,46.85394],[7.11626,46.85334],[7.11608,46.85293],[7.11603,46.85252],[7.11564,46.85202],[7.1143,46.85131],[7.11343,46.85092],[7.11314,46.85078],[7.11291,46.85063],[7.11277,46.85048],[7.11262,46.85015],[7.11266,46.84981],[7.11307,46.84937],[7.1137,46.84911],[7.11456,46.84902],[7.115,46.84887],[7.11622,46.84832],[7.11672,46.84823],[7.11723,46.84828],[7.11799,46.84845],[7.11851,46.8484],[7.11895,46.84821],[7.11954,46.84775],[7.12021,46.84735],[7.12092,46.84702],[7.12131,46.84659],[7.12166,46.84635],[7.12188,46.84606],[7.12206,46.84545],[7.12274,46.84495],[7.123,46.84463],[7.12328,46.844],[7.12364,46.84376],[7.12436,46.84356],[7.12475,46.84334],[7.12505,46.84288],[7.12493,46.84238],[7.12452,46.84165],[7.12456,46.8413],[7.12479,46.84099],[7.12517,46.84077],[7.12573,46.84063],[7.12623,46.84037],[7.1267,46.83988],[7.12702,46.83958],[7.12723,46.83942],[7.12748,46.83929],[7.12968,46.83836],[7.13073,46.83803],[7.13143,46.8381],[7.13183,46.83828],[7.13231,46.83863],[7.13297,46.83952],[7.13344,46.83996],[7.13441,46.84057],[7.13482,46.84073],[7.1352,46.84081],[7.13548,46.84086],[7.13599,46.84092],[7.13634,46.84099],[7.13681,46.84114],[7.13756,46.84124],[7.13801,46.84144],[7.13818,46.84158],[7.13854,46.842],[7.13864,46.8421],[7.13906,46.84248],[7.13912,46.84253],[7.14003,46.84325],[7.14027,46.8434],[7.14082,46.84369],[7.14097,46.84382],[7.14116,46.84414],[7.14118,46.84431],[7.14116,46.84448],[7.14106,46.84471],[7.14101,46.84489],[7.14101,46.84508],[7.14108,46.84526],[7.14119,46.84543],[7.14136,46.84558],[7.14341,46.84709],[7.14395,46.84733],[7.14482,46.84753],[7.16271,46.85167],[7.163,46.85176],[7.16338,46.85199],[7.16355,46.85218],[7.16972,46.86071],[7.1699,46.8609],[7.18632,46.87398],[7.18649,46.87415],[7.18665,46.87445],[7.18667,46.87461],[7.18664,46.87482],[7.18555,46.8785],[7.18552,46.87866],[7.18554,46.87883],[7.1856,46.87899],[7.18571,46.87914],[7.18744,46.88113],[7.18765,46.88168],[7.1875,46.88206],[7.18688,46.88294],[7.18672,46.88312],[7.18656,46.88324],[7.18615,46.88342],[7.18568,46.88348],[7.1845,46.88335],[7.18385,46.88314],[7.18336,46.88308],[7.18275,46.88315],[7.18223,46.88312],[7.18177,46.88295],[7.18131,46.88257],[7.18085,46.88237],[7.1803,46.88231],[7.1795,46.88237],[7.17906,46.88247],[7.17856,46.88247],[7.1781,46.88234],[7.17786,46.8822],[7.17758,46.88202],[7.17738,46.88191],[7.17717,46.88183],[7.17697,46.88179],[7.1769,46.88178],[7.17681,46.88176],[7.1767,46.88175],[7.17656,46.88174],[7.17603,46.88169],[7.17559,46.88154],[7.17526,46.8813],[7.17475,46.88048],[7.17444,46.88023],[7.17393,46.87962],[7.17356,46.8794],[7.17309,46.87928],[7.17251,46.87928],[7.17167,46.87917],[7.17122,46.87921],[7.17099,46.87921],[7.17071,46.87918],[7.16961,46.87897],[7.16933,46.8789],[7.16894,46.8787],[7.16867,46.8784],[7.16834,46.87807],[7.1682,46.87792],[7.16806,46.87779],[7.16728,46.87736],[7.16684,46.8772],[7.16635,46.87717],[7.16588,46.87727],[7.16531,46.87751],[7.1648,46.87757],[7.1643,46.87749],[7.16388,46.87728],[7.16356,46.87695],[7.16269,46.87619],[7.16255,46.87607],[7.16214,46.87582],[7.16188,46.87569],[7.16163,46.87559],[7.16145,46.87549],[7.16115,46.87526],[7.16098,46.87509],[7.16088,46.87494],[7.16084,46.8744],[7.16118,46.87338],[7.16119,46.87336],[7.16129,46.87307],[7.16141,46.87284],[7.16156,46.87268],[7.16203,46.87239],[7.1624,46.872],[7.16277,46.87142],[7.16284,46.87109],[7.16266,46.87058],[7.16269,46.87023],[7.16292,46.86989],[7.163,46.86952],[7.16287,46.86917],[7.16253,46.86888],[7.16193,46.86853],[7.16172,46.86823],[7.16171,46.86755],[7.16164,46.86719],[7.16137,46.86687],[7.16116,46.86675],[7.16093,46.86666],[7.16067,46.8666],[7.16041,46.86658],[7.159,46.86658],[7.15868,46.86661],[7.15801,46.86678],[7.15749,46.86678],[7.15702,46.86664],[7.15659,46.86642],[7.15552,46.86596],[7.15506,46.86588],[7.15459,46.86592],[7.15393,46.86615],[7.15314,46.86626],[7.15256,46.86643],[7.15203,46.86645],[7.15177,46.86641],[7.15153,46.86632],[7.15132,46.86621],[7.15115,46.86607],[7.15095,46.86574],[7.15091,46.86551],[7.15092,46.86513],[7.15089,46.8645],[7.15091,46.86383],[7.15101,46.86313],[7.1509,46.8628],[7.15052,46.86246],[7.15037,46.86233],[7.15027,46.86219],[7.15014,46.86192],[7.15004,46.86177],[7.14952,46.86142],[7.14897,46.86125],[7.14836,46.86091],[7.14785,46.86078],[7.14681,46.86079],[7.14615,46.86065],[7.14552,46.86057],[7.1452,46.86055],[7.1447,46.8606],[7.14428,46.86078],[7.14387,46.86112],[7.14318,46.86144],[7.14284,46.86174],[7.14266,46.8621],[7.1426,46.86248],[7.14277,46.86317],[7.14282,46.86332],[7.14291,46.86351],[7.14302,46.86368],[7.14365,46.86444],[7.14366,46.86445],[7.14378,46.86459],[7.14397,46.86499],[7.14392,46.86536],[7.14335,46.86611],[7.14308,46.86665],[7.14295,46.86684],[7.14281,46.86697],[7.14244,46.86718],[7.14164,46.86735],[7.14125,46.86752],[7.14109,46.86764],[7.14096,46.86776],[7.14067,46.86798],[7.14062,46.86802],[7.14032,46.86829],[7.14018,46.86843],[7.14009,46.8686],[7.14005,46.86869],[7.14004,46.86872],[7.13993,46.86902],[7.13991,46.86949],[7.14023,46.87031],[7.14035,46.87055],[7.14038,46.87059],[7.14059,46.87094],[7.14075,46.87115],[7.1409,46.87134],[7.14105,46.87158],[7.14113,46.87172],[7.1414,46.87211],[7.14151,46.87236],[7.14154,46.87249],[7.14164,46.873],[7.14174,46.87334],[7.14172,46.87374],[7.14131,46.8742],[7.14053,46.87442],[7.14024,46.87442],[7.13995,46.87439],[7.1399,46.87438],[7.13985,46.87437],[7.13965,46.87433],[7.13957,46.87432],[7.13938,46.87427],[7.13928,46.87425],[7.13911,46.8742],[7.13902,46.87418],[7.13886,46.87413],[7.13876,46.87409],[7.13859,46.87403],[7.13854,46.87401],[7.13798,46.8738],[7.1376,46.87365],[7.13736,46.87358],[7.13685,46.87353],[7.13584,46.87366],[7.13539,46.87382],[7.1352,46.87394],[7.13482,46.87423],[7.13479,46.87425],[7.13464,46.87437],[7.13461,46.87439],[7.1344,46.87454],[7.13428,46.87464],[7.13419,46.87473],[7.13404,46.87488],[7.13399,46.87493],[7.13387,46.87506],[7.13365,46.87523],[7.13361,46.87526],[7.1333,46.87541],[7.13324,46.87544],[7.13298,46.87558],[7.13258,46.87583],[7.13238,46.87598],[7.1322,46.87615],[7.13196,46.87633],[7.13181,46.87643],[7.13162,46.87654],[7.13126,46.87672],[7.1305,46.87716],[7.13022,46.87729],[7.12997,46.87736],[7.12971,46.8774],[7.12945,46.87739],[7.12918,46.87735],[7.12894,46.87728],[7.12845,46.87705],[7.12798,46.87697],[7.12749,46.87701],[7.12706,46.87717],[7.12675,46.87743],[7.12645,46.87794],[7.12615,46.87854],[7.12618,46.87902],[7.1264,46.87939],[7.1264,46.87975],[7.12604,46.88021],[7.12542,46.88056],[7.12518,46.8809],[7.12485,46.88166],[7.12495,46.88241],[7.12494,46.88308],[7.12505,46.88433],[7.12503,46.8846],[7.12502,46.88465],[7.12494,46.88488],[7.12485,46.88507],[7.1247,46.8853],[7.1243,46.88558],[7.12398,46.88569],[7.12335,46.88586],[7.12293,46.88604],[7.12276,46.88617],[7.12261,46.88631],[7.12244,46.88642],[7.12163,46.88675],[7.12112,46.88678],[7.12042,46.88657],[7.1201,46.8863],[7.11998,46.88609],[7.11987,46.88594],[7.11953,46.8857],[7.11932,46.88561],[7.11909,46.88554],[7.11879,46.88542],[7.11869,46.88535],[7.1186,46.8853],[7.11856,46.88528],[7.11826,46.88512],[7.11796,46.88482],[7.11778,46.88422],[7.1173,46.88376],[7.1168,46.88361],[7.11363,46.88315],[7.11311,46.88315],[7.11265,46.88327],[7.11185,46.88366],[7.11132,46.88371],[7.11025,46.88368],[7.10972,46.88374],[7.10915,46.88403],[7.10865,46.8842],[7.10732,46.88429],[7.10675,46.88442],[7.10566,46.88447],[7.10512,46.88443],[7.10465,46.88424],[7.10442,46.88406],[7.10422,46.88393],[7.10398,46.88383],[7.10359,46.88371],[7.10206,46.88314],[7.10203,46.88313],[7.10102,46.88278],[7.10091,46.88274],[7.10042,46.88261],[7.09987,46.88246],[7.09933,46.88239],[7.09879,46.88248],[7.09827,46.88269],[7.09744,46.88283],[7.09705,46.88303],[7.09651,46.88344],[7.09578,46.88387],[7.09529,46.88402],[7.09476,46.88438],[7.09461,46.8847],[7.09456,46.8853],[7.09469,46.88564],[7.09524,46.88618],[7.09532,46.88668],[7.09514,46.887],[7.0948,46.88724],[7.09401,46.88747],[7.09378,46.88757],[7.09343,46.88786],[7.09292,46.88872],[7.0927,46.8893],[7.0923,46.88976],[7.09161,46.89037],[7.09091,46.8909],[7.0903,46.8914],[7.08984,46.89158],[7.08896,46.89168],[7.08854,46.89187],[7.08801,46.89232],[7.08758,46.8925],[7.08734,46.89255],[7.08666,46.89256],[7.08595,46.89258],[7.08566,46.89261],[7.08485,46.89277],[7.08447,46.89282],[7.08414,46.89285],[7.08391,46.89291],[7.08369,46.893],[7.08351,46.89312],[7.08316,46.89338],[7.08291,46.89368],[7.08283,46.89402],[7.08305,46.89496],[7.08294,46.89552],[7.08262,46.89581],[7.08192,46.89602],[7.08013,46.89608],[7.07941,46.89586],[7.0791,46.89558],[7.07897,46.89523],[7.07906,46.89487],[7.07927,46.89454],[7.07931,46.8942],[7.07901,46.89372],[7.0781,46.8932],[7.07754,46.89259],[7.07658,46.89212],[7.07601,46.89177],[7.0738,46.89098],[7.0722,46.89031],[7.07179,46.89006],[7.07158,46.88976],[7.07154,46.88943],[7.07162,46.88903],[7.07151,46.88867],[7.071,46.88827],[7.06922,46.88752],[7.06876,46.8874],[7.06827,46.88741],[7.06757,46.88761],[7.06707,46.88764],[7.06545,46.88734],[7.06494,46.88716],[7.06461,46.88689],[7.06446,46.88638],[7.0646,46.88571],[7.06445,46.8854],[7.06405,46.88492],[7.0637,46.88466]]]},"properties":{"bfs_nr":2254,"name":"Courtepin"}},{"type":"Feature","geometry":{"type":"Polygon","coordinates":[[[7.12304,46.9002],[7.1226,46.90011],[7.12243,46.89982],[7.12239,46.89957],[7.12239,46.89918],[7.12245,46.89884],[7.12281,46.89835],[7.12286,46.89837],[7.12447,46.8955],[7.12457,46.89546],[7.12569,46.89568],[7.12614,46.89567],[7.12758,46.89576],[7.12801,46.89572],[7.12821,46.89543],[7.12854,46.89486],[7.12865,46.89471],[7.12882,46.89449],[7.12915,46.89417],[7.12957,46.89353],[7.12979,46.89295],[7.12869,46.89209],[7.12859,46.89201],[7.12844,46.8921],[7.12786,46.89164],[7.12741,46.89172],[7.12707,46.89189],[7.12665,46.89205],[7.12632,46.89207],[7.12589,46.89186],[7.12527,46.8922],[7.12494,46.89227],[7.12431,46.89203],[7.12368,46.89179],[7.12349,46.89111],[7.12328,46.8905],[7.12315,46.89042],[7.12279,46.89018],[7.12234,46.88934],[7.12236,46.88909],[7.12221,46.88887],[7.12188,46.88859],[7.12149,46.88826],[7.12122,46.88811],[7.12084,46.88793],[7.12028,46.88774],[7.1195,46.88748],[7.11931,46.88739],[7.11904,46.88722],[7.11891,46.88712],[7.11861,46.88698],[7.11845,46.88693],[7.11819,46.8869],[7.11671,46.88685],[7.11624,46.8867],[7.11554,46.88654],[7.1151,46.8865],[7.11468,46.88635],[7.11426,46.88618],[7.11388,46.88608],[7.11339,46.88593],[7.11289,46.88574],[7.11303,46.88503],[7.11307,46.8849],[7.11315,46.88476],[7.11354,46.88442],[7.1141,46.88428],[7.11561,46.8841],[7.11563,46.88417],[7.11687,46.88422],[7.1173,46.88442],[7.11786,46.88454],[7.1176,46.8848],[7.11833,46.88518],[7.11859,46.88529],[7.11874,46.88543],[7.11903,46.88552],[7.11948,46.88567],[7.11972,46.88572],[7.1199,46.8858],[7.11994,46.88586],[7.12002,46.88649],[7.12,46.88695],[7.12009,46.88712],[7.12051,46.8872],[7.12093,46.88702],[7.12171,46.88684],[7.12216,46.88654],[7.1224,46.88647],[7.12272,46.88627],[7.12288,46.88598],[7.12455,46.88554],[7.12426,46.8859],[7.12431,46.88615],[7.12478,46.8865],[7.12487,46.88647],[7.12546,46.88686],[7.12583,46.88714],[7.12642,46.88767],[7.12696,46.88803],[7.12751,46.88803],[7.12787,46.88791],[7.12803,46.88779],[7.12856,46.88743],[7.12866,46.8874],[7.12939,46.88802],[7.12995,46.8885],[7.1302,46.88874],[7.13096,46.88937],[7.1316,46.88891],[7.13206,46.88857],[7.1327,46.88816],[7.13267,46.88799],[7.13291,46.88787],[7.13312,46.88799],[7.13363,46.88847],[7.13405,46.88879],[7.13446,46.88913],[7.13499,46.8889],[7.13547,46.88872],[7.13591,46.88886],[7.13624,46.88901],[7.13666,46.88917],[7.13685,46.88912],[7.13701,46.88903],[7.13721,46.88903],[7.13778,46.88915],[7.13817,46.88935],[7.13865,46.88978],[7.13907,46.88997],[7.13934,46.88997],[7.13911,46.89026],[7.13953,46.89045],[7.13981,46.89057],[7.14012,46.89068],[7.14031,46.89072],[7.14037,46.89099],[7.1407,46.89112],[7.14061,46.89125],[7.14214,46.89185],[7.14245,46.8921],[7.14242,46.89228],[7.14305,46.89266],[7.14335,46.89235],[7.14486,46.89287],[7.14479,46.89339],[7.14477,46.89377],[7.14462,46.89427],[7.14504,46.89433],[7.14541,46.89439],[7.1457,46.8944],[7.14698,46.89452],[7.14713,46.89453],[7.14727,46.89452],[7.14749,46.8945],[7.14767,46.8945],[7.14785,46.89451],[7.14887,46.8947],[7.14981,46.89486],[7.15115,46.89502],[7.15197,46.89511],[7.15248,46.89522],[7.15268,46.89529],[7.15311,46.89542],[7.15328,46.8955],[7.15324,46.89593],[7.15375,46.89615],[7.15419,46.89583],[7.15451,46.89578],[7.15486,46.89604],[7.15518,46.89621],[7.15552,46.89634],[7.15614,46.89652],[7.15644,46.89658],[7.15727,46.89689],[7.15698,46.89782],[7.15681,46.89861],[7.1565,46.89864],[7.15638,46.89879],[7.157,46.89888],[7.15729,46.89885],[7.15874,46.8985],[7.15907,46.89843],[7.1593,46.89841],[7.16095,46.89839],[7.16121,46.89985],[7.15985,46.90014],[7.15698,46.90142],[7.15684,46.9015],[7.15507,46.90287],[7.15506,46.90297],[7.15631,46.90348],[7.15635,46.90359],[7.15346,46.90541],[7.15336,46.90541],[7.15098,46.90372],[7.15073,46.90358],[7.15058,46.90422],[7.15023,46.9053],[7.15014,46.90529],[7.14892,46.90441],[7.14674,46.9058],[7.14602,46.90627],[7.14426,46.9074],[7.14307,46.90817],[7.1423,46.90772],[7.14223,46.90765],[7.14221,46.90757],[7.14228,46.90713],[7.1404,46.90763],[7.14027,46.9077],[7.13872,46.90864],[7.13865,46.90866],[7.13857,46.90864],[7.13823,46.90837],[7.13844,46.90754],[7.13624,46.90756],[7.13621,46.90721],[7.13484,46.90753],[7.1348,46.90719],[7.13389,46.90721],[7.13338,46.90716],[7.13271,46.90701],[7.13279,46.90647],[7.12976,46.90564],[7.12726,46.90446],[7.12446,46.90276],[7.12328,46.90175],[7.12391,46.90129],[7.1236,46.90096],[7.12304,46.9002]]]},"properties":{"bfs_nr":2257,"name":"Cressier (FR)"}},{"type":"Feature","geometry":{"type":"Polygon","coordinates":[[[7.18889,46.99627],[7.19755,46.99147],[7.19798,46.9913],[7.1987,46.99121],[7.19945,46.9914],[7.19979,46.99168],[7.20004,46.99211],[7.20018,46.99225],[7.20055,46.99247],[7.20101,46.99258],[7.20151,46.99257],[7.20174,46.99251],[7.20585,46.99128],[7.20648,46.99088],[7.20665,46.99053],[7.20694,46.99023],[7.20742,46.99001],[7.20853,46.98969],[7.20909,46.98961],[7.20959,46.98968],[7.20982,46.98976],[7.21018,46.99],[7.21058,46.99056],[7.21096,46.99081],[7.2112,46.99089],[7.21146,46.99094],[7.21199,46.99092],[7.21242,46.9908],[7.2129,46.99074],[7.21315,46.99076],[7.2136,46.99089],[7.21379,46.99099],[7.21399,46.99115],[7.21509,46.99222],[7.2156,46.99274],[7.2159,46.99299],[7.21832,46.99453],[7.21875,46.99477],[7.21928,46.99488],[7.22004,46.99492],[7.22075,46.99476],[7.22135,46.9947],[7.2224,46.99436],[7.22289,46.99435],[7.22336,46.99446],[7.22374,46.99468],[7.22453,46.99564],[7.22489,46.99593],[7.22598,46.99665],[7.22619,46.99694],[7.22623,46.99727],[7.22609,46.99788],[7.22576,46.99834],[7.22536,46.99854],[7.22487,46.99862],[7.22427,46.99858],[7.22375,46.99863],[7.22314,46.99896],[7.22289,46.99943],[7.22259,46.99978],[7.22184,47.00045],[7.22147,47.00108],[7.22147,47.00189],[7.22127,47.00225],[7.22063,47.00275],[7.21984,47.00371],[7.2195,47.00418],[7.21848,47.00506],[7.21805,47.00547],[7.2176,47.00567],[7.2168,47.00569],[7.21627,47.00551],[7.21579,47.00544],[7.21531,47.0055],[7.21489,47.00567],[7.21394,47.00622],[7.21347,47.00634],[7.21297,47.00633],[7.21252,47.00619],[7.21213,47.00591],[7.21097,47.0047],[7.21061,47.00445],[7.20988,47.00429],[7.20915,47.00444],[7.20624,47.00575],[7.20571,47.0059],[7.2052,47.0059],[7.20454,47.00565],[7.20433,47.00548],[7.20101,47.00201],[7.20065,47.00176],[7.19939,47.00139],[7.19888,47.00139],[7.1981,47.00157],[7.19758,47.00157],[7.19711,47.00143],[7.19663,47.00103],[7.1965,47.00061],[7.1963,47.00032],[7.19574,47.00002],[7.19485,46.99985],[7.19387,46.99953],[7.18912,46.99781],[7.18866,46.99757],[7.18842,46.99726],[7.18837,46.99691],[7.18852,46.99657],[7.18889,46.99627]]]},"properties":{"bfs_nr":2258,"name":"Fr\u00e4schels"}},{"type":"Feature","geometry":{"type":"Polygon","coordinates":[[[7.09407,46.92028],[7.09402,46.92062],[7.09388,46.92097],[7.09372,46.92114],[7.08441,46.92975],[7.0842,46.92991],[7.08399,46.93002],[7.08325,46.93014],[7.08276,46.93006],[7.08248,46.92994],[7.07326,46.92526],[7.07276,46.92482],[7.07268,46.92448],[7.07296,46.92395],[7.08415,46.91316],[7.08495,46.91238],[7.08548,46.91182],[7.08668,46.9104],[7.08819,46.909],[7.08938,46.90815],[7.09009,46.90788],[7.09089,46.90793],[7.09378,46.90869],[7.09405,46.90878],[7.0944,46.909],[7.09467,46.90935],[7.09519,46.90999],[7.09533,46.91013],[7.09551,46.91025],[7.09571,46.91034],[7.09617,46.91044],[7.09741,46.91057],[7.09785,46.91074],[7.09816,46.91101],[7.0983,46.91133],[7.09816,46.91183],[7.09744,46.91247],[7.09737,46.91263],[7.09729,46.91289],[7.09726,46.91303],[7.09724,46.91328],[7.09726,46.91348],[7.09731,46.91369],[7.09733,46.91402],[7.09726,46.91462],[7.09727,46.91543],[7.09682,46.91622],[7.09578,46.91776],[7.09411,46.92012],[7.09407,46.92028]]]},"properties":{"bfs_nr":2261,"name":"Greng"}},{"type":"Feature","geometry":{"type":"MultiPolygon","coordinates":[[[[7.12467,46.88539],[7.12477,46.88523],[7.12496,46.88484],[7.12501,46.88469],[7.12504,46.88456],[7.12505,46.88437],[7.12494,46.88308],[7.12496,46.88243],[7.12486,46.88167],[7.1252,46.88095],[7.12616,46.88026],[7.12656,46.87947],[7.12662,46.8791],[7.12636,46.87858],[7.12633,46.87826],[7.12639,46.87806],[7.12675,46.87743],[7.12709,46.87716],[7.12755,46.87701],[7.12806,46.87699],[7.12855,46.8771],[7.12903,46.87732],[7.12927,46.87738],[7.12951,46.87741],[7.12976,46.8774],[7.13,46.87736],[7.13023,46.87729],[7.13044,46.8772],[7.13125,46.87673],[7.13165,46.87652],[7.13178,46.87645],[7.132,46.87631],[7.13292,46.87562],[7.13356,46.87529],[7.13371,46.87519],[7.13386,46.87509],[7.13398,46.87496],[7.13411,46.8748],[7.13425,46.87467],[7.13444,46.87451],[7.13462,46.87439],[7.13464,46.87437],[7.1348,46.87425],[7.13482,46.87424],[7.1349,46.87417],[7.13515,46.87402],[7.13591,46.87384],[7.1365,46.87385],[7.13707,46.87374],[7.13756,46.87372],[7.13808,46.87384],[7.13854,46.87402],[7.13858,46.87403],[7.13878,46.8741],[7.13884,46.87412],[7.13903,46.87418],[7.13909,46.8742],[7.1393,46.87425],[7.13936,46.87427],[7.13958,46.87432],[7.13963,46.87433],[7.13986,46.87437],[7.13989,46.87438],[7.14013,46.87442],[7.14039,46.87445],[7.1409,46.8744],[7.14134,46.87422],[7.14173,46.87376],[7.14175,46.87341],[7.14154,46.87247],[7.14152,46.87239],[7.1415,46.87232],[7.14142,46.87215],[7.14132,46.87199],[7.14112,46.8717],[7.14104,46.87155],[7.141,46.87148],[7.14084,46.87125],[7.14057,46.87091],[7.14038,46.8706],[7.14035,46.87054],[7.14026,46.87037],[7.14013,46.86994],[7.14012,46.86989],[7.13997,46.86957],[7.13993,46.86907],[7.13998,46.8689],[7.14004,46.86873],[7.14007,46.86864],[7.14019,46.86844],[7.14036,46.86825],[7.14061,46.86803],[7.14068,46.86797],[7.14108,46.86767],[7.14158,46.86741],[7.14232,46.86726],[7.14276,46.86704],[7.14292,46.86689],[7.14304,46.86672],[7.14308,46.86666],[7.14332,46.86616],[7.14392,46.86536],[7.14398,46.86499],[7.14381,46.86463],[7.14366,46.86445],[7.14365,46.86444],[7.14305,46.86372],[7.1429,46.86348],[7.14276,46.86313],[7.14262,46.86243],[7.1428,46.86193],[7.14318,46.86165],[7.14366,46.86149],[7.14408,46.86123],[7.14441,46.86087],[7.14484,46.86065],[7.14537,46.86057],[7.14609,46.86065],[7.14681,46.86079],[7.14785,46.86079],[7.14835,46.86092],[7.14896,46.86125],[7.14948,46.86142],[7.14989,46.86167],[7.15006,46.86188],[7.15027,46.86221],[7.15037,46.86233],[7.15085,46.86276],[7.151,46.86313],[7.15091,46.8638],[7.15089,46.86451],[7.15091,46.86557],[7.15094,46.86575],[7.15101,46.86592],[7.15114,46.86608],[7.1513,46.86621],[7.15151,46.86633],[7.15174,46.86641],[7.15199,46.86646],[7.15225,46.86647],[7.1529,46.86645],[7.15368,46.86625],[7.15421,46.86619],[7.15485,46.86599],[7.15566,46.86603],[7.15655,46.8664],[7.157,46.86665],[7.15748,46.86678],[7.158,46.86678],[7.15877,46.8666],[7.1603,46.86658],[7.16064,46.86661],[7.16113,46.86675],[7.16149,46.86702],[7.16166,46.86737],[7.16171,46.86844],[7.16188,46.86883],[7.16244,46.86942],[7.16248,46.86979],[7.16223,46.87036],[7.16218,46.87076],[7.16229,46.87128],[7.16222,46.87162],[7.16161,46.87235],[7.16134,46.87295],[7.16131,46.873],[7.16118,46.87337],[7.16118,46.87339],[7.16083,46.87445],[7.1608,46.87461],[7.16087,46.87494],[7.16097,46.87509],[7.16111,46.87522],[7.16133,46.87541],[7.16152,46.87554],[7.16174,46.87565],[7.16198,46.87574],[7.1622,46.87585],[7.16251,46.87605],[7.16273,46.87622],[7.16341,46.87682],[7.16372,46.87722],[7.16404,46.87748],[7.16448,46.87763],[7.16497,46.87767],[7.16545,46.87757],[7.16612,46.87728],[7.16664,46.87723],[7.16715,46.87732],[7.16805,46.87779],[7.16827,46.878],[7.16842,46.8782],[7.16855,46.87846],[7.16869,46.87862],[7.16937,46.87893],[7.17154,46.87933],[7.17271,46.87952],[7.17352,46.87957],[7.17394,46.87975],[7.17488,46.88072],[7.17525,46.8813],[7.17559,46.88155],[7.17603,46.8817],[7.17628,46.88172],[7.17652,46.88174],[7.17673,46.88175],[7.17692,46.88178],[7.17715,46.88183],[7.17738,46.88192],[7.17762,46.88205],[7.17799,46.8823],[7.17806,46.88234],[7.17908,46.88289],[7.17958,46.88302],[7.18021,46.88305],[7.18067,46.88319],[7.18142,46.88356],[7.18191,46.88361],[7.18239,46.88354],[7.18302,46.8833],[7.18353,46.88326],[7.18402,46.88335],[7.18458,46.88357],[7.18543,46.88368],[7.18619,46.88357],[7.18658,46.88333],[7.18671,46.88318],[7.18724,46.88243],[7.1874,46.88224],[7.18778,46.88201],[7.18826,46.88189],[7.18907,46.88198],[7.19225,46.88301],[7.19286,46.88338],[7.19304,46.8837],[7.19302,46.88404],[7.19266,46.88449],[7.19184,46.8849],[7.19178,46.88493],[7.19137,46.88516],[7.19136,46.88516],[7.19112,46.8853],[7.19093,46.88542],[7.19026,46.8861],[7.19009,46.88647],[7.19008,46.88677],[7.19026,46.88713],[7.19087,46.88763],[7.19104,46.88773],[7.19111,46.88776],[7.19125,46.88782],[7.19148,46.88793],[7.19182,46.88814],[7.19203,46.88833],[7.19235,46.88856],[7.19237,46.88857],[7.19266,46.88878],[7.19267,46.8888],[7.19301,46.88905],[7.19304,46.88908],[7.19325,46.88924],[7.19325,46.88925],[7.19344,46.88944],[7.1936,46.88979],[7.19366,46.89056],[7.19357,46.89091],[7.19344,46.89107],[7.19307,46.89132],[7.19272,46.89145],[7.1925,46.89154],[7.19232,46.89166],[7.19218,46.8918],[7.19207,46.89196],[7.19202,46.89213],[7.19201,46.8923],[7.19205,46.89248],[7.19232,46.89308],[7.19223,46.89344],[7.19194,46.89375],[7.19158,46.89397],[7.19129,46.89448],[7.19137,46.89485],[7.19218,46.89571],[7.1926,46.89592],[7.19326,46.89603],[7.19372,46.89621],[7.19415,46.89673],[7.19438,46.89856],[7.19412,46.89908],[7.19371,46.89932],[7.19109,46.89996],[7.19046,46.90028],[7.19021,46.90079],[7.19031,46.90115],[7.1908,46.90156],[7.19212,46.90201],[7.19272,46.90231],[7.19438,46.90283],[7.19555,46.90315],[7.19781,46.90353],[7.19899,46.90385],[7.20035,46.90447],[7.20159,46.90519],[7.20389,46.90612],[7.20435,46.90642],[7.20461,46.90684],[7.20482,46.90737],[7.2052,46.90807],[7.20554,46.90833],[7.20696,46.90885],[7.20729,46.90914],[7.20743,46.90949],[7.20736,46.90984],[7.20704,46.91029],[7.20611,46.9124],[7.2061,46.91302],[7.20616,46.91406],[7.206,46.91472],[7.20607,46.91507],[7.20693,46.91615],[7.207,46.9165],[7.20673,46.91743],[7.20672,46.91785],[7.20614,46.91915],[7.206,46.91959],[7.20564,46.92014],[7.2057,46.92076],[7.2056,46.9212],[7.20586,46.92173],[7.20633,46.92203],[7.20666,46.92252],[7.20668,46.92374],[7.20687,46.92435],[7.20709,46.92466],[7.20747,46.92489],[7.20794,46.92501],[7.2088,46.92509],[7.20926,46.92525],[7.20993,46.92533],[7.21053,46.92564],[7.21079,46.92612],[7.21081,46.92642],[7.21104,46.92686],[7.21129,46.92762],[7.21158,46.92795],[7.21213,46.92827],[7.2124,46.92857],[7.21245,46.92914],[7.21202,46.93034],[7.21165,46.93081],[7.21076,46.93112],[7.21039,46.93133],[7.21015,46.93162],[7.20968,46.93259],[7.2094,46.93293],[7.20899,46.93314],[7.20846,46.93331],[7.20805,46.93361],[7.20634,46.93566],[7.20614,46.93586],[7.20471,46.93703],[7.20404,46.93734],[7.20361,46.93742],[7.20316,46.93764],[7.20278,46.93805],[7.20238,46.9383],[7.20154,46.9386],[7.20096,46.93863],[7.20034,46.93855],[7.19925,46.93853],[7.19878,46.93857],[7.1982,46.93874],[7.19779,46.93876],[7.19729,46.93867],[7.19687,46.93847],[7.19614,46.93799],[7.19527,46.93775],[7.19459,46.93734],[7.19381,46.93715],[7.19295,46.93708],[7.19192,46.93689],[7.19112,46.93683],[7.19059,46.93691],[7.18987,46.93736],[7.18945,46.93754],[7.18897,46.93761],[7.18848,46.93754],[7.1879,46.93722],[7.18769,46.9369],[7.18766,46.93671],[7.18768,46.93653],[7.18786,46.93621],[7.1883,46.9358],[7.18842,46.93528],[7.18809,46.9348],[7.1871,46.93433],[7.1867,46.93405],[7.18653,46.93384],[7.18637,46.93358],[7.18624,46.93335],[7.18616,46.93316],[7.18607,46.93269],[7.18615,46.93224],[7.18613,46.93141],[7.18624,46.93096],[7.18648,46.93062],[7.18702,46.93024],[7.18724,46.92989],[7.18723,46.9295],[7.18699,46.92876],[7.18698,46.92831],[7.18759,46.92613],[7.18776,46.92536],[7.18769,46.92497],[7.18781,46.92461],[7.18837,46.9242],[7.18908,46.92399],[7.19046,46.92373],[7.19132,46.92347],[7.19181,46.92311],[7.19195,46.92279],[7.1919,46.92245],[7.19168,46.92184],[7.19123,46.92145],[7.19041,46.92124],[7.18964,46.92096],[7.18928,46.92076],[7.18874,46.92018],[7.18811,46.91963],[7.18768,46.91939],[7.1868,46.91918],[7.18606,46.91884],[7.18463,46.91831],[7.18334,46.91775],[7.18271,46.91755],[7.18152,46.91748],[7.18072,46.9172],[7.18045,46.91692],[7.18035,46.91659],[7.18042,46.91606],[7.18007,46.91545],[7.17996,46.91508],[7.18036,46.91419],[7.18063,46.91387],[7.18132,46.9136],[7.18186,46.91359],[7.18384,46.91406],[7.18449,46.91416],[7.18524,46.91406],[7.18681,46.91359],[7.18762,46.91319],[7.18792,46.91291],[7.18803,46.9124],[7.18786,46.91208],[7.18732,46.91173],[7.18268,46.91013],[7.18224,46.90991],[7.17945,46.90795],[7.17912,46.90759],[7.17904,46.90723],[7.17938,46.90667],[7.18106,46.90529],[7.1813,46.90499],[7.18136,46.90465],[7.1811,46.90417],[7.18072,46.90383],[7.18027,46.90354],[7.17881,46.9028],[7.17854,46.90249],[7.17833,46.90191],[7.17801,46.90162],[7.17754,46.90144],[7.17668,46.90125],[7.17626,46.90102],[7.17596,46.9005],[7.17603,46.89994],[7.17591,46.89961],[7.17579,46.89946],[7.17563,46.89933],[7.17544,46.89922],[7.17522,46.89914],[7.17473,46.89907],[7.17407,46.89907],[7.17375,46.89909],[7.17286,46.89924],[7.17284,46.89924],[7.17187,46.89941],[7.17181,46.89942],[7.17123,46.8995],[7.17094,46.89953],[7.17071,46.89952],[7.17042,46.89947],[7.17028,46.89944],[7.16951,46.89922],[7.16781,46.89875],[7.16559,46.89815],[7.16524,46.89809],[7.16515,46.89809],[7.16471,46.89807],[7.16295,46.89803],[7.16272,46.89804],[7.1625,46.89807],[7.16229,46.89813],[7.16169,46.89834],[7.16121,46.89839],[7.16095,46.89839],[7.16094,46.89839],[7.15938,46.89841],[7.15923,46.89842],[7.15918,46.89842],[7.15882,46.89848],[7.15852,46.89852],[7.1578,46.89843],[7.15741,46.89823],[7.15716,46.89795],[7.15708,46.89762],[7.1571,46.89748],[7.1571,46.89731],[7.15696,46.89697],[7.15643,46.8966],[7.15564,46.89638],[7.15541,46.8963],[7.15531,46.89626],[7.15506,46.89615],[7.15497,46.8961],[7.15484,46.89602],[7.15464,46.89591],[7.15441,46.89584],[7.15417,46.8958],[7.15393,46.89577],[7.15317,46.89545],[7.15304,46.8954],[7.1527,46.89529],[7.15267,46.89528],[7.15254,46.89524],[7.15241,46.89521],[7.15206,46.89513],[7.15187,46.8951],[7.15117,46.89502],[7.15114,46.89502],[7.1499,46.89487],[7.14973,46.89485],[7.14934,46.89478],[7.14891,46.89471],[7.14883,46.89469],[7.14798,46.89453],[7.14779,46.89451],[7.14759,46.8945],[7.14755,46.8945],[7.14742,46.89451],[7.14737,46.89451],[7.14719,46.89452],[7.14706,46.89452],[7.1469,46.89451],[7.14599,46.89443],[7.14566,46.89437],[7.14519,46.89418],[7.14489,46.89387],[7.14481,46.89369],[7.14479,46.89345],[7.14479,46.89343],[7.14477,46.89326],[7.1446,46.89294],[7.14427,46.89268],[7.14358,46.89243],[7.14332,46.89236],[7.14291,46.89229],[7.14267,46.89222],[7.14243,46.89209],[7.14216,46.89188],[7.14126,46.8915],[7.14098,46.89136],[7.14076,46.8912],[7.1407,46.89113],[7.14068,46.89112],[7.14067,46.89111],[7.14045,46.89092],[7.14038,46.89085],[7.14023,46.89075],[7.14006,46.89066],[7.13983,46.89056],[7.13965,46.89044],[7.13937,46.89015],[7.13922,46.89002],[7.13903,46.88992],[7.13866,46.88976],[7.13843,46.88958],[7.13829,46.88945],[7.13802,46.88927],[7.13778,46.88917],[7.13722,46.88905],[7.137,46.88903],[7.13678,46.88905],[7.1365,46.88903],[7.13624,46.88898],[7.13605,46.88891],[7.13584,46.88885],[7.13539,46.88881],[7.13517,46.88882],[7.13488,46.88886],[7.13439,46.88883],[7.13395,46.88868],[7.1338,46.88859],[7.13361,46.88849],[7.13292,46.88835],[7.13223,46.88849],[7.13204,46.88858],[7.13181,46.88872],[7.13159,46.88881],[7.13109,46.8889],[7.13059,46.88884],[7.13015,46.88866],[7.12994,46.8885],[7.12945,46.88807],[7.12927,46.88795],[7.12906,46.88784],[7.12857,46.88774],[7.12831,46.88773],[7.12805,46.88777],[7.12735,46.8879],[7.12687,46.88784],[7.12645,46.88767],[7.12587,46.88717],[7.12579,46.8871],[7.12543,46.88685],[7.12494,46.88652],[7.12472,46.88634],[7.12452,46.88599],[7.12467,46.88539]]],[[[7.21553,46.93016],[7.21675,46.92705],[7.21712,46.92655],[7.21787,46.92536],[7.21842,46.92492],[7.21891,46.9248],[7.21968,46.92488],[7.22056,46.92535],[7.22137,46.9257],[7.22503,46.92707],[7.22551,46.92717],[7.22638,46.92718],[7.22796,46.92764],[7.22885,46.92812],[7.22942,46.92859],[7.23014,46.92888],[7.23074,46.92929],[7.23115,46.92945],[7.23161,46.9295],[7.23315,46.9295],[7.23362,46.92962],[7.23399,46.92986],[7.23424,46.9304],[7.23438,46.93392],[7.23438,46.93528],[7.23445,46.93617],[7.23434,46.9365],[7.23437,46.93688],[7.23455,46.93741],[7.23447,46.9378],[7.23422,46.93809],[7.23376,46.93832],[7.23171,46.939],[7.23109,46.93915],[7.23053,46.9394],[7.23004,46.93951],[7.22952,46.93948],[7.22877,46.93912],[7.22847,46.93866],[7.22851,46.93832],[7.2289,46.93771],[7.22895,46.9372],[7.22876,46.93689],[7.22841,46.93665],[7.22687,46.93593],[7.22642,46.93579],[7.22594,46.93578],[7.22512,46.93592],[7.22459,46.93585],[7.22287,46.93509],[7.2209,46.93448],[7.21847,46.93351],[7.2179,46.9331],[7.21777,46.93276],[7.21782,46.93215],[7.21762,46.9318],[7.21724,46.93155],[7.21656,46.9314],[7.21586,46.93109],[7.21554,46.93073],[7.21553,46.93016]]]]},"properties":{"bfs_nr":2262,"name":"Gurmels"}},{"type":"Feature","geometry":{"type":"Polygon","coordinates":[[[7.16479,46.98903],[7.1625,46.98823],[7.16189,46.98784],[7.16174,46.9875],[7.1618,46.98714],[7.16205,46.98683],[7.16251,46.98659],[7.16344,46.98626],[7.16806,46.98465],[7.16861,46.98429],[7.16877,46.98395],[7.16873,46.9836],[7.16847,46.98314],[7.16849,46.98278],[7.16876,46.98241],[7.17027,46.98106],[7.17085,46.98062],[7.17253,46.97965],[7.1728,46.97944],[7.17301,46.97909],[7.17298,46.97871],[7.17278,46.97832],[7.17285,46.97782],[7.17299,46.97764],[7.1741,46.97646],[7.17411,46.97645],[7.17532,46.97513],[7.17533,46.97511],[7.17544,46.97499],[7.17546,46.97497],[7.17607,46.97421],[7.17608,46.97419],[7.17617,46.97408],[7.17624,46.97396],[7.1763,46.97384],[7.17633,46.97379],[7.17685,46.97249],[7.17709,46.97208],[7.17771,46.97124],[7.17773,46.97122],[7.17782,46.97108],[7.17783,46.97107],[7.17843,46.97015],[7.17844,46.97014],[7.17929,46.96879],[7.1793,46.96877],[7.1794,46.96861],[7.17945,46.96855],[7.17955,46.96841],[7.1796,46.96835],[7.17985,46.96806],[7.18032,46.96746],[7.18073,46.96721],[7.18099,46.96714],[7.18139,46.96709],[7.18155,46.96709],[7.18176,46.9671],[7.18214,46.96713],[7.18239,46.96714],[7.18306,46.96698],[7.18325,46.96688],[7.18362,46.96653],[7.18398,46.96632],[7.18487,46.96603],[7.18542,46.96602],[7.18597,46.96616],[7.18749,46.96682],[7.18832,46.9673],[7.18855,46.96735],[7.18866,46.96737],[7.18876,46.96738],[7.18891,46.9674],[7.18985,46.96741],[7.19052,46.96736],[7.19103,46.9674],[7.19129,46.96745],[7.19145,46.96747],[7.19148,46.96747],[7.19161,46.96748],[7.19175,46.96749],[7.19184,46.9675],[7.19198,46.96751],[7.19242,46.96753],[7.19264,46.96753],[7.19285,46.9675],[7.1941,46.96728],[7.19454,46.96704],[7.19498,46.96642],[7.19497,46.9661],[7.19475,46.96544],[7.19493,46.9647],[7.19531,46.96427],[7.19574,46.96404],[7.19648,46.96391],[7.19698,46.96399],[7.19747,46.96417],[7.19797,46.96422],[7.19845,46.96414],[7.19892,46.96393],[7.19972,46.96381],[7.20533,46.96407],[7.2061,46.96427],[7.20643,46.96453],[7.20669,46.9653],[7.20707,46.96587],[7.20729,46.96662],[7.20745,46.96695],[7.20801,46.96731],[7.20876,46.9674],[7.21287,46.96704],[7.21368,46.96713],[7.21408,46.96734],[7.21433,46.96764],[7.21451,46.96839],[7.21446,46.96883],[7.2142,46.96927],[7.2142,46.96963],[7.21455,46.97079],[7.21484,46.97109],[7.21528,46.97129],[7.21579,46.9714],[7.21619,46.97161],[7.21645,46.97191],[7.21673,46.97253],[7.21727,46.97284],[7.22055,46.97388],[7.22146,46.97421],[7.22179,46.97448],[7.22195,46.97482],[7.22192,46.97517],[7.22204,46.97552],[7.22234,46.97582],[7.22319,46.9762],[7.2242,46.97657],[7.22481,46.9769],[7.22738,46.97797],[7.22827,46.97839],[7.22869,46.97869],[7.22953,46.9794],[7.23015,46.98006],[7.23077,46.98064],[7.23128,46.98157],[7.23158,46.98198],[7.23209,46.98247],[7.2338,46.9839],[7.23417,46.98415],[7.23483,46.98444],[7.23518,46.9847],[7.23538,46.98521],[7.23496,46.98648],[7.23458,46.98696],[7.23184,46.98893],[7.23132,46.98919],[7.22951,46.98974],[7.2289,46.99012],[7.22866,46.99073],[7.22837,46.99102],[7.22756,46.99143],[7.22616,46.99227],[7.22546,46.99254],[7.22454,46.99274],[7.22372,46.99277],[7.22291,46.99301],[7.2224,46.99341],[7.22225,46.99378],[7.222,46.99408],[7.22161,46.99429],[7.22065,46.99459],[7.22015,46.99468],[7.21885,46.99465],[7.21809,46.99439],[7.21594,46.99301],[7.21558,46.99272],[7.21509,46.99222],[7.21394,46.99111],[7.21377,46.99097],[7.21356,46.99086],[7.21333,46.99078],[7.21307,46.99074],[7.21281,46.99073],[7.21255,46.99075],[7.21187,46.99092],[7.21138,46.99091],[7.21114,46.99086],[7.21057,46.99054],[7.21018,46.99],[7.20982,46.98975],[7.20959,46.98967],[7.20934,46.98962],[7.20909,46.98961],[7.20859,46.98968],[7.20705,46.99012],[7.2065,46.99041],[7.20622,46.99088],[7.20594,46.99117],[7.20575,46.99128],[7.20547,46.99139],[7.2018,46.9925],[7.2015,46.99256],[7.20101,46.99258],[7.20055,46.99247],[7.20018,46.99225],[7.20005,46.99211],[7.19978,46.99162],[7.19945,46.99135],[7.19874,46.99115],[7.19821,46.99119],[7.19777,46.99135],[7.19265,46.99419],[7.18802,46.99676],[7.18727,46.99698],[7.18647,46.99686],[7.17862,46.99404],[7.16544,46.98935],[7.16479,46.98903]]]},"properties":{"bfs_nr":2265,"name":"Kerzers"}},{"type":"Feature","geometry":{"type":"Polygon","coordinates":[[[7.19048,46.88607],[7.19092,46.88545],[7.19118,46.88526],[7.19136,46.88516],[7.19137,46.88516],[7.19176,46.88494],[7.19185,46.88489],[7.19227,46.88469],[7.19264,46.88452],[7.19283,46.88442],[7.19311,46.88414],[7.19323,46.88382],[7.19316,46.88349],[7.19293,46.88296],[7.19301,46.88258],[7.19329,46.88228],[7.19371,46.88208],[7.19434,46.88193],[7.19471,46.88173],[7.19485,46.8816],[7.19497,46.88147],[7.19508,46.88136],[7.19523,46.88123],[7.19532,46.88116],[7.19538,46.88112],[7.19547,46.88106],[7.19556,46.881],[7.19568,46.88093],[7.19575,46.88089],[7.19606,46.88075],[7.19619,46.8807],[7.19649,46.88059],[7.19687,46.88049],[7.19703,46.88046],[7.19717,46.88044],[7.1976,46.88041],[7.19788,46.88041],[7.19889,46.88053],[7.19918,46.8806],[7.19922,46.88061],[7.19942,46.88068],[7.1998,46.88084],[7.20002,46.88095],[7.20027,46.8811],[7.20103,46.88171],[7.20126,46.8821],[7.20149,46.88287],[7.20151,46.88292],[7.20175,46.88355],[7.20182,46.88369],[7.20218,46.88423],[7.20232,46.8844],[7.20284,46.88487],[7.20295,46.88496],[7.20468,46.88617],[7.20629,46.88729],[7.20788,46.88845],[7.20953,46.88977],[7.21116,46.89118],[7.2127,46.89263],[7.21273,46.89266],[7.21438,46.89429],[7.21439,46.8943],[7.21597,46.89582],[7.21696,46.89677],[7.21711,46.89695],[7.21719,46.89711],[7.21722,46.89743],[7.21708,46.89774],[7.21631,46.89845],[7.21393,46.90056],[7.21267,46.90155],[7.21212,46.90183],[7.21048,46.90235],[7.21002,46.90245],[7.20894,46.90259],[7.20758,46.90261],[7.20654,46.90248],[7.20562,46.90226],[7.20393,46.902],[7.20285,46.90209],[7.20178,46.90209],[7.20049,46.90232],[7.2,46.9023],[7.19956,46.90217],[7.19906,46.90189],[7.19772,46.90144],[7.19706,46.90107],[7.19674,46.90081],[7.19596,46.89995],[7.1952,46.89884],[7.19508,46.89844],[7.19486,46.89814],[7.1943,46.89761],[7.19414,46.89669],[7.19393,46.89629],[7.19333,46.89592],[7.19271,46.89581],[7.19226,46.89563],[7.19194,46.89534],[7.19171,46.89473],[7.19179,46.89437],[7.19247,46.89364],[7.19248,46.89314],[7.19205,46.89246],[7.19202,46.89228],[7.19203,46.8921],[7.1921,46.89192],[7.19223,46.89176],[7.19239,46.89162],[7.1926,46.8915],[7.19309,46.89132],[7.19329,46.89122],[7.19357,46.89095],[7.19369,46.89062],[7.19375,46.89003],[7.19369,46.88969],[7.19344,46.8894],[7.19324,46.88924],[7.19303,46.88907],[7.19301,46.88905],[7.19266,46.88879],[7.19236,46.88856],[7.19207,46.88835],[7.19184,46.88815],[7.19177,46.8881],[7.19155,46.88796],[7.1914,46.88788],[7.19128,46.88783],[7.19109,46.88775],[7.19087,46.88763],[7.19042,46.88721],[7.19029,46.88673],[7.19048,46.88607]]]},"properties":{"bfs_nr":2266,"name":"Kleinb\u00f6singen"}},{"type":"Feature","geometry":{"type":"Polygon","coordinates":[[[7.08912,46.93214],[7.09983,46.92223],[7.10146,46.92094],[7.10178,46.92069],[7.10225,46.92041],[7.10269,46.92005],[7.10293,46.9199],[7.10314,46.9198],[7.10364,46.91971],[7.10438,46.91982],[7.10467,46.91996],[7.10586,46.92064],[7.1087,46.92211],[7.10951,46.92245],[7.11026,46.92285],[7.11103,46.92323],[7.11195,46.92395],[7.11209,46.92429],[7.11203,46.92464],[7.11104,46.92592],[7.11061,46.92641],[7.1105,46.92703],[7.11045,46.92718],[7.11033,46.92737],[7.10988,46.92794],[7.10973,46.92809],[7.09961,46.93746],[7.09895,46.9378],[7.09845,46.93785],[7.09795,46.93777],[7.09768,46.93766],[7.0894,46.93346],[7.08916,46.93331],[7.0889,46.93301],[7.08886,46.93249],[7.08912,46.93214]]]},"properties":{"bfs_nr":2271,"name":"Meyriez"}},{"type":"Feature","geometry":{"type":"Polygon","coordinates":[[[7.05031,46.85441],[7.05035,46.85385],[7.05061,46.85355],[7.05085,46.8534],[7.0516,46.85303],[7.05186,46.85289],[7.05242,46.85248],[7.05283,46.85231],[7.05331,46.85226],[7.05395,46.85232],[7.05443,46.85226],[7.05485,46.8521],[7.05524,46.85168],[7.05538,46.85129],[7.05567,46.851],[7.05612,46.85081],[7.05692,46.85072],[7.05742,46.85055],[7.05831,46.85047],[7.05878,46.85035],[7.05939,46.84988],[7.0596,46.84941],[7.06029,46.84867],[7.06068,46.84843],[7.06131,46.84827],[7.06186,46.84806],[7.06269,46.84789],[7.0632,46.84785],[7.06373,46.8479],[7.06548,46.84766],[7.0661,46.84737],[7.0667,46.84727],[7.06723,46.84708],[7.06849,46.84615],[7.06941,46.84581],[7.0698,46.84553],[7.07011,46.84508],[7.07067,46.84467],[7.07102,46.84411],[7.07112,46.84354],[7.07102,46.8432],[7.07106,46.8427],[7.07116,46.8425],[7.0713,46.84233],[7.07158,46.8421],[7.07182,46.84195],[7.07205,46.84186],[7.07257,46.84178],[7.07308,46.84185],[7.07357,46.84207],[7.07407,46.84271],[7.07454,46.84305],[7.07464,46.84311],[7.0749,46.84325],[7.07496,46.84328],[7.07519,46.84342],[7.07529,46.84348],[7.07548,46.84358],[7.07562,46.84364],[7.07615,46.8438],[7.07714,46.84408],[7.07752,46.84432],[7.07773,46.84465],[7.07779,46.84532],[7.07802,46.84568],[7.07853,46.84604],[7.0846,46.84848],[7.08491,46.84861],[7.08514,46.84869],[7.08565,46.84875],[7.08615,46.84867],[7.08657,46.84846],[7.08697,46.848],[7.08732,46.84777],[7.08776,46.84765],[7.08854,46.84765],[7.08871,46.84765],[7.0894,46.84761],[7.08967,46.84757],[7.08992,46.8475],[7.09015,46.84739],[7.09054,46.84716],[7.09175,46.84648],[7.09191,46.84637],[7.09219,46.84608],[7.09287,46.84546],[7.09358,46.84518],[7.09399,46.84493],[7.09422,46.84459],[7.09425,46.84417],[7.09441,46.84383],[7.09474,46.84356],[7.0952,46.8434],[7.09572,46.84338],[7.09627,46.84352],[7.09725,46.84392],[7.09894,46.84444],[7.10022,46.84486],[7.10059,46.84492],[7.10091,46.845],[7.10158,46.84522],[7.10159,46.84523],[7.1024,46.84549],[7.10279,46.84567],[7.10313,46.84598],[7.10324,46.8462],[7.10326,46.84626],[7.10329,46.84639],[7.10332,46.84651],[7.10338,46.84668],[7.10365,46.847],[7.10384,46.84712],[7.10407,46.84721],[7.10432,46.84729],[7.1044,46.84731],[7.10475,46.8474],[7.10515,46.84755],[7.10666,46.84823],[7.10736,46.84839],[7.10784,46.84863],[7.10864,46.84899],[7.10868,46.84901],[7.10943,46.84932],[7.10966,46.8494],[7.1105,46.84961],[7.11121,46.84978],[7.11172,46.84998],[7.11231,46.85033],[7.11316,46.85079],[7.11335,46.85089],[7.11433,46.85132],[7.11548,46.85195],[7.11578,46.85222],[7.11593,46.85268],[7.11628,46.85338],[7.11668,46.85394],[7.11674,46.8543],[7.11659,46.85464],[7.11596,46.85522],[7.11575,46.85548],[7.11549,46.85598],[7.1151,46.85656],[7.1149,46.85691],[7.11475,46.85712],[7.11457,46.85733],[7.11438,46.85752],[7.11373,46.85805],[7.11296,46.85883],[7.11283,46.85899],[7.11276,46.85917],[7.11274,46.85936],[7.11286,46.85972],[7.11301,46.85988],[7.11345,46.86019],[7.11372,46.86066],[7.11367,46.861],[7.11344,46.8613],[7.11307,46.86153],[7.11235,46.86164],[7.11169,46.86159],[7.1112,46.86167],[7.11063,46.86202],[7.1103,46.86254],[7.10974,46.86293],[7.10944,46.86323],[7.1071,46.86651],[7.10691,46.86671],[7.10672,46.86684],[7.10624,46.86702],[7.10543,46.86705],[7.10493,46.86718],[7.10455,46.86744],[7.10433,46.86796],[7.10446,46.86859],[7.10432,46.86894],[7.10314,46.87],[7.10293,46.87043],[7.10265,46.87072],[7.10246,46.87084],[7.10218,46.87095],[7.09714,46.87243],[7.09669,46.87252],[7.09646,46.87259],[7.09584,46.87293],[7.0948,46.87317],[7.0944,46.87343],[7.09409,46.87378],[7.09277,46.87442],[7.09175,46.87463],[7.09064,46.87461],[7.09031,46.87453],[7.09011,46.87445],[7.08991,46.87436],[7.08926,46.87396],[7.08848,46.87373],[7.08798,46.87373],[7.08751,46.87386],[7.08732,46.87397],[7.08676,46.87445],[7.08613,46.87481],[7.08548,46.87506],[7.08522,46.87512],[7.08467,46.8751],[7.08419,46.87494],[7.08363,46.87455],[7.08311,46.87424],[7.08303,46.87419],[7.08276,46.87402],[7.08257,46.87387],[7.08235,46.87368],[7.08227,46.8736],[7.08224,46.87356],[7.08203,46.8733],[7.08199,46.87322],[7.08184,46.87303],[7.08162,46.87282],[7.08135,46.8726],[7.08129,46.87255],[7.08118,46.87247],[7.08061,46.87215],[7.08036,46.87183],[7.08023,46.87142],[7.07974,46.87101],[7.07826,46.87054],[7.07763,46.87036],[7.07755,46.87033],[7.07728,46.87025],[7.07701,46.87014],[7.07659,46.86994],[7.07635,46.86985],[7.07583,46.86978],[7.07491,46.87],[7.07442,46.87006],[7.07393,46.86998],[7.07351,46.86979],[7.07276,46.86909],[7.07237,46.86891],[7.0719,46.86883],[7.07111,46.8689],[7.07041,46.86878],[7.06983,46.86856],[7.06913,46.86856],[7.06858,46.86873],[7.06792,46.86879],[7.06719,46.86868],[7.06623,46.8682],[7.06565,46.86806],[7.06512,46.86781],[7.06448,46.86742],[7.06351,46.86705],[7.06307,46.86695],[7.06266,46.86675],[7.06239,46.86646],[7.06187,46.86535],[7.06161,46.86508],[7.06103,46.86479],[7.06048,46.86444],[7.06024,46.86413],[7.0601,46.86368],[7.0598,46.86338],[7.05927,46.86308],[7.05874,46.86267],[7.05824,46.86191],[7.05786,46.86163],[7.05721,46.86075],[7.05659,46.86017],[7.0565,46.85975],[7.0562,46.85933],[7.05567,46.85886],[7.05528,46.85792],[7.05503,46.85749],[7.05465,46.85711],[7.05421,46.85679],[7.05382,46.85622],[7.05333,46.85589],[7.0529,46.85575],[7.05169,46.85566],[7.05108,46.85536],[7.05038,46.85456],[7.05031,46.85441]]]},"properties":{"bfs_nr":2272,"name":"Misery-Courtion"}},{"type":"Feature","geometry":{"type":"Polygon","coordinates":[[[7.11116,46.94332],[7.12043,46.93475],[7.12137,46.93418],[7.12189,46.93399],[7.12292,46.93385],[7.12351,46.93361],[7.12419,46.93346],[7.12466,46.93349],[7.12518,46.93366],[7.12556,46.93395],[7.12622,46.93433],[7.12775,46.9356],[7.12793,46.93572],[7.12813,46.93582],[7.12827,46.93586],[7.12864,46.93597],[7.12882,46.93604],[7.12901,46.93612],[7.12919,46.9362],[7.12943,46.93633],[7.12953,46.93638],[7.13077,46.93691],[7.13134,46.93736],[7.13153,46.93778],[7.13183,46.93805],[7.13252,46.9384],[7.13314,46.93854],[7.1336,46.93873],[7.13423,46.93922],[7.13456,46.93944],[7.13488,46.93965],[7.13498,46.93971],[7.13524,46.93985],[7.13527,46.93987],[7.13571,46.94009],[7.13613,46.94032],[7.13663,46.94048],[7.13869,46.94152],[7.13872,46.94153],[7.13953,46.94193],[7.13956,46.94194],[7.14096,46.94265],[7.14097,46.94265],[7.14187,46.94309],[7.14252,46.94342],[7.143,46.94352],[7.14418,46.94346],[7.14489,46.94373],[7.14618,46.94466],[7.14637,46.94501],[7.14639,46.94525],[7.14634,46.94577],[7.14634,46.94582],[7.14628,46.94605],[7.14621,46.94626],[7.14619,46.94641],[7.14604,46.94702],[7.14586,46.94737],[7.14554,46.9477],[7.14546,46.94788],[7.14541,46.94804],[7.14523,46.9486],[7.1452,46.94867],[7.1451,46.94892],[7.14503,46.94907],[7.14491,46.94927],[7.14481,46.9494],[7.14449,46.9498],[7.14448,46.94982],[7.14438,46.94995],[7.1442,46.95012],[7.14381,46.95033],[7.14358,46.9504],[7.14309,46.95043],[7.14285,46.9504],[7.14256,46.95032],[7.14254,46.95032],[7.14228,46.95021],[7.14196,46.94996],[7.1416,46.94948],[7.14116,46.94925],[7.13829,46.9483],[7.13637,46.94767],[7.13631,46.94765],[7.13628,46.94765],[7.13618,46.94762],[7.13615,46.9476],[7.13597,46.94754],[7.13484,46.94717],[7.13365,46.94679],[7.13362,46.94678],[7.13109,46.94593],[7.13084,46.94587],[7.13059,46.94584],[7.13033,46.94585],[7.11696,46.94708],[7.11665,46.94709],[7.11616,46.947],[7.11589,46.94689],[7.11145,46.94464],[7.11121,46.94449],[7.11095,46.9442],[7.11088,46.94385],[7.11116,46.94332]]]},"properties":{"bfs_nr":2274,"name":"Muntelier"}},{"type":"Feature","geometry":{"type":"MultiPolygon","coordinates":[[[[7.09275,46.88924],[7.09295,46.88867],[7.09344,46.88786],[7.09402,46.88747],[7.09493,46.88727],[7.09519,46.88717],[7.09596,46.88672],[7.09623,46.88644],[7.09633,46.88611],[7.09625,46.88578],[7.09592,46.88523],[7.09552,46.88474],[7.09551,46.88438],[7.09571,46.88404],[7.09703,46.88307],[7.09748,46.88291],[7.09806,46.88286],[7.0985,46.88275],[7.099,46.88252],[7.09977,46.88246],[7.10009,46.88253],[7.10088,46.88274],[7.10105,46.88279],[7.10206,46.88314],[7.10361,46.88372],[7.10416,46.88391],[7.10434,46.88401],[7.10474,46.88434],[7.10513,46.88452],[7.1056,46.88459],[7.10679,46.88456],[7.10775,46.88428],[7.10879,46.8842],[7.1096,46.88384],[7.11045,46.88368],[7.11214,46.88375],[7.11261,46.88391],[7.11296,46.88418],[7.11313,46.8847],[7.11306,46.88493],[7.11305,46.88495],[7.11304,46.88498],[7.11302,46.88508],[7.11301,46.88512],[7.11301,46.88531],[7.11317,46.88567],[7.11333,46.88583],[7.11354,46.88595],[7.11378,46.88605],[7.11385,46.88607],[7.11391,46.88609],[7.11412,46.88615],[7.11439,46.88623],[7.11466,46.88634],[7.1147,46.88635],[7.1149,46.88643],[7.11511,46.88649],[7.11534,46.88652],[7.11573,46.88659],[7.11614,46.88668],[7.11649,46.88678],[7.11671,46.88683],[7.11695,46.88685],[7.11803,46.88689],[7.11834,46.88693],[7.11881,46.88708],[7.11924,46.88735],[7.1194,46.88743],[7.11943,46.88745],[7.11958,46.88751],[7.12072,46.88789],[7.12095,46.88798],[7.12133,46.88817],[7.12162,46.88836],[7.12203,46.88871],[7.12227,46.88902],[7.12232,46.88918],[7.12233,46.88919],[7.12235,46.88933],[7.12241,46.88946],[7.12269,46.88999],[7.12279,46.89013],[7.12293,46.89026],[7.12315,46.89045],[7.12338,46.8908],[7.12357,46.89139],[7.12365,46.89157],[7.12379,46.89174],[7.12397,46.89188],[7.1242,46.89199],[7.12429,46.89203],[7.12432,46.89204],[7.12441,46.89207],[7.12465,46.89214],[7.12516,46.89217],[7.12542,46.89214],[7.12575,46.89207],[7.126,46.89205],[7.12618,46.89206],[7.12639,46.89206],[7.1266,46.89203],[7.12681,46.89199],[7.12714,46.89189],[7.12769,46.89185],[7.12821,46.89198],[7.12832,46.89204],[7.1285,46.89212],[7.12881,46.89223],[7.1291,46.89241],[7.12959,46.8929],[7.12965,46.89324],[7.12961,46.89344],[7.1295,46.89364],[7.12922,46.89406],[7.12905,46.89427],[7.12886,46.89445],[7.12878,46.89454],[7.12867,46.89468],[7.12864,46.89473],[7.12856,46.89484],[7.12853,46.89489],[7.1284,46.89512],[7.12823,46.89533],[7.12784,46.89559],[7.12732,46.89572],[7.12697,46.89572],[7.12621,46.89568],[7.12607,46.89567],[7.12587,46.89565],[7.12553,46.89562],[7.12527,46.89561],[7.12477,46.89569],[7.12436,46.89589],[7.12409,46.89618],[7.12301,46.8981],[7.12284,46.89834],[7.12282,46.89836],[7.12275,46.89843],[7.12254,46.89872],[7.12245,46.89887],[7.12239,46.89921],[7.12238,46.89955],[7.12237,46.89974],[7.1222,46.90008],[7.12185,46.90034],[7.12138,46.90049],[7.12032,46.90055],[7.12008,46.90061],[7.1195,46.90096],[7.11909,46.90162],[7.11854,46.90196],[7.11806,46.90205],[7.11748,46.90199],[7.11707,46.90186],[7.11655,46.90164],[7.11622,46.90154],[7.11586,46.90147],[7.11541,46.90139],[7.115,46.90122],[7.11419,46.9005],[7.11406,46.90014],[7.11408,46.89978],[7.11395,46.89929],[7.11395,46.89922],[7.11393,46.89904],[7.11387,46.89873],[7.1139,46.89827],[7.11375,46.89793],[7.11319,46.89755],[7.11269,46.89742],[7.11217,46.8974],[7.11172,46.89748],[7.11133,46.89754],[7.11123,46.89755],[7.11075,46.89766],[7.10998,46.89793],[7.10957,46.89816],[7.1091,46.89831],[7.10834,46.89829],[7.10805,46.89819],[7.1076,46.89801],[7.10757,46.898],[7.10724,46.89786],[7.1072,46.89785],[7.10695,46.89775],[7.1067,46.89763],[7.10644,46.89748],[7.10639,46.89745],[7.10587,46.89713],[7.10549,46.89679],[7.10531,46.89646],[7.10505,46.89622],[7.10414,46.89563],[7.10394,46.89555],[7.10307,46.89534],[7.10247,46.89523],[7.10193,46.895],[7.10061,46.89431],[7.10035,46.89415],[7.10023,46.89406],[7.10008,46.89393],[7.09991,46.89375],[7.09976,46.89355],[7.09946,46.89312],[7.0993,46.89298],[7.09854,46.89244],[7.09846,46.89239],[7.09812,46.89218],[7.09788,46.89207],[7.09739,46.89189],[7.09737,46.89188],[7.09663,46.89162],[7.09584,46.89121],[7.09571,46.89114],[7.09529,46.89096],[7.09527,46.89095],[7.09465,46.89069],[7.09463,46.89068],[7.09413,46.89048],[7.09386,46.8904],[7.09339,46.89028],[7.093,46.89006],[7.09276,46.88975],[7.09275,46.88924]]],[[[7.08289,46.8939],[7.08295,46.89367],[7.08326,46.89331],[7.0837,46.893],[7.08414,46.89285],[7.08479,46.89278],[7.08558,46.89263],[7.08602,46.89258],[7.08709,46.89257],[7.08732,46.89256],[7.08755,46.89252],[7.08795,46.89236],[7.08871,46.8919],[7.08917,46.89183],[7.09046,46.89184],[7.09091,46.89196],[7.09158,46.89235],[7.09214,46.89275],[7.09259,46.89314],[7.09269,46.89323],[7.09279,46.89334],[7.09289,46.89345],[7.09306,46.89367],[7.09378,46.89443],[7.09419,46.8949],[7.09431,46.89506],[7.09451,46.89526],[7.09464,46.89536],[7.09488,46.89549],[7.09611,46.89606],[7.09659,46.8964],[7.09772,46.89691],[7.09817,46.89749],[7.09847,46.89774],[7.09867,46.89783],[7.09919,46.89799],[7.10028,46.89834],[7.10146,46.89877],[7.10233,46.89919],[7.10256,46.89934],[7.10283,46.89964],[7.1029,46.89999],[7.10277,46.90033],[7.10246,46.90061],[7.10202,46.90079],[7.10151,46.90083],[7.10119,46.9008],[7.10055,46.90068],[7.10048,46.90066],[7.09909,46.90037],[7.09889,46.90031],[7.0987,46.90026],[7.09813,46.90013],[7.0979,46.90009],[7.09765,46.90008],[7.09741,46.90011],[7.09718,46.90016],[7.09697,46.90024],[7.09679,46.90034],[7.09663,46.90047],[7.09525,46.90184],[7.09505,46.902],[7.09465,46.90219],[7.09391,46.90227],[7.09341,46.90239],[7.09302,46.90264],[7.09248,46.90311],[7.09175,46.90334],[7.0901,46.90336],[7.08921,46.90312],[7.08763,46.90249],[7.08708,46.9021],[7.08695,46.9016],[7.08708,46.90128],[7.08795,46.90049],[7.08819,46.90017],[7.08815,46.89962],[7.0875,46.89889],[7.0875,46.89837],[7.08738,46.89759],[7.08705,46.89717],[7.0866,46.89695],[7.08567,46.89667],[7.08468,46.8963],[7.08398,46.89618],[7.08336,46.89582],[7.08316,46.89543],[7.08291,46.89427],[7.08289,46.8939]]],[[[7.09401,46.92066],[7.09412,46.92012],[7.09577,46.91777],[7.09682,46.91622],[7.09728,46.91543],[7.09726,46.91459],[7.09734,46.91397],[7.09732,46.91374],[7.09727,46.91352],[7.09724,46.91323],[7.09726,46.91306],[7.0973,46.91284],[7.09741,46.91261],[7.09775,46.9123],[7.09902,46.91172],[7.09949,46.91163],[7.1002,46.91172],[7.10046,46.91183],[7.10083,46.91203],[7.10087,46.91205],[7.10105,46.91214],[7.1011,46.91218],[7.10127,46.91228],[7.10131,46.9123],[7.10216,46.91283],[7.10243,46.91302],[7.10261,46.91317],[7.10276,46.91331],[7.10284,46.91339],[7.10323,46.91384],[7.10345,46.91408],[7.10346,46.91409],[7.10367,46.91432],[7.10368,46.91433],[7.10409,46.91475],[7.10431,46.91501],[7.1045,46.91531],[7.10453,46.91535],[7.10466,46.91552],[7.10468,46.91555],[7.1053,46.91631],[7.10532,46.91633],[7.10581,46.91695],[7.10584,46.91699],[7.10591,46.91709],[7.10595,46.91715],[7.10602,46.91725],[7.10608,46.91735],[7.10624,46.91765],[7.10661,46.91801],[7.1069,46.91842],[7.10714,46.91872],[7.10727,46.91886],[7.10765,46.91908],[7.10813,46.91918],[7.10862,46.91916],[7.10907,46.91902],[7.10926,46.9189],[7.10941,46.91877],[7.10996,46.91799],[7.11006,46.91787],[7.11009,46.91784],[7.1103,46.91761],[7.11056,46.91738],[7.11068,46.91723],[7.11087,46.91696],[7.11132,46.91646],[7.1117,46.91609],[7.11193,46.91593],[7.11214,46.91583],[7.11262,46.91573],[7.11435,46.91581],[7.11488,46.9159],[7.11533,46.91608],[7.11641,46.9164],[7.11735,46.91678],[7.11863,46.9171],[7.11967,46.91726],[7.12126,46.91763],[7.12273,46.91803],[7.12431,46.91862],[7.12529,46.91894],[7.12591,46.91895],[7.12652,46.91885],[7.12694,46.91868],[7.12765,46.9183],[7.12826,46.91824],[7.12935,46.91831],[7.12983,46.91849],[7.13025,46.91877],[7.13156,46.91919],[7.13206,46.91927],[7.13268,46.91925],[7.13394,46.91938],[7.13443,46.91929],[7.13483,46.91908],[7.13536,46.91847],[7.13555,46.91787],[7.13588,46.91646],[7.1359,46.9157],[7.136,46.91523],[7.13603,46.91395],[7.13611,46.91327],[7.13605,46.91295],[7.13571,46.91239],[7.13573,46.91202],[7.13601,46.9116],[7.1363,46.91063],[7.13672,46.91007],[7.13814,46.90882],[7.13839,46.90872],[7.13846,46.9087],[7.1387,46.90863],[7.13892,46.90852],[7.14015,46.90778],[7.14039,46.90766],[7.14085,46.90752],[7.14142,46.90745],[7.14192,46.90753],[7.14214,46.90762],[7.14216,46.90763],[7.14235,46.90773],[7.14305,46.90786],[7.14353,46.90779],[7.14374,46.90771],[7.14393,46.90761],[7.14427,46.90739],[7.14602,46.90627],[7.14603,46.90626],[7.14673,46.90581],[7.14675,46.9058],[7.14792,46.90505],[7.1484,46.90484],[7.1489,46.90478],[7.14915,46.9048],[7.14947,46.90487],[7.14972,46.90491],[7.15024,46.90489],[7.15048,46.90482],[7.15106,46.90458],[7.15156,46.90451],[7.15206,46.90459],[7.15228,46.90467],[7.15257,46.90484],[7.15271,46.90493],[7.15293,46.90501],[7.15342,46.90509],[7.15392,46.90503],[7.15415,46.90495],[7.15435,46.90485],[7.15552,46.90411],[7.1557,46.90397],[7.15592,46.90363],[7.15594,46.90344],[7.15591,46.90326],[7.15572,46.90282],[7.15577,46.90245],[7.15608,46.90209],[7.15709,46.90137],[7.15954,46.90029],[7.15983,46.90018],[7.16028,46.90004],[7.16041,46.9],[7.16092,46.89967],[7.16109,46.89936],[7.1611,46.89919],[7.1611,46.89904],[7.16114,46.89887],[7.16138,46.89855],[7.16183,46.8983],[7.16224,46.89815],[7.1625,46.89808],[7.16272,46.89804],[7.16301,46.89803],[7.16517,46.89809],[7.16568,46.89818],[7.1703,46.89944],[7.17038,46.89946],[7.17048,46.89948],[7.17071,46.89952],[7.17094,46.89953],[7.17118,46.89951],[7.17182,46.89941],[7.17186,46.89941],[7.17285,46.89924],[7.17287,46.89924],[7.17367,46.89911],[7.17415,46.89907],[7.17467,46.89907],[7.17521,46.89915],[7.17563,46.89933],[7.17591,46.89961],[7.17602,46.89994],[7.17595,46.9005],[7.1761,46.90086],[7.17625,46.90102],[7.17668,46.90125],[7.17722,46.90139],[7.17762,46.90161],[7.17788,46.90191],[7.17795,46.90226],[7.17779,46.90264],[7.17465,46.90693],[7.17452,46.90746],[7.17487,46.90795],[7.17531,46.90816],[7.17824,46.90905],[7.17871,46.90927],[7.17897,46.90957],[7.17902,46.91008],[7.17858,46.91082],[7.17828,46.91112],[7.1776,46.91138],[7.17639,46.91156],[7.17502,46.91191],[7.17443,46.91191],[7.17234,46.91164],[7.17184,46.91161],[7.17076,46.91165],[7.16986,46.91174],[7.1694,46.91168],[7.16869,46.91147],[7.16631,46.91115],[7.16604,46.91114],[7.16527,46.91133],[7.16482,46.91178],[7.16427,46.91304],[7.16381,46.91374],[7.16368,46.91408],[7.16377,46.91444],[7.16404,46.91475],[7.16556,46.91584],[7.16606,46.91607],[7.16746,46.91642],[7.168,46.91678],[7.16817,46.91729],[7.16776,46.91842],[7.16782,46.91877],[7.16826,46.9192],[7.16873,46.91936],[7.17318,46.92019],[7.17389,46.92049],[7.17414,46.92079],[7.1742,46.92114],[7.17376,46.92228],[7.17348,46.92326],[7.17343,46.92377],[7.17362,46.92409],[7.17398,46.92434],[7.17445,46.92448],[7.17495,46.92449],[7.17646,46.92416],[7.17722,46.92423],[7.17784,46.92445],[7.17816,46.92472],[7.17834,46.92511],[7.1783,46.92544],[7.17779,46.92617],[7.17787,46.92666],[7.17832,46.92706],[7.17896,46.92728],[7.1794,46.92758],[7.18005,46.92781],[7.18061,46.92789],[7.18128,46.92817],[7.18159,46.92853],[7.18196,46.92878],[7.18245,46.92891],[7.18349,46.92896],[7.18418,46.92909],[7.18461,46.92932],[7.18505,46.92974],[7.18559,46.93004],[7.18598,46.93048],[7.18615,46.93093],[7.18604,46.93266],[7.1861,46.93304],[7.18621,46.93331],[7.18637,46.93358],[7.1868,46.93427],[7.18718,46.93465],[7.1873,46.93498],[7.18724,46.93535],[7.18761,46.93666],[7.18771,46.93695],[7.18779,46.93712],[7.18793,46.93728],[7.18833,46.93752],[7.18884,46.93764],[7.18937,46.93761],[7.18984,46.93743],[7.19069,46.937],[7.19165,46.93691],[7.19235,46.93707],[7.19312,46.93712],[7.19431,46.93729],[7.19473,46.93745],[7.19528,46.93777],[7.19611,46.938],[7.19681,46.93845],[7.19729,46.93868],[7.19756,46.93875],[7.19784,46.93877],[7.19819,46.93874],[7.19971,46.93854],[7.20019,46.93858],[7.20113,46.93874],[7.20155,46.9389],[7.2019,46.93916],[7.20234,46.93934],[7.20284,46.93946],[7.20332,46.93972],[7.20381,46.94027],[7.20422,46.94047],[7.20511,46.94073],[7.20558,46.94105],[7.2064,46.94126],[7.20712,46.94151],[7.20773,46.94187],[7.20825,46.942],[7.20907,46.9421],[7.20949,46.94233],[7.21003,46.94303],[7.21014,46.94339],[7.21001,46.94391],[7.20965,46.94437],[7.20954,46.94469],[7.20961,46.94501],[7.21,46.94556],[7.21009,46.94591],[7.21009,46.94687],[7.20988,46.94769],[7.20966,46.94803],[7.20901,46.94835],[7.20841,46.94846],[7.20785,46.94869],[7.20731,46.94875],[7.20611,46.94853],[7.20555,46.94853],[7.20479,46.94876],[7.20425,46.9488],[7.20311,46.94848],[7.20257,46.94848],[7.20191,46.94865],[7.20165,46.94869],[7.20131,46.94869],[7.1995,46.94854],[7.1994,46.94853],[7.19922,46.94851],[7.19915,46.9485],[7.19683,46.94818],[7.19601,46.94824],[7.19547,46.94845],[7.19494,46.9485],[7.19461,46.94846],[7.1945,46.94844],[7.19419,46.94835],[7.19396,46.94825],[7.19377,46.94812],[7.19362,46.94795],[7.19347,46.94757],[7.19348,46.94715],[7.19341,46.94696],[7.19299,46.94642],[7.1923,46.94583],[7.19138,46.94541],[7.19069,46.94523],[7.1899,46.94526],[7.18963,46.94529],[7.18938,46.94535],[7.18915,46.94545],[7.18896,46.94558],[7.18881,46.94573],[7.1887,46.9459],[7.18865,46.94608],[7.18869,46.94642],[7.18889,46.94717],[7.18869,46.94768],[7.18833,46.94794],[7.18786,46.94808],[7.18734,46.94808],[7.18667,46.94794],[7.18641,46.94793],[7.18615,46.94795],[7.18591,46.948],[7.18548,46.9482],[7.1852,46.9485],[7.18509,46.94884],[7.18467,46.94929],[7.18421,46.94946],[7.18343,46.94945],[7.18291,46.94932],[7.18237,46.94932],[7.18165,46.94954],[7.18093,46.94958],[7.17968,46.9493],[7.17864,46.94916],[7.1782,46.94916],[7.17772,46.94928],[7.17733,46.94953],[7.17692,46.9499],[7.17626,46.95015],[7.17576,46.95019],[7.17545,46.95015],[7.17382,46.94985],[7.1733,46.94983],[7.17282,46.94994],[7.17236,46.95016],[7.17184,46.95027],[7.17138,46.95047],[7.17109,46.95079],[7.17094,46.95148],[7.17109,46.95184],[7.17124,46.95199],[7.17143,46.95212],[7.17166,46.95222],[7.17242,46.9524],[7.17282,46.95261],[7.17297,46.95274],[7.17314,46.95306],[7.17313,46.9534],[7.17304,46.9536],[7.17289,46.95385],[7.17274,46.95403],[7.17177,46.95464],[7.17057,46.95592],[7.17045,46.95608],[7.17039,46.95626],[7.17037,46.95644],[7.17041,46.95662],[7.1705,46.95679],[7.17063,46.95694],[7.17071,46.95701],[7.17076,46.95706],[7.17109,46.95732],[7.1712,46.9574],[7.17153,46.9576],[7.17175,46.95777],[7.17195,46.95796],[7.17266,46.95848],[7.17285,46.95866],[7.17302,46.95901],[7.17286,46.95955],[7.17224,46.96017],[7.17184,46.96041],[7.17133,46.96052],[7.17063,46.96053],[7.17015,46.96067],[7.16978,46.96093],[7.16887,46.96192],[7.16883,46.96248],[7.16913,46.9629],[7.16923,46.96324],[7.16914,46.96358],[7.169,46.96377],[7.16774,46.96513],[7.16754,46.9653],[7.16712,46.9655],[7.16632,46.96566],[7.16577,46.96596],[7.16547,46.96647],[7.1652,46.96676],[7.16453,46.96704],[7.16414,46.96727],[7.164,46.96741],[7.16387,46.96775],[7.16393,46.9681],[7.16423,46.96865],[7.16419,46.969],[7.16395,46.96932],[7.16269,46.96993],[7.16241,46.97023],[7.16146,46.97194],[7.15905,46.97634],[7.15891,46.97658],[7.1587,46.97697],[7.15869,46.97698],[7.15651,46.98092],[7.15406,46.98531],[7.15358,46.98576],[7.15313,46.9859],[7.15215,46.98586],[7.15145,46.98592],[7.15097,46.98588],[7.14902,46.98531],[7.1478,46.98508],[7.14739,46.98488],[7.14705,46.98444],[7.14712,46.9839],[7.14952,46.97959],[7.14953,46.97958],[7.15006,46.97865],[7.15014,46.97848],[7.15015,46.97829],[7.15002,46.97793],[7.14988,46.97777],[7.14947,46.97754],[7.14922,46.97746],[7.14896,46.97743],[7.14867,46.97741],[7.14829,46.97743],[7.14695,46.97762],[7.14666,46.97764],[7.1462,46.9776],[7.14599,46.97753],[7.14575,46.97742],[7.14226,46.97549],[7.13921,46.97384],[7.13901,46.97372],[7.13862,46.97344],[7.13827,46.97323],[7.13428,46.97097],[7.12663,46.96668],[7.12641,46.96652],[7.12617,46.96621],[7.12612,46.96586],[7.12617,46.96569],[7.12641,46.96538],[7.12678,46.96511],[7.12689,46.96496],[7.12697,46.9648],[7.127,46.96463],[7.12692,46.9643],[7.12667,46.96401],[7.12292,46.9611],[7.1227,46.96096],[7.11927,46.95929],[7.11902,46.95914],[7.11886,46.959],[7.11868,46.95848],[7.1188,46.95804],[7.11885,46.95778],[7.11885,46.95767],[7.11885,46.95745],[7.11885,46.95736],[7.11882,46.95718],[7.11882,46.95716],[7.11842,46.9551],[7.11842,46.95506],[7.11662,46.9481],[7.1166,46.94788],[7.11663,46.9477],[7.11685,46.94737],[7.11747,46.94706],[7.11779,46.94701],[7.13027,46.94585],[7.13084,46.94587],[7.13114,46.94595],[7.13364,46.94679],[7.13484,46.94717],[7.13599,46.94755],[7.13613,46.9476],[7.13617,46.94761],[7.13619,46.94762],[7.13625,46.94764],[7.13628,46.94765],[7.13637,46.94767],[7.13828,46.94829],[7.14088,46.94915],[7.14147,46.94951],[7.14168,46.94983],[7.14203,46.95012],[7.14226,46.95022],[7.14261,46.95034],[7.14285,46.9504],[7.14309,46.95043],[7.14334,46.95043],[7.14358,46.9504],[7.14381,46.95033],[7.14402,46.95024],[7.1442,46.95012],[7.14434,46.94998],[7.14449,46.94981],[7.1445,46.9498],[7.14483,46.94938],[7.1449,46.94929],[7.14504,46.94904],[7.14509,46.94894],[7.14521,46.94866],[7.14523,46.94861],[7.14535,46.94823],[7.14547,46.94799],[7.14585,46.94756],[7.14602,46.94709],[7.14633,46.94594],[7.14634,46.94577],[7.14642,46.94487],[7.14636,46.94453],[7.14611,46.94423],[7.14571,46.94402],[7.14509,46.94384],[7.14447,46.94347],[7.144,46.94333],[7.14304,46.9434],[7.14231,46.9433],[7.14189,46.9431],[7.14097,46.94265],[7.14095,46.94264],[7.13954,46.94193],[7.13872,46.94153],[7.13869,46.94152],[7.13669,46.94049],[7.13609,46.94028],[7.13588,46.94018],[7.13527,46.93987],[7.13523,46.93985],[7.135,46.93972],[7.13485,46.93964],[7.13392,46.93898],[7.1335,46.93857],[7.13313,46.93838],[7.13231,46.93809],[7.13173,46.93739],[7.13117,46.93708],[7.12956,46.93639],[7.1294,46.93631],[7.12916,46.93619],[7.12904,46.93613],[7.1288,46.93603],[7.12873,46.936],[7.12859,46.93595],[7.12814,46.93582],[7.12793,46.93572],[7.12771,46.93557],[7.12617,46.93428],[7.12596,46.93411],[7.12516,46.93364],[7.12454,46.93345],[7.12403,46.93343],[7.12278,46.93364],[7.12164,46.93403],[7.12072,46.93453],[7.12049,46.9347],[7.11116,46.94332],[7.11051,46.94366],[7.11001,46.94372],[7.10951,46.94363],[7.10924,46.94352],[7.09989,46.93878],[7.09965,46.93863],[7.09939,46.93833],[7.09932,46.93799],[7.09961,46.93746],[7.10976,46.92807],[7.10985,46.92797],[7.11061,46.92702],[7.11089,46.92612],[7.1121,46.92457],[7.11213,46.92408],[7.11187,46.92367],[7.11152,46.92343],[7.11032,46.92288],[7.10947,46.92244],[7.10867,46.9221],[7.10799,46.92174],[7.10776,46.9216],[7.10761,46.92146],[7.10721,46.92105],[7.10677,46.92088],[7.10586,46.92065],[7.1046,46.91992],[7.10439,46.91982],[7.10415,46.91975],[7.10364,46.9197],[7.10314,46.9198],[7.10292,46.91989],[7.10274,46.92002],[7.10262,46.92011],[7.10238,46.92027],[7.10157,46.92068],[7.10133,46.92102],[7.10114,46.9212],[7.09984,46.92222],[7.08912,46.93214],[7.0889,46.9323],[7.08869,46.9324],[7.08821,46.93252],[7.08771,46.9325],[7.08746,46.93244],[7.08719,46.93233],[7.0847,46.93107],[7.08446,46.93092],[7.08431,46.93078],[7.08414,46.93045],[7.08416,46.9301],[7.08441,46.92975],[7.09376,46.9211],[7.09388,46.92097],[7.09401,46.92066]]]]},"properties":{"bfs_nr":2275,"name":"Murten"}},{"type":"Feature","geometry":{"type":"Polygon","coordinates":[[[7.15432,46.98486],[7.15651,46.98091],[7.1587,46.97697],[7.1589,46.97659],[7.15905,46.97634],[7.16234,46.97037],[7.16266,46.97001],[7.16382,46.9695],[7.16414,46.96922],[7.16428,46.96888],[7.16422,46.96853],[7.16396,46.96813],[7.16392,46.96764],[7.16412,46.96733],[7.16447,46.9671],[7.16544,46.96681],[7.16581,46.96653],[7.16616,46.96593],[7.16651,46.96569],[7.1672,46.96549],[7.16739,46.9654],[7.16756,46.9653],[7.1677,46.96517],[7.16927,46.96348],[7.16946,46.96313],[7.16943,46.96276],[7.16913,46.96234],[7.16903,46.962],[7.16912,46.96166],[7.16982,46.96092],[7.17025,46.96072],[7.17075,46.96065],[7.17144,46.96074],[7.1722,46.96063],[7.1726,46.9604],[7.17283,46.96007],[7.17311,46.95921],[7.17304,46.95887],[7.17278,46.95857],[7.17182,46.95779],[7.17172,46.95772],[7.17123,46.95742],[7.17106,46.9573],[7.17067,46.95698],[7.1705,46.95679],[7.17038,46.95644],[7.17046,46.95608],[7.17061,46.95588],[7.17145,46.95498],[7.17185,46.95469],[7.17237,46.95446],[7.1727,46.95414],[7.17306,46.95356],[7.17314,46.9534],[7.17317,46.95323],[7.17315,46.95306],[7.17308,46.95289],[7.17297,46.95274],[7.17282,46.9526],[7.17242,46.9524],[7.17167,46.95222],[7.17125,46.95199],[7.17095,46.95148],[7.17116,46.95082],[7.17174,46.95047],[7.17256,46.95028],[7.17336,46.94991],[7.17413,46.94991],[7.17551,46.95017],[7.17576,46.95019],[7.17602,46.95019],[7.17626,46.95015],[7.1765,46.95008],[7.17752,46.94969],[7.17824,46.94927],[7.17874,46.94919],[7.17972,46.94931],[7.18111,46.94965],[7.18166,46.94966],[7.18245,46.94942],[7.18298,46.94939],[7.18357,46.94951],[7.1841,46.94951],[7.18458,46.94937],[7.18495,46.94911],[7.18507,46.94895],[7.18527,46.94844],[7.18556,46.94817],[7.18597,46.948],[7.18645,46.94794],[7.1867,46.94795],[7.18734,46.94809],[7.1876,46.9481],[7.18786,46.94808],[7.18811,46.94803],[7.18834,46.94794],[7.1887,46.94768],[7.1889,46.94717],[7.18869,46.94645],[7.18866,46.9461],[7.1887,46.94593],[7.18878,46.94578],[7.1889,46.94563],[7.18906,46.94551],[7.18925,46.9454],[7.18947,46.94533],[7.1897,46.94528],[7.19026,46.94527],[7.19053,46.94533],[7.19104,46.94554],[7.19193,46.94575],[7.19238,46.94596],[7.19281,46.94644],[7.19334,46.94689],[7.19347,46.94725],[7.19345,46.94766],[7.1936,46.94799],[7.19394,46.94826],[7.19415,46.94835],[7.19439,46.94841],[7.19509,46.94855],[7.19534,46.94858],[7.19584,46.94855],[7.19652,46.94829],[7.19735,46.94825],[7.19916,46.94851],[7.19921,46.94851],[7.19941,46.94853],[7.19948,46.94854],[7.20149,46.9487],[7.20201,46.94878],[7.2028,46.94881],[7.20351,46.94898],[7.20463,46.94908],[7.20511,46.94907],[7.20625,46.94872],[7.20673,46.94873],[7.20733,46.94892],[7.20765,46.94914],[7.20803,46.94961],[7.20813,46.95005],[7.20802,46.95064],[7.20831,46.95156],[7.20857,46.9522],[7.2084,46.95279],[7.20851,46.95312],[7.20881,46.95358],[7.20887,46.95398],[7.20916,46.95443],[7.20968,46.95475],[7.21012,46.9553],[7.21056,46.95573],[7.21069,46.95608],[7.2106,46.95644],[7.21012,46.95686],[7.20946,46.95713],[7.20845,46.95783],[7.20804,46.95859],[7.20776,46.95929],[7.20716,46.95962],[7.20622,46.95981],[7.20525,46.95973],[7.20418,46.9597],[7.20301,46.95952],[7.202,46.95953],[7.20036,46.95922],[7.1998,46.95927],[7.19914,46.95953],[7.1988,46.95977],[7.19851,46.96012],[7.1976,46.96063],[7.19565,46.96109],[7.19472,46.96142],[7.19434,46.9619],[7.19436,46.96227],[7.19471,46.96312],[7.19469,46.96344],[7.19438,46.96393],[7.19433,46.9643],[7.19472,46.96508],[7.19468,46.96571],[7.19486,46.96614],[7.19487,46.96649],[7.19466,46.96685],[7.19404,46.96726],[7.1926,46.96752],[7.19233,46.96753],[7.19201,46.96751],[7.19181,46.9675],[7.19172,46.96749],[7.19163,46.96748],[7.1915,46.96747],[7.19103,46.9674],[7.19096,46.96739],[7.1906,46.96736],[7.19006,46.96737],[7.18982,46.9674],[7.18922,46.96738],[7.18881,46.96739],[7.18861,46.96736],[7.18834,46.9673],[7.18751,46.96683],[7.18653,46.96638],[7.18582,46.96609],[7.18537,46.96599],[7.1851,46.96597],[7.18457,46.96606],[7.18381,46.96635],[7.18335,46.96675],[7.18288,46.96702],[7.18234,46.96712],[7.18201,46.96712],[7.18174,46.9671],[7.1817,46.9671],[7.18152,46.96709],[7.18139,46.96709],[7.18132,46.96709],[7.18105,46.96713],[7.18099,46.96714],[7.18076,46.9672],[7.18052,46.96731],[7.18032,46.96745],[7.17959,46.96836],[7.17956,46.9684],[7.17944,46.96856],[7.17941,46.9686],[7.17929,46.96878],[7.17929,46.96879],[7.17844,46.97014],[7.17842,46.97016],[7.17783,46.97107],[7.17781,46.97109],[7.17773,46.97121],[7.17771,46.97124],[7.17709,46.97209],[7.17686,46.97248],[7.17633,46.97378],[7.1763,46.97386],[7.17626,46.97393],[7.17615,46.97411],[7.17609,46.97419],[7.17606,46.97422],[7.17547,46.97496],[7.17544,46.975],[7.17534,46.97511],[7.17531,46.97514],[7.17411,46.97645],[7.1741,46.97646],[7.17288,46.97776],[7.17269,46.97809],[7.17271,46.97846],[7.17291,46.97887],[7.17288,46.97923],[7.17265,46.97955],[7.17242,46.97971],[7.17082,46.98064],[7.17027,46.98105],[7.16818,46.98293],[7.16795,46.98325],[7.16793,46.98361],[7.16808,46.98403],[7.16791,46.98453],[7.16758,46.98479],[7.16731,46.98491],[7.16343,46.98626],[7.1608,46.98718],[7.16028,46.98729],[7.15979,46.98726],[7.15651,46.98618],[7.15593,46.98609],[7.15522,46.98609],[7.15477,46.98595],[7.15443,46.98571],[7.15424,46.9854],[7.15432,46.98486]]]},"properties":{"bfs_nr":2276,"name":"Ried bei Kerzers"}},{"type":"Feature","geometry":{"type":"Polygon","coordinates":[[[7.05508,46.97547],[7.0564,46.97478],[7.05895,46.97386],[7.06022,46.97327],[7.06099,46.97274],[7.06232,46.97168],[7.06264,46.97119],[7.06259,46.97084],[7.06235,46.97052],[7.06091,46.9693],[7.06063,46.96895],[7.06059,46.9686],[7.06115,46.96745],[7.06117,46.96712],[7.0609,46.96667],[7.06053,46.96646],[7.05903,46.96586],[7.05847,46.96547],[7.05834,46.96515],[7.05838,46.96481],[7.0592,46.96363],[7.05923,46.96326],[7.05904,46.96292],[7.05832,46.96247],[7.05803,46.96216],[7.05795,46.96179],[7.05811,46.96139],[7.05851,46.96086],[7.05864,46.96036],[7.0585,46.96003],[7.05802,46.95963],[7.05784,46.9593],[7.05785,46.95895],[7.05808,46.95859],[7.05853,46.95827],[7.05878,46.95793],[7.05927,46.95668],[7.05926,46.95618],[7.05904,46.95589],[7.05867,46.95567],[7.05816,46.95549],[7.05782,46.95525],[7.05764,46.95493],[7.05765,46.95459],[7.058,46.95414],[7.05846,46.95391],[7.05878,46.95363],[7.05907,46.95284],[7.05921,46.95202],[7.05947,46.95166],[7.06042,46.9497],[7.06056,46.94912],[7.06044,46.9486],[7.06062,46.94746],[7.06083,46.94697],[7.06108,46.94614],[7.06119,46.94558],[7.06119,46.9451],[7.06138,46.94396],[7.0613,46.94239],[7.06102,46.94175],[7.05989,46.94058],[7.05925,46.93979],[7.05891,46.93928],[7.05838,46.93875],[7.05831,46.93842],[7.05843,46.9381],[7.05947,46.93696],[7.07136,46.92549],[7.07178,46.92522],[7.07252,46.92508],[7.0733,46.92528],[7.08359,46.93051],[7.0883,46.93289],[7.09879,46.93822],[7.11034,46.94408],[7.1159,46.9469],[7.11613,46.94704],[7.11647,46.94753],[7.11841,46.95505],[7.11881,46.95716],[7.11884,46.95733],[7.11885,46.95747],[7.11885,46.95764],[7.11884,46.95781],[7.11881,46.958],[7.11867,46.95848],[7.11886,46.959],[7.11902,46.95914],[7.11922,46.95926],[7.12263,46.96093],[7.12297,46.96113],[7.12662,46.96397],[7.12692,46.96432],[7.12699,46.96467],[7.12694,46.96485],[7.12684,46.96501],[7.1267,46.96516],[7.12631,46.96546],[7.12618,46.96563],[7.12611,46.96581],[7.1261,46.96599],[7.12614,46.96618],[7.12639,46.96651],[7.12658,46.96664],[7.13428,46.97097],[7.13826,46.97322],[7.13863,46.97345],[7.13904,46.97374],[7.13917,46.97382],[7.14225,46.97548],[7.14227,46.97549],[7.14579,46.97745],[7.14599,46.97754],[7.1462,46.9776],[7.14643,46.97764],[7.14666,46.97765],[7.14689,46.97763],[7.1482,46.97744],[7.14877,46.97742],[7.14922,46.97747],[7.14947,46.97754],[7.15002,46.97793],[7.15015,46.97829],[7.15013,46.97847],[7.15004,46.9787],[7.14952,46.9796],[7.147,46.98412],[7.14647,46.98459],[7.14571,46.98474],[7.14538,46.98471],[7.13152,46.98245],[7.11279,46.97942],[7.10548,46.97825],[7.09819,46.97707],[7.09281,46.97621],[7.0921,46.97623],[7.09145,46.97643],[7.09076,46.97658],[7.08984,46.97664],[7.0874,46.97648],[7.08586,46.97629],[7.05787,46.97687],[7.05617,46.97706],[7.05559,46.97705],[7.05512,46.9769],[7.05477,46.97664],[7.05459,46.97613],[7.05472,46.97578],[7.05508,46.97547]]]},"properties":{"bfs_nr":2284,"name":"Mont-Vully"}},{"type":"Feature","geometry":{"type":"Polygon","coordinates":[[[7.26427,46.75139],[7.26448,46.75076],[7.26487,46.75032],[7.26566,46.74994],[7.26679,46.74931],[7.26708,46.74919],[7.26746,46.74908],[7.26782,46.74893],[7.26798,46.74887],[7.2685,46.74871],[7.26863,46.74867],[7.26892,46.74859],[7.26904,46.74856],[7.26955,46.74838],[7.27177,46.74773],[7.27454,46.74704],[7.27576,46.74695],[7.27625,46.74677],[7.27706,46.74632],[7.27757,46.74621],[7.27809,46.74625],[7.2788,46.74647],[7.27955,46.74644],[7.27977,46.74636],[7.28013,46.74622],[7.28033,46.74616],[7.28066,46.74608],[7.28121,46.74609],[7.28191,46.74632],[7.28248,46.74676],[7.28273,46.74704],[7.28345,46.74746],[7.28384,46.74762],[7.28403,46.74773],[7.28422,46.7479],[7.28441,46.74812],[7.28478,46.74879],[7.2852,46.74914],[7.28531,46.7493],[7.28537,46.74965],[7.2851,46.75013],[7.28449,46.75058],[7.28435,46.75076],[7.28428,46.75095],[7.28401,46.75226],[7.28401,46.75227],[7.28385,46.75313],[7.28381,46.75335],[7.28365,46.75363],[7.28343,46.75386],[7.28324,46.75411],[7.28314,46.75429],[7.28302,46.7546],[7.28297,46.75478],[7.28309,46.75554],[7.28301,46.75602],[7.28311,46.75635],[7.28338,46.75662],[7.28356,46.75673],[7.28377,46.75682],[7.284,46.75687],[7.28503,46.75708],[7.28543,46.75728],[7.28584,46.75763],[7.28641,46.75794],[7.28692,46.75838],[7.28811,46.75876],[7.28892,46.75923],[7.28924,46.75951],[7.28938,46.75984],[7.28925,46.76076],[7.28924,46.7609],[7.28927,46.76104],[7.28981,46.76305],[7.28975,46.76358],[7.28913,46.76431],[7.28892,46.76447],[7.28876,46.7646],[7.28825,46.76507],[7.28807,46.76517],[7.28764,46.76532],[7.28716,46.76534],[7.28594,46.76518],[7.2853,46.76502],[7.28462,46.76476],[7.28412,46.76469],[7.28367,46.76474],[7.2827,46.76494],[7.28142,46.76492],[7.28108,46.76488],[7.28044,46.76471],[7.28018,46.76467],[7.27988,46.76466],[7.27959,46.76469],[7.27932,46.76477],[7.2789,46.76492],[7.2787,46.76501],[7.27829,46.76542],[7.27823,46.76576],[7.27827,46.76606],[7.27823,46.76627],[7.27822,46.76628],[7.27811,46.76652],[7.2781,46.76653],[7.27802,46.76665],[7.27783,46.76684],[7.27729,46.76722],[7.27699,46.76758],[7.27633,46.76791],[7.27535,46.76806],[7.27443,46.76803],[7.27115,46.76848],[7.27047,46.76867],[7.26969,46.7687],[7.269,46.7685],[7.26822,46.76784],[7.26772,46.7673],[7.26716,46.76698],[7.26687,46.76671],[7.26675,46.76638],[7.26686,46.76577],[7.26709,46.76549],[7.26758,46.76511],[7.26775,46.76474],[7.26797,46.76295],[7.26837,46.76203],[7.26834,46.76165],[7.26809,46.76123],[7.26803,46.76071],[7.2679,46.76036],[7.26741,46.75993],[7.26721,46.75936],[7.26736,46.75893],[7.2677,46.75853],[7.26773,46.75797],[7.26734,46.75744],[7.26726,46.75705],[7.26737,46.75669],[7.26734,46.7563],[7.26684,46.75552],[7.26599,46.75489],[7.26561,46.75441],[7.2654,46.75425],[7.26527,46.75418],[7.26507,46.75405],[7.26504,46.75403],[7.26486,46.75386],[7.26468,46.75352],[7.26423,46.7519],[7.26427,46.75139]]]},"properties":{"bfs_nr":2292,"name":"Br\u00fcnisried"}},{"type":"Feature","geometry":{"type":"Polygon","coordinates":[[[7.15165,46.83206],[7.15353,46.8315],[7.15379,46.8314],[7.154,46.83126],[7.15694,46.82888],[7.15733,46.82865],[7.1601,46.82748],[7.16079,46.82733],[7.16435,46.82708],[7.16466,46.82703],[7.16589,46.82673],[7.1664,46.82666],[7.16733,46.8266],[7.16759,46.82657],[7.16782,46.82651],[7.16834,46.82633],[7.16857,46.82623],[7.16956,46.82567],[7.16972,46.82557],[7.16985,46.82545],[7.17046,46.82477],[7.17057,46.82463],[7.17165,46.82274],[7.17173,46.82251],[7.17199,46.82088],[7.17199,46.82067],[7.17188,46.81999],[7.17227,46.81916],[7.17258,46.81881],[7.17302,46.81861],[7.17354,46.81854],[7.17433,46.81861],[7.17484,46.81851],[7.17539,46.81813],[7.17554,46.81779],[7.17583,46.81539],[7.17584,46.81534],[7.17601,46.81438],[7.17609,46.81414],[7.17641,46.81377],[7.17731,46.8124],[7.17771,46.81214],[7.17847,46.8119],[7.17886,46.81161],[7.17954,46.81096],[7.18024,46.81062],[7.18049,46.81034],[7.18063,46.80994],[7.18102,46.80951],[7.18144,46.80934],[7.18196,46.80929],[7.1827,46.80945],[7.18318,46.80971],[7.18369,46.80981],[7.1846,46.80987],[7.1849,46.80991],[7.18513,46.80997],[7.18551,46.81018],[7.18591,46.81051],[7.18662,46.81073],[7.18749,46.81073],[7.1882,46.81093],[7.19024,46.81203],[7.19203,46.81323],[7.19227,46.81336],[7.19299,46.81356],[7.19338,46.81379],[7.19362,46.8141],[7.19375,46.81454],[7.19402,46.81483],[7.19472,46.81518],[7.19554,46.81534],[7.19618,46.81552],[7.19724,46.81562],[7.19786,46.81588],[7.19812,46.81614],[7.19854,46.81638],[7.19932,46.81667],[7.19974,46.81689],[7.20333,46.81956],[7.2041,46.81987],[7.20449,46.8201],[7.20483,46.82043],[7.20551,46.82075],[7.20619,46.82146],[7.20812,46.82284],[7.20813,46.82285],[7.20865,46.82321],[7.2089,46.82335],[7.20919,46.82344],[7.21131,46.82389],[7.21182,46.82405],[7.21234,46.82411],[7.21309,46.824],[7.21338,46.82399],[7.21394,46.824],[7.21416,46.824],[7.21466,46.82407],[7.21538,46.82429],[7.21559,46.82434],[7.21632,46.82441],[7.21768,46.82464],[7.218,46.82466],[7.22055,46.82465],[7.22111,46.82471],[7.22206,46.8251],[7.22256,46.82519],[7.22282,46.82519],[7.22331,46.82507],[7.22351,46.82496],[7.22369,46.82483],[7.22545,46.8232],[7.22546,46.82318],[7.22559,46.82307],[7.22582,46.8229],[7.22603,46.8228],[7.22633,46.8227],[7.22667,46.82265],[7.22691,46.82264],[7.22739,46.82272],[7.22765,46.82283],[7.22803,46.82302],[7.22805,46.82303],[7.22857,46.82328],[7.22943,46.82359],[7.22973,46.82387],[7.22984,46.82408],[7.22985,46.82409],[7.23041,46.82555],[7.23044,46.82599],[7.23021,46.82639],[7.23015,46.82674],[7.2302,46.82692],[7.2303,46.82708],[7.23044,46.82723],[7.23136,46.82803],[7.2315,46.82835],[7.23138,46.82884],[7.23109,46.82911],[7.2304,46.82943],[7.2302,46.82954],[7.23003,46.82967],[7.2299,46.82982],[7.22982,46.82998],[7.22977,46.83033],[7.22956,46.83071],[7.22865,46.83171],[7.22844,46.83189],[7.22801,46.8321],[7.2274,46.83225],[7.22701,46.83247],[7.22665,46.83298],[7.22633,46.83325],[7.22547,46.83349],[7.22492,46.83378],[7.22424,46.83451],[7.22406,46.83477],[7.22358,46.83514],[7.22294,46.83553],[7.22271,46.83587],[7.2227,46.83624],[7.22279,46.83657],[7.22282,46.83666],[7.22298,46.83702],[7.22312,46.83744],[7.2232,46.83762],[7.22358,46.83822],[7.22381,46.83855],[7.22387,46.83891],[7.22381,46.83909],[7.22368,46.8393],[7.22359,46.83942],[7.22358,46.83943],[7.2231,46.84002],[7.223,46.84018],[7.22283,46.84064],[7.2225,46.84094],[7.22203,46.84119],[7.22188,46.84132],[7.22176,46.84146],[7.22169,46.84162],[7.22166,46.84179],[7.22167,46.84196],[7.22173,46.84212],[7.22184,46.84227],[7.22198,46.84241],[7.22257,46.84274],[7.22285,46.84281],[7.2237,46.84296],[7.22394,46.84301],[7.22441,46.84318],[7.22554,46.84373],[7.22599,46.84392],[7.22634,46.8442],[7.22649,46.84455],[7.22636,46.84519],[7.22613,46.84548],[7.2256,46.84585],[7.22541,46.8462],[7.22514,46.84759],[7.22506,46.84781],[7.22479,46.84811],[7.2241,46.84845],[7.2238,46.84871],[7.22358,46.84916],[7.22357,46.84965],[7.22378,46.84995],[7.22422,46.85025],[7.22465,46.85067],[7.22562,46.85107],[7.22621,46.85152],[7.22656,46.85202],[7.22687,46.85231],[7.22703,46.85283],[7.22664,46.85344],[7.22621,46.85454],[7.22601,46.85483],[7.22585,46.85495],[7.22549,46.85515],[7.22533,46.8553],[7.22521,46.85546],[7.2251,46.85593],[7.22523,46.85629],[7.2261,46.85717],[7.22631,46.85747],[7.22636,46.85808],[7.22627,46.85826],[7.22613,46.85842],[7.22595,46.85855],[7.2252,46.8589],[7.22472,46.85907],[7.22404,46.85916],[7.22362,46.85934],[7.22279,46.86013],[7.22239,46.86033],[7.22152,46.86062],[7.22121,46.86092],[7.22111,46.86129],[7.22108,46.8618],[7.22079,46.86224],[7.22076,46.86277],[7.22105,46.86322],[7.22117,46.86388],[7.22114,46.86437],[7.22096,46.86468],[7.22061,46.86503],[7.21935,46.8682],[7.21932,46.86854],[7.21941,46.86894],[7.21992,46.86951],[7.21999,46.87004],[7.21959,46.87063],[7.21894,46.8712],[7.21847,46.87138],[7.21794,46.87142],[7.2174,46.87137],[7.21712,46.8714],[7.21684,46.87147],[7.2163,46.87166],[7.216,46.87173],[7.21459,46.87207],[7.21305,46.87281],[7.21256,46.87296],[7.21203,46.87296],[7.21113,46.87273],[7.21043,46.87236],[7.21017,46.87228],[7.2099,46.87225],[7.20948,46.87227],[7.20917,46.87232],[7.20849,46.8725],[7.20827,46.87257],[7.2079,46.8728],[7.20709,46.87356],[7.20689,46.87385],[7.20689,46.87434],[7.20711,46.87493],[7.2069,46.87547],[7.20705,46.87631],[7.20691,46.87666],[7.20672,46.87685],[7.20671,46.87686],[7.2061,46.87743],[7.20608,46.87744],[7.20491,46.8785],[7.20468,46.87867],[7.20445,46.87878],[7.20383,46.87896],[7.20347,46.8792],[7.20326,46.87952],[7.20319,46.87992],[7.20311,46.88009],[7.20297,46.88026],[7.20255,46.8806],[7.20227,46.88079],[7.20185,46.88102],[7.20158,46.88114],[7.20109,46.88123],[7.20035,46.88112],[7.19984,46.88086],[7.1996,46.88075],[7.19955,46.88073],[7.19938,46.88066],[7.19925,46.88062],[7.19913,46.88058],[7.19894,46.88054],[7.19868,46.88049],[7.19851,46.88046],[7.19807,46.88042],[7.19795,46.88041],[7.19783,46.8804],[7.19765,46.8804],[7.19738,46.88042],[7.19721,46.88044],[7.19701,46.88046],[7.19693,46.88048],[7.19681,46.8805],[7.19655,46.88057],[7.19616,46.88071],[7.19608,46.88074],[7.19603,46.88076],[7.19599,46.88078],[7.19584,46.88085],[7.19577,46.88088],[7.19572,46.88091],[7.19568,46.88093],[7.19555,46.88101],[7.19548,46.88105],[7.19545,46.88107],[7.19541,46.88109],[7.19537,46.88112],[7.19533,46.88115],[7.19521,46.88125],[7.19514,46.8813],[7.19506,46.88138],[7.19499,46.88145],[7.19493,46.88152],[7.19474,46.88169],[7.19435,46.88189],[7.19336,46.88207],[7.19289,46.88229],[7.19238,46.88262],[7.1919,46.88273],[7.1914,46.88272],[7.1911,46.88264],[7.18825,46.88172],[7.18759,46.88131],[7.18574,46.87917],[7.18561,46.87899],[7.18553,46.87866],[7.18556,46.87846],[7.18665,46.87478],[7.18668,46.87461],[7.18666,46.87445],[7.1866,46.87429],[7.1865,46.87414],[7.18636,46.87401],[7.16996,46.86094],[7.16968,46.86066],[7.16352,46.85214],[7.16339,46.85199],[7.16321,46.85186],[7.163,46.85176],[7.16277,46.85168],[7.14572,46.84774],[7.14543,46.84765],[7.14504,46.84741],[7.14477,46.84687],[7.14434,46.84104],[7.14434,46.84088],[7.1448,46.83663],[7.14489,46.83631],[7.14561,46.8348],[7.14578,46.83455],[7.147,46.8331],[7.1472,46.83291],[7.1478,46.83258],[7.14901,46.83221],[7.14959,46.83214],[7.15113,46.83214],[7.1514,46.83212],[7.15165,46.83206]]]},"properties":{"bfs_nr":2293,"name":"D\u00fcdingen"}},{"type":"Feature","geometry":{"type":"Polygon","coordinates":[[[7.20235,46.76323],[7.20221,46.76288],[7.20217,46.76259],[7.20229,46.76226],[7.20257,46.76189],[7.20266,46.76156],[7.20259,46.76122],[7.20233,46.76093],[7.20171,46.76066],[7.20139,46.76063],[7.20103,46.76058],[7.20098,46.76057],[7.20051,46.76044],[7.20045,46.76041],[7.20019,46.76029],[7.19989,46.76001],[7.19976,46.75968],[7.19982,46.75934],[7.19995,46.75914],[7.19995,46.75913],[7.19996,46.75913],[7.20192,46.7567],[7.2024,46.75619],[7.2031,46.75534],[7.20327,46.75518],[7.20344,46.75506],[7.20368,46.75495],[7.20472,46.75455],[7.20475,46.75454],[7.2059,46.75411],[7.20615,46.75403],[7.20782,46.7536],[7.20836,46.75353],[7.2099,46.75351],[7.2104,46.75355],[7.21172,46.75376],[7.21185,46.75378],[7.21294,46.75389],[7.2131,46.75389],[7.2163,46.75393],[7.21652,46.75392],[7.21673,46.75389],[7.22061,46.75302],[7.22067,46.75301],[7.22158,46.75277],[7.22181,46.75269],[7.22202,46.75259],[7.22219,46.75245],[7.22242,46.75223],[7.22294,46.75198],[7.22375,46.75173],[7.22399,46.75164],[7.22419,46.75152],[7.22524,46.75074],[7.22545,46.75053],[7.22666,46.74885],[7.22694,46.74857],[7.22913,46.74699],[7.22924,46.74692],[7.23056,46.7461],[7.23064,46.74605],[7.23237,46.74476],[7.23256,46.74458],[7.23385,46.74296],[7.23392,46.74286],[7.23432,46.74218],[7.23438,46.74203],[7.23441,46.74187],[7.23445,46.74094],[7.23445,46.74089],[7.23438,46.73943],[7.23442,46.73912],[7.23459,46.73855],[7.2347,46.73829],[7.23495,46.73789],[7.23511,46.73769],[7.23529,46.73754],[7.23555,46.7374],[7.23607,46.7372],[7.23633,46.73715],[7.2369,46.73706],[7.23722,46.73703],[7.23773,46.73709],[7.23816,46.73728],[7.23845,46.73757],[7.23878,46.73812],[7.24003,46.73925],[7.24021,46.73938],[7.24041,46.73949],[7.24054,46.73954],[7.24064,46.73958],[7.24095,46.73968],[7.24103,46.7397],[7.24161,46.73987],[7.2418,46.73991],[7.24378,46.74025],[7.24457,46.74044],[7.24495,46.74062],[7.24527,46.74097],[7.24546,46.74161],[7.24578,46.74208],[7.24587,46.74265],[7.24576,46.74319],[7.2459,46.74355],[7.24641,46.74407],[7.24671,46.74468],[7.24727,46.74518],[7.24781,46.74558],[7.24798,46.74594],[7.24797,46.74613],[7.2478,46.74648],[7.24743,46.74676],[7.24705,46.74692],[7.24665,46.74731],[7.24645,46.7479],[7.24644,46.74808],[7.24647,46.74826],[7.2465,46.74834],[7.24653,46.74841],[7.24669,46.74875],[7.24686,46.74899],[7.24735,46.74937],[7.24778,46.7495],[7.24882,46.74957],[7.24967,46.74988],[7.25001,46.75014],[7.25018,46.75047],[7.25007,46.75098],[7.24956,46.75136],[7.24894,46.75155],[7.24836,46.75176],[7.2477,46.7519],[7.24698,46.75188],[7.24644,46.752],[7.2445,46.75279],[7.2442,46.75288],[7.24395,46.75292],[7.24344,46.7529],[7.24313,46.75282],[7.24151,46.75226],[7.24084,46.75216],[7.24061,46.75219],[7.2397,46.75234],[7.23948,46.75239],[7.23928,46.75247],[7.2391,46.75257],[7.23901,46.75263],[7.239,46.75264],[7.23835,46.75309],[7.23831,46.75311],[7.23802,46.7533],[7.23798,46.75333],[7.23753,46.7536],[7.23728,46.75373],[7.23705,46.75381],[7.23649,46.75393],[7.23519,46.75473],[7.23506,46.75488],[7.23497,46.75504],[7.23463,46.75581],[7.23434,46.75606],[7.23395,46.75624],[7.23336,46.75635],[7.23284,46.75634],[7.23212,46.75625],[7.23144,46.75635],[7.2303,46.7564],[7.22988,46.75649],[7.22944,46.7567],[7.22927,46.75684],[7.22915,46.75701],[7.22908,46.75718],[7.22906,46.75737],[7.22911,46.75823],[7.2291,46.75843],[7.22895,46.75874],[7.22881,46.75887],[7.22861,46.75902],[7.2286,46.75902],[7.22854,46.75906],[7.2281,46.75929],[7.22795,46.75938],[7.22783,46.75949],[7.22759,46.75972],[7.22741,46.7599],[7.22724,46.76008],[7.22646,46.7607],[7.22627,46.76103],[7.22623,46.76177],[7.22608,46.76215],[7.22592,46.76241],[7.22545,46.76303],[7.22512,46.76327],[7.22444,46.76345],[7.22368,46.76343],[7.22317,46.76354],[7.22294,46.76365],[7.22276,46.76379],[7.22262,46.76395],[7.2225,46.76431],[7.22245,46.76495],[7.22223,46.76529],[7.22168,46.76568],[7.22146,46.76615],[7.2214,46.76803],[7.22127,46.76843],[7.22097,46.76872],[7.22027,46.76894],[7.21956,46.76891],[7.21891,46.76865],[7.21872,46.76848],[7.21855,46.76828],[7.21833,46.76805],[7.21823,46.76793],[7.21799,46.76759],[7.21797,46.76757],[7.21778,46.76733],[7.21748,46.76692],[7.21706,46.76666],[7.21647,46.76647],[7.21572,46.76647],[7.21528,46.76662],[7.21495,46.76688],[7.2147,46.76725],[7.21434,46.76752],[7.21379,46.76768],[7.21298,46.76782],[7.21216,46.76807],[7.21157,46.76843],[7.21076,46.76868],[7.21039,46.76891],[7.21026,46.76906],[7.21021,46.76914],[7.21018,46.76917],[7.21008,46.76934],[7.20985,46.76962],[7.20971,46.76975],[7.20949,46.76991],[7.20928,46.77002],[7.2088,46.77014],[7.20829,46.77012],[7.20798,46.77004],[7.20717,46.76977],[7.20711,46.76975],[7.20674,46.76964],[7.20655,46.76959],[7.20605,46.7695],[7.20513,46.76924],[7.20478,46.76902],[7.20456,46.76873],[7.2045,46.76853],[7.2043,46.76731],[7.2043,46.7673],[7.20429,46.76722],[7.20423,46.76704],[7.20421,46.767],[7.20414,46.76689],[7.20398,46.76671],[7.2038,46.76658],[7.20349,46.76638],[7.20302,46.7661],[7.2028,46.76589],[7.20256,46.76537],[7.20216,46.76481],[7.20216,46.76449],[7.20242,46.76393],[7.20249,46.76357],[7.20235,46.76323]]]},"properties":{"bfs_nr":2294,"name":"Giffers"}},{"type":"Feature","geometry":{"type":"Polygon","coordinates":[[[7.20251,46.88064],[7.20291,46.88032],[7.20298,46.88025],[7.20307,46.88016],[7.20318,46.88003],[7.20337,46.87957],[7.2038,46.87918],[7.20457,46.8788],[7.20609,46.87744],[7.20611,46.87742],[7.20674,46.87684],[7.20697,46.87663],[7.20711,46.8765],[7.20726,46.87602],[7.20714,46.87544],[7.20726,46.87507],[7.20724,46.8747],[7.20701,46.87434],[7.20693,46.87399],[7.20705,46.87364],[7.20787,46.87284],[7.20827,46.87258],[7.20901,46.87236],[7.20948,46.87228],[7.21002,46.87227],[7.21047,46.87238],[7.21117,46.87277],[7.21156,46.87293],[7.2123,46.87306],[7.21284,46.87304],[7.21333,46.87288],[7.21381,46.87248],[7.21452,46.87211],[7.21479,46.87202],[7.21601,46.87173],[7.21604,46.87172],[7.21639,46.87164],[7.21656,46.87159],[7.21711,46.87141],[7.21758,46.87139],[7.21807,46.87144],[7.21834,46.87142],[7.2186,46.87136],[7.21884,46.87127],[7.21924,46.87099],[7.21965,46.87081],[7.22037,46.87077],[7.22113,46.87092],[7.22165,46.87087],[7.22204,46.87073],[7.2231,46.87021],[7.22363,46.8701],[7.22556,46.86998],[7.22606,46.86982],[7.22642,46.86953],[7.22653,46.86936],[7.22664,46.8691],[7.2267,46.86887],[7.2267,46.86876],[7.2267,46.86868],[7.22662,46.86759],[7.22659,46.86726],[7.22672,46.86692],[7.22703,46.86664],[7.22747,46.86646],[7.22778,46.86641],[7.22817,46.86638],[7.22837,46.86638],[7.22867,46.8664],[7.22971,46.86659],[7.23018,46.86661],[7.23085,46.86643],[7.23134,46.86604],[7.23179,46.86586],[7.23229,46.86581],[7.23279,46.8659],[7.23357,46.86629],[7.23381,46.86639],[7.23409,46.86646],[7.23433,46.86649],[7.23504,46.86638],[7.23581,46.866],[7.23642,46.86557],[7.23723,46.86479],[7.23762,46.86461],[7.23857,46.86447],[7.23965,46.86407],[7.2401,46.86382],[7.2406,46.86367],[7.24087,46.86365],[7.24158,46.86373],[7.24191,46.86375],[7.24462,46.86371],[7.24541,46.86386],[7.24622,46.86424],[7.24671,46.86429],[7.24741,46.86421],[7.24789,46.86428],[7.24856,46.8646],[7.24898,46.86501],[7.24911,46.86535],[7.24913,46.86576],[7.24947,46.86622],[7.24994,46.86646],[7.25089,46.86683],[7.25176,46.86705],[7.2522,46.86746],[7.25228,46.8678],[7.25214,46.86818],[7.25188,46.86853],[7.25133,46.86886],[7.25102,46.86912],[7.25088,46.86962],[7.25102,46.86995],[7.25133,46.87022],[7.25182,46.87047],[7.25215,46.87094],[7.25223,46.87149],[7.25247,46.87181],[7.25287,46.87204],[7.25423,46.87241],[7.25486,46.87253],[7.25547,46.8727],[7.25652,46.87304],[7.25714,46.87333],[7.25739,46.87361],[7.25772,46.87425],[7.25817,46.87467],[7.25825,46.87501],[7.25801,46.87589],[7.258,46.87624],[7.25819,46.87657],[7.25855,46.87682],[7.25925,46.87713],[7.25953,46.87744],[7.25961,46.87779],[7.25947,46.87814],[7.25934,46.8783],[7.25911,46.87846],[7.25905,46.87849],[7.25903,46.87851],[7.2587,46.87869],[7.25862,46.87874],[7.25861,46.87874],[7.25844,46.87882],[7.25782,46.8791],[7.25757,46.87937],[7.25709,46.88049],[7.2572,46.88101],[7.25762,46.88164],[7.25795,46.88197],[7.25814,46.88236],[7.25816,46.88257],[7.25815,46.88279],[7.25811,46.8832],[7.25824,46.88356],[7.25859,46.88385],[7.25912,46.88407],[7.25948,46.88431],[7.25968,46.88463],[7.25978,46.8851],[7.25988,46.88526],[7.26023,46.88553],[7.26045,46.88563],[7.2607,46.88569],[7.26167,46.88577],[7.26231,46.88603],[7.2626,46.88627],[7.26324,46.88649],[7.26372,46.88649],[7.26482,46.88635],[7.26538,46.8863],[7.26552,46.88629],[7.26587,46.88629],[7.26638,46.88642],[7.26692,46.88671],[7.26755,46.88689],[7.26778,46.887],[7.26803,46.88717],[7.26839,46.88751],[7.26854,46.88781],[7.26866,46.88841],[7.26913,46.88879],[7.27009,46.88915],[7.27054,46.88924],[7.27119,46.88953],[7.27204,46.88975],[7.27255,46.88978],[7.27312,46.88964],[7.27361,46.88954],[7.27422,46.88949],[7.2756,46.88922],[7.27631,46.88925],[7.27693,46.88958],[7.27713,46.88992],[7.27705,46.89045],[7.27649,46.89088],[7.27339,46.89219],[7.27242,46.89253],[7.27164,46.89269],[7.26854,46.89306],[7.26727,46.8933],[7.26625,46.89365],[7.26531,46.89413],[7.26457,46.89467],[7.26229,46.89656],[7.26121,46.89727],[7.26023,46.8977],[7.25914,46.898],[7.25805,46.89816],[7.25199,46.89872],[7.25082,46.89888],[7.24978,46.89908],[7.24563,46.90007],[7.24506,46.90012],[7.24457,46.90003],[7.24416,46.89982],[7.24388,46.89947],[7.24339,46.89854],[7.24305,46.89827],[7.24234,46.89808],[7.24148,46.8981],[7.24033,46.8979],[7.23915,46.89785],[7.23773,46.89801],[7.23637,46.89811],[7.23587,46.89831],[7.23559,46.89855],[7.23515,46.89909],[7.23476,46.89933],[7.23404,46.89953],[7.2324,46.90015],[7.232,46.90039],[7.2315,46.90088],[7.23108,46.90183],[7.23076,46.90212],[7.23031,46.90229],[7.22969,46.9024],[7.22913,46.9027],[7.22884,46.90312],[7.22853,46.90337],[7.2281,46.90352],[7.22756,46.90356],[7.22684,46.90352],[7.22543,46.90333],[7.22418,46.90302],[7.22342,46.90272],[7.22289,46.90243],[7.22203,46.90178],[7.21755,46.89735],[7.21754,46.89734],[7.21597,46.89582],[7.21439,46.8943],[7.21437,46.89429],[7.21272,46.89266],[7.21271,46.89264],[7.21116,46.89118],[7.20954,46.88978],[7.20787,46.88845],[7.20783,46.88842],[7.20628,46.88728],[7.20626,46.88726],[7.20467,46.88616],[7.20298,46.88498],[7.20281,46.88485],[7.20237,46.88444],[7.20215,46.88418],[7.20185,46.88372],[7.20174,46.88352],[7.20151,46.88293],[7.20149,46.88285],[7.20124,46.88202],[7.20122,46.88165],[7.20139,46.88135],[7.20175,46.88107],[7.20232,46.88076],[7.20251,46.88064]]]},"properties":{"bfs_nr":2295,"name":"B\u00f6singen"}},{"type":"Feature","geometry":{"type":"Polygon","coordinates":[[[7.27629,46.84277],[7.27636,46.8425],[7.27632,46.84208],[7.27643,46.84175],[7.27678,46.8412],[7.27707,46.84092],[7.2775,46.84073],[7.27856,46.8405],[7.27909,46.84046],[7.27963,46.84028],[7.28106,46.83925],[7.28127,46.83896],[7.28135,46.83856],[7.28157,46.83822],[7.28229,46.83784],[7.28246,46.83774],[7.2829,46.8374],[7.2837,46.837],[7.28427,46.83666],[7.28454,46.83633],[7.28469,46.83578],[7.28468,46.83548],[7.2845,46.83516],[7.28416,46.83491],[7.2836,46.8347],[7.2833,46.83453],[7.28307,46.8343],[7.28289,46.83402],[7.28285,46.83363],[7.28293,46.83344],[7.28321,46.83314],[7.28364,46.83291],[7.28398,46.8326],[7.28417,46.83223],[7.28447,46.83187],[7.285,46.83122],[7.28563,46.83081],[7.28631,46.83062],[7.28714,46.83016],[7.28802,46.82986],[7.28825,46.82972],[7.28939,46.82872],[7.28989,46.82852],[7.29077,46.82827],[7.29151,46.8278],[7.29201,46.82725],[7.29211,46.82716],[7.29309,46.82642],[7.29355,46.82615],[7.29422,46.82588],[7.29464,46.82547],[7.29471,46.82514],[7.29456,46.82468],[7.2946,46.82427],[7.29446,46.82365],[7.29456,46.82333],[7.29488,46.82281],[7.29506,46.82187],[7.29481,46.82136],[7.29449,46.82114],[7.29384,46.82082],[7.29355,46.82054],[7.29344,46.8202],[7.29352,46.81986],[7.29379,46.81957],[7.29433,46.81919],[7.29539,46.81851],[7.29561,46.8184],[7.29581,46.81832],[7.29603,46.81828],[7.29627,46.81825],[7.29653,46.81826],[7.29774,46.81859],[7.29841,46.81858],[7.29867,46.81861],[7.29931,46.81878],[7.29994,46.81883],[7.30053,46.81875],[7.30102,46.81882],[7.30125,46.8189],[7.30162,46.81909],[7.30193,46.81921],[7.302,46.81923],[7.30208,46.81925],[7.30225,46.81929],[7.30259,46.81937],[7.30328,46.81962],[7.30436,46.81969],[7.30515,46.81989],[7.30556,46.82009],[7.3059,46.82054],[7.3059,46.82095],[7.30605,46.82129],[7.30637,46.82156],[7.30681,46.82173],[7.30706,46.82177],[7.30736,46.82179],[7.3077,46.82184],[7.30842,46.82194],[7.30941,46.82209],[7.30947,46.8221],[7.30951,46.8221],[7.30983,46.82219],[7.31007,46.82229],[7.3103,46.82245],[7.31049,46.82263],[7.31073,46.82282],[7.31124,46.8232],[7.31194,46.82367],[7.31241,46.82386],[7.31337,46.82398],[7.314,46.82412],[7.31426,46.82421],[7.31445,46.82429],[7.31502,46.82458],[7.31581,46.82495],[7.31584,46.82497],[7.31657,46.8253],[7.31675,46.82537],[7.31693,46.82541],[7.31704,46.82543],[7.31729,46.82547],[7.31737,46.82547],[7.31763,46.82547],[7.31788,46.82543],[7.31859,46.82526],[7.31908,46.82528],[7.31971,46.82554],[7.31997,46.82582],[7.3202,46.82646],[7.32045,46.82674],[7.32083,46.82694],[7.32154,46.82716],[7.32325,46.82746],[7.32562,46.82795],[7.32871,46.82893],[7.32909,46.82909],[7.33007,46.82964],[7.33035,46.82998],[7.33111,46.83152],[7.33118,46.83202],[7.33101,46.83269],[7.33066,46.83306],[7.3299,46.83357],[7.32959,46.83389],[7.32951,46.83427],[7.32966,46.83476],[7.32953,46.83524],[7.32913,46.83565],[7.32884,46.83581],[7.32817,46.836],[7.3278,46.83618],[7.32725,46.83662],[7.32673,46.8371],[7.32614,46.83739],[7.32565,46.83782],[7.3244,46.83848],[7.32413,46.83882],[7.32399,46.83944],[7.32329,46.84037],[7.32268,46.84075],[7.32178,46.84115],[7.31932,46.84184],[7.31893,46.84206],[7.31774,46.84299],[7.31719,46.84324],[7.31617,46.84361],[7.3148,46.84392],[7.31345,46.84414],[7.31304,46.84432],[7.31264,46.84461],[7.31213,46.8448],[7.31149,46.84514],[7.31021,46.84562],[7.30801,46.84678],[7.30756,46.84726],[7.3074,46.84819],[7.3072,46.8485],[7.30684,46.84876],[7.30627,46.84947],[7.30609,46.84992],[7.30584,46.85022],[7.30532,46.8505],[7.30383,46.85088],[7.30236,46.85178],[7.30164,46.85193],[7.30102,46.85187],[7.29935,46.85148],[7.29924,46.85145],[7.2991,46.85143],[7.29892,46.85141],[7.29827,46.85136],[7.29618,46.85076],[7.29574,46.85051],[7.29564,46.85046],[7.29547,46.85037],[7.29537,46.8503],[7.29524,46.85021],[7.29505,46.85008],[7.29503,46.85006],[7.29479,46.84987],[7.29473,46.84983],[7.29441,46.84961],[7.29424,46.84952],[7.29352,46.84923],[7.29304,46.84911],[7.29229,46.84919],[7.29188,46.84939],[7.29161,46.84969],[7.29148,46.85015],[7.29095,46.85078],[7.29079,46.85109],[7.29078,46.85155],[7.29013,46.85291],[7.28953,46.85337],[7.28904,46.85351],[7.28852,46.85351],[7.28803,46.85336],[7.28767,46.8531],[7.28753,46.85289],[7.28749,46.8528],[7.28737,46.85262],[7.28709,46.85226],[7.28616,46.85136],[7.28598,46.85121],[7.28589,46.85114],[7.28536,46.85077],[7.28495,46.85009],[7.28466,46.84977],[7.28387,46.84928],[7.28346,46.84914],[7.28313,46.84911],[7.28261,46.84895],[7.28194,46.84883],[7.28116,46.84856],[7.28025,46.84801],[7.27955,46.84771],[7.27864,46.84765],[7.27815,46.8475],[7.27743,46.84699],[7.27717,46.84674],[7.27686,46.84601],[7.27628,46.84523],[7.27607,46.84476],[7.27607,46.84406],[7.27599,46.84375],[7.27606,46.84327],[7.27629,46.84277]]]},"properties":{"bfs_nr":2296,"name":"Heitenried"}},{"type":"Feature","geometry":{"type":"Polygon","coordinates":[[[7.25198,46.7499],[7.25242,46.74921],[7.25279,46.74878],[7.25326,46.74819],[7.25333,46.7481],[7.25336,46.74803],[7.25341,46.74794],[7.25348,46.74778],[7.25362,46.74749],[7.25375,46.74726],[7.2538,46.74716],[7.25385,46.74701],[7.25388,46.74693],[7.25396,46.74663],[7.25433,46.74589],[7.2548,46.74533],[7.25484,46.74481],[7.25514,46.74421],[7.25519,46.74398],[7.25524,46.74346],[7.25516,46.74314],[7.25482,46.74251],[7.25491,46.74213],[7.25528,46.74143],[7.25543,46.74122],[7.2558,46.74095],[7.25609,46.74084],[7.25705,46.74057],[7.2577,46.74033],[7.25892,46.73994],[7.25931,46.73976],[7.25945,46.73963],[7.26001,46.73904],[7.26022,46.73889],[7.26065,46.73868],[7.26085,46.73855],[7.26153,46.73788],[7.262,46.73769],[7.26268,46.73758],[7.2634,46.73737],[7.26393,46.73701],[7.26409,46.73651],[7.26408,46.73633],[7.26407,46.73605],[7.26406,46.73593],[7.264,46.73575],[7.26389,46.73558],[7.26373,46.73543],[7.26329,46.73521],[7.26289,46.7351],[7.26203,46.73494],[7.26167,46.7349],[7.26005,46.73479],[7.25963,46.73463],[7.25931,46.73438],[7.25915,46.73407],[7.25916,46.73369],[7.25956,46.7321],[7.25986,46.73158],[7.26142,46.72992],[7.26185,46.72961],[7.26237,46.72939],[7.26268,46.72911],[7.26281,46.72876],[7.26269,46.72774],[7.26262,46.72756],[7.26247,46.72729],[7.2624,46.72707],[7.26227,46.72689],[7.26177,46.72649],[7.26132,46.72603],[7.26124,46.72586],[7.26119,46.72564],[7.26114,46.72488],[7.26115,46.72396],[7.2612,46.72364],[7.26154,46.72293],[7.26168,46.72224],[7.26181,46.72201],[7.26199,46.72181],[7.26259,46.72137],[7.26301,46.72114],[7.26337,46.72099],[7.26352,46.72092],[7.26407,46.72061],[7.26424,46.72049],[7.26437,46.72039],[7.2645,46.72026],[7.26486,46.71986],[7.26511,46.71964],[7.26536,46.71947],[7.26569,46.71931],[7.26597,46.71922],[7.26611,46.71916],[7.26639,46.71902],[7.26657,46.71892],[7.26672,46.71879],[7.26699,46.71841],[7.26727,46.71805],[7.26728,46.71803],[7.26746,46.71778],[7.26755,46.71763],[7.26768,46.71731],[7.26771,46.71723],[7.26776,46.71704],[7.26778,46.71695],[7.26779,46.71686],[7.26779,46.7168],[7.26779,46.71667],[7.26778,46.71653],[7.26757,46.7156],[7.2675,46.71541],[7.26743,46.7152],[7.2674,46.71508],[7.26737,46.71487],[7.2674,46.7147],[7.26759,46.71439],[7.26814,46.71407],[7.26884,46.71384],[7.26917,46.71356],[7.26926,46.71344],[7.26932,46.71332],[7.26939,46.71318],[7.26945,46.71298],[7.26946,46.71292],[7.26951,46.71266],[7.26963,46.71236],[7.26987,46.71196],[7.27129,46.70899],[7.27134,46.70882],[7.27135,46.70864],[7.2713,46.70847],[7.27107,46.70808],[7.27106,46.70759],[7.27149,46.70681],[7.27177,46.70646],[7.27216,46.70619],[7.27229,46.70604],[7.27242,46.70571],[7.27236,46.70538],[7.27211,46.70508],[7.27043,46.7037],[7.27024,46.70351],[7.27009,46.70316],[7.2701,46.70293],[7.27043,46.70115],[7.27044,46.70098],[7.27032,46.70065],[7.26985,46.70028],[7.26636,46.6987],[7.26611,46.69857],[7.26583,46.69829],[7.26572,46.69795],[7.26585,46.69729],[7.26592,46.69646],[7.26589,46.69531],[7.26581,46.69463],[7.26581,46.69458],[7.26579,46.69429],[7.26579,46.69414],[7.26581,46.69397],[7.26581,46.69394],[7.26583,46.69323],[7.26583,46.69306],[7.2659,46.69224],[7.26585,46.69171],[7.2645,46.68755],[7.26429,46.68722],[7.26287,46.68585],[7.2608,46.68351],[7.26078,46.68349],[7.25955,46.68204],[7.25944,46.68189],[7.25937,46.68172],[7.25884,46.68014],[7.2588,46.6799],[7.25883,46.67966],[7.25913,46.67868],[7.25915,46.67852],[7.25914,46.67836],[7.25898,46.67806],[7.25875,46.67777],[7.2587,46.6777],[7.25866,46.67761],[7.25852,46.67733],[7.25831,46.67698],[7.25821,46.6768],[7.25812,46.67656],[7.25758,46.67568],[7.25722,46.67497],[7.25665,46.67423],[7.2563,46.67394],[7.25597,46.67373],[7.2553,46.67314],[7.25517,46.6729],[7.2549,46.67194],[7.25467,46.67159],[7.25458,46.6712],[7.2547,46.67086],[7.25507,46.67049],[7.25537,46.66992],[7.25566,46.66965],[7.25606,46.66944],[7.25646,46.66907],[7.25665,46.66864],[7.25695,46.66828],[7.25772,46.66773],[7.25786,46.66757],[7.25814,46.66701],[7.25858,46.66659],[7.25995,46.66578],[7.26076,46.66557],[7.26115,46.66529],[7.2617,46.6647],[7.26273,46.66406],[7.26347,46.66381],[7.26386,46.66353],[7.26499,46.66302],[7.26552,46.66265],[7.26587,46.66249],[7.26641,46.66237],[7.26658,46.66233],[7.26662,46.66232],[7.26678,46.66227],[7.26705,46.66216],[7.26736,46.66203],[7.26794,46.66194],[7.26847,46.66193],[7.26932,46.66192],[7.26966,46.66194],[7.27038,46.6621],[7.2706,46.66212],[7.27079,46.66213],[7.27108,46.66212],[7.27136,46.66206],[7.27233,46.66178],[7.27256,46.6617],[7.27292,46.66145],[7.27309,46.66122],[7.2732,46.66109],[7.27332,46.66096],[7.27349,46.6608],[7.27404,46.66045],[7.27437,46.66012],[7.27506,46.65983],[7.27601,46.65977],[7.27651,46.6599],[7.27789,46.66076],[7.27817,46.66098],[7.27964,46.66247],[7.27991,46.66296],[7.28032,46.66514],[7.28038,46.66532],[7.2805,46.66549],[7.28067,46.66565],[7.2846,46.66845],[7.28477,46.66856],[7.28518,46.66869],[7.28541,46.66872],[7.2875,46.66887],[7.28792,46.66892],[7.29182,46.66986],[7.29207,46.6699],[7.29257,46.66988],[7.29281,46.66983],[7.29302,46.66974],[7.29321,46.66962],[7.29343,46.66946],[7.29344,46.66946],[7.2938,46.6692],[7.29388,46.66914],[7.29394,46.6691],[7.29413,46.66895],[7.29422,46.66886],[7.29423,46.66885],[7.29446,46.66862],[7.29474,46.6684],[7.29478,46.66837],[7.2949,46.66828],[7.29526,46.66798],[7.29544,46.66779],[7.29575,46.66736],[7.29615,46.667],[7.29656,46.66683],[7.29686,46.66668],[7.29747,46.66628],[7.2976,46.66615],[7.29775,46.66584],[7.29779,46.66556],[7.29787,46.66539],[7.298,46.66521],[7.29836,46.66483],[7.2988,46.66419],[7.2995,46.66373],[7.30076,46.66329],[7.30159,46.66278],[7.30193,46.66242],[7.30256,46.66194],[7.30336,46.66158],[7.30379,46.66112],[7.30384,46.66064],[7.30405,46.65961],[7.3044,46.65912],[7.30463,46.6589],[7.30489,46.65874],[7.30535,46.65861],[7.30581,46.65854],[7.30625,46.65836],[7.30728,46.65779],[7.30766,46.65767],[7.30802,46.65752],[7.30834,46.6574],[7.30859,46.65733],[7.30875,46.6573],[7.30898,46.65724],[7.30919,46.65716],[7.30937,46.65705],[7.3101,46.65651],[7.31065,46.65617],[7.31145,46.65584],[7.31212,46.65551],[7.31392,46.65455],[7.31426,46.65431],[7.31467,46.65406],[7.31519,46.65377],[7.31542,46.65365],[7.31579,46.65344],[7.31655,46.65302],[7.3166,46.65299],[7.31682,46.65285],[7.31701,46.65272],[7.31724,46.6524],[7.31721,46.65185],[7.31693,46.65154],[7.31602,46.65098],[7.31576,46.6507],[7.31564,46.65033],[7.3153,46.64988],[7.31511,46.64936],[7.31483,46.64884],[7.31434,46.64837],[7.3138,46.64802],[7.31277,46.64741],[7.31196,46.64716],[7.31146,46.64673],[7.31135,46.64629],[7.31117,46.64601],[7.31103,46.64586],[7.31101,46.64585],[7.31066,46.6455],[7.31056,46.64541],[7.31029,46.6452],[7.31018,46.64513],[7.30889,46.64434],[7.30857,46.64415],[7.3083,46.64407],[7.30799,46.64399],[7.30793,46.64398],[7.30769,46.64389],[7.30712,46.64351],[7.3069,46.64326],[7.3063,46.64284],[7.30545,46.6425],[7.30514,46.64236],[7.30466,46.64203],[7.30391,46.64167],[7.30348,46.64125],[7.30333,46.64094],[7.30335,46.6406],[7.30342,46.64045],[7.30357,46.64026],[7.30387,46.63997],[7.30397,46.63985],[7.30416,46.63943],[7.3044,46.63866],[7.30446,46.63831],[7.30468,46.63799],[7.30491,46.63782],[7.30579,46.63741],[7.30624,46.63717],[7.30656,46.63699],[7.30729,46.63624],[7.30759,46.63609],[7.30777,46.63601],[7.30798,46.6359],[7.30828,46.63581],[7.30852,46.63578],[7.30908,46.63578],[7.30999,46.6359],[7.31052,46.6359],[7.31102,46.636],[7.31229,46.63655],[7.3128,46.63664],[7.31358,46.63659],[7.31545,46.63694],[7.31665,46.63702],[7.31798,46.6369],[7.31881,46.63691],[7.31946,46.63684],[7.32048,46.63681],[7.32144,46.63697],[7.32235,46.63706],[7.32343,46.63742],[7.32391,46.63751],[7.32489,46.63786],[7.32544,46.63826],[7.32584,46.63842],[7.32624,46.63868],[7.32698,46.63937],[7.32822,46.64038],[7.3293,46.64144],[7.32947,46.64166],[7.32957,46.64205],[7.32951,46.64229],[7.32856,46.64462],[7.32814,46.64537],[7.32801,46.64581],[7.32765,46.64644],[7.32717,46.6469],[7.32698,46.64721],[7.32569,46.64874],[7.3252,46.64952],[7.32465,46.65014],[7.32423,46.65047],[7.32398,46.65078],[7.32323,46.65198],[7.32182,46.65376],[7.32166,46.65429],[7.32183,46.65464],[7.3224,46.65501],[7.32318,46.65521],[7.32374,46.65521],[7.32521,46.65487],[7.32587,46.65478],[7.32743,46.65497],[7.32829,46.65488],[7.32951,46.6547],[7.33019,46.65482],[7.33076,46.6551],[7.33151,46.6552],[7.33226,46.65508],[7.33293,46.65492],[7.33418,46.65474],[7.33495,46.65482],[7.33586,46.65502],[7.33694,46.65511],[7.33841,46.65538],[7.33962,46.65547],[7.34016,46.65558],[7.34066,46.65556],[7.3414,46.65531],[7.34193,46.65523],[7.34251,46.65525],[7.3431,46.6554],[7.34415,46.65549],[7.3449,46.65542],[7.34533,46.65531],[7.34568,46.6551],[7.34603,46.6547],[7.3462,46.65438],[7.34649,46.65411],[7.34719,46.65367],[7.34742,46.65338],[7.34807,46.65294],[7.34917,46.65248],[7.34968,46.65233],[7.35026,46.65195],[7.35049,46.65167],[7.35057,46.65136],[7.35054,46.65054],[7.35041,46.64992],[7.35044,46.649],[7.3508,46.64809],[7.3512,46.64767],[7.35255,46.64698],[7.35305,46.64684],[7.35403,46.64674],[7.35469,46.64641],[7.35546,46.64555],[7.35557,46.64518],[7.35547,46.64476],[7.35543,46.64397],[7.35566,46.64305],[7.35592,46.64274],[7.35634,46.64253],[7.3571,46.64246],[7.35758,46.64259],[7.35808,46.64299],[7.35853,46.64391],[7.35939,46.64455],[7.35969,46.64503],[7.3601,46.64529],[7.36105,46.6457],[7.36179,46.64635],[7.36195,46.64674],[7.36188,46.64738],[7.36208,46.64772],[7.3627,46.64807],[7.36577,46.64888],[7.36629,46.64911],[7.3746,46.65439],[7.37494,46.6547],[7.37505,46.65521],[7.37473,46.65568],[7.37433,46.65589],[7.37352,46.65596],[7.37091,46.65573],[7.37039,46.65576],[7.36993,46.65592],[7.36959,46.65619],[7.36943,46.65653],[7.36951,46.65728],[7.3699,46.65803],[7.37021,46.65837],[7.3706,46.65863],[7.37089,46.65909],[7.37086,46.66063],[7.37095,46.66097],[7.37157,46.66205],[7.37179,46.66252],[7.37178,46.66284],[7.3714,46.66337],[7.37127,46.66377],[7.37133,46.66408],[7.3716,46.66459],[7.37168,46.665],[7.37193,46.66537],[7.37216,46.66614],[7.37224,46.66689],[7.37242,46.66744],[7.37222,46.66807],[7.37141,46.66915],[7.37133,46.66967],[7.37172,46.67028],[7.37235,46.67073],[7.37327,46.67173],[7.37361,46.67241],[7.37396,46.6728],[7.37472,46.67337],[7.375,46.67364],[7.37609,46.67501],[7.3762,46.67533],[7.37611,46.6757],[7.37529,46.67732],[7.37507,46.67762],[7.37417,46.67822],[7.37333,46.67898],[7.37312,46.67927],[7.37289,46.67997],[7.37322,46.68063],[7.37365,46.68098],[7.37489,46.68188],[7.37606,46.68246],[7.37723,46.68325],[7.37744,46.68359],[7.37732,46.68418],[7.37596,46.68619],[7.37584,46.68662],[7.37594,46.68766],[7.3762,46.688],[7.37771,46.68924],[7.379,46.69003],[7.37924,46.69034],[7.37928,46.69069],[7.37913,46.69103],[7.37824,46.69177],[7.37754,46.69228],[7.37703,46.69253],[7.37649,46.69259],[7.3743,46.6922],[7.37374,46.69217],[7.37114,46.69238],[7.37008,46.69245],[7.36914,46.69255],[7.36867,46.69268],[7.36829,46.69291],[7.36718,46.69397],[7.36633,46.69445],[7.36511,46.6949],[7.36469,46.69529],[7.36322,46.69798],[7.36308,46.69818],[7.3625,46.69853],[7.36199,46.6986],[7.36125,46.69845],[7.36083,46.6982],[7.36022,46.69799],[7.35973,46.69796],[7.35791,46.69812],[7.35581,46.69827],[7.35241,46.69838],[7.35062,46.69849],[7.34707,46.69879],[7.34635,46.69888],[7.34577,46.69918],[7.34551,46.69966],[7.34564,46.70044],[7.34589,46.70085],[7.34599,46.70147],[7.34628,46.7022],[7.34709,46.70297],[7.34761,46.70326],[7.34791,46.7035],[7.34843,46.70425],[7.34884,46.70466],[7.34905,46.70499],[7.34916,46.70592],[7.34934,46.7068],[7.34946,46.70708],[7.3505,46.70846],[7.35055,46.70889],[7.35025,46.71033],[7.34969,46.71176],[7.34956,46.71198],[7.3492,46.71228],[7.34753,46.71284],[7.34626,46.7131],[7.34401,46.71346],[7.34167,46.71414],[7.34121,46.71424],[7.33957,46.71443],[7.33907,46.71444],[7.33811,46.71434],[7.3368,46.71431],[7.33414,46.7145],[7.33365,46.71461],[7.32938,46.71623],[7.32855,46.71651],[7.32807,46.7166],[7.32607,46.71654],[7.32122,46.71699],[7.31961,46.71734],[7.31832,46.71753],[7.31675,46.71769],[7.31538,46.71767],[7.31382,46.7176],[7.31239,46.7176],[7.31104,46.71797],[7.3102,46.71804],[7.3097,46.71796],[7.30895,46.71762],[7.30851,46.71747],[7.30803,46.71745],[7.30737,46.71764],[7.30681,46.71804],[7.3057,46.71871],[7.30465,46.71947],[7.3043,46.71968],[7.30289,46.72031],[7.30168,46.72115],[7.30054,46.72211],[7.29961,46.72297],[7.2987,46.72396],[7.29804,46.72505],[7.29707,46.72685],[7.29675,46.72788],[7.29652,46.73007],[7.29653,46.73154],[7.29656,46.73262],[7.29686,46.73399],[7.29679,46.73561],[7.29685,46.73699],[7.29691,46.73722],[7.29766,46.73888],[7.3,46.74201],[7.30126,46.74311],[7.30231,46.74431],[7.30314,46.74542],[7.30378,46.74665],[7.30422,46.74792],[7.30435,46.74965],[7.30431,46.75002],[7.30402,46.7509],[7.30353,46.75213],[7.30323,46.75348],[7.30322,46.7537],[7.30339,46.75497],[7.30337,46.75533],[7.30318,46.75629],[7.30334,46.7573],[7.30337,46.75828],[7.30354,46.7591],[7.30344,46.75946],[7.30312,46.75999],[7.30273,46.76027],[7.30189,46.76072],[7.30164,46.76094],[7.30134,46.76151],[7.30132,46.76223],[7.30107,46.76262],[7.30001,46.76358],[7.29957,46.76376],[7.29892,46.76389],[7.29834,46.76429],[7.29816,46.76468],[7.29787,46.76498],[7.29743,46.76519],[7.29596,46.76533],[7.2955,46.7653],[7.29418,46.76486],[7.29254,46.76398],[7.29052,46.76336],[7.2899,46.763],[7.28979,46.76285],[7.2897,46.76264],[7.28928,46.76107],[7.28925,46.7609],[7.28926,46.76072],[7.2894,46.75991],[7.28935,46.75954],[7.28891,46.7591],[7.28836,46.75885],[7.28796,46.75856],[7.28723,46.75834],[7.28679,46.75812],[7.28615,46.75748],[7.28574,46.75725],[7.28503,46.75706],[7.28405,46.75688],[7.28377,46.75681],[7.28338,46.75662],[7.28312,46.75634],[7.28302,46.75602],[7.28309,46.75554],[7.28298,46.75478],[7.28312,46.75433],[7.28327,46.75407],[7.28377,46.75355],[7.28393,46.75317],[7.28391,46.75295],[7.28392,46.75274],[7.28401,46.75227],[7.28401,46.75225],[7.28427,46.751],[7.28436,46.75076],[7.28449,46.75059],[7.28512,46.75012],[7.28538,46.74964],[7.28531,46.7493],[7.28521,46.74914],[7.28507,46.74899],[7.28481,46.74875],[7.28458,46.74837],[7.28439,46.74809],[7.28429,46.74797],[7.28417,46.74784],[7.28413,46.74781],[7.28355,46.74724],[7.28271,46.7466],[7.28168,46.74614],[7.28091,46.74605],[7.28067,46.74607],[7.28044,46.74612],[7.28026,46.74618],[7.28016,46.74621],[7.27991,46.74631],[7.27964,46.74639],[7.27917,46.74644],[7.2779,46.74615],[7.27712,46.74627],[7.27619,46.74678],[7.27573,46.74689],[7.27488,46.74695],[7.27175,46.74773],[7.27169,46.74775],[7.26954,46.74838],[7.26852,46.7487],[7.26795,46.74888],[7.26756,46.74901],[7.26724,46.74909],[7.26702,46.74918],[7.26669,46.74936],[7.26665,46.74938],[7.26572,46.74991],[7.26466,46.75041],[7.26428,46.75077],[7.26366,46.75105],[7.26291,46.75106],[7.26249,46.75092],[7.26215,46.75083],[7.26188,46.75079],[7.26168,46.75077],[7.2604,46.75068],[7.26003,46.75068],[7.25959,46.75072],[7.25928,46.75078],[7.25898,46.75086],[7.25867,46.75092],[7.2582,46.75099],[7.25787,46.75101],[7.25331,46.75112],[7.253,46.75111],[7.25253,46.75099],[7.25203,46.75061],[7.2519,46.75028],[7.25198,46.7499]]]},"properties":{"bfs_nr":2299,"name":"Plaffeien"}},{"type":"Feature","geometry":{"type":"Polygon","coordinates":[[[7.1939,46.70179],[7.19357,46.70124],[7.19365,46.70089],[7.19395,46.70055],[7.19479,46.7],[7.19554,46.69966],[7.19675,46.69934],[7.1972,46.6993],[7.19765,46.69932],[7.19793,46.6993],[7.19916,46.6994],[7.20023,46.69929],[7.2013,46.69945],[7.20188,46.69959],[7.20217,46.69961],[7.20277,46.69954],[7.20375,46.69938],[7.20437,46.69941],[7.20488,46.69935],[7.20531,46.69916],[7.20563,46.69895],[7.20606,46.6988],[7.2064,46.69875],[7.20686,46.69856],[7.20744,46.69807],[7.20787,46.69791],[7.20908,46.69782],[7.20962,46.69761],[7.21039,46.69713],[7.21089,46.69701],[7.21163,46.69693],[7.21262,46.697],[7.21312,46.69695],[7.21381,46.69678],[7.21442,46.69675],[7.2145,46.69674],[7.21486,46.69666],[7.21514,46.69656],[7.21525,46.69652],[7.21559,46.69637],[7.2157,46.69632],[7.21583,46.69626],[7.21604,46.69618],[7.21677,46.69612],[7.21723,46.69624],[7.21759,46.69647],[7.21798,46.69698],[7.21842,46.69747],[7.21855,46.6978],[7.21856,46.69785],[7.21857,46.69819],[7.21849,46.69863],[7.21849,46.69864],[7.21843,46.69899],[7.21842,46.69913],[7.21846,46.69955],[7.21851,46.69975],[7.21863,46.69994],[7.21865,46.69997],[7.21875,46.70008],[7.21888,46.70018],[7.21904,46.70027],[7.21962,46.70058],[7.21996,46.70072],[7.22,46.70074],[7.22026,46.70089],[7.22055,46.7012],[7.22071,46.70162],[7.22124,46.70249],[7.22153,46.70279],[7.22198,46.70299],[7.22249,46.70311],[7.22315,46.70348],[7.22364,46.70362],[7.2245,46.70365],[7.22497,46.7038],[7.22551,46.70436],[7.22612,46.70478],[7.22642,46.7053],[7.22675,46.7056],[7.22753,46.70609],[7.22803,46.70624],[7.22866,46.70629],[7.22951,46.70666],[7.22973,46.70672],[7.22989,46.70675],[7.22999,46.70677],[7.23064,46.70686],[7.23098,46.70693],[7.23149,46.70719],[7.23246,46.70795],[7.23263,46.70812],[7.23278,46.70823],[7.23295,46.70832],[7.23526,46.70932],[7.23552,46.70941],[7.23653,46.70964],[7.23704,46.70982],[7.23756,46.70989],[7.23808,46.7098],[7.23851,46.70959],[7.23902,46.70919],[7.23908,46.70914],[7.23918,46.70904],[7.23933,46.70888],[7.23942,46.70869],[7.23958,46.70821],[7.23961,46.70801],[7.23961,46.70731],[7.23972,46.70655],[7.23981,46.70626],[7.23993,46.70604],[7.24011,46.70584],[7.24058,46.70548],[7.24083,46.70522],[7.24109,46.70464],[7.24177,46.70404],[7.24203,46.70371],[7.24208,46.70352],[7.24211,46.70319],[7.2421,46.70296],[7.24198,46.70253],[7.24195,46.70235],[7.24195,46.70224],[7.24198,46.70202],[7.24217,46.7017],[7.24304,46.701],[7.24332,46.70034],[7.24369,46.69987],[7.24395,46.6994],[7.24401,46.69903],[7.24419,46.69873],[7.24505,46.69821],[7.24527,46.69793],[7.24543,46.69715],[7.24589,46.6967],[7.24646,46.69642],[7.24732,46.69568],[7.2475,46.69515],[7.24733,46.69468],[7.24735,46.69431],[7.24748,46.69409],[7.24798,46.69347],[7.24859,46.69302],[7.24895,46.69241],[7.24932,46.69216],[7.24976,46.69199],[7.25008,46.69174],[7.25025,46.69142],[7.25029,46.69068],[7.25053,46.69029],[7.25121,46.6898],[7.25145,46.68951],[7.25151,46.68918],[7.25148,46.68902],[7.25143,46.68887],[7.25134,46.6887],[7.25118,46.68845],[7.25111,46.68837],[7.25094,46.68817],[7.25087,46.6881],[7.25069,46.68794],[7.25054,46.68781],[7.25045,46.68771],[7.25018,46.68738],[7.24999,46.6872],[7.24984,46.6871],[7.24955,46.68694],[7.24913,46.6864],[7.24883,46.68615],[7.24833,46.6859],[7.24806,46.68559],[7.24795,46.68507],[7.24771,46.68462],[7.24723,46.68394],[7.247,46.68372],[7.24626,46.68317],[7.24605,46.68283],[7.24603,46.6825],[7.24643,46.68138],[7.24647,46.68067],[7.24643,46.6805],[7.24618,46.67982],[7.2462,46.67924],[7.2461,46.67883],[7.24615,46.67832],[7.24614,46.67817],[7.24625,46.67745],[7.24635,46.6771],[7.24642,46.67693],[7.24655,46.67674],[7.24675,46.67654],[7.24685,46.67644],[7.24703,46.67608],[7.247,46.6757],[7.24703,46.67549],[7.24716,46.67512],[7.24726,46.67497],[7.24771,46.67461],[7.24873,46.67379],[7.24913,46.67352],[7.25039,46.67284],[7.25079,46.67267],[7.25168,46.67239],[7.2529,46.67213],[7.25409,46.67211],[7.25458,46.67225],[7.25495,46.67252],[7.25528,46.67316],[7.25574,46.67357],[7.25641,46.67405],[7.25672,46.67435],[7.25715,46.67489],[7.25755,46.67567],[7.25814,46.67661],[7.25823,46.67683],[7.25829,46.67695],[7.25851,46.67731],[7.25867,46.67762],[7.2587,46.67768],[7.25878,46.67782],[7.25902,46.67814],[7.25914,46.6785],[7.25911,46.67874],[7.25882,46.67971],[7.25879,46.6799],[7.25883,46.68009],[7.25938,46.68176],[7.25944,46.68189],[7.25952,46.68201],[7.26079,46.6835],[7.2608,46.68351],[7.26288,46.68586],[7.26425,46.68718],[7.26451,46.68759],[7.26584,46.69167],[7.2659,46.69226],[7.26583,46.69308],[7.26583,46.69324],[7.26581,46.69393],[7.2658,46.69398],[7.26579,46.69417],[7.26579,46.69426],[7.26581,46.69459],[7.26581,46.69462],[7.26589,46.69533],[7.26592,46.69643],[7.26584,46.69733],[7.26571,46.6979],[7.26573,46.69808],[7.2658,46.69826],[7.26592,46.69842],[7.26609,46.69856],[7.2663,46.69868],[7.2698,46.70026],[7.27032,46.70066],[7.27043,46.70098],[7.27042,46.70119],[7.27009,46.70297],[7.27008,46.70316],[7.27013,46.70334],[7.27024,46.70351],[7.27039,46.70367],[7.27205,46.70502],[7.27234,46.70538],[7.27238,46.70574],[7.27232,46.70592],[7.27206,46.70624],[7.27162,46.70658],[7.27103,46.70751],[7.27102,46.70802],[7.2713,46.70847],[7.27134,46.70882],[7.27127,46.70904],[7.26989,46.71193],[7.26978,46.71211],[7.26971,46.71221],[7.2696,46.71241],[7.26952,46.71261],[7.2694,46.71314],[7.2693,46.71335],[7.26929,46.71339],[7.26914,46.71358],[7.2688,46.71383],[7.268,46.71407],[7.26761,46.71432],[7.26739,46.71464],[7.26736,46.71482],[7.26737,46.71501],[7.26743,46.71524],[7.26758,46.71565],[7.26764,46.71606],[7.26777,46.71649],[7.26779,46.71671],[7.26779,46.71678],[7.26779,46.71688],[7.26778,46.71692],[7.26776,46.71706],[7.26772,46.71721],[7.26767,46.71734],[7.26756,46.71759],[7.26744,46.71782],[7.26729,46.71803],[7.26726,46.71806],[7.26698,46.71843],[7.26672,46.71879],[7.26657,46.71891],[7.26634,46.71905],[7.26618,46.71913],[7.26574,46.71929],[7.26554,46.71938],[7.26532,46.7195],[7.26514,46.71961],[7.26499,46.71974],[7.26488,46.71983],[7.26461,46.72012],[7.26452,46.72022],[7.26429,46.72046],[7.26428,46.72046],[7.26402,46.72064],[7.26356,46.7209],[7.26332,46.72101],[7.26293,46.72117],[7.26265,46.72132],[7.2623,46.72157],[7.26203,46.72178],[7.26195,46.72184],[7.2618,46.72201],[7.2617,46.7222],[7.26168,46.72227],[7.26165,46.72237],[7.26156,46.72287],[7.26122,46.72359],[7.26118,46.72375],[7.26115,46.72392],[7.26113,46.72485],[7.2612,46.72569],[7.26123,46.72586],[7.26131,46.72603],[7.26144,46.72618],[7.26179,46.72651],[7.26222,46.72687],[7.26264,46.72762],[7.26269,46.72778],[7.26271,46.72824],[7.2628,46.72869],[7.26268,46.72905],[7.26236,46.72935],[7.26179,46.72964],[7.26146,46.72988],[7.25982,46.73162],[7.25957,46.73206],[7.25915,46.73372],[7.25915,46.73407],[7.25931,46.73439],[7.25962,46.73464],[7.26005,46.73479],[7.26167,46.7349],[7.26247,46.73503],[7.26329,46.73525],[7.26373,46.73546],[7.264,46.73578],[7.26406,46.73599],[7.26404,46.73649],[7.26366,46.73697],[7.26281,46.73731],[7.26244,46.73753],[7.26182,46.73771],[7.26144,46.73791],[7.26098,46.73837],[7.26066,46.73866],[7.26015,46.73893],[7.25999,46.73904],[7.25979,46.73927],[7.25925,46.73975],[7.25905,46.73987],[7.25877,46.73999],[7.25767,46.74034],[7.25701,46.74058],[7.25603,46.74086],[7.25579,46.74095],[7.25559,46.74107],[7.25542,46.74122],[7.25531,46.74138],[7.25484,46.74226],[7.25477,46.74265],[7.25517,46.74351],[7.25517,46.74406],[7.255,46.74442],[7.25449,46.74499],[7.25444,46.74549],[7.25415,46.74622],[7.25392,46.74661],[7.25387,46.74675],[7.25386,46.74693],[7.25381,46.74713],[7.25374,46.74728],[7.25362,46.74748],[7.25348,46.74779],[7.25342,46.74792],[7.25334,46.74807],[7.25324,46.74822],[7.25278,46.7488],[7.25241,46.74922],[7.25199,46.74979],[7.25142,46.75011],[7.2507,46.75017],[7.25024,46.75006],[7.24976,46.74983],[7.24928,46.74972],[7.24853,46.74944],[7.24766,46.74937],[7.24722,46.74924],[7.24689,46.74901],[7.24666,46.74869],[7.24654,46.74843],[7.2465,46.74833],[7.24645,46.74814],[7.24651,46.74783],[7.24681,46.74722],[7.24709,46.74695],[7.24755,46.74673],[7.24787,46.74645],[7.24797,46.74628],[7.24803,46.74572],[7.24783,46.74536],[7.24732,46.745],[7.24707,46.74469],[7.24692,46.74418],[7.24664,46.74389],[7.24619,46.74362],[7.24596,46.74332],[7.24594,46.74279],[7.24581,46.74211],[7.24545,46.74157],[7.24538,46.74108],[7.2452,46.74077],[7.24466,46.74044],[7.24381,46.74025],[7.24184,46.73992],[7.24157,46.73986],[7.24105,46.73971],[7.24094,46.73967],[7.24067,46.73959],[7.24052,46.73953],[7.24047,46.73951],[7.24021,46.73938],[7.24,46.73922],[7.23904,46.73835],[7.23873,46.73781],[7.23881,46.73746],[7.23908,46.73716],[7.23961,46.73684],[7.24004,46.73649],[7.24051,46.73598],[7.24059,46.73564],[7.24037,46.73469],[7.24041,46.73437],[7.24039,46.73392],[7.24027,46.73358],[7.24029,46.73321],[7.24054,46.73274],[7.24059,46.73239],[7.24043,46.73179],[7.23988,46.73078],[7.23985,46.73052],[7.23968,46.73022],[7.23933,46.72994],[7.23861,46.72947],[7.2381,46.72874],[7.23804,46.72855],[7.23812,46.72786],[7.23806,46.72753],[7.23763,46.72694],[7.23729,46.72666],[7.23681,46.72649],[7.23612,46.7264],[7.23585,46.72631],[7.23557,46.72615],[7.23555,46.72613],[7.23539,46.72599],[7.23519,46.72585],[7.23483,46.72565],[7.23416,46.72508],[7.23344,46.72435],[7.23329,46.72421],[7.2331,46.72411],[7.23288,46.72402],[7.23209,46.72376],[7.23183,46.7236],[7.23078,46.72282],[7.2306,46.72266],[7.23049,46.72252],[7.23041,46.72233],[7.22995,46.72093],[7.22991,46.72064],[7.22991,46.72039],[7.22991,46.72037],[7.22992,46.71979],[7.2299,46.71962],[7.22984,46.71946],[7.22973,46.7193],[7.22958,46.71917],[7.22939,46.71905],[7.22918,46.71896],[7.22894,46.7189],[7.2287,46.71886],[7.22845,46.71883],[7.22705,46.71878],[7.22626,46.71875],[7.2259,46.71872],[7.22564,46.71868],[7.2254,46.71866],[7.22462,46.71864],[7.22443,46.71862],[7.22418,46.7186],[7.22372,46.71854],[7.22365,46.71853],[7.22249,46.71837],[7.22222,46.71831],[7.22153,46.71814],[7.22132,46.7181],[7.22057,46.71805],[7.22032,46.71799],[7.21982,46.71781],[7.21965,46.71778],[7.21917,46.71762],[7.21885,46.71753],[7.21864,46.71749],[7.21853,46.71747],[7.21726,46.71731],[7.21649,46.71724],[7.21606,46.71709],[7.21575,46.71684],[7.2155,46.71649],[7.21517,46.71615],[7.21488,46.7158],[7.2147,46.71561],[7.21446,46.71543],[7.21434,46.71536],[7.21421,46.71529],[7.21415,46.71526],[7.21397,46.7152],[7.21325,46.71504],[7.21304,46.71496],[7.21285,46.71488],[7.2125,46.71468],[7.21208,46.71415],[7.21173,46.7139],[7.21096,46.71353],[7.21045,46.71338],[7.20911,46.7134],[7.20867,46.71326],[7.20834,46.71301],[7.20802,46.71249],[7.20798,46.71243],[7.20787,46.71228],[7.20781,46.7122],[7.20747,46.71173],[7.20732,46.71161],[7.20681,46.71135],[7.20649,46.71109],[7.20627,46.71062],[7.20632,46.71026],[7.20654,46.70989],[7.20659,46.70971],[7.20653,46.70936],[7.20643,46.70919],[7.20609,46.70892],[7.20587,46.70883],[7.20581,46.70881],[7.20543,46.70868],[7.20028,46.70645],[7.19845,46.70578],[7.19823,46.70568],[7.198,46.70554],[7.19795,46.70551],[7.19775,46.7054],[7.19761,46.70533],[7.19755,46.7053],[7.19738,46.70522],[7.19734,46.7052],[7.19713,46.70506],[7.19688,46.70478],[7.19678,46.70444],[7.19671,46.7043],[7.19654,46.70402],[7.1964,46.70389],[7.19623,46.70377],[7.19599,46.70364],[7.1955,46.70331],[7.19544,46.70327],[7.19506,46.70299],[7.19475,46.70279],[7.19442,46.70253],[7.19435,46.70246],[7.19422,46.7023],[7.19404,46.70195],[7.1939,46.70179]]]},"properties":{"bfs_nr":2300,"name":"Plasselb"}},{"type":"Feature","geometry":{"type":"Polygon","coordinates":[[[7.2214,46.76803],[7.22146,46.76639],[7.22173,46.76582],[7.22228,46.76544],[7.22251,46.76498],[7.2225,46.76436],[7.22263,46.76395],[7.22295,46.76366],[7.22317,46.76355],[7.22368,46.76344],[7.22446,46.76345],[7.22493,46.76337],[7.22514,46.76328],[7.22532,46.76317],[7.22547,46.76303],[7.22594,46.76238],[7.22612,46.76208],[7.22621,46.76184],[7.22623,46.76172],[7.22624,46.76164],[7.22628,46.76103],[7.22647,46.7607],[7.22721,46.76012],[7.22757,46.75974],[7.22796,46.75939],[7.22816,46.75926],[7.22855,46.75905],[7.22859,46.75903],[7.22865,46.75899],[7.22882,46.75888],[7.22895,46.75874],[7.22905,46.75859],[7.2291,46.75843],[7.22911,46.75827],[7.22906,46.75744],[7.22908,46.75721],[7.22916,46.75703],[7.22928,46.75686],[7.22965,46.7566],[7.23039,46.75641],[7.23195,46.75637],[7.23305,46.7565],[7.23371,46.75646],[7.23439,46.75617],[7.23464,46.75584],[7.23494,46.75513],[7.23504,46.75494],[7.23531,46.75468],[7.23645,46.75403],[7.23726,46.75377],[7.23799,46.75332],[7.23802,46.7533],[7.23832,46.75311],[7.23834,46.75309],[7.239,46.75264],[7.23902,46.75262],[7.23906,46.7526],[7.23929,46.75247],[7.23949,46.7524],[7.23976,46.75233],[7.24084,46.75217],[7.24156,46.75228],[7.24319,46.75284],[7.24344,46.7529],[7.24369,46.75293],[7.24395,46.75292],[7.24421,46.75288],[7.24444,46.75281],[7.24636,46.75203],[7.24697,46.75189],[7.2477,46.7519],[7.2483,46.75178],[7.2492,46.75148],[7.25,46.75129],[7.25049,46.75115],[7.25097,46.75111],[7.25161,46.75116],[7.25793,46.75101],[7.25815,46.75099],[7.25872,46.75091],[7.25994,46.75069],[7.26049,46.75069],[7.26166,46.75077],[7.2621,46.75082],[7.26234,46.75088],[7.26262,46.75098],[7.26281,46.75105],[7.26375,46.7515],[7.26421,46.75191],[7.26469,46.75356],[7.26475,46.75372],[7.26486,46.75386],[7.265,46.754],[7.2651,46.75407],[7.26513,46.75409],[7.26537,46.75426],[7.26642,46.75538],[7.26666,46.75597],[7.26698,46.75627],[7.26717,46.75659],[7.26718,46.75709],[7.26757,46.75794],[7.26747,46.75844],[7.26721,46.75879],[7.26714,46.75914],[7.26718,46.76005],[7.26735,46.76038],[7.26782,46.76075],[7.26803,46.76106],[7.26811,46.76148],[7.26829,46.76185],[7.26829,46.76217],[7.26798,46.76288],[7.26779,46.7644],[7.26774,46.76461],[7.26751,46.76492],[7.26721,46.76516],[7.26687,46.76569],[7.26671,46.76653],[7.26685,46.76688],[7.26722,46.76738],[7.26725,46.76793],[7.267,46.76827],[7.26659,46.76855],[7.26598,46.7688],[7.26564,46.76902],[7.26517,46.76918],[7.26392,46.76923],[7.26321,46.76919],[7.26269,46.76932],[7.26174,46.76979],[7.26137,46.77021],[7.2612,46.77034],[7.26094,46.77048],[7.25673,46.77228],[7.25604,46.77275],[7.25558,46.77291],[7.25464,46.77308],[7.25427,46.77331],[7.25394,46.77364],[7.25356,46.77384],[7.2531,46.77394],[7.25254,46.77395],[7.25175,46.77375],[7.25124,46.77347],[7.25001,46.77327],[7.24951,46.77304],[7.24904,46.77293],[7.24878,46.77292],[7.24829,46.77297],[7.24795,46.77297],[7.24718,46.77286],[7.24648,46.77281],[7.24624,46.7728],[7.24601,46.77282],[7.24578,46.77288],[7.24538,46.77306],[7.24456,46.77366],[7.24416,46.77418],[7.24394,46.77438],[7.24373,46.77453],[7.24365,46.77459],[7.24356,46.77465],[7.2433,46.77479],[7.24328,46.7748],[7.24298,46.77491],[7.24242,46.77499],[7.24151,46.77526],[7.24125,46.77529],[7.24093,46.77532],[7.2406,46.77532],[7.23986,46.7753],[7.23972,46.77529],[7.239,46.77522],[7.23827,46.77517],[7.23814,46.77516],[7.23804,46.77516],[7.23767,46.77514],[7.23717,46.775],[7.23694,46.77486],[7.23678,46.77473],[7.23652,46.77446],[7.23629,46.77423],[7.23614,46.7741],[7.23575,46.77392],[7.23494,46.77372],[7.2344,46.7737],[7.23353,46.77401],[7.23306,46.77411],[7.23257,46.77409],[7.23209,46.77394],[7.23159,46.77389],[7.2311,46.77397],[7.23011,46.77443],[7.22967,46.77455],[7.22884,46.77464],[7.22826,46.77484],[7.22772,46.77487],[7.22739,46.77481],[7.22574,46.7744],[7.22546,46.77431],[7.22509,46.77408],[7.22468,46.77333],[7.22429,46.77299],[7.2241,46.77264],[7.22404,46.7723],[7.22394,46.77212],[7.22378,46.77196],[7.22303,46.77128],[7.2228,46.77083],[7.2227,46.77023],[7.22277,46.76966],[7.22265,46.7693],[7.22234,46.769],[7.2216,46.76856],[7.2214,46.76803]]]},"properties":{"bfs_nr":2301,"name":"Rechthalten"}},{"type":"Feature","geometry":{"type":"Polygon","coordinates":[[[7.19482,46.75306],[7.19499,46.75255],[7.19543,46.75214],[7.19603,46.75179],[7.19632,46.75148],[7.19657,46.75067],[7.19677,46.75038],[7.19745,46.75001],[7.19779,46.74971],[7.19795,46.74934],[7.19819,46.74905],[7.19901,46.74871],[7.1992,46.7486],[7.19956,46.74832],[7.19978,46.74819],[7.19998,46.74805],[7.20013,46.74788],[7.20015,46.74786],[7.20034,46.74765],[7.20073,46.74741],[7.20103,46.74711],[7.20121,46.74671],[7.20253,46.74574],[7.20319,46.74549],[7.20353,46.74528],[7.20376,46.74505],[7.20396,46.74477],[7.20437,46.74444],[7.20479,46.74423],[7.20541,46.74408],[7.2061,46.74356],[7.20669,46.74322],[7.20688,46.74306],[7.20698,46.74293],[7.20719,46.74257],[7.20774,46.74204],[7.20808,46.7418],[7.20832,46.74126],[7.20805,46.74044],[7.20805,46.74026],[7.20823,46.73975],[7.20838,46.73913],[7.20869,46.73884],[7.20966,46.73843],[7.21129,46.7381],[7.21282,46.73806],[7.21359,46.73817],[7.21427,46.73813],[7.21509,46.73835],[7.21569,46.73843],[7.21648,46.73864],[7.21706,46.73887],[7.21787,46.73899],[7.2184,46.73889],[7.2191,46.7385],[7.21997,46.73765],[7.22026,46.73695],[7.22022,46.7364],[7.22,46.73608],[7.21938,46.73578],[7.21871,46.73566],[7.21827,46.73546],[7.21798,46.73515],[7.21737,46.73415],[7.21704,46.73382],[7.21656,46.73352],[7.21625,46.73313],[7.21585,46.73249],[7.21582,46.73209],[7.21598,46.73151],[7.2162,46.73118],[7.21639,46.73051],[7.21643,46.73009],[7.21634,46.72959],[7.21609,46.72925],[7.21559,46.72894],[7.2153,46.72863],[7.21522,46.72826],[7.21526,46.72809],[7.21528,46.72796],[7.21531,46.72773],[7.21531,46.72771],[7.21537,46.7272],[7.21537,46.72718],[7.21541,46.72688],[7.21541,46.72681],[7.21539,46.72658],[7.21531,46.72631],[7.21527,46.72622],[7.21497,46.72559],[7.21454,46.72493],[7.21457,46.72456],[7.21491,46.72383],[7.2151,46.72361],[7.2153,46.7231],[7.21532,46.72263],[7.21545,46.72228],[7.21575,46.72186],[7.21585,46.72167],[7.21589,46.72126],[7.21605,46.72079],[7.21607,46.72059],[7.21608,46.72037],[7.21615,46.72002],[7.21688,46.71815],[7.21727,46.71768],[7.21768,46.71751],[7.21815,46.71744],[7.21877,46.71751],[7.21925,46.71765],[7.21955,46.71778],[7.22022,46.71802],[7.22044,46.71806],[7.22132,46.7181],[7.22158,46.71815],[7.22227,46.71832],[7.22245,46.71836],[7.22366,46.71854],[7.22371,46.71854],[7.22419,46.7186],[7.22423,46.7186],[7.22446,46.71863],[7.22459,46.71864],[7.22534,46.71866],[7.22569,46.71869],[7.22596,46.71873],[7.2262,46.71875],[7.22703,46.71878],[7.22706,46.71878],[7.22839,46.71883],[7.22876,46.71887],[7.22917,46.71897],[7.22939,46.71905],[7.22972,46.7193],[7.2299,46.71962],[7.22992,46.71983],[7.22991,46.72038],[7.22991,46.7204],[7.22991,46.72069],[7.22994,46.72088],[7.23042,46.72237],[7.23049,46.72253],[7.2306,46.72267],[7.23074,46.72279],[7.23188,46.72363],[7.23208,46.72376],[7.23233,46.72386],[7.23283,46.72401],[7.23309,46.72411],[7.23347,46.72438],[7.23424,46.72517],[7.23456,46.72548],[7.23487,46.72569],[7.23524,46.72589],[7.23543,46.72604],[7.23547,46.72607],[7.23562,46.72618],[7.2358,46.72629],[7.236,46.72637],[7.23622,46.72643],[7.23705,46.72659],[7.23748,46.72684],[7.23794,46.72743],[7.23808,46.72781],[7.23798,46.72858],[7.23811,46.72893],[7.23862,46.72953],[7.23921,46.72987],[7.23961,46.73021],[7.23982,46.73055],[7.23988,46.73091],[7.2404,46.73189],[7.24048,46.73245],[7.24043,46.73278],[7.24021,46.7332],[7.24021,46.73343],[7.24037,46.73392],[7.24039,46.73431],[7.24028,46.73482],[7.24047,46.73552],[7.24034,46.73605],[7.23982,46.73661],[7.23946,46.73682],[7.23901,46.73693],[7.23766,46.73694],[7.23628,46.73715],[7.23607,46.7372],[7.23588,46.73727],[7.2355,46.73743],[7.23528,46.73754],[7.2351,46.73768],[7.23497,46.73785],[7.23468,46.73833],[7.2346,46.7385],[7.23441,46.73917],[7.23438,46.73938],[7.23445,46.74087],[7.23441,46.74183],[7.23438,46.74203],[7.2343,46.74221],[7.23393,46.74283],[7.23383,46.74298],[7.2326,46.74453],[7.23232,46.7448],[7.23066,46.74603],[7.23053,46.74612],[7.22922,46.74693],[7.22915,46.74698],[7.22691,46.7486],[7.22668,46.74882],[7.22549,46.75048],[7.22517,46.75079],[7.22424,46.75148],[7.22399,46.75164],[7.22369,46.75175],[7.22287,46.752],[7.22247,46.75219],[7.22213,46.7525],[7.22178,46.7527],[7.22153,46.75279],[7.22068,46.753],[7.2206,46.75302],[7.21678,46.75388],[7.21652,46.75392],[7.21625,46.75393],[7.21314,46.75389],[7.2129,46.75388],[7.21169,46.75376],[7.21032,46.75353],[7.20999,46.75351],[7.20831,46.75353],[7.20787,46.75359],[7.2061,46.75404],[7.20594,46.75409],[7.20473,46.75454],[7.20472,46.75455],[7.20363,46.75497],[7.20343,46.75506],[7.20327,46.75517],[7.20313,46.75531],[7.20273,46.75579],[7.20253,46.75597],[7.20233,46.7561],[7.20185,46.75625],[7.20131,46.75626],[7.20076,46.75609],[7.20005,46.75576],[7.19887,46.75524],[7.19817,46.75505],[7.19627,46.75434],[7.19525,46.75391],[7.19495,46.75364],[7.19482,46.75306]]]},"properties":{"bfs_nr":2303,"name":"St. Silvester"}},{"type":"Feature","geometry":{"type":"Polygon","coordinates":[[[7.1765,46.79324],[7.17663,46.7931],[7.17677,46.79292],[7.1768,46.79287],[7.17699,46.79257],[7.17709,46.79233],[7.17718,46.79195],[7.17725,46.79151],[7.17741,46.79113],[7.17743,46.79104],[7.17744,46.79099],[7.17747,46.79081],[7.17751,46.79062],[7.17754,46.7905],[7.17768,46.79012],[7.17802,46.78944],[7.17815,46.78929],[7.17851,46.78907],[7.17898,46.78895],[7.17928,46.78894],[7.17955,46.78895],[7.18,46.78899],[7.18087,46.78911],[7.18124,46.7892],[7.18177,46.78936],[7.18197,46.78938],[7.18229,46.78941],[7.18234,46.78941],[7.18271,46.78943],[7.18293,46.78943],[7.18358,46.78939],[7.18375,46.78937],[7.18441,46.78927],[7.18498,46.78917],[7.1856,46.78915],[7.18624,46.78925],[7.18651,46.78925],[7.18697,46.78921],[7.18754,46.7892],[7.18785,46.78922],[7.18826,46.78929],[7.18866,46.78942],[7.18905,46.78969],[7.18939,46.79015],[7.18973,46.79039],[7.19017,46.79053],[7.19073,46.79057],[7.19328,46.79085],[7.19378,46.7908],[7.19438,46.79049],[7.1946,46.79018],[7.19463,46.78983],[7.19446,46.7895],[7.19415,46.78923],[7.19392,46.78889],[7.19365,46.78806],[7.19373,46.7877],[7.19395,46.78737],[7.19399,46.78703],[7.19371,46.78656],[7.19311,46.78615],[7.19276,46.7857],[7.19234,46.78544],[7.19207,46.78516],[7.19197,46.78483],[7.192,46.78458],[7.19209,46.78435],[7.1924,46.78403],[7.19262,46.78391],[7.19293,46.78381],[7.19375,46.78361],[7.1943,46.7835],[7.19489,46.78316],[7.19516,46.78282],[7.19598,46.78243],[7.19713,46.78233],[7.19737,46.78225],[7.1976,46.78213],[7.19816,46.78179],[7.19873,46.78138],[7.19898,46.78111],[7.19913,46.78033],[7.19939,46.77993],[7.19989,46.77947],[7.20039,46.77931],[7.20097,46.77928],[7.20189,46.77899],[7.20322,46.77865],[7.20347,46.77857],[7.20387,46.7783],[7.20405,46.77804],[7.20464,46.77745],[7.20569,46.77687],[7.20609,46.77637],[7.20643,46.77614],[7.20711,46.77598],[7.20786,46.77601],[7.20854,46.77589],[7.20938,46.77549],[7.21013,46.77541],[7.21097,46.77546],[7.21147,46.77531],[7.21191,46.77502],[7.21238,46.77484],[7.21295,46.77477],[7.21376,46.77442],[7.21426,46.7743],[7.2152,46.77444],[7.21632,46.77452],[7.21727,46.77427],[7.21803,46.77386],[7.21876,46.7732],[7.21938,46.77287],[7.21982,46.77243],[7.22041,46.77205],[7.22092,46.77164],[7.2218,46.77129],[7.22233,46.77123],[7.22285,46.77132],[7.22332,46.77158],[7.22372,46.77191],[7.2239,46.77208],[7.22405,46.7724],[7.22404,46.77323],[7.22424,46.77358],[7.22483,46.7741],[7.22526,46.77428],[7.22747,46.77483],[7.22813,46.77503],[7.22868,46.77504],[7.22949,46.77486],[7.23036,46.77482],[7.23087,46.77487],[7.23161,46.77519],[7.23241,46.77526],[7.23291,46.77512],[7.23328,46.77485],[7.23389,46.77424],[7.23458,46.77399],[7.2351,46.774],[7.23602,46.77419],[7.2364,46.77437],[7.23659,46.77453],[7.23681,46.77476],[7.23696,46.77488],[7.23716,46.775],[7.23764,46.77514],[7.23791,46.77516],[7.2382,46.77516],[7.23826,46.77516],[7.23854,46.77519],[7.239,46.77522],[7.23974,46.77529],[7.23984,46.7753],[7.24066,46.77533],[7.24088,46.77532],[7.2413,46.77529],[7.24151,46.77526],[7.24212,46.7751],[7.24269,46.77504],[7.24312,46.77489],[7.24335,46.77477],[7.24352,46.77468],[7.24366,46.77458],[7.24372,46.77454],[7.24398,46.77435],[7.24413,46.77421],[7.24421,46.77412],[7.24431,46.77399],[7.24447,46.77381],[7.245,46.77346],[7.24552,46.773],[7.24599,46.77284],[7.24624,46.77281],[7.24659,46.77281],[7.24721,46.77287],[7.24775,46.77295],[7.24844,46.77303],[7.24886,46.77317],[7.24939,46.77351],[7.25024,46.77365],[7.25122,46.77363],[7.25199,46.77388],[7.25246,46.77397],[7.25311,46.77396],[7.25359,46.77385],[7.25398,46.77362],[7.25458,46.77317],[7.25552,46.77298],[7.25596,46.77282],[7.25678,46.77226],[7.26157,46.77021],[7.26257,46.76973],[7.26308,46.76962],[7.26374,46.76959],[7.26421,46.76946],[7.26499,46.76944],[7.26555,46.76963],[7.26604,46.76969],[7.26653,46.76963],[7.26733,46.76924],[7.26782,46.76914],[7.26866,46.76916],[7.2695,46.76887],[7.2705,46.76868],[7.27101,46.76869],[7.27146,46.76882],[7.27178,46.76902],[7.27199,46.76924],[7.27214,46.76947],[7.27218,46.76959],[7.27218,46.7696],[7.27232,46.76997],[7.2724,46.77013],[7.27247,46.77035],[7.27254,46.77064],[7.27277,46.77124],[7.27308,46.77166],[7.27318,46.77199],[7.27353,46.77256],[7.27372,46.77311],[7.27371,46.77382],[7.27399,46.77429],[7.27399,46.7748],[7.27372,46.77518],[7.2731,46.77563],[7.27239,46.7766],[7.27235,46.77707],[7.27211,46.77788],[7.27221,46.77823],[7.2725,46.77863],[7.27266,46.77914],[7.27309,46.77964],[7.27319,46.78015],[7.27302,46.78047],[7.27238,46.78108],[7.27183,46.78137],[7.27111,46.78204],[7.27062,46.78229],[7.27026,46.78261],[7.26985,46.78285],[7.26937,46.78298],[7.26873,46.78301],[7.26823,46.78314],[7.26759,46.78359],[7.26714,46.78376],[7.26619,46.78381],[7.26574,46.78395],[7.26539,46.7842],[7.26493,46.78491],[7.26486,46.78524],[7.2649,46.78584],[7.26468,46.78655],[7.26482,46.7871],[7.26472,46.78743],[7.26417,46.78797],[7.26373,46.78831],[7.26356,46.78865],[7.2635,46.78901],[7.263,46.78982],[7.26261,46.79022],[7.2621,46.79056],[7.26139,46.79078],[7.26072,46.79119],[7.25999,46.79154],[7.25954,46.79163],[7.25889,46.79165],[7.25798,46.79184],[7.25732,46.79208],[7.25626,46.79215],[7.25537,46.79201],[7.25488,46.79205],[7.25425,46.79199],[7.25356,46.79203],[7.25229,46.79188],[7.2513,46.79148],[7.25057,46.79147],[7.24976,46.79167],[7.24923,46.79165],[7.24853,46.79148],[7.24762,46.79154],[7.24708,46.79145],[7.24642,46.79107],[7.24563,46.79085],[7.24507,46.7906],[7.24425,46.79047],[7.2436,46.79017],[7.24311,46.79003],[7.24187,46.79005],[7.24122,46.79011],[7.24031,46.78996],[7.23983,46.78998],[7.23916,46.79016],[7.23763,46.79033],[7.23724,46.79029],[7.2365,46.79015],[7.23609,46.79009],[7.23556,46.78997],[7.23511,46.78983],[7.23431,46.78965],[7.23385,46.78965],[7.23335,46.78972],[7.23242,46.78958],[7.23144,46.78967],[7.23054,46.78968],[7.22985,46.78986],[7.22893,46.78998],[7.22845,46.79019],[7.22772,46.79029],[7.22713,46.79056],[7.22689,46.79085],[7.22673,46.79122],[7.22642,46.79151],[7.22562,46.79182],[7.22526,46.7921],[7.2251,46.79246],[7.22513,46.79281],[7.22496,46.79334],[7.22465,46.79362],[7.22385,46.79385],[7.22346,46.79403],[7.22306,46.79444],[7.22269,46.7947],[7.22224,46.79485],[7.22171,46.79516],[7.22114,46.7954],[7.22048,46.79589],[7.2202,46.79638],[7.22028,46.79685],[7.22021,46.79717],[7.21983,46.79775],[7.21919,46.79825],[7.21893,46.79858],[7.21888,46.79895],[7.21904,46.79942],[7.21896,46.79976],[7.21829,46.80072],[7.21816,46.80133],[7.21791,46.80165],[7.21725,46.80219],[7.21688,46.80265],[7.21624,46.80306],[7.21585,46.80354],[7.21546,46.80378],[7.21425,46.80418],[7.21371,46.8042],[7.21318,46.80411],[7.21247,46.80419],[7.21209,46.80439],[7.2117,46.80471],[7.21096,46.80503],[7.21045,46.80545],[7.21,46.80562],[7.20949,46.80565],[7.20859,46.80559],[7.20793,46.80576],[7.2075,46.80599],[7.20697,46.80614],[7.20654,46.80637],[7.20623,46.80665],[7.20573,46.80686],[7.20474,46.80703],[7.20304,46.80741],[7.20256,46.8074],[7.20211,46.80727],[7.20156,46.80699],[7.20105,46.8069],[7.20038,46.80695],[7.19985,46.80689],[7.19941,46.80673],[7.19863,46.80649],[7.19817,46.80645],[7.1978,46.80649],[7.19733,46.80647],[7.19659,46.80624],[7.19605,46.80617],[7.19505,46.8062],[7.19458,46.80603],[7.1942,46.80579],[7.19316,46.80548],[7.19268,46.80527],[7.19209,46.80506],[7.19096,46.80473],[7.19016,46.80446],[7.18919,46.80436],[7.18877,46.80417],[7.18823,46.80381],[7.18782,46.80324],[7.18752,46.80296],[7.18703,46.80265],[7.18668,46.80245],[7.18624,46.80229],[7.18444,46.80206],[7.18402,46.80189],[7.18373,46.80162],[7.18359,46.8013],[7.18384,46.79974],[7.18366,46.79933],[7.1834,46.79903],[7.18299,46.79882],[7.18148,46.79845],[7.18098,46.7981],[7.18083,46.79778],[7.18081,46.79728],[7.18043,46.79683],[7.17716,46.7947],[7.17642,46.79424],[7.17625,46.79392],[7.17627,46.79359],[7.1765,46.79324]]]},"properties":{"bfs_nr":2304,"name":"St. Ursen"}},{"type":"Feature","geometry":{"type":"Polygon","coordinates":[[[7.21938,46.86814],[7.22038,46.86562],[7.22062,46.86528],[7.22108,46.86485],[7.22117,46.86453],[7.22117,46.8639],[7.22106,46.86296],[7.22088,46.86249],[7.22092,46.86211],[7.22119,46.86168],[7.22131,46.86126],[7.22156,46.86096],[7.22218,46.86066],[7.22264,46.86034],[7.22347,46.85948],[7.22394,46.85927],[7.2249,46.85905],[7.22596,46.85857],[7.22614,46.85844],[7.22628,46.85828],[7.22637,46.85812],[7.22642,46.85778],[7.22632,46.85743],[7.2262,46.85726],[7.22559,46.85664],[7.2252,46.85598],[7.22518,46.85563],[7.22536,46.8553],[7.22551,46.85516],[7.22594,46.8549],[7.22609,46.85476],[7.22621,46.8546],[7.22663,46.85354],[7.22693,46.85325],[7.22712,46.85289],[7.22708,46.85252],[7.22684,46.85217],[7.22665,46.85164],[7.22605,46.851],[7.22562,46.8508],[7.22476,46.85056],[7.22421,46.85008],[7.22385,46.84984],[7.22363,46.84954],[7.22359,46.8492],[7.22375,46.84883],[7.22406,46.84857],[7.22458,46.84835],[7.22493,46.84809],[7.22511,46.84775],[7.22538,46.84639],[7.22566,46.84591],[7.22603,46.84567],[7.2263,46.84536],[7.22656,46.8449],[7.22659,46.84454],[7.22643,46.84421],[7.22609,46.84395],[7.22587,46.84385],[7.22576,46.84382],[7.2255,46.84371],[7.22434,46.84315],[7.22402,46.84303],[7.22384,46.84299],[7.22373,46.84297],[7.22257,46.84273],[7.22195,46.84237],[7.22172,46.84207],[7.22168,46.8419],[7.22168,46.84172],[7.22173,46.84155],[7.22183,46.8414],[7.22197,46.84125],[7.22214,46.84113],[7.22298,46.84078],[7.22341,46.84031],[7.22349,46.83959],[7.22361,46.83939],[7.22372,46.83925],[7.22383,46.83909],[7.22388,46.83892],[7.22383,46.83857],[7.22374,46.8384],[7.22372,46.83839],[7.22353,46.83814],[7.22323,46.83767],[7.2231,46.8374],[7.22299,46.83704],[7.22283,46.83668],[7.22279,46.83656],[7.22276,46.83635],[7.22279,46.83617],[7.22299,46.83585],[7.22336,46.8356],[7.22431,46.83529],[7.22466,46.83502],[7.22483,46.83468],[7.22482,46.83437],[7.22507,46.83386],[7.22546,46.83362],[7.22611,46.83346],[7.22653,46.83325],[7.22693,46.8328],[7.2273,46.83257],[7.22774,46.83244],[7.2283,46.8321],[7.22961,46.83065],[7.22977,46.83037],[7.22982,46.83005],[7.22989,46.82986],[7.23002,46.82969],[7.2302,46.82955],[7.23067,46.82934],[7.23115,46.82928],[7.23162,46.82934],[7.23203,46.82952],[7.23232,46.82979],[7.23242,46.82998],[7.23252,46.83025],[7.2326,46.8305],[7.23261,46.83053],[7.23269,46.83075],[7.23279,46.83094],[7.2329,46.83108],[7.23302,46.83122],[7.23318,46.83134],[7.23337,46.83144],[7.23358,46.83151],[7.23372,46.83155],[7.23393,46.83159],[7.23416,46.83161],[7.23458,46.83158],[7.23505,46.83159],[7.23536,46.83158],[7.23555,46.83157],[7.23604,46.83159],[7.23631,46.83161],[7.23658,46.83161],[7.23731,46.8314],[7.23791,46.83096],[7.23845,46.83073],[7.23875,46.83048],[7.2389,46.83016],[7.23892,46.82967],[7.23925,46.82919],[7.23976,46.82888],[7.23998,46.82858],[7.24007,46.82817],[7.24025,46.82786],[7.24059,46.82762],[7.24106,46.82747],[7.24155,46.82745],[7.2424,46.8276],[7.24291,46.82754],[7.24348,46.82726],[7.24378,46.82697],[7.24458,46.82672],[7.24556,46.82671],[7.24607,46.82679],[7.24645,46.82687],[7.24661,46.82692],[7.24702,46.82704],[7.24728,46.8271],[7.24832,46.82721],[7.24876,46.8274],[7.24896,46.82745],[7.24933,46.82753],[7.24937,46.82754],[7.2497,46.82761],[7.25017,46.82775],[7.25061,46.82782],[7.2509,46.82782],[7.25146,46.82784],[7.25209,46.82796],[7.25259,46.82813],[7.25294,46.82832],[7.25319,46.82849],[7.2534,46.8286],[7.2536,46.82869],[7.25384,46.82877],[7.25439,46.82887],[7.25485,46.82907],[7.25537,46.82968],[7.25545,46.82975],[7.25559,46.82987],[7.25598,46.83017],[7.25615,46.83034],[7.2564,46.83062],[7.2568,46.83099],[7.25721,46.83128],[7.2577,46.83147],[7.25836,46.83175],[7.25838,46.83176],[7.25871,46.8319],[7.25888,46.83198],[7.25918,46.83215],[7.25939,46.83224],[7.25962,46.8323],[7.25993,46.83237],[7.25999,46.83238],[7.26043,46.83245],[7.26088,46.83257],[7.26127,46.83278],[7.26174,46.83328],[7.262,46.83348],[7.26225,46.83372],[7.26247,46.83402],[7.26256,46.83424],[7.26257,46.83433],[7.26261,46.83448],[7.26268,46.83463],[7.26299,46.83501],[7.26307,46.83539],[7.26303,46.83558],[7.26264,46.83629],[7.26265,46.83663],[7.26292,46.83709],[7.26307,46.8375],[7.26344,46.83825],[7.26347,46.83845],[7.26332,46.83894],[7.26332,46.83923],[7.26338,46.83953],[7.26347,46.83997],[7.26356,46.84026],[7.2636,46.84035],[7.26364,46.84043],[7.26411,46.8412],[7.26422,46.84135],[7.26459,46.84173],[7.26495,46.84218],[7.26498,46.84221],[7.26525,46.84253],[7.26527,46.84255],[7.26541,46.84271],[7.26548,46.84281],[7.26555,46.84292],[7.26558,46.84296],[7.26569,46.84309],[7.26576,46.84317],[7.26583,46.84324],[7.2659,46.8433],[7.26626,46.84361],[7.26656,46.84386],[7.2668,46.84417],[7.26693,46.84453],[7.26725,46.84484],[7.26785,46.84514],[7.26863,46.84558],[7.26917,46.84586],[7.26948,46.84618],[7.26988,46.84642],[7.27012,46.84649],[7.2707,46.84662],[7.27082,46.84664],[7.2709,46.84665],[7.27128,46.84671],[7.27162,46.84676],[7.27214,46.84691],[7.27249,46.84715],[7.27271,46.84764],[7.27262,46.84797],[7.2725,46.84813],[7.27204,46.84853],[7.27156,46.84948],[7.27157,46.84983],[7.27165,46.85001],[7.27178,46.85016],[7.27195,46.8503],[7.27216,46.85041],[7.27239,46.85049],[7.27263,46.85055],[7.2729,46.85059],[7.27317,46.8506],[7.27345,46.85057],[7.27475,46.85036],[7.27526,46.85042],[7.27577,46.85059],[7.27635,46.85068],[7.27678,46.85089],[7.27705,46.8512],[7.27713,46.85156],[7.27701,46.85202],[7.27701,46.8522],[7.27708,46.85237],[7.27719,46.85254],[7.27735,46.85269],[7.27765,46.85291],[7.27776,46.85301],[7.27787,46.85309],[7.27798,46.85317],[7.27813,46.85326],[7.27846,46.85338],[7.27882,46.8535],[7.27919,46.85375],[7.27939,46.85408],[7.27932,46.8546],[7.27893,46.85526],[7.27889,46.85577],[7.27872,46.85609],[7.27819,46.85642],[7.27713,46.85665],[7.27651,46.857],[7.27625,46.85731],[7.27583,46.85755],[7.27542,46.85768],[7.27484,46.85807],[7.27437,46.85823],[7.27379,46.85834],[7.27338,46.85844],[7.27316,46.85851],[7.27222,46.85909],[7.27196,46.85941],[7.27192,46.85978],[7.27207,46.86059],[7.27193,46.86098],[7.27162,46.86126],[7.27118,46.86144],[7.27075,46.8615],[7.27016,46.86167],[7.26966,46.86171],[7.26917,46.86162],[7.2689,46.86151],[7.26853,46.86132],[7.26848,46.86129],[7.26827,46.86119],[7.26802,46.8611],[7.26792,46.86107],[7.26782,46.86104],[7.26775,46.86103],[7.26764,46.86101],[7.26755,46.86099],[7.26748,46.86098],[7.26737,46.86097],[7.26729,46.86096],[7.26705,46.86094],[7.26676,46.86094],[7.26619,46.86106],[7.26561,46.86111],[7.26531,46.86114],[7.26495,46.86122],[7.26479,46.86127],[7.26468,46.8613],[7.2645,46.86137],[7.26445,46.86139],[7.26427,46.86149],[7.26361,46.86193],[7.26341,46.86211],[7.26326,46.86227],[7.26295,46.86258],[7.26294,46.86259],[7.26278,46.86273],[7.26258,46.86286],[7.2618,46.86318],[7.26148,46.86334],[7.26096,46.86351],[7.26045,46.86353],[7.25997,46.86341],[7.25877,46.86269],[7.25826,46.86257],[7.25772,46.8626],[7.25743,46.86269],[7.25719,46.8628],[7.25699,46.86295],[7.25685,46.86313],[7.25679,46.86323],[7.25601,46.86464],[7.25562,46.8649],[7.25512,46.86503],[7.25399,46.86502],[7.2534,46.86505],[7.2526,46.86519],[7.25209,46.86545],[7.25159,46.86558],[7.25032,46.86559],[7.24964,46.86541],[7.24912,46.86508],[7.24857,46.86458],[7.24787,46.86423],[7.24738,46.86417],[7.24644,46.86419],[7.24567,46.86385],[7.24494,46.8637],[7.2428,46.86372],[7.242,46.86375],[7.2415,46.86372],[7.24094,46.86364],[7.24067,46.86364],[7.24015,46.86376],[7.23977,46.86394],[7.23771,46.86439],[7.23735,46.86463],[7.23645,46.86554],[7.23576,46.86602],[7.23504,46.86638],[7.23433,46.86648],[7.23384,46.86639],[7.23289,46.86593],[7.23221,46.86575],[7.2315,46.86584],[7.23111,46.86604],[7.23076,46.86635],[7.23006,46.86658],[7.22948,46.86655],[7.22876,46.86642],[7.22868,46.8664],[7.22862,46.86639],[7.2284,46.86638],[7.22821,46.86638],[7.228,46.86639],[7.22795,46.8664],[7.22772,46.86642],[7.22747,46.86646],[7.22723,46.86653],[7.22702,46.86663],[7.22685,46.86676],[7.22671,46.86692],[7.22658,46.86726],[7.2267,46.86866],[7.2267,46.86881],[7.22662,46.86915],[7.22641,46.86953],[7.22605,46.86982],[7.22556,46.86997],[7.22431,46.87004],[7.22328,46.87013],[7.2226,46.87022],[7.22177,46.87021],[7.22081,46.86992],[7.22017,46.86931],[7.21947,46.86883],[7.21933,46.86851],[7.21938,46.86814]]]},"properties":{"bfs_nr":2305,"name":"Schmitten (FR)"}},{"type":"Feature","geometry":{"type":"Polygon","coordinates":[[[7.18083,46.80666],[7.18089,46.80631],[7.18113,46.806],[7.18169,46.80559],[7.18232,46.80492],[7.18241,46.80473],[7.18243,46.80454],[7.18239,46.80434],[7.18218,46.80373],[7.18231,46.80325],[7.18259,46.80298],[7.18319,46.80271],[7.18395,46.80229],[7.18478,46.80213],[7.18628,46.80231],[7.18666,46.80246],[7.18705,46.80266],[7.18755,46.803],[7.18782,46.80328],[7.18811,46.80378],[7.18866,46.80416],[7.18909,46.80436],[7.18933,46.80441],[7.19015,46.80446],[7.19121,46.80482],[7.19214,46.80508],[7.19323,46.80551],[7.19407,46.80576],[7.19453,46.80608],[7.19496,46.80625],[7.19545,46.8063],[7.19599,46.80623],[7.19653,46.80626],[7.19712,46.80643],[7.19738,46.80649],[7.19766,46.80651],[7.1982,46.80646],[7.19866,46.8065],[7.1992,46.80667],[7.19948,46.80678],[7.19968,46.80691],[7.19999,46.80717],[7.2004,46.80735],[7.20156,46.80744],[7.20218,46.80759],[7.20272,46.80759],[7.20357,46.8073],[7.20469,46.80704],[7.20523,46.80698],[7.2063,46.80675],[7.20709,46.80628],[7.20772,46.80604],[7.20818,46.80575],[7.20863,46.80562],[7.20957,46.80569],[7.21007,46.80565],[7.21051,46.80548],[7.21122,46.80495],[7.21195,46.80472],[7.21242,46.80441],[7.21289,46.80424],[7.21393,46.80425],[7.21443,46.80419],[7.21551,46.80379],[7.21585,46.80356],[7.21618,46.80317],[7.21686,46.80277],[7.21733,46.80216],[7.21795,46.80161],[7.21816,46.80134],[7.21833,46.80072],[7.21901,46.79973],[7.21908,46.79936],[7.21898,46.79892],[7.2191,46.79856],[7.2198,46.79781],[7.22025,46.79722],[7.22039,46.79688],[7.22041,46.79652],[7.22059,46.7962],[7.2213,46.79557],[7.22211,46.79514],[7.22317,46.79479],[7.22354,46.79453],[7.22383,46.79417],[7.22449,46.79379],[7.22491,46.79345],[7.22504,46.79327],[7.22524,46.79263],[7.22548,46.79234],[7.22646,46.79189],[7.22674,46.79162],[7.2269,46.79123],[7.22716,46.79093],[7.22757,46.79071],[7.22818,46.79055],[7.22869,46.79023],[7.22914,46.79002],[7.22982,46.78994],[7.23032,46.78977],[7.23085,46.7897],[7.23137,46.78973],[7.23194,46.78966],[7.23271,46.7898],[7.23328,46.78981],[7.23394,46.78967],[7.2344,46.78968],[7.23564,46.79],[7.236,46.79008],[7.23653,46.79015],[7.23713,46.79028],[7.23726,46.7903],[7.23762,46.79033],[7.23892,46.79021],[7.2395,46.7901],[7.24006,46.79013],[7.24058,46.79025],[7.24151,46.79019],[7.24277,46.79035],[7.24412,46.79079],[7.24462,46.79089],[7.24524,46.79092],[7.24579,46.79106],[7.24624,46.79129],[7.24766,46.79171],[7.24814,46.79176],[7.24876,46.79172],[7.2495,46.79179],[7.2503,46.79171],[7.25079,46.79179],[7.25162,46.79207],[7.25255,46.7922],[7.25382,46.7922],[7.25442,46.79235],[7.25522,46.79241],[7.25602,46.7924],[7.25711,46.79219],[7.25791,46.79199],[7.25871,46.79197],[7.25924,46.79182],[7.26019,46.79168],[7.26103,46.79138],[7.26156,46.79097],[7.26236,46.79056],[7.26284,46.79002],[7.26318,46.78975],[7.26363,46.78901],[7.26374,46.78856],[7.26392,46.78826],[7.26468,46.78765],[7.2649,46.78735],[7.26496,46.78702],[7.26481,46.78659],[7.26484,46.78623],[7.26511,46.7857],[7.26508,46.78514],[7.26515,46.78479],[7.26538,46.78445],[7.26581,46.78417],[7.26631,46.78405],[7.26738,46.78407],[7.26788,46.7839],[7.26849,46.78346],[7.26895,46.78333],[7.26959,46.78325],[7.27004,46.78307],[7.27089,46.78237],[7.27131,46.78213],[7.27172,46.78167],[7.27216,46.78135],[7.27304,46.78089],[7.27347,46.78046],[7.27353,46.78011],[7.27339,46.77977],[7.273,46.77941],[7.27272,46.77904],[7.27263,46.7786],[7.27241,46.77824],[7.27234,46.77789],[7.27267,46.77713],[7.27278,46.77663],[7.27332,46.77575],[7.27376,46.77545],[7.27402,46.77515],[7.27423,46.77445],[7.27388,46.77382],[7.27383,46.77311],[7.27344,46.77213],[7.27283,46.77124],[7.27252,46.77057],[7.27246,46.77029],[7.27242,46.77011],[7.27224,46.76968],[7.27222,46.76964],[7.27213,46.76946],[7.27208,46.76895],[7.27226,46.76862],[7.27263,46.76836],[7.27317,46.7682],[7.27453,46.76804],[7.275,46.76808],[7.27546,46.76806],[7.27632,46.76793],[7.27677,46.76777],[7.27709,46.7675],[7.27729,46.76723],[7.27784,46.76685],[7.27796,46.76673],[7.27803,46.76664],[7.27809,46.76655],[7.27814,46.76648],[7.27821,46.76632],[7.27827,46.76614],[7.27829,46.76566],[7.27841,46.7653],[7.27874,46.76501],[7.27925,46.76479],[7.27959,46.76469],[7.27988,46.76466],[7.28022,46.76468],[7.28093,46.76486],[7.28109,46.76489],[7.28135,46.76491],[7.28199,46.76494],[7.28259,46.76509],[7.28395,46.76508],[7.28464,46.76497],[7.28518,46.765],[7.28589,46.76517],[7.28718,46.76535],[7.28745,46.76535],[7.28771,46.76531],[7.28795,46.76523],[7.28816,46.76513],[7.28834,46.76499],[7.28891,46.76449],[7.2891,46.76438],[7.28931,46.76429],[7.28978,46.76422],[7.29079,46.7644],[7.29134,46.7644],[7.29199,46.76421],[7.29249,46.76416],[7.29299,46.76424],[7.29369,46.7646],[7.29412,46.76493],[7.29486,46.76524],[7.29516,46.76552],[7.29528,46.76585],[7.29508,46.76639],[7.29409,46.76756],[7.29332,46.7682],[7.29314,46.76855],[7.29296,46.76948],[7.29299,46.77077],[7.29283,46.77109],[7.2925,46.77135],[7.2916,46.77157],[7.29119,46.77174],[7.29089,46.77201],[7.29076,46.7725],[7.29116,46.77317],[7.2915,46.77346],[7.29281,46.77418],[7.29506,46.77525],[7.29549,46.77555],[7.29589,46.77598],[7.29631,46.77696],[7.29686,46.77737],[7.29756,46.77756],[7.2987,46.77816],[7.29986,46.77857],[7.30044,46.77887],[7.30068,46.77919],[7.30072,46.77959],[7.30058,46.78033],[7.30063,46.78072],[7.30101,46.7812],[7.30131,46.78145],[7.30405,46.78297],[7.30453,46.78346],[7.30456,46.78383],[7.30416,46.78436],[7.30257,46.78547],[7.30229,46.78575],[7.30211,46.78631],[7.30217,46.78661],[7.30247,46.78724],[7.30325,46.78832],[7.3034,46.78886],[7.30323,46.78922],[7.30212,46.79065],[7.30198,46.79095],[7.30166,46.79249],[7.30168,46.79281],[7.30187,46.79311],[7.30315,46.79438],[7.30464,46.79539],[7.30495,46.79566],[7.30625,46.79716],[7.30734,46.79858],[7.30752,46.79897],[7.30792,46.80133],[7.30811,46.80171],[7.30909,46.80284],[7.30916,46.80325],[7.30903,46.80465],[7.30911,46.80502],[7.30981,46.80636],[7.31026,46.80784],[7.31047,46.80817],[7.31166,46.80935],[7.31199,46.80957],[7.31332,46.8102],[7.31383,46.81062],[7.31465,46.81182],[7.31491,46.81207],[7.31732,46.81372],[7.31764,46.81388],[7.3196,46.81459],[7.32015,46.81493],[7.32036,46.81547],[7.32024,46.81584],[7.31943,46.81661],[7.31917,46.81714],[7.31927,46.8175],[7.31985,46.81847],[7.32063,46.82002],[7.32072,46.82032],[7.32092,46.82168],[7.3209,46.82202],[7.32051,46.82328],[7.32009,46.82441],[7.31966,46.82491],[7.31921,46.82508],[7.31856,46.82521],[7.31788,46.82543],[7.31763,46.82546],[7.31733,46.82547],[7.31698,46.82542],[7.31675,46.82536],[7.31653,46.82528],[7.31585,46.82497],[7.3158,46.82495],[7.31504,46.82458],[7.31495,46.82454],[7.31472,46.82441],[7.31463,46.82437],[7.31442,46.82428],[7.31429,46.82423],[7.31395,46.82411],[7.31354,46.82401],[7.31247,46.82387],[7.31204,46.82367],[7.31171,46.82336],[7.31155,46.82324],[7.31129,46.82312],[7.3111,46.823],[7.31087,46.82288],[7.31064,46.82275],[7.31045,46.82259],[7.31037,46.82251],[7.3103,46.82244],[7.31027,46.82242],[7.31007,46.82228],[7.30984,46.82218],[7.30958,46.82212],[7.30946,46.8221],[7.30942,46.82209],[7.30842,46.82194],[7.30769,46.82183],[7.30683,46.82172],[7.30636,46.82154],[7.30605,46.82124],[7.30593,46.82088],[7.30591,46.82031],[7.30565,46.82],[7.30522,46.81977],[7.30452,46.81958],[7.30366,46.81961],[7.30312,46.81956],[7.30257,46.81936],[7.30239,46.81932],[7.30201,46.81923],[7.30174,46.81914],[7.30155,46.81904],[7.301,46.81861],[7.30052,46.81846],[7.29999,46.81846],[7.29943,46.8186],[7.2989,46.81863],[7.29827,46.81856],[7.29757,46.81853],[7.29705,46.81833],[7.29659,46.81825],[7.29622,46.81825],[7.29593,46.81829],[7.29567,46.81837],[7.29543,46.81849],[7.29374,46.81952],[7.29346,46.81983],[7.29342,46.82038],[7.29367,46.82073],[7.29406,46.82095],[7.29454,46.82117],[7.29482,46.82144],[7.29495,46.82175],[7.29486,46.82276],[7.29448,46.82339],[7.29441,46.82362],[7.29449,46.8241],[7.29449,46.82463],[7.29468,46.82516],[7.29457,46.82552],[7.29426,46.82583],[7.29358,46.82612],[7.29331,46.82627],[7.29295,46.82651],[7.29268,46.82673],[7.29222,46.82705],[7.292,46.82724],[7.29154,46.82773],[7.29062,46.82825],[7.2894,46.82863],[7.28902,46.82887],[7.28851,46.82948],[7.28798,46.82981],[7.28708,46.83007],[7.28647,46.83049],[7.28558,46.83078],[7.28508,46.83112],[7.28438,46.83197],[7.2842,46.83215],[7.28402,46.83237],[7.28386,46.8325],[7.28322,46.83291],[7.28288,46.83346],[7.28282,46.83375],[7.28284,46.83395],[7.28298,46.8342],[7.28316,46.83441],[7.28332,46.83456],[7.28351,46.83468],[7.28413,46.83493],[7.28443,46.8352],[7.28461,46.83567],[7.28456,46.83598],[7.2843,46.83651],[7.28403,46.83679],[7.28325,46.83714],[7.28293,46.83734],[7.28246,46.83773],[7.28143,46.83821],[7.28111,46.83851],[7.28086,46.83905],[7.28024,46.83979],[7.27978,46.84017],[7.27939,46.84035],[7.27756,46.84066],[7.27712,46.84082],[7.2768,46.84109],[7.27636,46.84184],[7.27631,46.84203],[7.27635,46.84245],[7.27623,46.84287],[7.27592,46.8434],[7.27586,46.84379],[7.27601,46.84426],[7.27595,46.84476],[7.27618,46.84539],[7.27662,46.84588],[7.27676,46.84637],[7.27719,46.84691],[7.27779,46.84747],[7.27816,46.84768],[7.27876,46.84781],[7.27937,46.84778],[7.27986,46.84785],[7.28028,46.84804],[7.28118,46.84858],[7.28151,46.84871],[7.28213,46.84888],[7.28363,46.84922],[7.28456,46.84975],[7.28487,46.85004],[7.28536,46.85081],[7.28603,46.85125],[7.28633,46.85157],[7.28699,46.85217],[7.28729,46.85254],[7.28741,46.85268],[7.28748,46.8528],[7.28755,46.85307],[7.2876,46.85336],[7.28804,46.85396],[7.28815,46.8543],[7.28807,46.85465],[7.28781,46.85494],[7.2874,46.85515],[7.28588,46.8554],[7.28496,46.85538],[7.28416,46.85521],[7.28371,46.855],[7.28344,46.85468],[7.28328,46.85429],[7.28295,46.85399],[7.2819,46.85358],[7.28143,46.85353],[7.28021,46.85358],[7.27947,46.85355],[7.27851,46.8534],[7.27809,46.85323],[7.27789,46.85311],[7.27774,46.85299],[7.27752,46.8528],[7.27729,46.85262],[7.27716,46.85248],[7.27702,46.85216],[7.27702,46.852],[7.27715,46.85152],[7.27715,46.85134],[7.27698,46.85101],[7.27665,46.85074],[7.27619,46.85059],[7.27555,46.8505],[7.2752,46.85039],[7.27475,46.85035],[7.27413,46.85043],[7.27351,46.85056],[7.27317,46.8506],[7.2729,46.85059],[7.27257,46.85053],[7.27246,46.8505],[7.27216,46.85041],[7.27195,46.8503],[7.27165,46.85],[7.27157,46.84983],[7.27157,46.84948],[7.27205,46.84853],[7.27251,46.84813],[7.27262,46.84798],[7.27269,46.84781],[7.27271,46.84764],[7.27269,46.84747],[7.27249,46.84715],[7.27214,46.8469],[7.27168,46.84677],[7.27106,46.84667],[7.27083,46.84664],[7.27021,46.84651],[7.26994,46.84643],[7.26958,46.84623],[7.2693,46.84593],[7.26895,46.84571],[7.26888,46.84568],[7.26855,46.84553],[7.26784,46.84513],[7.26734,46.84487],[7.26707,46.8446],[7.26689,46.8442],[7.26674,46.84402],[7.26654,46.84384],[7.26625,46.84361],[7.26591,46.84332],[7.26582,46.84323],[7.26578,46.84319],[7.26567,46.84307],[7.26559,46.84297],[7.26555,46.84291],[7.26547,46.84279],[7.26542,46.84273],[7.26526,46.84254],[7.26525,46.84252],[7.26498,46.84222],[7.26495,46.84217],[7.2646,46.84175],[7.26426,46.84139],[7.26408,46.84116],[7.26365,46.84045],[7.26359,46.84033],[7.26357,46.84028],[7.26347,46.83996],[7.26338,46.83953],[7.26338,46.83952],[7.26333,46.83929],[7.26332,46.83905],[7.26348,46.83859],[7.26347,46.83826],[7.26309,46.83752],[7.26292,46.83706],[7.26266,46.8366],[7.26266,46.83625],[7.26304,46.8356],[7.26309,46.83544],[7.26304,46.8351],[7.26296,46.83494],[7.2627,46.83465],[7.26263,46.8345],[7.26257,46.83428],[7.2625,46.83407],[7.26244,46.83397],[7.26236,46.83385],[7.26221,46.83368],[7.26204,46.83352],[7.26127,46.83277],[7.2611,46.83266],[7.26091,46.83258],[7.26082,46.83254],[7.26051,46.83246],[7.25968,46.83232],[7.25939,46.83224],[7.25874,46.83191],[7.25837,46.83175],[7.25835,46.83175],[7.25769,46.83147],[7.25721,46.83127],[7.25678,46.83097],[7.25613,46.83031],[7.25601,46.8302],[7.25584,46.83005],[7.25545,46.82975],[7.25531,46.82957],[7.25513,46.82932],[7.25482,46.82904],[7.25438,46.82886],[7.25385,46.82877],[7.25354,46.82866],[7.25345,46.82862],[7.25314,46.82845],[7.2529,46.82829],[7.25274,46.8282],[7.25251,46.82809],[7.25218,46.82798],[7.25189,46.82791],[7.25165,46.82786],[7.25154,46.82785],[7.25137,46.82782],[7.25058,46.82781],[7.24979,46.82762],[7.24938,46.82754],[7.24932,46.82753],[7.24902,46.82747],[7.24873,46.82738],[7.24827,46.82718],[7.24744,46.82711],[7.24696,46.82702],[7.24659,46.82691],[7.24648,46.82688],[7.24599,46.82677],[7.24564,46.82672],[7.24535,46.82671],[7.24524,46.8267],[7.24433,46.82672],[7.24382,46.82686],[7.24325,46.82729],[7.24285,46.82747],[7.24237,46.82753],[7.24172,46.82744],[7.24115,46.82743],[7.24046,46.82764],[7.24011,46.8279],[7.23987,46.82853],[7.23964,46.82885],[7.23909,46.82925],[7.23891,46.82958],[7.23882,46.8302],[7.23854,46.83051],[7.23812,46.83071],[7.23725,46.83097],[7.23662,46.83143],[7.23611,46.83157],[7.23577,46.83158],[7.23552,46.83157],[7.23539,46.83157],[7.2351,46.83159],[7.23482,46.83158],[7.23473,46.83158],[7.23447,46.83158],[7.23421,46.8316],[7.23395,46.83159],[7.23364,46.83153],[7.23337,46.83143],[7.23303,46.83122],[7.23287,46.83105],[7.23282,46.83098],[7.23267,46.8307],[7.23261,46.83054],[7.23259,46.83049],[7.23252,46.83024],[7.2325,46.83019],[7.23242,46.82998],[7.23214,46.82878],[7.2319,46.82845],[7.23051,46.82728],[7.23034,46.82711],[7.23019,46.82679],[7.23022,46.82646],[7.23041,46.82614],[7.23047,46.8258],[7.23043,46.82563],[7.22985,46.82409],[7.22984,46.82408],[7.22984,46.82406],[7.22983,46.82406],[7.22976,46.8239],[7.22963,46.82374],[7.22945,46.8236],[7.22923,46.82349],[7.22898,46.82341],[7.2285,46.82324],[7.22805,46.82302],[7.22802,46.82301],[7.2276,46.82281],[7.22739,46.82272],[7.22716,46.82266],[7.22691,46.82264],[7.22667,46.82265],[7.22643,46.82268],[7.22627,46.82272],[7.22603,46.82279],[7.22581,46.8229],[7.22563,46.82303],[7.22546,46.82319],[7.22545,46.8232],[7.22373,46.82479],[7.22353,46.82494],[7.22334,46.82505],[7.22289,46.82517],[7.22217,46.82512],[7.22112,46.82471],[7.22062,46.82465],[7.21808,46.82466],[7.2176,46.82463],[7.21627,46.82441],[7.2156,46.82434],[7.21533,46.82427],[7.21483,46.82411],[7.21468,46.82407],[7.21459,46.82405],[7.21425,46.82401],[7.21399,46.824],[7.21395,46.824],[7.21335,46.82399],[7.21196,46.82403],[7.21146,46.82392],[7.20927,46.82345],[7.20891,46.82334],[7.20859,46.82317],[7.20813,46.82285],[7.2081,46.82283],[7.20673,46.82185],[7.20654,46.82169],[7.20643,46.82154],[7.20607,46.82094],[7.20568,46.82072],[7.20513,46.82056],[7.20474,46.82033],[7.20436,46.81991],[7.204,46.81969],[7.20342,46.81953],[7.20321,46.81944],[7.20298,46.8193],[7.1997,46.81687],[7.19936,46.81669],[7.19871,46.81645],[7.19843,46.81632],[7.19825,46.81618],[7.19776,46.81576],[7.19732,46.81562],[7.1964,46.81552],[7.196,46.81542],[7.19472,46.81518],[7.19405,46.81481],[7.19378,46.81449],[7.1937,46.81417],[7.19347,46.81383],[7.19306,46.81358],[7.19228,46.81335],[7.19197,46.81319],[7.19027,46.81204],[7.18813,46.81089],[7.18762,46.81073],[7.18694,46.81067],[7.1865,46.8105],[7.18591,46.81007],[7.18546,46.80993],[7.18522,46.80991],[7.18509,46.8099],[7.18447,46.80986],[7.18413,46.80982],[7.18388,46.80974],[7.18342,46.80948],[7.18294,46.80933],[7.18198,46.80926],[7.18173,46.8092],[7.18115,46.80882],[7.18092,46.80838],[7.18084,46.80801],[7.18083,46.80666]]]},"properties":{"bfs_nr":2306,"name":"Tafers"}},{"type":"Feature","geometry":{"type":"Polygon","coordinates":[[[7.18546,46.7644],[7.1855,46.76393],[7.18575,46.76364],[7.1867,46.76304],[7.1874,46.76281],[7.18781,46.76254],[7.18821,46.76188],[7.1887,46.76147],[7.18883,46.76133],[7.18886,46.7613],[7.1889,46.76123],[7.18897,46.76111],[7.1891,46.76094],[7.18921,46.76077],[7.18938,46.76062],[7.18965,46.76046],[7.1901,46.76026],[7.19029,46.76016],[7.19056,46.75989],[7.19092,46.75939],[7.19104,46.75903],[7.19082,46.7585],[7.19043,46.75816],[7.19027,46.75767],[7.19053,46.75694],[7.19039,46.75634],[7.19042,46.75602],[7.19067,46.75555],[7.19076,46.75483],[7.19098,46.75454],[7.19253,46.75358],[7.19299,46.75344],[7.1935,46.75344],[7.19396,46.75357],[7.19455,46.75391],[7.19552,46.75407],[7.19824,46.75508],[7.19887,46.75525],[7.19937,46.7555],[7.2001,46.75578],[7.20116,46.7563],[7.20143,46.75658],[7.20154,46.7569],[7.20147,46.75722],[7.20135,46.75741],[7.19995,46.75913],[7.19992,46.75917],[7.19982,46.75933],[7.19975,46.75968],[7.1998,46.75985],[7.19988,46.76001],[7.20002,46.76016],[7.20019,46.76029],[7.2004,46.76039],[7.20058,46.76047],[7.2009,46.76056],[7.20109,46.76059],[7.20163,46.76066],[7.20209,46.76083],[7.20242,46.7611],[7.20257,46.76144],[7.20257,46.76174],[7.20223,46.76233],[7.20216,46.76252],[7.20216,46.76271],[7.20225,46.76326],[7.20241,46.76357],[7.20242,46.76389],[7.20213,46.76452],[7.20214,46.76485],[7.20253,46.76557],[7.20286,46.76597],[7.20303,46.76613],[7.20352,46.7664],[7.20395,46.76668],[7.20416,46.76693],[7.20421,46.76701],[7.20429,46.76726],[7.20451,46.76858],[7.20456,46.76876],[7.20467,46.76892],[7.20481,46.76907],[7.205,46.76919],[7.20521,46.76928],[7.20608,46.76951],[7.2065,46.76959],[7.20678,46.76965],[7.20709,46.76974],[7.20718,46.76977],[7.20804,46.77006],[7.20828,46.77012],[7.20854,46.77015],[7.2088,46.77014],[7.20928,46.77002],[7.20949,46.76992],[7.20967,46.76979],[7.20989,46.76957],[7.21005,46.76939],[7.21023,46.7691],[7.21039,46.76891],[7.21077,46.76868],[7.21176,46.76839],[7.21223,46.7681],[7.21303,46.76781],[7.214,46.76767],[7.21424,46.7676],[7.21464,46.76735],[7.21488,46.76703],[7.21523,46.76677],[7.21595,46.76659],[7.2167,46.76672],[7.21748,46.76707],[7.21764,46.76719],[7.2178,46.76735],[7.21825,46.76795],[7.21831,46.76803],[7.21855,46.76828],[7.21857,46.76831],[7.21892,46.7687],[7.21924,46.76894],[7.22064,46.76935],[7.22126,46.76944],[7.22172,46.76961],[7.22204,46.76989],[7.22217,46.77041],[7.222,46.77075],[7.2214,46.7713],[7.22069,46.77166],[7.22035,46.77199],[7.2195,46.77262],[7.21871,46.77304],[7.2184,46.77342],[7.21794,46.7738],[7.21735,46.7741],[7.21668,46.77421],[7.21597,46.7744],[7.21527,46.77441],[7.21447,46.77419],[7.21379,46.77423],[7.21295,46.77466],[7.21189,46.77491],[7.21142,46.77512],[7.21046,46.77519],[7.20959,46.77535],[7.20899,46.77561],[7.20811,46.77579],[7.20767,46.77592],[7.2067,46.77601],[7.20627,46.77619],[7.20582,46.77663],[7.20483,46.77713],[7.20448,46.77749],[7.20388,46.77793],[7.20342,46.77851],[7.2029,46.77872],[7.20189,46.77899],[7.20131,46.77906],[7.20081,46.77899],[7.2004,46.77879],[7.19981,46.778],[7.19732,46.77591],[7.19711,46.77569],[7.196,46.77424],[7.19566,46.77397],[7.19543,46.77388],[7.19521,46.77381],[7.19516,46.77379],[7.19438,46.77356],[7.19434,46.77355],[7.19354,46.77333],[7.19326,46.77328],[7.19297,46.77327],[7.19269,46.7733],[7.19153,46.77354],[7.1915,46.77355],[7.19087,46.77369],[7.19057,46.77374],[7.19033,46.77374],[7.18986,46.77366],[7.18894,46.77333],[7.18854,46.77314],[7.18834,46.77297],[7.18645,46.77103],[7.18642,46.771],[7.18585,46.77039],[7.18573,46.77023],[7.18564,46.77006],[7.18557,46.76986],[7.18553,46.76968],[7.18553,46.76953],[7.18558,46.76934],[7.18576,46.76887],[7.18577,46.76885],[7.18585,46.76861],[7.18588,46.76851],[7.186,46.76792],[7.186,46.76786],[7.18603,46.76756],[7.18603,46.76746],[7.18602,46.76728],[7.18602,46.76724],[7.18598,46.76696],[7.18597,46.76691],[7.18546,46.7644]]]},"properties":{"bfs_nr":2307,"name":"Tentlingen"}},{"type":"Feature","geometry":{"type":"Polygon","coordinates":[[[7.28825,46.85494],[7.28825,46.85457],[7.28849,46.85407],[7.28921,46.85364],[7.29013,46.85291],[7.29089,46.85135],[7.29102,46.85076],[7.29152,46.85013],[7.29167,46.84974],[7.29197,46.84946],[7.29248,46.84924],[7.29299,46.84918],[7.29355,46.84928],[7.29423,46.84952],[7.29445,46.84964],[7.29471,46.84982],[7.2948,46.84989],[7.29504,46.85007],[7.29506,46.85008],[7.29526,46.85023],[7.29534,46.85029],[7.29549,46.85038],[7.29557,46.85042],[7.29586,46.8506],[7.29615,46.85076],[7.29827,46.85137],[7.29897,46.85141],[7.29907,46.85143],[7.29927,46.85146],[7.29949,46.85151],[7.29959,46.85154],[7.29991,46.85162],[7.3004,46.85173],[7.30095,46.85186],[7.30212,46.85204],[7.30329,46.85241],[7.30404,46.85256],[7.3046,46.85281],[7.30563,46.85351],[7.30635,46.85373],[7.30729,46.85377],[7.30772,46.8539],[7.30849,46.85434],[7.30905,46.85477],[7.30948,46.85496],[7.31093,46.85524],[7.31171,46.85567],[7.31196,46.85596],[7.31204,46.85629],[7.31182,46.85703],[7.31178,46.85762],[7.31211,46.85853],[7.3127,46.85904],[7.31293,46.85936],[7.3129,46.86001],[7.313,46.86038],[7.31331,46.86069],[7.31394,46.86101],[7.31439,46.86169],[7.31477,46.86199],[7.31554,46.86232],[7.31611,46.8625],[7.31663,46.86252],[7.31717,46.86239],[7.31766,46.86205],[7.31786,46.86169],[7.31815,46.86141],[7.31882,46.86117],[7.31932,46.86118],[7.3201,46.86144],[7.32058,46.86151],[7.32107,46.86146],[7.32205,46.86116],[7.32338,46.86096],[7.32431,46.86065],[7.32544,46.86015],[7.32633,46.85996],[7.3267,46.85994],[7.3272,46.85979],[7.32757,46.85952],[7.32806,46.85891],[7.32847,46.85873],[7.32944,46.85841],[7.32976,46.85813],[7.3299,46.85762],[7.32975,46.85729],[7.32942,46.85702],[7.32801,46.85634],[7.3275,46.85625],[7.32697,46.85631],[7.32626,46.85657],[7.32553,46.85661],[7.32484,46.85635],[7.32389,46.85571],[7.32347,46.85532],[7.32328,46.85495],[7.32331,46.85461],[7.32356,46.85426],[7.32422,46.85368],[7.32466,46.85342],[7.32515,46.85286],[7.32537,46.85219],[7.32561,46.85188],[7.326,46.85166],[7.32644,46.85155],[7.32822,46.85139],[7.32914,46.85121],[7.33064,46.85111],[7.33177,46.8512],[7.33224,46.85135],[7.33282,46.85178],[7.33326,46.85196],[7.33402,46.85197],[7.33448,46.85182],[7.33523,46.85131],[7.33571,46.85107],[7.3363,46.85092],[7.33668,46.8507],[7.33707,46.85019],[7.33744,46.84995],[7.33791,46.84982],[7.33842,46.84982],[7.33888,46.84996],[7.33985,46.8506],[7.34017,46.85077],[7.34257,46.85165],[7.34492,46.8523],[7.34544,46.85254],[7.34693,46.8535],[7.34773,46.85363],[7.34904,46.85345],[7.34951,46.85353],[7.34994,46.85375],[7.35152,46.85491],[7.35179,46.85515],[7.35332,46.85696],[7.35431,46.85855],[7.35468,46.85889],[7.35748,46.86052],[7.35786,46.86084],[7.35897,46.86224],[7.35919,46.86282],[7.35907,46.86338],[7.35808,46.86492],[7.35797,46.86535],[7.35835,46.86849],[7.3583,46.86887],[7.35755,46.86988],[7.35708,46.87026],[7.35655,46.8705],[7.35596,46.87059],[7.35486,46.87065],[7.35443,46.87082],[7.35405,46.87113],[7.3538,46.8715],[7.35254,46.87552],[7.35241,46.87632],[7.35306,46.88085],[7.35337,46.88456],[7.35349,46.88616],[7.35337,46.88675],[7.35302,46.88718],[7.35167,46.88807],[7.35132,46.88825],[7.35018,46.88869],[7.34971,46.88874],[7.34906,46.88867],[7.34795,46.88875],[7.34645,46.88855],[7.34578,46.88838],[7.34508,46.88833],[7.34378,46.88836],[7.34323,46.88846],[7.34227,46.88855],[7.34181,46.88848],[7.34147,46.88844],[7.34146,46.88844],[7.34119,46.88841],[7.34117,46.8884],[7.33857,46.88808],[7.3378,46.88802],[7.33725,46.88791],[7.33646,46.8879],[7.33577,46.88782],[7.33523,46.88766],[7.33463,46.8876],[7.33396,46.88766],[7.33351,46.88762],[7.33302,46.88746],[7.3326,46.88721],[7.33194,46.88703],[7.33136,46.88694],[7.33087,46.88697],[7.33009,46.88717],[7.32934,46.88748],[7.32903,46.88751],[7.32883,46.88752],[7.32838,46.88756],[7.32822,46.88758],[7.32766,46.88758],[7.32702,46.88746],[7.32609,46.8876],[7.32492,46.88756],[7.32424,46.88767],[7.32372,46.88762],[7.32306,46.88738],[7.3226,46.88733],[7.32192,46.88738],[7.32123,46.88731],[7.32056,46.88741],[7.31995,46.88742],[7.3195,46.88752],[7.31899,46.88778],[7.31849,46.88791],[7.31814,46.88792],[7.31735,46.8878],[7.31683,46.88782],[7.31593,46.88795],[7.31545,46.88787],[7.31484,46.88757],[7.3144,46.88745],[7.31376,46.88745],[7.3133,46.88736],[7.3128,46.88714],[7.31246,46.88688],[7.31196,46.8863],[7.31152,46.88606],[7.3111,46.88556],[7.31024,46.88503],[7.30988,46.8846],[7.30901,46.88389],[7.30811,46.88343],[7.30721,46.88313],[7.30689,46.88305],[7.30608,46.88275],[7.30532,46.88277],[7.30509,46.88276],[7.30486,46.88273],[7.30455,46.88264],[7.30448,46.88262],[7.3043,46.88257],[7.30386,46.8825],[7.30342,46.88237],[7.30284,46.88196],[7.3021,46.88166],[7.30173,46.88135],[7.30152,46.88109],[7.30151,46.88107],[7.3015,46.88105],[7.30137,46.88084],[7.30129,46.88066],[7.30125,46.88055],[7.30116,46.88034],[7.30105,46.88001],[7.30098,46.87961],[7.30057,46.87902],[7.30052,46.87883],[7.30048,46.8786],[7.30048,46.87832],[7.30047,46.87821],[7.30045,46.87813],[7.30039,46.87797],[7.30028,46.87782],[7.30014,46.87769],[7.30001,46.87758],[7.29985,46.8774],[7.2996,46.87704],[7.29926,46.87676],[7.29905,46.87645],[7.29903,46.87611],[7.29924,46.87532],[7.29932,46.87469],[7.29967,46.87426],[7.30052,46.87376],[7.30129,46.87338],[7.30162,46.87291],[7.30161,46.87257],[7.3014,46.87225],[7.30045,46.87152],[7.29923,46.87072],[7.29815,46.87033],[7.29745,46.87011],[7.29601,46.86978],[7.29563,46.86957],[7.29539,46.86928],[7.29532,46.86895],[7.29544,46.86863],[7.29579,46.8681],[7.29584,46.86753],[7.29608,46.8672],[7.29649,46.86697],[7.29696,46.86682],[7.29716,46.86671],[7.29745,46.86641],[7.29753,46.86624],[7.29761,46.86542],[7.29748,46.86509],[7.29701,46.86461],[7.29629,46.86397],[7.29586,46.86365],[7.2957,46.86354],[7.29515,46.86328],[7.29487,46.86299],[7.29466,46.86253],[7.29437,46.86227],[7.29315,46.86174],[7.29271,46.86145],[7.2925,46.86112],[7.2925,46.86075],[7.29284,46.86025],[7.2929,46.86009],[7.29289,46.85977],[7.29258,46.85899],[7.29166,46.85814],[7.29107,46.85782],[7.29086,46.85767],[7.29077,46.85756],[7.29061,46.85743],[7.29054,46.85736],[7.2905,46.85733],[7.29046,46.85731],[7.29028,46.85721],[7.2898,46.85702],[7.28947,46.85678],[7.28913,46.85634],[7.2884,46.85562],[7.28825,46.85494]]]},"properties":{"bfs_nr":2308,"name":"Ueberstorf"}},{"type":"Feature","geometry":{"type":"Polygon","coordinates":[[[7.25179,46.86873],[7.25243,46.86774],[7.25251,46.86758],[7.25254,46.86724],[7.25225,46.86675],[7.25215,46.86623],[7.25234,46.86591],[7.25309,46.86526],[7.25392,46.86502],[7.25503,46.86505],[7.25553,46.865],[7.25597,46.86483],[7.25628,46.86456],[7.25652,46.86373],[7.25685,46.86314],[7.25703,46.86294],[7.25746,46.86268],[7.25772,46.86261],[7.25826,46.86258],[7.25876,46.8627],[7.26001,46.86343],[7.26049,46.86356],[7.261,46.86354],[7.26147,46.8634],[7.26174,46.86322],[7.26258,46.86287],[7.26275,46.86276],[7.2628,46.86272],[7.26291,46.86262],[7.26296,46.86257],[7.26329,46.86225],[7.26338,46.86215],[7.26349,46.86204],[7.26366,46.8619],[7.26423,46.86152],[7.26448,46.86138],[7.26472,46.86129],[7.26524,46.86116],[7.26568,46.8611],[7.26616,46.86107],[7.26688,46.86095],[7.26746,46.86098],[7.26761,46.861],[7.2678,46.86104],[7.26796,46.86108],[7.26832,46.86122],[7.26854,46.86132],[7.26899,46.86155],[7.26919,46.86164],[7.26965,46.86173],[7.27013,46.86171],[7.27071,46.86154],[7.2713,46.86143],[7.27153,46.86134],[7.2719,46.86107],[7.27207,46.86071],[7.27208,46.86012],[7.27198,46.85982],[7.27203,46.85948],[7.27226,46.85918],[7.27302,46.85862],[7.27324,46.8585],[7.27354,46.85841],[7.27442,46.85823],[7.27487,46.85815],[7.27551,46.85782],[7.2763,46.85761],[7.27687,46.85732],[7.27717,46.85695],[7.27755,46.85669],[7.27825,46.85648],[7.27878,46.85608],[7.27893,46.85574],[7.279,46.85541],[7.27923,46.85509],[7.27958,46.85485],[7.2803,46.8547],[7.28141,46.8549],[7.28204,46.85509],[7.28297,46.85504],[7.28364,46.85509],[7.284,46.8552],[7.28518,46.85542],[7.28571,46.85545],[7.2865,46.85532],[7.28701,46.85538],[7.28769,46.85564],[7.28816,46.85574],[7.28861,46.85595],[7.2892,46.85643],[7.28945,46.85678],[7.28978,46.85701],[7.29027,46.8572],[7.29047,46.85732],[7.2905,46.85733],[7.29066,46.85747],[7.29076,46.85758],[7.29089,46.8577],[7.29101,46.85778],[7.29111,46.85785],[7.2915,46.85807],[7.29224,46.85872],[7.29282,46.85968],[7.29288,46.86002],[7.29275,46.86035],[7.29253,46.86061],[7.29244,46.86094],[7.29253,46.86126],[7.29278,46.86154],[7.29323,46.8618],[7.29353,46.86208],[7.29366,46.86257],[7.29399,46.86304],[7.29441,46.86325],[7.29529,46.86342],[7.29575,46.86359],[7.29626,46.86395],[7.29669,46.86435],[7.29699,46.8646],[7.29747,46.86509],[7.2976,46.86542],[7.29752,46.86621],[7.29731,46.86655],[7.29694,46.8668],[7.29617,46.86705],[7.29572,46.86747],[7.29561,46.86794],[7.29514,46.86847],[7.29496,46.8688],[7.29498,46.86915],[7.2952,46.86947],[7.29558,46.86971],[7.29655,46.86996],[7.29709,46.87003],[7.29858,46.87049],[7.29918,46.87076],[7.30005,46.87135],[7.30126,46.87232],[7.30144,46.87266],[7.30141,46.87302],[7.30117,46.87335],[7.29992,46.874],[7.29958,46.87429],[7.29926,46.87477],[7.29919,46.87523],[7.29887,46.87625],[7.29892,46.8766],[7.29916,46.87691],[7.2996,46.87718],[7.29975,46.8773],[7.29993,46.87751],[7.29993,46.8775],[7.30009,46.87766],[7.3003,46.87786],[7.30041,46.87804],[7.30048,46.87827],[7.30048,46.8786],[7.30049,46.87876],[7.30057,46.87916],[7.30092,46.87962],[7.30104,46.88006],[7.30112,46.88023],[7.30116,46.88035],[7.30125,46.88056],[7.3013,46.88069],[7.30136,46.88081],[7.3015,46.88106],[7.30151,46.88108],[7.30155,46.88113],[7.30169,46.88131],[7.30203,46.88164],[7.30219,46.88178],[7.30286,46.88208],[7.30357,46.88247],[7.3038,46.88252],[7.30409,46.88255],[7.30446,46.88261],[7.30464,46.88267],[7.30496,46.88275],[7.30602,46.88286],[7.30661,46.88308],[7.3073,46.88318],[7.30766,46.88328],[7.30806,46.88348],[7.30844,46.88377],[7.30899,46.88401],[7.30931,46.88425],[7.30962,46.88464],[7.31006,46.88503],[7.31027,46.88543],[7.31119,46.88613],[7.31195,46.8865],[7.31221,46.88679],[7.3125,46.88741],[7.31286,46.88764],[7.31332,46.88777],[7.31428,46.88773],[7.31478,46.88777],[7.31535,46.88797],[7.31611,46.88801],[7.31681,46.88783],[7.31734,46.88781],[7.31805,46.88791],[7.31832,46.88792],[7.31845,46.88792],[7.31905,46.88789],[7.32006,46.88749],[7.3211,46.88736],[7.32162,46.88735],[7.32218,46.88746],[7.32308,46.88748],[7.32367,46.88763],[7.32401,46.88768],[7.32446,46.88769],[7.32516,46.8876],[7.32602,46.88763],[7.32664,46.88754],[7.3277,46.88761],[7.32805,46.8876],[7.32881,46.88753],[7.3296,46.88748],[7.33004,46.88736],[7.33087,46.88699],[7.33132,46.88696],[7.33191,46.88703],[7.33238,46.8872],[7.33295,46.88757],[7.33346,46.8877],[7.33483,46.88763],[7.33566,46.88781],[7.33657,46.88793],[7.33709,46.88794],[7.33783,46.88809],[7.33835,46.88807],[7.33866,46.88809],[7.34118,46.8884],[7.3412,46.88841],[7.34145,46.88844],[7.34181,46.88851],[7.34192,46.88853],[7.34239,46.88857],[7.34322,46.88848],[7.34376,46.88838],[7.34427,46.88836],[7.34476,46.88848],[7.34527,46.88887],[7.34537,46.88939],[7.34504,46.88986],[7.34462,46.89007],[7.34017,46.89082],[7.33793,46.89127],[7.32949,46.89307],[7.3276,46.89348],[7.32678,46.89363],[7.32587,46.89372],[7.32495,46.89372],[7.32384,46.89361],[7.31236,46.89177],[7.3113,46.89162],[7.3103,46.89155],[7.3094,46.89153],[7.30749,46.8916],[7.30646,46.89171],[7.30186,46.89235],[7.30064,46.89259],[7.2971,46.89357],[7.29603,46.89378],[7.29516,46.89386],[7.29063,46.89386],[7.2892,46.89373],[7.28814,46.89348],[7.28715,46.8931],[7.28628,46.89261],[7.28561,46.8921],[7.28364,46.89049],[7.28314,46.89014],[7.28257,46.88985],[7.28187,46.8896],[7.28135,46.88916],[7.28098,46.88892],[7.28051,46.8888],[7.27958,46.88884],[7.2788,46.88896],[7.2768,46.88906],[7.2752,46.88925],[7.27417,46.88949],[7.27366,46.88953],[7.27321,46.8896],[7.27262,46.88971],[7.27207,46.88969],[7.27126,46.88947],[7.27065,46.88921],[7.26988,46.88902],[7.2693,46.88872],[7.269,46.88845],[7.26868,46.88773],[7.26844,46.88752],[7.26785,46.88701],[7.26739,46.88676],[7.2669,46.88664],[7.26644,46.88641],[7.26593,46.88628],[7.26566,46.88628],[7.26549,46.88629],[7.2654,46.88629],[7.26488,46.88634],[7.26483,46.88635],[7.26388,46.88647],[7.26356,46.88649],[7.26305,46.88641],[7.2623,46.88595],[7.26181,46.88577],[7.26076,46.88569],[7.26053,46.88563],[7.25998,46.8853],[7.25979,46.88499],[7.25962,46.88437],[7.25911,46.88401],[7.25867,46.88385],[7.25822,46.88347],[7.25812,46.88314],[7.25815,46.88283],[7.25816,46.88254],[7.25815,46.88241],[7.25809,46.8821],[7.25803,46.88193],[7.25778,46.88163],[7.25751,46.88142],[7.25735,46.88124],[7.25731,46.88118],[7.2572,46.88095],[7.25717,46.88075],[7.25723,46.88029],[7.25741,46.87999],[7.25785,46.87958],[7.25802,46.87922],[7.25831,46.87891],[7.25869,46.8787],[7.25904,46.8785],[7.25906,46.87849],[7.25916,46.87843],[7.25934,46.8783],[7.25948,46.87814],[7.25957,46.87797],[7.25961,46.87779],[7.25953,46.87744],[7.25942,46.87727],[7.25926,46.87713],[7.25906,46.87701],[7.25855,46.87682],[7.2582,46.87657],[7.25801,46.87624],[7.25802,46.87585],[7.25831,46.87485],[7.25824,46.87453],[7.25794,46.87415],[7.2578,46.87377],[7.25755,46.87347],[7.25715,46.87326],[7.25653,46.87305],[7.25545,46.8727],[7.25538,46.87267],[7.25452,46.87244],[7.25326,46.87215],[7.25277,46.87197],[7.25235,46.87156],[7.25228,46.87122],[7.25235,46.87053],[7.25216,46.87022],[7.25174,46.86991],[7.25151,46.8696],[7.25147,46.86924],[7.25179,46.86873]]]},"properties":{"bfs_nr":2309,"name":"W\u00fcnnewil-Flamatt"}},{"type":"Feature","geometry":{"type":"Polygon","coordinates":[[[6.83099,46.51145],[6.83112,46.51053],[6.83142,46.50989],[6.83162,46.50906],[6.83218,46.50745],[6.83233,46.50659],[6.83232,46.50604],[6.83243,46.50545],[6.83258,46.50522],[6.83499,46.50236],[6.8377,46.49963],[6.83801,46.49938],[6.83948,46.4985],[6.84137,46.49699],[6.84185,46.49673],[6.84281,46.4965],[6.84337,46.49649],[6.8443,46.49672],[6.84481,46.49673],[6.84558,46.4965],[6.84628,46.49601],[6.84684,46.49536],[6.84713,46.49514],[6.84738,46.49476],[6.84775,46.49393],[6.84803,46.49368],[6.84847,46.49349],[6.84919,46.49337],[6.85396,46.49327],[6.85699,46.49307],[6.85757,46.49311],[6.85924,46.4934],[6.86146,46.49356],[6.86194,46.49364],[6.86256,46.49386],[6.86297,46.49431],[6.86395,46.49646],[6.86471,46.49843],[6.8648,46.49859],[6.8663,46.50071],[6.86663,46.50093],[6.86932,46.50219],[6.86961,46.50235],[6.87228,46.50421],[6.87255,46.50443],[6.87437,46.5064],[6.87793,46.50936],[6.87936,46.51014],[6.87977,46.51045],[6.88106,46.51188],[6.88128,46.51244],[6.88102,46.51294],[6.88079,46.5131],[6.87871,46.51435],[6.87725,46.51527],[6.87697,46.51556],[6.87594,46.51618],[6.87563,46.51643],[6.87537,46.5168],[6.87486,46.51732],[6.87444,46.51806],[6.87442,46.51842],[6.87437,46.51861],[6.87422,46.51883],[6.87355,46.51961],[6.87343,46.51979],[6.87338,46.51999],[6.87341,46.52039],[6.87332,46.52104],[6.8736,46.52188],[6.87353,46.52225],[6.87329,46.52263],[6.87326,46.52298],[6.87343,46.52331],[6.87398,46.52391],[6.87412,46.52424],[6.87407,46.52458],[6.87385,46.52501],[6.87378,46.52542],[6.87381,46.52557],[6.87385,46.52573],[6.87389,46.52583],[6.87397,46.526],[6.87402,46.52619],[6.87402,46.52635],[6.87393,46.52671],[6.87374,46.52767],[6.87378,46.52788],[6.87402,46.52834],[6.87409,46.52857],[6.87416,46.52924],[6.87415,46.53038],[6.87412,46.53072],[6.87419,46.53104],[6.87411,46.53149],[6.87412,46.53233],[6.87399,46.53266],[6.87398,46.53287],[6.87397,46.5331],[6.87396,46.53323],[6.87396,46.53334],[6.87398,46.53348],[6.87403,46.53363],[6.87409,46.53375],[6.87412,46.53381],[6.87414,46.53384],[6.87415,46.53386],[6.87425,46.53403],[6.87443,46.53477],[6.87455,46.53515],[6.87455,46.5359],[6.87471,46.5363],[6.87464,46.5368],[6.87438,46.53708],[6.87374,46.53734],[6.87325,46.53735],[6.87261,46.53721],[6.87235,46.53719],[6.87114,46.53725],[6.87024,46.5371],[6.86947,46.53705],[6.86898,46.53708],[6.86849,46.53703],[6.86782,46.53685],[6.86734,46.53683],[6.86688,46.53693],[6.86626,46.5373],[6.8658,46.53747],[6.86509,46.53749],[6.86447,46.53724],[6.86408,46.53685],[6.86385,46.53643],[6.86386,46.536],[6.86365,46.53534],[6.86335,46.53504],[6.86279,46.53478],[6.86245,46.53452],[6.86227,46.53415],[6.86215,46.53353],[6.86198,46.53157],[6.86187,46.53125],[6.86123,46.53075],[6.86099,46.53045],[6.8608,46.52958],[6.8606,46.52928],[6.8601,46.52892],[6.85925,46.52789],[6.85869,46.5269],[6.85856,46.5265],[6.85842,46.52632],[6.85805,46.52603],[6.8579,46.52589],[6.85773,46.52571],[6.85767,46.52565],[6.85738,46.5253],[6.85726,46.52511],[6.85719,46.52477],[6.85731,46.52444],[6.85759,46.52417],[6.85801,46.52398],[6.85886,46.52388],[6.85951,46.52358],[6.85975,46.52325],[6.85978,46.52248],[6.85998,46.52217],[6.86034,46.52194],[6.86108,46.52173],[6.86128,46.52164],[6.86146,46.52152],[6.8616,46.52139],[6.8617,46.52123],[6.86178,46.5209],[6.86162,46.52027],[6.86165,46.5199],[6.86155,46.51958],[6.86129,46.51931],[6.86064,46.51899],[6.86014,46.51891],[6.85962,46.51891],[6.8589,46.51873],[6.85804,46.51861],[6.8576,46.51841],[6.85735,46.51819],[6.85722,46.5181],[6.85699,46.51796],[6.85632,46.51772],[6.85543,46.51767],[6.85517,46.51767],[6.855,46.51768],[6.85455,46.51773],[6.85425,46.51773],[6.85396,46.5177],[6.85142,46.51723],[6.85076,46.51713],[6.85025,46.51712],[6.84977,46.51725],[6.84941,46.5175],[6.84915,46.51779],[6.84898,46.51791],[6.84873,46.51803],[6.84844,46.51814],[6.84817,46.51823],[6.84769,46.51828],[6.84657,46.51804],[6.84596,46.51805],[6.84546,46.51813],[6.84521,46.51822],[6.84499,46.51835],[6.84482,46.51851],[6.84428,46.51914],[6.84392,46.51944],[6.84348,46.51959],[6.84245,46.51966],[6.84199,46.51959],[6.84159,46.51941],[6.84124,46.51909],[6.84051,46.51864],[6.84028,46.51817],[6.84034,46.51671],[6.84009,46.51624],[6.83951,46.51593],[6.83867,46.51578],[6.83808,46.51549],[6.83652,46.51478],[6.83628,46.51464],[6.83589,46.51436],[6.83401,46.51366],[6.83322,46.51289],[6.83274,46.5127],[6.83217,46.51262],[6.83157,46.51241],[6.83121,46.51217],[6.831,46.51185],[6.83099,46.51145]]]},"properties":{"bfs_nr":2321,"name":"Attalens"}},{"type":"Feature","geometry":{"type":"Polygon","coordinates":[[[6.83362,46.53631],[6.83374,46.53618],[6.83402,46.53583],[6.83436,46.53532],[6.83498,46.53505],[6.83557,46.535],[6.83604,46.53487],[6.8364,46.53465],[6.83796,46.53418],[6.8383,46.53394],[6.83848,46.53363],[6.83829,46.53226],[6.83791,46.53171],[6.83763,46.53138],[6.83756,46.53123],[6.8375,46.53066],[6.83728,46.52926],[6.83719,46.52897],[6.83695,46.52867],[6.83654,46.52831],[6.83653,46.5283],[6.83597,46.5278],[6.83585,46.52767],[6.83569,46.52745],[6.83558,46.52724],[6.83557,46.5272],[6.83551,46.52695],[6.8355,46.52683],[6.8355,46.52673],[6.83554,46.52325],[6.83554,46.52324],[6.83554,46.52254],[6.83553,46.52246],[6.83551,46.52233],[6.8355,46.52224],[6.83533,46.52153],[6.83543,46.52119],[6.83572,46.52089],[6.83597,46.52075],[6.83627,46.52063],[6.83688,46.52047],[6.83723,46.52043],[6.83849,46.52048],[6.83931,46.52061],[6.83984,46.5205],[6.84043,46.5201],[6.84108,46.51981],[6.84235,46.51983],[6.84356,46.51965],[6.8438,46.51955],[6.84417,46.51927],[6.84478,46.51856],[6.845,46.51836],[6.84547,46.51813],[6.84608,46.51806],[6.84662,46.51817],[6.84727,46.51838],[6.84803,46.51833],[6.84853,46.51811],[6.84889,46.51797],[6.84908,46.51788],[6.84969,46.51751],[6.85017,46.51741],[6.85098,46.51747],[6.85175,46.51736],[6.85228,46.51739],[6.85403,46.51771],[6.85429,46.51774],[6.85456,46.51773],[6.85481,46.51771],[6.85526,46.51767],[6.85565,46.51768],[6.8563,46.51776],[6.857,46.51798],[6.85717,46.51807],[6.85764,46.51846],[6.85804,46.51866],[6.85888,46.51879],[6.85937,46.51894],[6.86034,46.51899],[6.86104,46.5192],[6.86152,46.51958],[6.86164,46.51991],[6.86162,46.52027],[6.86177,46.52091],[6.86156,46.52142],[6.8614,46.52155],[6.8612,46.52167],[6.86098,46.52175],[6.8604,46.5219],[6.86,46.52213],[6.85986,46.52229],[6.85977,46.52246],[6.85973,46.52264],[6.8597,46.52325],[6.85946,46.52355],[6.85908,46.52376],[6.85816,46.52388],[6.85768,46.52402],[6.85733,46.52428],[6.85715,46.52462],[6.85726,46.52515],[6.85731,46.52521],[6.85768,46.52566],[6.85772,46.5257],[6.85792,46.52592],[6.85835,46.52631],[6.85921,46.52784],[6.8601,46.52892],[6.8605,46.52922],[6.86077,46.52954],[6.86085,46.53004],[6.86072,46.53038],[6.86039,46.53066],[6.85951,46.53091],[6.85908,46.53111],[6.8588,46.53141],[6.85869,46.53182],[6.85888,46.53239],[6.8589,46.53275],[6.85871,46.53314],[6.85867,46.53347],[6.8591,46.53439],[6.85954,46.535],[6.85966,46.53539],[6.85943,46.5359],[6.85905,46.53615],[6.8583,46.53634],[6.85774,46.53664],[6.85711,46.53688],[6.85674,46.53716],[6.85657,46.53751],[6.85663,46.53801],[6.85655,46.53834],[6.85622,46.53874],[6.85599,46.53937],[6.85545,46.53984],[6.85519,46.54017],[6.85506,46.54085],[6.85481,46.54114],[6.85417,46.5414],[6.85358,46.54145],[6.85286,46.54128],[6.85247,46.54101],[6.852,46.54083],[6.85132,46.54079],[6.8507,46.54091],[6.84994,46.54081],[6.84471,46.53905],[6.84369,46.53889],[6.84262,46.53858],[6.84166,46.53836],[6.84076,46.53823],[6.83908,46.53839],[6.83805,46.53825],[6.83703,46.53802],[6.83649,46.53782],[6.83594,46.53774],[6.83442,46.53775],[6.83394,46.53761],[6.83357,46.53736],[6.83337,46.53703],[6.83346,46.5365],[6.83362,46.53631]]]},"properties":{"bfs_nr":2323,"name":"Bossonnens"}},{"type":"Feature","geometry":{"type":"Polygon","coordinates":[[[6.88592,46.51944],[6.88531,46.51872],[6.8848,46.51821],[6.88442,46.51761],[6.88423,46.51737],[6.88421,46.51734],[6.8841,46.51718],[6.88399,46.51705],[6.88388,46.51688],[6.88354,46.51622],[6.88342,46.51596],[6.88338,46.51579],[6.88336,46.51571],[6.88334,46.51557],[6.88332,46.51548],[6.88331,46.51535],[6.88331,46.51522],[6.88333,46.515],[6.88352,46.51467],[6.88387,46.51442],[6.88459,46.51426],[6.88509,46.51433],[6.88649,46.51494],[6.88796,46.51565],[6.89089,46.51712],[6.89351,46.51836],[6.89507,46.51917],[6.89584,46.51936],[6.89657,46.51923],[6.89707,46.51883],[6.89719,46.51849],[6.8971,46.51795],[6.89725,46.51707],[6.89712,46.51623],[6.89714,46.51595],[6.89748,46.51522],[6.8975,46.5147],[6.89724,46.51428],[6.89664,46.51374],[6.89613,46.5131],[6.89595,46.51272],[6.89579,46.51175],[6.89557,46.51118],[6.89534,46.51079],[6.8953,46.50999],[6.89553,46.5095],[6.89569,46.50937],[6.89635,46.50913],[6.89685,46.50913],[6.89731,46.50926],[6.89806,46.50964],[6.89869,46.5098],[6.89944,46.51021],[6.89977,46.51053],[6.89997,46.51102],[6.90051,46.5117],[6.90088,46.512],[6.90123,46.51276],[6.90154,46.51303],[6.90196,46.5132],[6.90267,46.51323],[6.90335,46.51316],[6.90391,46.51317],[6.90442,46.51304],[6.90508,46.51273],[6.90559,46.51268],[6.90633,46.51279],[6.90686,46.51275],[6.90771,46.51249],[6.90819,46.51246],[6.90897,46.51256],[6.90977,46.51247],[6.91027,46.51256],[6.91079,46.51282],[6.91128,46.51295],[6.91181,46.51293],[6.91228,46.51276],[6.91262,46.51248],[6.91297,46.51163],[6.91354,46.5113],[6.91433,46.5111],[6.91495,46.51074],[6.91543,46.51064],[6.91592,46.51064],[6.91656,46.51055],[6.91699,46.51039],[6.91737,46.51012],[6.91811,46.50976],[6.91864,46.5096],[6.92006,46.50877],[6.9206,46.50861],[6.92161,46.5084],[6.92247,46.50842],[6.92299,46.5083],[6.92344,46.50805],[6.92392,46.50789],[6.92493,46.50769],[6.92533,46.50751],[6.92569,46.50721],[6.92604,46.50674],[6.92662,46.50575],[6.9272,46.5051],[6.92757,46.50482],[6.92802,46.50467],[6.92876,46.50469],[6.92931,46.50483],[6.92979,46.50486],[6.93041,46.50476],[6.93083,46.50455],[6.9311,46.50425],[6.93125,46.5039],[6.93164,46.50354],[6.9325,46.50322],[6.93288,46.503],[6.93311,46.50269],[6.93328,46.50205],[6.93356,46.50176],[6.93405,46.50155],[6.93469,46.50138],[6.9364,46.501],[6.93674,46.50099],[6.93761,46.50111],[6.93833,46.50106],[6.93879,46.5011],[6.93949,46.50127],[6.94035,46.50129],[6.94081,46.50141],[6.9415,46.50178],[6.94227,46.50184],[6.94297,46.5017],[6.94359,46.50147],[6.94409,46.50141],[6.94461,46.50146],[6.94704,46.5013],[6.94765,46.50133],[6.94842,46.50157],[6.9489,46.50188],[6.9502,46.50231],[6.95099,46.50231],[6.95147,46.50214],[6.9521,46.50206],[6.95279,46.50207],[6.95381,46.50184],[6.95419,46.50165],[6.95462,46.50119],[6.95547,46.50074],[6.95575,46.50039],[6.95591,46.49992],[6.95613,46.49961],[6.95651,46.49939],[6.95769,46.49904],[6.95887,46.49846],[6.95979,46.49812],[6.96059,46.49755],[6.96106,46.4973],[6.96161,46.49717],[6.96262,46.49672],[6.96317,46.49637],[6.96343,46.49609],[6.96362,46.49573],[6.96437,46.49508],[6.9645,46.4947],[6.96494,46.494],[6.96553,46.4934],[6.96588,46.49315],[6.96642,46.49297],[6.96704,46.49262],[6.9677,46.49241],[6.96825,46.49211],[6.96904,46.49183],[6.9694,46.49153],[6.96979,46.49133],[6.97026,46.49124],[6.97111,46.49132],[6.97164,46.49124],[6.97224,46.49087],[6.97283,46.49025],[6.97323,46.48936],[6.9732,46.48904],[6.97288,46.48849],[6.97284,46.48789],[6.973,46.4872],[6.97284,46.48676],[6.97285,46.48625],[6.97262,46.48569],[6.97277,46.48497],[6.97281,46.48433],[6.97343,46.48343],[6.97373,46.4831],[6.97389,46.48273],[6.97378,46.48148],[6.97403,46.48096],[6.97456,46.48054],[6.97502,46.47955],[6.97511,46.47921],[6.97533,46.47888],[6.97598,46.47829],[6.97672,46.47782],[6.97755,46.47724],[6.97953,46.47605],[6.97979,46.47592],[6.98053,46.4758],[6.98124,46.47599],[6.98165,46.47632],[6.9821,46.47656],[6.98226,46.47669],[6.98249,46.47699],[6.98295,46.47787],[6.98333,46.47835],[6.98392,46.47879],[6.98444,46.47934],[6.98481,46.47963],[6.98493,46.47976],[6.98517,46.48021],[6.98524,46.48034],[6.98534,46.48045],[6.98578,46.48089],[6.98582,46.48092],[6.9866,46.48161],[6.98665,46.48165],[6.98715,46.48213],[6.98734,46.48237],[6.98753,46.48265],[6.98766,46.48293],[6.98785,46.48359],[6.98789,46.48393],[6.9878,46.48501],[6.98787,46.486],[6.98794,46.48616],[6.98805,46.4863],[6.98866,46.48693],[6.98916,46.4874],[6.98941,46.48773],[6.98947,46.48814],[6.98997,46.48906],[6.99069,46.48961],[6.99085,46.48981],[6.99113,46.49029],[6.99117,46.49037],[6.99147,46.49097],[6.99147,46.49098],[6.99174,46.4915],[6.99186,46.49168],[6.99201,46.49185],[6.99209,46.492],[6.99214,46.49216],[6.99214,46.49232],[6.99209,46.49252],[6.99197,46.49283],[6.99193,46.49298],[6.99193,46.49313],[6.99199,46.49378],[6.99198,46.49401],[6.99186,46.49471],[6.99184,46.49522],[6.99175,46.49555],[6.99145,46.49617],[6.99098,46.49726],[6.99075,46.49846],[6.99084,46.49881],[6.99088,46.49911],[6.99087,46.49948],[6.99088,46.49963],[6.99127,46.50136],[6.99135,46.50155],[6.99148,46.50173],[6.99166,46.50188],[6.99239,46.50236],[6.9931,46.50286],[6.99329,46.50297],[6.99425,46.50343],[6.99445,46.50351],[6.99525,46.50376],[6.99567,46.50395],[6.99608,46.50433],[6.99627,46.50447],[6.99687,46.50485],[6.99703,46.50493],[6.99794,46.50534],[6.99854,46.50557],[6.99952,46.50602],[6.99969,46.50608],[6.99987,46.50613],[7.00123,46.50642],[7.00163,46.50662],[7.0024,46.50716],[7.00253,46.50727],[7.00268,46.50744],[7.00281,46.50778],[7.00272,46.50818],[7.0022,46.5092],[7.00215,46.50971],[7.0018,46.51017],[7.00142,46.51037],[7.00109,46.51065],[7.001,46.51083],[7.00096,46.51101],[7.00089,46.5118],[7.00092,46.51245],[7.00086,46.51303],[7.0008,46.51326],[7.00068,46.51347],[7.00027,46.51402],[7.00014,46.51426],[7.00005,46.51457],[7.00002,46.51468],[6.99991,46.51493],[6.99974,46.51522],[6.99957,46.51544],[6.99951,46.51552],[6.99906,46.51626],[6.99861,46.517],[6.99854,46.51716],[6.99851,46.51733],[6.99853,46.5175],[6.99859,46.51767],[6.99881,46.51803],[6.99919,46.51851],[6.9996,46.51892],[6.99982,46.51919],[7.00002,46.51952],[7.00019,46.52008],[7.00021,46.52031],[7.00009,46.52075],[7,46.52119],[7,46.52144],[7.00013,46.52213],[7.0002,46.52234],[7.00051,46.52269],[7.00066,46.5229],[7.00078,46.52315],[7.00082,46.52341],[7.00082,46.52375],[7.00082,46.52377],[7.00079,46.5244],[7.00079,46.52443],[7.00079,46.52494],[7.00085,46.52519],[7.00109,46.5258],[7.00115,46.52603],[7.00121,46.52663],[7.00143,46.52696],[7.00208,46.52731],[7.00265,46.52747],[7.00306,46.52772],[7.00457,46.52911],[7.0047,46.52942],[7.00458,46.52991],[7.00394,46.53051],[7.00259,46.53145],[7.00234,46.53169],[7.00144,46.533],[7.00109,46.53353],[7.00071,46.53375],[6.99998,46.53386],[6.99972,46.53383],[6.99937,46.53382],[6.99719,46.53397],[6.99693,46.53401],[6.99669,46.53408],[6.99647,46.53418],[6.99629,46.53432],[6.99615,46.53447],[6.99606,46.53464],[6.99557,46.53593],[6.99544,46.53617],[6.99528,46.53634],[6.99501,46.53651],[6.99411,46.53697],[6.99393,46.53708],[6.99379,46.5372],[6.99368,46.53735],[6.99284,46.53874],[6.99276,46.53893],[6.99251,46.5399],[6.99241,46.54014],[6.99223,46.54036],[6.99194,46.54064],[6.99155,46.54092],[6.99016,46.54167],[6.98996,46.54181],[6.98981,46.54196],[6.98971,46.54214],[6.98966,46.54232],[6.98967,46.54251],[6.98981,46.54316],[6.98983,46.54338],[6.98982,46.54369],[6.98978,46.54394],[6.98963,46.54444],[6.98958,46.54458],[6.98938,46.54499],[6.98865,46.54675],[6.98853,46.54696],[6.98819,46.54724],[6.98791,46.54737],[6.98644,46.54788],[6.98604,46.54798],[6.98336,46.54844],[6.98299,46.54848],[6.98261,46.54845],[6.97682,46.54757],[6.97669,46.54755],[6.97302,46.54681],[6.96978,46.54621],[6.96963,46.54617],[6.96749,46.54564],[6.96553,46.54513],[6.96529,46.54509],[6.96504,46.54508],[6.96479,46.5451],[6.96433,46.54517],[6.96432,46.54517],[6.96147,46.54564],[6.96122,46.5457],[6.961,46.54579],[6.9604,46.54609],[6.96039,46.54609],[6.95798,46.54733],[6.95797,46.54733],[6.95777,46.54743],[6.9575,46.54754],[6.95701,46.54762],[6.9567,46.54761],[6.95621,46.54756],[6.95595,46.54755],[6.95534,46.54758],[6.9553,46.54758],[6.95467,46.54762],[6.95419,46.54771],[6.95346,46.54796],[6.95326,46.54805],[6.9522,46.5486],[6.95193,46.54872],[6.95143,46.5488],[6.95085,46.5488],[6.95019,46.549],[6.94985,46.54922],[6.94938,46.54938],[6.94903,46.54959],[6.94874,46.54984],[6.9484,46.55008],[6.94834,46.55011],[6.94831,46.55012],[6.94791,46.55028],[6.94742,46.55045],[6.94685,46.55063],[6.9467,46.5507],[6.94646,46.55084],[6.94633,46.5509],[6.94622,46.55095],[6.94603,46.55107],[6.94578,46.55125],[6.94575,46.55127],[6.94551,46.55143],[6.94485,46.55183],[6.94466,46.5519],[6.94442,46.55197],[6.94417,46.55205],[6.94394,46.55218],[6.9435,46.55245],[6.94319,46.55274],[6.94295,46.55288],[6.94276,46.55298],[6.94265,46.55303],[6.94257,46.55306],[6.94217,46.55323],[6.94187,46.55335],[6.94153,46.55349],[6.9413,46.5536],[6.94111,46.55375],[6.94096,46.55394],[6.94076,46.55427],[6.94043,46.55456],[6.94015,46.55469],[6.93988,46.55478],[6.93939,46.55497],[6.93926,46.55503],[6.93922,46.55505],[6.93907,46.55514],[6.93882,46.5553],[6.9387,46.55536],[6.93842,46.55547],[6.93824,46.55553],[6.93806,46.55558],[6.93787,46.55562],[6.93677,46.55572],[6.93612,46.55594],[6.93514,46.55606],[6.9343,46.55631],[6.93386,46.55652],[6.93357,46.55683],[6.93342,46.55728],[6.93317,46.55758],[6.93239,46.55807],[6.93171,46.55832],[6.93148,46.55841],[6.93111,46.55857],[6.93015,46.55872],[6.92964,46.55871],[6.9289,46.55878],[6.92824,46.55869],[6.92755,46.55868],[6.92687,46.55857],[6.92571,46.55844],[6.92486,46.55847],[6.92454,46.55846],[6.92429,46.55843],[6.92406,46.55836],[6.92386,46.55826],[6.92368,46.55814],[6.9234,46.55778],[6.923,46.55747],[6.92261,46.55732],[6.92158,46.55726],[6.92067,46.55714],[6.91992,46.55684],[6.91947,46.55676],[6.91892,46.5568],[6.91851,46.55694],[6.9181,46.55721],[6.9171,46.55772],[6.91648,46.55796],[6.9152,46.55861],[6.91505,46.55867],[6.91504,46.55868],[6.91483,46.55876],[6.91464,46.55881],[6.91254,46.55932],[6.9121,46.55951],[6.91192,46.55964],[6.91179,46.55979],[6.91171,46.55996],[6.91169,46.56032],[6.91201,46.56103],[6.91195,46.56156],[6.91176,46.56186],[6.9113,46.56219],[6.91087,46.56272],[6.91045,46.56294],[6.90993,46.56303],[6.90877,46.56299],[6.90825,46.56304],[6.9075,46.56336],[6.90695,46.56386],[6.90649,46.56403],[6.90597,46.56406],[6.90547,46.56395],[6.90526,46.56385],[6.90503,46.56368],[6.90285,46.56172],[6.9025,46.56145],[6.90079,46.56035],[6.90054,46.56022],[6.89973,46.56],[6.89929,46.55976],[6.89862,46.55965],[6.89762,46.55972],[6.89691,46.55996],[6.89614,46.55993],[6.8957,46.55974],[6.89532,46.55939],[6.89487,46.5591],[6.89465,46.5588],[6.8946,46.55847],[6.89474,46.55815],[6.89504,46.55777],[6.89513,46.55738],[6.89546,46.55694],[6.89614,46.55655],[6.89642,46.55622],[6.89647,46.55585],[6.89617,46.55527],[6.8962,46.55477],[6.8964,46.55439],[6.89636,46.55376],[6.89653,46.55333],[6.89654,46.55298],[6.8963,46.55259],[6.89545,46.55178],[6.89487,46.55129],[6.89475,46.55111],[6.89468,46.55086],[6.89461,46.55022],[6.89452,46.54995],[6.89376,46.54867],[6.89306,46.54773],[6.89241,46.54674],[6.89237,46.54641],[6.89239,46.54633],[6.89278,46.54467],[6.89315,46.54408],[6.89324,46.54374],[6.89319,46.54182],[6.89308,46.54147],[6.892,46.53978],[6.89195,46.53969],[6.89152,46.53887],[6.89081,46.5375],[6.89077,46.53742],[6.89057,46.53694],[6.89051,46.53673],[6.89055,46.53641],[6.8908,46.53603],[6.89087,46.53566],[6.89072,46.53435],[6.89058,46.53327],[6.89058,46.53325],[6.89052,46.53274],[6.89035,46.53221],[6.88986,46.53],[6.88988,46.52905],[6.88996,46.52872],[6.89026,46.52802],[6.89061,46.52746],[6.89063,46.52712],[6.89053,46.52689],[6.88997,46.52579],[6.88993,46.52571],[6.88982,46.52543],[6.8898,46.5254],[6.8897,46.52511],[6.88969,46.52509],[6.88957,46.5248],[6.88954,46.52473],[6.88944,46.52458],[6.88915,46.52432],[6.88833,46.52405],[6.88776,46.52365],[6.88742,46.52296],[6.88709,46.52246],[6.88694,46.52215],[6.88691,46.52208],[6.88682,46.52189],[6.88677,46.52176],[6.88676,46.52173],[6.88656,46.52118],[6.88619,46.51995],[6.88611,46.51975],[6.88608,46.51969],[6.88602,46.51959],[6.88592,46.51944]]]},"properties":{"bfs_nr":2325,"name":"Ch\u00e2tel-Saint-Denis"}},{"type":"Feature","geometry":{"type":"Polygon","coordinates":[[[6.81178,46.52438],[6.81222,46.52402],[6.81279,46.52378],[6.81307,46.52353],[6.8134,46.52299],[6.81435,46.52249],[6.81467,46.52217],[6.81537,46.52131],[6.81602,46.52006],[6.81721,46.51809],[6.8177,46.51714],[6.81796,46.51678],[6.8183,46.51654],[6.81907,46.5162],[6.81979,46.51568],[6.82082,46.51512],[6.82138,46.51489],[6.82203,46.5145],[6.82263,46.51409],[6.82299,46.51336],[6.82329,46.513],[6.82405,46.51239],[6.82449,46.51223],[6.82541,46.51214],[6.82613,46.51216],[6.82734,46.51209],[6.8279,46.51212],[6.82855,46.51232],[6.82908,46.5124],[6.82962,46.51237],[6.83016,46.51242],[6.83071,46.51262],[6.83165,46.51269],[6.8325,46.51281],[6.83294,46.51294],[6.83355,46.51344],[6.83391,46.51364],[6.8356,46.51427],[6.83614,46.51461],[6.83806,46.51548],[6.83909,46.51602],[6.83978,46.51632],[6.84021,46.51671],[6.8403,46.51708],[6.84023,46.51834],[6.84054,46.51911],[6.84038,46.51977],[6.84016,46.52015],[6.83978,46.52041],[6.83902,46.52055],[6.83828,46.52041],[6.83734,46.52042],[6.83715,46.52043],[6.83696,46.52046],[6.83687,46.52047],[6.83682,46.52049],[6.83661,46.52054],[6.83648,46.52057],[6.83623,46.52065],[6.83605,46.52071],[6.83591,46.52078],[6.83571,46.52089],[6.83542,46.52118],[6.83532,46.52153],[6.83549,46.52222],[6.83552,46.52235],[6.83553,46.52244],[6.83554,46.52256],[6.83554,46.52324],[6.83554,46.52326],[6.8355,46.52675],[6.8355,46.52681],[6.83552,46.527],[6.83555,46.52716],[6.8356,46.52728],[6.83566,46.52741],[6.83575,46.52754],[6.83582,46.52765],[6.83586,46.52769],[6.83595,46.52778],[6.83653,46.5283],[6.83654,46.52831],[6.83692,46.52864],[6.83718,46.52896],[6.83728,46.52928],[6.8375,46.53064],[6.83752,46.53108],[6.83756,46.53127],[6.83765,46.53144],[6.83818,46.53218],[6.83828,46.53251],[6.83823,46.53297],[6.83831,46.53364],[6.8381,46.53396],[6.83772,46.5342],[6.83565,46.53491],[6.83499,46.53496],[6.83456,46.5351],[6.83412,46.53549],[6.83401,46.53579],[6.83378,46.53613],[6.83351,46.53639],[6.83315,46.53662],[6.83277,46.53709],[6.83227,46.5374],[6.83157,46.53755],[6.83057,46.53747],[6.8291,46.53781],[6.82755,46.53785],[6.82599,46.53798],[6.82539,46.53824],[6.82492,46.53893],[6.82468,46.53963],[6.82443,46.53993],[6.82402,46.54014],[6.82328,46.54022],[6.8228,46.54011],[6.82208,46.53966],[6.82128,46.53897],[6.8211,46.53865],[6.82102,46.53821],[6.82064,46.53779],[6.81996,46.53752],[6.81954,46.53728],[6.81919,46.53689],[6.81881,46.53622],[6.81875,46.53565],[6.81824,46.53473],[6.81827,46.53429],[6.81812,46.53381],[6.81791,46.53348],[6.81764,46.53254],[6.81707,46.53148],[6.81632,46.53078],[6.81605,46.53034],[6.81475,46.52903],[6.81416,46.52819],[6.81367,46.52774],[6.81347,46.52741],[6.81299,46.52687],[6.81291,46.52648],[6.81269,46.52613],[6.81175,46.52547],[6.81154,46.52517],[6.81151,46.52483],[6.81178,46.52438]]]},"properties":{"bfs_nr":2328,"name":"Granges (Veveyse)"}},{"type":"Feature","geometry":{"type":"Polygon","coordinates":[[[6.86632,46.53741],[6.86659,46.53716],[6.86697,46.53696],[6.86743,46.53687],[6.86791,46.5369],[6.8684,46.53703],[6.86892,46.5371],[6.87007,46.53709],[6.87089,46.53725],[6.87134,46.53729],[6.87199,46.53721],[6.87252,46.53721],[6.87306,46.53734],[6.87358,46.53738],[6.87383,46.53734],[6.87428,46.53717],[6.87461,46.53689],[6.87474,46.53655],[6.87474,46.53637],[6.87455,46.53565],[6.87457,46.53528],[6.87455,46.53512],[6.87426,46.53403],[6.87419,46.53392],[6.87414,46.53383],[6.87413,46.53382],[6.87409,46.53374],[6.87405,46.53366],[6.87398,46.53348],[6.87396,46.5333],[6.87397,46.53313],[6.87401,46.53282],[6.87414,46.53243],[6.87413,46.53206],[6.87425,46.53118],[6.87413,46.53072],[6.87415,46.53041],[6.87416,46.52922],[6.87416,46.52913],[6.87406,46.52834],[6.87381,46.52768],[6.87382,46.52734],[6.87403,46.52636],[6.87403,46.5262],[6.87399,46.52605],[6.87383,46.52563],[6.8738,46.52538],[6.87385,46.52513],[6.87418,46.52447],[6.87406,46.52393],[6.87359,46.52332],[6.87352,46.52296],[6.87369,46.52252],[6.87366,46.52185],[6.87333,46.52104],[6.87341,46.5205],[6.8734,46.51993],[6.8736,46.51956],[6.87453,46.51847],[6.87481,46.51788],[6.87506,46.51758],[6.87517,46.51712],[6.87541,46.51675],[6.87599,46.51618],[6.87713,46.51548],[6.87763,46.51505],[6.87872,46.51435],[6.88078,46.51311],[6.88152,46.51287],[6.88226,46.51296],[6.88289,46.51329],[6.88319,46.51373],[6.8833,46.51478],[6.8833,46.51507],[6.8833,46.51509],[6.88331,46.51531],[6.88331,46.51535],[6.88332,46.5155],[6.88333,46.51555],[6.88336,46.51573],[6.88338,46.51578],[6.88344,46.51601],[6.88351,46.51618],[6.88372,46.51659],[6.8839,46.51691],[6.88397,46.51702],[6.8841,46.51719],[6.88421,46.51734],[6.88423,46.51736],[6.88441,46.5176],[6.88478,46.5182],[6.88533,46.51874],[6.88589,46.5194],[6.88604,46.51963],[6.88618,46.51994],[6.88657,46.5212],[6.88676,46.52173],[6.88677,46.52175],[6.88683,46.5219],[6.8869,46.52205],[6.88697,46.52222],[6.88706,46.52241],[6.8874,46.52293],[6.88766,46.52353],[6.88788,46.52384],[6.88825,46.52407],[6.88889,46.52424],[6.8893,46.52447],[6.88945,46.52461],[6.88957,46.52482],[6.88968,46.52508],[6.8897,46.52512],[6.88981,46.5254],[6.88982,46.52543],[6.88994,46.52572],[6.88996,46.52577],[6.89051,46.52685],[6.89058,46.52706],[6.89056,46.52741],[6.89036,46.52774],[6.88993,46.52878],[6.88988,46.52899],[6.88983,46.52978],[6.88985,46.52996],[6.89038,46.53236],[6.89042,46.53247],[6.89053,46.5328],[6.89058,46.53327],[6.89072,46.53434],[6.89072,46.53435],[6.89083,46.53534],[6.89083,46.53557],[6.89077,46.53574],[6.89041,46.53637],[6.89046,46.53669],[6.89078,46.53744],[6.8908,46.53749],[6.89152,46.53887],[6.89196,46.53971],[6.89199,46.53976],[6.89305,46.54143],[6.89319,46.54186],[6.89323,46.54369],[6.89314,46.54407],[6.89279,46.54463],[6.89244,46.54614],[6.8924,46.54623],[6.89234,46.54641],[6.89241,46.54678],[6.89306,46.54772],[6.89377,46.54869],[6.8945,46.54992],[6.89461,46.55026],[6.89469,46.55091],[6.89474,46.55111],[6.89486,46.55129],[6.89547,46.5518],[6.89627,46.5526],[6.89639,46.55294],[6.89609,46.55376],[6.89613,46.5543],[6.89593,46.55488],[6.89603,46.55523],[6.89629,46.55553],[6.89644,46.55588],[6.89638,46.55624],[6.89611,46.55656],[6.89523,46.55703],[6.89489,46.55727],[6.89471,46.55759],[6.89454,46.55825],[6.89415,46.55858],[6.89369,46.55874],[6.89318,46.55877],[6.89261,46.55864],[6.89217,46.55838],[6.89159,46.55783],[6.89091,46.55766],[6.89017,46.55764],[6.88967,46.55768],[6.88886,46.55786],[6.88812,46.55772],[6.887,46.55706],[6.88607,46.55609],[6.88526,46.55513],[6.88484,46.55474],[6.8843,46.55444],[6.88391,46.55403],[6.88296,46.55327],[6.88246,46.5528],[6.8816,46.55227],[6.88097,46.55176],[6.88057,46.55118],[6.88029,46.55091],[6.87964,46.55049],[6.87922,46.54999],[6.87853,46.5496],[6.8783,46.54926],[6.87808,46.54863],[6.87738,46.54817],[6.87673,46.54803],[6.87614,46.54783],[6.8757,46.54744],[6.87556,46.54705],[6.87522,46.54664],[6.87464,46.54632],[6.87416,46.54592],[6.87378,46.54573],[6.873,46.54554],[6.87263,46.54531],[6.87236,46.54495],[6.87205,46.5447],[6.87131,46.54443],[6.87051,46.54397],[6.86984,46.5437],[6.86938,46.54341],[6.86917,46.54314],[6.86904,46.5426],[6.86865,46.54212],[6.86839,46.54168],[6.86777,46.54109],[6.86762,46.54055],[6.86789,46.54005],[6.86793,46.53963],[6.8677,46.53915],[6.86718,46.5388],[6.86665,46.53862],[6.86621,46.53822],[6.86612,46.53789],[6.86632,46.53741]]]},"properties":{"bfs_nr":2333,"name":"Remaufens"}},{"type":"Feature","geometry":{"type":"Polygon","coordinates":[[[6.85403,46.58136],[6.85564,46.58067],[6.85713,46.58021],[6.8575,46.58013],[6.85816,46.58011],[6.85927,46.57998],[6.85992,46.57974],[6.86044,46.5793],[6.86113,46.57889],[6.86215,46.57851],[6.863,46.57845],[6.86343,46.57834],[6.86403,46.57806],[6.86439,46.57775],[6.86495,46.57743],[6.86524,46.57713],[6.86532,46.57656],[6.86545,46.57624],[6.86574,46.57597],[6.86711,46.57533],[6.86784,46.57505],[6.86816,46.57475],[6.86892,46.5736],[6.86972,46.57278],[6.87028,46.57206],[6.87057,46.57156],[6.87128,46.57045],[6.87233,46.56855],[6.8735,46.56671],[6.87388,46.56595],[6.87419,46.56563],[6.87483,46.56538],[6.87533,46.56537],[6.87586,46.56551],[6.87696,46.56594],[6.8774,46.56622],[6.87849,46.56671],[6.879,46.56679],[6.87952,46.56673],[6.88013,46.5664],[6.88051,46.56591],[6.88123,46.56533],[6.88371,46.56276],[6.88433,46.5624],[6.88508,46.56234],[6.8858,46.56259],[6.88624,46.56288],[6.88671,46.56343],[6.88681,46.56441],[6.88665,46.56487],[6.88662,46.56526],[6.88695,46.56583],[6.8875,46.56642],[6.88767,46.56706],[6.88795,46.56734],[6.88837,46.56753],[6.8891,46.56758],[6.88969,46.56749],[6.89056,46.56754],[6.8911,46.56772],[6.89238,46.568],[6.89286,46.56821],[6.89335,46.56852],[6.89405,46.56882],[6.89507,46.56905],[6.89552,46.56927],[6.89627,46.56974],[6.89768,46.57044],[6.89798,46.57071],[6.89845,46.57132],[6.89903,46.57184],[6.89948,46.5723],[6.89952,46.57233],[6.89961,46.57242],[6.8997,46.57249],[6.8999,46.57264],[6.89996,46.57268],[6.90019,46.57285],[6.90041,46.57316],[6.90045,46.5735],[6.90029,46.57383],[6.89996,46.5741],[6.89934,46.57438],[6.89885,46.5747],[6.89875,46.57477],[6.89832,46.57513],[6.89817,46.57528],[6.89802,46.57563],[6.89803,46.57637],[6.8982,46.57671],[6.89852,46.57699],[6.8987,46.57719],[6.89882,46.5774],[6.89885,46.57759],[6.89876,46.57795],[6.8984,46.57841],[6.89814,46.57896],[6.89752,46.57947],[6.89727,46.5799],[6.8971,46.58052],[6.89676,46.58088],[6.89663,46.5814],[6.8968,46.58173],[6.89713,46.58206],[6.8975,46.58258],[6.89809,46.58293],[6.89882,46.58354],[6.89927,46.58417],[6.89976,46.58452],[6.9002,46.58469],[6.90088,46.58511],[6.90143,46.58532],[6.90222,46.5859],[6.90293,46.58606],[6.90427,46.58643],[6.90559,46.58716],[6.90606,46.5875],[6.90622,46.58775],[6.9064,46.58824],[6.9067,46.58852],[6.90764,46.58888],[6.90816,46.58923],[6.90877,46.58946],[6.90926,46.58983],[6.90952,46.59035],[6.90947,46.59072],[6.90916,46.59115],[6.90846,46.59178],[6.90813,46.59237],[6.90789,46.59265],[6.90716,46.59315],[6.90674,46.59329],[6.90577,46.59333],[6.90529,46.59343],[6.90476,46.59379],[6.90438,46.5947],[6.90405,46.59514],[6.90367,46.59538],[6.90268,46.59564],[6.90196,46.59577],[6.90103,46.59608],[6.90024,46.59624],[6.89962,46.59651],[6.89868,46.59674],[6.89802,46.59682],[6.89755,46.59699],[6.89721,46.59728],[6.89707,46.59763],[6.89709,46.59781],[6.89726,46.59826],[6.89732,46.59873],[6.89749,46.59905],[6.89776,46.59929],[6.89818,46.59985],[6.8983,46.6002],[6.89828,46.60038],[6.89821,46.60056],[6.89805,46.60076],[6.89781,46.601],[6.89729,46.60142],[6.89689,46.60159],[6.89642,46.60164],[6.89569,46.60151],[6.89488,46.60119],[6.89483,46.60117],[6.8945,46.60105],[6.89435,46.60101],[6.89395,46.6009],[6.8933,46.60069],[6.89309,46.60061],[6.89288,46.60052],[6.89286,46.60051],[6.8927,46.60044],[6.89236,46.60035],[6.89209,46.6003],[6.89186,46.60027],[6.89153,46.60025],[6.89133,46.60025],[6.89075,46.60028],[6.88922,46.60029],[6.88857,46.60012],[6.88835,46.59998],[6.88806,46.59978],[6.88691,46.59918],[6.88626,46.59885],[6.8862,46.59882],[6.88536,46.59837],[6.88499,46.59808],[6.88483,46.59776],[6.88489,46.59714],[6.8848,46.59686],[6.8853,46.59683],[6.88553,46.59677],[6.88574,46.59668],[6.88686,46.59582],[6.88712,46.59552],[6.88718,46.59517],[6.88705,46.59482],[6.88674,46.59454],[6.88629,46.59437],[6.88578,46.59433],[6.885,46.59437],[6.88449,46.59447],[6.88408,46.5947],[6.88384,46.59503],[6.88379,46.59521],[6.88377,46.59548],[6.88367,46.59574],[6.88363,46.59591],[6.88364,46.59608],[6.88372,46.5963],[6.88354,46.59629],[6.88329,46.59631],[6.88305,46.59637],[6.88261,46.59657],[6.88213,46.59668],[6.88161,46.59668],[6.88136,46.5967],[6.88112,46.59676],[6.8809,46.59684],[6.88071,46.59695],[6.88066,46.59699],[6.88045,46.59709],[6.87994,46.5972],[6.87942,46.59715],[6.87891,46.59695],[6.87869,46.59681],[6.8786,46.59676],[6.87837,46.5966],[6.87814,46.5964],[6.87777,46.59603],[6.87737,46.59582],[6.87688,46.59574],[6.87662,46.59574],[6.87638,46.59578],[6.87601,46.59591],[6.87581,46.59602],[6.8758,46.59603],[6.87564,46.59613],[6.8754,46.59623],[6.87492,46.59632],[6.87442,46.59627],[6.87366,46.59598],[6.87346,46.59584],[6.87344,46.59583],[6.8729,46.59537],[6.87284,46.59532],[6.87246,46.59495],[6.8724,46.5949],[6.8722,46.59474],[6.87203,46.5946],[6.87188,46.59448],[6.8717,46.59437],[6.87154,46.59428],[6.87089,46.59366],[6.87072,46.59344],[6.87069,46.59338],[6.87058,46.59324],[6.87025,46.593],[6.86906,46.5924],[6.86832,46.59205],[6.86807,46.59198],[6.86754,46.5919],[6.867,46.5917],[6.86687,46.59162],[6.86663,46.5915],[6.86635,46.59143],[6.86557,46.59137],[6.86519,46.59139],[6.865,46.59141],[6.86466,46.59144],[6.86388,46.59126],[6.86313,46.5908],[6.86216,46.59006],[6.86122,46.58924],[6.86096,46.58898],[6.86094,46.58895],[6.86085,46.58885],[6.86072,46.58873],[6.86052,46.58861],[6.86033,46.58852],[6.8601,46.58843],[6.85988,46.58833],[6.85973,46.58826],[6.85963,46.5882],[6.85956,46.58816],[6.85946,46.5881],[6.85929,46.58799],[6.85919,46.58791],[6.85908,46.58782],[6.85851,46.58731],[6.85842,46.58723],[6.85821,46.58702],[6.85808,46.58688],[6.85805,46.58685],[6.85754,46.58643],[6.85735,46.58626],[6.85721,46.58614],[6.85686,46.58587],[6.85676,46.5858],[6.85664,46.58573],[6.85628,46.58548],[6.85618,46.58542],[6.85597,46.58526],[6.85574,46.58496],[6.8557,46.5848],[6.8557,46.58476],[6.85566,46.58456],[6.85541,46.5842],[6.8537,46.58274],[6.85353,46.58257],[6.85344,46.58241],[6.85338,46.58208],[6.8535,46.58176],[6.85403,46.58136]]]},"properties":{"bfs_nr":2335,"name":"Saint-Martin (FR)"}},{"type":"Feature","geometry":{"type":"Polygon","coordinates":[[[6.89895,46.57176],[6.89863,46.57129],[6.89873,46.57079],[6.8992,46.57041],[6.90024,46.57006],[6.90073,46.56966],[6.90084,46.56932],[6.90076,46.56898],[6.90038,46.56834],[6.9004,46.56796],[6.90016,46.56749],[6.89969,46.56713],[6.89949,46.56683],[6.89946,46.5665],[6.89967,46.56603],[6.89967,46.56565],[6.89931,46.56513],[6.89927,46.5646],[6.89952,46.56413],[6.89967,46.56359],[6.89996,46.56324],[6.9013,46.56217],[6.90198,46.56186],[6.90274,46.56188],[6.9034,46.56221],[6.90518,46.56382],[6.90557,46.56405],[6.90605,46.56416],[6.90657,46.56414],[6.90754,46.56387],[6.90822,46.56346],[6.90868,46.56332],[6.90917,46.56331],[6.91,46.56348],[6.91049,46.56343],[6.9111,46.56314],[6.91133,46.56283],[6.91158,46.56222],[6.91189,46.56197],[6.91217,46.56146],[6.91209,46.5611],[6.91169,46.56032],[6.9118,46.55979],[6.9121,46.55951],[6.9126,46.55931],[6.91467,46.5588],[6.91477,46.55877],[6.91487,46.55874],[6.91501,46.55869],[6.91508,46.55866],[6.91517,46.55862],[6.91643,46.55798],[6.9179,46.55749],[6.91857,46.55704],[6.91902,46.55688],[6.91957,46.55685],[6.92045,46.55713],[6.92172,46.55731],[6.92239,46.55733],[6.92287,46.55748],[6.92339,46.55783],[6.9237,46.55817],[6.92388,46.55829],[6.92409,46.55838],[6.92432,46.55844],[6.92456,46.55847],[6.92479,46.55847],[6.92571,46.55844],[6.92678,46.55858],[6.92733,46.55869],[6.92881,46.55881],[6.92968,46.55873],[6.93019,46.55872],[6.93085,46.55867],[6.93109,46.55861],[6.9313,46.55852],[6.93156,46.55838],[6.93217,46.55818],[6.93235,46.5581],[6.93312,46.55765],[6.93329,46.55749],[6.93366,46.55691],[6.934,46.55667],[6.9345,46.55651],[6.93511,46.55617],[6.93613,46.55595],[6.93677,46.55572],[6.93783,46.55563],[6.93795,46.55561],[6.93809,46.55557],[6.93821,46.55554],[6.93847,46.55546],[6.93865,46.55538],[6.93872,46.55535],[6.93882,46.5553],[6.93903,46.55516],[6.93924,46.55504],[6.93943,46.55495],[6.93989,46.55478],[6.93992,46.55477],[6.94016,46.55468],[6.94018,46.55467],[6.94042,46.55457],[6.94078,46.55428],[6.94092,46.55401],[6.94111,46.55376],[6.94159,46.55346],[6.94188,46.55335],[6.94216,46.55323],[6.94241,46.55313],[6.94244,46.55312],[6.94259,46.55306],[6.94264,46.55304],[6.94278,46.55297],[6.94302,46.55285],[6.9432,46.55275],[6.94351,46.55246],[6.94411,46.55209],[6.94431,46.55201],[6.94455,46.55194],[6.9448,46.55186],[6.94502,46.55174],[6.94509,46.55169],[6.94565,46.55135],[6.9458,46.55123],[6.94599,46.5511],[6.94627,46.55093],[6.9466,46.55078],[6.9469,46.55064],[6.94725,46.55054],[6.94825,46.55015],[6.94831,46.55013],[6.94833,46.55011],[6.94848,46.55004],[6.94863,46.54995],[6.9493,46.54943],[6.95003,46.54918],[6.95058,46.5489],[6.9516,46.5488],[6.95188,46.54874],[6.95213,46.54864],[6.95321,46.54807],[6.95352,46.54794],[6.95413,46.54773],[6.95473,46.54761],[6.95588,46.54756],[6.95628,46.54757],[6.95676,46.54762],[6.95701,46.54763],[6.9575,46.54755],[6.95772,46.54746],[6.95797,46.54733],[6.95798,46.54733],[6.9604,46.54609],[6.96041,46.54608],[6.96094,46.54581],[6.96122,46.5457],[6.96153,46.54563],[6.96433,46.54517],[6.96434,46.54517],[6.96473,46.54511],[6.96504,46.54508],[6.96528,46.54509],[6.96559,46.54515],[6.9675,46.54564],[6.96751,46.54564],[6.96965,46.54618],[6.96976,46.5462],[6.97301,46.54681],[6.97304,46.54682],[6.97671,46.54755],[6.9768,46.54757],[6.98269,46.54846],[6.98299,46.54848],[6.98328,46.54846],[6.98611,46.54797],[6.98638,46.5479],[6.98797,46.54735],[6.9882,46.54725],[6.98839,46.54712],[6.98854,46.54696],[6.98864,46.54679],[6.98938,46.545],[6.98959,46.54456],[6.98963,46.54446],[6.9898,46.5439],[6.98982,46.54373],[6.98983,46.54334],[6.98982,46.5432],[6.98968,46.54256],[6.98967,46.54232],[6.98971,46.54214],[6.98997,46.54181],[6.99021,46.54164],[6.99162,46.54088],[6.99188,46.5407],[6.99228,46.54032],[6.99242,46.54014],[6.9925,46.53995],[6.99275,46.53898],[6.99287,46.5387],[6.99365,46.53739],[6.99393,46.53708],[6.99415,46.53695],[6.99507,46.53648],[6.99529,46.53634],[6.99545,46.53617],[6.99556,46.53598],[6.99604,46.53469],[6.9963,46.53432],[6.99669,46.53408],[6.99694,46.53401],[6.99726,46.53397],[6.99927,46.53383],[6.99957,46.53383],[6.99987,46.53387],[7.00042,46.53397],[7.0007,46.53405],[7.00109,46.53425],[7.00144,46.53457],[7.00161,46.53469],[7.00181,46.53477],[7.00252,46.53506],[7.00271,46.53519],[7.00306,46.5356],[7.0036,46.53612],[7.00447,46.53662],[7.00477,46.53708],[7.0048,46.53742],[7.0044,46.5382],[7.00446,46.53852],[7.00475,46.53921],[7.00481,46.53931],[7.00503,46.53966],[7.00523,46.53988],[7.00668,46.54105],[7.00688,46.54126],[7.00703,46.54164],[7.007,46.54188],[7.00698,46.54199],[7.00695,46.54226],[7.00694,46.54229],[7.00692,46.54256],[7.00694,46.54275],[7.00712,46.54314],[7.00719,46.54334],[7.00727,46.54351],[7.0078,46.5443],[7.0079,46.54443],[7.00803,46.54454],[7.00856,46.54494],[7.00881,46.54508],[7.00907,46.5452],[7.0095,46.54565],[7.00948,46.54619],[7.00921,46.5465],[7.00896,46.54665],[6.99626,46.55293],[6.99597,46.55304],[6.99547,46.55312],[6.99496,46.55306],[6.99453,46.55286],[6.99412,46.55253],[6.99344,46.55225],[6.99216,46.55198],[6.99099,46.55182],[6.98981,46.55189],[6.98956,46.55194],[6.98906,46.55211],[6.98879,46.55215],[6.98833,46.55215],[6.98786,46.5522],[6.98733,46.55241],[6.98667,46.55253],[6.98593,46.55278],[6.98562,46.55284],[6.98495,46.55288],[6.98472,46.55292],[6.9845,46.55297],[6.98431,46.55305],[6.98413,46.55314],[6.98392,46.55329],[6.9837,46.55339],[6.98349,46.55346],[6.98311,46.55354],[6.9829,46.55363],[6.98271,46.55374],[6.98256,46.55387],[6.98245,46.55402],[6.98234,46.55421],[6.98221,46.55437],[6.98205,46.55452],[6.98192,46.55468],[6.98181,46.55504],[6.98183,46.55522],[6.98198,46.55578],[6.98208,46.556],[6.98213,46.55608],[6.98228,46.55626],[6.98252,46.55647],[6.98262,46.55656],[6.98294,46.55708],[6.98309,46.55722],[6.98313,46.55726],[6.98321,46.55731],[6.98436,46.55812],[6.98484,46.55872],[6.98498,46.55904],[6.98498,46.55925],[6.98491,46.55984],[6.98492,46.56003],[6.98505,46.5608],[6.98516,46.56099],[6.98547,46.56132],[6.98556,46.56149],[6.98566,46.56197],[6.98574,46.56213],[6.98587,46.56233],[6.98604,46.56251],[6.98626,46.56266],[6.98682,46.56296],[6.98725,46.56312],[6.98775,46.56346],[6.98791,46.56367],[6.98796,46.56377],[6.9881,46.56396],[6.98885,46.56471],[6.98898,46.56483],[6.98993,46.56553],[6.99037,46.56583],[6.99062,46.5661],[6.99077,46.5662],[6.99125,46.56642],[6.99144,46.56655],[6.9916,46.56671],[6.9917,46.56689],[6.99179,46.56733],[6.99199,46.56763],[6.99257,46.56797],[6.9929,46.56823],[6.9931,46.56863],[6.9933,46.56886],[6.9935,46.56901],[6.99403,46.56932],[6.99498,46.5701],[6.99558,46.57079],[6.99572,46.57094],[6.9959,46.57107],[6.99611,46.57117],[6.99711,46.57151],[6.99767,46.57202],[6.99788,46.5724],[6.99804,46.57262],[6.99816,46.57275],[6.99834,46.57289],[6.99873,46.57311],[6.99905,46.57342],[6.99915,46.57376],[6.99907,46.57409],[6.99859,46.57453],[6.99746,46.57508],[6.99596,46.5756],[6.99484,46.57614],[6.99435,46.5763],[6.99308,46.57656],[6.99304,46.57657],[6.99201,46.57681],[6.9918,46.57687],[6.99162,46.57695],[6.98984,46.5779],[6.98929,46.57831],[6.98767,46.57898],[6.98572,46.57965],[6.98458,46.58011],[6.98395,46.58034],[6.98388,46.58037],[6.98361,46.58048],[6.98335,46.58063],[6.98303,46.58085],[6.9822,46.58135],[6.98216,46.58137],[6.98144,46.58178],[6.98141,46.5818],[6.98073,46.58222],[6.9805,46.5824],[6.98014,46.58278],[6.98002,46.58293],[6.97961,46.58361],[6.97942,46.58404],[6.97892,46.58463],[6.97867,46.58502],[6.97866,46.58504],[6.97824,46.58568],[6.97822,46.58571],[6.97809,46.58588],[6.97807,46.58591],[6.97776,46.5864],[6.97775,46.58642],[6.97761,46.58662],[6.97747,46.58679],[6.97726,46.58702],[6.97715,46.58716],[6.97698,46.58744],[6.97698,46.58745],[6.97667,46.58797],[6.97659,46.58815],[6.97646,46.58868],[6.97635,46.58894],[6.9762,46.58922],[6.976,46.58967],[6.97589,46.59004],[6.97582,46.59021],[6.97571,46.59037],[6.97549,46.59063],[6.97532,46.59088],[6.97529,46.59092],[6.97464,46.59174],[6.97452,46.59188],[6.97402,46.59235],[6.9731,46.59311],[6.97298,46.5932],[6.9727,46.59339],[6.97243,46.59357],[6.97118,46.59457],[6.97058,46.5953],[6.96977,46.59592],[6.96943,46.59644],[6.96757,46.5988],[6.96743,46.59899],[6.96691,46.5995],[6.96665,46.59978],[6.96597,46.6006],[6.96509,46.60141],[6.96479,46.6017],[6.96462,46.60185],[6.9644,46.60199],[6.96415,46.60212],[6.96398,46.60226],[6.96385,46.60242],[6.96366,46.60273],[6.96349,46.60305],[6.96328,46.60356],[6.9631,46.60385],[6.96271,46.60419],[6.96228,46.60434],[6.96179,46.60438],[6.96131,46.60429],[6.9596,46.60347],[6.95893,46.6032],[6.95832,46.60298],[6.95769,46.60275],[6.95738,46.60268],[6.95735,46.60267],[6.95648,46.60251],[6.95641,46.6025],[6.95605,46.60244],[6.95599,46.60243],[6.95555,46.60238],[6.95552,46.60238],[6.95481,46.60231],[6.95466,46.60229],[6.95439,46.60225],[6.95413,46.60219],[6.95383,46.60212],[6.95358,46.60204],[6.95312,46.60184],[6.95237,46.60141],[6.95154,46.60102],[6.95113,46.60072],[6.95112,46.60071],[6.94981,46.59977],[6.94906,46.59925],[6.94904,46.59923],[6.94814,46.59858],[6.94805,46.59851],[6.94777,46.59828],[6.94763,46.59815],[6.94751,46.59801],[6.94735,46.59782],[6.94732,46.59778],[6.94666,46.59687],[6.9466,46.5968],[6.94635,46.59652],[6.94625,46.59643],[6.94622,46.5964],[6.94619,46.59638],[6.94594,46.59618],[6.94587,46.59613],[6.94562,46.59596],[6.94555,46.59592],[6.94527,46.59576],[6.94524,46.59575],[6.9447,46.59545],[6.94468,46.59544],[6.9437,46.59492],[6.9434,46.59477],[6.94294,46.59449],[6.94267,46.59434],[6.94242,46.59419],[6.94232,46.59412],[6.94213,46.59399],[6.9419,46.59382],[6.9415,46.59355],[6.94115,46.5933],[6.94112,46.59328],[6.94086,46.5931],[6.94083,46.59308],[6.94053,46.59287],[6.9405,46.59285],[6.94029,46.5927],[6.94025,46.59266],[6.93982,46.59233],[6.93976,46.59229],[6.93858,46.59129],[6.93819,46.59096],[6.93816,46.59094],[6.93785,46.59068],[6.93783,46.59066],[6.93741,46.5903],[6.93656,46.58958],[6.93651,46.58954],[6.93622,46.58927],[6.93617,46.58922],[6.93597,46.58903],[6.93568,46.58876],[6.93544,46.58851],[6.93542,46.58848],[6.93531,46.58838],[6.93528,46.58835],[6.935,46.58811],[6.93497,46.58808],[6.93456,46.58775],[6.93452,46.58772],[6.93409,46.5874],[6.93406,46.58738],[6.93378,46.58719],[6.93358,46.58707],[6.93311,46.58694],[6.93285,46.58692],[6.93259,46.58694],[6.93235,46.58699],[6.93155,46.58725],[6.93102,46.58725],[6.93077,46.58719],[6.93034,46.58697],[6.92985,46.58648],[6.92942,46.58627],[6.92917,46.58621],[6.92891,46.58619],[6.92865,46.5862],[6.92839,46.58625],[6.92816,46.58634],[6.92721,46.58677],[6.92698,46.58688],[6.92676,46.58699],[6.9265,46.58712],[6.92646,46.58714],[6.92619,46.58726],[6.92613,46.58729],[6.92568,46.58748],[6.92499,46.58779],[6.92432,46.58807],[6.92404,46.58817],[6.92356,46.58824],[6.92309,46.58818],[6.92268,46.588],[6.92251,46.58788],[6.92235,46.5877],[6.92235,46.58769],[6.9211,46.58601],[6.92046,46.58513],[6.91901,46.58319],[6.919,46.58318],[6.91848,46.58247],[6.91728,46.58087],[6.91698,46.58057],[6.91682,46.58036],[6.9168,46.58032],[6.91673,46.58017],[6.91661,46.57984],[6.91621,46.57859],[6.91617,46.57849],[6.91613,46.57839],[6.91606,46.57828],[6.91593,46.57811],[6.91582,46.57799],[6.91568,46.57784],[6.91563,46.5778],[6.91554,46.57773],[6.91539,46.57762],[6.91242,46.57581],[6.91153,46.5752],[6.91151,46.57519],[6.91086,46.57473],[6.91065,46.57454],[6.91031,46.57399],[6.90997,46.57376],[6.90953,46.57363],[6.90828,46.57352],[6.90712,46.57327],[6.90633,46.57295],[6.90581,46.57286],[6.90528,46.57293],[6.90483,46.57308],[6.90434,46.57311],[6.90386,46.57302],[6.90309,46.57268],[6.90228,46.57268],[6.90136,46.57295],[6.90064,46.57292],[6.90001,46.57269],[6.89977,46.57254],[6.89973,46.57251],[6.89959,46.5724],[6.89947,46.57229],[6.89895,46.57176]]]},"properties":{"bfs_nr":2336,"name":"Semsales"}},{"type":"Feature","geometry":{"type":"Polygon","coordinates":[[[6.85261,46.58198],[6.85286,46.58209],[6.85349,46.58256],[6.85568,46.58443],[6.85574,46.58444],[6.85566,46.58464],[6.85545,46.58488],[6.85581,46.58519],[6.85625,46.58546],[6.85681,46.58583],[6.85728,46.58619],[6.85744,46.58635],[6.85776,46.58659],[6.85806,46.58685],[6.85814,46.58696],[6.85846,46.58727],[6.85913,46.58786],[6.85937,46.58805],[6.85959,46.58818],[6.8598,46.5883],[6.86019,46.58847],[6.86037,46.58853],[6.86056,46.58861],[6.86076,46.58877],[6.8609,46.5889],[6.86107,46.58912],[6.86217,46.59007],[6.86274,46.59052],[6.86323,46.59088],[6.86398,46.59136],[6.86424,46.59145],[6.86476,46.59145],[6.86507,46.5914],[6.86541,46.59136],[6.86665,46.59144],[6.86677,46.59157],[6.86693,46.59168],[6.86741,46.59186],[6.86767,46.5921],[6.86794,46.59217],[6.8682,46.59195],[6.86825,46.59202],[6.86904,46.59239],[6.87038,46.59307],[6.8705,46.59314],[6.87069,46.59338],[6.87066,46.59342],[6.87149,46.5943],[6.87164,46.59435],[6.87194,46.59452],[6.87243,46.59493],[6.87287,46.59534],[6.87346,46.59584],[6.8736,46.59596],[6.87457,46.59635],[6.87484,46.59651],[6.87534,46.59628],[6.87571,46.59609],[6.8759,46.59596],[6.87615,46.59585],[6.87637,46.59578],[6.87651,46.59581],[6.87681,46.59571],[6.87738,46.59544],[6.87795,46.59621],[6.87824,46.59651],[6.87865,46.59679],[6.87934,46.59723],[6.87991,46.59763],[6.8808,46.5969],[6.88096,46.59676],[6.88106,46.59665],[6.88122,46.59654],[6.88162,46.59692],[6.88245,46.59755],[6.88262,46.59758],[6.88259,46.59792],[6.88387,46.59758],[6.88431,46.59733],[6.88421,46.59691],[6.88359,46.59651],[6.88326,46.59624],[6.88317,46.59611],[6.88328,46.59609],[6.8836,46.59591],[6.88398,46.59573],[6.88354,46.59452],[6.88346,46.59446],[6.88412,46.59442],[6.88597,46.59432],[6.88718,46.59426],[6.88813,46.5948],[6.88695,46.59575],[6.8856,46.59681],[6.88543,46.59672],[6.88521,46.59667],[6.88485,46.59646],[6.884,46.59578],[6.88365,46.59594],[6.88331,46.59614],[6.88333,46.59621],[6.88364,46.59648],[6.88433,46.59693],[6.88437,46.59735],[6.88392,46.59761],[6.88623,46.59884],[6.8869,46.59917],[6.88815,46.59983],[6.88915,46.60058],[6.89002,46.60178],[6.89051,46.60209],[6.89052,46.6021],[6.89079,46.60225],[6.89106,46.60239],[6.89163,46.60264],[6.89145,46.60284],[6.89105,46.60304],[6.89034,46.60342],[6.89101,46.604],[6.89176,46.60439],[6.89137,46.60473],[6.89121,46.6055],[6.89191,46.60578],[6.89229,46.60622],[6.89285,46.60672],[6.8931,46.60693],[6.89385,46.60757],[6.89431,46.60799],[6.89456,46.60829],[6.89518,46.60889],[6.89543,46.60909],[6.89585,46.6094],[6.89609,46.60965],[6.89661,46.61009],[6.8972,46.61026],[6.89774,46.61021],[6.89808,46.61017],[6.8994,46.61139],[6.89825,46.61189],[6.89873,46.61237],[6.89929,46.61258],[6.89958,46.61249],[6.89988,46.61269],[6.90035,46.61276],[6.90033,46.61262],[6.90065,46.61253],[6.90072,46.61256],[6.9008,46.61258],[6.90095,46.61267],[6.90103,46.61268],[6.90123,46.61276],[6.90152,46.61288],[6.9016,46.61293],[6.90182,46.61305],[6.902,46.61311],[6.90207,46.61318],[6.90226,46.61323],[6.90233,46.61323],[6.90246,46.61325],[6.90254,46.61328],[6.90259,46.61332],[6.90269,46.61337],[6.90285,46.61334],[6.90305,46.61343],[6.9031,46.61347],[6.90317,46.61347],[6.90325,46.61345],[6.90329,46.6135],[6.90326,46.61358],[6.90394,46.61381],[6.90454,46.61385],[6.90499,46.6136],[6.90542,46.61371],[6.90619,46.61371],[6.90664,46.61415],[6.90683,46.61438],[6.90701,46.61466],[6.90716,46.61495],[6.9072,46.6153],[6.90696,46.61561],[6.90671,46.61572],[6.90661,46.61578],[6.90653,46.61584],[6.90642,46.61592],[6.90637,46.61596],[6.90632,46.61598],[6.90607,46.61605],[6.90585,46.61608],[6.90554,46.61611],[6.90537,46.61615],[6.90527,46.61621],[6.90507,46.61624],[6.90499,46.61628],[6.90481,46.61631],[6.90461,46.61628],[6.90439,46.61633],[6.90369,46.61663],[6.90361,46.6167],[6.90355,46.61678],[6.90346,46.61682],[6.90328,46.61698],[6.9031,46.61709],[6.90307,46.61713],[6.90295,46.61721],[6.90271,46.61731],[6.90241,46.61747],[6.90221,46.61752],[6.90183,46.61779],[6.90179,46.61785],[6.90162,46.61829],[6.90157,46.61835],[6.90156,46.61848],[6.90147,46.61863],[6.90118,46.61884],[6.90091,46.61894],[6.90067,46.61901],[6.90028,46.61913],[6.89959,46.61953],[6.89944,46.61965],[6.89925,46.61993],[6.89892,46.62031],[6.89859,46.62064],[6.89895,46.62106],[6.89674,46.62238],[6.89634,46.62272],[6.89635,46.62294],[6.89668,46.62313],[6.89703,46.62326],[6.89707,46.62329],[6.89666,46.62396],[6.8962,46.62426],[6.89575,46.62428],[6.89356,46.62374],[6.89328,46.6236],[6.89305,46.62367],[6.8926,46.62375],[6.89221,46.62381],[6.89186,46.62381],[6.89142,46.62373],[6.89121,46.62372],[6.89062,46.6238],[6.88925,46.62383],[6.88853,46.62382],[6.8877,46.62367],[6.88779,46.62463],[6.88836,46.62494],[6.88821,46.62532],[6.88779,46.62513],[6.88697,46.62543],[6.88656,46.6256],[6.8863,46.62572],[6.88613,46.6258],[6.88543,46.62603],[6.88444,46.62623],[6.88392,46.62534],[6.88366,46.62482],[6.88353,46.62451],[6.88326,46.62419],[6.88277,46.62414],[6.88189,46.62415],[6.8814,46.6241],[6.88099,46.62404],[6.88094,46.62385],[6.88094,46.62368],[6.88116,46.62308],[6.88097,46.62286],[6.88043,46.62286],[6.88029,46.62272],[6.8797,46.62262],[6.88003,46.62183],[6.87965,46.62177],[6.87936,46.62157],[6.8784,46.62143],[6.87794,46.6213],[6.87761,46.62148],[6.87711,46.62156],[6.87689,46.62156],[6.87663,46.62143],[6.87641,46.62127],[6.87613,46.62099],[6.87592,46.62071],[6.87578,46.62049],[6.87564,46.62019],[6.87555,46.61992],[6.8755,46.61981],[6.87537,46.61961],[6.8753,46.61946],[6.87525,46.61934],[6.8753,46.61901],[6.87547,46.61878],[6.87588,46.61831],[6.87605,46.61836],[6.87696,46.61825],[6.87751,46.61801],[6.87697,46.61727],[6.8766,46.61664],[6.87627,46.61615],[6.87599,46.61575],[6.87573,46.61536],[6.8756,46.61506],[6.87541,46.61467],[6.8753,46.61448],[6.87485,46.6137],[6.8747,46.61339],[6.87463,46.61307],[6.87437,46.61292],[6.87425,46.61281],[6.87405,46.61242],[6.87404,46.61227],[6.87288,46.61109],[6.87176,46.61149],[6.87145,46.61118],[6.87043,46.61169],[6.8704,46.61181],[6.87025,46.61197],[6.87016,46.61203],[6.86972,46.61224],[6.86912,46.61264],[6.86922,46.61302],[6.8684,46.61331],[6.86801,46.61263],[6.86846,46.61238],[6.86836,46.61222],[6.86816,46.61198],[6.86788,46.61156],[6.86779,46.61136],[6.86777,46.61119],[6.86773,46.61109],[6.86706,46.61014],[6.86657,46.61036],[6.86639,46.61041],[6.86517,46.61088],[6.86442,46.6112],[6.8641,46.61083],[6.86371,46.61047],[6.86315,46.61003],[6.86285,46.60976],[6.86277,46.60959],[6.8627,46.60931],[6.86218,46.60835],[6.86189,46.60794],[6.86134,46.6087],[6.86111,46.6089],[6.86084,46.60911],[6.86073,46.60919],[6.85951,46.60831],[6.85925,46.60814],[6.85906,46.60809],[6.85822,46.60791],[6.85812,46.60788],[6.85762,46.60765],[6.85785,46.60755],[6.85755,46.60727],[6.8571,46.60679],[6.85692,46.60653],[6.85646,46.60592],[6.85638,46.60575],[6.85626,46.60575],[6.85627,46.60551],[6.85626,46.60542],[6.8559,46.60427],[6.85585,46.60417],[6.85555,46.6037],[6.85553,46.60366],[6.85529,46.60295],[6.85523,46.60275],[6.85519,46.60268],[6.85518,46.60265],[6.85519,46.60263],[6.85523,46.6026],[6.85524,46.60255],[6.85511,46.60205],[6.85487,46.60203],[6.85484,46.60202],[6.85478,46.60199],[6.85471,46.60194],[6.8547,46.6019],[6.85471,46.60182],[6.85438,46.6016],[6.85445,46.60145],[6.8542,46.60141],[6.8542,46.60148],[6.85413,46.60149],[6.8541,46.60148],[6.85391,46.60137],[6.85392,46.60129],[6.85397,46.60125],[6.85401,46.60115],[6.85399,46.60102],[6.85408,46.60091],[6.85384,46.60061],[6.85251,46.60087],[6.85117,46.6012],[6.85044,46.6013],[6.85014,46.60128],[6.84977,46.6013],[6.84974,46.60085],[6.84933,46.60002],[6.84905,46.59961],[6.84844,46.59883],[6.84823,46.59857],[6.84751,46.59799],[6.84724,46.5979],[6.84679,46.59566],[6.84473,46.59246],[6.84456,46.59239],[6.84431,46.59226],[6.84458,46.59206],[6.8444,46.59185],[6.8441,46.59156],[6.84369,46.59119],[6.84345,46.59086],[6.84327,46.5907],[6.84305,46.59061],[6.84271,46.5905],[6.84223,46.59017],[6.8424,46.59015],[6.84262,46.58996],[6.843,46.58974],[6.84304,46.58966],[6.84315,46.58962],[6.8434,46.58943],[6.84343,46.58897],[6.84368,46.58854],[6.84347,46.58846],[6.84338,46.58831],[6.84332,46.58829],[6.84338,46.58815],[6.84327,46.5881],[6.84313,46.588],[6.84293,46.58766],[6.84301,46.58755],[6.84312,46.58749],[6.84328,46.58729],[6.8433,46.58721],[6.84323,46.58712],[6.84321,46.58702],[6.84324,46.58695],[6.84349,46.5869],[6.84362,46.58689],[6.84371,46.58667],[6.84366,46.58645],[6.84365,46.5861],[6.84371,46.58604],[6.84388,46.586],[6.84391,46.58593],[6.84378,46.58559],[6.84391,46.58514],[6.8439,46.58471],[6.8436,46.58454],[6.84295,46.58445],[6.8427,46.58447],[6.84212,46.58356],[6.84144,46.58244],[6.84204,46.58221],[6.84221,46.58216],[6.84239,46.58244],[6.84319,46.58269],[6.84385,46.58242],[6.84441,46.58273],[6.84475,46.58281],[6.84518,46.58274],[6.84545,46.58284],[6.84576,46.58316],[6.84633,46.58392],[6.8467,46.58391],[6.84736,46.58359],[6.84831,46.58344],[6.84898,46.58302],[6.84884,46.58284],[6.84928,46.58229],[6.84928,46.58199],[6.85072,46.58124],[6.85087,46.58113],[6.85143,46.58107],[6.85261,46.58198]]]},"properties":{"bfs_nr":2337,"name":"Le Flon"}},{"type":"Feature","geometry":{"type":"Polygon","coordinates":[[[6.88989,46.60159],[6.88975,46.60122],[6.88982,46.60087],[6.89025,46.60045],[6.89071,46.6003],[6.89128,46.60025],[6.89158,46.60025],[6.89181,46.60027],[6.89227,46.60033],[6.89278,46.60048],[6.89312,46.60062],[6.89327,46.60068],[6.89398,46.60091],[6.89431,46.601],[6.89454,46.60107],[6.89545,46.60141],[6.89587,46.60161],[6.89613,46.60168],[6.89667,46.60169],[6.89716,46.60156],[6.89754,46.6013],[6.89812,46.60069],[6.89823,46.60055],[6.89832,46.60038],[6.89836,46.60021],[6.89828,46.59986],[6.89757,46.59905],[6.89716,46.59798],[6.89711,46.59777],[6.89717,46.59743],[6.89758,46.59702],[6.89804,46.59685],[6.89884,46.59677],[6.89955,46.5966],[6.90044,46.59623],[6.90152,46.59602],[6.9027,46.59572],[6.90359,46.59545],[6.90407,46.59515],[6.90444,46.59471],[6.90473,46.59398],[6.90501,46.59367],[6.90545,46.59346],[6.90682,46.5933],[6.90707,46.59321],[6.90787,46.59276],[6.90819,46.59247],[6.90837,46.59201],[6.90863,46.59168],[6.90953,46.59085],[6.90968,46.59053],[6.90965,46.59019],[6.90944,46.58988],[6.90905,46.58953],[6.90867,46.58929],[6.9082,46.58913],[6.90742,46.58869],[6.9066,46.58835],[6.90635,46.58806],[6.90624,46.58774],[6.90613,46.58756],[6.90598,46.5874],[6.9055,46.5871],[6.90479,46.5867],[6.90442,46.58635],[6.90401,46.58613],[6.90321,46.58596],[6.90218,46.58565],[6.90174,46.58545],[6.90126,46.585],[6.90082,46.58478],[6.89969,46.58389],[6.89952,46.5836],[6.89848,46.58285],[6.89798,46.58264],[6.89761,46.58237],[6.89736,46.58195],[6.89684,46.58136],[6.89686,46.58086],[6.89735,46.58026],[6.8975,46.57971],[6.89768,46.57936],[6.89838,46.57881],[6.89866,46.5785],[6.89893,46.57784],[6.89888,46.57746],[6.89879,46.5773],[6.89867,46.57715],[6.89837,46.5768],[6.89825,46.57644],[6.89833,46.57605],[6.89825,46.57556],[6.89832,46.57523],[6.89859,46.57491],[6.89888,46.57468],[6.89922,46.57446],[6.89946,46.57433],[6.89997,46.57419],[6.90283,46.5738],[6.90367,46.57357],[6.90439,46.5735],[6.90511,46.5732],[6.90575,46.57304],[6.90622,46.57305],[6.90695,46.57329],[6.90763,46.57339],[6.90889,46.57369],[6.90972,46.57381],[6.91012,46.574],[6.91057,46.5745],[6.91071,46.57463],[6.91152,46.57519],[6.91153,46.5752],[6.91243,46.57582],[6.91535,46.5776],[6.91557,46.57775],[6.9158,46.57796],[6.91595,46.57814],[6.91604,46.57825],[6.91614,46.57842],[6.91622,46.57861],[6.91661,46.57985],[6.91662,46.57988],[6.91674,46.5802],[6.91679,46.58029],[6.91691,46.58051],[6.91701,46.58066],[6.91748,46.58113],[6.91848,46.58247],[6.91849,46.58248],[6.919,46.58319],[6.91901,46.5832],[6.92046,46.58513],[6.92235,46.58769],[6.92236,46.58771],[6.92238,46.58774],[6.92251,46.58788],[6.92267,46.58801],[6.92308,46.58818],[6.92332,46.58823],[6.92356,46.58824],[6.9238,46.58822],[6.92404,46.58818],[6.92426,46.5881],[6.925,46.58778],[6.92614,46.58728],[6.92618,46.58727],[6.92647,46.58713],[6.92649,46.58712],[6.92677,46.58699],[6.92692,46.58691],[6.92711,46.58684],[6.92761,46.58659],[6.9281,46.58636],[6.92865,46.58621],[6.92917,46.58621],[6.92942,46.58627],[6.92984,46.58649],[6.93033,46.58698],[6.93053,46.5871],[6.93076,46.58719],[6.93102,46.58725],[6.93128,46.58727],[6.93155,46.58726],[6.9318,46.5872],[6.9326,46.58694],[6.93311,46.58694],[6.93358,46.58708],[6.93383,46.58722],[6.93451,46.58771],[6.93457,46.58776],[6.93496,46.58807],[6.935,46.58811],[6.93527,46.58834],[6.93531,46.58839],[6.93545,46.58852],[6.93569,46.58877],[6.93621,46.58926],[6.93652,46.58955],[6.93655,46.58957],[6.93741,46.5903],[6.93742,46.59031],[6.93783,46.59066],[6.93785,46.59068],[6.93816,46.59093],[6.93819,46.59096],[6.93857,46.59129],[6.93977,46.5923],[6.93981,46.59232],[6.94025,46.59267],[6.94028,46.59269],[6.94052,46.59286],[6.94053,46.59287],[6.94083,46.59308],[6.94085,46.5931],[6.94111,46.59327],[6.94115,46.5933],[6.94151,46.59356],[6.94173,46.5937],[6.94183,46.59379],[6.94201,46.59392],[6.94216,46.59401],[6.94233,46.59413],[6.9424,46.59418],[6.94268,46.59435],[6.94292,46.59447],[6.94325,46.59468],[6.94343,46.59479],[6.94372,46.59493],[6.94468,46.59544],[6.94471,46.59545],[6.94524,46.59574],[6.94527,46.59576],[6.94553,46.59591],[6.94564,46.59598],[6.94585,46.59612],[6.94596,46.5962],[6.94618,46.59637],[6.94622,46.5964],[6.94637,46.59655],[6.94658,46.59678],[6.94667,46.59689],[6.9469,46.59722],[6.94732,46.59778],[6.94735,46.59781],[6.94753,46.59803],[6.94761,46.59813],[6.94771,46.59822],[6.94776,46.59827],[6.94806,46.59852],[6.94812,46.59856],[6.94905,46.59924],[6.94907,46.59925],[6.9498,46.59976],[6.94982,46.59978],[6.95113,46.60071],[6.95114,46.60072],[6.95136,46.60088],[6.95156,46.60107],[6.95174,46.60143],[6.95155,46.60202],[6.95014,46.60373],[6.95002,46.60395],[6.94974,46.60468],[6.94971,46.60477],[6.94919,46.60701],[6.94798,46.61015],[6.94786,46.61035],[6.9473,46.61092],[6.94676,46.61167],[6.94674,46.6117],[6.94636,46.61227],[6.94635,46.61228],[6.94568,46.61327],[6.94553,46.61346],[6.94544,46.61354],[6.94534,46.61363],[6.94522,46.61374],[6.94508,46.61388],[6.94435,46.61474],[6.94394,46.61535],[6.94374,46.61555],[6.94294,46.61617],[6.94241,46.61659],[6.94195,46.61676],[6.94142,46.6168],[6.94039,46.61658],[6.93922,46.61613],[6.93818,46.61579],[6.93756,46.61564],[6.93689,46.61517],[6.93594,46.61473],[6.93521,46.61466],[6.93474,46.61477],[6.93414,46.61514],[6.93366,46.61527],[6.93303,46.61534],[6.93257,46.61552],[6.93205,46.61593],[6.93123,46.61618],[6.93095,46.61619],[6.93067,46.61615],[6.93042,46.61607],[6.92991,46.61585],[6.92965,46.61579],[6.92938,46.61577],[6.92912,46.61579],[6.92886,46.61585],[6.92842,46.61606],[6.92774,46.61658],[6.92756,46.61675],[6.92696,46.61745],[6.92676,46.61757],[6.92648,46.61769],[6.92615,46.6178],[6.92611,46.61781],[6.92542,46.61803],[6.92405,46.61848],[6.92397,46.61851],[6.92348,46.61865],[6.92317,46.61872],[6.9229,46.61873],[6.9222,46.61868],[6.92167,46.61876],[6.92112,46.61874],[6.92017,46.61842],[6.91874,46.61812],[6.91795,46.61787],[6.91709,46.61784],[6.91645,46.61763],[6.9161,46.61734],[6.91571,46.61691],[6.91514,46.61664],[6.91389,46.61633],[6.91375,46.6163],[6.9134,46.61625],[6.91323,46.61622],[6.91291,46.61614],[6.91197,46.61587],[6.91123,46.61582],[6.91059,46.61598],[6.91004,46.61599],[6.90883,46.61575],[6.90767,46.61536],[6.90728,46.61509],[6.90712,46.61487],[6.90699,46.61463],[6.90685,46.61442],[6.90679,46.61434],[6.90667,46.61419],[6.9066,46.61411],[6.90658,46.61409],[6.90619,46.61384],[6.90595,46.61376],[6.90493,46.61367],[6.90464,46.61371],[6.90456,46.61373],[6.90433,46.61376],[6.90364,46.61366],[6.90328,46.61348],[6.90308,46.6134],[6.90291,46.61335],[6.90279,46.61333],[6.90266,46.6133],[6.90252,46.61327],[6.90237,46.61323],[6.90235,46.61322],[6.90217,46.61318],[6.90161,46.61293],[6.90155,46.6129],[6.90152,46.61288],[6.90146,46.61285],[6.90127,46.61278],[6.90106,46.6127],[6.9008,46.61259],[6.90067,46.61253],[6.89999,46.61234],[6.89963,46.61212],[6.89942,46.61182],[6.89935,46.61149],[6.89926,46.6113],[6.89912,46.61114],[6.89836,46.61045],[6.89793,46.61027],[6.89769,46.61023],[6.89744,46.61022],[6.89738,46.61022],[6.89702,46.61018],[6.89655,46.61001],[6.89632,46.60984],[6.89614,46.6097],[6.89605,46.6096],[6.8959,46.60946],[6.89578,46.60935],[6.89545,46.60911],[6.89541,46.60908],[6.89525,46.60895],[6.89511,46.60883],[6.89435,46.60804],[6.89425,46.60795],[6.89406,46.60778],[6.89382,46.60755],[6.8931,46.60693],[6.89288,46.60674],[6.89282,46.60669],[6.8922,46.6061],[6.89151,46.60531],[6.89143,46.60495],[6.89148,46.60473],[6.89149,46.60455],[6.89137,46.60421],[6.89124,46.60406],[6.89116,46.60399],[6.89106,46.60383],[6.89103,46.6033],[6.89115,46.60302],[6.89116,46.60284],[6.89112,46.60265],[6.89088,46.60232],[6.89069,46.60219],[6.89053,46.6021],[6.89044,46.60205],[6.89025,46.60193],[6.89005,46.60177],[6.88989,46.60159]]]},"properties":{"bfs_nr":2338,"name":"La Verrerie"}}]}