{"type":"FeatureCollection","features":[{"type":"Feature","geometry":{"type":"Polygon","coordinates":[[[9.03099,46.23843],[9.03043,46.23801],[9.0302,46.23751],[9.03028,46.23717],[9.03056,46.23687],[9.0308,46.23673],[9.03188,46.23621],[9.0321,46.23608],[9.03227,46.23593],[9.03299,46.23506],[9.03313,46.23482],[9.03417,46.23186],[9.03417,46.23185],[9.03642,46.22507],[9.03644,46.22496],[9.03701,46.22106],[9.03722,46.22061],[9.039,46.21846],[9.03912,46.21828],[9.03917,46.21808],[9.03924,46.21738],[9.03924,46.21732],[9.03924,46.21681],[9.03919,46.21649],[9.0392,46.21631],[9.03937,46.21599],[9.0397,46.21573],[9.04011,46.21554],[9.04041,46.21524],[9.04049,46.21506],[9.04048,46.2147],[9.04036,46.21446],[9.04025,46.21421],[9.03942,46.21153],[9.03938,46.21133],[9.03945,46.21092],[9.0394,46.21018],[9.0396,46.20844],[9.03926,46.20745],[9.03907,46.20672],[9.03904,46.20652],[9.03903,46.20634],[9.03904,46.20599],[9.03894,46.20555],[9.03895,46.20539],[9.03899,46.20523],[9.03908,46.20508],[9.03937,46.20482],[9.03983,46.2046],[9.04063,46.20436],[9.04113,46.20429],[9.04228,46.20444],[9.04255,46.20446],[9.04311,46.20447],[9.04427,46.2044],[9.04521,46.2045],[9.04549,46.20449],[9.04608,46.20436],[9.04657,46.20433],[9.04776,46.20467],[9.0484,46.20483],[9.04844,46.20484],[9.04943,46.20505],[9.04966,46.20509],[9.0499,46.20509],[9.05014,46.20506],[9.0506,46.20493],[9.05095,46.20487],[9.05131,46.20485],[9.05167,46.20489],[9.05191,46.20494],[9.05237,46.20507],[9.05281,46.2052],[9.05327,46.20524],[9.05372,46.20516],[9.05515,46.20472],[9.05541,46.20461],[9.05562,46.20448],[9.05579,46.20431],[9.05611,46.20389],[9.05611,46.20388],[9.05671,46.20307],[9.05671,46.20306],[9.05743,46.20208],[9.05808,46.20143],[9.05825,46.20107],[9.05811,46.19996],[9.05819,46.19947],[9.05862,46.19861],[9.05865,46.19855],[9.05909,46.1974],[9.05913,46.19726],[9.05913,46.19711],[9.05901,46.19573],[9.05901,46.19569],[9.05896,46.19466],[9.05896,46.19463],[9.05895,46.19432],[9.05898,46.1941],[9.05907,46.19388],[9.06018,46.19199],[9.06019,46.19199],[9.06032,46.1918],[9.0607,46.19153],[9.06191,46.19091],[9.06207,46.19082],[9.06221,46.1907],[9.06232,46.19058],[9.06295,46.18967],[9.06307,46.18952],[9.06349,46.18919],[9.06403,46.18877],[9.06404,46.18876],[9.06468,46.18827],[9.06492,46.18812],[9.06538,46.18797],[9.0657,46.18794],[9.06609,46.18793],[9.0661,46.18793],[9.06772,46.18789],[9.06798,46.18786],[9.06918,46.18765],[9.06919,46.18765],[9.07111,46.1873],[9.07431,46.18709],[9.075,46.1869],[9.0755,46.18656],[9.07605,46.18638],[9.07667,46.18628],[9.07689,46.18623],[9.07711,46.18615],[9.07729,46.18604],[9.07794,46.18558],[9.07805,46.1855],[9.07895,46.1847],[9.07942,46.18442],[9.08077,46.18387],[9.08118,46.18375],[9.08288,46.1834],[9.0834,46.18334],[9.08555,46.18331],[9.08626,46.18342],[9.08646,46.18345],[9.08688,46.18348],[9.08713,46.18353],[9.08745,46.18362],[9.08867,46.18378],[9.08953,46.18377],[9.09027,46.18372],[9.09041,46.18371],[9.09068,46.18367],[9.09103,46.18358],[9.0914,46.18346],[9.09175,46.18341],[9.09284,46.18332],[9.09335,46.1833],[9.09367,46.18326],[9.09481,46.18302],[9.09509,46.18298],[9.09663,46.18287],[9.09679,46.18285],[9.09799,46.18266],[9.09825,46.18262],[9.09854,46.18256],[9.10107,46.18179],[9.10157,46.1817],[9.10187,46.18171],[9.10319,46.18182],[9.10348,46.18183],[9.10377,46.18179],[9.10465,46.18158],[9.10482,46.18153],[9.1068,46.18085],[9.10711,46.1807],[9.10928,46.17929],[9.10986,46.17904],[9.11275,46.17836],[9.11354,46.17833],[9.11733,46.17885],[9.11759,46.17887],[9.11785,46.17885],[9.11889,46.17862],[9.11938,46.17861],[9.12045,46.17844],[9.12097,46.17826],[9.12191,46.17813],[9.1224,46.17813],[9.12283,46.17809],[9.12295,46.17808],[9.12396,46.17794],[9.12554,46.17785],[9.12582,46.17785],[9.12759,46.17793],[9.12794,46.17792],[9.12955,46.17769],[9.13131,46.17749],[9.13144,46.17747],[9.13354,46.17707],[9.13357,46.17707],[9.13375,46.17703],[9.13403,46.177],[9.13447,46.17703],[9.13474,46.1771],[9.13744,46.17801],[9.13803,46.17837],[9.1382,46.17869],[9.13819,46.17903],[9.13784,46.17947],[9.13732,46.17973],[9.13582,46.18027],[9.13537,46.18054],[9.13484,46.18105],[9.13411,46.18191],[9.1338,46.18236],[9.13308,46.18297],[9.13211,46.18357],[9.13183,46.18419],[9.13145,46.18469],[9.13133,46.18501],[9.13137,46.18542],[9.13121,46.18629],[9.13136,46.18685],[9.13107,46.1882],[9.13088,46.18851],[9.13004,46.18912],[9.12975,46.18944],[9.12947,46.18991],[9.12888,46.19034],[9.12824,46.19141],[9.1274,46.19231],[9.12697,46.19261],[9.12646,46.19313],[9.12596,46.19411],[9.12513,46.19492],[9.12441,46.19526],[9.12308,46.1956],[9.12116,46.19736],[9.12097,46.19763],[9.12072,46.19838],[9.12041,46.19891],[9.1198,46.1997],[9.11898,46.20036],[9.11756,46.2011],[9.11712,46.2015],[9.11602,46.20224],[9.11322,46.20345],[9.11271,46.20371],[9.11215,46.20413],[9.11147,46.20476],[9.11088,46.2051],[9.10907,46.20567],[9.10846,46.20568],[9.10797,46.20578],[9.10688,46.20618],[9.10519,46.20672],[9.10305,46.20748],[9.10071,46.20828],[9.09827,46.20916],[9.09692,46.2096],[9.0953,46.21019],[9.09335,46.21086],[9.09251,46.21119],[9.09062,46.21185],[9.08972,46.21211],[9.08924,46.21214],[9.08878,46.21205],[9.08835,46.21182],[9.08733,46.21103],[9.08675,46.21059],[9.08655,46.21047],[9.08632,46.21037],[9.08579,46.2103],[9.08526,46.21038],[9.08294,46.21111],[9.08265,46.21118],[9.08217,46.21119],[9.08193,46.21115],[9.08165,46.21107],[9.08097,46.2108],[9.08072,46.21072],[9.08045,46.21068],[9.08017,46.21068],[9.07991,46.21073],[9.07966,46.21081],[9.07946,46.21089],[9.07929,46.21097],[9.07914,46.21108],[9.0777,46.21225],[9.07735,46.21247],[9.07567,46.2133],[9.07562,46.21333],[9.07415,46.21414],[9.07382,46.2144],[9.07363,46.2151],[9.07342,46.21543],[9.07325,46.21556],[9.07299,46.2157],[9.06976,46.21706],[9.06696,46.2183],[9.06692,46.21832],[9.06398,46.21955],[9.06396,46.21956],[9.06051,46.22096],[9.06047,46.22097],[9.05702,46.22248],[9.05686,46.22256],[9.05681,46.22257],[9.05614,46.22287],[9.05597,46.22293],[9.05597,46.22294],[9.05573,46.22302],[9.05513,46.22323],[9.05402,46.22348],[9.05334,46.22376],[9.05301,46.22403],[9.05262,46.2245],[9.05223,46.22487],[9.05194,46.2251],[9.05192,46.2251],[9.05173,46.22522],[9.05148,46.22537],[9.05133,46.22546],[9.05126,46.2255],[9.05107,46.22564],[9.05093,46.22581],[9.05065,46.22647],[9.05028,46.22712],[9.05019,46.2276],[9.05037,46.22822],[9.05038,46.22848],[9.04999,46.23096],[9.04999,46.23114],[9.05018,46.23163],[9.05024,46.23186],[9.05024,46.23204],[9.05009,46.23238],[9.05001,46.2328],[9.04982,46.23319],[9.0498,46.23356],[9.05,46.2339],[9.05065,46.23453],[9.05091,46.2352],[9.05124,46.23568],[9.05149,46.23622],[9.052,46.23663],[9.05221,46.23703],[9.05236,46.2378],[9.05289,46.23844],[9.05357,46.23969],[9.05367,46.24008],[9.05342,46.24057],[9.05305,46.24081],[9.05258,46.24093],[9.05207,46.24092],[9.05177,46.24084],[9.03798,46.2364],[9.03772,46.2363],[9.0375,46.23622],[9.03727,46.23618],[9.03702,46.23617],[9.03678,46.23619],[9.03654,46.23624],[9.03633,46.23632],[9.03614,46.23643],[9.03598,46.23656],[9.03592,46.23662],[9.03505,46.2375],[9.03437,46.23788],[9.03391,46.23795],[9.03341,46.23811],[9.03272,46.23861],[9.03224,46.23874],[9.03171,46.23874],[9.03099,46.23843]]]},"properties":{"bfs_nr":5001,"name":"Arbedo-Castione"}},{"type":"Feature","geometry":{"type":"Polygon","coordinates":[[[8.91768,46.23824],[8.92183,46.23629],[8.92313,46.23577],[8.92348,46.23567],[8.92477,46.23539],[8.92566,46.23538],[8.92714,46.23523],[8.928,46.23533],[8.9286,46.23527],[8.92909,46.23505],[8.93092,46.23378],[8.93145,46.23337],[8.93188,46.23321],[8.93238,46.23318],[8.93362,46.2335],[8.9348,46.2335],[8.93525,46.23347],[8.93528,46.23347],[8.93564,46.23344],[8.9359,46.2334],[8.93614,46.23333],[8.9363,46.23326],[8.93647,46.23318],[8.93674,46.23308],[8.93769,46.23301],[8.93822,46.23287],[8.93893,46.23247],[8.9392,46.23217],[8.93926,46.23199],[8.93927,46.23165],[8.93931,46.23146],[8.93943,46.23124],[8.93963,46.23102],[8.93982,46.23082],[8.94002,46.23055],[8.94008,46.23045],[8.94031,46.23001],[8.94036,46.2299],[8.94079,46.22863],[8.94088,46.22845],[8.94101,46.22828],[8.94113,46.22816],[8.94126,46.22804],[8.94141,46.22792],[8.94153,46.22783],[8.94174,46.22769],[8.94189,46.22757],[8.94248,46.22701],[8.94265,46.22668],[8.94272,46.22633],[8.94273,46.22621],[8.94273,46.22617],[8.94272,46.22601],[8.94266,46.22586],[8.94251,46.22565],[8.94235,46.2254],[8.94225,46.22518],[8.94218,46.22496],[8.94217,46.22492],[8.94207,46.22469],[8.94195,46.22449],[8.94189,46.22441],[8.94175,46.22407],[8.94166,46.22371],[8.94166,46.2237],[8.94159,46.2234],[8.94155,46.22326],[8.94147,46.22313],[8.94136,46.22297],[8.94098,46.22261],[8.94053,46.22188],[8.94025,46.22158],[8.9397,46.22078],[8.93919,46.22028],[8.93909,46.22012],[8.93903,46.2199],[8.93893,46.21903],[8.93893,46.219],[8.93891,46.21876],[8.93892,46.2185],[8.93904,46.218],[8.93938,46.21745],[8.93937,46.21671],[8.93933,46.21651],[8.93922,46.21633],[8.93917,46.21626],[8.93905,46.21613],[8.9387,46.21578],[8.9383,46.2149],[8.93823,46.21477],[8.93803,46.21445],[8.93792,46.21424],[8.93769,46.21365],[8.93765,46.21347],[8.93763,46.21312],[8.93753,46.21274],[8.93751,46.21252],[8.93756,46.21225],[8.93759,46.21183],[8.93778,46.21138],[8.93781,46.21125],[8.93786,46.21075],[8.93786,46.2106],[8.93782,46.21044],[8.93765,46.21004],[8.93756,46.20988],[8.9372,46.20947],[8.9371,46.2092],[8.93697,46.20851],[8.93695,46.20838],[8.93693,46.20798],[8.93681,46.20763],[8.93667,46.20747],[8.9362,46.207],[8.93607,46.20669],[8.93606,46.20649],[8.93612,46.2059],[8.93612,46.20572],[8.93603,46.2053],[8.93593,46.20506],[8.9359,46.20501],[8.93581,46.20489],[8.93489,46.20388],[8.93472,46.20373],[8.93431,46.2035],[8.93413,46.20336],[8.93403,46.20324],[8.93394,46.20309],[8.93352,46.20222],[8.93337,46.202],[8.93316,46.20165],[8.93315,46.20161],[8.93309,46.20133],[8.93303,46.20032],[8.93295,46.20001],[8.93264,46.19956],[8.93259,46.19887],[8.93257,46.19871],[8.9325,46.19855],[8.93239,46.19841],[8.93177,46.1979],[8.93159,46.19736],[8.93176,46.19686],[8.93208,46.19564],[8.93246,46.19512],[8.93286,46.19488],[8.933,46.19473],[8.9331,46.19456],[8.93314,46.1942],[8.93252,46.19062],[8.93251,46.19054],[8.93229,46.18808],[8.93225,46.1879],[8.9318,46.18672],[8.93174,46.18649],[8.93089,46.17946],[8.93087,46.17935],[8.93039,46.17768],[8.93036,46.17745],[8.93037,46.17718],[8.93032,46.177],[8.93006,46.17654],[8.92997,46.17623],[8.92984,46.17578],[8.92982,46.17571],[8.92956,46.17508],[8.92951,46.17488],[8.92949,46.1744],[8.92911,46.17394],[8.92867,46.17375],[8.92796,46.17355],[8.92762,46.17329],[8.92752,46.17313],[8.92744,46.17292],[8.92735,46.17248],[8.92734,46.17226],[8.92738,46.17204],[8.9274,46.17199],[8.92741,46.17197],[8.92749,46.17174],[8.92749,46.17172],[8.92762,46.17136],[8.92773,46.17115],[8.92823,46.17077],[8.9287,46.17065],[8.92935,46.17066],[8.92984,46.17057],[8.93025,46.17036],[8.9304,46.17022],[8.9305,46.17005],[8.93056,46.16988],[8.93057,46.1697],[8.93055,46.1695],[8.93052,46.16936],[8.93025,46.16855],[8.93017,46.16839],[8.93006,46.16825],[8.92991,46.16812],[8.92973,46.16802],[8.92952,46.16793],[8.9293,46.16788],[8.92602,46.16731],[8.92514,46.16716],[8.92511,46.16716],[8.92408,46.16698],[8.92378,46.1669],[8.92338,46.16669],[8.92312,46.16639],[8.9231,46.16583],[8.92362,46.16439],[8.92407,46.16388],[8.9248,46.16368],[8.92514,46.16369],[8.93153,46.1643],[8.94659,46.16574],[8.94683,46.16575],[8.94729,46.16567],[8.94768,46.16548],[8.94795,46.1652],[8.94813,46.16482],[8.94841,46.16454],[8.94883,46.16435],[8.94963,46.16431],[8.95178,46.16462],[8.95187,46.16463],[8.95261,46.16458],[8.95306,46.16444],[8.95353,46.1644],[8.95403,46.16447],[8.9544,46.16456],[8.95549,46.16492],[8.95573,46.16498],[8.95624,46.165],[8.95672,46.16488],[8.9571,46.16464],[8.95743,46.16427],[8.95785,46.16406],[8.95835,46.16398],[8.95892,46.16405],[8.96035,46.16445],[8.9606,46.1645],[8.96086,46.16451],[8.96111,46.16449],[8.96135,46.16443],[8.96157,46.16435],[8.96177,46.16423],[8.96193,46.16409],[8.96204,46.16393],[8.96279,46.16258],[8.96294,46.16238],[8.96331,46.16212],[8.96407,46.16197],[8.96464,46.16207],[8.96506,46.16222],[8.9651,46.16223],[8.96909,46.16357],[8.96932,46.16363],[8.96957,46.16366],[8.96982,46.16366],[8.97006,46.16362],[8.97029,46.16355],[8.9705,46.16345],[8.97067,46.16332],[8.9708,46.16318],[8.97176,46.16189],[8.97193,46.16171],[8.97231,46.16149],[8.97302,46.16137],[8.97356,46.16148],[8.97491,46.16193],[8.97541,46.16201],[8.97592,46.16196],[8.97653,46.16175],[8.977,46.16171],[8.97751,46.16182],[8.97882,46.16226],[8.97905,46.16232],[8.97929,46.16234],[8.97953,46.16234],[8.97977,46.16231],[8.9802,46.16215],[8.98051,46.16189],[8.98206,46.16001],[8.98222,46.15969],[8.98228,46.15924],[8.98241,46.15901],[8.98436,46.15657],[8.98492,46.15618],[8.98515,46.15611],[8.98539,46.15608],[8.98564,46.15608],[8.98588,46.15611],[8.98617,46.15619],[8.98688,46.15644],[8.98743,46.1566],[8.9887,46.1574],[8.98893,46.15748],[8.98918,46.15753],[8.98943,46.15755],[8.98965,46.15753],[8.98991,46.15748],[8.99013,46.1574],[8.99061,46.15715],[8.99163,46.15695],[8.99221,46.15678],[8.99266,46.15647],[8.99383,46.15604],[8.99412,46.15574],[8.99446,46.15508],[8.99502,46.15466],[8.99547,46.15439],[8.99567,46.15424],[8.99581,46.15406],[8.99593,46.15387],[8.99631,46.15336],[8.99641,46.15319],[8.99646,46.153],[8.99648,46.15277],[8.99657,46.15256],[8.9968,46.15229],[8.99718,46.15204],[8.99743,46.15177],[8.99755,46.15138],[8.99746,46.15097],[8.99751,46.15062],[8.99809,46.14991],[8.99823,46.14956],[8.99851,46.14918],[8.99881,46.1488],[8.99889,46.14848],[8.99886,46.14771],[8.99865,46.14724],[8.99859,46.14676],[8.99895,46.14598],[8.99924,46.14569],[8.99992,46.14545],[9.00043,46.14547],[9.00167,46.14585],[9.00259,46.14602],[9.00419,46.14636],[9.00467,46.14651],[9.00597,46.14708],[9.00619,46.14716],[9.00821,46.14771],[9.00844,46.14776],[9.00867,46.14778],[9.00954,46.14779],[9.01062,46.14789],[9.01089,46.1479],[9.01116,46.14786],[9.01141,46.14779],[9.01163,46.14769],[9.01181,46.14755],[9.01196,46.14739],[9.01257,46.14656],[9.01292,46.14633],[9.01342,46.1462],[9.01642,46.14579],[9.01705,46.14574],[9.0173,46.14568],[9.01752,46.14558],[9.0177,46.14545],[9.01827,46.14499],[9.0187,46.14481],[9.02159,46.14404],[9.02183,46.14395],[9.02253,46.14363],[9.02274,46.14355],[9.02304,46.14348],[9.02331,46.14344],[9.02354,46.14344],[9.02407,46.14351],[9.0243,46.14358],[9.02465,46.14376],[9.02488,46.14394],[9.02505,46.14416],[9.02518,46.14438],[9.0253,46.14468],[9.02539,46.14484],[9.02552,46.14498],[9.02568,46.1451],[9.02586,46.1452],[9.02608,46.14527],[9.0263,46.14532],[9.02688,46.1454],[9.02711,46.14541],[9.0274,46.14542],[9.0277,46.14544],[9.02793,46.14549],[9.02814,46.14556],[9.02835,46.14568],[9.02858,46.14578],[9.02882,46.14584],[9.03034,46.14612],[9.03097,46.14637],[9.03157,46.14681],[9.03206,46.14694],[9.03318,46.14703],[9.03374,46.14721],[9.03468,46.14771],[9.03548,46.14846],[9.03591,46.14861],[9.03645,46.14868],[9.03691,46.14886],[9.0374,46.14922],[9.03798,46.14943],[9.03901,46.1497],[9.03953,46.14976],[9.04017,46.14966],[9.04115,46.14959],[9.04278,46.14953],[9.04351,46.1496],[9.04396,46.14957],[9.04462,46.14933],[9.04546,46.1492],[9.04608,46.14924],[9.04685,46.14942],[9.04805,46.14938],[9.04901,46.14953],[9.05004,46.14955],[9.05051,46.14947],[9.05142,46.14953],[9.05194,46.14948],[9.05281,46.1491],[9.05333,46.14899],[9.05381,46.14902],[9.05471,46.1493],[9.05524,46.14932],[9.05574,46.14919],[9.05612,46.14893],[9.05669,46.14835],[9.05712,46.14759],[9.05745,46.14732],[9.0579,46.14716],[9.0584,46.14713],[9.05951,46.14746],[9.06025,46.14743],[9.06067,46.14725],[9.06105,46.1468],[9.06111,46.14642],[9.06135,46.1459],[9.06183,46.1455],[9.06262,46.14497],[9.06339,46.14425],[9.06415,46.14325],[9.06497,46.14246],[9.06527,46.14192],[9.06609,46.14125],[9.0668,46.14059],[9.06708,46.13966],[9.06727,46.13928],[9.06775,46.13886],[9.06789,46.13853],[9.06798,46.13763],[9.0679,46.1371],[9.06836,46.1363],[9.06843,46.13597],[9.0682,46.13522],[9.06777,46.13472],[9.0677,46.1344],[9.06781,46.13404],[9.06827,46.13339],[9.06878,46.13262],[9.06885,46.13252],[9.06892,46.13243],[9.06898,46.13236],[9.06906,46.13223],[9.06913,46.13211],[9.06931,46.13192],[9.06942,46.13182],[9.06967,46.13165],[9.06997,46.13152],[9.07083,46.13123],[9.07104,46.13115],[9.07122,46.13103],[9.07137,46.13089],[9.07148,46.13074],[9.07154,46.13057],[9.07156,46.1304],[9.07156,46.12949],[9.07187,46.12879],[9.07198,46.12831],[9.07259,46.12751],[9.07283,46.12736],[9.07334,46.12708],[9.07345,46.12701],[9.07448,46.1263],[9.07451,46.12629],[9.07504,46.1259],[9.07518,46.12579],[9.07528,46.12567],[9.0755,46.12535],[9.07597,46.12488],[9.07627,46.12444],[9.07744,46.12373],[9.07793,46.12348],[9.07822,46.12319],[9.0783,46.12302],[9.07833,46.12284],[9.07841,46.12219],[9.07863,46.12189],[9.07899,46.12167],[9.07944,46.12156],[9.07992,46.12157],[9.08062,46.12174],[9.08118,46.12195],[9.08217,46.12216],[9.083,46.12225],[9.08361,46.12245],[9.08413,46.12254],[9.08488,46.12276],[9.08538,46.12312],[9.08589,46.12379],[9.08661,46.12425],[9.08758,46.12464],[9.08805,46.12489],[9.08886,46.12513],[9.08988,46.12554],[9.09101,46.12575],[9.0917,46.12574],[9.09285,46.12603],[9.09432,46.12615],[9.09526,46.12616],[9.09566,46.1263],[9.09672,46.12693],[9.09733,46.12713],[9.09881,46.12718],[9.09955,46.12742],[9.10029,46.12804],[9.10055,46.12862],[9.10135,46.12932],[9.10219,46.12967],[9.10357,46.13083],[9.10403,46.13114],[9.10465,46.13173],[9.10513,46.13193],[9.10612,46.13213],[9.10675,46.13241],[9.10733,46.13255],[9.10815,46.13255],[9.10891,46.13271],[9.11044,46.13338],[9.11106,46.13373],[9.11197,46.13446],[9.11258,46.13468],[9.11346,46.13473],[9.11477,46.13489],[9.11549,46.1351],[9.11649,46.13521],[9.1171,46.13534],[9.11757,46.13533],[9.11828,46.13519],[9.11924,46.13515],[9.11996,46.1349],[9.12047,46.13486],[9.12097,46.13496],[9.12136,46.13519],[9.12212,46.13614],[9.12234,46.13667],[9.12287,46.13746],[9.12296,46.13873],[9.12319,46.13903],[9.12427,46.13991],[9.12494,46.14079],[9.12508,46.1412],[9.12571,46.14196],[9.12606,46.14223],[9.12666,46.14303],[9.12681,46.14334],[9.12687,46.1446],[9.1271,46.14492],[9.12779,46.14544],[9.12856,46.14635],[9.12894,46.14716],[9.1292,46.14745],[9.13064,46.14821],[9.13115,46.1488],[9.1322,46.14939],[9.13278,46.15],[9.13343,46.15084],[9.13406,46.15195],[9.13412,46.15243],[9.13442,46.15299],[9.13489,46.15334],[9.13585,46.15366],[9.13658,46.15404],[9.13744,46.15421],[9.13808,46.15416],[9.13869,46.15424],[9.13956,46.15449],[9.14094,46.15505],[9.14173,46.15567],[9.14231,46.15668],[9.14256,46.15696],[9.14361,46.15756],[9.14393,46.15779],[9.14435,46.15825],[9.14475,46.15844],[9.14601,46.15883],[9.14652,46.1589],[9.14706,46.15909],[9.14805,46.15968],[9.14863,46.15997],[9.14942,46.16046],[9.15079,46.16091],[9.1519,46.16118],[9.15322,46.16132],[9.15421,46.16137],[9.15519,46.1615],[9.15637,46.16205],[9.15693,46.16245],[9.15727,46.16298],[9.1575,46.16368],[9.15856,46.16482],[9.15865,46.16507],[9.1586,46.16591],[9.15894,46.16657],[9.15952,46.16842],[9.15952,46.1692],[9.15929,46.16951],[9.15891,46.16973],[9.15799,46.16992],[9.1567,46.16985],[9.15619,46.16987],[9.1553,46.17001],[9.15361,46.17016],[9.15294,46.17036],[9.15242,46.17075],[9.15143,46.17131],[9.15042,46.17176],[9.14987,46.17209],[9.14955,46.17238],[9.14838,46.1731],[9.14782,46.17338],[9.14733,46.17372],[9.14652,46.17446],[9.14517,46.17544],[9.14212,46.17774],[9.14151,46.17802],[9.13963,46.17854],[9.13876,46.17845],[9.13469,46.17709],[9.13447,46.17703],[9.13425,46.177],[9.13403,46.177],[9.1338,46.17702],[9.13355,46.17707],[9.13353,46.17707],[9.13148,46.17746],[9.13128,46.17749],[9.12954,46.17769],[9.12802,46.1779],[9.12751,46.17793],[9.12577,46.17785],[9.12559,46.17785],[9.12392,46.17794],[9.12299,46.17807],[9.12279,46.1781],[9.1225,46.17812],[9.12186,46.17811],[9.12158,46.17812],[9.12074,46.17829],[9.1203,46.17845],[9.11944,46.1786],[9.11891,46.17861],[9.11776,46.17884],[9.11751,46.17886],[9.1172,46.17883],[9.11348,46.17832],[9.11281,46.17835],[9.1098,46.17906],[9.10933,46.17926],[9.10718,46.18065],[9.10672,46.18088],[9.10486,46.18152],[9.10461,46.18159],[9.10384,46.18177],[9.10348,46.18182],[9.10312,46.18182],[9.10181,46.1817],[9.10157,46.1817],[9.10134,46.18172],[9.10112,46.18177],[9.0986,46.18254],[9.09818,46.18263],[9.098,46.18265],[9.09684,46.18285],[9.09659,46.18287],[9.09512,46.18298],[9.09498,46.183],[9.09484,46.18302],[9.09375,46.18325],[9.09327,46.1833],[9.09286,46.18332],[9.09168,46.18341],[9.0914,46.18346],[9.09114,46.18354],[9.09112,46.18355],[9.09089,46.18363],[9.09063,46.18368],[9.09045,46.1837],[9.09024,46.18373],[9.08955,46.18377],[9.08867,46.18378],[9.0875,46.18361],[9.08699,46.18349],[9.08682,46.18347],[9.0866,46.18344],[9.08643,46.18343],[9.08566,46.18331],[9.08331,46.18334],[9.08296,46.18338],[9.08111,46.18376],[9.08083,46.18385],[9.07936,46.18444],[9.07899,46.18466],[9.07807,46.18548],[9.07792,46.1856],[9.07733,46.18601],[9.0771,46.18615],[9.07689,46.18623],[9.07661,46.18629],[9.07598,46.18639],[9.07549,46.18655],[9.075,46.18689],[9.07425,46.18709],[9.07117,46.18729],[9.06919,46.18765],[9.06918,46.18765],[9.06805,46.18785],[9.06765,46.18789],[9.0661,46.18793],[9.06608,46.18793],[9.06564,46.18795],[9.06538,46.18797],[9.06514,46.18803],[9.06491,46.18812],[9.06472,46.18824],[9.06404,46.18877],[9.06349,46.18919],[9.06346,46.18921],[9.06319,46.18941],[9.06307,46.18952],[9.06297,46.18964],[9.06234,46.19054],[9.06221,46.1907],[9.06207,46.19081],[9.06187,46.19094],[9.06065,46.19155],[9.06032,46.1918],[9.06021,46.19195],[9.06019,46.19199],[9.06018,46.192],[9.05905,46.19392],[9.05898,46.1941],[9.05895,46.19427],[9.05896,46.19464],[9.05896,46.19466],[9.05901,46.1957],[9.05901,46.19572],[9.05913,46.19708],[9.05912,46.19726],[9.05908,46.19743],[9.05866,46.19853],[9.05861,46.19862],[9.05817,46.19952],[9.05811,46.19991],[9.05825,46.20107],[9.05807,46.20143],[9.05744,46.20207],[9.05671,46.20307],[9.05611,46.20388],[9.0561,46.20389],[9.05583,46.20426],[9.05562,46.20447],[9.0554,46.20461],[9.05508,46.20474],[9.0538,46.20513],[9.0533,46.20523],[9.05284,46.20519],[9.05188,46.20493],[9.05175,46.20491],[9.0516,46.20488],[9.05131,46.20485],[9.05102,46.20486],[9.05078,46.20489],[9.0505,46.20495],[9.05021,46.20504],[9.04969,46.20508],[9.04936,46.20504],[9.04845,46.20484],[9.04839,46.20483],[9.04781,46.20468],[9.04754,46.2046],[9.047,46.2044],[9.04675,46.20434],[9.04649,46.2043],[9.04623,46.20431],[9.04552,46.20447],[9.04499,46.20447],[9.04442,46.20437],[9.04296,46.20447],[9.04214,46.20442],[9.04126,46.20427],[9.04074,46.20431],[9.03998,46.20454],[9.03955,46.20472],[9.03935,46.20483],[9.03918,46.20496],[9.03905,46.20511],[9.03897,46.20527],[9.03893,46.20544],[9.03894,46.20562],[9.03897,46.20571],[9.03903,46.20606],[9.03903,46.20636],[9.03903,46.20642],[9.03904,46.20655],[9.03906,46.20668],[9.03927,46.20746],[9.03957,46.20844],[9.0394,46.21016],[9.03934,46.2113],[9.04026,46.21425],[9.04047,46.21468],[9.04048,46.21502],[9.04017,46.21547],[9.03957,46.21579],[9.03939,46.21594],[9.03926,46.2161],[9.03919,46.21628],[9.03916,46.21647],[9.03922,46.21672],[9.03924,46.21689],[9.03924,46.21731],[9.03924,46.2174],[9.03918,46.21802],[9.03911,46.21827],[9.03896,46.21851],[9.03718,46.22065],[9.03701,46.22101],[9.03645,46.22493],[9.03641,46.2251],[9.03417,46.23185],[9.03416,46.23187],[9.03316,46.23475],[9.03295,46.23511],[9.0323,46.23588],[9.03209,46.23608],[9.03182,46.23624],[9.03075,46.23676],[9.03055,46.23687],[9.0304,46.23701],[9.03028,46.23717],[9.03021,46.23734],[9.03019,46.23751],[9.03042,46.23801],[9.03106,46.23849],[9.03149,46.2387],[9.032,46.23878],[9.03251,46.23871],[9.03295,46.23851],[9.0334,46.23816],[9.03384,46.238],[9.03459,46.23784],[9.03498,46.23758],[9.03592,46.23661],[9.03594,46.2366],[9.03613,46.23644],[9.03632,46.23633],[9.03677,46.2362],[9.03726,46.23619],[9.03749,46.23623],[9.03791,46.23638],[9.05389,46.24153],[9.05442,46.24169],[9.05478,46.24193],[9.05492,46.24213],[9.05508,46.24239],[9.05516,46.24255],[9.05524,46.2431],[9.05521,46.24345],[9.05486,46.2446],[9.05494,46.245],[9.05495,46.24537],[9.05485,46.24601],[9.05486,46.24624],[9.05495,46.24668],[9.05502,46.24686],[9.05513,46.24702],[9.05529,46.24716],[9.05562,46.24741],[9.05624,46.24777],[9.0568,46.24846],[9.05744,46.24885],[9.0577,46.24918],[9.05782,46.24962],[9.05804,46.24989],[9.05923,46.25095],[9.0594,46.25131],[9.05934,46.25189],[9.05933,46.25231],[9.05939,46.25269],[9.05985,46.25404],[9.05999,46.25533],[9.06006,46.25557],[9.0602,46.25583],[9.06033,46.25602],[9.06073,46.25655],[9.06078,46.25678],[9.0608,46.25694],[9.06085,46.25713],[9.06094,46.25737],[9.06101,46.25749],[9.0613,46.25794],[9.06142,46.2582],[9.06155,46.25872],[9.06152,46.25891],[9.06141,46.25914],[9.06015,46.26107],[9.06005,46.26158],[9.06023,46.26191],[9.06038,46.26205],[9.06057,46.26217],[9.06078,46.26226],[9.0619,46.26262],[9.06216,46.26272],[9.06234,46.26283],[9.0626,46.2631],[9.0627,46.26343],[9.06268,46.26363],[9.06202,46.26646],[9.06201,46.26669],[9.06272,46.27174],[9.0627,46.27208],[9.06171,46.27537],[9.0617,46.2757],[9.06186,46.27601],[9.06233,46.27654],[9.06237,46.27692],[9.062,46.27787],[9.06149,46.27833],[9.06049,46.27901],[9.05971,46.27978],[9.05887,46.28042],[9.05819,46.28122],[9.05772,46.28214],[9.05753,46.28318],[9.05725,46.28402],[9.05701,46.2845],[9.05664,46.28557],[9.0564,46.28608],[9.05589,46.28688],[9.05562,46.28766],[9.05551,46.28897],[9.05497,46.28993],[9.05442,46.29059],[9.05396,46.29208],[9.05393,46.29261],[9.05381,46.29307],[9.05392,46.29374],[9.05418,46.29435],[9.05415,46.29473],[9.05442,46.29549],[9.05431,46.29582],[9.05403,46.2961],[9.05362,46.29629],[9.05332,46.29635],[9.04572,46.29738],[9.04523,46.2974],[9.04459,46.29737],[9.04415,46.29732],[9.04339,46.29716],[9.04312,46.29711],[9.04284,46.29704],[9.04245,46.29685],[9.04163,46.29607],[9.04059,46.29544],[9.0395,46.29463],[9.03937,46.29451],[9.03879,46.29398],[9.03862,46.2938],[9.03855,46.2937],[9.0384,46.29355],[9.03763,46.29314],[9.03743,46.29307],[9.03721,46.29302],[9.03674,46.2929],[9.03645,46.2928],[9.03621,46.2927],[9.03616,46.29267],[9.03615,46.29268],[9.03604,46.29262],[9.03578,46.29254],[9.0355,46.2925],[9.03496,46.29251],[9.03406,46.29236],[9.03297,46.29201],[9.03232,46.29154],[9.03183,46.29134],[9.03135,46.29105],[9.03115,46.29094],[9.03105,46.2909],[9.03071,46.29075],[9.03051,46.29062],[9.03036,46.29047],[9.03003,46.28986],[9.02926,46.28935],[9.02907,46.28928],[9.02868,46.28915],[9.02833,46.28898],[9.02803,46.28881],[9.02781,46.2887],[9.02665,46.28845],[9.02603,46.2881],[9.02494,46.28778],[9.02429,46.28768],[9.02353,46.28776],[9.02269,46.28769],[9.02188,46.28747],[9.02119,46.28697],[9.02067,46.2867],[9.02016,46.28656],[9.01923,46.28646],[9.0183,46.28616],[9.01789,46.28595],[9.01756,46.28548],[9.01753,46.28511],[9.01739,46.2848],[9.01709,46.28455],[9.01405,46.28272],[9.01383,46.28256],[9.0136,46.28224],[9.01357,46.28185],[9.01481,46.2751],[9.01482,46.27493],[9.01471,46.27462],[9.01444,46.27435],[9.01405,46.27416],[9.0119,46.2735],[9.01137,46.27342],[9.01085,46.2735],[9.01031,46.27371],[9.00983,46.27376],[9.00936,46.27369],[9.00909,46.27359],[9.00702,46.27263],[9.00676,46.27254],[9.00618,46.27248],[9.00409,46.27262],[9.00403,46.27262],[9.00377,46.27265],[9.00372,46.27265],[9.0035,46.27268],[9.00345,46.27269],[9.00322,46.27272],[9.00316,46.27273],[9.00291,46.27278],[9.00287,46.27279],[9.00264,46.27284],[9.00258,46.27285],[9.00238,46.2729],[9.00234,46.27291],[9.00216,46.27296],[9.00213,46.27297],[9.00191,46.27304],[9.00185,46.27306],[9.00166,46.27312],[9.00162,46.27314],[9.00147,46.2732],[9.00144,46.27321],[9.0013,46.27326],[9.00125,46.27328],[9.0011,46.27335],[9.00106,46.27337],[9.00091,46.27344],[9.00087,46.27346],[9.00056,46.27362],[9.00049,46.27365],[9.00024,46.2738],[9.00019,46.27384],[8.99992,46.27401],[8.99988,46.27404],[8.99976,46.27413],[8.99972,46.27416],[8.99951,46.27434],[8.99946,46.27438],[8.99921,46.2746],[8.99916,46.27465],[8.99903,46.27479],[8.99899,46.27483],[8.99884,46.27501],[8.99881,46.27505],[8.99866,46.27525],[8.99855,46.2754],[8.99841,46.27562],[8.99839,46.27565],[8.99835,46.27574],[8.99833,46.27578],[8.99824,46.27598],[8.99822,46.27601],[8.99779,46.27709],[8.99779,46.2771],[8.9976,46.27758],[8.99758,46.27763],[8.99746,46.27805],[8.99745,46.27809],[8.99738,46.27838],[8.99737,46.27841],[8.99732,46.27871],[8.99731,46.27874],[8.99727,46.27905],[8.99727,46.27907],[8.99726,46.27924],[8.99725,46.27926],[8.99725,46.27942],[8.99724,46.27944],[8.99723,46.28038],[8.99723,46.28039],[8.99723,46.28457],[8.99723,46.28773],[8.99723,46.28776],[8.99722,46.28808],[8.99722,46.28813],[8.99721,46.28829],[8.9972,46.28834],[8.99716,46.28866],[8.99716,46.28869],[8.99698,46.28979],[8.99698,46.28982],[8.99698,46.28984],[8.9969,46.29006],[8.99679,46.29023],[8.99643,46.2905],[8.99595,46.29064],[8.99568,46.29066],[8.99517,46.29059],[8.99488,46.29048],[8.99308,46.2896],[8.99307,46.28959],[8.99225,46.28919],[8.99218,46.28915],[8.99197,46.28903],[8.99174,46.28888],[8.9915,46.28859],[8.99143,46.28825],[8.99148,46.28803],[8.99198,46.28669],[8.99197,46.28621],[8.99175,46.28584],[8.99119,46.28534],[8.99094,46.28486],[8.99095,46.28451],[8.99116,46.28406],[8.99118,46.28386],[8.99114,46.28367],[8.99104,46.28346],[8.99094,46.28319],[8.99084,46.2827],[8.99082,46.28253],[8.99081,46.28242],[8.99075,46.28217],[8.99068,46.28201],[8.99063,46.2819],[8.99051,46.28153],[8.9905,46.2815],[8.99036,46.28101],[8.99033,46.28084],[8.99036,46.28055],[8.99043,46.28031],[8.99056,46.28004],[8.99061,46.27985],[8.99063,46.27903],[8.99074,46.27867],[8.99092,46.27839],[8.99098,46.27831],[8.99102,46.27826],[8.99106,46.2782],[8.9911,46.27814],[8.9912,46.27794],[8.99128,46.27776],[8.9913,46.27766],[8.99131,46.27757],[8.99135,46.27696],[8.99134,46.27679],[8.99129,46.27663],[8.9912,46.27648],[8.99106,46.27635],[8.9907,46.27613],[8.98908,46.27549],[8.98837,46.27537],[8.9788,46.27569],[8.97845,46.27569],[8.97826,46.27568],[8.97808,46.27569],[8.97775,46.27567],[8.97717,46.27554],[8.97668,46.27551],[8.97607,46.27559],[8.97536,46.27545],[8.9745,46.27476],[8.97404,46.27461],[8.97337,46.27457],[8.97288,46.27443],[8.97225,46.27388],[8.97131,46.27315],[8.97063,46.27278],[8.97041,46.27254],[8.97,46.27232],[8.96949,46.27223],[8.96897,46.27229],[8.96843,46.2725],[8.96755,46.27267],[8.96719,46.2728],[8.96677,46.2729],[8.96669,46.27291],[8.96636,46.27293],[8.96584,46.27286],[8.96561,46.27277],[8.96525,46.2725],[8.96511,46.27229],[8.96454,46.27115],[8.96453,46.27114],[8.96424,46.27059],[8.9641,46.2704],[8.9639,46.27023],[8.95933,46.26732],[8.95914,46.26722],[8.95893,46.26714],[8.95871,46.2671],[8.95847,46.26708],[8.95515,46.26705],[8.95486,46.26703],[8.95438,46.26689],[8.95369,46.2666],[8.95345,46.26652],[8.95319,46.26648],[8.95292,46.26647],[8.95266,46.2665],[8.95219,46.26667],[8.95186,46.26696],[8.95146,46.26753],[8.95108,46.26773],[8.95061,46.26782],[8.95037,46.26782],[8.9497,46.26763],[8.94913,46.2672],[8.94869,46.26691],[8.94864,46.26688],[8.94832,46.26669],[8.9481,46.26659],[8.94693,46.2663],[8.94669,46.26623],[8.94637,46.26611],[8.94613,46.26601],[8.94591,46.2659],[8.94565,46.26574],[8.94536,46.26551],[8.94464,46.26486],[8.94314,46.26399],[8.94291,46.26389],[8.93647,46.26153],[8.93644,46.26153],[8.93559,46.2612],[8.93552,46.26118],[8.93378,46.26062],[8.93309,46.2604],[8.93283,46.2603],[8.9325,46.26007],[8.93231,46.25977],[8.93228,46.25941],[8.93242,46.25844],[8.93232,46.25779],[8.93231,46.25773],[8.93224,46.25748],[8.93221,46.25739],[8.93215,46.25724],[8.93205,46.25706],[8.93185,46.25677],[8.93178,46.25655],[8.93165,46.25574],[8.93165,46.25571],[8.9316,46.25534],[8.93146,46.25501],[8.93133,46.25486],[8.93116,46.25474],[8.93095,46.25464],[8.93073,46.25456],[8.93048,46.25453],[8.93023,46.25452],[8.92969,46.25458],[8.92939,46.25458],[8.92876,46.25453],[8.92843,46.25448],[8.92688,46.25416],[8.92609,46.25406],[8.92565,46.25388],[8.92535,46.2536],[8.92522,46.25326],[8.92529,46.25292],[8.92566,46.25237],[8.92573,46.25221],[8.92577,46.25203],[8.92579,46.25128],[8.92577,46.25107],[8.92571,46.2509],[8.92567,46.25079],[8.92541,46.2503],[8.92535,46.25015],[8.92517,46.24962],[8.92491,46.249],[8.92487,46.24869],[8.92483,46.24855],[8.92468,46.24823],[8.9246,46.248],[8.92449,46.24745],[8.92437,46.24718],[8.92405,46.24673],[8.92393,46.24659],[8.92359,46.24622],[8.92316,46.24557],[8.92308,46.24545],[8.9229,46.24509],[8.92267,46.24481],[8.92203,46.24445],[8.92187,46.24431],[8.92175,46.24415],[8.92154,46.24395],[8.9208,46.24336],[8.92049,46.24284],[8.91983,46.24219],[8.91941,46.24168],[8.91937,46.24163],[8.9185,46.24071],[8.91847,46.24068],[8.91733,46.23957],[8.91718,46.23939],[8.91706,46.23908],[8.91714,46.23871],[8.91742,46.23839],[8.91768,46.23824]]]},"properties":{"bfs_nr":5002,"name":"Bellinzona"}},{"type":"Feature","geometry":{"type":"Polygon","coordinates":[[[8.91951,46.16199],[8.92021,46.16051],[8.92029,46.16016],[8.92024,46.15975],[8.92035,46.15891],[8.92059,46.15859],[8.92131,46.15828],[8.92842,46.1569],[8.9326,46.15638],[8.93306,46.15626],[8.93342,46.15603],[8.93355,46.15588],[8.93363,46.15572],[8.93367,46.15555],[8.93382,46.15387],[8.93387,46.15365],[8.9341,46.15333],[8.93427,46.1532],[8.93471,46.15303],[8.93502,46.15298],[8.93606,46.15289],[8.9363,46.15285],[8.93652,46.15278],[8.93673,46.15269],[8.9369,46.15256],[8.93704,46.15242],[8.93713,46.15226],[8.93718,46.15209],[8.93765,46.14894],[8.938,46.14838],[8.93848,46.14807],[8.9387,46.14777],[8.93963,46.14562],[8.93968,46.14543],[8.93961,46.14506],[8.93914,46.14462],[8.93864,46.14447],[8.93766,46.14432],[8.93726,46.14415],[8.93675,46.14377],[8.93627,46.14363],[8.93552,46.1436],[8.93328,46.14363],[8.93274,46.14361],[8.93108,46.14345],[8.92881,46.14297],[8.92843,46.14274],[8.92817,46.14226],[8.92822,46.14176],[8.92815,46.14147],[8.92818,46.14112],[8.92845,46.14071],[8.92861,46.1401],[8.92887,46.13978],[8.92929,46.13949],[8.92961,46.13887],[8.92991,46.1386],[8.93032,46.13843],[8.93062,46.13838],[8.9322,46.13819],[8.93266,46.13807],[8.93303,46.13784],[8.93351,46.13733],[8.93422,46.13705],[8.93662,46.13664],[8.93683,46.13659],[8.93703,46.13652],[8.9372,46.13642],[8.93735,46.1363],[8.93793,46.13576],[8.93813,46.1356],[8.93833,46.1355],[8.93861,46.13541],[8.93903,46.1353],[8.93929,46.13525],[8.9395,46.13523],[8.94046,46.13532],[8.94066,46.13533],[8.94086,46.13531],[8.94862,46.13439],[8.94888,46.13434],[8.94912,46.13425],[8.94933,46.13413],[8.9498,46.1338],[8.94996,46.13365],[8.95027,46.13331],[8.95035,46.13321],[8.95061,46.13284],[8.95069,46.13269],[8.95084,46.13229],[8.95096,46.13183],[8.95122,46.13152],[8.95164,46.1313],[8.95215,46.13122],[8.95266,46.13128],[8.95295,46.13138],[8.95454,46.13211],[8.9548,46.1322],[8.96019,46.1336],[8.96054,46.13365],[8.96424,46.13385],[8.96456,46.13384],[8.97055,46.13314],[8.97125,46.13317],[8.97218,46.13335],[8.97268,46.13352],[8.973,46.13378],[8.97317,46.13441],[8.97346,46.13492],[8.97479,46.13607],[8.97498,46.13621],[8.97516,46.13631],[8.97543,46.13643],[8.97637,46.13674],[8.97638,46.13675],[8.97701,46.13695],[8.97726,46.13701],[8.9786,46.13722],[8.97891,46.13729],[8.97933,46.1375],[8.97959,46.13781],[8.97966,46.13817],[8.97952,46.13852],[8.97934,46.13871],[8.97704,46.14068],[8.97696,46.14075],[8.97299,46.14374],[8.97295,46.14377],[8.96934,46.14675],[8.96933,46.14676],[8.96883,46.14717],[8.96861,46.14735],[8.96858,46.14738],[8.96835,46.14756],[8.9672,46.14852],[8.96442,46.15083],[8.96389,46.15127],[8.96388,46.15128],[8.96342,46.15165],[8.96309,46.15192],[8.96269,46.15208],[8.96208,46.15222],[8.96168,46.15244],[8.96144,46.15275],[8.96103,46.15368],[8.96102,46.15372],[8.96059,46.15487],[8.96048,46.15507],[8.96035,46.15522],[8.95997,46.15545],[8.95924,46.15558],[8.9587,46.15547],[8.9573,46.15502],[8.95679,46.155],[8.95655,46.15504],[8.95632,46.15512],[8.95611,46.15522],[8.95581,46.1555],[8.95572,46.15567],[8.9556,46.15599],[8.95548,46.15635],[8.95547,46.15636],[8.95442,46.15929],[8.95431,46.1595],[8.95401,46.15978],[8.95358,46.15996],[8.95308,46.16001],[8.95182,46.15993],[8.95134,46.15985],[8.95071,46.15961],[8.95001,46.15954],[8.9495,46.15967],[8.94912,46.15994],[8.94818,46.16091],[8.94797,46.16109],[8.94776,46.16121],[8.94727,46.16134],[8.94701,46.16135],[8.94669,46.16132],[8.93896,46.15999],[8.93843,46.15997],[8.93818,46.16002],[8.93795,46.1601],[8.93774,46.16022],[8.93757,46.16036],[8.93739,46.16065],[8.93706,46.16152],[8.93695,46.16172],[8.93664,46.162],[8.93621,46.16217],[8.93591,46.16223],[8.9356,46.16226],[8.93535,46.16227],[8.93511,46.16225],[8.9341,46.16213],[8.934,46.16213],[8.9335,46.1621],[8.93324,46.1621],[8.93299,46.16214],[8.93276,46.16221],[8.93255,46.16231],[8.93223,46.16258],[8.93173,46.16371],[8.9314,46.16399],[8.93067,46.16419],[8.93034,46.16418],[8.92392,46.16357],[8.92153,46.16334],[8.92146,46.16334],[8.92102,46.16328],[8.92094,46.16327],[8.92077,46.16325],[8.92068,46.16323],[8.9205,46.1632],[8.92043,46.16318],[8.92041,46.16318],[8.92011,46.16309],[8.9199,46.16299],[8.91959,46.16272],[8.91945,46.16221],[8.91951,46.16199]]]},"properties":{"bfs_nr":5003,"name":"Cadenazzo"}},{"type":"Feature","geometry":{"type":"Polygon","coordinates":[[[8.97182,46.12558],[8.97142,46.12481],[8.97134,46.12459],[8.97134,46.1244],[8.97148,46.12405],[8.97199,46.1236],[8.9725,46.12331],[8.97292,46.12293],[8.97333,46.12269],[8.97377,46.12249],[8.974,46.1224],[8.97421,46.12235],[8.97436,46.12231],[8.97458,46.12224],[8.97483,46.12214],[8.97517,46.12197],[8.97538,46.12183],[8.9757,46.12158],[8.97724,46.12068],[8.97747,46.12061],[8.97821,46.1206],[8.97903,46.12082],[8.97958,46.12078],[8.98039,46.12056],[8.98113,46.12016],[8.9813,46.12003],[8.98138,46.11996],[8.98157,46.11975],[8.98191,46.11924],[8.98198,46.1191],[8.98207,46.11887],[8.98217,46.11868],[8.98257,46.11805],[8.98287,46.11775],[8.98334,46.1171],[8.98347,46.1165],[8.98375,46.11613],[8.98435,46.11569],[8.98484,46.11555],[8.98536,46.11557],[8.98596,46.11576],[8.98647,46.11581],[8.98728,46.1158],[8.98793,46.11608],[8.98857,46.1168],[8.98877,46.11771],[8.98873,46.11795],[8.98874,46.11813],[8.98876,46.11834],[8.98877,46.11869],[8.98872,46.11914],[8.98877,46.11935],[8.98889,46.11966],[8.98903,46.11989],[8.98958,46.12056],[8.98964,46.1209],[8.98953,46.12123],[8.98922,46.12163],[8.98917,46.12199],[8.98931,46.12233],[8.99007,46.12331],[8.99007,46.12332],[8.99027,46.12357],[8.99034,46.12365],[8.99062,46.12394],[8.99074,46.12404],[8.99174,46.1248],[8.9919,46.1249],[8.99433,46.12622],[8.99453,46.12631],[8.99571,46.12673],[8.99572,46.12674],[8.99652,46.12702],[8.99734,46.12747],[8.99961,46.12916],[8.99978,46.12926],[9.00086,46.12982],[9.00092,46.12985],[9.00199,46.13033],[9.00206,46.13036],[9.00237,46.13048],[9.00281,46.13061],[9.0037,46.13092],[9.00396,46.13099],[9.00424,46.13101],[9.0047,46.13102],[9.00497,46.13101],[9.00547,46.13087],[9.00632,46.13049],[9.0082,46.1299],[9.00986,46.12926],[9.01106,46.12883],[9.01148,46.12873],[9.01251,46.12855],[9.01263,46.12853],[9.01529,46.12788],[9.01552,46.1278],[9.01589,46.12757],[9.01623,46.12705],[9.01657,46.12676],[9.01705,46.12659],[9.01739,46.12656],[9.02065,46.12647],[9.02159,46.12659],[9.02189,46.12659],[9.02217,46.12653],[9.02332,46.12622],[9.02393,46.12602],[9.02443,46.12599],[9.02527,46.12572],[9.02597,46.12558],[9.02644,46.12539],[9.02735,46.12518],[9.02811,46.12522],[9.02888,46.12522],[9.0292,46.12519],[9.02962,46.12512],[9.02985,46.12506],[9.03024,46.12487],[9.03099,46.1243],[9.03129,46.12388],[9.03199,46.12336],[9.03281,46.12324],[9.03355,46.12337],[9.03416,46.12366],[9.03434,46.12372],[9.03474,46.12383],[9.03506,46.12388],[9.03533,46.1239],[9.03556,46.12391],[9.03643,46.12377],[9.03713,46.12383],[9.03814,46.12428],[9.03927,46.12451],[9.03975,46.12455],[9.03999,46.12452],[9.04043,46.12438],[9.04097,46.12396],[9.04139,46.12379],[9.04164,46.12375],[9.04213,46.12377],[9.04242,46.12384],[9.0438,46.12427],[9.04433,46.12428],[9.04459,46.12422],[9.04482,46.12414],[9.04572,46.12372],[9.04573,46.12371],[9.04763,46.12284],[9.04777,46.12278],[9.04883,46.12238],[9.04908,46.1223],[9.04957,46.12225],[9.05063,46.12226],[9.05092,46.12229],[9.05135,46.1224],[9.05238,46.12303],[9.05265,46.12316],[9.05374,46.12355],[9.05417,46.12377],[9.05488,46.12459],[9.05605,46.12654],[9.05607,46.12658],[9.05834,46.12987],[9.05891,46.13064],[9.05896,46.13099],[9.05867,46.13147],[9.05805,46.13176],[9.05693,46.1319],[9.05647,46.13202],[9.05611,46.13226],[9.0558,46.13272],[9.05519,46.13324],[9.05479,46.13339],[9.05411,46.13352],[9.05355,46.13369],[9.0528,46.13384],[9.05232,46.134],[9.05106,46.13481],[9.05062,46.13523],[9.05048,46.13572],[9.05062,46.13618],[9.05054,46.13675],[9.05055,46.13736],[9.05084,46.1379],[9.05097,46.13842],[9.05102,46.13944],[9.05091,46.14004],[9.05063,46.14042],[9.04986,46.14094],[9.04943,46.14114],[9.04822,46.14158],[9.04741,46.14205],[9.04506,46.14308],[9.04374,46.14357],[9.04222,46.14391],[9.04067,46.14414],[9.04002,46.14412],[9.03958,46.14396],[9.03901,46.14345],[9.03837,46.1431],[9.038,46.14246],[9.03767,46.14204],[9.03702,46.14174],[9.03584,46.14146],[9.0351,46.14148],[9.03467,46.14166],[9.034,46.14214],[9.03365,46.14253],[9.0335,46.14337],[9.03325,46.14449],[9.03282,46.14584],[9.03237,46.14623],[9.03193,46.14637],[9.03145,46.14639],[9.03065,46.14618],[9.02889,46.14586],[9.02864,46.14579],[9.02845,46.14572],[9.02826,46.14561],[9.02802,46.14551],[9.02775,46.14544],[9.02747,46.14542],[9.02716,46.14541],[9.02683,46.14539],[9.02637,46.14533],[9.02606,46.14526],[9.02583,46.14518],[9.02563,46.14506],[9.02547,46.14492],[9.02535,46.14476],[9.0252,46.14442],[9.02503,46.14411],[9.02494,46.14399],[9.02471,46.14378],[9.02453,46.14366],[9.02409,46.1435],[9.02357,46.14343],[9.02334,46.14343],[9.02312,46.14346],[9.02293,46.1435],[9.02274,46.14355],[9.02257,46.14361],[9.02188,46.14393],[9.02153,46.14405],[9.01864,46.14483],[9.01826,46.14499],[9.01776,46.14539],[9.01753,46.14556],[9.01706,46.14572],[9.0165,46.14578],[9.01336,46.14621],[9.01291,46.14633],[9.01272,46.14643],[9.01256,46.14656],[9.01244,46.1467],[9.01199,46.14735],[9.01181,46.14755],[9.01162,46.14768],[9.01115,46.14786],[9.01089,46.14789],[9.01056,46.14788],[9.0095,46.14779],[9.00873,46.14778],[9.00844,46.14776],[9.00815,46.1477],[9.00624,46.14718],[9.00591,46.14706],[9.0046,46.14648],[9.00428,46.14637],[9.00257,46.14602],[9.0016,46.14583],[8.9989,46.14494],[8.9977,46.14437],[8.99555,46.14349],[8.99525,46.14333],[8.99491,46.14311],[8.99403,46.14271],[8.99116,46.14114],[8.98984,46.14046],[8.98907,46.14014],[8.98596,46.13865],[8.98579,46.13858],[8.9856,46.13853],[8.98513,46.13843],[8.98508,46.13842],[8.9843,46.13828],[8.98426,46.13828],[8.98209,46.13786],[8.98203,46.13785],[8.98053,46.13752],[8.98043,46.13751],[8.97733,46.13702],[8.97694,46.13693],[8.97638,46.13674],[8.97635,46.13674],[8.9755,46.13645],[8.9751,46.13628],[8.97503,46.13624],[8.97475,46.13604],[8.97416,46.13552],[8.97398,46.13533],[8.97384,46.13499],[8.97402,46.13447],[8.97454,46.1339],[8.97458,46.13356],[8.97446,46.13301],[8.97417,46.13268],[8.9733,46.13229],[8.97298,46.13208],[8.97276,46.13177],[8.97266,46.13111],[8.97272,46.12978],[8.97252,46.12881],[8.97219,46.12794],[8.97225,46.12723],[8.97206,46.12654],[8.97187,46.12574],[8.97182,46.12558]]]},"properties":{"bfs_nr":5009,"name":"Isone"}},{"type":"Feature","geometry":{"type":"Polygon","coordinates":[[[9.05006,46.23269],[9.05026,46.23209],[9.05027,46.2319],[9.05022,46.23172],[9.05,46.23114],[9.05,46.23092],[9.05039,46.22837],[9.05039,46.22819],[9.05024,46.22755],[9.05026,46.22724],[9.05073,46.22632],[9.05094,46.22581],[9.05108,46.22565],[9.05131,46.22547],[9.05133,46.22546],[9.05148,46.22537],[9.05173,46.22522],[9.05193,46.2251],[9.05194,46.22509],[9.05202,46.22505],[9.05232,46.22486],[9.05275,46.22436],[9.05317,46.22402],[9.05414,46.22355],[9.05512,46.22323],[9.05573,46.22302],[9.056,46.22293],[9.05611,46.22288],[9.05681,46.22257],[9.05686,46.22256],[9.05702,46.22248],[9.06047,46.22098],[9.06052,46.22095],[9.06397,46.21955],[9.06398,46.21955],[9.06692,46.21832],[9.06695,46.2183],[9.06974,46.21707],[9.06977,46.21706],[9.07325,46.21558],[9.07363,46.21534],[9.07384,46.21501],[9.07393,46.21445],[9.07417,46.21415],[9.0744,46.21399],[9.07569,46.2133],[9.07742,46.21244],[9.07765,46.21229],[9.0791,46.21111],[9.0796,46.21083],[9.07991,46.21073],[9.08045,46.21069],[9.08071,46.21072],[9.08103,46.21082],[9.08171,46.21109],[9.08193,46.21116],[9.08216,46.2112],[9.08265,46.21118],[9.08288,46.21113],[9.0852,46.2104],[9.08579,46.2103],[9.08631,46.21038],[9.08655,46.21047],[9.0868,46.21063],[9.08733,46.21103],[9.08734,46.21104],[9.08829,46.21178],[9.08848,46.21196],[9.08859,46.21212],[9.08866,46.21247],[9.08835,46.213],[9.0869,46.21429],[9.08633,46.21526],[9.0857,46.21688],[9.08559,46.21732],[9.08481,46.21824],[9.08468,46.2187],[9.08464,46.21924],[9.08445,46.21955],[9.08391,46.21997],[9.08362,46.22058],[9.08353,46.22118],[9.08309,46.22253],[9.08307,46.22286],[9.08338,46.22422],[9.08325,46.22453],[9.08286,46.22503],[9.08275,46.22555],[9.08146,46.22878],[9.07994,46.23247],[9.07949,46.23297],[9.07876,46.23316],[9.07674,46.23301],[9.07631,46.23286],[9.07591,46.23255],[9.07528,46.23225],[9.07478,46.2322],[9.07407,46.23239],[9.07374,46.23265],[9.07308,46.23342],[9.07293,46.23368],[9.07217,46.23457],[9.07171,46.23494],[9.07148,46.23542],[9.07156,46.23576],[9.07181,46.23605],[9.07263,46.23658],[9.07404,46.2371],[9.07476,46.23732],[9.0754,46.23759],[9.07581,46.23786],[9.07606,46.23839],[9.07646,46.24526],[9.07722,46.25858],[9.07765,46.26008],[9.07754,46.26046],[9.077,46.26102],[9.0766,46.26161],[9.07545,46.263],[9.0746,46.26399],[9.07388,46.26514],[9.07351,46.26544],[9.07273,46.26649],[9.07225,46.26754],[9.07201,46.2678],[9.07092,46.26852],[9.07044,46.26896],[9.06975,46.26933],[9.06815,46.27051],[9.06736,46.27095],[9.06571,46.27152],[9.06478,46.27211],[9.06433,46.27227],[9.06359,46.27226],[9.06315,46.27209],[9.06274,46.27166],[9.06268,46.27145],[9.06201,46.26675],[9.06203,46.2664],[9.06269,46.26359],[9.0627,46.26343],[9.06268,46.26326],[9.0626,46.2631],[9.06249,46.26296],[9.06234,46.26283],[9.06216,46.26272],[9.06195,46.26263],[9.06084,46.26228],[9.06057,46.26216],[9.06023,46.26191],[9.06006,46.26158],[9.06018,46.26103],[9.06144,46.25909],[9.06153,46.25891],[9.06156,46.25872],[9.06153,46.25852],[9.0614,46.25815],[9.06132,46.25798],[9.06103,46.25752],[9.06093,46.25734],[9.06087,46.25718],[9.06079,46.2569],[9.06078,46.25673],[9.06074,46.25655],[9.06037,46.25606],[9.06017,46.25578],[9.06009,46.25563],[9.05998,46.25527],[9.05985,46.254],[9.0594,46.25272],[9.05933,46.25228],[9.05934,46.25191],[9.05941,46.25131],[9.05924,46.25094],[9.05812,46.24997],[9.05785,46.24961],[9.05772,46.24915],[9.05747,46.24886],[9.05681,46.24846],[9.05626,46.24777],[9.05575,46.24748],[9.05553,46.24734],[9.05533,46.24719],[9.05513,46.24701],[9.05502,46.24685],[9.05494,46.24664],[9.05487,46.2463],[9.05486,46.24595],[9.05496,46.24531],[9.05495,46.24506],[9.05487,46.2446],[9.05522,46.24342],[9.05525,46.24313],[9.05519,46.24268],[9.05516,46.24255],[9.0551,46.24242],[9.05461,46.24159],[9.05284,46.23835],[9.05238,46.23778],[9.05219,46.23696],[9.05204,46.23666],[9.05161,46.23611],[9.05146,46.23563],[9.05114,46.23528],[9.05092,46.23478],[9.05006,46.2338],[9.04987,46.23346],[9.04989,46.2331],[9.05006,46.23269]]]},"properties":{"bfs_nr":5010,"name":"Lumino"}},{"type":"Feature","geometry":{"type":"Polygon","coordinates":[[[8.93194,46.16327],[8.93224,46.16259],[8.93255,46.16231],[8.93299,46.16214],[8.93324,46.1621],[8.93356,46.1621],[8.93397,46.16212],[8.93413,46.16214],[8.93515,46.16226],[8.93535,46.16227],[8.93555,46.16226],[8.93597,46.16222],[8.93621,46.16218],[8.93644,46.16211],[8.93665,46.162],[8.93682,46.16187],[8.93695,46.16172],[8.93704,46.16156],[8.93738,46.16067],[8.93762,46.16032],[8.93799,46.16009],[8.93846,46.15997],[8.93902,46.16],[8.94675,46.16133],[8.94701,46.16135],[8.94728,46.16134],[8.94753,46.16129],[8.94777,46.16121],[8.94797,46.16109],[8.94814,46.16095],[8.94908,46.15997],[8.94951,46.15968],[8.95001,46.15955],[8.95071,46.15961],[8.95134,46.15986],[8.95177,46.15993],[8.95308,46.16002],[8.95358,46.15997],[8.95401,46.15979],[8.95418,46.15966],[8.95431,46.15951],[8.9544,46.15934],[8.95547,46.15635],[8.95548,46.15634],[8.9556,46.15599],[8.9557,46.15571],[8.95581,46.15551],[8.95632,46.15512],[8.9568,46.155],[8.9573,46.15502],[8.95875,46.15549],[8.95924,46.15558],[8.95974,46.15553],[8.95997,46.15546],[8.96035,46.15522],[8.96048,46.15507],[8.96057,46.15491],[8.96102,46.15373],[8.96136,46.15294],[8.96149,46.15272],[8.96165,46.15257],[8.96208,46.15235],[8.96269,46.15219],[8.96307,46.15196],[8.96338,46.15169],[8.96343,46.15165],[8.96389,46.15127],[8.96442,46.15083],[8.9672,46.14851],[8.96835,46.14756],[8.96838,46.14754],[8.96859,46.14737],[8.96861,46.14736],[8.96882,46.14718],[8.96884,46.14716],[8.96934,46.14675],[8.97294,46.14378],[8.973,46.14373],[8.97697,46.14074],[8.97703,46.14069],[8.98008,46.13806],[8.98076,46.13774],[8.98126,46.1377],[8.98208,46.13786],[8.98428,46.13828],[8.9843,46.13829],[8.98507,46.13842],[8.98555,46.13852],[8.98579,46.13858],[8.986,46.13867],[8.98909,46.14015],[8.98987,46.14048],[8.99114,46.14113],[8.99406,46.14272],[8.99476,46.14304],[8.99541,46.14343],[8.99767,46.14436],[8.99861,46.14485],[8.99887,46.14513],[8.99896,46.14546],[8.99855,46.14669],[8.99857,46.14714],[8.99879,46.14776],[8.99874,46.14818],[8.99882,46.14853],[8.99874,46.14887],[8.99845,46.14925],[8.99832,46.14943],[8.9982,46.14962],[8.99794,46.15009],[8.99758,46.15042],[8.9974,46.15077],[8.9975,46.15136],[8.99743,46.15173],[8.99717,46.15204],[8.9968,46.15229],[8.99667,46.15241],[8.99657,46.15254],[8.99654,46.15259],[8.99648,46.15274],[8.99644,46.15307],[8.99639,46.15322],[8.99628,46.1534],[8.99591,46.1539],[8.99584,46.154],[8.99575,46.15414],[8.99562,46.15427],[8.99544,46.15441],[8.99504,46.15464],[8.99428,46.15519],[8.99397,46.15575],[8.99369,46.15601],[8.9926,46.15645],[8.99188,46.15684],[8.99121,46.15697],[8.99057,46.15716],[8.99008,46.15741],[8.98986,46.15748],[8.98963,46.15753],[8.98938,46.15754],[8.98914,46.15752],[8.9887,46.15739],[8.98756,46.15666],[8.98714,46.15646],[8.98605,46.15615],[8.98582,46.15609],[8.98559,46.15607],[8.98535,46.15608],[8.98511,46.15612],[8.98489,46.15618],[8.98439,46.15653],[8.98214,46.15936],[8.98196,46.16002],[8.98178,46.16035],[8.98054,46.16186],[8.9802,46.16215],[8.97953,46.16234],[8.97905,46.16231],[8.97877,46.16224],[8.97714,46.16169],[8.97667,46.1616],[8.97618,46.16164],[8.97537,46.16188],[8.97484,46.16187],[8.9735,46.16146],[8.97302,46.16137],[8.97253,46.16141],[8.9723,46.16149],[8.9721,46.16158],[8.97193,46.16171],[8.97179,46.16185],[8.97083,46.16314],[8.97066,46.16332],[8.97029,46.16354],[8.96982,46.16365],[8.96933,46.16363],[8.96903,46.16356],[8.96529,46.16229],[8.96508,46.16221],[8.96459,46.16205],[8.96407,46.16196],[8.96354,46.16203],[8.96331,46.16211],[8.96293,46.16237],[8.96281,46.16254],[8.96206,46.16389],[8.96192,46.16409],[8.96157,46.16434],[8.96111,46.16448],[8.9606,46.16449],[8.9603,46.16443],[8.95884,46.16403],[8.95836,46.16397],[8.95788,46.16403],[8.95766,46.16411],[8.95731,46.16435],[8.95684,46.1648],[8.95618,46.16499],[8.9557,46.16497],[8.95541,46.1649],[8.95434,46.16454],[8.95409,46.16448],[8.95328,46.16433],[8.95304,46.16431],[8.95257,46.16435],[8.95211,46.1645],[8.95161,46.16457],[8.95129,46.16455],[8.94957,46.1643],[8.94883,46.16435],[8.94841,46.16454],[8.94813,46.16482],[8.94795,46.1652],[8.94768,46.16548],[8.94729,46.16566],[8.94683,46.16574],[8.94653,46.16573],[8.93305,46.16444],[8.93276,46.16439],[8.93234,46.16423],[8.93194,46.16381],[8.93194,46.16327]]]},"properties":{"bfs_nr":5017,"name":"Sant'Antonino"}},{"type":"Feature","geometry":{"type":"Polygon","coordinates":[[[8.86212,46.48539],[8.86198,46.4851],[8.86195,46.48486],[8.86199,46.48427],[8.86217,46.48396],[8.86279,46.48332],[8.86324,46.48311],[8.86406,46.48296],[8.86439,46.48283],[8.86502,46.48266],[8.86556,46.48251],[8.86567,46.48247],[8.86638,46.48222],[8.86695,46.48199],[8.86717,46.48188],[8.86731,46.48179],[8.8674,46.48173],[8.86793,46.48128],[8.86801,46.48119],[8.86808,46.48109],[8.86815,46.48099],[8.86824,46.4808],[8.8682,46.47963],[8.86835,46.47928],[8.86894,46.47872],[8.86974,46.47826],[8.86989,46.47812],[8.87,46.47796],[8.87006,46.47779],[8.87007,46.47761],[8.87003,46.47743],[8.86995,46.47726],[8.86963,46.47694],[8.86886,46.47643],[8.86801,46.47527],[8.8672,46.47479],[8.86635,46.47384],[8.8659,46.47359],[8.86531,46.473],[8.86502,46.47278],[8.86483,46.47259],[8.86438,46.47196],[8.86433,46.47162],[8.86457,46.47093],[8.86497,46.4703],[8.86558,46.46947],[8.86578,46.46902],[8.86583,46.46886],[8.86595,46.46816],[8.86638,46.46713],[8.86677,46.46642],[8.8671,46.46545],[8.86753,46.46505],[8.86774,46.46496],[8.86826,46.46483],[8.86845,46.46477],[8.86862,46.46468],[8.86877,46.46458],[8.87038,46.46326],[8.87049,46.46311],[8.87072,46.46269],[8.87083,46.46234],[8.87081,46.46191],[8.87098,46.46157],[8.87131,46.46125],[8.87145,46.46108],[8.87153,46.46089],[8.87164,46.46014],[8.87164,46.45963],[8.87201,46.45891],[8.87205,46.45882],[8.87213,46.45861],[8.87225,46.45818],[8.87254,46.45763],[8.87324,46.45682],[8.87344,46.45629],[8.87345,46.45591],[8.87375,46.45517],[8.87385,46.45498],[8.87396,46.45484],[8.87416,46.45468],[8.87434,46.45449],[8.87459,46.45415],[8.8749,46.45378],[8.87512,46.45358],[8.87528,46.45348],[8.8755,46.45331],[8.87557,46.45324],[8.87563,46.45317],[8.87574,46.45305],[8.87593,46.45287],[8.87634,46.45262],[8.87655,46.45249],[8.87668,46.45239],[8.87687,46.45219],[8.87698,46.45204],[8.87706,46.4519],[8.87731,46.45155],[8.87749,46.45127],[8.87789,46.45091],[8.87809,46.45069],[8.87825,46.45043],[8.87845,46.45005],[8.87935,46.44935],[8.88001,46.44903],[8.88067,46.44865],[8.88077,46.44859],[8.88092,46.4485],[8.88113,46.44831],[8.88124,46.44819],[8.88182,46.44758],[8.88191,46.4475],[8.88211,46.44732],[8.8823,46.44717],[8.8825,46.447],[8.88278,46.44659],[8.88361,46.44597],[8.88483,46.44488],[8.8862,46.44404],[8.88664,46.44365],[8.8872,46.44343],[8.88806,46.44331],[8.88867,46.44302],[8.88931,46.44245],[8.88943,46.44232],[8.88952,46.44221],[8.88954,46.44219],[8.88969,46.44199],[8.88989,46.44179],[8.89028,46.44152],[8.89053,46.4413],[8.89076,46.44096],[8.89159,46.44028],[8.89175,46.44012],[8.89184,46.44002],[8.89187,46.43998],[8.89211,46.43966],[8.89267,46.43875],[8.89317,46.43833],[8.89393,46.4378],[8.89407,46.43768],[8.89419,46.43757],[8.89427,46.43749],[8.89443,46.43734],[8.89487,46.43698],[8.89537,46.43664],[8.89608,46.43587],[8.89638,46.43561],[8.89669,46.43541],[8.89676,46.43536],[8.89682,46.43532],[8.89696,46.43518],[8.89706,46.43503],[8.89714,46.43482],[8.89715,46.43458],[8.89708,46.43411],[8.89705,46.43398],[8.89685,46.43344],[8.89666,46.43308],[8.89664,46.43273],[8.89681,46.4324],[8.89706,46.43216],[8.8972,46.432],[8.89728,46.43187],[8.89732,46.43179],[8.89754,46.43131],[8.89776,46.43098],[8.89801,46.4307],[8.89856,46.43027],[8.899,46.43007],[8.8998,46.42956],[8.9003,46.42938],[8.90069,46.42931],[8.90107,46.42927],[8.90179,46.42924],[8.90244,46.42899],[8.9026,46.42885],[8.90271,46.4287],[8.90274,46.42864],[8.90281,46.42848],[8.90288,46.42799],[8.90307,46.42765],[8.90353,46.42687],[8.90362,46.42673],[8.9038,46.42653],[8.90398,46.4264],[8.90422,46.42629],[8.90433,46.42623],[8.90462,46.42608],[8.90482,46.42595],[8.90498,46.4258],[8.9054,46.42531],[8.90543,46.42523],[8.90565,46.42482],[8.90582,46.42464],[8.90602,46.42451],[8.90738,46.42391],[8.90812,46.42349],[8.9096,46.42293],[8.91037,46.42252],[8.91064,46.42234],[8.91073,46.42227],[8.91088,46.4221],[8.911,46.42194],[8.9111,46.42176],[8.91139,46.42104],[8.91153,46.42052],[8.91179,46.41997],[8.91221,46.41956],[8.9127,46.4188],[8.9128,46.41855],[8.91301,46.41826],[8.91316,46.41815],[8.91325,46.41807],[8.91374,46.41766],[8.91419,46.41728],[8.91478,46.41699],[8.91514,46.41678],[8.91676,46.41628],[8.91728,46.41626],[8.91803,46.41652],[8.92431,46.4206],[8.92456,46.42073],[8.92485,46.42081],[8.93134,46.42207],[8.93202,46.42236],[8.93227,46.42266],[8.93234,46.423],[8.93222,46.42333],[8.93193,46.42361],[8.93157,46.42379],[8.93124,46.42406],[8.93108,46.4244],[8.93112,46.42475],[8.93137,46.42507],[8.93155,46.4252],[8.935,46.42712],[8.93502,46.42713],[8.94097,46.43032],[8.94117,46.4304],[8.94163,46.4305],[8.9421,46.43047],[8.94233,46.43042],[8.94429,46.42977],[8.94444,46.42971],[8.94904,46.42762],[8.94931,46.42745],[8.94961,46.42721],[8.95001,46.42702],[8.95027,46.42695],[8.95108,46.42683],[8.95136,46.42683],[8.95161,46.42687],[8.95205,46.42703],[8.95228,46.42719],[8.95526,46.42969],[8.95661,46.43091],[8.95679,46.43104],[8.95725,46.43122],[8.95751,46.43125],[8.95804,46.43121],[8.95888,46.43091],[8.96119,46.43019],[8.96143,46.4301],[8.96377,46.4289],[8.96395,46.42879],[8.9645,46.42838],[8.96479,46.4282],[8.96673,46.42723],[8.96675,46.42722],[8.96714,46.42703],[8.96741,46.42693],[8.96789,46.42685],[8.96821,46.42686],[8.9699,46.42705],[8.97012,46.42706],[8.9704,46.42704],[8.97064,46.42703],[8.97079,46.42704],[8.97096,46.42703],[8.97119,46.42702],[8.97145,46.42698],[8.9717,46.42691],[8.97192,46.4268],[8.97238,46.42652],[8.97249,46.42646],[8.97269,46.42636],[8.97297,46.42624],[8.97322,46.42618],[8.97416,46.42612],[8.97471,46.42597],[8.97509,46.42574],[8.97522,46.42559],[8.9753,46.42542],[8.97534,46.42524],[8.97533,46.42507],[8.97526,46.42478],[8.97485,46.42397],[8.97488,46.42341],[8.97501,46.42317],[8.97518,46.42298],[8.97536,46.42285],[8.9758,46.42268],[8.97605,46.42264],[8.97656,46.42267],[8.97701,46.42283],[8.97724,46.42299],[8.97742,46.42316],[8.97751,46.42331],[8.97763,46.42375],[8.97776,46.42406],[8.97787,46.42425],[8.97801,46.42442],[8.97814,46.42456],[8.97831,46.4247],[8.97846,46.42481],[8.97864,46.4249],[8.97957,46.42521],[8.98006,46.42526],[8.98082,46.42522],[8.98111,46.4252],[8.98147,46.42515],[8.98183,46.42512],[8.98263,46.42525],[8.98315,46.42525],[8.98421,46.42542],[8.9848,46.42541],[8.98541,46.42544],[8.98564,46.42549],[8.9862,46.42582],[8.98639,46.42613],[8.98642,46.42658],[8.9865,46.42678],[8.98711,46.42779],[8.98731,46.42809],[8.9875,46.42833],[8.98763,46.42857],[8.98767,46.42883],[8.98773,46.43424],[8.98774,46.43438],[8.9878,46.43452],[8.98922,46.43743],[8.98931,46.43758],[8.9896,46.43783],[8.98979,46.43792],[8.99,46.43799],[8.99452,46.43915],[8.99547,46.43957],[8.99647,46.43994],[8.99673,46.44012],[8.99848,46.44161],[8.99922,46.44215],[8.99952,46.44243],[9.00001,46.44308],[9.00094,46.44472],[9.00104,46.44494],[9.00106,46.44517],[9.00106,46.44536],[9.00103,46.44555],[9.00054,46.44651],[9.00045,46.4468],[9.00043,46.44772],[9.0004,46.44791],[9.00022,46.44823],[8.99977,46.44876],[8.99941,46.44935],[8.99877,46.45016],[8.99836,46.45051],[8.99825,46.45069],[8.99819,46.45088],[8.99819,46.45107],[8.99826,46.45154],[8.99828,46.45161],[8.99843,46.4522],[8.9985,46.45238],[8.9988,46.45272],[8.99894,46.45321],[8.9988,46.45354],[8.99853,46.45383],[8.99798,46.45469],[8.9979,46.45507],[8.99805,46.45549],[8.99804,46.45583],[8.99786,46.45614],[8.99737,46.45654],[8.99691,46.45729],[8.99686,46.4579],[8.99677,46.45811],[8.99636,46.45881],[8.99629,46.45892],[8.99585,46.45952],[8.99581,46.45957],[8.99541,46.46005],[8.99525,46.46034],[8.99525,46.46083],[8.99551,46.4614],[8.99573,46.46216],[8.99605,46.46272],[8.99632,46.46345],[8.99636,46.46362],[8.99646,46.46418],[8.99643,46.46478],[8.99663,46.46532],[8.99667,46.46548],[8.99668,46.46565],[8.99667,46.46604],[8.99663,46.46625],[8.99656,46.46641],[8.99641,46.4666],[8.99568,46.46735],[8.99537,46.46759],[8.99472,46.468],[8.99456,46.46812],[8.99444,46.46826],[8.99412,46.46897],[8.99366,46.46945],[8.99349,46.46991],[8.99326,46.4702],[8.99235,46.47099],[8.99194,46.47124],[8.9914,46.47139],[8.99048,46.4715],[8.98962,46.47181],[8.98874,46.47192],[8.98788,46.47179],[8.98719,46.4715],[8.98692,46.47144],[8.98664,46.47142],[8.98633,46.47143],[8.98611,46.47144],[8.98486,46.47187],[8.98411,46.47197],[8.98367,46.47192],[8.98346,46.47186],[8.98314,46.4717],[8.98239,46.47125],[8.98223,46.47117],[8.98205,46.47111],[8.98181,46.47103],[8.9815,46.47097],[8.98053,46.47098],[8.98,46.47086],[8.97951,46.47068],[8.97907,46.47054],[8.97887,46.47046],[8.97864,46.47034],[8.97829,46.47006],[8.97788,46.46987],[8.97715,46.46981],[8.96975,46.47065],[8.9695,46.4707],[8.96089,46.47297],[8.96087,46.47297],[8.95158,46.47535],[8.95154,46.47535],[8.94847,46.47609],[8.94729,46.47638],[8.94697,46.47644],[8.94543,46.47663],[8.94507,46.47665],[8.94496,46.47665],[8.94322,46.47665],[8.94297,46.47667],[8.94225,46.47676],[8.9409,46.47682],[8.93896,46.4767],[8.93872,46.47672],[8.93849,46.47677],[8.93827,46.47686],[8.93808,46.47696],[8.9378,46.47724],[8.93773,46.47741],[8.93769,46.47785],[8.93772,46.478],[8.93805,46.47853],[8.93846,46.47879],[8.93922,46.47908],[8.93991,46.47967],[8.94012,46.48017],[8.94016,46.48114],[8.94013,46.48197],[8.94015,46.48216],[8.94023,46.48234],[8.94036,46.48251],[8.94076,46.48277],[8.94191,46.4831],[8.94311,46.48363],[8.94369,46.48396],[8.94394,46.48427],[8.944,46.48462],[8.94394,46.48484],[8.94356,46.48577],[8.94305,46.48645],[8.94294,46.4866],[8.94288,46.48676],[8.94286,46.48693],[8.94289,46.4871],[8.94307,46.48741],[8.94323,46.48754],[8.94341,46.48765],[8.94396,46.48791],[8.94436,46.4882],[8.94484,46.4887],[8.94493,46.48887],[8.94503,46.48912],[8.94509,46.48933],[8.94509,46.48955],[8.94497,46.49033],[8.94491,46.49054],[8.94481,46.49074],[8.94478,46.4909],[8.94483,46.49121],[8.94499,46.49155],[8.9451,46.49174],[8.94528,46.4919],[8.94587,46.49225],[8.94654,46.49276],[8.94685,46.4931],[8.9471,46.49418],[8.94711,46.49441],[8.94707,46.49478],[8.94708,46.49497],[8.94707,46.49523],[8.94705,46.49537],[8.94698,46.49558],[8.94668,46.49604],[8.94641,46.49652],[8.94626,46.4967],[8.94525,46.49734],[8.94501,46.49762],[8.9448,46.49802],[8.94451,46.49828],[8.9441,46.49846],[8.94315,46.4986],[8.94227,46.49852],[8.93996,46.49853],[8.93887,46.49836],[8.93798,46.49808],[8.93771,46.49805],[8.93717,46.4981],[8.93647,46.49842],[8.93573,46.49852],[8.93503,46.49831],[8.93449,46.49788],[8.93422,46.49751],[8.9341,46.49709],[8.93381,46.49668],[8.9334,46.49636],[8.9331,46.49598],[8.93297,46.49576],[8.93275,46.49542],[8.93256,46.49488],[8.93256,46.4942],[8.93233,46.49391],[8.93196,46.49369],[8.9307,46.49346],[8.93006,46.49307],[8.92908,46.49275],[8.92803,46.49246],[8.92747,46.49243],[8.92652,46.49253],[8.9258,46.49241],[8.92542,46.49217],[8.92519,46.49182],[8.92485,46.49105],[8.92479,46.49036],[8.92467,46.49001],[8.92438,46.48972],[8.92395,46.48953],[8.9237,46.48948],[8.92344,46.48947],[8.92318,46.48949],[8.92212,46.48965],[8.92115,46.48949],[8.91675,46.48898],[8.91558,46.48884],[8.915,46.48886],[8.91175,46.4895],[8.91139,46.48954],[8.90921,46.48968],[8.90876,46.48977],[8.90163,46.49217],[8.9013,46.49233],[8.89596,46.4959],[8.89579,46.49604],[8.89566,46.49621],[8.89559,46.49639],[8.89557,46.49657],[8.8956,46.49676],[8.896,46.49746],[8.89603,46.49774],[8.89597,46.49868],[8.89582,46.50109],[8.89582,46.50112],[8.89573,46.50215],[8.89573,46.5022],[8.89571,46.50341],[8.89571,46.50344],[8.89568,46.50387],[8.89568,46.50388],[8.89565,46.50452],[8.89561,46.50474],[8.89552,46.50491],[8.89539,46.50506],[8.89501,46.5053],[8.89452,46.50542],[8.89329,46.50539],[8.89109,46.50511],[8.89052,46.50497],[8.8899,46.50496],[8.88926,46.50512],[8.88878,46.50514],[8.88763,46.50489],[8.8869,46.50482],[8.8859,46.50488],[8.88547,46.50498],[8.88498,46.50517],[8.88448,46.50523],[8.88365,46.50507],[8.88249,46.50496],[8.88126,46.50459],[8.88058,46.5043],[8.87889,46.5039],[8.87734,46.50387],[8.87644,46.50345],[8.87592,46.50331],[8.8749,46.50344],[8.87433,46.50344],[8.87391,46.50334],[8.87367,46.50326],[8.87345,46.50315],[8.87315,46.50299],[8.87298,46.50292],[8.87247,46.50259],[8.87209,46.50213],[8.87189,46.50198],[8.87152,46.5018],[8.87128,46.50174],[8.87102,46.50171],[8.87076,46.50172],[8.8698,46.50183],[8.86737,46.50231],[8.86687,46.50243],[8.86637,46.50243],[8.86577,46.50233],[8.8655,46.50234],[8.8649,46.50246],[8.8644,46.50248],[8.86392,46.50236],[8.86355,46.50212],[8.86333,46.50181],[8.86331,46.50146],[8.86361,46.50088],[8.86442,46.5004],[8.8652,46.49957],[8.86531,46.49942],[8.86537,46.49927],[8.86549,46.49877],[8.86579,46.49817],[8.86588,46.49785],[8.86538,46.4967],[8.86489,46.49607],[8.86476,46.49575],[8.86475,46.49529],[8.86454,46.49495],[8.86416,46.49461],[8.86401,46.49426],[8.86404,46.49392],[8.86415,46.49362],[8.86429,46.49329],[8.86419,46.49267],[8.86424,46.49235],[8.86442,46.49204],[8.86484,46.49119],[8.86489,46.49106],[8.86503,46.49053],[8.86509,46.49016],[8.86541,46.48969],[8.86547,46.4895],[8.86547,46.4893],[8.86546,46.48923],[8.86542,46.48909],[8.86534,46.48893],[8.86522,46.48879],[8.86454,46.48826],[8.86422,46.48777],[8.86411,46.48764],[8.86381,46.48733],[8.86368,46.48722],[8.86273,46.48667],[8.8624,46.48639],[8.86231,46.48622],[8.86224,46.48602],[8.86222,46.4857],[8.86219,46.48554],[8.86212,46.48539]]]},"properties":{"bfs_nr":5048,"name":"Acquarossa"}},{"type":"Feature","geometry":{"type":"Polygon","coordinates":[[[8.76875,46.52416],[8.76926,46.52382],[8.76962,46.52364],[8.77089,46.52319],[8.7711,46.5231],[8.77127,46.52298],[8.77152,46.5227],[8.77161,46.52238],[8.7716,46.522],[8.77192,46.52141],[8.77217,46.52111],[8.77263,46.52069],[8.77287,46.52051],[8.77395,46.52009],[8.77468,46.51992],[8.77515,46.51969],[8.77582,46.51913],[8.77702,46.51868],[8.77721,46.51855],[8.77735,46.51842],[8.77769,46.51805],[8.77783,46.51791],[8.77803,46.51776],[8.77817,46.51767],[8.77857,46.51739],[8.779,46.51723],[8.77959,46.51715],[8.78042,46.51691],[8.78148,46.51689],[8.78236,46.5168],[8.78303,46.51679],[8.78397,46.5169],[8.78439,46.51706],[8.78479,46.51747],[8.78497,46.51791],[8.78571,46.51854],[8.78605,46.51875],[8.78658,46.51894],[8.78694,46.51918],[8.78728,46.51969],[8.78756,46.51998],[8.78798,46.52017],[8.78871,46.52022],[8.78929,46.52012],[8.78979,46.52016],[8.79012,46.52027],[8.79047,46.52044],[8.79104,46.52089],[8.79144,46.52114],[8.79288,46.5216],[8.79322,46.52167],[8.79443,46.52181],[8.79446,46.52182],[8.79483,46.52186],[8.79501,46.52187],[8.79541,46.52187],[8.79611,46.52197],[8.79639,46.52196],[8.79648,46.52195],[8.79667,46.52192],[8.79724,46.52181],[8.79785,46.52178],[8.79842,46.52188],[8.7989,46.52194],[8.79941,46.52199],[8.79986,46.52211],[8.80095,46.52225],[8.80124,46.52225],[8.80151,46.5222],[8.80202,46.52199],[8.80298,46.52189],[8.8036,46.52169],[8.80428,46.52119],[8.80464,46.52105],[8.80471,46.52102],[8.80493,46.52093],[8.80509,46.52086],[8.80551,46.52063],[8.80556,46.5206],[8.80582,46.52044],[8.80602,46.52029],[8.80613,46.52018],[8.80617,46.52013],[8.80651,46.51979],[8.80754,46.51903],[8.80788,46.51841],[8.80814,46.51812],[8.80886,46.51775],[8.80998,46.51754],[8.81072,46.51762],[8.81117,46.51787],[8.81196,46.51853],[8.81214,46.51865],[8.81235,46.51876],[8.81258,46.51883],[8.81283,46.51886],[8.81312,46.51889],[8.81337,46.51889],[8.81361,46.51886],[8.81482,46.51858],[8.8153,46.51853],[8.81585,46.51853],[8.81586,46.51853],[8.81626,46.51852],[8.81666,46.51855],[8.81693,46.51858],[8.81721,46.5186],[8.81762,46.51859],[8.81767,46.51859],[8.81791,46.51858],[8.81815,46.51855],[8.81839,46.5185],[8.81882,46.51831],[8.81915,46.51818],[8.81923,46.51814],[8.82033,46.51762],[8.82055,46.51749],[8.82078,46.51732],[8.82102,46.51721],[8.82134,46.51712],[8.82143,46.5171],[8.82147,46.51709],[8.82241,46.51688],[8.82298,46.51669],[8.82321,46.51664],[8.82351,46.51655],[8.82404,46.51633],[8.82421,46.51627],[8.82474,46.51609],[8.82505,46.51602],[8.82607,46.51594],[8.82676,46.51598],[8.82722,46.5159],[8.82805,46.51559],[8.82876,46.51539],[8.8301,46.51484],[8.83052,46.51463],[8.83077,46.51455],[8.8311,46.51449],[8.83194,46.51442],[8.83257,46.51443],[8.83312,46.51434],[8.83408,46.51389],[8.83493,46.51337],[8.83546,46.513],[8.83606,46.51275],[8.83658,46.51239],[8.83691,46.51226],[8.83722,46.51216],[8.8375,46.51205],[8.8382,46.51167],[8.83869,46.51148],[8.83899,46.5114],[8.83938,46.51136],[8.83959,46.51132],[8.83979,46.51126],[8.83997,46.51118],[8.84037,46.51097],[8.84079,46.5108],[8.84139,46.51051],[8.84192,46.51043],[8.84265,46.51046],[8.84292,46.51041],[8.84318,46.51032],[8.84408,46.50993],[8.84473,46.50974],[8.84534,46.50967],[8.84557,46.50962],[8.84578,46.50956],[8.84629,46.50935],[8.84652,46.50923],[8.84726,46.50861],[8.84747,46.50849],[8.84777,46.50833],[8.84811,46.5082],[8.84827,46.50812],[8.84884,46.50769],[8.84916,46.50738],[8.84926,46.50725],[8.84953,46.50679],[8.84973,46.50661],[8.84992,46.50642],[8.85011,46.50628],[8.85061,46.50597],[8.851,46.50577],[8.85133,46.50566],[8.85161,46.50561],[8.85253,46.50564],[8.85311,46.50575],[8.85375,46.50599],[8.85452,46.50611],[8.85561,46.50638],[8.85586,46.50639],[8.85611,46.50637],[8.8562,46.50636],[8.85642,46.50631],[8.85684,46.50619],[8.85704,46.50613],[8.85765,46.50568],[8.85875,46.505],[8.85947,46.50465],[8.86022,46.5045],[8.86068,46.50432],[8.86113,46.50402],[8.86235,46.50351],[8.86383,46.50304],[8.86519,46.50243],[8.8657,46.50235],[8.86656,46.50246],[8.86685,46.50245],[8.86744,46.5023],[8.86966,46.50185],[8.87083,46.50172],[8.87129,46.50176],[8.8717,46.5019],[8.87205,46.50218],[8.8722,46.50241],[8.87279,46.50289],[8.87358,46.50322],[8.87381,46.50331],[8.87429,46.50348],[8.87453,46.50353],[8.87552,46.50346],[8.87601,46.5035],[8.87662,46.50376],[8.87714,46.50389],[8.87792,46.50394],[8.87891,46.50392],[8.8807,46.50436],[8.88101,46.5045],[8.88181,46.50479],[8.88251,46.50497],[8.8837,46.5051],[8.88428,46.50524],[8.88475,46.50524],[8.885,46.5052],[8.88548,46.50501],[8.88598,46.50492],[8.88687,46.50488],[8.88758,46.50494],[8.88827,46.50513],[8.88904,46.50518],[8.88993,46.50497],[8.89052,46.50497],[8.89109,46.50511],[8.8933,46.50543],[8.89462,46.50543],[8.89507,46.5053],[8.89526,46.50519],[8.89542,46.50506],[8.89554,46.50491],[8.89562,46.50475],[8.89565,46.50458],[8.89568,46.50387],[8.89571,46.50344],[8.89571,46.50341],[8.89572,46.50221],[8.89573,46.50214],[8.89582,46.5011],[8.89582,46.50109],[8.89597,46.49868],[8.89604,46.49768],[8.89601,46.49746],[8.89561,46.49675],[8.8956,46.49639],[8.8958,46.49605],[8.89601,46.49587],[8.90126,46.49236],[8.90168,46.49215],[8.9087,46.48978],[8.90927,46.48967],[8.91145,46.48954],[8.91169,46.48951],[8.91493,46.48888],[8.91565,46.48885],[8.92076,46.48945],[8.92104,46.4895],[8.92162,46.48966],[8.9222,46.48965],[8.92344,46.48947],[8.92394,46.48953],[8.92438,46.48972],[8.92467,46.49001],[8.92479,46.4904],[8.92483,46.4911],[8.92532,46.49211],[8.9256,46.49238],[8.92601,46.49256],[8.92648,46.49262],[8.92709,46.49257],[8.92813,46.49275],[8.92908,46.49285],[8.92994,46.4932],[8.93101,46.49392],[8.93148,46.49411],[8.93186,46.49438],[8.93258,46.4951],[8.93272,46.49542],[8.933,46.49583],[8.93315,46.49611],[8.93329,46.49644],[8.93407,46.49713],[8.93418,46.49751],[8.93436,46.4978],[8.93504,46.49833],[8.93569,46.49853],[8.93618,46.49852],[8.93662,46.49839],[8.93705,46.49817],[8.93753,46.49806],[8.93803,46.4981],[8.9388,46.49835],[8.93999,46.49854],[8.94085,46.49856],[8.94201,46.49853],[8.94314,46.49861],[8.94404,46.49848],[8.9445,46.49831],[8.94482,46.49803],[8.94501,46.49763],[8.94531,46.49731],[8.94611,46.49682],[8.94626,46.4967],[8.94638,46.49656],[8.94648,46.49642],[8.94655,46.49631],[8.94666,46.49608],[8.94699,46.49558],[8.94704,46.49541],[8.94708,46.49519],[8.94712,46.4943],[8.9471,46.49405],[8.94685,46.4931],[8.94659,46.49279],[8.94582,46.49221],[8.94528,46.49189],[8.94511,46.49173],[8.94497,46.4915],[8.94489,46.49132],[8.94482,46.49112],[8.94494,46.49056],[8.9451,46.48951],[8.9451,46.48933],[8.94505,46.48916],[8.94492,46.48884],[8.94484,46.4887],[8.94474,46.48858],[8.94433,46.48816],[8.944,46.48794],[8.94346,46.48768],[8.94323,46.48754],[8.94308,46.48741],[8.94289,46.4871],[8.94286,46.48693],[8.94295,46.4866],[8.94308,46.48641],[8.94339,46.48607],[8.94353,46.48583],[8.94396,46.4848],[8.944,46.48462],[8.944,46.48444],[8.94395,46.48427],[8.94384,46.48411],[8.94369,46.48396],[8.94351,46.48384],[8.94314,46.48364],[8.94184,46.48307],[8.94076,46.48276],[8.94037,46.48251],[8.94016,46.48216],[8.94013,46.48192],[8.94016,46.48115],[8.94012,46.4801],[8.93992,46.47965],[8.93922,46.47907],[8.93847,46.47879],[8.93805,46.47853],[8.93772,46.478],[8.93772,46.47754],[8.93779,46.47732],[8.93805,46.47701],[8.93824,46.47689],[8.93847,46.47679],[8.93871,46.47673],[8.93897,46.47671],[8.94086,46.47682],[8.94229,46.47676],[8.94291,46.47668],[8.94329,46.47665],[8.94497,46.47665],[8.94501,46.47665],[8.94513,46.47665],[8.94537,46.47664],[8.94703,46.47644],[8.94724,46.4764],[8.94846,46.4761],[8.94847,46.47609],[8.95156,46.47535],[8.95158,46.47534],[8.96088,46.47297],[8.96089,46.47297],[8.96944,46.47071],[8.96982,46.47064],[8.97706,46.46982],[8.9779,46.46989],[8.97854,46.4703],[8.97876,46.47042],[8.97892,46.47048],[8.97904,46.47053],[8.98006,46.47088],[8.98053,46.47099],[8.9815,46.47098],[8.98188,46.47106],[8.98222,46.47117],[8.98243,46.47128],[8.98319,46.47174],[8.98343,46.47185],[8.98367,46.47192],[8.98411,46.47197],[8.98486,46.47187],[8.98611,46.47145],[8.98657,46.47143],[8.98692,46.47145],[8.98718,46.47151],[8.98788,46.4718],[8.98874,46.47192],[8.98963,46.47181],[8.99048,46.47151],[8.99151,46.47141],[8.99225,46.47158],[8.99265,46.47188],[8.99285,46.47221],[8.99319,46.47317],[8.99328,46.47336],[8.99343,46.47352],[8.994,46.47402],[8.99424,46.4743],[8.99439,46.47464],[8.99471,46.475],[8.99485,46.47542],[8.99497,46.4756],[8.99541,46.47611],[8.99583,46.47676],[8.99694,46.4778],[8.99711,46.47793],[8.9973,46.47804],[8.99811,46.47839],[8.99828,46.47846],[8.99847,46.4785],[8.99951,46.4787],[8.99981,46.47878],[9.00025,46.47902],[9.00112,46.47971],[9.00116,46.47974],[9.0016,46.48006],[9.00176,46.48015],[9.00194,46.48023],[9.00257,46.48046],[9.00273,46.4805],[9.00438,46.48091],[9.00568,46.48135],[9.00597,46.48143],[9.00739,46.48166],[9.00808,46.48192],[9.00869,46.48232],[9.0098,46.48256],[9.01003,46.48266],[9.0105,46.48299],[9.01143,46.48326],[9.01336,46.48353],[9.01544,46.48407],[9.01602,46.48432],[9.01684,46.48488],[9.01707,46.48506],[9.01799,46.48596],[9.01813,46.48612],[9.01821,46.48626],[9.01827,46.48644],[9.01832,46.48676],[9.01836,46.4869],[9.01844,46.48704],[9.01949,46.48858],[9.01988,46.48962],[9.0201,46.48994],[9.02072,46.49026],[9.02124,46.49031],[9.02188,46.49021],[9.02246,46.49023],[9.02315,46.49036],[9.02339,46.49045],[9.0246,46.49098],[9.02483,46.49106],[9.02951,46.49232],[9.02952,46.49233],[9.03092,46.49269],[9.03115,46.49274],[9.0314,46.49275],[9.03467,46.49273],[9.0349,46.49271],[9.03534,46.49259],[9.03569,46.49237],[9.03596,46.49193],[9.03607,46.49179],[9.03622,46.49164],[9.03646,46.4915],[9.03669,46.49141],[9.03722,46.49133],[9.03861,46.49153],[9.039,46.4917],[9.03931,46.49199],[9.03957,46.4924],[9.03999,46.49287],[9.04009,46.49317],[9.04006,46.49369],[9.03987,46.49401],[9.03887,46.49483],[9.03854,46.49539],[9.03825,46.49574],[9.0377,46.49675],[9.03719,46.49814],[9.03652,46.49872],[9.03569,46.49956],[9.03484,46.50063],[9.03449,46.50091],[9.03328,46.50169],[9.03193,46.50244],[9.03067,46.50288],[9.0291,46.50322],[9.0286,46.50352],[9.02834,46.50383],[9.0282,46.50456],[9.02797,46.5049],[9.02728,46.50548],[9.02667,46.50575],[9.02633,46.50598],[9.02556,46.50693],[9.02468,46.50744],[9.02417,46.50794],[9.02362,46.50876],[9.02311,46.50965],[9.02293,46.51013],[9.02291,46.51072],[9.02252,46.51169],[9.02208,46.51239],[9.02206,46.51311],[9.02229,46.51376],[9.02217,46.51445],[9.02249,46.51508],[9.02255,46.51544],[9.02243,46.51597],[9.02218,46.51781],[9.02228,46.51812],[9.02289,46.5188],[9.02297,46.5193],[9.02253,46.52038],[9.02215,46.52154],[9.02165,46.52236],[9.02078,46.52321],[9.02066,46.52365],[9.02076,46.52444],[9.02074,46.52475],[9.0204,46.52534],[9.02036,46.52564],[9.02048,46.5261],[9.02077,46.52647],[9.02084,46.5271],[9.02048,46.52782],[9.01993,46.52842],[9.0195,46.52863],[9.01802,46.52889],[9.01757,46.52904],[9.01723,46.5293],[9.01706,46.52962],[9.01684,46.53055],[9.01687,46.531],[9.01679,46.53169],[9.01701,46.53215],[9.01761,46.53251],[9.01979,46.53339],[9.02089,46.5337],[9.02127,46.53396],[9.02146,46.53431],[9.02147,46.53491],[9.02163,46.53533],[9.02222,46.53613],[9.02238,46.53691],[9.02259,46.53743],[9.0225,46.53791],[9.02201,46.53838],[9.02169,46.53881],[9.02126,46.53955],[9.02122,46.54023],[9.02151,46.5413],[9.02149,46.54159],[9.02125,46.54233],[9.02073,46.54449],[9.02012,46.5456],[9.01952,46.54638],[9.01933,46.54677],[9.01925,46.54722],[9.01929,46.54763],[9.01986,46.54834],[9.02021,46.54893],[9.0208,46.54952],[9.02099,46.5501],[9.02128,46.55052],[9.02174,46.55085],[9.02248,46.55171],[9.02281,46.55223],[9.02316,46.5532],[9.02321,46.55382],[9.02344,46.55415],[9.02422,46.5547],[9.02463,46.55537],[9.02456,46.55588],[9.02412,46.55652],[9.02403,46.55724],[9.02356,46.55782],[9.02347,46.55817],[9.02358,46.55851],[9.02407,46.55907],[9.02513,46.55963],[9.02536,46.5598],[9.02585,46.56046],[9.02604,46.5609],[9.02673,46.56197],[9.02682,46.56283],[9.02699,46.5635],[9.02658,46.56434],[9.02652,46.56537],[9.02674,46.56594],[9.02805,46.56721],[9.02837,46.56762],[9.02869,46.56826],[9.02905,46.56916],[9.02917,46.56977],[9.02978,46.57048],[9.02996,46.57113],[9.03022,46.57146],[9.03082,46.57183],[9.03146,46.57238],[9.03201,46.57302],[9.03342,46.57413],[9.03366,46.57441],[9.03407,46.57465],[9.03482,46.57484],[9.03538,46.57524],[9.03562,46.5758],[9.0356,46.57627],[9.03527,46.57724],[9.0353,46.57793],[9.03559,46.57862],[9.03599,46.5792],[9.036,46.5796],[9.03625,46.58031],[9.0366,46.58073],[9.03683,46.58126],[9.03734,46.58202],[9.03802,46.58252],[9.0387,46.58271],[9.03926,46.58297],[9.04011,46.58321],[9.04139,46.58342],[9.04193,46.58358],[9.04227,46.58385],[9.04246,46.58436],[9.04231,46.58504],[9.04233,46.58539],[9.04254,46.58571],[9.04339,46.58639],[9.04355,46.58676],[9.04365,46.58728],[9.04342,46.58792],[9.0428,46.58879],[9.04221,46.58921],[9.04165,46.58975],[9.04085,46.59017],[9.04014,46.5904],[9.03961,46.59069],[9.03905,46.59091],[9.03816,46.59115],[9.03756,46.5914],[9.03655,46.59157],[9.03565,46.59193],[9.03528,46.59213],[9.0349,46.59249],[9.03448,46.5931],[9.0342,46.59363],[9.03382,46.59412],[9.0338,46.59446],[9.03396,46.5948],[9.03393,46.59565],[9.03411,46.59633],[9.03392,46.59691],[9.03387,46.59813],[9.03407,46.59895],[9.03395,46.59937],[9.03346,46.5998],[9.0327,46.59995],[9.03192,46.59984],[9.03058,46.5995],[9.0294,46.59933],[9.02847,46.59933],[9.02777,46.59939],[9.02724,46.59952],[9.02684,46.59979],[9.02548,46.60124],[9.02512,46.6015],[9.02442,46.60176],[9.02394,46.60186],[9.02323,46.60187],[9.02252,46.60211],[9.02122,46.60298],[9.02053,46.60323],[9.01849,46.60326],[9.01771,46.60317],[9.01698,46.60319],[9.01646,46.60328],[9.01604,46.60352],[9.0156,46.60405],[9.01502,46.60447],[9.01445,46.60528],[9.01362,46.60601],[9.01288,46.60651],[9.01243,46.60695],[9.01185,46.60724],[9.01147,46.60753],[9.0111,46.60809],[9.01068,46.60836],[9.00983,46.60868],[9.00933,46.60905],[9.0088,46.60929],[9.00824,46.60941],[9.0077,46.60969],[9.00701,46.61053],[9.00661,46.61078],[9.00601,46.61099],[9.00401,46.61134],[8.9957,46.61171],[8.99503,46.61165],[8.99095,46.61061],[8.98402,46.60888],[8.98353,46.60868],[8.97328,46.60277],[8.9727,46.60257],[8.97217,46.60252],[8.97164,46.60263],[8.97084,46.60299],[8.96957,46.60329],[8.96908,46.60333],[8.96677,46.60371],[8.96628,46.60376],[8.96518,46.6037],[8.96424,46.60348],[8.96347,46.60317],[8.96268,46.60319],[8.96222,46.60338],[8.96183,46.60385],[8.95977,46.61047],[8.9598,46.61092],[8.96287,46.61784],[8.96287,46.61845],[8.9579,46.62971],[8.95769,46.63002],[8.957,46.63063],[8.95554,46.6313],[8.95506,46.6316],[8.95376,46.63208],[8.95304,46.63216],[8.95255,46.63206],[8.95215,46.63183],[8.95147,46.63098],[8.95093,46.63006],[8.95084,46.62968],[8.95104,46.62867],[8.95144,46.62811],[8.95144,46.62763],[8.95116,46.62718],[8.95108,46.62684],[8.95123,46.62629],[8.95127,46.62564],[8.95112,46.62518],[8.95062,46.62427],[8.9501,46.62384],[8.94824,46.62308],[8.94721,46.62242],[8.9464,46.62147],[8.94571,46.62089],[8.94528,46.62069],[8.94469,46.62058],[8.94423,46.62035],[8.9435,46.61964],[8.9422,46.61881],[8.94166,46.61865],[8.94111,46.61862],[8.94013,46.61881],[8.93947,46.61882],[8.93886,46.61898],[8.93846,46.61922],[8.93735,46.61957],[8.9357,46.61998],[8.9352,46.62028],[8.93384,46.62077],[8.93308,46.62094],[8.93077,46.62131],[8.9298,46.62143],[8.92883,46.62129],[8.9279,46.62124],[8.92694,46.62131],[8.92608,46.62156],[8.92558,46.62191],[8.92497,46.62265],[8.92457,46.62288],[8.92409,46.62298],[8.92309,46.62298],[8.92255,46.62287],[8.92153,46.62246],[8.92084,46.6219],[8.92062,46.62136],[8.92019,46.62083],[8.91951,46.62047],[8.91895,46.62001],[8.91858,46.61982],[8.91743,46.61955],[8.91664,46.6195],[8.91578,46.61951],[8.91518,46.61939],[8.91467,46.61937],[8.91307,46.61909],[8.91182,46.61871],[8.9113,46.61836],[8.91107,46.6181],[8.91062,46.617],[8.91036,46.61668],[8.90985,46.61639],[8.90917,46.61619],[8.90844,46.61617],[8.90792,46.61607],[8.90743,46.61581],[8.90687,46.61513],[8.90668,46.61435],[8.90645,46.61392],[8.90629,46.61314],[8.90569,46.61212],[8.90577,46.61049],[8.90599,46.60996],[8.90595,46.60952],[8.90608,46.60912],[8.90705,46.60762],[8.90717,46.60715],[8.90716,46.60638],[8.9075,46.60581],[8.90887,46.60446],[8.90917,46.60377],[8.90974,46.6031],[8.91073,46.60243],[8.91134,46.60217],[8.91184,46.60154],[8.91248,46.60105],[8.91315,46.60023],[8.91433,46.59969],[8.91499,46.59947],[8.91553,46.59902],[8.91578,46.59859],[8.91624,46.59821],[8.91646,46.59784],[8.91677,46.59694],[8.91674,46.5966],[8.91635,46.59616],[8.9156,46.59579],[8.91534,46.59549],[8.91523,46.59467],[8.91559,46.59385],[8.91598,46.59313],[8.91594,46.59263],[8.91571,46.59235],[8.91527,46.59207],[8.91469,46.59184],[8.91403,46.59138],[8.91358,46.59075],[8.91307,46.59032],[8.9126,46.58975],[8.91202,46.58938],[8.91124,46.58872],[8.91024,46.58824],[8.90929,46.58757],[8.90875,46.58727],[8.90736,46.58635],[8.90658,46.586],[8.90564,46.58535],[8.90516,46.58496],[8.90383,46.58418],[8.9035,46.58405],[8.8998,46.58307],[8.8943,46.58203],[8.89366,46.58179],[8.88955,46.57931],[8.88898,46.57911],[8.88016,46.57773],[8.87943,46.57745],[8.87916,46.57714],[8.87899,46.57661],[8.87871,46.57628],[8.8782,46.57592],[8.87781,46.57545],[8.87732,46.57511],[8.87697,46.57476],[8.87649,46.57455],[8.87581,46.57443],[8.87508,46.57422],[8.87415,46.57415],[8.87351,46.57418],[8.87252,46.5741],[8.87186,46.57391],[8.87126,46.57384],[8.8699,46.57356],[8.8684,46.57348],[8.86793,46.57341],[8.86742,46.57322],[8.86587,46.57303],[8.86469,46.57297],[8.86403,46.57298],[8.86354,46.57288],[8.863,46.57251],[8.86248,46.57172],[8.86221,46.57149],[8.86152,46.57113],[8.86079,46.57094],[8.86035,46.57073],[8.8588,46.57022],[8.8575,46.56996],[8.85584,46.57016],[8.85534,46.57009],[8.85416,46.56955],[8.85284,46.56866],[8.85216,46.56842],[8.85172,46.56815],[8.85088,46.56774],[8.85022,46.56713],[8.84937,46.56656],[8.84494,46.56414],[8.84357,46.56351],[8.84283,46.56336],[8.84206,46.56337],[8.841,46.56332],[8.83961,46.56316],[8.8385,46.56318],[8.83791,46.56328],[8.83646,46.56322],[8.8354,46.56344],[8.83409,46.56351],[8.83304,46.56349],[8.83197,46.56383],[8.83161,46.56404],[8.83093,46.56461],[8.83067,46.56494],[8.83036,46.56585],[8.8304,46.56644],[8.83015,46.56699],[8.82973,46.56772],[8.82976,46.56868],[8.82953,46.56931],[8.82953,46.57009],[8.82921,46.57059],[8.82853,46.57087],[8.82768,46.57081],[8.80123,46.56342],[8.80074,46.56335],[8.80025,46.56342],[8.78633,46.56736],[8.78547,46.56742],[8.78499,46.56726],[8.78443,46.56691],[8.78386,46.56673],[8.78309,46.5666],[8.78252,46.5666],[8.78207,46.5665],[8.78126,46.56607],[8.7811,46.56594],[8.78097,46.56579],[8.7809,46.56563],[8.78087,46.56545],[8.78089,46.56528],[8.78095,46.56511],[8.78109,46.56492],[8.78449,46.56116],[8.7845,46.56115],[8.78462,46.561],[8.78469,46.56084],[8.78472,46.56068],[8.78471,46.56051],[8.78465,46.56035],[8.7842,46.55946],[8.78418,46.55942],[8.77935,46.54898],[8.77928,46.5488],[8.77907,46.54794],[8.779,46.54775],[8.77847,46.54685],[8.77844,46.5468],[8.77759,46.54555],[8.77748,46.54535],[8.7772,46.54468],[8.77706,46.54446],[8.77609,46.54335],[8.7753,46.54273],[8.77511,46.54238],[8.77514,46.54201],[8.77527,46.54178],[8.77638,46.54034],[8.77648,46.54017],[8.77653,46.53998],[8.77645,46.53961],[8.77616,46.5393],[8.77558,46.53899],[8.77417,46.53816],[8.77386,46.53792],[8.77294,46.53705],[8.77267,46.53665],[8.77262,46.53616],[8.77244,46.53583],[8.77228,46.5357],[8.77209,46.53558],[8.77062,46.53486],[8.77038,46.53472],[8.77032,46.53468],[8.77012,46.53451],[8.77,46.53436],[8.76992,46.53419],[8.7699,46.53401],[8.76999,46.53367],[8.77073,46.5327],[8.77088,46.5321],[8.77142,46.53135],[8.77201,46.53048],[8.77209,46.53033],[8.77213,46.53016],[8.77212,46.53],[8.77208,46.52984],[8.77181,46.52922],[8.77168,46.52869],[8.77164,46.52854],[8.77157,46.52841],[8.77149,46.5283],[8.77145,46.52824],[8.77128,46.52803],[8.77114,46.52779],[8.77103,46.52705],[8.77043,46.52621],[8.77011,46.526],[8.76948,46.52571],[8.76888,46.52545],[8.76847,46.52502],[8.76843,46.52467],[8.76875,46.52416]]]},"properties":{"bfs_nr":5049,"name":"Blenio"}},{"type":"Feature","geometry":{"type":"Polygon","coordinates":[[[8.91736,46.41529],[8.91745,46.41512],[8.9176,46.4149],[8.91771,46.41476],[8.91799,46.41451],[8.91835,46.41408],[8.91884,46.41367],[8.91896,46.41354],[8.91925,46.41319],[8.9198,46.41259],[8.92039,46.41202],[8.92054,46.41189],[8.92079,46.4117],[8.92107,46.41153],[8.92133,46.41141],[8.92178,46.41127],[8.92203,46.41114],[8.92245,46.4108],[8.92292,46.41061],[8.9235,46.41048],[8.92416,46.41035],[8.92476,46.40996],[8.92491,46.40967],[8.92531,46.40904],[8.92551,46.40882],[8.92581,46.40862],[8.92604,46.40853],[8.92632,46.40838],[8.92677,46.40807],[8.92782,46.40713],[8.92833,46.40662],[8.92878,46.40626],[8.92937,46.40551],[8.9296,46.40481],[8.93042,46.40226],[8.93045,46.40207],[8.93046,46.39971],[8.93057,46.39933],[8.93085,46.39896],[8.93094,46.39859],[8.93073,46.3979],[8.93073,46.39772],[8.93088,46.3974],[8.93106,46.39722],[8.93357,46.39513],[8.93429,46.3947],[8.93445,46.39453],[8.93626,46.39226],[8.93642,46.39209],[8.93928,46.38949],[8.9402,46.38884],[8.94091,46.38866],[8.94608,46.38835],[8.94617,46.38835],[8.94641,46.38832],[8.94664,46.38827],[8.94704,46.38807],[8.9473,46.38779],[8.94737,46.38763],[8.9474,46.38746],[8.9474,46.38726],[8.9474,46.38725],[8.94745,46.3843],[8.94759,46.38329],[8.94769,46.38228],[8.94804,46.38024],[8.94823,46.37983],[8.94844,46.37964],[8.94873,46.37942],[8.94891,46.37924],[8.94977,46.37817],[8.95012,46.37788],[8.95055,46.37772],[8.95103,46.37768],[8.95169,46.37778],[8.95221,46.37796],[8.95265,46.37839],[8.95265,46.37896],[8.95213,46.38018],[8.9521,46.38024],[8.95097,46.38369],[8.95094,46.38383],[8.95094,46.38397],[8.95105,46.38491],[8.9511,46.38509],[8.95136,46.38542],[8.95156,46.38555],[8.95431,46.387],[8.961,46.39051],[8.96122,46.39061],[8.96174,46.39069],[8.96201,46.39068],[8.96726,46.39004],[8.96886,46.38967],[8.96948,46.38945],[8.96974,46.38942],[8.97078,46.3894],[8.9717,46.38948],[8.97192,46.38949],[8.97215,46.38946],[8.97332,46.38928],[8.97333,46.38928],[8.97489,46.38902],[8.97514,46.38896],[8.97536,46.38887],[8.97555,46.38875],[8.9757,46.38861],[8.97582,46.38845],[8.97588,46.38828],[8.97589,46.3881],[8.9755,46.38196],[8.97551,46.38175],[8.97557,46.38158],[8.97582,46.38129],[8.976,46.38117],[8.97627,46.38105],[8.97703,46.38079],[8.97704,46.38079],[8.98251,46.37886],[8.9828,46.37876],[8.98302,46.37871],[8.98322,46.37864],[8.98375,46.37842],[8.98382,46.37839],[8.98413,46.37824],[8.98428,46.37816],[8.98453,46.37799],[8.9849,46.3778],[8.98506,46.3777],[8.98519,46.37761],[8.98549,46.37738],[8.98571,46.37727],[8.98574,46.37726],[8.98577,46.37724],[8.98596,46.37716],[8.98624,46.37706],[8.98642,46.37702],[8.98703,46.37689],[8.98779,46.37659],[8.98884,46.37652],[8.98911,46.37647],[8.98924,46.37643],[8.99042,46.37623],[8.99045,46.37622],[8.99209,46.37596],[8.9958,46.37536],[8.99612,46.37533],[8.99664,46.3754],[8.99687,46.37548],[8.99724,46.37574],[8.99739,46.37594],[8.99753,46.37619],[8.99776,46.37654],[8.99805,46.37708],[8.99817,46.37723],[8.99875,46.37777],[8.99889,46.37812],[8.99887,46.37831],[8.99881,46.37848],[8.99869,46.37865],[8.99852,46.37879],[8.9979,46.37913],[8.99697,46.37997],[8.99531,46.38117],[8.99516,46.3813],[8.99505,46.38144],[8.99498,46.3816],[8.99485,46.382],[8.99482,46.38216],[8.99489,46.38249],[8.99512,46.3828],[8.99529,46.38306],[8.99545,46.38343],[8.99545,46.38377],[8.99511,46.38422],[8.99431,46.38456],[8.99396,46.38482],[8.99366,46.38544],[8.99301,46.38597],[8.99194,46.38619],[8.9917,46.38628],[8.99149,46.38641],[8.99133,46.38656],[8.99103,46.38704],[8.99071,46.3873],[8.98953,46.38788],[8.98891,46.38801],[8.98796,46.38806],[8.98772,46.38809],[8.98749,46.38815],[8.98728,46.38825],[8.98711,46.38836],[8.98697,46.3885],[8.98686,46.38866],[8.98681,46.38882],[8.98679,46.38899],[8.98683,46.38916],[8.98691,46.38932],[8.98703,46.38947],[8.98719,46.3896],[8.98843,46.39043],[8.98879,46.3908],[8.98887,46.39105],[8.98936,46.39377],[8.98942,46.39394],[8.98952,46.3941],[8.98966,46.39424],[8.98984,46.39437],[8.99005,46.39446],[8.99029,46.39453],[8.99053,46.39456],[8.99119,46.39451],[8.992,46.39426],[8.99274,46.39411],[8.99325,46.39393],[8.99348,46.39389],[8.99372,46.39388],[8.99401,46.39391],[8.99414,46.39394],[8.99461,46.39392],[8.99591,46.3936],[8.9965,46.39332],[8.99694,46.39321],[8.99764,46.3929],[8.9979,46.3928],[8.99827,46.39267],[8.99857,46.3926],[8.99889,46.39256],[8.99949,46.39254],[8.99993,46.39252],[9.00074,46.39274],[9.00219,46.39353],[9.00236,46.39361],[9.00274,46.39372],[9.00297,46.39382],[9.00332,46.3941],[9.00357,46.39456],[9.00369,46.3947],[9.00419,46.39506],[9.00844,46.39781],[9.00868,46.39793],[9.01077,46.39877],[9.01135,46.39911],[9.01174,46.39966],[9.0121,46.39991],[9.01232,46.39999],[9.01384,46.40042],[9.01406,46.40047],[9.01428,46.40049],[9.01451,46.40048],[9.01604,46.40035],[9.01761,46.40035],[9.01788,46.40033],[9.01814,46.40027],[9.01875,46.40007],[9.01901,46.40001],[9.01929,46.39998],[9.01968,46.39995],[9.01987,46.39994],[9.02016,46.39991],[9.02082,46.39994],[9.02193,46.39978],[9.02225,46.39971],[9.02248,46.39964],[9.02307,46.39958],[9.02376,46.39942],[9.02454,46.39918],[9.02504,46.39914],[9.02535,46.39918],[9.02604,46.39931],[9.02659,46.3995],[9.02783,46.40014],[9.02838,46.40022],[9.03129,46.39989],[9.03201,46.39997],[9.03226,46.39996],[9.03272,46.39985],[9.03336,46.39954],[9.036,46.39868],[9.03621,46.3986],[9.03687,46.39817],[9.03719,46.39806],[9.03767,46.39793],[9.0378,46.39789],[9.03838,46.39777],[9.03889,46.39772],[9.03978,46.39783],[9.04008,46.3978],[9.04113,46.39764],[9.04135,46.39759],[9.04155,46.39752],[9.04188,46.39737],[9.04203,46.39729],[9.04271,46.39682],[9.0437,46.39649],[9.0445,46.39642],[9.04478,46.39634],[9.04517,46.39619],[9.04563,46.39607],[9.04607,46.39602],[9.0468,46.39607],[9.0471,46.39606],[9.04718,46.39605],[9.04789,46.396],[9.04841,46.396],[9.04956,46.39614],[9.05037,46.39604],[9.05157,46.39612],[9.0522,46.39599],[9.05314,46.39594],[9.05392,46.39565],[9.05479,46.39557],[9.05639,46.39524],[9.05819,46.395],[9.05849,46.39494],[9.05909,46.39477],[9.0597,46.39473],[9.06082,46.39442],[9.06117,46.3942],[9.06185,46.39363],[9.06265,46.39339],[9.06288,46.39329],[9.06336,46.39291],[9.06396,46.39252],[9.06461,46.39218],[9.06502,46.39204],[9.06576,46.39176],[9.0659,46.3917],[9.06667,46.39132],[9.06728,46.39107],[9.06754,46.39094],[9.06783,46.39075],[9.06814,46.39062],[9.06892,46.39046],[9.06923,46.39032],[9.06964,46.39016],[9.0699,46.39008],[9.07015,46.39003],[9.07153,46.38975],[9.07213,46.38942],[9.07258,46.3893],[9.07354,46.3893],[9.07387,46.38924],[9.07425,46.38922],[9.07443,46.38923],[9.07453,46.38923],[9.07508,46.38922],[9.07579,46.38917],[9.07654,46.38932],[9.07747,46.3894],[9.07779,46.3894],[9.07818,46.38937],[9.07853,46.3893],[9.07944,46.38904],[9.08105,46.38873],[9.08129,46.38866],[9.08151,46.38857],[9.08218,46.38807],[9.08259,46.38792],[9.08305,46.38787],[9.08363,46.38795],[9.08418,46.38799],[9.08453,46.38807],[9.086,46.38856],[9.08619,46.38861],[9.08678,46.38873],[9.08733,46.38893],[9.08808,46.38961],[9.08859,46.3903],[9.08878,46.39078],[9.08885,46.39153],[9.08904,46.39209],[9.08939,46.39273],[9.09032,46.39401],[9.09077,46.39453],[9.09094,46.39517],[9.09129,46.39577],[9.09247,46.39656],[9.09375,46.39778],[9.09461,46.39824],[9.09533,46.39854],[9.09565,46.39881],[9.09602,46.39966],[9.09605,46.39999],[9.09587,46.40034],[9.09519,46.40101],[9.0946,46.4014],[9.09373,46.40207],[9.09301,46.40228],[9.09224,46.4026],[9.09174,46.40293],[9.0915,46.40333],[9.09146,46.4037],[9.09117,46.40411],[9.09035,46.40469],[9.09,46.40536],[9.09008,46.40569],[9.09039,46.40613],[9.09055,46.40653],[9.09083,46.40681],[9.09177,46.40739],[9.09248,46.40757],[9.09309,46.40756],[9.09395,46.40766],[9.09502,46.40805],[9.0956,46.4082],[9.09616,46.40846],[9.09747,46.40892],[9.09829,46.40953],[9.09937,46.41],[9.10124,46.41029],[9.10224,46.41078],[9.10282,46.4114],[9.1029,46.41177],[9.1028,46.41224],[9.103,46.41298],[9.10282,46.41361],[9.10233,46.41418],[9.10221,46.41481],[9.10174,46.41596],[9.101,46.41739],[9.10032,46.41819],[9.09917,46.41929],[9.09857,46.41966],[9.09785,46.42074],[9.09716,46.42126],[9.09692,46.42177],[9.09696,46.42215],[9.09682,46.4225],[9.09631,46.42325],[9.09585,46.42441],[9.09536,46.42532],[9.09473,46.42605],[9.09384,46.4268],[9.09302,46.42765],[9.09284,46.42796],[9.09282,46.42848],[9.09259,46.42893],[9.09191,46.42958],[9.09136,46.42998],[9.09083,46.43088],[9.09027,46.43134],[9.08931,46.43197],[9.08912,46.43233],[9.08914,46.43264],[9.08898,46.43331],[9.08911,46.43499],[9.08908,46.43529],[9.08874,46.43596],[9.08866,46.43633],[9.0888,46.43668],[9.08924,46.43715],[9.08932,46.43751],[9.08912,46.43815],[9.08902,46.4387],[9.08847,46.43975],[9.08814,46.44127],[9.08786,46.44193],[9.0878,46.44241],[9.0875,46.44312],[9.08729,46.44344],[9.08722,46.44379],[9.0876,46.44448],[9.08855,46.44528],[9.08995,46.44706],[9.09147,46.44852],[9.09171,46.44887],[9.09163,46.4496],[9.09165,46.45123],[9.09204,46.45317],[9.09277,46.45464],[9.09299,46.45528],[9.09333,46.45584],[9.09406,46.45724],[9.09421,46.45768],[9.09431,46.45835],[9.09429,46.45883],[9.09491,46.4603],[9.09492,46.46064],[9.09446,46.46154],[9.09397,46.46217],[9.09341,46.46334],[9.09286,46.4639],[9.09211,46.46448],[9.0916,46.46525],[9.09082,46.46613],[9.09017,46.46671],[9.08981,46.46711],[9.08908,46.46766],[9.08831,46.46805],[9.08753,46.46864],[9.08701,46.46942],[9.08633,46.46989],[9.08543,46.4706],[9.08521,46.4709],[9.08516,46.47123],[9.08563,46.47246],[9.08579,46.4738],[9.08575,46.47415],[9.08545,46.47522],[9.08502,46.47563],[9.08279,46.47692],[9.08206,46.47718],[9.08104,46.47735],[9.08004,46.47771],[9.07909,46.47798],[9.07763,46.47829],[9.07713,46.47848],[9.07666,46.47884],[9.07621,46.47903],[9.07395,46.48013],[9.07328,46.48018],[9.07227,46.48],[9.07083,46.47963],[9.06943,46.47915],[9.06821,46.47889],[9.06722,46.4785],[9.06673,46.47837],[9.06536,46.47829],[9.0649,46.47816],[9.06287,46.47728],[9.06175,46.47691],[9.06064,46.47643],[9.05992,46.47643],[9.05889,46.47661],[9.05567,46.47678],[9.05471,46.47675],[9.05377,46.4769],[9.05344,46.47711],[9.05254,46.47787],[9.05211,46.47853],[9.05185,46.4788],[9.05098,46.47933],[9.05014,46.47953],[9.04909,46.47965],[9.0484,46.47982],[9.04767,46.48008],[9.04673,46.48053],[9.0462,46.48091],[9.04605,46.48126],[9.04621,46.48178],[9.04694,46.48244],[9.04723,46.48293],[9.0477,46.48347],[9.04783,46.484],[9.0474,46.48497],[9.04661,46.48605],[9.0462,46.48693],[9.04563,46.48747],[9.04535,46.48787],[9.04482,46.48821],[9.04352,46.48847],[9.04213,46.48887],[9.04051,46.48946],[9.04018,46.48968],[9.03974,46.49023],[9.03936,46.49059],[9.03905,46.49103],[9.03869,46.49126],[9.03798,46.4914],[9.03722,46.49133],[9.03695,46.49135],[9.03669,46.4914],[9.03645,46.4915],[9.03625,46.49162],[9.03618,46.49167],[9.03602,46.49184],[9.03572,46.49232],[9.03537,46.49257],[9.03491,46.49271],[9.03459,46.49273],[9.03146,46.49275],[9.03115,46.49273],[9.03086,46.49268],[9.02952,46.49233],[9.0295,46.49232],[9.02489,46.49107],[9.02455,46.49096],[9.02335,46.49043],[9.02316,46.49036],[9.02295,46.49031],[9.02199,46.49015],[9.02176,46.49013],[9.02112,46.49017],[9.02063,46.49011],[9.02021,46.48992],[9.01992,46.48964],[9.01952,46.48862],[9.01846,46.48707],[9.01837,46.4869],[9.01832,46.48672],[9.01826,46.48641],[9.01822,46.48626],[9.01814,46.48612],[9.01803,46.48599],[9.01703,46.48503],[9.01689,46.48491],[9.01597,46.48429],[9.01551,46.48409],[9.01331,46.48351],[9.01147,46.48327],[9.0105,46.48299],[9.01003,46.48266],[9.0098,46.48255],[9.00954,46.48249],[9.00874,46.48233],[9.00798,46.48185],[9.00746,46.48167],[9.00604,46.48144],[9.00561,46.48133],[9.00442,46.48092],[9.00277,46.48051],[9.00253,46.48044],[9.00199,46.48025],[9.00177,46.48015],[9.00157,46.48003],[9.00117,46.47974],[9.00111,46.4797],[9.00021,46.47899],[9.00003,46.47887],[8.99981,46.47878],[8.99958,46.47871],[8.99851,46.47851],[8.99828,46.47846],[8.99807,46.47838],[8.99743,46.47809],[8.99714,46.47793],[8.99696,46.47777],[8.9968,46.47758],[8.99657,46.47742],[8.99584,46.47676],[8.99543,46.47614],[8.9949,46.47549],[8.99469,46.47491],[8.99435,46.47453],[8.99419,46.47421],[8.99405,46.47406],[8.99348,46.47356],[8.99329,46.47336],[8.99317,46.47313],[8.99284,46.47218],[8.99278,46.47204],[8.99244,46.4716],[8.99237,46.47124],[8.9925,46.47089],[8.99329,46.47017],[8.9935,46.46991],[8.99366,46.46945],[8.99415,46.46894],[8.99435,46.46846],[8.99444,46.46829],[8.99457,46.46813],[8.99479,46.46796],[8.99543,46.46756],[8.99564,46.46739],[8.99645,46.46656],[8.99656,46.46642],[8.99664,46.46625],[8.99667,46.46609],[8.99669,46.46561],[8.99668,46.46548],[8.99664,46.46535],[8.99644,46.46478],[8.99647,46.46424],[8.99636,46.4636],[8.99633,46.46348],[8.99604,46.46269],[8.99577,46.46222],[8.99553,46.46145],[8.99526,46.46083],[8.99526,46.46034],[8.99543,46.46002],[8.99581,46.45956],[8.99584,46.45952],[8.9963,46.45891],[8.99635,46.45883],[8.99679,46.45807],[8.99686,46.4579],[8.99692,46.45729],[8.99738,46.45654],[8.9979,46.45614],[8.99825,46.45567],[8.99809,46.45496],[8.99811,46.45462],[8.99853,46.45383],[8.99885,46.45349],[8.99899,46.45314],[8.99892,46.45279],[8.9985,46.4523],[8.9984,46.45206],[8.99828,46.45162],[8.99826,46.45153],[8.9982,46.45112],[8.99819,46.45088],[8.99837,46.45051],[8.99877,46.45016],[8.99938,46.4494],[8.9998,46.44874],[9.00025,46.4482],[9.00035,46.44806],[9.0004,46.44791],[9.00043,46.44776],[9.00045,46.44684],[9.00056,46.44647],[9.00103,46.44555],[9.00106,46.4454],[9.00107,46.44512],[9.00104,46.44494],[9.00097,46.44476],[8.99999,46.44305],[8.99991,46.44293],[8.99948,46.44238],[8.99928,46.44219],[8.99847,46.4416],[8.99669,46.44008],[8.99647,46.43994],[8.99542,46.43954],[8.9946,46.43917],[8.99005,46.438],[8.98979,46.43792],[8.98961,46.43783],[8.98932,46.43758],[8.9892,46.4374],[8.98781,46.43455],[8.98775,46.43438],[8.98773,46.4342],[8.98769,46.42939],[8.98767,46.42877],[8.98764,46.42857],[8.98753,46.42838],[8.98734,46.42808],[8.9871,46.42778],[8.98645,46.42665],[8.98643,46.4262],[8.98626,46.42586],[8.98592,46.42559],[8.98569,46.4255],[8.98544,46.42544],[8.98518,46.42542],[8.98475,46.42541],[8.98421,46.42542],[8.98317,46.42524],[8.9825,46.42522],[8.98181,46.42511],[8.98157,46.42513],[8.98091,46.42522],[8.98033,46.42521],[8.98002,46.42524],[8.97954,46.42519],[8.97864,46.4249],[8.97847,46.42481],[8.97828,46.42467],[8.97817,46.42459],[8.97798,46.42438],[8.9779,46.42429],[8.97774,46.42402],[8.97768,46.42388],[8.97762,46.42362],[8.97761,46.4235],[8.97755,46.42334],[8.97745,46.42318],[8.97731,46.42305],[8.9772,46.42295],[8.97701,46.42283],[8.9768,46.42273],[8.97656,46.42267],[8.97631,46.42263],[8.97605,46.42264],[8.9758,46.42267],[8.97536,46.42285],[8.97518,46.42297],[8.97504,46.42312],[8.97497,46.42322],[8.97487,46.42341],[8.97483,46.42361],[8.97485,46.42397],[8.97528,46.42484],[8.97533,46.42524],[8.9753,46.42542],[8.97508,46.42574],[8.97471,46.42597],[8.97416,46.42612],[8.97322,46.42617],[8.97297,46.42623],[8.97275,46.42633],[8.97247,46.42647],[8.9724,46.42651],[8.97197,46.42677],[8.9717,46.4269],[8.97145,46.42698],[8.97112,46.42702],[8.97101,46.42703],[8.97075,46.42704],[8.97054,46.42703],[8.97036,46.42703],[8.97008,46.42705],[8.96981,46.42704],[8.96814,46.42686],[8.96789,46.42685],[8.96741,46.42692],[8.96719,46.42701],[8.96674,46.42723],[8.96673,46.42723],[8.96473,46.42823],[8.96454,46.42834],[8.96399,46.42876],[8.96372,46.42892],[8.96148,46.43007],[8.96113,46.43021],[8.95885,46.43092],[8.95803,46.43121],[8.95751,46.43125],[8.9568,46.43104],[8.95657,46.43087],[8.95526,46.4297],[8.95224,46.42715],[8.95206,46.42703],[8.95185,46.42693],[8.95161,46.42686],[8.95136,46.42683],[8.95111,46.42683],[8.95053,46.42686],[8.95028,46.42689],[8.94983,46.42703],[8.94964,46.42715],[8.94935,46.42742],[8.94896,46.42765],[8.94448,46.42969],[8.94425,46.42978],[8.94238,46.4304],[8.9421,46.43047],[8.94163,46.4305],[8.94117,46.4304],[8.94092,46.43029],[8.93502,46.42713],[8.93499,46.42712],[8.93164,46.42524],[8.93142,46.42509],[8.93118,46.4248],[8.93112,46.42446],[8.93124,46.42413],[8.93153,46.42386],[8.9321,46.42355],[8.93235,46.42324],[8.93241,46.42288],[8.93211,46.42239],[8.93147,46.4221],[8.92492,46.42082],[8.92456,46.42072],[8.92425,46.42056],[8.91772,46.41632],[8.91739,46.416],[8.91727,46.41567],[8.91736,46.41529]]]},"properties":{"bfs_nr":5050,"name":"Serravalle"}},{"type":"Feature","geometry":{"type":"Polygon","coordinates":[[[8.51318,46.55766],[8.51326,46.55734],[8.51372,46.55666],[8.51433,46.55628],[8.51528,46.55554],[8.51572,46.55466],[8.51565,46.55411],[8.51493,46.55293],[8.51456,46.55184],[8.51454,46.55144],[8.51488,46.5506],[8.51527,46.55006],[8.51567,46.54879],[8.51585,46.54845],[8.51644,46.54766],[8.5169,46.54727],[8.51764,46.54689],[8.51794,46.54658],[8.51803,46.5462],[8.51795,46.54516],[8.51818,46.54457],[8.51904,46.54376],[8.51969,46.54343],[8.51999,46.54315],[8.52024,46.54275],[8.52023,46.54226],[8.52,46.54194],[8.51964,46.54166],[8.51943,46.54133],[8.51955,46.54062],[8.51947,46.54014],[8.51962,46.53929],[8.51984,46.539],[8.52042,46.53871],[8.52102,46.53862],[8.52136,46.53855],[8.5227,46.53812],[8.52299,46.53805],[8.52329,46.53802],[8.5262,46.53794],[8.52774,46.53798],[8.52818,46.53803],[8.52862,46.53812],[8.52907,46.53815],[8.52965,46.53807],[8.5306,46.53801],[8.53151,46.53796],[8.53188,46.53791],[8.53269,46.53769],[8.53282,46.53766],[8.53361,46.5375],[8.53374,46.53747],[8.53422,46.53733],[8.53451,46.53721],[8.53521,46.53684],[8.5354,46.53672],[8.53555,46.53657],[8.53587,46.53618],[8.53588,46.53616],[8.53646,46.53547],[8.53676,46.5352],[8.5369,46.53503],[8.53722,46.53442],[8.53952,46.53185],[8.53969,46.53169],[8.54153,46.53019],[8.54218,46.52979],[8.54264,46.52945],[8.54277,46.52933],[8.54289,46.52921],[8.54304,46.52899],[8.54321,46.52865],[8.54343,46.52835],[8.54381,46.52797],[8.54417,46.52768],[8.54457,46.52746],[8.54478,46.52732],[8.54494,46.52715],[8.54536,46.52656],[8.5455,46.5261],[8.54579,46.52559],[8.54581,46.52538],[8.54577,46.52468],[8.54564,46.52434],[8.54533,46.52405],[8.54513,46.52395],[8.54381,46.52341],[8.54362,46.52335],[8.54244,46.52304],[8.54179,46.52292],[8.54122,46.52257],[8.54105,46.52223],[8.54112,46.52175],[8.54137,46.52144],[8.54195,46.52108],[8.54218,46.5209],[8.54227,46.52081],[8.54235,46.52071],[8.5425,46.52049],[8.54264,46.52035],[8.54292,46.52015],[8.54325,46.51986],[8.5435,46.51958],[8.54364,46.51937],[8.54376,46.51913],[8.5439,46.51897],[8.54429,46.51872],[8.54457,46.51863],[8.54481,46.51854],[8.54502,46.51841],[8.54673,46.51707],[8.54704,46.51656],[8.54699,46.5162],[8.54676,46.5158],[8.54673,46.51492],[8.54692,46.51436],[8.54881,46.51209],[8.54922,46.51147],[8.54958,46.51122],[8.55005,46.51108],[8.55084,46.51109],[8.55152,46.5109],[8.5517,46.51079],[8.55184,46.51065],[8.55211,46.51034],[8.55225,46.51011],[8.55419,46.50503],[8.55423,46.50486],[8.5546,46.50101],[8.55455,46.50027],[8.55439,46.49985],[8.55447,46.49883],[8.55453,46.49865],[8.55468,46.49843],[8.55498,46.49813],[8.55512,46.49798],[8.55536,46.49746],[8.55557,46.49716],[8.55568,46.49692],[8.5557,46.49669],[8.55555,46.49613],[8.55561,46.49579],[8.5562,46.49526],[8.55631,46.49513],[8.55652,46.4948],[8.55727,46.49409],[8.5575,46.49366],[8.55747,46.49299],[8.55759,46.49267],[8.55797,46.49231],[8.5587,46.49196],[8.55942,46.49171],[8.55988,46.49141],[8.56034,46.49124],[8.56126,46.49111],[8.56177,46.49106],[8.56213,46.49106],[8.56273,46.49117],[8.5635,46.49118],[8.56443,46.49137],[8.56505,46.49143],[8.56541,46.49149],[8.56578,46.49157],[8.56627,46.49173],[8.56681,46.49188],[8.56926,46.4924],[8.56997,46.49248],[8.57063,46.49253],[8.57168,46.49282],[8.57295,46.49291],[8.57402,46.49288],[8.57465,46.49274],[8.57524,46.49271],[8.57574,46.49283],[8.57614,46.49305],[8.57653,46.49325],[8.57682,46.49337],[8.57743,46.49354],[8.57757,46.49358],[8.5781,46.49368],[8.57838,46.49375],[8.57877,46.49395],[8.57902,46.49423],[8.5791,46.49456],[8.57887,46.49558],[8.5789,46.49595],[8.57899,46.49612],[8.57937,46.49649],[8.57981,46.49676],[8.58005,46.49705],[8.58041,46.49779],[8.58077,46.49818],[8.58122,46.49885],[8.58137,46.49903],[8.58157,46.49918],[8.58174,46.49928],[8.58198,46.49939],[8.58225,46.49947],[8.5834,46.49961],[8.58379,46.49964],[8.58417,46.49969],[8.58424,46.4997],[8.58479,46.49976],[8.58501,46.49977],[8.58522,46.49976],[8.58614,46.49964],[8.58677,46.49948],[8.58729,46.49944],[8.58769,46.4995],[8.58797,46.49952],[8.58838,46.49951],[8.58869,46.4995],[8.58896,46.4995],[8.58922,46.49953],[8.59091,46.49983],[8.59114,46.49986],[8.59203,46.49991],[8.59325,46.50011],[8.59347,46.50012],[8.59382,46.50011],[8.59447,46.50007],[8.59483,46.50008],[8.59509,46.50007],[8.59588,46.49997],[8.59612,46.49996],[8.59637,46.49996],[8.59672,46.5],[8.59703,46.50005],[8.59784,46.50034],[8.59807,46.50041],[8.59831,46.50045],[8.59899,46.50052],[8.59926,46.50052],[8.59978,46.50042],[8.60026,46.50021],[8.6021,46.49991],[8.60263,46.49967],[8.60279,46.49955],[8.60318,46.49922],[8.60336,46.4991],[8.60356,46.499],[8.60448,46.49867],[8.60524,46.49836],[8.60593,46.49826],[8.60636,46.49811],[8.60675,46.49788],[8.60719,46.49768],[8.6076,46.49754],[8.60814,46.49742],[8.60871,46.49732],[8.609,46.49723],[8.60923,46.49719],[8.60953,46.49718],[8.60977,46.49719],[8.61001,46.49718],[8.61067,46.49711],[8.61068,46.49711],[8.61214,46.49694],[8.61273,46.49683],[8.61314,46.49677],[8.61338,46.49671],[8.61363,46.49664],[8.61381,46.49657],[8.61456,46.49616],[8.61493,46.49606],[8.61533,46.496],[8.61591,46.49595],[8.61718,46.49577],[8.61793,46.49559],[8.61849,46.49554],[8.61912,46.49559],[8.61959,46.49551],[8.62015,46.49518],[8.62052,46.49466],[8.62077,46.49448],[8.62106,46.49432],[8.62139,46.4942],[8.62162,46.4941],[8.62191,46.49396],[8.6229,46.49369],[8.6231,46.49363],[8.62369,46.4934],[8.62386,46.49332],[8.62438,46.49303],[8.62464,46.49291],[8.62483,46.49281],[8.62521,46.4925],[8.62567,46.49231],[8.62683,46.49216],[8.62811,46.49193],[8.62874,46.49174],[8.62923,46.49167],[8.63017,46.4915],[8.63041,46.49149],[8.63074,46.49149],[8.63094,46.49149],[8.63192,46.49139],[8.632,46.49138],[8.63229,46.49134],[8.63261,46.49132],[8.6331,46.49138],[8.63353,46.49158],[8.63391,46.49197],[8.63469,46.49253],[8.63515,46.49283],[8.63533,46.49298],[8.63566,46.4933],[8.63603,46.49351],[8.63621,46.49366],[8.63637,46.49387],[8.63685,46.4947],[8.63698,46.49516],[8.6371,46.49541],[8.63733,46.49568],[8.63783,46.49613],[8.638,46.4966],[8.63893,46.49789],[8.63907,46.49821],[8.63907,46.49845],[8.6391,46.49863],[8.63944,46.49936],[8.63958,46.49954],[8.63978,46.49968],[8.64069,46.50024],[8.64075,46.50028],[8.64135,46.50067],[8.64137,46.50068],[8.6465,46.5039],[8.64672,46.50401],[8.65137,46.50591],[8.6518,46.50616],[8.65202,46.50647],[8.65205,46.50682],[8.6514,46.50833],[8.65117,46.50866],[8.65082,46.50888],[8.64982,46.50933],[8.64905,46.50953],[8.64816,46.5099],[8.64676,46.51008],[8.64629,46.5102],[8.64552,46.5107],[8.64523,46.51097],[8.64481,46.51155],[8.64467,46.51189],[8.64472,46.51223],[8.64496,46.51253],[8.64513,46.51266],[8.64534,46.51275],[8.64605,46.51302],[8.64734,46.51356],[8.64768,46.51368],[8.64793,46.5138],[8.64824,46.51405],[8.64842,46.51429],[8.6488,46.51453],[8.64927,46.51465],[8.64979,46.51464],[8.65049,46.51437],[8.65182,46.51401],[8.65231,46.514],[8.65255,46.51404],[8.65298,46.51421],[8.65328,46.51448],[8.65339,46.51468],[8.65436,46.51701],[8.65442,46.51762],[8.65474,46.51809],[8.65514,46.5183],[8.65563,46.51839],[8.65619,46.51841],[8.65622,46.51841],[8.65712,46.51844],[8.65746,46.51847],[8.65796,46.51865],[8.6582,46.51882],[8.65877,46.51931],[8.6589,46.51944],[8.65959,46.52021],[8.66101,46.52209],[8.66153,46.52246],[8.66217,46.52265],[8.66252,46.52289],[8.66273,46.52323],[8.66295,46.52389],[8.66307,46.5241],[8.66432,46.52575],[8.66448,46.52609],[8.66449,46.52629],[8.66435,46.52826],[8.66435,46.52839],[8.66439,46.52852],[8.6646,46.52909],[8.6646,46.5291],[8.6649,46.52988],[8.66492,46.52993],[8.66569,46.53227],[8.66602,46.5337],[8.66612,46.53394],[8.6666,46.53472],[8.66662,46.53506],[8.66656,46.53523],[8.66643,46.53542],[8.66576,46.53621],[8.66565,46.53638],[8.66559,46.53657],[8.66564,46.53694],[8.66624,46.53784],[8.6666,46.53817],[8.66737,46.53856],[8.66779,46.53907],[8.66845,46.53949],[8.66939,46.53971],[8.67024,46.54013],[8.67108,46.54063],[8.67148,46.54105],[8.67179,46.54172],[8.6728,46.54269],[8.67328,46.54342],[8.67353,46.54429],[8.6738,46.54497],[8.67387,46.54534],[8.67382,46.54606],[8.674,46.54745],[8.67439,46.5479],[8.67525,46.5483],[8.67543,46.54845],[8.67653,46.54994],[8.67693,46.55026],[8.67744,46.5509],[8.67837,46.55153],[8.67893,46.55199],[8.6795,46.55224],[8.68002,46.55264],[8.68084,46.55315],[8.68098,46.55323],[8.68113,46.5533],[8.68153,46.55346],[8.68191,46.55367],[8.68212,46.55383],[8.68226,46.55399],[8.68238,46.5542],[8.68243,46.55433],[8.68243,46.55466],[8.68251,46.55496],[8.68273,46.55542],[8.68349,46.55621],[8.68383,46.55672],[8.68407,46.55712],[8.68421,46.5573],[8.6844,46.55745],[8.68502,46.55787],[8.68535,46.55824],[8.68628,46.55877],[8.68653,46.55893],[8.68673,46.55913],[8.68699,46.55953],[8.68712,46.55995],[8.68723,46.56011],[8.68766,46.56047],[8.68787,46.56079],[8.68808,46.56146],[8.68843,46.56173],[8.68932,46.56218],[8.68969,46.56242],[8.69016,46.56285],[8.69041,46.56356],[8.69073,46.56405],[8.69076,46.56439],[8.69091,46.5647],[8.69104,46.56484],[8.6912,46.56496],[8.69236,46.5655],[8.69266,46.56579],[8.69277,46.56614],[8.69274,46.56636],[8.6919,46.56935],[8.69187,46.56952],[8.6919,46.56969],[8.6921,46.5704],[8.69218,46.57058],[8.69249,46.57088],[8.69276,46.57101],[8.69302,46.5711],[8.69331,46.57114],[8.69446,46.57129],[8.69496,46.5715],[8.69547,46.57157],[8.69623,46.57157],[8.69652,46.57158],[8.6968,46.57164],[8.69743,46.57181],[8.69761,46.57186],[8.6977,46.57187],[8.69789,46.5719],[8.69809,46.5719],[8.69822,46.5719],[8.69839,46.57189],[8.69881,46.57188],[8.69907,46.57191],[8.6994,46.57197],[8.69976,46.57199],[8.70049,46.572],[8.70153,46.57237],[8.70174,46.57241],[8.70205,46.57244],[8.7024,46.57245],[8.70289,46.57255],[8.70311,46.57265],[8.70333,46.5728],[8.70355,46.573],[8.70362,46.57307],[8.70378,46.57321],[8.70482,46.57371],[8.70522,46.57418],[8.70522,46.57459],[8.70506,46.57509],[8.70511,46.57548],[8.70504,46.57639],[8.70472,46.57713],[8.70402,46.57773],[8.70377,46.5781],[8.70316,46.57859],[8.70268,46.57882],[8.70166,46.57909],[8.69944,46.57945],[8.699,46.57964],[8.6987,46.57993],[8.69855,46.58035],[8.69827,46.58071],[8.69784,46.58096],[8.69701,46.58105],[8.69657,46.58095],[8.6958,46.5806],[8.69494,46.58046],[8.69351,46.57993],[8.69301,46.57978],[8.69242,46.57973],[8.69134,46.57992],[8.69073,46.58024],[8.69029,46.5804],[8.68908,46.58051],[8.68856,46.58049],[8.68794,46.58036],[8.68737,46.58032],[8.68563,46.58043],[8.68456,46.58023],[8.68362,46.57996],[8.68289,46.57958],[8.68219,46.57873],[8.68188,46.57849],[8.68146,46.57834],[8.68072,46.57833],[8.68031,46.57846],[8.67942,46.57894],[8.67865,46.57907],[8.67808,46.57895],[8.67699,46.5786],[8.67623,46.57853],[8.67484,46.57858],[8.67355,46.57853],[8.67304,46.57845],[8.67226,46.57797],[8.67125,46.57756],[8.67011,46.57738],[8.66911,46.57715],[8.66852,46.57686],[8.66711,46.57661],[8.66673,46.57644],[8.66617,46.57599],[8.66558,46.57574],[8.66521,46.57544],[8.66491,46.57493],[8.66429,46.57447],[8.66284,46.57385],[8.6616,46.57358],[8.66069,46.57351],[8.66007,46.57325],[8.65966,46.5727],[8.65961,46.5723],[8.65927,46.57173],[8.65882,46.57134],[8.65846,46.57059],[8.65799,46.56983],[8.65738,46.56917],[8.65666,46.5687],[8.65622,46.56849],[8.65546,46.56829],[8.65476,46.56824],[8.65419,46.56808],[8.65337,46.56771],[8.65256,46.56723],[8.65139,46.56675],[8.65061,46.56664],[8.64977,46.5664],[8.6488,46.56626],[8.64828,46.56611],[8.6477,46.56585],[8.64659,46.56559],[8.64563,46.56527],[8.64513,46.56523],[8.64462,46.56531],[8.64388,46.56526],[8.64306,46.56477],[8.64222,46.56449],[8.64157,46.56441],[8.64098,46.56423],[8.6405,46.56419],[8.63935,46.56439],[8.63885,46.56442],[8.63779,46.56428],[8.63664,46.5643],[8.63565,46.5644],[8.63493,46.56441],[8.63445,46.56451],[8.63407,46.56473],[8.63349,46.56522],[8.63305,46.56535],[8.63169,46.56543],[8.63104,46.56571],[8.63078,46.56602],[8.63024,46.56715],[8.62978,46.56878],[8.62922,46.56997],[8.62894,46.5707],[8.62885,46.57142],[8.62905,46.57236],[8.62935,46.57303],[8.62925,46.57354],[8.62876,46.57392],[8.62793,46.57419],[8.62711,46.57474],[8.62684,46.57518],[8.62678,46.57565],[8.62648,46.57614],[8.62599,46.57648],[8.62521,46.57688],[8.62468,46.57705],[8.6238,46.57714],[8.62292,46.57736],[8.62081,46.57798],[8.62027,46.57806],[8.61948,46.57796],[8.61789,46.5776],[8.61733,46.57764],[8.61648,46.57782],[8.61588,46.57787],[8.61538,46.57776],[8.61484,46.57735],[8.61441,46.57685],[8.61337,46.57623],[8.61179,46.57546],[8.61096,46.57496],[8.61042,46.57486],[8.60795,46.57469],[8.60674,46.57444],[8.60565,46.57435],[8.60438,46.57414],[8.60305,46.57415],[8.60242,46.57407],[8.60153,46.57366],[8.60105,46.57358],[8.59997,46.57352],[8.59889,46.57367],[8.59831,46.57392],[8.59782,46.57399],[8.59668,46.57392],[8.59358,46.5735],[8.59313,46.5735],[8.59193,46.5736],[8.591,46.57349],[8.59051,46.57354],[8.58925,46.57403],[8.58843,46.57455],[8.58762,46.57494],[8.58634,46.57587],[8.58572,46.57622],[8.58509,46.57643],[8.58423,46.57698],[8.58348,46.57709],[8.58225,46.57707],[8.58175,46.57713],[8.58132,46.57731],[8.58103,46.57759],[8.58044,46.57846],[8.57889,46.5802],[8.57851,46.58048],[8.57795,46.58067],[8.57758,46.58089],[8.57709,46.58175],[8.57669,46.582],[8.57601,46.5822],[8.57506,46.58287],[8.57396,46.58352],[8.57347,46.58364],[8.5727,46.58367],[8.57194,46.58354],[8.56968,46.58264],[8.5675,46.58187],[8.5659,46.58146],[8.56505,46.58133],[8.56381,46.58134],[8.56172,46.5816],[8.56112,46.5815],[8.56045,46.58126],[8.55995,46.58122],[8.55903,46.58146],[8.55814,46.58145],[8.55488,46.58069],[8.55444,46.58064],[8.55123,46.58069],[8.55065,46.58079],[8.54813,46.58171],[8.54675,46.58238],[8.54624,46.58278],[8.54519,46.58384],[8.54477,46.58413],[8.54353,46.5847],[8.54159,46.58541],[8.54089,46.5859],[8.54038,46.58611],[8.53928,46.58632],[8.53882,46.58626],[8.53838,46.58606],[8.53672,46.58504],[8.53619,46.58485],[8.53452,46.58458],[8.53397,46.58458],[8.53321,46.5847],[8.53231,46.58474],[8.53141,46.58454],[8.5311,46.58437],[8.53017,46.58371],[8.52931,46.58333],[8.52779,46.58257],[8.52709,46.58216],[8.5265,46.58168],[8.52609,46.58103],[8.5261,46.5804],[8.52596,46.58009],[8.52505,46.57931],[8.52485,46.579],[8.52483,46.57849],[8.52467,46.57817],[8.52437,46.57791],[8.52394,46.57775],[8.52295,46.57764],[8.52221,46.57747],[8.52183,46.57723],[8.52161,46.57691],[8.52159,46.57656],[8.52185,46.57598],[8.5219,46.57487],[8.52167,46.57434],[8.52044,46.57312],[8.5202,46.57274],[8.5202,46.57237],[8.52036,46.57199],[8.52057,46.57114],[8.52097,46.57018],[8.52102,46.56993],[8.52099,46.56886],[8.52106,46.56822],[8.521,46.5673],[8.52082,46.567],[8.52049,46.56676],[8.51979,46.5665],[8.51838,46.56559],[8.51801,46.56523],[8.51775,46.56481],[8.51688,46.56311],[8.51656,46.56276],[8.51583,46.56224],[8.51525,46.56125],[8.51475,46.56063],[8.51409,46.55998],[8.51368,46.55938],[8.51342,46.55845],[8.51322,46.55803],[8.51318,46.55766]]]},"properties":{"bfs_nr":5061,"name":"Airolo"}},{"type":"Feature","geometry":{"type":"Polygon","coordinates":[[[8.38232,46.45898],[8.38324,46.45662],[8.38363,46.45541],[8.38383,46.45444],[8.38417,46.45387],[8.38429,46.45346],[8.38429,46.45307],[8.38441,46.45265],[8.38492,46.45214],[8.38531,46.45194],[8.38578,46.45185],[8.38666,46.45183],[8.38717,46.45193],[8.38831,46.45248],[8.3892,46.45266],[8.38974,46.45265],[8.39078,46.45234],[8.39154,46.45196],[8.39201,46.45179],[8.3928,46.45176],[8.39328,46.45191],[8.39374,46.45225],[8.39466,46.4532],[8.3954,46.45371],[8.39607,46.45451],[8.39661,46.45478],[8.39752,46.45492],[8.39885,46.45492],[8.39972,46.4551],[8.40046,46.45504],[8.40131,46.45482],[8.40217,46.45484],[8.40302,46.45519],[8.40362,46.45572],[8.404,46.45634],[8.40422,46.45687],[8.40455,46.45714],[8.40516,46.45738],[8.40589,46.45776],[8.40723,46.45836],[8.4082,46.45861],[8.40919,46.45861],[8.40968,46.45868],[8.41047,46.45899],[8.41168,46.45914],[8.41252,46.45917],[8.41306,46.45929],[8.41372,46.45928],[8.41477,46.45896],[8.41521,46.45877],[8.41568,46.4587],[8.41705,46.45881],[8.41784,46.45901],[8.41821,46.45923],[8.41883,46.45982],[8.42037,46.46046],[8.421,46.46085],[8.42144,46.46096],[8.42363,46.46105],[8.42497,46.46134],[8.42568,46.46157],[8.4274,46.46172],[8.42797,46.46188],[8.42893,46.46227],[8.43027,46.46266],[8.43078,46.46297],[8.43144,46.46326],[8.43187,46.46336],[8.43282,46.46347],[8.43353,46.46372],[8.43497,46.4639],[8.43572,46.46381],[8.43626,46.46382],[8.43704,46.46407],[8.43778,46.46414],[8.43828,46.46407],[8.43888,46.46374],[8.43921,46.4633],[8.43961,46.46308],[8.4401,46.46298],[8.4407,46.46299],[8.44164,46.46315],[8.4434,46.46336],[8.44518,46.46366],[8.44594,46.46367],[8.44636,46.46354],[8.44976,46.46196],[8.45016,46.46166],[8.45207,46.45935],[8.45304,46.45825],[8.45312,46.45787],[8.453,46.45751],[8.45265,46.45699],[8.45257,46.45665],[8.45271,46.4562],[8.45276,46.45557],[8.45299,46.45527],[8.45368,46.45477],[8.45438,46.45434],[8.45485,46.45414],[8.45527,46.45379],[8.45557,46.45342],[8.45617,46.45305],[8.45716,46.45271],[8.45766,46.45239],[8.45851,46.45207],[8.45896,46.45177],[8.45954,46.45158],[8.46062,46.45138],[8.4611,46.4512],[8.46158,46.45112],[8.46206,46.45117],[8.46249,46.45135],[8.46297,46.4519],[8.46325,46.45213],[8.4639,46.45253],[8.46429,46.45311],[8.46462,46.45339],[8.46544,46.45373],[8.46616,46.45428],[8.46657,46.45448],[8.46689,46.45471],[8.46736,46.45521],[8.46756,46.4554],[8.46762,46.45544],[8.46781,46.45554],[8.46823,46.45568],[8.46871,46.45571],[8.46912,46.45576],[8.46945,46.45583],[8.46995,46.45598],[8.47066,46.4561],[8.47161,46.45613],[8.47272,46.45607],[8.47368,46.45619],[8.47411,46.45632],[8.47431,46.45635],[8.47463,46.45639],[8.47494,46.45643],[8.47525,46.4565],[8.47552,46.45657],[8.47611,46.45676],[8.47684,46.45688],[8.47732,46.45707],[8.47809,46.45732],[8.4784,46.45744],[8.47948,46.45797],[8.47959,46.45803],[8.47982,46.45812],[8.4801,46.4582],[8.48042,46.45827],[8.48061,46.45832],[8.4809,46.45844],[8.48123,46.45864],[8.48165,46.45882],[8.48206,46.45908],[8.4831,46.45941],[8.48379,46.45977],[8.48419,46.46017],[8.48451,46.46117],[8.48461,46.46203],[8.48477,46.46287],[8.48487,46.46304],[8.48502,46.4632],[8.48521,46.46333],[8.48543,46.46343],[8.48568,46.46349],[8.4866,46.4636],[8.48829,46.46393],[8.4884,46.46397],[8.48844,46.46398],[8.48915,46.46419],[8.48934,46.46423],[8.48969,46.4643],[8.49001,46.46441],[8.49017,46.46446],[8.4904,46.46452],[8.49141,46.46509],[8.49204,46.46522],[8.49293,46.46538],[8.49367,46.46579],[8.49527,46.4664],[8.49599,46.46654],[8.49693,46.46659],[8.49761,46.4664],[8.4981,46.46592],[8.49866,46.46551],[8.49943,46.46536],[8.49977,46.46539],[8.4998,46.4654],[8.50016,46.46545],[8.50044,46.46554],[8.50117,46.46583],[8.5012,46.46584],[8.50133,46.46589],[8.50159,46.46596],[8.50173,46.46599],[8.50197,46.46602],[8.50318,46.46616],[8.50333,46.46618],[8.50383,46.46621],[8.50402,46.46621],[8.50448,46.46623],[8.50478,46.46624],[8.50534,46.46621],[8.50685,46.46638],[8.50723,46.46636],[8.50773,46.46639],[8.50807,46.46638],[8.50846,46.46639],[8.50877,46.46643],[8.509,46.46649],[8.50939,46.46671],[8.50996,46.46735],[8.51007,46.46747],[8.51021,46.46757],[8.51029,46.46762],[8.5114,46.46819],[8.512,46.46859],[8.5129,46.46907],[8.51307,46.46915],[8.51325,46.46922],[8.51398,46.46942],[8.51502,46.46959],[8.51551,46.46977],[8.51573,46.46989],[8.51605,46.4701],[8.51685,46.47053],[8.51725,46.47074],[8.51783,46.47133],[8.51805,46.47186],[8.51817,46.47201],[8.51832,46.47214],[8.5185,46.47224],[8.51872,46.47233],[8.51915,46.47246],[8.51994,46.47282],[8.52087,46.47312],[8.52128,46.47346],[8.52192,46.47382],[8.52242,46.47395],[8.52333,46.47396],[8.52399,46.47409],[8.52453,46.47404],[8.525,46.47384],[8.5253,46.47362],[8.52554,46.47338],[8.52569,46.47319],[8.52577,46.47299],[8.52595,46.47221],[8.5262,46.47182],[8.52654,46.47158],[8.5268,46.47147],[8.52712,46.47138],[8.52848,46.47108],[8.52877,46.47099],[8.52915,46.47086],[8.53034,46.47057],[8.53092,46.47037],[8.53142,46.47034],[8.53206,46.47042],[8.53287,46.47031],[8.53332,46.47008],[8.53362,46.46973],[8.53438,46.46915],[8.5348,46.46898],[8.53552,46.46884],[8.5364,46.4684],[8.53659,46.46825],[8.53672,46.46807],[8.53685,46.46787],[8.53715,46.46757],[8.53779,46.46732],[8.53828,46.46731],[8.54022,46.46768],[8.5408,46.4679],[8.54132,46.46835],[8.54177,46.46859],[8.54226,46.46905],[8.54235,46.46928],[8.54253,46.46957],[8.54269,46.46973],[8.54287,46.46986],[8.54309,46.46996],[8.54432,46.47041],[8.54464,46.47052],[8.54471,46.47055],[8.54504,46.47065],[8.54519,46.47069],[8.54561,46.47077],[8.54623,46.47096],[8.54651,46.47102],[8.54687,46.47107],[8.54746,46.47114],[8.54837,46.4715],[8.54887,46.47212],[8.54951,46.47254],[8.54986,46.47284],[8.54996,46.47291],[8.55021,46.47308],[8.55034,46.47316],[8.55147,46.47374],[8.55173,46.47391],[8.55199,46.47425],[8.55212,46.47473],[8.55238,46.47509],[8.55251,46.47542],[8.55262,46.47561],[8.55302,46.47607],[8.55333,46.47638],[8.55356,46.47686],[8.5539,46.47718],[8.55529,46.478],[8.55551,46.47811],[8.55644,46.47847],[8.55669,46.47858],[8.557,46.47884],[8.55715,46.47916],[8.55711,46.47952],[8.55669,46.48017],[8.55638,46.48067],[8.55631,46.48084],[8.55631,46.4812],[8.55652,46.48153],[8.55709,46.48207],[8.5571,46.4826],[8.55679,46.48309],[8.55668,46.48344],[8.55676,46.48379],[8.55688,46.48395],[8.55701,46.48409],[8.55717,46.48441],[8.55721,46.4848],[8.55704,46.48531],[8.55706,46.48581],[8.55674,46.4873],[8.55676,46.48747],[8.55694,46.4878],[8.55722,46.48807],[8.55739,46.48851],[8.55745,46.48897],[8.55754,46.48915],[8.55793,46.48955],[8.55807,46.48985],[8.55811,46.49022],[8.55839,46.49068],[8.55862,46.49134],[8.55854,46.49185],[8.55784,46.49241],[8.55756,46.49271],[8.55745,46.49305],[8.55748,46.49358],[8.55735,46.49393],[8.55651,46.4948],[8.5563,46.49514],[8.55614,46.49528],[8.55582,46.4955],[8.5556,46.49578],[8.55554,46.49613],[8.55569,46.49669],[8.5556,46.49706],[8.55539,46.4974],[8.55512,46.49796],[8.55494,46.49817],[8.55474,46.49836],[8.55462,46.49849],[8.55451,46.49866],[8.55444,46.49885],[8.55439,46.49997],[8.55453,46.50039],[8.55454,46.5007],[8.55459,46.5009],[8.55459,46.50108],[8.55423,46.50482],[8.55417,46.50507],[8.55227,46.51005],[8.55206,46.5104],[8.55192,46.51057],[8.55172,46.51075],[8.55152,46.51087],[8.55104,46.51102],[8.55017,46.51102],[8.54965,46.51115],[8.54943,46.51126],[8.54925,46.51141],[8.54912,46.51158],[8.54878,46.51212],[8.54659,46.51476],[8.54642,46.51524],[8.54662,46.51605],[8.54684,46.51656],[8.54677,46.51692],[8.54667,46.51708],[8.54648,46.51726],[8.54507,46.51837],[8.54486,46.5185],[8.54467,46.51859],[8.54418,46.51876],[8.54398,46.51889],[8.54381,46.51904],[8.5437,46.51922],[8.5436,46.51944],[8.54345,46.51963],[8.54328,46.51983],[8.54257,46.5204],[8.54246,46.52053],[8.54223,46.52085],[8.54188,46.52112],[8.54134,46.52145],[8.54119,46.52159],[8.54103,46.52191],[8.54103,46.52232],[8.54122,46.52263],[8.54156,46.52287],[8.54201,46.523],[8.54263,46.52309],[8.54386,46.52343],[8.54507,46.52392],[8.54533,46.52406],[8.54564,46.52434],[8.54577,46.52473],[8.54581,46.52533],[8.54578,46.52559],[8.54546,46.52614],[8.54535,46.52657],[8.54498,46.52709],[8.54464,46.5274],[8.54424,46.52763],[8.54398,46.52781],[8.54384,46.52794],[8.5434,46.52838],[8.54322,46.52862],[8.54307,46.52893],[8.54284,46.52926],[8.5428,46.5293],[8.54261,46.52947],[8.54222,46.52976],[8.54198,46.52991],[8.54177,46.53002],[8.54157,46.53015],[8.53966,46.53171],[8.53954,46.53182],[8.53706,46.5346],[8.53678,46.53512],[8.53651,46.53542],[8.53588,46.53617],[8.53558,46.53653],[8.53539,46.53672],[8.53515,46.53687],[8.53458,46.53718],[8.53415,46.53735],[8.53377,46.53746],[8.53358,46.53751],[8.5328,46.53767],[8.53272,46.53769],[8.53197,46.53788],[8.53141,46.53797],[8.53061,46.53801],[8.52961,46.53808],[8.52907,46.53814],[8.52782,46.53799],[8.52633,46.53794],[8.52622,46.53794],[8.52442,46.53798],[8.52439,46.53798],[8.52323,46.53802],[8.52299,46.53805],[8.52275,46.5381],[8.52144,46.53852],[8.52093,46.53863],[8.52001,46.53874],[8.51909,46.53891],[8.51798,46.53889],[8.51715,46.5388],[8.51657,46.53883],[8.51609,46.53874],[8.51529,46.53843],[8.51383,46.53816],[8.51274,46.53775],[8.51164,46.53751],[8.51109,46.53748],[8.51062,46.53733],[8.50946,46.53673],[8.50838,46.53642],[8.50788,46.53618],[8.50751,46.53586],[8.50713,46.53569],[8.50542,46.53519],[8.50425,46.5351],[8.50308,46.53509],[8.50235,46.53517],[8.50162,46.53514],[8.50077,46.53491],[8.50013,46.53448],[8.49961,46.53435],[8.49879,46.53435],[8.49794,46.53425],[8.49741,46.53427],[8.49653,46.53446],[8.49517,46.53453],[8.4947,46.53445],[8.49337,46.53403],[8.49188,46.53337],[8.49128,46.53305],[8.49015,46.53285],[8.48685,46.53277],[8.48626,46.53267],[8.48537,46.53241],[8.48496,46.53233],[8.48366,46.53237],[8.48303,46.53229],[8.48245,46.53202],[8.48185,46.5314],[8.48091,46.52964],[8.48053,46.52926],[8.47994,46.52897],[8.47957,46.52867],[8.47904,46.52845],[8.4785,46.52808],[8.47818,46.52773],[8.47815,46.52718],[8.47844,46.52667],[8.47849,46.52586],[8.47842,46.52551],[8.47803,46.52504],[8.47683,46.52434],[8.47614,46.52417],[8.47526,46.52409],[8.47496,46.524],[8.47397,46.5235],[8.47307,46.52322],[8.47268,46.52299],[8.47211,46.52229],[8.47156,46.52187],[8.47088,46.52095],[8.47091,46.5203],[8.47076,46.51996],[8.47043,46.51968],[8.46872,46.51871],[8.46792,46.51852],[8.46675,46.51793],[8.46635,46.51764],[8.46608,46.51695],[8.46581,46.51663],[8.4647,46.516],[8.46292,46.51454],[8.46273,46.51434],[8.46244,46.51376],[8.46171,46.51254],[8.46046,46.51133],[8.45989,46.5109],[8.45864,46.51005],[8.45568,46.50822],[8.45509,46.50794],[8.45462,46.50781],[8.45412,46.50782],[8.45346,46.50799],[8.45286,46.50801],[8.45197,46.5078],[8.4514,46.50737],[8.44935,46.50447],[8.44622,46.49947],[8.44583,46.49874],[8.44503,46.49787],[8.4449,46.4975],[8.44493,46.49713],[8.44481,46.49682],[8.4436,46.49581],[8.44323,46.4956],[8.44277,46.4955],[8.44229,46.49552],[8.44153,46.49573],[8.4407,46.49608],[8.43996,46.49618],[8.43898,46.49607],[8.43766,46.4962],[8.43671,46.49661],[8.4361,46.49679],[8.43446,46.49703],[8.43324,46.49694],[8.43196,46.49695],[8.43123,46.49667],[8.43064,46.49616],[8.43009,46.49587],[8.42841,46.49539],[8.42761,46.49503],[8.42622,46.49486],[8.42452,46.49455],[8.42362,46.49431],[8.42226,46.4938],[8.42164,46.49352],[8.42089,46.49305],[8.41991,46.49271],[8.41943,46.49268],[8.41859,46.49279],[8.41771,46.49319],[8.41722,46.49357],[8.41682,46.49375],[8.41522,46.49425],[8.41466,46.49449],[8.41419,46.49454],[8.41367,46.49447],[8.41246,46.49411],[8.41181,46.49379],[8.41117,46.49304],[8.41055,46.49272],[8.4094,46.49261],[8.40858,46.49262],[8.40767,46.49272],[8.40639,46.49274],[8.40463,46.49268],[8.40342,46.49251],[8.40174,46.49246],[8.40082,46.49263],[8.40047,46.49285],[8.40004,46.49343],[8.39901,46.49411],[8.39851,46.49424],[8.39761,46.49424],[8.3962,46.49414],[8.39531,46.49399],[8.39458,46.49408],[8.39412,46.49426],[8.39366,46.49432],[8.39273,46.49424],[8.39227,46.49407],[8.39185,46.49369],[8.39171,46.49334],[8.3916,46.49185],[8.39175,46.49153],[8.39306,46.48967],[8.39397,46.48848],[8.39429,46.48777],[8.39433,46.48696],[8.39461,46.48608],[8.3947,46.485],[8.39431,46.48387],[8.39409,46.4836],[8.39362,46.48335],[8.39219,46.48298],[8.39146,46.48249],[8.39118,46.48173],[8.39064,46.48097],[8.38989,46.48013],[8.38835,46.47893],[8.38806,46.47859],[8.388,46.47824],[8.38809,46.47778],[8.38781,46.47726],[8.38714,46.47689],[8.38685,46.47661],[8.38657,46.47579],[8.38654,46.47545],[8.3867,46.47513],[8.38735,46.47458],[8.38805,46.47425],[8.38845,46.47382],[8.38894,46.47344],[8.38948,46.47267],[8.38951,46.47233],[8.38932,46.47124],[8.38934,46.47076],[8.38982,46.46995],[8.39014,46.46971],[8.39066,46.46954],[8.3913,46.46947],[8.39176,46.46931],[8.39211,46.46905],[8.39227,46.46871],[8.39226,46.4682],[8.39204,46.46789],[8.39143,46.46759],[8.39021,46.46733],[8.38898,46.46728],[8.38841,46.46718],[8.3868,46.46641],[8.38603,46.4658],[8.38583,46.46545],[8.38585,46.46508],[8.38602,46.4647],[8.38621,46.46362],[8.38635,46.46316],[8.38627,46.46282],[8.38584,46.46199],[8.38556,46.46168],[8.38358,46.46029],[8.38279,46.45998],[8.38244,46.45972],[8.38227,46.4592],[8.38232,46.45898]]]},"properties":{"bfs_nr":5063,"name":"Bedretto"}},{"type":"Feature","geometry":{"type":"Polygon","coordinates":[[[8.70879,46.45465],[8.70829,46.45414],[8.70824,46.45379],[8.7084,46.45346],[8.70873,46.45319],[8.70924,46.45302],[8.71914,46.45109],[8.71933,46.45106],[8.72126,46.45083],[8.72129,46.45082],[8.7251,46.45041],[8.72523,46.4504],[8.72646,46.45032],[8.72671,46.45029],[8.72901,46.44983],[8.73165,46.44936],[8.73307,46.4492],[8.7335,46.44919],[8.73444,46.44923],[8.73481,46.44921],[8.73672,46.44891],[8.73745,46.4489],[8.73767,46.44887],[8.73792,46.44883],[8.73816,46.44876],[8.73832,46.44871],[8.73861,46.44863],[8.7388,46.44859],[8.73907,46.44855],[8.73934,46.44849],[8.74028,46.44809],[8.7407,46.44764],[8.74074,46.44746],[8.74077,46.44693],[8.74092,46.44659],[8.74128,46.44623],[8.74162,46.44568],[8.74221,46.44532],[8.74303,46.4452],[8.74385,46.445],[8.74485,46.44465],[8.74511,46.44462],[8.74536,46.44462],[8.74577,46.44469],[8.746,46.44472],[8.74624,46.44474],[8.7464,46.44475],[8.74737,46.44487],[8.7481,46.44479],[8.74895,46.44452],[8.75038,46.44421],[8.75095,46.44419],[8.75121,46.44423],[8.75157,46.44435],[8.75213,46.44447],[8.7527,46.44456],[8.75399,46.44492],[8.75455,46.44496],[8.75483,46.44491],[8.7551,46.44482],[8.75532,46.4447],[8.75549,46.44455],[8.75638,46.44361],[8.75657,46.44345],[8.757,46.44323],[8.7605,46.44209],[8.76052,46.44209],[8.7625,46.44146],[8.76271,46.44137],[8.76289,46.44127],[8.76316,46.44099],[8.76326,46.44067],[8.76322,46.44038],[8.76329,46.44001],[8.76377,46.43909],[8.76421,46.43861],[8.76434,46.43844],[8.76441,46.43832],[8.76486,46.43757],[8.76718,46.43497],[8.76727,46.43485],[8.76903,46.43194],[8.76917,46.43176],[8.76951,46.43152],[8.76972,46.43143],[8.77019,46.43136],[8.77052,46.43137],[8.77167,46.43158],[8.77375,46.43221],[8.7746,46.43236],[8.77535,46.43262],[8.77677,46.43299],[8.77697,46.43303],[8.7777,46.4331],[8.77811,46.43326],[8.77828,46.43338],[8.77851,46.43367],[8.7786,46.43406],[8.77883,46.43439],[8.77946,46.43482],[8.78025,46.43548],[8.78042,46.4356],[8.78108,46.43598],[8.78121,46.43604],[8.7815,46.43617],[8.78185,46.43634],[8.78199,46.4364],[8.78252,46.4366],[8.78289,46.43678],[8.7833,46.43708],[8.78369,46.43741],[8.78422,46.43777],[8.78453,46.43815],[8.78478,46.43838],[8.78491,46.43853],[8.785,46.43869],[8.78523,46.43919],[8.78538,46.43936],[8.78586,46.43969],[8.78608,46.43988],[8.7862,46.44005],[8.78638,46.44025],[8.78651,46.44036],[8.78659,46.44042],[8.78698,46.44069],[8.78719,46.44087],[8.78734,46.44108],[8.78776,46.44184],[8.788,46.44247],[8.78822,46.44281],[8.78829,46.44291],[8.78852,46.44316],[8.7886,46.44328],[8.7887,46.44347],[8.78872,46.44382],[8.78855,46.44414],[8.78837,46.44432],[8.78827,46.44439],[8.78805,46.44454],[8.78764,46.44476],[8.78736,46.44489],[8.7867,46.44514],[8.78645,46.44522],[8.78565,46.44542],[8.78501,46.44554],[8.78476,46.44561],[8.78409,46.4459],[8.78336,46.44633],[8.7825,46.44658],[8.78066,46.44745],[8.78052,46.44753],[8.77857,46.44878],[8.77828,46.44892],[8.7776,46.44912],[8.77725,46.44933],[8.77665,46.44986],[8.77653,46.44998],[8.77599,46.45068],[8.77588,46.45085],[8.77583,46.45104],[8.77584,46.45122],[8.77594,46.45176],[8.7759,46.45217],[8.77564,46.45289],[8.77538,46.45391],[8.77523,46.45425],[8.77462,46.45516],[8.77454,46.45532],[8.7745,46.4555],[8.77452,46.45568],[8.77458,46.45585],[8.77469,46.45601],[8.77485,46.45615],[8.77504,46.45627],[8.77681,46.45715],[8.77716,46.45737],[8.77782,46.4579],[8.77801,46.45809],[8.77817,46.45844],[8.77816,46.45867],[8.77807,46.45921],[8.77807,46.4594],[8.77816,46.46007],[8.7782,46.46021],[8.77827,46.46036],[8.77858,46.46084],[8.77875,46.46103],[8.77893,46.46118],[8.77896,46.46121],[8.77975,46.46184],[8.77992,46.46195],[8.78012,46.46205],[8.78034,46.46211],[8.78057,46.46214],[8.78681,46.46269],[8.78699,46.46271],[8.78777,46.46283],[8.7878,46.46283],[8.78963,46.46309],[8.79357,46.46364],[8.79358,46.46364],[8.79456,46.46377],[8.79486,46.46384],[8.79527,46.46402],[8.79556,46.46431],[8.79565,46.46451],[8.79593,46.46532],[8.79609,46.46598],[8.79651,46.4673],[8.7966,46.46753],[8.79679,46.46817],[8.7968,46.46819],[8.79695,46.46862],[8.79696,46.46863],[8.79697,46.46867],[8.79702,46.46889],[8.79696,46.46923],[8.79671,46.46953],[8.79614,46.4699],[8.79587,46.47002],[8.79511,46.47011],[8.79422,46.46981],[8.79369,46.46973],[8.79342,46.46975],[8.79301,46.4698],[8.79297,46.46981],[8.79266,46.46985],[8.79242,46.46987],[8.79171,46.4699],[8.79162,46.4699],[8.79111,46.46994],[8.79085,46.46998],[8.7906,46.47006],[8.79039,46.47017],[8.79021,46.47031],[8.78999,46.47064],[8.79,46.47121],[8.7903,46.47207],[8.79055,46.47247],[8.79057,46.47303],[8.79039,46.4737],[8.79018,46.47403],[8.78971,46.47435],[8.78923,46.47447],[8.78863,46.47449],[8.78838,46.47454],[8.78794,46.47473],[8.78756,46.47519],[8.78756,46.47554],[8.78772,46.47596],[8.78769,46.47653],[8.78757,46.47692],[8.78735,46.47724],[8.78677,46.4777],[8.78624,46.4779],[8.78513,46.47816],[8.78488,46.47827],[8.78451,46.47859],[8.78413,46.4788],[8.78387,46.47891],[8.78359,46.479],[8.78311,46.47906],[8.78167,46.47899],[8.78063,46.47904],[8.77957,46.47921],[8.77934,46.47926],[8.77914,46.47933],[8.77896,46.47943],[8.7788,46.47955],[8.77843,46.47996],[8.77829,46.48014],[8.77816,46.4804],[8.77809,46.48051],[8.77802,46.48062],[8.77791,46.48081],[8.77753,46.48118],[8.7774,46.48135],[8.77724,46.4815],[8.77717,46.48155],[8.77697,46.48167],[8.77661,46.48186],[8.77645,46.48198],[8.776,46.48249],[8.77577,46.4827],[8.77559,46.48284],[8.77555,46.48287],[8.77538,46.48299],[8.77513,46.48314],[8.77498,46.48325],[8.77453,46.48382],[8.77429,46.484],[8.77406,46.48411],[8.77353,46.48427],[8.77311,46.4845],[8.77286,46.48485],[8.77265,46.48549],[8.77231,46.48576],[8.77159,46.486],[8.77082,46.48597],[8.77038,46.48578],[8.76964,46.48508],[8.76932,46.48468],[8.76919,46.48446],[8.76888,46.4838],[8.76861,46.48347],[8.76435,46.48015],[8.76417,46.47998],[8.76406,46.47983],[8.76398,46.47963],[8.76385,46.47904],[8.76384,46.47904],[8.76304,46.47555],[8.76302,46.47535],[8.76305,46.47515],[8.76335,46.47416],[8.76338,46.474],[8.76336,46.47384],[8.76331,46.47369],[8.76294,46.47292],[8.76278,46.4727],[8.76171,46.47163],[8.7616,46.4715],[8.76113,46.47089],[8.761,46.47068],[8.76096,46.47033],[8.76149,46.46911],[8.7619,46.46868],[8.76195,46.46861],[8.76203,46.46845],[8.76206,46.46829],[8.76218,46.46717],[8.76217,46.46662],[8.76173,46.46605],[8.76158,46.46575],[8.76152,46.46538],[8.76124,46.46455],[8.76129,46.46424],[8.76138,46.46406],[8.7617,46.4636],[8.76178,46.46344],[8.76182,46.46326],[8.76181,46.46309],[8.76164,46.46276],[8.7613,46.4625],[8.76084,46.46235],[8.76033,46.46233],[8.7594,46.4624],[8.75852,46.46274],[8.75828,46.46281],[8.75796,46.46286],[8.75774,46.46287],[8.75732,46.46287],[8.75708,46.46288],[8.75661,46.46297],[8.75614,46.46297],[8.75551,46.46275],[8.75514,46.46242],[8.75503,46.46225],[8.75493,46.46185],[8.75476,46.46156],[8.7545,46.46134],[8.75387,46.46097],[8.75332,46.4608],[8.75284,46.46056],[8.75199,46.46029],[8.75174,46.46023],[8.75147,46.46021],[8.75108,46.46019],[8.75082,46.46019],[8.75056,46.46021],[8.75045,46.46022],[8.75008,46.46025],[8.74936,46.46012],[8.74889,46.46009],[8.74859,46.4601],[8.74814,46.46017],[8.74765,46.46026],[8.74717,46.46026],[8.74673,46.46015],[8.74639,46.46],[8.74604,46.45987],[8.74589,46.45982],[8.74527,46.45964],[8.74478,46.4594],[8.74446,46.45926],[8.74418,46.45917],[8.74401,46.45913],[8.74338,46.45907],[8.74286,46.45896],[8.74275,46.45894],[8.74251,46.4589],[8.74192,46.45887],[8.7411,46.45871],[8.74018,46.45878],[8.73969,46.45895],[8.73919,46.45909],[8.73879,46.45915],[8.73852,46.45922],[8.7383,46.4593],[8.73789,46.45949],[8.73743,46.45963],[8.73718,46.45965],[8.73685,46.45963],[8.73647,46.45965],[8.7363,46.45968],[8.73597,46.45976],[8.73534,46.45998],[8.73461,46.45999],[8.73413,46.45989],[8.73367,46.4599],[8.73341,46.45992],[8.73317,46.45998],[8.73228,46.46029],[8.73156,46.46031],[8.73038,46.4606],[8.72949,46.46108],[8.72897,46.46119],[8.72862,46.46119],[8.72838,46.46117],[8.72801,46.46111],[8.72773,46.46101],[8.72751,46.46089],[8.72732,46.46073],[8.72695,46.46019],[8.7268,46.46001],[8.72659,46.45986],[8.72584,46.45942],[8.72554,46.45919],[8.72527,46.45888],[8.72509,46.45875],[8.72489,46.45864],[8.72463,46.45853],[8.72434,46.45846],[8.72389,46.45838],[8.72295,46.45834],[8.72238,46.4584],[8.72198,46.45856],[8.72148,46.45891],[8.72127,46.45901],[8.72019,46.45922],[8.71919,46.45926],[8.71867,46.45918],[8.71842,46.45916],[8.71809,46.45917],[8.71784,46.4592],[8.71757,46.4592],[8.71725,46.45919],[8.71697,46.45916],[8.71573,46.45883],[8.71543,46.45881],[8.71514,46.45884],[8.71451,46.45893],[8.71388,46.45906],[8.71339,46.45909],[8.71286,46.459],[8.71243,46.45877],[8.71179,46.45803],[8.71134,46.45754],[8.71099,46.45728],[8.71085,46.45715],[8.71072,46.45697],[8.71046,46.45651],[8.71041,46.45644],[8.71012,46.45603],[8.71007,46.45596],[8.70965,46.45549],[8.70879,46.45465]]]},"properties":{"bfs_nr":5071,"name":"Dalpe"}},{"type":"Feature","geometry":{"type":"Polygon","coordinates":[[[8.70656,46.44568],[8.70666,46.44516],[8.70695,46.44488],[8.70731,46.44467],[8.70757,46.44436],[8.70763,46.44402],[8.70754,46.44363],[8.70758,46.44328],[8.70777,46.44289],[8.70825,46.44244],[8.70856,46.44183],[8.7087,46.44137],[8.70886,46.44114],[8.7091,46.44093],[8.70939,46.44074],[8.71004,46.44058],[8.7107,46.44059],[8.71114,46.44051],[8.71214,46.44008],[8.71249,46.43997],[8.71321,46.4398],[8.71396,46.43938],[8.71426,46.43912],[8.71454,46.43895],[8.71472,46.43887],[8.71491,46.43875],[8.71511,46.43861],[8.71543,46.43836],[8.71591,46.43813],[8.71626,46.43785],[8.71652,46.43746],[8.7168,46.4372],[8.71687,46.43713],[8.71696,46.43706],[8.71714,46.43694],[8.71764,46.43667],[8.7179,46.43643],[8.71835,46.43618],[8.71883,46.43608],[8.71955,46.43608],[8.71979,46.43602],[8.71991,46.43599],[8.72003,46.43596],[8.72012,46.43594],[8.72032,46.43588],[8.72061,46.43582],[8.72081,46.43577],[8.72089,46.43574],[8.72114,46.43564],[8.72139,46.43551],[8.72145,46.43548],[8.72175,46.4353],[8.72188,46.43521],[8.7225,46.43476],[8.72289,46.43457],[8.72306,46.43445],[8.72319,46.43431],[8.72328,46.43416],[8.72333,46.43403],[8.72336,46.43393],[8.72341,46.43378],[8.72356,46.43349],[8.72368,46.43325],[8.72391,46.43293],[8.72418,46.43268],[8.7245,46.43242],[8.72469,46.43206],[8.7247,46.43187],[8.72463,46.43163],[8.7246,46.43147],[8.72462,46.43129],[8.72467,46.43114],[8.72516,46.43064],[8.72555,46.43006],[8.7259,46.4298],[8.72641,46.42965],[8.72729,46.42967],[8.72753,46.42967],[8.72765,46.42967],[8.7279,46.42965],[8.72813,46.42962],[8.72843,46.42956],[8.72845,46.42956],[8.7287,46.42951],[8.72901,46.42948],[8.72949,46.4295],[8.72973,46.42949],[8.72996,46.42945],[8.7307,46.42919],[8.7318,46.42905],[8.73257,46.42885],[8.73295,46.42868],[8.7332,46.42861],[8.73373,46.42852],[8.73457,46.42821],[8.73488,46.42813],[8.73516,46.4281],[8.73544,46.42811],[8.73563,46.42815],[8.73576,46.42817],[8.73602,46.42821],[8.73623,46.42822],[8.7363,46.42822],[8.73635,46.42822],[8.73661,46.4282],[8.73686,46.42815],[8.7371,46.42807],[8.7373,46.42795],[8.73745,46.42785],[8.73747,46.42783],[8.73778,46.42761],[8.73779,46.4276],[8.73783,46.42757],[8.73797,46.42744],[8.73807,46.42731],[8.73855,46.42633],[8.73862,46.42612],[8.73866,46.42591],[8.73853,46.42516],[8.73871,46.4239],[8.73872,46.42368],[8.7387,46.42318],[8.73876,46.42293],[8.73886,46.42276],[8.73895,46.42256],[8.73895,46.42253],[8.73897,46.42232],[8.73889,46.42197],[8.73891,46.42151],[8.73884,46.42114],[8.73887,46.42095],[8.73887,46.42094],[8.73888,46.4209],[8.73892,46.42069],[8.739,46.42046],[8.73911,46.42024],[8.73915,46.41942],[8.73955,46.41882],[8.73959,46.41875],[8.73966,46.41864],[8.73966,46.41863],[8.73973,46.4185],[8.73981,46.41837],[8.73987,46.41821],[8.73989,46.41804],[8.73989,46.41794],[8.73987,46.41778],[8.73967,46.41737],[8.7396,46.41718],[8.73956,46.41698],[8.73954,46.41668],[8.73954,46.41637],[8.7395,46.41605],[8.73949,46.41592],[8.73949,46.41586],[8.73951,46.41568],[8.73956,46.41551],[8.7396,46.41539],[8.73971,46.41515],[8.7402,46.41438],[8.74028,46.41414],[8.74031,46.41397],[8.74028,46.41371],[8.74019,46.41336],[8.74018,46.41318],[8.74022,46.413],[8.74024,46.41293],[8.74037,46.41274],[8.74061,46.41225],[8.74076,46.41202],[8.74091,46.41182],[8.74102,46.41173],[8.74121,46.41151],[8.74133,46.41117],[8.74131,46.41065],[8.74137,46.41035],[8.74135,46.41017],[8.74124,46.40993],[8.74119,46.40976],[8.74119,46.40974],[8.74118,46.40968],[8.74118,46.40946],[8.74123,46.40929],[8.74192,46.40841],[8.74239,46.40738],[8.74252,46.40689],[8.74284,46.40644],[8.74345,46.40611],[8.7437,46.40607],[8.74462,46.40603],[8.745,46.40599],[8.74535,46.40596],[8.74651,46.40595],[8.74715,46.40592],[8.74815,46.40598],[8.74842,46.40599],[8.74871,46.40598],[8.74904,46.40593],[8.74933,46.40587],[8.74952,46.40585],[8.7497,46.40584],[8.75005,46.40584],[8.75027,46.40582],[8.75167,46.4056],[8.75245,46.40537],[8.75316,46.40534],[8.75364,46.4052],[8.75515,46.40396],[8.75602,46.4034],[8.75678,46.40315],[8.75742,46.40284],[8.75776,46.40254],[8.75797,46.402],[8.75853,46.40148],[8.75905,46.40069],[8.75933,46.40036],[8.75986,46.4],[8.76013,46.39966],[8.76025,46.39923],[8.7605,46.39895],[8.76092,46.39866],[8.76167,46.39848],[8.76329,46.39852],[8.7634,46.39854],[8.76363,46.39857],[8.76375,46.39859],[8.76403,46.39859],[8.76469,46.39858],[8.76501,46.39861],[8.76526,46.3986],[8.76551,46.39855],[8.76573,46.39847],[8.76621,46.39826],[8.76709,46.39781],[8.76779,46.3973],[8.76917,46.39684],[8.77061,46.39653],[8.77094,46.39651],[8.77151,46.39653],[8.77194,46.39661],[8.77267,46.39679],[8.7732,46.39677],[8.77453,46.39632],[8.77529,46.39581],[8.77596,46.39555],[8.77672,46.39548],[8.77756,46.39532],[8.77797,46.39514],[8.77866,46.39467],[8.77996,46.39434],[8.7806,46.39397],[8.78252,46.3935],[8.78326,46.39354],[8.78395,46.39368],[8.78461,46.39369],[8.78467,46.39369],[8.78509,46.39368],[8.78593,46.39358],[8.78789,46.39363],[8.78817,46.39358],[8.78843,46.39349],[8.7888,46.39333],[8.78907,46.39325],[8.79021,46.39311],[8.79081,46.39292],[8.79128,46.39281],[8.79141,46.39278],[8.79176,46.39267],[8.79193,46.3926],[8.79223,46.39247],[8.79235,46.3924],[8.79261,46.39222],[8.79273,46.3921],[8.79376,46.39156],[8.79464,46.391],[8.79482,46.39095],[8.79539,46.39078],[8.79563,46.39072],[8.79605,46.39064],[8.79647,46.39059],[8.79678,46.39057],[8.79693,46.39057],[8.79761,46.39061],[8.79833,46.39046],[8.79867,46.39029],[8.79889,46.39021],[8.79941,46.39006],[8.80013,46.38981],[8.80042,46.38964],[8.8007,46.38949],[8.80117,46.38923],[8.80162,46.38896],[8.80209,46.38883],[8.80335,46.38877],[8.80402,46.38887],[8.80559,46.38882],[8.80595,46.38874],[8.80653,46.38855],[8.80725,46.38839],[8.80744,46.38836],[8.80777,46.38832],[8.80797,46.3883],[8.80824,46.38829],[8.80853,46.38825],[8.80946,46.38807],[8.8101,46.38809],[8.81113,46.38793],[8.81158,46.38792],[8.81202,46.38782],[8.81239,46.38761],[8.81262,46.38732],[8.81267,46.38716],[8.81281,46.38659],[8.81286,46.3862],[8.81297,46.3859],[8.81348,46.38522],[8.81376,46.3849],[8.81475,46.38413],[8.81496,46.38402],[8.81524,46.38392],[8.81558,46.38383],[8.81559,46.38383],[8.81602,46.38371],[8.81606,46.3837],[8.81662,46.38352],[8.81745,46.38321],[8.8189,46.38289],[8.81909,46.38284],[8.81919,46.38281],[8.8194,46.38274],[8.81965,46.38263],[8.82034,46.38212],[8.82057,46.38192],[8.82078,46.38179],[8.8212,46.38158],[8.8214,46.38146],[8.82202,46.38102],[8.82322,46.38025],[8.82386,46.38007],[8.8249,46.37994],[8.82555,46.37995],[8.82585,46.37991],[8.82633,46.37981],[8.82642,46.37979],[8.8267,46.37972],[8.82706,46.37959],[8.82723,46.37954],[8.82754,46.37943],[8.82837,46.37902],[8.82935,46.37876],[8.83006,46.37877],[8.83014,46.37879],[8.83019,46.3788],[8.83106,46.37902],[8.83137,46.37912],[8.83202,46.37939],[8.83205,46.3794],[8.83299,46.37976],[8.83353,46.37994],[8.83373,46.38005],[8.83386,46.38015],[8.83403,46.38027],[8.83446,46.38043],[8.83593,46.38053],[8.83644,46.3806],[8.83801,46.38095],[8.83855,46.38118],[8.83896,46.38142],[8.83912,46.3815],[8.83929,46.38159],[8.83944,46.3817],[8.8396,46.38186],[8.8398,46.38214],[8.83999,46.38229],[8.84041,46.38251],[8.84063,46.38265],[8.84099,46.383],[8.84119,46.38316],[8.84165,46.38341],[8.84192,46.3837],[8.84198,46.38421],[8.84169,46.38472],[8.84151,46.38506],[8.84142,46.38525],[8.8414,46.3853],[8.84138,46.38548],[8.8414,46.38565],[8.84152,46.38609],[8.84157,46.38622],[8.84163,46.38632],[8.84196,46.38686],[8.84249,46.38746],[8.84271,46.38806],[8.84336,46.38888],[8.84384,46.38929],[8.84405,46.38958],[8.84404,46.39009],[8.84382,46.39039],[8.84365,46.39051],[8.84339,46.39063],[8.83631,46.39342],[8.83611,46.39352],[8.83594,46.39364],[8.8358,46.39378],[8.83566,46.39428],[8.83579,46.39461],[8.83663,46.39558],[8.83741,46.39618],[8.83767,46.39655],[8.83779,46.39693],[8.83779,46.39715],[8.83771,46.39758],[8.8377,46.39764],[8.83762,46.39798],[8.8376,46.39819],[8.83766,46.3984],[8.83779,46.39868],[8.83786,46.39893],[8.83781,46.39946],[8.838,46.39993],[8.83871,46.40043],[8.83897,46.40075],[8.83908,46.40112],[8.83917,46.40127],[8.8393,46.40142],[8.83961,46.40169],[8.83981,46.40183],[8.84005,46.40193],[8.84034,46.40203],[8.84053,46.40212],[8.84073,46.40227],[8.84093,46.40243],[8.8411,46.40255],[8.84127,46.40275],[8.84136,46.40286],[8.84166,46.40316],[8.84181,46.40328],[8.84201,46.40341],[8.84217,46.40348],[8.84221,46.4035],[8.84245,46.40357],[8.84285,46.40367],[8.84305,46.40375],[8.84327,46.40388],[8.84362,46.40414],[8.84384,46.40443],[8.84405,46.40503],[8.84519,46.40631],[8.84552,46.40656],[8.8458,46.40716],[8.84608,46.40747],[8.84668,46.40781],[8.8471,46.408],[8.84754,46.40823],[8.84804,46.4086],[8.84836,46.40914],[8.84852,46.40929],[8.84894,46.40952],[8.84976,46.40962],[8.85052,46.4098],[8.8511,46.41008],[8.85163,46.41017],[8.85256,46.41004],[8.85334,46.40978],[8.85446,46.40964],[8.85494,46.40971],[8.85552,46.41002],[8.85574,46.41038],[8.85612,46.41151],[8.85642,46.41266],[8.85627,46.41307],[8.85546,46.41428],[8.8546,46.41572],[8.85452,46.41591],[8.85368,46.41908],[8.85366,46.41926],[8.85369,46.41944],[8.85378,46.41962],[8.85391,46.41977],[8.85409,46.41991],[8.8543,46.42002],[8.85454,46.42009],[8.85551,46.42033],[8.85592,46.42056],[8.85616,46.42089],[8.85611,46.42155],[8.85628,46.42205],[8.85662,46.42231],[8.85707,46.42247],[8.85757,46.42249],[8.85829,46.42234],[8.85914,46.4221],[8.85942,46.42198],[8.85948,46.42195],[8.8596,46.42189],[8.85965,46.42186],[8.85976,46.4218],[8.85982,46.42176],[8.85992,46.4217],[8.85997,46.42167],[8.86004,46.42161],[8.86007,46.42159],[8.86015,46.42153],[8.86018,46.4215],[8.86025,46.42144],[8.86028,46.42142],[8.86035,46.42136],[8.86037,46.42134],[8.86043,46.42128],[8.86046,46.42126],[8.86052,46.42119],[8.86054,46.42118],[8.86153,46.42019],[8.86157,46.42015],[8.8616,46.42012],[8.86167,46.42006],[8.86172,46.42002],[8.86178,46.41997],[8.86185,46.41992],[8.86191,46.41987],[8.86198,46.41982],[8.86206,46.41977],[8.86211,46.41974],[8.86219,46.41969],[8.86225,46.41966],[8.86232,46.41962],[8.86238,46.41958],[8.86245,46.41955],[8.86252,46.41952],[8.8626,46.41948],[8.86275,46.41942],[8.86282,46.41939],[8.86297,46.41933],[8.86324,46.41925],[8.86369,46.41922],[8.86496,46.41935],[8.86545,46.41933],[8.8659,46.41919],[8.86645,46.41878],[8.86681,46.41821],[8.86745,46.41758],[8.86798,46.41716],[8.87099,46.41341],[8.87134,46.41304],[8.87145,46.41266],[8.87234,46.4112],[8.87282,46.41064],[8.87287,46.41035],[8.87305,46.41],[8.87337,46.40962],[8.87384,46.40906],[8.87403,46.40887],[8.87437,46.40865],[8.87476,46.40845],[8.87526,46.40804],[8.87648,46.4075],[8.87681,46.40729],[8.87729,46.40681],[8.87769,46.40664],[8.87846,46.40646],[8.87877,46.40636],[8.87917,46.40616],[8.87986,46.40553],[8.87994,46.40545],[8.88036,46.40512],[8.88052,46.405],[8.88075,46.40487],[8.88148,46.40456],[8.88163,46.40444],[8.88182,46.40424],[8.88191,46.40416],[8.88211,46.40399],[8.88267,46.40363],[8.88313,46.40317],[8.88329,46.40303],[8.88347,46.40291],[8.88386,46.40271],[8.88408,46.40258],[8.88446,46.40212],[8.8848,46.40181],[8.88507,46.40153],[8.88527,46.40127],[8.88542,46.40114],[8.88629,46.40056],[8.88658,46.40026],[8.8871,46.39947],[8.88737,46.39916],[8.88753,46.39903],[8.8876,46.39896],[8.88794,46.39861],[8.88814,46.39845],[8.88833,46.39834],[8.88855,46.39826],[8.88896,46.39817],[8.88977,46.39798],[8.89037,46.3977],[8.89094,46.39741],[8.89122,46.39724],[8.89157,46.39695],[8.89195,46.39662],[8.89267,46.39626],[8.89319,46.39581],[8.89384,46.39497],[8.89452,46.39456],[8.89468,46.39442],[8.89489,46.39421],[8.89511,46.39406],[8.89566,46.39373],[8.89619,46.39351],[8.89638,46.39337],[8.89652,46.39321],[8.89685,46.39271],[8.89702,46.39229],[8.8972,46.39201],[8.89734,46.39188],[8.89761,46.39168],[8.89796,46.39095],[8.89861,46.39033],[8.89921,46.38969],[8.89942,46.38949],[8.89954,46.38935],[8.89994,46.3888],[8.90072,46.38841],[8.90124,46.38811],[8.90206,46.38802],[8.90498,46.3883],[8.90524,46.38831],[8.90685,46.38824],[8.90844,46.3882],[8.90874,46.38821],[8.9092,46.38832],[8.90945,46.38845],[8.91331,46.39079],[8.91357,46.39091],[8.91387,46.39099],[8.91415,46.39103],[8.91439,46.39111],[8.91478,46.39135],[8.91494,46.39155],[8.91534,46.39212],[8.91545,46.39282],[8.91553,46.39306],[8.91562,46.39325],[8.91599,46.39369],[8.91606,46.39393],[8.91618,46.39416],[8.91643,46.39449],[8.91658,46.39465],[8.91683,46.39486],[8.9171,46.39513],[8.91724,46.39531],[8.91765,46.39574],[8.91788,46.39617],[8.91821,46.39648],[8.91862,46.39666],[8.91899,46.39696],[8.91912,46.39719],[8.91924,46.39752],[8.9193,46.39782],[8.91948,46.39833],[8.91956,46.39847],[8.91969,46.39865],[8.91977,46.39881],[8.91988,46.39907],[8.91991,46.39917],[8.92002,46.39958],[8.92007,46.39971],[8.9203,46.40014],[8.92039,46.40029],[8.92134,46.40143],[8.9215,46.40159],[8.92211,46.40208],[8.92319,46.40293],[8.92412,46.40362],[8.92437,46.40377],[8.92615,46.40455],[8.92711,46.40506],[8.92809,46.40551],[8.92847,46.40598],[8.92838,46.40652],[8.92783,46.40712],[8.92714,46.40769],[8.92704,46.40779],[8.9267,46.40812],[8.92638,46.40834],[8.92607,46.40851],[8.92574,46.40865],[8.92552,46.4088],[8.92534,46.409],[8.92518,46.40922],[8.92517,46.40925],[8.92493,46.40962],[8.92474,46.40996],[8.92415,46.41035],[8.92332,46.41051],[8.92286,46.41063],[8.92261,46.41071],[8.92239,46.41083],[8.92183,46.41124],[8.92138,46.41138],[8.92118,46.41147],[8.92102,46.41155],[8.92084,46.41166],[8.92051,46.41191],[8.92041,46.412],[8.91978,46.41261],[8.91922,46.41322],[8.91894,46.41357],[8.91838,46.41404],[8.9183,46.41413],[8.91802,46.41447],[8.91784,46.41463],[8.91775,46.41472],[8.91757,46.41494],[8.91747,46.41509],[8.91721,46.41557],[8.91712,46.41581],[8.91702,46.41598],[8.91666,46.41627],[8.91517,46.41676],[8.91424,46.41724],[8.91405,46.41738],[8.91379,46.41762],[8.91373,46.41767],[8.91328,46.41805],[8.9131,46.41818],[8.91307,46.41819],[8.91289,46.41833],[8.91276,46.4185],[8.91262,46.41887],[8.91221,46.41956],[8.91181,46.41994],[8.91177,46.42],[8.91166,46.42018],[8.91152,46.42055],[8.91136,46.4211],[8.91111,46.42171],[8.91097,46.42198],[8.91092,46.42206],[8.91069,46.4223],[8.91029,46.42256],[8.90952,46.42296],[8.90812,46.42349],[8.90744,46.42388],[8.90602,46.4245],[8.90582,46.42463],[8.90566,46.42479],[8.90561,46.42486],[8.90539,46.42531],[8.90481,46.42595],[8.90456,46.42611],[8.90436,46.42622],[8.90412,46.42632],[8.90393,46.42642],[8.90378,46.42655],[8.90365,46.42669],[8.90357,46.42681],[8.90354,46.42686],[8.90308,46.42764],[8.90303,46.42772],[8.90297,46.4278],[8.90287,46.42799],[8.90281,46.42847],[8.90273,46.42866],[8.9026,46.42883],[8.90245,46.42896],[8.9018,46.42921],[8.90128,46.42925],[8.90062,46.42932],[8.90036,46.42936],[8.90021,46.4294],[8.89988,46.42952],[8.89964,46.42964],[8.89946,46.42975],[8.89899,46.43007],[8.89855,46.43027],[8.89838,46.43039],[8.89796,46.43075],[8.89779,46.43093],[8.89762,46.43117],[8.89756,46.43128],[8.89728,46.43186],[8.89712,46.43206],[8.89677,46.43236],[8.8966,46.43269],[8.89663,46.43304],[8.89704,46.43395],[8.89709,46.43415],[8.89714,46.43452],[8.89712,46.43486],[8.89695,46.43518],[8.89678,46.43535],[8.89633,46.43565],[8.89613,46.43583],[8.89537,46.43664],[8.8949,46.43695],[8.8944,46.43736],[8.8943,46.43746],[8.89422,46.43755],[8.89404,46.43771],[8.89396,46.43777],[8.89377,46.43791],[8.89323,46.43827],[8.89264,46.43877],[8.89209,46.43968],[8.89178,46.44008],[8.89155,46.44031],[8.89076,46.44096],[8.89052,46.44129],[8.88999,46.4417],[8.88985,46.44181],[8.88973,46.44193],[8.88954,46.44218],[8.88952,46.44222],[8.88948,46.44226],[8.88929,46.44245],[8.88897,46.44268],[8.88865,46.44302],[8.88805,46.44331],[8.88718,46.44342],[8.88646,46.44372],[8.88603,46.44413],[8.88488,46.44483],[8.88417,46.4454],[8.88344,46.44609],[8.88277,46.44659],[8.88249,46.447],[8.88213,46.4473],[8.88189,46.44751],[8.88184,46.44756],[8.88122,46.4482],[8.88116,46.44827],[8.88105,46.44839],[8.88088,46.44853],[8.8808,46.44858],[8.88065,46.44867],[8.88002,46.44901],[8.8795,46.44922],[8.87845,46.45005],[8.87813,46.45063],[8.87783,46.45096],[8.87748,46.45127],[8.87734,46.45151],[8.87708,46.45187],[8.8769,46.45214],[8.87662,46.45244],[8.8766,46.45245],[8.87629,46.45265],[8.87593,46.45286],[8.87577,46.45301],[8.87565,46.45316],[8.87557,46.45325],[8.87538,46.45339],[8.87509,46.45358],[8.87495,46.45371],[8.87457,46.45417],[8.87437,46.45445],[8.87423,46.45461],[8.87404,46.45477],[8.87387,46.45494],[8.87376,46.45512],[8.87337,46.45607],[8.87336,46.45645],[8.87323,46.45682],[8.87251,46.45766],[8.87219,46.4583],[8.87213,46.45848],[8.87206,46.45879],[8.872,46.45893],[8.8717,46.45945],[8.87163,46.45963],[8.87164,46.46008],[8.87152,46.46089],[8.87144,46.46108],[8.87127,46.46129],[8.87094,46.46158],[8.87083,46.46174],[8.87076,46.4621],[8.87079,46.46238],[8.8707,46.46273],[8.87037,46.46326],[8.86881,46.46455],[8.86862,46.46468],[8.86845,46.46476],[8.86824,46.46484],[8.86773,46.46495],[8.86753,46.46503],[8.8672,46.46527],[8.86702,46.46557],[8.86674,46.46648],[8.86639,46.4671],[8.86595,46.46816],[8.86583,46.46882],[8.86576,46.46906],[8.86561,46.46941],[8.86536,46.46977],[8.86528,46.46987],[8.86496,46.47031],[8.86453,46.47098],[8.86431,46.47161],[8.86437,46.47195],[8.86446,46.47211],[8.8649,46.47268],[8.86569,46.47347],[8.86636,46.47389],[8.86702,46.47465],[8.86732,46.4749],[8.86804,46.4753],[8.86888,46.47649],[8.86987,46.47719],[8.87004,46.4775],[8.87004,46.47783],[8.86986,46.47814],[8.86971,46.47827],[8.86895,46.4787],[8.8684,46.47918],[8.8682,46.47957],[8.86823,46.48079],[8.86812,46.48104],[8.8681,46.48107],[8.86799,46.48122],[8.86798,46.48123],[8.86768,46.48148],[8.86766,46.4815],[8.86749,46.48163],[8.86725,46.48183],[8.86722,46.48184],[8.8669,46.48201],[8.86646,46.48219],[8.866,46.48232],[8.86566,46.48246],[8.8654,46.48256],[8.86506,46.48265],[8.86485,46.4827],[8.86459,46.48276],[8.86398,46.48297],[8.86316,46.48312],[8.86259,46.4834],[8.86211,46.48391],[8.86197,46.48421],[8.86196,46.48436],[8.86196,46.48449],[8.86195,46.48491],[8.86197,46.4851],[8.86217,46.48551],[8.8622,46.48579],[8.86225,46.48607],[8.86229,46.48625],[8.86253,46.48657],[8.86367,46.48722],[8.86408,46.48761],[8.86424,46.48781],[8.86455,46.48828],[8.86522,46.48879],[8.86535,46.48895],[8.86542,46.48909],[8.86546,46.48925],[8.86547,46.48945],[8.86533,46.48978],[8.86508,46.49016],[8.86505,46.49032],[8.86505,46.49036],[8.86502,46.49057],[8.8649,46.49103],[8.86482,46.49122],[8.86422,46.49237],[8.86417,46.49269],[8.86428,46.49328],[8.86405,46.49387],[8.86401,46.49407],[8.86399,46.49423],[8.8641,46.49459],[8.86462,46.49517],[8.86478,46.49587],[8.86492,46.4962],[8.8654,46.49678],[8.86582,46.49787],[8.86581,46.49806],[8.8655,46.49873],[8.86539,46.49919],[8.86531,46.49938],[8.86508,46.49966],[8.86473,46.49991],[8.86451,46.50023],[8.86364,46.50083],[8.86334,46.50127],[8.86274,46.50171],[8.86196,46.50209],[8.86171,46.50242],[8.86165,46.50271],[8.86173,46.50317],[8.86167,46.50354],[8.8614,46.50386],[8.86052,46.50433],[8.85948,46.50459],[8.85889,46.50492],[8.85773,46.50561],[8.85703,46.50612],[8.85679,46.50621],[8.85648,46.5063],[8.85616,46.50636],[8.85586,46.50639],[8.85562,46.50637],[8.85444,46.50609],[8.85383,46.50599],[8.85323,46.50576],[8.85269,46.50565],[8.8519,46.5056],[8.85161,46.50561],[8.85132,46.50565],[8.85107,46.50575],[8.85079,46.50587],[8.85065,46.50595],[8.85003,46.50633],[8.84982,46.50649],[8.84955,46.50674],[8.84943,46.50687],[8.84926,46.50723],[8.8491,46.50744],[8.84899,46.50754],[8.84874,46.50773],[8.84865,46.5078],[8.84831,46.50809],[8.84803,46.50823],[8.84772,46.50836],[8.84751,46.50846],[8.8472,46.50865],[8.84699,46.50881],[8.84651,46.50923],[8.84623,46.50937],[8.84584,46.50953],[8.84559,46.50961],[8.84538,46.50965],[8.845,46.50968],[8.84482,46.50972],[8.84445,46.5098],[8.84415,46.5099],[8.84329,46.51028],[8.843,46.51037],[8.8425,46.51044],[8.84189,46.51039],[8.84166,46.51042],[8.84123,46.51054],[8.8409,46.51074],[8.84068,46.51084],[8.84031,46.511],[8.84018,46.51106],[8.83989,46.51121],[8.83969,46.51129],[8.83947,46.51134],[8.83893,46.51141],[8.83874,46.51146],[8.83842,46.51157],[8.83827,46.51164],[8.83756,46.51201],[8.83715,46.51218],[8.83684,46.51228],[8.83658,46.51238],[8.83607,46.51273],[8.83547,46.51297],[8.8349,46.51339],[8.83412,46.51386],[8.83315,46.51432],[8.8326,46.51441],[8.83215,46.5144],[8.83124,46.51447],[8.8312,46.51448],[8.831,46.5145],[8.83079,46.51453],[8.8304,46.51467],[8.83002,46.51487],[8.82883,46.51536],[8.82796,46.51561],[8.82722,46.51589],[8.82676,46.51597],[8.82607,46.51594],[8.82505,46.51601],[8.8248,46.51607],[8.82418,46.51628],[8.82407,46.51632],[8.82359,46.51652],[8.82334,46.5166],[8.82294,46.51669],[8.82282,46.51674],[8.82233,46.5169],[8.82148,46.51709],[8.82142,46.5171],[8.82127,46.51713],[8.82104,46.51719],[8.82083,46.51729],[8.82047,46.51754],[8.82026,46.51766],[8.81925,46.51813],[8.81913,46.51818],[8.81879,46.51832],[8.81839,46.51849],[8.81815,46.51855],[8.81785,46.51858],[8.81768,46.51859],[8.81761,46.51859],[8.81728,46.5186],[8.81686,46.51857],[8.81659,46.51854],[8.81633,46.51852],[8.81585,46.51853],[8.81584,46.51853],[8.81522,46.51853],[8.81489,46.51857],[8.81416,46.51871],[8.81361,46.51886],[8.81337,46.51889],[8.81306,46.51888],[8.81293,46.51887],[8.81261,46.51882],[8.81217,46.51865],[8.81112,46.51784],[8.81072,46.51762],[8.81048,46.51756],[8.80998,46.51753],[8.80885,46.51775],[8.80813,46.51811],[8.80787,46.51841],[8.80754,46.51903],[8.80696,46.51943],[8.80645,46.51983],[8.8063,46.51999],[8.8061,46.52022],[8.80606,46.52025],[8.80577,46.52047],[8.80557,46.52059],[8.8055,46.52063],[8.80513,46.52084],[8.80489,46.52095],[8.80474,46.52101],[8.80454,46.52108],[8.80428,46.52119],[8.8037,46.52159],[8.80325,46.52176],[8.80224,46.52187],[8.80164,46.52215],[8.8011,46.52224],[8.80083,46.52223],[8.80046,46.52216],[8.80007,46.52213],[8.79942,46.52196],[8.7992,46.52194],[8.7988,46.52193],[8.79847,46.52189],[8.79817,46.52183],[8.79812,46.52182],[8.79785,46.52177],[8.79731,46.5218],[8.79672,46.52191],[8.79644,46.52195],[8.79611,46.52196],[8.79565,46.52189],[8.79529,46.52185],[8.79474,46.52185],[8.79447,46.52182],[8.79442,46.52181],[8.7933,46.52168],[8.7928,46.52157],[8.79145,46.52114],[8.79063,46.52055],[8.7905,46.52046],[8.79042,46.52041],[8.79019,46.52029],[8.7899,46.52018],[8.78969,46.52012],[8.78899,46.52009],[8.78828,46.52016],[8.78777,46.52004],[8.78738,46.51978],[8.78694,46.51918],[8.78658,46.51893],[8.78608,46.51875],[8.78571,46.5185],[8.78511,46.51783],[8.78475,46.51719],[8.78411,46.5169],[8.78318,46.51679],[8.78229,46.5168],[8.78156,46.51688],[8.78056,46.51689],[8.7801,46.51694],[8.77949,46.51715],[8.7791,46.51721],[8.77883,46.51727],[8.77859,46.51737],[8.77812,46.51768],[8.77793,46.51782],[8.77779,46.51795],[8.7777,46.51803],[8.77738,46.51839],[8.77719,46.51857],[8.77702,46.51867],[8.77578,46.51914],[8.77525,46.5196],[8.77468,46.51992],[8.77395,46.52009],[8.77303,46.52042],[8.77284,46.52052],[8.77268,46.52064],[8.77212,46.52115],[8.77195,46.52135],[8.77163,46.52188],[8.77153,46.52221],[8.77153,46.52251],[8.77138,46.52284],[8.77105,46.52311],[8.77078,46.52322],[8.77019,46.52343],[8.76956,46.52367],[8.76931,46.52378],[8.769,46.52397],[8.76886,46.52407],[8.76807,46.52473],[8.76765,46.52494],[8.76714,46.52502],[8.76645,46.52496],[8.76552,46.52489],[8.76529,46.52487],[8.76509,46.52483],[8.76489,46.52481],[8.76427,46.52478],[8.76282,46.52465],[8.76247,46.52465],[8.76231,46.52467],[8.76211,46.5247],[8.7616,46.52483],[8.76105,46.52491],[8.76058,46.52502],[8.75944,46.52519],[8.75922,46.5252],[8.75893,46.52518],[8.75854,46.52513],[8.75826,46.52508],[8.75738,46.52488],[8.75589,46.52474],[8.75567,46.52474],[8.75546,46.52477],[8.75515,46.52483],[8.75489,46.52485],[8.75458,46.52483],[8.75409,46.52469],[8.75373,46.52442],[8.75358,46.52421],[8.75345,46.52393],[8.75336,46.52369],[8.75333,46.52354],[8.75331,46.52339],[8.7533,46.52326],[8.75327,46.52311],[8.75309,46.52265],[8.75317,46.52228],[8.75342,46.52194],[8.75349,46.52176],[8.75351,46.52158],[8.75348,46.52141],[8.75339,46.52124],[8.75326,46.52108],[8.75309,46.52095],[8.74991,46.51894],[8.74967,46.51875],[8.74953,46.51857],[8.74944,46.51832],[8.74881,46.51531],[8.74879,46.51506],[8.74906,46.51117],[8.7492,46.51078],[8.74971,46.50992],[8.74968,46.50943],[8.74895,46.50793],[8.74894,46.5079],[8.74878,46.50754],[8.74872,46.50734],[8.74876,46.507],[8.74884,46.50684],[8.7493,46.50639],[8.74968,46.50613],[8.75014,46.50589],[8.75045,46.50577],[8.75072,46.50571],[8.75119,46.50566],[8.75143,46.50559],[8.75183,46.50536],[8.75197,46.50521],[8.75207,46.50504],[8.75211,46.50486],[8.75211,46.50468],[8.75205,46.5045],[8.75182,46.50406],[8.75182,46.50405],[8.75105,46.50259],[8.75054,46.50165],[8.75051,46.50158],[8.74999,46.50044],[8.7492,46.49892],[8.749,46.49861],[8.74885,46.49848],[8.74867,46.49836],[8.74852,46.49829],[8.74828,46.49814],[8.7479,46.49782],[8.74747,46.49764],[8.74676,46.49752],[8.7454,46.49715],[8.74483,46.49704],[8.74452,46.49697],[8.74397,46.4967],[8.74361,46.49654],[8.74344,46.49643],[8.7432,46.49613],[8.74314,46.4958],[8.74318,46.49559],[8.74336,46.49509],[8.74371,46.49455],[8.74509,46.49232],[8.7454,46.49199],[8.74647,46.49121],[8.74661,46.49109],[8.74672,46.49094],[8.74679,46.49079],[8.7472,46.48951],[8.74759,46.48901],[8.74832,46.48873],[8.74909,46.48868],[8.7498,46.48855],[8.75023,46.48847],[8.75096,46.48839],[8.75175,46.48852],[8.75232,46.48854],[8.75894,46.4877],[8.76033,46.48765],[8.76121,46.48736],[8.76187,46.48688],[8.7623,46.48673],[8.76279,46.4867],[8.76384,46.48688],[8.76407,46.48688],[8.76417,46.48688],[8.76436,46.48686],[8.76489,46.48679],[8.76572,46.48675],[8.76577,46.48674],[8.76728,46.48662],[8.76752,46.48658],[8.76823,46.48638],[8.76947,46.48633],[8.77069,46.48622],[8.77156,46.48603],[8.77246,46.48574],[8.77297,46.48545],[8.77324,46.48512],[8.77338,46.48465],[8.77363,46.48437],[8.7743,46.48403],[8.77446,46.4839],[8.77483,46.48355],[8.77509,46.48321],[8.77535,46.48301],[8.77556,46.48286],[8.77558,46.48284],[8.7758,46.48268],[8.77638,46.48221],[8.77664,46.48195],[8.7769,46.48176],[8.77735,46.48141],[8.77766,46.48117],[8.77784,46.481],[8.77795,46.48081],[8.778,46.48068],[8.77811,46.48047],[8.77818,46.48037],[8.77826,46.48024],[8.77836,46.48005],[8.77881,46.47956],[8.77896,46.47944],[8.77935,46.47926],[8.78059,46.47905],[8.78171,46.479],[8.78309,46.47907],[8.78357,46.47901],[8.78379,46.47894],[8.78421,46.47877],[8.78449,46.47861],[8.78491,46.47828],[8.78515,46.47817],[8.7863,46.47789],[8.78678,46.4777],[8.78734,46.47727],[8.78761,46.47695],[8.78788,46.47603],[8.7877,46.47549],[8.78783,46.47499],[8.78832,46.47462],[8.78879,46.4745],[8.78933,46.47448],[8.79001,46.47425],[8.79047,46.47384],[8.79088,46.47308],[8.79084,46.47266],[8.79035,46.47211],[8.79002,46.47127],[8.79,46.47065],[8.79022,46.47031],[8.79061,46.47007],[8.79085,46.46999],[8.79118,46.46994],[8.79173,46.4699],[8.79246,46.46987],[8.79262,46.46985],[8.79298,46.46981],[8.793,46.46981],[8.79324,46.46977],[8.79381,46.46977],[8.79459,46.47005],[8.79507,46.47015],[8.79557,46.47012],[8.79581,46.47006],[8.79602,46.46996],[8.79621,46.46986],[8.79675,46.4695],[8.79697,46.46921],[8.79703,46.46888],[8.79699,46.46872],[8.79696,46.46863],[8.79695,46.46861],[8.7968,46.4682],[8.79679,46.46816],[8.79659,46.46752],[8.7965,46.46728],[8.79609,46.46599],[8.79591,46.46525],[8.79564,46.46447],[8.79556,46.4643],[8.79544,46.46415],[8.79528,46.46402],[8.79508,46.46391],[8.79486,46.46383],[8.79462,46.46378],[8.79358,46.46364],[8.79357,46.46364],[8.78963,46.46309],[8.78779,46.46283],[8.78775,46.46282],[8.78696,46.4627],[8.78684,46.46269],[8.78063,46.46215],[8.78034,46.46211],[8.77992,46.46195],[8.77971,46.46181],[8.77897,46.46122],[8.77893,46.46118],[8.7788,46.46107],[8.77855,46.46079],[8.77829,46.46039],[8.7782,46.46021],[8.77815,46.46003],[8.77808,46.45944],[8.77808,46.45917],[8.77817,46.45863],[8.77818,46.45844],[8.77812,46.45826],[8.77802,46.45809],[8.77787,46.45794],[8.77711,46.45732],[8.77688,46.45718],[8.77509,46.45629],[8.77485,46.45615],[8.77459,46.45585],[8.77451,46.4555],[8.77454,46.45533],[8.77465,46.45512],[8.77527,46.4542],[8.77537,46.45397],[8.77564,46.4529],[8.77591,46.45213],[8.77594,46.4518],[8.77585,46.45127],[8.77584,46.45104],[8.77589,46.45086],[8.77602,46.45064],[8.77651,46.45002],[8.77669,46.44983],[8.77717,46.4494],[8.77762,46.44913],[8.77805,46.44902],[8.77846,46.44885],[8.78049,46.44756],[8.7807,46.44744],[8.78246,46.4466],[8.7835,46.44629],[8.78396,46.446],[8.78485,46.44559],[8.78512,46.44552],[8.78569,46.44542],[8.78581,46.44539],[8.78649,46.44521],[8.78666,46.44516],[8.78741,46.44487],[8.7876,46.44479],[8.78809,46.44452],[8.78824,46.44442],[8.78841,46.44429],[8.78856,46.44415],[8.78867,46.44399],[8.78873,46.44382],[8.78871,46.44347],[8.78863,46.44331],[8.7886,46.44327],[8.78854,46.44319],[8.78832,46.44293],[8.7882,46.44278],[8.78803,46.44251],[8.78778,46.44187],[8.78732,46.44104],[8.7872,46.44087],[8.78703,46.44073],[8.78644,46.44031],[8.78628,46.44014],[8.78607,46.43986],[8.78593,46.43973],[8.78556,46.43947],[8.78542,46.43937],[8.78515,46.43902],[8.78499,46.43866],[8.78491,46.43853],[8.78481,46.43841],[8.78457,46.43818],[8.78439,46.43797],[8.78437,46.43793],[8.78423,46.43777],[8.78374,46.43745],[8.78326,46.43704],[8.78308,46.4369],[8.78284,46.43675],[8.78258,46.43663],[8.78203,46.43642],[8.78182,46.43633],[8.78151,46.43618],[8.78124,46.43605],[8.78105,46.43596],[8.78047,46.43562],[8.78022,46.43545],[8.77943,46.4348],[8.77888,46.43442],[8.77866,46.43413],[8.7785,46.43359],[8.77824,46.43331],[8.77805,46.43321],[8.77762,46.43307],[8.77701,46.43303],[8.77669,46.43297],[8.77544,46.43264],[8.77493,46.43245],[8.77466,46.43237],[8.77367,46.43218],[8.77168,46.43158],[8.77057,46.43137],[8.77031,46.43135],[8.77005,46.43136],[8.76979,46.43141],[8.76956,46.43149],[8.76935,46.4316],[8.76918,46.43174],[8.76905,46.4319],[8.76729,46.43481],[8.76715,46.435],[8.76484,46.4376],[8.76442,46.4383],[8.76423,46.43858],[8.76393,46.43888],[8.76372,46.43912],[8.76363,46.43926],[8.76321,46.44018],[8.76316,46.44082],[8.76298,46.44114],[8.76283,46.44128],[8.76264,46.44139],[8.76237,46.4415],[8.7605,46.44209],[8.75695,46.44325],[8.75656,46.44344],[8.75641,46.44357],[8.75554,46.4445],[8.75535,46.44467],[8.75494,46.44487],[8.75446,46.44494],[8.75398,46.44489],[8.75266,46.44455],[8.75252,46.44453],[8.75206,46.44446],[8.75172,46.44438],[8.75149,46.44431],[8.75124,46.44423],[8.75097,46.44418],[8.75038,46.44421],[8.74887,46.44453],[8.7481,46.44478],[8.74737,46.44486],[8.74649,46.44475],[8.7463,46.44474],[8.74594,46.44471],[8.74581,46.4447],[8.74554,46.44464],[8.74531,46.44461],[8.74507,46.44461],[8.74483,46.44465],[8.74381,46.44501],[8.74301,46.4452],[8.74221,46.44532],[8.74162,46.44567],[8.74128,46.44623],[8.7409,46.4466],[8.7408,46.44676],[8.74076,46.44694],[8.74074,46.44714],[8.74061,46.44772],[8.7402,46.44812],[8.73934,46.44848],[8.739,46.44856],[8.73883,46.44859],[8.73856,46.44864],[8.73837,46.44869],[8.73822,46.44874],[8.73785,46.44884],[8.73779,46.44885],[8.73744,46.44888],[8.73684,46.44889],[8.7349,46.44919],[8.73435,46.44922],[8.73343,46.44918],[8.73314,46.44919],[8.73179,46.44934],[8.73167,46.44936],[8.729,46.44983],[8.72677,46.45027],[8.7264,46.45032],[8.72521,46.4504],[8.72512,46.45041],[8.72127,46.45082],[8.72125,46.45083],[8.7193,46.45106],[8.71917,46.45108],[8.70846,46.45317],[8.70788,46.4532],[8.70717,46.45297],[8.70687,46.45268],[8.70675,46.45233],[8.70699,46.45148],[8.70683,46.45105],[8.70685,46.45067],[8.70732,46.44985],[8.70736,46.44965],[8.70738,46.44865],[8.70727,46.44806],[8.70743,46.44738],[8.70723,46.4468],[8.70714,46.4467],[8.70681,46.44635],[8.70676,46.44627],[8.70666,46.44608],[8.70656,46.44568]]]},"properties":{"bfs_nr":5072,"name":"Faido"}},{"type":"Feature","geometry":{"type":"Polygon","coordinates":[[[8.82922,46.37723],[8.82944,46.37659],[8.82978,46.3762],[8.83,46.37577],[8.82998,46.37527],[8.83001,46.3751],[8.83019,46.37474],[8.83028,46.37438],[8.83064,46.37377],[8.83067,46.37332],[8.83083,46.37298],[8.83183,46.37203],[8.83201,46.37154],[8.83218,46.37112],[8.83235,46.37078],[8.83265,46.37034],[8.83276,46.37001],[8.83275,46.36964],[8.83243,46.36913],[8.83237,46.36878],[8.83241,46.3685],[8.83231,46.36817],[8.83197,46.36779],[8.83159,46.36698],[8.83167,46.36643],[8.83209,46.36599],[8.83257,46.36567],[8.83324,46.36544],[8.834,46.36507],[8.83423,46.36498],[8.83449,46.3649],[8.83478,46.36485],[8.83511,46.36479],[8.83639,46.36447],[8.83803,46.36425],[8.83846,46.36411],[8.83889,46.36403],[8.83898,46.36402],[8.83922,46.36398],[8.83955,46.36389],[8.84006,46.36374],[8.84076,46.36367],[8.84138,46.36353],[8.84246,46.36341],[8.84337,46.36321],[8.84436,46.36318],[8.84491,46.36322],[8.84512,46.36322],[8.84531,46.36321],[8.84558,46.36321],[8.8476,46.36348],[8.84843,46.36357],[8.84925,46.36374],[8.84993,46.36395],[8.85066,46.36417],[8.85092,46.36423],[8.85259,46.36445],[8.85347,46.36463],[8.85422,46.3646],[8.85493,46.36474],[8.85526,46.36478],[8.85646,46.36482],[8.85662,46.36482],[8.85707,46.36491],[8.85782,46.36529],[8.85813,46.36552],[8.85854,46.36594],[8.8592,46.3663],[8.86006,46.36656],[8.86085,46.36689],[8.86137,46.36707],[8.86211,46.3674],[8.86238,46.36755],[8.8626,46.36773],[8.86271,46.36785],[8.8628,46.36796],[8.86307,46.36831],[8.86319,46.36844],[8.86328,46.36852],[8.86336,46.36859],[8.86343,46.36864],[8.86389,46.36891],[8.86479,46.36918],[8.86541,46.36959],[8.86612,46.36998],[8.86648,46.37013],[8.86701,46.37053],[8.86742,46.37072],[8.86843,46.37108],[8.86886,46.3714],[8.8695,46.37166],[8.87024,46.37181],[8.87057,46.37196],[8.87064,46.37199],[8.87077,46.37205],[8.87103,46.37213],[8.87325,46.37261],[8.87345,46.37265],[8.87365,46.37266],[8.87523,46.37267],[8.87575,46.37282],[8.87916,46.37434],[8.88217,46.37555],[8.88277,46.37562],[8.8832,46.37576],[8.88353,46.37597],[8.88367,46.3761],[8.8838,46.37629],[8.88392,46.37654],[8.88413,46.3771],[8.8844,46.37737],[8.8853,46.37778],[8.88547,46.3779],[8.88566,46.37807],[8.88576,46.37816],[8.88586,46.37823],[8.88782,46.37947],[8.88786,46.37949],[8.8883,46.37975],[8.88844,46.37985],[8.88874,46.38014],[8.88914,46.38039],[8.8893,46.38053],[8.88944,46.38073],[8.88966,46.38112],[8.88978,46.38128],[8.89013,46.38154],[8.8906,46.38169],[8.89112,46.3817],[8.8916,46.38157],[8.89197,46.38132],[8.8922,46.38096],[8.89279,46.3803],[8.89305,46.37986],[8.89319,46.37971],[8.89353,46.37949],[8.89413,46.37932],[8.8997,46.3772],[8.90022,46.37707],[8.90071,46.3771],[8.90115,46.37725],[8.90148,46.3775],[8.90173,46.37802],[8.90172,46.37837],[8.9014,46.37901],[8.90145,46.37936],[8.9017,46.37967],[8.90209,46.37988],[8.90257,46.37998],[8.9035,46.38002],[8.904,46.37991],[8.90457,46.37959],[8.90493,46.3794],[8.90511,46.37933],[8.90532,46.37926],[8.9055,46.37921],[8.90559,46.37919],[8.90588,46.37915],[8.90641,46.37912],[8.90666,46.37906],[8.90689,46.37896],[8.9071,46.37885],[8.90715,46.37882],[8.90867,46.37793],[8.90879,46.37786],[8.90998,46.37727],[8.91005,46.37722],[8.91154,46.37635],[8.91165,46.37628],[8.9131,46.37523],[8.9131,46.37522],[8.91318,46.37517],[8.9132,46.37514],[8.91389,46.3746],[8.91406,46.37443],[8.9145,46.37384],[8.91482,46.37353],[8.91519,46.37332],[8.91539,46.37324],[8.91579,46.3731],[8.91687,46.37294],[8.91742,46.3729],[8.91762,46.37289],[8.91887,46.37291],[8.92042,46.37298],[8.9206,46.37298],[8.9211,46.37296],[8.92127,46.37294],[8.92192,46.37285],[8.92203,46.37284],[8.92295,46.37266],[8.92303,46.37264],[8.92329,46.37257],[8.92337,46.37255],[8.92391,46.37239],[8.92414,46.37231],[8.92471,46.37204],[8.9248,46.37199],[8.92534,46.37168],[8.92545,46.37161],[8.9259,46.37128],[8.92599,46.37121],[8.92648,46.37076],[8.92705,46.37027],[8.92738,46.36997],[8.92778,46.36978],[8.92851,46.36972],[8.92897,46.36984],[8.92937,46.3701],[8.93009,46.37079],[8.93022,46.37113],[8.93021,46.37131],[8.93004,46.37164],[8.9297,46.3719],[8.9293,46.37206],[8.9282,46.37255],[8.92801,46.37266],[8.92785,46.37279],[8.92772,46.37294],[8.92764,46.3731],[8.92762,46.37344],[8.92778,46.37376],[8.92793,46.3739],[8.92811,46.37402],[8.93007,46.37508],[8.93008,46.37509],[8.93028,46.37519],[8.93078,46.37568],[8.93076,46.37623],[8.92996,46.3772],[8.92939,46.37773],[8.92932,46.37809],[8.92947,46.37844],[8.9298,46.37872],[8.93078,46.37918],[8.93168,46.37943],[8.93229,46.3798],[8.9324,46.37991],[8.93273,46.38017],[8.93315,46.38047],[8.93334,46.38059],[8.93352,46.38068],[8.93373,46.38076],[8.934,46.38083],[8.93422,46.38087],[8.93432,46.38088],[8.93465,46.38094],[8.9351,46.38113],[8.93527,46.38127],[8.93543,46.38147],[8.93576,46.38202],[8.93587,46.38249],[8.93601,46.38272],[8.93619,46.38288],[8.9364,46.38301],[8.93727,46.38339],[8.93754,46.38369],[8.93777,46.38391],[8.93866,46.38469],[8.93953,46.38526],[8.94059,46.3863],[8.94074,46.38644],[8.94075,46.38645],[8.94101,46.38668],[8.94108,46.38675],[8.94125,46.38692],[8.94139,46.38711],[8.9415,46.38743],[8.94142,46.38777],[8.94114,46.38809],[8.93931,46.38947],[8.93639,46.39212],[8.93628,46.39223],[8.93449,46.39449],[8.93428,46.39469],[8.93363,46.39509],[8.93102,46.39726],[8.93088,46.3974],[8.93078,46.39756],[8.93073,46.39772],[8.93072,46.3979],[8.93093,46.39859],[8.93084,46.39896],[8.93056,46.39933],[8.93047,46.39967],[8.93045,46.40202],[8.93041,46.40231],[8.92964,46.40469],[8.92955,46.40489],[8.92927,46.40517],[8.92886,46.40536],[8.92838,46.40543],[8.9279,46.40537],[8.92709,46.40504],[8.92617,46.40456],[8.92444,46.4038],[8.92407,46.40358],[8.9232,46.40294],[8.92313,46.40288],[8.92244,46.40231],[8.92155,46.40162],[8.9213,46.40138],[8.92042,46.40033],[8.92028,46.40011],[8.92009,46.39974],[8.92001,46.39954],[8.9199,46.39915],[8.91988,46.39909],[8.91976,46.39877],[8.91967,46.3986],[8.9195,46.39836],[8.91923,46.39749],[8.9192,46.39738],[8.9191,46.39712],[8.91901,46.39697],[8.91873,46.3967],[8.91822,46.39645],[8.91789,46.39616],[8.91765,46.39574],[8.91696,46.39497],[8.91686,46.39488],[8.91663,46.39469],[8.91639,46.39444],[8.91622,46.39421],[8.9161,46.39401],[8.91604,46.39379],[8.91597,46.39363],[8.91559,46.39318],[8.91551,46.39299],[8.91547,46.39286],[8.91543,46.39258],[8.91541,46.39228],[8.91534,46.39212],[8.91491,46.3915],[8.91479,46.39136],[8.91464,46.39123],[8.91446,46.39113],[8.91425,46.39105],[8.91374,46.39095],[8.9135,46.39088],[8.91325,46.39075],[8.9094,46.38842],[8.9092,46.38832],[8.90874,46.38821],[8.9085,46.3882],[8.90684,46.38824],[8.9053,46.3883],[8.90492,46.38829],[8.90194,46.38801],[8.9014,46.38804],[8.90093,46.38821],[8.90065,46.38843],[8.89992,46.3888],[8.89964,46.38906],[8.89949,46.38937],[8.89932,46.38959],[8.89922,46.38969],[8.89862,46.39031],[8.89853,46.3904],[8.8982,46.39069],[8.898,46.39088],[8.89758,46.39164],[8.89725,46.39193],[8.89711,46.39211],[8.89699,46.39234],[8.89691,46.39254],[8.89678,46.39282],[8.89657,46.39313],[8.89642,46.39331],[8.89608,46.39354],[8.89553,46.39375],[8.89495,46.39416],[8.8948,46.39429],[8.89452,46.39455],[8.89384,46.39497],[8.89319,46.39581],[8.89262,46.39628],[8.89195,46.39661],[8.89128,46.39718],[8.89086,46.39744],[8.89057,46.39759],[8.88971,46.39799],[8.88882,46.39818],[8.88855,46.39825],[8.88833,46.39833],[8.88814,46.39844],[8.88798,46.39858],[8.88762,46.39894],[8.8875,46.39905],[8.88731,46.39921],[8.88713,46.39941],[8.88637,46.40046],[8.88535,46.40117],[8.88523,46.4013],[8.88503,46.40157],[8.88483,46.40179],[8.88467,46.40193],[8.8845,46.40206],[8.88435,46.40221],[8.88398,46.40263],[8.88375,46.40276],[8.88356,46.40285],[8.88343,46.40293],[8.88329,46.40302],[8.88316,46.40314],[8.88267,46.40363],[8.88216,46.40395],[8.8819,46.40417],[8.88184,46.40423],[8.88166,46.4044],[8.88147,46.40456],[8.88075,46.40486],[8.88057,46.40497],[8.88046,46.40504],[8.88038,46.4051],[8.87993,46.40547],[8.87988,46.40551],[8.87921,46.40611],[8.87875,46.40634],[8.87827,46.40648],[8.87782,46.40656],[8.87737,46.40674],[8.87711,46.40693],[8.8768,46.40729],[8.87648,46.4075],[8.87518,46.40807],[8.87475,46.40843],[8.87441,46.40861],[8.87412,46.4088],[8.87398,46.4089],[8.87387,46.40902],[8.87307,46.40995],[8.87289,46.41025],[8.87282,46.41039],[8.87272,46.41075],[8.87237,46.41113],[8.87151,46.41252],[8.87121,46.41313],[8.86818,46.41691],[8.86693,46.41796],[8.86641,46.41871],[8.86569,46.41913],[8.86524,46.41923],[8.86445,46.41924],[8.86369,46.41916],[8.86322,46.41925],[8.86307,46.4193],[8.86295,46.41934],[8.86292,46.41935],[8.86281,46.41939],[8.86276,46.41941],[8.86266,46.41945],[8.86261,46.41947],[8.86251,46.41952],[8.86247,46.41954],[8.86237,46.41959],[8.86233,46.41961],[8.86224,46.41966],[8.8622,46.41969],[8.86211,46.41974],[8.86207,46.41977],[8.86197,46.41983],[8.86193,46.41986],[8.86184,46.41992],[8.86179,46.41996],[8.86171,46.42003],[8.86167,46.42005],[8.86163,46.42009],[8.86161,46.42011],[8.86156,46.42015],[8.86154,46.42018],[8.86053,46.42118],[8.86046,46.42125],[8.86043,46.42129],[8.86038,46.42133],[8.86034,46.42137],[8.86029,46.42141],[8.86025,46.42145],[8.86019,46.4215],[8.86014,46.42154],[8.86008,46.42158],[8.85998,46.42166],[8.8599,46.42171],[8.85983,46.42176],[8.85975,46.42181],[8.85967,46.42185],[8.85958,46.4219],[8.8593,46.42201],[8.85856,46.42209],[8.85809,46.42197],[8.85759,46.42159],[8.85744,46.42127],[8.85693,46.42084],[8.85559,46.42034],[8.8546,46.42011],[8.8543,46.42001],[8.85392,46.41977],[8.8537,46.41944],[8.85369,46.41903],[8.85451,46.41595],[8.85462,46.41568],[8.85546,46.41429],[8.8563,46.41302],[8.85642,46.41266],[8.85612,46.41151],[8.85566,46.41011],[8.85541,46.40981],[8.85502,46.4096],[8.85454,46.40951],[8.85404,46.40954],[8.85303,46.40974],[8.85244,46.40996],[8.85167,46.41009],[8.85113,46.41002],[8.85065,46.40982],[8.84993,46.40963],[8.84906,46.40952],[8.84865,46.40935],[8.84836,46.40909],[8.84804,46.4086],[8.84759,46.40826],[8.84705,46.40797],[8.84667,46.4078],[8.84612,46.40746],[8.84585,46.40713],[8.8457,46.40664],[8.84463,46.40568],[8.84408,46.40495],[8.8439,46.40442],[8.84367,46.40414],[8.84351,46.40402],[8.84305,46.40375],[8.84285,46.40366],[8.84252,46.40359],[8.84217,46.40348],[8.84205,46.40342],[8.84177,46.40325],[8.84159,46.40307],[8.84118,46.40263],[8.841,46.40247],[8.84069,46.40223],[8.84048,46.40209],[8.84024,46.40199],[8.83997,46.4019],[8.83977,46.4018],[8.83957,46.40165],[8.83934,46.40145],[8.83918,46.40127],[8.83908,46.40111],[8.83898,46.40072],[8.83889,46.40057],[8.83809,46.39994],[8.83792,46.39962],[8.83793,46.39893],[8.83786,46.39877],[8.83775,46.39859],[8.83768,46.39845],[8.83761,46.39819],[8.83763,46.39792],[8.8377,46.39763],[8.83771,46.39759],[8.83779,46.39711],[8.8378,46.39693],[8.83776,46.39676],[8.83764,46.39646],[8.8374,46.39614],[8.83657,46.39549],[8.83585,46.39458],[8.83572,46.39426],[8.83577,46.39392],[8.83617,46.3935],[8.83642,46.39338],[8.84345,46.39061],[8.84365,46.39051],[8.84382,46.39039],[8.84405,46.39009],[8.8441,46.38992],[8.84404,46.38951],[8.84379,46.38919],[8.84344,46.38894],[8.84278,46.38814],[8.84247,46.38736],[8.84196,46.38686],[8.84177,46.38649],[8.84158,46.38623],[8.84151,46.38606],[8.84141,46.38569],[8.84138,46.38548],[8.84141,46.38528],[8.84154,46.38501],[8.84177,46.38466],[8.84196,46.38434],[8.84203,46.38417],[8.84203,46.38383],[8.84169,46.38337],[8.84112,46.38308],[8.84066,46.38268],[8.84056,46.3826],[8.84042,46.38251],[8.8399,46.38222],[8.83957,46.38182],[8.8394,46.38166],[8.83919,46.38153],[8.83858,46.3812],[8.83821,46.38102],[8.83801,46.38095],[8.83636,46.38058],[8.83601,46.38053],[8.83447,46.38041],[8.83404,46.38025],[8.83378,46.38007],[8.8336,46.37996],[8.83332,46.37986],[8.83296,46.37975],[8.83204,46.37939],[8.83201,46.37938],[8.83132,46.3791],[8.83112,46.37904],[8.83043,46.37886],[8.82998,46.3787],[8.82965,46.37851],[8.82925,46.37796],[8.82922,46.37723]]]},"properties":{"bfs_nr":5073,"name":"Giornico"}},{"type":"Feature","geometry":{"type":"Polygon","coordinates":[[[8.84322,46.36201],[8.84337,46.36155],[8.8436,46.36118],[8.84395,46.36081],[8.84414,46.36064],[8.84463,46.36027],[8.84477,46.36014],[8.84533,46.35954],[8.84636,46.35861],[8.84728,46.35788],[8.84755,46.35754],[8.84848,46.35681],[8.84913,46.35633],[8.84916,46.35631],[8.84938,46.35613],[8.84952,46.356],[8.84977,46.35552],[8.85051,46.35493],[8.85068,46.35463],[8.8507,46.35432],[8.85083,46.35394],[8.85087,46.35375],[8.85102,46.35341],[8.85127,46.35309],[8.85163,46.35283],[8.85187,46.35254],[8.85196,46.35225],[8.85215,46.35195],[8.85263,46.35161],[8.85307,46.35136],[8.85342,46.3512],[8.85482,46.35075],[8.85552,46.35055],[8.85654,46.35017],[8.85795,46.34976],[8.85886,46.34955],[8.85948,46.34945],[8.85982,46.34942],[8.86045,46.3494],[8.86099,46.3494],[8.86122,46.34939],[8.86167,46.34927],[8.86202,46.34905],[8.86215,46.34892],[8.86254,46.3482],[8.86258,46.34806],[8.86273,46.34701],[8.86273,46.34683],[8.86267,46.34641],[8.86266,46.34635],[8.86256,46.34596],[8.86247,46.34575],[8.86231,46.34556],[8.86193,46.34522],[8.86189,46.34519],[8.86142,46.34473],[8.86126,46.34455],[8.86118,46.34439],[8.86115,46.34406],[8.86122,46.34385],[8.86138,46.34357],[8.8619,46.34292],[8.86197,46.34274],[8.86199,46.34256],[8.86196,46.34238],[8.86188,46.34221],[8.86174,46.34205],[8.86157,46.34192],[8.86135,46.34181],[8.86095,46.34165],[8.86059,46.3414],[8.86036,46.34101],[8.86023,46.34088],[8.86002,46.34068],[8.85965,46.34041],[8.85936,46.33996],[8.85939,46.33963],[8.85971,46.33907],[8.85982,46.33871],[8.85979,46.33853],[8.85954,46.33801],[8.8595,46.33755],[8.85905,46.33698],[8.8589,46.33686],[8.85871,46.33676],[8.85853,46.33668],[8.85819,46.33658],[8.85775,46.33647],[8.85707,46.33603],[8.85655,46.33531],[8.85529,46.33454],[8.85497,46.33425],[8.85487,46.33412],[8.85469,46.33383],[8.85453,46.33349],[8.85443,46.33337],[8.85421,46.33314],[8.85396,46.33295],[8.85355,46.33271],[8.85351,46.33269],[8.85282,46.33233],[8.85214,46.33194],[8.8514,46.33159],[8.8512,46.33148],[8.85071,46.33117],[8.84932,46.33038],[8.84907,46.33021],[8.84883,46.32987],[8.84879,46.3294],[8.84907,46.3286],[8.84899,46.32826],[8.84889,46.32811],[8.8486,46.32778],[8.84853,46.3277],[8.84816,46.32736],[8.84786,46.32712],[8.84767,46.32682],[8.8477,46.3263],[8.84823,46.32512],[8.84839,46.32485],[8.84927,46.32377],[8.84949,46.32348],[8.84995,46.32316],[8.8501,46.32303],[8.85031,46.32282],[8.85051,46.32266],[8.85064,46.32251],[8.85085,46.32237],[8.8512,46.3222],[8.8516,46.32187],[8.85239,46.3214],[8.85272,46.32123],[8.85335,46.32101],[8.85407,46.32087],[8.8548,46.32083],[8.85528,46.32078],[8.85651,46.32076],[8.85652,46.32076],[8.8573,46.32075],[8.85778,46.32078],[8.8611,46.32132],[8.86111,46.32132],[8.86301,46.32161],[8.86323,46.32164],[8.86345,46.32163],[8.86468,46.32152],[8.86504,46.32152],[8.86571,46.32155],[8.866,46.32154],[8.86684,46.32145],[8.86705,46.32141],[8.86724,46.32136],[8.86823,46.32102],[8.86941,46.32076],[8.86972,46.32071],[8.87025,46.32065],[8.87037,46.32064],[8.87096,46.32054],[8.87119,46.32048],[8.8714,46.3204],[8.87159,46.32029],[8.87185,46.32001],[8.8721,46.31949],[8.87256,46.31888],[8.87277,46.31866],[8.87399,46.31759],[8.87421,46.31742],[8.87495,46.31696],[8.87572,46.31658],[8.87609,46.31631],[8.87665,46.31539],[8.8768,46.31519],[8.87701,46.31502],[8.87746,46.31471],[8.8778,46.31451],[8.87833,46.31434],[8.87891,46.31422],[8.87942,46.31418],[8.87983,46.31417],[8.88004,46.31416],[8.88024,46.31413],[8.88089,46.31398],[8.88121,46.31387],[8.88146,46.31373],[8.88161,46.3136],[8.88173,46.31345],[8.88251,46.31218],[8.88276,46.31189],[8.88414,46.31076],[8.88431,46.31059],[8.88441,46.3104],[8.88485,46.30918],[8.88489,46.30895],[8.88487,46.30778],[8.88484,46.3076],[8.88458,46.30677],[8.88457,46.30671],[8.88439,46.30601],[8.88437,46.30578],[8.8845,46.30542],[8.88464,46.30526],[8.88504,46.30503],[8.88561,46.30491],[8.88671,46.30484],[8.88736,46.30489],[8.88965,46.30539],[8.88987,46.30543],[8.89131,46.30556],[8.89187,46.30569],[8.893,46.30611],[8.89322,46.30618],[8.89344,46.30621],[8.89437,46.30632],[8.89479,46.30649],[8.89525,46.30681],[8.89548,46.30691],[8.89628,46.3072],[8.89649,46.30725],[8.89671,46.30729],[8.89847,46.30744],[8.89923,46.30767],[8.89986,46.30822],[8.90063,46.30906],[8.90082,46.30937],[8.90117,46.31025],[8.90123,46.31062],[8.90118,46.31084],[8.90117,46.31101],[8.9012,46.31118],[8.90128,46.31134],[8.9014,46.31149],[8.90156,46.31162],[8.90222,46.31207],[8.90243,46.31226],[8.90263,46.3126],[8.90284,46.31365],[8.90287,46.31424],[8.90289,46.31438],[8.90324,46.31562],[8.90336,46.31646],[8.90355,46.31675],[8.90388,46.31698],[8.90517,46.31742],[8.90607,46.31786],[8.90645,46.31812],[8.90704,46.31868],[8.90719,46.31881],[8.90778,46.3192],[8.90808,46.31935],[8.90827,46.31941],[8.90851,46.31948],[8.90877,46.31951],[8.90977,46.31956],[8.91132,46.31972],[8.91177,46.31985],[8.91212,46.32009],[8.91285,46.32101],[8.91296,46.32113],[8.91309,46.32123],[8.9138,46.3217],[8.91407,46.32184],[8.91451,46.32203],[8.91481,46.32228],[8.91527,46.32317],[8.91549,46.32396],[8.91553,46.32436],[8.91559,46.32459],[8.9159,46.32531],[8.91598,46.32545],[8.91684,46.32663],[8.91733,46.32761],[8.91745,46.32778],[8.91761,46.32793],[8.91782,46.32806],[8.91852,46.32839],[8.91898,46.32873],[8.91954,46.32936],[8.91973,46.32971],[8.91975,46.32992],[8.91973,46.33075],[8.91976,46.33094],[8.91983,46.33111],[8.91996,46.33128],[8.92013,46.33144],[8.92024,46.33154],[8.92113,46.33222],[8.92157,46.33251],[8.92191,46.33283],[8.92221,46.33328],[8.92227,46.33347],[8.92234,46.33387],[8.92239,46.33402],[8.92247,46.33417],[8.92252,46.33424],[8.92265,46.33438],[8.92282,46.33451],[8.92353,46.33494],[8.92366,46.33501],[8.9254,46.33587],[8.93417,46.34183],[8.93419,46.34184],[8.93936,46.34544],[8.94278,46.34781],[8.94281,46.34783],[8.94352,46.34834],[8.94353,46.34835],[8.94615,46.35029],[8.94616,46.3503],[8.94972,46.35289],[8.95234,46.35481],[8.95265,46.35514],[8.95271,46.35565],[8.95251,46.35596],[8.95216,46.35621],[8.95123,46.35662],[8.95095,46.35676],[8.95068,46.3569],[8.9505,46.35699],[8.94759,46.35824],[8.94718,46.35838],[8.94324,46.35929],[8.9428,46.35946],[8.94249,46.35973],[8.94225,46.36014],[8.94162,46.3605],[8.93409,46.36277],[8.93064,46.36391],[8.93034,46.36405],[8.93012,46.36418],[8.92996,46.3643],[8.92984,46.36443],[8.92975,46.36457],[8.9297,46.36473],[8.92943,46.36604],[8.92942,46.36609],[8.9292,46.36691],[8.92916,46.36705],[8.92873,46.36807],[8.9286,46.36829],[8.92813,46.36895],[8.92792,46.36924],[8.92764,46.36964],[8.9275,46.36982],[8.92703,46.37029],[8.92648,46.37077],[8.92601,46.37119],[8.92547,46.37159],[8.92531,46.37169],[8.92483,46.37197],[8.92469,46.37205],[8.9242,46.37228],[8.92385,46.37241],[8.92339,46.37255],[8.92327,46.37258],[8.92305,46.37263],[8.92293,46.37266],[8.92205,46.37283],[8.9219,46.37286],[8.92131,46.37294],[8.92106,46.37296],[8.92064,46.37298],[8.92038,46.37298],[8.91886,46.37291],[8.91878,46.3729],[8.91759,46.37289],[8.91746,46.3729],[8.91703,46.37292],[8.9169,46.37294],[8.91604,46.37305],[8.91586,46.37309],[8.91572,46.37312],[8.91545,46.37321],[8.91513,46.37335],[8.91489,46.37349],[8.91476,46.37358],[8.91455,46.37379],[8.9141,46.37438],[8.91384,46.37465],[8.91321,46.37514],[8.91317,46.37517],[8.9131,46.37522],[8.91309,46.37523],[8.91167,46.37626],[8.91152,46.37637],[8.91007,46.37721],[8.90996,46.37728],[8.90877,46.37787],[8.90869,46.37792],[8.90716,46.37882],[8.90708,46.37886],[8.907,46.3789],[8.90672,46.37902],[8.90601,46.37912],[8.90578,46.37915],[8.90547,46.37922],[8.90535,46.37925],[8.90528,46.37927],[8.9052,46.3793],[8.90508,46.37934],[8.90496,46.37939],[8.90486,46.37943],[8.90477,46.37948],[8.90458,46.37958],[8.904,46.3799],[8.9035,46.38002],[8.90241,46.37995],[8.90195,46.37977],[8.90163,46.37949],[8.9015,46.37913],[8.90159,46.37877],[8.90182,46.37842],[8.90183,46.37795],[8.90162,46.37751],[8.9013,46.37724],[8.90085,46.37707],[8.90033,46.37703],[8.89984,46.37714],[8.89464,46.37912],[8.89432,46.37922],[8.89385,46.37929],[8.89344,46.37946],[8.89328,46.37958],[8.89315,46.37972],[8.89302,46.3799],[8.89274,46.38036],[8.89223,46.38093],[8.89189,46.38133],[8.8915,46.38156],[8.89101,46.38166],[8.8905,46.38163],[8.89006,46.38146],[8.8897,46.38115],[8.88959,46.38098],[8.88943,46.38071],[8.88934,46.38056],[8.8892,46.38042],[8.88888,46.38022],[8.88864,46.38],[8.88844,46.37985],[8.88833,46.37977],[8.88787,46.3795],[8.88782,46.37947],[8.88588,46.37824],[8.88581,46.37819],[8.88556,46.37795],[8.88536,46.3778],[8.8844,46.37737],[8.88414,46.37709],[8.88391,46.37651],[8.88386,46.37639],[8.88377,46.37623],[8.88367,46.37608],[8.88352,46.37595],[8.88322,46.37575],[8.8828,46.37562],[8.88217,46.37555],[8.87914,46.37433],[8.8757,46.37279],[8.87523,46.37266],[8.8737,46.37266],[8.87345,46.37264],[8.8732,46.3726],[8.8711,46.37214],[8.8707,46.37202],[8.87069,46.37201],[8.87038,46.37186],[8.87023,46.37179],[8.86942,46.37163],[8.86889,46.37141],[8.86829,46.37099],[8.86747,46.37074],[8.86701,46.37053],[8.86662,46.37021],[8.86634,46.37005],[8.86603,46.36991],[8.86538,46.36954],[8.86486,46.36919],[8.86394,46.36891],[8.86377,46.36883],[8.8637,46.36878],[8.86337,46.36859],[8.86322,46.36847],[8.86304,46.36827],[8.86279,46.36794],[8.86273,46.36787],[8.86256,46.36769],[8.86239,46.36754],[8.86217,46.36742],[8.86133,46.36705],[8.86013,46.36658],[8.85917,46.36627],[8.85849,46.36586],[8.85821,46.36557],[8.85807,46.36546],[8.85768,46.3652],[8.8571,46.3649],[8.85665,46.36481],[8.85535,46.36479],[8.85485,46.36472],[8.85409,46.36456],[8.85338,46.36457],[8.85275,46.36447],[8.85099,46.36424],[8.8506,46.36415],[8.84996,46.36396],[8.84976,46.36389],[8.84961,46.36383],[8.84933,46.36375],[8.84837,46.36356],[8.84756,46.36348],[8.84558,46.36321],[8.84536,46.3632],[8.84517,46.36321],[8.84486,46.36321],[8.84441,46.36319],[8.8441,46.36315],[8.84366,46.36299],[8.84334,46.36273],[8.84318,46.3624],[8.84322,46.36201]]]},"properties":{"bfs_nr":5076,"name":"Personico"}},{"type":"Feature","geometry":{"type":"Polygon","coordinates":[[[8.92826,46.37253],[8.92923,46.37209],[8.92972,46.37191],[8.93006,46.37165],[8.93017,46.37149],[8.93023,46.37132],[8.93024,46.37114],[8.9302,46.37097],[8.93011,46.3708],[8.92998,46.37065],[8.92864,46.36943],[8.92836,46.36894],[8.9284,46.36861],[8.92851,46.36842],[8.92863,46.36825],[8.92871,46.3681],[8.92917,46.36703],[8.9292,46.36694],[8.92942,46.36608],[8.92943,46.36605],[8.92969,46.36477],[8.92975,46.36458],[8.92997,46.3643],[8.93027,46.36409],[8.93073,46.36388],[8.93408,46.36277],[8.94207,46.36037],[8.94252,46.36014],[8.94316,46.3594],[8.94369,46.35919],[8.94725,46.35836],[8.94752,46.35827],[8.95053,46.35698],[8.95065,46.35692],[8.95096,46.35675],[8.95124,46.35664],[8.9515,46.35658],[8.95204,46.35658],[8.95262,46.35674],[8.95319,46.35677],[8.95414,46.35666],[8.95483,46.35688],[8.95504,46.35705],[8.95698,46.35885],[8.95799,46.35996],[8.95816,46.36011],[8.9586,46.36032],[8.95944,46.36041],[8.95991,46.36059],[8.96035,46.3611],[8.96381,46.37037],[8.96405,46.3707],[8.96471,46.37115],[8.96491,46.37145],[8.96495,46.37181],[8.96516,46.37217],[8.96548,46.3725],[8.96563,46.37269],[8.96571,46.37285],[8.96571,46.3732],[8.96553,46.37352],[8.96519,46.37377],[8.96492,46.37388],[8.96351,46.37432],[8.96327,46.37438],[8.96288,46.37446],[8.96138,46.37472],[8.96101,46.37475],[8.96029,46.37478],[8.96013,46.37478],[8.95882,46.37474],[8.95768,46.37472],[8.95746,46.37473],[8.95725,46.37476],[8.95663,46.3749],[8.95638,46.37498],[8.95616,46.3751],[8.95598,46.37524],[8.95585,46.3754],[8.95562,46.37619],[8.95547,46.37637],[8.95466,46.37714],[8.95418,46.3776],[8.95397,46.37777],[8.95353,46.37795],[8.95301,46.378],[8.95127,46.3777],[8.95103,46.37768],[8.95078,46.37768],[8.95054,46.37772],[8.95032,46.37778],[8.95011,46.37788],[8.94994,46.378],[8.9498,46.37814],[8.94895,46.3792],[8.94868,46.37946],[8.94839,46.37967],[8.94822,46.37983],[8.94805,46.38019],[8.94794,46.38082],[8.94769,46.38229],[8.94745,46.38428],[8.9474,46.38725],[8.9474,46.38726],[8.9474,46.38742],[8.94737,46.38763],[8.9473,46.38779],[8.94703,46.38807],[8.94664,46.38826],[8.94641,46.38832],[8.9461,46.38835],[8.94332,46.38852],[8.94302,46.38852],[8.94256,46.38842],[8.94218,46.38822],[8.94193,46.38793],[8.94163,46.38731],[8.94107,46.38674],[8.94102,46.38669],[8.94075,46.38645],[8.94073,46.38643],[8.9406,46.38631],[8.94051,46.38621],[8.94046,46.38615],[8.94038,46.38607],[8.94015,46.38586],[8.9399,46.38561],[8.93948,46.38522],[8.93861,46.38464],[8.93822,46.38427],[8.93775,46.38389],[8.93725,46.38336],[8.93684,46.38312],[8.93638,46.38296],[8.93617,46.38284],[8.93589,46.38251],[8.93576,46.38202],[8.93568,46.38185],[8.9354,46.38142],[8.93527,46.38126],[8.9351,46.38112],[8.93465,46.38092],[8.93439,46.38088],[8.93416,46.38086],[8.93407,46.38084],[8.9337,46.38075],[8.93348,46.38066],[8.93339,46.38061],[8.93311,46.38044],[8.93266,46.38012],[8.9324,46.37988],[8.93219,46.37972],[8.93163,46.3794],[8.93073,46.37914],[8.9302,46.37874],[8.93011,46.37821],[8.9303,46.37787],[8.93067,46.37757],[8.93127,46.37722],[8.93152,46.37691],[8.93154,46.37639],[8.93119,46.37578],[8.93083,46.37548],[8.93008,46.37509],[8.93007,46.37508],[8.92816,46.37404],[8.92793,46.3739],[8.92779,46.37376],[8.92763,46.37344],[8.92773,46.37294],[8.92801,46.37266],[8.92826,46.37253]]]},"properties":{"bfs_nr":5077,"name":"Pollegio"}},{"type":"Feature","geometry":{"type":"Polygon","coordinates":[[[8.63379,46.4916],[8.63384,46.49124],[8.63427,46.49062],[8.63434,46.49042],[8.63443,46.49026],[8.6346,46.49007],[8.63484,46.48988],[8.63528,46.48959],[8.63586,46.4891],[8.63672,46.48824],[8.63777,46.48762],[8.63854,46.48741],[8.63976,46.48673],[8.64031,46.48641],[8.64058,46.48623],[8.64083,46.48604],[8.64126,46.48587],[8.64163,46.4858],[8.64236,46.48572],[8.6431,46.48572],[8.64394,46.48553],[8.64444,46.4852],[8.64468,46.48479],[8.64565,46.48399],[8.64658,46.48297],[8.64747,46.4826],[8.64844,46.48253],[8.64851,46.48252],[8.64892,46.48248],[8.64921,46.48243],[8.64932,46.4824],[8.6495,46.48234],[8.64994,46.48214],[8.65027,46.48206],[8.6506,46.48201],[8.6509,46.48202],[8.65147,46.4821],[8.65168,46.4821],[8.65219,46.48202],[8.6524,46.48201],[8.65272,46.48197],[8.65329,46.48183],[8.65397,46.48137],[8.65476,46.48106],[8.65498,46.48102],[8.65522,46.481],[8.65573,46.48106],[8.65598,46.48106],[8.65664,46.48105],[8.65716,46.48117],[8.65745,46.48122],[8.65776,46.48125],[8.65807,46.48132],[8.65818,46.48134],[8.65831,46.48136],[8.65854,46.48142],[8.65872,46.48145],[8.6597,46.48153],[8.66106,46.48157],[8.66218,46.48177],[8.66279,46.48199],[8.66431,46.48224],[8.66455,46.48225],[8.66548,46.48221],[8.66587,46.48222],[8.66624,46.48221],[8.66653,46.48217],[8.66677,46.48213],[8.66721,46.48196],[8.66739,46.48184],[8.66748,46.48176],[8.66764,46.48167],[8.66803,46.48148],[8.66872,46.48135],[8.66952,46.48109],[8.66978,46.48106],[8.67032,46.48107],[8.67054,46.48106],[8.67085,46.48103],[8.6711,46.48099],[8.67133,46.48091],[8.67249,46.48036],[8.6729,46.48011],[8.67369,46.47976],[8.67435,46.47958],[8.67482,46.47935],[8.67546,46.47891],[8.67608,46.47877],[8.67637,46.47868],[8.67781,46.4781],[8.67938,46.47726],[8.68006,46.47673],[8.68089,46.47643],[8.68137,46.47608],[8.68207,46.47584],[8.68257,46.47579],[8.68351,46.47581],[8.68466,46.47544],[8.68501,46.47536],[8.68578,46.4753],[8.68605,46.47521],[8.68654,46.47509],[8.68707,46.47505],[8.68735,46.47502],[8.6876,46.47495],[8.68774,46.4749],[8.68794,46.47485],[8.68839,46.47481],[8.68895,46.4748],[8.68941,46.47488],[8.68997,46.47521],[8.69042,46.47581],[8.69058,46.47597],[8.69078,46.4761],[8.69094,46.47618],[8.69116,46.47626],[8.69139,46.4763],[8.69163,46.47632],[8.69211,46.47626],[8.69252,46.47608],[8.69315,46.47556],[8.69357,46.47542],[8.69427,46.47532],[8.6951,46.4753],[8.69565,46.47516],[8.69592,46.47511],[8.69611,46.47509],[8.69615,46.47509],[8.69634,46.47507],[8.69657,46.47504],[8.6968,46.47498],[8.697,46.47489],[8.69726,46.47475],[8.69747,46.47468],[8.69771,46.47462],[8.69815,46.47457],[8.69836,46.47451],[8.6986,46.47442],[8.69882,46.47437],[8.69926,46.47433],[8.69949,46.47432],[8.70069,46.47417],[8.70125,46.47419],[8.70176,46.47412],[8.70218,46.47392],[8.70246,46.47362],[8.70255,46.47326],[8.70244,46.47288],[8.70243,46.47271],[8.70247,46.47251],[8.70257,46.47233],[8.70283,46.47204],[8.7032,46.47172],[8.70331,46.47159],[8.70352,46.47117],[8.7039,46.47075],[8.70414,46.47032],[8.70439,46.47004],[8.70496,46.46974],[8.70559,46.46922],[8.70585,46.46895],[8.7059,46.46888],[8.70611,46.46862],[8.70619,46.4685],[8.70623,46.46841],[8.70629,46.46827],[8.70667,46.46676],[8.70668,46.46674],[8.70674,46.46646],[8.70675,46.46628],[8.70675,46.46616],[8.70675,46.46599],[8.70678,46.4659],[8.70682,46.46568],[8.70691,46.4654],[8.70758,46.46472],[8.70791,46.46452],[8.70825,46.46407],[8.70932,46.46327],[8.71022,46.46227],[8.71074,46.46137],[8.71156,46.46054],[8.71227,46.46003],[8.71245,46.45967],[8.71276,46.45938],[8.71333,46.45915],[8.71382,46.4591],[8.71435,46.45897],[8.71503,46.45886],[8.71538,46.45882],[8.71565,46.45884],[8.71676,46.45915],[8.71699,46.45917],[8.71764,46.45921],[8.71796,46.45919],[8.71822,46.45916],[8.71844,46.45916],[8.71867,46.45919],[8.71919,46.45931],[8.71965,46.45931],[8.7209,46.45911],[8.72118,46.45905],[8.72144,46.45895],[8.72198,46.45856],[8.72238,46.4584],[8.72302,46.45834],[8.72384,46.45838],[8.72448,46.45849],[8.7247,46.45856],[8.72495,46.45867],[8.7252,46.45884],[8.72554,46.45921],[8.72577,46.45938],[8.72653,46.45982],[8.72679,46.46001],[8.72732,46.46075],[8.7275,46.4609],[8.72772,46.46102],[8.72798,46.4611],[8.72831,46.46116],[8.72872,46.46119],[8.72899,46.4612],[8.72952,46.46108],[8.73051,46.46058],[8.7326,46.46029],[8.73305,46.46005],[8.73347,46.45993],[8.7341,46.4599],[8.73476,46.46001],[8.73531,46.45999],[8.73589,46.45979],[8.73639,46.45967],[8.7364,46.45966],[8.73671,46.45964],[8.73692,46.45965],[8.73706,46.45965],[8.73737,46.45964],[8.73767,46.45958],[8.73798,46.45947],[8.73844,46.45925],[8.73886,46.45914],[8.73928,46.45907],[8.73962,46.45898],[8.74011,46.45881],[8.74117,46.45874],[8.74181,46.45886],[8.74214,46.45888],[8.74259,46.45891],[8.74297,46.45898],[8.74346,46.45909],[8.74413,46.45916],[8.74452,46.45929],[8.74526,46.45965],[8.74585,46.45981],[8.74608,46.45989],[8.74633,46.45998],[8.74662,46.46012],[8.74686,46.46021],[8.74711,46.46026],[8.74753,46.46027],[8.74782,46.46025],[8.74831,46.46014],[8.74892,46.46009],[8.74983,46.46026],[8.75008,46.46028],[8.75032,46.46026],[8.75076,46.4602],[8.75114,46.46019],[8.75175,46.46024],[8.75206,46.46031],[8.75286,46.46058],[8.75321,46.46077],[8.75391,46.46099],[8.75451,46.46136],[8.75489,46.46179],[8.75504,46.46231],[8.75519,46.4625],[8.75549,46.46276],[8.75589,46.46293],[8.75612,46.46298],[8.7566,46.46298],[8.75708,46.46289],[8.75737,46.46287],[8.75777,46.46287],[8.75793,46.46286],[8.75802,46.46286],[8.75828,46.46282],[8.75853,46.46274],[8.7594,46.4624],[8.76063,46.46234],[8.76131,46.46253],[8.76163,46.46279],[8.76179,46.46311],[8.76176,46.46346],[8.76166,46.46366],[8.76136,46.46409],[8.76128,46.46424],[8.76124,46.46439],[8.76124,46.46455],[8.76127,46.4647],[8.76149,46.4653],[8.76155,46.46578],[8.76173,46.46611],[8.76215,46.46663],[8.76218,46.46718],[8.76207,46.46825],[8.76202,46.46845],[8.76193,46.46863],[8.76166,46.46892],[8.76149,46.46909],[8.76096,46.46978],[8.76082,46.47029],[8.76102,46.47075],[8.76162,46.47152],[8.76169,46.47161],[8.76272,46.47265],[8.76296,46.47298],[8.76329,46.47365],[8.76336,46.47384],[8.76337,46.474],[8.76334,46.4742],[8.76304,46.47519],[8.76302,46.47535],[8.76303,46.47551],[8.76385,46.47904],[8.76385,46.47905],[8.76399,46.47967],[8.76406,46.47983],[8.76416,46.47998],[8.76431,46.48012],[8.76857,46.48344],[8.7689,46.48384],[8.7692,46.4845],[8.76929,46.48464],[8.76966,46.48516],[8.76974,46.48551],[8.76961,46.48585],[8.7693,46.48613],[8.76886,46.48631],[8.76809,46.48638],[8.76754,46.48656],[8.76715,46.48663],[8.76579,46.48674],[8.76571,46.48675],[8.76485,46.48679],[8.76413,46.48688],[8.76384,46.48687],[8.7628,46.4867],[8.7618,46.4867],[8.76127,46.48681],[8.76084,46.48706],[8.76033,46.48752],[8.75983,46.48766],[8.759,46.48769],[8.7582,46.48778],[8.7573,46.4879],[8.75245,46.48852],[8.75188,46.48852],[8.75098,46.48838],[8.7502,46.48848],[8.74979,46.48855],[8.74928,46.48865],[8.74901,46.48868],[8.74846,46.48869],[8.74803,46.48879],[8.74759,46.48898],[8.74722,46.48944],[8.74681,46.49075],[8.74672,46.49094],[8.74661,46.49108],[8.74643,46.49124],[8.74536,46.49202],[8.74511,46.49228],[8.74372,46.49453],[8.74365,46.49464],[8.7435,46.49483],[8.74338,46.49504],[8.74317,46.49563],[8.74313,46.4958],[8.74314,46.49597],[8.74319,46.49613],[8.74343,46.49643],[8.74361,46.49655],[8.74432,46.4969],[8.74451,46.49697],[8.74472,46.49702],[8.74544,46.49716],[8.74636,46.49742],[8.74745,46.49769],[8.74794,46.49799],[8.74862,46.49834],[8.74884,46.49848],[8.74899,46.49861],[8.7492,46.49893],[8.74999,46.50045],[8.75052,46.50159],[8.75054,46.50164],[8.75106,46.50259],[8.75182,46.50405],[8.75183,46.50407],[8.75202,46.50444],[8.75209,46.50465],[8.75206,46.505],[8.75169,46.50544],[8.75126,46.50562],[8.75067,46.5057],[8.75044,46.50576],[8.75023,46.50585],[8.74961,46.50617],[8.74936,46.50634],[8.74897,46.50669],[8.74884,46.50684],[8.74875,46.507],[8.74871,46.50717],[8.74871,46.50734],[8.74876,46.5075],[8.74894,46.5079],[8.74895,46.50792],[8.74966,46.50939],[8.74971,46.50991],[8.74917,46.51081],[8.74907,46.51113],[8.74879,46.5151],[8.7488,46.51527],[8.74945,46.51837],[8.74952,46.51857],[8.74966,46.51875],[8.74986,46.5189],[8.75304,46.52092],[8.75326,46.52109],[8.75347,46.52141],[8.75349,46.52176],[8.75342,46.52193],[8.75315,46.5223],[8.75308,46.52249],[8.75311,46.52286],[8.75327,46.52317],[8.75332,46.52352],[8.75337,46.52373],[8.75343,46.5239],[8.75361,46.52425],[8.75372,46.52442],[8.75409,46.52469],[8.75458,46.52484],[8.75492,46.52485],[8.75526,46.52482],[8.7556,46.52476],[8.75585,46.52474],[8.75731,46.52487],[8.75831,46.52509],[8.75849,46.52512],[8.75903,46.52519],[8.75928,46.52521],[8.75953,46.52519],[8.76065,46.52502],[8.76109,46.5249],[8.76148,46.52485],[8.76173,46.5248],[8.76209,46.5247],[8.76239,46.52466],[8.7629,46.52466],[8.7643,46.52479],[8.76483,46.52481],[8.76548,46.52489],[8.76643,46.52496],[8.76739,46.52509],[8.76792,46.52514],[8.76837,46.52527],[8.76937,46.52566],[8.77007,46.52599],[8.77043,46.52622],[8.77102,46.52706],[8.77113,46.52779],[8.77125,46.52799],[8.77144,46.52823],[8.77155,46.52837],[8.77164,46.52854],[8.77169,46.52872],[8.77174,46.52903],[8.77179,46.52919],[8.77212,46.53],[8.77208,46.53032],[8.77198,46.53052],[8.77142,46.53134],[8.77139,46.53139],[8.77097,46.53195],[8.77088,46.5321],[8.77073,46.5327],[8.76997,46.5337],[8.76989,46.53403],[8.76992,46.5342],[8.77,46.53437],[8.77012,46.53452],[8.77028,46.53465],[8.77041,46.53474],[8.77057,46.53484],[8.77204,46.53556],[8.77228,46.5357],[8.77261,46.53616],[8.77266,46.53665],[8.77289,46.53701],[8.7739,46.53796],[8.77411,46.53812],[8.77561,46.53901],[8.77616,46.5393],[8.77644,46.53961],[8.77652,46.53998],[8.77647,46.54017],[8.77635,46.54038],[8.77524,46.54183],[8.77513,46.542],[8.77509,46.54219],[8.7751,46.54238],[8.77517,46.54257],[8.77529,46.54274],[8.77613,46.5434],[8.77702,46.54441],[8.77722,46.54474],[8.77749,46.54538],[8.77757,46.54552],[8.77843,46.54679],[8.77897,46.54771],[8.77908,46.54798],[8.77929,46.54883],[8.77933,46.54895],[8.78419,46.55943],[8.7842,46.55945],[8.78463,46.56031],[8.78472,46.56066],[8.78463,46.56097],[8.7845,46.56115],[8.78105,46.56497],[8.78094,46.56512],[8.78087,46.56528],[8.78085,46.56545],[8.78088,46.56562],[8.78095,46.56578],[8.78106,46.56593],[8.7814,46.56618],[8.78207,46.5665],[8.78288,46.56671],[8.78343,46.56704],[8.78363,46.56754],[8.78341,46.56803],[8.78277,46.56837],[8.76251,46.5741],[8.76221,46.57416],[8.76145,46.57411],[8.76026,46.57368],[8.75952,46.57348],[8.75903,46.57346],[8.75701,46.57379],[8.75536,46.57413],[8.75331,46.57496],[8.75293,46.57519],[8.75241,46.57568],[8.75195,46.57589],[8.75091,46.57601],[8.75042,46.57588],[8.74955,46.57541],[8.74881,46.5752],[8.7478,46.57475],[8.74671,46.57383],[8.74604,46.57353],[8.74532,46.573],[8.7443,46.57239],[8.74361,46.57224],[8.74267,46.5723],[8.7421,46.57226],[8.74066,46.57233],[8.73951,46.57219],[8.73897,46.57223],[8.73802,46.5726],[8.73726,46.57333],[8.73691,46.57354],[8.73623,46.57378],[8.73552,46.5739],[8.7347,46.5742],[8.734,46.57452],[8.73256,46.57488],[8.73163,46.57526],[8.7304,46.57549],[8.72925,46.57584],[8.7285,46.57626],[8.72798,46.57635],[8.72746,46.5763],[8.72669,46.57596],[8.7263,46.57565],[8.72543,46.57528],[8.72428,46.57488],[8.7237,46.57438],[8.72319,46.57407],[8.72226,46.5732],[8.72126,46.57278],[8.72034,46.57225],[8.71955,46.57189],[8.71867,46.57163],[8.71758,46.57121],[8.71702,46.57115],[8.71599,46.57119],[8.71516,46.57131],[8.71419,46.57163],[8.71318,46.57179],[8.71183,46.5722],[8.71009,46.57318],[8.70934,46.57342],[8.70688,46.57366],[8.70583,46.57383],[8.70519,46.57378],[8.7047,46.57363],[8.70381,46.57322],[8.70361,46.57305],[8.70343,46.57289],[8.7034,46.57286],[8.70328,46.57276],[8.70308,46.57262],[8.70285,46.57252],[8.70259,46.57246],[8.70231,46.57243],[8.70184,46.57242],[8.70159,46.57237],[8.70138,46.5723],[8.70104,46.57213],[8.70053,46.57199],[8.69985,46.57199],[8.69932,46.57195],[8.69902,46.57191],[8.69884,46.57188],[8.69875,46.57188],[8.69846,46.57188],[8.69814,46.5719],[8.69789,46.5719],[8.69766,46.57186],[8.69739,46.5718],[8.69704,46.5717],[8.69674,46.57162],[8.69652,46.57158],[8.69629,46.57157],[8.69587,46.57157],[8.69557,46.57155],[8.69442,46.57122],[8.69338,46.57115],[8.69303,46.57109],[8.69273,46.571],[8.6925,46.57087],[8.69219,46.57057],[8.69209,46.57035],[8.69191,46.56974],[8.69188,46.56952],[8.69191,46.5693],[8.69275,46.56632],[8.69277,46.56614],[8.69274,46.56596],[8.69266,46.56579],[8.69237,46.5655],[8.69149,46.56509],[8.69122,46.56496],[8.69105,46.56483],[8.69083,46.56451],[8.69071,46.56395],[8.69045,46.56359],[8.69019,46.56286],[8.69003,46.56271],[8.68963,46.56237],[8.68939,46.56221],[8.68843,46.5617],[8.68817,46.56141],[8.68799,46.56083],[8.68765,46.56045],[8.68729,46.56014],[8.68718,46.55998],[8.68706,46.55961],[8.68696,46.55943],[8.6867,46.55909],[8.68654,46.55893],[8.68634,46.5588],[8.68536,46.55824],[8.68503,46.55787],[8.68446,46.55749],[8.68422,46.5573],[8.68404,46.55707],[8.68384,46.55673],[8.68346,46.55618],[8.68274,46.55542],[8.68246,46.55475],[8.68243,46.55433],[8.68239,46.55419],[8.68231,46.55406],[8.68224,46.55396],[8.68212,46.55383],[8.68198,46.55371],[8.68185,46.55363],[8.6816,46.55349],[8.68116,46.55332],[8.68094,46.55321],[8.6809,46.55319],[8.68054,46.55293],[8.68044,46.55286],[8.68001,46.55262],[8.67954,46.55225],[8.67893,46.55198],[8.67847,46.5516],[8.67745,46.5509],[8.67695,46.55027],[8.67653,46.54994],[8.67545,46.54845],[8.67527,46.5483],[8.67439,46.5479],[8.674,46.54745],[8.67383,46.54609],[8.67387,46.5453],[8.67382,46.545],[8.67352,46.54427],[8.67326,46.54336],[8.67284,46.54272],[8.67188,46.54177],[8.67151,46.54094],[8.67118,46.54065],[8.67036,46.54018],[8.66939,46.53971],[8.66845,46.53949],[8.6678,46.53906],[8.66737,46.53855],[8.6666,46.53817],[8.66621,46.53779],[8.66574,46.53705],[8.66561,46.53668],[8.66568,46.53635],[8.66581,46.53615],[8.66646,46.53539],[8.66657,46.53523],[8.66663,46.53506],[8.66661,46.53472],[8.66615,46.53399],[8.666,46.53364],[8.6657,46.53228],[8.66492,46.52992],[8.66491,46.52988],[8.6646,46.5291],[8.6646,46.52909],[8.6644,46.52856],[8.66436,46.52839],[8.66435,46.52822],[8.66449,46.52625],[8.66449,46.52609],[8.66435,46.52579],[8.66311,46.52415],[8.66293,46.52383],[8.66265,46.52299],[8.66257,46.52283],[8.6623,46.52255],[8.66136,46.52223],[8.66081,46.52183],[8.65961,46.52022],[8.65888,46.51942],[8.65879,46.51933],[8.65816,46.51878],[8.65796,46.51864],[8.65773,46.51854],[8.65747,46.51847],[8.65719,46.51844],[8.65623,46.51841],[8.65618,46.51841],[8.65595,46.5184],[8.65564,46.51837],[8.65519,46.51821],[8.65486,46.51796],[8.65449,46.51732],[8.65338,46.51464],[8.65329,46.51448],[8.65315,46.51433],[8.65298,46.51421],[8.65278,46.51411],[8.65256,46.51404],[8.65231,46.514],[8.65182,46.51401],[8.65056,46.51434],[8.65001,46.51454],[8.64952,46.51459],[8.64903,46.5145],[8.64863,46.5143],[8.64808,46.51387],[8.64781,46.51373],[8.64732,46.51355],[8.64604,46.51302],[8.64546,46.5128],[8.64521,46.51268],[8.6449,46.51243],[8.64475,46.51212],[8.64477,46.51179],[8.64511,46.51122],[8.64543,46.51088],[8.64611,46.51037],[8.64654,46.51017],[8.64809,46.50995],[8.64914,46.50951],[8.65,46.50932],[8.65081,46.50893],[8.65116,46.5087],[8.65137,46.50841],[8.65206,46.50682],[8.65202,46.50647],[8.6518,46.50616],[8.65143,46.50593],[8.64677,46.50403],[8.64645,46.50387],[8.64138,46.50069],[8.64134,46.50066],[8.64074,46.50027],[8.6407,46.50024],[8.63983,46.49972],[8.63959,46.49953],[8.63945,46.49936],[8.63925,46.49888],[8.63914,46.4987],[8.63909,46.49853],[8.63909,46.49828],[8.63905,46.49807],[8.63856,46.49724],[8.638,46.49654],[8.63784,46.49612],[8.6373,46.49562],[8.637,46.49521],[8.63693,46.49491],[8.63688,46.49476],[8.63685,46.4947],[8.63634,46.49382],[8.63617,46.49361],[8.63591,46.49342],[8.6357,46.49331],[8.63531,46.49296],[8.63523,46.49289],[8.63511,46.4928],[8.634,46.492],[8.63379,46.4916]]]},"properties":{"bfs_nr":5079,"name":"Quinto"}},{"type":"Feature","geometry":{"type":"Polygon","coordinates":[[[8.73832,46.15633],[8.74066,46.15569],[8.74182,46.15535],[8.74434,46.15435],[8.74468,46.15409],[8.74486,46.15359],[8.74474,46.15325],[8.74429,46.15277],[8.74324,46.15212],[8.74127,46.1514],[8.74123,46.15139],[8.74098,46.15129],[8.74093,46.15127],[8.74065,46.15114],[8.74023,46.15069],[8.74018,46.15046],[8.74011,46.14968],[8.74011,46.14967],[8.74006,46.14911],[8.74008,46.14886],[8.74018,46.14863],[8.74809,46.13502],[8.74838,46.1347],[8.75264,46.13131],[8.75328,46.13102],[8.75398,46.13101],[8.75426,46.13108],[8.75864,46.1325],[8.75882,46.13255],[8.7649,46.13379],[8.7651,46.13382],[8.7866,46.13576],[8.78709,46.13586],[8.79673,46.13906],[8.79719,46.13928],[8.80125,46.14182],[8.80168,46.14229],[8.80171,46.14264],[8.80152,46.14301],[8.79698,46.14844],[8.79667,46.14872],[8.79561,46.14946],[8.79252,46.15217],[8.78557,46.15821],[8.78554,46.15824],[8.78205,46.16112],[8.78203,46.16114],[8.78037,46.16248],[8.77916,46.16345],[8.77914,46.16347],[8.77722,46.16509],[8.77703,46.16523],[8.77592,46.16574],[8.77514,46.1659],[8.77464,46.16582],[8.77442,46.16574],[8.77418,46.16559],[8.77312,46.1648],[8.77311,46.1648],[8.77063,46.16294],[8.7706,46.16291],[8.76952,46.16205],[8.76882,46.16171],[8.76814,46.16159],[8.76506,46.16152],[8.76485,46.16151],[8.7645,46.16148],[8.76399,46.16142],[8.76396,46.16142],[8.76353,46.16137],[8.76313,46.1613],[8.76174,46.16094],[8.75564,46.16033],[8.75461,46.16026],[8.75456,46.16025],[8.75386,46.16019],[8.75381,46.16018],[8.75164,46.15993],[8.75134,46.15989],[8.75068,46.15973],[8.74491,46.15845],[8.74462,46.15841],[8.74117,46.15821],[8.73871,46.15808],[8.73841,46.15804],[8.73797,46.15789],[8.73753,46.15748],[8.73746,46.15714],[8.73769,46.15666],[8.73805,46.15643],[8.73832,46.15633]]]},"properties":{"bfs_nr":5091,"name":"Ascona"}},{"type":"Feature","geometry":{"type":"Polygon","coordinates":[[[8.79212,46.20787],[8.79215,46.20749],[8.79262,46.20608],[8.79265,46.2059],[8.79263,46.20572],[8.79256,46.20555],[8.79227,46.20505],[8.79223,46.20499],[8.79176,46.20432],[8.79161,46.20404],[8.79151,46.20374],[8.79147,46.20352],[8.79166,46.20301],[8.79201,46.20276],[8.79278,46.20259],[8.79641,46.20251],[8.7997,46.20244],[8.80003,46.2024],[8.80113,46.20217],[8.80132,46.20212],[8.80179,46.20193],[8.80275,46.20162],[8.80363,46.20156],[8.80431,46.20145],[8.8048,46.20128],[8.80539,46.20121],[8.80608,46.20124],[8.80633,46.20119],[8.80656,46.2011],[8.8077,46.20059],[8.80802,46.20038],[8.80818,46.20018],[8.80838,46.19997],[8.8084,46.19995],[8.80844,46.19991],[8.8085,46.19986],[8.80875,46.19968],[8.80899,46.19957],[8.80909,46.19955],[8.80916,46.19953],[8.80945,46.19946],[8.80959,46.19942],[8.80985,46.1993],[8.81028,46.19897],[8.81103,46.19852],[8.81197,46.19822],[8.81289,46.19781],[8.81343,46.19764],[8.81457,46.19709],[8.81499,46.19698],[8.81557,46.19666],[8.81577,46.19635],[8.81573,46.19584],[8.81548,46.19555],[8.81458,46.19518],[8.81417,46.19489],[8.81329,46.19393],[8.81319,46.19358],[8.81356,46.19234],[8.81357,46.19183],[8.81373,46.19146],[8.81404,46.19105],[8.81459,46.1903],[8.81552,46.18879],[8.81553,46.18843],[8.81545,46.18825],[8.81516,46.18795],[8.81471,46.18775],[8.81433,46.18769],[8.81406,46.18762],[8.81376,46.18748],[8.81313,46.18713],[8.81286,46.18706],[8.81123,46.18676],[8.81092,46.18669],[8.8107,46.18659],[8.81052,46.18647],[8.81026,46.18616],[8.81026,46.18561],[8.81087,46.1847],[8.81111,46.18411],[8.8111,46.18377],[8.81078,46.18323],[8.81072,46.18289],[8.81079,46.18247],[8.81099,46.18216],[8.81135,46.18193],[8.81217,46.18167],[8.81262,46.18161],[8.8133,46.18163],[8.81401,46.18176],[8.81465,46.18201],[8.8157,46.18226],[8.81662,46.18261],[8.81741,46.18295],[8.81824,46.18373],[8.81874,46.18439],[8.81955,46.18485],[8.82007,46.18498],[8.82088,46.18531],[8.82172,46.18546],[8.82218,46.18568],[8.82266,46.1858],[8.82317,46.18579],[8.82363,46.18563],[8.8244,46.18527],[8.82484,46.1852],[8.82566,46.18527],[8.82597,46.18527],[8.82627,46.18523],[8.82657,46.18515],[8.82684,46.18513],[8.82741,46.18517],[8.82746,46.18517],[8.82751,46.18517],[8.82876,46.18514],[8.82999,46.18521],[8.83392,46.18536],[8.83449,46.18546],[8.8349,46.18568],[8.83515,46.18601],[8.83521,46.18631],[8.83526,46.18647],[8.83535,46.18661],[8.83549,46.18679],[8.83557,46.18696],[8.83556,46.18732],[8.83536,46.18765],[8.83432,46.18828],[8.83398,46.18858],[8.83339,46.18891],[8.83268,46.18911],[8.83199,46.18918],[8.83079,46.18949],[8.83038,46.18974],[8.83002,46.19015],[8.82883,46.1912],[8.82841,46.1915],[8.82801,46.19167],[8.82741,46.19175],[8.82592,46.19211],[8.82555,46.19235],[8.82542,46.1925],[8.82531,46.19284],[8.82541,46.19375],[8.82549,46.19403],[8.82555,46.19477],[8.82527,46.19544],[8.82519,46.19576],[8.82538,46.19625],[8.82588,46.1971],[8.82587,46.19742],[8.82577,46.19762],[8.82217,46.20334],[8.82199,46.20354],[8.82153,46.20383],[8.81975,46.20454],[8.81772,46.20558],[8.81745,46.2057],[8.81714,46.20577],[8.81431,46.20626],[8.80729,46.20798],[8.80702,46.20803],[8.80278,46.20862],[8.8024,46.20865],[8.80058,46.20865],[8.79598,46.20869],[8.79351,46.20874],[8.79321,46.20872],[8.79275,46.2086],[8.79239,46.20838],[8.79212,46.20787]]]},"properties":{"bfs_nr":5096,"name":"Brione sopra Minusio"}},{"type":"Feature","geometry":{"type":"MultiPolygon","coordinates":[[[[8.64869,46.12217],[8.65038,46.1208],[8.65064,46.12043],[8.65129,46.11996],[8.65188,46.11979],[8.6523,46.11956],[8.6526,46.11929],[8.6533,46.11882],[8.65385,46.11797],[8.65399,46.11756],[8.65429,46.11709],[8.65476,46.11665],[8.65604,46.11604],[8.65635,46.11575],[8.65656,46.11502],[8.65678,46.11456],[8.65716,46.11406],[8.65736,46.11344],[8.65762,46.11298],[8.65791,46.11271],[8.65839,46.11252],[8.66446,46.11107],[8.66526,46.11056],[8.6659,46.11038],[8.66661,46.11037],[8.66714,46.11029],[8.66758,46.11007],[8.66811,46.10954],[8.66856,46.10935],[8.66915,46.10923],[8.66989,46.10898],[8.6704,46.10899],[8.67089,46.10913],[8.67151,46.10955],[8.67205,46.10975],[8.67263,46.10986],[8.67312,46.11007],[8.67381,46.11018],[8.67438,46.11034],[8.67511,46.11046],[8.67584,46.11039],[8.67645,46.11019],[8.67725,46.11019],[8.67779,46.1104],[8.67838,46.11049],[8.6793,46.11038],[8.68005,46.11005],[8.68047,46.10964],[8.68054,46.1093],[8.68042,46.10886],[8.68049,46.10829],[8.68112,46.10762],[8.68122,46.10698],[8.68137,46.10657],[8.6815,46.1059],[8.68203,46.10551],[8.68283,46.10523],[8.68316,46.10497],[8.68359,46.10441],[8.68399,46.10413],[8.68431,46.10377],[8.68485,46.10335],[8.68512,46.10301],[8.68582,46.10245],[8.6862,46.10224],[8.68739,46.10203],[8.68827,46.1017],[8.68876,46.10169],[8.68922,46.10182],[8.68971,46.10206],[8.69016,46.10216],[8.69156,46.10221],[8.69225,46.10204],[8.69283,46.10198],[8.69361,46.10166],[8.69408,46.1016],[8.69479,46.10171],[8.6957,46.10177],[8.69634,46.10192],[8.69708,46.10188],[8.71288,46.09754],[8.71366,46.09748],[8.7141,46.0976],[8.71461,46.09801],[8.71548,46.09926],[8.71724,46.1009],[8.71775,46.10134],[8.7213,46.10612],[8.72223,46.10734],[8.72419,46.1101],[8.72439,46.1103],[8.72646,46.1119],[8.72835,46.11329],[8.73623,46.11876],[8.7389,46.12027],[8.7409,46.12145],[8.74134,46.12191],[8.74134,46.12242],[8.74112,46.12272],[8.74095,46.12284],[8.7407,46.12297],[8.72654,46.12861],[8.72633,46.12871],[8.71934,46.13293],[8.71892,46.13322],[8.71741,46.1338],[8.71654,46.13434],[8.71589,46.13488],[8.71569,46.13501],[8.71557,46.13507],[8.71537,46.13519],[8.71533,46.13522],[8.71518,46.13532],[8.71505,46.1354],[8.71473,46.13554],[8.71367,46.13581],[8.7132,46.1361],[8.71261,46.13632],[8.71223,46.13659],[8.71185,46.13712],[8.71136,46.13748],[8.7111,46.13778],[8.71059,46.13809],[8.7103,46.13837],[8.70969,46.13874],[8.70902,46.1393],[8.70835,46.1395],[8.70816,46.1396],[8.70778,46.13989],[8.70759,46.14008],[8.70683,46.14059],[8.70649,46.14088],[8.70623,46.14132],[8.70593,46.14157],[8.70446,46.14225],[8.70331,46.14269],[8.7028,46.14301],[8.70163,46.14332],[8.7014,46.14343],[8.70118,46.14359],[8.70025,46.14431],[8.69836,46.14566],[8.69788,46.14585],[8.69743,46.14596],[8.69697,46.14608],[8.69673,46.14616],[8.69652,46.14627],[8.69635,46.14642],[8.69615,46.14676],[8.69592,46.14753],[8.69537,46.14798],[8.69274,46.14915],[8.69242,46.14927],[8.69214,46.14931],[8.69178,46.14932],[8.68867,46.14911],[8.68814,46.14915],[8.68571,46.14969],[8.68395,46.15036],[8.68313,46.15049],[8.68281,46.15044],[8.6819,46.15024],[8.68163,46.15016],[8.68138,46.15005],[8.68059,46.14961],[8.68037,46.14952],[8.68013,46.14945],[8.67988,46.14942],[8.67962,46.14942],[8.67309,46.14998],[8.67277,46.14999],[8.67228,46.14989],[8.67206,46.1498],[8.67174,46.14952],[8.67164,46.14936],[8.67152,46.14892],[8.67146,46.14877],[8.67129,46.14842],[8.67116,46.14824],[8.67077,46.1478],[8.66958,46.14667],[8.66871,46.14631],[8.66848,46.14616],[8.66819,46.14593],[8.66801,46.14575],[8.66795,46.14568],[8.66782,46.14548],[8.66775,46.14532],[8.66774,46.1451],[8.66776,46.14469],[8.66776,46.14416],[8.66775,46.1441],[8.66773,46.14386],[8.66769,46.14368],[8.66763,46.14354],[8.66751,46.14334],[8.66748,46.1433],[8.66742,46.14323],[8.66721,46.14302],[8.66704,46.14282],[8.66692,46.14245],[8.66695,46.14223],[8.66812,46.13778],[8.66814,46.1376],[8.66811,46.13742],[8.66803,46.13725],[8.66773,46.13696],[8.66752,46.13685],[8.66729,46.13677],[8.66703,46.13673],[8.66349,46.13638],[8.6632,46.13633],[8.66279,46.13617],[8.66262,46.13605],[8.66245,46.13588],[8.66035,46.13322],[8.66023,46.13303],[8.65618,46.12528],[8.65608,46.12512],[8.65593,46.12498],[8.65575,46.12486],[8.65553,46.12477],[8.6553,46.12471],[8.64942,46.12362],[8.64913,46.12354],[8.64892,46.12345],[8.64858,46.12318],[8.64842,46.12285],[8.64846,46.1225],[8.64869,46.12217]]],[[[8.73406,46.13045],[8.73717,46.13042],[8.73773,46.13048],[8.73832,46.1308],[8.73852,46.13113],[8.73855,46.13134],[8.73864,46.13488],[8.73861,46.13509],[8.73843,46.13542],[8.73808,46.13567],[8.73762,46.13581],[8.7373,46.13583],[8.73419,46.13587],[8.73387,46.13585],[8.73341,46.13572],[8.73304,46.13548],[8.73284,46.13516],[8.73281,46.13494],[8.73272,46.13141],[8.73275,46.13119],[8.73293,46.13087],[8.73328,46.13062],[8.73406,46.13045]]]]},"properties":{"bfs_nr":5097,"name":"Brissago"}},{"type":"Feature","geometry":{"type":"Polygon","coordinates":[[[8.84465,46.18876],[8.84458,46.18854],[8.84462,46.18821],[8.84487,46.18779],[8.84516,46.18743],[8.84523,46.18725],[8.8453,46.18669],[8.84578,46.18605],[8.84588,46.18572],[8.84613,46.18538],[8.84655,46.18515],[8.84794,46.18488],[8.84868,46.18465],[8.84924,46.18428],[8.84951,46.1839],[8.84991,46.18359],[8.85065,46.18335],[8.85148,46.1833],[8.85171,46.18327],[8.85193,46.18323],[8.85216,46.18318],[8.85236,46.1831],[8.85254,46.183],[8.85281,46.18273],[8.85301,46.18234],[8.85334,46.18208],[8.85443,46.18169],[8.85529,46.18156],[8.85554,46.18147],[8.85595,46.18127],[8.85611,46.18118],[8.85818,46.17978],[8.85857,46.1793],[8.85867,46.17881],[8.8591,46.17821],[8.85917,46.17811],[8.85933,46.17782],[8.85935,46.17776],[8.85948,46.17747],[8.85951,46.1774],[8.8596,46.17711],[8.85962,46.17704],[8.85969,46.17668],[8.85974,46.17639],[8.86032,46.17564],[8.86036,46.17527],[8.85937,46.17047],[8.85879,46.16866],[8.85877,46.16825],[8.85897,46.16792],[8.85934,46.16767],[8.85982,46.16754],[8.86015,46.16752],[8.86408,46.16761],[8.86438,46.16763],[8.86462,46.16769],[8.86502,46.16788],[8.86536,46.16833],[8.86542,46.16883],[8.86562,46.16915],[8.86578,46.16928],[8.86598,46.16939],[8.8662,46.16948],[8.86644,46.16953],[8.8667,46.16954],[8.86701,46.16954],[8.86702,46.16954],[8.86758,46.16954],[8.8679,46.16955],[8.86836,46.16968],[8.86872,46.16992],[8.86896,46.17045],[8.86925,46.17678],[8.86925,46.17685],[8.86928,46.17703],[8.86929,46.17708],[8.86934,46.17728],[8.86934,46.1773],[8.86939,46.17748],[8.8694,46.1775],[8.8695,46.17782],[8.86958,46.17798],[8.86985,46.17827],[8.87026,46.17846],[8.8705,46.17851],[8.87075,46.17853],[8.87099,46.17851],[8.87123,46.17847],[8.87145,46.17839],[8.87172,46.17829],[8.87291,46.17805],[8.87357,46.17791],[8.87373,46.17788],[8.87462,46.17768],[8.87475,46.17765],[8.87485,46.17762],[8.87525,46.17747],[8.87562,46.17737],[8.87573,46.17735],[8.87589,46.17733],[8.87591,46.17733],[8.87824,46.17703],[8.87858,46.17701],[8.8791,46.1771],[8.87967,46.17748],[8.88023,46.1787],[8.88044,46.17907],[8.88048,46.17939],[8.88039,46.18],[8.88031,46.18032],[8.88032,46.18048],[8.88086,46.18146],[8.88129,46.1821],[8.88125,46.18245],[8.88101,46.18276],[8.88063,46.18299],[8.88011,46.18312],[8.87979,46.18323],[8.87895,46.1836],[8.87874,46.18372],[8.87845,46.18403],[8.87836,46.18439],[8.87862,46.1849],[8.87903,46.18518],[8.87932,46.18548],[8.87948,46.18581],[8.87988,46.18644],[8.87995,46.18664],[8.87997,46.1868],[8.87994,46.18711],[8.88045,46.188],[8.88046,46.18892],[8.88058,46.18928],[8.8807,46.18944],[8.88094,46.18963],[8.88114,46.18984],[8.88126,46.19006],[8.8813,46.19043],[8.88111,46.19079],[8.8809,46.19097],[8.88062,46.19115],[8.88038,46.19132],[8.8803,46.1914],[8.88022,46.19149],[8.87917,46.19279],[8.87904,46.19303],[8.87866,46.19419],[8.87865,46.19421],[8.87819,46.1958],[8.87797,46.19688],[8.87752,46.19733],[8.87591,46.19826],[8.87547,46.19845],[8.87498,46.19862],[8.87313,46.19941],[8.87267,46.19948],[8.872,46.19942],[8.87146,46.1995],[8.87081,46.19974],[8.87048,46.19979],[8.87028,46.19984],[8.87001,46.19992],[8.86981,46.19999],[8.86887,46.2004],[8.8685,46.20065],[8.8681,46.20108],[8.86793,46.2012],[8.86769,46.20132],[8.86731,46.20143],[8.86687,46.20151],[8.86676,46.20153],[8.86653,46.20157],[8.86606,46.2016],[8.86574,46.20163],[8.86469,46.20208],[8.86366,46.20226],[8.86287,46.20232],[8.86174,46.20254],[8.86114,46.20268],[8.86068,46.20284],[8.86007,46.20293],[8.85988,46.20299],[8.85975,46.20304],[8.85969,46.20306],[8.85941,46.20317],[8.85917,46.20324],[8.85909,46.20326],[8.85874,46.20331],[8.85851,46.20334],[8.85765,46.20359],[8.85717,46.20366],[8.85672,46.20382],[8.85653,46.20394],[8.85639,46.20408],[8.85604,46.20451],[8.85585,46.2047],[8.85543,46.20506],[8.85519,46.20523],[8.85471,46.2054],[8.85393,46.20537],[8.85355,46.20523],[8.85335,46.20512],[8.85317,46.20502],[8.85306,46.20495],[8.85283,46.20477],[8.8527,46.2046],[8.8526,46.20423],[8.85265,46.20378],[8.85243,46.20318],[8.85198,46.20265],[8.85161,46.20243],[8.85109,46.2023],[8.8507,46.20212],[8.85043,46.20185],[8.85028,46.20136],[8.85023,46.20123],[8.85019,46.20116],[8.85006,46.20099],[8.84971,46.20058],[8.84958,46.20034],[8.84946,46.20011],[8.84896,46.19974],[8.84836,46.19947],[8.84809,46.19918],[8.848,46.19879],[8.84804,46.19832],[8.84831,46.19675],[8.84834,46.19636],[8.84845,46.19586],[8.84844,46.1957],[8.84834,46.19529],[8.84826,46.19483],[8.84824,46.19475],[8.84811,46.19432],[8.84807,46.19393],[8.84807,46.19369],[8.84793,46.19336],[8.84762,46.1931],[8.84698,46.19269],[8.84674,46.19236],[8.84664,46.19188],[8.84639,46.19157],[8.84599,46.19135],[8.84543,46.19119],[8.84507,46.19097],[8.84495,46.19083],[8.84484,46.19063],[8.8446,46.19003],[8.84454,46.18979],[8.84466,46.18909],[8.84468,46.18892],[8.84465,46.18876]]]},"properties":{"bfs_nr":5108,"name":"Gordola"}},{"type":"Feature","geometry":{"type":"Polygon","coordinates":[[[8.88042,46.17882],[8.88012,46.17843],[8.87982,46.17768],[8.87986,46.17734],[8.88007,46.17705],[8.88043,46.17682],[8.88093,46.17669],[8.88527,46.17614],[8.89671,46.17469],[8.89716,46.17463],[8.89747,46.17461],[8.89817,46.17477],[8.89852,46.17501],[8.89874,46.1755],[8.89863,46.1761],[8.89872,46.17666],[8.8987,46.17693],[8.89863,46.1771],[8.89826,46.17759],[8.89821,46.17792],[8.89841,46.17852],[8.89838,46.17891],[8.89801,46.17982],[8.89786,46.18002],[8.89769,46.18017],[8.89747,46.18028],[8.89723,46.18037],[8.8969,46.18043],[8.8916,46.18094],[8.88595,46.18187],[8.88514,46.18201],[8.88454,46.18214],[8.88453,46.18215],[8.88325,46.18243],[8.88295,46.18248],[8.88246,46.18245],[8.88201,46.1823],[8.88108,46.18151],[8.88081,46.181],[8.88051,46.18065],[8.88037,46.18029],[8.88038,46.18003],[8.88064,46.17944],[8.88061,46.17911],[8.88042,46.17882]]]},"properties":{"bfs_nr":5112,"name":"Lavertezzo"}},{"type":"Feature","geometry":{"type":"MultiPolygon","coordinates":[[[[8.85217,46.16438],[8.83411,46.15952],[8.83382,46.15941],[8.83345,46.15916],[8.83325,46.15882],[8.83326,46.15846],[8.83348,46.15813],[8.83392,46.15786],[8.84363,46.15389],[8.8469,46.15214],[8.84713,46.15203],[8.84734,46.15197],[8.84761,46.15193],[8.84814,46.15188],[8.84823,46.15186],[8.85563,46.15073],[8.85601,46.1507],[8.86559,46.15058],[8.86816,46.15033],[8.86847,46.15032],[8.86895,46.15041],[8.86917,46.1505],[8.8695,46.15075],[8.86967,46.15108],[8.86969,46.15129],[8.8696,46.15324],[8.86961,46.15341],[8.86968,46.15358],[8.86979,46.15374],[8.86993,46.15387],[8.87012,46.15399],[8.87033,46.15408],[8.87056,46.15414],[8.87081,46.15417],[8.87277,46.15425],[8.87373,46.15444],[8.87604,46.15464],[8.8788,46.15487],[8.87908,46.15491],[8.87952,46.15499],[8.87963,46.15501],[8.88146,46.15524],[8.88228,46.15535],[8.88232,46.15536],[8.88361,46.15555],[8.88364,46.15555],[8.88482,46.15574],[8.88487,46.15575],[8.88616,46.15598],[8.88741,46.15624],[8.88744,46.15624],[8.8884,46.15642],[8.88845,46.15643],[8.88943,46.15658],[8.88973,46.15661],[8.89023,46.15655],[8.89048,46.15654],[8.89079,46.15657],[8.89122,46.15665],[8.89125,46.15665],[8.8928,46.15694],[8.89283,46.15695],[8.89453,46.15729],[8.89454,46.15729],[8.89618,46.15761],[8.89621,46.15761],[8.89648,46.15766],[8.89655,46.15767],[8.89673,46.15769],[8.89682,46.1577],[8.89711,46.15773],[8.8975,46.15774],[8.89782,46.15773],[8.89793,46.15773],[8.89945,46.15761],[8.89946,46.15761],[8.90135,46.15748],[8.90138,46.15748],[8.90172,46.15745],[8.90203,46.15739],[8.90219,46.15734],[8.90298,46.15705],[8.90338,46.15696],[8.90396,46.15688],[8.90448,46.15682],[8.90485,46.15682],[8.90518,46.15686],[8.90579,46.157],[8.90609,46.15711],[8.9063,46.15723],[8.90647,46.15738],[8.9067,46.15773],[8.90679,46.15798],[8.9068,46.15818],[8.90669,46.15856],[8.90668,46.15874],[8.90673,46.15892],[8.90683,46.15909],[8.90698,46.15924],[8.90738,46.15946],[8.90814,46.15956],[8.90884,46.15933],[8.91123,46.15782],[8.91246,46.15703],[8.91264,46.1569],[8.91277,46.15674],[8.91285,46.15656],[8.91288,46.15638],[8.91289,46.156],[8.91293,46.15577],[8.91314,46.15544],[8.91352,46.1552],[8.91376,46.15512],[8.91408,46.15507],[8.91468,46.15501],[8.9147,46.15501],[8.9152,46.15497],[8.91521,46.15497],[8.91583,46.15491],[8.91641,46.15493],[8.91697,46.15512],[8.91749,46.15517],[8.91836,46.155],[8.91887,46.15502],[8.91933,46.15517],[8.91978,46.15559],[8.91985,46.15581],[8.92034,46.15832],[8.92035,46.1586],[8.92014,46.16064],[8.91969,46.16154],[8.91938,46.1618],[8.91896,46.16197],[8.91841,46.16201],[8.91666,46.16194],[8.91658,46.16194],[8.91634,46.16192],[8.91622,46.16191],[8.91611,46.1619],[8.916,46.16188],[8.91585,46.16186],[8.91577,46.16184],[8.91568,46.16183],[8.91528,46.16173],[8.91504,46.16168],[8.91478,46.16167],[8.91429,46.16174],[8.91407,46.16182],[8.91388,46.16194],[8.91372,46.16207],[8.91361,46.16223],[8.91356,46.1623],[8.91355,46.16233],[8.91315,46.16309],[8.91313,46.16313],[8.91204,46.16499],[8.91198,46.16552],[8.9122,46.16585],[8.91294,46.16637],[8.91315,46.16666],[8.9132,46.16682],[8.9132,46.16702],[8.91316,46.16742],[8.91316,46.16743],[8.91308,46.16814],[8.91308,46.16819],[8.91305,46.1689],[8.91305,46.16894],[8.91306,46.1692],[8.91306,46.16922],[8.91307,46.16938],[8.91308,46.16943],[8.9131,46.16959],[8.9131,46.16962],[8.91315,46.16988],[8.91316,46.16992],[8.91324,46.17021],[8.91326,46.17028],[8.91342,46.17073],[8.91344,46.17079],[8.91359,46.17112],[8.91361,46.17115],[8.91376,46.17143],[8.91377,46.17146],[8.91387,46.17163],[8.9139,46.17168],[8.91421,46.17212],[8.91424,46.17216],[8.91458,46.17259],[8.91532,46.17351],[8.91545,46.17371],[8.91551,46.17406],[8.91536,46.1744],[8.91523,46.17455],[8.91484,46.17477],[8.9146,46.17484],[8.9141,46.17488],[8.91379,46.17484],[8.91092,46.17424],[8.91009,46.17407],[8.91006,46.17406],[8.90916,46.17387],[8.90852,46.17374],[8.90848,46.17373],[8.90818,46.17368],[8.90814,46.17367],[8.90733,46.1735],[8.90648,46.17347],[8.9018,46.17405],[8.90179,46.17406],[8.9005,46.17421],[8.89914,46.17438],[8.89806,46.17452],[8.89671,46.17469],[8.8967,46.17469],[8.88527,46.17614],[8.87911,46.17692],[8.8759,46.17733],[8.87588,46.17733],[8.8757,46.17735],[8.87557,46.17738],[8.87531,46.17745],[8.87487,46.17761],[8.87476,46.17765],[8.87459,46.17769],[8.87291,46.17805],[8.87198,46.17823],[8.87182,46.17827],[8.87169,46.1783],[8.87123,46.17846],[8.87099,46.17851],[8.8705,46.17851],[8.87027,46.17845],[8.86986,46.17827],[8.86958,46.17798],[8.86949,46.17778],[8.8694,46.1775],[8.86939,46.17747],[8.86935,46.17731],[8.86934,46.17727],[8.86929,46.17709],[8.86928,46.17701],[8.86926,46.17687],[8.86925,46.17677],[8.86896,46.17041],[8.86872,46.16992],[8.86856,46.16978],[8.86836,46.16968],[8.86814,46.1696],[8.8679,46.16955],[8.86765,46.16953],[8.86702,46.16954],[8.867,46.16954],[8.86676,46.16954],[8.86645,46.16952],[8.86621,46.16947],[8.86579,46.16928],[8.86563,46.16915],[8.86543,46.16883],[8.86537,46.16833],[8.86502,46.16788],[8.86483,46.16777],[8.86462,46.16768],[8.86438,46.16763],[8.86414,46.16761],[8.85841,46.16748],[8.85825,46.16748],[8.85767,46.16739],[8.85726,46.16718],[8.85665,46.16655],[8.85641,46.16642],[8.85333,46.16507],[8.85313,46.16497],[8.85253,46.16453],[8.85217,46.16438]]],[[[8.75257,46.18451],[8.75282,46.1844],[8.75299,46.18429],[8.75484,46.1828],[8.75564,46.18211],[8.75698,46.1814],[8.75868,46.18002],[8.75869,46.18001],[8.76,46.17897],[8.76001,46.17896],[8.76082,46.17833],[8.76094,46.17822],[8.76343,46.17552],[8.76359,46.17537],[8.76721,46.17242],[8.76735,46.17232],[8.77035,46.17032],[8.77169,46.16944],[8.77181,46.16935],[8.77319,46.16816],[8.77347,46.16797],[8.77513,46.16702],[8.77556,46.16657],[8.77569,46.16605],[8.77599,46.16574],[8.77688,46.16531],[8.77704,46.16523],[8.77718,46.16513],[8.77913,46.16347],[8.77917,46.16344],[8.78037,46.16248],[8.78038,46.16247],[8.78204,46.16113],[8.78205,46.16112],[8.78554,46.15824],[8.78556,46.15822],[8.79253,46.15217],[8.79559,46.14948],[8.79673,46.14867],[8.79693,46.14849],[8.80148,46.14306],[8.80187,46.14275],[8.80234,46.1426],[8.80318,46.14265],[8.80698,46.14373],[8.80732,46.14385],[8.81269,46.14632],[8.81304,46.14653],[8.82052,46.15212],[8.82062,46.15219],[8.82477,46.15466],[8.82533,46.15513],[8.82697,46.15722],[8.8271,46.15742],[8.8271,46.15794],[8.82688,46.15824],[8.82666,46.1584],[8.82038,46.16211],[8.82021,46.1622],[8.81169,46.16619],[8.80163,46.17058],[8.80155,46.17062],[8.80064,46.17097],[8.79992,46.17126],[8.79966,46.17135],[8.79822,46.17175],[8.79794,46.17186],[8.79772,46.17197],[8.79757,46.17206],[8.79744,46.17216],[8.79738,46.17222],[8.79728,46.17233],[8.79697,46.1727],[8.79681,46.17282],[8.79646,46.17301],[8.79565,46.17365],[8.7949,46.17394],[8.7944,46.17429],[8.79395,46.17449],[8.79348,46.17481],[8.79325,46.17492],[8.79285,46.17519],[8.7926,46.17533],[8.79254,46.17535],[8.79229,46.17544],[8.79197,46.17553],[8.79108,46.17574],[8.7903,46.17619],[8.79001,46.1765],[8.78983,46.17699],[8.78949,46.17748],[8.78899,46.17786],[8.78855,46.17842],[8.78833,46.17909],[8.7881,46.17936],[8.78764,46.17967],[8.78722,46.18005],[8.78712,46.18015],[8.78703,46.18028],[8.78681,46.1808],[8.78677,46.18134],[8.7872,46.1829],[8.78731,46.18314],[8.78742,46.18331],[8.78769,46.18388],[8.7881,46.18433],[8.78829,46.18485],[8.78871,46.18534],[8.78899,46.18607],[8.78898,46.18641],[8.78878,46.18689],[8.78872,46.18724],[8.78877,46.18742],[8.78897,46.18778],[8.78926,46.18808],[8.78949,46.18883],[8.78942,46.18947],[8.78919,46.19001],[8.78925,46.19037],[8.78962,46.19116],[8.78975,46.19192],[8.78961,46.19237],[8.78957,46.1926],[8.78952,46.19279],[8.78944,46.19295],[8.78937,46.19316],[8.78942,46.19392],[8.78963,46.19429],[8.78982,46.19495],[8.79,46.19538],[8.78998,46.19572],[8.78961,46.19616],[8.7892,46.19634],[8.78842,46.19638],[8.78678,46.19617],[8.78632,46.19616],[8.78609,46.19621],[8.78588,46.19628],[8.78418,46.19697],[8.78386,46.19707],[8.7835,46.19712],[8.78124,46.19726],[8.78048,46.19718],[8.7801,46.19698],[8.77992,46.19681],[8.77952,46.19637],[8.77628,46.19278],[8.77613,46.19264],[8.77573,46.19244],[8.77526,46.19236],[8.77501,46.19236],[8.77393,46.19246],[8.77391,46.19246],[8.77293,46.19256],[8.77292,46.19256],[8.77168,46.19268],[8.77148,46.1927],[8.77129,46.19276],[8.77042,46.19304],[8.77018,46.19311],[8.76997,46.19314],[8.7697,46.19315],[8.76861,46.19311],[8.7683,46.19308],[8.76806,46.19302],[8.76766,46.19281],[8.7674,46.19251],[8.76734,46.19233],[8.76737,46.19198],[8.76759,46.19167],[8.76821,46.19123],[8.76834,46.19108],[8.76843,46.19092],[8.76847,46.19074],[8.76846,46.19056],[8.76839,46.19039],[8.76828,46.19023],[8.76813,46.19008],[8.76794,46.18997],[8.76772,46.18987],[8.76747,46.18982],[8.76694,46.18973],[8.76665,46.1897],[8.76438,46.18969],[8.76322,46.18978],[8.76314,46.18978],[8.76273,46.18983],[8.76243,46.18989],[8.76212,46.18997],[8.7616,46.19001],[8.76113,46.19002],[8.76014,46.19017],[8.75987,46.19019],[8.75961,46.19018],[8.75908,46.19008],[8.75878,46.18998],[8.75849,46.18992],[8.75804,46.18986],[8.7578,46.18985],[8.75736,46.18986],[8.75689,46.18976],[8.75637,46.1894],[8.75621,46.18908],[8.7563,46.18843],[8.75647,46.18806],[8.75648,46.18755],[8.75639,46.18734],[8.75609,46.18703],[8.7555,46.18671],[8.75501,46.18656],[8.75387,46.18642],[8.75318,46.18623],[8.75268,46.18616],[8.7521,46.18586],[8.75189,46.18555],[8.75185,46.18521],[8.752,46.18489],[8.75257,46.18451]]]]},"properties":{"bfs_nr":5113,"name":"Locarno"}},{"type":"Feature","geometry":{"type":"Polygon","coordinates":[[[8.71484,46.1619],[8.71438,46.16141],[8.71437,46.1614],[8.71309,46.15998],[8.71295,46.15979],[8.71286,46.15947],[8.71309,46.15895],[8.71532,46.15647],[8.71572,46.15617],[8.71619,46.15603],[8.71909,46.15594],[8.72899,46.15741],[8.72999,46.15755],[8.73327,46.15811],[8.73362,46.15814],[8.73783,46.15804],[8.73804,46.15805],[8.74116,46.15821],[8.74118,46.15821],[8.74455,46.1584],[8.74498,46.15846],[8.75068,46.15973],[8.75069,46.15974],[8.75139,46.1599],[8.75159,46.15993],[8.75382,46.16018],[8.75386,46.16019],[8.75457,46.16025],[8.7546,46.16026],[8.75565,46.16033],[8.76167,46.16094],[8.7632,46.16131],[8.76346,46.16136],[8.76397,46.16142],[8.764,46.16143],[8.7645,46.16148],[8.76489,46.16151],[8.76503,46.16152],[8.7677,46.16158],[8.76832,46.16168],[8.7689,46.16195],[8.76938,46.16208],[8.76988,46.16233],[8.7706,46.16291],[8.77063,46.16293],[8.77312,46.1648],[8.7747,46.16597],[8.77507,46.1665],[8.77504,46.16686],[8.7748,46.16718],[8.77457,46.16734],[8.77342,46.168],[8.77324,46.16813],[8.77184,46.16933],[8.77166,46.16946],[8.77035,46.17032],[8.77035,46.17033],[8.76732,46.17233],[8.76723,46.1724],[8.76356,46.17539],[8.76346,46.17549],[8.76097,46.17819],[8.76079,46.17835],[8.76,46.17897],[8.75909,46.17969],[8.75885,46.17985],[8.75806,46.18003],[8.75541,46.18011],[8.7554,46.18011],[8.75261,46.1802],[8.75236,46.18019],[8.74996,46.18005],[8.7497,46.18006],[8.74943,46.1801],[8.74889,46.18023],[8.74864,46.18027],[8.74839,46.18029],[8.74673,46.18031],[8.74672,46.18031],[8.74473,46.18032],[8.74469,46.18032],[8.74337,46.18031],[8.74322,46.18031],[8.74222,46.18038],[8.74195,46.18042],[8.7417,46.1805],[8.74148,46.18062],[8.7413,46.18076],[8.74014,46.18189],[8.73995,46.18205],[8.73977,46.18215],[8.73933,46.18228],[8.73886,46.18229],[8.73857,46.18224],[8.73739,46.18196],[8.73717,46.1819],[8.73571,46.1814],[8.73565,46.18138],[8.73447,46.18094],[8.73415,46.1808],[8.73232,46.17975],[8.73205,46.17964],[8.72837,46.17842],[8.72821,46.17838],[8.72692,46.17809],[8.7265,46.17804],[8.72433,46.17807],[8.72382,46.17815],[8.72246,46.17855],[8.72197,46.17856],[8.72151,46.17845],[8.72114,46.17823],[8.7206,46.17774],[8.72035,46.17735],[8.72032,46.17683],[8.72028,46.1766],[8.72021,46.17641],[8.71973,46.17591],[8.71959,46.17542],[8.71964,46.17468],[8.71978,46.17429],[8.7198,46.17412],[8.71979,46.17407],[8.71973,46.17358],[8.71971,46.17349],[8.71968,46.17337],[8.71963,46.17324],[8.71907,46.17261],[8.71868,46.17207],[8.71815,46.1717],[8.71777,46.17123],[8.71769,46.17085],[8.71776,46.17061],[8.71796,46.17015],[8.71827,46.16962],[8.71831,46.16929],[8.71826,46.16912],[8.71817,46.16897],[8.71804,46.16883],[8.71749,46.16843],[8.71732,46.16814],[8.71731,46.16776],[8.71739,46.16758],[8.71768,46.16724],[8.71779,46.16709],[8.71785,46.16692],[8.71786,46.16675],[8.71783,46.16658],[8.71756,46.1661],[8.7174,46.16588],[8.71707,46.16555],[8.71685,46.16528],[8.71566,46.16324],[8.71566,46.16323],[8.71494,46.16204],[8.71484,46.1619]]]},"properties":{"bfs_nr":5115,"name":"Losone"}},{"type":"Feature","geometry":{"type":"Polygon","coordinates":[[[8.79095,46.21055],[8.79093,46.20998],[8.7912,46.20963],[8.79181,46.20911],[8.79205,46.20894],[8.79289,46.20875],[8.79597,46.20869],[8.79599,46.20869],[8.80059,46.20865],[8.80062,46.20864],[8.80247,46.20865],[8.80272,46.20863],[8.80707,46.20803],[8.80724,46.20799],[8.81428,46.20626],[8.8172,46.20576],[8.81745,46.2057],[8.81767,46.20561],[8.81971,46.20455],[8.82159,46.2038],[8.82181,46.20369],[8.822,46.20355],[8.82214,46.20338],[8.82592,46.19739],[8.82625,46.197],[8.82667,46.19668],[8.82709,46.19649],[8.82788,46.19631],[8.82877,46.19624],[8.82908,46.19629],[8.83119,46.19674],[8.83131,46.19677],[8.83452,46.19761],[8.83561,46.19801],[8.83588,46.19828],[8.83608,46.19917],[8.8363,46.19949],[8.83648,46.19962],[8.83669,46.19972],[8.83692,46.19979],[8.83717,46.19983],[8.83743,46.19984],[8.83783,46.19981],[8.83788,46.19981],[8.83873,46.19974],[8.8395,46.19973],[8.84079,46.19954],[8.84157,46.19951],[8.84244,46.19935],[8.84319,46.19939],[8.84396,46.19925],[8.84416,46.19922],[8.84425,46.19921],[8.84429,46.1992],[8.84441,46.19918],[8.84506,46.19903],[8.84564,46.19881],[8.84672,46.19864],[8.84742,46.19877],[8.84778,46.19899],[8.84815,46.19951],[8.84865,46.19983],[8.84912,46.19998],[8.84948,46.20024],[8.84969,46.20054],[8.84978,46.20067],[8.84985,46.20075],[8.85021,46.2012],[8.85028,46.20136],[8.85035,46.20174],[8.85044,46.2019],[8.85074,46.20218],[8.85095,46.20229],[8.85158,46.20246],[8.852,46.20268],[8.85242,46.20318],[8.85259,46.20376],[8.85251,46.20412],[8.85264,46.2046],[8.85292,46.20486],[8.8532,46.20504],[8.85332,46.20511],[8.85362,46.20526],[8.85391,46.20537],[8.85453,46.20556],[8.85502,46.20597],[8.85511,46.20633],[8.855,46.20668],[8.85469,46.20706],[8.85445,46.20743],[8.85438,46.20757],[8.85432,46.20794],[8.85418,46.20833],[8.85418,46.2085],[8.85423,46.20866],[8.85432,46.20882],[8.85446,46.20897],[8.85508,46.2094],[8.8553,46.20971],[8.85534,46.21031],[8.85567,46.21093],[8.85617,46.21149],[8.85635,46.21244],[8.85669,46.21302],[8.8567,46.21307],[8.85673,46.21316],[8.85686,46.21345],[8.85694,46.21368],[8.857,46.21404],[8.85702,46.21437],[8.85706,46.2146],[8.85715,46.21482],[8.85725,46.21499],[8.85774,46.21569],[8.85782,46.21606],[8.85782,46.21638],[8.85778,46.2166],[8.85764,46.21698],[8.85753,46.21718],[8.85736,46.21776],[8.85667,46.21842],[8.85643,46.2188],[8.85647,46.21934],[8.85673,46.21994],[8.85664,46.22049],[8.85647,46.22069],[8.85598,46.22116],[8.85567,46.22139],[8.85531,46.22161],[8.85511,46.22177],[8.85471,46.22222],[8.85421,46.22261],[8.85353,46.22282],[8.85279,46.22273],[8.85203,46.22228],[8.85159,46.22215],[8.85112,46.22214],[8.85045,46.22226],[8.84941,46.22221],[8.84834,46.22241],[8.8476,46.22247],[8.84656,46.22263],[8.84511,46.22275],[8.84482,46.2228],[8.84455,46.2229],[8.84382,46.22323],[8.84291,46.22356],[8.84277,46.2236],[8.84182,46.22388],[8.84095,46.22422],[8.84016,46.22448],[8.8399,46.22455],[8.83792,46.22498],[8.83743,46.22504],[8.83364,46.22514],[8.83335,46.22518],[8.83196,46.22544],[8.83185,46.22547],[8.82801,46.22647],[8.82791,46.2265],[8.82569,46.22722],[8.8255,46.2273],[8.82398,46.22803],[8.82389,46.22808],[8.82136,46.22954],[8.82099,46.22971],[8.81988,46.2301],[8.81941,46.23021],[8.81683,46.23059],[8.81642,46.23062],[8.81542,46.23061],[8.81507,46.23059],[8.81033,46.22997],[8.81002,46.22991],[8.80978,46.22982],[8.80958,46.2297],[8.80941,46.22956],[8.80923,46.22921],[8.80918,46.22867],[8.80908,46.22849],[8.80902,46.2284],[8.8089,46.22826],[8.80874,46.22815],[8.80856,46.22805],[8.80766,46.22765],[8.8066,46.2274],[8.80615,46.22741],[8.80475,46.22763],[8.80444,46.22765],[8.80396,46.2276],[8.80259,46.22729],[8.80213,46.22728],[8.79971,46.22751],[8.79939,46.22752],[8.79889,46.22742],[8.79833,46.22705],[8.79819,46.2267],[8.79825,46.22634],[8.79836,46.22618],[8.7986,46.22591],[8.79891,46.22564],[8.79907,46.22539],[8.79914,46.22508],[8.79911,46.2249],[8.79914,46.22444],[8.79917,46.22424],[8.79927,46.22402],[8.79938,46.22356],[8.79976,46.22304],[8.79985,46.22272],[8.79977,46.22239],[8.79966,46.22224],[8.79934,46.22198],[8.79874,46.22171],[8.79834,46.2213],[8.79807,46.22038],[8.79774,46.21959],[8.79744,46.21915],[8.79693,46.21871],[8.79678,46.21809],[8.79659,46.21772],[8.79648,46.21734],[8.79632,46.21693],[8.79624,46.21659],[8.79614,46.21642],[8.79599,46.21627],[8.79553,46.21598],[8.7952,46.21586],[8.79503,46.21578],[8.79484,46.21568],[8.79476,46.21565],[8.79457,46.21557],[8.79452,46.21555],[8.79424,46.21543],[8.79407,46.21532],[8.79382,46.21505],[8.79359,46.21445],[8.79343,46.21409],[8.79302,46.21352],[8.79286,46.21315],[8.79253,46.21272],[8.7918,46.21196],[8.79141,46.21143],[8.79095,46.21055]]]},"properties":{"bfs_nr":5117,"name":"Mergoscia"}},{"type":"Feature","geometry":{"type":"Polygon","coordinates":[[[8.78943,46.19812],[8.78939,46.19769],[8.78997,46.19673],[8.79038,46.19644],[8.79218,46.19556],[8.79301,46.19535],[8.79362,46.19503],[8.79375,46.19487],[8.7939,46.19462],[8.79402,46.19448],[8.79414,46.19428],[8.7942,46.19407],[8.79422,46.19393],[8.79424,46.19336],[8.79434,46.19314],[8.79439,46.19291],[8.79437,46.1927],[8.79421,46.19231],[8.79423,46.19198],[8.79455,46.19136],[8.79492,46.19096],[8.79507,46.19074],[8.79533,46.19039],[8.79549,46.19023],[8.79564,46.19011],[8.79582,46.19002],[8.79632,46.18984],[8.79652,46.18973],[8.79689,46.18938],[8.79793,46.1888],[8.79835,46.18865],[8.79855,46.18856],[8.79866,46.1885],[8.79904,46.1883],[8.79963,46.18803],[8.79994,46.18776],[8.80003,46.1876],[8.80007,46.18726],[8.79995,46.18687],[8.8,46.18649],[8.80035,46.18598],[8.80043,46.18566],[8.8004,46.18515],[8.80081,46.18456],[8.80097,46.18418],[8.80149,46.18368],[8.80171,46.18301],[8.80225,46.18229],[8.80266,46.18205],[8.80342,46.18185],[8.80387,46.18156],[8.80449,46.18105],[8.80497,46.18087],[8.80558,46.18042],[8.80612,46.17965],[8.80651,46.17855],[8.80684,46.17811],[8.80734,46.17776],[8.80756,46.17748],[8.8077,46.1769],[8.80802,46.17645],[8.80824,46.17578],[8.8086,46.17543],[8.80923,46.17512],[8.8095,46.17485],[8.80971,46.17436],[8.81009,46.17369],[8.8103,46.17301],[8.81032,46.17268],[8.81022,46.17209],[8.81023,46.17189],[8.8103,46.17148],[8.8103,46.17145],[8.8107,46.16831],[8.8108,46.16799],[8.81155,46.1665],[8.8117,46.16629],[8.81213,46.16598],[8.82024,46.16218],[8.82035,46.16212],[8.82679,46.15832],[8.82729,46.15812],[8.82779,46.15808],[8.82834,46.1582],[8.82998,46.1588],[8.83061,46.15924],[8.83073,46.15947],[8.83406,46.17014],[8.83414,46.17031],[8.83444,46.17061],[8.83465,46.17072],[8.84275,46.17416],[8.84311,46.17438],[8.8436,46.17488],[8.84395,46.17511],[8.84419,46.1754],[8.8444,46.17614],[8.8447,46.17673],[8.84463,46.17712],[8.84469,46.17794],[8.84453,46.17862],[8.84477,46.17936],[8.84501,46.17967],[8.84587,46.18031],[8.84605,46.18084],[8.8459,46.1812],[8.84552,46.18157],[8.84516,46.18236],[8.84492,46.18321],[8.8447,46.18358],[8.84419,46.18396],[8.84372,46.18479],[8.8433,46.18508],[8.84235,46.18544],[8.8409,46.18591],[8.84026,46.18621],[8.83938,46.1864],[8.8388,46.1864],[8.83818,46.18624],[8.83782,46.18599],[8.83756,46.18567],[8.83712,46.18539],[8.83635,46.18526],[8.83392,46.18536],[8.82997,46.1852],[8.82878,46.18514],[8.82752,46.18517],[8.82747,46.18517],[8.82711,46.18514],[8.82686,46.18513],[8.82664,46.18514],[8.82614,46.18524],[8.8259,46.18527],[8.82558,46.18526],[8.82484,46.1852],[8.8244,46.18526],[8.82358,46.18563],[8.8231,46.18572],[8.82261,46.18567],[8.82192,46.18546],[8.82085,46.18528],[8.82003,46.18495],[8.81937,46.18473],[8.81886,46.18432],[8.81868,46.18391],[8.81814,46.18323],[8.81778,46.18298],[8.8171,46.18273],[8.8163,46.18233],[8.81576,46.18226],[8.81466,46.18198],[8.81416,46.18177],[8.81289,46.18151],[8.81234,46.18149],[8.81183,46.18162],[8.811,46.18211],[8.81069,46.1826],[8.81075,46.1833],[8.811,46.1837],[8.81107,46.18406],[8.81093,46.18449],[8.81025,46.18548],[8.81012,46.18582],[8.81019,46.18616],[8.81063,46.18659],[8.81085,46.18668],[8.81109,46.18674],[8.81279,46.18705],[8.81313,46.18714],[8.81386,46.18754],[8.81406,46.18764],[8.81429,46.18771],[8.815,46.18789],[8.81534,46.18815],[8.81551,46.18848],[8.81549,46.18882],[8.81498,46.18963],[8.81458,46.19032],[8.81366,46.19156],[8.81351,46.19187],[8.8135,46.19252],[8.81319,46.19358],[8.81328,46.19394],[8.8141,46.19483],[8.81445,46.19529],[8.81511,46.19575],[8.81529,46.19609],[8.81527,46.19645],[8.81504,46.19678],[8.81422,46.19726],[8.81343,46.19761],[8.81286,46.19777],[8.81191,46.19822],[8.81123,46.19837],[8.81081,46.19857],[8.80963,46.19937],[8.80932,46.19948],[8.80914,46.19953],[8.80889,46.19961],[8.80867,46.19972],[8.8085,46.19986],[8.80845,46.1999],[8.80838,46.19996],[8.80817,46.20015],[8.80791,46.20042],[8.80766,46.2006],[8.80692,46.20092],[8.80645,46.20114],[8.80599,46.20123],[8.80531,46.20121],[8.80471,46.20127],[8.80418,46.20145],[8.80353,46.20156],[8.80265,46.20162],[8.80183,46.2019],[8.80131,46.20211],[8.80108,46.20218],[8.80012,46.20238],[8.79961,46.20244],[8.7964,46.20251],[8.79231,46.2026],[8.7915,46.20245],[8.79101,46.20203],[8.7908,46.20132],[8.79057,46.201],[8.7899,46.20062],[8.78956,46.20015],[8.78954,46.19993],[8.78954,46.19975],[8.78952,46.19957],[8.78942,46.19912],[8.78939,46.19886],[8.78939,46.19865],[8.78945,46.19828],[8.78943,46.19812]]]},"properties":{"bfs_nr":5118,"name":"Minusio"}},{"type":"Feature","geometry":{"type":"Polygon","coordinates":[[[8.79601,46.17338],[8.7965,46.17299],[8.79671,46.17288],[8.79693,46.17274],[8.7971,46.17257],[8.79741,46.17219],[8.79757,46.17206],[8.79787,46.17189],[8.7983,46.17173],[8.79971,46.17134],[8.79987,46.17128],[8.80063,46.17098],[8.80066,46.17097],[8.80156,46.17061],[8.80162,46.17059],[8.80867,46.16751],[8.80921,46.16736],[8.80972,46.16738],[8.81038,46.16766],[8.81064,46.16797],[8.81069,46.16815],[8.81069,46.16837],[8.8103,46.17145],[8.8103,46.17148],[8.81022,46.17193],[8.81022,46.17207],[8.81025,46.17241],[8.81023,46.17322],[8.81009,46.17369],[8.80961,46.17447],[8.80926,46.17472],[8.80869,46.17496],[8.80837,46.17525],[8.80798,46.1761],[8.80786,46.1766],[8.80764,46.17697],[8.80752,46.17738],[8.80727,46.17767],[8.80668,46.17796],[8.80595,46.17804],[8.80547,46.17792],[8.80419,46.17715],[8.80399,46.17708],[8.80353,46.17694],[8.80352,46.17694],[8.79725,46.17505],[8.79716,46.17502],[8.79696,46.17496],[8.79653,46.17483],[8.79624,46.17471],[8.79576,46.17428],[8.79569,46.17392],[8.79601,46.17338]]]},"properties":{"bfs_nr":5120,"name":"Muralto"}},{"type":"Feature","geometry":{"type":"Polygon","coordinates":[[[8.78692,46.18116],[8.78697,46.18047],[8.78704,46.1803],[8.78714,46.18014],[8.78733,46.17995],[8.78761,46.17973],[8.78824,46.17933],[8.78843,46.17901],[8.78855,46.17845],[8.78899,46.17795],[8.78956,46.17747],[8.78993,46.17683],[8.79008,46.17649],[8.79037,46.17618],[8.79111,46.17573],[8.792,46.17553],[8.7922,46.17547],[8.79256,46.17534],[8.79264,46.17531],[8.79295,46.17518],[8.79407,46.17451],[8.79453,46.17439],[8.79531,46.17446],[8.79724,46.17505],[8.80352,46.17694],[8.80353,46.17694],[8.80387,46.17704],[8.80432,46.17723],[8.80598,46.17824],[8.80627,46.17855],[8.80636,46.17892],[8.80599,46.17979],[8.80556,46.18042],[8.805,46.18078],[8.80453,46.18093],[8.80416,46.18117],[8.80362,46.18171],[8.80248,46.18211],[8.80207,46.18239],[8.80158,46.18311],[8.80139,46.1836],[8.80095,46.18413],[8.80082,46.18451],[8.80042,46.18498],[8.80031,46.18531],[8.80027,46.18597],[8.80003,46.18635],[8.79993,46.18668],[8.79994,46.18684],[8.80005,46.18719],[8.80003,46.18754],[8.79995,46.18772],[8.79963,46.18802],[8.79901,46.18831],[8.7984,46.18863],[8.79793,46.1888],[8.79682,46.18937],[8.79652,46.18966],[8.79618,46.18988],[8.79592,46.18997],[8.7957,46.19007],[8.79551,46.1902],[8.79536,46.19036],[8.79506,46.19075],[8.79496,46.19091],[8.79455,46.19136],[8.79421,46.19202],[8.79421,46.19239],[8.79437,46.19275],[8.79435,46.19307],[8.79423,46.19338],[8.79421,46.19398],[8.79416,46.19423],[8.79408,46.19438],[8.7939,46.19459],[8.79376,46.19482],[8.79326,46.19517],[8.79274,46.19531],[8.79168,46.19577],[8.79117,46.19584],[8.79043,46.19567],[8.79008,46.1954],[8.7898,46.19484],[8.78973,46.19445],[8.78942,46.19375],[8.78942,46.19305],[8.78948,46.19289],[8.78953,46.19275],[8.78957,46.19263],[8.7896,46.19241],[8.78978,46.19183],[8.78975,46.19114],[8.78942,46.19041],[8.78935,46.19007],[8.78951,46.18922],[8.78949,46.18854],[8.78936,46.18818],[8.78897,46.18778],[8.78885,46.18756],[8.78878,46.18695],[8.78904,46.18635],[8.78905,46.18601],[8.78881,46.18544],[8.78842,46.18499],[8.78828,46.18459],[8.78804,46.18424],[8.78772,46.1839],[8.78746,46.18336],[8.78741,46.18327],[8.78726,46.18305],[8.78719,46.18285],[8.78715,46.18266],[8.787,46.18217],[8.78692,46.18116]]]},"properties":{"bfs_nr":5121,"name":"Orselina"}},{"type":"Feature","geometry":{"type":"Polygon","coordinates":[[[8.69612,46.14687],[8.69636,46.14642],[8.69674,46.14616],[8.69704,46.14606],[8.69793,46.14584],[8.69837,46.14567],[8.70026,46.1443],[8.70113,46.14363],[8.70135,46.14349],[8.70156,46.1434],[8.70271,46.14308],[8.70325,46.14274],[8.70459,46.14222],[8.70609,46.14152],[8.70636,46.14126],[8.70651,46.14094],[8.70681,46.14062],[8.7077,46.14004],[8.70806,46.13967],[8.70833,46.13952],[8.70902,46.13931],[8.70937,46.1391],[8.70982,46.13868],[8.71025,46.13846],[8.71105,46.13789],[8.7115,46.13746],[8.71194,46.13717],[8.71236,46.13662],[8.71275,46.13635],[8.7133,46.1362],[8.71403,46.13577],[8.71479,46.13553],[8.71498,46.13544],[8.7152,46.1353],[8.71525,46.13527],[8.71553,46.13513],[8.71582,46.13493],[8.7165,46.13438],[8.71759,46.13374],[8.7181,46.1336],[8.71887,46.13327],[8.71937,46.13291],[8.72628,46.12874],[8.72659,46.12859],[8.74168,46.12257],[8.74248,46.12244],[8.74302,46.12255],[8.74383,46.12283],[8.74439,46.12317],[8.74585,46.12454],[8.74636,46.12514],[8.74651,46.12529],[8.75254,46.13015],[8.75289,46.13068],[8.75283,46.13104],[8.75273,46.13121],[8.75254,46.1314],[8.74834,46.13473],[8.74811,46.13499],[8.74015,46.14867],[8.74008,46.14887],[8.74006,46.14907],[8.74006,46.14908],[8.74011,46.14967],[8.74011,46.14968],[8.74018,46.15051],[8.74022,46.15069],[8.74046,46.15101],[8.74065,46.15115],[8.74087,46.15125],[8.74099,46.15129],[8.74124,46.15139],[8.74126,46.1514],[8.74319,46.1521],[8.74389,46.15252],[8.74447,46.15329],[8.74461,46.15362],[8.74456,46.15395],[8.74434,46.15425],[8.74392,46.1545],[8.74185,46.15533],[8.74065,46.15569],[8.73949,46.156],[8.73812,46.15639],[8.73808,46.15639],[8.73571,46.15709],[8.73521,46.15717],[8.73403,46.15721],[8.73348,46.15717],[8.73236,46.15693],[8.72963,46.15645],[8.72913,46.15644],[8.72746,46.1566],[8.7269,46.1566],[8.72412,46.1563],[8.72258,46.15592],[8.72044,46.15559],[8.71939,46.15555],[8.71819,46.15542],[8.71766,46.15551],[8.71717,46.1557],[8.71641,46.15574],[8.71597,46.1556],[8.71539,46.15519],[8.71437,46.15464],[8.71318,46.15425],[8.71194,46.1537],[8.71108,46.15352],[8.70982,46.1529],[8.70873,46.15255],[8.70734,46.15197],[8.70542,46.15148],[8.70504,46.15142],[8.70306,46.15136],[8.70252,46.15129],[8.70211,46.1511],[8.7015,46.15044],[8.70104,46.14932],[8.70074,46.14905],[8.70007,46.14882],[8.69803,46.14818],[8.69673,46.14784],[8.69634,46.1476],[8.69613,46.14727],[8.69612,46.14687]],[[8.73272,46.13137],[8.73281,46.13499],[8.73284,46.13516],[8.73304,46.13548],[8.7334,46.13573],[8.73387,46.13586],[8.73412,46.13587],[8.73737,46.13583],[8.73762,46.13581],[8.73786,46.13576],[8.73808,46.13567],[8.73828,46.13556],[8.73843,46.13542],[8.73855,46.13527],[8.73862,46.1351],[8.73864,46.13492],[8.73855,46.1313],[8.73852,46.13112],[8.73845,46.13096],[8.73832,46.1308],[8.73816,46.13067],[8.73773,46.13048],[8.73724,46.13042],[8.734,46.13045],[8.73328,46.13061],[8.73293,46.13086],[8.73274,46.13119],[8.73272,46.13137]]]},"properties":{"bfs_nr":5125,"name":"Ronco sopra Ascona"}},{"type":"Feature","geometry":{"type":"MultiPolygon","coordinates":[[[[8.82536,46.19304],[8.8254,46.19267],[8.8256,46.19237],[8.82594,46.19214],[8.82638,46.19201],[8.82789,46.19173],[8.82854,46.19148],[8.82972,46.19042],[8.83004,46.1902],[8.83029,46.18989],[8.83062,46.18964],[8.83198,46.18921],[8.83259,46.18918],[8.83337,46.18898],[8.83439,46.18832],[8.83541,46.18774],[8.83663,46.1874],[8.83729,46.18702],[8.83799,46.18683],[8.83848,46.18659],[8.83925,46.18649],[8.84041,46.18621],[8.841,46.1859],[8.84242,46.18553],[8.84358,46.18499],[8.84398,46.18459],[8.84414,46.18417],[8.8447,46.18367],[8.84501,46.18309],[8.84524,46.18223],[8.84555,46.18155],[8.8459,46.18122],[8.84602,46.18106],[8.8461,46.18071],[8.84585,46.18021],[8.84517,46.17971],[8.84488,46.17925],[8.84472,46.17843],[8.84472,46.17725],[8.84494,46.17681],[8.84492,46.17645],[8.84432,46.17573],[8.84418,46.17534],[8.84396,46.17505],[8.84351,46.17477],[8.84312,46.17438],[8.84279,46.17418],[8.83471,46.17074],[8.83445,46.17061],[8.83415,46.17031],[8.83405,46.1701],[8.83095,46.1602],[8.83092,46.15998],[8.83094,46.15981],[8.83128,46.15935],[8.83193,46.15909],[8.83273,46.15914],[8.85212,46.16436],[8.85253,46.16453],[8.85299,46.16488],[8.85313,46.16497],[8.85328,46.16506],[8.85634,46.16639],[8.85664,46.16656],[8.85719,46.16714],[8.85754,46.16741],[8.85802,46.16759],[8.85841,46.16783],[8.85864,46.1682],[8.85938,46.17049],[8.86028,46.1749],[8.86019,46.17544],[8.85974,46.17605],[8.85972,46.17621],[8.8597,46.17657],[8.85969,46.1767],[8.85962,46.17702],[8.8596,46.17713],[8.85947,46.17748],[8.85936,46.17775],[8.85932,46.17783],[8.85918,46.17808],[8.85908,46.17824],[8.85885,46.17855],[8.85845,46.179],[8.85834,46.17942],[8.85814,46.17977],[8.85792,46.17995],[8.85615,46.18115],[8.8559,46.18129],[8.8556,46.18144],[8.85529,46.18156],[8.85443,46.18169],[8.85328,46.1821],[8.85293,46.18241],[8.8527,46.18282],[8.85236,46.18308],[8.85215,46.18317],[8.85185,46.18325],[8.85177,46.18326],[8.85143,46.1833],[8.85065,46.18335],[8.84991,46.18358],[8.84943,46.18396],[8.84919,46.18431],[8.84868,46.18465],[8.84789,46.18489],[8.84658,46.18514],[8.84616,46.18534],[8.8459,46.18564],[8.84577,46.18602],[8.8453,46.18668],[8.84523,46.18715],[8.84513,46.18746],[8.84489,46.18776],[8.84469,46.18806],[8.8446,46.18824],[8.84457,46.18842],[8.84459,46.18861],[8.84467,46.18889],[8.84465,46.18915],[8.84455,46.18959],[8.84453,46.18979],[8.84458,46.18998],[8.84487,46.1907],[8.84496,46.19087],[8.8451,46.19102],[8.84551,46.19125],[8.84608,46.19143],[8.84657,46.19186],[8.84668,46.19233],[8.84691,46.19266],[8.84757,46.19307],[8.84792,46.19337],[8.84807,46.19369],[8.84806,46.194],[8.84809,46.19426],[8.84823,46.19473],[8.84826,46.19485],[8.84834,46.1953],[8.84841,46.19558],[8.84843,46.19585],[8.84835,46.19617],[8.84831,46.19676],[8.84809,46.19787],[8.84787,46.19816],[8.84751,46.19838],[8.84649,46.19866],[8.84568,46.19878],[8.84501,46.19902],[8.84472,46.1991],[8.84443,46.19917],[8.84426,46.19921],[8.84391,46.19925],[8.84332,46.19935],[8.84254,46.19932],[8.84151,46.1995],[8.8407,46.19954],[8.83941,46.19973],[8.83876,46.19974],[8.83789,46.19981],[8.83781,46.19982],[8.83749,46.19983],[8.83717,46.19983],[8.83669,46.19972],[8.83631,46.19948],[8.83609,46.19917],[8.83589,46.19827],[8.83562,46.19801],[8.83453,46.19761],[8.83129,46.19676],[8.83121,46.19674],[8.82902,46.19627],[8.82877,46.19624],[8.82795,46.19629],[8.82679,46.19654],[8.82628,46.19653],[8.82581,46.19639],[8.82546,46.19613],[8.82528,46.1958],[8.82532,46.1954],[8.82555,46.19477],[8.82552,46.1941],[8.8254,46.19366],[8.82536,46.19304]]],[[[8.83517,46.18647],[8.83683,46.18572],[8.83728,46.18551],[8.8376,46.18576],[8.83764,46.18596],[8.83738,46.18621],[8.83575,46.18679],[8.83517,46.18647]]]]},"properties":{"bfs_nr":5131,"name":"Tenero-Contra"}},{"type":"Feature","geometry":{"type":"Polygon","coordinates":[[[8.46461,46.24374],[8.46511,46.2433],[8.46535,46.2427],[8.46572,46.24219],[8.46589,46.24139],[8.46586,46.24094],[8.46599,46.23999],[8.46588,46.23954],[8.46593,46.2391],[8.46618,46.23841],[8.4661,46.23784],[8.46621,46.23723],[8.4662,46.23655],[8.4665,46.236],[8.46691,46.23496],[8.46747,46.23417],[8.46819,46.23355],[8.46867,46.23306],[8.46909,46.23282],[8.46974,46.23265],[8.47039,46.23232],[8.47126,46.23211],[8.47202,46.23181],[8.47348,46.2314],[8.47394,46.23121],[8.475,46.231],[8.47569,46.2308],[8.47725,46.23044],[8.47782,46.23038],[8.47939,46.23036],[8.48192,46.23043],[8.48308,46.23051],[8.48491,46.23035],[8.48693,46.23025],[8.48873,46.22981],[8.48957,46.22955],[8.49014,46.22927],[8.49093,46.22905],[8.4919,46.22912],[8.49239,46.22908],[8.49466,46.22834],[8.49532,46.2281],[8.49714,46.22755],[8.49843,46.22691],[8.49989,46.22656],[8.50051,46.22636],[8.50138,46.22623],[8.50237,46.22586],[8.50314,46.22531],[8.50395,46.22499],[8.50445,46.22466],[8.50482,46.22424],[8.50516,46.22402],[8.50611,46.22371],[8.50771,46.22326],[8.50868,46.22279],[8.5091,46.2224],[8.50959,46.22211],[8.51,46.22172],[8.51087,46.22122],[8.51137,46.2211],[8.51272,46.22096],[8.51397,46.22056],[8.51478,46.22024],[8.51691,46.2202],[8.51744,46.22037],[8.51802,46.22072],[8.51908,46.22106],[8.51976,46.22148],[8.52156,46.22183],[8.52203,46.22174],[8.52273,46.22136],[8.52376,46.22089],[8.52574,46.22061],[8.52715,46.22026],[8.52783,46.22021],[8.52869,46.21998],[8.52962,46.2193],[8.53055,46.21887],[8.53187,46.21847],[8.53223,46.21824],[8.53249,46.21776],[8.53266,46.2157],[8.53272,46.21544],[8.53341,46.21363],[8.53382,46.21175],[8.53467,46.20895],[8.53478,46.20871],[8.53623,46.2063],[8.53633,46.20598],[8.53639,46.20457],[8.53665,46.20401],[8.5381,46.20252],[8.53825,46.20231],[8.54038,46.198],[8.54085,46.19753],[8.54155,46.19735],[8.54231,46.19734],[8.54274,46.19721],[8.54321,46.19695],[8.54381,46.19678],[8.54441,46.19648],[8.54528,46.19629],[8.54603,46.19588],[8.55083,46.19358],[8.55324,46.19222],[8.5537,46.19178],[8.55376,46.19087],[8.55392,46.19025],[8.55437,46.18969],[8.5545,46.18929],[8.5544,46.18867],[8.55446,46.18835],[8.55481,46.18763],[8.55491,46.18729],[8.55479,46.18685],[8.55491,46.18636],[8.5552,46.18609],[8.55593,46.18565],[8.55666,46.18549],[8.55843,46.18543],[8.56046,46.18489],[8.56092,46.18473],[8.56195,46.18451],[8.56353,46.18379],[8.56385,46.18335],[8.5641,46.18265],[8.56492,46.18193],[8.56534,46.18128],[8.56827,46.17843],[8.56848,46.17826],[8.56918,46.17803],[8.5697,46.17806],[8.57035,46.17835],[8.57049,46.1785],[8.57062,46.17871],[8.57119,46.18007],[8.57233,46.18297],[8.57238,46.18318],[8.57238,46.18335],[8.57223,46.18368],[8.57209,46.18382],[8.57187,46.18397],[8.57101,46.18445],[8.57083,46.18458],[8.57069,46.18472],[8.57059,46.18489],[8.57054,46.18524],[8.57059,46.18541],[8.57083,46.18572],[8.57101,46.18585],[8.57239,46.18663],[8.57258,46.18672],[8.57279,46.18679],[8.57301,46.18682],[8.57324,46.18684],[8.57952,46.18675],[8.57977,46.18673],[8.58,46.18668],[8.58022,46.1866],[8.58041,46.1865],[8.58057,46.18636],[8.58069,46.18622],[8.58076,46.18605],[8.58134,46.18428],[8.58173,46.18378],[8.58216,46.1836],[8.58247,46.18354],[8.58559,46.18318],[8.58637,46.18324],[8.58696,46.18358],[8.5886,46.18523],[8.58876,46.18536],[8.58896,46.18547],[8.58918,46.18555],[8.58941,46.1856],[8.58966,46.18561],[8.5915,46.18562],[8.59175,46.1856],[8.59199,46.18555],[8.59221,46.18547],[8.59241,46.18536],[8.59257,46.18523],[8.59277,46.18491],[8.59313,46.18398],[8.59393,46.1829],[8.59431,46.18257],[8.59479,46.1824],[8.59533,46.18239],[8.59566,46.18245],[8.59712,46.18285],[8.59735,46.1829],[8.59759,46.18292],[8.59782,46.1829],[8.59805,46.18286],[8.59846,46.18269],[8.59862,46.18257],[8.60154,46.17997],[8.60183,46.17971],[8.60226,46.17951],[8.60309,46.17946],[8.60849,46.18027],[8.60852,46.18027],[8.61689,46.18135],[8.61729,46.18144],[8.61983,46.18217],[8.62011,46.18223],[8.62041,46.18224],[8.6239,46.1821],[8.62416,46.18207],[8.6244,46.18201],[8.62628,46.18136],[8.62704,46.18126],[8.63787,46.18174],[8.63836,46.1818],[8.64407,46.18312],[8.64443,46.18317],[8.64477,46.18318],[8.64512,46.18324],[8.64783,46.18399],[8.64803,46.18403],[8.64823,46.18405],[8.65073,46.18414],[8.65152,46.18433],[8.65403,46.18556],[8.65428,46.18566],[8.65501,46.18578],[8.65705,46.18617],[8.65938,46.18669],[8.66058,46.18677],[8.66259,46.18697],[8.66262,46.18697],[8.66518,46.18717],[8.66522,46.18717],[8.66653,46.18725],[8.66654,46.18725],[8.67023,46.18749],[8.67322,46.18777],[8.67328,46.18777],[8.67798,46.18803],[8.68167,46.18812],[8.68415,46.18832],[8.68492,46.18824],[8.68547,46.18827],[8.68637,46.18855],[8.68666,46.18858],[8.68871,46.18866],[8.68979,46.18879],[8.69072,46.18904],[8.69124,46.18913],[8.69169,46.18931],[8.692,46.18959],[8.69213,46.18993],[8.69212,46.1902],[8.69209,46.19054],[8.69205,46.19076],[8.69199,46.19095],[8.69195,46.19107],[8.69176,46.19147],[8.69162,46.192],[8.69136,46.19265],[8.69115,46.19302],[8.6911,46.19339],[8.69132,46.19418],[8.69152,46.19456],[8.6919,46.19487],[8.69211,46.19519],[8.69223,46.19601],[8.69242,46.19632],[8.69277,46.19657],[8.69352,46.19676],[8.69391,46.19693],[8.69425,46.19722],[8.69469,46.19743],[8.69511,46.19751],[8.69546,46.19761],[8.6966,46.19812],[8.69686,46.19829],[8.69702,46.19846],[8.69718,46.19868],[8.69752,46.19894],[8.69774,46.19904],[8.69797,46.1991],[8.69822,46.19912],[8.69944,46.19917],[8.70024,46.19918],[8.70056,46.1992],[8.70145,46.19946],[8.70196,46.19971],[8.70384,46.20108],[8.70412,46.20134],[8.70596,46.20357],[8.70617,46.20404],[8.70634,46.20541],[8.70677,46.20719],[8.70679,46.20734],[8.70691,46.20869],[8.70675,46.20922],[8.70644,46.20948],[8.7058,46.20983],[8.70559,46.20992],[8.7053,46.20999],[8.70431,46.21017],[8.70421,46.21019],[8.70391,46.21023],[8.70364,46.21025],[8.70361,46.21026],[8.70333,46.21029],[8.70307,46.21036],[8.70208,46.21074],[8.70192,46.21081],[8.70155,46.211],[8.70144,46.21106],[8.70136,46.21112],[8.70118,46.21126],[8.70098,46.21146],[8.70089,46.21157],[8.70034,46.21226],[8.69997,46.21303],[8.69995,46.21354],[8.6998,46.21385],[8.69904,46.21461],[8.69893,46.21493],[8.69894,46.2151],[8.699,46.21537],[8.699,46.2154],[8.69918,46.21636],[8.69919,46.21664],[8.69919,46.21666],[8.69917,46.21677],[8.6991,46.21705],[8.69903,46.21723],[8.69893,46.21739],[8.69872,46.2176],[8.69845,46.21779],[8.69811,46.21849],[8.69759,46.21899],[8.69748,46.21916],[8.69729,46.21994],[8.69729,46.22058],[8.6971,46.22134],[8.69691,46.22167],[8.69675,46.22181],[8.69632,46.22201],[8.69567,46.22213],[8.69548,46.22219],[8.69453,46.22256],[8.69431,46.22267],[8.69412,46.2228],[8.69349,46.22335],[8.6933,46.22345],[8.69303,46.22355],[8.69212,46.22378],[8.69182,46.22384],[8.69156,46.22385],[8.69125,46.22382],[8.68964,46.22356],[8.68939,46.22351],[8.68822,46.2232],[8.68798,46.22315],[8.68773,46.22314],[8.68748,46.22316],[8.68724,46.22321],[8.68487,46.22392],[8.68429,46.22414],[8.68334,46.22438],[8.67773,46.22632],[8.67722,46.22665],[8.6739,46.23026],[8.67369,46.23045],[8.67324,46.23065],[8.67298,46.2307],[8.67264,46.23072],[8.66272,46.23042],[8.66248,46.23042],[8.66204,46.23052],[8.66125,46.23083],[8.661,46.23093],[8.66081,46.23103],[8.66065,46.23114],[8.66029,46.23145],[8.66011,46.23165],[8.65983,46.23209],[8.65968,46.23237],[8.65949,46.23263],[8.65943,46.2327],[8.65924,46.23286],[8.65885,46.23306],[8.65839,46.23314],[8.65756,46.23311],[8.65714,46.233],[8.65638,46.23258],[8.6562,46.23252],[8.65595,46.23245],[8.6557,46.23236],[8.65523,46.23216],[8.65517,46.23213],[8.65474,46.23193],[8.65408,46.23176],[8.65275,46.23161],[8.65255,46.23159],[8.65139,46.23137],[8.64998,46.23129],[8.64929,46.23146],[8.64855,46.23182],[8.6483,46.23188],[8.64757,46.23199],[8.64718,46.23202],[8.64635,46.23203],[8.64603,46.23206],[8.64576,46.23211],[8.64541,46.23221],[8.6452,46.2323],[8.6449,46.23241],[8.64402,46.23265],[8.6437,46.23278],[8.64307,46.23312],[8.64279,46.23333],[8.64234,46.2338],[8.642,46.23407],[8.64154,46.23436],[8.64098,46.23481],[8.64086,46.23492],[8.64039,46.23546],[8.63971,46.23578],[8.63884,46.23611],[8.63872,46.23616],[8.63791,46.23655],[8.63767,46.2367],[8.63744,46.23688],[8.6373,46.23702],[8.6371,46.23726],[8.63697,46.23748],[8.63688,46.2377],[8.63677,46.23791],[8.63658,46.2382],[8.63641,46.2384],[8.63608,46.23868],[8.63554,46.23926],[8.63526,46.23948],[8.63482,46.23969],[8.63415,46.23992],[8.63396,46.24],[8.63351,46.24022],[8.63294,46.24044],[8.63262,46.24054],[8.63207,46.24066],[8.63168,46.24079],[8.63084,46.24099],[8.62975,46.24134],[8.62895,46.24165],[8.62861,46.24183],[8.62694,46.24311],[8.62676,46.24329],[8.6266,46.2437],[8.62657,46.24452],[8.62657,46.2446],[8.6266,46.24489],[8.62661,46.24498],[8.62673,46.24546],[8.62683,46.24575],[8.62691,46.24614],[8.62696,46.2463],[8.62722,46.24705],[8.62686,46.24882],[8.62686,46.24929],[8.62682,46.24946],[8.62668,46.24985],[8.62657,46.25008],[8.62648,46.25021],[8.62639,46.25044],[8.62624,46.25092],[8.62559,46.25167],[8.62519,46.25219],[8.62504,46.25251],[8.62493,46.25312],[8.62487,46.25331],[8.62459,46.25399],[8.62451,46.25416],[8.62434,46.25444],[8.62407,46.25475],[8.62391,46.25507],[8.62362,46.25536],[8.62336,46.25551],[8.62333,46.25552],[8.62264,46.25581],[8.62169,46.25622],[8.62161,46.25626],[8.62087,46.25654],[8.62065,46.25662],[8.62015,46.25676],[8.6199,46.25681],[8.61943,46.2569],[8.61902,46.25694],[8.61793,46.25697],[8.61765,46.25696],[8.61717,46.25691],[8.61682,46.25695],[8.61663,46.25699],[8.61604,46.25718],[8.61582,46.25723],[8.61526,46.25727],[8.61502,46.2573],[8.61381,46.25745],[8.61256,46.25766],[8.61246,46.25768],[8.61161,46.25786],[8.61137,46.25794],[8.61062,46.25823],[8.61038,46.25835],[8.61002,46.25864],[8.60963,46.25883],[8.60935,46.25889],[8.60927,46.2589],[8.60896,46.25893],[8.60871,46.25892],[8.60817,46.25884],[8.60771,46.25882],[8.60756,46.25882],[8.60729,46.25882],[8.60698,46.25886],[8.60627,46.259],[8.60606,46.25906],[8.60485,46.25949],[8.60403,46.25995],[8.60299,46.26031],[8.60222,46.26069],[8.60185,46.26087],[8.60161,46.26096],[8.60118,46.26104],[8.59968,46.26099],[8.59921,46.2611],[8.59862,46.26139],[8.59839,46.26146],[8.59809,46.26151],[8.5978,46.26153],[8.5976,46.26155],[8.59736,46.26158],[8.59709,46.26158],[8.59638,46.26145],[8.596,46.26147],[8.59556,46.26147],[8.59548,46.26146],[8.59517,46.26141],[8.59473,46.26124],[8.59432,46.26097],[8.59353,46.26061],[8.5933,46.26052],[8.59277,46.26046],[8.5925,46.26048],[8.59233,46.26052],[8.59164,46.2607],[8.59144,46.26077],[8.59125,46.26086],[8.59081,46.26113],[8.59073,46.26118],[8.59027,46.2615],[8.58999,46.26166],[8.58967,46.26177],[8.5895,46.26181],[8.58912,46.26187],[8.58869,46.26195],[8.58785,46.26191],[8.58734,46.262],[8.58632,46.26234],[8.58572,46.26249],[8.58502,46.26256],[8.58434,46.26281],[8.5841,46.26287],[8.5833,46.263],[8.58239,46.26318],[8.58142,46.26346],[8.58051,46.26367],[8.58039,46.2637],[8.57984,46.2638],[8.57818,46.26425],[8.57708,46.2647],[8.57621,46.26475],[8.57597,46.26478],[8.57561,46.26485],[8.57545,46.26489],[8.57484,46.26507],[8.57434,46.26517],[8.57401,46.2652],[8.57369,46.26526],[8.57362,46.26528],[8.5734,46.26535],[8.57321,46.26546],[8.57296,46.26568],[8.5726,46.26594],[8.57235,46.26608],[8.57228,46.26612],[8.57194,46.26629],[8.57179,46.26636],[8.57152,46.26647],[8.57118,46.26664],[8.57076,46.2668],[8.56945,46.26714],[8.56894,46.26714],[8.56826,46.26696],[8.5678,46.26694],[8.56707,46.267],[8.56634,46.26709],[8.56517,46.26687],[8.56486,46.26687],[8.56282,46.26698],[8.56146,46.26721],[8.56068,46.26728],[8.56017,46.26746],[8.55968,46.26774],[8.55944,46.26786],[8.55923,46.26792],[8.55895,46.26797],[8.55851,46.26802],[8.55797,46.26802],[8.5576,46.26801],[8.55722,46.26808],[8.55668,46.26814],[8.55575,46.26816],[8.55542,46.26814],[8.55517,46.26809],[8.55473,46.26789],[8.55444,46.26758],[8.55438,46.26741],[8.55425,46.2672],[8.55406,46.26697],[8.5539,46.26681],[8.55343,46.26645],[8.55321,46.26631],[8.55269,46.2661],[8.55228,46.26578],[8.55196,46.26561],[8.55155,46.26537],[8.55109,46.26501],[8.55089,46.26481],[8.55061,46.26438],[8.55007,46.26397],[8.54932,46.26355],[8.54884,46.26331],[8.54862,46.26322],[8.54838,46.26317],[8.54796,46.26314],[8.54682,46.26291],[8.54585,46.26256],[8.5456,46.26245],[8.54543,46.26236],[8.54522,46.26226],[8.54491,46.26215],[8.54462,46.26208],[8.54247,46.262],[8.54052,46.26195],[8.54003,46.26179],[8.53956,46.26149],[8.53913,46.26136],[8.5385,46.26132],[8.53804,46.26126],[8.53747,46.26115],[8.53725,46.26111],[8.5368,46.26108],[8.53666,46.26107],[8.53518,46.26107],[8.53476,46.26103],[8.53399,46.26091],[8.53364,46.26089],[8.53192,46.26095],[8.53077,46.2611],[8.53033,46.26113],[8.52997,46.26112],[8.52969,46.26109],[8.52927,46.26098],[8.52799,46.26022],[8.52697,46.25977],[8.52677,46.25967],[8.52655,46.25954],[8.52635,46.25945],[8.52614,46.25938],[8.52591,46.25934],[8.52567,46.25933],[8.52529,46.25935],[8.52459,46.2595],[8.5235,46.25941],[8.52151,46.25872],[8.52008,46.25855],[8.51989,46.25853],[8.51868,46.25851],[8.51835,46.25848],[8.5181,46.25842],[8.51755,46.25821],[8.51729,46.25817],[8.51703,46.25816],[8.51678,46.25819],[8.51653,46.25826],[8.51574,46.25857],[8.51523,46.25859],[8.51445,46.25852],[8.51254,46.2591],[8.51184,46.25951],[8.51126,46.25968],[8.51026,46.25961],[8.50954,46.25961],[8.50908,46.2595],[8.50882,46.25938],[8.50825,46.25906],[8.50807,46.25897],[8.50787,46.2589],[8.50766,46.25886],[8.50631,46.25869],[8.50595,46.25862],[8.50584,46.25859],[8.50555,46.25849],[8.50518,46.25824],[8.50471,46.25751],[8.50446,46.25724],[8.50371,46.25667],[8.50283,46.25588],[8.5027,46.25573],[8.50259,46.25557],[8.50198,46.25437],[8.50193,46.25426],[8.50174,46.25377],[8.50161,46.25355],[8.50154,46.25346],[8.5014,46.25332],[8.50123,46.2532],[8.50103,46.25311],[8.50081,46.25304],[8.49956,46.25277],[8.49904,46.25273],[8.49614,46.25292],[8.49468,46.25306],[8.4944,46.25307],[8.49413,46.25304],[8.48622,46.25188],[8.48606,46.25186],[8.48231,46.25164],[8.48205,46.25165],[8.4818,46.25168],[8.48156,46.25176],[8.48135,46.25186],[8.48076,46.25232],[8.48047,46.25246],[8.479,46.25299],[8.47873,46.25306],[8.4785,46.2531],[8.4782,46.2531],[8.47696,46.25305],[8.47662,46.25301],[8.47629,46.25291],[8.47616,46.25286],[8.47589,46.25273],[8.47567,46.25257],[8.4748,46.25182],[8.47464,46.25164],[8.47454,46.25148],[8.47448,46.25127],[8.4744,46.25071],[8.47441,46.25054],[8.47439,46.25036],[8.47418,46.25001],[8.4738,46.24976],[8.47333,46.24962],[8.47285,46.24944],[8.47194,46.24897],[8.47149,46.2488],[8.47077,46.24838],[8.47011,46.24808],[8.46964,46.2478],[8.46941,46.24764],[8.46894,46.24725],[8.46872,46.24711],[8.46846,46.24701],[8.46765,46.24676],[8.46664,46.2463],[8.46591,46.24593],[8.46552,46.24567],[8.46486,46.24507],[8.46455,46.24482],[8.46436,46.24453],[8.46433,46.24421],[8.46461,46.24374]]]},"properties":{"bfs_nr":5136,"name":"Onsernone"}},{"type":"Feature","geometry":{"type":"Polygon","coordinates":[[[8.87909,46.18478],[8.87878,46.18429],[8.87889,46.1838],[8.87917,46.18353],[8.87971,46.18326],[8.88019,46.1831],[8.88166,46.18279],[8.88453,46.18214],[8.88454,46.18214],[8.88508,46.18202],[8.88553,46.18196],[8.8856,46.18195],[8.88599,46.18187],[8.89157,46.18095],[8.89698,46.18042],[8.89723,46.18037],[8.89747,46.1803],[8.89768,46.18019],[8.89785,46.18005],[8.89798,46.17989],[8.89841,46.17893],[8.89844,46.17855],[8.89829,46.17813],[8.89835,46.17778],[8.89865,46.1774],[8.89876,46.17707],[8.89872,46.1766],[8.89865,46.17609],[8.89898,46.17483],[8.89926,46.17453],[8.89969,46.17433],[8.90001,46.17427],[8.9005,46.17421],[8.90051,46.17421],[8.90179,46.17405],[8.9018,46.17405],[8.9064,46.17348],[8.90741,46.17352],[8.90815,46.17367],[8.90818,46.17368],[8.90848,46.17373],[8.90852,46.17374],[8.9089,46.17382],[8.90909,46.17386],[8.90917,46.17387],[8.91007,46.17407],[8.91009,46.17407],[8.91091,46.17424],[8.91092,46.17424],[8.91385,46.17485],[8.9141,46.17488],[8.91435,46.17488],[8.9146,46.17485],[8.91484,46.17478],[8.91523,46.17455],[8.91537,46.1744],[8.91546,46.17424],[8.91551,46.17406],[8.91551,46.17389],[8.91545,46.17371],[8.91535,46.17355],[8.91458,46.17259],[8.91425,46.17217],[8.9142,46.17211],[8.91391,46.1717],[8.91386,46.17162],[8.91375,46.17143],[8.91361,46.17116],[8.91359,46.17111],[8.91341,46.17072],[8.91326,46.17029],[8.91323,46.1702],[8.91316,46.16992],[8.91315,46.16987],[8.91311,46.16962],[8.9131,46.16958],[8.91308,46.16944],[8.91307,46.16937],[8.91306,46.16919],[8.91305,46.16895],[8.91305,46.1689],[8.91307,46.16821],[8.91308,46.16813],[8.91316,46.16742],[8.91321,46.16698],[8.9132,46.16682],[8.91316,46.16666],[8.91307,46.16651],[8.91294,46.16637],[8.91279,46.16625],[8.9122,46.16585],[8.91199,46.16552],[8.91207,46.16494],[8.91313,46.16312],[8.91315,46.16309],[8.91355,46.16234],[8.91358,46.16227],[8.91373,46.16208],[8.91408,46.16183],[8.91478,46.16167],[8.91503,46.16169],[8.91535,46.16175],[8.91553,46.16179],[8.9157,46.16183],[8.91576,46.16184],[8.91586,46.16186],[8.91591,46.16187],[8.91602,46.16189],[8.9161,46.1619],[8.91624,46.16191],[8.91632,46.16192],[8.91659,46.16194],[8.91664,46.16194],[8.91785,46.16199],[8.91839,46.16208],[8.91879,46.16229],[8.91934,46.16286],[8.91977,46.16304],[8.91998,46.16309],[8.92044,46.16319],[8.92049,46.1632],[8.9207,46.16323],[8.92076,46.16324],[8.92096,46.16327],[8.92101,46.16328],[8.92147,46.16334],[8.92152,46.16334],[8.92243,46.16343],[8.92272,46.16348],[8.92331,46.16376],[8.92354,46.16405],[8.9236,46.16438],[8.92355,46.16459],[8.92308,46.16587],[8.92312,46.16639],[8.92337,46.1667],[8.92356,46.16682],[8.92378,46.16691],[8.92402,46.16697],[8.92513,46.16716],[8.92514,46.16717],[8.92601,46.16731],[8.92603,46.16731],[8.92924,46.16787],[8.92952,46.16794],[8.92972,46.16802],[8.93005,46.16825],[8.93017,46.16839],[8.93026,46.16859],[8.9305,46.16932],[8.93056,46.16964],[8.93055,46.16985],[8.93041,46.17017],[8.93011,46.17043],[8.92945,46.17064],[8.92862,46.17064],[8.92818,46.17077],[8.92784,46.171],[8.92772,46.17115],[8.92765,46.1713],[8.92749,46.17173],[8.92741,46.17197],[8.9274,46.17199],[8.92737,46.17208],[8.92733,46.17226],[8.92734,46.17243],[8.92748,46.17311],[8.92763,46.17342],[8.92812,46.17377],[8.92903,46.17411],[8.92929,46.1744],[8.9294,46.17467],[8.92981,46.1757],[8.92992,46.17606],[8.92994,46.17622],[8.92999,46.17642],[8.9301,46.17669],[8.93025,46.1772],[8.93026,46.17724],[8.93086,46.17933],[8.9309,46.17948],[8.93175,46.18653],[8.93178,46.18668],[8.93223,46.18786],[8.93229,46.18812],[8.93251,46.19055],[8.93252,46.1906],[8.93314,46.19415],[8.93303,46.19468],[8.93275,46.19495],[8.9324,46.19515],[8.93226,46.19529],[8.9321,46.19559],[8.93177,46.19684],[8.93172,46.19698],[8.93163,46.19718],[8.93159,46.19736],[8.93177,46.1979],[8.93238,46.19842],[8.93249,46.19858],[8.93256,46.19875],[8.93257,46.19893],[8.93251,46.19931],[8.93261,46.19963],[8.93288,46.19994],[8.93303,46.20037],[8.93309,46.20138],[8.93313,46.20156],[8.93319,46.20171],[8.93333,46.20195],[8.93355,46.20226],[8.93395,46.20312],[8.93403,46.20324],[8.93414,46.20337],[8.9343,46.2035],[8.93471,46.20374],[8.93492,46.20392],[8.93579,46.20486],[8.9359,46.20501],[8.93604,46.20536],[8.93611,46.20567],[8.93612,46.20595],[8.93606,46.20653],[8.93606,46.20669],[8.93611,46.20685],[8.93619,46.207],[8.93631,46.20714],[8.9368,46.20763],[8.93693,46.20802],[8.93695,46.2084],[8.93697,46.20849],[8.93711,46.20925],[8.93719,46.20945],[8.93731,46.20965],[8.93759,46.20994],[8.9378,46.21041],[8.93785,46.2106],[8.93786,46.21079],[8.93781,46.21122],[8.93778,46.21138],[8.93758,46.21183],[8.93751,46.21247],[8.93752,46.2127],[8.93761,46.21307],[8.93764,46.21342],[8.93768,46.21361],[8.93793,46.21428],[8.938,46.21442],[8.93822,46.21474],[8.93831,46.21493],[8.93869,46.21578],[8.93882,46.21593],[8.93916,46.21626],[8.93926,46.21642],[8.93931,46.21658],[8.93934,46.2175],[8.93904,46.218],[8.93899,46.21814],[8.93891,46.21854],[8.9389,46.21872],[8.93893,46.21901],[8.93893,46.21903],[8.93904,46.21994],[8.93908,46.22012],[8.93918,46.22028],[8.93979,46.22093],[8.94006,46.22148],[8.9405,46.22189],[8.94097,46.22261],[8.94108,46.22271],[8.9414,46.22303],[8.94154,46.22326],[8.9416,46.22344],[8.94166,46.22371],[8.94166,46.22372],[8.94176,46.22413],[8.94186,46.22435],[8.94194,46.22448],[8.94196,46.2245],[8.94204,46.22463],[8.94218,46.22498],[8.94223,46.22514],[8.94237,46.22544],[8.94248,46.22561],[8.94265,46.22586],[8.94271,46.22601],[8.94273,46.22619],[8.94265,46.22664],[8.94247,46.22701],[8.94192,46.22753],[8.9417,46.22771],[8.94151,46.22785],[8.94143,46.2279],[8.94123,46.22806],[8.94115,46.22814],[8.94098,46.22831],[8.94088,46.22845],[8.9408,46.22859],[8.94061,46.22912],[8.9406,46.22914],[8.94036,46.22988],[8.9401,46.23042],[8.94,46.23058],[8.93985,46.23078],[8.93946,46.2312],[8.9394,46.23129],[8.93931,46.23146],[8.93926,46.23164],[8.93924,46.23198],[8.93918,46.23215],[8.93891,46.23245],[8.93821,46.23287],[8.93772,46.23299],[8.93672,46.23307],[8.93651,46.23316],[8.93626,46.23328],[8.9362,46.2333],[8.93589,46.2334],[8.93557,46.23344],[8.93529,46.23347],[8.93524,46.23347],[8.93488,46.23349],[8.93443,46.23348],[8.93431,46.23347],[8.93368,46.23347],[8.93275,46.23321],[8.93164,46.23306],[8.9312,46.23291],[8.93086,46.23266],[8.93064,46.23228],[8.92963,46.22981],[8.92957,46.22961],[8.92957,46.22944],[8.92962,46.22916],[8.92954,46.22884],[8.92892,46.228],[8.92873,46.22736],[8.92809,46.2267],[8.92784,46.22622],[8.92773,46.22568],[8.92733,46.22511],[8.92715,46.2247],[8.92705,46.22405],[8.92666,46.22301],[8.92662,46.22289],[8.92643,46.22204],[8.92582,46.2206],[8.92508,46.21923],[8.92497,46.21908],[8.92471,46.21885],[8.92446,46.21861],[8.92438,46.21851],[8.92424,46.21827],[8.92415,46.21781],[8.92379,46.21709],[8.92366,46.21652],[8.92333,46.21611],[8.92323,46.21588],[8.92323,46.21584],[8.9232,46.21566],[8.92322,46.21551],[8.9233,46.21529],[8.92334,46.2151],[8.92332,46.21491],[8.92323,46.21456],[8.9232,46.21432],[8.9232,46.21408],[8.92316,46.21386],[8.92305,46.21366],[8.92278,46.2133],[8.92266,46.21309],[8.92262,46.21291],[8.9226,46.2126],[8.92254,46.21242],[8.92242,46.21226],[8.92209,46.2119],[8.92167,46.21166],[8.92114,46.21156],[8.91961,46.2115],[8.91936,46.21151],[8.91844,46.21159],[8.91805,46.21163],[8.9173,46.2115],[8.91651,46.21103],[8.91549,46.21057],[8.91519,46.21041],[8.9146,46.21001],[8.91381,46.20959],[8.91354,46.20947],[8.91309,46.20934],[8.91259,46.20933],[8.91188,46.2094],[8.91104,46.2096],[8.91055,46.20962],[8.91028,46.20957],[8.90998,46.20947],[8.90882,46.20896],[8.90863,46.20887],[8.90827,46.20867],[8.90811,46.20859],[8.90794,46.20853],[8.90738,46.20838],[8.90689,46.20828],[8.90645,46.20809],[8.90607,46.20777],[8.90588,46.20766],[8.90568,46.20758],[8.90545,46.20753],[8.90522,46.2075],[8.90498,46.20751],[8.90469,46.20754],[8.90432,46.20755],[8.9038,46.20752],[8.90332,46.20746],[8.90291,46.20739],[8.90208,46.2073],[8.89989,46.20673],[8.89893,46.20668],[8.89826,46.20641],[8.89787,46.2061],[8.8976,46.20596],[8.89745,46.20591],[8.89722,46.20584],[8.89685,46.20576],[8.89639,46.20561],[8.89591,46.20542],[8.89567,46.20537],[8.8946,46.2053],[8.89413,46.20533],[8.89336,46.20552],[8.89311,46.20565],[8.893,46.20572],[8.89267,46.2059],[8.89215,46.20613],[8.89185,46.20623],[8.89152,46.20629],[8.89072,46.20636],[8.89019,46.20636],[8.8901,46.20636],[8.88973,46.20636],[8.88884,46.20652],[8.88863,46.20652],[8.88836,46.20649],[8.88766,46.20637],[8.8872,46.20624],[8.88587,46.20573],[8.88515,46.20557],[8.88476,46.2054],[8.8843,46.20505],[8.88343,46.20472],[8.88313,46.20458],[8.88288,46.2044],[8.88217,46.20377],[8.88198,46.20356],[8.8814,46.20277],[8.8813,46.20261],[8.88122,46.20244],[8.88114,46.20224],[8.88116,46.20191],[8.88154,46.20107],[8.88153,46.20075],[8.88132,46.20035],[8.88127,46.19998],[8.88081,46.19908],[8.88081,46.19888],[8.88084,46.19868],[8.88085,46.19859],[8.88083,46.19842],[8.88077,46.19825],[8.8805,46.19795],[8.8801,46.19775],[8.8786,46.19724],[8.87824,46.19696],[8.87808,46.19661],[8.87819,46.19578],[8.87865,46.19421],[8.87866,46.19418],[8.87902,46.19309],[8.87922,46.19273],[8.8802,46.19151],[8.88033,46.19137],[8.8807,46.19111],[8.88077,46.19106],[8.88094,46.19094],[8.88112,46.19079],[8.88124,46.19062],[8.88131,46.19043],[8.88132,46.19024],[8.88127,46.19006],[8.88117,46.18988],[8.88092,46.18955],[8.88084,46.18946],[8.88062,46.18923],[8.88047,46.18887],[8.88045,46.18798],[8.88006,46.18732],[8.87999,46.18667],[8.87992,46.18653],[8.8797,46.1861],[8.87946,46.18575],[8.87929,46.18512],[8.87909,46.18478]]]},"properties":{"bfs_nr":5138,"name":"Cugnasco-Gerra"}},{"type":"Feature","geometry":{"type":"Polygon","coordinates":[[[8.88794,45.99048],[8.88765,45.99021],[8.88752,45.98988],[8.88758,45.98954],[8.88781,45.98924],[8.88833,45.98887],[8.88862,45.98849],[8.88921,45.98815],[8.88972,45.98809],[8.89023,45.98817],[8.89064,45.98838],[8.89125,45.98891],[8.89205,45.98911],[8.89276,45.989],[8.89355,45.98859],[8.89444,45.98834],[8.89555,45.98787],[8.8962,45.9875],[8.89662,45.98733],[8.89689,45.98728],[8.89835,45.9871],[8.89929,45.987],[8.89936,45.98699],[8.90043,45.98684],[8.90146,45.98659],[8.90196,45.98664],[8.90244,45.98686],[8.9047,45.98837],[8.90521,45.9888],[8.9058,45.98955],[8.90615,45.99066],[8.90735,45.99244],[8.90745,45.99263],[8.90749,45.99294],[8.90721,45.99373],[8.90717,45.99391],[8.90717,45.99408],[8.90723,45.99426],[8.90834,45.99655],[8.90838,45.99711],[8.90815,45.99743],[8.90798,45.99755],[8.90754,45.99773],[8.90705,45.99782],[8.90666,45.998],[8.90638,45.99828],[8.90631,45.99843],[8.90627,45.9986],[8.90628,45.99877],[8.90634,45.99893],[8.90733,46.00102],[8.90758,46.00132],[8.90835,46.00171],[8.90865,46.00201],[8.90875,46.00236],[8.90851,46.00288],[8.90811,46.00315],[8.90786,46.00345],[8.90778,46.00379],[8.90802,46.00428],[8.90999,46.00619],[8.91036,46.00654],[8.9106,46.00689],[8.91062,46.00723],[8.91031,46.00786],[8.91022,46.00798],[8.91009,46.00812],[8.90996,46.00822],[8.90982,46.00831],[8.90979,46.00832],[8.9091,46.00869],[8.90909,46.00869],[8.90899,46.00874],[8.90895,46.00877],[8.90887,46.00881],[8.90883,46.00883],[8.90874,46.00888],[8.90872,46.0089],[8.9086,46.00898],[8.90748,46.00974],[8.90743,46.00977],[8.90739,46.0098],[8.90735,46.00983],[8.90732,46.00986],[8.90728,46.00989],[8.90724,46.00994],[8.90721,46.00996],[8.90718,46.00999],[8.90712,46.01006],[8.90704,46.01016],[8.90699,46.01022],[8.90662,46.01075],[8.90627,46.01125],[8.90612,46.01143],[8.90599,46.01155],[8.90579,46.01169],[8.90571,46.01174],[8.90561,46.01179],[8.90541,46.01189],[8.90532,46.01194],[8.90529,46.01195],[8.90521,46.012],[8.90518,46.01202],[8.9051,46.01209],[8.90494,46.01225],[8.90458,46.01295],[8.90436,46.01325],[8.90398,46.01356],[8.90342,46.01382],[8.90291,46.01389],[8.90241,46.01381],[8.90183,46.01345],[8.90155,46.01299],[8.90065,46.0123],[8.90013,46.01153],[8.89996,46.01111],[8.90015,46.01054],[8.90044,46.00955],[8.90037,46.00911],[8.90018,46.00885],[8.89905,46.00774],[8.8989,46.00756],[8.89886,46.0075],[8.89867,46.00724],[8.89864,46.0072],[8.89858,46.00711],[8.89852,46.00703],[8.8983,46.00672],[8.89811,46.00646],[8.8979,46.00617],[8.89773,46.00593],[8.89758,46.00572],[8.89755,46.00568],[8.8975,46.00561],[8.89737,46.00543],[8.89721,46.00521],[8.89714,46.00511],[8.89698,46.00489],[8.89697,46.00487],[8.89677,46.00467],[8.89666,46.00459],[8.89664,46.00457],[8.89636,46.00437],[8.8961,46.00418],[8.8958,46.00386],[8.89557,46.00327],[8.89553,46.00278],[8.89533,46.00246],[8.89488,46.00213],[8.89461,46.00179],[8.89437,46.00129],[8.89334,45.99913],[8.8932,45.99891],[8.89303,45.99848],[8.89216,45.99756],[8.89137,45.99697],[8.89083,45.99673],[8.89049,45.99646],[8.89016,45.99592],[8.88928,45.99499],[8.88886,45.99429],[8.88874,45.99396],[8.8888,45.99363],[8.88904,45.99333],[8.8895,45.99306],[8.88979,45.99275],[8.88985,45.99257],[8.88983,45.9922],[8.88942,45.99167],[8.88842,45.99094],[8.88816,45.99067],[8.88809,45.99061],[8.88801,45.99053],[8.88794,45.99048]]]},"properties":{"bfs_nr":5141,"name":"Agno"}},{"type":"Feature","geometry":{"type":"Polygon","coordinates":[[[8.86327,46.01506],[8.86308,46.01456],[8.86319,46.01423],[8.86346,46.01395],[8.86422,46.01357],[8.86452,46.01328],[8.86488,46.0127],[8.86557,46.01211],[8.866,46.01193],[8.86673,46.01172],[8.86776,46.01098],[8.86845,46.01077],[8.86893,46.01055],[8.86929,46.01044],[8.86953,46.01035],[8.87011,46.01012],[8.87044,46.00988],[8.87065,46.0094],[8.87068,46.00879],[8.87093,46.00849],[8.87171,46.00802],[8.87239,46.00789],[8.87286,46.00795],[8.87366,46.00842],[8.87466,46.00879],[8.87503,46.00906],[8.87594,46.00956],[8.87646,46.00977],[8.87728,46.01038],[8.87778,46.01053],[8.87902,46.0105],[8.87934,46.01055],[8.88087,46.01093],[8.88156,46.01131],[8.88246,46.01151],[8.88303,46.01189],[8.88313,46.01206],[8.88319,46.01229],[8.88326,46.01298],[8.88321,46.01526],[8.88318,46.01549],[8.88277,46.01702],[8.88271,46.01718],[8.88218,46.01832],[8.88215,46.01841],[8.88088,46.02262],[8.88085,46.02275],[8.88086,46.02288],[8.88107,46.02454],[8.88111,46.0247],[8.88139,46.02541],[8.88152,46.02567],[8.88157,46.02599],[8.88131,46.02661],[8.88129,46.02701],[8.88125,46.02717],[8.88115,46.02736],[8.88107,46.02763],[8.88094,46.02793],[8.88093,46.02848],[8.88082,46.0289],[8.88061,46.02922],[8.88023,46.02947],[8.87961,46.02963],[8.87888,46.02999],[8.8784,46.03007],[8.8779,46.03001],[8.87615,46.02925],[8.87566,46.02908],[8.87542,46.02899],[8.87458,46.0286],[8.87439,46.02849],[8.87421,46.02838],[8.874,46.02824],[8.87364,46.02795],[8.87325,46.02773],[8.87277,46.02763],[8.87183,46.02758],[8.871,46.02728],[8.87027,46.02688],[8.86968,46.02621],[8.86941,46.02599],[8.8689,46.0253],[8.86874,46.02497],[8.86819,46.02436],[8.86776,46.02413],[8.86754,46.02399],[8.86714,46.02366],[8.86711,46.02364],[8.86691,46.02346],[8.86663,46.02315],[8.86639,46.02276],[8.86631,46.0226],[8.86628,46.02247],[8.86629,46.02218],[8.86632,46.02191],[8.86628,46.02175],[8.86603,46.0213],[8.86585,46.02107],[8.86568,46.02092],[8.8655,46.02061],[8.86549,46.02028],[8.86569,46.01984],[8.86573,46.01946],[8.86533,46.01885],[8.86473,46.0185],[8.8644,46.01822],[8.86414,46.01781],[8.86333,46.01702],[8.86314,46.0167],[8.8632,46.01618],[8.86344,46.01583],[8.86346,46.01533],[8.86327,46.01506]]]},"properties":{"bfs_nr":5143,"name":"Aranno"}},{"type":"Feature","geometry":{"type":"Polygon","coordinates":[[[8.97488,45.9473],[8.97478,45.9469],[8.97475,45.94681],[8.9746,45.94644],[8.97453,45.94614],[8.97447,45.9453],[8.97449,45.94508],[8.9748,45.94462],[8.97525,45.94436],[8.97556,45.94404],[8.97572,45.94366],[8.9762,45.94328],[8.97666,45.94316],[8.97721,45.94317],[8.97759,45.94324],[8.9794,45.94369],[8.97971,45.94379],[8.97992,45.9439],[8.98022,45.94422],[8.98055,45.94485],[8.98091,45.94508],[8.98173,45.94527],[8.9823,45.94549],[8.98282,45.94554],[8.98333,45.94544],[8.98396,45.94506],[8.98418,45.94497],[8.98447,45.9449],[8.98551,45.94475],[8.98584,45.94468],[8.98659,45.94458],[8.98783,45.94415],[8.98847,45.94372],[8.98891,45.9436],[8.98939,45.94359],[8.98994,45.9437],[8.99024,45.94372],[8.991,45.94363],[8.99147,45.9434],[8.9921,45.94319],[8.99329,45.94301],[8.99378,45.94304],[8.99436,45.94325],[8.99479,45.94354],[8.99531,45.94368],[8.99583,45.94371],[8.9965,45.94389],[8.99705,45.94393],[8.99754,45.94407],[8.99816,45.94441],[8.99871,45.94457],[8.99953,45.94491],[9.00031,45.94487],[9.00111,45.9446],[9.00191,45.94423],[9.00252,45.94415],[9.0031,45.94416],[9.00425,45.94399],[9.00518,45.94399],[9.0065,45.94383],[9.00739,45.94397],[9.00784,45.94418],[9.00832,45.94429],[9.00951,45.94439],[9.0097,45.9444],[9.00989,45.94439],[9.01066,45.94432],[9.01115,45.9442],[9.01188,45.9439],[9.01241,45.9439],[9.01296,45.94406],[9.01348,45.94438],[9.01385,45.94471],[9.01452,45.94566],[9.01642,45.94793],[9.01692,45.94874],[9.01694,45.94907],[9.0164,45.95006],[9.01555,45.9507],[9.01527,45.95117],[9.01479,45.9547],[9.01403,45.96004],[9.01388,45.96041],[9.01332,45.9608],[9.00911,45.96241],[9.00423,45.9638],[9.00085,45.96473],[8.99431,45.96647],[8.99382,45.96671],[8.99188,45.96819],[8.99018,45.96936],[8.98913,45.97027],[8.98891,45.97102],[8.98857,45.97172],[8.98864,45.97222],[8.9889,45.97251],[8.98996,45.97294],[8.99026,45.97321],[8.99059,45.97377],[8.9907,45.97401],[8.99083,45.97451],[8.99086,45.97466],[8.99087,45.97481],[8.99087,45.97501],[8.99082,45.9752],[8.9908,45.97534],[8.99078,45.97584],[8.99062,45.97617],[8.98989,45.97685],[8.98947,45.97705],[8.98879,45.97723],[8.98839,45.97748],[8.988,45.97764],[8.98727,45.97771],[8.98685,45.97784],[8.98626,45.97815],[8.98592,45.97824],[8.98586,45.97826],[8.98571,45.9783],[8.98555,45.97835],[8.98541,45.9784],[8.98538,45.97841],[8.98521,45.97847],[8.98492,45.97856],[8.98406,45.9786],[8.98335,45.97888],[8.9827,45.9794],[8.98221,45.97953],[8.98087,45.97971],[8.98042,45.97989],[8.98005,45.98016],[8.97933,45.98045],[8.97874,45.98082],[8.97829,45.98095],[8.97781,45.98095],[8.97735,45.98083],[8.97688,45.98045],[8.97647,45.97958],[8.97634,45.97605],[8.97664,45.97514],[8.97701,45.9733],[8.97722,45.9726],[8.97752,45.97188],[8.97796,45.97151],[8.9786,45.97126],[8.97895,45.97099],[8.97911,45.97064],[8.97906,45.97028],[8.97839,45.96877],[8.97818,45.96848],[8.97761,45.96812],[8.97729,45.96758],[8.97707,45.96603],[8.97694,45.96391],[8.97684,45.9636],[8.97615,45.96247],[8.97605,45.96193],[8.97636,45.96148],[8.9768,45.96123],[8.9771,45.96094],[8.97721,45.96059],[8.97718,45.96022],[8.97751,45.95965],[8.9776,45.95932],[8.9775,45.95898],[8.97738,45.95883],[8.97721,45.95868],[8.97692,45.95842],[8.97682,45.9583],[8.97672,45.95818],[8.97615,45.95732],[8.97583,45.95689],[8.97547,45.95568],[8.97555,45.95496],[8.9755,45.95461],[8.97559,45.95414],[8.97546,45.9535],[8.97546,45.95315],[8.97554,45.95285],[8.97589,45.95204],[8.97595,45.95168],[8.97574,45.95091],[8.97566,45.95076],[8.97547,45.95054],[8.97534,45.95037],[8.97533,45.95034],[8.97524,45.95013],[8.97522,45.94992],[8.97522,45.94955],[8.97522,45.94954],[8.97524,45.949],[8.97522,45.94885],[8.97518,45.9487],[8.97495,45.94837],[8.97486,45.94794],[8.9749,45.94752],[8.97488,45.9473]]]},"properties":{"bfs_nr":5144,"name":"Arogno"}},{"type":"Feature","geometry":{"type":"Polygon","coordinates":[[[8.90746,46.06116],[8.90817,46.06021],[8.90825,46.06007],[8.9083,46.05991],[8.90831,46.05975],[8.90821,46.05836],[8.90823,46.0581],[8.90834,46.05785],[8.90893,46.05693],[8.90907,46.05675],[8.90944,46.05649],[8.91113,46.05567],[8.91131,46.05556],[8.91146,46.05543],[8.91246,46.05438],[8.91259,46.05421],[8.91268,46.05383],[8.91216,46.04768],[8.91218,46.04739],[8.9125,46.04595],[8.91282,46.04546],[8.91342,46.04519],[8.91429,46.04505],[8.91534,46.04495],[8.91579,46.04487],[8.91602,46.04485],[8.91634,46.04487],[8.91764,46.04502],[8.91766,46.04502],[8.91818,46.04507],[8.91824,46.04508],[8.92039,46.04523],[8.92059,46.04524],[8.9214,46.04521],[8.92166,46.04522],[8.92293,46.04529],[8.92387,46.0452],[8.92433,46.04531],[8.92469,46.04553],[8.9249,46.04584],[8.92496,46.04604],[8.92504,46.04669],[8.92504,46.0467],[8.92506,46.04689],[8.92507,46.04702],[8.92507,46.04717],[8.92501,46.04747],[8.92486,46.04789],[8.92484,46.04795],[8.92474,46.04834],[8.92472,46.04852],[8.92476,46.04944],[8.92482,46.04981],[8.92489,46.05006],[8.92497,46.05025],[8.92511,46.05041],[8.92529,46.05056],[8.92552,46.05067],[8.92577,46.05075],[8.9265,46.05092],[8.92679,46.05103],[8.92714,46.05129],[8.92771,46.05197],[8.92941,46.05541],[8.92948,46.05563],[8.92936,46.05614],[8.92906,46.05642],[8.92856,46.05664],[8.92808,46.05678],[8.9275,46.05689],[8.92715,46.05692],[8.92677,46.05693],[8.92658,46.05696],[8.9258,46.05713],[8.92545,46.05718],[8.92506,46.05721],[8.92491,46.05723],[8.92444,46.0573],[8.92396,46.05735],[8.92341,46.05737],[8.92319,46.05737],[8.9229,46.05743],[8.92263,46.05749],[8.92209,46.05755],[8.9216,46.05756],[8.92133,46.05757],[8.92123,46.05758],[8.92068,46.05758],[8.92039,46.05761],[8.91834,46.05771],[8.91807,46.05774],[8.91782,46.05781],[8.9176,46.05792],[8.91741,46.05805],[8.91648,46.05887],[8.91616,46.05909],[8.91259,46.06105],[8.91235,46.06116],[8.91002,46.06208],[8.91001,46.06209],[8.90926,46.06238],[8.90897,46.06247],[8.90822,46.06248],[8.90778,46.06232],[8.90735,46.06189],[8.90729,46.06154],[8.90746,46.06116]]]},"properties":{"bfs_nr":5148,"name":"Bedano"}},{"type":"Feature","geometry":{"type":"Polygon","coordinates":[[[8.8714,46.00648],[8.87162,46.00587],[8.87239,46.00539],[8.87264,46.0051],[8.87269,46.00459],[8.87249,46.00426],[8.87213,46.00399],[8.87198,46.00381],[8.87181,46.00348],[8.87172,46.00334],[8.87161,46.00323],[8.87108,46.00267],[8.87101,46.00233],[8.87112,46.002],[8.87161,46.00161],[8.87211,46.00147],[8.87307,46.00158],[8.8736,46.00183],[8.8742,46.00195],[8.87457,46.00195],[8.87502,46.00187],[8.8754,46.00169],[8.87612,46.00118],[8.8765,46.00088],[8.87699,46.0007],[8.87734,46.00066],[8.87939,46.0006],[8.88002,46.00066],[8.8813,46.00057],[8.88229,46.00047],[8.88246,46.00046],[8.88272,46.00042],[8.88359,46.00008],[8.88476,45.99942],[8.88546,45.99917],[8.88648,45.9992],[8.88762,45.99906],[8.88917,45.99881],[8.88955,45.99862],[8.88981,45.99834],[8.88999,45.99796],[8.89048,45.99756],[8.89095,45.99744],[8.89146,45.99745],[8.89196,45.99761],[8.89242,45.99801],[8.89256,45.9983],[8.89304,45.99875],[8.89313,45.99891],[8.89334,45.99919],[8.89345,45.99936],[8.89472,46.00203],[8.89516,46.00293],[8.89562,46.00347],[8.8958,46.00387],[8.89606,46.00415],[8.89636,46.00437],[8.89663,46.00457],[8.89667,46.00459],[8.89671,46.00463],[8.89701,46.00493],[8.89714,46.00511],[8.89721,46.00521],[8.89737,46.00543],[8.8975,46.00561],[8.89755,46.00568],[8.89811,46.00646],[8.8983,46.00672],[8.89852,46.00703],[8.89858,46.00711],[8.89864,46.0072],[8.89867,46.00724],[8.89886,46.0075],[8.8989,46.00755],[8.89892,46.00759],[8.89903,46.00771],[8.90015,46.00882],[8.90036,46.00911],[8.90043,46.00955],[8.90017,46.01042],[8.89993,46.01096],[8.89997,46.01127],[8.9006,46.01239],[8.90151,46.01302],[8.90183,46.01349],[8.90216,46.01375],[8.90285,46.01393],[8.90334,46.01389],[8.90396,46.01362],[8.90442,46.01321],[8.90455,46.01302],[8.90494,46.01225],[8.90511,46.01208],[8.9052,46.01201],[8.9053,46.01195],[8.90544,46.01187],[8.90562,46.01178],[8.90568,46.01176],[8.90572,46.01173],[8.90578,46.0117],[8.90581,46.01168],[8.90589,46.01163],[8.90594,46.01159],[8.90599,46.01155],[8.90601,46.01153],[8.90611,46.01145],[8.90615,46.0114],[8.90621,46.01132],[8.90626,46.01126],[8.90698,46.01023],[8.90705,46.01014],[8.9071,46.01008],[8.9072,46.00998],[8.90727,46.0099],[8.90734,46.00984],[8.90742,46.00978],[8.9075,46.00973],[8.9086,46.00898],[8.90882,46.00884],[8.90888,46.00881],[8.90894,46.00877],[8.909,46.00874],[8.90909,46.00869],[8.9091,46.00869],[8.9098,46.00832],[8.90982,46.00831],[8.90984,46.0083],[8.90995,46.00823],[8.91002,46.00818],[8.91009,46.00813],[8.91015,46.00807],[8.91063,46.00752],[8.9107,46.00699],[8.91048,46.00666],[8.90999,46.00619],[8.90987,46.00607],[8.90971,46.00587],[8.90963,46.0057],[8.90962,46.00534],[8.90981,46.00501],[8.9104,46.00467],[8.91191,46.00438],[8.91291,46.00412],[8.91428,46.00409],[8.91477,46.00423],[8.91525,46.00465],[8.91552,46.0053],[8.91557,46.00569],[8.91592,46.00618],[8.91609,46.00631],[8.91635,46.00647],[8.9168,46.00678],[8.91714,46.00707],[8.9174,46.00742],[8.91757,46.00775],[8.91761,46.0078],[8.9179,46.00828],[8.91797,46.00845],[8.91803,46.00867],[8.91814,46.00884],[8.91831,46.00906],[8.91848,46.00931],[8.91861,46.00947],[8.91962,46.01045],[8.91973,46.01054],[8.9199,46.01071],[8.92007,46.01094],[8.92033,46.01136],[8.92037,46.01142],[8.92049,46.01158],[8.92053,46.01164],[8.92066,46.01178],[8.92074,46.01186],[8.92087,46.01197],[8.92095,46.01204],[8.92112,46.01216],[8.92119,46.01221],[8.92139,46.01233],[8.92143,46.01236],[8.92176,46.01254],[8.92197,46.01269],[8.92213,46.01282],[8.92234,46.01309],[8.92281,46.01374],[8.92284,46.01378],[8.92305,46.01404],[8.92307,46.01406],[8.92439,46.01558],[8.9244,46.0156],[8.92485,46.01609],[8.92523,46.01636],[8.92594,46.01655],[8.92635,46.01679],[8.92653,46.01698],[8.92656,46.01703],[8.92662,46.01711],[8.92667,46.01718],[8.9267,46.01725],[8.92684,46.01753],[8.92704,46.01797],[8.9271,46.01811],[8.92711,46.01813],[8.92717,46.01824],[8.92719,46.01827],[8.92724,46.01836],[8.92727,46.01841],[8.92733,46.01849],[8.92739,46.01857],[8.92747,46.01867],[8.92751,46.0187],[8.92761,46.01881],[8.92769,46.01888],[8.92799,46.01913],[8.92817,46.01945],[8.92818,46.01978],[8.928,46.0201],[8.92767,46.02035],[8.92676,46.02067],[8.92593,46.02105],[8.92531,46.02117],[8.92356,46.02129],[8.91624,46.02202],[8.91558,46.02224],[8.91517,46.02268],[8.91511,46.02313],[8.91494,46.02345],[8.91462,46.02371],[8.91423,46.02389],[8.91376,46.02417],[8.91331,46.02436],[8.91298,46.02463],[8.91283,46.02496],[8.91283,46.02597],[8.91307,46.02647],[8.91339,46.02682],[8.91357,46.02723],[8.91355,46.02758],[8.91352,46.02778],[8.91344,46.02797],[8.91335,46.02812],[8.91322,46.0283],[8.91307,46.02844],[8.91262,46.02881],[8.91249,46.02912],[8.91251,46.02952],[8.91241,46.02985],[8.91226,46.03004],[8.91119,46.03116],[8.91091,46.0315],[8.9104,46.03248],[8.91023,46.03272],[8.90998,46.03293],[8.90984,46.03307],[8.90974,46.03323],[8.90969,46.03339],[8.90942,46.03493],[8.90935,46.03514],[8.90925,46.0353],[8.90911,46.03544],[8.90894,46.03556],[8.90864,46.03572],[8.90848,46.03585],[8.90836,46.03599],[8.9081,46.03646],[8.90765,46.03712],[8.90756,46.03729],[8.90749,46.03773],[8.90728,46.0381],[8.9067,46.03842],[8.90593,46.03857],[8.90494,46.03902],[8.90464,46.03909],[8.90414,46.03917],[8.90397,46.0392],[8.90225,46.03938],[8.90195,46.03939],[8.90172,46.03937],[8.90091,46.03913],[8.90064,46.03901],[8.90033,46.03872],[8.9,46.03788],[8.89966,46.03762],[8.89898,46.03728],[8.89871,46.03711],[8.89848,46.03694],[8.89829,46.03677],[8.89809,46.03639],[8.8977,46.03469],[8.89769,46.03464],[8.89725,46.03326],[8.89722,46.03303],[8.89724,46.03285],[8.89732,46.03268],[8.89744,46.03252],[8.89761,46.03238],[8.89782,46.03227],[8.8983,46.03214],[8.89882,46.03216],[8.90064,46.03302],[8.9009,46.03311],[8.90112,46.03319],[8.90136,46.03324],[8.9016,46.03327],[8.90185,46.03326],[8.90209,46.03322],[8.90231,46.03314],[8.90251,46.03304],[8.90281,46.03277],[8.9029,46.03261],[8.90295,46.03244],[8.90306,46.03153],[8.90305,46.03131],[8.90245,46.02864],[8.90245,46.02862],[8.90208,46.02684],[8.902,46.02663],[8.90141,46.02561],[8.90132,46.02542],[8.90129,46.02526],[8.90132,46.02504],[8.90176,46.02252],[8.90177,46.02235],[8.90169,46.02194],[8.90196,46.02143],[8.9026,46.02113],[8.90399,46.02097],[8.90422,46.02092],[8.90444,46.02085],[8.90463,46.02074],[8.90479,46.02061],[8.9049,46.02051],[8.90502,46.02037],[8.90514,46.02005],[8.90511,46.01937],[8.905,46.01908],[8.90456,46.01862],[8.90435,46.01806],[8.90418,46.01771],[8.90402,46.0174],[8.90382,46.01715],[8.90323,46.01664],[8.90322,46.01663],[8.9026,46.01608],[8.90243,46.01589],[8.90224,46.0156],[8.90188,46.01534],[8.90139,46.0152],[8.90087,46.0152],[8.90017,46.01531],[8.89969,46.0153],[8.89906,46.01507],[8.89871,46.01464],[8.89856,46.01389],[8.89845,46.01342],[8.8983,46.01313],[8.89791,46.01273],[8.89755,46.0125],[8.89708,46.01238],[8.89659,46.01239],[8.89563,46.01261],[8.89464,46.01296],[8.89415,46.01303],[8.89366,46.01295],[8.89309,46.01263],[8.89279,46.01219],[8.89256,46.01154],[8.89185,46.0104],[8.89175,46.0102],[8.89167,46.00965],[8.89154,46.00931],[8.89153,46.00882],[8.89111,46.00793],[8.89084,46.00767],[8.89028,46.00742],[8.88975,46.00736],[8.88948,46.00739],[8.88934,46.00741],[8.8893,46.00742],[8.88858,46.00756],[8.8885,46.00758],[8.88792,46.00773],[8.88769,46.00781],[8.88714,46.00804],[8.88595,46.00863],[8.88574,46.00874],[8.88557,46.00888],[8.88544,46.00904],[8.88519,46.00941],[8.8851,46.00954],[8.88487,46.00983],[8.88451,46.01012],[8.88362,46.01067],[8.88325,46.01103],[8.88284,46.01122],[8.8821,46.01127],[8.88142,46.01103],[8.88015,46.01074],[8.87953,46.01056],[8.87887,46.01046],[8.87777,46.01048],[8.87733,46.01033],[8.8763,46.00966],[8.87519,46.00912],[8.87474,46.00881],[8.87358,46.0083],[8.87316,46.00796],[8.87246,46.00763],[8.8717,46.00707],[8.87148,46.00678],[8.8714,46.00648]]]},"properties":{"bfs_nr":5151,"name":"Bioggio"}},{"type":"Feature","geometry":{"type":"Polygon","coordinates":[[[8.95453,45.94556],[8.9536,45.94516],[8.95329,45.945],[8.95279,45.94465],[8.95255,45.94419],[8.95271,45.94367],[8.9565,45.93856],[8.95682,45.93826],[8.95934,45.93659],[8.96004,45.93633],[8.96077,45.93638],[8.96138,45.93674],[8.96434,45.93975],[8.96451,45.93989],[8.96473,45.94001],[8.96626,45.94065],[8.96666,45.94076],[8.96718,45.94078],[8.96763,45.94088],[8.96879,45.9415],[8.96896,45.94158],[8.96916,45.94164],[8.97055,45.94199],[8.97075,45.94202],[8.97096,45.94204],[8.97148,45.94204],[8.97208,45.94211],[8.97254,45.94221],[8.97336,45.94249],[8.97396,45.94268],[8.97429,45.94289],[8.97478,45.94348],[8.97489,45.94384],[8.97478,45.9442],[8.97451,45.94455],[8.97444,45.94489],[8.97453,45.94619],[8.97458,45.94639],[8.97474,45.94679],[8.97479,45.94692],[8.97487,45.94725],[8.9749,45.94758],[8.97486,45.948],[8.97491,45.94833],[8.97514,45.94866],[8.97521,45.94883],[8.97524,45.94906],[8.97522,45.94954],[8.97522,45.94955],[8.97522,45.94996],[8.97524,45.95013],[8.97531,45.9503],[8.97539,45.95045],[8.97573,45.9509],[8.97594,45.95168],[8.97587,45.95208],[8.97575,45.95235],[8.97552,45.9529],[8.97547,45.9531],[8.97545,45.95333],[8.97545,45.9535],[8.97558,45.95417],[8.97545,45.95459],[8.97545,45.95562],[8.97582,45.95689],[8.97674,45.9582],[8.9768,45.95828],[8.97696,45.95847],[8.97727,45.9588],[8.9774,45.95932],[8.97711,45.95988],[8.97714,45.96061],[8.97698,45.96094],[8.97643,45.9613],[8.97551,45.96163],[8.97414,45.96198],[8.97291,45.96202],[8.97172,45.96184],[8.97113,45.96168],[8.97068,45.96166],[8.96954,45.96176],[8.96902,45.96194],[8.96866,45.96224],[8.9684,45.96274],[8.96807,45.963],[8.96756,45.96316],[8.95971,45.9646],[8.95886,45.96458],[8.95825,45.96424],[8.9581,45.96403],[8.95755,45.96308],[8.95743,45.96276],[8.95714,45.96124],[8.95713,45.96099],[8.95719,45.9608],[8.95734,45.96057],[8.95792,45.95988],[8.95803,45.95977],[8.95891,45.95893],[8.95902,45.95879],[8.95911,45.95864],[8.95915,45.95848],[8.95974,45.95386],[8.95974,45.95368],[8.95965,45.95317],[8.95961,45.95301],[8.95763,45.94841],[8.95751,45.94822],[8.9562,45.94663],[8.95593,45.9464],[8.9547,45.94565],[8.95453,45.94556]]]},"properties":{"bfs_nr":5154,"name":"Bissone"}},{"type":"Feature","geometry":{"type":"Polygon","coordinates":[[[8.91989,45.91011],[8.92028,45.90957],[8.92094,45.90933],[8.92144,45.90934],[8.92213,45.90952],[8.92246,45.90958],[8.92401,45.90973],[8.92485,45.90978],[8.92617,45.91029],[8.92746,45.91059],[8.92813,45.91072],[8.92836,45.91072],[8.9286,45.9107],[8.93173,45.91015],[8.93205,45.91012],[8.9323,45.91013],[8.93254,45.91017],[8.93277,45.91024],[8.93401,45.91108],[8.93442,45.91131],[8.93463,45.91142],[8.93483,45.91148],[8.93527,45.91158],[8.93568,45.91175],[8.93585,45.91188],[8.93601,45.91205],[8.93642,45.91268],[8.93663,45.91291],[8.93688,45.91314],[8.93697,45.91327],[8.93715,45.91365],[8.93776,45.91418],[8.93819,45.91434],[8.93869,45.91438],[8.93917,45.91428],[8.94326,45.91234],[8.94353,45.91223],[8.94432,45.91213],[8.94486,45.91222],[8.94516,45.91235],[8.94537,45.91247],[8.94553,45.91255],[8.94561,45.91258],[8.94584,45.91265],[8.94609,45.91269],[8.94678,45.91267],[8.94727,45.91275],[8.94775,45.91293],[8.94837,45.91308],[8.94917,45.91359],[8.94959,45.91399],[8.95023,45.91439],[8.95061,45.91481],[8.95074,45.9151],[8.95103,45.91542],[8.95174,45.91585],[8.95247,45.91648],[8.95312,45.91725],[8.95331,45.91761],[8.95333,45.91789],[8.95349,45.91859],[8.95344,45.91923],[8.9538,45.91977],[8.95384,45.91996],[8.95383,45.92014],[8.95375,45.92037],[8.95354,45.92077],[8.95351,45.92108],[8.95361,45.9215],[8.95336,45.92256],[8.95336,45.92294],[8.95311,45.92345],[8.9531,45.92425],[8.95297,45.92475],[8.95296,45.92492],[8.95297,45.92504],[8.95299,45.92517],[8.95304,45.92534],[8.95313,45.92549],[8.95319,45.92557],[8.9532,45.92558],[8.95332,45.92573],[8.95344,45.92589],[8.95352,45.92607],[8.95355,45.9263],[8.95353,45.92669],[8.95347,45.92701],[8.95341,45.9272],[8.95345,45.92751],[8.95368,45.92792],[8.95377,45.92815],[8.95375,45.92853],[8.95363,45.92876],[8.95338,45.9291],[8.95312,45.92958],[8.95297,45.92979],[8.9526,45.93005],[8.95193,45.93024],[8.9517,45.93034],[8.95153,45.93043],[8.9513,45.93056],[8.95065,45.93102],[8.94979,45.93206],[8.94951,45.93285],[8.94921,45.93325],[8.94921,45.9338],[8.94956,45.93438],[8.9497,45.93452],[8.95028,45.93488],[8.95574,45.93791],[8.95611,45.9382],[8.95627,45.93854],[8.95622,45.93889],[8.95611,45.93909],[8.95295,45.94334],[8.95279,45.94352],[8.95242,45.94374],[8.95195,45.94385],[8.95147,45.94383],[8.95124,45.94378],[8.95097,45.94367],[8.94454,45.9404],[8.9443,45.94025],[8.9441,45.94007],[8.94244,45.93812],[8.94057,45.93664],[8.93886,45.93498],[8.93868,45.93483],[8.93847,45.93472],[8.93825,45.93463],[8.93794,45.93448],[8.93718,45.934],[8.93716,45.93399],[8.93634,45.93346],[8.93629,45.93342],[8.93534,45.93277],[8.93512,45.93259],[8.93435,45.93183],[8.93428,45.93175],[8.93379,45.93119],[8.93376,45.93116],[8.93322,45.93051],[8.93268,45.92993],[8.93249,45.92965],[8.93205,45.92882],[8.93116,45.92769],[8.93084,45.92744],[8.92907,45.92647],[8.92709,45.92504],[8.92543,45.9239],[8.92515,45.92366],[8.92464,45.92309],[8.92452,45.92294],[8.92386,45.92194],[8.92357,45.92166],[8.92151,45.92031],[8.92136,45.9202],[8.92067,45.91962],[8.92051,45.91952],[8.92034,45.91943],[8.9198,45.91921],[8.91959,45.91914],[8.91562,45.91814],[8.91533,45.91804],[8.91495,45.91779],[8.91474,45.91746],[8.91483,45.91689],[8.9167,45.91377],[8.91685,45.91357],[8.91972,45.9104],[8.91989,45.91011]]]},"properties":{"bfs_nr":5160,"name":"Brusino Arsizio"}},{"type":"Feature","geometry":{"type":"Polygon","coordinates":[[[8.88097,46.02828],[8.88095,46.02799],[8.88126,46.02718],[8.88131,46.02698],[8.88132,46.02674],[8.88153,46.02633],[8.88161,46.02584],[8.88141,46.02543],[8.88136,46.02526],[8.88113,46.02474],[8.88106,46.02449],[8.88086,46.02292],[8.88086,46.02275],[8.88089,46.02259],[8.88214,46.01843],[8.88219,46.0183],[8.88272,46.01715],[8.88276,46.01704],[8.88319,46.01545],[8.88321,46.0153],[8.88326,46.01296],[8.88325,46.01288],[8.88313,46.01174],[8.88325,46.01122],[8.88362,46.01069],[8.88456,46.0101],[8.88484,46.00986],[8.88512,46.00952],[8.88518,46.00944],[8.88541,46.00908],[8.88557,46.00888],[8.88574,46.00875],[8.88601,46.00861],[8.88658,46.00836],[8.88718,46.00802],[8.88763,46.00783],[8.88798,46.00771],[8.88848,46.00759],[8.8886,46.00756],[8.88929,46.00742],[8.88942,46.0074],[8.88975,46.00736],[8.89027,46.00743],[8.89083,46.00768],[8.8911,46.00793],[8.89153,46.00887],[8.89151,46.00942],[8.89168,46.00986],[8.89175,46.0102],[8.89182,46.01036],[8.89251,46.01147],[8.89273,46.01207],[8.89291,46.01248],[8.89315,46.01278],[8.89352,46.01299],[8.89424,46.0131],[8.89471,46.01301],[8.89582,46.01258],[8.89683,46.01244],[8.89735,46.01249],[8.89779,46.01268],[8.89829,46.01313],[8.89846,46.01346],[8.89863,46.01422],[8.89862,46.01466],[8.89875,46.01501],[8.89907,46.0153],[8.89978,46.01551],[8.90075,46.01536],[8.9013,46.01537],[8.9018,46.01551],[8.90232,46.01583],[8.90323,46.01664],[8.90378,46.01712],[8.90415,46.01766],[8.90427,46.01801],[8.90433,46.01836],[8.9045,46.01869],[8.90496,46.01921],[8.90509,46.02002],[8.90501,46.02033],[8.90489,46.02051],[8.9048,46.0206],[8.90462,46.02074],[8.90422,46.02091],[8.90399,46.02096],[8.90245,46.02114],[8.90186,46.02148],[8.90167,46.02182],[8.90165,46.022],[8.90175,46.02235],[8.90174,46.02262],[8.90131,46.02506],[8.90129,46.02527],[8.90132,46.02542],[8.90138,46.02558],[8.90197,46.02657],[8.9021,46.02689],[8.90245,46.02863],[8.90245,46.02864],[8.90304,46.03126],[8.90305,46.03158],[8.90295,46.0324],[8.90289,46.03262],[8.9028,46.03278],[8.90249,46.03305],[8.90228,46.03315],[8.90205,46.03322],[8.9018,46.03326],[8.90155,46.03326],[8.9013,46.03323],[8.90097,46.03314],[8.9006,46.033],[8.89922,46.03226],[8.89875,46.03212],[8.89824,46.03213],[8.89777,46.03226],[8.89742,46.03252],[8.8973,46.03267],[8.89723,46.03284],[8.89721,46.03302],[8.89724,46.0332],[8.89768,46.03463],[8.89778,46.03503],[8.8978,46.03525],[8.89769,46.03558],[8.89741,46.03586],[8.89699,46.03605],[8.89582,46.03622],[8.89529,46.03619],[8.89505,46.03612],[8.89466,46.03592],[8.8937,46.03528],[8.8937,46.03527],[8.89195,46.03411],[8.89023,46.03296],[8.89002,46.03285],[8.88978,46.03277],[8.88953,46.03272],[8.88927,46.03271],[8.88901,46.03274],[8.88877,46.0328],[8.88854,46.0329],[8.88725,46.03359],[8.88699,46.03371],[8.88653,46.0338],[8.88582,46.0337],[8.88556,46.03359],[8.88475,46.03314],[8.88453,46.033],[8.88292,46.0318],[8.88285,46.03174],[8.88208,46.0311],[8.88183,46.03084],[8.88164,46.03058],[8.88138,46.03032],[8.88119,46.02999],[8.88123,46.0291],[8.88102,46.02866],[8.88097,46.02828]]]},"properties":{"bfs_nr":5161,"name":"Cademario"}},{"type":"Feature","geometry":{"type":"Polygon","coordinates":[[[8.92699,46.03161],[8.92725,46.03039],[8.92759,46.02987],[8.928,46.02966],[8.92849,46.02958],[8.92942,46.02956],[8.92994,46.02945],[8.93075,46.0295],[8.93098,46.02956],[8.93111,46.02963],[8.93138,46.02972],[8.93177,46.02985],[8.93224,46.03009],[8.9324,46.03016],[8.93342,46.03054],[8.93384,46.03077],[8.93418,46.03109],[8.93457,46.03127],[8.93503,46.03135],[8.93619,46.03128],[8.93669,46.03115],[8.93701,46.03096],[8.93768,46.03077],[8.93816,46.03079],[8.93883,46.03105],[8.93917,46.0313],[8.93971,46.03197],[8.9398,46.03229],[8.93968,46.03285],[8.93967,46.0341],[8.93944,46.03444],[8.93878,46.03498],[8.93868,46.03531],[8.93876,46.03564],[8.93896,46.03597],[8.93902,46.03618],[8.93923,46.03811],[8.93907,46.03864],[8.93876,46.03891],[8.93834,46.03907],[8.93804,46.03912],[8.93722,46.03918],[8.9372,46.03918],[8.93576,46.03929],[8.93575,46.03929],[8.93415,46.03941],[8.93384,46.03941],[8.9336,46.03938],[8.93316,46.03922],[8.93274,46.03881],[8.93267,46.03847],[8.93279,46.03795],[8.93269,46.03763],[8.93258,46.03748],[8.93216,46.03704],[8.93215,46.03703],[8.93168,46.03654],[8.93152,46.0364],[8.9311,46.03621],[8.93033,46.03596],[8.92997,46.0357],[8.92974,46.03532],[8.9294,46.03503],[8.92835,46.03453],[8.92778,46.03398],[8.92756,46.03368],[8.92739,46.03297],[8.92697,46.03198],[8.92699,46.03161]]]},"properties":{"bfs_nr":5162,"name":"Cadempino"}},{"type":"Feature","geometry":{"type":"Polygon","coordinates":[[[8.95995,46.03301],[8.95991,46.03263],[8.96015,46.03215],[8.9604,46.03194],[8.96114,46.03148],[8.96148,46.03137],[8.96194,46.0312],[8.9622,46.03103],[8.96262,46.03081],[8.96299,46.03068],[8.9651,46.03013],[8.96535,46.03004],[8.96556,46.02992],[8.96573,46.02977],[8.96585,46.0296],[8.96592,46.02942],[8.96603,46.02889],[8.96604,46.0288],[8.96613,46.02788],[8.96635,46.02756],[8.96672,46.02733],[8.96719,46.02721],[8.9677,46.02723],[8.96798,46.0273],[8.96819,46.02739],[8.96831,46.02745],[8.96842,46.02752],[8.96851,46.02759],[8.9686,46.02767],[8.96874,46.02783],[8.96886,46.028],[8.96893,46.02813],[8.969,46.02829],[8.96939,46.02948],[8.96947,46.02966],[8.96954,46.02977],[8.96962,46.02986],[8.96978,46.03005],[8.96989,46.03016],[8.96998,46.03023],[8.97013,46.03034],[8.97024,46.0304],[8.97037,46.03047],[8.97048,46.03052],[8.97069,46.0306],[8.97079,46.03063],[8.97099,46.03067],[8.97113,46.03069],[8.97133,46.03072],[8.97162,46.03076],[8.97185,46.03083],[8.97222,46.03104],[8.97245,46.03133],[8.97252,46.03166],[8.97248,46.03187],[8.97238,46.03214],[8.97235,46.0323],[8.97234,46.03241],[8.97235,46.03257],[8.97239,46.03272],[8.97275,46.03329],[8.97293,46.03375],[8.97297,46.03417],[8.97276,46.03468],[8.97276,46.03528],[8.97253,46.03575],[8.97251,46.03592],[8.97244,46.03626],[8.972,46.03762],[8.97193,46.03781],[8.97182,46.03802],[8.97172,46.03817],[8.97164,46.03833],[8.9716,46.0385],[8.9716,46.03856],[8.97159,46.03864],[8.9716,46.03877],[8.97165,46.039],[8.97179,46.03931],[8.97187,46.03945],[8.9724,46.04028],[8.97244,46.04081],[8.97278,46.04156],[8.97284,46.04171],[8.97287,46.04181],[8.97289,46.04186],[8.97291,46.04201],[8.97293,46.04216],[8.97293,46.04234],[8.97287,46.0426],[8.97287,46.04262],[8.97285,46.04267],[8.97245,46.04364],[8.9724,46.04375],[8.97192,46.04463],[8.9717,46.04553],[8.97142,46.04582],[8.97094,46.04604],[8.97023,46.04624],[8.96997,46.0463],[8.96975,46.04632],[8.96911,46.04628],[8.96878,46.04623],[8.96833,46.04613],[8.96757,46.0461],[8.96704,46.04599],[8.96665,46.04576],[8.9664,46.04541],[8.96628,46.04474],[8.96651,46.04405],[8.96639,46.04351],[8.96653,46.04315],[8.96685,46.04269],[8.96686,46.04235],[8.96659,46.04182],[8.96607,46.0413],[8.96597,46.04106],[8.96594,46.04097],[8.96591,46.04086],[8.96587,46.04078],[8.96577,46.04062],[8.96564,46.04045],[8.96552,46.04031],[8.96549,46.04029],[8.96541,46.04022],[8.96509,46.04],[8.96505,46.03997],[8.96488,46.03984],[8.96484,46.03981],[8.96481,46.03977],[8.96432,46.03931],[8.96376,46.0388],[8.96354,46.03855],[8.96328,46.0381],[8.96302,46.03786],[8.96218,46.03739],[8.96202,46.03726],[8.96184,46.03696],[8.96177,46.03636],[8.96196,46.0359],[8.96194,46.0355],[8.96184,46.03532],[8.9611,46.03433],[8.96095,46.03417],[8.96031,46.03363],[8.96015,46.03347],[8.96006,46.03334],[8.95995,46.03301]]]},"properties":{"bfs_nr":5167,"name":"Canobbio"}},{"type":"Feature","geometry":{"type":"Polygon","coordinates":[[[8.86386,45.97087],[8.86342,45.97063],[8.86317,45.97033],[8.86315,45.96978],[8.86469,45.96559],[8.86539,45.96449],[8.86659,45.96277],[8.86754,45.96124],[8.86798,45.96082],[8.86858,45.96054],[8.86958,45.96029],[8.87038,45.96024],[8.87101,45.96007],[8.8721,45.95953],[8.87292,45.95935],[8.87392,45.9593],[8.87438,45.95918],[8.87516,45.95875],[8.87616,45.95785],[8.87732,45.95706],[8.8781,45.95672],[8.87871,45.95667],[8.88001,45.95676],[8.88722,45.95761],[8.89275,45.95879],[8.89344,45.9591],[8.89372,45.95964],[8.89412,45.96363],[8.89405,45.96405],[8.89359,45.96506],[8.89356,45.96514],[8.89335,45.96553],[8.89311,45.96584],[8.89223,45.96669],[8.89216,45.96675],[8.89193,45.96695],[8.89179,45.9671],[8.89165,45.96744],[8.89171,45.9678],[8.89181,45.96796],[8.89196,45.96811],[8.89327,45.96917],[8.89331,45.9692],[8.895,45.97045],[8.89581,45.97113],[8.89598,45.97131],[8.8961,45.9715],[8.89634,45.972],[8.89653,45.9728],[8.89643,45.97315],[8.89615,45.97345],[8.89524,45.97389],[8.89474,45.97418],[8.89429,45.97485],[8.89413,45.97501],[8.89387,45.97518],[8.89356,45.97533],[8.89354,45.97534],[8.89288,45.97567],[8.89155,45.97636],[8.89087,45.97673],[8.8906,45.97685],[8.89011,45.97694],[8.88899,45.97684],[8.88854,45.97694],[8.88809,45.97715],[8.88796,45.97721],[8.88786,45.97724],[8.88473,45.97836],[8.88426,45.97861],[8.88279,45.97969],[8.8827,45.97975],[8.8826,45.97981],[8.88252,45.97986],[8.88243,45.97991],[8.88226,45.98],[8.88221,45.98002],[8.88215,45.98004],[8.88022,45.98085],[8.87955,45.98131],[8.8789,45.98151],[8.87842,45.98149],[8.87798,45.98135],[8.87725,45.98085],[8.87669,45.98019],[8.87636,45.9793],[8.87612,45.97901],[8.8759,45.97885],[8.87567,45.97865],[8.8756,45.97858],[8.87544,45.97838],[8.87539,45.97831],[8.87524,45.9781],[8.8751,45.97795],[8.8744,45.97755],[8.87401,45.97718],[8.87386,45.9768],[8.87376,45.97666],[8.87363,45.97653],[8.87347,45.97642],[8.87294,45.9761],[8.87247,45.97584],[8.87225,45.97571],[8.87216,45.97562],[8.8721,45.97558],[8.87189,45.97538],[8.87079,45.97472],[8.87062,45.97461],[8.87036,45.97448],[8.8703,45.97444],[8.87022,45.97438],[8.86994,45.97416],[8.86971,45.97392],[8.86957,45.97375],[8.86935,45.97357],[8.86823,45.97287],[8.868,45.97274],[8.8679,45.97267],[8.86786,45.97265],[8.86638,45.97168],[8.86606,45.97152],[8.8656,45.97139],[8.86489,45.97128],[8.8644,45.97114],[8.86386,45.97087]]]},"properties":{"bfs_nr":5171,"name":"Caslano"}},{"type":"Feature","geometry":{"type":"Polygon","coordinates":[[[8.94733,46.03249],[8.94727,46.03204],[8.94743,46.03168],[8.94772,46.03142],[8.94812,46.03124],[8.94859,46.03118],[8.94962,46.03131],[8.95017,46.03148],[8.95094,46.03156],[8.95115,46.03157],[8.9526,46.03148],[8.95336,46.03135],[8.95396,46.03134],[8.95468,46.03123],[8.95636,46.03155],[8.95721,46.032],[8.95777,46.03221],[8.95818,46.03247],[8.95944,46.03275],[8.95981,46.03298],[8.96013,46.03345],[8.96026,46.03359],[8.9609,46.03413],[8.96113,46.03437],[8.96162,46.03503],[8.96178,46.0354],[8.96158,46.03604],[8.96156,46.03659],[8.96165,46.03692],[8.9621,46.03735],[8.96233,46.03749],[8.96288,46.03779],[8.96372,46.03876],[8.96432,46.03931],[8.96433,46.03933],[8.96481,46.03978],[8.96484,46.0398],[8.96491,46.03986],[8.96502,46.03995],[8.9651,46.04],[8.96539,46.04021],[8.96549,46.04029],[8.96574,46.04058],[8.96589,46.04082],[8.96598,46.04111],[8.96608,46.04133],[8.96657,46.04182],[8.96681,46.04228],[8.96672,46.0428],[8.96642,46.0432],[8.96635,46.04363],[8.96643,46.04402],[8.9662,46.04483],[8.96639,46.04548],[8.96616,46.04655],[8.96593,46.04686],[8.96532,46.04716],[8.96446,46.04731],[8.96382,46.04731],[8.96324,46.0472],[8.96299,46.04719],[8.9625,46.04727],[8.96229,46.04736],[8.9621,46.04747],[8.96195,46.04761],[8.96167,46.04802],[8.96131,46.04828],[8.96104,46.04839],[8.96041,46.04858],[8.96006,46.04866],[8.95951,46.04876],[8.95857,46.04896],[8.95827,46.04901],[8.95749,46.0489],[8.95608,46.04839],[8.9546,46.0478],[8.9544,46.0477],[8.95422,46.04759],[8.95397,46.0474],[8.95377,46.04721],[8.95351,46.04678],[8.95318,46.04652],[8.95249,46.04632],[8.95142,46.0463],[8.95101,46.04612],[8.95057,46.0458],[8.95034,46.04547],[8.95027,46.04507],[8.94998,46.04354],[8.94997,46.04349],[8.94991,46.04309],[8.94988,46.04287],[8.94986,46.04266],[8.94996,46.04233],[8.94991,46.04185],[8.94939,46.04103],[8.94905,46.04066],[8.94896,46.0403],[8.949,46.03993],[8.94891,46.0392],[8.94912,46.03875],[8.94908,46.03826],[8.94867,46.03749],[8.94861,46.03676],[8.94874,46.03629],[8.94872,46.03597],[8.9485,46.03557],[8.94839,46.03514],[8.94774,46.03423],[8.9474,46.03388],[8.94728,46.03357],[8.94739,46.03281],[8.94733,46.03249]]]},"properties":{"bfs_nr":5176,"name":"Comano"}},{"type":"Feature","geometry":{"type":"Polygon","coordinates":[[[8.93899,46.03596],[8.93898,46.03553],[8.93919,46.0352],[8.93977,46.03464],[8.93983,46.03429],[8.93971,46.03379],[8.93974,46.03264],[8.93987,46.03223],[8.94011,46.03195],[8.9407,46.0315],[8.94093,46.03109],[8.94136,46.03074],[8.94214,46.03018],[8.94227,46.03007],[8.94317,46.02922],[8.94362,46.02903],[8.94441,46.02901],[8.9451,46.02935],[8.94716,46.03115],[8.94733,46.03149],[8.94723,46.03212],[8.94736,46.03295],[8.94726,46.03363],[8.94731,46.03397],[8.94749,46.03425],[8.94792,46.03463],[8.94831,46.03538],[8.94866,46.03643],[8.94854,46.0369],[8.94859,46.0374],[8.94908,46.03831],[8.94905,46.03865],[8.94877,46.03908],[8.9487,46.0394],[8.94888,46.04005],[8.94895,46.04063],[8.94942,46.04156],[8.94976,46.04192],[8.94986,46.04226],[8.94982,46.04263],[8.94992,46.0431],[8.94997,46.0435],[8.94997,46.04353],[8.95011,46.04423],[8.95008,46.04461],[8.94988,46.04491],[8.94952,46.04514],[8.94907,46.04527],[8.94769,46.04526],[8.94715,46.04514],[8.94676,46.0449],[8.9463,46.04423],[8.94618,46.04365],[8.94592,46.04335],[8.94528,46.04309],[8.94433,46.04282],[8.94353,46.04274],[8.94225,46.04237],[8.9417,46.04235],[8.94087,46.04246],[8.94015,46.04227],[8.93982,46.04199],[8.93972,46.04182],[8.93966,46.0416],[8.93951,46.04045],[8.93944,46.04001],[8.93933,46.03901],[8.93899,46.03598],[8.93899,46.03596]]]},"properties":{"bfs_nr":5180,"name":"Cureglia"}},{"type":"Feature","geometry":{"type":"Polygon","coordinates":[[[8.92496,45.96682],[8.92525,45.96577],[8.92528,45.96564],[8.92533,45.96501],[8.9254,45.9645],[8.92541,45.96446],[8.92541,45.9644],[8.92541,45.9643],[8.92541,45.96424],[8.9254,45.9642],[8.92536,45.96388],[8.92538,45.96366],[8.92557,45.96333],[8.92593,45.96307],[8.92666,45.96292],[8.92716,45.96299],[8.92778,45.96323],[8.92817,45.96347],[8.92887,45.9639],[8.92954,45.96425],[8.92978,45.96455],[8.92985,45.96477],[8.92986,45.96488],[8.92991,45.96505],[8.93024,45.96578],[8.93032,45.96591],[8.93043,45.96604],[8.9307,45.9663],[8.93102,45.96659],[8.9312,45.9671],[8.93093,45.9677],[8.93087,45.96846],[8.9312,45.96923],[8.93105,45.96993],[8.93104,45.97009],[8.93106,45.97024],[8.93112,45.97039],[8.93122,45.97053],[8.93156,45.97091],[8.93166,45.97109],[8.93172,45.97133],[8.93175,45.97174],[8.93175,45.97175],[8.93178,45.97205],[8.93185,45.97246],[8.93174,45.97282],[8.93161,45.97298],[8.93143,45.97311],[8.93122,45.97322],[8.93098,45.9733],[8.9306,45.97336],[8.93017,45.97345],[8.92918,45.97351],[8.92875,45.97362],[8.92796,45.97404],[8.92714,45.97415],[8.92662,45.97406],[8.9264,45.97397],[8.92605,45.97369],[8.92591,45.97348],[8.92517,45.97186],[8.92392,45.9696],[8.92329,45.96859],[8.92327,45.96824],[8.92345,45.96792],[8.92379,45.96766],[8.92451,45.96739],[8.92481,45.96713],[8.92496,45.96682]]]},"properties":{"bfs_nr":5186,"name":"Grancia"}},{"type":"Feature","geometry":{"type":"Polygon","coordinates":[[[8.91187,46.04538],[8.91108,46.04507],[8.91082,46.04474],[8.91075,46.04451],[8.91066,46.04377],[8.91066,46.04356],[8.91071,46.0434],[8.91109,46.04298],[8.91165,46.04271],[8.9118,46.04261],[8.91192,46.04248],[8.91241,46.0419],[8.91252,46.04172],[8.91258,46.04154],[8.91275,46.04042],[8.91281,46.0402],[8.91311,46.03978],[8.91348,46.03947],[8.91395,46.03931],[8.91551,46.03926],[8.91626,46.03933],[8.91881,46.03919],[8.91965,46.03906],[8.92042,46.03885],[8.9214,46.03886],[8.92184,46.03878],[8.92325,46.03814],[8.92374,46.03808],[8.92424,46.03816],[8.92465,46.03837],[8.92492,46.03867],[8.92499,46.03889],[8.92547,46.04119],[8.92547,46.0412],[8.92554,46.04158],[8.92554,46.04196],[8.92523,46.04339],[8.92523,46.04342],[8.92513,46.04381],[8.92505,46.04403],[8.92476,46.04434],[8.92412,46.04465],[8.92333,46.04515],[8.9228,46.04527],[8.92164,46.04522],[8.92142,46.04521],[8.92064,46.04524],[8.92035,46.04523],[8.91826,46.04508],[8.91817,46.04507],[8.91765,46.04502],[8.91763,46.04502],[8.91629,46.04487],[8.91608,46.04485],[8.91598,46.04485],[8.91579,46.04487],[8.91521,46.04497],[8.91431,46.04502],[8.91344,46.04515],[8.91245,46.04541],[8.91187,46.04538]]]},"properties":{"bfs_nr":5187,"name":"Gravesano"}},{"type":"Feature","geometry":{"type":"Polygon","coordinates":[[[8.92488,46.05001],[8.92482,46.04982],[8.92476,46.04942],[8.92473,46.04856],[8.92476,46.04829],[8.92484,46.04796],[8.92487,46.04788],[8.92503,46.04742],[8.92506,46.04722],[8.92507,46.047],[8.92507,46.04692],[8.92504,46.0467],[8.92504,46.04669],[8.92487,46.04536],[8.92489,46.0448],[8.92496,46.04452],[8.92523,46.0434],[8.92523,46.04339],[8.92555,46.04189],[8.92555,46.04164],[8.92547,46.0412],[8.92547,46.04119],[8.92495,46.03866],[8.92497,46.03825],[8.9252,46.03793],[8.9256,46.0377],[8.92708,46.03729],[8.92731,46.0372],[8.92781,46.03678],[8.92803,46.03621],[8.92835,46.03593],[8.92879,46.03576],[8.92955,46.03576],[8.93105,46.03619],[8.93152,46.0364],[8.93172,46.03657],[8.93216,46.03703],[8.93217,46.03704],[8.93253,46.03742],[8.93268,46.03762],[8.93277,46.03798],[8.93263,46.03858],[8.93277,46.03893],[8.93291,46.03908],[8.9333,46.03931],[8.93354,46.03938],[8.93379,46.03942],[8.93405,46.03942],[8.93575,46.03929],[8.93721,46.03918],[8.93722,46.03918],[8.93793,46.03912],[8.93875,46.03922],[8.93914,46.03945],[8.93938,46.03976],[8.93951,46.04046],[8.93973,46.04214],[8.93978,46.04282],[8.93972,46.04345],[8.93994,46.04432],[8.94009,46.04469],[8.94018,46.04524],[8.94007,46.04557],[8.93938,46.04627],[8.93902,46.04707],[8.93831,46.04843],[8.93738,46.04972],[8.93716,46.04994],[8.93688,46.05012],[8.93516,46.05097],[8.9347,46.05138],[8.93463,46.05156],[8.93461,46.05174],[8.93467,46.05308],[8.93472,46.05386],[8.93472,46.05388],[8.93476,46.05469],[8.93474,46.05491],[8.93469,46.05507],[8.93428,46.05547],[8.93362,46.05567],[8.93283,46.05567],[8.93189,46.05578],[8.9311,46.0557],[8.93047,46.05576],[8.92974,46.05559],[8.9294,46.05532],[8.92926,46.05512],[8.92768,46.05191],[8.92753,46.0517],[8.9271,46.05126],[8.92679,46.05103],[8.9266,46.05095],[8.92645,46.0509],[8.92625,46.05085],[8.92584,46.05076],[8.92552,46.05067],[8.92511,46.05041],[8.92498,46.05024],[8.92488,46.05001]]]},"properties":{"bfs_nr":5189,"name":"Lamone"}},{"type":"Feature","geometry":{"type":"Polygon","coordinates":[[[8.89665,45.95457],[8.89667,45.95307],[8.89664,45.95197],[8.89671,45.95141],[8.89694,45.95073],[8.89722,45.95031],[8.89802,45.94946],[8.89853,45.94923],[8.9034,45.94788],[8.90373,45.94775],[8.90399,45.94761],[8.90416,45.9475],[8.90435,45.9473],[8.90464,45.94709],[8.90488,45.94696],[8.90512,45.94687],[8.90545,45.94681],[8.90668,45.94686],[8.90763,45.9468],[8.90837,45.94664],[8.90886,45.94639],[8.90936,45.94625],[8.91089,45.94617],[8.91183,45.94594],[8.91223,45.94573],[8.91266,45.9453],[8.91322,45.94497],[8.91415,45.9445],[8.91501,45.94432],[8.91527,45.94423],[8.91603,45.94375],[8.91654,45.9434],[8.91695,45.94308],[8.91726,45.94294],[8.91898,45.94234],[8.92568,45.93999],[8.92619,45.93988],[8.92667,45.93991],[8.92727,45.94017],[8.92758,45.94053],[8.92773,45.94091],[8.92784,45.94106],[8.92818,45.94134],[8.92841,45.9417],[8.92841,45.94207],[8.92828,45.94257],[8.9284,45.94289],[8.92892,45.94328],[8.92966,45.94343],[8.93017,45.94335],[8.93104,45.94292],[8.93156,45.94275],[8.93207,45.94274],[8.93255,45.94287],[8.93292,45.94312],[8.93307,45.94332],[8.93336,45.94383],[8.93364,45.94466],[8.93358,45.94507],[8.93367,45.9454],[8.93392,45.9457],[8.93461,45.94612],[8.9349,45.94655],[8.93544,45.94765],[8.93555,45.94782],[8.93572,45.94798],[8.93632,45.94845],[8.93666,45.94902],[8.93695,45.94963],[8.937,45.94996],[8.93734,45.95044],[8.9386,45.95103],[8.93904,45.95137],[8.93924,45.95167],[8.93936,45.9522],[8.93991,45.95286],[8.94023,45.95309],[8.94054,45.95347],[8.94094,45.95374],[8.94123,45.95411],[8.94147,45.95493],[8.94211,45.95592],[8.94235,45.95666],[8.94239,45.95683],[8.94245,45.9572],[8.94246,45.95726],[8.94259,45.95776],[8.94265,45.95792],[8.94291,45.95821],[8.94331,45.95843],[8.9436,45.95869],[8.9437,45.95887],[8.94376,45.95906],[8.94376,45.95923],[8.94373,45.95969],[8.94395,45.9601],[8.944,45.96031],[8.94405,45.96058],[8.94406,45.96069],[8.94407,45.96103],[8.94405,45.96125],[8.94397,45.96143],[8.94382,45.96163],[8.94361,45.96185],[8.9435,45.96196],[8.94331,45.96227],[8.94315,45.96314],[8.94323,45.9643],[8.94329,45.96457],[8.94337,45.96557],[8.94328,45.96625],[8.94327,45.96646],[8.94333,45.96666],[8.94361,45.96723],[8.94365,45.96731],[8.94402,45.9679],[8.94422,45.96812],[8.94466,45.96848],[8.94485,45.96867],[8.94497,45.96887],[8.94514,45.96924],[8.94523,45.96955],[8.94532,45.96971],[8.94546,45.96986],[8.94563,45.96998],[8.94628,45.97033],[8.94694,45.9708],[8.94715,45.97099],[8.94779,45.97165],[8.95214,45.97644],[8.95238,45.97677],[8.95253,45.97692],[8.95272,45.97704],[8.95294,45.97713],[8.95319,45.97719],[8.95344,45.97721],[8.9537,45.9772],[8.95394,45.97715],[8.95417,45.97707],[8.95544,45.97652],[8.96129,45.97432],[8.96158,45.97423],[8.96235,45.97423],[8.9628,45.97441],[8.96314,45.97473],[8.96403,45.97599],[8.96418,45.97633],[8.96486,45.97973],[8.96493,45.97991],[8.96643,45.98288],[8.96656,45.98341],[8.96695,45.98386],[8.96738,45.98404],[8.96788,45.98409],[8.96846,45.984],[8.97669,45.9831],[8.97714,45.98299],[8.9783,45.98223],[8.97851,45.98187],[8.97856,45.98127],[8.97875,45.98092],[8.97922,45.98056],[8.97991,45.98031],[8.98066,45.97985],[8.98169,45.97962],[8.98238,45.97952],[8.98307,45.97928],[8.98379,45.97882],[8.98425,45.97865],[8.98497,45.97856],[8.98519,45.97849],[8.98533,45.97843],[8.98553,45.97835],[8.98574,45.97829],[8.98614,45.9782],[8.98639,45.97813],[8.98691,45.97786],[8.98734,45.97773],[8.98784,45.97767],[8.98806,45.97763],[8.98828,45.97756],[8.98876,45.9773],[8.98947,45.97712],[8.98986,45.97692],[8.99065,45.97616],[8.99081,45.97584],[8.99087,45.97505],[8.99088,45.97496],[8.99088,45.97484],[8.99086,45.97463],[8.99084,45.97453],[8.99075,45.9742],[8.99075,45.97416],[8.99069,45.97397],[8.99047,45.97353],[8.99047,45.97317],[8.99067,45.97284],[8.99103,45.97259],[8.99151,45.97246],[8.99219,45.97243],[8.99262,45.97229],[8.99311,45.97201],[8.99375,45.97181],[8.99426,45.9718],[8.99493,45.97204],[8.99548,45.97249],[8.9958,45.97284],[8.99602,45.97331],[8.99624,45.97428],[8.99617,45.97464],[8.99596,45.975],[8.996,45.97568],[8.99586,45.97601],[8.99533,45.97655],[8.9952,45.97692],[8.99541,45.97756],[8.99539,45.97799],[8.9955,45.97833],[8.99577,45.97869],[8.99582,45.97907],[8.99569,45.97961],[8.99581,45.97995],[8.9961,45.98023],[8.99677,45.98046],[8.99702,45.98047],[9.00089,45.98037],[9.00143,45.98028],[9.00253,45.97972],[9.00306,45.97966],[9.00407,45.97978],[9.00458,45.97992],[9.00538,45.98032],[9.00582,45.98037],[9.00703,45.98036],[9.00752,45.98047],[9.00813,45.98076],[9.00862,45.98134],[9.00869,45.9817],[9.0089,45.98206],[9.00931,45.98232],[9.01045,45.98277],[9.01099,45.98322],[9.01108,45.98358],[9.01093,45.9842],[9.01085,45.98515],[9.01099,45.98565],[9.01144,45.98645],[9.01154,45.98677],[9.01148,45.98739],[9.01171,45.98785],[9.01204,45.98808],[9.01288,45.98841],[9.01337,45.98851],[9.01388,45.98847],[9.01549,45.98796],[9.01602,45.98789],[9.01701,45.98788],[9.01779,45.98775],[9.01865,45.98789],[9.02043,45.98861],[9.02191,45.98928],[9.02242,45.98967],[9.02256,45.99003],[9.0228,45.99212],[9.02312,45.99263],[9.0238,45.99291],[9.02697,45.9934],[9.02766,45.99365],[9.02793,45.99393],[9.02802,45.99442],[9.02717,45.99612],[9.0265,45.99716],[9.02601,45.99839],[9.02505,46.00026],[9.02462,46.0007],[9.02448,46.00103],[9.02261,46.01632],[9.02227,46.0169],[9.02143,46.01745],[9.02052,46.01853],[9.01995,46.01884],[9.01926,46.01932],[9.0189,46.01976],[9.01853,46.02039],[9.01727,46.02127],[9.01618,46.02181],[9.01574,46.02194],[9.01526,46.02229],[9.01494,46.02284],[9.01472,46.02341],[9.01409,46.0241],[9.0137,46.0244],[9.01321,46.02464],[9.01272,46.02476],[9.01157,46.02534],[9.01095,46.0258],[9.00984,46.02644],[9.00944,46.02688],[9.00945,46.02749],[9.00932,46.0279],[9.00881,46.02864],[9.00807,46.02934],[9.00786,46.02968],[9.00793,46.03022],[9.00834,46.03071],[9.00883,46.03174],[9.00949,46.03701],[9.00978,46.0375],[9.01297,46.04021],[9.01436,46.04096],[9.01473,46.04124],[9.015,46.04162],[9.01572,46.04214],[9.01606,46.04251],[9.01673,46.04298],[9.01696,46.04338],[9.01711,46.044],[9.01731,46.04448],[9.01718,46.04498],[9.01671,46.04547],[9.01613,46.04628],[9.01612,46.04686],[9.01679,46.04785],[9.01716,46.04904],[9.01722,46.04959],[9.01753,46.05002],[9.01864,46.05077],[9.01912,46.05092],[9.01992,46.05133],[9.02053,46.05172],[9.0219,46.05206],[9.02261,46.0525],[9.02329,46.05274],[9.0238,46.05273],[9.02489,46.05246],[9.02564,46.05247],[9.02601,46.05255],[9.027,46.05295],[9.02746,46.05301],[9.02824,46.05296],[9.02899,46.05311],[9.02982,46.05345],[9.03029,46.05382],[9.03097,46.05425],[9.03279,46.05519],[9.03461,46.05591],[9.03591,46.05674],[9.0364,46.05713],[9.03719,46.05741],[9.03805,46.05784],[9.03869,46.05827],[9.03928,46.05882],[9.03971,46.05898],[9.04116,46.05913],[9.04219,46.05918],[9.04276,46.05931],[9.04339,46.05935],[9.0447,46.05921],[9.04516,46.05931],[9.04626,46.05983],[9.04671,46.06014],[9.04778,46.06134],[9.04831,46.06168],[9.0499,46.06225],[9.0506,46.06234],[9.0522,46.06225],[9.05378,46.06229],[9.05503,46.06216],[9.0556,46.06189],[9.05601,46.06147],[9.05666,46.06119],[9.05786,46.06091],[9.05894,46.06097],[9.0598,46.06078],[9.0606,46.06078],[9.06129,46.0609],[9.06205,46.0612],[9.06329,46.06148],[9.06399,46.06173],[9.06521,46.06193],[9.06643,46.06207],[9.06737,46.06196],[9.06789,46.06198],[9.06885,46.06227],[9.07063,46.06261],[9.07179,46.06249],[9.07278,46.06263],[9.07359,46.0626],[9.07411,46.06273],[9.0754,46.06345],[9.07598,46.06381],[9.07657,46.06397],[9.077,46.06421],[9.07746,46.0647],[9.07798,46.06505],[9.07827,46.06543],[9.07868,46.06703],[9.07837,46.06861],[9.078,46.06926],[9.07791,46.06963],[9.07799,46.07083],[9.0785,46.07209],[9.07858,46.07246],[9.07862,46.07479],[9.07898,46.07571],[9.07929,46.07607],[9.08026,46.07674],[9.08066,46.07688],[9.08163,46.07707],[9.08212,46.07723],[9.08305,46.07769],[9.0834,46.07795],[9.08403,46.07861],[9.08414,46.07892],[9.08412,46.07942],[9.0843,46.07979],[9.08866,46.08477],[9.08922,46.08544],[9.0894,46.08578],[9.08958,46.08685],[9.08959,46.08718],[9.08917,46.08989],[9.08904,46.09023],[9.08679,46.09377],[9.08454,46.09713],[9.0827,46.09987],[9.08132,46.10209],[9.08042,46.10459],[9.07981,46.10584],[9.07964,46.10677],[9.0794,46.10713],[9.07889,46.10825],[9.07845,46.10874],[9.07802,46.10945],[9.07786,46.11012],[9.07747,46.11054],[9.07688,46.11079],[9.07654,46.11106],[9.07601,46.11186],[9.07552,46.11229],[9.07494,46.11315],[9.07401,46.11398],[9.07384,46.11432],[9.07363,46.11516],[9.07327,46.11587],[9.07319,46.11652],[9.0729,46.11699],[9.07252,46.11776],[9.07225,46.11801],[9.07127,46.11846],[9.07042,46.11896],[9.07015,46.11904],[9.0698,46.11909],[9.06924,46.11912],[9.06892,46.11912],[9.06868,46.11908],[9.06748,46.11867],[9.0605,46.11707],[9.06028,46.117],[9.06008,46.11692],[9.05475,46.11429],[9.05459,46.11423],[9.05261,46.11353],[9.05204,46.11343],[9.04699,46.11339],[9.04686,46.11339],[9.04393,46.11324],[9.04387,46.11323],[9.04169,46.11307],[9.04124,46.113],[9.0384,46.1123],[9.03834,46.11228],[9.03623,46.11183],[9.0351,46.11163],[9.03487,46.11157],[9.03466,46.1115],[9.03408,46.11125],[9.03387,46.11115],[9.0337,46.11102],[9.03329,46.11069],[9.0331,46.1105],[9.03297,46.11029],[9.03243,46.10906],[9.03213,46.10867],[9.03164,46.1082],[9.03142,46.10794],[9.03138,46.10787],[9.03128,46.10767],[9.03123,46.1073],[9.03123,46.10724],[9.03122,46.10705],[9.03118,46.10691],[9.03115,46.10681],[9.03103,46.10653],[9.03088,46.10602],[9.03075,46.10573],[9.03064,46.10533],[9.03063,46.10533],[9.03062,46.10526],[9.03058,46.10514],[9.03051,46.105],[9.0304,46.10484],[9.03035,46.10477],[9.03008,46.10442],[9.02997,46.1043],[9.02982,46.10419],[9.0296,46.10405],[9.0295,46.104],[9.02916,46.10382],[9.02894,46.10369],[9.02887,46.10364],[9.02858,46.10338],[9.02831,46.103],[9.02791,46.10273],[9.02764,46.10242],[9.02757,46.10201],[9.0276,46.10134],[9.02744,46.101],[9.02711,46.10074],[9.02628,46.10032],[9.02605,46.09982],[9.02614,46.09947],[9.02682,46.09874],[9.02703,46.09839],[9.02707,46.09779],[9.02749,46.09668],[9.02759,46.09573],[9.02733,46.09489],[9.02671,46.0941],[9.02557,46.09309],[9.02525,46.09262],[9.025,46.09176],[9.0248,46.09128],[9.02479,46.09085],[9.02487,46.09044],[9.02504,46.08945],[9.0254,46.08858],[9.02546,46.08839],[9.02545,46.0882],[9.0253,46.08728],[9.0253,46.08727],[9.02526,46.08706],[9.02521,46.08689],[9.02498,46.0866],[9.02482,46.08648],[9.02457,46.08636],[9.02434,46.08629],[9.0241,46.08625],[9.02352,46.08622],[9.02304,46.08606],[9.0227,46.08577],[9.02227,46.08516],[9.02166,46.08489],[9.02118,46.08486],[9.02063,46.08496],[9.02034,46.08498],[9.01854,46.085],[9.01823,46.08498],[9.01777,46.08486],[9.01758,46.08476],[9.01729,46.08448],[9.01717,46.08415],[9.0172,46.08366],[9.01714,46.08301],[9.01736,46.08252],[9.01743,46.08201],[9.01788,46.08133],[9.01817,46.08073],[9.01817,46.08038],[9.01799,46.08006],[9.01764,46.07981],[9.01663,46.07934],[9.01584,46.07906],[9.01564,46.07897],[9.01521,46.0787],[9.01492,46.07858],[9.01463,46.07851],[9.01343,46.07848],[9.01239,46.07842],[9.01217,46.07838],[9.01197,46.07831],[9.01174,46.0782],[9.01171,46.07818],[9.0115,46.07808],[9.01127,46.078],[9.01102,46.07797],[9.01025,46.0779],[9.00947,46.07785],[9.00862,46.07775],[9.00799,46.07762],[9.00759,46.0775],[9.0072,46.07734],[9.00692,46.07721],[9.00659,46.07703],[9.00636,46.07689],[9.00617,46.07673],[9.00608,46.07661],[9.006,46.0765],[9.00593,46.07639],[9.00577,46.07621],[9.00556,46.07606],[9.00547,46.07602],[9.00534,46.07595],[9.00521,46.0759],[9.00488,46.07578],[9.00453,46.07556],[9.00422,46.07525],[9.00396,46.07511],[9.0032,46.07486],[9.00262,46.07435],[9.00221,46.07411],[9.0017,46.07402],[9.00085,46.07407],[9.0006,46.07405],[9.00037,46.074],[9.00017,46.07394],[8.99996,46.07384],[8.99965,46.07364],[8.99955,46.07357],[8.99907,46.07337],[8.9976,46.07333],[8.99694,46.07307],[8.99646,46.073],[8.99567,46.07299],[8.99472,46.07276],[8.99433,46.07259],[8.99382,46.07222],[8.99329,46.07199],[8.99284,46.07191],[8.99174,46.07186],[8.99074,46.07163],[8.99014,46.07142],[8.98968,46.0713],[8.98959,46.07126],[8.98933,46.07114],[8.9891,46.07098],[8.98866,46.07046],[8.98819,46.07019],[8.98791,46.06993],[8.98775,46.06973],[8.98752,46.06953],[8.98744,46.06947],[8.98729,46.06939],[8.98712,46.06931],[8.98672,46.06918],[8.98651,46.06911],[8.98604,46.06906],[8.98508,46.06908],[8.98483,46.06904],[8.98461,46.06896],[8.98441,46.06885],[8.98422,46.0687],[8.98401,46.06848],[8.98376,46.06811],[8.98317,46.06772],[8.98266,46.06697],[8.98174,46.06623],[8.98103,46.0659],[8.98069,46.06559],[8.9804,46.06539],[8.98008,46.0651],[8.97968,46.06479],[8.97951,46.06448],[8.97958,46.06396],[8.97945,46.06346],[8.97912,46.06316],[8.97802,46.06274],[8.97773,46.06244],[8.97754,46.06199],[8.97747,46.0614],[8.97747,46.0613],[8.97747,46.06123],[8.97746,46.06118],[8.97745,46.06112],[8.9774,46.06084],[8.97739,46.06061],[8.97738,46.06048],[8.97682,46.0597],[8.97674,46.05923],[8.97692,46.05877],[8.97737,46.05824],[8.97767,46.05797],[8.97783,46.05781],[8.97794,46.05762],[8.97799,46.05743],[8.97794,46.05683],[8.97807,46.05621],[8.97797,46.05588],[8.97802,46.05547],[8.97789,46.05508],[8.97775,46.05492],[8.9771,46.05441],[8.97685,46.05412],[8.97645,46.05386],[8.97561,46.05361],[8.97526,46.05338],[8.97506,46.05307],[8.97504,46.05273],[8.97519,46.05224],[8.97517,46.0518],[8.97541,46.05124],[8.9754,46.05088],[8.97519,46.05056],[8.97478,46.05027],[8.97447,46.04991],[8.97447,46.04924],[8.97437,46.0489],[8.97409,46.04861],[8.97328,46.04799],[8.97296,46.04715],[8.97209,46.04596],[8.97192,46.04567],[8.97181,46.04516],[8.97194,46.04459],[8.97241,46.04373],[8.97245,46.04366],[8.97285,46.04266],[8.97286,46.04263],[8.97289,46.04255],[8.97292,46.04239],[8.97293,46.04232],[8.97293,46.04226],[8.97293,46.04214],[8.97292,46.04209],[8.97291,46.04198],[8.97289,46.04189],[8.97287,46.0418],[8.97284,46.04172],[8.9728,46.04161],[8.97278,46.04157],[8.97245,46.04081],[8.9724,46.04028],[8.97189,46.03948],[8.97178,46.03928],[8.97168,46.03905],[8.9716,46.03871],[8.97159,46.03866],[8.9716,46.03856],[8.97164,46.03836],[8.9718,46.03807],[8.97194,46.03778],[8.97199,46.03765],[8.97209,46.03732],[8.97228,46.03669],[8.97246,46.0362],[8.97254,46.03576],[8.97293,46.03508],[8.97302,46.03428],[8.97295,46.03381],[8.97273,46.03325],[8.9724,46.03272],[8.97235,46.03257],[8.97234,46.03234],[8.9724,46.0321],[8.97249,46.03182],[8.97253,46.03165],[8.97251,46.03147],[8.97245,46.03129],[8.97233,46.03113],[8.97217,46.03099],[8.97198,46.03087],[8.97175,46.03079],[8.97151,46.03073],[8.97104,46.03068],[8.97074,46.03061],[8.97044,46.0305],[8.9704,46.03048],[8.97021,46.03038],[8.97017,46.03036],[8.96994,46.0302],[8.96993,46.03019],[8.96975,46.03002],[8.96964,46.02989],[8.96953,46.02974],[8.9695,46.0297],[8.96937,46.02944],[8.96899,46.02827],[8.96895,46.02815],[8.96891,46.02809],[8.96889,46.02805],[8.96884,46.02797],[8.96876,46.02786],[8.96867,46.02775],[8.96861,46.02768],[8.96859,46.02766],[8.96852,46.0276],[8.96843,46.02753],[8.96841,46.02751],[8.96832,46.02746],[8.9683,46.02744],[8.96821,46.02739],[8.96818,46.02738],[8.96809,46.02734],[8.96796,46.02729],[8.96726,46.02707],[8.96649,46.02697],[8.96595,46.02672],[8.96573,46.02657],[8.96572,46.02656],[8.96473,46.02587],[8.96472,46.02586],[8.96373,46.02516],[8.96354,46.02505],[8.96332,46.02496],[8.96308,46.02491],[8.96283,46.02489],[8.96117,46.02485],[8.9609,46.02478],[8.96066,46.02468],[8.96054,46.02464],[8.96049,46.02463],[8.96034,46.02458],[8.96022,46.02454],[8.96011,46.0245],[8.96001,46.02446],[8.95998,46.02444],[8.95978,46.02435],[8.95966,46.02428],[8.95958,46.02423],[8.95947,46.02416],[8.95935,46.02407],[8.95922,46.02396],[8.95914,46.02389],[8.95906,46.02381],[8.95902,46.02376],[8.95898,46.02372],[8.95843,46.02308],[8.95827,46.02293],[8.95807,46.02281],[8.95759,46.02266],[8.95706,46.02266],[8.95613,46.02288],[8.95564,46.02303],[8.95489,46.02316],[8.95437,46.02311],[8.95376,46.02279],[8.95349,46.02246],[8.9532,46.02212],[8.95284,46.02158],[8.95217,46.02122],[8.95206,46.02118],[8.9516,46.02102],[8.95156,46.021],[8.95116,46.02077],[8.95076,46.02045],[8.95064,46.02035],[8.9505,46.02018],[8.95039,46.01985],[8.95083,46.01872],[8.95121,46.01835],[8.95138,46.01804],[8.95139,46.01754],[8.9513,46.0172],[8.95071,46.01672],[8.95034,46.01626],[8.95011,46.01512],[8.95027,46.01478],[8.95081,46.0142],[8.95092,46.01383],[8.95081,46.01347],[8.95067,46.0133],[8.95051,46.01315],[8.95002,46.01275],[8.94991,46.01262],[8.94984,46.01246],[8.94983,46.01244],[8.9498,46.01239],[8.94978,46.01235],[8.94974,46.01229],[8.9497,46.01223],[8.94961,46.01212],[8.94956,46.01206],[8.94955,46.01204],[8.94934,46.01183],[8.94913,46.01166],[8.94888,46.01154],[8.94863,46.01144],[8.94855,46.01141],[8.9484,46.01135],[8.94824,46.01128],[8.94822,46.01126],[8.94806,46.01117],[8.94793,46.01108],[8.94783,46.011],[8.94771,46.01089],[8.94715,46.0103],[8.94691,46.00991],[8.94675,46.00921],[8.94641,46.00892],[8.94593,46.00876],[8.9454,46.00872],[8.94462,46.00848],[8.94412,46.00841],[8.9436,46.00847],[8.94305,46.00843],[8.94237,46.00821],[8.94188,46.00817],[8.94086,46.00838],[8.94049,46.00857],[8.94018,46.00888],[8.94,46.00903],[8.93991,46.0091],[8.93984,46.00915],[8.93976,46.0092],[8.93968,46.00926],[8.93958,46.00932],[8.93936,46.00944],[8.93911,46.00956],[8.9376,46.0102],[8.93674,46.01061],[8.93639,46.01104],[8.93631,46.01134],[8.93595,46.01179],[8.93587,46.01196],[8.93585,46.01215],[8.93588,46.01233],[8.93596,46.0125],[8.93609,46.01266],[8.93626,46.01279],[8.93628,46.01281],[8.93684,46.01324],[8.93685,46.01324],[8.93874,46.01466],[8.9391,46.01515],[8.93908,46.0155],[8.93872,46.01595],[8.93817,46.01621],[8.9375,46.01647],[8.93737,46.01652],[8.93675,46.01672],[8.93651,46.01681],[8.93613,46.01691],[8.93572,46.01699],[8.93546,46.01703],[8.93515,46.01704],[8.93462,46.01697],[8.93377,46.01705],[8.93306,46.01733],[8.93257,46.01742],[8.93183,46.0174],[8.93138,46.01751],[8.93088,46.01786],[8.93074,46.01805],[8.93073,46.01806],[8.93058,46.01825],[8.93057,46.01827],[8.93022,46.01875],[8.93015,46.01883],[8.93006,46.01891],[8.92996,46.01899],[8.92976,46.01911],[8.92931,46.01926],[8.92895,46.0193],[8.92845,46.01926],[8.92784,46.019],[8.92752,46.01871],[8.92746,46.01866],[8.92741,46.01859],[8.92731,46.01847],[8.92728,46.01842],[8.92723,46.01835],[8.92719,46.01827],[8.92717,46.01823],[8.92684,46.01753],[8.92677,46.01738],[8.92676,46.01735],[8.92669,46.01724],[8.92667,46.01719],[8.92661,46.01709],[8.92657,46.01704],[8.92649,46.01692],[8.92639,46.0168],[8.92588,46.01645],[8.92531,46.01631],[8.9249,46.01611],[8.92471,46.01593],[8.92441,46.01561],[8.92438,46.01558],[8.92307,46.01407],[8.92304,46.01403],[8.92285,46.01379],[8.92281,46.01373],[8.92224,46.01294],[8.92212,46.01281],[8.92201,46.01271],[8.92192,46.01265],[8.9218,46.01256],[8.92144,46.01236],[8.92138,46.01232],[8.92121,46.01222],[8.9211,46.01215],[8.92097,46.01205],[8.92085,46.01196],[8.92076,46.01188],[8.92064,46.01175],[8.92055,46.01165],[8.92047,46.01157],[8.92006,46.01093],[8.91996,46.01079],[8.91992,46.01074],[8.91987,46.01068],[8.91976,46.01056],[8.91961,46.01044],[8.91875,46.0096],[8.91859,46.00942],[8.91847,46.00925],[8.91835,46.00911],[8.91819,46.00891],[8.91806,46.0087],[8.91802,46.00857],[8.91792,46.00832],[8.91784,46.00818],[8.91782,46.00814],[8.91757,46.00773],[8.91737,46.00736],[8.9172,46.00713],[8.91697,46.00692],[8.91684,46.00681],[8.91634,46.00646],[8.91614,46.00634],[8.91592,46.00618],[8.91562,46.00566],[8.9155,46.0048],[8.91562,46.00429],[8.91605,46.00378],[8.91665,46.00346],[8.91724,46.00334],[8.91833,46.00274],[8.91886,46.00255],[8.91955,46.00247],[8.92045,46.00226],[8.92086,46.0021],[8.92183,46.0014],[8.92241,46.00113],[8.92295,46.00086],[8.9235,46.0005],[8.92437,46.00012],[8.92491,45.99935],[8.92537,45.99905],[8.9261,45.99889],[8.92714,45.99905],[8.92767,45.99934],[8.92813,45.99985],[8.92904,46.00068],[8.93004,46.00129],[8.93085,46.00159],[8.93131,46.00196],[8.93142,46.00229],[8.93138,46.00281],[8.93145,46.0032],[8.93141,46.00393],[8.93161,46.00426],[8.93197,46.00451],[8.93245,46.00464],[8.93306,46.00469],[8.9335,46.00484],[8.93457,46.00568],[8.93531,46.00581],[8.93581,46.00573],[8.93719,46.00484],[8.93759,46.00437],[8.93808,46.0029],[8.93818,46.00268],[8.93832,46.00253],[8.93849,46.00239],[8.9387,46.00229],[8.93894,46.00221],[8.93929,46.00215],[8.93955,46.00209],[8.93979,46.00199],[8.93999,46.00186],[8.94066,46.00112],[8.94131,46.00081],[8.94233,46.00051],[8.94268,46.00027],[8.94288,45.99995],[8.94288,45.9996],[8.94267,45.99914],[8.94233,45.99885],[8.94212,45.99851],[8.9421,45.99806],[8.94194,45.9977],[8.94134,45.99733],[8.94064,45.9971],[8.94032,45.99683],[8.94019,45.99649],[8.94031,45.99573],[8.94015,45.99537],[8.93979,45.99509],[8.93928,45.99488],[8.93882,45.99449],[8.93867,45.99415],[8.93871,45.99377],[8.93867,45.99337],[8.93858,45.99297],[8.93832,45.99161],[8.93831,45.99139],[8.93844,45.99106],[8.93918,45.99012],[8.94032,45.99018],[8.94166,45.99068],[8.94213,45.99102],[8.94218,45.99106],[8.94234,45.99117],[8.94239,45.9912],[8.94254,45.99129],[8.94257,45.99131],[8.94325,45.99172],[8.94418,45.99257],[8.94458,45.99275],[8.94658,45.99332],[8.94703,45.99349],[8.9484,45.99416],[8.94864,45.99426],[8.9489,45.99431],[8.94917,45.99433],[8.96206,45.99415],[8.96225,45.99414],[8.96244,45.9941],[8.96699,45.99306],[8.96726,45.99297],[8.96749,45.99284],[8.96867,45.99202],[8.96883,45.99189],[8.96895,45.99173],[8.96902,45.99156],[8.96905,45.99139],[8.96902,45.99121],[8.96849,45.98936],[8.96849,45.98935],[8.96734,45.98511],[8.9673,45.98485],[8.96726,45.98468],[8.96703,45.98437],[8.96665,45.98415],[8.96593,45.98403],[8.96545,45.98411],[8.96514,45.98412],[8.95707,45.98396],[8.95676,45.98393],[8.95652,45.98388],[8.95612,45.98368],[8.95566,45.98328],[8.95501,45.98307],[8.95316,45.98287],[8.95246,45.98293],[8.95207,45.9831],[8.95167,45.98344],[8.95146,45.98356],[8.95042,45.98407],[8.95012,45.98418],[8.94979,45.98425],[8.94891,45.98434],[8.94808,45.98426],[8.94784,45.98427],[8.94761,45.98432],[8.94739,45.98439],[8.9472,45.98449],[8.94703,45.98461],[8.9469,45.98476],[8.94621,45.98555],[8.94583,45.98582],[8.94538,45.98596],[8.94466,45.98592],[8.94384,45.98578],[8.94238,45.9862],[8.94172,45.98649],[8.94121,45.98698],[8.94086,45.98722],[8.9404,45.98735],[8.9395,45.98748],[8.93912,45.9877],[8.93888,45.988],[8.93873,45.98844],[8.93827,45.98898],[8.93714,45.98899],[8.9363,45.98932],[8.93559,45.98947],[8.93515,45.98945],[8.93432,45.98918],[8.93387,45.98911],[8.93246,45.98908],[8.93214,45.98904],[8.93153,45.98884],[8.9307,45.98876],[8.93023,45.98859],[8.9299,45.9883],[8.92971,45.98799],[8.92903,45.98753],[8.92855,45.98742],[8.92688,45.98645],[8.92641,45.98626],[8.92554,45.98554],[8.92506,45.98497],[8.92458,45.98457],[8.92413,45.98393],[8.92404,45.98332],[8.92419,45.98298],[8.9245,45.98271],[8.92502,45.98245],[8.9256,45.98206],[8.92587,45.98171],[8.92602,45.9813],[8.92613,45.9811],[8.9265,45.98065],[8.92672,45.98045],[8.92708,45.9802],[8.92771,45.97992],[8.92799,45.97969],[8.92848,45.97913],[8.92863,45.97881],[8.92862,45.97774],[8.92869,45.97688],[8.92876,45.97653],[8.92895,45.97597],[8.929,45.97579],[8.92902,45.97569],[8.92902,45.97566],[8.92904,45.97555],[8.92904,45.97551],[8.92905,45.97541],[8.92905,45.97539],[8.92906,45.9751],[8.92906,45.97505],[8.92906,45.9749],[8.92905,45.9748],[8.92896,45.97427],[8.92924,45.97381],[8.92961,45.97359],[8.93055,45.97337],[8.93082,45.97333],[8.93106,45.97328],[8.93128,45.9732],[8.93148,45.97309],[8.93164,45.97295],[8.93176,45.9728],[8.93184,45.97263],[8.93186,45.97246],[8.93184,45.97228],[8.93181,45.97218],[8.93178,45.97202],[8.93175,45.97175],[8.93175,45.97173],[8.93171,45.97125],[8.93168,45.97109],[8.93161,45.97094],[8.93127,45.97056],[8.93114,45.97039],[8.93107,45.97023],[8.93105,45.97008],[8.93107,45.96988],[8.9312,45.96935],[8.93121,45.96913],[8.93094,45.96828],[8.93109,45.96777],[8.93141,45.96733],[8.93142,45.96699],[8.93124,45.96666],[8.93109,45.96653],[8.9308,45.96636],[8.93058,45.96618],[8.93046,45.96607],[8.93033,45.96591],[8.93023,45.96575],[8.92993,45.96509],[8.92986,45.96483],[8.92984,45.96472],[8.92979,45.96455],[8.92955,45.96424],[8.92937,45.96412],[8.92924,45.96406],[8.92882,45.96386],[8.92858,45.96372],[8.92836,45.96356],[8.92797,45.96323],[8.92724,45.96292],[8.92677,45.96282],[8.92606,45.96291],[8.92554,45.96326],[8.92537,45.96357],[8.92535,45.96374],[8.92536,45.96389],[8.92537,45.96395],[8.92541,45.96427],[8.92541,45.96443],[8.9254,45.96451],[8.92533,45.96499],[8.92528,45.9656],[8.92524,45.96581],[8.92509,45.96631],[8.92498,45.96653],[8.92467,45.96682],[8.92397,45.96704],[8.92345,45.96701],[8.92221,45.96657],[8.92175,45.96631],[8.92151,45.96597],[8.92145,45.96556],[8.9214,45.96538],[8.92135,45.9653],[8.9213,45.96521],[8.92126,45.96516],[8.92111,45.96501],[8.92056,45.96455],[8.92054,45.96454],[8.91953,45.96372],[8.91952,45.96371],[8.91929,45.96354],[8.91921,45.96347],[8.91901,45.96336],[8.91879,45.96327],[8.9183,45.96319],[8.91757,45.96333],[8.91677,45.96384],[8.91606,45.96401],[8.91555,45.96395],[8.91496,45.96362],[8.91449,45.96277],[8.91409,45.96252],[8.91337,45.96221],[8.91269,45.96197],[8.91221,45.96175],[8.91172,45.96163],[8.91055,45.96166],[8.91005,45.96161],[8.90962,45.96143],[8.90932,45.96114],[8.90911,45.9608],[8.90863,45.96019],[8.9083,45.95995],[8.90786,45.9598],[8.90738,45.95978],[8.90692,45.95989],[8.90655,45.9601],[8.90612,45.96047],[8.90591,45.96062],[8.90529,45.961],[8.90525,45.96102],[8.9052,45.96105],[8.90494,45.96118],[8.9047,45.96125],[8.90349,45.96124],[8.90304,45.96136],[8.90269,45.96158],[8.90247,45.96188],[8.90242,45.96223],[8.90267,45.96269],[8.90301,45.96291],[8.90413,45.96327],[8.90464,45.96367],[8.90474,45.9642],[8.9045,45.96474],[8.90422,45.96504],[8.90355,45.96529],[8.90282,45.96525],[8.9024,45.96512],[8.90185,45.96474],[8.90144,45.96458],[8.90097,45.96453],[8.90002,45.96456],[8.8952,45.96397],[8.89449,45.96374],[8.8942,45.96347],[8.89412,45.96331],[8.89407,45.9631],[8.89369,45.95928],[8.89386,45.95872],[8.89516,45.95701],[8.89654,45.95492],[8.89665,45.95457]]]},"properties":{"bfs_nr":5192,"name":"Lugano"}},{"type":"Feature","geometry":{"type":"Polygon","coordinates":[[[8.87941,45.98146],[8.88026,45.98083],[8.88216,45.98004],[8.8822,45.98002],[8.88227,45.97999],[8.88233,45.97996],[8.88244,45.9799],[8.88251,45.97987],[8.88262,45.97981],[8.88267,45.97977],[8.88272,45.97974],[8.88277,45.9797],[8.88425,45.97862],[8.88475,45.97836],[8.88788,45.97724],[8.88853,45.97703],[8.8895,45.9771],[8.89052,45.97691],[8.89068,45.97683],[8.89156,45.97636],[8.89288,45.97567],[8.89355,45.97534],[8.89357,45.97533],[8.89392,45.97515],[8.89413,45.97501],[8.8943,45.97485],[8.89475,45.97418],[8.89556,45.97375],[8.89633,45.97358],[8.89683,45.97366],[8.8974,45.974],[8.89754,45.9742],[8.89767,45.97442],[8.89777,45.97462],[8.89788,45.97485],[8.89814,45.97588],[8.89822,45.97655],[8.89823,45.97659],[8.89829,45.9769],[8.89833,45.97704],[8.89837,45.97712],[8.89838,45.97715],[8.89852,45.97742],[8.89896,45.97818],[8.89949,45.97904],[8.89989,45.98047],[8.89994,45.98061],[8.90115,45.9829],[8.90117,45.98292],[8.90127,45.9831],[8.90136,45.98332],[8.9014,45.98344],[8.90142,45.98354],[8.90179,45.98551],[8.90179,45.98587],[8.90162,45.98623],[8.90131,45.98648],[8.90063,45.98678],[8.90031,45.98685],[8.89938,45.98699],[8.89927,45.987],[8.89835,45.9871],[8.89683,45.98729],[8.89662,45.98733],[8.89624,45.98748],[8.89551,45.98788],[8.89452,45.98831],[8.89356,45.98858],[8.89292,45.98888],[8.89221,45.98893],[8.89127,45.9887],[8.89091,45.98849],[8.89055,45.98814],[8.88992,45.98785],[8.88956,45.98758],[8.88913,45.98696],[8.88843,45.98661],[8.88743,45.98655],[8.88661,45.98639],[8.8864,45.98631],[8.88582,45.98592],[8.88561,45.98583],[8.88489,45.98575],[8.88421,45.98589],[8.8835,45.98592],[8.88301,45.9858],[8.88265,45.98557],[8.8824,45.98525],[8.88172,45.9847],[8.8815,45.98441],[8.88142,45.98402],[8.8812,45.98367],[8.88078,45.98343],[8.88024,45.98327],[8.8798,45.983],[8.87914,45.9823],[8.8791,45.98196],[8.87941,45.98146]]]},"properties":{"bfs_nr":5193,"name":"Magliaso"}},{"type":"Feature","geometry":{"type":"Polygon","coordinates":[[[8.90773,46.03702],[8.90789,46.03677],[8.9081,46.03645],[8.90842,46.03593],[8.90857,46.03579],[8.90913,46.03545],[8.90926,46.03531],[8.90935,46.03516],[8.90941,46.035],[8.90968,46.03344],[8.90974,46.03325],[8.90994,46.03298],[8.91027,46.03269],[8.91037,46.03254],[8.91088,46.03155],[8.91119,46.03115],[8.91268,46.02961],[8.9129,46.02914],[8.91296,46.02863],[8.9133,46.0282],[8.91346,46.02792],[8.91355,46.02769],[8.91359,46.02719],[8.91341,46.02685],[8.91308,46.02646],[8.91284,46.02597],[8.91285,46.02494],[8.91301,46.02462],[8.91333,46.02436],[8.91375,46.02418],[8.91435,46.02384],[8.91483,46.02365],[8.91516,46.0234],[8.91537,46.02288],[8.9156,46.02256],[8.91612,46.02218],[8.91683,46.02196],[8.92354,46.02129],[8.92534,46.02116],[8.92608,46.02102],[8.92658,46.021],[8.92725,46.02122],[8.92755,46.02149],[8.92768,46.022],[8.92761,46.02221],[8.92759,46.02225],[8.92757,46.02232],[8.92753,46.02241],[8.92752,46.02247],[8.92749,46.02259],[8.92747,46.0227],[8.92746,46.02289],[8.92747,46.02304],[8.92747,46.02312],[8.92749,46.02327],[8.9275,46.02331],[8.92753,46.02344],[8.92755,46.0235],[8.92768,46.02394],[8.92769,46.02395],[8.92783,46.02445],[8.92785,46.02453],[8.92787,46.02461],[8.92788,46.02472],[8.92792,46.02505],[8.92803,46.02554],[8.92812,46.02577],[8.92841,46.02614],[8.9285,46.0265],[8.92836,46.0269],[8.92817,46.02714],[8.92805,46.02739],[8.92803,46.02766],[8.92789,46.02802],[8.92744,46.02939],[8.92728,46.03022],[8.92705,46.03132],[8.92696,46.03155],[8.92692,46.03174],[8.92694,46.03194],[8.92739,46.033],[8.9275,46.03348],[8.92758,46.0344],[8.92751,46.0348],[8.92731,46.03513],[8.92728,46.03547],[8.9276,46.03618],[8.92768,46.03656],[8.92756,46.03689],[8.92728,46.03716],[8.92681,46.03736],[8.92594,46.0376],[8.92518,46.03771],[8.92452,46.03769],[8.92388,46.03785],[8.92296,46.03824],[8.92189,46.03875],[8.92142,46.03883],[8.92052,46.03881],[8.91974,46.03903],[8.9188,46.03918],[8.91623,46.03932],[8.9154,46.03923],[8.9147,46.03922],[8.91385,46.03888],[8.91339,46.03877],[8.90875,46.03834],[8.90846,46.0383],[8.90804,46.03813],[8.90773,46.03787],[8.90759,46.03755],[8.90762,46.03722],[8.90773,46.03702]]]},"properties":{"bfs_nr":5194,"name":"Manno"}},{"type":"Feature","geometry":{"type":"Polygon","coordinates":[[[8.9364,46.01118],[8.93671,46.01067],[8.93763,46.01018],[8.93914,46.00955],[8.93936,46.00944],[8.93961,46.0093],[8.93965,46.00928],[8.93978,46.0092],[8.93983,46.00916],[8.93992,46.00909],[8.93998,46.00905],[8.94039,46.00871],[8.94111,46.00847],[8.94219,46.00834],[8.94268,46.00835],[8.94315,46.00845],[8.94357,46.00849],[8.94412,46.00846],[8.94462,46.00858],[8.94527,46.009],[8.946,46.00921],[8.94645,46.00941],[8.94675,46.00972],[8.94699,46.01014],[8.94773,46.01091],[8.94777,46.01095],[8.94784,46.01101],[8.94792,46.01107],[8.94795,46.0111],[8.94802,46.01115],[8.94808,46.01119],[8.94819,46.01125],[8.94827,46.01129],[8.94838,46.01134],[8.94856,46.01142],[8.94861,46.01144],[8.94881,46.01151],[8.94913,46.01167],[8.94938,46.01187],[8.94955,46.01205],[8.94957,46.01207],[8.94959,46.01209],[8.94972,46.01226],[8.94979,46.01237],[8.94986,46.01252],[8.94998,46.01271],[8.95015,46.01287],[8.9506,46.01325],[8.95073,46.01342],[8.95081,46.01376],[8.9507,46.0141],[8.95011,46.01483],[8.95006,46.01522],[8.95019,46.01565],[8.95,46.01623],[8.94948,46.01656],[8.94861,46.01679],[8.94815,46.01686],[8.94715,46.01665],[8.94571,46.0164],[8.94569,46.0164],[8.94439,46.01617],[8.94428,46.01614],[8.94426,46.01614],[8.94407,46.01609],[8.94395,46.01605],[8.94381,46.01599],[8.94368,46.01592],[8.94237,46.01522],[8.94185,46.01512],[8.94132,46.01519],[8.94078,46.01537],[8.9403,46.01542],[8.93963,46.01525],[8.9388,46.01471],[8.93685,46.01324],[8.93684,46.01323],[8.93624,46.01278],[8.93605,46.0126],[8.93594,46.01243],[8.93588,46.01225],[8.93587,46.01207],[8.93592,46.01189],[8.93601,46.01172],[8.93633,46.01136],[8.9364,46.01118]]]},"properties":{"bfs_nr":5196,"name":"Massagno"}},{"type":"Feature","geometry":{"type":"Polygon","coordinates":[[[8.93367,45.94465],[8.93334,45.9438],[8.93329,45.94368],[8.93265,45.94262],[8.93256,45.94203],[8.93278,45.9417],[8.9334,45.94132],[8.93384,45.94069],[8.93418,45.94042],[8.93527,45.94001],[8.93562,45.93971],[8.93582,45.93938],[8.93618,45.93911],[8.93964,45.93724],[8.94035,45.93703],[8.94083,45.93706],[8.94125,45.93721],[8.94247,45.93816],[8.94414,45.94011],[8.94429,45.94025],[8.94449,45.94038],[8.95214,45.94426],[8.95334,45.94503],[8.95354,45.94514],[8.95449,45.94554],[8.95474,45.94568],[8.95589,45.94637],[8.95622,45.94666],[8.95747,45.94818],[8.95765,45.94846],[8.95959,45.95297],[8.95973,45.95364],[8.95973,45.95391],[8.95915,45.95844],[8.9591,45.95864],[8.95902,45.95879],[8.95887,45.95896],[8.95801,45.95978],[8.95794,45.95986],[8.9573,45.96061],[8.95718,45.96079],[8.95713,45.96099],[8.95713,45.96119],[8.95744,45.96282],[8.95752,45.96303],[8.9585,45.96474],[8.95922,45.96668],[8.95962,45.96799],[8.96087,45.97003],[8.961,45.97034],[8.96145,45.97223],[8.96206,45.97324],[8.96209,45.97358],[8.96194,45.9739],[8.96138,45.97428],[8.95542,45.97652],[8.95424,45.97704],[8.95395,45.97714],[8.95345,45.9772],[8.95296,45.97712],[8.95274,45.97703],[8.9524,45.97677],[8.95222,45.97652],[8.94778,45.97165],[8.94777,45.97163],[8.94712,45.97095],[8.94698,45.97083],[8.94622,45.97028],[8.94565,45.96999],[8.94548,45.96986],[8.94525,45.96956],[8.94518,45.96933],[8.94495,45.96883],[8.94485,45.96867],[8.9447,45.96852],[8.94428,45.96817],[8.94398,45.96784],[8.94366,45.96733],[8.9436,45.96721],[8.94336,45.96671],[8.94328,45.96646],[8.94338,45.96561],[8.94329,45.96453],[8.94317,45.96344],[8.94339,45.96271],[8.94337,45.96238],[8.94347,45.96203],[8.94363,45.96184],[8.94386,45.96159],[8.94398,45.96143],[8.94405,45.96126],[8.94407,45.96107],[8.94406,45.96067],[8.94405,45.9606],[8.94397,45.96005],[8.94383,45.95968],[8.94381,45.95918],[8.94377,45.95902],[8.94367,45.95879],[8.94357,45.95862],[8.94342,45.95847],[8.94295,45.95819],[8.94265,45.95788],[8.94256,45.95766],[8.94247,45.95728],[8.94245,45.95718],[8.94239,45.9568],[8.94236,45.95669],[8.94209,45.95587],[8.94148,45.95493],[8.94132,45.95431],[8.94112,45.95385],[8.94061,45.95309],[8.93965,45.95227],[8.93924,45.9515],[8.93858,45.95101],[8.93742,45.95048],[8.93709,45.95004],[8.93703,45.94953],[8.93679,45.94903],[8.93641,45.94851],[8.93556,45.94782],[8.93541,45.9476],[8.93489,45.94654],[8.93463,45.94613],[8.9341,45.94579],[8.93379,45.94549],[8.93368,45.94513],[8.93367,45.94465]]]},"properties":{"bfs_nr":5198,"name":"Melide"}},{"type":"Feature","geometry":{"type":"MultiPolygon","coordinates":[[[[8.8647,46.08833],[8.86455,46.0873],[8.86455,46.08709],[8.8646,46.08692],[8.86497,46.08631],[8.865,46.08609],[8.86499,46.08552],[8.86501,46.08534],[8.86506,46.08519],[8.86526,46.0848],[8.86552,46.08451],[8.86597,46.08428],[8.86629,46.0842],[8.86759,46.08401],[8.86776,46.08399],[8.86902,46.08388],[8.86935,46.08387],[8.87123,46.08393],[8.8715,46.08392],[8.87177,46.08387],[8.87326,46.08346],[8.87426,46.08328],[8.87448,46.08323],[8.87468,46.08315],[8.8765,46.08233],[8.87734,46.08216],[8.88191,46.08219],[8.88266,46.08234],[8.88301,46.08257],[8.88321,46.08288],[8.88323,46.08322],[8.88316,46.08343],[8.88252,46.08468],[8.88238,46.08488],[8.88001,46.08782],[8.87985,46.08799],[8.87949,46.0882],[8.87922,46.08828],[8.87408,46.08951],[8.87371,46.08965],[8.87234,46.09037],[8.87186,46.09047],[8.87154,46.09046],[8.86579,46.09001],[8.86548,46.08996],[8.86503,46.08978],[8.86472,46.0895],[8.86459,46.08916],[8.86469,46.08854],[8.8647,46.08833]]],[[[8.87816,46.10656],[8.87795,46.10646],[8.87748,46.1062],[8.87724,46.10604],[8.87709,46.10589],[8.87695,46.10554],[8.87701,46.10518],[8.87732,46.10483],[8.8863,46.09796],[8.88645,46.09782],[8.88656,46.09765],[8.88663,46.09748],[8.88663,46.0973],[8.88659,46.09712],[8.8865,46.09695],[8.88636,46.0968],[8.88617,46.09667],[8.88596,46.09657],[8.88568,46.09646],[8.8855,46.09636],[8.88535,46.09624],[8.88523,46.0961],[8.88513,46.09591],[8.88448,46.09422],[8.88443,46.09402],[8.88449,46.09368],[8.88472,46.09338],[8.88531,46.0931],[8.88612,46.09292],[8.8865,46.09269],[8.88688,46.09214],[8.88721,46.09189],[8.88825,46.09153],[8.88862,46.09134],[8.88934,46.09116],[8.89003,46.09087],[8.89109,46.09065],[8.89146,46.09046],[8.89194,46.09003],[8.89258,46.08982],[8.89306,46.08983],[8.89374,46.08997],[8.89426,46.08993],[8.89471,46.08974],[8.89516,46.08941],[8.89585,46.08913],[8.89632,46.08882],[8.89671,46.08845],[8.89714,46.08823],[8.89769,46.0881],[8.89803,46.08791],[8.89878,46.08721],[8.89929,46.08662],[8.89939,46.08637],[8.89961,46.08599],[8.89976,46.08581],[8.9001,46.08558],[8.90054,46.08546],[8.90141,46.08532],[8.90221,46.08533],[8.90395,46.08506],[8.90447,46.08489],[8.90537,46.08486],[8.90607,46.08469],[8.90672,46.08463],[8.90819,46.08433],[8.90909,46.08432],[8.90975,46.08438],[8.9102,46.08432],[8.91127,46.08398],[8.91194,46.08358],[8.91331,46.08316],[8.91381,46.08312],[8.91428,46.0832],[8.91468,46.08341],[8.91486,46.08358],[8.91516,46.08403],[8.91525,46.08413],[8.91537,46.08425],[8.91552,46.08437],[8.9157,46.08447],[8.9159,46.08455],[8.91632,46.08464],[8.91697,46.08473],[8.91724,46.08472],[8.91786,46.08465],[8.91809,46.08464],[8.91837,46.08465],[8.91866,46.08463],[8.91889,46.08464],[8.9195,46.08475],[8.92003,46.08476],[8.92009,46.08476],[8.92017,46.08476],[8.92023,46.08476],[8.92032,46.08477],[8.92117,46.08478],[8.92118,46.08478],[8.92198,46.0848],[8.92228,46.08482],[8.92275,46.08491],[8.92378,46.08498],[8.92383,46.08498],[8.9298,46.08522],[8.93017,46.0852],[8.93115,46.08504],[8.93189,46.08504],[8.93366,46.08533],[8.93387,46.08536],[8.93408,46.08535],[8.93563,46.08525],[8.93602,46.08526],[8.9364,46.08533],[8.9372,46.08562],[8.93889,46.08659],[8.93924,46.08687],[8.94016,46.08843],[8.94095,46.08989],[8.94186,46.0912],[8.94374,46.09425],[8.94386,46.09461],[8.9438,46.09493],[8.94336,46.09536],[8.9424,46.09575],[8.94197,46.09586],[8.94094,46.09635],[8.9406,46.09667],[8.9403,46.0972],[8.93996,46.09748],[8.93931,46.09772],[8.93826,46.09788],[8.93711,46.09835],[8.93671,46.09861],[8.93601,46.09924],[8.93519,46.10022],[8.93441,46.10073],[8.93396,46.10092],[8.93245,46.10116],[8.93172,46.10132],[8.93132,46.10154],[8.93107,46.10186],[8.93072,46.10259],[8.93071,46.1029],[8.93118,46.10503],[8.93106,46.10561],[8.93031,46.10626],[8.92984,46.10643],[8.92935,46.10649],[8.92888,46.10652],[8.92775,46.10656],[8.92769,46.10656],[8.92629,46.10658],[8.92604,46.10657],[8.92581,46.10654],[8.92478,46.10633],[8.92431,46.1063],[8.92407,46.10633],[8.92366,46.10641],[8.92363,46.10642],[8.92287,46.10658],[8.92284,46.10659],[8.92201,46.10679],[8.9218,46.10685],[8.92161,46.10694],[8.92145,46.10705],[8.92131,46.10718],[8.92112,46.1075],[8.92093,46.10776],[8.92056,46.10804],[8.91928,46.10904],[8.91782,46.11007],[8.91776,46.11011],[8.91712,46.11052],[8.91688,46.11065],[8.91666,46.11072],[8.91617,46.11078],[8.91586,46.11076],[8.91313,46.11034],[8.91182,46.11028],[8.91156,46.11022],[8.91126,46.11009],[8.9103,46.10957],[8.90937,46.10908],[8.90929,46.10904],[8.9068,46.10759],[8.90655,46.10748],[8.90628,46.1074],[8.90599,46.10738],[8.9046,46.10736],[8.90453,46.10737],[8.9028,46.10741],[8.90275,46.10741],[8.90007,46.10745],[8.89735,46.10768],[8.89403,46.10808],[8.89374,46.1081],[8.89345,46.10808],[8.89023,46.10767],[8.88951,46.10772],[8.88782,46.10819],[8.88756,46.10829],[8.88734,46.10843],[8.88646,46.10902],[8.88601,46.10912],[8.88574,46.10912],[8.88535,46.10908],[8.88487,46.10899],[8.88421,46.10892],[8.88299,46.10857],[8.88221,46.10821],[8.88118,46.10808],[8.88024,46.1077],[8.87997,46.10752],[8.87974,46.10737],[8.87957,46.10728],[8.87918,46.10715],[8.87864,46.10688],[8.87832,46.10665],[8.87816,46.10656]]]]},"properties":{"bfs_nr":5199,"name":"Mezzovico-Vira"}},{"type":"Feature","geometry":{"type":"Polygon","coordinates":[[[8.89792,45.94363],[8.89657,45.94147],[8.89519,45.93985],[8.89416,45.9384],[8.89359,45.93754],[8.89345,45.93723],[8.89306,45.93576],[8.89273,45.93412],[8.89278,45.93338],[8.89292,45.93243],[8.89326,45.93136],[8.89344,45.93102],[8.89456,45.92956],[8.89546,45.9282],[8.89603,45.92729],[8.89676,45.92651],[8.89766,45.92578],[8.89895,45.92496],[8.90022,45.92423],[8.90177,45.92363],[8.90248,45.9232],[8.90391,45.92212],[8.90409,45.92195],[8.90707,45.91825],[8.90744,45.91795],[8.90821,45.91776],[8.91078,45.91764],[8.91232,45.91763],[8.91409,45.91778],[8.91448,45.91785],[8.91953,45.91912],[8.91986,45.91923],[8.92029,45.91941],[8.92051,45.91952],[8.9207,45.91965],[8.92138,45.92022],[8.92148,45.92029],[8.92352,45.92163],[8.92388,45.92198],[8.92454,45.92296],[8.92462,45.92306],[8.92519,45.9237],[8.92538,45.92387],[8.9271,45.92504],[8.92911,45.92649],[8.93032,45.92715],[8.93069,45.92745],[8.93086,45.92795],[8.93073,45.92829],[8.93017,45.92869],[8.92671,45.9301],[8.92622,45.93017],[8.92572,45.93011],[8.9253,45.92992],[8.92378,45.9288],[8.92239,45.92806],[8.92207,45.92779],[8.92101,45.92712],[8.92053,45.92696],[8.91999,45.92695],[8.91941,45.92706],[8.91891,45.92703],[8.91846,45.92686],[8.9174,45.92605],[8.91693,45.92593],[8.91642,45.92593],[8.91596,45.92608],[8.91525,45.92641],[8.91444,45.92652],[8.91402,45.92672],[8.91375,45.92702],[8.91339,45.92769],[8.91327,45.92804],[8.91337,45.92852],[8.91331,45.92931],[8.91348,45.93034],[8.91377,45.931],[8.91369,45.93133],[8.91317,45.93181],[8.91296,45.93215],[8.91296,45.93253],[8.91311,45.9328],[8.91327,45.93299],[8.91402,45.93356],[8.91474,45.93432],[8.91488,45.93451],[8.91499,45.93489],[8.91499,45.93581],[8.91503,45.93603],[8.91602,45.93874],[8.9161,45.93889],[8.91621,45.93903],[8.91841,45.9413],[8.91864,45.94163],[8.91869,45.94199],[8.91853,45.94232],[8.9182,45.94259],[8.91716,45.94298],[8.91695,45.94307],[8.91676,45.94319],[8.91651,45.9434],[8.91606,45.94366],[8.91534,45.94416],[8.91493,45.94432],[8.91425,45.94445],[8.91299,45.94508],[8.91243,45.94539],[8.91189,45.9458],[8.91101,45.94611],[8.91001,45.94619],[8.90931,45.94618],[8.90881,45.94627],[8.90824,45.94658],[8.90782,45.94671],[8.90664,45.94682],[8.9054,45.94681],[8.90509,45.94688],[8.90484,45.94697],[8.90465,45.94708],[8.90446,45.94721],[8.90431,45.94732],[8.90412,45.94751],[8.90389,45.94766],[8.9038,45.94771],[8.90332,45.94791],[8.90024,45.94876],[8.89995,45.94882],[8.8997,45.94883],[8.89923,45.94877],[8.89866,45.94845],[8.89843,45.94798],[8.8985,45.94744],[8.89858,45.94619],[8.89838,45.94501],[8.89792,45.94363]]]},"properties":{"bfs_nr":5203,"name":"Morcote"}},{"type":"Feature","geometry":{"type":"Polygon","coordinates":[[[8.90738,45.99248],[8.90633,45.99093],[8.90623,45.99073],[8.90619,45.99057],[8.90625,45.99023],[8.90649,45.98994],[8.90709,45.98966],[8.90763,45.98962],[8.90898,45.98969],[8.90971,45.98985],[8.91122,45.99051],[8.91143,45.99062],[8.91161,45.99075],[8.91168,45.99081],[8.91202,45.99113],[8.91203,45.99114],[8.91244,45.99152],[8.91258,45.99163],[8.91284,45.99177],[8.91422,45.99225],[8.91453,45.99234],[8.91467,45.99237],[8.91489,45.99242],[8.91515,45.9925],[8.91542,45.99264],[8.91624,45.99315],[8.91663,45.99329],[8.91724,45.99341],[8.91752,45.99342],[8.91838,45.99332],[8.91887,45.99339],[8.91929,45.99359],[8.9197,45.994],[8.92007,45.99422],[8.92078,45.99443],[8.92113,45.99468],[8.92137,45.99509],[8.92176,45.9954],[8.92243,45.99562],[8.92295,45.99561],[8.92342,45.99546],[8.92388,45.99503],[8.92402,45.99469],[8.92435,45.99439],[8.92497,45.99418],[8.92548,45.99414],[8.92635,45.99438],[8.92783,45.99458],[8.92814,45.99468],[8.92836,45.99476],[8.92864,45.9949],[8.92888,45.99503],[8.92917,45.99518],[8.92989,45.99556],[8.93035,45.99598],[8.93052,45.99652],[8.93065,45.9967],[8.9308,45.99686],[8.93083,45.99689],[8.93172,45.99776],[8.93186,45.99793],[8.93198,45.99825],[8.93192,45.99857],[8.93167,45.99894],[8.93131,45.99919],[8.93058,45.99935],[8.93011,45.99929],[8.92933,45.99897],[8.92816,45.99834],[8.92742,45.99816],[8.9269,45.99823],[8.92607,45.99866],[8.92557,45.99882],[8.92471,45.99945],[8.92438,45.99994],[8.92408,46.00023],[8.92357,46.00044],[8.9232,46.00069],[8.92236,46.00115],[8.92182,46.00131],[8.92078,46.00178],[8.92039,46.00208],[8.91856,46.00261],[8.91776,46.00305],[8.91721,46.00324],[8.91653,46.00332],[8.91564,46.00358],[8.9152,46.00377],[8.91407,46.00405],[8.9131,46.00411],[8.91256,46.00407],[8.91213,46.00391],[8.9117,46.00347],[8.91093,46.00188],[8.91068,46.00158],[8.91004,46.0013],[8.90954,46.00128],[8.90835,46.00137],[8.90786,46.00128],[8.90746,46.00106],[8.90731,46.00092],[8.90719,46.00071],[8.90636,45.99898],[8.90629,45.99876],[8.90628,45.99859],[8.90633,45.99842],[8.90642,45.99825],[8.90672,45.99798],[8.90766,45.99771],[8.90805,45.99752],[8.90821,45.99739],[8.9084,45.99709],[8.90836,45.9966],[8.90725,45.9943],[8.90718,45.99408],[8.90717,45.99391],[8.90722,45.99369],[8.90746,45.9931],[8.9075,45.99294],[8.9075,45.99278],[8.90746,45.99262],[8.90738,45.99248]]]},"properties":{"bfs_nr":5205,"name":"Muzzano"}},{"type":"Feature","geometry":{"type":"Polygon","coordinates":[[[8.8678,45.99629],[8.86792,45.99555],[8.86818,45.99519],[8.86828,45.99482],[8.86848,45.99452],[8.86891,45.99416],[8.86914,45.9936],[8.86938,45.99332],[8.87002,45.99298],[8.87031,45.99267],[8.8704,45.9923],[8.87024,45.99167],[8.87037,45.99131],[8.87092,45.99092],[8.87199,45.99066],[8.87241,45.99049],[8.8727,45.99023],[8.87313,45.98968],[8.87381,45.98926],[8.87427,45.98868],[8.8749,45.98813],[8.87517,45.98748],[8.8755,45.98722],[8.87609,45.98696],[8.87638,45.9867],[8.87651,45.9862],[8.87639,45.98583],[8.87627,45.98561],[8.87608,45.98538],[8.87601,45.9852],[8.87602,45.98484],[8.8761,45.98467],[8.87669,45.98394],[8.87747,45.98339],[8.87793,45.98296],[8.87856,45.98273],[8.87927,45.98276],[8.87968,45.98293],[8.88014,45.98324],[8.8808,45.98348],[8.88112,45.98375],[8.8817,45.98486],[8.88216,45.98545],[8.88248,45.9857],[8.88291,45.98585],[8.88353,45.98593],[8.88395,45.98593],[8.88502,45.98579],[8.88554,45.98584],[8.88633,45.98629],[8.88655,45.98638],[8.88679,45.98645],[8.88817,45.98668],[8.88879,45.987],[8.889,45.98733],[8.88892,45.9879],[8.8886,45.98827],[8.88822,45.98846],[8.8876,45.98863],[8.88647,45.9891],[8.88575,45.98913],[8.88511,45.98889],[8.88456,45.98844],[8.88435,45.98834],[8.88387,45.98823],[8.88312,45.98832],[8.88272,45.98854],[8.88248,45.98886],[8.88224,45.98954],[8.88236,45.99005],[8.88278,45.99062],[8.88272,45.99127],[8.88249,45.9916],[8.8821,45.99183],[8.88134,45.99194],[8.88085,45.99183],[8.88028,45.99154],[8.88003,45.99147],[8.87975,45.99141],[8.87919,45.99128],[8.87877,45.99124],[8.87855,45.99126],[8.87844,45.99128],[8.87822,45.99132],[8.87696,45.99166],[8.87615,45.99205],[8.87557,45.99219],[8.87449,45.99269],[8.8739,45.99301],[8.87203,45.99372],[8.87174,45.99395],[8.87132,45.99464],[8.87122,45.99527],[8.87123,45.99579],[8.87122,45.99598],[8.87116,45.99616],[8.87099,45.99655],[8.87087,45.99676],[8.8702,45.99718],[8.8696,45.9973],[8.86892,45.99728],[8.86844,45.99717],[8.86792,45.99679],[8.8678,45.99629]]]},"properties":{"bfs_nr":5206,"name":"Neggio"}},{"type":"Feature","geometry":{"type":"Polygon","coordinates":[[[8.93479,46.05513],[8.93476,46.05471],[8.93472,46.05387],[8.93467,46.05309],[8.93467,46.05307],[8.93462,46.05178],[8.93464,46.05156],[8.93471,46.05139],[8.93521,46.05095],[8.93694,46.05009],[8.93717,46.04995],[8.93734,46.04977],[8.93823,46.04857],[8.9383,46.04846],[8.93919,46.04677],[8.94005,46.04617],[8.94025,46.04587],[8.94027,46.04553],[8.94006,46.04451],[8.93981,46.04363],[8.94001,46.04315],[8.94034,46.0429],[8.9415,46.04245],[8.94226,46.0425],[8.94321,46.04283],[8.94417,46.0429],[8.94466,46.04301],[8.94544,46.04335],[8.94604,46.04398],[8.94663,46.04483],[8.94716,46.04515],[8.94781,46.0453],[8.94839,46.04532],[8.94916,46.04553],[8.95017,46.0457],[8.95102,46.04621],[8.95146,46.04638],[8.95245,46.04639],[8.95317,46.04656],[8.95352,46.04683],[8.95377,46.04721],[8.95393,46.04736],[8.95426,46.04761],[8.9544,46.0477],[8.95456,46.04778],[8.95656,46.04859],[8.95689,46.04885],[8.95704,46.04918],[8.95701,46.04952],[8.9568,46.04983],[8.95601,46.05022],[8.95568,46.05046],[8.95548,46.05093],[8.95556,46.05126],[8.95594,46.05204],[8.95595,46.05223],[8.9559,46.05246],[8.95586,46.05256],[8.95585,46.05258],[8.95576,46.05278],[8.95575,46.05281],[8.95563,46.05306],[8.95562,46.0531],[8.95551,46.0533],[8.95523,46.05357],[8.95483,46.05375],[8.95421,46.05384],[8.95376,46.05401],[8.95344,46.05429],[8.95318,46.05464],[8.95301,46.05505],[8.95295,46.05552],[8.95272,46.05582],[8.95236,46.05603],[8.95191,46.05614],[8.95138,46.05616],[8.95067,46.05623],[8.94996,46.05628],[8.94976,46.05628],[8.94929,46.05628],[8.949,46.05631],[8.94872,46.05637],[8.9484,46.05648],[8.94837,46.05649],[8.94673,46.05702],[8.94665,46.05704],[8.94619,46.05711],[8.94549,46.05716],[8.94504,46.05725],[8.94458,46.05748],[8.944,46.05761],[8.94306,46.05754],[8.94246,46.05758],[8.94178,46.05783],[8.94127,46.05787],[8.94055,46.05778],[8.94008,46.05784],[8.93967,46.05802],[8.93939,46.05828],[8.93923,46.05861],[8.93894,46.05901],[8.9388,46.05914],[8.93861,46.05926],[8.93853,46.05931],[8.93839,46.05938],[8.93807,46.05953],[8.93778,46.05963],[8.93727,46.0597],[8.93677,46.05962],[8.93612,46.05919],[8.93571,46.0589],[8.93456,46.05806],[8.93432,46.05785],[8.93417,46.05768],[8.93404,46.0575],[8.93394,46.05716],[8.93392,46.0564],[8.93407,46.05608],[8.93458,46.05566],[8.93479,46.05513]]]},"properties":{"bfs_nr":5208,"name":"Origlio"}},{"type":"Feature","geometry":{"type":"Polygon","coordinates":[[[8.94101,45.99041],[8.94058,45.99022],[8.94021,45.98987],[8.9399,45.98933],[8.93992,45.98899],[8.94011,45.98869],[8.941,45.98808],[8.94115,45.98776],[8.94116,45.98726],[8.94134,45.98689],[8.94174,45.98651],[8.94242,45.98623],[8.94348,45.98608],[8.94508,45.98616],[8.94559,45.98604],[8.94599,45.98578],[8.9466,45.98516],[8.94688,45.9848],[8.94704,45.98462],[8.9472,45.98449],[8.94761,45.98432],[8.94808,45.98426],[8.94891,45.98435],[8.94916,45.98433],[8.94986,45.98424],[8.95012,45.98419],[8.95036,45.98409],[8.9515,45.98354],[8.95167,45.98344],[8.95207,45.98311],[8.95247,45.98293],[8.95322,45.98287],[8.95479,45.98305],[8.95554,45.9833],[8.95591,45.98364],[8.95633,45.98387],[8.95685,45.98396],[8.96598,45.98414],[8.96674,45.9843],[8.9672,45.98471],[8.96728,45.98491],[8.96849,45.98936],[8.96849,45.98937],[8.96901,45.99117],[8.96904,45.99139],[8.96894,45.99173],[8.96882,45.99189],[8.96862,45.99206],[8.96755,45.9928],[8.96725,45.99296],[8.96692,45.99307],[8.96248,45.99409],[8.96225,45.99413],[8.96201,45.99415],[8.94924,45.99433],[8.9489,45.99431],[8.94864,45.99425],[8.94835,45.99414],[8.94694,45.99344],[8.94668,45.99334],[8.94463,45.99276],[8.94418,45.99256],[8.94325,45.99171],[8.94258,45.99131],[8.94254,45.99129],[8.9424,45.9912],[8.94233,45.99116],[8.9422,45.99107],[8.94212,45.99101],[8.94193,45.99087],[8.94184,45.9908],[8.94167,45.99068],[8.94101,45.99041]]]},"properties":{"bfs_nr":5210,"name":"Paradiso"}},{"type":"Feature","geometry":{"type":"MultiPolygon","coordinates":[[[[8.93433,46.07683],[8.93448,46.07616],[8.93442,46.07537],[8.93396,46.07452],[8.93402,46.07416],[8.93426,46.07386],[8.93515,46.07336],[8.93563,46.07327],[8.93601,46.07327],[8.93627,46.07326],[8.93696,46.073],[8.93713,46.07286],[8.93713,46.07285],[8.93714,46.07285],[8.93759,46.07234],[8.93774,46.07211],[8.93788,46.07183],[8.93794,46.07174],[8.938,46.07165],[8.93801,46.07163],[8.93815,46.07138],[8.93833,46.0712],[8.93844,46.07107],[8.93858,46.07069],[8.93857,46.07055],[8.93859,46.07038],[8.93859,46.07021],[8.93854,46.07005],[8.93828,46.06956],[8.93804,46.06861],[8.93802,46.06852],[8.938,46.06836],[8.93796,46.06821],[8.93787,46.068],[8.93773,46.06778],[8.93746,46.06747],[8.93742,46.06742],[8.93722,46.06722],[8.93714,46.06715],[8.93702,46.06706],[8.93685,46.06694],[8.93519,46.066],[8.93497,46.06586],[8.93474,46.06557],[8.93467,46.06524],[8.93489,46.06478],[8.93573,46.06406],[8.93604,46.06341],[8.93636,46.06295],[8.93643,46.06242],[8.9363,46.06205],[8.9359,46.06159],[8.93581,46.06137],[8.93585,46.06063],[8.9362,46.06017],[8.93661,46.05997],[8.93737,46.05982],[8.93767,46.05971],[8.93841,46.05937],[8.9385,46.05932],[8.93865,46.05924],[8.9388,46.05914],[8.93893,46.05903],[8.93914,46.05876],[8.93939,46.05837],[8.93972,46.05812],[8.94015,46.05797],[8.94064,46.05795],[8.94159,46.05804],[8.94223,46.05799],[8.94281,46.05807],[8.94337,46.05803],[8.94434,46.05778],[8.94511,46.05734],[8.94554,46.05718],[8.94628,46.05711],[8.94659,46.05706],[8.9467,46.05703],[8.94839,46.05649],[8.94841,46.05648],[8.94866,46.0564],[8.949,46.05631],[8.94993,46.05628],[8.95069,46.05623],[8.95133,46.05616],[8.95228,46.05615],[8.95277,46.05626],[8.95329,46.05664],[8.95351,46.0573],[8.95352,46.05829],[8.95354,46.05847],[8.95365,46.05883],[8.95368,46.05917],[8.9536,46.05946],[8.95321,46.06033],[8.95315,46.06054],[8.95304,46.06158],[8.95304,46.06195],[8.95287,46.06227],[8.95248,46.06259],[8.95228,46.06289],[8.95225,46.06351],[8.95208,46.06382],[8.95172,46.0641],[8.95107,46.06445],[8.95014,46.06479],[8.94968,46.0651],[8.94931,46.06524],[8.94864,46.06552],[8.94805,46.06575],[8.94792,46.06581],[8.94761,46.06591],[8.94718,46.0661],[8.94601,46.06657],[8.94583,46.06664],[8.94562,46.06671],[8.94539,46.06676],[8.94448,46.06691],[8.94397,46.06708],[8.94377,46.06722],[8.94315,46.06776],[8.94299,46.06793],[8.94289,46.06813],[8.94255,46.06912],[8.94252,46.06923],[8.94237,46.07015],[8.94237,46.07017],[8.9423,46.07057],[8.94229,46.07065],[8.94225,46.07137],[8.94222,46.07205],[8.94222,46.07208],[8.94219,46.07253],[8.94219,46.07255],[8.94217,46.0727],[8.94213,46.0729],[8.94201,46.07329],[8.94194,46.07346],[8.94173,46.07387],[8.94165,46.07406],[8.9415,46.07432],[8.94134,46.07453],[8.94116,46.07471],[8.94054,46.075],[8.93996,46.0751],[8.93954,46.07529],[8.93938,46.07543],[8.93926,46.07558],[8.93899,46.07602],[8.93851,46.07668],[8.93838,46.07684],[8.93814,46.07708],[8.93795,46.07724],[8.93775,46.07735],[8.93748,46.07745],[8.93702,46.07759],[8.9369,46.07762],[8.93681,46.07764],[8.93658,46.07768],[8.93564,46.0778],[8.93516,46.07774],[8.93495,46.07767],[8.93459,46.07745],[8.93438,46.07715],[8.93433,46.07683]]],[[[9.02421,46.12007],[9.02419,46.11998],[9.02418,46.1198],[9.02422,46.11958],[9.02424,46.11943],[9.02424,46.11926],[9.02437,46.11855],[9.02457,46.11766],[9.02483,46.11714],[9.02519,46.11687],[9.02611,46.11664],[9.02827,46.11588],[9.02899,46.11576],[9.03208,46.11574],[9.03283,46.11588],[9.03318,46.11611],[9.03341,46.11645],[9.0337,46.1172],[9.03381,46.11785],[9.03396,46.11821],[9.03431,46.1185],[9.03454,46.1186],[9.03566,46.11897],[9.03588,46.11902],[9.03611,46.11905],[9.03635,46.11905],[9.03658,46.11902],[9.03679,46.11896],[9.03786,46.11859],[9.03806,46.1185],[9.03838,46.11825],[9.03855,46.11795],[9.0386,46.11755],[9.03878,46.11723],[9.03913,46.11698],[9.03988,46.11681],[9.04245,46.11676],[9.04263,46.11674],[9.04624,46.11628],[9.04657,46.11627],[9.04707,46.11635],[9.04812,46.11685],[9.04833,46.11694],[9.04856,46.11699],[9.04881,46.11702],[9.04905,46.11701],[9.04929,46.11698],[9.04952,46.11691],[9.04972,46.11681],[9.04989,46.11668],[9.05003,46.11654],[9.05173,46.11426],[9.05229,46.11386],[9.05276,46.11375],[9.05326,46.11378],[9.05355,46.11386],[9.05479,46.11431],[9.06012,46.11694],[9.06028,46.11701],[9.06046,46.11706],[9.06743,46.11866],[9.06868,46.11909],[9.06892,46.11912],[9.06917,46.11912],[9.06987,46.11908],[9.07016,46.11904],[9.07042,46.11896],[9.07133,46.11843],[9.0717,46.1183],[9.07222,46.11825],[9.07273,46.11835],[9.07339,46.11873],[9.07389,46.11888],[9.07466,46.11929],[9.07534,46.11979],[9.07589,46.12009],[9.07637,46.12024],[9.07695,46.12031],[9.07739,46.12047],[9.07824,46.12117],[9.07846,46.12166],[9.07834,46.12247],[9.0783,46.12302],[9.07822,46.12319],[9.07792,46.12348],[9.07747,46.12371],[9.07636,46.12435],[9.07608,46.12458],[9.07584,46.12496],[9.07553,46.1253],[9.07531,46.12563],[9.07517,46.12579],[9.07501,46.12593],[9.07451,46.12629],[9.07448,46.12631],[9.07348,46.12699],[9.07332,46.12709],[9.07275,46.1274],[9.07256,46.12752],[9.07242,46.12767],[9.07193,46.12836],[9.07184,46.12887],[9.07155,46.12949],[9.07156,46.13036],[9.07154,46.13057],[9.07137,46.13089],[9.07104,46.13114],[9.07077,46.13125],[9.06991,46.13154],[9.06967,46.13164],[9.06946,46.13178],[9.06925,46.13197],[9.06906,46.13219],[9.06888,46.13248],[9.06884,46.13253],[9.06879,46.1326],[9.06828,46.13337],[9.06822,46.13345],[9.06796,46.1338],[9.0676,46.13435],[9.06729,46.13459],[9.06687,46.13473],[9.06572,46.13483],[9.06498,46.13484],[9.06452,46.13478],[9.06412,46.1346],[9.06369,46.13421],[9.06295,46.13382],[9.06217,46.13354],[9.0609,46.13259],[9.06046,46.13239],[9.06006,46.13206],[9.05838,46.12992],[9.05833,46.12986],[9.05608,46.12659],[9.05604,46.12653],[9.05487,46.12456],[9.05417,46.12377],[9.05379,46.12357],[9.05273,46.12319],[9.05232,46.12299],[9.05135,46.1224],[9.05092,46.12228],[9.05069,46.12227],[9.04952,46.12225],[9.0493,46.12226],[9.04908,46.1223],[9.04888,46.12236],[9.04774,46.12279],[9.04765,46.12283],[9.04573,46.12372],[9.04488,46.12411],[9.04458,46.12422],[9.04433,46.12427],[9.04381,46.12426],[9.04237,46.12382],[9.04212,46.12376],[9.04186,46.12374],[9.0416,46.12375],[9.04135,46.1238],[9.04111,46.12388],[9.04091,46.12399],[9.04043,46.12435],[9.03999,46.1245],[9.0395,46.12452],[9.03901,46.12445],[9.03815,46.12428],[9.03715,46.12381],[9.03644,46.12375],[9.03557,46.1239],[9.03527,46.1239],[9.03515,46.12389],[9.03467,46.12381],[9.03438,46.12373],[9.03417,46.12366],[9.03355,46.12337],[9.03293,46.12323],[9.03245,46.12323],[9.032,46.12335],[9.03118,46.12391],[9.03087,46.12436],[9.03015,46.12488],[9.02976,46.12508],[9.02947,46.12515],[9.02928,46.12518],[9.02879,46.12522],[9.02818,46.12522],[9.02775,46.12518],[9.02744,46.12515],[9.02633,46.12532],[9.02559,46.12523],[9.0252,46.12501],[9.02496,46.12471],[9.02474,46.12409],[9.02465,46.12359],[9.02457,46.12335],[9.02457,46.12333],[9.02446,46.12302],[9.02441,46.12284],[9.02436,46.1225],[9.02434,46.12208],[9.02428,46.12168],[9.02425,46.12136],[9.02425,46.12114],[9.02423,46.12093],[9.02425,46.12065],[9.02421,46.12007]]]]},"properties":{"bfs_nr":5212,"name":"Ponte Capriasca"}},{"type":"Feature","geometry":{"type":"Polygon","coordinates":[[[8.9394,46.02149],[8.9394,46.02127],[8.93956,46.02094],[8.9399,46.02067],[8.94036,46.02051],[8.94087,46.02049],[8.94135,46.02062],[8.94206,46.02099],[8.94216,46.02102],[8.94227,46.02106],[8.94244,46.02111],[8.94253,46.02113],[8.94273,46.02117],[8.94352,46.02127],[8.94411,46.02146],[8.94462,46.02152],[8.94507,46.02163],[8.94601,46.02179],[8.94635,46.02181],[8.94682,46.02196],[8.94737,46.02238],[8.94766,46.02258],[8.94768,46.0226],[8.9478,46.02268],[8.94796,46.02277],[8.94878,46.02309],[8.94914,46.02332],[8.95076,46.02405],[8.95134,46.02421],[8.95241,46.02413],[8.95314,46.02417],[8.95364,46.02405],[8.95404,46.0238],[8.95435,46.02344],[8.95476,46.02323],[8.95555,46.02306],[8.95618,46.0229],[8.95712,46.0227],[8.95789,46.02277],[8.9583,46.02298],[8.9585,46.02316],[8.95899,46.02373],[8.95901,46.02375],[8.95908,46.02383],[8.95913,46.02388],[8.95923,46.02397],[8.95929,46.02402],[8.95936,46.02408],[8.95941,46.02412],[8.95949,46.02417],[8.95956,46.02422],[8.95968,46.02429],[8.95976,46.02434],[8.95989,46.0244],[8.95996,46.02444],[8.96003,46.02447],[8.96008,46.02449],[8.96013,46.02451],[8.9602,46.02453],[8.96036,46.02459],[8.96037,46.02459],[8.96074,46.02475],[8.96095,46.02482],[8.96139,46.02488],[8.96308,46.02492],[8.96353,46.02505],[8.96377,46.02519],[8.96472,46.02586],[8.96473,46.02587],[8.96573,46.02657],[8.96593,46.02675],[8.96612,46.02709],[8.96614,46.02732],[8.96605,46.02877],[8.96603,46.02891],[8.96593,46.02937],[8.96584,46.0296],[8.96555,46.02992],[8.96534,46.03003],[8.96504,46.03014],[8.96293,46.0307],[8.96268,46.03079],[8.9623,46.03096],[8.96179,46.03125],[8.96118,46.03145],[8.96083,46.03163],[8.95998,46.03224],[8.95926,46.03243],[8.95866,46.03241],[8.95821,46.0323],[8.95763,46.03194],[8.95646,46.03148],[8.95579,46.03138],[8.95522,46.03119],[8.95452,46.03118],[8.95392,46.0313],[8.95348,46.03132],[8.9525,46.03149],[8.95151,46.03151],[8.95119,46.03156],[8.95087,46.03156],[8.95024,46.03148],[8.94969,46.03132],[8.94856,46.03115],[8.94784,46.03092],[8.94706,46.03083],[8.94644,46.03051],[8.94401,46.02838],[8.94378,46.02784],[8.94369,46.02767],[8.94354,46.02752],[8.94336,46.02739],[8.94316,46.02727],[8.94301,46.02714],[8.94282,46.02684],[8.9428,46.02651],[8.94309,46.0256],[8.943,46.02525],[8.94289,46.0251],[8.94217,46.02431],[8.94163,46.02392],[8.9413,46.02355],[8.94114,46.02344],[8.94094,46.02335],[8.94051,46.02318],[8.94009,46.02296],[8.93998,46.02286],[8.93972,46.02254],[8.93962,46.02237],[8.93956,46.0222],[8.93946,46.02177],[8.93945,46.02175],[8.9394,46.02154],[8.9394,46.02149]]]},"properties":{"bfs_nr":5214,"name":"Porza"}},{"type":"Feature","geometry":{"type":"Polygon","coordinates":[[[8.85231,45.98773],[8.85212,45.98758],[8.85188,45.9871],[8.85205,45.98661],[8.85237,45.98635],[8.8529,45.98615],[8.85326,45.98591],[8.85383,45.98536],[8.85441,45.985],[8.85484,45.98453],[8.85501,45.98437],[8.85513,45.98429],[8.85519,45.98425],[8.85542,45.9841],[8.85621,45.98378],[8.85659,45.98365],[8.85678,45.98354],[8.85694,45.98341],[8.85706,45.98326],[8.85723,45.98288],[8.85722,45.98204],[8.85733,45.98183],[8.85757,45.9815],[8.85764,45.98137],[8.85792,45.98104],[8.85847,45.98056],[8.85858,45.98042],[8.85865,45.98027],[8.85868,45.98012],[8.85878,45.97881],[8.85877,45.97865],[8.85864,45.97834],[8.85793,45.97765],[8.8578,45.97732],[8.8578,45.97716],[8.85811,45.97617],[8.8584,45.97584],[8.8589,45.97545],[8.86034,45.9743],[8.86037,45.97427],[8.86222,45.97268],[8.8623,45.97261],[8.8632,45.97165],[8.86362,45.97135],[8.86413,45.97122],[8.86473,45.97125],[8.86539,45.97139],[8.86586,45.97147],[8.8664,45.9717],[8.86787,45.97265],[8.86938,45.97361],[8.86975,45.97398],[8.86989,45.97412],[8.86997,45.97419],[8.87003,45.97423],[8.87023,45.97439],[8.87029,45.97443],[8.87047,45.97455],[8.87187,45.97538],[8.87213,45.97561],[8.87233,45.97576],[8.87363,45.97653],[8.87385,45.97681],[8.87399,45.97716],[8.87421,45.97744],[8.87514,45.97802],[8.87532,45.97822],[8.8754,45.97833],[8.87543,45.97837],[8.87562,45.9786],[8.87567,45.97865],[8.8757,45.97868],[8.87635,45.9793],[8.87667,45.98017],[8.87724,45.98085],[8.87804,45.98142],[8.87839,45.98176],[8.87849,45.98213],[8.87837,45.98249],[8.87747,45.98339],[8.87673,45.9839],[8.87615,45.9845],[8.87596,45.98482],[8.87594,45.985],[8.87604,45.98534],[8.87613,45.98546],[8.8763,45.98567],[8.87639,45.98587],[8.87646,45.98612],[8.8763,45.98664],[8.87596,45.98691],[8.87543,45.98715],[8.87506,45.98757],[8.87488,45.98815],[8.87429,45.98864],[8.87379,45.98923],[8.87341,45.98945],[8.87286,45.98958],[8.87242,45.9898],[8.87179,45.99056],[8.87113,45.9908],[8.87,45.99084],[8.86956,45.99098],[8.86911,45.99136],[8.869,45.99205],[8.86882,45.99239],[8.86844,45.99265],[8.86789,45.9928],[8.86622,45.993],[8.86526,45.99307],[8.8642,45.9931],[8.86385,45.99309],[8.86352,45.99303],[8.85806,45.99151],[8.85652,45.99128],[8.85609,45.99109],[8.8558,45.99079],[8.8557,45.99044],[8.85587,45.98971],[8.85577,45.98936],[8.85548,45.98907],[8.85528,45.98895],[8.85505,45.98887],[8.85407,45.98859],[8.853,45.98819],[8.85231,45.98773]]]},"properties":{"bfs_nr":5216,"name":"Pura"}},{"type":"Feature","geometry":{"type":"Polygon","coordinates":[[[8.93572,46.01699],[8.9362,46.0169],[8.93645,46.01683],[8.93677,46.01671],[8.93739,46.01651],[8.93748,46.01648],[8.93819,46.01621],[8.93905,46.01583],[8.9395,46.01575],[8.94018,46.0158],[8.94065,46.01574],[8.94175,46.01538],[8.94226,46.01533],[8.94275,46.01543],[8.9437,46.01593],[8.94379,46.01598],[8.94383,46.016],[8.94393,46.01604],[8.94397,46.01605],[8.94406,46.01609],[8.94409,46.0161],[8.94422,46.01613],[8.9443,46.01615],[8.94437,46.01616],[8.9457,46.0164],[8.94572,46.0164],[8.94706,46.01663],[8.94801,46.01696],[8.94874,46.01697],[8.94927,46.01681],[8.95012,46.01677],[8.95081,46.01701],[8.95111,46.0173],[8.95131,46.01778],[8.95128,46.01813],[8.95106,46.01844],[8.95045,46.01897],[8.95027,46.01955],[8.95029,46.01989],[8.95049,46.0202],[8.95064,46.02035],[8.95073,46.02043],[8.95122,46.02081],[8.95149,46.02097],[8.95166,46.02105],[8.9518,46.0211],[8.95217,46.02122],[8.95239,46.02134],[8.95298,46.02208],[8.95335,46.02233],[8.95355,46.02252],[8.95372,46.02284],[8.95373,46.0232],[8.95336,46.02368],[8.95292,46.02387],[8.95145,46.02401],[8.95076,46.02396],[8.95025,46.02381],[8.94936,46.0234],[8.94903,46.02316],[8.94796,46.02276],[8.94776,46.02265],[8.94769,46.02261],[8.94765,46.02258],[8.94761,46.02255],[8.94733,46.0223],[8.94717,46.02211],[8.94682,46.02188],[8.94637,46.02175],[8.94553,46.0217],[8.94442,46.02146],[8.94402,46.02131],[8.9433,46.0212],[8.94294,46.0212],[8.94263,46.02115],[8.94256,46.02114],[8.94242,46.0211],[8.94229,46.02107],[8.94217,46.02103],[8.94192,46.02091],[8.94129,46.02055],[8.94031,46.02019],[8.9391,46.01962],[8.93842,46.01949],[8.93759,46.01947],[8.93717,46.01936],[8.93693,46.01925],[8.93644,46.01894],[8.93625,46.01887],[8.93604,46.01881],[8.93572,46.01875],[8.93542,46.01867],[8.93503,46.01844],[8.93479,46.01813],[8.93479,46.01761],[8.93503,46.0173],[8.93572,46.01699]]]},"properties":{"bfs_nr":5221,"name":"Savosa"}},{"type":"Feature","geometry":{"type":"Polygon","coordinates":[[[8.92958,46.001],[8.9292,46.00068],[8.92906,46.00033],[8.92913,45.99997],[8.92939,45.99966],[8.93006,45.99939],[8.93079,45.99935],[8.93139,45.99917],[8.93178,45.99887],[8.93201,45.99846],[8.93198,45.99813],[8.9319,45.99797],[8.93178,45.99782],[8.93144,45.99746],[8.93078,45.99684],[8.93064,45.99665],[8.93054,45.99631],[8.93075,45.99582],[8.93132,45.99549],[8.93237,45.99528],[8.93269,45.99529],[8.93312,45.99534],[8.93375,45.99545],[8.93448,45.99541],[8.93549,45.99512],[8.93628,45.99511],[8.93673,45.99506],[8.93805,45.99471],[8.93855,45.99472],[8.93902,45.99485],[8.93974,45.99521],[8.94009,45.99549],[8.94026,45.99602],[8.94002,45.99668],[8.94022,45.99724],[8.94057,45.99757],[8.94085,45.99817],[8.94139,45.99856],[8.942,45.99881],[8.94228,45.9991],[8.94246,45.99957],[8.94246,45.99992],[8.94228,46.00024],[8.94193,46.00049],[8.94142,46.00069],[8.94066,46.00112],[8.94001,46.00184],[8.93963,46.00206],[8.93941,46.00213],[8.93907,46.00218],[8.93884,46.00223],[8.93863,46.00231],[8.93844,46.00242],[8.93829,46.00255],[8.93817,46.00269],[8.93809,46.00285],[8.93771,46.004],[8.93761,46.00421],[8.9373,46.0045],[8.93673,46.00474],[8.93603,46.00512],[8.93538,46.00522],[8.93491,46.00517],[8.93432,46.00488],[8.9332,46.00453],[8.93234,46.00448],[8.93188,46.00431],[8.93157,46.00403],[8.93143,46.00368],[8.93145,46.00324],[8.93139,46.00287],[8.93142,46.00229],[8.93131,46.00196],[8.93085,46.00158],[8.93003,46.00128],[8.92958,46.001]]]},"properties":{"bfs_nr":5225,"name":"Sorengo"}},{"type":"Feature","geometry":{"type":"MultiPolygon","coordinates":[[[[8.93389,46.07403],[8.93363,46.07413],[8.93344,46.07392],[8.93386,46.07369],[8.93402,46.07349],[8.93405,46.07318],[8.93398,46.07284],[8.93392,46.07263],[8.93432,46.07211],[8.93668,46.07177],[8.93759,46.07108],[8.93807,46.0706],[8.9384,46.07005],[8.93869,46.07011],[8.93863,46.07019],[8.93854,46.07036],[8.93841,46.07055],[8.9386,46.07071],[8.93851,46.07106],[8.9382,46.07131],[8.93813,46.07136],[8.93791,46.07156],[8.938,46.07166],[8.93769,46.07223],[8.93713,46.07285],[8.93677,46.07325],[8.93646,46.07342],[8.93567,46.07303],[8.93478,46.07349],[8.93476,46.07357],[8.93389,46.07403]]],[[[8.933,46.07856],[8.93306,46.07839],[8.93316,46.07823],[8.93346,46.07798],[8.93411,46.07778],[8.93558,46.07781],[8.93586,46.07779],[8.93662,46.07768],[8.93677,46.07765],[8.93692,46.07761],[8.937,46.07759],[8.93754,46.07744],[8.93776,46.07736],[8.93795,46.07725],[8.93811,46.07711],[8.93841,46.07681],[8.93849,46.07671],[8.939,46.07601],[8.93921,46.07566],[8.93938,46.07546],[8.93956,46.07531],[8.94002,46.07512],[8.94068,46.075],[8.94112,46.07477],[8.94128,46.07461],[8.94153,46.07428],[8.94163,46.07411],[8.94174,46.07385],[8.94196,46.07344],[8.942,46.07332],[8.94214,46.07287],[8.94217,46.07273],[8.94219,46.07254],[8.94219,46.07252],[8.94222,46.07208],[8.94222,46.07206],[8.94225,46.07137],[8.94225,46.07136],[8.94229,46.07067],[8.9423,46.07055],[8.94237,46.07016],[8.94237,46.07014],[8.94252,46.06926],[8.94256,46.0691],[8.94287,46.06818],[8.943,46.06793],[8.94321,46.0677],[8.94373,46.06726],[8.94398,46.06709],[8.94455,46.0669],[8.94543,46.06676],[8.94562,46.06672],[8.94579,46.06666],[8.94601,46.06657],[8.94602,46.06656],[8.9475,46.06598],[8.94805,46.06575],[8.94867,46.06551],[8.9498,46.0651],[8.95068,46.06466],[8.95204,46.06393],[8.95235,46.06369],[8.95256,46.0632],[8.95302,46.0627],[8.9532,46.0624],[8.95322,46.06208],[8.95307,46.06167],[8.95314,46.06059],[8.95323,46.06028],[8.95364,46.05938],[8.9537,46.05907],[8.95368,46.05892],[8.95356,46.05851],[8.95352,46.05825],[8.95351,46.05724],[8.95309,46.05604],[8.95302,46.05507],[8.95343,46.05436],[8.95377,46.0541],[8.95497,46.05381],[8.95534,46.05358],[8.95556,46.05327],[8.95561,46.05312],[8.95564,46.05305],[8.95575,46.0528],[8.95576,46.05278],[8.95585,46.05257],[8.95586,46.05256],[8.95591,46.05242],[8.95596,46.05223],[8.95595,46.05204],[8.95575,46.05155],[8.95585,46.05104],[8.95614,46.05076],[8.95681,46.05053],[8.9574,46.05048],[8.95783,46.05034],[8.95817,46.0501],[8.95853,46.04939],[8.95876,46.04908],[8.95914,46.04886],[8.95943,46.04877],[8.96012,46.04865],[8.96036,46.0486],[8.96109,46.04837],[8.96131,46.04828],[8.96167,46.04802],[8.96195,46.04761],[8.96229,46.04736],[8.96251,46.04727],[8.96299,46.04719],[8.96324,46.0472],[8.96389,46.04733],[8.96463,46.04732],[8.96571,46.04713],[8.9663,46.04691],[8.96717,46.04629],[8.96766,46.04614],[8.96824,46.04613],[8.96875,46.04625],[8.96898,46.04627],[8.96953,46.04632],[8.96975,46.04632],[8.96997,46.0463],[8.97018,46.04626],[8.97078,46.04608],[8.97107,46.04602],[8.97154,46.04602],[8.97234,46.04635],[8.97282,46.04701],[8.97292,46.04762],[8.97317,46.04793],[8.97405,46.04861],[8.97424,46.04897],[8.97425,46.04966],[8.97451,46.05005],[8.9752,46.05063],[8.97538,46.05094],[8.97539,46.05128],[8.97512,46.05191],[8.9751,46.05233],[8.97497,46.05263],[8.97497,46.05313],[8.97519,46.05345],[8.97558,46.05369],[8.97628,46.05386],[8.97671,46.05408],[8.97702,46.0544],[8.97772,46.05492],[8.97794,46.05526],[8.97795,46.0558],[8.97805,46.05626],[8.9779,46.05695],[8.97797,46.05735],[8.97788,46.05771],[8.97772,46.05791],[8.97761,46.05802],[8.97733,46.05824],[8.9769,46.05876],[8.97674,46.05923],[8.97682,46.05975],[8.97737,46.06055],[8.97738,46.0607],[8.97739,46.06074],[8.9774,46.06081],[8.97741,46.0609],[8.97742,46.06093],[8.97747,46.06121],[8.97747,46.06132],[8.97746,46.06149],[8.97747,46.06161],[8.97747,46.06182],[8.97776,46.06255],[8.97823,46.0629],[8.9788,46.06307],[8.97919,46.06329],[8.97948,46.06375],[8.97941,46.06435],[8.97952,46.06468],[8.9798,46.06496],[8.98017,46.06519],[8.98035,46.06537],[8.98067,46.0656],[8.981,46.06593],[8.98174,46.0663],[8.98244,46.06681],[8.98272,46.06712],[8.98289,46.06752],[8.98315,46.06778],[8.98369,46.0681],[8.98403,46.06853],[8.98425,46.06874],[8.98441,46.06886],[8.98458,46.06896],[8.98479,46.06904],[8.98501,46.06909],[8.9865,46.06912],[8.98684,46.06922],[8.98729,46.06939],[8.98746,46.06949],[8.98779,46.06979],[8.98795,46.06998],[8.98816,46.07018],[8.98857,46.07049],[8.98886,46.07086],[8.98901,46.07097],[8.98935,46.07116],[8.98954,46.07124],[8.98975,46.07132],[8.99002,46.07142],[8.99054,46.07158],[8.99174,46.07187],[8.99284,46.07191],[8.99331,46.072],[8.99385,46.07225],[8.9942,46.07255],[8.9946,46.07275],[8.996,46.07311],[8.99699,46.07318],[8.99765,46.07345],[8.99817,46.0735],[8.99904,46.07345],[8.99948,46.07358],[8.99986,46.07379],[9.00003,46.07388],[9.00018,46.07394],[9.00039,46.07401],[9.0006,46.07405],[9.00081,46.07407],[9.00132,46.07406],[9.00158,46.07409],[9.00205,46.07426],[9.00266,46.07481],[9.00312,46.07501],[9.0041,46.07523],[9.00472,46.07571],[9.00495,46.07582],[9.00541,46.07599],[9.00551,46.07604],[9.00576,46.07621],[9.00596,46.07644],[9.00601,46.07651],[9.00602,46.07653],[9.0061,46.07663],[9.00616,46.07672],[9.0062,46.07676],[9.00635,46.07689],[9.00654,46.07701],[9.00696,46.07723],[9.00715,46.07732],[9.00765,46.07752],[9.00792,46.0776],[9.00867,46.07776],[9.00945,46.07785],[9.01095,46.07796],[9.01126,46.07801],[9.0115,46.07808],[9.01178,46.07822],[9.01202,46.07834],[9.01229,46.07841],[9.01232,46.07841],[9.01263,46.07844],[9.01336,46.07848],[9.01462,46.07852],[9.01497,46.07861],[9.01524,46.07873],[9.01558,46.07894],[9.01568,46.07899],[9.01584,46.07906],[9.01681,46.07943],[9.01769,46.07987],[9.0181,46.08032],[9.01813,46.08068],[9.01783,46.08132],[9.01743,46.08194],[9.01708,46.08305],[9.01715,46.08422],[9.01733,46.08457],[9.01749,46.08472],[9.0177,46.08484],[9.01793,46.08493],[9.01819,46.08498],[9.01845,46.085],[9.02053,46.08497],[9.02121,46.08489],[9.02169,46.08493],[9.02229,46.08521],[9.02262,46.08572],[9.02313,46.08614],[9.02362,46.08627],[9.02406,46.08627],[9.02434,46.08631],[9.02463,46.08639],[9.02498,46.0866],[9.02521,46.08689],[9.02527,46.0871],[9.0253,46.08727],[9.0253,46.08728],[9.02545,46.08815],[9.02545,46.08839],[9.02538,46.08862],[9.02504,46.08941],[9.02492,46.09011],[9.02487,46.0903],[9.0247,46.09065],[9.02454,46.09129],[9.02451,46.09189],[9.0239,46.09283],[9.02391,46.09315],[9.02408,46.09346],[9.02572,46.09529],[9.02595,46.09579],[9.0263,46.09885],[9.02623,46.09929],[9.02598,46.09979],[9.02605,46.10014],[9.0265,46.10057],[9.02697,46.10074],[9.02745,46.10109],[9.0276,46.10141],[9.02755,46.10215],[9.02764,46.10254],[9.0279,46.10283],[9.02836,46.10313],[9.02859,46.1034],[9.0288,46.1036],[9.02898,46.10371],[9.02912,46.1038],[9.02948,46.10398],[9.02978,46.10416],[9.02996,46.1043],[9.03034,46.10475],[9.03048,46.10497],[9.03059,46.10518],[9.0306,46.10522],[9.03072,46.10568],[9.03086,46.10598],[9.03101,46.1065],[9.0312,46.107],[9.03123,46.10729],[9.03123,46.10736],[9.03124,46.1075],[9.03127,46.10762],[9.03129,46.10769],[9.03136,46.10784],[9.03145,46.10798],[9.0316,46.10816],[9.03211,46.10864],[9.03244,46.10911],[9.03299,46.11034],[9.03309,46.11051],[9.03324,46.11066],[9.03373,46.11105],[9.03387,46.11115],[9.03403,46.11123],[9.0347,46.11151],[9.03487,46.11158],[9.03505,46.11162],[9.03624,46.11183],[9.03833,46.11228],[9.03841,46.1123],[9.04132,46.11302],[9.04161,46.11307],[9.04388,46.11324],[9.04392,46.11324],[9.04688,46.11339],[9.04696,46.11339],[9.05018,46.11342],[9.05076,46.1135],[9.05118,46.11371],[9.05151,46.1142],[9.05147,46.11456],[9.05135,46.11477],[9.05006,46.1165],[9.04989,46.11668],[9.04952,46.1169],[9.04905,46.11701],[9.04881,46.11702],[9.04833,46.11693],[9.04807,46.11682],[9.0473,46.11643],[9.04707,46.11634],[9.04683,46.11628],[9.04657,46.11626],[9.04631,46.11628],[9.04268,46.11674],[9.0424,46.11676],[9.03982,46.11682],[9.03912,46.11698],[9.03878,46.11723],[9.03859,46.11755],[9.03855,46.11795],[9.03838,46.11825],[9.03806,46.1185],[9.0378,46.11861],[9.03685,46.11894],[9.03657,46.11902],[9.03635,46.11905],[9.03588,46.11902],[9.03561,46.11895],[9.0346,46.11862],[9.03431,46.1185],[9.03396,46.11821],[9.0338,46.1178],[9.03372,46.11724],[9.0334,46.11641],[9.03319,46.11611],[9.03283,46.11588],[9.03214,46.11574],[9.02892,46.11576],[9.02834,46.11585],[9.02642,46.11653],[9.02613,46.1166],[9.0255,46.11669],[9.02509,46.11687],[9.0248,46.11713],[9.02458,46.11762],[9.02434,46.11862],[9.02424,46.11918],[9.02419,46.11972],[9.02419,46.11994],[9.02421,46.12044],[9.02424,46.12069],[9.02423,46.12085],[9.02423,46.12099],[9.02425,46.12138],[9.02429,46.12171],[9.02434,46.12212],[9.02435,46.12248],[9.02441,46.12287],[9.02444,46.12299],[9.02457,46.12334],[9.02458,46.12336],[9.02464,46.12354],[9.02468,46.12382],[9.02468,46.12383],[9.02472,46.12404],[9.02492,46.12467],[9.02491,46.12501],[9.02466,46.12542],[9.02366,46.12606],[9.02343,46.12617],[9.02318,46.12626],[9.02226,46.12651],[9.02195,46.12657],[9.02143,46.12656],[9.02076,46.12647],[9.01732,46.12656],[9.01705,46.12659],[9.0168,46.12665],[9.01657,46.12675],[9.01622,46.12705],[9.01588,46.12757],[9.01551,46.1278],[9.01523,46.12789],[9.01266,46.12852],[9.01247,46.12856],[9.01141,46.12874],[9.01112,46.12881],[9.00992,46.12924],[9.00987,46.12926],[9.00817,46.12991],[9.00627,46.13051],[9.00552,46.13084],[9.00497,46.131],[9.00463,46.13102],[9.0043,46.13101],[9.00396,46.13098],[9.00364,46.1309],[9.00278,46.1306],[9.00233,46.13046],[9.00207,46.13036],[9.00197,46.13032],[9.00094,46.12986],[9.00084,46.12981],[8.99983,46.12929],[8.99957,46.12913],[8.99732,46.12746],[8.99659,46.12704],[8.99572,46.12674],[8.9957,46.12673],[8.99458,46.12633],[8.99428,46.12619],[8.99194,46.12492],[8.9917,46.12477],[8.99077,46.12406],[8.99059,46.12391],[8.99036,46.12367],[8.99026,46.12355],[8.99007,46.12331],[8.99006,46.1233],[8.9895,46.12258],[8.98938,46.12236],[8.98933,46.12218],[8.9894,46.12182],[8.98972,46.12143],[8.98984,46.12107],[8.98974,46.1207],[8.98908,46.11994],[8.98887,46.11961],[8.98879,46.1194],[8.98873,46.11914],[8.98877,46.11873],[8.98876,46.11832],[8.98874,46.11817],[8.98873,46.118],[8.98876,46.11784],[8.98877,46.11781],[8.98879,46.11766],[8.98878,46.11751],[8.98857,46.11678],[8.9883,46.11635],[8.98741,46.11545],[8.987,46.11524],[8.9865,46.11515],[8.98598,46.11516],[8.9855,46.11506],[8.98397,46.11459],[8.98256,46.11396],[8.98216,46.1137],[8.98152,46.11312],[8.98143,46.11304],[8.9807,46.1125],[8.98068,46.11249],[8.98017,46.11212],[8.98002,46.11203],[8.97998,46.11201],[8.97995,46.112],[8.97946,46.11173],[8.97925,46.11159],[8.97909,46.11149],[8.97887,46.11135],[8.97882,46.11132],[8.97766,46.11055],[8.97757,46.1105],[8.97529,46.10925],[8.97526,46.10923],[8.97413,46.10865],[8.97387,46.10854],[8.97126,46.10775],[8.97122,46.10774],[8.9687,46.10705],[8.96843,46.10695],[8.96819,46.10682],[8.96782,46.10658],[8.96781,46.10657],[8.96723,46.10618],[8.967,46.10599],[8.96683,46.10577],[8.9662,46.10463],[8.96609,46.10434],[8.9659,46.1034],[8.96574,46.10307],[8.96541,46.10281],[8.96505,46.10267],[8.96484,46.10256],[8.96315,46.10155],[8.96279,46.10126],[8.96248,46.10095],[8.96208,46.10069],[8.96186,46.1004],[8.96178,46.10007],[8.96168,46.09985],[8.9615,46.09953],[8.96137,46.09908],[8.9609,46.09866],[8.96001,46.09827],[8.95967,46.09793],[8.95933,46.09775],[8.95832,46.09741],[8.95764,46.09687],[8.95733,46.09626],[8.95706,46.09599],[8.95665,46.09581],[8.95618,46.09574],[8.95529,46.09588],[8.95477,46.09589],[8.95378,46.09564],[8.95311,46.09523],[8.95245,46.09504],[8.95158,46.09497],[8.95076,46.09462],[8.95027,46.09457],[8.94958,46.09475],[8.94896,46.09527],[8.9484,46.09606],[8.94802,46.09629],[8.94707,46.09662],[8.94634,46.09702],[8.94584,46.0971],[8.94558,46.09709],[8.9451,46.09695],[8.94485,46.09681],[8.94463,46.09666],[8.94442,46.09648],[8.94429,46.09632],[8.94416,46.09592],[8.94415,46.09512],[8.94405,46.09474],[8.94185,46.09119],[8.94094,46.08987],[8.94015,46.08842],[8.93964,46.08754],[8.93955,46.08733],[8.93963,46.08655],[8.93943,46.08536],[8.93947,46.08482],[8.93968,46.08451],[8.94014,46.0842],[8.94039,46.08388],[8.94039,46.08334],[8.94011,46.083],[8.93908,46.08236],[8.93809,46.08189],[8.93711,46.0814],[8.93676,46.08119],[8.93652,46.0811],[8.9362,46.08098],[8.93603,46.08088],[8.93579,46.08069],[8.93564,46.08059],[8.93538,46.08044],[8.93524,46.08036],[8.93499,46.08026],[8.93445,46.07996],[8.93373,46.07969],[8.93347,46.07954],[8.93315,46.07922],[8.93305,46.07902],[8.93301,46.07887],[8.93299,46.0787],[8.933,46.07856]]]]},"properties":{"bfs_nr":5226,"name":"Capriasca"}},{"type":"Feature","geometry":{"type":"Polygon","coordinates":[[[8.87776,46.08093],[8.87809,46.08024],[8.87812,46.07967],[8.8782,46.07948],[8.87837,46.07928],[8.87914,46.07851],[8.88066,46.0771],[8.88083,46.07688],[8.88141,46.07579],[8.88161,46.07552],[8.88231,46.07477],[8.88234,46.07475],[8.88294,46.07414],[8.88332,46.07386],[8.8839,46.07353],[8.88407,46.07342],[8.88522,46.0725],[8.88572,46.07222],[8.88786,46.07149],[8.88814,46.07136],[8.88891,46.07091],[8.88936,46.0708],[8.88967,46.07079],[8.89596,46.07094],[8.89708,46.07109],[8.89785,46.07095],[8.89806,46.07083],[8.89823,46.07069],[8.90198,46.06673],[8.90235,46.06645],[8.90427,46.06544],[8.90453,46.06526],[8.90626,46.06366],[8.90676,46.06336],[8.91002,46.06208],[8.91003,46.06208],[8.91239,46.06114],[8.91255,46.06107],[8.91622,46.05906],[8.91644,46.05891],[8.91737,46.05809],[8.91761,46.05792],[8.91807,46.05775],[8.9184,46.05771],[8.92081,46.05759],[8.92116,46.05759],[8.92119,46.05759],[8.92149,46.05756],[8.92165,46.05757],[8.92186,46.05757],[8.92205,46.05756],[8.92251,46.05751],[8.92277,46.05747],[8.92309,46.05739],[8.92332,46.05737],[8.92352,46.05737],[8.92361,46.05737],[8.92387,46.05736],[8.92446,46.0573],[8.9251,46.05721],[8.92551,46.05717],[8.92575,46.05714],[8.92643,46.05699],[8.9268,46.05695],[8.92731,46.05692],[8.92817,46.05677],[8.92849,46.05667],[8.93023,46.05598],[8.93095,46.05579],[8.93184,46.05583],[8.93245,46.05576],[8.93322,46.05586],[8.93362,46.0561],[8.93386,46.05642],[8.93394,46.0572],[8.93404,46.05751],[8.93414,46.05765],[8.93436,46.05789],[8.93452,46.05803],[8.93559,46.05881],[8.9359,46.05915],[8.93598,46.0595],[8.93572,46.06014],[8.93568,46.06061],[8.93576,46.06148],[8.93618,46.06196],[8.93639,46.06233],[8.93638,46.0627],[8.93575,46.06395],[8.93528,46.06436],[8.93483,46.06464],[8.9346,46.06495],[8.93455,46.0653],[8.9347,46.06564],[8.93502,46.06591],[8.9368,46.06691],[8.93706,46.06709],[8.93723,46.06724],[8.93741,46.06741],[8.93747,46.06748],[8.93769,46.06773],[8.93789,46.06806],[8.93801,46.0684],[8.93803,46.06854],[8.93804,46.06859],[8.9381,46.06883],[8.93812,46.06905],[8.93802,46.06937],[8.93775,46.06966],[8.93706,46.06991],[8.93417,46.07036],[8.93084,46.07078],[8.9308,46.07079],[8.92785,46.07122],[8.92776,46.07124],[8.92195,46.07241],[8.92166,46.07245],[8.91815,46.07277],[8.918,46.07278],[8.91557,46.07286],[8.91504,46.07296],[8.91276,46.07378],[8.91242,46.07388],[8.90905,46.07457],[8.90874,46.07466],[8.90404,46.07667],[8.90361,46.07681],[8.90204,46.07716],[8.90172,46.0772],[8.9012,46.07717],[8.9009,46.07708],[8.89888,46.0763],[8.89842,46.0762],[8.89546,46.07593],[8.89513,46.07587],[8.89483,46.07577],[8.89333,46.07513],[8.89308,46.07504],[8.8928,46.075],[8.89252,46.075],[8.89224,46.07504],[8.88896,46.07582],[8.88875,46.07589],[8.88856,46.07597],[8.88839,46.07608],[8.88826,46.07621],[8.88816,46.07636],[8.88669,46.07909],[8.88661,46.0794],[8.88663,46.07956],[8.88703,46.08121],[8.88705,46.08144],[8.88702,46.08162],[8.8868,46.08194],[8.88641,46.08218],[8.88592,46.0823],[8.8856,46.0823],[8.88383,46.0822],[8.88374,46.0822],[8.87901,46.08217],[8.8787,46.08215],[8.87806,46.08191],[8.87778,46.08163],[8.87768,46.08113],[8.87776,46.08093]]]},"properties":{"bfs_nr":5227,"name":"Torricella-Taverne"}},{"type":"Feature","geometry":{"type":"Polygon","coordinates":[[[8.86962,45.99791],[8.87002,45.99732],[8.87066,45.99698],[8.87095,45.99668],[8.87118,45.99612],[8.87122,45.99598],[8.87123,45.99583],[8.87122,45.99524],[8.87145,45.99444],[8.87226,45.9937],[8.8727,45.99352],[8.87335,45.99339],[8.8739,45.99313],[8.87435,45.99276],[8.8753,45.99246],[8.87598,45.99213],[8.87658,45.99199],[8.8773,45.99159],[8.87757,45.99149],[8.87816,45.99134],[8.8785,45.99127],[8.87877,45.99125],[8.87925,45.9913],[8.87996,45.99145],[8.88028,45.99155],[8.88096,45.9919],[8.88144,45.99201],[8.88194,45.99198],[8.88239,45.99182],[8.88272,45.99155],[8.88287,45.99122],[8.88286,45.99072],[8.88273,45.99041],[8.88239,45.99],[8.88232,45.98964],[8.88262,45.98874],[8.88316,45.98837],[8.88365,45.98827],[8.88415,45.98831],[8.8846,45.98848],[8.88515,45.98902],[8.8855,45.98929],[8.8863,45.98951],[8.88682,45.98978],[8.88742,45.99018],[8.88771,45.99035],[8.88798,45.99052],[8.88813,45.99064],[8.88842,45.99095],[8.88942,45.99172],[8.8898,45.99217],[8.88984,45.99251],[8.88956,45.99298],[8.88909,45.99326],[8.88882,45.99354],[8.88871,45.99387],[8.88879,45.99421],[8.88923,45.99495],[8.88963,45.99544],[8.89019,45.99597],[8.89038,45.9966],[8.88992,45.99807],[8.88969,45.99844],[8.88933,45.99868],[8.8875,45.99907],[8.88665,45.99914],[8.88606,45.99904],[8.88552,45.99907],[8.88504,45.99925],[8.88367,46.00003],[8.88266,46.00041],[8.88231,46.00046],[8.88144,46.00056],[8.88117,46.00057],[8.88048,46.00056],[8.88011,46.00058],[8.87926,46.00054],[8.87873,46.00061],[8.87727,46.00066],[8.87699,46.00069],[8.8765,46.00088],[8.87609,46.0012],[8.87545,46.00165],[8.87499,46.00187],[8.8745,46.00194],[8.87378,46.00186],[8.87308,46.00157],[8.87254,46.00145],[8.87171,46.00148],[8.87123,46.00141],[8.87062,46.00117],[8.87027,46.00093],[8.87012,46.00074],[8.86995,46.00048],[8.86986,46.00028],[8.86983,46.00008],[8.86979,45.99936],[8.86948,45.99838],[8.86962,45.99791]]]},"properties":{"bfs_nr":5230,"name":"Vernate"}},{"type":"Feature","geometry":{"type":"Polygon","coordinates":[[[8.9278,46.02832],[8.92804,46.02791],[8.9281,46.02737],[8.92816,46.02721],[8.92839,46.02686],[8.92848,46.02668],[8.92851,46.0265],[8.92842,46.02614],[8.92813,46.02578],[8.92803,46.02552],[8.92792,46.02507],[8.92788,46.0247],[8.92787,46.02462],[8.92785,46.02452],[8.92784,46.02446],[8.92768,46.02394],[8.92755,46.02352],[8.92753,46.02343],[8.92749,46.02326],[8.92748,46.02314],[8.92747,46.02302],[8.9275,46.02256],[8.92751,46.02249],[8.92756,46.02234],[8.92761,46.02222],[8.9277,46.02206],[8.92778,46.02188],[8.92777,46.02083],[8.92787,46.02051],[8.92825,46.02013],[8.92869,46.01955],[8.92908,46.01933],[8.92944,46.01923],[8.92966,46.01916],[8.92977,46.0191],[8.92996,46.01899],[8.93004,46.01892],[8.93008,46.01889],[8.93013,46.01884],[8.93016,46.01881],[8.93021,46.01876],[8.93024,46.01872],[8.93027,46.01868],[8.93033,46.0186],[8.93057,46.01828],[8.93058,46.01825],[8.93073,46.01806],[8.93075,46.01803],[8.93077,46.018],[8.93096,46.01781],[8.93115,46.01768],[8.93162,46.01752],[8.93213,46.01747],[8.93276,46.01755],[8.93329,46.01775],[8.93392,46.0183],[8.93443,46.01849],[8.93598,46.0188],[8.93624,46.01887],[8.93642,46.01894],[8.93698,46.01927],[8.9372,46.01938],[8.93745,46.01945],[8.93771,46.01949],[8.9383,46.01951],[8.93874,46.01963],[8.9391,46.01986],[8.93934,46.02033],[8.93932,46.02087],[8.93939,46.02146],[8.9394,46.02152],[8.93945,46.02176],[8.93946,46.02178],[8.93956,46.02223],[8.93961,46.02237],[8.9397,46.0225],[8.93988,46.02275],[8.93998,46.02286],[8.94013,46.02299],[8.94043,46.02315],[8.94083,46.02331],[8.9411,46.02344],[8.94128,46.02357],[8.94165,46.02398],[8.94224,46.02439],[8.9428,46.025],[8.94295,46.0252],[8.94303,46.02556],[8.94277,46.0266],[8.94278,46.02676],[8.94284,46.02693],[8.94294,46.02708],[8.94307,46.02722],[8.94344,46.02745],[8.94359,46.02757],[8.9437,46.0277],[8.94392,46.02826],[8.94387,46.0286],[8.94363,46.0289],[8.94304,46.02931],[8.9423,46.03004],[8.9421,46.03021],[8.94134,46.03075],[8.94113,46.03092],[8.94088,46.03107],[8.94014,46.03125],[8.93963,46.03118],[8.93845,46.0307],[8.93802,46.03057],[8.93754,46.03056],[8.93709,46.03067],[8.93637,46.03103],[8.93568,46.03115],[8.93483,46.03119],[8.93438,46.03108],[8.93366,46.03062],[8.93347,46.03055],[8.93338,46.03052],[8.93244,46.03018],[8.9322,46.03007],[8.9319,46.02991],[8.93181,46.02987],[8.93175,46.02984],[8.9314,46.02965],[8.93098,46.02951],[8.92962,46.0294],[8.92878,46.0294],[8.92832,46.02926],[8.92797,46.029],[8.92779,46.02867],[8.9278,46.02832]]]},"properties":{"bfs_nr":5231,"name":"Vezia"}},{"type":"Feature","geometry":{"type":"Polygon","coordinates":[[[8.91309,45.93277],[8.913,45.93258],[8.91299,45.93221],[8.91319,45.93187],[8.91377,45.93133],[8.91384,45.93099],[8.91359,45.93046],[8.91353,45.92963],[8.91339,45.92907],[8.91356,45.92846],[8.91356,45.92803],[8.9138,45.92732],[8.914,45.92702],[8.91435,45.92679],[8.91511,45.92657],[8.91606,45.92606],[8.91654,45.92595],[8.91704,45.92599],[8.91749,45.92615],[8.91821,45.92668],[8.91852,45.92699],[8.91892,45.92718],[8.91939,45.92725],[8.92014,45.92714],[8.92067,45.92713],[8.92116,45.92727],[8.92192,45.92773],[8.92218,45.92798],[8.92381,45.92882],[8.92523,45.92989],[8.92566,45.93011],[8.92617,45.93019],[8.92669,45.93011],[8.93028,45.92865],[8.93105,45.92851],[8.93174,45.92868],[8.93208,45.92894],[8.93251,45.9297],[8.93264,45.92988],[8.93323,45.93052],[8.93377,45.93117],[8.93378,45.93119],[8.93429,45.93177],[8.93434,45.93182],[8.93516,45.93262],[8.9353,45.93274],[8.93629,45.93343],[8.93633,45.93345],[8.93717,45.934],[8.93719,45.93401],[8.93798,45.93451],[8.93819,45.93461],[8.93841,45.9347],[8.93868,45.93484],[8.9389,45.93501],[8.93987,45.93596],[8.94014,45.93648],[8.94007,45.93682],[8.93983,45.93711],[8.9396,45.93726],[8.93599,45.93921],[8.93552,45.93958],[8.93519,45.93995],[8.93469,45.94022],[8.93413,45.94042],[8.93374,45.94061],[8.93316,45.94138],[8.93247,45.94187],[8.93208,45.9423],[8.93168,45.94259],[8.9303,45.94328],[8.92983,45.94336],[8.92912,45.94325],[8.92875,45.94303],[8.92847,45.94256],[8.92851,45.94182],[8.92823,45.94138],[8.92789,45.94109],[8.92775,45.94092],[8.92759,45.94053],[8.92727,45.94017],[8.92667,45.93991],[8.92619,45.93988],[8.92574,45.93997],[8.92035,45.94186],[8.92006,45.94194],[8.91981,45.94197],[8.91932,45.94193],[8.91889,45.94176],[8.91844,45.94132],[8.91624,45.93906],[8.9161,45.93889],[8.91601,45.93871],[8.91505,45.93609],[8.91499,45.93576],[8.91499,45.93485],[8.91496,45.93467],[8.91489,45.93451],[8.91477,45.93435],[8.91401,45.93355],[8.91328,45.93298],[8.91309,45.93277]]]},"properties":{"bfs_nr":5233,"name":"Vico Morcote"}},{"type":"Feature","geometry":{"type":"Polygon","coordinates":[[[8.89197,45.96692],[8.89218,45.96674],[8.89222,45.9667],[8.89316,45.96579],[8.89332,45.96558],[8.89356,45.96513],[8.89359,45.96508],[8.89378,45.96464],[8.89407,45.96428],[8.89448,45.96406],[8.89532,45.96399],[8.89981,45.96454],[8.90051,45.96473],[8.90141,45.96477],[8.90187,45.96485],[8.9025,45.96517],[8.90289,45.96528],[8.90373,45.96543],[8.90422,45.96541],[8.90467,45.96528],[8.90512,45.96488],[8.90522,45.96455],[8.90516,45.96389],[8.90492,45.96358],[8.90453,45.96336],[8.90362,45.9631],[8.90302,45.96272],[8.90286,45.96239],[8.90289,45.96203],[8.90312,45.96172],[8.90351,45.96149],[8.90447,45.96136],[8.90499,45.96117],[8.90526,45.96102],[8.90528,45.961],[8.90594,45.9606],[8.90609,45.9605],[8.90644,45.9602],[8.90667,45.96004],[8.90713,45.95987],[8.9079,45.95989],[8.90835,45.96008],[8.90909,45.96078],[8.90936,45.96127],[8.90987,45.96162],[8.91032,45.96172],[8.91166,45.96165],[8.91211,45.96174],[8.91253,45.96192],[8.91333,45.96222],[8.91366,45.96249],[8.91381,45.96283],[8.91374,45.96335],[8.91384,45.96369],[8.91411,45.96398],[8.91475,45.96423],[8.91524,45.96424],[8.91638,45.96407],[8.9168,45.96389],[8.91725,45.96355],[8.91772,45.96334],[8.91817,45.96324],[8.91864,45.96326],[8.91907,45.9634],[8.91929,45.96354],[8.9193,45.96355],[8.91952,45.96372],[8.91954,45.96373],[8.92055,45.96454],[8.92056,45.96456],[8.92107,45.96498],[8.92129,45.9652],[8.92138,45.96535],[8.92146,45.9656],[8.92152,45.9661],[8.92223,45.96701],[8.92392,45.96962],[8.92517,45.97186],[8.92593,45.97352],[8.92604,45.97369],[8.92619,45.97384],[8.92639,45.97397],[8.92662,45.97407],[8.92714,45.97415],[8.92802,45.97412],[8.92847,45.97425],[8.92883,45.97449],[8.92902,45.97481],[8.92906,45.97502],[8.92906,45.97511],[8.92905,45.97538],[8.92904,45.9755],[8.92904,45.97556],[8.92902,45.97565],[8.92902,45.9757],[8.929,45.97578],[8.92895,45.97597],[8.92876,45.97655],[8.92869,45.97686],[8.92862,45.97775],[8.92859,45.97863],[8.92839,45.97897],[8.92793,45.97929],[8.92734,45.98005],[8.92699,45.98026],[8.92668,45.98048],[8.92653,45.98061],[8.92638,45.98077],[8.92632,45.98085],[8.92607,45.98119],[8.92566,45.98185],[8.92477,45.98239],[8.92438,45.98257],[8.92408,45.98285],[8.92395,45.98318],[8.92409,45.9839],[8.92485,45.98495],[8.92531,45.98549],[8.92599,45.98592],[8.9265,45.98641],[8.92739,45.98677],[8.92786,45.98703],[8.92835,45.98747],[8.92913,45.98777],[8.92954,45.98802],[8.9299,45.98846],[8.93056,45.98883],[8.93106,45.98894],[8.93159,45.98894],[8.93207,45.98904],[8.93237,45.98907],[8.93381,45.98911],[8.93432,45.98919],[8.93515,45.98946],[8.9356,45.98948],[8.93673,45.98933],[8.9374,45.98953],[8.93772,45.98979],[8.93816,45.99053],[8.93821,45.991],[8.93855,45.99282],[8.93852,45.99321],[8.9383,45.99352],[8.93779,45.9939],[8.93735,45.99473],[8.93674,45.99505],[8.93624,45.99511],[8.93556,45.99501],[8.93478,45.99508],[8.93411,45.99535],[8.93362,45.99539],[8.93332,45.99536],[8.93318,45.99534],[8.93262,45.99528],[8.93237,45.99527],[8.93211,45.9953],[8.93151,45.99543],[8.93037,45.99558],[8.92983,45.9955],[8.92953,45.99537],[8.92916,45.99518],[8.92886,45.99502],[8.9286,45.99487],[8.92841,45.99478],[8.92782,45.99455],[8.9276,45.99448],[8.92637,45.99436],[8.92562,45.99413],[8.92515,45.99413],[8.92458,45.99425],[8.92416,45.99442],[8.92386,45.99468],[8.92362,45.99506],[8.92306,45.99538],[8.92258,45.99546],[8.9221,45.9954],[8.92168,45.99523],[8.92109,45.99454],[8.92072,45.99428],[8.92,45.99408],[8.91963,45.99389],[8.91929,45.99359],[8.9191,45.99348],[8.91888,45.99339],[8.91863,45.99333],[8.91838,45.99331],[8.91812,45.99333],[8.91757,45.9934],[8.91711,45.99337],[8.91625,45.99313],[8.91552,45.99267],[8.91533,45.99258],[8.91508,45.99247],[8.91475,45.99238],[8.91454,45.99234],[8.91407,45.99216],[8.91385,45.99205],[8.91299,45.9918],[8.91255,45.99159],[8.91235,45.99144],[8.91203,45.99114],[8.91202,45.99113],[8.91167,45.9908],[8.91163,45.99076],[8.91158,45.99072],[8.91143,45.99062],[8.91126,45.99053],[8.90964,45.98983],[8.90906,45.98969],[8.90625,45.98953],[8.90578,45.98937],[8.90517,45.98875],[8.90472,45.98837],[8.90221,45.98671],[8.90181,45.98624],[8.9018,45.98557],[8.90142,45.98352],[8.9014,45.98345],[8.90135,45.98328],[8.90129,45.98313],[8.90117,45.98292],[8.90115,45.98289],[8.89996,45.98064],[8.89988,45.98043],[8.89948,45.97899],[8.89928,45.97861],[8.89894,45.97815],[8.89835,45.97707],[8.89828,45.97687],[8.89823,45.9766],[8.89822,45.97654],[8.89814,45.97589],[8.89794,45.97506],[8.89793,45.97501],[8.89786,45.9748],[8.89779,45.97464],[8.89727,45.97371],[8.8968,45.9732],[8.89653,45.97268],[8.89636,45.97204],[8.89609,45.97146],[8.89599,45.9713],[8.89585,45.97116],[8.89507,45.9705],[8.89501,45.97046],[8.89332,45.9692],[8.89326,45.96916],[8.892,45.96814],[8.89181,45.96796],[8.89171,45.96779],[8.89165,45.96744],[8.8918,45.9671],[8.89197,45.96692]]]},"properties":{"bfs_nr":5236,"name":"Collina d'Oro"}},{"type":"Feature","geometry":{"type":"Polygon","coordinates":[[[8.83047,46.04736],[8.83015,46.04693],[8.83015,46.04657],[8.83036,46.04624],[8.83097,46.04591],[8.83205,46.0456],[8.83323,46.04491],[8.83405,46.04423],[8.8358,46.04368],[8.8362,46.04363],[8.83711,46.04364],[8.83834,46.04354],[8.83914,46.04342],[8.8394,46.04337],[8.83991,46.04333],[8.84021,46.0433],[8.84027,46.04329],[8.84043,46.04327],[8.84061,46.04324],[8.84118,46.0431],[8.84121,46.04309],[8.8415,46.04301],[8.84163,46.04298],[8.84198,46.04285],[8.84305,46.04258],[8.84478,46.042],[8.8455,46.04188],[8.84637,46.04152],[8.84693,46.04121],[8.84703,46.04115],[8.84726,46.041],[8.84774,46.04065],[8.84802,46.04049],[8.84833,46.04035],[8.84892,46.0401],[8.84949,46.03963],[8.8499,46.03945],[8.85092,46.03928],[8.85113,46.03923],[8.85133,46.03915],[8.8514,46.03911],[8.85176,46.03891],[8.85191,46.03883],[8.85236,46.0387],[8.8526,46.03868],[8.85293,46.03865],[8.85296,46.03865],[8.85302,46.03864],[8.85331,46.03863],[8.85411,46.0387],[8.85461,46.03884],[8.85527,46.03892],[8.85576,46.03885],[8.85617,46.03867],[8.85658,46.03833],[8.85704,46.03811],[8.85791,46.03779],[8.85815,46.03773],[8.85897,46.03765],[8.85925,46.0376],[8.85951,46.03751],[8.85971,46.03741],[8.86051,46.03691],[8.86076,46.03678],[8.86103,46.03668],[8.86151,46.03655],[8.86215,46.03625],[8.86285,46.03569],[8.86323,46.03548],[8.86341,46.03531],[8.86356,46.03505],[8.86365,46.03461],[8.86373,46.03438],[8.86385,46.03421],[8.8642,46.03388],[8.86433,46.03355],[8.86436,46.03278],[8.86426,46.03226],[8.86435,46.03162],[8.86454,46.03127],[8.86463,46.03093],[8.86466,46.03053],[8.86476,46.03013],[8.86464,46.02883],[8.86471,46.02852],[8.86493,46.02822],[8.86544,46.02779],[8.86585,46.02756],[8.86718,46.02737],[8.86743,46.02727],[8.86795,46.02704],[8.86837,46.02674],[8.86882,46.02656],[8.8696,46.02656],[8.87006,46.02674],[8.87034,46.02694],[8.87094,46.02725],[8.87189,46.02764],[8.87237,46.02774],[8.87306,46.02775],[8.87355,46.02791],[8.8738,46.02808],[8.87403,46.02826],[8.87417,46.02836],[8.87442,46.02851],[8.87455,46.02858],[8.87549,46.02902],[8.87683,46.02956],[8.87793,46.03014],[8.87838,46.03024],[8.87909,46.03017],[8.87984,46.02991],[8.88034,46.0299],[8.881,46.03012],[8.88154,46.03049],[8.88172,46.03069],[8.88186,46.03088],[8.88203,46.03106],[8.88286,46.03175],[8.88291,46.03179],[8.88456,46.03303],[8.88471,46.03312],[8.88561,46.03362],[8.88582,46.03371],[8.88628,46.0338],[8.88653,46.0338],[8.88677,46.03377],[8.88699,46.03371],[8.8872,46.03362],[8.88849,46.03292],[8.88877,46.0328],[8.88927,46.03271],[8.88978,46.03277],[8.89002,46.03285],[8.89027,46.03299],[8.89195,46.03411],[8.8937,46.03528],[8.89467,46.03593],[8.89503,46.03613],[8.89525,46.03619],[8.89549,46.03623],[8.89573,46.03624],[8.89651,46.03617],[8.89745,46.03639],[8.89833,46.03683],[8.89875,46.03714],[8.89893,46.03726],[8.89983,46.03779],[8.90001,46.03809],[8.9002,46.0387],[8.90051,46.03896],[8.90071,46.03906],[8.90109,46.0392],[8.90172,46.03938],[8.90195,46.0394],[8.90219,46.03939],[8.904,46.03919],[8.90411,46.03918],[8.9047,46.03908],[8.90494,46.03902],[8.90516,46.03893],[8.90594,46.03857],[8.90686,46.0384],[8.90721,46.03829],[8.90784,46.03826],[8.91193,46.03864],[8.91267,46.03886],[8.91297,46.03913],[8.91311,46.03946],[8.91305,46.03981],[8.9128,46.0402],[8.91275,46.04038],[8.91258,46.04149],[8.91251,46.04172],[8.91238,46.04194],[8.91195,46.04245],[8.9118,46.0426],[8.91164,46.04271],[8.91109,46.04298],[8.9107,46.0434],[8.91066,46.04356],[8.91066,46.04373],[8.91079,46.0448],[8.91084,46.04499],[8.91112,46.04532],[8.91194,46.0457],[8.91225,46.04598],[8.91238,46.04633],[8.91236,46.04656],[8.91217,46.04744],[8.91215,46.04763],[8.91268,46.05378],[8.91259,46.05421],[8.91242,46.05442],[8.91149,46.0554],[8.9113,46.05556],[8.91108,46.05569],[8.90939,46.05652],[8.90907,46.05675],[8.90896,46.05689],[8.90831,46.0579],[8.90822,46.0581],[8.9082,46.05831],[8.90831,46.05971],[8.9083,46.05991],[8.90825,46.06006],[8.90814,46.06025],[8.90577,46.06343],[8.90459,46.06512],[8.90438,46.06535],[8.90411,46.06553],[8.90231,46.06648],[8.90201,46.0667],[8.89826,46.07065],[8.89805,46.07083],[8.89784,46.07095],[8.89708,46.07109],[8.89604,46.07094],[8.88961,46.07078],[8.88936,46.07079],[8.88913,46.07084],[8.88891,46.07091],[8.88871,46.07101],[8.8882,46.07132],[8.88778,46.07151],[8.88566,46.07224],[8.88526,46.07246],[8.88411,46.07339],[8.88386,46.07355],[8.88325,46.0739],[8.88299,46.07409],[8.88233,46.07476],[8.88231,46.07478],[8.88157,46.07556],[8.88144,46.07574],[8.88087,46.07682],[8.8806,46.07716],[8.87913,46.07852],[8.87911,46.07854],[8.87833,46.07931],[8.87819,46.07948],[8.87811,46.07967],[8.87808,46.08024],[8.87741,46.08161],[8.87707,46.08201],[8.87665,46.08226],[8.87473,46.08313],[8.87448,46.08323],[8.87421,46.08329],[8.8733,46.08344],[8.87183,46.08385],[8.8715,46.08392],[8.87116,46.08393],[8.86929,46.08387],[8.86907,46.08387],[8.86773,46.08399],[8.86762,46.084],[8.86641,46.08419],[8.86609,46.08421],[8.86531,46.08404],[8.864,46.08343],[8.8616,46.08204],[8.86133,46.08185],[8.86075,46.08135],[8.86062,46.08123],[8.85867,46.0791],[8.85854,46.07892],[8.85816,46.07833],[8.8574,46.07735],[8.85688,46.07671],[8.85633,46.07584],[8.85597,46.07559],[8.85548,46.07545],[8.85496,46.07546],[8.85442,46.07555],[8.85406,46.07558],[8.85383,46.07559],[8.8535,46.07557],[8.85302,46.07545],[8.85253,46.07504],[8.85246,46.07446],[8.85291,46.07294],[8.85411,46.06864],[8.85414,46.06851],[8.85457,46.06183],[8.85442,46.06136],[8.8513,46.05736],[8.84579,46.05044],[8.84479,46.04924],[8.84427,46.04889],[8.84381,46.0488],[8.84332,46.04883],[8.84247,46.0491],[8.83724,46.05056],[8.83566,46.05103],[8.83507,46.05112],[8.83455,46.05103],[8.83393,46.05062],[8.8327,46.04913],[8.83047,46.04736]]]},"properties":{"bfs_nr":5237,"name":"Alto Malcantone"}},{"type":"Feature","geometry":{"type":"Polygon","coordinates":[[[8.86605,46.10344],[8.866,46.10317],[8.86599,46.10299],[8.86601,46.10284],[8.86609,46.10266],[8.86753,46.10009],[8.8676,46.09992],[8.86762,46.09975],[8.86758,46.09817],[8.86751,46.09789],[8.86622,46.09535],[8.8662,46.0953],[8.86548,46.09369],[8.86463,46.09232],[8.86453,46.09212],[8.86423,46.0913],[8.86419,46.09109],[8.8642,46.09086],[8.86439,46.09044],[8.86472,46.09018],[8.86516,46.09003],[8.86571,46.09],[8.87161,46.09047],[8.87186,46.09047],[8.87211,46.09044],[8.87234,46.09038],[8.87255,46.09028],[8.87366,46.08968],[8.87414,46.0895],[8.87928,46.08827],[8.87949,46.0882],[8.87985,46.08799],[8.87998,46.08786],[8.88241,46.08485],[8.8825,46.08471],[8.88343,46.08289],[8.8837,46.08256],[8.88408,46.08236],[8.88453,46.08226],[8.88483,46.08226],[8.88566,46.0823],[8.88592,46.0823],[8.88642,46.08219],[8.8868,46.08195],[8.88694,46.08179],[8.88702,46.08162],[8.88706,46.08144],[8.88704,46.08126],[8.88664,46.0796],[8.88661,46.0794],[8.88671,46.07906],[8.88814,46.07639],[8.88827,46.07622],[8.88856,46.07598],[8.88901,46.07581],[8.89217,46.07506],[8.89252,46.07501],[8.89307,46.07505],[8.89339,46.07516],[8.89488,46.0758],[8.89513,46.07588],[8.8954,46.07592],[8.89836,46.07619],[8.89894,46.07632],[8.90096,46.0771],[8.9012,46.07717],[8.90145,46.07721],[8.90172,46.07721],[8.90197,46.07717],[8.90369,46.07679],[8.90397,46.0767],[8.90867,46.07469],[8.90914,46.07455],[8.91248,46.07386],[8.91271,46.0738],[8.91498,46.07298],[8.91564,46.07286],[8.91802,46.07278],[8.91812,46.07277],[8.92171,46.07245],[8.9219,46.07242],[8.92773,46.07124],[8.92787,46.07122],[8.93079,46.07079],[8.93339,46.07046],[8.9342,46.07052],[8.93478,46.07086],[8.93495,46.0712],[8.93493,46.07155],[8.93472,46.07187],[8.93454,46.072],[8.93434,46.07213],[8.93403,46.07252],[8.93399,46.0727],[8.93399,46.07289],[8.93401,46.07299],[8.93402,46.07322],[8.93398,46.07341],[8.93388,46.07358],[8.93381,46.07365],[8.93369,46.07381],[8.93362,46.07397],[8.93359,46.07415],[8.93363,46.0745],[8.93385,46.07484],[8.93419,46.07513],[8.93437,46.07553],[8.93444,46.07597],[8.93436,46.0765],[8.93405,46.07699],[8.9334,46.07747],[8.93316,46.07795],[8.93304,46.07834],[8.933,46.07856],[8.93298,46.0787],[8.933,46.07884],[8.93304,46.079],[8.93306,46.07906],[8.93314,46.07922],[8.93346,46.07954],[8.93375,46.07972],[8.93422,46.07989],[8.93473,46.08015],[8.93506,46.0803],[8.93545,46.08048],[8.93561,46.08057],[8.93582,46.08072],[8.93601,46.08087],[8.93616,46.08096],[8.93624,46.081],[8.93682,46.08123],[8.93718,46.08145],[8.93816,46.08193],[8.939,46.08232],[8.93979,46.0829],[8.93995,46.08324],[8.93992,46.08358],[8.93959,46.08417],[8.93943,46.085],[8.93929,46.08539],[8.93897,46.08567],[8.93852,46.08585],[8.93801,46.08588],[8.93752,46.08578],[8.937,46.08552],[8.93683,46.08546],[8.93633,46.08531],[8.93602,46.08525],[8.93571,46.08525],[8.93413,46.08535],[8.93387,46.08535],[8.9336,46.08532],[8.93182,46.08503],[8.93123,46.08503],[8.93026,46.08518],[8.92971,46.08521],[8.92384,46.08498],[8.92377,46.08498],[8.92318,46.08494],[8.92289,46.0849],[8.92256,46.08482],[8.92234,46.08481],[8.92117,46.08478],[8.92034,46.08477],[8.92021,46.08476],[8.92016,46.08476],[8.9201,46.08476],[8.91986,46.08475],[8.91962,46.08475],[8.91895,46.08462],[8.91867,46.08461],[8.9179,46.08465],[8.9178,46.08466],[8.91774,46.08466],[8.91731,46.08471],[8.91697,46.08472],[8.9163,46.08463],[8.9159,46.08455],[8.91552,46.08437],[8.91517,46.08404],[8.91507,46.08389],[8.91498,46.08375],[8.91489,46.08361],[8.91482,46.08354],[8.91467,46.08339],[8.91426,46.08318],[8.91376,46.0831],[8.91325,46.08316],[8.91223,46.08343],[8.91128,46.08386],[8.90997,46.0842],[8.90943,46.08426],[8.90861,46.08414],[8.90792,46.08421],[8.90752,46.08438],[8.90657,46.08462],[8.90559,46.08463],[8.90499,46.08459],[8.90446,46.08467],[8.90368,46.08503],[8.90317,46.08515],[8.9022,46.08528],[8.90168,46.08528],[8.90056,46.08543],[8.90012,46.08556],[8.89993,46.08566],[8.89977,46.08579],[8.89966,46.08593],[8.89943,46.08627],[8.89919,46.08674],[8.89824,46.08771],[8.89788,46.08798],[8.89676,46.08825],[8.89637,46.08847],[8.89604,46.08892],[8.89572,46.08916],[8.89517,46.08939],[8.89443,46.08979],[8.89396,46.08985],[8.89276,46.08968],[8.89194,46.08987],[8.89124,46.09035],[8.89077,46.09054],[8.89024,46.09062],[8.88939,46.09104],[8.88875,46.0912],[8.888,46.0916],[8.88728,46.0918],[8.88683,46.09202],[8.88619,46.09279],[8.88582,46.09298],[8.88518,46.09312],[8.88476,46.09333],[8.88449,46.09364],[8.88443,46.09381],[8.88442,46.09399],[8.88446,46.09417],[8.88514,46.09595],[8.88524,46.09612],[8.88538,46.09627],[8.88556,46.0964],[8.88577,46.09651],[8.88606,46.09662],[8.88625,46.09673],[8.88653,46.09701],[8.88663,46.09734],[8.88661,46.09751],[8.88644,46.09783],[8.88626,46.098],[8.87727,46.10486],[8.87701,46.10518],[8.87694,46.10554],[8.87709,46.10589],[8.87724,46.10604],[8.87742,46.10617],[8.87798,46.10648],[8.87829,46.10664],[8.87853,46.10682],[8.87904,46.1071],[8.87934,46.10722],[8.87955,46.10729],[8.87984,46.10744],[8.88014,46.10766],[8.88111,46.10808],[8.88221,46.10822],[8.88299,46.10857],[8.88421,46.10892],[8.88493,46.109],[8.88542,46.10909],[8.88568,46.10912],[8.88578,46.10913],[8.88602,46.10912],[8.88646,46.10902],[8.88683,46.10883],[8.88729,46.10847],[8.88756,46.10829],[8.88789,46.10817],[8.88946,46.10773],[8.89029,46.10768],[8.89351,46.10809],[8.89374,46.10811],[8.89397,46.10809],[8.89733,46.10768],[8.9001,46.10745],[8.90276,46.10741],[8.90279,46.10741],[8.90451,46.10737],[8.90462,46.10736],[8.90591,46.10738],[8.90627,46.10741],[8.90655,46.10748],[8.90685,46.10762],[8.9093,46.10904],[8.90936,46.10907],[8.91031,46.10957],[8.91132,46.11012],[8.91155,46.11022],[8.91182,46.11028],[8.91319,46.11035],[8.91592,46.11076],[8.91617,46.11079],[8.91642,46.11077],[8.91666,46.11073],[8.91688,46.11065],[8.91708,46.11055],[8.91777,46.1101],[8.91781,46.11007],[8.91929,46.10904],[8.92091,46.10779],[8.92096,46.10774],[8.92109,46.10755],[8.92132,46.10718],[8.92161,46.10694],[8.9218,46.10686],[8.92206,46.10677],[8.92283,46.10659],[8.92288,46.10658],[8.92362,46.10642],[8.92401,46.10634],[8.92431,46.1063],[8.92484,46.10634],[8.92585,46.10655],[8.92604,46.10657],[8.92624,46.10658],[8.9277,46.10656],[8.92983,46.1065],[8.93056,46.10626],[8.93074,46.10611],[8.93117,46.10546],[8.9312,46.10511],[8.93077,46.103],[8.93113,46.10233],[8.9313,46.10175],[8.9316,46.10145],[8.93205,46.10126],[8.9327,46.10112],[8.93415,46.10091],[8.93458,46.10074],[8.9351,46.10034],[8.93602,46.09928],[8.93664,46.09869],[8.93715,46.09833],[8.9385,46.09786],[8.93933,46.09773],[8.93994,46.09752],[8.94025,46.09728],[8.94052,46.0969],[8.94072,46.09658],[8.9411,46.09631],[8.94192,46.09592],[8.94282,46.09568],[8.94331,46.0957],[8.94376,46.09584],[8.9441,46.09609],[8.94438,46.09647],[8.94452,46.09659],[8.94492,46.09686],[8.94512,46.09697],[8.94535,46.09706],[8.94561,46.09711],[8.94587,46.09712],[8.94638,46.09703],[8.94703,46.09667],[8.94822,46.09625],[8.94856,46.09596],[8.949,46.09524],[8.94956,46.09482],[8.95007,46.09467],[8.95057,46.09467],[8.95178,46.09513],[8.95268,46.09517],[8.95318,46.09531],[8.9538,46.09565],[8.95493,46.09597],[8.95543,46.09601],[8.95599,46.09596],[8.9567,46.09612],[8.95705,46.09637],[8.95743,46.09687],[8.95838,46.09746],[8.95903,46.09765],[8.95946,46.09789],[8.96012,46.09863],[8.96107,46.09915],[8.96141,46.09943],[8.96164,46.0998],[8.96179,46.10012],[8.96186,46.10043],[8.96208,46.10072],[8.96254,46.10102],[8.96284,46.10131],[8.96308,46.1015],[8.96493,46.10262],[8.96571,46.10306],[8.96591,46.10346],[8.9661,46.10439],[8.96618,46.10458],[8.96686,46.10582],[8.96699,46.106],[8.96717,46.10615],[8.96782,46.10658],[8.96783,46.10658],[8.96824,46.10685],[8.96843,46.10695],[8.96864,46.10703],[8.97121,46.10774],[8.97127,46.10776],[8.9738,46.10852],[8.97419,46.10868],[8.97525,46.10923],[8.9753,46.10925],[8.97754,46.11048],[8.97768,46.11056],[8.97882,46.11132],[8.97942,46.11171],[8.97996,46.112],[8.97998,46.11201],[8.9802,46.11215],[8.98069,46.1125],[8.9807,46.11251],[8.9814,46.11302],[8.98154,46.11314],[8.98219,46.11373],[8.98251,46.11394],[8.98367,46.11449],[8.98395,46.11478],[8.98403,46.11529],[8.98378,46.11607],[8.9833,46.11662],[8.98322,46.1171],[8.98286,46.11775],[8.98257,46.11805],[8.98219,46.11862],[8.98211,46.11877],[8.98199,46.11906],[8.98188,46.11927],[8.9816,46.1197],[8.98132,46.12],[8.98108,46.12018],[8.98048,46.12047],[8.97985,46.12057],[8.97932,46.12051],[8.97859,46.12028],[8.97806,46.12027],[8.97757,46.12042],[8.97683,46.1209],[8.97582,46.12146],[8.97569,46.12157],[8.97559,46.12166],[8.97543,46.12179],[8.97511,46.122],[8.97489,46.12211],[8.97452,46.12226],[8.9743,46.12231],[8.97406,46.12238],[8.9738,46.12248],[8.97328,46.12269],[8.97277,46.12299],[8.97236,46.12337],[8.972,46.12359],[8.97148,46.12405],[8.97133,46.1244],[8.97134,46.12459],[8.9714,46.12477],[8.9718,46.12554],[8.97188,46.12578],[8.97206,46.12655],[8.97224,46.12719],[8.97218,46.12794],[8.9725,46.12877],[8.97272,46.12983],[8.97266,46.1306],[8.97266,46.13188],[8.97275,46.1323],[8.97263,46.13265],[8.97212,46.13305],[8.97137,46.13317],[8.97064,46.13313],[8.96463,46.13383],[8.96417,46.13384],[8.96063,46.13365],[8.96011,46.13357],[8.95487,46.13222],[8.95448,46.13208],[8.9529,46.13136],[8.95266,46.13127],[8.95241,46.13122],[8.95215,46.13121],[8.95189,46.13124],[8.95164,46.1313],[8.95141,46.13139],[8.95122,46.13152],[8.95096,46.13183],[8.9509,46.13201],[8.95088,46.13212],[8.95083,46.13233],[8.9507,46.13265],[8.95058,46.13288],[8.95037,46.13319],[8.95025,46.13333],[8.94999,46.13361],[8.94975,46.13383],[8.94937,46.1341],[8.94911,46.13425],[8.94888,46.13434],[8.94855,46.1344],[8.94091,46.13531],[8.94066,46.13532],[8.94041,46.13531],[8.93971,46.13524],[8.9395,46.13523],[8.93928,46.13525],[8.93908,46.13529],[8.93855,46.13542],[8.93833,46.1355],[8.93813,46.1356],[8.93796,46.13573],[8.93738,46.13627],[8.9372,46.13642],[8.93683,46.13659],[8.93656,46.13665],[8.93411,46.13707],[8.93359,46.13725],[8.93272,46.13798],[8.9323,46.13816],[8.932,46.13822],[8.93055,46.13838],[8.93031,46.13843],[8.92989,46.13861],[8.92959,46.13889],[8.92943,46.13921],[8.92886,46.13967],[8.92862,46.13997],[8.9284,46.14069],[8.92821,46.14097],[8.9281,46.1413],[8.9282,46.1418],[8.92808,46.14253],[8.92788,46.14294],[8.92789,46.14362],[8.92754,46.14406],[8.92715,46.14425],[8.92692,46.1443],[8.92662,46.14433],[8.92608,46.14434],[8.92159,46.14447],[8.92149,46.14447],[8.9146,46.14506],[8.9144,46.14508],[8.91386,46.14525],[8.91354,46.14533],[8.91044,46.14591],[8.91041,46.14592],[8.90829,46.14636],[8.90811,46.14641],[8.90705,46.14675],[8.90654,46.14686],[8.90416,46.14714],[8.90389,46.14716],[8.90136,46.14721],[8.90102,46.14719],[8.89883,46.14696],[8.89853,46.14691],[8.89811,46.14674],[8.8976,46.14616],[8.89687,46.14548],[8.89637,46.14515],[8.89585,46.14421],[8.89579,46.14387],[8.896,46.14342],[8.89606,46.14292],[8.89588,46.14261],[8.89519,46.14215],[8.89497,46.14185],[8.8949,46.14146],[8.89434,46.14073],[8.89429,46.14038],[8.8944,46.13975],[8.89424,46.13926],[8.89428,46.13871],[8.89418,46.13838],[8.8936,46.13787],[8.89326,46.13738],[8.89316,46.13694],[8.8926,46.13593],[8.8922,46.13551],[8.89209,46.13509],[8.89174,46.13456],[8.89157,46.13419],[8.89158,46.13391],[8.89143,46.13324],[8.89164,46.13263],[8.89162,46.13225],[8.89138,46.13192],[8.89075,46.13157],[8.88979,46.13126],[8.88904,46.13113],[8.88849,46.13095],[8.8876,46.13086],[8.88694,46.13062],[8.88655,46.13034],[8.88641,46.13014],[8.88633,46.12977],[8.88638,46.12947],[8.88602,46.12868],[8.88596,46.12797],[8.8857,46.12768],[8.88503,46.12735],[8.88461,46.12688],[8.88458,46.12652],[8.88469,46.12616],[8.88464,46.12585],[8.88427,46.12531],[8.8836,46.12484],[8.88325,46.12454],[8.88309,46.12438],[8.88301,46.12431],[8.88281,46.12412],[8.88253,46.12377],[8.88242,46.12362],[8.88229,46.1234],[8.88223,46.12332],[8.8821,46.12309],[8.88202,46.12291],[8.8819,46.12271],[8.88165,46.1224],[8.88131,46.12199],[8.88073,46.12114],[8.88007,46.12046],[8.87989,46.12029],[8.87975,46.12019],[8.87935,46.11981],[8.87915,46.11948],[8.87909,46.11905],[8.879,46.11887],[8.87885,46.1187],[8.87813,46.11801],[8.87731,46.117],[8.87637,46.11607],[8.87616,46.1158],[8.87605,46.11555],[8.87574,46.1146],[8.87564,46.1144],[8.87533,46.11396],[8.87528,46.11389],[8.87523,46.11381],[8.87507,46.11347],[8.87491,46.11294],[8.87457,46.11249],[8.87442,46.11215],[8.87402,46.11073],[8.87372,46.11008],[8.87363,46.10982],[8.87359,46.10965],[8.87343,46.10919],[8.87335,46.10882],[8.87327,46.10863],[8.87312,46.10846],[8.87294,46.10829],[8.8729,46.10824],[8.8728,46.10809],[8.87244,46.10744],[8.87234,46.1072],[8.87223,46.10673],[8.87189,46.1056],[8.87181,46.10544],[8.87166,46.10518],[8.87165,46.10518],[8.8716,46.10509],[8.87146,46.10494],[8.87129,46.10482],[8.87108,46.10472],[8.8706,46.10461],[8.87035,46.10461],[8.87005,46.10463],[8.86971,46.10462],[8.86942,46.1046],[8.86913,46.10457],[8.86877,46.1045],[8.8686,46.10448],[8.86774,46.1044],[8.86685,46.10423],[8.86662,46.10414],[8.86644,46.10404],[8.86617,46.10377],[8.86605,46.10344]]]},"properties":{"bfs_nr":5238,"name":"Monteceneri"}},{"type":"Feature","geometry":{"type":"Polygon","coordinates":[[[8.78716,45.99128],[8.78652,45.99016],[8.78643,45.98962],[8.78661,45.9893],[8.78694,45.98906],[8.78739,45.98891],[8.78811,45.98886],[8.78932,45.98857],[8.79032,45.98849],[8.79082,45.98861],[8.7923,45.98965],[8.79244,45.99003],[8.79236,45.99111],[8.79252,45.99162],[8.79284,45.99188],[8.79328,45.99204],[8.79379,45.99209],[8.79566,45.99207],[8.79741,45.99185],[8.79862,45.99147],[8.79972,45.99124],[8.8008,45.99117],[8.80182,45.9912],[8.8027,45.99116],[8.8061,45.99084],[8.80763,45.99066],[8.80813,45.99053],[8.80949,45.98995],[8.80995,45.98985],[8.81095,45.98989],[8.81208,45.99018],[8.81271,45.99044],[8.8132,45.99051],[8.81393,45.99038],[8.81515,45.98962],[8.81786,45.98811],[8.81861,45.98778],[8.8194,45.98754],[8.82022,45.98741],[8.82158,45.98731],[8.82214,45.98735],[8.82326,45.98755],[8.82401,45.98778],[8.82449,45.98785],[8.82555,45.9877],[8.82618,45.98743],[8.82685,45.9873],[8.82781,45.98732],[8.82885,45.98767],[8.82969,45.98785],[8.83066,45.98799],[8.83113,45.98799],[8.83157,45.98787],[8.83253,45.98729],[8.83301,45.98659],[8.83364,45.98588],[8.83393,45.98542],[8.83454,45.98507],[8.83652,45.98466],[8.83752,45.98466],[8.83889,45.98434],[8.83925,45.98413],[8.83947,45.98383],[8.83969,45.98298],[8.8397,45.9823],[8.84009,45.98184],[8.84055,45.98165],[8.84192,45.98153],[8.84237,45.98144],[8.84274,45.98124],[8.8432,45.9806],[8.84335,45.97999],[8.84321,45.97939],[8.84334,45.9787],[8.8433,45.97824],[8.84342,45.97765],[8.844,45.9771],[8.84444,45.9769],[8.84563,45.97674],[8.84612,45.97655],[8.84714,45.97583],[8.84779,45.9752],[8.84836,45.97408],[8.84871,45.97363],[8.84926,45.97313],[8.85028,45.97253],[8.85153,45.97211],[8.85232,45.97175],[8.85283,45.97141],[8.85359,45.97074],[8.85595,45.96891],[8.85623,45.96872],[8.85763,45.96806],[8.85884,45.9672],[8.85939,45.96692],[8.85977,45.96663],[8.86058,45.96617],[8.86114,45.96594],[8.86216,45.96568],[8.86302,45.96556],[8.86353,45.96563],[8.86396,45.96583],[8.86424,45.96614],[8.86432,45.9665],[8.86427,45.96672],[8.86301,45.97017],[8.863,45.97058],[8.8633,45.97129],[8.8632,45.97161],[8.86306,45.9718],[8.86231,45.97259],[8.8622,45.9727],[8.86038,45.97427],[8.86033,45.97431],[8.85929,45.97514],[8.85907,45.97528],[8.85886,45.97538],[8.85842,45.97552],[8.85805,45.97578],[8.85786,45.97611],[8.85791,45.97674],[8.85779,45.97716],[8.85779,45.97733],[8.85792,45.97765],[8.85863,45.97834],[8.85877,45.97865],[8.85878,45.97885],[8.85868,45.98008],[8.85864,45.98027],[8.85847,45.98056],[8.85819,45.9808],[8.85786,45.98109],[8.85768,45.98131],[8.85755,45.98152],[8.85722,45.98199],[8.85708,45.98238],[8.85717,45.98276],[8.8571,45.98317],[8.85697,45.98336],[8.85681,45.98351],[8.8566,45.98364],[8.856,45.98385],[8.85552,45.98404],[8.85507,45.98432],[8.85487,45.98449],[8.8544,45.985],[8.8538,45.98533],[8.85329,45.98544],[8.85228,45.9855],[8.85147,45.98578],[8.85103,45.98621],[8.85101,45.98674],[8.85115,45.98705],[8.85115,45.9874],[8.85073,45.98821],[8.85072,45.98856],[8.85055,45.98891],[8.84976,45.98963],[8.84912,45.99013],[8.84877,45.99064],[8.8481,45.99113],[8.84779,45.99145],[8.84769,45.99181],[8.84775,45.99219],[8.8482,45.99291],[8.8482,45.99331],[8.84827,45.99356],[8.84838,45.99379],[8.84846,45.99392],[8.84886,45.99444],[8.84895,45.99456],[8.84905,45.99469],[8.84919,45.99482],[8.84953,45.99508],[8.84973,45.99539],[8.84976,45.99573],[8.84968,45.99594],[8.84832,45.99866],[8.84827,45.9988],[8.84825,45.99895],[8.84824,45.99946],[8.84825,45.99952],[8.84842,46.00144],[8.84827,46.00196],[8.84797,46.00222],[8.84756,46.00238],[8.84722,46.00244],[8.84691,46.00245],[8.84666,46.00242],[8.8462,46.00228],[8.84552,46.00186],[8.84456,46.00139],[8.84193,45.99928],[8.84144,45.99879],[8.84127,45.99865],[8.84106,45.99854],[8.84083,45.99845],[8.84057,45.99841],[8.8403,45.9984],[8.84004,45.99843],[8.83984,45.99847],[8.83962,45.99851],[8.83947,45.99855],[8.83821,45.99853],[8.83773,45.99868],[8.83737,45.99895],[8.83719,45.99929],[8.83699,46.00024],[8.83693,46.00061],[8.83673,46.00092],[8.83607,46.00128],[8.83535,46.0014],[8.83475,46.00144],[8.83407,46.00137],[8.83271,46.00101],[8.83119,46.00043],[8.83046,46.00025],[8.82995,46.0003],[8.82951,46.00048],[8.82913,46.00093],[8.82909,46.00111],[8.82928,46.00162],[8.83004,46.00227],[8.83036,46.00284],[8.83042,46.00322],[8.83058,46.00353],[8.83134,46.0042],[8.83156,46.00453],[8.83153,46.00526],[8.8317,46.00561],[8.83204,46.0059],[8.8323,46.00637],[8.83224,46.00695],[8.8321,46.00727],[8.83174,46.00765],[8.8314,46.0082],[8.83131,46.00868],[8.83112,46.00899],[8.83056,46.00931],[8.82963,46.0094],[8.82866,46.00927],[8.82791,46.00946],[8.82723,46.00948],[8.82668,46.00934],[8.82618,46.00901],[8.82599,46.00873],[8.82594,46.00866],[8.82585,46.00853],[8.82553,46.00809],[8.82541,46.00795],[8.82526,46.00782],[8.82507,46.00764],[8.8244,46.00702],[8.82428,46.00693],[8.82408,46.00679],[8.82389,46.00668],[8.82375,46.00661],[8.82369,46.00658],[8.8235,46.0065],[8.82301,46.00626],[8.82296,46.00623],[8.82253,46.00603],[8.82233,46.00591],[8.82207,46.0058],[8.82101,46.00562],[8.82029,46.00543],[8.81939,46.00538],[8.81911,46.00542],[8.81823,46.00576],[8.81753,46.00597],[8.81734,46.00607],[8.81717,46.00619],[8.81704,46.00633],[8.81701,46.00637],[8.81698,46.0064],[8.81684,46.00652],[8.81656,46.00674],[8.81634,46.00688],[8.8158,46.00709],[8.81516,46.00747],[8.81441,46.00779],[8.81405,46.00791],[8.81363,46.00801],[8.81282,46.00826],[8.81148,46.00844],[8.81115,46.0085],[8.81083,46.0086],[8.81054,46.00867],[8.8104,46.00869],[8.81032,46.00871],[8.81022,46.00872],[8.81004,46.00874],[8.8099,46.00876],[8.80964,46.0088],[8.80908,46.00898],[8.80853,46.00912],[8.80837,46.00916],[8.80834,46.00917],[8.80826,46.0092],[8.8081,46.00925],[8.80739,46.0095],[8.80672,46.00954],[8.80592,46.0097],[8.80545,46.00972],[8.80506,46.00974],[8.80488,46.00976],[8.80472,46.00979],[8.80468,46.0098],[8.80453,46.00984],[8.80442,46.00987],[8.80402,46.00997],[8.80387,46.00999],[8.80375,46.01],[8.80299,46.01008],[8.80273,46.01009],[8.80183,46.01013],[8.80154,46.01016],[8.80132,46.01019],[8.80108,46.01022],[8.8007,46.01024],[8.8005,46.01024],[8.80023,46.01026],[8.79938,46.01032],[8.79812,46.01069],[8.79746,46.01102],[8.79677,46.01114],[8.7963,46.01107],[8.79571,46.01073],[8.79325,46.00826],[8.79302,46.00792],[8.7923,46.00612],[8.79166,46.00423],[8.79,45.99955],[8.78866,45.99568],[8.78722,45.99141],[8.78716,45.99128]]]},"properties":{"bfs_nr":5239,"name":"Tresa"}},{"type":"Feature","geometry":{"type":"Polygon","coordinates":[[[8.9615,45.93559],[8.96161,45.9355],[8.96194,45.93517],[8.96207,45.935],[8.9633,45.93292],[8.96332,45.93289],[8.96361,45.93243],[8.96381,45.93219],[8.96419,45.93182],[8.96453,45.93156],[8.96643,45.93047],[8.96756,45.92995],[8.96777,45.92983],[8.96883,45.92907],[8.96885,45.92906],[8.96995,45.92831],[8.97021,45.92816],[8.9711,45.92773],[8.97131,45.9276],[8.97148,45.92744],[8.9716,45.92726],[8.9721,45.92614],[8.9722,45.92597],[8.97254,45.92546],[8.9726,45.92536],[8.97308,45.92435],[8.97308,45.92434],[8.97361,45.92313],[8.97412,45.92248],[8.97444,45.92221],[8.97449,45.92216],[8.97508,45.92159],[8.97522,45.92141],[8.97532,45.92123],[8.97537,45.92115],[8.97566,45.92044],[8.97571,45.92027],[8.97582,45.91947],[8.97611,45.91882],[8.97639,45.91841],[8.9764,45.9184],[8.97687,45.9177],[8.97695,45.91755],[8.97698,45.91723],[8.97685,45.91637],[8.97679,45.91536],[8.97679,45.91519],[8.97684,45.91502],[8.97699,45.91462],[8.97708,45.91445],[8.97756,45.91372],[8.97826,45.91336],[8.98281,45.91229],[8.98302,45.91223],[8.98321,45.91214],[8.98587,45.91063],[8.98634,45.91045],[8.98788,45.91039],[8.98865,45.91022],[8.98918,45.91004],[8.99036,45.90995],[8.991,45.91007],[8.99149,45.91013],[8.992,45.91016],[8.99269,45.91016],[8.99301,45.91017],[8.99323,45.91015],[8.99351,45.91011],[8.99355,45.91011],[8.9939,45.91005],[8.99415,45.90999],[8.99441,45.90991],[8.9948,45.9098],[8.99485,45.90979],[8.99532,45.90964],[8.99563,45.90951],[8.99612,45.90924],[8.99638,45.90912],[8.99662,45.90906],[8.99711,45.90903],[8.99788,45.90927],[8.99855,45.90942],[8.99929,45.90973],[8.99966,45.91005],[9.00025,45.91037],[9.00059,45.91068],[9.00081,45.91104],[9.00094,45.91116],[9.00135,45.9115],[9.00144,45.91156],[9.00159,45.91166],[9.00182,45.91178],[9.00224,45.9119],[9.00253,45.91202],[9.00285,45.91223],[9.00302,45.91238],[9.00328,45.91266],[9.00335,45.91276],[9.00337,45.91279],[9.00368,45.9132],[9.00379,45.91333],[9.0041,45.91361],[9.00418,45.91368],[9.00477,45.91416],[9.00535,45.91536],[9.0054,45.91545],[9.00557,45.91571],[9.00568,45.91585],[9.00583,45.91598],[9.00601,45.91608],[9.00622,45.91616],[9.00667,45.91624],[9.00768,45.9163],[9.00842,45.91662],[9.00896,45.91704],[9.00929,45.91742],[9.00969,45.91764],[9.01028,45.91781],[9.01065,45.91806],[9.01095,45.91846],[9.01152,45.91888],[9.01183,45.91924],[9.01191,45.91963],[9.01211,45.91996],[9.01266,45.92029],[9.0131,45.92076],[9.01316,45.92099],[9.01317,45.92126],[9.01322,45.92146],[9.01333,45.92164],[9.01335,45.92167],[9.01345,45.92193],[9.01345,45.9223],[9.01343,45.92242],[9.01338,45.9226],[9.01332,45.9227],[9.01326,45.92286],[9.01323,45.92303],[9.01328,45.92346],[9.01323,45.92367],[9.01314,45.92393],[9.01313,45.92408],[9.01316,45.92422],[9.0133,45.92468],[9.01338,45.92486],[9.01368,45.92516],[9.01388,45.92527],[9.01397,45.92531],[9.01417,45.92544],[9.01432,45.9256],[9.01442,45.92577],[9.01444,45.92586],[9.0145,45.92603],[9.01483,45.92643],[9.01498,45.92658],[9.01517,45.92669],[9.01539,45.92678],[9.01562,45.92684],[9.01622,45.92696],[9.01696,45.92717],[9.01733,45.92733],[9.01744,45.92741],[9.01759,45.9275],[9.01777,45.92758],[9.01805,45.92769],[9.01824,45.92779],[9.0184,45.92792],[9.01842,45.92795],[9.01858,45.92811],[9.01879,45.92824],[9.01888,45.92827],[9.01917,45.92841],[9.01968,45.92883],[9.01985,45.92912],[9.01988,45.92962],[9.01977,45.93005],[9.01998,45.93089],[9.02003,45.93136],[9.02046,45.93216],[9.0206,45.93342],[9.0209,45.93382],[9.02115,45.93469],[9.02144,45.93513],[9.0218,45.93539],[9.02206,45.93574],[9.02234,45.93642],[9.02244,45.93715],[9.02218,45.93774],[9.0218,45.93801],[9.02092,45.93821],[9.02048,45.93841],[9.02019,45.93871],[9.01995,45.93934],[9.01942,45.93976],[9.01749,45.94045],[9.01664,45.94056],[9.01559,45.94055],[9.01513,45.94071],[9.01437,45.94136],[9.0138,45.94159],[9.01347,45.94189],[9.01297,45.94301],[9.01258,45.94348],[9.01215,45.94377],[9.01146,45.94397],[9.01101,45.9442],[9.01077,45.94428],[9.01045,45.94434],[9.00996,45.94439],[9.00966,45.9444],[9.00937,45.94437],[9.00878,45.94429],[9.00834,45.94427],[9.00723,45.9439],[9.00651,45.94382],[9.0053,45.94397],[9.00464,45.94394],[9.00256,45.94408],[9.00183,45.94422],[9.00073,45.94473],[8.99983,45.94488],[8.99932,45.94481],[8.99815,45.94427],[8.99754,45.94391],[8.99636,45.94382],[8.99534,45.9436],[8.99453,45.94325],[8.9937,45.943],[8.99319,45.943],[8.99217,45.94316],[8.9914,45.94337],[8.99063,45.94367],[8.99009,45.9437],[8.98983,45.94367],[8.98928,45.94355],[8.98874,45.94358],[8.98826,45.94376],[8.98767,45.94419],[8.98662,45.94453],[8.98573,45.94466],[8.98525,45.94478],[8.98424,45.94494],[8.98391,45.945],[8.98315,45.94534],[8.9827,45.94543],[8.98202,45.94535],[8.98121,45.94513],[8.98066,45.94477],[8.98041,45.94423],[8.98011,45.94394],[8.97967,45.94375],[8.9796,45.94373],[8.97754,45.94323],[8.97738,45.94319],[8.97437,45.94275],[8.97404,45.94268],[8.97334,45.94248],[8.97246,45.94219],[8.97216,45.94212],[8.97178,45.94206],[8.97154,45.94204],[8.97101,45.94204],[8.97075,45.94202],[8.9705,45.94197],[8.96921,45.94166],[8.96897,45.94158],[8.96875,45.94148],[8.96778,45.94094],[8.96756,45.94084],[8.96731,45.94077],[8.96666,45.94073],[8.96642,45.94069],[8.96613,45.94059],[8.96479,45.94003],[8.96452,45.93989],[8.9643,45.93971],[8.9614,45.93676],[8.96125,45.93658],[8.96115,45.93625],[8.96132,45.93576],[8.9615,45.93559]]]},"properties":{"bfs_nr":5240,"name":"Val Mara"}},{"type":"Feature","geometry":{"type":"Polygon","coordinates":[[[8.99549,45.84735],[8.9951,45.84703],[8.99496,45.8465],[8.99528,45.84602],[8.99599,45.84559],[8.99636,45.84537],[8.99637,45.84536],[8.9971,45.8449],[8.99714,45.84487],[8.99749,45.84466],[8.99754,45.84464],[8.99769,45.84455],[8.99773,45.84453],[8.99811,45.84433],[8.99815,45.84431],[8.99832,45.84423],[8.99853,45.84413],[8.99858,45.84411],[8.99943,45.84378],[8.99947,45.84376],[8.99966,45.8437],[8.99994,45.84361],[9.00013,45.84356],[9.00018,45.84354],[9.00037,45.84349],[9.00062,45.84343],[9.00066,45.84342],[9.00186,45.84319],[9.0019,45.84319],[9.00216,45.84315],[9.00241,45.84312],[9.00262,45.8431],[9.00275,45.84309],[9.003,45.84306],[9.00363,45.84275],[9.00385,45.84242],[9.00389,45.84224],[9.00388,45.84206],[9.00381,45.84189],[9.0036,45.84146],[9.00296,45.83975],[9.00274,45.83928],[9.00282,45.83879],[9.00305,45.83843],[9.00309,45.83806],[9.00285,45.83721],[9.00261,45.83685],[9.00212,45.83655],[9.00195,45.8364],[9.00179,45.83618],[9.00178,45.83616],[9.00173,45.83605],[9.00159,45.83568],[9.00154,45.83546],[9.00154,45.83528],[9.00171,45.83495],[9.00226,45.83459],[9.00256,45.83452],[9.00257,45.83452],[9.00277,45.83448],[9.00283,45.83446],[9.00302,45.83442],[9.00307,45.83441],[9.00324,45.83436],[9.00331,45.83434],[9.0035,45.83428],[9.00353,45.83427],[9.00462,45.83391],[9.00489,45.83384],[9.00535,45.83381],[9.00603,45.83391],[9.00646,45.8339],[9.01405,45.83267],[9.01483,45.83269],[9.01525,45.83286],[9.01555,45.83313],[9.01568,45.83345],[9.01555,45.83463],[9.01551,45.83533],[9.0156,45.83564],[9.01594,45.83604],[9.01629,45.83636],[9.01677,45.83697],[9.01715,45.83776],[9.01727,45.83795],[9.01787,45.83864],[9.01804,45.83889],[9.01816,45.83924],[9.01829,45.8394],[9.01892,45.84001],[9.01933,45.84027],[9.01957,45.84058],[9.01962,45.84092],[9.01947,45.84126],[9.01928,45.84145],[9.01909,45.84163],[9.01865,45.84204],[9.01863,45.84206],[9.0184,45.84227],[9.01833,45.84233],[9.01804,45.84257],[9.01801,45.84259],[9.01783,45.84273],[9.01779,45.84276],[9.01766,45.84286],[9.01761,45.84289],[9.01748,45.84298],[9.01743,45.84301],[9.0173,45.8431],[9.01724,45.84313],[9.01708,45.84323],[9.01702,45.84326],[9.0169,45.84333],[9.01684,45.84336],[9.01669,45.84343],[9.01664,45.84346],[9.01647,45.84354],[9.0164,45.84357],[9.01628,45.84362],[9.0162,45.84365],[9.01596,45.84374],[9.01591,45.84376],[9.01567,45.84385],[9.01561,45.84387],[9.01535,45.84395],[9.01529,45.84397],[9.01507,45.84404],[9.01497,45.84407],[9.01386,45.84435],[9.01343,45.84453],[9.01313,45.84481],[9.01301,45.84516],[9.01294,45.84633],[9.01294,45.84635],[9.01293,45.84649],[9.01285,45.84681],[9.01218,45.84836],[9.01212,45.84847],[9.01206,45.84857],[9.01191,45.84877],[9.01175,45.84893],[9.01165,45.84909],[9.01159,45.84942],[9.01171,45.84974],[9.01205,45.8501],[9.01229,45.8505],[9.01251,45.85075],[9.01272,45.85093],[9.01284,45.85108],[9.01294,45.85142],[9.01285,45.85176],[9.01258,45.85205],[9.01194,45.8523],[9.01092,45.85225],[9.01028,45.85233],[9.00993,45.85248],[9.00917,45.85259],[9.00868,45.85249],[9.00828,45.85225],[9.00809,45.85203],[9.00793,45.85189],[9.0075,45.85168],[9.00699,45.85161],[9.00648,45.85168],[9.00633,45.85174],[9.00597,45.85189],[9.00575,45.852],[9.00557,45.85215],[9.00551,45.8522],[9.0054,45.85234],[9.00535,45.85242],[9.0053,45.85249],[9.00526,45.85259],[9.00509,45.85283],[9.00447,45.85329],[9.00391,45.85349],[9.00356,45.85353],[9.00224,45.85355],[9.00191,45.85357],[9.00126,45.85366],[9.00093,45.85368],[9.00042,45.85361],[8.99984,45.85325],[8.99965,45.8529],[8.99842,45.84928],[8.99835,45.84913],[8.99823,45.84898],[8.99808,45.84886],[8.9979,45.84875],[8.99733,45.84854],[8.99645,45.84799],[8.99577,45.84751],[8.99549,45.84735]]]},"properties":{"bfs_nr":5242,"name":"Balerna"}},{"type":"Feature","geometry":{"type":"Polygon","coordinates":[[[9.01434,45.85707],[9.01467,45.85756],[9.01477,45.858],[9.01499,45.85821],[9.0152,45.85879],[9.01544,45.85896],[9.0154,45.85907],[9.01521,45.8593],[9.01498,45.85952],[9.01537,45.86008],[9.01606,45.86005],[9.01648,45.86018],[9.0168,45.86018],[9.01703,45.86016],[9.01739,45.86041],[9.01727,45.86093],[9.0171,45.86119],[9.01706,45.86123],[9.017,45.86145],[9.01747,45.86218],[9.01766,45.86227],[9.01786,45.86221],[9.01814,45.86225],[9.01841,45.86249],[9.01835,45.86313],[9.01906,45.86349],[9.01929,45.86369],[9.0195,45.8639],[9.02009,45.86415],[9.02049,45.86429],[9.02191,45.86516],[9.02201,45.86524],[9.0221,45.86532],[9.02234,45.86562],[9.02287,45.86571],[9.02328,45.86571],[9.02359,45.86569],[9.02374,45.86605],[9.0237,45.8662],[9.02355,45.86646],[9.02358,45.86665],[9.02392,45.86715],[9.02415,45.86747],[9.02436,45.86791],[9.02478,45.86841],[9.02503,45.86871],[9.02531,45.86894],[9.02565,45.86914],[9.02591,45.86926],[9.02682,45.8696],[9.02692,45.86997],[9.02662,45.87016],[9.02589,45.87068],[9.02578,45.87083],[9.02566,45.87127],[9.02566,45.87149],[9.02562,45.8717],[9.02532,45.87189],[9.02527,45.87204],[9.02542,45.87217],[9.02588,45.87262],[9.02623,45.873],[9.0266,45.87355],[9.02694,45.87383],[9.02695,45.87393],[9.02686,45.87405],[9.02615,45.87423],[9.02571,45.87458],[9.02573,45.87476],[9.02603,45.87495],[9.02722,45.87495],[9.02764,45.87507],[9.02811,45.87529],[9.02853,45.8757],[9.02863,45.87585],[9.0287,45.87613],[9.02858,45.8768],[9.02841,45.87705],[9.0284,45.87752],[9.02852,45.87772],[9.02884,45.87779],[9.02957,45.87768],[9.02973,45.87764],[9.02997,45.87757],[9.03047,45.87763],[9.03069,45.87786],[9.03093,45.87807],[9.03109,45.87818],[9.03124,45.87827],[9.03137,45.87833],[9.03152,45.87847],[9.03163,45.87853],[9.03187,45.87859],[9.03205,45.87869],[9.03222,45.87876],[9.03244,45.87884],[9.03258,45.87889],[9.03279,45.87902],[9.03307,45.87908],[9.0335,45.8793],[9.03343,45.87971],[9.03306,45.87996],[9.03264,45.88008],[9.03234,45.88018],[9.03242,45.88057],[9.03237,45.88088],[9.03234,45.88108],[9.0322,45.88137],[9.03215,45.88147],[9.03189,45.88243],[9.03219,45.88262],[9.03243,45.88262],[9.03297,45.88249],[9.0332,45.88244],[9.03351,45.88248],[9.03355,45.88254],[9.03364,45.88282],[9.03375,45.88318],[9.03408,45.88375],[9.03436,45.88389],[9.03481,45.88411],[9.03506,45.88418],[9.03517,45.88418],[9.03545,45.88412],[9.0359,45.88471],[9.03583,45.88493],[9.03561,45.8851],[9.03552,45.88518],[9.0354,45.88555],[9.03567,45.88599],[9.03578,45.88611],[9.03598,45.88629],[9.0362,45.88656],[9.03621,45.8866],[9.03627,45.8868],[9.03627,45.88697],[9.03633,45.88718],[9.03625,45.88774],[9.03636,45.888],[9.03689,45.88805],[9.03724,45.88796],[9.03737,45.88787],[9.03746,45.88778],[9.03753,45.88777],[9.03796,45.88797],[9.03808,45.88807],[9.03827,45.88824],[9.03836,45.88838],[9.03845,45.88844],[9.03881,45.88864],[9.03888,45.88872],[9.03913,45.8888],[9.03933,45.88875],[9.03966,45.88882],[9.03969,45.88896],[9.03965,45.88906],[9.03963,45.88918],[9.03964,45.88937],[9.03976,45.88967],[9.04002,45.88988],[9.04023,45.88992],[9.04036,45.88992],[9.04051,45.8899],[9.0406,45.88991],[9.04108,45.89009],[9.04141,45.89044],[9.0412,45.89053],[9.04108,45.89049],[9.04094,45.89046],[9.04075,45.89058],[9.04052,45.891],[9.04044,45.89163],[9.04098,45.89176],[9.0411,45.89181],[9.04131,45.89192],[9.04145,45.89205],[9.04174,45.89236],[9.04194,45.89249],[9.04204,45.89259],[9.04198,45.89272],[9.04189,45.89279],[9.04183,45.89286],[9.04206,45.89316],[9.04221,45.89348],[9.04226,45.89367],[9.04241,45.89416],[9.04252,45.89429],[9.04265,45.89435],[9.04266,45.89441],[9.04256,45.8945],[9.04243,45.89454],[9.04191,45.8946],[9.04184,45.89469],[9.04238,45.89497],[9.04243,45.89507],[9.04239,45.89521],[9.0423,45.89529],[9.04216,45.89537],[9.04193,45.89565],[9.0418,45.89595],[9.04215,45.89626],[9.04226,45.89632],[9.04228,45.89646],[9.04223,45.89659],[9.04195,45.89689],[9.04204,45.89697],[9.04248,45.89706],[9.04262,45.8971],[9.04266,45.89713],[9.04272,45.89748],[9.0429,45.89767],[9.04277,45.89788],[9.04249,45.89789],[9.0423,45.89785],[9.04213,45.89787],[9.04192,45.89802],[9.04197,45.89829],[9.04208,45.89849],[9.04209,45.89857],[9.04202,45.89856],[9.03688,45.89806],[9.0352,45.89693],[9.03354,45.89685],[9.03252,45.89632],[9.03223,45.89619],[9.03105,45.89558],[9.03004,45.89489],[9.02917,45.89443],[9.02879,45.89431],[9.02854,45.89429],[9.02762,45.89402],[9.02756,45.89396],[9.02724,45.89388],[9.02689,45.89376],[9.02651,45.8934],[9.02506,45.89332],[9.02388,45.89324],[9.02292,45.89319],[9.02259,45.89376],[9.02268,45.89445],[9.02262,45.89457],[9.02185,45.89497],[9.02178,45.8959],[9.02184,45.89599],[9.02283,45.89634],[9.02297,45.89667],[9.02223,45.89728],[9.02169,45.89743],[9.02155,45.89798],[9.02159,45.89856],[9.02177,45.89891],[9.02097,45.89921],[9.02024,45.89993],[9.01939,45.90032],[9.01914,45.90077],[9.01901,45.901],[9.01919,45.90164],[9.01957,45.90172],[9.02062,45.90237],[9.02075,45.90301],[9.02049,45.9032],[9.0199,45.90317],[9.01991,45.9034],[9.01971,45.90356],[9.01907,45.90389],[9.01887,45.90407],[9.01864,45.9041],[9.0184,45.90465],[9.01849,45.90521],[9.01806,45.90568],[9.01725,45.90611],[9.01693,45.90629],[9.01639,45.90639],[9.01616,45.90644],[9.01595,45.90584],[9.01455,45.90665],[9.01493,45.90698],[9.0157,45.90767],[9.01464,45.90827],[9.01392,45.90867],[9.01433,45.9091],[9.01528,45.90932],[9.01588,45.90923],[9.01717,45.90904],[9.01756,45.90959],[9.01645,45.91055],[9.0184,45.91151],[9.01912,45.91186],[9.02013,45.91235],[9.01979,45.91295],[9.01985,45.91323],[9.01957,45.9137],[9.01949,45.91442],[9.0194,45.9153],[9.01918,45.91538],[9.01841,45.91541],[9.01738,45.91658],[9.01647,45.91761],[9.01749,45.91805],[9.01793,45.91824],[9.01744,45.91892],[9.01741,45.91949],[9.01715,45.91972],[9.01631,45.92046],[9.01692,45.92119],[9.0169,45.92131],[9.01737,45.92167],[9.01744,45.92204],[9.01796,45.92227],[9.01837,45.92255],[9.01868,45.92291],[9.0198,45.92338],[9.02075,45.92379],[9.02162,45.92431],[9.02179,45.92389],[9.02227,45.92319],[9.02261,45.92288],[9.02296,45.92268],[9.02341,45.92243],[9.02435,45.92188],[9.02536,45.92275],[9.0271,45.9239],[9.02918,45.92407],[9.0294,45.9244],[9.02956,45.92518],[9.0297,45.92583],[9.02984,45.9265],[9.02766,45.92802],[9.02652,45.9287],[9.02483,45.92887],[9.02294,45.92901],[9.02181,45.92875],[9.02042,45.92855],[9.01936,45.92837],[9.0189,45.92825],[9.01883,45.92825],[9.01868,45.92824],[9.0186,45.92821],[9.01856,45.92814],[9.01857,45.92806],[9.01845,45.9278],[9.01824,45.92766],[9.0179,45.92758],[9.01788,45.92762],[9.01757,45.92753],[9.01759,45.92749],[9.01708,45.92717],[9.01623,45.92695],[9.01511,45.92675],[9.01488,45.92649],[9.01447,45.92602],[9.01449,45.92556],[9.01413,45.92528],[9.0139,45.92526],[9.01342,45.9251],[9.01323,45.92444],[9.01328,45.92423],[9.01306,45.92408],[9.01332,45.92344],[9.01332,45.92303],[9.01312,45.92294],[9.01338,45.92268],[9.01348,45.92211],[9.01339,45.92166],[9.01319,45.92146],[9.01313,45.92067],[9.01283,45.92027],[9.01345,45.92014],[9.01523,45.91961],[9.01653,45.91928],[9.01697,45.91871],[9.01684,45.91864],[9.01579,45.91839],[9.01464,45.91805],[9.01444,45.91803],[9.01432,45.91761],[9.01473,45.91721],[9.01516,45.91701],[9.01616,45.91627],[9.01625,45.91587],[9.01574,45.91461],[9.01486,45.91449],[9.01451,45.91461],[9.01392,45.91504],[9.01352,45.91514],[9.01316,45.91509],[9.01286,45.91518],[9.01201,45.9153],[9.01188,45.91516],[9.01138,45.9147],[9.01118,45.91458],[9.01,45.91493],[9.00935,45.9144],[9.00861,45.91431],[9.00821,45.91431],[9.00759,45.9143],[9.00736,45.91334],[9.00776,45.91281],[9.00822,45.91207],[9.00848,45.91156],[9.00912,45.91093],[9.00851,45.90985],[9.00919,45.90905],[9.00931,45.90892],[9.00981,45.90834],[9.01006,45.90794],[9.01022,45.90784],[9.01063,45.9076],[9.01109,45.90707],[9.01131,45.90665],[9.01128,45.90619],[9.01178,45.90485],[9.01145,45.90397],[9.01306,45.90294],[9.01324,45.90265],[9.01335,45.90179],[9.01238,45.90098],[9.01238,45.9008],[9.013,45.90013],[9.0139,45.89893],[9.0121,45.89723],[9.01088,45.89606],[9.01049,45.89425],[9.00992,45.89416],[9.0103,45.89366],[9.0106,45.8931],[9.0107,45.89238],[9.0101,45.89244],[9.01035,45.89159],[9.01069,45.89095],[9.01053,45.89092],[9.0102,45.89087],[9.01111,45.88984],[9.01088,45.88968],[9.01115,45.88873],[9.01138,45.8879],[9.01022,45.88394],[9.01094,45.88365],[9.01008,45.88263],[9.00962,45.88194],[9.00956,45.88142],[9.00976,45.88114],[9.00964,45.88005],[9.00929,45.87948],[9.00917,45.87885],[9.0088,45.8789],[9.00777,45.87828],[9.0073,45.87788],[9.00639,45.87721],[9.00621,45.8769],[9.00617,45.87692],[9.00483,45.8764],[9.00401,45.87545],[9.00306,45.87461],[9.00153,45.87342],[9.0014,45.8734],[9.00102,45.87317],[9.00058,45.8729],[8.99874,45.87207],[8.99808,45.87178],[8.99848,45.8714],[8.99895,45.87099],[8.9992,45.8708],[8.99941,45.87056],[8.99956,45.86918],[8.99956,45.86912],[8.99936,45.86894],[8.99989,45.86859],[8.99967,45.86822],[8.99905,45.86834],[8.99872,45.86862],[8.99857,45.86847],[8.99795,45.86831],[8.9978,45.86843],[8.99617,45.86983],[8.99606,45.86992],[8.99528,45.87002],[8.9948,45.86994],[8.99438,45.8698],[8.99292,45.86879],[8.99107,45.86806],[8.99055,45.86782],[8.99053,45.86784],[8.99015,45.86769],[8.98857,45.86605],[8.98861,45.86448],[8.98835,45.86402],[8.98793,45.86371],[8.98782,45.86395],[8.98726,45.86366],[8.98668,45.86329],[8.98601,45.8629],[8.98539,45.86267],[8.98483,45.86238],[8.98429,45.8621],[8.98239,45.86158],[8.98256,45.86089],[8.984,45.86062],[8.98364,45.85986],[8.98435,45.85991],[8.98464,45.85953],[8.98498,45.85939],[8.9855,45.85888],[8.98541,45.85875],[8.9863,45.85855],[8.98642,45.85857],[8.98694,45.85862],[8.98718,45.85863],[8.98735,45.85865],[8.98753,45.85869],[8.98773,45.85876],[8.99077,45.85885],[8.99056,45.85827],[8.9911,45.85823],[8.9911,45.85829],[8.99159,45.85821],[8.99216,45.85799],[8.99264,45.85801],[8.99219,45.85843],[8.99298,45.8591],[8.99391,45.85956],[8.99422,45.85937],[8.99436,45.85912],[8.99447,45.85867],[8.99458,45.85836],[8.99507,45.85847],[8.99538,45.85852],[8.99551,45.85831],[8.99556,45.85811],[8.99559,45.85794],[8.99559,45.85766],[8.99626,45.85763],[8.99646,45.85782],[8.99636,45.85802],[8.99768,45.85863],[8.99791,45.85861],[8.99839,45.85811],[8.99861,45.85816],[8.99876,45.85818],[8.99917,45.85814],[8.99931,45.85791],[8.99937,45.85785],[8.99941,45.85781],[8.99952,45.85776],[8.9996,45.85774],[8.99973,45.85772],[8.99994,45.85772],[9.00034,45.85775],[9.00092,45.85767],[9.00047,45.85675],[9.00061,45.85667],[9.00032,45.85622],[8.99999,45.85559],[9.00028,45.85377],[9.00042,45.85379],[9.00086,45.85372],[9.00143,45.85363],[9.002,45.85356],[9.00224,45.85355],[9.00372,45.85352],[9.00418,45.85346],[9.00453,45.85325],[9.00516,45.85282],[9.00519,45.85273],[9.00532,45.85245],[9.00543,45.8523],[9.00546,45.85225],[9.0056,45.85212],[9.00581,45.85191],[9.00585,45.85197],[9.00634,45.85173],[9.00682,45.85145],[9.00691,45.85133],[9.00786,45.8515],[9.00801,45.85159],[9.00801,45.85176],[9.00803,45.85187],[9.00815,45.85219],[9.00858,45.85271],[9.01005,45.85265],[9.01025,45.85304],[9.01081,45.85346],[9.01128,45.85374],[9.01146,45.85391],[9.01157,45.85418],[9.01151,45.85457],[9.01137,45.8548],[9.01133,45.85491],[9.01146,45.8552],[9.0123,45.85606],[9.01252,45.85638],[9.01285,45.85657],[9.01318,45.85668],[9.01357,45.85676],[9.01388,45.8568],[9.01406,45.85685],[9.01416,45.85693],[9.01431,45.85703],[9.01434,45.85707]]]},"properties":{"bfs_nr":5249,"name":"Castel San Pietro"}},{"type":"Feature","geometry":{"type":"Polygon","coordinates":[[[8.99357,45.8236],[8.9933,45.82307],[8.99337,45.82274],[8.99362,45.82245],[8.994,45.82225],[8.99446,45.82216],[8.995,45.8222],[8.99783,45.82279],[8.99829,45.82282],[8.99875,45.82274],[8.99966,45.82233],[9.00053,45.82224],[9.00115,45.82204],[9.00234,45.82135],[9.00307,45.82077],[9.00404,45.82036],[9.00485,45.82016],[9.00759,45.81963],[9.00826,45.81961],[9.00926,45.81971],[9.00978,45.8197],[9.01203,45.81908],[9.01271,45.81905],[9.01322,45.8189],[9.01422,45.81838],[9.01501,45.81816],[9.01627,45.81799],[9.01722,45.81801],[9.01765,45.81815],[9.01809,45.81853],[9.01834,45.81916],[9.01864,45.81945],[9.02085,45.82048],[9.02125,45.82074],[9.02155,45.82137],[9.02185,45.82169],[9.02231,45.82189],[9.02314,45.82201],[9.02453,45.8219],[9.02515,45.82193],[9.02586,45.82187],[9.02651,45.82166],[9.02743,45.82111],[9.02809,45.82084],[9.02855,45.82076],[9.02921,45.82083],[9.03057,45.82081],[9.03127,45.82088],[9.03203,45.82124],[9.03282,45.82185],[9.0335,45.82228],[9.03373,45.82261],[9.03376,45.82297],[9.03341,45.82346],[9.03236,45.82391],[9.03187,45.82417],[9.03153,45.82467],[9.03157,45.82504],[9.03216,45.82579],[9.0324,45.82661],[9.03268,45.82705],[9.03275,45.82755],[9.03298,45.8279],[9.03338,45.8282],[9.03361,45.8285],[9.03375,45.82901],[9.03436,45.82991],[9.03422,45.83065],[9.03428,45.831],[9.03451,45.83139],[9.03456,45.8319],[9.03476,45.83225],[9.03546,45.83264],[9.03583,45.83294],[9.03763,45.83511],[9.03782,45.83567],[9.03766,45.83606],[9.03649,45.83763],[9.036,45.83824],[9.03566,45.83852],[9.03525,45.83901],[9.03486,45.83921],[9.03416,45.83929],[9.03362,45.83919],[9.03344,45.83916],[9.03338,45.83915],[9.03318,45.83913],[9.03312,45.83912],[9.03298,45.83911],[9.03293,45.8391],[9.03273,45.83909],[9.03252,45.83908],[9.03244,45.83908],[9.03173,45.83907],[9.03124,45.83908],[9.03014,45.83909],[9.02965,45.8391],[9.02862,45.83913],[9.0277,45.83916],[9.02576,45.83924],[9.02574,45.83924],[9.02532,45.83927],[9.0253,45.83927],[9.02477,45.8393],[9.02304,45.83949],[9.02209,45.83972],[9.02132,45.83964],[9.02065,45.83934],[9.02019,45.83924],[9.01945,45.83933],[9.01873,45.83928],[9.01817,45.83897],[9.0181,45.8389],[9.01808,45.83887],[9.01731,45.838],[9.01712,45.83772],[9.01675,45.83692],[9.01662,45.83673],[9.01614,45.83619],[9.01588,45.83592],[9.01575,45.83562],[9.01556,45.83474],[9.01572,45.83334],[9.01535,45.83288],[9.01492,45.83269],[9.01417,45.83265],[9.00652,45.83389],[9.00603,45.83391],[9.00535,45.83381],[9.00512,45.8338],[9.00489,45.83383],[9.00467,45.83389],[9.00353,45.83427],[9.00349,45.83428],[9.00333,45.83433],[9.00323,45.83436],[9.00308,45.8344],[9.003,45.83442],[9.00284,45.83446],[9.00275,45.83448],[9.00257,45.83451],[9.00253,45.83452],[8.99956,45.83505],[8.99925,45.83509],[8.99908,45.8351],[8.99885,45.83509],[8.99827,45.83497],[8.99733,45.83453],[8.99704,45.83422],[8.99695,45.83387],[8.99706,45.83353],[8.99738,45.83311],[8.99744,45.83276],[8.99731,45.83242],[8.99665,45.83196],[8.99639,45.83168],[8.99624,45.83089],[8.99593,45.83009],[8.99512,45.82897],[8.99502,45.82829],[8.99503,45.82778],[8.99469,45.82728],[8.99421,45.82628],[8.99417,45.82597],[8.9944,45.82504],[8.99426,45.82456],[8.99386,45.82408],[8.99357,45.8236]]]},"properties":{"bfs_nr":5250,"name":"Chiasso"}},{"type":"Feature","geometry":{"type":"Polygon","coordinates":[[[8.97132,45.85541],[8.97128,45.8551],[8.97141,45.85479],[8.97209,45.85406],[8.97223,45.85368],[8.97216,45.85322],[8.97227,45.85287],[8.97257,45.85258],[8.97372,45.85199],[8.97422,45.85181],[8.97467,45.85172],[8.97519,45.85168],[8.97544,45.85162],[8.9759,45.85138],[8.9767,45.85115],[8.97708,45.85088],[8.97781,45.84997],[8.97834,45.84965],[8.97956,45.84873],[8.97965,45.84864],[8.97973,45.84855],[8.9799,45.84833],[8.98009,45.84816],[8.98049,45.84795],[8.98079,45.84786],[8.98093,45.84781],[8.98107,45.84776],[8.98182,45.84745],[8.98231,45.84742],[8.98278,45.84751],[8.9833,45.84787],[8.98364,45.84845],[8.98406,45.84874],[8.98463,45.84937],[8.98505,45.84956],[8.98529,45.84961],[8.98578,45.84961],[8.98602,45.84956],[8.98624,45.84948],[8.98667,45.84928],[8.98692,45.84919],[8.98719,45.84912],[8.9875,45.84906],[8.9882,45.84895],[8.98866,45.84885],[8.98887,45.8488],[8.98905,45.84872],[8.98992,45.84815],[8.99095,45.84781],[8.99193,45.84773],[8.99235,45.84758],[8.99274,45.84731],[8.99338,45.84704],[8.99418,45.84694],[8.99464,45.84698],[8.99524,45.84721],[8.99558,45.8474],[8.99648,45.84801],[8.99718,45.84845],[8.99738,45.84856],[8.9979,45.84876],[8.99808,45.84886],[8.99834,45.84913],[8.99844,45.84932],[8.99944,45.85228],[8.99947,45.85268],[8.99935,45.85325],[8.9995,45.85358],[9.00004,45.85408],[9.00015,45.85439],[9.00015,45.8546],[9.00003,45.85538],[9.00003,45.85558],[9.0001,45.85578],[9.00044,45.85647],[9.00047,45.85703],[9.0003,45.85735],[8.99998,45.8576],[8.99977,45.85769],[8.99975,45.85769],[8.99953,45.85777],[8.99942,45.85782],[8.99912,45.85798],[8.9989,45.85806],[8.99851,45.85812],[8.99831,45.85817],[8.99798,45.85827],[8.99722,45.85827],[8.99654,45.858],[8.9963,45.85795],[8.99581,45.85794],[8.99557,45.85798],[8.99535,45.85806],[8.99484,45.8583],[8.99473,45.85833],[8.99449,45.8584],[8.99432,45.85847],[8.99409,45.85852],[8.99359,45.85853],[8.99252,45.85814],[8.99229,45.85811],[8.99205,45.85811],[8.99182,45.85813],[8.9917,45.85816],[8.99143,45.85821],[8.99115,45.85823],[8.99091,45.85826],[8.99068,45.85833],[8.99047,45.85842],[8.99005,45.85868],[8.98957,45.8588],[8.98778,45.85874],[8.98742,45.85867],[8.98729,45.85865],[8.98727,45.85864],[8.9871,45.85863],[8.98705,45.85863],[8.98683,45.85861],[8.98661,45.85859],[8.98634,45.85858],[8.98583,45.85867],[8.98561,45.85877],[8.98542,45.8589],[8.98495,45.85937],[8.98408,45.85973],[8.98356,45.85974],[8.98275,45.85953],[8.98175,45.85957],[8.98058,45.85955],[8.97974,45.85975],[8.97939,45.85982],[8.97922,45.85983],[8.9772,45.85994],[8.97621,45.86003],[8.97556,45.8598],[8.97521,45.85954],[8.97478,45.85938],[8.9743,45.85935],[8.97349,45.85946],[8.97301,45.8594],[8.97261,45.85922],[8.97243,45.85908],[8.97233,45.85899],[8.97206,45.85866],[8.97171,45.85803],[8.97162,45.85783],[8.97094,45.85729],[8.97073,45.85697],[8.97071,45.85662],[8.97088,45.85629],[8.9713,45.85578],[8.97132,45.85541]]]},"properties":{"bfs_nr":5251,"name":"Coldrerio"}},{"type":"Feature","geometry":{"type":"Polygon","coordinates":[[[8.922,45.90747],[8.92222,45.90728],[8.92251,45.90667],[8.92286,45.9063],[8.92387,45.90575],[8.92425,45.90532],[8.92481,45.9038],[8.92485,45.9036],[8.92493,45.90104],[8.92483,45.90068],[8.92386,45.89906],[8.92265,45.89715],[8.92228,45.89652],[8.9223,45.896],[8.92285,45.89548],[8.92305,45.89518],[8.92394,45.89278],[8.9242,45.8924],[8.92462,45.89216],[8.92528,45.89202],[8.92659,45.89189],[8.92717,45.89173],[8.92754,45.89147],[8.92847,45.89045],[8.92967,45.88883],[8.93053,45.88711],[8.93149,45.88589],[8.93195,45.88495],[8.93214,45.88419],[8.93225,45.88267],[8.93248,45.88159],[8.93264,45.88126],[8.93302,45.88087],[8.93325,45.88013],[8.93316,45.87965],[8.93339,45.87886],[8.9334,45.87848],[8.93322,45.87804],[8.9332,45.87737],[8.93306,45.87636],[8.93316,45.87498],[8.9333,45.87452],[8.93431,45.87311],[8.93452,45.87205],[8.93443,45.87169],[8.93401,45.87107],[8.93407,45.87057],[8.93432,45.87029],[8.93524,45.86965],[8.93648,45.86809],[8.93684,45.86787],[8.93729,45.86776],[8.93777,45.86777],[8.93821,45.8679],[8.93949,45.86865],[8.94026,45.86927],[8.94104,45.86967],[8.94173,45.86974],[8.94219,45.86964],[8.94255,45.86943],[8.943,45.86904],[8.94419,45.86833],[8.94467,45.86792],[8.94509,45.86723],[8.94502,45.86687],[8.94476,45.86656],[8.94341,45.86554],[8.94102,45.86439],[8.94061,45.86409],[8.94042,45.86356],[8.94056,45.86321],[8.94071,45.86305],[8.94095,45.86289],[8.94098,45.86287],[8.941,45.86286],[8.94232,45.8621],[8.94234,45.86209],[8.94254,45.86197],[8.94266,45.86191],[8.94289,45.86182],[8.94299,45.86179],[8.94389,45.8613],[8.94434,45.86094],[8.94816,45.85873],[8.94856,45.85847],[8.94936,45.85819],[8.9497,45.85795],[8.9501,45.85746],[8.9505,45.85724],[8.95135,45.85695],[8.95322,45.85568],[8.95444,45.8551],[8.95496,45.85465],[8.95505,45.8543],[8.95476,45.85372],[8.9544,45.85349],[8.95384,45.85329],[8.95353,45.85306],[8.95331,45.8527],[8.95313,45.8521],[8.95319,45.85178],[8.95349,45.85118],[8.9535,45.85082],[8.95366,45.85014],[8.9533,45.84966],[8.95287,45.84945],[8.95241,45.84938],[8.95215,45.84931],[8.95179,45.84918],[8.95153,45.84904],[8.95132,45.84894],[8.95074,45.84878],[8.95035,45.84856],[8.94982,45.84789],[8.94976,45.84738],[8.9499,45.84681],[8.94972,45.84646],[8.94913,45.84609],[8.9477,45.84579],[8.94672,45.84547],[8.94564,45.8453],[8.94504,45.84502],[8.94481,45.84472],[8.94475,45.84452],[8.94475,45.84431],[8.94489,45.84397],[8.94521,45.8437],[8.94576,45.84345],[8.94638,45.84302],[8.94688,45.8429],[8.94741,45.84293],[8.94869,45.84337],[8.94955,45.84336],[8.95037,45.84308],[8.95105,45.84291],[8.95204,45.84282],[8.95253,45.84273],[8.95328,45.84281],[8.95395,45.84312],[8.95477,45.84327],[8.95652,45.8434],[8.95715,45.84362],[8.95786,45.84406],[8.95823,45.84446],[8.95844,45.84461],[8.95925,45.84509],[8.95995,45.84532],[8.9609,45.84576],[8.96145,45.84621],[8.96172,45.84637],[8.96176,45.84638],[8.96196,45.8465],[8.96209,45.84656],[8.96236,45.84671],[8.96265,45.84703],[8.96285,45.84769],[8.96287,45.84811],[8.96269,45.84859],[8.96254,45.84922],[8.96189,45.84981],[8.96174,45.84997],[8.96164,45.8501],[8.96161,45.85015],[8.96154,45.85032],[8.96152,45.85039],[8.96149,45.85058],[8.96149,45.85067],[8.96151,45.85081],[8.96153,45.8509],[8.96161,45.8511],[8.96177,45.85131],[8.96203,45.85152],[8.96217,45.8516],[8.9623,45.85167],[8.96425,45.85256],[8.96433,45.8526],[8.96454,45.85271],[8.96476,45.85283],[8.96492,45.85293],[8.96553,45.85345],[8.96563,45.85357],[8.96573,45.85371],[8.96578,45.85378],[8.96674,45.85528],[8.96677,45.85531],[8.96697,45.85559],[8.967,45.85563],[8.9672,45.85588],[8.96723,45.85591],[8.96744,45.85615],[8.96747,45.85618],[8.96771,45.85642],[8.96774,45.85645],[8.9685,45.85715],[8.96869,45.85731],[8.96909,45.8575],[8.96955,45.85757],[8.97056,45.85759],[8.9711,45.85767],[8.97151,45.85787],[8.9718,45.8582],[8.97209,45.85872],[8.97227,45.85894],[8.97246,45.85911],[8.97261,45.85922],[8.97331,45.85954],[8.97427,45.85959],[8.97473,45.8597],[8.97535,45.86005],[8.97613,45.86019],[8.97735,45.85993],[8.97925,45.85983],[8.97966,45.8598],[8.98015,45.85988],[8.98087,45.86025],[8.9817,45.86043],[8.98209,45.86063],[8.98235,45.86091],[8.98247,45.86123],[8.98255,45.86138],[8.98284,45.86164],[8.98302,45.86174],[8.98323,45.86181],[8.98405,45.86203],[8.9845,45.86221],[8.98483,45.86238],[8.98484,45.86239],[8.98531,45.86263],[8.98548,45.86271],[8.98579,45.86282],[8.9862,45.86302],[8.98722,45.86363],[8.98731,45.86368],[8.98772,45.8639],[8.98782,45.86395],[8.98789,45.86398],[8.988,45.86402],[8.98821,45.86413],[8.98857,45.86461],[8.9886,45.86484],[8.9886,45.86595],[8.98867,45.86612],[8.9888,45.86628],[8.98998,45.86752],[8.99014,45.86765],[8.99032,45.86776],[8.99047,45.86782],[8.99081,45.86794],[8.99095,45.86801],[8.99269,45.8687],[8.99311,45.86892],[8.99423,45.86969],[8.99439,45.86979],[8.99458,45.86986],[8.99468,45.8699],[8.99492,45.86996],[8.99501,45.86997],[8.99528,45.87],[8.99582,45.86993],[8.9962,45.86978],[8.99636,45.86966],[8.9972,45.86895],[8.99763,45.86869],[8.99835,45.86859],[8.99904,45.86878],[8.99936,45.86905],[8.99951,45.86938],[8.99952,45.86959],[8.99944,45.87028],[8.99938,45.87052],[8.99926,45.87071],[8.99905,45.87091],[8.99886,45.87108],[8.99868,45.87141],[8.9987,45.87175],[8.99906,45.8722],[8.99926,45.87231],[9.00046,45.87285],[9.00068,45.87296],[9.00132,45.87335],[9.0014,45.8734],[9.00149,45.87344],[9.00156,45.87348],[9.00178,45.87362],[9.00316,45.87471],[9.0041,45.87556],[9.00465,45.87619],[9.00478,45.87632],[9.00494,45.87643],[9.00513,45.87652],[9.00579,45.87678],[9.00622,45.87703],[9.00634,45.87716],[9.00649,45.87729],[9.00725,45.87785],[9.0077,45.87822],[9.00785,45.87833],[9.00879,45.8789],[9.00892,45.87897],[9.00918,45.87922],[9.00928,45.87941],[9.0093,45.87947],[9.00936,45.87959],[9.00962,45.88006],[9.00973,45.88085],[9.00972,45.88105],[9.00968,45.88121],[9.00967,45.88122],[9.00959,45.88143],[9.00964,45.88193],[9.00972,45.88208],[9.01006,45.88259],[9.01011,45.88266],[9.0103,45.88288],[9.01043,45.8831],[9.01049,45.88347],[9.01031,45.88389],[9.01028,45.88407],[9.01031,45.88426],[9.01132,45.88768],[9.01135,45.8879],[9.01132,45.88813],[9.01091,45.88958],[9.01089,45.88974],[9.01088,45.88992],[9.01082,45.89011],[9.01068,45.89033],[9.01041,45.89066],[9.01035,45.89082],[9.01033,45.89099],[9.01039,45.89142],[9.01034,45.8916],[9.01034,45.89162],[9.01021,45.89205],[9.01021,45.89239],[9.01027,45.89256],[9.01047,45.89288],[9.01049,45.89323],[9.01041,45.89345],[9.01024,45.89379],[9.01023,45.89416],[9.0103,45.89433],[9.01055,45.89467],[9.01083,45.89584],[9.01091,45.89605],[9.01107,45.89624],[9.0121,45.89723],[9.01338,45.89844],[9.01362,45.89878],[9.01366,45.89911],[9.01361,45.89927],[9.0135,45.89947],[9.01304,45.90008],[9.01295,45.90018],[9.0128,45.90035],[9.01268,45.90052],[9.0126,45.90089],[9.01274,45.90125],[9.01289,45.90141],[9.01292,45.90144],[9.0131,45.90162],[9.01325,45.90196],[9.0132,45.90262],[9.01299,45.90295],[9.01277,45.90313],[9.01202,45.90361],[9.01174,45.90387],[9.01161,45.90434],[9.01165,45.9045],[9.01168,45.90459],[9.01172,45.90477],[9.01172,45.90492],[9.01168,45.90511],[9.01133,45.90605],[9.0113,45.90619],[9.01129,45.90632],[9.0113,45.90642],[9.01128,45.90664],[9.0112,45.90686],[9.01115,45.90695],[9.01099,45.90719],[9.01076,45.90744],[9.01061,45.90759],[9.01043,45.90771],[9.01029,45.9078],[9.01009,45.90795],[9.00995,45.90812],[9.00985,45.90826],[9.00974,45.90841],[9.00932,45.90891],[9.0093,45.90893],[9.00918,45.90907],[9.00883,45.90947],[9.00867,45.90978],[9.00867,45.9101],[9.00874,45.91026],[9.00884,45.91044],[9.00893,45.91066],[9.00884,45.91117],[9.00868,45.91137],[9.00858,45.91146],[9.00842,45.91168],[9.00826,45.91199],[9.00817,45.91215],[9.00796,45.91243],[9.0078,45.91272],[9.00769,45.9129],[9.00761,45.91301],[9.00751,45.91317],[9.00747,45.91353],[9.00762,45.91386],[9.00795,45.91413],[9.0084,45.91429],[9.00865,45.91432],[9.00883,45.91434],[9.00918,45.91441],[9.00943,45.91451],[9.0095,45.91456],[9.00972,45.91467],[9.01023,45.91479],[9.0105,45.91479],[9.01082,45.91477],[9.01133,45.91485],[9.01156,45.91494],[9.01164,45.91499],[9.01186,45.9151],[9.01261,45.91521],[9.0128,45.91519],[9.01316,45.91514],[9.0133,45.91514],[9.01355,45.91512],[9.01379,45.91506],[9.01402,45.91498],[9.01422,45.91488],[9.01446,45.91482],[9.01496,45.91478],[9.01544,45.91489],[9.01583,45.91511],[9.01618,45.91578],[9.01614,45.9161],[9.01594,45.91639],[9.01532,45.91689],[9.01522,45.91695],[9.01505,45.91708],[9.01482,45.91739],[9.01484,45.91792],[9.01494,45.91808],[9.01509,45.91822],[9.01531,45.91841],[9.01552,45.91873],[9.01553,45.91908],[9.01534,45.91941],[9.01498,45.91966],[9.01388,45.91999],[9.0134,45.91999],[9.01296,45.91988],[9.01208,45.91921],[9.01153,45.91889],[9.01103,45.91849],[9.01068,45.91802],[9.01033,45.9178],[9.00979,45.91762],[9.00918,45.91711],[9.00873,45.91684],[9.00842,45.91653],[9.00795,45.91629],[9.00742,45.9162],[9.00673,45.91623],[9.00622,45.91615],[9.00583,45.91597],[9.00568,45.91584],[9.00554,45.91567],[9.00541,45.91547],[9.00534,45.91534],[9.00477,45.91415],[9.00421,45.9137],[9.00408,45.9136],[9.00382,45.91336],[9.00366,45.91317],[9.00337,45.91279],[9.00335,45.91275],[9.00325,45.91261],[9.00308,45.91243],[9.0028,45.91219],[9.00258,45.91205],[9.00238,45.91195],[9.00219,45.91187],[9.00172,45.91172],[9.00148,45.91159],[9.00146,45.91157],[9.00133,45.91148],[9.00099,45.91121],[9.00079,45.911],[9.00057,45.91064],[9.00025,45.91037],[8.99966,45.91005],[8.99929,45.90973],[8.99879,45.9095],[8.99847,45.9094],[8.99803,45.90927],[8.99749,45.90905],[8.99697,45.90899],[8.99671,45.90901],[8.99646,45.90908],[8.99623,45.90918],[8.99602,45.90929],[8.99599,45.90931],[8.9957,45.90947],[8.99524,45.90967],[8.99486,45.90978],[8.99478,45.90981],[8.99439,45.90991],[8.99421,45.90997],[8.99384,45.91006],[8.99356,45.91011],[8.9935,45.91012],[8.99328,45.91015],[8.99301,45.91017],[8.99247,45.91014],[8.99198,45.91014],[8.99193,45.91014],[8.99141,45.91012],[8.99104,45.91008],[8.99077,45.91003],[8.99055,45.90998],[8.99033,45.90994],[8.98916,45.91003],[8.98813,45.91032],[8.98729,45.9104],[8.98639,45.91042],[8.98598,45.91057],[8.98325,45.91211],[8.98302,45.91223],[8.98276,45.9123],[8.97936,45.9131],[8.97907,45.91315],[8.97883,45.91316],[8.97837,45.91308],[8.97798,45.91289],[8.97771,45.91261],[8.97764,45.91245],[8.9776,45.91225],[8.97751,45.90979],[8.97753,45.9096],[8.97758,45.90945],[8.97776,45.90916],[8.97789,45.90889],[8.97795,45.90874],[8.97798,45.90863],[8.978,45.90849],[8.97798,45.90834],[8.97792,45.90802],[8.97786,45.90786],[8.97777,45.90771],[8.97715,45.90711],[8.97697,45.90696],[8.97673,45.90674],[8.97655,45.90653],[8.97642,45.90634],[8.97634,45.90595],[8.97639,45.9057],[8.9766,45.90532],[8.97664,45.90497],[8.97628,45.90265],[8.97627,45.90255],[8.97626,45.90229],[8.97628,45.90207],[8.97645,45.90173],[8.97652,45.90116],[8.97639,45.90084],[8.97607,45.90047],[8.97598,45.90013],[8.97614,45.89951],[8.97611,45.89918],[8.97604,45.89902],[8.97572,45.89854],[8.97567,45.89845],[8.97564,45.8984],[8.97557,45.89821],[8.97555,45.89817],[8.97545,45.89773],[8.97543,45.89758],[8.97542,45.89743],[8.97538,45.89727],[8.97521,45.89696],[8.97489,45.89665],[8.97385,45.89615],[8.97354,45.89592],[8.97343,45.89578],[8.97334,45.89558],[8.97312,45.89487],[8.97308,45.89468],[8.97307,45.89454],[8.97307,45.89444],[8.97308,45.89435],[8.97308,45.89426],[8.9731,45.89418],[8.97312,45.89406],[8.97312,45.89403],[8.97332,45.89256],[8.97333,45.89241],[8.97335,45.89231],[8.97336,45.89224],[8.97366,45.8914],[8.9737,45.89134],[8.97373,45.89128],[8.97381,45.89116],[8.97385,45.8911],[8.97394,45.89098],[8.97409,45.89083],[8.97501,45.89],[8.97515,45.88984],[8.97524,45.88967],[8.97526,45.8893],[8.97508,45.88896],[8.97471,45.8887],[8.97448,45.88861],[8.97238,45.88801],[8.97213,45.88792],[8.97171,45.88768],[8.97104,45.88736],[8.96949,45.88666],[8.96946,45.88664],[8.96762,45.88577],[8.96688,45.88562],[8.96637,45.8857],[8.96615,45.88579],[8.96595,45.88591],[8.96579,45.88606],[8.9653,45.88663],[8.96528,45.88666],[8.96432,45.88787],[8.96426,45.88794],[8.96384,45.88841],[8.96366,45.88873],[8.9637,45.88938],[8.96353,45.88988],[8.96312,45.89062],[8.96302,45.89073],[8.96273,45.8911],[8.96263,45.89125],[8.96257,45.8914],[8.96256,45.89156],[8.96258,45.89172],[8.96293,45.89291],[8.96296,45.89311],[8.96294,45.8933],[8.96293,45.89336],[8.96285,45.89359],[8.96273,45.89375],[8.96253,45.89393],[8.96146,45.89472],[8.96119,45.89501],[8.96113,45.89517],[8.9611,45.89534],[8.96111,45.89617],[8.96113,45.89634],[8.96134,45.89698],[8.96116,45.89791],[8.96109,45.89805],[8.96096,45.89822],[8.96076,45.89843],[8.96075,45.89844],[8.96011,45.89909],[8.95988,45.89927],[8.95941,45.89958],[8.95924,45.89987],[8.95893,45.90075],[8.95893,45.90171],[8.95888,45.90206],[8.95809,45.90306],[8.95719,45.90354],[8.95688,45.90379],[8.9562,45.90488],[8.95601,45.90535],[8.95536,45.90605],[8.95528,45.90617],[8.95521,45.90629],[8.95494,45.90685],[8.95467,45.9076],[8.95465,45.90768],[8.95452,45.90833],[8.9545,45.90838],[8.95446,45.90856],[8.95439,45.90885],[8.95418,45.90916],[8.95376,45.90953],[8.95358,45.90965],[8.95331,45.90976],[8.95278,45.90992],[8.95257,45.91001],[8.95239,45.91013],[8.95225,45.91027],[8.95209,45.91059],[8.95205,45.91097],[8.95144,45.91178],[8.95104,45.91215],[8.95049,45.91296],[8.95015,45.91322],[8.9497,45.91336],[8.9492,45.91337],[8.94873,45.91325],[8.94843,45.91309],[8.94805,45.91296],[8.94708,45.91268],[8.9468,45.91265],[8.94631,45.91268],[8.94581,45.91264],[8.94554,45.91255],[8.94533,45.91245],[8.9451,45.91232],[8.94486,45.91221],[8.94432,45.91212],[8.94353,45.91223],[8.94331,45.91231],[8.93936,45.91418],[8.93869,45.91437],[8.93819,45.91433],[8.93775,45.91417],[8.93716,45.91364],[8.93696,45.91322],[8.93686,45.91309],[8.93659,45.91286],[8.93635,45.91255],[8.93625,45.91234],[8.93605,45.91208],[8.93582,45.91183],[8.93562,45.9117],[8.93539,45.9116],[8.93488,45.91149],[8.93448,45.91134],[8.93407,45.91111],[8.93309,45.9104],[8.93272,45.91021],[8.93251,45.91015],[8.93228,45.91011],[8.93205,45.91011],[8.93182,45.91013],[8.92873,45.91067],[8.92845,45.91071],[8.92822,45.9107],[8.92737,45.91056],[8.92617,45.91028],[8.92514,45.90977],[8.92468,45.90964],[8.92396,45.90967],[8.92255,45.90959],[8.92205,45.90949],[8.92159,45.90933],[8.92139,45.90921],[8.92111,45.9089],[8.92104,45.90854],[8.92117,45.90819],[8.922,45.90747]]]},"properties":{"bfs_nr":5254,"name":"Mendrisio"}},{"type":"Feature","geometry":{"type":"Polygon","coordinates":[[[9.0115,45.8546],[9.01151,45.85457],[9.01152,45.85451],[9.01154,45.85437],[9.01155,45.85419],[9.01151,45.85403],[9.01142,45.85387],[9.0113,45.85369],[9.01123,45.85352],[9.01125,45.85318],[9.01161,45.85273],[9.01202,45.85255],[9.01257,45.85241],[9.01311,45.85205],[9.01326,45.85172],[9.01321,45.85137],[9.01298,45.85106],[9.01249,45.85072],[9.01225,45.85039],[9.01213,45.85003],[9.01174,45.84944],[9.01176,45.84911],[9.01185,45.84892],[9.01201,45.84867],[9.01213,45.84845],[9.01217,45.84838],[9.01287,45.84675],[9.01293,45.84654],[9.01294,45.84634],[9.01294,45.84633],[9.01301,45.8452],[9.01314,45.84482],[9.01343,45.84453],[9.01392,45.84433],[9.01498,45.84406],[9.01505,45.84404],[9.0153,45.84397],[9.01534,45.84396],[9.01562,45.84386],[9.01566,45.84385],[9.01592,45.84376],[9.01596,45.84375],[9.01621,45.84365],[9.01626,45.84363],[9.01642,45.84356],[9.01646,45.84354],[9.01665,45.84345],[9.01668,45.84344],[9.01685,45.84335],[9.01689,45.84333],[9.01703,45.84326],[9.01707,45.84323],[9.01725,45.84313],[9.01729,45.8431],[9.01744,45.84301],[9.01747,45.84299],[9.01762,45.84288],[9.01765,45.84286],[9.0178,45.84275],[9.01782,45.84274],[9.01801,45.84259],[9.01804,45.84257],[9.01834,45.84232],[9.01839,45.84228],[9.01864,45.84205],[9.01865,45.84204],[9.0191,45.84162],[9.01912,45.8416],[9.01932,45.84142],[9.01956,45.84121],[9.0202,45.84075],[9.02128,45.84016],[9.02186,45.83994],[9.02238,45.8399],[9.02288,45.84001],[9.02327,45.84024],[9.02363,45.84061],[9.02467,45.8411],[9.02515,45.84165],[9.02574,45.84209],[9.02607,45.84277],[9.02611,45.84334],[9.0263,45.84398],[9.02657,45.84429],[9.02725,45.84456],[9.02849,45.84447],[9.02898,45.84456],[9.02952,45.84493],[9.02968,45.84527],[9.02969,45.84561],[9.02984,45.84596],[9.03018,45.84624],[9.03052,45.84638],[9.0314,45.8469],[9.03173,45.84739],[9.0317,45.84775],[9.03091,45.84889],[9.0307,45.8493],[9.03041,45.84998],[9.03037,45.85015],[9.03037,45.85033],[9.03038,45.85038],[9.03042,45.85054],[9.03052,45.8507],[9.03066,45.85085],[9.03083,45.85097],[9.03103,45.85107],[9.03126,45.85114],[9.0315,45.85118],[9.03198,45.8512],[9.03245,45.85132],[9.03265,45.85143],[9.03285,45.8516],[9.03319,45.85196],[9.03332,45.85215],[9.03371,45.85253],[9.03392,45.8529],[9.03392,45.85339],[9.03371,45.85369],[9.03336,45.85391],[9.03278,45.85409],[9.03224,45.85427],[9.03176,45.85448],[9.03098,45.85472],[9.03046,45.85473],[9.03003,45.85462],[9.02933,45.8546],[9.02765,45.85509],[9.02715,45.85526],[9.02665,45.85533],[9.02639,45.8553],[9.02608,45.85522],[9.02544,45.85513],[9.025,45.85498],[9.02448,45.85492],[9.02374,45.8551],[9.02337,45.85535],[9.02273,45.85591],[9.0225,45.85622],[9.02242,45.8567],[9.02196,45.85746],[9.02167,45.85776],[9.02124,45.85795],[9.02032,45.85797],[9.01891,45.85764],[9.01781,45.85732],[9.0174,45.85713],[9.01677,45.85691],[9.01608,45.85689],[9.01536,45.8571],[9.01485,45.85713],[9.01436,45.85702],[9.01419,45.85693],[9.01394,45.85683],[9.01371,45.85678],[9.01347,45.85674],[9.01331,45.8567],[9.01308,45.85664],[9.01257,45.85637],[9.01237,45.85616],[9.01234,45.85612],[9.01225,45.85601],[9.01168,45.85542],[9.01154,45.85524],[9.01143,45.85492],[9.0115,45.8546]]]},"properties":{"bfs_nr":5257,"name":"Morbio Inferiore"}},{"type":"Feature","geometry":{"type":"Polygon","coordinates":[[[8.95658,45.84242],[8.95645,45.84205],[8.95665,45.84153],[8.95702,45.84128],[8.95814,45.84092],[8.95996,45.8401],[8.96078,45.83981],[8.96191,45.83905],[8.96211,45.8387],[8.96222,45.83798],[8.96204,45.83751],[8.96165,45.83694],[8.96163,45.8366],[8.96196,45.83614],[8.9635,45.83524],[8.96419,45.83511],[8.96476,45.83518],[8.96548,45.83508],[8.96613,45.83479],[8.96709,45.83458],[8.96807,45.83399],[8.96839,45.83374],[8.96911,45.83289],[8.96949,45.83265],[8.97023,45.83253],[8.97072,45.83262],[8.97157,45.83296],[8.97235,45.83301],[8.97314,45.83284],[8.97367,45.83286],[8.97414,45.83302],[8.97536,45.834],[8.9757,45.83456],[8.97561,45.83497],[8.97535,45.83549],[8.97541,45.83585],[8.97566,45.83616],[8.9761,45.8365],[8.97652,45.83666],[8.97722,45.83676],[8.97769,45.83675],[8.97868,45.83657],[8.97916,45.83641],[8.97995,45.83594],[8.98122,45.83576],[8.98176,45.83584],[8.98245,45.83615],[8.98324,45.83666],[8.98377,45.83714],[8.98426,45.83732],[8.98523,45.83793],[8.98622,45.8383],[8.98672,45.83844],[8.98721,45.83845],[8.9882,45.83817],[8.98857,45.83793],[8.98928,45.83718],[8.9895,45.83669],[8.9898,45.83638],[8.99056,45.83606],[8.99088,45.83582],[8.99129,45.83523],[8.99193,45.83483],[8.99239,45.83463],[8.99377,45.83437],[8.99475,45.83439],[8.99563,45.83457],[8.99633,45.83465],[8.99746,45.83491],[8.99807,45.83494],[8.99863,45.83506],[8.99881,45.83509],[8.99889,45.83509],[8.99905,45.8351],[8.9991,45.8351],[8.99923,45.83509],[8.99928,45.83509],[8.99943,45.83507],[9.00025,45.83495],[9.00096,45.83507],[9.00134,45.8353],[9.00158,45.83565],[9.00174,45.83607],[9.00177,45.83614],[9.00206,45.83668],[9.0028,45.83739],[9.00294,45.83783],[9.00287,45.83817],[9.00259,45.83861],[9.00257,45.83896],[9.00297,45.83978],[9.00361,45.84149],[9.00387,45.84206],[9.00385,45.84242],[9.00362,45.84274],[9.003,45.84305],[9.00268,45.8431],[9.00263,45.8431],[9.0024,45.84312],[9.00237,45.84313],[9.00215,45.84315],[9.00212,45.84316],[9.0019,45.84319],[9.00186,45.84319],[9.00165,45.84322],[9.00161,45.84323],[9.00111,45.84332],[9.00087,45.84337],[9.00066,45.84342],[9.00062,45.84343],[9.00041,45.84348],[9.00038,45.84349],[9.00017,45.84355],[9.00014,45.84356],[8.99993,45.84362],[8.9997,45.84369],[8.99967,45.8437],[8.99947,45.84377],[8.99944,45.84378],[8.99924,45.84385],[8.99901,45.84393],[8.99879,45.84402],[8.99876,45.84403],[8.99857,45.84412],[8.99854,45.84413],[8.99835,45.84421],[8.99832,45.84423],[8.99814,45.84432],[8.99811,45.84433],[8.99793,45.84442],[8.9979,45.84444],[8.99773,45.84453],[8.9977,45.84454],[8.99753,45.84464],[8.9975,45.84466],[8.99713,45.84488],[8.99711,45.84489],[8.99637,45.84536],[8.99635,45.84537],[8.996,45.84559],[8.99594,45.84562],[8.9956,45.84581],[8.99497,45.84613],[8.99397,45.84656],[8.99346,45.84695],[8.99268,45.84731],[8.99223,45.84761],[8.99176,45.84773],[8.9909,45.84782],[8.99,45.84811],[8.98979,45.84821],[8.98925,45.84855],[8.98909,45.84867],[8.98886,45.84878],[8.98855,45.84888],[8.98756,45.84905],[8.98703,45.84915],[8.98672,45.84926],[8.98607,45.84954],[8.98561,45.84961],[8.98537,45.8496],[8.98492,45.84949],[8.98454,45.84925],[8.98425,45.84883],[8.98416,45.84841],[8.98383,45.84768],[8.98357,45.84738],[8.98316,45.84717],[8.98267,45.84709],[8.98217,45.84715],[8.98174,45.84733],[8.98134,45.84763],[8.98128,45.84766],[8.98102,45.84778],[8.98101,45.84778],[8.98064,45.84789],[8.98053,45.84792],[8.9803,45.84802],[8.9801,45.84814],[8.9799,45.84832],[8.97969,45.8486],[8.97954,45.84873],[8.97922,45.84894],[8.97854,45.84945],[8.97793,45.84981],[8.977,45.85089],[8.97662,45.85114],[8.97602,45.85133],[8.97546,45.85159],[8.97463,45.85171],[8.9744,45.85176],[8.97404,45.85185],[8.97258,45.85246],[8.97224,45.85273],[8.97208,45.85307],[8.97212,45.85354],[8.97203,45.85387],[8.97177,45.85416],[8.97112,45.85453],[8.97089,45.85485],[8.97086,45.8552],[8.97101,45.85557],[8.97102,45.85593],[8.97083,45.85626],[8.97002,45.85684],[8.96925,45.8571],[8.96848,45.857],[8.96826,45.85689],[8.96803,45.85672],[8.96775,45.85646],[8.9677,45.85641],[8.96748,45.85619],[8.96743,45.85614],[8.96719,45.85587],[8.967,45.85564],[8.96696,45.85558],[8.96677,45.85532],[8.96674,45.85527],[8.96577,45.85377],[8.96574,45.85372],[8.96561,45.85355],[8.96555,45.85347],[8.96541,45.85333],[8.96534,45.85326],[8.96517,45.85311],[8.96508,45.85304],[8.9649,45.85291],[8.96479,45.85284],[8.96459,45.85274],[8.96455,45.85271],[8.96432,45.85259],[8.96427,45.85257],[8.96233,45.85169],[8.96213,45.85158],[8.9621,45.85156],[8.9618,45.85133],[8.9616,45.85107],[8.96152,45.85086],[8.96152,45.85085],[8.96149,45.85064],[8.96149,45.85062],[8.96153,45.85035],[8.96163,45.85012],[8.96192,45.84979],[8.96262,45.84919],[8.96286,45.84887],[8.96295,45.84796],[8.96283,45.84718],[8.96248,45.84672],[8.96229,45.84661],[8.96206,45.84653],[8.96182,45.84642],[8.96179,45.8464],[8.96161,45.84629],[8.96136,45.84613],[8.96088,45.84573],[8.95977,45.84521],[8.95912,45.84501],[8.95836,45.84455],[8.95787,45.84402],[8.95745,45.8438],[8.95711,45.84349],[8.95679,45.84301],[8.95658,45.84242]]]},"properties":{"bfs_nr":5260,"name":"Novazzano"}},{"type":"Feature","geometry":{"type":"Polygon","coordinates":[[[8.94945,45.93391],[8.94943,45.93336],[8.94985,45.93285],[8.94999,45.93248],[8.95001,45.93183],[8.95059,45.93111],[8.95097,45.93087],[8.95119,45.93066],[8.95145,45.93047],[8.9519,45.93026],[8.95235,45.93016],[8.95276,45.92999],[8.95292,45.92986],[8.95304,45.92972],[8.95366,45.92871],[8.95376,45.92853],[8.9538,45.92834],[8.95378,45.92815],[8.95371,45.92797],[8.95346,45.92752],[8.95342,45.9272],[8.95349,45.92696],[8.95353,45.92674],[8.95355,45.92624],[8.95353,45.92606],[8.95345,45.92588],[8.95332,45.92571],[8.95326,45.92565],[8.95316,45.92553],[8.95305,45.92534],[8.95299,45.92513],[8.95298,45.92507],[8.95296,45.92489],[8.95297,45.92481],[8.95311,45.92425],[8.95311,45.9235],[8.95334,45.9231],[8.95342,45.92279],[8.95339,45.9225],[8.95361,45.92163],[8.95362,45.92143],[8.95352,45.921],[8.95379,45.9203],[8.95385,45.92013],[8.95386,45.91997],[8.95376,45.91964],[8.95353,45.91932],[8.95352,45.91857],[8.9534,45.91818],[8.95337,45.91769],[8.95319,45.91733],[8.95239,45.91639],[8.95148,45.91562],[8.95085,45.91519],[8.95066,45.91485],[8.95019,45.91431],[8.95008,45.91396],[8.95032,45.91331],[8.95128,45.91196],[8.9516,45.91166],[8.95204,45.911],[8.95219,45.9104],[8.95243,45.91012],[8.95281,45.90991],[8.95312,45.90982],[8.95322,45.90979],[8.95338,45.90974],[8.95356,45.90967],[8.95371,45.90959],[8.95423,45.90914],[8.95443,45.90879],[8.95446,45.90864],[8.95447,45.9085],[8.95451,45.90838],[8.95451,45.90834],[8.95465,45.90771],[8.95468,45.90757],[8.95493,45.90687],[8.95532,45.90611],[8.95574,45.90569],[8.95601,45.90535],[8.95623,45.90483],[8.95659,45.90425],[8.95691,45.90393],[8.95735,45.90372],[8.95815,45.9031],[8.9588,45.90223],[8.95889,45.90206],[8.95893,45.90173],[8.95895,45.90069],[8.95919,45.90001],[8.95944,45.89963],[8.95991,45.89928],[8.96075,45.89844],[8.96076,45.89842],[8.96099,45.89819],[8.9611,45.89805],[8.96117,45.89791],[8.96135,45.89698],[8.96114,45.89634],[8.96111,45.89613],[8.9611,45.89539],[8.96113,45.89517],[8.9615,45.89469],[8.96258,45.8939],[8.96274,45.89375],[8.96286,45.89359],[8.96292,45.89341],[8.96295,45.89326],[8.96297,45.89311],[8.96294,45.89295],[8.9626,45.89176],[8.96256,45.89156],[8.96264,45.89125],[8.96275,45.89106],[8.96292,45.89086],[8.96323,45.89054],[8.96375,45.8895],[8.96372,45.88879],[8.96381,45.88848],[8.96431,45.88788],[8.96527,45.88667],[8.9653,45.88663],[8.96576,45.8861],[8.96596,45.88591],[8.96638,45.8857],[8.96688,45.88562],[8.96768,45.8858],[8.96946,45.88664],[8.96949,45.88666],[8.97103,45.88735],[8.97201,45.8879],[8.97232,45.888],[8.97431,45.88856],[8.97487,45.88883],[8.97517,45.88917],[8.97524,45.88952],[8.97511,45.88987],[8.97494,45.89006],[8.97406,45.89085],[8.97396,45.89096],[8.97393,45.891],[8.9739,45.89103],[8.97384,45.89111],[8.97382,45.89115],[8.97373,45.89129],[8.9737,45.89133],[8.97366,45.89141],[8.97363,45.89145],[8.97356,45.89159],[8.97346,45.89184],[8.97341,45.89203],[8.97339,45.89207],[8.97336,45.89225],[8.97335,45.8923],[8.97333,45.89242],[8.97332,45.89256],[8.97312,45.89402],[8.97312,45.89407],[8.97309,45.89419],[8.97309,45.89425],[8.97308,45.89437],[8.97307,45.89443],[8.97307,45.89455],[8.97308,45.89461],[8.97309,45.89471],[8.97311,45.89483],[8.97338,45.89572],[8.97346,45.89589],[8.97377,45.89619],[8.97486,45.89672],[8.97518,45.89695],[8.97538,45.89727],[8.97544,45.89771],[8.97556,45.89818],[8.97557,45.89822],[8.97557,45.89824],[8.97563,45.89837],[8.97568,45.89847],[8.97571,45.89852],[8.97578,45.89863],[8.97589,45.89885],[8.97589,45.89921],[8.97576,45.89959],[8.97576,45.90005],[8.97626,45.90107],[8.97632,45.90142],[8.97624,45.90188],[8.97627,45.90257],[8.97628,45.90263],[8.97663,45.90492],[8.97659,45.90532],[8.97638,45.9057],[8.97634,45.9059],[8.97634,45.90601],[8.97635,45.90618],[8.97642,45.90634],[8.97652,45.90649],[8.97677,45.90678],[8.97776,45.90771],[8.97786,45.90786],[8.97792,45.90806],[8.97799,45.90849],[8.97797,45.90866],[8.97796,45.90871],[8.97788,45.90892],[8.97777,45.90913],[8.97766,45.90931],[8.97757,45.90945],[8.97753,45.9096],[8.97751,45.90975],[8.97764,45.91327],[8.97751,45.91373],[8.97706,45.91448],[8.977,45.91459],[8.97683,45.91505],[8.97679,45.91519],[8.97678,45.91532],[8.97685,45.91639],[8.97697,45.91718],[8.97694,45.91755],[8.97684,45.91774],[8.97639,45.9184],[8.97638,45.91842],[8.97609,45.91884],[8.97583,45.91941],[8.97572,45.92023],[8.97565,45.92048],[8.97538,45.92112],[8.97531,45.92125],[8.97525,45.92136],[8.97503,45.92164],[8.9745,45.92215],[8.97442,45.92222],[8.97409,45.92251],[8.97363,45.92308],[8.97309,45.92433],[8.97307,45.92436],[8.97262,45.92533],[8.97253,45.92549],[8.97218,45.926],[8.97212,45.92611],[8.97162,45.92721],[8.97148,45.92744],[8.97131,45.9276],[8.97104,45.92776],[8.97017,45.92818],[8.96999,45.92828],[8.96884,45.92907],[8.96782,45.92979],[8.9675,45.92997],[8.96646,45.93046],[8.96446,45.9316],[8.96424,45.93177],[8.96377,45.93222],[8.96364,45.93238],[8.96331,45.9329],[8.9633,45.93292],[8.9621,45.93495],[8.9619,45.9352],[8.96174,45.93536],[8.96149,45.93556],[8.96053,45.93595],[8.95974,45.93633],[8.95748,45.93782],[8.95722,45.93796],[8.95673,45.93809],[8.95621,45.93807],[8.95597,45.938],[8.95569,45.93788],[8.95031,45.9349],[8.95014,45.93479],[8.94991,45.93463],[8.94971,45.93447],[8.94945,45.93391]]]},"properties":{"bfs_nr":5263,"name":"Riva San Vitale"}},{"type":"Feature","geometry":{"type":"Polygon","coordinates":[[[8.91414,45.83132],[8.91523,45.83174],[8.91646,45.83242],[8.91736,45.83285],[8.91841,45.83354],[8.91895,45.83373],[8.92036,45.83415],[8.9208,45.83418],[8.92396,45.83406],[8.92491,45.8338],[8.92553,45.8335],[8.92608,45.83336],[8.92668,45.8333],[8.92794,45.83346],[8.92853,45.83377],[8.92873,45.83409],[8.92889,45.83481],[8.92913,45.8351],[8.92951,45.83532],[8.93078,45.83563],[8.93117,45.83584],[8.93203,45.8366],[8.93229,45.83705],[8.93229,45.83776],[8.93245,45.83808],[8.93305,45.83883],[8.93349,45.83905],[8.93542,45.83933],[8.93613,45.8395],[8.93693,45.83985],[8.93727,45.84017],[8.93891,45.84116],[8.93933,45.8413],[8.94009,45.84136],[8.94116,45.84138],[8.94449,45.84213],[8.945,45.84233],[8.94531,45.84261],[8.94542,45.84314],[8.94525,45.84347],[8.94478,45.84405],[8.94473,45.84423],[8.94473,45.8444],[8.94476,45.84456],[8.94481,45.84474],[8.94492,45.84491],[8.94508,45.84507],[8.94551,45.84529],[8.94677,45.84548],[8.94807,45.84592],[8.94842,45.84614],[8.94863,45.84644],[8.94889,45.8471],[8.9497,45.84779],[8.95001,45.84836],[8.9503,45.84864],[8.95071,45.84882],[8.95122,45.84893],[8.95155,45.84908],[8.95182,45.8492],[8.95191,45.84924],[8.95233,45.84937],[8.95272,45.84948],[8.95329,45.84986],[8.95344,45.85039],[8.95324,45.85117],[8.95284,45.85182],[8.9529,45.85216],[8.95328,45.85279],[8.95363,45.8532],[8.95411,45.85348],[8.95443,45.85377],[8.95465,45.85445],[8.95458,45.85482],[8.95406,45.85528],[8.95345,45.8555],[8.95303,45.85573],[8.95256,45.85613],[8.95177,45.85666],[8.95128,45.85689],[8.95084,45.85698],[8.95044,45.85719],[8.94952,45.85787],[8.94905,45.85827],[8.94836,45.85853],[8.94817,45.85863],[8.94798,45.85881],[8.94777,45.85896],[8.94442,45.8609],[8.9441,45.86105],[8.94389,45.86117],[8.9431,45.86172],[8.94268,45.8619],[8.94256,45.86196],[8.94233,45.86209],[8.94232,45.8621],[8.941,45.86286],[8.94097,45.86288],[8.94049,45.86315],[8.94015,45.86335],[8.93968,45.86354],[8.9392,45.86358],[8.93711,45.8632],[8.93578,45.86259],[8.93528,45.86245],[8.93479,45.86241],[8.93413,45.86213],[8.93245,45.86088],[8.92936,45.85778],[8.92624,45.85452],[8.92461,45.8529],[8.92064,45.84929],[8.91886,45.84728],[8.91663,45.84483],[8.91436,45.84237],[8.91409,45.84188],[8.9139,45.84129],[8.91276,45.8381],[8.91271,45.83789],[8.91236,45.83493],[8.91209,45.83215],[8.91216,45.83175],[8.91243,45.83144],[8.91284,45.83123],[8.91334,45.83115],[8.91414,45.83132]]]},"properties":{"bfs_nr":5266,"name":"Stabio"}},{"type":"Feature","geometry":{"type":"Polygon","coordinates":[[[9.02452,45.8406],[9.02436,45.84024],[9.02441,45.83989],[9.02484,45.83945],[9.02528,45.83929],[9.0256,45.83925],[9.02575,45.83924],[9.02576,45.83924],[9.02656,45.8392],[9.02771,45.83916],[9.02773,45.83916],[9.02862,45.83913],[9.02863,45.83913],[9.02966,45.8391],[9.03013,45.83909],[9.03016,45.83909],[9.03124,45.83908],[9.03172,45.83907],[9.03175,45.83907],[9.03242,45.83908],[9.03254,45.83908],[9.03272,45.83909],[9.03311,45.83912],[9.03319,45.83913],[9.03336,45.83915],[9.03345,45.83917],[9.0336,45.83919],[9.03373,45.83922],[9.03465,45.83944],[9.03523,45.83969],[9.03548,45.83995],[9.03567,45.84083],[9.03579,45.84115],[9.03607,45.84142],[9.0373,45.84193],[9.03779,45.84205],[9.03832,45.84242],[9.03846,45.84276],[9.03847,45.84325],[9.03859,45.84388],[9.03915,45.84481],[9.03998,45.84587],[9.04063,45.84634],[9.04106,45.84647],[9.04153,45.84649],[9.04244,45.84641],[9.04338,45.84655],[9.04379,45.84674],[9.04408,45.84705],[9.04426,45.84753],[9.04457,45.8479],[9.04491,45.84815],[9.0451,45.84847],[9.04518,45.84896],[9.04535,45.84937],[9.04567,45.84966],[9.04609,45.84987],[9.04682,45.85048],[9.04727,45.85098],[9.04769,45.85129],[9.04849,45.85176],[9.04885,45.85221],[9.04886,45.85256],[9.04865,45.8531],[9.04874,45.85348],[9.04911,45.85408],[9.04906,45.85443],[9.04881,45.85475],[9.04817,45.85503],[9.04792,45.85506],[9.04738,45.85503],[9.04693,45.85491],[9.04679,45.85484],[9.04661,45.85476],[9.04639,45.85462],[9.04616,45.8544],[9.04535,45.85382],[9.04513,45.8536],[9.04496,45.8535],[9.04477,45.85341],[9.04467,45.85337],[9.04452,45.85333],[9.04404,45.85321],[9.04385,45.85315],[9.04357,45.85303],[9.04356,45.85302],[9.04344,45.85296],[9.04311,45.85276],[9.04275,45.85257],[9.04229,45.85237],[9.04209,45.8523],[9.04187,45.85226],[9.04164,45.85224],[9.04142,45.85225],[9.04082,45.85236],[9.04039,45.8524],[9.04014,45.85246],[9.03988,45.85258],[9.03969,45.8527],[9.03931,45.85304],[9.03886,45.85322],[9.03835,45.85326],[9.03772,45.85313],[9.03745,45.85312],[9.03719,45.85314],[9.03604,45.85332],[9.03533,45.85347],[9.03481,45.85344],[9.03435,45.85327],[9.03399,45.85295],[9.03373,45.8525],[9.03315,45.85189],[9.03282,45.85156],[9.03265,45.85143],[9.03245,45.85132],[9.03198,45.85119],[9.03145,45.85117],[9.031,45.85105],[9.03081,45.85095],[9.03052,45.85069],[9.03043,45.85054],[9.03037,45.85035],[9.03037,45.85015],[9.03043,45.84994],[9.03061,45.84951],[9.03089,45.84909],[9.03102,45.84879],[9.03136,45.84834],[9.03173,45.84806],[9.03192,45.84772],[9.0319,45.84736],[9.03169,45.84703],[9.03081,45.84646],[9.03002,45.84604],[9.02978,45.84572],[9.02972,45.84535],[9.02959,45.84501],[9.02933,45.84469],[9.02913,45.84457],[9.02819,45.84425],[9.02737,45.84418],[9.02693,45.844],[9.02655,45.84354],[9.02638,45.84286],[9.02601,45.84249],[9.02582,45.84215],[9.02558,45.84189],[9.0251,45.84159],[9.02485,45.8413],[9.02452,45.8406]]]},"properties":{"bfs_nr":5268,"name":"Vacallo"}},{"type":"Feature","geometry":{"type":"Polygon","coordinates":[[[9.01559,45.90751],[9.01557,45.90709],[9.01574,45.90678],[9.01626,45.90644],[9.01654,45.90636],[9.01669,45.90633],[9.01692,45.90627],[9.01712,45.90618],[9.01725,45.90611],[9.01788,45.90577],[9.01805,45.90567],[9.01818,45.90555],[9.01824,45.90548],[9.01835,45.90534],[9.01842,45.90519],[9.01845,45.90504],[9.01844,45.90493],[9.01844,45.90466],[9.0186,45.9043],[9.01928,45.90378],[9.0196,45.90361],[9.01973,45.90353],[9.01973,45.90354],[9.02004,45.90333],[9.02022,45.90319],[9.02035,45.90303],[9.02045,45.90267],[9.02034,45.9023],[9.02003,45.902],[9.01958,45.90173],[9.01946,45.90165],[9.0193,45.90152],[9.01912,45.9012],[9.01912,45.90086],[9.01922,45.90063],[9.01953,45.90029],[9.01978,45.90014],[9.02004,45.90002],[9.02023,45.89992],[9.02038,45.89979],[9.02075,45.89943],[9.021,45.89923],[9.02103,45.89921],[9.02121,45.89911],[9.02147,45.89884],[9.02158,45.89853],[9.02156,45.89815],[9.02158,45.89794],[9.02189,45.89747],[9.02212,45.89732],[9.0223,45.89719],[9.02254,45.89667],[9.02244,45.89632],[9.02232,45.89616],[9.02215,45.89602],[9.02213,45.896],[9.02199,45.89585],[9.02184,45.8955],[9.02201,45.89498],[9.02216,45.89483],[9.02224,45.89478],[9.02242,45.89465],[9.02263,45.89431],[9.02266,45.89412],[9.02266,45.89406],[9.02271,45.89389],[9.02312,45.89346],[9.02356,45.8933],[9.0238,45.89326],[9.02411,45.89326],[9.02506,45.89332],[9.02507,45.89332],[9.02587,45.89336],[9.02644,45.89348],[9.02666,45.89359],[9.02674,45.89365],[9.0269,45.89375],[9.02709,45.89383],[9.02716,45.89385],[9.0272,45.89387],[9.02728,45.89389],[9.02731,45.8939],[9.02749,45.89396],[9.02776,45.89405],[9.02809,45.89413],[9.02842,45.89424],[9.02869,45.89432],[9.02901,45.89439],[9.02934,45.89452],[9.03012,45.89495],[9.03099,45.89554],[9.03112,45.89562],[9.03219,45.89617],[9.03227,45.89621],[9.03245,45.89628],[9.03258,45.89635],[9.03323,45.89669],[9.03344,45.89678],[9.03368,45.89684],[9.03392,45.89687],[9.03495,45.89694],[9.03558,45.89719],[9.03658,45.89786],[9.03679,45.89797],[9.03703,45.89805],[9.03729,45.8981],[9.04115,45.89848],[9.04141,45.89848],[9.04192,45.89838],[9.04214,45.89828],[9.04233,45.89815],[9.04257,45.89791],[9.04267,45.89774],[9.04271,45.89756],[9.04265,45.89721],[9.04256,45.89706],[9.04238,45.89683],[9.04231,45.89666],[9.04228,45.8965],[9.04221,45.89628],[9.04209,45.89605],[9.04211,45.89556],[9.0422,45.89541],[9.04221,45.8954],[9.04233,45.89525],[9.0424,45.89508],[9.04243,45.89491],[9.04243,45.89483],[9.04249,45.89465],[9.04252,45.89449],[9.04251,45.89432],[9.04246,45.89416],[9.04232,45.89388],[9.04227,45.8937],[9.04222,45.89354],[9.04219,45.89344],[9.04208,45.89319],[9.04202,45.89306],[9.04197,45.89276],[9.04192,45.89259],[9.04182,45.89242],[9.04168,45.89228],[9.04161,45.89222],[9.04148,45.89209],[9.04142,45.89203],[9.04141,45.89201],[9.0413,45.89193],[9.04124,45.89189],[9.04103,45.89171],[9.04084,45.89137],[9.04099,45.89058],[9.04096,45.89041],[9.04088,45.89025],[9.04061,45.88997],[9.04042,45.88986],[9.04015,45.88973],[9.03982,45.88944],[9.0397,45.8892],[9.03958,45.88903],[9.03941,45.88888],[9.0392,45.88876],[9.03864,45.88854],[9.03844,45.88841],[9.03826,45.88824],[9.0382,45.88818],[9.03815,45.88813],[9.038,45.88801],[9.03753,45.8878],[9.03728,45.88775],[9.03721,45.88774],[9.03698,45.88768],[9.03646,45.88733],[9.03629,45.88702],[9.03629,45.88694],[9.03628,45.8869],[9.03626,45.8868],[9.03624,45.88669],[9.03611,45.88644],[9.03591,45.88623],[9.03583,45.88615],[9.03578,45.8861],[9.03561,45.88588],[9.03553,45.88568],[9.03555,45.88532],[9.0356,45.88522],[9.03566,45.88505],[9.03563,45.8847],[9.03542,45.88438],[9.03525,45.88425],[9.03504,45.88414],[9.03473,45.88405],[9.03451,45.88396],[9.03429,45.88383],[9.03413,45.88368],[9.03381,45.88325],[9.03371,45.88304],[9.03369,45.88298],[9.03361,45.88281],[9.03348,45.88266],[9.03331,45.88252],[9.03311,45.88241],[9.03269,45.88225],[9.03235,45.88197],[9.0322,45.88144],[9.03227,45.88121],[9.03229,45.88117],[9.03235,45.88098],[9.0324,45.88068],[9.03247,45.88047],[9.03257,45.88031],[9.03277,45.8801],[9.03289,45.87995],[9.033,45.87962],[9.03293,45.87929],[9.03251,45.87889],[9.03231,45.87879],[9.03225,45.87877],[9.03219,45.87875],[9.03216,45.87873],[9.03196,45.87864],[9.03188,45.87861],[9.03176,45.87856],[9.03155,45.87846],[9.03142,45.87837],[9.0314,45.87836],[9.03135,45.87833],[9.03128,45.87828],[9.03112,45.8782],[9.03106,45.87816],[9.03099,45.87811],[9.03088,45.87802],[9.03063,45.87782],[9.03044,45.87771],[9.03,45.87758],[9.02975,45.87756],[9.02951,45.87752],[9.02928,45.87745],[9.0289,45.87722],[9.02862,45.87674],[9.02868,45.87625],[9.02867,45.87601],[9.02844,45.87561],[9.0281,45.8753],[9.02792,45.8752],[9.0276,45.87506],[9.02735,45.87494],[9.02704,45.87469],[9.02688,45.87437],[9.02688,45.87405],[9.02685,45.87389],[9.02679,45.87374],[9.02668,45.8736],[9.0265,45.8734],[9.02629,45.8731],[9.02581,45.87255],[9.02566,45.87236],[9.02555,45.87201],[9.02557,45.87182],[9.02559,45.87177],[9.02561,45.8717],[9.02563,45.87162],[9.02565,45.87154],[9.02566,45.87144],[9.02566,45.87138],[9.02569,45.87117],[9.0258,45.87085],[9.02592,45.8707],[9.02611,45.87053],[9.02625,45.87038],[9.02639,45.86988],[9.02611,45.8694],[9.02594,45.86928],[9.02574,45.86918],[9.02558,45.86909],[9.02543,45.869],[9.02516,45.86882],[9.02513,45.8688],[9.02495,45.86861],[9.02478,45.86841],[9.02446,45.86803],[9.0243,45.86778],[9.02418,45.86753],[9.02411,45.86741],[9.02393,45.86715],[9.02392,45.86714],[9.02377,45.86693],[9.02367,45.86674],[9.02363,45.86658],[9.02363,45.86652],[9.02361,45.86635],[9.02344,45.86604],[9.02312,45.86579],[9.02291,45.8657],[9.02246,45.86556],[9.02226,45.86544],[9.02206,45.86528],[9.02204,45.86526],[9.02183,45.86511],[9.02061,45.86437],[9.02035,45.86424],[9.02014,45.86417],[9.02003,45.86413],[9.01979,45.86402],[9.01952,45.86389],[9.0193,45.86371],[9.01917,45.86359],[9.01901,45.86348],[9.01873,45.86329],[9.01847,45.86299],[9.01839,45.86275],[9.01839,45.86272],[9.01831,45.86256],[9.01802,45.86228],[9.01782,45.86217],[9.01761,45.86208],[9.01744,45.86196],[9.01719,45.86166],[9.01712,45.86132],[9.01717,45.86111],[9.01718,45.86093],[9.01714,45.86075],[9.01692,45.86042],[9.01653,45.86019],[9.01629,45.86012],[9.01621,45.8601],[9.01594,45.86],[9.01559,45.85974],[9.0154,45.85942],[9.01538,45.8592],[9.01538,45.85907],[9.01532,45.85887],[9.01501,45.85819],[9.01503,45.85784],[9.01541,45.85739],[9.01594,45.85711],[9.01644,45.85699],[9.01697,45.85702],[9.01742,45.85715],[9.01806,45.85745],[9.02009,45.85794],[9.02076,45.85804],[9.02123,45.85802],[9.02185,45.85777],[9.02216,45.85746],[9.02244,45.85702],[9.02273,45.85675],[9.02321,45.85595],[9.02337,45.85554],[9.02371,45.85524],[9.02448,45.85502],[9.02545,45.8552],[9.02655,45.85533],[9.02681,45.85533],[9.02707,45.8553],[9.02771,45.85507],[9.0291,45.85468],[9.02957,45.85464],[9.0304,45.8548],[9.03111,45.85474],[9.03173,45.8545],[9.0323,45.85425],[9.03275,45.8541],[9.03314,45.85399],[9.0334,45.85394],[9.03436,45.85388],[9.03598,45.85336],[9.0363,45.85328],[9.03709,45.85316],[9.03738,45.85313],[9.03784,45.85317],[9.03844,45.85328],[9.03893,45.85322],[9.03941,45.853],[9.0397,45.85272],[9.03991,45.85257],[9.04043,45.8524],[9.04072,45.85238],[9.04096,45.85234],[9.04142,45.85226],[9.04187,45.85226],[9.04209,45.85231],[9.04273,45.85256],[9.04312,45.85276],[9.04346,45.85297],[9.04354,45.85301],[9.04362,45.85305],[9.04381,45.85313],[9.04388,45.85316],[9.04401,45.8532],[9.04449,45.85332],[9.0447,45.85338],[9.04497,45.85351],[9.04515,45.85363],[9.04534,45.85383],[9.04575,45.85416],[9.04643,45.85466],[9.04672,45.85482],[9.04695,45.85492],[9.04719,45.855],[9.04745,45.85505],[9.04851,45.85515],[9.04931,45.85515],[9.05035,45.85538],[9.05074,45.85561],[9.05103,45.8561],[9.05096,45.8565],[9.05049,45.85739],[9.04987,45.85793],[9.04941,45.85854],[9.04939,45.85885],[9.04961,45.86033],[9.04917,45.86132],[9.0491,45.86166],[9.04921,45.86219],[9.04918,45.86263],[9.04932,45.86298],[9.04984,45.8634],[9.05008,45.86372],[9.05021,45.86436],[9.0507,45.86498],[9.0511,45.86588],[9.05158,45.86636],[9.05165,45.86707],[9.05177,45.86739],[9.05224,45.86777],[9.05287,45.8681],[9.05317,45.86861],[9.05314,45.86913],[9.0533,45.8695],[9.05371,45.86984],[9.05491,45.87111],[9.05507,45.87132],[9.05512,45.87188],[9.05486,45.87226],[9.05469,45.87276],[9.0548,45.87355],[9.05515,45.87399],[9.05558,45.87432],[9.05637,45.87481],[9.05734,45.87516],[9.05797,45.87518],[9.05975,45.87495],[9.06035,45.87496],[9.06181,45.87541],[9.06312,45.87564],[9.06549,45.87601],[9.06618,45.87595],[9.0667,45.876],[9.06736,45.87636],[9.06868,45.87769],[9.06976,45.87882],[9.07032,45.87959],[9.07084,45.88018],[9.07123,45.88137],[9.07145,45.88173],[9.072,45.88216],[9.073,45.88255],[9.07363,45.88265],[9.07469,45.88303],[9.07552,45.88339],[9.07654,45.884],[9.07707,45.88444],[9.07736,45.88478],[9.07742,45.88513],[9.07737,45.88603],[9.07755,45.88652],[9.0782,45.88713],[9.07852,45.88774],[9.07915,45.88822],[9.07935,45.88853],[9.07937,45.88887],[9.0792,45.88919],[9.07827,45.8901],[9.07762,45.89062],[9.07752,45.89111],[9.07773,45.89152],[9.07804,45.89177],[9.07871,45.89196],[9.08072,45.89188],[9.0812,45.89198],[9.08159,45.89222],[9.08191,45.89255],[9.08256,45.89289],[9.08332,45.89308],[9.08374,45.89332],[9.08423,45.89399],[9.08474,45.89437],[9.08497,45.8949],[9.08498,45.89546],[9.08522,45.89578],[9.08561,45.89601],[9.08645,45.89624],[9.0877,45.89671],[9.08804,45.89697],[9.08822,45.89749],[9.08809,45.89783],[9.0875,45.89855],[9.08747,45.89919],[9.08827,45.90039],[9.08837,45.90073],[9.08828,45.90107],[9.08797,45.9014],[9.08725,45.90188],[9.08679,45.90202],[9.08597,45.90195],[9.08247,45.90093],[9.07852,45.89977],[9.07774,45.89972],[9.07726,45.89987],[9.07691,45.90015],[9.07674,45.9005],[9.07631,45.90347],[9.07556,45.90581],[9.07563,45.90635],[9.07712,45.90882],[9.07721,45.90902],[9.07714,45.90956],[9.07662,45.91056],[9.07643,45.91109],[9.07615,45.91137],[9.07533,45.9117],[9.07447,45.91231],[9.07337,45.91275],[9.07284,45.91281],[9.07226,45.91271],[9.07073,45.912],[9.06962,45.91171],[9.06913,45.91173],[9.06868,45.91187],[9.06834,45.91213],[9.0681,45.91277],[9.06767,45.91323],[9.06648,45.91395],[9.06536,45.91436],[9.06449,45.91474],[9.06355,45.91488],[9.06259,45.91484],[9.06209,45.91499],[9.05973,45.91616],[9.05928,45.91655],[9.05919,45.91704],[9.0598,45.91974],[9.05968,45.92032],[9.05936,45.92061],[9.0589,45.92078],[9.05823,45.9208],[9.05771,45.92072],[9.05703,45.92048],[9.05554,45.92026],[9.05504,45.92028],[9.05424,45.92051],[9.05334,45.92051],[9.05186,45.92058],[9.05098,45.92043],[9.05048,45.92043],[9.05002,45.92056],[9.04967,45.9208],[9.04947,45.92111],[9.04923,45.92188],[9.04898,45.92216],[9.04808,45.92272],[9.04757,45.92338],[9.04718,45.92372],[9.04661,45.92394],[9.04565,45.92452],[9.04509,45.92507],[9.04493,45.92536],[9.04489,45.92571],[9.04463,45.92617],[9.04424,45.92643],[9.04378,45.92661],[9.043,45.92715],[9.04252,45.92728],[9.04194,45.92726],[9.03905,45.92677],[9.03758,45.92644],[9.03666,45.92634],[9.03607,45.9264],[9.03441,45.92644],[9.03244,45.92663],[9.03062,45.92653],[9.03,45.92626],[9.02976,45.92596],[9.02968,45.92575],[9.02956,45.92518],[9.02947,45.92476],[9.02942,45.9246],[9.02918,45.92431],[9.0288,45.9241],[9.02835,45.924],[9.02759,45.92394],[9.02726,45.92388],[9.02701,45.9238],[9.02673,45.92366],[9.02546,45.92281],[9.02528,45.92268],[9.02517,45.92259],[9.02499,45.92246],[9.02455,45.92229],[9.02405,45.92226],[9.02357,45.92236],[9.02336,45.92245],[9.02273,45.92281],[9.02252,45.92297],[9.02229,45.92318],[9.02222,45.92326],[9.0222,45.92328],[9.0221,45.9234],[9.02154,45.9237],[9.02108,45.92376],[9.02061,45.92371],[9.02034,45.92361],[9.01979,45.92338],[9.01901,45.92305],[9.01872,45.92288],[9.01848,45.92268],[9.01826,45.92247],[9.01789,45.92224],[9.01764,45.92206],[9.01748,45.92189],[9.01745,45.92183],[9.01734,45.92167],[9.01726,45.92158],[9.01706,45.9214],[9.01659,45.92065],[9.01672,45.92013],[9.0169,45.91994],[9.01715,45.91972],[9.01729,45.91956],[9.01739,45.91938],[9.01742,45.91919],[9.01743,45.91917],[9.01747,45.91893],[9.01753,45.91882],[9.01759,45.91866],[9.01759,45.91834],[9.01743,45.91804],[9.01729,45.9179],[9.01721,45.91784],[9.01708,45.91769],[9.01696,45.91735],[9.01704,45.91701],[9.01718,45.91681],[9.01803,45.91584],[9.0184,45.91556],[9.0186,45.91547],[9.01862,45.91547],[9.01885,45.91539],[9.01904,45.91529],[9.01933,45.91502],[9.01942,45.91486],[9.01946,45.91469],[9.01955,45.91387],[9.01959,45.9137],[9.01973,45.91342],[9.01981,45.91323],[9.01983,45.91303],[9.01983,45.91302],[9.01987,45.9128],[9.01987,45.91261],[9.0197,45.91224],[9.01954,45.91209],[9.01933,45.91196],[9.01912,45.91185],[9.01841,45.91151],[9.01839,45.9115],[9.01763,45.91113],[9.01738,45.91098],[9.01711,45.91067],[9.01704,45.9103],[9.01712,45.91001],[9.01713,45.90983],[9.017,45.90947],[9.01668,45.90917],[9.01646,45.90907],[9.01605,45.90893],[9.01569,45.90868],[9.01549,45.90836],[9.0155,45.908],[9.01555,45.90788],[9.0156,45.90771],[9.0156,45.90753],[9.01559,45.90751]]]},"properties":{"bfs_nr":5269,"name":"Breggia"}},{"type":"Feature","geometry":{"type":"Polygon","coordinates":[[[8.98206,46.32687],[8.98306,46.32717],[8.98379,46.32724],[8.98474,46.32772],[8.98545,46.32791],[8.98622,46.32802],[8.98675,46.32802],[8.98745,46.32786],[8.98851,46.32798],[8.98899,46.32798],[8.98963,46.3281],[8.99016,46.32808],[8.9906,46.32796],[8.99127,46.32785],[8.99167,46.32773],[8.99213,46.32766],[8.99374,46.32787],[8.99417,46.32801],[8.99493,46.32839],[8.99571,46.32851],[8.99603,46.32862],[8.9967,46.32884],[8.99693,46.32893],[8.99725,46.32902],[8.99839,46.32928],[8.99901,46.32939],[8.99926,46.32948],[8.99988,46.32988],[9.00008,46.32999],[9.0003,46.33007],[9.00106,46.33016],[9.00153,46.33029],[9.0021,46.33061],[9.00239,46.33073],[9.00253,46.33078],[9.00437,46.3313],[9.0046,46.33135],[9.00517,46.33144],[9.00547,46.3315],[9.00588,46.33169],[9.00603,46.33182],[9.00623,46.33214],[9.00627,46.33235],[9.00626,46.33296],[9.0061,46.33327],[9.00585,46.33355],[9.00575,46.33391],[9.00586,46.33427],[9.00635,46.33482],[9.00682,46.33528],[9.00763,46.33578],[9.00813,46.33645],[9.00851,46.3371],[9.00865,46.33747],[9.00877,46.33762],[9.00897,46.33782],[9.00914,46.33796],[9.00957,46.33821],[9.01038,46.33919],[9.01095,46.33955],[9.01136,46.34018],[9.01124,46.34083],[9.01136,46.34212],[9.01146,46.3423],[9.01151,46.34236],[9.01158,46.34244],[9.01251,46.3434],[9.01346,46.34417],[9.01455,46.34479],[9.01525,46.34493],[9.01578,46.34509],[9.01679,46.34553],[9.01736,46.3456],[9.01754,46.34564],[9.01791,46.34569],[9.0183,46.34569],[9.0184,46.34569],[9.01893,46.34567],[9.01989,46.34568],[9.02045,46.34577],[9.02127,46.34576],[9.02197,46.34592],[9.02246,46.34595],[9.02293,46.34585],[9.02363,46.34549],[9.02401,46.34533],[9.02444,46.3452],[9.02565,46.34453],[9.02593,46.34439],[9.02617,46.3443],[9.02628,46.34425],[9.02644,46.34417],[9.02662,46.34406],[9.02684,46.34391],[9.02711,46.34375],[9.02763,46.34361],[9.02865,46.34365],[9.02898,46.34365],[9.02948,46.34363],[9.02988,46.34366],[9.0305,46.34358],[9.03082,46.34355],[9.03152,46.34358],[9.03331,46.34333],[9.03415,46.34316],[9.03448,46.34306],[9.03469,46.34302],[9.03503,46.34297],[9.03542,46.34295],[9.03578,46.3429],[9.03622,46.34288],[9.03651,46.34291],[9.03714,46.3431],[9.03777,46.34346],[9.03834,46.3437],[9.03891,46.34419],[9.03972,46.34459],[9.04006,46.34472],[9.04052,46.34477],[9.04119,46.34474],[9.04166,46.34483],[9.04257,46.34521],[9.04346,46.34532],[9.0444,46.34528],[9.04486,46.34536],[9.04552,46.34569],[9.046,46.34579],[9.04625,46.3458],[9.04673,46.34571],[9.04687,46.34565],[9.04717,46.34552],[9.04739,46.34546],[9.04769,46.34542],[9.04808,46.3454],[9.04832,46.34536],[9.04917,46.3452],[9.04967,46.34521],[9.04991,46.34526],[9.05037,46.34545],[9.05066,46.34553],[9.05181,46.34566],[9.05289,46.34558],[9.05347,46.34566],[9.05424,46.34556],[9.05493,46.3453],[9.05553,46.34509],[9.05581,46.345],[9.05606,46.34496],[9.05645,46.34485],[9.05784,46.34484],[9.05842,46.34473],[9.05914,46.34444],[9.05959,46.34439],[9.05994,46.34432],[9.06029,46.34422],[9.06121,46.34423],[9.06213,46.34406],[9.06344,46.34397],[9.06456,46.34374],[9.06516,46.34374],[9.066,46.34367],[9.06657,46.34377],[9.06683,46.34379],[9.06747,46.34378],[9.06769,46.34377],[9.06827,46.3437],[9.0686,46.34369],[9.06962,46.34355],[9.07076,46.34353],[9.07207,46.34377],[9.07251,46.34396],[9.07335,46.34474],[9.07448,46.34535],[9.07518,46.34592],[9.07586,46.34623],[9.0763,46.34657],[9.0767,46.34676],[9.07779,46.3469],[9.07931,46.34715],[9.08007,46.3474],[9.08067,46.34778],[9.08095,46.34817],[9.08171,46.34875],[9.08247,46.34892],[9.08367,46.34883],[9.08472,46.34869],[9.08557,46.34873],[9.0875,46.34909],[9.08805,46.34943],[9.08823,46.34975],[9.08827,46.35095],[9.08852,46.35166],[9.08847,46.3524],[9.08895,46.35328],[9.0901,46.35453],[9.09047,46.35484],[9.09147,46.35544],[9.09163,46.3556],[9.09196,46.35634],[9.09261,46.35752],[9.09277,46.35864],[9.09333,46.3599],[9.09367,46.36176],[9.09378,46.3621],[9.09375,46.36266],[9.09383,46.36295],[9.09425,46.36368],[9.0943,46.36424],[9.09408,46.36456],[9.09367,46.36483],[9.09333,46.36537],[9.09314,46.36652],[9.09272,46.36766],[9.09274,46.36788],[9.09315,46.36945],[9.09316,46.36981],[9.09301,46.37066],[9.0932,46.3711],[9.09393,46.37193],[9.0942,46.37215],[9.09506,46.37266],[9.09541,46.37297],[9.09554,46.37352],[9.09534,46.37445],[9.09461,46.37557],[9.09415,46.37621],[9.09318,46.377],[9.09298,46.37773],[9.09311,46.37911],[9.09305,46.37975],[9.09295,46.37997],[9.09217,46.38093],[9.09206,46.38126],[9.09209,46.38173],[9.09185,46.38232],[9.09156,46.38279],[9.09144,46.38338],[9.09096,46.38393],[9.09062,46.38449],[9.08998,46.38514],[9.08974,46.38595],[9.0897,46.38664],[9.08936,46.3871],[9.08861,46.38773],[9.08762,46.38846],[9.08717,46.38864],[9.08665,46.38868],[9.08633,46.38864],[9.08624,46.38862],[9.08595,46.38854],[9.08446,46.38805],[9.08424,46.38799],[9.08362,46.38794],[9.08315,46.38786],[9.08265,46.38789],[9.0822,46.38805],[9.08151,46.38856],[9.08129,46.38866],[9.08099,46.38874],[9.0794,46.38905],[9.07862,46.38928],[9.07808,46.38938],[9.07786,46.38939],[9.07739,46.38939],[9.07666,46.38933],[9.07635,46.38928],[9.07594,46.38918],[9.0755,46.38916],[9.07521,46.3892],[9.07494,46.38922],[9.07455,46.38923],[9.0744,46.38923],[9.07408,46.38922],[9.07386,46.38922],[9.07259,46.3893],[9.07209,46.38942],[9.07148,46.38975],[9.0701,46.39004],[9.06994,46.39007],[9.06957,46.39018],[9.06915,46.39033],[9.06854,46.39043],[9.06813,46.39058],[9.06774,46.3908],[9.06744,46.39099],[9.0667,46.39131],[9.06594,46.39168],[9.06572,46.39178],[9.06455,46.39221],[9.06398,46.39251],[9.06333,46.39293],[9.06289,46.39327],[9.06267,46.39337],[9.06184,46.39362],[9.06098,46.39431],[9.06054,46.39448],[9.05952,46.39472],[9.05906,46.39476],[9.05856,46.39491],[9.05811,46.39501],[9.05636,46.39525],[9.05487,46.39555],[9.05389,46.39565],[9.05315,46.39592],[9.05218,46.39595],[9.05146,46.39607],[9.05028,46.39602],[9.04949,46.39612],[9.04911,46.39608],[9.04832,46.39599],[9.04798,46.39599],[9.04689,46.39606],[9.0464,46.39604],[9.04607,46.39602],[9.04578,46.39604],[9.04555,46.39608],[9.04525,46.39617],[9.04484,46.39632],[9.0445,46.39641],[9.04354,46.39649],[9.0426,46.39686],[9.04203,46.39729],[9.04183,46.39739],[9.0416,46.3975],[9.04135,46.39759],[9.04107,46.39765],[9.04015,46.39779],[9.03978,46.39782],[9.03889,46.39772],[9.03843,46.39776],[9.03778,46.3979],[9.03769,46.39792],[9.03712,46.39808],[9.03687,46.39817],[9.03621,46.39859],[9.03594,46.3987],[9.03327,46.39957],[9.03279,46.39981],[9.03229,46.39995],[9.03202,46.39996],[9.03129,46.39989],[9.02838,46.40022],[9.02783,46.40013],[9.02654,46.39948],[9.0261,46.39932],[9.02529,46.39917],[9.02504,46.39914],[9.02454,46.39918],[9.02369,46.39944],[9.02254,46.3996],[9.02211,46.39974],[9.02183,46.39979],[9.02085,46.39991],[9.0203,46.39988],[9.01999,46.39991],[9.01996,46.39992],[9.01962,46.39996],[9.01924,46.39998],[9.01901,46.4],[9.0188,46.40006],[9.01821,46.40025],[9.01788,46.40032],[9.01754,46.40035],[9.016,46.40035],[9.01456,46.40048],[9.01428,46.40048],[9.01406,46.40046],[9.01379,46.40041],[9.01238,46.40001],[9.0121,46.3999],[9.01174,46.39966],[9.01135,46.39911],[9.01078,46.39877],[9.00874,46.39796],[9.00838,46.39777],[9.0044,46.39519],[9.00422,46.39505],[9.00398,46.39484],[9.00371,46.39466],[9.00356,46.3945],[9.00333,46.3941],[9.00304,46.39384],[9.00284,46.39374],[9.00239,46.3936],[9.0021,46.39348],[9.00064,46.39269],[8.99989,46.3925],[8.99962,46.39251],[8.99926,46.39255],[8.99883,46.39257],[8.99857,46.39259],[8.99833,46.39265],[8.99785,46.39281],[8.99768,46.39288],[8.99694,46.39321],[8.99646,46.39333],[8.99593,46.39358],[8.99469,46.39387],[8.99422,46.39392],[8.99386,46.39389],[8.99353,46.39388],[8.99322,46.39393],[8.99266,46.39413],[8.99194,46.39427],[8.99121,46.3945],[8.99054,46.39455],[8.99006,46.39446],[8.98985,46.39436],[8.98952,46.3941],[8.98942,46.39394],[8.98935,46.39373],[8.98886,46.391],[8.9888,46.3908],[8.98848,46.39046],[8.98724,46.38963],[8.98702,46.38946],[8.9869,46.3893],[8.98682,46.38912],[8.9868,46.38894],[8.98683,46.38876],[8.98691,46.38859],[8.98704,46.38843],[8.98722,46.38829],[8.98743,46.38819],[8.98766,46.38811],[8.98797,46.38806],[8.98898,46.38801],[8.98954,46.38789],[8.99072,46.38731],[8.99104,46.38704],[8.99132,46.38658],[8.99147,46.38643],[8.99187,46.38622],[8.99211,46.38616],[8.99276,46.38605],[8.99301,46.38597],[8.99342,46.38571],[8.99375,46.38536],[8.99403,46.38479],[8.99438,46.38454],[8.99513,46.38422],[8.9954,46.38393],[8.99547,46.38376],[8.99547,46.38342],[8.9954,46.38325],[8.99527,46.38302],[8.99516,46.38284],[8.9949,46.38249],[8.99483,46.38216],[8.99496,46.38164],[8.99505,46.38144],[8.99516,46.3813],[8.99535,46.38114],[8.997,46.37995],[8.99791,46.37913],[8.99855,46.37879],[8.99871,46.37866],[8.99883,46.3785],[8.9989,46.37833],[8.9989,46.37799],[8.99872,46.37766],[8.99816,46.37722],[8.99775,46.37652],[8.99771,46.37646],[8.9976,46.3763],[8.99752,46.37618],[8.99737,46.3759],[8.99725,46.37574],[8.99687,46.37548],[8.99664,46.37539],[8.99639,46.37534],[8.99612,46.37533],[8.99586,46.37535],[8.99209,46.37596],[8.99043,46.37623],[8.99041,46.37623],[8.98923,46.37643],[8.98827,46.37648],[8.98783,46.37656],[8.98703,46.37688],[8.98646,46.377],[8.98619,46.37708],[8.98601,46.37714],[8.98575,46.37725],[8.98573,46.37726],[8.98566,46.37729],[8.98549,46.37738],[8.9851,46.37767],[8.98456,46.37797],[8.98431,46.37813],[8.98409,46.37826],[8.98373,46.37843],[8.98327,46.37862],[8.98297,46.37872],[8.98277,46.37877],[8.98262,46.37882],[8.98255,46.37885],[8.9825,46.37887],[8.97704,46.38079],[8.97702,46.3808],[8.97621,46.38107],[8.976,46.38117],[8.97582,46.38128],[8.97567,46.38142],[8.97557,46.38158],[8.97551,46.38175],[8.97549,46.38192],[8.97589,46.38806],[8.97587,46.38828],[8.9757,46.38861],[8.97555,46.38875],[8.97513,46.38896],[8.97483,46.38903],[8.97331,46.38928],[8.9722,46.38946],[8.97192,46.38948],[8.97164,46.38948],[8.97064,46.38939],[8.96978,46.3894],[8.96951,46.38944],[8.96889,46.38966],[8.96722,46.39005],[8.96207,46.39067],[8.96174,46.39069],[8.96123,46.3906],[8.96094,46.39048],[8.95431,46.387],[8.95161,46.38558],[8.95137,46.38542],[8.95111,46.38509],[8.95104,46.38486],[8.95094,46.384],[8.95094,46.38383],[8.95098,46.38366],[8.9521,46.38025],[8.95259,46.3791],[8.95272,46.37887],[8.95293,46.37867],[8.95366,46.3781],[8.95463,46.37717],[8.95466,46.37714],[8.95552,46.37631],[8.95566,46.37615],[8.95574,46.37597],[8.95591,46.37534],[8.95604,46.3752],[8.95642,46.37497],[8.95671,46.37489],[8.95719,46.37478],[8.95746,46.37473],[8.95774,46.37472],[8.9588,46.37474],[8.95937,46.37476],[8.96016,46.37478],[8.96027,46.37478],[8.96108,46.37475],[8.96132,46.37473],[8.9629,46.37446],[8.96297,46.37445],[8.96331,46.37438],[8.96347,46.37433],[8.96498,46.37386],[8.96521,46.37376],[8.96541,46.37364],[8.96557,46.37349],[8.96568,46.37332],[8.96573,46.37314],[8.96574,46.37296],[8.96569,46.37278],[8.96558,46.37261],[8.96543,46.3724],[8.96532,46.37207],[8.96539,46.3717],[8.96532,46.37134],[8.96505,46.37103],[8.96436,46.37074],[8.96397,46.37051],[8.96384,46.37035],[8.96372,46.37014],[8.96032,46.36101],[8.96008,46.36068],[8.95966,46.36044],[8.95884,46.36033],[8.95834,46.36019],[8.95792,46.35988],[8.95699,46.35886],[8.95459,46.35663],[8.9543,46.35612],[8.95448,46.35559],[8.9569,46.35249],[8.95691,46.35248],[8.95763,46.35151],[8.95806,46.35108],[8.95822,46.35072],[8.95797,46.35005],[8.95796,46.34961],[8.95803,46.34921],[8.95808,46.34898],[8.95847,46.34806],[8.9588,46.34744],[8.95892,46.34726],[8.95937,46.34673],[8.95949,46.34629],[8.95976,46.346],[8.95996,46.34588],[8.96018,46.3458],[8.96042,46.34574],[8.96073,46.34572],[8.96377,46.34568],[8.96402,46.34566],[8.96426,46.34561],[8.96448,46.34553],[8.96467,46.34542],[8.96483,46.34528],[8.96574,46.34433],[8.96577,46.3443],[8.96654,46.34341],[8.96721,46.34262],[8.96723,46.3426],[8.96786,46.34181],[8.96788,46.34179],[8.96844,46.34103],[8.96845,46.34101],[8.9714,46.33676],[8.97355,46.33368],[8.97535,46.33112],[8.97637,46.32964],[8.97639,46.32962],[8.9776,46.32774],[8.97761,46.32773],[8.9783,46.32663],[8.97844,46.32644],[8.97878,46.3262],[8.97899,46.32612],[8.97946,46.32605],[8.97994,46.3261],[8.98016,46.32617],[8.98075,46.32647],[8.98206,46.32687]]]},"properties":{"bfs_nr":5281,"name":"Biasca"}},{"type":"Feature","geometry":{"type":"Polygon","coordinates":[[[8.98206,46.32687],[8.98076,46.32646],[8.98016,46.32616],[8.97994,46.32609],[8.9797,46.32605],[8.97946,46.32604],[8.97922,46.32607],[8.97899,46.32612],[8.97878,46.3262],[8.97859,46.32631],[8.97844,46.32644],[8.97832,46.32659],[8.97761,46.32773],[8.9776,46.32775],[8.97639,46.32961],[8.97637,46.32964],[8.97534,46.33112],[8.97355,46.33368],[8.9714,46.33676],[8.9714,46.33677],[8.96845,46.341],[8.96843,46.34103],[8.96788,46.34178],[8.96785,46.34182],[8.96723,46.3426],[8.96721,46.34263],[8.96654,46.34341],[8.96653,46.34342],[8.96578,46.34429],[8.96573,46.34434],[8.96486,46.34525],[8.96466,46.34541],[8.96447,46.34552],[8.96402,46.34566],[8.96371,46.34568],[8.96065,46.34572],[8.96042,46.34574],[8.9602,46.34578],[8.95999,46.34586],[8.9598,46.34595],[8.95952,46.34621],[8.9593,46.34651],[8.95906,46.34703],[8.95888,46.34729],[8.95848,46.34803],[8.95817,46.34875],[8.9581,46.34892],[8.95809,46.34895],[8.95806,46.34905],[8.95788,46.34998],[8.95806,46.35055],[8.95808,46.35088],[8.95792,46.35119],[8.95767,46.35147],[8.95691,46.35248],[8.95689,46.35251],[8.95497,46.35496],[8.9548,46.35514],[8.95443,46.35535],[8.95373,46.35546],[8.95305,46.3553],[8.95282,46.35516],[8.9527,46.35508],[8.94972,46.35288],[8.94971,46.35288],[8.94616,46.3503],[8.94615,46.35029],[8.94353,46.34835],[8.94352,46.34834],[8.94281,46.34782],[8.94278,46.34781],[8.93935,46.34543],[8.93417,46.34183],[8.92536,46.33584],[8.92369,46.33503],[8.92287,46.33453],[8.92266,46.33438],[8.9225,46.3342],[8.92239,46.33402],[8.92233,46.33383],[8.92226,46.33343],[8.92221,46.33328],[8.92213,46.33314],[8.92188,46.33279],[8.92161,46.33254],[8.92111,46.33221],[8.92027,46.33156],[8.9201,46.33142],[8.92,46.33131],[8.91984,46.33111],[8.91976,46.33093],[8.91973,46.3307],[8.91976,46.32988],[8.91974,46.32971],[8.91957,46.3294],[8.91895,46.32869],[8.91858,46.32842],[8.91788,46.32809],[8.91762,46.32793],[8.91731,46.32756],[8.91686,46.32666],[8.91601,46.32549],[8.91589,46.32528],[8.91561,46.32465],[8.91553,46.32431],[8.9155,46.32399],[8.91526,46.32313],[8.91482,46.32227],[8.91452,46.32203],[8.91414,46.32187],[8.91374,46.32166],[8.91313,46.32126],[8.91296,46.32113],[8.91283,46.32098],[8.91214,46.32008],[8.91178,46.31985],[8.91133,46.31972],[8.9098,46.31957],[8.90884,46.31952],[8.90851,46.31948],[8.90821,46.31939],[8.90816,46.31938],[8.90771,46.31915],[8.90724,46.31883],[8.90701,46.31865],[8.90642,46.31809],[8.90611,46.31788],[8.90512,46.3174],[8.90389,46.31698],[8.90355,46.31675],[8.90336,46.31646],[8.90325,46.31565],[8.9029,46.31442],[8.90287,46.3142],[8.90284,46.31362],[8.90262,46.31253],[8.90254,46.31238],[8.90243,46.31224],[8.90227,46.31211],[8.90162,46.31167],[8.90143,46.3115],[8.90131,46.31136],[8.9012,46.31103],[8.90123,46.31069],[8.90123,46.31056],[8.90119,46.31031],[8.90081,46.30933],[8.90065,46.30909],[8.89985,46.3082],[8.89942,46.30777],[8.8993,46.30741],[8.89939,46.30705],[8.89969,46.30674],[8.90076,46.30627],[8.9021,46.30603],[8.90258,46.30603],[8.90368,46.30599],[8.90393,46.30596],[8.90417,46.30591],[8.90478,46.30563],[8.90695,46.30477],[8.90704,46.30473],[8.90803,46.30426],[8.90819,46.30417],[8.90858,46.30392],[8.90887,46.30376],[8.90956,46.30346],[8.90976,46.30337],[8.90992,46.30325],[8.91006,46.30311],[8.91015,46.30296],[8.9102,46.3028],[8.91021,46.30263],[8.91014,46.30213],[8.91034,46.30156],[8.91043,46.30105],[8.91049,46.30091],[8.91062,46.30041],[8.91074,46.30022],[8.91098,46.29999],[8.91112,46.29983],[8.9112,46.29965],[8.91123,46.29946],[8.9112,46.29928],[8.91112,46.2991],[8.91099,46.29894],[8.91081,46.2988],[8.91051,46.29859],[8.91014,46.2983],[8.91011,46.29828],[8.90983,46.29806],[8.90975,46.29798],[8.90955,46.29779],[8.9093,46.29751],[8.90888,46.29716],[8.90876,46.29704],[8.90863,46.29683],[8.90838,46.29651],[8.90819,46.2962],[8.9081,46.29602],[8.90785,46.29542],[8.90779,46.29521],[8.90773,46.29486],[8.90773,46.29483],[8.9077,46.29462],[8.90769,46.2945],[8.90769,46.29418],[8.90771,46.2939],[8.9077,46.29376],[8.90763,46.29334],[8.90763,46.29331],[8.90756,46.29298],[8.9075,46.29281],[8.90727,46.29246],[8.90706,46.29205],[8.90644,46.29145],[8.90629,46.2912],[8.90628,46.29118],[8.90625,46.2911],[8.90619,46.2909],[8.90616,46.29075],[8.90612,46.29049],[8.90611,46.29046],[8.9061,46.2904],[8.90606,46.29027],[8.90596,46.29],[8.90592,46.28977],[8.9059,46.28928],[8.90566,46.28869],[8.90561,46.28843],[8.90561,46.2883],[8.90557,46.28808],[8.90551,46.28792],[8.90548,46.28784],[8.90545,46.28773],[8.90542,46.28757],[8.9054,46.28741],[8.90535,46.28723],[8.90534,46.28705],[8.90545,46.28672],[8.90575,46.2864],[8.9059,46.28607],[8.90587,46.28573],[8.90578,46.28556],[8.90569,46.28544],[8.90567,46.28541],[8.90519,46.28479],[8.905,46.28444],[8.90496,46.2842],[8.90495,46.28318],[8.90495,46.28309],[8.90495,46.28307],[8.90506,46.2827],[8.9053,46.28222],[8.90535,46.28208],[8.90537,46.28193],[8.90537,46.2817],[8.90535,46.28158],[8.90522,46.28086],[8.90519,46.28076],[8.90518,46.28072],[8.90484,46.27983],[8.90479,46.27857],[8.9048,46.27838],[8.90497,46.27785],[8.90507,46.27757],[8.90515,46.27739],[8.90525,46.27721],[8.90536,46.27707],[8.90554,46.27694],[8.90581,46.27678],[8.90596,46.27668],[8.90629,46.27643],[8.90678,46.27601],[8.90687,46.27596],[8.907,46.27586],[8.90708,46.27579],[8.90723,46.27564],[8.90737,46.27545],[8.90747,46.27527],[8.90752,46.27508],[8.90742,46.27444],[8.90756,46.27411],[8.90769,46.27397],[8.90808,46.27366],[8.90834,46.27347],[8.90858,46.27333],[8.90884,46.27323],[8.9096,46.273],[8.90962,46.273],[8.90995,46.27289],[8.91107,46.27265],[8.91158,46.27245],[8.91217,46.27192],[8.91227,46.27176],[8.91252,46.27104],[8.91299,46.27014],[8.91321,46.2696],[8.9132,46.2694],[8.91302,46.26894],[8.913,46.26864],[8.91311,46.26816],[8.91334,46.26776],[8.91346,46.26738],[8.9134,46.26672],[8.91336,46.26659],[8.91329,46.26643],[8.91327,46.26639],[8.91316,46.26617],[8.91306,46.26585],[8.91303,46.26558],[8.91303,46.26535],[8.91313,46.26475],[8.91314,46.26456],[8.91312,46.26443],[8.91308,46.26425],[8.91298,46.26408],[8.91272,46.26384],[8.91231,46.26331],[8.91222,46.26308],[8.91213,46.2625],[8.91215,46.26232],[8.91221,46.26213],[8.91231,46.26198],[8.91255,46.26153],[8.91296,46.26097],[8.91301,46.2608],[8.91307,46.26049],[8.91309,46.26031],[8.91325,46.2593],[8.91326,46.25918],[8.91326,46.25887],[8.91327,46.25859],[8.9133,46.25843],[8.91335,46.25818],[8.91344,46.25796],[8.91355,46.2578],[8.91417,46.25721],[8.91536,46.25643],[8.91547,46.25633],[8.91563,46.2562],[8.91575,46.25608],[8.91605,46.25585],[8.91675,46.25515],[8.91715,46.25496],[8.91778,46.25479],[8.91823,46.25457],[8.91892,46.25439],[8.91907,46.25435],[8.91934,46.25426],[8.91948,46.2542],[8.91983,46.25406],[8.92016,46.25394],[8.92045,46.25386],[8.92087,46.2538],[8.92113,46.25377],[8.92136,46.25371],[8.92169,46.2536],[8.92213,46.25353],[8.92237,46.25351],[8.9227,46.2535],[8.923,46.25353],[8.92323,46.25359],[8.92374,46.25377],[8.9246,46.25384],[8.92584,46.25405],[8.92693,46.25417],[8.92849,46.25449],[8.9287,46.25452],[8.92945,46.25458],[8.92969,46.25458],[8.93023,46.25452],[8.93072,46.25457],[8.93115,46.25474],[8.93146,46.25501],[8.93161,46.25538],[8.93165,46.25571],[8.93165,46.25573],[8.93179,46.25659],[8.93184,46.25676],[8.93201,46.25702],[8.93217,46.25728],[8.9322,46.25737],[8.93225,46.25751],[8.93232,46.2578],[8.93241,46.25841],[8.93228,46.25945],[8.9323,46.25977],[8.93249,46.26007],[8.93283,46.2603],[8.93303,46.26038],[8.93377,46.26061],[8.9338,46.26062],[8.9355,46.26117],[8.93561,46.26121],[8.93645,46.26153],[8.93647,46.26154],[8.94285,46.26387],[8.94319,46.26402],[8.94457,46.26482],[8.9454,46.26555],[8.94559,46.2657],[8.94594,46.26592],[8.94609,46.266],[8.94621,46.26605],[8.94634,46.2661],[8.94673,46.26624],[8.94689,46.26629],[8.9481,46.26659],[8.94837,46.26672],[8.94871,46.26692],[8.9491,46.26718],[8.94972,46.26765],[8.95017,46.26781],[8.95042,46.26784],[8.95068,46.26783],[8.95116,46.26773],[8.95155,46.2675],[8.95194,46.2669],[8.95228,46.26665],[8.95274,46.2665],[8.95298,46.26648],[8.95348,46.26654],[8.95443,46.26692],[8.95486,46.26703],[8.95509,46.26705],[8.95841,46.26708],[8.9587,46.2671],[8.95914,46.26722],[8.95937,46.26735],[8.96385,46.2702],[8.96409,46.2704],[8.96427,46.27064],[8.96513,46.27233],[8.96525,46.2725],[8.96561,46.27277],[8.96584,46.27286],[8.96609,46.27292],[8.96636,46.27294],[8.96663,46.27292],[8.96684,46.27289],[8.96713,46.27282],[8.96756,46.27267],[8.96838,46.27252],[8.9689,46.27234],[8.96937,46.27227],[8.97006,46.27241],[8.97041,46.27263],[8.9709,46.27309],[8.97165,46.27342],[8.97218,46.27383],[8.97256,46.27429],[8.9729,46.27454],[8.97387,46.27475],[8.9743,46.27492],[8.97483,46.27542],[8.97547,46.27568],[8.97596,46.2757],[8.97661,46.27561],[8.97743,46.27571],[8.97862,46.2757],[8.98831,46.27537],[8.98913,46.27551],[8.99065,46.27611],[8.99106,46.27635],[8.99128,46.27664],[8.99134,46.27679],[8.99135,46.277],[8.99131,46.27755],[8.99129,46.27769],[8.99129,46.2777],[8.99115,46.27803],[8.99114,46.27806],[8.99104,46.27824],[8.99103,46.27825],[8.99097,46.27833],[8.99088,46.27843],[8.99076,46.27862],[8.99069,46.27878],[8.99064,46.27898],[8.99059,46.27943],[8.9906,46.27985],[8.99054,46.28008],[8.99042,46.28035],[8.99037,46.28051],[8.99034,46.2807],[8.99033,46.28084],[8.99035,46.28098],[8.99051,46.2815],[8.99051,46.28152],[8.99064,46.28192],[8.99067,46.28199],[8.99072,46.28211],[8.99081,46.28249],[8.99082,46.28256],[8.99083,46.28267],[8.99095,46.28324],[8.99112,46.28366],[8.99116,46.2839],[8.99104,46.28431],[8.99081,46.28462],[8.99074,46.28496],[8.99086,46.28529],[8.99152,46.2858],[8.9919,46.28631],[8.99196,46.28664],[8.99192,46.28685],[8.99146,46.28808],[8.99142,46.28825],[8.99143,46.28842],[8.99149,46.28859],[8.99174,46.28889],[8.99192,46.28901],[8.99219,46.28916],[8.99224,46.28918],[8.99307,46.2896],[8.99308,46.2896],[8.99493,46.2905],[8.99517,46.29059],[8.99568,46.29067],[8.99595,46.29065],[8.9962,46.29059],[8.99643,46.2905],[8.99663,46.29038],[8.99679,46.29023],[8.99691,46.29006],[8.99697,46.28988],[8.99698,46.28981],[8.99698,46.2898],[8.99716,46.28868],[8.99716,46.28866],[8.99721,46.28833],[8.99721,46.2883],[8.99722,46.28812],[8.99722,46.28809],[8.99723,46.28775],[8.99723,46.28773],[8.99723,46.28457],[8.99723,46.28039],[8.99723,46.28038],[8.99724,46.27945],[8.99725,46.27941],[8.99725,46.27926],[8.99726,46.27923],[8.99727,46.27908],[8.99727,46.27904],[8.99737,46.27842],[8.99738,46.27837],[8.99745,46.2781],[8.99746,46.27804],[8.99758,46.27764],[8.9976,46.27757],[8.99779,46.2771],[8.99779,46.27708],[8.99822,46.27602],[8.99824,46.27597],[8.99832,46.27579],[8.99835,46.27573],[8.99839,46.27566],[8.99842,46.27561],[8.99854,46.27541],[8.99866,46.27524],[8.9988,46.27505],[8.99899,46.27484],[8.99914,46.27467],[8.99922,46.27459],[8.99971,46.27417],[8.99978,46.27412],[8.99987,46.27405],[8.99994,46.274],[9.00017,46.27385],[9.00026,46.27379],[9.00048,46.27366],[9.00058,46.27361],[9.00086,46.27346],[9.00092,46.27344],[9.00105,46.27337],[9.00111,46.27334],[9.00124,46.27329],[9.00131,46.27326],[9.00148,46.27319],[9.00161,46.27314],[9.00167,46.27312],[9.00233,46.27292],[9.00239,46.2729],[9.00257,46.27286],[9.00265,46.27284],[9.00285,46.27279],[9.00293,46.27278],[9.00314,46.27274],[9.00324,46.27272],[9.00344,46.27269],[9.00351,46.27268],[9.00371,46.27266],[9.00378,46.27265],[9.00401,46.27263],[9.0041,46.27262],[9.0061,46.27249],[9.00675,46.27254],[9.00708,46.27266],[9.00928,46.27368],[9.00995,46.27383],[9.01042,46.27378],[9.01129,46.27349],[9.01212,46.27357],[9.014,46.27414],[9.01443,46.27435],[9.0147,46.27462],[9.01481,46.27493],[9.0148,46.27514],[9.01356,46.28189],[9.0136,46.28224],[9.01382,46.28256],[9.014,46.28269],[9.01705,46.28452],[9.01738,46.2848],[9.01752,46.28511],[9.01755,46.28551],[9.01771,46.28583],[9.01804,46.28609],[9.01907,46.28645],[9.02024,46.2866],[9.02104,46.28692],[9.02133,46.28722],[9.02176,46.28747],[9.02289,46.28779],[9.02377,46.28784],[9.02459,46.28779],[9.02588,46.28807],[9.02692,46.28863],[9.028,46.28881],[9.02839,46.28901],[9.02861,46.28912],[9.0288,46.28919],[9.02901,46.28926],[9.02925,46.28935],[9.03003,46.28988],[9.03034,46.29046],[9.03047,46.29059],[9.03063,46.29071],[9.03082,46.29081],[9.0312,46.29097],[9.03181,46.29135],[9.03231,46.29157],[9.03289,46.29199],[9.03414,46.29239],[9.03496,46.29252],[9.03546,46.2925],[9.03593,46.29258],[9.0364,46.29279],[9.03681,46.29293],[9.03759,46.29314],[9.03841,46.29358],[9.03876,46.29395],[9.03939,46.29453],[9.03948,46.29461],[9.04062,46.29546],[9.0416,46.29604],[9.04245,46.29685],[9.04284,46.29705],[9.04306,46.2971],[9.0434,46.29717],[9.04422,46.29733],[9.04451,46.29737],[9.04532,46.2974],[9.04564,46.29739],[9.05527,46.29608],[9.05598,46.29609],[9.05679,46.29624],[9.05741,46.29642],[9.05834,46.29655],[9.05974,46.29697],[9.06047,46.2974],[9.06106,46.29811],[9.06183,46.29924],[9.06244,46.29975],[9.06271,46.30014],[9.06282,46.30056],[9.06331,46.30112],[9.06356,46.30165],[9.06423,46.30223],[9.06472,46.30307],[9.06556,46.30351],[9.06607,46.30393],[9.0668,46.30492],[9.06739,46.3059],[9.06785,46.30687],[9.06808,46.30717],[9.06845,46.30738],[9.06996,46.30764],[9.07089,46.30787],[9.07161,46.30824],[9.07194,46.30847],[9.07216,46.3088],[9.07223,46.30924],[9.07257,46.3098],[9.07302,46.31083],[9.0735,46.31145],[9.074,46.31189],[9.07458,46.31268],[9.07475,46.313],[9.07504,46.314],[9.07508,46.31451],[9.07492,46.31486],[9.07454,46.31538],[9.07405,46.31622],[9.07396,46.31695],[9.07377,46.31733],[9.07336,46.3179],[9.07263,46.31878],[9.07208,46.31931],[9.07114,46.32004],[9.07022,46.32095],[9.06884,46.32191],[9.06815,46.32275],[9.06713,46.3237],[9.06597,46.32397],[9.06558,46.3242],[9.06444,46.32527],[9.06433,46.32562],[9.06432,46.32611],[9.06443,46.32759],[9.06455,46.32794],[9.0649,46.32828],[9.06534,46.32857],[9.06611,46.32924],[9.06685,46.32996],[9.06791,46.3312],[9.06891,46.33197],[9.06923,46.33233],[9.0693,46.3327],[9.06914,46.33308],[9.06893,46.33331],[9.06759,46.33424],[9.06733,46.33471],[9.06713,46.33529],[9.06676,46.33588],[9.06664,46.33623],[9.06672,46.33658],[9.0679,46.338],[9.06826,46.33882],[9.06864,46.3394],[9.06877,46.34],[9.06947,46.34112],[9.06945,46.34167],[9.06913,46.34204],[9.069,46.34239],[9.06905,46.3428],[9.06897,46.34315],[9.06871,46.34345],[9.06829,46.34366],[9.06799,46.34373],[9.06775,46.34376],[9.06741,46.34378],[9.0671,46.34379],[9.06676,46.34376],[9.06614,46.34364],[9.06527,46.34372],[9.06453,46.34373],[9.06352,46.34395],[9.06198,46.34405],[9.06136,46.34418],[9.06034,46.3442],[9.06017,46.34424],[9.05982,46.34435],[9.05952,46.34439],[9.05933,46.34441],[9.05905,46.34445],[9.05839,46.34473],[9.05784,46.34483],[9.05658,46.34482],[9.05567,46.34504],[9.05493,46.34531],[9.05431,46.34553],[9.05347,46.34566],[9.05291,46.34557],[9.05177,46.34564],[9.05058,46.34551],[9.04991,46.34525],[9.04967,46.34519],[9.04917,46.34518],[9.04838,46.34535],[9.04801,46.3454],[9.04763,46.34543],[9.04734,46.34547],[9.04707,46.34556],[9.04676,46.34569],[9.04628,46.34578],[9.04579,46.34573],[9.04536,46.34557],[9.04481,46.34529],[9.04429,46.34523],[9.04346,46.34532],[9.04255,46.34519],[9.04156,46.34476],[9.04107,46.34471],[9.04051,46.34476],[9.03996,46.34468],[9.03892,46.34416],[9.03835,46.34369],[9.03787,46.34351],[9.03721,46.34311],[9.03656,46.34291],[9.03618,46.34288],[9.03586,46.34289],[9.03539,46.34295],[9.03497,46.34298],[9.03475,46.34301],[9.03427,46.3431],[9.03403,46.34315],[9.03378,46.34319],[9.03348,46.34327],[9.03296,46.3433],[9.03172,46.34355],[9.03087,46.34355],[9.03078,46.34355],[9.03055,46.34357],[9.02999,46.34363],[9.02945,46.34362],[9.02906,46.34365],[9.02878,46.34365],[9.02861,46.34364],[9.0284,46.34362],[9.02791,46.3436],[9.02763,46.34361],[9.02711,46.34375],[9.02689,46.34387],[9.02667,46.34403],[9.02639,46.3442],[9.02631,46.34424],[9.02615,46.34431],[9.02588,46.34441],[9.02569,46.3445],[9.02445,46.34519],[9.02396,46.34534],[9.02369,46.34545],[9.02308,46.34576],[9.02259,46.34586],[9.02209,46.34582],[9.02154,46.34567],[9.02109,46.34565],[9.02026,46.34572],[9.0198,46.34566],[9.01896,46.34567],[9.01843,46.34569],[9.01827,46.34569],[9.01801,46.34569],[9.0177,46.34566],[9.01739,46.3456],[9.01727,46.34557],[9.01677,46.3455],[9.01619,46.34525],[9.01573,46.34507],[9.0155,46.34499],[9.01479,46.3448],[9.01407,46.34431],[9.01329,46.34401],[9.01249,46.34338],[9.0116,46.34246],[9.0115,46.34235],[9.01139,46.34217],[9.01127,46.34091],[9.01144,46.34036],[9.01138,46.33993],[9.01116,46.33964],[9.01038,46.33915],[9.00952,46.33814],[9.00908,46.3379],[9.00891,46.33776],[9.00883,46.33767],[9.00864,46.33743],[9.00846,46.33697],[9.00814,46.33644],[9.00763,46.33578],[9.0069,46.33532],[9.00615,46.33459],[9.00581,46.33412],[9.00579,46.33378],[9.00618,46.33319],[9.00626,46.333],[9.00628,46.33281],[9.00626,46.3323],[9.00623,46.33213],[9.00616,46.33197],[9.00604,46.33182],[9.00588,46.33169],[9.00569,46.33158],[9.00547,46.3315],[9.00524,46.33145],[9.00466,46.33136],[9.00431,46.33129],[9.00257,46.33079],[9.00235,46.33071],[9.00218,46.33064],[9.00148,46.33025],[9.00098,46.33012],[9.00046,46.33008],[9.00003,46.32995],[8.99947,46.3296],[8.99924,46.32947],[8.99902,46.32939],[8.99821,46.32924],[8.99778,46.32911],[8.99733,46.32903],[8.99686,46.3289],[8.99672,46.32885],[8.99605,46.32863],[8.99592,46.32858],[8.99585,46.32855],[8.99565,46.32849],[8.99497,46.32839],[8.99416,46.32799],[8.99369,46.32785],[8.9922,46.32765],[8.99174,46.32769],[8.99132,46.32782],[8.99004,46.32806],[8.98898,46.32789],[8.9883,46.3279],[8.98732,46.32781],[8.98671,46.32795],[8.98535,46.32788],[8.9845,46.32759],[8.9838,46.32722],[8.98301,46.32715],[8.98206,46.32687]]]},"properties":{"bfs_nr":5287,"name":"Riviera"}},{"type":"Feature","geometry":{"type":"Polygon","coordinates":[[[8.43904,46.30655],[8.43902,46.30593],[8.43917,46.3055],[8.43985,46.30471],[8.44055,46.30413],[8.44112,46.30373],[8.44134,46.30351],[8.44166,46.30326],[8.44204,46.30304],[8.44242,46.30291],[8.44353,46.3025],[8.44357,46.30249],[8.44437,46.30217],[8.44477,46.30205],[8.44496,46.30198],[8.44512,46.30188],[8.4457,46.30151],[8.44584,46.30141],[8.44654,46.30079],[8.44681,46.3006],[8.44759,46.30033],[8.4481,46.30031],[8.45131,46.30052],[8.45155,46.30052],[8.45179,46.30049],[8.45394,46.30006],[8.45461,46.30003],[8.456,46.30017],[8.45627,46.30017],[8.45653,46.30014],[8.45741,46.29999],[8.45789,46.30001],[8.45899,46.30019],[8.45922,46.30021],[8.45945,46.3002],[8.45968,46.30016],[8.45989,46.3001],[8.46009,46.30001],[8.46101,46.2995],[8.46149,46.29932],[8.46197,46.29928],[8.4625,46.29939],[8.46646,46.30075],[8.46656,46.30078],[8.46751,46.30116],[8.46792,46.30138],[8.46852,46.30186],[8.46871,46.30196],[8.46892,46.30204],[8.46915,46.30208],[8.46938,46.3021],[8.47035,46.30203],[8.47174,46.30173],[8.47236,46.30172],[8.47334,46.30155],[8.47415,46.30174],[8.47611,46.30272],[8.47739,46.30339],[8.47767,46.30357],[8.4779,46.30375],[8.47811,46.30388],[8.47878,46.30409],[8.47948,46.30459],[8.48031,46.30498],[8.48109,46.30524],[8.48149,46.30553],[8.48172,46.30562],[8.48214,46.3057],[8.483,46.30577],[8.48367,46.30577],[8.48419,46.30589],[8.48463,46.3061],[8.4851,46.3062],[8.48574,46.3062],[8.48621,46.30631],[8.48643,46.30634],[8.48734,46.30641],[8.48748,46.30642],[8.48991,46.30642],[8.49022,46.30639],[8.49118,46.30623],[8.49199,46.30602],[8.49309,46.30587],[8.49355,46.30568],[8.4943,46.30523],[8.49507,46.3049],[8.49542,46.30479],[8.49681,46.30466],[8.49732,46.30466],[8.49812,46.30485],[8.49867,46.30483],[8.49973,46.30466],[8.50026,46.30471],[8.50098,46.30504],[8.50276,46.30539],[8.5033,46.30539],[8.50467,46.30514],[8.50534,46.3051],[8.50669,46.30522],[8.50718,46.30531],[8.50823,46.3056],[8.5085,46.3057],[8.50931,46.30609],[8.51101,46.30649],[8.51118,46.30652],[8.51251,46.3067],[8.51281,46.30672],[8.51311,46.30668],[8.51588,46.30614],[8.51648,46.30611],[8.5168,46.30617],[8.51802,46.30648],[8.51828,46.30656],[8.51871,46.30679],[8.51893,46.30695],[8.51907,46.3071],[8.51919,46.3073],[8.52246,46.31531],[8.52252,46.31551],[8.52258,46.31583],[8.52259,46.31587],[8.52263,46.31607],[8.52264,46.3161],[8.52551,46.32569],[8.52555,46.32594],[8.5255,46.32618],[8.5247,46.32855],[8.5246,46.32876],[8.52061,46.33535],[8.52031,46.33568],[8.5199,46.33587],[8.51941,46.33594],[8.51857,46.33581],[8.51827,46.33581],[8.5178,46.33583],[8.51739,46.33583],[8.51618,46.33572],[8.51594,46.33572],[8.5157,46.33574],[8.51547,46.3358],[8.51508,46.33599],[8.5147,46.33636],[8.51407,46.33684],[8.51375,46.33734],[8.51351,46.33763],[8.51323,46.3379],[8.51301,46.33807],[8.51274,46.3382],[8.51194,46.33853],[8.51149,46.33866],[8.51103,46.33875],[8.51068,46.33879],[8.50982,46.33878],[8.50774,46.33908],[8.50767,46.33909],[8.5069,46.33918],[8.50653,46.3392],[8.50565,46.33919],[8.50404,46.33924],[8.50281,46.33936],[8.5018,46.33919],[8.50144,46.33908],[8.50045,46.33897],[8.50032,46.33895],[8.49967,46.33886],[8.4993,46.33878],[8.49817,46.33844],[8.49796,46.33839],[8.49682,46.33821],[8.49653,46.33818],[8.49625,46.3382],[8.4957,46.3383],[8.49449,46.33876],[8.4935,46.33907],[8.49289,46.33929],[8.49262,46.33937],[8.49239,46.3394],[8.49193,46.33938],[8.49137,46.33925],[8.49125,46.33923],[8.49099,46.33921],[8.49074,46.33922],[8.49006,46.33936],[8.48887,46.33935],[8.48862,46.33939],[8.48839,46.33945],[8.48814,46.33953],[8.4877,46.33971],[8.48745,46.3398],[8.48718,46.33985],[8.48659,46.33994],[8.48634,46.33999],[8.48539,46.34028],[8.48411,46.3408],[8.48358,46.34101],[8.48325,46.34112],[8.48238,46.34121],[8.48202,46.34127],[8.48163,46.34131],[8.48133,46.34132],[8.48093,46.3413],[8.47941,46.34115],[8.47763,46.34122],[8.47732,46.34126],[8.47694,46.34134],[8.47658,46.34144],[8.47626,46.3415],[8.47592,46.34151],[8.47585,46.34151],[8.47538,46.34146],[8.4745,46.34128],[8.47424,46.34124],[8.4738,46.34122],[8.47356,46.34122],[8.47226,46.34131],[8.47205,46.34134],[8.47184,46.34139],[8.47165,46.34147],[8.47126,46.34165],[8.47086,46.3419],[8.47064,46.34199],[8.46998,46.34218],[8.46928,46.34226],[8.46778,46.34278],[8.46713,46.34283],[8.46685,46.34291],[8.46656,46.34302],[8.46583,46.34338],[8.46533,46.34348],[8.46457,46.34336],[8.46418,46.34311],[8.46397,46.34278],[8.46374,46.34182],[8.46381,46.34151],[8.46374,46.3406],[8.46384,46.34019],[8.46385,46.33927],[8.46401,46.33894],[8.46404,46.33855],[8.46384,46.33794],[8.46384,46.33748],[8.46359,46.33687],[8.46359,46.33648],[8.46421,46.33547],[8.46512,46.33481],[8.46537,46.33444],[8.4654,46.334],[8.46498,46.33346],[8.46373,46.33275],[8.46278,46.33182],[8.46241,46.33151],[8.46185,46.33047],[8.46176,46.33001],[8.46152,46.3297],[8.46103,46.32931],[8.46058,46.32864],[8.4603,46.32838],[8.45987,46.32819],[8.45861,46.32792],[8.45796,46.32788],[8.45696,46.32769],[8.4561,46.32732],[8.45581,46.32705],[8.45558,46.32639],[8.45575,46.32552],[8.45571,46.32516],[8.45539,46.32443],[8.45491,46.32405],[8.45411,46.32353],[8.45389,46.3232],[8.45388,46.32284],[8.45404,46.32241],[8.45398,46.32183],[8.4536,46.32133],[8.45314,46.32113],[8.45111,46.32093],[8.44977,46.32083],[8.44806,46.32057],[8.4474,46.32051],[8.44562,46.32006],[8.44456,46.31988],[8.44415,46.31971],[8.44377,46.3193],[8.44353,46.31854],[8.44335,46.31823],[8.44276,46.31759],[8.44258,46.31704],[8.44227,46.31641],[8.44171,46.31559],[8.44174,46.31506],[8.44222,46.31427],[8.44237,46.31337],[8.44214,46.31232],[8.44198,46.31194],[8.44194,46.31144],[8.44176,46.31078],[8.44174,46.31038],[8.44143,46.30993],[8.44103,46.30966],[8.44056,46.30915],[8.43983,46.30877],[8.43956,46.30847],[8.43939,46.30798],[8.43937,46.3074],[8.43915,46.30705],[8.43904,46.30655]]]},"properties":{"bfs_nr":5304,"name":"Bosco/Gurin"}},{"type":"Feature","geometry":{"type":"Polygon","coordinates":[[[8.42799,46.29787],[8.42814,46.29762],[8.42865,46.29712],[8.42991,46.29571],[8.43071,46.29497],[8.43141,46.29426],[8.43181,46.29399],[8.43279,46.29319],[8.43328,46.29251],[8.43374,46.29202],[8.43388,46.29172],[8.43394,46.29102],[8.43378,46.29007],[8.434,46.28931],[8.43404,46.28849],[8.43443,46.28785],[8.43501,46.28751],[8.43563,46.28697],[8.43591,46.28633],[8.43625,46.28575],[8.43655,46.28541],[8.4372,46.28492],[8.43805,46.28409],[8.43858,46.28367],[8.43953,46.2831],[8.43991,46.28281],[8.44032,46.28231],[8.44086,46.28182],[8.44208,46.2811],[8.44966,46.27442],[8.44984,46.2742],[8.45244,46.26968],[8.45551,46.2644],[8.45556,46.26385],[8.45533,46.26352],[8.45452,46.26307],[8.45313,46.26245],[8.45137,46.26205],[8.45085,46.26173],[8.45021,46.26145],[8.44955,46.26098],[8.44888,46.26074],[8.44841,46.26034],[8.44834,46.25982],[8.44855,46.25914],[8.4484,46.25876],[8.44795,46.25821],[8.44741,46.25791],[8.44611,46.25761],[8.4457,46.25741],[8.44542,46.25715],[8.44484,46.25642],[8.44454,46.25616],[8.44385,46.25528],[8.4436,46.25465],[8.44327,46.25438],[8.44282,46.25416],[8.44254,46.25389],[8.44242,46.25357],[8.44249,46.25294],[8.44312,46.25221],[8.44321,46.25188],[8.44313,46.25146],[8.44327,46.25046],[8.44355,46.25015],[8.44402,46.24987],[8.44447,46.24931],[8.44486,46.24903],[8.44545,46.2488],[8.44686,46.24805],[8.44766,46.24792],[8.44822,46.24802],[8.4494,46.24815],[8.45021,46.24813],[8.4518,46.24766],[8.45241,46.24753],[8.45377,46.2475],[8.45483,46.24725],[8.45595,46.24671],[8.45622,46.24664],[8.45818,46.24631],[8.459,46.24602],[8.45961,46.24574],[8.46005,46.24546],[8.46061,46.24497],[8.46137,46.24475],[8.46216,46.24478],[8.46353,46.24465],[8.464,46.24466],[8.46443,46.2448],[8.46488,46.24509],[8.46558,46.24572],[8.46584,46.24589],[8.46667,46.24631],[8.46764,46.24676],[8.46871,46.24712],[8.46899,46.24729],[8.46945,46.24767],[8.4696,46.24778],[8.47015,46.2481],[8.47072,46.24836],[8.47131,46.24871],[8.47157,46.24884],[8.472,46.24901],[8.47293,46.24948],[8.47324,46.24959],[8.47377,46.24975],[8.47416,46.25001],[8.47436,46.25035],[8.47438,46.25059],[8.47449,46.25132],[8.47454,46.25148],[8.47463,46.25164],[8.47476,46.25178],[8.47571,46.25261],[8.47589,46.25274],[8.4761,46.25284],[8.47635,46.25293],[8.47661,46.25301],[8.47689,46.25304],[8.47826,46.25311],[8.4785,46.2531],[8.47873,46.25307],[8.47894,46.25301],[8.48053,46.25244],[8.48077,46.25233],[8.48136,46.25186],[8.48157,46.25176],[8.48205,46.25165],[8.48238,46.25165],[8.48602,46.25186],[8.48626,46.25188],[8.49418,46.25305],[8.4944,46.25307],[8.49462,46.25306],[8.49615,46.25292],[8.49897,46.25273],[8.49962,46.25278],[8.50075,46.25303],[8.50103,46.25311],[8.5014,46.25332],[8.50157,46.2535],[8.50176,46.25382],[8.50194,46.25428],[8.50197,46.25435],[8.50261,46.2556],[8.50269,46.25573],[8.5028,46.25585],[8.50373,46.25668],[8.50442,46.25721],[8.50473,46.25755],[8.50518,46.25824],[8.50554,46.25849],[8.50578,46.25857],[8.50601,46.25864],[8.50625,46.25868],[8.5076,46.25885],[8.50787,46.25891],[8.50807,46.25897],[8.5083,46.25908],[8.50887,46.25941],[8.50907,46.25951],[8.5093,46.25958],[8.50954,46.25961],[8.51026,46.25962],[8.51126,46.25968],[8.51184,46.25951],[8.51254,46.2591],[8.5137,46.25877],[8.51422,46.25873],[8.51488,46.25881],[8.51565,46.25867],[8.51652,46.25827],[8.51698,46.25817],[8.51746,46.2582],[8.51817,46.25845],[8.51838,46.25849],[8.51861,46.25851],[8.51984,46.25853],[8.52013,46.25855],[8.52117,46.25868],[8.5235,46.25941],[8.52459,46.25951],[8.5253,46.25936],[8.52591,46.25934],[8.52635,46.25945],[8.52693,46.25975],[8.52786,46.26017],[8.52923,46.26096],[8.52947,46.26105],[8.52969,46.2611],[8.52991,46.26112],[8.5304,46.26113],[8.5307,46.26111],[8.53197,46.26095],[8.53355,46.26089],[8.53408,46.26093],[8.53483,46.26104],[8.53511,46.26107],[8.53663,46.26107],[8.53719,46.26111],[8.53753,46.26116],[8.53812,46.26128],[8.53856,46.26135],[8.53904,46.26152],[8.53941,46.26176],[8.54026,46.26197],[8.54245,46.262],[8.54462,46.26209],[8.54498,46.26218],[8.54516,46.26224],[8.54548,46.26239],[8.54565,46.26248],[8.54585,46.26257],[8.54689,46.26294],[8.54784,46.26314],[8.54832,46.26317],[8.5486,46.26323],[8.54933,46.26356],[8.55004,46.26396],[8.55054,46.26434],[8.55081,46.26477],[8.55095,46.2649],[8.55161,46.26542],[8.55218,46.26574],[8.55281,46.26621],[8.55331,46.26639],[8.55385,46.26677],[8.5541,46.26701],[8.55432,46.26732],[8.55447,46.26764],[8.55476,46.26792],[8.55518,46.2681],[8.55542,46.26814],[8.55567,46.26816],[8.55678,46.26814],[8.55714,46.2681],[8.5576,46.26802],[8.55806,46.26803],[8.55842,46.26803],[8.55901,46.26797],[8.55923,46.26793],[8.55945,46.26786],[8.55964,46.26777],[8.56012,46.26749],[8.56068,46.26729],[8.56139,46.26722],[8.56288,46.26698],[8.56478,46.26687],[8.56517,46.26688],[8.56634,46.26709],[8.56774,46.26695],[8.56825,46.26697],[8.56896,46.26718],[8.56928,46.2674],[8.56987,46.26813],[8.57065,46.26864],[8.57126,46.26957],[8.57133,46.26977],[8.57171,46.27166],[8.57178,46.27185],[8.57211,46.27247],[8.5735,46.275],[8.57356,46.27559],[8.57332,46.27592],[8.57291,46.27615],[8.57266,46.27622],[8.57234,46.27626],[8.57063,46.27635],[8.57016,46.27643],[8.56501,46.27813],[8.56472,46.27826],[8.56299,46.2793],[8.56274,46.27943],[8.56251,46.2795],[8.56202,46.27954],[8.56133,46.27937],[8.5611,46.27923],[8.56102,46.27917],[8.56081,46.27904],[8.56057,46.27895],[8.5603,46.2789],[8.55776,46.27858],[8.55768,46.27857],[8.55739,46.27852],[8.55709,46.2785],[8.55625,46.27848],[8.55576,46.27854],[8.55444,46.27854],[8.55269,46.27895],[8.5521,46.27913],[8.5518,46.27918],[8.55045,46.27933],[8.55008,46.27934],[8.54982,46.27937],[8.54934,46.27953],[8.54091,46.28414],[8.54059,46.28438],[8.54043,46.28469],[8.54041,46.28485],[8.54049,46.28946],[8.54047,46.28967],[8.5403,46.28998],[8.54011,46.29015],[8.5366,46.29281],[8.53638,46.29295],[8.53592,46.29311],[8.53554,46.29317],[8.53445,46.29325],[8.53397,46.2933],[8.53352,46.29329],[8.53327,46.29333],[8.53249,46.29355],[8.53176,46.29397],[8.53056,46.29455],[8.52946,46.29553],[8.52908,46.29605],[8.52853,46.29649],[8.52791,46.29724],[8.52727,46.29759],[8.5264,46.29788],[8.52558,46.29859],[8.5241,46.29934],[8.52359,46.2995],[8.5231,46.29952],[8.52263,46.29941],[8.52226,46.29918],[8.5221,46.299],[8.52037,46.29662],[8.52025,46.29648],[8.52009,46.29636],[8.51991,46.29626],[8.5197,46.29618],[8.51947,46.29614],[8.51781,46.2959],[8.51753,46.29589],[8.51726,46.29591],[8.51699,46.29598],[8.51675,46.29608],[8.5097,46.29992],[8.50963,46.29996],[8.50215,46.30464],[8.50166,46.30485],[8.50091,46.30487],[8.5003,46.30468],[8.5,46.30464],[8.49955,46.30466],[8.49874,46.30482],[8.49812,46.30484],[8.49732,46.30466],[8.49687,46.30465],[8.49541,46.30478],[8.49513,46.30487],[8.49425,46.30525],[8.4936,46.30565],[8.49308,46.30587],[8.49206,46.306],[8.49114,46.30623],[8.49029,46.30638],[8.48983,46.30642],[8.48752,46.30642],[8.4873,46.30641],[8.48656,46.30635],[8.48622,46.3063],[8.48586,46.3062],[8.48563,46.30617],[8.48473,46.30612],[8.48413,46.30585],[8.48365,46.30576],[8.48333,46.30576],[8.48293,46.30576],[8.48232,46.30572],[8.482,46.30567],[8.48154,46.30549],[8.48083,46.30501],[8.4797,46.30467],[8.47912,46.30425],[8.47866,46.30402],[8.47808,46.30385],[8.47782,46.30368],[8.47763,46.30353],[8.47744,46.30341],[8.47614,46.30273],[8.47611,46.30272],[8.47406,46.3017],[8.47362,46.30156],[8.47312,46.30154],[8.47248,46.30169],[8.47169,46.30173],[8.47026,46.30204],[8.46946,46.30209],[8.46921,46.30208],[8.46896,46.30204],[8.46874,46.30197],[8.46854,46.30186],[8.46811,46.30151],[8.46786,46.30134],[8.46758,46.30119],[8.46655,46.30078],[8.46648,46.30075],[8.46495,46.30023],[8.46244,46.29937],[8.46198,46.29928],[8.46173,46.29928],[8.46149,46.29932],[8.46126,46.29938],[8.46106,46.29947],[8.46014,46.29999],[8.45989,46.3001],[8.45968,46.30016],[8.45922,46.3002],[8.45893,46.30018],[8.45784,46.3],[8.45741,46.29998],[8.45627,46.30017],[8.45594,46.30016],[8.45454,46.30002],[8.454,46.30005],[8.45185,46.30048],[8.45155,46.30052],[8.45125,46.30052],[8.44804,46.3003],[8.44759,46.30033],[8.44706,46.30048],[8.4468,46.30059],[8.44659,46.30074],[8.44587,46.30138],[8.44567,46.30153],[8.44517,46.30185],[8.4449,46.30199],[8.44443,46.30215],[8.44358,46.30249],[8.44352,46.30251],[8.44244,46.3029],[8.44232,46.30294],[8.44221,46.30298],[8.44204,46.30304],[8.44188,46.30312],[8.4416,46.3033],[8.44138,46.30346],[8.44105,46.30375],[8.4406,46.30395],[8.44007,46.304],[8.43865,46.30387],[8.43819,46.30374],[8.43776,46.3035],[8.43676,46.30309],[8.4362,46.303],[8.43437,46.30248],[8.4336,46.30233],[8.43306,46.30213],[8.43199,46.30156],[8.43118,46.30107],[8.42951,46.30044],[8.42909,46.30021],[8.42855,46.29962],[8.42809,46.29874],[8.42795,46.29827],[8.42799,46.29787]]]},"properties":{"bfs_nr":5307,"name":"Campo (Vallemaggia)"}},{"type":"Feature","geometry":{"type":"Polygon","coordinates":[[[8.504,46.30349],[8.50972,46.29991],[8.5167,46.29611],[8.517,46.29598],[8.51753,46.29589],[8.51941,46.29613],[8.51969,46.29619],[8.52009,46.29636],[8.5204,46.29665],[8.52212,46.29904],[8.52226,46.29918],[8.52243,46.29931],[8.52263,46.29941],[8.52286,46.29948],[8.5231,46.29952],[8.5236,46.29951],[8.52405,46.29936],[8.52561,46.29858],[8.52639,46.2979],[8.52731,46.29759],[8.52791,46.29725],[8.5286,46.29644],[8.52902,46.29612],[8.52919,46.29594],[8.52943,46.29558],[8.53042,46.29468],[8.53121,46.29424],[8.53169,46.29404],[8.53242,46.2936],[8.53337,46.29333],[8.53393,46.29331],[8.53427,46.29329],[8.53455,46.29325],[8.53531,46.29322],[8.53604,46.29311],[8.5363,46.29301],[8.53654,46.29286],[8.54015,46.29012],[8.5403,46.28998],[8.54041,46.28983],[8.54047,46.28967],[8.54049,46.2895],[8.54041,46.28489],[8.54044,46.28469],[8.5406,46.28438],[8.54095,46.28411],[8.54925,46.27958],[8.54978,46.27939],[8.55024,46.27935],[8.55186,46.27918],[8.5521,46.27914],[8.55276,46.27893],[8.55444,46.27855],[8.55568,46.27855],[8.55621,46.27849],[8.55702,46.2785],[8.55746,46.27853],[8.55769,46.27857],[8.55774,46.27857],[8.56024,46.27889],[8.56057,46.27896],[8.56081,46.27905],[8.56107,46.27921],[8.56169,46.27967],[8.56188,46.27984],[8.56207,46.28021],[8.56243,46.28165],[8.56245,46.2819],[8.56239,46.28214],[8.56218,46.28268],[8.56213,46.28286],[8.56214,46.28304],[8.56221,46.28322],[8.56232,46.28339],[8.56248,46.28353],[8.56358,46.28434],[8.56378,46.28452],[8.56396,46.28487],[8.56397,46.28511],[8.56371,46.28737],[8.56388,46.28788],[8.56444,46.28825],[8.56522,46.28843],[8.56563,46.28866],[8.56588,46.28898],[8.56593,46.28916],[8.56592,46.28939],[8.56553,46.29151],[8.56557,46.29189],[8.56603,46.29234],[8.57109,46.29501],[8.57193,46.29535],[8.57241,46.29565],[8.573,46.29638],[8.57311,46.29687],[8.57318,46.29713],[8.57325,46.29728],[8.57335,46.29743],[8.57376,46.29789],[8.57389,46.29801],[8.57406,46.29815],[8.57424,46.29832],[8.5744,46.29864],[8.5744,46.29903],[8.57445,46.29945],[8.57445,46.29947],[8.57451,46.29986],[8.57451,46.30007],[8.57446,46.30024],[8.57432,46.30055],[8.5743,46.30072],[8.57433,46.3009],[8.57434,46.30095],[8.57442,46.30112],[8.57453,46.30129],[8.57458,46.30137],[8.57482,46.30169],[8.57491,46.30204],[8.57474,46.30256],[8.57473,46.30273],[8.57483,46.30312],[8.57477,46.30404],[8.57457,46.30438],[8.57287,46.30579],[8.5725,46.30602],[8.57155,46.30669],[8.57122,46.30698],[8.57046,46.30782],[8.57019,46.30806],[8.5698,46.30833],[8.56963,46.30846],[8.56878,46.30934],[8.56865,46.30951],[8.56804,46.31056],[8.568,46.31064],[8.56783,46.31103],[8.56758,46.3114],[8.5673,46.3117],[8.5666,46.31228],[8.56649,46.31237],[8.56636,46.31251],[8.56624,46.31269],[8.56616,46.31287],[8.56614,46.31297],[8.566,46.31326],[8.56586,46.31344],[8.56557,46.31366],[8.56543,46.31383],[8.56523,46.3141],[8.56518,46.31415],[8.56503,46.31429],[8.56474,46.31451],[8.56464,46.3146],[8.56442,46.31483],[8.56423,46.31497],[8.56402,46.31517],[8.56396,46.31526],[8.56323,46.31644],[8.56315,46.31661],[8.56306,46.3169],[8.56271,46.31759],[8.5627,46.31761],[8.5625,46.31799],[8.56244,46.31814],[8.56228,46.31869],[8.5621,46.31899],[8.56202,46.31917],[8.56159,46.31985],[8.56154,46.31992],[8.56121,46.32058],[8.56118,46.32064],[8.56075,46.32171],[8.56072,46.32178],[8.56046,46.32231],[8.56042,46.32239],[8.56017,46.32281],[8.55983,46.32376],[8.55959,46.32428],[8.55948,46.32456],[8.55935,46.32483],[8.5593,46.32496],[8.55921,46.32532],[8.5592,46.32539],[8.55913,46.32592],[8.55912,46.32603],[8.55914,46.32651],[8.55917,46.32668],[8.55924,46.32684],[8.55951,46.32712],[8.56007,46.3275],[8.56024,46.32785],[8.56025,46.32808],[8.55994,46.331],[8.55981,46.33136],[8.55953,46.33162],[8.55912,46.3318],[8.55839,46.33191],[8.55754,46.33211],[8.55701,46.33219],[8.55675,46.33225],[8.55652,46.33234],[8.55614,46.33253],[8.55595,46.33264],[8.55429,46.33387],[8.55418,46.33395],[8.55348,46.33439],[8.55285,46.33499],[8.55236,46.33524],[8.55203,46.33552],[8.55194,46.33569],[8.55186,46.33592],[8.55177,46.33606],[8.55165,46.3362],[8.55146,46.33635],[8.55143,46.33636],[8.55116,46.3365],[8.55091,46.33658],[8.55057,46.33662],[8.55011,46.33666],[8.55,46.33667],[8.54948,46.33674],[8.54922,46.33679],[8.54899,46.33688],[8.54872,46.337],[8.54853,46.33711],[8.54781,46.3376],[8.54742,46.33793],[8.5468,46.33819],[8.54647,46.33834],[8.54626,46.33846],[8.54609,46.3386],[8.54579,46.33909],[8.54563,46.33931],[8.54545,46.33946],[8.54517,46.33961],[8.54467,46.33982],[8.54406,46.34029],[8.54325,46.34073],[8.54304,46.34081],[8.5428,46.34085],[8.54217,46.34089],[8.54192,46.34095],[8.54169,46.34103],[8.54149,46.34115],[8.54062,46.34177],[8.54038,46.34191],[8.54016,46.342],[8.5391,46.34223],[8.53803,46.34239],[8.53755,46.34241],[8.53709,46.3423],[8.53669,46.34205],[8.53607,46.34154],[8.53566,46.34137],[8.53543,46.34133],[8.53498,46.34129],[8.53464,46.34123],[8.53367,46.34099],[8.53339,46.3409],[8.53314,46.34078],[8.53302,46.3407],[8.53282,46.34056],[8.53252,46.34019],[8.53193,46.33957],[8.53157,46.33931],[8.53135,46.33922],[8.53044,46.33895],[8.52892,46.33855],[8.52828,46.33819],[8.52763,46.33787],[8.52759,46.33785],[8.52686,46.33752],[8.52668,46.33746],[8.52523,46.33701],[8.52499,46.33693],[8.52465,46.33678],[8.52284,46.33616],[8.52243,46.33607],[8.52167,46.336],[8.52124,46.33581],[8.52095,46.33551],[8.52087,46.33499],[8.52096,46.33477],[8.52462,46.32873],[8.52469,46.32859],[8.52552,46.32613],[8.52555,46.32594],[8.52553,46.32574],[8.52265,46.31611],[8.52263,46.31606],[8.52259,46.31588],[8.52258,46.31582],[8.52251,46.31548],[8.52248,46.31534],[8.51917,46.30726],[8.51908,46.30709],[8.51894,46.30694],[8.51876,46.30682],[8.51847,46.30665],[8.51828,46.30656],[8.51808,46.30649],[8.51674,46.30615],[8.51648,46.30611],[8.51595,46.30613],[8.51319,46.30667],[8.51281,46.30671],[8.51244,46.30669],[8.51122,46.30652],[8.51097,46.30648],[8.50938,46.30611],[8.5085,46.3057],[8.50829,46.30562],[8.5071,46.30529],[8.50677,46.30523],[8.50431,46.30501],[8.50389,46.3048],[8.50355,46.30433],[8.50357,46.30397],[8.504,46.30349]]]},"properties":{"bfs_nr":5309,"name":"Cerentino"}},{"type":"Feature","geometry":{"type":"Polygon","coordinates":[[[8.45694,46.42369],[8.457,46.42312],[8.45753,46.42245],[8.45776,46.42128],[8.45815,46.42039],[8.45874,46.41969],[8.45968,46.4192],[8.46095,46.41877],[8.46216,46.41819],[8.46268,46.41802],[8.46309,46.41776],[8.46386,46.41664],[8.46436,46.41626],[8.46539,46.41571],[8.4657,46.41535],[8.46601,46.41443],[8.46639,46.41385],[8.46704,46.41326],[8.46795,46.41224],[8.46824,46.41182],[8.46837,46.41145],[8.46825,46.411],[8.46726,46.40967],[8.4671,46.40913],[8.46659,46.40848],[8.46593,46.40801],[8.46534,46.40745],[8.46484,46.40722],[8.46429,46.40676],[8.4636,46.40599],[8.46323,46.40523],[8.46323,46.40471],[8.46355,46.40417],[8.46369,46.40357],[8.46364,46.40293],[8.46384,46.40259],[8.46497,46.40156],[8.46571,46.4011],[8.46651,46.40006],[8.4674,46.39958],[8.46787,46.3991],[8.46875,46.39857],[8.47017,46.39737],[8.47079,46.39663],[8.47094,46.39608],[8.47075,46.39573],[8.47005,46.3951],[8.46917,46.39439],[8.46866,46.39413],[8.46832,46.39381],[8.46696,46.393],[8.46632,46.39228],[8.46616,46.39174],[8.46596,46.39145],[8.46524,46.39093],[8.46471,46.39066],[8.46436,46.39028],[8.46373,46.38988],[8.46237,46.38889],[8.4618,46.38812],[8.46139,46.38773],[8.46109,46.38729],[8.46104,46.38688],[8.46117,46.38655],[8.46182,46.38607],[8.46232,46.38537],[8.46295,46.38465],[8.46381,46.38399],[8.46409,46.38347],[8.46443,46.38305],[8.46534,46.38214],[8.46571,46.3814],[8.46599,46.38101],[8.46611,46.38052],[8.46645,46.37995],[8.46648,46.37937],[8.46639,46.37874],[8.46639,46.37802],[8.46654,46.37742],[8.46639,46.37696],[8.4664,46.37659],[8.46656,46.37626],[8.46664,46.37577],[8.46688,46.37518],[8.46714,46.37406],[8.46703,46.37354],[8.46709,46.3732],[8.4674,46.37265],[8.46744,46.37239],[8.46718,46.37155],[8.46725,46.37111],[8.46721,46.37043],[8.46746,46.36984],[8.46716,46.36907],[8.46689,46.36874],[8.46685,46.3682],[8.46708,46.36783],[8.46751,46.3674],[8.46805,46.36701],[8.46822,46.36671],[8.46826,46.36576],[8.46819,46.36546],[8.46834,46.36455],[8.46852,46.36421],[8.46958,46.36336],[8.47009,46.36268],[8.47019,46.36198],[8.47011,46.36167],[8.46935,46.3609],[8.46893,46.36068],[8.46751,46.35977],[8.46677,46.35936],[8.4661,46.35884],[8.46514,46.35847],[8.46476,46.35822],[8.46453,46.35784],[8.46448,46.35753],[8.46458,46.35688],[8.46436,46.35628],[8.46403,46.35601],[8.46318,46.35557],[8.46289,46.35531],[8.46255,46.35462],[8.4617,46.35355],[8.46162,46.35321],[8.46188,46.35237],[8.46241,46.35132],[8.46289,46.35062],[8.46312,46.34945],[8.46319,46.34839],[8.46349,46.34786],[8.46423,46.34725],[8.46439,46.34691],[8.46444,46.34637],[8.46415,46.34487],[8.46432,46.34422],[8.4646,46.34389],[8.46529,46.34354],[8.46578,46.34341],[8.46678,46.34293],[8.46713,46.34284],[8.46778,46.34278],[8.46908,46.34234],[8.46977,46.34225],[8.4706,46.34202],[8.47086,46.34192],[8.47114,46.34173],[8.4716,46.34149],[8.47184,46.34139],[8.47232,46.3413],[8.4735,46.34122],[8.47418,46.34124],[8.47456,46.34129],[8.47546,46.34147],[8.47577,46.34151],[8.47599,46.34151],[8.47626,46.3415],[8.47652,46.34145],[8.47724,46.34128],[8.47771,46.34122],[8.47934,46.34116],[8.481,46.34131],[8.48126,46.34132],[8.48169,46.34131],[8.48196,46.34128],[8.48233,46.34122],[8.48325,46.34112],[8.48352,46.34104],[8.48411,46.3408],[8.48412,46.3408],[8.48531,46.34031],[8.48578,46.34018],[8.48612,46.3401],[8.48649,46.33997],[8.48723,46.33985],[8.48745,46.3398],[8.48765,46.33973],[8.48809,46.33955],[8.48845,46.33943],[8.48887,46.33935],[8.49006,46.33936],[8.49074,46.33922],[8.49131,46.33924],[8.49193,46.33938],[8.49216,46.33941],[8.49239,46.3394],[8.49262,46.33937],[8.49283,46.33931],[8.49352,46.33907],[8.49447,46.33877],[8.4957,46.3383],[8.49653,46.33819],[8.49689,46.33822],[8.4979,46.33838],[8.49822,46.33846],[8.49936,46.3388],[8.49961,46.33885],[8.50035,46.33896],[8.50126,46.33907],[8.50194,46.33925],[8.50281,46.33936],[8.50409,46.33924],[8.50563,46.33919],[8.50659,46.3392],[8.50684,46.33919],[8.50768,46.33909],[8.50773,46.33908],[8.50976,46.33879],[8.51068,46.3388],[8.51096,46.33877],[8.51157,46.33865],[8.51187,46.33856],[8.5128,46.33818],[8.51301,46.33807],[8.51319,46.33794],[8.51356,46.33758],[8.51372,46.33739],[8.51408,46.33684],[8.51466,46.3364],[8.51509,46.33599],[8.51548,46.3358],[8.51594,46.33572],[8.51624,46.33573],[8.51746,46.33583],[8.51773,46.33584],[8.5182,46.33581],[8.51857,46.33582],[8.51964,46.33605],[8.52027,46.3361],[8.52216,46.33606],[8.52288,46.33617],[8.52462,46.33678],[8.52503,46.33694],[8.52519,46.337],[8.52663,46.33744],[8.5269,46.33754],[8.52757,46.33785],[8.52824,46.33817],[8.52845,46.33829],[8.52867,46.33843],[8.52891,46.33856],[8.53003,46.33886],[8.53049,46.33896],[8.5312,46.33917],[8.53163,46.33937],[8.53211,46.33985],[8.53244,46.34013],[8.53279,46.34055],[8.53294,46.34066],[8.53319,46.34081],[8.53339,46.3409],[8.53361,46.34098],[8.5347,46.34124],[8.53492,46.34128],[8.53537,46.34133],[8.53566,46.34138],[8.53607,46.34154],[8.53673,46.34209],[8.5371,46.34231],[8.53756,46.34242],[8.53804,46.3424],[8.53935,46.34219],[8.54016,46.342],[8.54038,46.34192],[8.54058,46.3418],[8.54144,46.34118],[8.54169,46.34104],[8.54217,46.3409],[8.54283,46.34085],[8.54311,46.34079],[8.54336,46.34069],[8.54358,46.34058],[8.54418,46.3404],[8.54457,46.34018],[8.54505,46.33969],[8.54551,46.33942],[8.54565,46.33929],[8.54576,46.33914],[8.5461,46.33861],[8.54627,46.33846],[8.54675,46.33821],[8.54745,46.33796],[8.54849,46.33714],[8.54893,46.3369],[8.54923,46.33679],[8.54954,46.33673],[8.54997,46.33667],[8.55013,46.33666],[8.55064,46.33662],[8.55091,46.33658],[8.55116,46.3365],[8.55138,46.33639],[8.5515,46.33632],[8.55171,46.33614],[8.55184,46.33599],[8.55197,46.33566],[8.55209,46.33549],[8.55225,46.33534],[8.55285,46.33501],[8.55355,46.33434],[8.5542,46.33394],[8.55427,46.33389],[8.55591,46.33268],[8.55619,46.3325],[8.55671,46.33227],[8.55694,46.33221],[8.55746,46.33213],[8.55855,46.33189],[8.5593,46.33185],[8.5599,46.3317],[8.56122,46.33127],[8.56265,46.33085],[8.56375,46.33061],[8.56566,46.33038],[8.56618,46.33038],[8.56931,46.33071],[8.5696,46.33076],[8.57141,46.33115],[8.57197,46.33134],[8.57222,46.3314],[8.57248,46.33143],[8.57274,46.33142],[8.57299,46.33137],[8.57323,46.33129],[8.57343,46.33118],[8.5736,46.33104],[8.58101,46.32365],[8.58141,46.32338],[8.58169,46.32328],[8.58314,46.32288],[8.58335,46.32281],[8.58353,46.32272],[8.58369,46.3226],[8.58461,46.32178],[8.58501,46.32152],[8.58514,46.32146],[8.58536,46.32132],[8.5855,46.32121],[8.58573,46.32109],[8.58597,46.32098],[8.58657,46.32061],[8.58683,46.32041],[8.58714,46.32007],[8.58754,46.31979],[8.58802,46.31957],[8.58919,46.31887],[8.58935,46.31872],[8.58946,46.31855],[8.58952,46.31838],[8.58952,46.31819],[8.58947,46.31801],[8.58895,46.3168],[8.5889,46.31662],[8.58889,46.31647],[8.58895,46.31605],[8.58919,46.31549],[8.58903,46.31499],[8.5885,46.31447],[8.58842,46.31395],[8.58881,46.31346],[8.59149,46.31162],[8.5917,46.31131],[8.59173,46.31097],[8.59142,46.3105],[8.59093,46.31021],[8.59064,46.30993],[8.59056,46.30941],[8.59098,46.30847],[8.59104,46.30816],[8.59095,46.30688],[8.59096,46.3067],[8.59101,46.30653],[8.59122,46.30602],[8.59126,46.30573],[8.5915,46.30516],[8.59163,46.30465],[8.59184,46.30412],[8.5921,46.30364],[8.59222,46.30302],[8.59224,46.30243],[8.59231,46.30209],[8.59269,46.30152],[8.59281,46.30127],[8.59284,46.30107],[8.59276,46.30075],[8.59218,46.30023],[8.5919,46.29964],[8.5918,46.29948],[8.59164,46.29932],[8.59018,46.29813],[8.59009,46.29805],[8.58991,46.29788],[8.58981,46.29773],[8.58974,46.29739],[8.58978,46.29718],[8.5898,46.29712],[8.58985,46.29688],[8.58985,46.29687],[8.58987,46.29678],[8.58988,46.29665],[8.58987,46.29599],[8.58985,46.29582],[8.58978,46.29566],[8.58908,46.29448],[8.58854,46.29385],[8.58822,46.29338],[8.5876,46.29273],[8.58737,46.29259],[8.58715,46.29242],[8.58711,46.29238],[8.58703,46.29229],[8.58691,46.29216],[8.58677,46.29203],[8.58614,46.29175],[8.58593,46.29171],[8.58565,46.29169],[8.58538,46.29168],[8.58511,46.29171],[8.58486,46.29178],[8.58464,46.29188],[8.58445,46.29201],[8.5843,46.29216],[8.58316,46.29366],[8.58257,46.29396],[8.58208,46.29401],[8.58178,46.29398],[8.57763,46.29328],[8.57738,46.29326],[8.57503,46.29319],[8.57479,46.29317],[8.57456,46.29313],[8.57128,46.29233],[8.5711,46.29229],[8.56731,46.29178],[8.5666,46.29173],[8.56614,46.29156],[8.56581,46.29128],[8.56568,46.29071],[8.56593,46.28934],[8.56594,46.28916],[8.56589,46.28898],[8.56579,46.28881],[8.56564,46.28865],[8.56522,46.28843],[8.56444,46.28824],[8.56389,46.28788],[8.56372,46.28732],[8.56398,46.28506],[8.56397,46.28487],[8.56391,46.28469],[8.56379,46.28452],[8.56363,46.28437],[8.56253,46.28356],[8.56233,46.28338],[8.56215,46.28304],[8.5622,46.28263],[8.56241,46.28209],[8.56245,46.2819],[8.56244,46.2817],[8.56213,46.28044],[8.56211,46.28021],[8.56223,46.27986],[8.5626,46.27954],[8.56466,46.2783],[8.56509,46.27811],[8.57011,46.27645],[8.57069,46.27634],[8.57351,46.2762],[8.57434,46.27633],[8.57564,46.27714],[8.57586,46.27725],[8.57611,46.27733],[8.57638,46.27738],[8.57665,46.27738],[8.5827,46.27695],[8.58324,46.27698],[8.58634,46.27748],[8.58678,46.27761],[8.5875,46.27797],[8.58831,46.27847],[8.58879,46.27894],[8.58922,46.27912],[8.59044,46.27927],[8.59115,46.27977],[8.59152,46.27994],[8.59173,46.28],[8.59372,46.28036],[8.59419,46.2805],[8.59451,46.28073],[8.59465,46.2809],[8.59509,46.28157],[8.59528,46.28178],[8.59559,46.28203],[8.59576,46.28219],[8.59586,46.28234],[8.59603,46.28284],[8.59677,46.28366],[8.59717,46.28402],[8.59752,46.28464],[8.59808,46.28497],[8.59842,46.2853],[8.59899,46.2862],[8.59918,46.28678],[8.59927,46.28694],[8.5994,46.28709],[8.59973,46.28738],[8.59987,46.28748],[8.60002,46.28757],[8.60033,46.28771],[8.60059,46.28781],[8.60088,46.28786],[8.60392,46.28814],[8.60446,46.28827],[8.60484,46.2885],[8.60501,46.28869],[8.60555,46.28947],[8.60569,46.29005],[8.60558,46.2904],[8.60566,46.29077],[8.60614,46.2912],[8.60637,46.29128],[8.60919,46.2921],[8.60976,46.29221],[8.61023,46.29242],[8.6108,46.29295],[8.6117,46.29332],[8.61269,46.29418],[8.61446,46.29516],[8.61487,46.2955],[8.61575,46.29588],[8.61643,46.29603],[8.61671,46.29614],[8.61883,46.29721],[8.62071,46.29816],[8.62321,46.29943],[8.62344,46.29957],[8.62369,46.29985],[8.62379,46.30022],[8.62381,46.30374],[8.62378,46.30398],[8.62369,46.30416],[8.62352,46.30437],[8.61813,46.30938],[8.618,46.30952],[8.61792,46.30968],[8.61787,46.30985],[8.61788,46.31002],[8.61793,46.31019],[8.61846,46.31133],[8.61869,46.31162],[8.61953,46.31219],[8.62008,46.31248],[8.6207,46.31274],[8.6215,46.31315],[8.62178,46.31323],[8.62278,46.31342],[8.6232,46.31362],[8.62373,46.3138],[8.62475,46.31443],[8.62495,46.31466],[8.6255,46.31514],[8.62561,46.3153],[8.62567,46.31565],[8.62553,46.316],[8.62536,46.31619],[8.62316,46.31807],[8.62292,46.3184],[8.62289,46.31876],[8.62295,46.31894],[8.62307,46.31911],[8.62323,46.31925],[8.62343,46.31937],[8.62366,46.31946],[8.62391,46.31952],[8.62417,46.31954],[8.62444,46.31952],[8.62489,46.31946],[8.62511,46.31941],[8.6287,46.31841],[8.62889,46.31836],[8.63087,46.31797],[8.63152,46.31793],[8.63385,46.31813],[8.63623,46.31846],[8.63645,46.31847],[8.63667,46.31846],[8.63746,46.31838],[8.63791,46.31837],[8.63839,46.31845],[8.63914,46.31864],[8.63948,46.31869],[8.64221,46.31886],[8.64333,46.31916],[8.64394,46.31927],[8.64433,46.31946],[8.64476,46.31982],[8.64553,46.32024],[8.64574,46.32033],[8.646,46.32041],[8.64628,46.32046],[8.64691,46.32046],[8.6472,46.32052],[8.64793,46.32072],[8.64814,46.32079],[8.64848,46.32087],[8.64896,46.32092],[8.64956,46.32088],[8.65033,46.32099],[8.65162,46.32109],[8.65197,46.32106],[8.6523,46.32106],[8.6525,46.32104],[8.65283,46.32101],[8.65335,46.32104],[8.65413,46.32092],[8.65479,46.32074],[8.65509,46.32071],[8.65619,46.32072],[8.65694,46.3208],[8.65722,46.32079],[8.65877,46.32043],[8.66003,46.32023],[8.66046,46.3202],[8.66105,46.32011],[8.66208,46.3201],[8.66309,46.32037],[8.66373,46.32078],[8.66459,46.32122],[8.66518,46.32163],[8.66545,46.32187],[8.66564,46.32211],[8.66573,46.32231],[8.66578,46.32249],[8.66579,46.32251],[8.66602,46.32324],[8.66611,46.32342],[8.66624,46.32358],[8.66664,46.32383],[8.66722,46.32396],[8.6681,46.32397],[8.66913,46.32378],[8.66945,46.32373],[8.66996,46.32368],[8.67047,46.32369],[8.67128,46.32392],[8.67196,46.32429],[8.67246,46.32441],[8.67366,46.32444],[8.67543,46.32462],[8.6756,46.32463],[8.67763,46.32466],[8.67817,46.32472],[8.67862,46.32491],[8.67892,46.32519],[8.67904,46.32554],[8.67896,46.32589],[8.67868,46.32619],[8.67843,46.32634],[8.66759,46.33147],[8.66737,46.3316],[8.6672,46.33177],[8.66705,46.33194],[8.66697,46.33206],[8.6668,46.33226],[8.66617,46.33258],[8.66549,46.33267],[8.66377,46.33342],[8.66271,46.3337],[8.66189,46.33372],[8.66101,46.3338],[8.66057,46.33389],[8.66013,46.33406],[8.65947,46.33413],[8.65932,46.33416],[8.65852,46.33435],[8.65829,46.33443],[8.65773,46.33466],[8.65738,46.3348],[8.6571,46.3349],[8.65686,46.33494],[8.65611,46.33496],[8.65556,46.33508],[8.65489,46.33543],[8.65415,46.33622],[8.65325,46.33663],[8.6528,46.33692],[8.6523,46.33712],[8.65209,46.33724],[8.65184,46.33749],[8.65158,46.33793],[8.65115,46.33838],[8.65085,46.33888],[8.65072,46.33907],[8.65057,46.3392],[8.65019,46.3394],[8.64941,46.33955],[8.64879,46.33985],[8.64843,46.34051],[8.6483,46.34068],[8.64808,46.34085],[8.64736,46.34128],[8.64619,46.34173],[8.64588,46.34197],[8.6453,46.34224],[8.64465,46.34273],[8.64373,46.34313],[8.64288,46.34329],[8.64248,46.34345],[8.64209,46.34377],[8.64183,46.34412],[8.64173,46.34469],[8.64176,46.34537],[8.64153,46.34576],[8.64148,46.34586],[8.64131,46.34618],[8.64122,46.3463],[8.64102,46.34651],[8.64077,46.34673],[8.64065,46.34684],[8.64027,46.34736],[8.6402,46.34774],[8.64043,46.34858],[8.64042,46.34914],[8.64026,46.34948],[8.63982,46.3499],[8.63967,46.35014],[8.63962,46.35028],[8.6396,46.35034],[8.63946,46.35089],[8.63929,46.35133],[8.63915,46.35185],[8.63878,46.35241],[8.63865,46.35276],[8.6386,46.35296],[8.63855,46.3536],[8.63834,46.35392],[8.63761,46.35447],[8.63718,46.35467],[8.63643,46.35472],[8.63503,46.35433],[8.63459,46.35425],[8.63435,46.3542],[8.63392,46.35402],[8.63293,46.3535],[8.63274,46.35342],[8.63253,46.35336],[8.63158,46.35328],[8.6306,46.35337],[8.62993,46.35312],[8.62956,46.35283],[8.62894,46.35263],[8.62841,46.35264],[8.62793,46.35274],[8.62749,46.35276],[8.62696,46.35268],[8.62566,46.35253],[8.62543,46.35252],[8.6237,46.35254],[8.62344,46.35253],[8.62318,46.35249],[8.62174,46.35217],[8.62145,46.35208],[8.6212,46.35196],[8.62115,46.35193],[8.62093,46.35178],[8.62065,46.35146],[8.62002,46.35113],[8.61942,46.35105],[8.61911,46.35098],[8.6191,46.35098],[8.61884,46.35087],[8.61859,46.35074],[8.61812,46.35063],[8.61787,46.35062],[8.61739,46.3507],[8.60904,46.35337],[8.60849,46.3537],[8.60439,46.35811],[8.60427,46.35827],[8.6042,46.35844],[8.60418,46.35862],[8.60429,46.35896],[8.60442,46.35912],[8.60637,46.36102],[8.60638,46.36103],[8.60709,46.36175],[8.60715,46.3618],[8.60755,46.36225],[8.60807,46.36269],[8.60834,46.36297],[8.60858,46.36331],[8.60859,46.36333],[8.6086,46.36336],[8.60867,46.36353],[8.60892,46.3639],[8.60923,46.36467],[8.60924,46.36489],[8.60898,46.36813],[8.609,46.36832],[8.60907,46.36851],[8.6092,46.36868],[8.60938,46.36883],[8.60972,46.36905],[8.61002,46.36936],[8.61012,46.36973],[8.61034,46.37006],[8.6104,46.37012],[8.61096,46.37056],[8.61127,46.37095],[8.61163,46.37167],[8.61174,46.37208],[8.61197,46.37246],[8.61211,46.37315],[8.6123,46.37346],[8.61296,46.37415],[8.61318,46.37455],[8.61425,46.37562],[8.61451,46.37583],[8.61471,46.376],[8.61485,46.3762],[8.61499,46.37637],[8.61569,46.37689],[8.61596,46.37735],[8.6166,46.37821],[8.61661,46.37823],[8.61702,46.37875],[8.61714,46.37896],[8.61719,46.37931],[8.61704,46.37965],[8.61686,46.37983],[8.6163,46.3802],[8.61616,46.38033],[8.61607,46.38046],[8.61574,46.38097],[8.61535,46.38123],[8.61488,46.38141],[8.61392,46.38191],[8.61371,46.38204],[8.61354,46.3822],[8.61343,46.38238],[8.61335,46.38255],[8.61319,46.38309],[8.61293,46.38337],[8.61271,46.38351],[8.61265,46.38354],[8.6125,46.38361],[8.61204,46.38375],[8.61183,46.38381],[8.61146,46.384],[8.61127,46.38417],[8.61091,46.38445],[8.61074,46.38455],[8.61053,46.38471],[8.61047,46.38477],[8.61031,46.38497],[8.61022,46.38512],[8.61009,46.38526],[8.60971,46.38548],[8.60858,46.38583],[8.60823,46.38593],[8.60767,46.38609],[8.60734,46.38613],[8.60679,46.38608],[8.60587,46.38564],[8.60498,46.38538],[8.6045,46.38519],[8.60405,46.38503],[8.60391,46.38497],[8.60384,46.38493],[8.60356,46.38478],[8.60287,46.38448],[8.60239,46.38435],[8.60129,46.38415],[8.60063,46.38406],[8.60034,46.384],[8.59997,46.38391],[8.59953,46.38382],[8.59911,46.38366],[8.59889,46.3836],[8.59824,46.38347],[8.59797,46.38343],[8.59756,46.38335],[8.59698,46.38319],[8.59678,46.38316],[8.5965,46.38315],[8.59617,46.38311],[8.59549,46.38298],[8.59544,46.38297],[8.59513,46.38293],[8.59328,46.38274],[8.59282,46.38275],[8.59208,46.38285],[8.59144,46.3828],[8.59118,46.38281],[8.59106,46.38282],[8.5901,46.38291],[8.58884,46.38332],[8.5881,46.38377],[8.58717,46.38456],[8.58635,46.38492],[8.58601,46.38517],[8.58527,46.38597],[8.58442,46.38646],[8.58357,46.38668],[8.58286,46.38696],[8.58264,46.38707],[8.58235,46.38732],[8.58195,46.38756],[8.58177,46.38768],[8.58138,46.38797],[8.58118,46.38808],[8.58104,46.38817],[8.58078,46.38833],[8.58074,46.38835],[8.58049,46.38846],[8.58017,46.38854],[8.57994,46.38862],[8.57974,46.38873],[8.57924,46.38915],[8.57907,46.38924],[8.57882,46.38933],[8.57856,46.38942],[8.57805,46.38952],[8.57787,46.38954],[8.57703,46.38971],[8.57571,46.38994],[8.57549,46.39002],[8.5753,46.39012],[8.57524,46.39016],[8.57512,46.39024],[8.57492,46.39035],[8.57472,46.39048],[8.57457,46.39063],[8.57442,46.39099],[8.57446,46.3914],[8.5745,46.39158],[8.57459,46.3918],[8.57465,46.39189],[8.5752,46.39279],[8.57532,46.39308],[8.57533,46.39361],[8.57555,46.39434],[8.57554,46.39459],[8.57554,46.3946],[8.57549,46.39478],[8.57534,46.39507],[8.57532,46.39529],[8.57533,46.39554],[8.57536,46.39582],[8.5751,46.39638],[8.57506,46.39675],[8.57521,46.39711],[8.57524,46.39745],[8.57517,46.39774],[8.57516,46.39825],[8.57517,46.39838],[8.5752,46.39849],[8.57526,46.39866],[8.57529,46.39873],[8.57535,46.39884],[8.57545,46.39901],[8.57557,46.39957],[8.576,46.40021],[8.57606,46.4007],[8.57592,46.40104],[8.57523,46.40173],[8.57471,46.40215],[8.57457,46.40232],[8.57449,46.40252],[8.57447,46.40264],[8.57445,46.40273],[8.57444,46.40289],[8.57448,46.40306],[8.57475,46.40358],[8.57478,46.40379],[8.57473,46.40403],[8.57448,46.40438],[8.57402,46.40472],[8.57335,46.40512],[8.57265,46.40543],[8.57238,46.40571],[8.57228,46.40636],[8.57213,46.40668],[8.57171,46.40716],[8.57133,46.40744],[8.57081,46.40765],[8.57046,46.40781],[8.57026,46.40787],[8.56975,46.40798],[8.56871,46.40859],[8.56737,46.40888],[8.56664,46.40897],[8.56587,46.40925],[8.5649,46.40941],[8.56403,46.40981],[8.5637,46.41007],[8.56353,46.41039],[8.56352,46.41056],[8.56356,46.41151],[8.56359,46.41166],[8.56365,46.41181],[8.56393,46.4122],[8.56418,46.41277],[8.56429,46.41315],[8.56437,46.41343],[8.56441,46.41353],[8.5647,46.4141],[8.56492,46.41486],[8.56488,46.41522],[8.56477,46.41539],[8.56443,46.41567],[8.56361,46.41596],[8.56309,46.41603],[8.56266,46.41617],[8.56205,46.41649],[8.56172,46.41674],[8.56155,46.41705],[8.56151,46.41746],[8.56116,46.41814],[8.56075,46.41871],[8.56059,46.41888],[8.56019,46.41912],[8.55936,46.41948],[8.55877,46.41984],[8.55842,46.42002],[8.5579,46.42022],[8.55746,46.42043],[8.55706,46.42059],[8.55671,46.42068],[8.55656,46.42072],[8.55619,46.4208],[8.55532,46.42107],[8.55513,46.42113],[8.55483,46.42124],[8.5547,46.42127],[8.55442,46.42133],[8.55412,46.42137],[8.55385,46.42139],[8.55325,46.42142],[8.55245,46.42149],[8.55219,46.42153],[8.55204,46.42157],[8.55182,46.42164],[8.55141,46.42179],[8.55113,46.42194],[8.55082,46.42216],[8.5506,46.42228],[8.5504,46.42237],[8.5502,46.42244],[8.54994,46.42256],[8.54989,46.42258],[8.54985,46.42261],[8.54934,46.42293],[8.54889,46.42312],[8.54831,46.42325],[8.54791,46.42347],[8.54766,46.42378],[8.54764,46.4243],[8.54784,46.4246],[8.54802,46.42497],[8.5481,46.4254],[8.54806,46.42615],[8.54808,46.42633],[8.54818,46.42671],[8.54818,46.42692],[8.54811,46.42713],[8.54807,46.42722],[8.54797,46.4274],[8.54745,46.42814],[8.54663,46.4289],[8.54648,46.42906],[8.54641,46.42917],[8.54634,46.42928],[8.54608,46.42981],[8.54602,46.42991],[8.54596,46.43001],[8.54578,46.43024],[8.54553,46.43049],[8.54541,46.43063],[8.54533,46.43077],[8.54524,46.43089],[8.54515,46.43099],[8.54484,46.43132],[8.54446,46.43182],[8.54364,46.43268],[8.54328,46.43332],[8.54298,46.43365],[8.5429,46.4338],[8.54288,46.43413],[8.54303,46.43444],[8.54344,46.43487],[8.54373,46.43556],[8.54417,46.43621],[8.54429,46.4365],[8.54432,46.43672],[8.54432,46.43758],[8.54449,46.43876],[8.54467,46.43904],[8.54506,46.43945],[8.54523,46.43961],[8.54549,46.43991],[8.54583,46.4408],[8.54592,46.44166],[8.54612,46.44199],[8.54651,46.44232],[8.54675,46.44284],[8.54743,46.44378],[8.5478,46.44422],[8.54797,46.4445],[8.54817,46.44502],[8.54814,46.44556],[8.54848,46.44652],[8.54842,46.44704],[8.54841,46.44729],[8.54843,46.44745],[8.54848,46.44761],[8.54858,46.44776],[8.54882,46.44805],[8.54892,46.44828],[8.5489,46.44867],[8.54866,46.44905],[8.5483,46.4493],[8.5477,46.44951],[8.54709,46.44974],[8.54599,46.45029],[8.54552,46.45047],[8.54534,46.45057],[8.5452,46.45065],[8.54477,46.45095],[8.54433,46.45134],[8.54361,46.45171],[8.54346,46.4518],[8.54311,46.45204],[8.54293,46.45215],[8.5429,46.45217],[8.54235,46.45259],[8.54196,46.45284],[8.54184,46.45291],[8.54179,46.45296],[8.54165,46.4531],[8.54161,46.45314],[8.54157,46.45319],[8.5415,46.4533],[8.54129,46.45367],[8.54093,46.45396],[8.54038,46.45416],[8.53994,46.45421],[8.53902,46.45408],[8.53883,46.45406],[8.53872,46.45405],[8.53846,46.45405],[8.5382,46.45409],[8.53795,46.45416],[8.53773,46.45426],[8.53755,46.4544],[8.53741,46.45456],[8.53732,46.45473],[8.53726,46.4549],[8.53713,46.45518],[8.53703,46.45537],[8.5368,46.45569],[8.53676,46.45575],[8.53654,46.45612],[8.53648,46.45626],[8.53643,46.45657],[8.53634,46.45679],[8.53605,46.45729],[8.53526,46.45825],[8.53379,46.45894],[8.53329,46.45906],[8.5327,46.4593],[8.53229,46.45957],[8.53196,46.45988],[8.53161,46.46052],[8.53152,46.46085],[8.53157,46.46118],[8.5316,46.46135],[8.53169,46.46151],[8.532,46.46183],[8.53226,46.46229],[8.5326,46.46258],[8.53329,46.46296],[8.53347,46.46311],[8.53371,46.46338],[8.53385,46.46349],[8.53404,46.46361],[8.53421,46.4637],[8.5344,46.46377],[8.53501,46.46394],[8.53536,46.46414],[8.53601,46.46466],[8.53652,46.46485],[8.53699,46.4653],[8.53759,46.46647],[8.53767,46.46689],[8.53751,46.46725],[8.53711,46.46759],[8.53689,46.46781],[8.53681,46.46791],[8.53675,46.46802],[8.53661,46.46821],[8.53628,46.46846],[8.53568,46.46876],[8.53485,46.46895],[8.53441,46.46912],[8.53329,46.46996],[8.53287,46.47013],[8.53192,46.47025],[8.53122,46.47029],[8.52909,46.47087],[8.52884,46.47096],[8.5284,46.4711],[8.52708,46.47139],[8.52692,46.47143],[8.52672,46.47149],[8.52651,46.47158],[8.52633,46.47169],[8.52618,46.47182],[8.52598,46.47212],[8.5259,46.47232],[8.52578,46.47293],[8.52568,46.47319],[8.52549,46.47343],[8.52536,46.47356],[8.52514,46.47373],[8.52467,46.47392],[8.52414,46.47396],[8.52332,46.47385],[8.52229,46.4739],[8.52178,46.47373],[8.52128,46.47346],[8.52085,46.4731],[8.51992,46.4728],[8.51922,46.47248],[8.51877,46.47234],[8.51851,46.47224],[8.51832,46.47213],[8.51806,46.47186],[8.51783,46.47133],[8.51728,46.47074],[8.51681,46.47051],[8.51608,46.47012],[8.5157,46.46987],[8.51555,46.46979],[8.51544,46.46973],[8.51511,46.46961],[8.51448,46.46946],[8.51415,46.46943],[8.51378,46.46936],[8.5133,46.46923],[8.51307,46.46915],[8.51286,46.46905],[8.51253,46.46886],[8.51196,46.46856],[8.51137,46.46817],[8.51085,46.46789],[8.51053,46.46775],[8.51025,46.46759],[8.51024,46.46759],[8.51007,46.46747],[8.50993,46.46732],[8.5094,46.4667],[8.509,46.46649],[8.50877,46.46642],[8.50852,46.46639],[8.50811,46.46635],[8.50675,46.46636],[8.5053,46.4662],[8.50472,46.46624],[8.50429,46.46621],[8.50407,46.46621],[8.50378,46.4662],[8.50336,46.46618],[8.50314,46.46616],[8.50238,46.46605],[8.50203,46.46602],[8.50168,46.46598],[8.50166,46.46597],[8.50127,46.46587],[8.50121,46.46584],[8.50116,46.46583],[8.50037,46.46551],[8.50005,46.46542],[8.49945,46.46534],[8.49867,46.4655],[8.49763,46.46623],[8.49719,46.46635],[8.4959,46.46647],[8.49528,46.46639],[8.49387,46.46583],[8.49338,46.4655],[8.49291,46.46535],[8.49206,46.46523],[8.49135,46.46502],[8.49097,46.46475],[8.49048,46.46453],[8.48982,46.46434],[8.48954,46.46427],[8.48908,46.46417],[8.48845,46.46398],[8.4884,46.46397],[8.48821,46.46391],[8.48652,46.46358],[8.48569,46.46349],[8.48544,46.46342],[8.48502,46.46319],[8.48477,46.46287],[8.48464,46.46188],[8.48435,46.46018],[8.48417,46.45983],[8.48379,46.45956],[8.4826,46.45913],[8.48208,46.45885],[8.48137,46.45867],[8.48076,46.45836],[8.48062,46.45832],[8.48046,46.45828],[8.48018,46.45822],[8.47975,46.45809],[8.47962,46.45804],[8.47945,46.45796],[8.47919,46.45783],[8.47835,46.45742],[8.47815,46.45734],[8.47737,46.45709],[8.47708,46.45697],[8.47705,46.45696],[8.47679,46.45686],[8.47617,46.45677],[8.47547,46.45656],[8.47529,46.45651],[8.47489,46.45642],[8.47469,46.45639],[8.4744,46.45636],[8.47408,46.45631],[8.47356,46.45615],[8.4728,46.45607],[8.47245,46.45605],[8.47162,46.45613],[8.47048,46.45606],[8.46952,46.45582],[8.4693,46.45578],[8.46892,46.45573],[8.46823,46.45567],[8.46781,46.45554],[8.46759,46.45542],[8.46742,46.45527],[8.46724,46.45506],[8.46716,46.45497],[8.46684,46.45466],[8.46662,46.4545],[8.46614,46.45423],[8.46544,46.45372],[8.46466,46.45336],[8.46424,46.45279],[8.4639,46.4525],[8.46332,46.45217],[8.46295,46.45186],[8.46276,46.45152],[8.46235,46.45109],[8.46211,46.45071],[8.46208,46.45028],[8.46191,46.44955],[8.46241,46.4487],[8.46254,46.44836],[8.46242,46.44781],[8.46184,46.4468],[8.46178,46.44645],[8.46193,46.44611],[8.46272,46.44549],[8.46318,46.44528],[8.46394,46.44515],[8.46513,46.44479],[8.46561,46.44439],[8.46571,46.44405],[8.46566,46.4436],[8.46606,46.44275],[8.46595,46.44238],[8.46561,46.44205],[8.46498,46.44163],[8.46407,46.43989],[8.46394,46.43937],[8.46374,46.43908],[8.46341,46.43886],[8.46236,46.43853],[8.46166,46.43806],[8.45986,46.43725],[8.45944,46.43696],[8.45866,46.43602],[8.45829,46.43523],[8.45789,46.43462],[8.45797,46.43401],[8.45841,46.43311],[8.45865,46.43237],[8.45922,46.43164],[8.45969,46.43131],[8.45992,46.43083],[8.45963,46.43001],[8.45993,46.42928],[8.4604,46.42876],[8.46047,46.42825],[8.4602,46.42772],[8.45987,46.42733],[8.45899,46.42677],[8.45863,46.42613],[8.45832,46.42584],[8.45774,46.42559],[8.4574,46.42534],[8.45711,46.42473],[8.45708,46.42426],[8.45694,46.42369]]]},"properties":{"bfs_nr":5310,"name":"Cevio"}},{"type":"Feature","geometry":{"type":"Polygon","coordinates":[[[8.55979,46.32728],[8.55925,46.32684],[8.55918,46.32668],[8.55914,46.32647],[8.55912,46.32606],[8.55913,46.32589],[8.55929,46.325],[8.55937,46.32479],[8.5595,46.32454],[8.55957,46.32432],[8.55982,46.3238],[8.55992,46.32352],[8.56013,46.32294],[8.56024,46.32269],[8.56042,46.32237],[8.56045,46.32232],[8.56072,46.32177],[8.56075,46.32172],[8.56118,46.32065],[8.56122,46.32056],[8.56154,46.31994],[8.5616,46.31983],[8.56209,46.31907],[8.56224,46.31878],[8.56232,46.31859],[8.56243,46.31818],[8.56252,46.31795],[8.56271,46.3176],[8.56271,46.31759],[8.56309,46.31684],[8.56328,46.31636],[8.56395,46.31528],[8.564,46.3152],[8.56415,46.31505],[8.56434,46.31491],[8.56448,46.31479],[8.5648,46.31447],[8.56505,46.31427],[8.56516,46.31418],[8.56528,46.31405],[8.56582,46.31351],[8.56593,46.31337],[8.56603,46.31322],[8.56612,46.31302],[8.56615,46.31291],[8.56626,46.31267],[8.56639,46.31248],[8.56662,46.31226],[8.56735,46.31166],[8.56754,46.31145],[8.56786,46.31097],[8.56807,46.31051],[8.56863,46.30955],[8.56882,46.3093],[8.5696,46.3085],[8.56984,46.3083],[8.57024,46.30802],[8.57042,46.30786],[8.57121,46.307],[8.57158,46.30667],[8.57244,46.30606],[8.57288,46.3058],[8.57458,46.30438],[8.57477,46.30404],[8.57483,46.30312],[8.57475,46.30271],[8.57492,46.30203],[8.57482,46.30169],[8.57444,46.30116],[8.57434,46.30093],[8.57431,46.30076],[8.57432,46.30061],[8.57436,46.30046],[8.57444,46.30031],[8.57451,46.30011],[8.57451,46.29991],[8.57445,46.29947],[8.57445,46.29944],[8.57443,46.29933],[8.57444,46.2991],[8.5745,46.29888],[8.57449,46.2987],[8.57432,46.29838],[8.57418,46.29824],[8.57393,46.29804],[8.57374,46.29786],[8.57338,46.29746],[8.57325,46.29728],[8.57317,46.29709],[8.57316,46.29706],[8.57313,46.29687],[8.57314,46.29662],[8.57299,46.29631],[8.57246,46.29566],[8.57203,46.29539],[8.57105,46.29499],[8.56864,46.29372],[8.56841,46.29357],[8.56816,46.29328],[8.56811,46.29277],[8.56832,46.29246],[8.56867,46.29222],[8.56913,46.2921],[8.56968,46.2921],[8.57132,46.29234],[8.5746,46.29314],[8.57479,46.29318],[8.57498,46.29319],[8.57732,46.29326],[8.57769,46.2933],[8.58184,46.29399],[8.58208,46.29401],[8.58257,46.29396],[8.58316,46.29367],[8.58427,46.29221],[8.58446,46.29201],[8.58487,46.29178],[8.58538,46.29168],[8.58571,46.29169],[8.58614,46.29175],[8.58676,46.29203],[8.58694,46.29219],[8.58704,46.29231],[8.58709,46.29237],[8.58724,46.29251],[8.58758,46.29275],[8.58818,46.29334],[8.58857,46.2939],[8.58911,46.29453],[8.58975,46.29562],[8.58984,46.29582],[8.58988,46.29603],[8.58988,46.29662],[8.58986,46.29681],[8.58985,46.29687],[8.58985,46.29689],[8.58982,46.29704],[8.58976,46.29722],[8.58972,46.29739],[8.58974,46.29756],[8.5898,46.29772],[8.5899,46.29787],[8.59004,46.29801],[8.59018,46.29812],[8.59019,46.29813],[8.59155,46.29925],[8.59171,46.2994],[8.59181,46.29954],[8.59199,46.30002],[8.59265,46.30078],[8.59278,46.30109],[8.59273,46.30142],[8.59244,46.30185],[8.59235,46.30201],[8.59229,46.30215],[8.59224,46.30237],[8.59222,46.30297],[8.59216,46.30327],[8.59211,46.30345],[8.59208,46.30367],[8.59186,46.3041],[8.59162,46.30467],[8.59151,46.30512],[8.59122,46.30578],[8.59119,46.30605],[8.591,46.30656],[8.59096,46.3067],[8.59095,46.30685],[8.59104,46.30812],[8.59096,46.30851],[8.59041,46.30958],[8.59037,46.30993],[8.59053,46.31026],[8.59134,46.31093],[8.59141,46.31147],[8.5912,46.3118],[8.58873,46.31351],[8.58839,46.31395],[8.58837,46.31428],[8.58853,46.3146],[8.58901,46.31516],[8.58902,46.31551],[8.58888,46.31593],[8.58887,46.31658],[8.58892,46.31673],[8.58945,46.31796],[8.58951,46.31818],[8.58947,46.31852],[8.58937,46.31868],[8.58906,46.31895],[8.58809,46.31952],[8.58748,46.3198],[8.58719,46.32003],[8.58668,46.32053],[8.58627,46.32079],[8.5859,46.32101],[8.58565,46.32112],[8.58538,46.32129],[8.58526,46.32138],[8.58494,46.32156],[8.58467,46.32173],[8.58372,46.32257],[8.58353,46.32271],[8.58334,46.32281],[8.58309,46.3229],[8.58163,46.32329],[8.58141,46.32337],[8.58121,46.32348],[8.58104,46.32362],[8.57364,46.331],[8.57344,46.33117],[8.57302,46.33136],[8.57253,46.33142],[8.57204,46.33135],[8.5715,46.33117],[8.56956,46.33075],[8.56936,46.33071],[8.56613,46.33037],[8.56571,46.33038],[8.5637,46.33062],[8.56267,46.33085],[8.56157,46.33114],[8.56104,46.33114],[8.56057,46.33099],[8.56021,46.33072],[8.56003,46.33015],[8.56026,46.32804],[8.56025,46.32785],[8.56007,46.3275],[8.55979,46.32728]]]},"properties":{"bfs_nr":5315,"name":"Linescio"}},{"type":"Feature","geometry":{"type":"Polygon","coordinates":[[[8.57025,46.26838],[8.56982,46.26791],[8.5698,46.26754],[8.57015,46.26706],[8.57111,46.26667],[8.57192,46.2663],[8.57229,46.26611],[8.57234,46.26609],[8.57267,46.2659],[8.57291,46.26573],[8.57321,46.26546],[8.57364,46.26527],[8.57409,46.26519],[8.57442,46.26516],[8.57476,46.26509],[8.5756,46.26486],[8.5759,46.26482],[8.57663,46.26484],[8.57712,46.26471],[8.5781,46.26428],[8.5799,46.26379],[8.58041,46.2637],[8.58049,46.26368],[8.58143,46.26345],[8.58243,46.26317],[8.58329,46.26301],[8.58415,46.26286],[8.58434,46.26281],[8.58497,46.26259],[8.58563,46.26253],[8.5863,46.26235],[8.58742,46.26199],[8.58859,46.26199],[8.58881,46.26195],[8.58919,46.26186],[8.58953,46.2618],[8.58966,46.26177],[8.58973,46.26176],[8.58999,46.26167],[8.59022,46.26154],[8.59071,46.26119],[8.59083,46.26111],[8.59121,46.26089],[8.59144,46.26077],[8.59169,46.26069],[8.59247,46.26049],[8.59277,46.26046],[8.59329,46.26053],[8.59359,46.26064],[8.59425,46.26094],[8.59477,46.26127],[8.59518,46.26142],[8.5954,46.26145],[8.59564,46.26147],[8.59613,46.26148],[8.59675,46.26161],[8.59721,46.26163],[8.59752,46.26158],[8.59786,46.26153],[8.59815,46.2615],[8.59839,46.26146],[8.59862,46.2614],[8.59921,46.2611],[8.59968,46.261],[8.60106,46.26106],[8.60132,46.26104],[8.60156,46.26098],[8.60179,46.2609],[8.60222,46.26069],[8.60294,46.26033],[8.60404,46.25995],[8.60493,46.25946],[8.606,46.25908],[8.60633,46.25899],[8.60691,46.25887],[8.60737,46.25882],[8.60775,46.25882],[8.60835,46.25887],[8.60867,46.25893],[8.60892,46.25894],[8.60917,46.25892],[8.60941,46.25888],[8.60963,46.25883],[8.61003,46.25864],[8.61039,46.25836],[8.61131,46.25796],[8.61168,46.25785],[8.61244,46.25768],[8.61258,46.25765],[8.61368,46.25747],[8.61438,46.25742],[8.61496,46.25731],[8.61532,46.25727],[8.61558,46.25726],[8.61578,46.25724],[8.61585,46.25723],[8.61604,46.25719],[8.6167,46.25698],[8.61705,46.25693],[8.61779,46.25697],[8.61909,46.25694],[8.61936,46.25691],[8.61994,46.25681],[8.62011,46.25677],[8.62069,46.25661],[8.62084,46.25656],[8.62162,46.25625],[8.62168,46.25623],[8.62265,46.25581],[8.62266,46.25581],[8.62334,46.25552],[8.62336,46.25551],[8.62344,46.25547],[8.62363,46.25537],[8.6239,46.25511],[8.62403,46.25487],[8.62427,46.25455],[8.62452,46.25414],[8.62458,46.25402],[8.62488,46.25328],[8.62492,46.25315],[8.62503,46.25255],[8.62521,46.25216],[8.62625,46.25092],[8.62637,46.2505],[8.62667,46.24989],[8.62683,46.24943],[8.62687,46.24929],[8.62687,46.24882],[8.62699,46.24841],[8.62723,46.24705],[8.62716,46.24672],[8.62692,46.24616],[8.62685,46.2458],[8.62672,46.24544],[8.62662,46.24501],[8.6266,46.24487],[8.62657,46.2445],[8.6266,46.24375],[8.62677,46.24329],[8.62699,46.24307],[8.62858,46.24186],[8.62899,46.24163],[8.62971,46.24136],[8.63077,46.24102],[8.63161,46.24081],[8.63212,46.24065],[8.63267,46.24052],[8.63288,46.24046],[8.63358,46.2402],[8.63423,46.23989],[8.6349,46.23966],[8.6352,46.23952],[8.6353,46.23946],[8.63549,46.2393],[8.63644,46.23839],[8.63654,46.23825],[8.63679,46.23788],[8.63687,46.23774],[8.63694,46.23753],[8.63727,46.23705],[8.63761,46.23674],[8.63798,46.23652],[8.63887,46.2361],[8.63975,46.23577],[8.64042,46.23546],[8.64085,46.23495],[8.6415,46.23438],[8.64206,46.23403],[8.64229,46.23385],[8.64276,46.23336],[8.64311,46.23309],[8.64363,46.23282],[8.64411,46.23263],[8.64495,46.23239],[8.64515,46.23232],[8.64533,46.23225],[8.64585,46.23209],[8.64643,46.23203],[8.64724,46.23202],[8.64751,46.232],[8.64835,46.23187],[8.64855,46.23182],[8.64932,46.23147],[8.65001,46.2313],[8.65145,46.23139],[8.65258,46.23159],[8.65271,46.23161],[8.65401,46.23175],[8.6548,46.23196],[8.65518,46.23214],[8.65522,46.23215],[8.65574,46.23237],[8.65591,46.23243],[8.65615,46.2325],[8.65637,46.23258],[8.65698,46.23293],[8.65719,46.23303],[8.65743,46.23311],[8.65806,46.23319],[8.65855,46.23318],[8.65919,46.23293],[8.65934,46.23279],[8.65953,46.23259],[8.65965,46.23241],[8.65984,46.23207],[8.66008,46.2317],[8.66034,46.23141],[8.66081,46.23103],[8.6612,46.23085],[8.66184,46.23064],[8.66228,46.23048],[8.66286,46.23042],[8.67271,46.23072],[8.67298,46.23071],[8.67324,46.23066],[8.67369,46.23045],[8.67386,46.2303],[8.67718,46.22668],[8.67778,46.22631],[8.68326,46.22441],[8.68424,46.22425],[8.68518,46.22383],[8.68718,46.22323],[8.68748,46.22316],[8.68798,46.22315],[8.68828,46.22321],[8.68943,46.22352],[8.68959,46.22355],[8.69131,46.22383],[8.69156,46.22386],[8.69182,46.22384],[8.69206,46.2238],[8.69308,46.22353],[8.6933,46.22346],[8.6935,46.22336],[8.69408,46.22284],[8.69431,46.22267],[8.69459,46.22253],[8.69567,46.22213],[8.69633,46.22201],[8.69655,46.22193],[8.69675,46.22181],[8.69692,46.22168],[8.69711,46.22134],[8.6973,46.22058],[8.69731,46.21989],[8.6975,46.21918],[8.69771,46.21889],[8.69812,46.21854],[8.69835,46.218],[8.69885,46.21749],[8.69895,46.21736],[8.69904,46.21723],[8.69909,46.21708],[8.69917,46.21675],[8.69918,46.21668],[8.69919,46.21659],[8.69919,46.2164],[8.699,46.21539],[8.69895,46.21514],[8.69894,46.21493],[8.69905,46.21461],[8.69968,46.21399],[8.69981,46.21385],[8.6999,46.2137],[8.69995,46.21354],[8.69998,46.21303],[8.70037,46.21225],[8.70087,46.21159],[8.70114,46.2113],[8.70141,46.21108],[8.70158,46.21098],[8.70189,46.21083],[8.70212,46.21072],[8.703,46.21039],[8.70333,46.21029],[8.70386,46.21024],[8.70423,46.21018],[8.70429,46.21017],[8.70536,46.20998],[8.70564,46.20991],[8.7064,46.20956],[8.70659,46.20944],[8.70685,46.20914],[8.70692,46.20879],[8.70679,46.20731],[8.70678,46.20722],[8.70657,46.20636],[8.70655,46.20615],[8.70657,46.20599],[8.70675,46.20568],[8.70708,46.20544],[8.70752,46.2053],[8.70816,46.20525],[8.70874,46.20518],[8.70945,46.20505],[8.70969,46.20503],[8.70997,46.20503],[8.70999,46.20503],[8.7108,46.20504],[8.71112,46.20505],[8.71158,46.20497],[8.71213,46.20475],[8.71371,46.20456],[8.7146,46.20438],[8.71518,46.20433],[8.71542,46.20435],[8.71592,46.20448],[8.7168,46.20467],[8.71768,46.20478],[8.71869,46.20497],[8.71891,46.20495],[8.71925,46.20491],[8.71947,46.20486],[8.71987,46.20475],[8.72094,46.2045],[8.72299,46.20432],[8.72325,46.20425],[8.72361,46.20412],[8.72377,46.20407],[8.72407,46.20401],[8.72446,46.204],[8.72487,46.20403],[8.72533,46.20411],[8.72612,46.20433],[8.72633,46.20438],[8.72654,46.20441],[8.72671,46.20442],[8.7268,46.20443],[8.72702,46.20442],[8.72723,46.2044],[8.72813,46.20422],[8.72816,46.20422],[8.72836,46.20418],[8.72864,46.20415],[8.72887,46.20415],[8.72992,46.20432],[8.73079,46.20471],[8.73161,46.20488],[8.73227,46.20515],[8.733,46.20533],[8.73325,46.20535],[8.73427,46.20526],[8.73471,46.20526],[8.73532,46.20519],[8.7358,46.20502],[8.73623,46.20475],[8.73691,46.20459],[8.73836,46.20471],[8.7393,46.20489],[8.73969,46.20511],[8.74,46.20558],[8.73997,46.20616],[8.73997,46.20631],[8.74,46.20646],[8.74063,46.20812],[8.74077,46.20891],[8.74076,46.20928],[8.74055,46.21018],[8.74052,46.21028],[8.74028,46.21096],[8.74026,46.21128],[8.7403,46.21143],[8.74073,46.2124],[8.74081,46.21254],[8.74092,46.21266],[8.74193,46.21364],[8.74212,46.21379],[8.74236,46.21391],[8.74355,46.21437],[8.74408,46.21469],[8.74455,46.21515],[8.74478,46.2155],[8.74481,46.21584],[8.74464,46.21616],[8.74431,46.21642],[8.7441,46.21651],[8.74381,46.21659],[8.74256,46.21682],[8.74216,46.21687],[8.74198,46.2169],[8.74154,46.21705],[8.74122,46.2173],[8.74105,46.21762],[8.74104,46.21778],[8.74106,46.21795],[8.74114,46.21811],[8.74153,46.21875],[8.74163,46.21897],[8.74166,46.21916],[8.74162,46.21939],[8.74152,46.21969],[8.74141,46.21993],[8.74126,46.2201],[8.74101,46.22028],[8.73011,46.22651],[8.72969,46.22697],[8.72965,46.22733],[8.72982,46.22767],[8.7328,46.23115],[8.73299,46.23151],[8.73297,46.23184],[8.73268,46.23242],[8.73273,46.23278],[8.73299,46.2331],[8.73345,46.23348],[8.7335,46.23351],[8.73443,46.23419],[8.73459,46.23429],[8.73478,46.23437],[8.73727,46.23527],[8.73772,46.23549],[8.74126,46.23786],[8.74158,46.23815],[8.74239,46.2391],[8.74252,46.23929],[8.7426,46.23962],[8.7425,46.23994],[8.74239,46.24008],[8.74221,46.24025],[8.73888,46.24267],[8.73872,46.24281],[8.73861,46.24297],[8.73854,46.24314],[8.73852,46.24331],[8.73855,46.24349],[8.73863,46.24365],[8.73968,46.2453],[8.7398,46.24555],[8.74033,46.24724],[8.74042,46.24742],[8.74075,46.24772],[8.74149,46.24813],[8.74197,46.24868],[8.74232,46.2492],[8.74369,46.25094],[8.74379,46.25104],[8.74699,46.25403],[8.74715,46.25416],[8.74735,46.25426],[8.74757,46.25433],[8.74781,46.25438],[8.74805,46.25439],[8.7483,46.25437],[8.74853,46.25432],[8.74918,46.25413],[8.74923,46.25412],[8.75046,46.25372],[8.75076,46.25365],[8.75131,46.25354],[8.75171,46.2535],[8.75268,46.25346],[8.75335,46.2534],[8.75368,46.25339],[8.75418,46.25349],[8.7544,46.25359],[8.75462,46.25374],[8.75482,46.25385],[8.75505,46.25394],[8.75553,46.25407],[8.7556,46.25409],[8.75577,46.25413],[8.75629,46.25422],[8.75707,46.25464],[8.75733,46.25474],[8.7579,46.25483],[8.75835,46.25498],[8.75904,46.25532],[8.76059,46.25581],[8.76103,46.25587],[8.7624,46.25574],[8.76273,46.25573],[8.76326,46.25582],[8.76364,46.256],[8.76388,46.25614],[8.76421,46.25638],[8.76458,46.25669],[8.76481,46.25681],[8.76507,46.25688],[8.76552,46.25698],[8.76577,46.25707],[8.76601,46.2572],[8.76657,46.25759],[8.7667,46.25768],[8.76726,46.25816],[8.76778,46.25852],[8.76819,46.2589],[8.76857,46.25911],[8.7692,46.25925],[8.77041,46.25923],[8.77121,46.25943],[8.77211,46.25942],[8.77282,46.25962],[8.77315,46.25989],[8.77429,46.26131],[8.77469,46.26186],[8.77491,46.26236],[8.77501,46.26272],[8.77503,46.26293],[8.77471,46.26365],[8.77464,46.26382],[8.77461,46.264],[8.77463,46.26561],[8.77463,46.26566],[8.77467,46.26606],[8.77469,46.2662],[8.77475,46.26633],[8.77516,46.26708],[8.77527,46.26724],[8.7754,46.26738],[8.77553,46.26773],[8.77546,46.26808],[8.77519,46.26839],[8.77469,46.26877],[8.77433,46.26936],[8.77301,46.27034],[8.77194,46.27122],[8.77183,46.27133],[8.77038,46.27294],[8.77012,46.27355],[8.76997,46.27377],[8.76957,46.27425],[8.76934,46.27447],[8.76893,46.27479],[8.76876,46.27495],[8.76867,46.27506],[8.76849,46.27524],[8.76807,46.27561],[8.768,46.27566],[8.76754,46.27602],[8.76649,46.27676],[8.76634,46.27689],[8.76623,46.27702],[8.76591,46.27749],[8.76549,46.27794],[8.76529,46.27812],[8.76459,46.27838],[8.76354,46.27846],[8.76303,46.27844],[8.76243,46.27828],[8.76217,46.27825],[8.76191,46.27826],[8.76165,46.27831],[8.76129,46.27844],[8.7608,46.27863],[8.76064,46.2787],[8.76037,46.27888],[8.76013,46.279],[8.75983,46.27912],[8.75944,46.27924],[8.7591,46.27932],[8.75888,46.27936],[8.75719,46.27958],[8.75634,46.27978],[8.75598,46.27998],[8.75484,46.28087],[8.75443,46.28111],[8.75422,46.28122],[8.75366,46.28177],[8.75354,46.2821],[8.75355,46.28228],[8.75356,46.28231],[8.75358,46.28254],[8.75358,46.28256],[8.75355,46.28276],[8.75347,46.28294],[8.75322,46.28339],[8.75317,46.2839],[8.75373,46.28583],[8.75366,46.28619],[8.75339,46.2865],[8.75315,46.28664],[8.75299,46.28674],[8.75284,46.28686],[8.75243,46.28721],[8.75211,46.2875],[8.7519,46.28765],[8.75165,46.28778],[8.75152,46.28783],[8.75109,46.28796],[8.7509,46.288],[8.74993,46.28828],[8.7497,46.28842],[8.74905,46.28889],[8.74832,46.28909],[8.74728,46.28951],[8.74695,46.28967],[8.74682,46.28974],[8.74645,46.28998],[8.74628,46.2901],[8.74581,46.29054],[8.74545,46.29079],[8.74537,46.29083],[8.74466,46.29115],[8.74453,46.29121],[8.74412,46.29137],[8.74336,46.29174],[8.74313,46.2918],[8.74293,46.29185],[8.74278,46.29189],[8.74261,46.29195],[8.74255,46.29197],[8.74232,46.29205],[8.74216,46.29212],[8.74179,46.29231],[8.74175,46.29233],[8.74144,46.29248],[8.74059,46.29261],[8.74031,46.29266],[8.74006,46.29275],[8.73984,46.29287],[8.73966,46.29299],[8.73947,46.2931],[8.73946,46.2931],[8.73923,46.29323],[8.73905,46.2934],[8.73891,46.29356],[8.73874,46.2937],[8.73841,46.29393],[8.73815,46.29408],[8.73766,46.29424],[8.73736,46.29435],[8.73721,46.29443],[8.73703,46.29455],[8.73659,46.29494],[8.7362,46.29515],[8.73605,46.29528],[8.73593,46.29544],[8.73586,46.2956],[8.73569,46.29657],[8.73547,46.29685],[8.73482,46.29733],[8.73447,46.29803],[8.73409,46.29834],[8.73358,46.29863],[8.73314,46.29891],[8.73284,46.29921],[8.73273,46.29956],[8.73304,46.30026],[8.73307,46.30062],[8.73298,46.30099],[8.73296,46.30159],[8.73257,46.30201],[8.73131,46.30263],[8.73066,46.30282],[8.73033,46.303],[8.73003,46.30315],[8.72983,46.3032],[8.7295,46.30332],[8.72836,46.30375],[8.72742,46.30385],[8.72714,46.30393],[8.72701,46.30399],[8.72674,46.30414],[8.7262,46.30452],[8.72554,46.30482],[8.72529,46.30507],[8.72482,46.30541],[8.72447,46.30567],[8.72442,46.30571],[8.72409,46.30595],[8.72388,46.30608],[8.72348,46.30621],[8.72275,46.3063],[8.72212,46.30655],[8.7213,46.30676],[8.72108,46.30683],[8.72087,46.30693],[8.71993,46.30747],[8.71882,46.30775],[8.71854,46.30783],[8.71835,46.30791],[8.71806,46.30809],[8.71782,46.3082],[8.71745,46.30829],[8.71719,46.30838],[8.7161,46.30901],[8.71563,46.3091],[8.71536,46.3091],[8.71492,46.30906],[8.71471,46.30907],[8.71344,46.30918],[8.7134,46.30918],[8.71329,46.30919],[8.71305,46.3092],[8.71242,46.30919],[8.71239,46.30919],[8.71231,46.3092],[8.71203,46.30922],[8.71176,46.30929],[8.71145,46.30939],[8.71122,46.30944],[8.71079,46.30945],[8.70922,46.30932],[8.70892,46.30932],[8.70864,46.30934],[8.70844,46.30937],[8.70806,46.30944],[8.70781,46.30951],[8.70631,46.31029],[8.70585,46.31081],[8.70563,46.31096],[8.70524,46.31119],[8.70481,46.31131],[8.70452,46.31134],[8.70439,46.31134],[8.70385,46.31132],[8.70354,46.31134],[8.70336,46.31137],[8.70307,46.31143],[8.70296,46.31147],[8.70266,46.3116],[8.70229,46.31187],[8.70211,46.31197],[8.70169,46.3121],[8.70068,46.31222],[8.69975,46.31255],[8.6987,46.31268],[8.69747,46.31316],[8.69681,46.31336],[8.69568,46.31385],[8.69509,46.31423],[8.6933,46.31478],[8.6927,46.31499],[8.69251,46.31504],[8.6922,46.31517],[8.69178,46.31538],[8.69084,46.31562],[8.69031,46.31595],[8.69012,46.31625],[8.69008,46.31683],[8.69028,46.31745],[8.69021,46.31778],[8.69014,46.31823],[8.69009,46.31874],[8.68996,46.31918],[8.68985,46.31993],[8.68978,46.32015],[8.68967,46.32031],[8.68948,46.3205],[8.68897,46.32088],[8.68857,46.32105],[8.68815,46.3213],[8.68763,46.32146],[8.68655,46.32143],[8.6852,46.3216],[8.6847,46.32176],[8.68303,46.32287],[8.68279,46.32316],[8.6826,46.32351],[8.68255,46.32363],[8.68247,46.32387],[8.68238,46.32402],[8.68225,46.32416],[8.6815,46.32469],[8.681,46.32484],[8.6799,46.32485],[8.67766,46.32466],[8.67564,46.32463],[8.67538,46.32462],[8.67374,46.32444],[8.67249,46.32441],[8.67186,46.32421],[8.67149,46.32398],[8.67077,46.32373],[8.67033,46.32366],[8.67011,46.32367],[8.6693,46.32374],[8.66805,46.32396],[8.66725,46.32395],[8.66664,46.32382],[8.66625,46.32358],[8.66611,46.32342],[8.66601,46.3232],[8.66579,46.32251],[8.66578,46.32249],[8.66572,46.32227],[8.66565,46.32211],[8.66554,46.32196],[8.66541,46.32182],[8.66523,46.32167],[8.66453,46.32118],[8.66366,46.32074],[8.66309,46.32036],[8.66284,46.32027],[8.66194,46.32006],[8.6611,46.32007],[8.65997,46.32024],[8.65868,46.32044],[8.65736,46.32076],[8.65688,46.32079],[8.65625,46.32072],[8.65506,46.3207],[8.65483,46.32073],[8.65348,46.321],[8.65297,46.321],[8.65239,46.32105],[8.65211,46.32105],[8.65179,46.32105],[8.6513,46.32105],[8.64956,46.32087],[8.64901,46.32091],[8.64871,46.32089],[8.64834,46.32083],[8.64796,46.32073],[8.64728,46.32054],[8.64725,46.32053],[8.6471,46.32049],[8.64681,46.32044],[8.64617,46.32043],[8.64594,46.32039],[8.64567,46.32029],[8.64561,46.32027],[8.64522,46.32005],[8.64503,46.31992],[8.64467,46.31975],[8.64431,46.31944],[8.6441,46.31932],[8.64386,46.31923],[8.64335,46.31915],[8.64227,46.31887],[8.63956,46.3187],[8.63906,46.31862],[8.63831,46.31842],[8.63797,46.31837],[8.63785,46.31836],[8.63754,46.31837],[8.63673,46.31846],[8.63645,46.31847],[8.63617,46.31845],[8.63387,46.31814],[8.63145,46.31793],[8.63094,46.31796],[8.62886,46.31837],[8.62873,46.3184],[8.62516,46.31939],[8.62483,46.31946],[8.6245,46.31951],[8.62417,46.31953],[8.62366,46.31946],[8.62343,46.31937],[8.62307,46.31911],[8.62289,46.31876],[8.62293,46.3184],[8.6232,46.31804],[8.62541,46.31614],[8.62554,46.316],[8.62568,46.31568],[8.62564,46.31534],[8.62556,46.31518],[8.62543,46.31503],[8.62513,46.31482],[8.62481,46.31447],[8.62451,46.31425],[8.62366,46.31376],[8.62289,46.31344],[8.6226,46.31337],[8.62186,46.31324],[8.6215,46.31315],[8.62066,46.31272],[8.62013,46.3125],[8.61956,46.31218],[8.61924,46.31189],[8.61884,46.31168],[8.61853,46.31142],[8.61841,46.31122],[8.61795,46.31023],[8.61789,46.31002],[8.61788,46.30985],[8.61801,46.30953],[8.61817,46.30934],[8.62356,46.30433],[8.6237,46.30416],[8.62379,46.30398],[8.62381,46.30379],[8.62379,46.30018],[8.6237,46.29985],[8.62344,46.29957],[8.62326,46.29946],[8.62071,46.29816],[8.62071,46.29815],[8.61883,46.2972],[8.61882,46.2972],[8.61656,46.29606],[8.61617,46.29593],[8.6157,46.29584],[8.61485,46.29547],[8.61446,46.29516],[8.61278,46.29421],[8.61185,46.2934],[8.61147,46.29318],[8.61074,46.29288],[8.61027,46.29243],[8.61009,46.29232],[8.60988,46.29224],[8.60965,46.29218],[8.60911,46.29208],[8.60682,46.29141],[8.60653,46.2913],[8.60617,46.29104],[8.60599,46.2907],[8.606,46.29028],[8.60587,46.28992],[8.60498,46.28865],[8.60485,46.2885],[8.60446,46.28826],[8.60398,46.28815],[8.60096,46.28787],[8.6006,46.2878],[8.60026,46.28768],[8.60006,46.28759],[8.59987,46.28748],[8.5997,46.28735],[8.59944,46.28712],[8.59927,46.28694],[8.59918,46.28678],[8.59901,46.28624],[8.59831,46.28514],[8.59763,46.28461],[8.59703,46.28381],[8.59668,46.28354],[8.59601,46.28275],[8.59586,46.28234],[8.59576,46.28219],[8.59563,46.28206],[8.59534,46.28182],[8.59505,46.28151],[8.59463,46.28086],[8.59451,46.28073],[8.59437,46.2806],[8.59419,46.2805],[8.59377,46.28037],[8.5918,46.28001],[8.5915,46.27993],[8.5911,46.27972],[8.59074,46.2794],[8.59032,46.27922],[8.58942,46.27912],[8.58896,46.27895],[8.5885,46.27855],[8.58754,46.27792],[8.58665,46.27755],[8.58641,46.2775],[8.58318,46.27697],[8.58276,46.27695],[8.57672,46.27737],[8.57638,46.27737],[8.57586,46.27725],[8.57441,46.27635],[8.57401,46.27593],[8.57211,46.27247],[8.57211,46.27246],[8.5718,46.2719],[8.5717,46.27161],[8.57132,46.26973],[8.57127,46.26957],[8.57097,46.26912],[8.57087,46.26885],[8.57059,46.26856],[8.57025,46.26838]]]},"properties":{"bfs_nr":5317,"name":"Maggia"}},{"type":"Feature","geometry":{"type":"Polygon","coordinates":[[[8.53171,46.46042],[8.53223,46.45964],[8.5327,46.45931],[8.53384,46.45893],[8.53499,46.45843],[8.53539,46.45817],[8.53609,46.45728],[8.53618,46.45713],[8.53639,46.4567],[8.53646,46.45648],[8.53648,46.45628],[8.53657,46.45607],[8.53676,46.45576],[8.53681,46.45568],[8.53705,46.45534],[8.53712,46.45522],[8.53727,46.45488],[8.53731,46.45479],[8.53738,46.45463],[8.53763,46.45434],[8.53802,46.45414],[8.53848,46.45405],[8.53879,46.45405],[8.53907,46.45409],[8.53953,46.45417],[8.53995,46.45421],[8.54039,46.45417],[8.54093,46.45397],[8.54129,46.45367],[8.54152,46.45326],[8.54162,46.45313],[8.54182,46.45293],[8.5424,46.45256],[8.54298,46.45212],[8.54308,46.45206],[8.54343,46.45182],[8.54389,46.45157],[8.54439,46.45132],[8.54467,46.45104],[8.54517,46.45067],[8.54548,46.45049],[8.54608,46.45026],[8.54641,46.45011],[8.54715,46.44972],[8.54766,46.44952],[8.54827,46.44933],[8.54849,46.44921],[8.54867,46.44906],[8.5488,46.44889],[8.54893,46.44861],[8.54893,46.44826],[8.54885,46.4481],[8.5488,46.448],[8.54874,46.44793],[8.54853,46.44767],[8.54844,46.44748],[8.54841,46.44723],[8.54844,46.44693],[8.54848,46.44671],[8.54849,46.44652],[8.54824,46.44574],[8.54828,46.4452],[8.54824,46.44501],[8.54793,46.44441],[8.54783,46.44426],[8.54745,46.4438],[8.54735,46.44367],[8.54722,46.44347],[8.547,46.44318],[8.54677,46.4428],[8.54657,46.44225],[8.54609,46.4418],[8.54592,46.44149],[8.54584,46.44083],[8.54567,46.44031],[8.54557,46.44006],[8.54551,46.43993],[8.54546,46.43986],[8.54529,46.43966],[8.54504,46.43944],[8.5447,46.43908],[8.54449,46.43875],[8.54442,46.43796],[8.54434,46.4377],[8.54432,46.43751],[8.54432,46.43668],[8.5443,46.43653],[8.54429,46.43646],[8.5442,46.43626],[8.54402,46.43597],[8.54385,46.43572],[8.54374,46.43533],[8.5435,46.43494],[8.543,46.43435],[8.5429,46.43399],[8.54302,46.43364],[8.54328,46.43333],[8.54364,46.43271],[8.54449,46.43179],[8.54481,46.43136],[8.54513,46.43102],[8.54525,46.43087],[8.54531,46.43079],[8.54539,46.43067],[8.54556,46.43045],[8.54581,46.43021],[8.54594,46.43005],[8.54604,46.4299],[8.54608,46.42983],[8.54633,46.42931],[8.54645,46.4291],[8.54668,46.42886],[8.54742,46.42818],[8.54799,46.42737],[8.54806,46.42725],[8.54813,46.42709],[8.54818,46.42692],[8.54819,46.42675],[8.54818,46.42668],[8.54816,46.42656],[8.5481,46.42637],[8.54806,46.42615],[8.54811,46.42576],[8.5481,46.42536],[8.54808,46.42521],[8.548,46.4249],[8.54788,46.42466],[8.54771,46.42438],[8.54773,46.42385],[8.54819,46.42342],[8.54917,46.42304],[8.54989,46.42258],[8.55009,46.42248],[8.55031,46.42241],[8.55055,46.4223],[8.55087,46.42213],[8.55097,46.42207],[8.55108,46.42199],[8.55122,46.42189],[8.55147,46.42177],[8.55177,46.42166],[8.55213,46.42155],[8.55251,46.42149],[8.55389,46.42139],[8.55408,46.42138],[8.55446,46.42132],[8.55465,46.42128],[8.55491,46.42122],[8.55626,46.42079],[8.55659,46.42071],[8.55669,46.42069],[8.55713,46.42057],[8.5574,46.42046],[8.55793,46.42021],[8.55848,46.41999],[8.55872,46.41988],[8.55931,46.41951],[8.56024,46.4191],[8.5606,46.41889],[8.56072,46.41875],[8.56084,46.41861],[8.56087,46.41856],[8.56117,46.41813],[8.56151,46.41746],[8.56156,46.41705],[8.56173,46.41674],[8.5621,46.41646],[8.56309,46.41603],[8.56361,46.41596],[8.56432,46.41576],[8.56452,46.41565],[8.56482,46.41538],[8.56491,46.41521],[8.56495,46.41504],[8.56494,46.41487],[8.56472,46.41414],[8.56443,46.41356],[8.56436,46.4134],[8.56433,46.41329],[8.56428,46.41297],[8.56393,46.41218],[8.56366,46.41181],[8.56359,46.41166],[8.56356,46.41147],[8.56352,46.4106],[8.56354,46.41039],[8.56371,46.41007],[8.56403,46.40982],[8.56491,46.40942],[8.5659,46.40925],[8.56664,46.40898],[8.56762,46.40885],[8.56889,46.40858],[8.56929,46.4084],[8.56996,46.40796],[8.57022,46.40789],[8.57036,46.40784],[8.5705,46.40779],[8.5715,46.40742],[8.57185,46.40723],[8.57236,46.40674],[8.57253,46.40637],[8.57258,46.40567],[8.57285,46.40537],[8.57378,46.40494],[8.57441,46.40445],[8.5746,46.40427],[8.57472,46.40407],[8.57479,46.40385],[8.57479,46.40369],[8.57475,46.40354],[8.57448,46.40306],[8.57445,46.40289],[8.57448,46.40257],[8.57458,46.40233],[8.57472,46.40215],[8.57517,46.40179],[8.5759,46.40114],[8.57607,46.40077],[8.57601,46.40021],[8.57559,46.39958],[8.57547,46.39902],[8.57541,46.39892],[8.57528,46.3987],[8.57519,46.39845],[8.57518,46.39842],[8.57516,46.39821],[8.57517,46.39787],[8.57535,46.39729],[8.57523,46.39648],[8.57541,46.39593],[8.5754,46.39578],[8.57533,46.39549],[8.57532,46.39538],[8.57535,46.3951],[8.57547,46.39485],[8.57552,46.39469],[8.57555,46.39454],[8.57556,46.39434],[8.5754,46.3938],[8.57539,46.39339],[8.57536,46.39324],[8.57531,46.39303],[8.57523,46.39284],[8.57466,46.39192],[8.57458,46.39177],[8.57452,46.39163],[8.57445,46.39136],[8.57443,46.391],[8.57458,46.39064],[8.57474,46.39049],[8.57499,46.39032],[8.57507,46.39027],[8.57525,46.39016],[8.57526,46.39015],[8.5755,46.39002],[8.57571,46.38994],[8.57701,46.38971],[8.57848,46.38944],[8.57887,46.38932],[8.57907,46.38924],[8.57925,46.38915],[8.57977,46.38872],[8.58001,46.3886],[8.58041,46.38849],[8.58069,46.38838],[8.58082,46.38831],[8.5813,46.38803],[8.582,46.38753],[8.58237,46.38732],[8.58271,46.38705],[8.58349,46.38671],[8.58443,46.38646],[8.58527,46.38598],[8.58595,46.38524],[8.58634,46.38494],[8.58716,46.38459],[8.5881,46.3838],[8.58903,46.38326],[8.5901,46.38292],[8.59135,46.38281],[8.59208,46.38286],[8.59283,46.38275],[8.59334,46.38275],[8.59473,46.38289],[8.59477,46.3829],[8.59519,46.38293],[8.59543,46.38297],[8.59551,46.38298],[8.59622,46.38312],[8.59645,46.38314],[8.59673,46.38316],[8.59698,46.38319],[8.59763,46.38336],[8.5979,46.38342],[8.59827,46.38348],[8.59877,46.38357],[8.5991,46.38367],[8.59942,46.3838],[8.60001,46.38392],[8.60039,46.38402],[8.60058,46.38405],[8.60113,46.38412],[8.60259,46.38441],[8.60333,46.38469],[8.6039,46.38496],[8.60417,46.38509],[8.60431,46.38515],[8.60492,46.38536],[8.60586,46.38565],[8.60679,46.38609],[8.60734,46.38614],[8.60762,46.3861],[8.60771,46.38608],[8.60793,46.38602],[8.60855,46.38584],[8.60976,46.38548],[8.60998,46.38536],[8.61016,46.38521],[8.61029,46.38503],[8.61038,46.38488],[8.61051,46.38474],[8.61098,46.38441],[8.61122,46.38423],[8.61148,46.384],[8.61183,46.38381],[8.61243,46.38364],[8.61252,46.3836],[8.61262,46.38355],[8.61276,46.38349],[8.61294,46.38337],[8.61319,46.38309],[8.6134,46.38243],[8.61355,46.3822],[8.61371,46.38204],[8.6148,46.38146],[8.61545,46.38119],[8.61566,46.38105],[8.61582,46.38088],[8.61603,46.38053],[8.6162,46.38031],[8.61638,46.38016],[8.61672,46.37995],[8.61705,46.37966],[8.61715,46.37949],[8.61721,46.37932],[8.61721,46.37914],[8.61716,46.37896],[8.61706,46.3788],[8.61661,46.37823],[8.61659,46.37821],[8.61599,46.37738],[8.61587,46.3772],[8.61576,46.37697],[8.61567,46.37682],[8.61508,46.3764],[8.61493,46.37626],[8.61479,46.37609],[8.61457,46.37587],[8.61422,46.37558],[8.61325,46.37457],[8.613,46.37414],[8.61229,46.37335],[8.61195,46.37234],[8.61172,46.37198],[8.61163,46.37167],[8.61131,46.37097],[8.61094,46.37051],[8.61052,46.37021],[8.61034,46.37003],[8.61023,46.36988],[8.6101,46.36941],[8.60979,46.36905],[8.60944,46.36886],[8.60926,46.36873],[8.60913,46.36859],[8.60904,46.36844],[8.60899,46.36829],[8.60898,46.36809],[8.60925,46.36484],[8.60923,46.36463],[8.60892,46.3639],[8.60886,46.36382],[8.60865,46.36347],[8.60859,46.36334],[8.60859,46.36333],[8.60855,46.36325],[8.60839,46.36302],[8.60816,46.36278],[8.60809,46.36271],[8.60753,46.36222],[8.60714,46.36179],[8.6071,46.36176],[8.60637,46.36103],[8.60637,46.36102],[8.60446,46.35915],[8.6043,46.35896],[8.60419,46.35862],[8.60428,46.35827],[8.60442,46.35807],[8.60846,46.35374],[8.60909,46.35336],[8.61729,46.35073],[8.61788,46.35064],[8.61841,46.35071],[8.61898,46.35094],[8.61921,46.35101],[8.6194,46.35106],[8.61976,46.35111],[8.62039,46.35135],[8.62073,46.35168],[8.62091,46.3518],[8.62124,46.35199],[8.62145,46.35209],[8.62168,46.35216],[8.62323,46.3525],[8.62344,46.35253],[8.62365,46.35254],[8.62538,46.35252],[8.62572,46.35254],[8.62692,46.35267],[8.62753,46.35277],[8.62778,46.35277],[8.6286,46.35264],[8.6291,46.3527],[8.62952,46.35289],[8.62993,46.3532],[8.63044,46.35337],[8.63096,46.35343],[8.63227,46.35335],[8.63275,46.35344],[8.63302,46.35355],[8.63398,46.35406],[8.63427,46.35418],[8.63444,46.35422],[8.63512,46.35436],[8.63644,46.35475],[8.63693,46.35478],[8.6374,46.35469],[8.63779,46.35448],[8.63845,46.35382],[8.63858,46.35359],[8.63862,46.35298],[8.63869,46.35268],[8.639,46.35224],[8.63907,46.35209],[8.63923,46.35162],[8.6393,46.3513],[8.63947,46.35087],[8.63949,46.3508],[8.6396,46.35036],[8.63965,46.3502],[8.63985,46.34987],[8.64028,46.34948],[8.64044,46.34918],[8.64052,46.34869],[8.64022,46.34766],[8.64034,46.34729],[8.64067,46.34685],[8.64085,46.34666],[8.64106,46.34647],[8.64119,46.34634],[8.64135,46.34613],[8.64143,46.34601],[8.64177,46.3454],[8.64184,46.34508],[8.64182,46.34428],[8.642,46.34393],[8.64246,46.34352],[8.6429,46.34332],[8.6437,46.34323],[8.64469,46.34291],[8.64522,46.34245],[8.64612,46.34182],[8.64685,46.34148],[8.64743,46.34129],[8.64766,46.34116],[8.6478,46.34105],[8.64817,46.3408],[8.64834,46.34066],[8.64872,46.34007],[8.649,46.33976],[8.64944,46.33955],[8.64997,46.33946],[8.65019,46.3394],[8.6504,46.33931],[8.65058,46.3392],[8.65072,46.33907],[8.65083,46.33892],[8.65113,46.33843],[8.65163,46.33794],[8.65201,46.33735],[8.65235,46.33712],[8.65273,46.33696],[8.65369,46.33646],[8.65447,46.33617],[8.65479,46.33589],[8.65506,46.33544],[8.65569,46.33506],[8.65621,46.33498],[8.65673,46.33499],[8.65701,46.33494],[8.65727,46.33485],[8.65735,46.33481],[8.65772,46.33466],[8.65774,46.33465],[8.65824,46.33445],[8.65858,46.33434],[8.65922,46.33418],[8.65948,46.33414],[8.66023,46.33406],[8.66077,46.33386],[8.66195,46.33372],[8.66275,46.33371],[8.66378,46.33343],[8.66546,46.33269],[8.66618,46.33258],[8.66682,46.33226],[8.66696,46.3321],[8.66709,46.3319],[8.66716,46.33181],[8.66737,46.33161],[8.66765,46.33144],[8.68028,46.32546],[8.68106,46.32528],[8.68156,46.32535],[8.68199,46.32555],[8.68236,46.32606],[8.68249,46.32655],[8.6827,46.3273],[8.68275,46.32742],[8.68305,46.32805],[8.68337,46.32858],[8.68358,46.32913],[8.68362,46.3295],[8.68361,46.3297],[8.68362,46.32998],[8.68365,46.33017],[8.68373,46.33034],[8.68385,46.3305],[8.68403,46.33064],[8.68415,46.33071],[8.68433,46.33081],[8.68518,46.3312],[8.68666,46.33212],[8.68723,46.3326],[8.68739,46.33271],[8.68758,46.3328],[8.68823,46.33303],[8.68858,46.3332],[8.68866,46.33323],[8.68913,46.33343],[8.6892,46.33345],[8.68949,46.33356],[8.6897,46.33362],[8.68984,46.33365],[8.68994,46.33367],[8.69026,46.33372],[8.69056,46.33378],[8.69078,46.33387],[8.69113,46.33412],[8.69124,46.33427],[8.69144,46.33475],[8.69172,46.33523],[8.69173,46.3356],[8.69164,46.33584],[8.69147,46.33654],[8.6915,46.33692],[8.6916,46.3371],[8.692,46.33758],[8.69219,46.33784],[8.69226,46.33821],[8.6922,46.33857],[8.69224,46.33874],[8.69233,46.33892],[8.6931,46.33973],[8.69338,46.3401],[8.69345,46.34043],[8.69326,46.34091],[8.6932,46.34108],[8.69318,46.34119],[8.69312,46.3414],[8.6931,46.34174],[8.69322,46.34236],[8.69292,46.34321],[8.69288,46.34357],[8.69306,46.34392],[8.69354,46.3444],[8.69381,46.34457],[8.69397,46.34471],[8.69413,46.34493],[8.69441,46.34555],[8.69445,46.34587],[8.69419,46.34658],[8.6942,46.34695],[8.69466,46.34777],[8.69502,46.34806],[8.69654,46.3486],[8.69793,46.34904],[8.69856,46.34943],[8.69864,46.34947],[8.69869,46.3495],[8.69883,46.34957],[8.69896,46.34965],[8.69924,46.34983],[8.69934,46.34988],[8.69943,46.34993],[8.69964,46.35002],[8.69987,46.35008],[8.70052,46.35015],[8.7015,46.3504],[8.70178,46.35052],[8.70195,46.35062],[8.70206,46.35067],[8.70263,46.35102],[8.70268,46.35106],[8.70297,46.35125],[8.7031,46.35134],[8.70325,46.35143],[8.70362,46.35163],[8.70389,46.35184],[8.70402,46.35192],[8.70407,46.35195],[8.70448,46.35219],[8.70451,46.35221],[8.70471,46.35231],[8.70487,46.35241],[8.70507,46.35251],[8.7053,46.35258],[8.70559,46.35263],[8.70586,46.35266],[8.70606,46.35267],[8.70636,46.35267],[8.70645,46.35266],[8.70679,46.35264],[8.70724,46.35265],[8.70811,46.35277],[8.7084,46.35285],[8.70874,46.35296],[8.70907,46.35306],[8.70925,46.3531],[8.70974,46.35317],[8.70999,46.35326],[8.71053,46.35357],[8.71186,46.35401],[8.71279,46.35436],[8.71307,46.35453],[8.71331,46.35474],[8.71349,46.35497],[8.7136,46.35534],[8.71355,46.35558],[8.71327,46.35603],[8.71265,46.35648],[8.71227,46.35696],[8.71216,46.35717],[8.712,46.35768],[8.71191,46.35824],[8.71188,46.35872],[8.71203,46.35907],[8.71238,46.35935],[8.71261,46.35945],[8.71286,46.35951],[8.71299,46.35953],[8.71309,46.35954],[8.71353,46.35959],[8.71378,46.35963],[8.71441,46.35977],[8.71471,46.35986],[8.71515,46.36009],[8.71534,46.36016],[8.71568,46.36026],[8.71586,46.36033],[8.71607,46.36042],[8.71638,46.36057],[8.7165,46.36063],[8.717,46.36082],[8.71737,46.36104],[8.71743,46.36109],[8.71749,46.36113],[8.718,46.36147],[8.71845,46.36187],[8.72007,46.36287],[8.72065,46.3633],[8.72087,46.36342],[8.72092,46.36345],[8.72121,46.36359],[8.72165,46.36389],[8.72176,46.36395],[8.72192,46.36405],[8.72247,46.36427],[8.72294,46.36462],[8.72321,46.36493],[8.72337,46.36527],[8.72352,46.36543],[8.72372,46.36557],[8.72396,46.36567],[8.72438,46.36581],[8.72494,46.36609],[8.72524,46.36641],[8.72547,46.36684],[8.72596,46.36722],[8.7264,46.36745],[8.72645,46.36749],[8.72661,46.3676],[8.72684,46.36785],[8.72698,46.36802],[8.72729,46.36832],[8.72745,46.36864],[8.72744,46.36902],[8.72748,46.36918],[8.72755,46.36934],[8.72767,46.36949],[8.72801,46.36972],[8.72869,46.37004],[8.72901,46.37056],[8.72902,46.37122],[8.72912,46.37146],[8.72939,46.37194],[8.72945,46.37204],[8.72949,46.37209],[8.72968,46.37228],[8.72985,46.3724],[8.73017,46.37259],[8.73126,46.37358],[8.73162,46.37406],[8.73174,46.37426],[8.73191,46.37461],[8.73224,46.37505],[8.73279,46.37541],[8.73328,46.3755],[8.73384,46.37547],[8.73436,46.37553],[8.73463,46.37562],[8.73513,46.37605],[8.7354,46.37681],[8.73517,46.37744],[8.73489,46.37853],[8.73493,46.3788],[8.73518,46.37933],[8.73517,46.38011],[8.73532,46.38052],[8.73516,46.38179],[8.73438,46.38293],[8.73395,46.38346],[8.73372,46.38371],[8.73358,46.38393],[8.73311,46.38437],[8.73295,46.38448],[8.73265,46.38461],[8.73244,46.38472],[8.73217,46.38489],[8.7321,46.38494],[8.73195,46.38506],[8.73193,46.38508],[8.7317,46.38526],[8.73164,46.38532],[8.73155,46.3854],[8.73142,46.38555],[8.73134,46.38572],[8.73132,46.38577],[8.73123,46.3861],[8.7311,46.38652],[8.73103,46.38669],[8.73092,46.38685],[8.7309,46.38688],[8.7308,46.38703],[8.73075,46.38719],[8.73077,46.38752],[8.73124,46.3881],[8.73135,46.38831],[8.73139,46.38846],[8.73147,46.38905],[8.73156,46.3895],[8.73153,46.38967],[8.73134,46.38999],[8.73111,46.39022],[8.73096,46.39056],[8.73102,46.39092],[8.73185,46.39197],[8.73227,46.39243],[8.73241,46.39273],[8.73305,46.39327],[8.73328,46.39359],[8.7333,46.39395],[8.73313,46.39472],[8.73321,46.39507],[8.73347,46.39536],[8.73366,46.39548],[8.73386,46.39558],[8.7348,46.39598],[8.73542,46.39638],[8.73549,46.39642],[8.73563,46.39652],[8.73565,46.39653],[8.73604,46.39681],[8.7361,46.39685],[8.73638,46.39707],[8.7364,46.39709],[8.73652,46.39719],[8.73658,46.39724],[8.7368,46.39743],[8.73682,46.39745],[8.73701,46.39763],[8.73703,46.39764],[8.73709,46.3977],[8.73727,46.39788],[8.73764,46.39839],[8.73779,46.39864],[8.73792,46.39944],[8.73842,46.40054],[8.73854,46.40069],[8.73915,46.40119],[8.73976,46.40143],[8.74024,46.40182],[8.74035,46.40216],[8.74005,46.40286],[8.74002,46.40322],[8.74027,46.40396],[8.74046,46.40428],[8.74095,46.4046],[8.7415,46.40483],[8.74182,46.40507],[8.74206,46.40572],[8.74231,46.40608],[8.74249,46.40661],[8.74242,46.40721],[8.74223,46.40773],[8.7419,46.40835],[8.74122,46.40929],[8.74117,46.40946],[8.74117,46.40963],[8.74118,46.40969],[8.74118,46.40973],[8.74121,46.40986],[8.74136,46.41034],[8.7413,46.4107],[8.74132,46.41117],[8.74118,46.41153],[8.74098,46.41175],[8.74095,46.41178],[8.74085,46.41189],[8.74077,46.41199],[8.74058,46.41229],[8.74041,46.41265],[8.74032,46.41276],[8.74025,46.41291],[8.74022,46.41299],[8.7402,46.41304],[8.74018,46.41325],[8.7402,46.41351],[8.74023,46.41362],[8.74024,46.41365],[8.74029,46.41382],[8.7403,46.41399],[8.74026,46.4142],[8.74016,46.4144],[8.73995,46.41467],[8.73965,46.41528],[8.73961,46.41537],[8.73955,46.41553],[8.73953,46.4156],[8.7395,46.41571],[8.73949,46.41583],[8.73949,46.41594],[8.73949,46.41603],[8.73953,46.41634],[8.73953,46.41658],[8.73957,46.41702],[8.73959,46.41716],[8.7396,46.4172],[8.73965,46.41734],[8.73986,46.41777],[8.73989,46.41798],[8.73986,46.41822],[8.73974,46.41849],[8.73966,46.41863],[8.73965,46.41865],[8.7396,46.41873],[8.73954,46.41884],[8.73938,46.41908],[8.73911,46.41946],[8.73907,46.42021],[8.73895,46.42054],[8.73888,46.42089],[8.73887,46.42095],[8.73886,46.42099],[8.73884,46.42113],[8.7389,46.4216],[8.73889,46.42197],[8.73896,46.4223],[8.73895,46.42249],[8.7389,46.42266],[8.73874,46.42295],[8.73871,46.4231],[8.73869,46.42324],[8.73869,46.42397],[8.73852,46.42519],[8.73865,46.4259],[8.73857,46.42626],[8.73839,46.42662],[8.73824,46.42687],[8.73807,46.42731],[8.73797,46.42744],[8.7378,46.42759],[8.73779,46.4276],[8.73777,46.42761],[8.73748,46.42783],[8.73744,46.42785],[8.73734,46.42792],[8.73709,46.42807],[8.73661,46.4282],[8.73629,46.42822],[8.73621,46.42822],[8.73608,46.42821],[8.73583,46.42818],[8.73566,46.42814],[8.73541,46.42811],[8.73527,46.42809],[8.73504,46.4281],[8.73483,46.42813],[8.73462,46.42819],[8.73373,46.42852],[8.73323,46.4286],[8.73309,46.42863],[8.73276,46.42874],[8.73251,46.42886],[8.7318,46.42904],[8.73063,46.4292],[8.73015,46.42938],[8.72971,46.42948],[8.72914,46.42947],[8.729,46.42948],[8.72876,46.4295],[8.72844,46.42956],[8.72819,46.42961],[8.72784,46.42965],[8.72769,46.42966],[8.7275,46.42967],[8.72734,46.42967],[8.72705,46.42965],[8.72669,46.42963],[8.72641,46.42964],[8.7259,46.42979],[8.72554,46.43006],[8.72524,46.43047],[8.72475,46.43088],[8.72459,46.43121],[8.72459,46.43139],[8.72461,46.43156],[8.72468,46.43206],[8.72449,46.43242],[8.72413,46.43272],[8.72395,46.43288],[8.72382,46.43304],[8.7237,46.43321],[8.72342,46.43375],[8.72338,46.43385],[8.72336,46.43392],[8.72333,46.43401],[8.72325,46.4342],[8.72315,46.43435],[8.72284,46.43459],[8.72249,46.43476],[8.72192,46.43519],[8.72172,46.43532],[8.72146,46.43547],[8.72137,46.43552],[8.72119,46.43561],[8.72084,46.43576],[8.72035,46.43587],[8.72002,46.43596],[8.71975,46.43602],[8.71956,46.43606],[8.7187,46.43608],[8.71823,46.43621],[8.7179,46.43637],[8.71753,46.4367],[8.71708,46.43697],[8.71688,46.43711],[8.71666,46.43731],[8.71643,46.43756],[8.71626,46.4378],[8.71596,46.43807],[8.71543,46.43833],[8.71529,46.43846],[8.71528,46.43847],[8.71507,46.43864],[8.71496,46.43872],[8.71466,46.43889],[8.71445,46.439],[8.71428,46.43909],[8.71397,46.43936],[8.71316,46.4398],[8.71243,46.43998],[8.7122,46.44005],[8.71156,46.44032],[8.7112,46.44048],[8.71072,46.44058],[8.71004,46.44057],[8.70939,46.44074],[8.70921,46.44085],[8.70906,46.44096],[8.70891,46.4411],[8.70882,46.44118],[8.70869,46.44136],[8.70854,46.44186],[8.70815,46.44237],[8.70773,46.44279],[8.70761,46.44314],[8.70755,46.44345],[8.70754,46.44363],[8.70762,46.44402],[8.70753,46.44439],[8.70723,46.44471],[8.70676,46.445],[8.70662,46.44515],[8.70648,46.4455],[8.7065,46.44569],[8.7067,46.44619],[8.70685,46.44641],[8.70722,46.4468],[8.70743,46.44739],[8.70724,46.44796],[8.70735,46.44866],[8.70734,46.44956],[8.70724,46.4499],[8.70678,46.45053],[8.70672,46.45091],[8.70687,46.45142],[8.7068,46.45174],[8.70657,46.45205],[8.70646,46.45242],[8.70672,46.45294],[8.7082,46.45429],[8.70876,46.45465],[8.70924,46.45515],[8.70968,46.45552],[8.7104,46.45642],[8.71047,46.45653],[8.71075,46.45702],[8.71089,46.4572],[8.71139,46.4576],[8.71183,46.45808],[8.71224,46.45858],[8.71247,46.45893],[8.71251,46.45926],[8.7123,46.45984],[8.71202,46.46016],[8.7115,46.46049],[8.7112,46.4609],[8.7108,46.46125],[8.71031,46.46201],[8.71017,46.46232],[8.70932,46.46324],[8.70868,46.46368],[8.708,46.46405],[8.70776,46.46435],[8.70728,46.46473],[8.70689,46.46544],[8.70682,46.46563],[8.70676,46.4659],[8.70674,46.46611],[8.70675,46.46624],[8.70673,46.46651],[8.70668,46.46673],[8.70667,46.46676],[8.70629,46.46823],[8.70621,46.46845],[8.7062,46.46847],[8.70608,46.46865],[8.70591,46.46887],[8.70583,46.46896],[8.70569,46.46911],[8.7049,46.46974],[8.70452,46.46992],[8.70416,46.4702],[8.7039,46.47074],[8.70366,46.471],[8.7035,46.47119],[8.7032,46.47172],[8.70285,46.47201],[8.70268,46.47218],[8.70256,46.47233],[8.70248,46.47248],[8.70244,46.47258],[8.70241,46.47274],[8.7025,46.47328],[8.70237,46.47364],[8.70206,46.47393],[8.70134,46.47414],[8.70069,46.47414],[8.69956,46.47431],[8.69887,46.47436],[8.69878,46.47438],[8.69851,46.47444],[8.69821,46.47454],[8.69768,46.47463],[8.69741,46.47469],[8.69717,46.47479],[8.69691,46.47493],[8.69669,46.475],[8.6964,46.47506],[8.69605,46.47509],[8.69572,46.47514],[8.69518,46.47526],[8.6944,46.47526],[8.6936,46.47536],[8.69301,46.47562],[8.69251,46.47608],[8.69207,46.47626],[8.69157,46.47631],[8.69132,46.47628],[8.69108,46.47622],[8.69082,46.47612],[8.69043,46.47581],[8.69018,46.4754],[8.68981,46.47505],[8.68942,46.47485],[8.68896,46.47477],[8.68872,46.47478],[8.68799,46.47484],[8.68789,46.47485],[8.68761,46.47493],[8.68726,46.47503],[8.68678,46.47507],[8.6866,46.47509],[8.68646,46.47511],[8.68613,46.47519],[8.68578,46.4753],[8.68501,46.47536],[8.68473,46.47542],[8.68373,46.47571],[8.68263,46.47568],[8.68218,46.47576],[8.68118,46.47613],[8.68054,46.47652],[8.68005,46.4767],[8.67901,46.47744],[8.67777,46.47811],[8.67644,46.47865],[8.676,46.47878],[8.67539,46.47892],[8.67465,46.47942],[8.67424,46.47961],[8.67289,46.47999],[8.67208,46.48049],[8.6713,46.48091],[8.67107,46.48098],[8.67076,46.48104],[8.67065,46.48105],[8.67035,46.48106],[8.66987,46.48103],[8.66959,46.48106],[8.66889,46.48129],[8.66842,46.48136],[8.66821,46.48142],[8.66797,46.4815],[8.6677,46.48163],[8.66746,46.48178],[8.66726,46.4819],[8.66713,46.48199],[8.66672,46.48213],[8.66644,46.48218],[8.66633,46.48219],[8.66609,46.48222],[8.66582,46.48222],[8.66553,46.48221],[8.66462,46.48225],[8.66427,46.48223],[8.6631,46.48201],[8.66216,46.48168],[8.66036,46.48149],[8.65997,46.48152],[8.65871,46.48144],[8.65822,46.48133],[8.65782,46.48126],[8.65782,46.48127],[8.65764,46.48123],[8.65735,46.48121],[8.65711,46.48116],[8.65684,46.48108],[8.6566,46.48104],[8.65576,46.48105],[8.65545,46.48101],[8.65528,46.481],[8.65505,46.481],[8.65478,46.48102],[8.654,46.48129],[8.65334,46.48174],[8.65313,46.48184],[8.65279,46.48194],[8.65255,46.48199],[8.65215,46.48202],[8.65161,46.48208],[8.65086,46.48201],[8.65059,46.48201],[8.65038,46.48204],[8.6502,46.48207],[8.64995,46.48213],[8.64949,46.48234],[8.64928,46.48241],[8.64885,46.48249],[8.64853,46.48252],[8.64842,46.48253],[8.64746,46.48259],[8.64668,46.48289],[8.64631,46.48316],[8.64573,46.48388],[8.64476,46.48466],[8.6444,46.48515],[8.64404,46.48542],[8.64299,46.4857],[8.64229,46.48572],[8.64156,46.48581],[8.64129,46.48586],[8.64102,46.48594],[8.64082,46.48604],[8.64042,46.48633],[8.63939,46.48687],[8.63853,46.4874],[8.63779,46.48758],[8.63676,46.48819],[8.63581,46.48914],[8.63523,46.48962],[8.63482,46.4899],[8.63471,46.48998],[8.63454,46.49013],[8.63435,46.49035],[8.63413,46.49079],[8.6338,46.49104],[8.63335,46.49119],[8.63301,46.49124],[8.63201,46.49138],[8.6319,46.49139],[8.631,46.49148],[8.63068,46.49149],[8.63037,46.49149],[8.63017,46.4915],[8.6293,46.49166],[8.62855,46.49174],[8.62729,46.49207],[8.62567,46.49231],[8.6252,46.4925],[8.62479,46.49282],[8.62458,46.49292],[8.62451,46.49296],[8.62443,46.493],[8.6239,46.49329],[8.62364,46.49342],[8.62314,46.49361],[8.62284,46.49371],[8.62191,46.49395],[8.62146,46.49417],[8.62121,46.49425],[8.6209,46.49439],[8.62037,46.49474],[8.62001,46.49518],[8.6196,46.4954],[8.6191,46.49549],[8.61864,46.4955],[8.61784,46.4956],[8.61717,46.49577],[8.61595,46.49594],[8.61526,46.496],[8.61499,46.49604],[8.6148,46.49609],[8.61456,46.49616],[8.61381,46.49657],[8.61359,46.49665],[8.61344,46.4967],[8.61308,46.49678],[8.61271,46.49683],[8.6121,46.49695],[8.61068,46.49711],[8.61065,46.49711],[8.61007,46.49717],[8.60971,46.49719],[8.60946,46.49718],[8.60916,46.4972],[8.60787,46.49747],[8.60752,46.49755],[8.60725,46.49765],[8.60646,46.49801],[8.60618,46.49815],[8.60539,46.49831],[8.60506,46.49842],[8.60443,46.49869],[8.60399,46.49882],[8.60384,46.49888],[8.60352,46.49901],[8.60335,46.4991],[8.60321,46.4992],[8.60294,46.49941],[8.60283,46.49951],[8.60263,46.49967],[8.6021,46.4999],[8.60019,46.50021],[8.59961,46.50044],[8.59914,46.50051],[8.59884,46.5005],[8.59837,46.50046],[8.59807,46.50041],[8.59703,46.50004],[8.59679,46.5],[8.59632,46.49996],[8.59612,46.49995],[8.59593,46.49997],[8.59515,46.50006],[8.59476,46.50008],[8.59441,46.50007],[8.59378,46.50011],[8.59325,46.50011],[8.59211,46.49991],[8.59119,46.49986],[8.59085,46.49982],[8.58917,46.49952],[8.58896,46.49949],[8.58874,46.49949],[8.58836,46.49951],[8.58803,46.49951],[8.58776,46.4995],[8.58751,46.49946],[8.58746,46.49945],[8.5872,46.49942],[8.58668,46.49945],[8.58623,46.49961],[8.58589,46.49967],[8.58527,46.49975],[8.58501,46.49977],[8.58474,46.49975],[8.58426,46.4997],[8.58415,46.49969],[8.58373,46.49963],[8.58233,46.49947],[8.58211,46.49943],[8.58191,46.49936],[8.58168,46.49924],[8.58162,46.49921],[8.58137,46.49903],[8.58119,46.4988],[8.58067,46.49801],[8.58036,46.4976],[8.5801,46.49694],[8.57916,46.49619],[8.57892,46.49586],[8.5789,46.49545],[8.57913,46.49465],[8.57907,46.49428],[8.57896,46.49411],[8.57881,46.49396],[8.57861,46.49384],[8.57838,46.49374],[8.57818,46.49369],[8.57761,46.49358],[8.57739,46.49353],[8.57689,46.49339],[8.57647,46.49322],[8.57632,46.49314],[8.57599,46.49293],[8.57578,46.49282],[8.57528,46.4927],[8.57475,46.49272],[8.57403,46.49286],[8.57305,46.4929],[8.57168,46.49282],[8.57063,46.49252],[8.56934,46.4924],[8.56866,46.49224],[8.56816,46.49216],[8.56677,46.49187],[8.56573,46.49156],[8.56548,46.4915],[8.565,46.49142],[8.56438,46.49136],[8.5635,46.49118],[8.56273,46.49117],[8.56213,46.49106],[8.56184,46.49106],[8.56151,46.49108],[8.56131,46.4911],[8.5602,46.49123],[8.55931,46.49118],[8.55888,46.49104],[8.55855,46.49081],[8.55823,46.49042],[8.55805,46.48975],[8.55796,46.48958],[8.55765,46.48923],[8.55755,46.48903],[8.55732,46.48817],[8.5569,46.4877],[8.55677,46.48721],[8.55707,46.48577],[8.55705,46.48531],[8.55722,46.4848],[8.55722,46.48465],[8.5572,46.4845],[8.55715,46.48436],[8.55704,46.48414],[8.55697,46.48404],[8.55693,46.48399],[8.55677,46.48378],[8.55669,46.48343],[8.55683,46.48304],[8.55722,46.48245],[8.55721,46.48192],[8.5565,46.48122],[8.55639,46.48087],[8.55651,46.48047],[8.55712,46.47952],[8.55715,46.47916],[8.557,46.47884],[8.55687,46.4787],[8.55669,46.47858],[8.55649,46.47849],[8.55556,46.47813],[8.55524,46.47797],[8.55408,46.47729],[8.55386,46.47712],[8.55339,46.47634],[8.553,46.47604],[8.55255,46.47545],[8.55248,46.47527],[8.55242,46.47515],[8.55235,46.47505],[8.55213,46.47473],[8.55201,46.47425],[8.5519,46.47407],[8.55174,46.47391],[8.55153,46.47377],[8.55037,46.47317],[8.55018,46.47306],[8.54984,46.47282],[8.54947,46.47251],[8.54901,46.4722],[8.54837,46.4715],[8.54746,46.47114],[8.54658,46.47103],[8.54616,46.47093],[8.54566,46.47078],[8.54522,46.47069],[8.545,46.47064],[8.54472,46.47055],[8.54462,46.47052],[8.54436,46.47043],[8.54415,46.47034],[8.54385,46.4702],[8.54305,46.46995],[8.54272,46.46975],[8.54252,46.46955],[8.54226,46.46904],[8.54177,46.46859],[8.54133,46.46835],[8.54079,46.46788],[8.54028,46.46768],[8.53835,46.46728],[8.53801,46.46709],[8.53774,46.46677],[8.53689,46.46511],[8.53665,46.46482],[8.53571,46.46438],[8.53525,46.46405],[8.53498,46.46392],[8.5344,46.46377],[8.53421,46.4637],[8.534,46.46359],[8.53392,46.46353],[8.5337,46.46336],[8.53356,46.46319],[8.53334,46.46299],[8.53319,46.4629],[8.53273,46.46264],[8.53235,46.46234],[8.53208,46.46189],[8.53173,46.46155],[8.53162,46.46137],[8.53156,46.46112],[8.53156,46.46072],[8.53171,46.46042]]]},"properties":{"bfs_nr":5323,"name":"Lavizzara"}},{"type":"Feature","geometry":{"type":"Polygon","coordinates":[[[8.73299,46.23138],[8.73168,46.22984],[8.72986,46.22771],[8.72966,46.22733],[8.7297,46.22697],[8.73017,46.22649],[8.74107,46.22025],[8.74127,46.2201],[8.74142,46.21993],[8.74151,46.21974],[8.74163,46.21934],[8.74166,46.21916],[8.74164,46.21897],[8.74156,46.2188],[8.74118,46.21818],[8.74108,46.21797],[8.74106,46.21779],[8.74108,46.21761],[8.74128,46.21728],[8.7419,46.21695],[8.7423,46.21687],[8.74387,46.21657],[8.7441,46.21651],[8.74432,46.21642],[8.7445,46.2163],[8.74465,46.21616],[8.74475,46.21601],[8.74481,46.21584],[8.74483,46.21567],[8.74479,46.2155],[8.74458,46.21518],[8.74404,46.21465],[8.74361,46.21439],[8.74242,46.21393],[8.74213,46.21379],[8.74189,46.2136],[8.74095,46.21269],[8.74081,46.21254],[8.74072,46.21237],[8.74032,46.21147],[8.74026,46.21128],[8.7403,46.21092],[8.74053,46.21026],[8.74055,46.21019],[8.74077,46.20921],[8.74078,46.20897],[8.74067,46.20828],[8.74064,46.20815],[8.74002,46.20649],[8.73997,46.20631],[8.73997,46.20613],[8.74006,46.20552],[8.74027,46.20521],[8.74063,46.20499],[8.74118,46.20483],[8.74159,46.20459],[8.74183,46.20427],[8.74187,46.2039],[8.7418,46.20372],[8.74116,46.20249],[8.7411,46.20233],[8.74107,46.20217],[8.74105,46.20194],[8.74107,46.20168],[8.74113,46.20141],[8.74128,46.20105],[8.74139,46.20088],[8.74143,46.2008],[8.74149,46.20067],[8.74162,46.20051],[8.7417,46.20042],[8.74186,46.20027],[8.74216,46.20005],[8.74267,46.19975],[8.7429,46.19962],[8.74299,46.19958],[8.74346,46.19932],[8.74409,46.19895],[8.74459,46.19874],[8.74484,46.1986],[8.74541,46.19819],[8.74585,46.19785],[8.74652,46.19744],[8.74766,46.19687],[8.74807,46.1967],[8.74852,46.19662],[8.74914,46.19666],[8.7496,46.19674],[8.74977,46.19676],[8.75032,46.19679],[8.75055,46.19679],[8.75079,46.19676],[8.75101,46.1967],[8.75121,46.19662],[8.75138,46.19651],[8.75153,46.19638],[8.75214,46.19572],[8.75225,46.19556],[8.75233,46.19543],[8.75241,46.19519],[8.75245,46.19494],[8.75245,46.19474],[8.75233,46.19406],[8.75232,46.19385],[8.75236,46.19368],[8.75257,46.19338],[8.75313,46.19308],[8.75446,46.19299],[8.75494,46.19284],[8.75514,46.19272],[8.7553,46.1926],[8.75549,46.19242],[8.75564,46.19223],[8.75575,46.19205],[8.7558,46.19193],[8.75584,46.19179],[8.75585,46.19165],[8.75582,46.19111],[8.75584,46.19084],[8.75588,46.19065],[8.75626,46.19021],[8.75691,46.18999],[8.75793,46.18987],[8.75841,46.18991],[8.75885,46.19001],[8.75916,46.1901],[8.75952,46.19018],[8.75966,46.19019],[8.75987,46.1902],[8.76009,46.19018],[8.76067,46.1901],[8.76113,46.19002],[8.76169,46.19001],[8.76205,46.18998],[8.76213,46.18997],[8.76236,46.18991],[8.7628,46.18982],[8.76312,46.18979],[8.76324,46.18978],[8.76442,46.18969],[8.76657,46.1897],[8.76701,46.18974],[8.76741,46.18981],[8.76771,46.18988],[8.76812,46.19009],[8.76839,46.19039],[8.76846,46.19074],[8.76833,46.19108],[8.7682,46.19123],[8.76758,46.19167],[8.76736,46.19198],[8.76733,46.19234],[8.76739,46.19251],[8.7675,46.19267],[8.76765,46.19281],[8.76784,46.19293],[8.76806,46.19302],[8.7683,46.19308],[8.76855,46.19311],[8.76975,46.19315],[8.76997,46.19314],[8.77018,46.19311],[8.77038,46.19306],[8.77125,46.19277],[8.77148,46.19271],[8.77173,46.19267],[8.77293,46.19256],[8.77391,46.19246],[8.77394,46.19246],[8.77495,46.19237],[8.77526,46.19236],[8.77573,46.19245],[8.77612,46.19265],[8.77631,46.19281],[8.77995,46.19685],[8.7801,46.19698],[8.78027,46.19709],[8.78048,46.19718],[8.7807,46.19724],[8.78118,46.19727],[8.78357,46.19712],[8.78386,46.19708],[8.78412,46.197],[8.78583,46.1963],[8.7861,46.19621],[8.78684,46.19617],[8.78831,46.19637],[8.78886,46.19652],[8.78922,46.19679],[8.7894,46.19713],[8.78936,46.19774],[8.78943,46.1983],[8.78941,46.19849],[8.78939,46.19869],[8.78939,46.19883],[8.78943,46.19913],[8.78951,46.19952],[8.78954,46.1998],[8.78953,46.20019],[8.78954,46.20036],[8.7897,46.20067],[8.79,46.20091],[8.79069,46.20131],[8.79089,46.20168],[8.79114,46.20264],[8.79163,46.20409],[8.79173,46.20428],[8.79222,46.20497],[8.79228,46.20507],[8.79253,46.2055],[8.79262,46.20572],[8.79264,46.2059],[8.7926,46.20613],[8.79214,46.20753],[8.79211,46.2078],[8.79217,46.20857],[8.79203,46.20889],[8.79186,46.20907],[8.79109,46.20972],[8.79095,46.20986],[8.79081,46.21018],[8.79084,46.21052],[8.79166,46.21184],[8.79253,46.21272],[8.79287,46.21319],[8.79303,46.21356],[8.79346,46.21415],[8.79374,46.2149],[8.79381,46.21505],[8.79392,46.2152],[8.79406,46.21533],[8.79424,46.21543],[8.79441,46.21551],[8.7946,46.21558],[8.79474,46.21564],[8.79486,46.21569],[8.79498,46.21575],[8.79537,46.21596],[8.79572,46.21611],[8.79596,46.21625],[8.7962,46.21652],[8.7963,46.21689],[8.79652,46.21749],[8.79664,46.21829],[8.79694,46.21879],[8.79739,46.21912],[8.79773,46.21961],[8.79805,46.22038],[8.79828,46.22124],[8.79869,46.22169],[8.79934,46.222],[8.79968,46.2223],[8.79981,46.22266],[8.79973,46.22301],[8.79931,46.22366],[8.79919,46.22412],[8.79914,46.22435],[8.79914,46.22443],[8.79907,46.22478],[8.79908,46.2253],[8.7989,46.22564],[8.79855,46.22595],[8.79826,46.22623],[8.79801,46.22658],[8.79797,46.22753],[8.79786,46.22784],[8.79717,46.22857],[8.79662,46.22927],[8.7964,46.22963],[8.79617,46.23013],[8.79535,46.23111],[8.79527,46.2313],[8.79518,46.23259],[8.79518,46.23274],[8.79522,46.23289],[8.79544,46.23344],[8.79554,46.23396],[8.796,46.23486],[8.796,46.23517],[8.79584,46.23554],[8.79584,46.2359],[8.79591,46.23607],[8.79597,46.23617],[8.79652,46.23727],[8.79667,46.23748],[8.79679,46.2376],[8.79702,46.23797],[8.79709,46.23844],[8.797,46.23875],[8.79675,46.23903],[8.79653,46.23917],[8.79646,46.23921],[8.79637,46.23926],[8.79616,46.23939],[8.79596,46.23954],[8.7957,46.23996],[8.79566,46.24043],[8.79539,46.24122],[8.79492,46.24173],[8.79486,46.24183],[8.79467,46.24214],[8.79461,46.24222],[8.79446,46.24238],[8.79431,46.24249],[8.79353,46.24287],[8.79307,46.24322],[8.79276,46.24355],[8.79268,46.24367],[8.79261,46.24379],[8.79255,46.24391],[8.79241,46.24425],[8.79215,46.24452],[8.79165,46.24476],[8.79151,46.24482],[8.79126,46.24497],[8.79088,46.24522],[8.79046,46.24537],[8.78998,46.24541],[8.7875,46.24499],[8.78599,46.24448],[8.78574,46.24444],[8.78548,46.24443],[8.78522,46.24446],[8.78507,46.24449],[8.78462,46.24462],[8.78449,46.24466],[8.78323,46.2451],[8.78267,46.24534],[8.78092,46.24585],[8.78058,46.24591],[8.78052,46.24593],[8.78021,46.246],[8.77991,46.24609],[8.77972,46.24618],[8.77964,46.24621],[8.77934,46.24637],[8.77916,46.24647],[8.77903,46.24657],[8.77887,46.24672],[8.77875,46.24688],[8.77829,46.24813],[8.77778,46.24915],[8.77756,46.24975],[8.77728,46.25012],[8.77681,46.25091],[8.77668,46.25135],[8.77632,46.25189],[8.77601,46.25251],[8.77544,46.25294],[8.77511,46.25332],[8.77475,46.25405],[8.77466,46.2542],[8.77436,46.25463],[8.77431,46.25471],[8.77418,46.25495],[8.77393,46.25557],[8.7739,46.2558],[8.77385,46.25677],[8.77381,46.25694],[8.77374,46.2571],[8.77333,46.25784],[8.77297,46.25863],[8.77263,46.25899],[8.77217,46.25923],[8.77164,46.2594],[8.77114,46.2594],[8.7704,46.25922],[8.7694,46.25924],[8.76861,46.25909],[8.76724,46.25814],[8.76668,46.25767],[8.76659,46.2576],[8.76597,46.25717],[8.76578,46.25707],[8.76556,46.25698],[8.76534,46.25693],[8.76529,46.25692],[8.76497,46.25685],[8.76475,46.25678],[8.76456,46.25667],[8.76416,46.25633],[8.76395,46.25617],[8.76358,46.25596],[8.76331,46.25584],[8.76323,46.25581],[8.76298,46.25575],[8.76273,46.25572],[8.76247,46.25573],[8.7611,46.25586],[8.7601,46.25565],[8.75908,46.25531],[8.75854,46.25504],[8.75811,46.25489],[8.7579,46.25483],[8.75739,46.25474],[8.75696,46.25458],[8.75631,46.25421],[8.75606,46.25416],[8.75569,46.25411],[8.75562,46.25409],[8.75551,46.25407],[8.75512,46.25396],[8.75488,46.25387],[8.7547,46.25378],[8.75434,46.25355],[8.75413,46.25346],[8.7539,46.25341],[8.75366,46.25338],[8.75342,46.25339],[8.75265,46.25346],[8.75164,46.2535],[8.75138,46.25353],[8.75071,46.25366],[8.75051,46.25371],[8.74924,46.25411],[8.74917,46.25413],[8.74859,46.2543],[8.7483,46.25437],[8.74781,46.25437],[8.74735,46.25425],[8.74716,46.25415],[8.74695,46.25399],[8.74382,46.25107],[8.74367,46.25091],[8.74237,46.24927],[8.74225,46.24909],[8.7421,46.24872],[8.74156,46.24808],[8.74071,46.24765],[8.7404,46.24735],[8.7403,46.24714],[8.73978,46.24551],[8.7397,46.24534],[8.73866,46.24369],[8.73856,46.24349],[8.73855,46.24314],[8.73873,46.24281],[8.73892,46.24264],[8.74225,46.24022],[8.74239,46.24009],[8.74251,46.23994],[8.7426,46.23962],[8.74259,46.23945],[8.74253,46.23929],[8.74242,46.23914],[8.74154,46.2381],[8.74132,46.2379],[8.73765,46.23545],[8.73735,46.2353],[8.73482,46.23439],[8.7346,46.23429],[8.7344,46.23417],[8.73351,46.23352],[8.73344,46.23347],[8.73322,46.23329],[8.73305,46.23312],[8.73289,46.2328],[8.73291,46.23247],[8.73312,46.23211],[8.73317,46.23174],[8.73299,46.23138]]]},"properties":{"bfs_nr":5324,"name":"Avegno Gordevio"}},{"type":"Feature","geometry":{"type":"Polygon","coordinates":[[[8.7976,46.01134],[8.79782,46.01092],[8.79816,46.01069],[8.79924,46.01037],[8.79965,46.01035],[8.80004,46.01029],[8.80059,46.01024],[8.80076,46.01024],[8.80102,46.01023],[8.80133,46.01019],[8.8015,46.01017],[8.80184,46.01013],[8.80272,46.01009],[8.80305,46.01008],[8.80318,46.01007],[8.80377,46.01],[8.80385,46.00999],[8.80409,46.00996],[8.80436,46.00989],[8.8045,46.00985],[8.8047,46.0098],[8.80513,46.00974],[8.80542,46.00972],[8.80592,46.00971],[8.80669,46.00955],[8.80737,46.00952],[8.80771,46.00942],[8.80808,46.00926],[8.8083,46.00918],[8.80913,46.00897],[8.80965,46.0088],[8.81019,46.00873],[8.81033,46.00871],[8.81039,46.0087],[8.81059,46.00866],[8.81157,46.00843],[8.81281,46.00829],[8.81366,46.00801],[8.81408,46.0079],[8.81422,46.00786],[8.81455,46.00775],[8.81585,46.0072],[8.81621,46.00701],[8.81687,46.0065],[8.81695,46.00642],[8.81713,46.00625],[8.81735,46.00608],[8.81756,46.00597],[8.81785,46.00587],[8.81852,46.0057],[8.81903,46.00547],[8.8195,46.00539],[8.82,46.00542],[8.82069,46.00557],[8.82164,46.00573],[8.82217,46.00595],[8.82247,46.00603],[8.82278,46.00615],[8.82296,46.00623],[8.82299,46.00624],[8.82301,46.00626],[8.8235,46.0065],[8.8236,46.00654],[8.82361,46.00655],[8.82373,46.0066],[8.82384,46.00665],[8.82413,46.00682],[8.82425,46.0069],[8.82443,46.00704],[8.82528,46.00784],[8.82557,46.00814],[8.82585,46.00853],[8.82592,46.00862],[8.82601,46.00878],[8.82611,46.009],[8.82642,46.00929],[8.82687,46.00947],[8.82735,46.00955],[8.82787,46.00951],[8.82843,46.00935],[8.82896,46.00935],[8.82962,46.00948],[8.83063,46.00936],[8.83107,46.00921],[8.8315,46.00879],[8.8316,46.00794],[8.83217,46.00738],[8.83236,46.00703],[8.83242,46.00635],[8.83228,46.006],[8.8318,46.00559],[8.83161,46.00525],[8.8316,46.00445],[8.83141,46.00416],[8.83056,46.00334],[8.83036,46.00278],[8.83017,46.00239],[8.82984,46.00205],[8.82951,46.00154],[8.82952,46.00118],[8.82972,46.00085],[8.8301,46.00061],[8.83085,46.00048],[8.83139,46.00058],[8.83217,46.00085],[8.83287,46.00118],[8.83401,46.00141],[8.83513,46.00146],[8.83576,46.00137],[8.83641,46.0012],[8.83682,46.00096],[8.83705,46.00063],[8.8371,46.00045],[8.83707,45.99989],[8.83722,45.99931],[8.83745,45.99902],[8.83783,45.9988],[8.83829,45.9987],[8.83904,45.99869],[8.83957,45.99854],[8.83989,45.99845],[8.83998,45.99844],[8.8403,45.9984],[8.84082,45.99846],[8.84127,45.99865],[8.84148,45.99883],[8.84191,45.99926],[8.84469,46.0015],[8.84551,46.00186],[8.8462,46.00228],[8.84642,46.00237],[8.84666,46.00243],[8.84691,46.00245],[8.84716,46.00245],[8.84733,46.00243],[8.84756,46.00239],[8.84797,46.00222],[8.84827,46.00196],[8.84842,46.00148],[8.84825,45.99954],[8.84824,45.99944],[8.84825,45.99898],[8.84827,45.9988],[8.84834,45.99862],[8.84971,45.99588],[8.84978,45.99569],[8.84973,45.99532],[8.84948,45.995],[8.84908,45.9947],[8.84892,45.99452],[8.84887,45.99445],[8.84849,45.99395],[8.84837,45.99376],[8.8483,45.99362],[8.84821,45.99329],[8.84822,45.99309],[8.84846,45.99254],[8.84844,45.99209],[8.84825,45.99181],[8.84819,45.99129],[8.84839,45.99096],[8.84877,45.99064],[8.84902,45.99031],[8.84936,45.99006],[8.85015,45.98968],[8.85068,45.9891],[8.85095,45.98845],[8.85125,45.98818],[8.85168,45.98802],[8.85216,45.98797],[8.85263,45.98806],[8.85399,45.98857],[8.85528,45.98896],[8.85547,45.98908],[8.85576,45.98937],[8.85586,45.98972],[8.8557,45.99044],[8.85572,45.99062],[8.8558,45.99079],[8.85592,45.99095],[8.85609,45.99109],[8.85652,45.99128],[8.85812,45.99153],[8.86358,45.99304],[8.86385,45.9931],[8.86412,45.99311],[8.86562,45.99306],[8.86595,45.99303],[8.86751,45.99287],[8.86823,45.99304],[8.86857,45.9933],[8.86876,45.99381],[8.86863,45.99415],[8.8683,45.99454],[8.8682,45.99496],[8.86784,45.99564],[8.86773,45.99648],[8.86801,45.99699],[8.86896,45.99753],[8.86957,45.99867],[8.86979,45.99941],[8.86983,46.00015],[8.86989,46.00039],[8.86994,46.00051],[8.86997,46.00067],[8.86979,46.0015],[8.87016,46.00207],[8.87082,46.00249],[8.87122,46.00289],[8.87145,46.00308],[8.8717,46.00332],[8.87183,46.00352],[8.87189,46.00368],[8.87202,46.00388],[8.87238,46.00422],[8.87257,46.00454],[8.87256,46.00489],[8.87221,46.00534],[8.87175,46.00557],[8.87142,46.00585],[8.87129,46.0062],[8.87132,46.0068],[8.87155,46.00749],[8.87156,46.00783],[8.87138,46.00814],[8.87083,46.00854],[8.87051,46.00902],[8.87051,46.00959],[8.87033,46.00991],[8.87,46.01015],[8.86923,46.01045],[8.8687,46.01058],[8.86787,46.01087],[8.8675,46.01107],[8.86677,46.01169],[8.86587,46.01196],[8.86563,46.01207],[8.86543,46.01221],[8.86466,46.0129],[8.86446,46.01332],[8.86394,46.0137],[8.86337,46.01387],[8.86299,46.01408],[8.86274,46.01437],[8.86266,46.0147],[8.86278,46.01515],[8.86256,46.01583],[8.86255,46.01619],[8.86278,46.01662],[8.86312,46.01703],[8.86347,46.01725],[8.86418,46.01798],[8.86463,46.01862],[8.86522,46.01904],[8.86537,46.01938],[8.86513,46.02017],[8.86519,46.02049],[8.86542,46.02078],[8.86582,46.02106],[8.86594,46.02119],[8.86606,46.02136],[8.86626,46.02171],[8.86631,46.02189],[8.86628,46.02224],[8.86627,46.02245],[8.86631,46.0226],[8.86637,46.02273],[8.86667,46.0232],[8.86685,46.02342],[8.86712,46.02364],[8.86714,46.02366],[8.86765,46.02408],[8.86821,46.02444],[8.86864,46.02491],[8.86897,46.02571],[8.86889,46.02626],[8.86863,46.02656],[8.86796,46.02702],[8.86731,46.02732],[8.86684,46.02741],[8.86597,46.02749],[8.86552,46.02772],[8.86494,46.02819],[8.86466,46.02852],[8.86458,46.0289],[8.86471,46.03016],[8.86459,46.03105],[8.86438,46.0315],[8.8642,46.032],[8.86416,46.03235],[8.8643,46.03282],[8.86432,46.03346],[8.86421,46.03382],[8.86383,46.0342],[8.86372,46.03437],[8.86363,46.03465],[8.86353,46.03509],[8.86324,46.03542],[8.86279,46.03569],[8.86227,46.03614],[8.8615,46.03654],[8.86086,46.03673],[8.86068,46.0368],[8.86052,46.03689],[8.85976,46.03738],[8.85951,46.03751],[8.85926,46.03759],[8.85905,46.03764],[8.85874,46.03766],[8.85856,46.03767],[8.85828,46.0377],[8.858,46.03775],[8.85702,46.03811],[8.85642,46.03838],[8.85569,46.03883],[8.85518,46.0389],[8.85425,46.03869],[8.85339,46.03862],[8.85309,46.03863],[8.85297,46.03865],[8.85292,46.03865],[8.8528,46.03866],[8.8526,46.03866],[8.85236,46.03868],[8.8519,46.03881],[8.85163,46.03898],[8.85136,46.03913],[8.85113,46.03922],[8.85092,46.03928],[8.84989,46.03943],[8.84951,46.0396],[8.84889,46.04011],[8.84829,46.04036],[8.84807,46.04046],[8.8477,46.04067],[8.84736,46.04092],[8.84708,46.04112],[8.84672,46.04131],[8.84635,46.04153],[8.8455,46.04187],[8.84472,46.042],[8.84309,46.04257],[8.84203,46.04283],[8.84166,46.04296],[8.84147,46.04302],[8.84122,46.04309],[8.84118,46.0431],[8.84065,46.04323],[8.84039,46.04328],[8.8402,46.0433],[8.83995,46.04333],[8.83972,46.04335],[8.83945,46.04336],[8.83932,46.04338],[8.83902,46.04343],[8.83837,46.04353],[8.83702,46.04364],[8.83592,46.04362],[8.83547,46.04353],[8.83492,46.04316],[8.83336,46.04131],[8.83281,46.04097],[8.83233,46.04088],[8.83184,46.04092],[8.83104,46.04114],[8.83055,46.04112],[8.82993,46.04086],[8.82959,46.04038],[8.82888,46.03783],[8.82818,46.03431],[8.82811,46.03413],[8.82721,46.03239],[8.82704,46.03217],[8.82534,46.03054],[8.82144,46.0271],[8.81991,46.02571],[8.81931,46.0254],[8.8145,46.02425],[8.8118,46.02362],[8.80803,46.02256],[8.80652,46.02211],[8.80585,46.02171],[8.80524,46.02048],[8.80449,46.01924],[8.80433,46.01905],[8.79953,46.01444],[8.7976,46.0126],[8.79735,46.01222],[8.79735,46.01184],[8.7976,46.01134]]]},"properties":{"bfs_nr":5395,"name":"Lema"}},{"type":"Feature","geometry":{"type":"Polygon","coordinates":[[[8.69133,46.19273],[8.69163,46.19198],[8.69178,46.19144],[8.69196,46.19105],[8.69199,46.19097],[8.69206,46.19072],[8.69209,46.19058],[8.69211,46.19024],[8.69239,46.1892],[8.69261,46.18891],[8.69296,46.18869],[8.69354,46.1885],[8.69375,46.18838],[8.69396,46.18817],[8.69426,46.18781],[8.69437,46.18762],[8.69441,46.1874],[8.69452,46.18711],[8.69458,46.18691],[8.69466,46.18664],[8.69482,46.18626],[8.69476,46.18591],[8.69451,46.18561],[8.69408,46.18535],[8.6938,46.18506],[8.69372,46.18454],[8.69383,46.18428],[8.69388,46.18406],[8.6939,46.18382],[8.69388,46.18365],[8.69389,46.18336],[8.69401,46.1829],[8.69422,46.18262],[8.69441,46.18247],[8.69459,46.18237],[8.69508,46.18213],[8.69581,46.18169],[8.69642,46.18144],[8.69696,46.18107],[8.6971,46.18093],[8.69719,46.18077],[8.69737,46.18028],[8.69763,46.18001],[8.69802,46.17982],[8.69848,46.17974],[8.69878,46.17975],[8.70148,46.17998],[8.70222,46.18009],[8.70321,46.18006],[8.70576,46.18011],[8.70599,46.18014],[8.70618,46.1802],[8.70655,46.18026],[8.71106,46.18054],[8.71135,46.18054],[8.71229,46.18033],[8.71432,46.18029],[8.71456,46.18027],[8.7158,46.1801],[8.71601,46.18005],[8.72073,46.17878],[8.72232,46.17862],[8.72376,46.17816],[8.7244,46.17807],[8.72645,46.17805],[8.72697,46.1781],[8.72817,46.17837],[8.72841,46.17844],[8.73198,46.17961],[8.73238,46.17979],[8.7342,46.18082],[8.73441,46.18092],[8.73566,46.18138],[8.7357,46.18139],[8.7372,46.18191],[8.73735,46.18195],[8.73863,46.18226],[8.73886,46.1823],[8.7391,46.18231],[8.73933,46.18229],[8.73977,46.18216],[8.73995,46.18205],[8.74011,46.18193],[8.74126,46.1808],[8.74148,46.18062],[8.74196,46.18043],[8.74229,46.18038],[8.74319,46.18032],[8.7434,46.18031],[8.74474,46.18032],[8.74672,46.18031],[8.74673,46.18031],[8.74844,46.18029],[8.74864,46.18028],[8.74884,46.18024],[8.74937,46.18011],[8.7497,46.18006],[8.75003,46.18006],[8.7524,46.18019],[8.75257,46.1802],[8.75541,46.18011],[8.75551,46.18011],[8.75583,46.18012],[8.7563,46.18024],[8.75667,46.18048],[8.75688,46.18079],[8.75684,46.18131],[8.75657,46.18161],[8.7556,46.18213],[8.75482,46.18282],[8.75302,46.18426],[8.75282,46.1844],[8.75227,46.18464],[8.75195,46.18492],[8.75181,46.18526],[8.75187,46.18561],[8.75198,46.18577],[8.75231,46.18604],[8.75277,46.1862],[8.75322,46.18625],[8.754,46.18647],[8.75477,46.18653],[8.75542,46.18673],[8.75601,46.18706],[8.75632,46.18731],[8.75647,46.18762],[8.75644,46.18806],[8.75632,46.18833],[8.7562,46.18873],[8.75576,46.18926],[8.75566,46.18963],[8.75587,46.19022],[8.75582,46.1908],[8.75582,46.19098],[8.75585,46.19161],[8.75583,46.19179],[8.75578,46.19196],[8.75577,46.192],[8.7556,46.19227],[8.75553,46.19237],[8.75524,46.19264],[8.75518,46.19269],[8.75494,46.19284],[8.75446,46.19298],[8.75313,46.19307],[8.75272,46.19325],[8.75256,46.19338],[8.75236,46.19368],[8.75232,46.19385],[8.75233,46.19402],[8.75244,46.19469],[8.75244,46.19499],[8.75242,46.19513],[8.7523,46.19549],[8.75228,46.19552],[8.7521,46.19576],[8.75156,46.19635],[8.75138,46.19651],[8.751,46.1967],[8.75055,46.19679],[8.75026,46.19679],[8.74982,46.19676],[8.74956,46.19673],[8.74911,46.19666],[8.74852,46.19662],[8.74807,46.19669],[8.74767,46.19687],[8.74649,46.19745],[8.74637,46.19752],[8.74583,46.19787],[8.7454,46.1982],[8.74489,46.19856],[8.74452,46.19877],[8.74402,46.19898],[8.74378,46.19911],[8.74362,46.19922],[8.74343,46.19934],[8.74282,46.19966],[8.7421,46.20008],[8.7419,46.20023],[8.74176,46.20037],[8.74171,46.20041],[8.74159,46.20054],[8.74145,46.20074],[8.74124,46.20111],[8.74114,46.20135],[8.74106,46.20172],[8.74105,46.20189],[8.74107,46.2022],[8.7411,46.20233],[8.74115,46.20246],[8.74177,46.20367],[8.74185,46.20388],[8.74183,46.20422],[8.74146,46.20466],[8.74105,46.20484],[8.74045,46.20493],[8.73964,46.20482],[8.73904,46.2048],[8.73824,46.20466],[8.73713,46.20458],[8.73664,46.2046],[8.73619,46.20473],[8.73578,46.205],[8.7351,46.20521],[8.73382,46.20529],[8.73293,46.2053],[8.73222,46.20512],[8.73148,46.20479],[8.73063,46.20463],[8.72987,46.20428],[8.72905,46.20413],[8.72855,46.20415],[8.72815,46.20422],[8.72813,46.20423],[8.72729,46.20439],[8.72702,46.20442],[8.72675,46.20442],[8.7265,46.2044],[8.72641,46.20439],[8.72615,46.20433],[8.72542,46.20412],[8.7248,46.20402],[8.72453,46.204],[8.72432,46.204],[8.72406,46.20401],[8.72382,46.20406],[8.72376,46.20407],[8.72364,46.20411],[8.72331,46.20423],[8.72298,46.20432],[8.72102,46.20448],[8.71986,46.20476],[8.71953,46.20485],[8.71919,46.20491],[8.71897,46.20494],[8.71869,46.20497],[8.7176,46.20477],[8.7169,46.20467],[8.71592,46.20447],[8.71552,46.20435],[8.71525,46.20432],[8.71498,46.20433],[8.71452,46.20438],[8.71362,46.20457],[8.71211,46.20472],[8.71136,46.20495],[8.7111,46.20501],[8.71075,46.20504],[8.70998,46.20503],[8.70997,46.20503],[8.70964,46.20503],[8.70945,46.20505],[8.7087,46.20519],[8.70819,46.20525],[8.70734,46.20527],[8.70687,46.20516],[8.7065,46.20494],[8.70627,46.20463],[8.70616,46.20399],[8.706,46.20362],[8.70409,46.20129],[8.7039,46.20112],[8.70192,46.19967],[8.70151,46.19947],[8.70081,46.19926],[8.70056,46.1992],[8.7003,46.19918],[8.69942,46.19917],[8.69829,46.19912],[8.69796,46.19909],[8.6975,46.19893],[8.69696,46.19837],[8.69682,46.19826],[8.69666,46.19816],[8.69652,46.19808],[8.69634,46.198],[8.69602,46.19784],[8.6958,46.19775],[8.69537,46.19758],[8.69512,46.1975],[8.69475,46.19743],[8.69431,46.19724],[8.69385,46.19689],[8.69364,46.19679],[8.6928,46.19656],[8.69243,46.1963],[8.69225,46.19596],[8.69217,46.19518],[8.69204,46.19486],[8.69163,46.19446],[8.69147,46.19412],[8.69147,46.19355],[8.69133,46.19327],[8.69133,46.19273]]]},"properties":{"bfs_nr":5396,"name":"Terre di Pedemonte"}},{"type":"Feature","geometry":{"type":"Polygon","coordinates":[[[8.57235,46.18301],[8.57119,46.18006],[8.57118,46.18004],[8.56995,46.17714],[8.56991,46.17665],[8.57208,46.16711],[8.57243,46.16644],[8.57291,46.16533],[8.5735,46.16458],[8.57384,46.16435],[8.57431,46.1642],[8.57509,46.16371],[8.57615,46.16327],[8.57662,46.16271],[8.57702,46.16241],[8.57769,46.16213],[8.57844,46.16172],[8.57894,46.16166],[8.57944,46.16174],[8.58017,46.16213],[8.58125,46.16232],[8.58186,46.16255],[8.58339,46.16268],[8.58403,46.16276],[8.58456,46.16272],[8.5857,46.16232],[8.587,46.1617],[8.5876,46.1613],[8.5878,46.16095],[8.58765,46.16026],[8.58768,46.15991],[8.5879,46.15959],[8.58853,46.15921],[8.58879,46.15892],[8.58888,46.1586],[8.58871,46.15786],[8.58877,46.15751],[8.58902,46.1572],[8.58942,46.15699],[8.59036,46.15678],[8.59146,46.15665],[8.59225,46.15634],[8.5927,46.15624],[8.59356,46.15624],[8.59405,46.15612],[8.59447,46.15591],[8.59495,46.15579],[8.59634,46.15581],[8.59725,46.15572],[8.59996,46.15574],[8.60099,46.15554],[8.60241,46.15541],[8.60286,46.15523],[8.60317,46.15495],[8.60329,46.1546],[8.60321,46.15423],[8.60294,46.15392],[8.60252,46.15371],[8.60202,46.15364],[8.6011,46.15366],[8.60062,46.15352],[8.60014,46.15309],[8.60007,46.15268],[8.60019,46.15195],[8.60004,46.15145],[8.59996,46.15062],[8.60004,46.15003],[8.59992,46.1497],[8.59942,46.14932],[8.5982,46.14887],[8.59733,46.14879],[8.59687,46.14863],[8.59653,46.14836],[8.59631,46.14804],[8.59595,46.14775],[8.59544,46.14759],[8.59492,46.14753],[8.59447,46.14737],[8.59406,46.14705],[8.59367,46.14641],[8.59321,46.146],[8.59305,46.14548],[8.59317,46.14484],[8.59334,46.14437],[8.59332,46.14382],[8.59363,46.14333],[8.59406,46.14311],[8.59531,46.1428],[8.59567,46.14266],[8.59619,46.14227],[8.59671,46.14175],[8.59729,46.14106],[8.59787,46.14072],[8.59842,46.14029],[8.59932,46.13986],[8.60014,46.13963],[8.60096,46.13926],[8.60258,46.13812],[8.60277,46.13745],[8.60315,46.13669],[8.60352,46.13623],[8.60385,46.13601],[8.60472,46.13525],[8.60545,46.13488],[8.60686,46.13439],[8.60797,46.1335],[8.60956,46.13287],[8.60994,46.13256],[8.61025,46.13215],[8.6104,46.13178],[8.61045,46.13097],[8.61054,46.13051],[8.61033,46.12967],[8.61044,46.12854],[8.61033,46.12817],[8.60987,46.12764],[8.6097,46.12729],[8.6097,46.12697],[8.60996,46.12632],[8.61039,46.12584],[8.61074,46.1256],[8.61098,46.12527],[8.61124,46.12437],[8.61186,46.12378],[8.61205,46.12348],[8.61209,46.12314],[8.61234,46.12229],[8.61256,46.12199],[8.61314,46.1217],[8.61367,46.12164],[8.61474,46.12171],[8.6159,46.12187],[8.61713,46.12182],[8.61912,46.12152],[8.6199,46.12153],[8.62054,46.12169],[8.62107,46.12195],[8.62183,46.12207],[8.6228,46.12208],[8.62353,46.12217],[8.62423,46.12208],[8.62474,46.12216],[8.62525,46.1224],[8.62579,46.12257],[8.62682,46.12274],[8.6278,46.12274],[8.62872,46.12243],[8.62927,46.12234],[8.62983,46.12236],[8.63109,46.12227],[8.63176,46.12239],[8.63302,46.12254],[8.63426,46.12241],[8.63479,46.12249],[8.63594,46.12251],[8.63668,46.12263],[8.63727,46.12262],[8.63905,46.12268],[8.63989,46.12265],[8.64019,46.1227],[8.64108,46.12307],[8.64191,46.12327],[8.64274,46.12324],[8.64369,46.12331],[8.64447,46.12356],[8.64507,46.12367],[8.64586,46.12372],[8.64665,46.12358],[8.648,46.12341],[8.64851,46.12344],[8.65524,46.1247],[8.65574,46.12487],[8.65607,46.12512],[8.6562,46.12532],[8.66024,46.13306],[8.66033,46.13319],[8.66248,46.13591],[8.66262,46.13605],[8.66278,46.13617],[8.6632,46.13633],[8.66343,46.13637],[8.66697,46.13672],[8.66728,46.13678],[8.66772,46.13696],[8.66802,46.13725],[8.66814,46.1376],[8.66811,46.13783],[8.66694,46.14227],[8.66691,46.14245],[8.66703,46.1428],[8.66717,46.14299],[8.66747,46.1433],[8.66765,46.1436],[8.66767,46.14364],[8.66774,46.14391],[8.66775,46.14409],[8.66776,46.14417],[8.66776,46.14468],[8.66773,46.14514],[8.66775,46.14532],[8.66781,46.14548],[8.66792,46.14564],[8.66804,46.14578],[8.66816,46.1459],[8.66852,46.14619],[8.66871,46.14632],[8.66957,46.14667],[8.6708,46.14783],[8.67131,46.14846],[8.67144,46.14873],[8.67153,46.14896],[8.67163,46.14936],[8.67173,46.14953],[8.67206,46.1498],[8.67227,46.1499],[8.67251,46.14996],[8.67276,46.14999],[8.67302,46.14999],[8.67956,46.14943],[8.67988,46.14942],[8.68037,46.14952],[8.68143,46.15008],[8.68163,46.15017],[8.68185,46.15023],[8.68288,46.15045],[8.68313,46.15049],[8.68389,46.15038],[8.68578,46.14968],[8.68808,46.14916],[8.68873,46.14911],[8.69185,46.14932],[8.69214,46.14932],[8.69242,46.14927],[8.69268,46.14918],[8.69431,46.14845],[8.69484,46.1483],[8.69535,46.14831],[8.69581,46.14846],[8.69616,46.14872],[8.69656,46.14923],[8.6969,46.14944],[8.69798,46.14976],[8.70107,46.15146],[8.70258,46.15213],[8.70286,46.15222],[8.7076,46.1533],[8.70791,46.15339],[8.71072,46.15444],[8.71202,46.15486],[8.71428,46.15586],[8.71481,46.15628],[8.71493,46.15662],[8.71484,46.15696],[8.7147,46.15716],[8.71305,46.15899],[8.71288,46.1593],[8.71286,46.15947],[8.71288,46.15963],[8.71295,46.1598],[8.71306,46.15994],[8.71438,46.1614],[8.71438,46.16141],[8.71481,46.16187],[8.71497,46.16208],[8.71566,46.16323],[8.71566,46.16324],[8.71688,46.16533],[8.71702,46.16551],[8.71734,46.16582],[8.71759,46.16616],[8.71782,46.16662],[8.71784,46.1668],[8.71782,46.16698],[8.71773,46.16715],[8.71737,46.16758],[8.71729,46.16776],[8.71726,46.16794],[8.71729,46.16813],[8.71737,46.1683],[8.71751,46.16846],[8.71797,46.16878],[8.71813,46.16895],[8.71828,46.16926],[8.71826,46.1696],[8.71797,46.17013],[8.71771,46.17072],[8.71766,46.17089],[8.71772,46.17125],[8.71813,46.17175],[8.71871,46.17212],[8.71904,46.17258],[8.71963,46.17324],[8.71969,46.17341],[8.71973,46.1736],[8.71979,46.17409],[8.71977,46.17429],[8.71964,46.17467],[8.71953,46.17569],[8.71967,46.176],[8.72013,46.17641],[8.72031,46.1768],[8.72034,46.17732],[8.72071,46.17799],[8.72071,46.17834],[8.72051,46.17867],[8.72014,46.17891],[8.71985,46.17902],[8.71606,46.18004],[8.71574,46.1801],[8.71461,46.18026],[8.71426,46.18029],[8.71229,46.18033],[8.71135,46.18053],[8.71098,46.18054],[8.70664,46.18026],[8.70634,46.18022],[8.70612,46.18016],[8.70584,46.18011],[8.70318,46.18006],[8.70222,46.18008],[8.70154,46.17998],[8.69872,46.17974],[8.69848,46.17974],[8.69825,46.17976],[8.69802,46.17981],[8.69781,46.1799],[8.69763,46.18],[8.69747,46.18013],[8.69736,46.18028],[8.69711,46.18087],[8.69698,46.18103],[8.69641,46.18142],[8.69559,46.18173],[8.69523,46.18203],[8.69456,46.18239],[8.69445,46.18245],[8.69437,46.1825],[8.69421,46.18262],[8.69409,46.18275],[8.694,46.1829],[8.69395,46.18305],[8.69388,46.18341],[8.69388,46.1836],[8.69389,46.18385],[8.69388,46.18402],[8.69385,46.18421],[8.69376,46.1844],[8.69363,46.18466],[8.69362,46.18502],[8.69383,46.18536],[8.69438,46.18573],[8.69463,46.18603],[8.6947,46.18637],[8.69459,46.18671],[8.69455,46.187],[8.69443,46.18728],[8.69429,46.18775],[8.69402,46.1881],[8.69383,46.18828],[8.69342,46.18849],[8.69271,46.18858],[8.69094,46.18902],[8.69067,46.189],[8.69034,46.18894],[8.68971,46.18876],[8.68873,46.18866],[8.68673,46.18859],[8.68637,46.18855],[8.68538,46.18823],[8.68486,46.18819],[8.68389,46.1883],[8.68169,46.18812],[8.67797,46.18803],[8.6733,46.18777],[8.6732,46.18776],[8.67024,46.18749],[8.66654,46.18725],[8.66522,46.18717],[8.66517,46.18717],[8.66263,46.18697],[8.66258,46.18696],[8.66057,46.18677],[8.65946,46.1867],[8.65706,46.18617],[8.655,46.18578],[8.65428,46.18565],[8.65398,46.18554],[8.65147,46.18431],[8.65079,46.18414],[8.64829,46.18405],[8.64803,46.18403],[8.64778,46.18397],[8.64503,46.18322],[8.64482,46.18317],[8.64459,46.18316],[8.64429,46.18315],[8.64399,46.1831],[8.63828,46.18179],[8.63795,46.18174],[8.62698,46.18126],[8.62633,46.18135],[8.62446,46.18199],[8.62415,46.18207],[8.62384,46.1821],[8.62048,46.18224],[8.62012,46.18222],[8.61977,46.18215],[8.61722,46.18142],[8.61696,46.18136],[8.60853,46.18027],[8.60848,46.18027],[8.60289,46.17943],[8.60237,46.17943],[8.60189,46.17957],[8.60152,46.17982],[8.60133,46.18013],[8.60116,46.18031],[8.59866,46.18254],[8.59845,46.18269],[8.59805,46.18286],[8.59759,46.18291],[8.59735,46.1829],[8.59707,46.18284],[8.59559,46.18243],[8.59533,46.18238],[8.59479,46.1824],[8.59431,46.18257],[8.59396,46.18286],[8.59309,46.18403],[8.59278,46.18487],[8.59257,46.18523],[8.59221,46.18547],[8.59175,46.1856],[8.59143,46.18562],[8.58972,46.18561],[8.58942,46.18559],[8.58918,46.18554],[8.58877,46.18536],[8.58857,46.18519],[8.58693,46.18355],[8.58637,46.18323],[8.58565,46.18318],[8.58241,46.18355],[8.58216,46.18359],[8.58173,46.18378],[8.58156,46.18391],[8.58135,46.18424],[8.58078,46.18601],[8.58068,46.18621],[8.5804,46.18649],[8.58,46.18668],[8.57977,46.18673],[8.57946,46.18675],[8.57329,46.18683],[8.57301,46.18682],[8.57258,46.18672],[8.57235,46.18661],[8.57106,46.18587],[8.57084,46.18572],[8.57055,46.18524],[8.5706,46.18489],[8.57084,46.18458],[8.57106,46.18442],[8.57192,46.18394],[8.57209,46.18382],[8.57223,46.18368],[8.57233,46.18352],[8.57238,46.18335],[8.57239,46.18318],[8.57235,46.18301]]]},"properties":{"bfs_nr":5397,"name":"Centovalli"}},{"type":"Feature","geometry":{"type":"Polygon","coordinates":[[[8.74389,46.12286],[8.74332,46.12263],[8.74299,46.12236],[8.74284,46.12202],[8.74301,46.12146],[8.75608,46.10474],[8.75677,46.10372],[8.75724,46.10332],[8.75822,46.10298],[8.75873,46.10245],[8.75911,46.10219],[8.75982,46.10191],[8.7606,46.10151],[8.76165,46.10134],[8.7625,46.10112],[8.76431,46.10091],[8.76579,46.10054],[8.76659,46.10046],[8.76717,46.10049],[8.76782,46.10061],[8.76828,46.10056],[8.76869,46.1004],[8.76913,46.10011],[8.76957,46.09994],[8.77012,46.09958],[8.77122,46.09929],[8.77177,46.09904],[8.7735,46.0984],[8.77402,46.09808],[8.77454,46.09766],[8.77527,46.09734],[8.77572,46.09695],[8.77611,46.09675],[8.77696,46.0965],[8.7821,46.09449],[8.78293,46.09423],[8.78345,46.0942],[8.78778,46.09445],[8.7916,46.09482],[8.79182,46.09483],[8.79622,46.09474],[8.79892,46.09471],[8.79945,46.09477],[8.79985,46.09493],[8.80018,46.09523],[8.80163,46.09716],[8.80184,46.09736],[8.80443,46.09926],[8.80474,46.09956],[8.80554,46.10058],[8.80595,46.1008],[8.80646,46.1009],[8.80722,46.10077],[8.8151,46.09737],[8.81541,46.09712],[8.81579,46.09643],[8.81594,46.09576],[8.81639,46.09531],[8.81717,46.09492],[8.81755,46.09449],[8.81789,46.09426],[8.81922,46.09381],[8.82065,46.09346],[8.82109,46.09325],[8.82151,46.09263],[8.8215,46.09199],[8.82171,46.09165],[8.82229,46.09126],[8.82263,46.09075],[8.82334,46.09021],[8.8242,46.08933],[8.82485,46.08906],[8.82535,46.08904],[8.82596,46.08913],[8.8267,46.089],[8.82708,46.08876],[8.8293,46.08661],[8.83283,46.08348],[8.83366,46.08292],[8.83445,46.08253],[8.83676,46.08155],[8.83799,46.08124],[8.8391,46.08113],[8.83979,46.08101],[8.84062,46.08076],[8.84228,46.07999],[8.84283,46.07959],[8.84329,46.07911],[8.84418,46.07857],[8.84476,46.07802],[8.84518,46.07742],[8.84578,46.07689],[8.84642,46.07664],[8.84735,46.07593],[8.84814,46.07572],[8.85006,46.07564],[8.85208,46.07564],[8.85214,46.07564],[8.85412,46.07558],[8.85436,46.07556],[8.8549,46.07547],[8.85548,46.07546],[8.85596,46.07559],[8.85633,46.07585],[8.85685,46.07668],[8.8574,46.07735],[8.85814,46.07831],[8.85856,46.07895],[8.85865,46.07907],[8.86064,46.08125],[8.86072,46.08133],[8.86137,46.08189],[8.86155,46.08202],[8.86402,46.08345],[8.86491,46.08389],[8.86527,46.08439],[8.86523,46.08479],[8.86501,46.0853],[8.86499,46.08545],[8.865,46.08604],[8.86496,46.0863],[8.86459,46.08692],[8.86454,46.08709],[8.86455,46.08726],[8.86469,46.08827],[8.86468,46.0886],[8.86419,46.09091],[8.86418,46.09109],[8.86422,46.09126],[8.86454,46.09215],[8.86461,46.09229],[8.86549,46.09371],[8.8662,46.09531],[8.86622,46.09535],[8.86749,46.09785],[8.86758,46.09821],[8.86762,46.09971],[8.86759,46.09992],[8.86751,46.10013],[8.86607,46.10269],[8.86601,46.10284],[8.86598,46.10299],[8.86599,46.10314],[8.86608,46.10361],[8.86615,46.10376],[8.86627,46.10391],[8.86642,46.10403],[8.8666,46.10414],[8.86681,46.10422],[8.86706,46.10428],[8.86779,46.10441],[8.86855,46.10448],[8.86882,46.10451],[8.86918,46.10458],[8.86937,46.1046],[8.86976,46.10463],[8.86999,46.10463],[8.87028,46.10461],[8.87062,46.10462],[8.87112,46.10474],[8.87151,46.10499],[8.87179,46.1054],[8.8719,46.10564],[8.87223,46.10671],[8.87233,46.10717],[8.87238,46.10732],[8.87243,46.10741],[8.87282,46.10811],[8.87288,46.10821],[8.87299,46.10835],[8.87324,46.10864],[8.87334,46.10886],[8.87347,46.10933],[8.8737,46.11004],[8.874,46.11067],[8.87442,46.11216],[8.87455,46.11247],[8.87491,46.11294],[8.875,46.11329],[8.87511,46.11357],[8.87521,46.11377],[8.87529,46.1139],[8.87532,46.11395],[8.87561,46.11436],[8.87576,46.11465],[8.87606,46.11556],[8.87612,46.11573],[8.87618,46.11584],[8.87632,46.11603],[8.87732,46.11702],[8.87815,46.11804],[8.87881,46.11866],[8.87906,46.11902],[8.87913,46.11949],[8.87931,46.11982],[8.87971,46.12018],[8.87997,46.12037],[8.88012,46.12052],[8.88031,46.12075],[8.88073,46.12114],[8.88133,46.12203],[8.88167,46.12243],[8.88186,46.12267],[8.88205,46.12297],[8.88211,46.12312],[8.88217,46.12322],[8.88231,46.12343],[8.88244,46.12365],[8.88251,46.12375],[8.88284,46.12415],[8.8833,46.12459],[8.88377,46.12498],[8.88412,46.12545],[8.88444,46.12613],[8.88443,46.12666],[8.88457,46.12696],[8.88503,46.12735],[8.88545,46.12758],[8.88582,46.128],[8.88577,46.12872],[8.88586,46.12906],[8.88612,46.12943],[8.88618,46.12978],[8.88643,46.1302],[8.88659,46.13038],[8.88684,46.13058],[8.88749,46.13091],[8.88846,46.13105],[8.88949,46.13139],[8.89006,46.13163],[8.89066,46.13174],[8.89112,46.13192],[8.89143,46.13222],[8.89155,46.13257],[8.89135,46.1335],[8.89129,46.13414],[8.89139,46.13448],[8.89183,46.13502],[8.89197,46.13553],[8.8922,46.13582],[8.89264,46.13617],[8.89309,46.13683],[8.8932,46.1373],[8.89351,46.13792],[8.89416,46.13857],[8.89422,46.13892],[8.8941,46.13957],[8.89424,46.14014],[8.89412,46.14077],[8.89451,46.14134],[8.89471,46.14187],[8.89501,46.14219],[8.89544,46.14244],[8.89569,46.14276],[8.89573,46.14313],[8.8956,46.14346],[8.89559,46.14393],[8.89594,46.14445],[8.89626,46.14507],[8.89682,46.14549],[8.89709,46.14586],[8.89785,46.1466],[8.89822,46.14683],[8.89844,46.1469],[8.89868,46.14694],[8.90107,46.1472],[8.9013,46.14721],[8.90394,46.14716],[8.90412,46.14715],[8.90663,46.14685],[8.90697,46.14678],[8.90806,46.14642],[8.90834,46.14635],[8.91045,46.14591],[8.9136,46.14532],[8.91465,46.14505],[8.92146,46.14448],[8.92162,46.14447],[8.92608,46.14434],[8.92609,46.14434],[8.93546,46.14407],[8.93593,46.1441],[8.93858,46.14446],[8.93913,46.14462],[8.93961,46.14506],[8.93967,46.14543],[8.93961,46.14566],[8.93882,46.14748],[8.9387,46.14769],[8.93854,46.14784],[8.93783,46.14835],[8.93769,46.14867],[8.93719,46.15205],[8.93713,46.15226],[8.9369,46.15256],[8.93652,46.15278],[8.93629,46.15285],[8.93599,46.1529],[8.93495,46.15299],[8.93471,46.15303],[8.93447,46.1531],[8.93426,46.1532],[8.93409,46.15333],[8.93396,46.15348],[8.93387,46.15365],[8.93382,46.15382],[8.93368,46.15551],[8.93363,46.15572],[8.93342,46.15603],[8.93306,46.15626],[8.93254,46.15639],[8.92844,46.15689],[8.92186,46.15817],[8.92155,46.15821],[8.92107,46.15817],[8.92064,46.15801],[8.92023,46.1576],[8.92016,46.15739],[8.91983,46.15569],[8.91977,46.15552],[8.91931,46.15509],[8.91858,46.15491],[8.91789,46.15498],[8.91661,46.15484],[8.91521,46.15497],[8.91519,46.15497],[8.91467,46.15501],[8.91402,46.15507],[8.91376,46.15511],[8.91352,46.15519],[8.91314,46.15544],[8.913,46.1556],[8.91292,46.15577],[8.91289,46.15595],[8.91285,46.15656],[8.91263,46.1569],[8.91241,46.15707],[8.90889,46.1593],[8.90814,46.15955],[8.90739,46.15946],[8.90698,46.15924],[8.90684,46.15909],[8.90669,46.15874],[8.90669,46.15856],[8.9068,46.15818],[8.9068,46.15798],[8.90673,46.15778],[8.90659,46.15753],[8.90648,46.15737],[8.90633,46.15723],[8.90614,46.15711],[8.90592,46.15702],[8.90542,46.15691],[8.90511,46.15685],[8.90483,46.15681],[8.90455,46.15682],[8.90406,46.15686],[8.90398,46.15687],[8.90331,46.15697],[8.90304,46.15703],[8.90297,46.15705],[8.90288,46.15708],[8.90208,46.15738],[8.90164,46.15745],[8.90139,46.15748],[8.90134,46.15748],[8.89946,46.15761],[8.89796,46.15773],[8.8978,46.15773],[8.89752,46.15774],[8.89709,46.15772],[8.89684,46.1577],[8.89671,46.15769],[8.89657,46.15767],[8.89646,46.15766],[8.89622,46.15761],[8.89617,46.1576],[8.89454,46.15729],[8.89453,46.15729],[8.89282,46.15695],[8.8928,46.15694],[8.89123,46.15665],[8.89122,46.15665],[8.8903,46.15648],[8.88923,46.15653],[8.88891,46.1565],[8.88846,46.15643],[8.88839,46.15642],[8.88745,46.15625],[8.8874,46.15623],[8.88617,46.15598],[8.88486,46.15575],[8.88483,46.15574],[8.88362,46.15555],[8.8836,46.15555],[8.8823,46.15536],[8.87965,46.15501],[8.87949,46.15499],[8.87904,46.1549],[8.87885,46.15487],[8.87603,46.15464],[8.87421,46.15448],[8.87385,46.15442],[8.87346,46.1543],[8.8732,46.15427],[8.87087,46.15417],[8.87057,46.15414],[8.87033,46.15408],[8.86994,46.15387],[8.86968,46.15358],[8.8696,46.1532],[8.8697,46.15125],[8.86968,46.15108],[8.86962,46.15091],[8.86951,46.15075],[8.86917,46.1505],[8.86896,46.15041],[8.86872,46.15035],[8.86847,46.15032],[8.86822,46.15033],[8.86555,46.15058],[8.85945,46.15065],[8.85595,46.1507],[8.85569,46.15072],[8.84825,46.15186],[8.84811,46.15188],[8.84755,46.15194],[8.84734,46.15197],[8.84713,46.15203],[8.84695,46.15211],[8.84359,46.1539],[8.83178,46.15874],[8.83083,46.15894],[8.83008,46.15883],[8.82791,46.15805],[8.82729,46.15762],[8.8253,46.15509],[8.82481,46.15468],[8.82065,46.15221],[8.82049,46.1521],[8.81299,46.14649],[8.81275,46.14635],[8.80726,46.14383],[8.80704,46.14374],[8.80234,46.14241],[8.80187,46.14221],[8.79712,46.13923],[8.79681,46.13909],[8.78704,46.13584],[8.78665,46.13576],[8.76515,46.13383],[8.76485,46.13378],[8.75886,46.13256],[8.75859,46.13248],[8.75363,46.13088],[8.7531,46.13059],[8.74655,46.12532],[8.74632,46.1251],[8.74588,46.12456],[8.74435,46.12312],[8.74389,46.12286]]]},"properties":{"bfs_nr":5398,"name":"Gambarogno"}},{"type":"Feature","geometry":{"type":"Polygon","coordinates":[[[8.68201,46.3254],[8.68179,46.32505],[8.6818,46.32468],[8.68203,46.32435],[8.68233,46.32411],[8.68243,46.32396],[8.6825,46.32381],[8.68258,46.32355],[8.68278,46.32325],[8.68308,46.32288],[8.68468,46.3218],[8.68565,46.32155],[8.68656,46.32146],[8.68762,46.32147],[8.6881,46.32135],[8.68844,46.32114],[8.68888,46.32095],[8.68911,46.3208],[8.68953,46.32047],[8.68968,46.32032],[8.68978,46.32015],[8.68984,46.31997],[8.6901,46.3187],[8.69012,46.31855],[8.69014,46.31821],[8.69021,46.31784],[8.69031,46.31752],[8.69034,46.31734],[8.69011,46.31667],[8.69013,46.31626],[8.69031,46.31596],[8.69085,46.31563],[8.69178,46.31539],[8.69258,46.31503],[8.69265,46.31501],[8.69326,46.31479],[8.69391,46.31462],[8.69517,46.31421],[8.69565,46.31387],[8.69681,46.31336],[8.69751,46.31315],[8.69871,46.31269],[8.69975,46.31255],[8.70068,46.31222],[8.70176,46.31209],[8.70198,46.31203],[8.70218,46.31194],[8.70235,46.31184],[8.70265,46.31162],[8.70302,46.31145],[8.70346,46.31135],[8.70393,46.31133],[8.70441,46.31134],[8.70452,46.31134],[8.70458,46.31134],[8.70482,46.31132],[8.70505,46.31127],[8.70526,46.31119],[8.70544,46.31108],[8.70568,46.31093],[8.70585,46.31081],[8.70632,46.31029],[8.70781,46.30951],[8.70839,46.30938],[8.70884,46.30932],[8.7093,46.30932],[8.71083,46.30945],[8.71099,46.30945],[8.71128,46.30943],[8.71156,46.30936],[8.71187,46.30926],[8.71209,46.30922],[8.71237,46.30919],[8.71309,46.3092],[8.71325,46.3092],[8.7134,46.30918],[8.71343,46.30918],[8.71462,46.30907],[8.71495,46.30907],[8.71521,46.3091],[8.71556,46.30911],[8.71565,46.30911],[8.71588,46.30908],[8.7161,46.30902],[8.71709,46.30844],[8.71732,46.30835],[8.71776,46.30822],[8.71795,46.30815],[8.71857,46.30783],[8.71913,46.30771],[8.72002,46.30745],[8.72055,46.30712],[8.72108,46.30684],[8.72212,46.30655],[8.72276,46.30631],[8.72348,46.30622],[8.72369,46.30616],[8.72388,46.30608],[8.72405,46.30598],[8.72443,46.3057],[8.72446,46.30568],[8.72481,46.30542],[8.72489,46.30536],[8.72534,46.30505],[8.72569,46.30477],[8.7262,46.30452],[8.72668,46.30418],[8.72708,46.30396],[8.72742,46.30386],[8.72836,46.30376],[8.72942,46.30335],[8.72971,46.30327],[8.72996,46.30318],[8.73022,46.30308],[8.73073,46.30281],[8.73131,46.30263],[8.73261,46.302],[8.73291,46.30173],[8.73306,46.30141],[8.73303,46.30098],[8.73311,46.30064],[8.73307,46.30029],[8.73274,46.29956],[8.73285,46.29921],[8.73319,46.29888],[8.73414,46.29831],[8.73447,46.29803],[8.73483,46.29734],[8.73558,46.29677],[8.73579,46.29645],[8.73587,46.2956],[8.73596,46.29542],[8.7361,46.29525],[8.73628,46.29512],[8.73671,46.29488],[8.73709,46.29451],[8.73729,46.29439],[8.73774,46.29422],[8.73815,46.29408],[8.73836,46.29396],[8.73878,46.29367],[8.73897,46.2935],[8.73913,46.29332],[8.73929,46.2932],[8.73952,46.29307],[8.73974,46.29295],[8.73995,46.29281],[8.74014,46.29271],[8.74036,46.29265],[8.74065,46.2926],[8.74117,46.29257],[8.74144,46.29249],[8.74168,46.29238],[8.74183,46.29229],[8.74212,46.29214],[8.74237,46.29203],[8.74275,46.2919],[8.74297,46.29184],[8.74318,46.29179],[8.74336,46.29174],[8.74416,46.29135],[8.74456,46.2912],[8.74464,46.29116],[8.74538,46.29082],[8.74546,46.29078],[8.74551,46.29075],[8.74576,46.29058],[8.74625,46.29013],[8.74649,46.28995],[8.74679,46.28976],[8.74723,46.28953],[8.74752,46.28942],[8.7481,46.28923],[8.74894,46.28899],[8.74961,46.2885],[8.75038,46.28826],[8.75082,46.28805],[8.75146,46.28786],[8.7517,46.28776],[8.7519,46.28766],[8.75207,46.28753],[8.75242,46.28722],[8.75243,46.28721],[8.7528,46.28689],[8.75304,46.28672],[8.75326,46.28659],[8.75344,46.28647],[8.75368,46.28617],[8.75374,46.28583],[8.75318,46.28394],[8.75325,46.28335],[8.75349,46.28291],[8.75356,46.28276],[8.75358,46.2826],[8.75358,46.2825],[8.75354,46.2821],[8.75366,46.28177],[8.75423,46.28123],[8.75451,46.28108],[8.75478,46.28092],[8.75595,46.28001],[8.75634,46.27979],[8.75723,46.27958],[8.75892,46.27935],[8.75906,46.27932],[8.75951,46.27923],[8.75977,46.27915],[8.76022,46.27896],[8.76049,46.27882],[8.76063,46.27872],[8.7609,46.27859],[8.76165,46.27832],[8.76217,46.27826],[8.76243,46.27829],[8.76299,46.27845],[8.76355,46.27849],[8.76464,46.27839],[8.76509,46.27827],[8.76546,46.27805],[8.76559,46.27791],[8.7658,46.27761],[8.76593,46.27746],[8.76601,46.27736],[8.76635,46.27689],[8.76653,46.27674],[8.76755,46.27601],[8.76759,46.27598],[8.76801,46.27565],[8.76806,46.27562],[8.76852,46.27521],[8.76897,46.27475],[8.76938,46.27444],[8.76953,46.27429],[8.77001,46.27373],[8.77013,46.27355],[8.77042,46.2729],[8.7718,46.27135],[8.77197,46.27119],[8.773,46.27035],[8.77434,46.26937],[8.77471,46.26875],[8.77529,46.26832],[8.77543,46.26816],[8.77551,46.26799],[8.77555,46.26781],[8.77553,46.26762],[8.77545,46.26745],[8.77522,46.26717],[8.77512,46.26702],[8.77476,46.26636],[8.7747,46.2662],[8.77466,46.26603],[8.77463,46.26567],[8.77463,46.2656],[8.77461,46.26404],[8.77464,46.26382],[8.77473,46.26361],[8.77494,46.26325],[8.77504,46.26293],[8.77502,46.26276],[8.77494,46.26246],[8.77492,46.26238],[8.77476,46.26199],[8.7747,46.26186],[8.77431,46.26134],[8.77332,46.26009],[8.77288,46.25912],[8.77289,46.2588],[8.77319,46.25828],[8.77338,46.25775],[8.77376,46.25706],[8.77382,46.25694],[8.77385,46.25681],[8.77386,46.2567],[8.77386,46.25665],[8.77391,46.25572],[8.77401,46.25546],[8.77421,46.2549],[8.7743,46.25473],[8.77437,46.25461],[8.77468,46.25417],[8.77473,46.25408],[8.77509,46.25337],[8.77549,46.2529],[8.77604,46.25251],[8.77625,46.25222],[8.7764,46.25178],[8.77667,46.25143],[8.77676,46.25113],[8.77725,46.25023],[8.77747,46.24996],[8.77767,46.24957],[8.77778,46.24915],[8.77831,46.24811],[8.77879,46.24686],[8.7789,46.2467],[8.7791,46.24652],[8.77984,46.24612],[8.78029,46.24598],[8.78099,46.24584],[8.78271,46.24534],[8.78331,46.24508],[8.78446,46.24467],[8.78465,46.24461],[8.78502,46.24451],[8.7853,46.24445],[8.78554,46.24443],[8.78578,46.24445],[8.78601,46.24449],[8.78647,46.24467],[8.78756,46.24501],[8.78998,46.24541],[8.79046,46.24538],[8.79089,46.24522],[8.7913,46.24494],[8.79145,46.24486],[8.79194,46.24465],[8.79216,46.24452],[8.79246,46.2442],[8.79254,46.24394],[8.79261,46.24379],[8.79274,46.24362],[8.79319,46.24317],[8.79366,46.24281],[8.7943,46.2425],[8.79446,46.24238],[8.79458,46.24226],[8.79471,46.2421],[8.79492,46.24174],[8.79538,46.24125],[8.79577,46.24027],[8.79594,46.23961],[8.79607,46.23947],[8.79627,46.23932],[8.79635,46.23927],[8.79648,46.23919],[8.79666,46.2391],[8.79685,46.23897],[8.79711,46.23865],[8.79709,46.23798],[8.79683,46.23763],[8.79677,46.23756],[8.79661,46.23739],[8.79649,46.23721],[8.79595,46.23615],[8.79586,46.23593],[8.79585,46.23561],[8.79601,46.23526],[8.79602,46.2349],[8.79554,46.23396],[8.79546,46.23349],[8.79523,46.23293],[8.79518,46.23274],[8.79518,46.23255],[8.79528,46.2313],[8.79536,46.23111],[8.79618,46.23013],[8.7966,46.22931],[8.7972,46.22855],[8.79791,46.22786],[8.7987,46.22761],[8.80208,46.22729],[8.80258,46.2273],[8.80415,46.22765],[8.80439,46.22766],[8.80464,46.22764],[8.80609,46.22742],[8.8066,46.2274],[8.80773,46.22768],[8.80851,46.22803],[8.80874,46.22815],[8.80889,46.22827],[8.80904,46.22843],[8.80915,46.22863],[8.80919,46.2288],[8.8092,46.22923],[8.80939,46.22957],[8.80956,46.22971],[8.80976,46.22983],[8.80999,46.22991],[8.81024,46.22996],[8.81512,46.2306],[8.81536,46.23061],[8.81649,46.23062],[8.81676,46.2306],[8.81949,46.2302],[8.81981,46.23012],[8.82106,46.22968],[8.82131,46.22957],[8.82387,46.22809],[8.82546,46.22732],[8.82574,46.22721],[8.82803,46.22647],[8.83183,46.22547],[8.83327,46.22519],[8.83372,46.22514],[8.83751,46.22503],[8.83784,46.22499],[8.83994,46.22454],[8.84012,46.2245],[8.84098,46.22421],[8.84186,46.22387],[8.84279,46.2236],[8.84288,46.22357],[8.84385,46.22322],[8.84482,46.22281],[8.84519,46.22275],[8.84659,46.22263],[8.84755,46.22248],[8.84841,46.2224],[8.84941,46.22222],[8.85045,46.22226],[8.85112,46.22215],[8.85164,46.22218],[8.8521,46.22234],[8.85261,46.22269],[8.85306,46.22282],[8.85354,46.22284],[8.8542,46.22262],[8.8548,46.22215],[8.85516,46.22174],[8.85542,46.22154],[8.85573,46.22136],[8.85593,46.22121],[8.85654,46.22062],[8.85667,46.22046],[8.85677,46.21993],[8.85649,46.2194],[8.85644,46.2188],[8.85672,46.21838],[8.85735,46.2178],[8.85777,46.21667],[8.85783,46.21632],[8.85783,46.21611],[8.85779,46.21585],[8.85774,46.21569],[8.85728,46.21503],[8.85713,46.21477],[8.85709,46.21465],[8.85702,46.21431],[8.85701,46.21406],[8.85693,46.21366],[8.8569,46.21353],[8.85686,46.21344],[8.85685,46.21341],[8.85674,46.21318],[8.85669,46.21304],[8.85667,46.21296],[8.85636,46.21244],[8.85618,46.21149],[8.856,46.21119],[8.85564,46.21086],[8.85546,46.21042],[8.85544,46.20977],[8.85507,46.20936],[8.85448,46.20898],[8.85426,46.20869],[8.8542,46.20836],[8.85436,46.20784],[8.85439,46.2076],[8.85466,46.2071],[8.85502,46.20667],[8.85514,46.20635],[8.8551,46.2056],[8.85524,46.20526],[8.85589,46.20467],[8.85601,46.20455],[8.85634,46.20415],[8.85654,46.20395],[8.85698,46.20373],[8.85754,46.20363],[8.85848,46.20335],[8.85904,46.20327],[8.85923,46.20323],[8.85955,46.20313],[8.8598,46.20302],[8.86013,46.20292],[8.86053,46.20288],[8.86111,46.20276],[8.86188,46.20252],[8.8634,46.20231],[8.86486,46.20207],[8.86579,46.20168],[8.86624,46.20161],[8.86678,46.20153],[8.86685,46.20152],[8.86738,46.20141],[8.86765,46.20134],[8.86773,46.2013],[8.86791,46.20122],[8.86807,46.20112],[8.86883,46.20044],[8.86977,46.20001],[8.87006,46.19991],[8.87044,46.19981],[8.87077,46.19976],[8.87145,46.19952],[8.87194,46.19946],[8.87261,46.19952],[8.87306,46.19945],[8.87493,46.19865],[8.87555,46.19842],[8.87584,46.19829],[8.8773,46.19746],[8.878,46.19724],[8.87848,46.19726],[8.88004,46.19773],[8.8805,46.19796],[8.88076,46.19825],[8.88083,46.19842],[8.88085,46.19862],[8.88078,46.19909],[8.88082,46.19942],[8.88118,46.20021],[8.88148,46.20072],[8.88152,46.20108],[8.88115,46.2019],[8.88112,46.20207],[8.88113,46.20223],[8.88119,46.2024],[8.88131,46.20263],[8.88138,46.20274],[8.88201,46.2036],[8.88214,46.20374],[8.88292,46.20444],[8.88312,46.20459],[8.88337,46.2047],[8.88429,46.20505],[8.88476,46.2054],[8.88515,46.20557],[8.88591,46.20574],[8.88727,46.20627],[8.88758,46.20635],[8.88841,46.2065],[8.88863,46.20653],[8.88891,46.20652],[8.88971,46.20637],[8.89063,46.20637],[8.89159,46.20628],[8.89185,46.20623],[8.89209,46.20615],[8.89273,46.20588],[8.89336,46.20552],[8.89428,46.20533],[8.89537,46.20535],[8.8959,46.20542],[8.89646,46.20564],[8.89677,46.20574],[8.89752,46.20593],[8.89789,46.20612],[8.89822,46.20641],[8.8989,46.20669],[8.89989,46.20673],[8.90215,46.20732],[8.90371,46.20752],[8.90438,46.20755],[8.90463,46.20754],[8.90492,46.20752],[8.90522,46.20751],[8.90568,46.20759],[8.90606,46.20777],[8.90645,46.2081],[8.9069,46.2083],[8.90747,46.2084],[8.90789,46.20852],[8.90811,46.20859],[8.9083,46.20869],[8.90866,46.20889],[8.90879,46.20895],[8.91004,46.20949],[8.91028,46.20957],[8.91054,46.20962],[8.91104,46.20961],[8.91196,46.20939],[8.91308,46.20935],[8.91374,46.20956],[8.91406,46.20975],[8.91465,46.21005],[8.91523,46.21044],[8.91544,46.21055],[8.91646,46.21101],[8.91732,46.21151],[8.91807,46.21165],[8.9193,46.21151],[8.91967,46.2115],[8.92107,46.21155],[8.92166,46.21166],[8.92208,46.2119],[8.9225,46.2124],[8.92257,46.21255],[8.9226,46.21294],[8.92265,46.21309],[8.92273,46.21324],[8.92315,46.21386],[8.92322,46.21452],[8.92331,46.21488],[8.92333,46.21506],[8.92332,46.21521],[8.92324,46.21543],[8.9232,46.21562],[8.92322,46.21581],[8.92325,46.21593],[8.92333,46.21611],[8.92363,46.21651],[8.9238,46.21714],[8.92414,46.21781],[8.92423,46.21827],[8.92434,46.21846],[8.92449,46.21865],[8.9251,46.21927],[8.9258,46.22057],[8.92643,46.22207],[8.92663,46.22291],[8.92665,46.22299],[8.92703,46.22402],[8.92716,46.22474],[8.9273,46.22507],[8.92772,46.22568],[8.92785,46.22633],[8.92818,46.22692],[8.92873,46.22749],[8.92889,46.22798],[8.92912,46.2283],[8.92947,46.22905],[8.92954,46.2296],[8.93065,46.23229],[8.93106,46.23316],[8.93104,46.23349],[8.93065,46.23396],[8.92914,46.23502],[8.92859,46.23527],[8.92801,46.23533],[8.92714,46.23523],[8.92572,46.23537],[8.92477,46.23539],[8.92455,46.23542],[8.92342,46.23568],[8.92318,46.23575],[8.92194,46.23624],[8.92185,46.23628],[8.91762,46.23827],[8.91741,46.23839],[8.91725,46.23853],[8.91713,46.2387],[8.91706,46.23889],[8.91706,46.23907],[8.91709,46.23924],[8.91717,46.23939],[8.91729,46.23954],[8.91847,46.24068],[8.91936,46.24162],[8.91942,46.24169],[8.91985,46.24222],[8.92049,46.24284],[8.92079,46.24336],[8.92096,46.24352],[8.92148,46.2439],[8.92167,46.24407],[8.9218,46.24425],[8.92184,46.24431],[8.92197,46.24449],[8.92285,46.24506],[8.92314,46.24555],[8.92362,46.24628],[8.92409,46.24678],[8.92435,46.24715],[8.9245,46.24748],[8.92461,46.24804],[8.92466,46.24819],[8.92481,46.24852],[8.92487,46.24869],[8.9249,46.249],[8.92536,46.25017],[8.9254,46.25028],[8.92565,46.25076],[8.92575,46.25102],[8.92579,46.25134],[8.92577,46.25199],[8.92573,46.25221],[8.92541,46.25269],[8.9245,46.25338],[8.92405,46.25356],[8.92354,46.2536],[8.92282,46.25351],[8.92265,46.2535],[8.92243,46.2535],[8.92205,46.25354],[8.92176,46.25358],[8.92162,46.25362],[8.92141,46.25369],[8.92113,46.25376],[8.92052,46.25384],[8.92041,46.25387],[8.92021,46.25392],[8.9198,46.25407],[8.91952,46.25419],[8.9193,46.25427],[8.91888,46.2544],[8.91815,46.25458],[8.91719,46.25489],[8.9168,46.25509],[8.91617,46.25573],[8.91569,46.25611],[8.91543,46.25637],[8.91541,46.25638],[8.91504,46.25661],[8.9149,46.25668],[8.91463,46.25685],[8.91417,46.25721],[8.91354,46.2578],[8.91342,46.25798],[8.91337,46.25812],[8.91329,46.25846],[8.91327,46.25856],[8.91326,46.25889],[8.91326,46.25915],[8.91325,46.25932],[8.91302,46.26075],[8.91295,46.26097],[8.91252,46.26158],[8.91226,46.26204],[8.91215,46.26225],[8.91209,46.26241],[8.91207,46.26257],[8.91219,46.26306],[8.91227,46.26325],[8.91238,46.26341],[8.91271,46.26385],[8.913,46.26415],[8.91313,46.26451],[8.91312,46.2648],[8.91306,46.26509],[8.91305,46.26514],[8.91302,46.26539],[8.91302,46.26554],[8.91307,46.2659],[8.91314,46.26612],[8.91331,46.26648],[8.91338,46.26671],[8.91345,46.26738],[8.91313,46.26812],[8.91307,46.26826],[8.91304,46.26839],[8.91302,46.26851],[8.913,46.26869],[8.91301,46.26889],[8.91303,46.26898],[8.91319,46.2694],[8.9132,46.2696],[8.91299,46.27015],[8.91251,46.27106],[8.91217,46.27191],[8.91155,46.27245],[8.91098,46.27267],[8.91016,46.27284],[8.90999,46.27288],[8.90961,46.273],[8.90958,46.27301],[8.90879,46.27325],[8.90857,46.27333],[8.90838,46.27344],[8.90821,46.27356],[8.90773,46.27393],[8.90747,46.2742],[8.9074,46.27436],[8.90748,46.27501],[8.90743,46.27533],[8.90731,46.27552],[8.90726,46.2756],[8.90703,46.27583],[8.90703,46.27584],[8.90683,46.27598],[8.90672,46.27605],[8.9065,46.27622],[8.90644,46.27629],[8.90626,46.27645],[8.90599,46.27666],[8.90577,46.2768],[8.90561,46.27689],[8.90551,46.27695],[8.90536,46.27707],[8.90524,46.27721],[8.90516,46.27736],[8.90507,46.27758],[8.90499,46.27778],[8.9048,46.27838],[8.90479,46.27853],[8.90485,46.27989],[8.90489,46.28011],[8.905,46.28038],[8.9051,46.28056],[8.90519,46.28075],[8.90535,46.28155],[8.90537,46.28173],[8.90537,46.28189],[8.90534,46.28208],[8.90528,46.28226],[8.90503,46.28276],[8.90496,46.28301],[8.90495,46.28311],[8.90495,46.28316],[8.90496,46.28424],[8.90499,46.28441],[8.90501,46.28449],[8.90514,46.28474],[8.90566,46.28541],[8.90573,46.28549],[8.90584,46.28571],[8.90587,46.28608],[8.90543,46.28667],[8.90529,46.28703],[8.90536,46.28734],[8.90542,46.28759],[8.90544,46.2877],[8.90549,46.28785],[8.9055,46.2879],[8.90555,46.28802],[8.90561,46.28836],[8.90561,46.28849],[8.90564,46.28867],[8.9059,46.28934],[8.90592,46.28981],[8.90595,46.28996],[8.90596,46.29002],[8.90599,46.29009],[8.90605,46.29024],[8.90611,46.29043],[8.90616,46.29078],[8.90618,46.29088],[8.90626,46.29112],[8.90628,46.29117],[8.90631,46.29125],[8.90643,46.29145],[8.90706,46.29209],[8.9072,46.29238],[8.90749,46.29281],[8.90757,46.29303],[8.90764,46.29335],[8.90769,46.29373],[8.9077,46.29393],[8.90769,46.29417],[8.90769,46.29452],[8.9077,46.2946],[8.90773,46.29483],[8.90773,46.29486],[8.9078,46.29525],[8.90784,46.29539],[8.90811,46.29605],[8.90817,46.29617],[8.9084,46.29653],[8.90872,46.29699],[8.90885,46.29714],[8.90934,46.29756],[8.90953,46.29777],[8.90976,46.29799],[8.90982,46.29804],[8.91011,46.29829],[8.91013,46.2983],[8.91052,46.29861],[8.91097,46.29893],[8.91118,46.29925],[8.9112,46.29959],[8.91114,46.29976],[8.91103,46.29992],[8.91069,46.30027],[8.9106,46.30044],[8.9105,46.30083],[8.91038,46.30105],[8.91035,46.30141],[8.91013,46.30213],[8.9102,46.30273],[8.91016,46.30291],[8.91007,46.30308],[8.90994,46.30323],[8.90976,46.30336],[8.9095,46.30349],[8.90934,46.30355],[8.90882,46.30379],[8.90862,46.30389],[8.90823,46.30415],[8.90799,46.30428],[8.90706,46.30472],[8.90692,46.30478],[8.90475,46.30564],[8.90416,46.3059],[8.90393,46.30596],[8.90362,46.30599],[8.90265,46.30602],[8.90234,46.30601],[8.90207,46.30601],[8.90076,46.30627],[8.89957,46.30679],[8.89922,46.3071],[8.89882,46.30732],[8.89834,46.30741],[8.89802,46.3074],[8.89676,46.30729],[8.89649,46.30725],[8.89623,46.30718],[8.89554,46.30694],[8.89525,46.30681],[8.8948,46.30648],[8.89438,46.30632],[8.8935,46.30622],[8.89322,46.30617],[8.89295,46.30609],[8.89182,46.30567],[8.89137,46.30557],[8.88993,46.30544],[8.88959,46.30538],[8.88729,46.30487],[8.88678,46.30483],[8.88554,46.30491],[8.88503,46.30502],[8.88463,46.30526],[8.88449,46.30542],[8.8844,46.30559],[8.88436,46.30578],[8.88438,46.30596],[8.88457,46.30672],[8.88458,46.30676],[8.88483,46.30755],[8.88487,46.30782],[8.88489,46.30889],[8.88483,46.30924],[8.88443,46.31035],[8.8843,46.31058],[8.8841,46.31079],[8.88273,46.31192],[8.88252,46.31215],[8.88175,46.31341],[8.88161,46.31359],[8.88145,46.31373],[8.88125,46.31384],[8.8808,46.314],[8.88029,46.31412],[8.88004,46.31416],[8.87978,46.31418],[8.87933,46.31418],[8.879,46.31421],[8.87828,46.31435],[8.87785,46.31449],[8.87764,46.3146],[8.87749,46.31468],[8.87696,46.31505],[8.87679,46.31519],[8.87667,46.31535],[8.87609,46.31631],[8.87566,46.31661],[8.87498,46.31694],[8.87417,46.31745],[8.87402,46.31756],[8.87273,46.31869],[8.87259,46.31884],[8.87206,46.31955],[8.87185,46.32001],[8.87158,46.32029],[8.87119,46.32048],[8.8709,46.32055],[8.8704,46.32063],[8.87022,46.32066],[8.86966,46.32071],[8.86946,46.32075],[8.86818,46.32103],[8.86729,46.32134],[8.86704,46.32141],[8.86679,46.32145],[8.86607,46.32153],[8.86564,46.32154],[8.86498,46.32151],[8.86474,46.32152],[8.8635,46.32162],[8.86323,46.32163],[8.86295,46.32161],[8.86111,46.32132],[8.86109,46.32132],[8.8577,46.32077],[8.85738,46.32075],[8.85651,46.32076],[8.8565,46.32076],[8.85523,46.32078],[8.85399,46.32086],[8.8535,46.32094],[8.85329,46.32101],[8.85266,46.32126],[8.85244,46.32137],[8.85157,46.32188],[8.85083,46.32236],[8.85066,46.32248],[8.8503,46.3228],[8.85,46.32311],[8.84986,46.32322],[8.84959,46.32338],[8.84946,46.32349],[8.84936,46.32363],[8.84924,46.32381],[8.84836,46.32489],[8.84825,46.32507],[8.84763,46.32642],[8.84763,46.32677],[8.84783,46.3271],[8.84851,46.32769],[8.84885,46.32807],[8.84899,46.32826],[8.84907,46.3286],[8.84879,46.3294],[8.84878,46.32968],[8.84882,46.32987],[8.84892,46.33005],[8.84907,46.33021],[8.84926,46.33035],[8.85069,46.33117],[8.85123,46.3315],[8.85137,46.33157],[8.85211,46.33193],[8.85281,46.33232],[8.85389,46.33291],[8.85426,46.3332],[8.85453,46.33349],[8.85471,46.33388],[8.85483,46.33408],[8.85502,46.33431],[8.85523,46.3345],[8.8561,46.33512],[8.85645,46.3353],[8.85707,46.33603],[8.85775,46.33648],[8.8581,46.33656],[8.85861,46.33672],[8.85889,46.33687],[8.85906,46.33701],[8.85939,46.3375],[8.85946,46.33804],[8.85972,46.3386],[8.85973,46.33898],[8.85938,46.33963],[8.85935,46.33979],[8.85936,46.33996],[8.85941,46.34012],[8.85964,46.34041],[8.86006,46.34072],[8.86034,46.34102],[8.86051,46.34134],[8.8608,46.3416],[8.86098,46.34169],[8.86147,46.34187],[8.86165,46.34199],[8.8619,46.34227],[8.86198,46.34261],[8.86188,46.34293],[8.86161,46.34326],[8.86136,46.3436],[8.86127,46.34374],[8.8612,46.34389],[8.86115,46.34406],[8.86114,46.34423],[8.86118,46.34439],[8.86126,46.34455],[8.86138,46.3447],[8.8619,46.34519],[8.86192,46.34522],[8.86226,46.34552],[8.86246,46.34575],[8.86258,46.34601],[8.86266,46.34633],[8.86268,46.34643],[8.86273,46.34678],[8.86273,46.34705],[8.86259,46.34802],[8.86254,46.3482],[8.86212,46.34891],[8.86183,46.34917],[8.8612,46.34938],[8.8609,46.3494],[8.86047,46.3494],[8.85976,46.34942],[8.85954,46.34944],[8.85897,46.34953],[8.85888,46.34955],[8.85818,46.34969],[8.85799,46.34974],[8.85649,46.35018],[8.85548,46.35056],[8.85483,46.35074],[8.85388,46.35105],[8.85384,46.35106],[8.85336,46.35123],[8.85313,46.35133],[8.8526,46.35162],[8.85228,46.35184],[8.85211,46.35199],[8.85198,46.35216],[8.85188,46.35246],[8.85168,46.35277],[8.85127,46.35309],[8.85114,46.35324],[8.85099,46.35347],[8.85089,46.35369],[8.85086,46.3538],[8.85075,46.35407],[8.85073,46.35411],[8.85068,46.35426],[8.85063,46.35466],[8.85043,46.35496],[8.84965,46.35552],[8.84945,46.35598],[8.84934,46.35613],[8.84916,46.3563],[8.84847,46.35682],[8.84754,46.35754],[8.84727,46.35788],[8.84638,46.3586],[8.8453,46.35956],[8.84481,46.3601],[8.84459,46.3603],[8.8441,46.36067],[8.84398,46.36078],[8.84357,46.36121],[8.84338,46.36151],[8.8429,46.36293],[8.8426,46.36323],[8.84216,46.36342],[8.84121,46.36355],[8.84069,46.36367],[8.84006,46.36374],[8.83979,46.36381],[8.83977,46.36382],[8.83951,46.3639],[8.83928,46.36396],[8.83892,46.36403],[8.83882,46.36404],[8.83853,46.36409],[8.83836,46.36414],[8.83827,46.36417],[8.83799,46.36425],[8.83628,46.36445],[8.83501,46.36479],[8.83458,46.36487],[8.83428,46.36496],[8.83341,46.36529],[8.83257,46.36567],[8.83214,46.36595],[8.83165,46.3664],[8.83149,46.36692],[8.83179,46.36767],[8.83215,46.36804],[8.83233,46.36837],[8.83235,46.36893],[8.83241,46.36909],[8.83271,46.36959],[8.83272,46.36996],[8.8326,46.37039],[8.83237,46.37075],[8.83224,46.37098],[8.83178,46.37207],[8.8307,46.37309],[8.83054,46.37346],[8.83054,46.37385],[8.83027,46.37438],[8.83001,46.37509],[8.82998,46.37524],[8.82996,46.37546],[8.82995,46.37581],[8.82978,46.3762],[8.82941,46.37662],[8.82921,46.37719],[8.82919,46.37829],[8.829,46.37861],[8.82866,46.37885],[8.82815,46.37906],[8.8279,46.37924],[8.82762,46.37939],[8.82737,46.37949],[8.82699,46.37959],[8.82652,46.37977],[8.82644,46.37979],[8.82631,46.37982],[8.82595,46.37989],[8.82565,46.37993],[8.82541,46.37993],[8.82492,46.37989],[8.82371,46.38007],[8.82325,46.38022],[8.82204,46.38101],[8.82145,46.38143],[8.82115,46.38161],[8.82087,46.38174],[8.82082,46.38177],[8.82071,46.38182],[8.82051,46.38196],[8.82014,46.38225],[8.81965,46.38262],[8.81933,46.38276],[8.81921,46.3828],[8.81907,46.38285],[8.81895,46.38288],[8.81865,46.38294],[8.8181,46.38303],[8.8175,46.38319],[8.8166,46.38353],[8.81607,46.38369],[8.816,46.38371],[8.81558,46.38383],[8.81557,46.38383],[8.81518,46.38394],[8.81495,46.38402],[8.81475,46.38413],[8.81394,46.38473],[8.81379,46.38486],[8.81345,46.38525],[8.81295,46.38591],[8.81287,46.38614],[8.81277,46.38675],[8.81259,46.38728],[8.81233,46.38758],[8.81169,46.38786],[8.81087,46.38796],[8.8101,46.38808],[8.80946,46.38806],[8.80861,46.38823],[8.80781,46.38831],[8.8074,46.38837],[8.80728,46.38838],[8.80677,46.38849],[8.80658,46.38854],[8.80602,46.38872],[8.80568,46.3888],[8.80538,46.38882],[8.80484,46.38879],[8.80404,46.38887],[8.80335,46.38877],[8.8021,46.38877],[8.8016,46.38894],[8.80114,46.38924],[8.80071,46.38949],[8.80036,46.38967],[8.80008,46.38983],[8.79882,46.39023],[8.79858,46.39033],[8.79835,46.39044],[8.79766,46.3906],[8.79702,46.39057],[8.79673,46.39057],[8.79652,46.39058],[8.79624,46.39061],[8.79609,46.39063],[8.79559,46.39073],[8.79543,46.39077],[8.79499,46.3909],[8.79473,46.39096],[8.79451,46.39103],[8.79372,46.39157],[8.79273,46.39208],[8.79244,46.39233],[8.79214,46.39251],[8.79197,46.39258],[8.79171,46.39268],[8.79144,46.39277],[8.79124,46.39282],[8.79073,46.39294],[8.79031,46.39306],[8.78907,46.39325],[8.78887,46.3933],[8.78873,46.39335],[8.78863,46.39339],[8.78832,46.39353],[8.78785,46.39363],[8.78589,46.39358],[8.78554,46.39362],[8.785,46.39368],[8.78469,46.39369],[8.78459,46.39369],[8.78422,46.39368],[8.78388,46.39365],[8.78323,46.39344],[8.78273,46.39338],[8.78223,46.39345],[8.78155,46.39373],[8.78051,46.39398],[8.77989,46.39431],[8.77862,46.39468],[8.77756,46.39531],[8.77651,46.39549],[8.77596,46.39552],[8.77546,46.39568],[8.77446,46.39634],[8.7732,46.39677],[8.77267,46.39678],[8.77187,46.39659],[8.77159,46.39654],[8.77137,46.39652],[8.77119,46.39651],[8.77083,46.39651],[8.77061,46.39652],[8.7691,46.39686],[8.76776,46.3973],[8.76705,46.39781],[8.76655,46.39806],[8.76642,46.39815],[8.76616,46.39828],[8.76581,46.39844],[8.76553,46.39853],[8.76504,46.3986],[8.76453,46.39857],[8.76411,46.39859],[8.76368,46.39858],[8.76309,46.39848],[8.76209,46.39847],[8.76111,46.3984],[8.76067,46.39853],[8.76031,46.39876],[8.75976,46.39946],[8.75967,46.39988],[8.75945,46.40021],[8.75891,46.40074],[8.75854,46.40137],[8.75804,46.40175],[8.75783,46.40205],[8.75765,46.40256],[8.75734,46.40284],[8.75613,46.40333],[8.75518,46.40391],[8.75364,46.4052],[8.75315,46.40534],[8.75244,46.40537],[8.75167,46.4056],[8.75026,46.4058],[8.7499,46.40583],[8.74976,46.40583],[8.7495,46.40585],[8.74941,46.40586],[8.74925,46.40588],[8.74902,46.40592],[8.74854,46.40598],[8.74848,46.40598],[8.74809,46.40597],[8.74723,46.40591],[8.74648,46.40595],[8.74588,46.40595],[8.74584,46.40595],[8.74529,46.40596],[8.74506,46.40598],[8.74458,46.40603],[8.74372,46.40604],[8.74283,46.40587],[8.74247,46.40566],[8.74216,46.40525],[8.74171,46.40488],[8.741,46.40459],[8.74068,46.40429],[8.74035,46.40333],[8.74032,46.403],[8.74055,46.40257],[8.74061,46.40203],[8.74035,46.40165],[8.73994,46.4014],[8.73904,46.40108],[8.73856,46.40067],[8.73831,46.40029],[8.73796,46.39948],[8.7378,46.39863],[8.73768,46.39843],[8.73739,46.39803],[8.73724,46.39785],[8.73713,46.39773],[8.73703,46.39765],[8.73701,46.39762],[8.7368,46.39743],[8.73657,46.39723],[8.73653,46.39719],[8.73639,46.39708],[8.73637,46.39707],[8.73609,46.39685],[8.73605,46.39682],[8.73564,46.39653],[8.73563,46.39652],[8.73548,46.39641],[8.73543,46.39639],[8.73481,46.39598],[8.73372,46.39551],[8.73349,46.39536],[8.73323,46.39508],[8.73314,46.39475],[8.73336,46.39385],[8.73329,46.3935],[8.73303,46.3932],[8.73246,46.39276],[8.7323,46.39241],[8.73196,46.39207],[8.73109,46.39093],[8.73102,46.3906],[8.73114,46.39026],[8.7314,46.38998],[8.73157,46.38964],[8.73157,46.38946],[8.73147,46.38903],[8.73143,46.38872],[8.73138,46.38843],[8.73135,46.38831],[8.73129,46.38812],[8.73121,46.38797],[8.7308,46.38733],[8.73086,46.38698],[8.731,46.38674],[8.73108,46.38656],[8.73123,46.38611],[8.73133,46.38576],[8.73143,46.38556],[8.73159,46.38536],[8.73172,46.38525],[8.73193,46.38508],[8.73195,46.38506],[8.73207,46.38497],[8.73228,46.38483],[8.73237,46.38477],[8.73295,46.38448],[8.73312,46.38438],[8.73325,46.38426],[8.73337,46.38413],[8.73352,46.38399],[8.73361,46.3839],[8.7342,46.38319],[8.73527,46.38169],[8.73544,46.38095],[8.73542,46.38047],[8.73518,46.38001],[8.7352,46.37942],[8.73516,46.37908],[8.73493,46.37848],[8.73517,46.37748],[8.73541,46.37679],[8.73529,46.37622],[8.73509,46.3759],[8.73487,46.37574],[8.73467,46.37563],[8.73444,46.37555],[8.73398,46.37545],[8.73303,46.37536],[8.73264,46.37517],[8.73186,46.37446],[8.73165,46.37409],[8.73139,46.37372],[8.73124,46.37354],[8.73022,46.37262],[8.72971,46.3723],[8.72946,46.37205],[8.72937,46.37191],[8.72921,46.3716],[8.72911,46.37138],[8.72919,46.37078],[8.72915,46.37046],[8.72879,46.37003],[8.72803,46.36973],[8.72769,46.36949],[8.72757,46.36934],[8.72747,46.36902],[8.72747,46.36864],[8.72731,46.36831],[8.72665,46.36764],[8.72659,46.36759],[8.72648,46.36751],[8.72635,46.36742],[8.72596,46.36721],[8.72556,46.36689],[8.72527,46.36635],[8.725,46.36609],[8.72452,46.36585],[8.72401,46.36569],[8.72376,46.36558],[8.72343,46.36533],[8.72316,46.36483],[8.723,46.36466],[8.72264,46.36437],[8.72247,46.36427],[8.72231,46.36421],[8.72186,46.36401],[8.72178,46.36397],[8.72163,46.36387],[8.72142,46.36372],[8.72125,46.36362],[8.72093,46.36345],[8.72086,46.36342],[8.72072,46.36334],[8.72028,46.36301],[8.72014,46.36291],[8.71845,46.36187],[8.71806,46.36151],[8.7175,46.36114],[8.71742,46.36108],[8.71731,46.361],[8.71707,46.36085],[8.71695,46.3608],[8.71687,46.36077],[8.71653,46.36064],[8.71635,46.36056],[8.71604,46.3604],[8.7159,46.36034],[8.71565,46.36025],[8.71515,46.36009],[8.71471,46.35986],[8.71448,46.35978],[8.71438,46.35976],[8.71434,46.35975],[8.71374,46.35962],[8.71357,46.3596],[8.71293,46.35952],[8.71262,46.35944],[8.71239,46.35935],[8.71204,46.35907],[8.71189,46.35872],[8.71191,46.35822],[8.71201,46.35765],[8.71223,46.35705],[8.71265,46.35648],[8.71329,46.35602],[8.71344,46.35583],[8.71354,46.35565],[8.7136,46.35548],[8.71362,46.35531],[8.71351,46.35498],[8.71329,46.35472],[8.71312,46.35457],[8.71299,46.35447],[8.71279,46.35435],[8.71188,46.35402],[8.71054,46.35357],[8.71,46.35325],[8.70974,46.35317],[8.70925,46.3531],[8.70902,46.35304],[8.70835,46.35283],[8.70816,46.35278],[8.70786,46.35272],[8.70769,46.3527],[8.70716,46.35265],[8.70687,46.35264],[8.70647,46.35266],[8.70634,46.35267],[8.70611,46.35267],[8.70581,46.35265],[8.70565,46.35264],[8.70533,46.35259],[8.70505,46.35249],[8.70474,46.35233],[8.70452,46.35221],[8.70447,46.35218],[8.70409,46.35196],[8.70401,46.35192],[8.704,46.35191],[8.70383,46.35178],[8.70362,46.35159],[8.70327,46.35141],[8.70295,46.35124],[8.70294,46.35123],[8.70267,46.35105],[8.70264,46.35103],[8.70196,46.35061],[8.70185,46.35054],[8.70148,46.35038],[8.70051,46.35015],[8.6999,46.35008],[8.69965,46.35002],[8.69937,46.3499],[8.69894,46.34964],[8.69885,46.34959],[8.6986,46.34945],[8.69841,46.34933],[8.69817,46.34916],[8.69793,46.34904],[8.69661,46.34862],[8.69506,46.34806],[8.69461,46.34766],[8.69427,46.34704],[8.69422,46.34672],[8.6945,46.34574],[8.69442,46.34537],[8.69408,46.34484],[8.69398,46.3447],[8.69385,46.34458],[8.69346,46.34431],[8.69297,46.34366],[8.69291,46.34331],[8.69323,46.34237],[8.69314,46.34156],[8.69317,46.34125],[8.69319,46.34117],[8.69319,46.34113],[8.69327,46.34089],[8.69344,46.34061],[8.69347,46.34044],[8.69341,46.34011],[8.69318,46.33979],[8.69241,46.33901],[8.69223,46.33867],[8.69222,46.33848],[8.69228,46.33817],[8.69226,46.33802],[8.69218,46.33781],[8.69151,46.33692],[8.69149,46.33649],[8.69162,46.33594],[8.69175,46.3356],[8.69172,46.33521],[8.69125,46.33427],[8.69113,46.33412],[8.69097,46.33398],[8.69078,46.33387],[8.69056,46.33378],[8.69032,46.33372],[8.68975,46.33363],[8.68944,46.33354],[8.68922,46.33346],[8.68911,46.33342],[8.68868,46.33324],[8.68857,46.33319],[8.68816,46.33299],[8.68758,46.33279],[8.6874,46.3327],[8.6872,46.33257],[8.68659,46.33206],[8.68521,46.33121],[8.68437,46.33083],[8.68411,46.33069],[8.68409,46.33068],[8.68389,46.33052],[8.68369,46.33023],[8.68363,46.33003],[8.68361,46.32967],[8.68363,46.32944],[8.6836,46.32919],[8.68346,46.32876],[8.68339,46.32861],[8.68305,46.32803],[8.68276,46.32745],[8.68269,46.32727],[8.68232,46.32591],[8.68201,46.3254]]]},"properties":{"bfs_nr":5399,"name":"Verzasca"}}]}