{"type":"FeatureCollection","features":[{"type":"Feature","geometry":{"type":"Polygon","coordinates":[[[6.93239,46.32376],[6.93183,46.31836],[6.93206,46.31553],[6.93316,46.31287],[6.93397,46.30917],[6.93582,46.30444],[6.93603,46.29984],[6.93793,46.29662],[6.94131,46.29452],[6.9488,46.29167],[6.95029,46.29191],[6.95235,46.29343],[6.95236,46.29343],[6.95386,46.29453],[6.95537,46.29561],[6.95553,46.29571],[6.95571,46.29579],[6.95696,46.29623],[6.95773,46.2967],[6.95814,46.29684],[6.96656,46.29849],[6.96726,46.2988],[6.9675,46.29911],[6.96757,46.29942],[6.96774,46.29972],[6.96788,46.29986],[6.96826,46.30006],[6.96848,46.30012],[6.97214,46.30087],[6.97244,46.30095],[6.97284,46.30118],[6.97307,46.30149],[6.97301,46.30268],[6.97343,46.30328],[6.97413,46.30376],[6.9758,46.30488],[6.97599,46.30498],[6.97711,46.30549],[6.97714,46.30551],[6.97859,46.3062],[6.9786,46.30621],[6.98214,46.30795],[6.98236,46.30803],[6.98438,46.30867],[6.98686,46.30957],[6.98781,46.30982],[6.99357,46.31019],[6.9974,46.31099],[7.0011,46.31225],[7.00369,46.31326],[7.00449,46.31362],[7.00474,46.31376],[7.00491,46.31389],[7.00511,46.31422],[7.00516,46.31482],[7.00532,46.31521],[7.00542,46.31537],[7.00556,46.31552],[7.00575,46.31564],[7.0061,46.31583],[7.00623,46.3159],[7.00715,46.31629],[7.00741,46.31642],[7.00762,46.31658],[7.00782,46.3167],[7.00804,46.31679],[7.00829,46.31685],[7.00884,46.31689],[7.00965,46.3171],[7.01004,46.31736],[7.01049,46.31801],[7.01092,46.31824],[7.01239,46.31848],[7.01866,46.32119],[7.01968,46.32129],[7.02013,46.32145],[7.02056,46.32186],[7.02074,46.3225],[7.02083,46.32265],[7.02096,46.32278],[7.02113,46.3229],[7.02169,46.32325],[7.02184,46.32341],[7.02221,46.32386],[7.02254,46.32429],[7.02422,46.32511],[7.02572,46.32617],[7.02604,46.32647],[7.02645,46.32698],[7.02646,46.32699],[7.02729,46.328],[7.02737,46.32809],[7.02859,46.32922],[7.03098,46.33103],[7.03119,46.33116],[7.03262,46.33184],[7.03288,46.33194],[7.03317,46.332],[7.03428,46.33211],[7.03566,46.33199],[7.03635,46.33185],[7.03771,46.33243],[7.03776,46.33293],[7.03749,46.33351],[7.03711,46.33377],[7.03611,46.33417],[7.03542,46.33475],[7.0352,46.33509],[7.03501,46.33568],[7.03443,46.33648],[7.03451,46.33802],[7.03394,46.33847],[7.03371,46.33876],[7.03213,46.34039],[7.03192,46.34057],[7.03148,46.34076],[7.03046,46.34073],[7.02888,46.33921],[7.02653,46.33754],[7.02651,46.33753],[7.01656,46.33081],[7.01635,46.3307],[7.0082,46.32707],[7.00795,46.32698],[7.00292,46.32569],[7.00291,46.32569],[6.98624,46.32155],[6.98595,46.32146],[6.98574,46.32135],[6.98501,46.32088],[6.9842,46.32072],[6.98373,46.32073],[6.98311,46.32084],[6.98231,46.32109],[6.98145,46.32112],[6.97814,46.32261],[6.97804,46.32279],[6.97722,46.3248],[6.97717,46.32497],[6.97718,46.32515],[6.97723,46.32533],[6.97842,46.32781],[6.97803,46.32882],[6.97652,46.3289],[6.9695,46.32617],[6.96872,46.32623],[6.96818,46.32622],[6.96775,46.32609],[6.96741,46.32586],[6.9672,46.32564],[6.96616,46.32491],[6.96503,46.32455],[6.96309,46.32455],[6.96263,46.32471],[6.96244,46.32483],[6.96207,46.32513],[6.96202,46.32517],[6.96185,46.32529],[6.96183,46.32531],[6.96169,46.32541],[6.96154,46.3255],[6.96141,46.32558],[6.96118,46.32569],[6.9609,46.32578],[6.96036,46.32583],[6.96007,46.32581],[6.95977,46.32577],[6.95861,46.32555],[6.95808,46.32554],[6.9547,46.32512],[6.95234,46.32472],[6.9516,46.32472],[6.95107,46.32469],[6.95083,46.32465],[6.95067,46.32463],[6.94974,46.32441],[6.94942,46.32435],[6.94918,46.32432],[6.94896,46.3243],[6.94863,46.32428],[6.9473,46.32427],[6.9465,46.32423],[6.94575,46.32422],[6.94569,46.32422],[6.94557,46.32422],[6.9455,46.32422],[6.94546,46.32422],[6.94541,46.32421],[6.94327,46.32408],[6.9432,46.32407],[6.94243,46.32401],[6.94237,46.324],[6.94203,46.32398],[6.94177,46.32397],[6.9414,46.32397],[6.94135,46.32396],[6.94085,46.32397],[6.9408,46.32397],[6.94063,46.32398],[6.94057,46.32398],[6.94041,46.32399],[6.94032,46.324],[6.93974,46.32405],[6.93928,46.32408],[6.93923,46.32408],[6.93862,46.3241],[6.93858,46.3241],[6.93807,46.32413],[6.93682,46.32422],[6.93574,46.32433],[6.93559,46.32435],[6.93553,46.32436],[6.93539,46.32438],[6.93305,46.32467],[6.93239,46.32376]]]},"properties":{"bfs_nr":5401,"name":"Aigle"}},{"type":"Feature","geometry":{"type":"Polygon","coordinates":[[[6.97785,46.266],[6.97211,46.26441],[6.97157,46.26296],[6.97573,46.25955],[6.98035,46.25655],[6.98674,46.2531],[6.98794,46.25157],[6.98884,46.2457],[6.98956,46.244],[6.99325,46.24083],[6.99461,46.23926],[6.99566,46.23695],[6.99671,46.236],[6.99958,46.23488],[7.00207,46.23294],[7.00261,46.23143],[7.00256,46.22534],[7.00393,46.22301],[7.00823,46.22065],[7.00946,46.22066],[7.01054,46.2214],[7.01212,46.22159],[7.01534,46.22302],[7.01559,46.22312],[7.01573,46.22317],[7.01581,46.2232],[7.01587,46.22321],[7.0159,46.22322],[7.01721,46.22357],[7.01739,46.22362],[7.01756,46.22369],[7.01771,46.22375],[7.01807,46.22393],[7.01833,46.22406],[7.01959,46.22484],[7.01968,46.22489],[7.01976,46.22493],[7.01988,46.22499],[7.01994,46.22501],[7.02004,46.22504],[7.02018,46.22509],[7.02104,46.22532],[7.02276,46.22576],[7.02278,46.22577],[7.02461,46.22625],[7.02462,46.22625],[7.02677,46.22681],[7.02678,46.22682],[7.02808,46.22716],[7.02814,46.22717],[7.02972,46.22752],[7.02977,46.22753],[7.03052,46.22768],[7.03061,46.2277],[7.03169,46.22795],[7.0319,46.22798],[7.0323,46.22803],[7.03255,46.22804],[7.03279,46.22802],[7.03433,46.22782],[7.03648,46.22746],[7.03878,46.22701],[7.03921,46.22694],[7.04031,46.22675],[7.04129,46.22659],[7.04199,46.22649],[7.04238,46.22644],[7.04296,46.22636],[7.04354,46.22624],[7.04393,46.22621],[7.04424,46.2262],[7.045,46.22612],[7.04525,46.22604],[7.04548,46.22593],[7.04569,46.22579],[7.04574,46.22576],[7.04612,46.2255],[7.04616,46.22547],[7.04651,46.22524],[7.04653,46.22523],[7.04689,46.22499],[7.04715,46.22486],[7.04738,46.22478],[7.04782,46.22469],[7.04857,46.22438],[7.04922,46.22427],[7.04958,46.22414],[7.05047,46.2241],[7.0554,46.22493],[7.05564,46.22495],[7.05589,46.22494],[7.05613,46.2249],[7.05655,46.22473],[7.05672,46.22461],[7.05724,46.22415],[7.05737,46.224],[7.0581,46.223],[7.05819,46.22285],[7.05884,46.22127],[7.05889,46.22111],[7.05889,46.22095],[7.05879,46.21834],[7.06043,46.216],[7.06221,46.2145],[7.06977,46.21127],[7.07,46.21115],[7.07019,46.21098],[7.07057,46.21056],[7.07067,46.21043],[7.07104,46.20981],[7.07108,46.20972],[7.07144,46.2089],[7.07155,46.20869],[7.07162,46.20846],[7.07168,46.2081],[7.07169,46.20796],[7.07169,46.20786],[7.07165,46.20767],[7.07112,46.20684],[7.07082,46.20648],[7.07076,46.2063],[7.07075,46.20576],[7.07061,46.20542],[7.07057,46.20525],[7.07054,46.20495],[7.07057,46.20462],[7.07057,46.20442],[7.07029,46.20394],[7.06972,46.20348],[7.0695,46.20294],[7.06973,46.20202],[7.07395,46.19979],[7.07721,46.19926],[7.08174,46.19986],[7.086,46.20138],[7.08822,46.20162],[7.09376,46.205],[7.0954,46.2069],[7.09688,46.20771],[7.09985,46.20807],[7.10155,46.20954],[7.10614,46.21102],[7.11115,46.21411],[7.11303,46.2162],[7.11476,46.2171],[7.11555,46.2188],[7.11766,46.22009],[7.1192,46.22198],[7.12182,46.22381],[7.12132,46.22912],[7.12326,46.23237],[7.12403,46.23536],[7.12649,46.23717],[7.13503,46.23661],[7.14073,46.23783],[7.14253,46.23887],[7.14525,46.24157],[7.14948,46.24281],[7.15123,46.24455],[7.15183,46.24818],[7.15466,46.25214],[7.15559,46.25268],[7.16076,46.25328],[7.16519,46.25636],[7.16731,46.25883],[7.17122,46.26107],[7.17197,46.26255],[7.17475,46.26545],[7.17678,46.26682],[7.17814,46.26856],[7.17976,46.26886],[7.18345,46.26845],[7.18632,46.26937],[7.18819,46.27054],[7.1893,46.27348],[7.18739,46.27835],[7.18639,46.28292],[7.19017,46.28493],[7.19284,46.28491],[7.1943,46.28603],[7.19396,46.28846],[7.19508,46.29059],[7.18956,46.29492],[7.18924,46.2955],[7.18908,46.303],[7.1887,46.30365],[7.1883,46.30385],[7.18807,46.3039],[7.18776,46.30393],[7.17143,46.30432],[7.17141,46.30432],[7.15654,46.30457],[7.15624,46.30456],[7.15602,46.30452],[7.15575,46.30444],[7.15155,46.30278],[7.14922,46.30276],[7.14705,46.30248],[7.14622,46.30213],[7.1445,46.3017],[7.14445,46.30169],[7.14399,46.30159],[7.14378,46.30155],[7.14326,46.3015],[7.1427,46.30143],[7.14236,46.30136],[7.14211,46.30126],[7.14163,46.30095],[7.14144,46.30087],[7.14054,46.30054],[7.13898,46.30003],[7.13818,46.29979],[7.13754,46.29966],[7.13709,46.2995],[7.13663,46.29944],[7.13638,46.29938],[7.1361,46.29925],[7.13532,46.29873],[7.13455,46.29842],[7.13375,46.29757],[7.13358,46.29744],[7.13346,46.29738],[7.13326,46.29727],[7.13302,46.29719],[7.13277,46.29714],[7.13212,46.29714],[7.13133,46.29691],[7.12902,46.29562],[7.12465,46.29444],[7.12289,46.29408],[7.12252,46.29389],[7.12234,46.29373],[7.12147,46.2928],[7.1213,46.29256],[7.12122,46.29231],[7.12105,46.29119],[7.12105,46.29099],[7.12108,46.29084],[7.12117,46.29065],[7.1215,46.29008],[7.12152,46.28904],[7.12144,46.28886],[7.12138,46.28874],[7.12113,46.28805],[7.12108,46.28782],[7.1211,46.28758],[7.12126,46.2871],[7.12131,46.28687],[7.12135,46.28615],[7.12134,46.286],[7.12121,46.28535],[7.1211,46.28461],[7.12108,46.28431],[7.12087,46.28397],[7.12048,46.28372],[7.11601,46.28268],[7.11525,46.28206],[7.11432,46.28158],[7.11259,46.28121],[7.11152,46.28068],[7.11031,46.28042],[7.11007,46.2804],[7.10989,46.2804],[7.10984,46.28039],[7.10973,46.28039],[7.10932,46.28038],[7.1091,46.28038],[7.10888,46.28042],[7.108,46.28065],[7.10759,46.28067],[7.10726,46.28064],[7.10701,46.28058],[7.10647,46.28039],[7.10631,46.28036],[7.10602,46.28033],[7.10573,46.28034],[7.1041,46.28061],[7.10176,46.28142],[7.10141,46.28141],[7.10107,46.28134],[7.09985,46.28098],[7.09873,46.28045],[7.09667,46.27983],[7.08367,46.27644],[7.08149,46.27634],[7.08021,46.27541],[7.07882,46.27468],[7.07857,46.2745],[7.07809,46.27422],[7.07794,46.27408],[7.07776,46.27384],[7.07707,46.27264],[7.07615,46.27187],[7.07597,46.27158],[7.07592,46.27139],[7.07592,46.27135],[7.07593,46.27114],[7.07598,46.27097],[7.07646,46.27027],[7.07654,46.27009],[7.07656,46.2699],[7.07653,46.26971],[7.07644,46.26954],[7.0763,46.26937],[7.07608,46.26917],[7.07606,46.26915],[7.07601,46.2691],[7.07511,46.26844],[7.07445,46.26819],[7.07394,46.26815],[7.07372,46.26819],[7.07341,46.26821],[7.07243,46.26823],[7.07187,46.26818],[7.07157,46.26812],[7.07083,46.26802],[7.0707,46.26801],[7.07027,46.26787],[7.0695,46.26736],[7.06909,46.26716],[7.06809,46.2669],[7.06669,46.26671],[7.06576,46.26636],[7.06548,46.26629],[7.06519,46.26627],[7.06486,46.26629],[7.06467,46.2663],[7.05798,46.26627],[7.05755,46.26645],[7.05738,46.26658],[7.05725,46.26673],[7.05716,46.26689],[7.05676,46.26789],[7.05682,46.26965],[7.0555,46.27066],[7.05379,46.27044],[7.05257,46.27194],[7.05382,46.27489],[7.05462,46.27586],[7.05547,46.27843],[7.05649,46.27907],[7.05779,46.27926],[7.05832,46.2795],[7.05862,46.27979],[7.05873,46.28014],[7.0587,46.28285],[7.05813,46.28319],[7.05728,46.28352],[7.05672,46.28365],[7.05603,46.28362],[7.05555,46.28368],[7.0539,46.28402],[7.05367,46.28409],[7.05345,46.28418],[7.05328,46.2843],[7.05303,46.2846],[7.0529,46.28508],[7.05265,46.2854],[7.05225,46.28562],[7.05133,46.28578],[7.04931,46.28566],[7.04664,46.28603],[7.04388,46.28669],[7.04098,46.2859],[7.04004,46.28497],[7.03869,46.28441],[7.03786,46.28369],[7.03701,46.28352],[7.03597,46.28285],[7.03556,46.28267],[7.03418,46.28231],[7.03347,46.28153],[7.0333,46.28136],[7.03307,46.28119],[7.033,46.28115],[7.03285,46.28108],[7.03277,46.28104],[7.03252,46.28096],[7.03226,46.28092],[7.03198,46.28091],[7.03143,46.28094],[7.03106,46.281],[7.03091,46.28104],[7.03051,46.28111],[7.03047,46.28112],[7.03,46.28113],[7.02979,46.28112],[7.02948,46.28108],[7.02925,46.28101],[7.02886,46.2808],[7.02862,46.2805],[7.02847,46.27999],[7.0282,46.27967],[7.02802,46.27956],[7.02782,46.27946],[7.02761,46.27932],[7.02756,46.27928],[7.02745,46.27919],[7.02727,46.27903],[7.02719,46.27896],[7.02714,46.27893],[7.02691,46.27879],[7.02664,46.2787],[7.02647,46.27866],[7.02623,46.27856],[7.026,46.27843],[7.02561,46.27811],[7.02492,46.27779],[7.02392,46.27644],[7.02385,46.27632],[7.02378,46.27624],[7.02375,46.27621],[7.0236,46.27602],[7.02353,46.27595],[7.0235,46.27591],[7.02347,46.27587],[7.02339,46.2758],[7.02326,46.27568],[7.02322,46.27565],[7.02305,46.27551],[7.02294,46.27543],[7.02275,46.27531],[7.02271,46.27528],[7.0225,46.27515],[7.0221,46.27493],[7.01682,46.27214],[7.01607,46.2718],[7.01576,46.27167],[7.01573,46.27166],[7.01548,46.27156],[7.01545,46.27155],[7.01521,46.27147],[7.01517,46.27145],[7.01445,46.27122],[7.01444,46.27122],[7.00841,46.26935],[7.00839,46.26934],[7.00784,46.26918],[7.0078,46.26916],[7.00756,46.2691],[7.00744,46.26907],[7.00691,46.26897],[7.00686,46.26896],[7.00664,46.26892],[7.0066,46.26892],[7.00629,46.26887],[7.00622,46.26887],[7.00596,46.26884],[7.00591,46.26884],[7.00536,46.2688],[7.00533,46.2688],[6.99112,46.26804],[6.99107,46.26804],[6.99048,46.268],[6.99042,46.26799],[6.99005,46.26796],[6.98999,46.26796],[6.98952,46.2679],[6.98945,46.26789],[6.98897,46.26783],[6.98892,46.26782],[6.98843,46.26774],[6.98836,46.26773],[6.98692,46.26744],[6.98532,46.26777],[6.98502,46.26776],[6.98432,46.2677],[6.98395,46.26764],[6.98302,46.26742],[6.98295,46.2674],[6.97785,46.266]]]},"properties":{"bfs_nr":5402,"name":"Bex"}},{"type":"Feature","geometry":{"type":"Polygon","coordinates":[[[6.8865,46.36396],[6.88546,46.36177],[6.88235,46.35732],[6.88173,46.35575],[6.88198,46.35403],[6.88438,46.35165],[6.88776,46.34974],[6.89107,46.34611],[6.8935,46.3427],[6.895,46.34118],[6.8968,46.34105],[6.90863,46.34673],[6.90911,46.34788],[6.9088,46.34817],[6.90828,46.34836],[6.90678,46.34871],[6.90669,46.34873],[6.90663,46.34875],[6.9064,46.34884],[6.90605,46.34909],[6.90593,46.34924],[6.90586,46.34941],[6.90584,46.34959],[6.90587,46.34976],[6.90607,46.35008],[6.90643,46.35033],[6.90769,46.35072],[6.90804,46.35097],[6.90824,46.35128],[6.9082,46.35181],[6.90826,46.35214],[6.90848,46.35244],[6.90885,46.35266],[6.91013,46.35326],[6.91026,46.35359],[6.91026,46.35377],[6.91019,46.35398],[6.90994,46.35451],[6.90985,46.35467],[6.90972,46.35481],[6.90729,46.35713],[6.90422,46.36014],[6.90401,46.36032],[6.90356,46.3605],[6.90211,46.36048],[6.90091,46.36077],[6.9005,46.36093],[6.89987,46.36128],[6.89936,46.36134],[6.89853,46.36121],[6.89735,46.36067],[6.89688,46.36059],[6.89664,46.36059],[6.8964,46.36063],[6.89618,46.3607],[6.89597,46.36079],[6.8958,46.36091],[6.89557,46.36121],[6.8946,46.36329],[6.89108,46.365],[6.88743,46.36506],[6.8865,46.36396]]]},"properties":{"bfs_nr":5403,"name":"Chessel"}},{"type":"Feature","geometry":{"type":"Polygon","coordinates":[[[6.94301,46.36995],[6.94405,46.36937],[6.94422,46.36867],[6.94367,46.36711],[6.94451,46.36606],[6.94817,46.3649],[6.95084,46.36499],[6.95132,46.36463],[6.95143,46.36448],[6.9515,46.36432],[6.95151,46.36415],[6.95149,46.36397],[6.95141,46.36381],[6.95129,46.36366],[6.95114,46.36353],[6.94883,46.36192],[6.94758,46.36107],[6.94739,46.3609],[6.94719,46.36059],[6.94735,46.35993],[6.94772,46.35965],[6.9481,46.35945],[6.94835,46.35935],[6.94879,46.35926],[6.94907,46.35925],[6.95012,46.3593],[6.95032,46.3593],[6.95052,46.35928],[6.95264,46.3589],[6.95309,46.35876],[6.95354,46.35836],[6.95405,46.35717],[6.95463,46.35426],[6.95458,46.35376],[6.95395,46.35326],[6.95166,46.35245],[6.95126,46.35235],[6.95105,46.35226],[6.95086,46.35215],[6.94991,46.3512],[6.94897,46.35042],[6.94887,46.35028],[6.9488,46.35012],[6.9488,46.34967],[6.95044,46.34456],[6.95333,46.34002],[6.9548,46.33711],[6.95721,46.33667],[6.95851,46.33618],[6.959,46.33617],[6.95984,46.33634],[6.96017,46.33642],[6.9604,46.33652],[6.9606,46.33665],[6.96075,46.33681],[6.96103,46.33726],[6.96126,46.33744],[6.96149,46.33756],[6.96194,46.33767],[6.96242,46.33766],[6.9636,46.33734],[6.96426,46.33737],[6.96429,46.33737],[6.9644,46.33738],[6.96452,46.33738],[6.9649,46.33739],[6.96516,46.33744],[6.96541,46.33752],[6.96562,46.33764],[6.96584,46.33782],[6.9696,46.34175],[6.96999,46.34202],[6.98586,46.34905],[6.98705,46.34913],[6.98819,46.34781],[6.99007,46.3478],[6.9932,46.35024],[6.99559,46.3502],[6.99645,46.35056],[6.99712,46.35074],[6.99734,46.35083],[6.99753,46.35096],[6.99829,46.35186],[6.99846,46.35216],[6.99893,46.35325],[6.9996,46.3541],[6.99978,46.35445],[6.99981,46.35462],[6.99978,46.35483],[6.99958,46.35553],[6.99956,46.35582],[6.99965,46.35629],[6.99967,46.35651],[6.99959,46.35772],[6.99958,46.35786],[6.99939,46.35873],[6.99937,46.35894],[6.99936,46.36152],[7.00003,46.36252],[7.00002,46.36271],[6.99982,46.36305],[6.99961,46.36323],[6.99902,46.36363],[6.99875,46.36389],[6.9975,46.36576],[6.99741,46.36594],[6.99634,46.36914],[6.99631,46.3694],[6.99641,46.37043],[6.99645,46.37059],[6.99653,46.37075],[6.99665,46.3709],[6.99769,46.37188],[6.99786,46.37202],[6.99807,46.37212],[6.99855,46.37224],[6.99881,46.37225],[7.0007,46.37218],[7.00153,46.37231],[7.00654,46.37424],[7.0095,46.37569],[7.01185,46.37787],[7.01214,46.37836],[7.01283,46.3823],[7.01287,46.38244],[7.01294,46.38257],[7.01587,46.38704],[7.01598,46.38727],[7.01601,46.38752],[7.01595,46.38997],[7.01591,46.39019],[7.0157,46.39052],[7.01553,46.39066],[7.01527,46.39079],[7.01246,46.39196],[7.01226,46.39231],[7.01242,46.39349],[7.01265,46.39385],[7.0149,46.39631],[7.01484,46.39773],[7.01506,46.39835],[7.01501,46.39872],[7.01314,46.40041],[7.01237,46.40456],[7.01096,46.40503],[7.01048,46.40508],[7.01001,46.40501],[7.00975,46.40491],[7.00891,46.40452],[7.00842,46.40435],[7.00684,46.40411],[7.00597,46.40406],[7.00571,46.40398],[7.0055,46.40388],[7.00515,46.40361],[7.00473,46.40319],[7.00113,46.40154],[6.99787,46.39758],[6.99739,46.39739],[6.99686,46.39732],[6.99659,46.39734],[6.99634,46.3974],[6.99611,46.3975],[6.99542,46.3979],[6.99494,46.39799],[6.99422,46.39788],[6.99401,46.39778],[6.99379,46.39762],[6.99315,46.39707],[6.99311,46.39703],[6.99258,46.39654],[6.99256,46.39653],[6.99196,46.39597],[6.99182,46.39581],[6.99104,46.39482],[6.99101,46.39477],[6.99097,46.39472],[6.99092,46.39465],[6.99032,46.39392],[6.98895,46.39284],[6.9888,46.39273],[6.98842,46.39249],[6.98826,46.39238],[6.9882,46.39233],[6.98805,46.39223],[6.98767,46.39202],[6.98756,46.39196],[6.98428,46.39019],[6.98101,46.38777],[6.97645,46.3865],[6.97192,46.3861],[6.97009,46.38452],[6.96892,46.38411],[6.96699,46.3841],[6.96589,46.38448],[6.95942,46.38219],[6.95868,46.38149],[6.95815,46.38113],[6.95775,46.38081],[6.95757,46.38068],[6.95738,46.38052],[6.95724,46.38039],[6.9571,46.38023],[6.95686,46.37977],[6.9561,46.37888],[6.9553,46.3781],[6.9531,46.37644],[6.95288,46.37631],[6.95252,46.37615],[6.95203,46.37601],[6.95176,46.3759],[6.95098,46.37553],[6.95087,46.37547],[6.94968,46.3748],[6.9489,46.37394],[6.94783,46.37364],[6.94633,46.37366],[6.9443,46.37204],[6.9428,46.37137],[6.94239,46.37074],[6.94301,46.36995]]]},"properties":{"bfs_nr":5404,"name":"Corbeyrier"}},{"type":"Feature","geometry":{"type":"Polygon","coordinates":[[[7.05304,46.27164],[7.05385,46.27068],[7.05581,46.27069],[7.05687,46.26979],[7.05677,46.26787],[7.05725,46.26673],[7.05755,46.26645],[7.05799,46.26628],[7.06311,46.26657],[7.06384,46.26651],[7.06424,46.2664],[7.06476,46.2663],[7.06541,46.2663],[7.06567,46.26635],[7.06619,46.2666],[7.06662,46.26672],[7.06824,46.26694],[7.06946,46.26737],[7.07029,46.26789],[7.07073,46.26803],[7.07154,46.26812],[7.07196,46.2682],[7.07233,46.26823],[7.07361,46.26821],[7.0742,46.26818],[7.07505,46.26841],[7.07562,46.26888],[7.07584,46.26899],[7.07606,46.26915],[7.07609,46.26917],[7.07626,46.26934],[7.07643,46.26952],[7.07651,46.26968],[7.07654,46.27002],[7.07649,46.27019],[7.07629,46.2705],[7.076,46.27085],[7.07591,46.27114],[7.07591,46.27128],[7.07592,46.27143],[7.07596,46.27159],[7.07604,46.27174],[7.07615,46.27188],[7.07707,46.27264],[7.07771,46.27381],[7.07797,46.27413],[7.07811,46.27426],[7.07829,46.27438],[7.08134,46.27635],[7.08401,46.27653],[7.08879,46.27803],[7.09085,46.27833],[7.09173,46.2788],[7.09881,46.2805],[7.1001,46.28115],[7.10141,46.28141],[7.10171,46.28142],[7.10219,46.28139],[7.10303,46.28121],[7.10415,46.28063],[7.10569,46.28035],[7.10593,46.28033],[7.10618,46.28034],[7.10648,46.2804],[7.10692,46.28057],[7.10735,46.28066],[7.10753,46.28067],[7.1076,46.28067],[7.10764,46.28067],[7.10779,46.28067],[7.10806,46.28064],[7.1091,46.28039],[7.10938,46.28038],[7.10971,46.28039],[7.10986,46.28039],[7.11029,46.28044],[7.11149,46.28067],[7.11267,46.28137],[7.11462,46.28176],[7.11573,46.28265],[7.11876,46.28353],[7.11995,46.28362],[7.12067,46.28385],[7.12105,46.28433],[7.12122,46.28535],[7.12133,46.28596],[7.12134,46.28618],[7.12131,46.28681],[7.12123,46.28715],[7.12117,46.28731],[7.12109,46.28763],[7.12107,46.28782],[7.12111,46.288],[7.12144,46.28891],[7.12151,46.28908],[7.12108,46.29083],[7.12104,46.29099],[7.12105,46.29115],[7.12123,46.29236],[7.1213,46.29256],[7.12143,46.29275],[7.12237,46.29376],[7.12252,46.29389],[7.12269,46.294],[7.12289,46.29408],[7.12311,46.29414],[7.12468,46.29445],[7.12897,46.29561],[7.1314,46.29695],[7.13186,46.29712],[7.13309,46.29722],[7.13338,46.29734],[7.13354,46.29742],[7.13375,46.29758],[7.13447,46.29842],[7.13538,46.29879],[7.13585,46.29911],[7.13619,46.29931],[7.13671,46.2995],[7.13805,46.29977],[7.13851,46.29995],[7.1394,46.30018],[7.14001,46.30044],[7.14069,46.30059],[7.14163,46.30096],[7.1421,46.30127],[7.14235,46.30137],[7.14263,46.30142],[7.14328,46.3015],[7.14373,46.30155],[7.14405,46.3016],[7.14444,46.30169],[7.14451,46.3017],[7.14598,46.30207],[7.14625,46.30216],[7.14693,46.30249],[7.14807,46.30282],[7.14806,46.3041],[7.14315,46.30576],[7.14127,46.30684],[7.14054,46.30703],[7.13945,46.30761],[7.13894,46.30765],[7.13816,46.30752],[7.13773,46.30752],[7.13726,46.30757],[7.13675,46.30758],[7.13669,46.30759],[7.13645,46.30759],[7.13637,46.30759],[7.13585,46.30762],[7.13452,46.30779],[7.13386,46.30792],[7.13314,46.30799],[7.13213,46.30827],[7.13038,46.30839],[7.12836,46.30876],[7.12762,46.3091],[7.12731,46.3092],[7.12581,46.30941],[7.12502,46.30959],[7.12393,46.30945],[7.12192,46.30886],[7.12136,46.30885],[7.12058,46.30903],[7.11943,46.3095],[7.11833,46.31007],[7.11746,46.31021],[7.11644,46.3101],[7.11584,46.31019],[7.11467,46.31015],[7.11371,46.31024],[7.11318,46.31017],[7.11271,46.31017],[7.11166,46.31009],[7.11048,46.30987],[7.10962,46.30966],[7.10891,46.30927],[7.10778,46.30879],[7.1035,46.30832],[7.09851,46.30717],[7.09523,46.30605],[7.09398,46.30526],[7.09348,46.30509],[7.09286,46.30462],[7.09238,46.30437],[7.09213,46.30421],[7.09194,46.30402],[7.0917,46.30356],[7.09102,46.3027],[7.0901,46.30181],[7.0899,46.30166],[7.08964,46.30148],[7.08945,46.30137],[7.08903,46.30114],[7.08691,46.30071],[7.08599,46.29983],[7.0858,46.29942],[7.08565,46.29926],[7.08544,46.29912],[7.08523,46.29903],[7.08411,46.29869],[7.08227,46.29736],[7.08131,46.29695],[7.0811,46.29674],[7.08072,46.29637],[7.08053,46.29601],[7.08033,46.29541],[7.08033,46.29539],[7.08021,46.29507],[7.08014,46.29491],[7.08002,46.29477],[7.07988,46.29465],[7.07931,46.29436],[7.07915,46.29423],[7.07893,46.29405],[7.07847,46.29357],[7.07748,46.29295],[7.07706,46.29283],[7.07618,46.29263],[7.07549,46.29203],[7.0751,46.29181],[7.07452,46.29165],[7.0743,46.29155],[7.07427,46.29153],[7.07423,46.29151],[7.0741,46.29143],[7.07391,46.29133],[7.07361,46.29115],[7.07291,46.29083],[7.07264,46.29051],[7.07242,46.28965],[7.0712,46.28734],[7.07121,46.28678],[7.07118,46.28661],[7.07109,46.28644],[7.07096,46.28629],[7.0708,46.28617],[7.0706,46.28606],[7.07055,46.28604],[7.07051,46.28603],[7.06941,46.28559],[7.06927,46.28554],[7.06888,46.2854],[7.06883,46.28537],[7.06842,46.28511],[7.06824,46.28498],[7.06753,46.2846],[7.0671,46.28443],[7.06376,46.28319],[7.06353,46.28313],[7.06307,46.28308],[7.06275,46.28308],[7.0622,46.28315],[7.06186,46.28313],[7.06178,46.28312],[7.06141,46.28305],[7.06115,46.28299],[7.06054,46.28288],[7.05989,46.28281],[7.05913,46.28243],[7.0587,46.27996],[7.05862,46.27979],[7.0585,46.27963],[7.05833,46.2795],[7.05812,46.27939],[7.05779,46.27926],[7.05576,46.27851],[7.05463,46.27532],[7.05378,46.27451],[7.05304,46.27164]]]},"properties":{"bfs_nr":5405,"name":"Gryon"}},{"type":"Feature","geometry":{"type":"Polygon","coordinates":[[[7.00999,46.2207],[7.00824,46.21938],[7.00948,46.21565],[7.01035,46.21152],[7.01145,46.20835],[7.01176,46.20564],[7.01304,46.20466],[7.01674,46.20341],[7.02037,46.20154],[7.02516,46.19754],[7.02891,46.19203],[7.03164,46.18995],[7.03284,46.18791],[7.03695,46.188],[7.03913,46.18857],[7.04145,46.18992],[7.04354,46.19003],[7.04858,46.1923],[7.05142,46.19293],[7.05249,46.19397],[7.05601,46.19556],[7.05898,46.19602],[7.0607,46.19758],[7.06384,46.19936],[7.06902,46.20051],[7.06996,46.20146],[7.06966,46.20207],[7.06946,46.20283],[7.06949,46.20317],[7.06969,46.20347],[7.07052,46.20435],[7.07052,46.20472],[7.07058,46.20529],[7.07075,46.20633],[7.07081,46.20651],[7.07092,46.20667],[7.07115,46.20691],[7.07164,46.20767],[7.07169,46.20791],[7.07163,46.2084],[7.07152,46.20874],[7.07145,46.20889],[7.07109,46.2097],[7.07103,46.20983],[7.07069,46.21039],[7.07054,46.21059],[7.07023,46.21094],[7.06999,46.21114],[7.0697,46.2113],[7.06216,46.21452],[7.06046,46.21596],[7.05877,46.21837],[7.05889,46.22091],[7.05888,46.22111],[7.05883,46.22131],[7.0582,46.22281],[7.05807,46.22304],[7.0574,46.22396],[7.0572,46.22419],[7.05676,46.22458],[7.05655,46.22473],[7.05612,46.2249],[7.05564,46.22495],[7.05534,46.22492],[7.05041,46.22409],[7.04961,46.22413],[7.04862,46.22437],[7.04833,46.22445],[7.04799,46.22457],[7.04736,46.22473],[7.04703,46.2249],[7.04652,46.22523],[7.04651,46.22524],[7.04615,46.22548],[7.04613,46.22549],[7.04553,46.22589],[7.04523,46.22604],[7.04496,46.22612],[7.0436,46.22623],[7.04348,46.22625],[7.04332,46.22628],[7.04291,46.22637],[7.042,46.22649],[7.04127,46.22659],[7.0403,46.22675],[7.03923,46.22694],[7.03881,46.227],[7.03652,46.22745],[7.03285,46.22801],[7.03255,46.22804],[7.03224,46.22802],[7.03195,46.22799],[7.03164,46.22794],[7.0306,46.22769],[7.03053,46.22768],[7.02978,46.22754],[7.02971,46.22752],[7.02816,46.22718],[7.02806,46.22715],[7.02677,46.22681],[7.02461,46.22625],[7.02277,46.22577],[7.02105,46.22533],[7.02099,46.22531],[7.02066,46.22521],[7.02019,46.22509],[7.01992,46.225],[7.01974,46.22492],[7.01957,46.22483],[7.01831,46.22405],[7.01809,46.22393],[7.01769,46.22374],[7.01761,46.22371],[7.01753,46.22368],[7.01742,46.22363],[7.01729,46.22359],[7.01722,46.22357],[7.0159,46.22322],[7.01586,46.22321],[7.01583,46.2232],[7.01571,46.22316],[7.01568,46.22315],[7.01446,46.22254],[7.01223,46.2216],[7.01115,46.22136],[7.00999,46.2207]]]},"properties":{"bfs_nr":5406,"name":"Lavey-Morcles"}},{"type":"Feature","geometry":{"type":"Polygon","coordinates":[[[6.97871,46.32841],[6.97725,46.32537],[6.97718,46.32515],[6.97723,46.32475],[6.97802,46.32283],[6.97815,46.32262],[6.98173,46.32166],[6.98271,46.32105],[6.9832,46.32084],[6.98379,46.32073],[6.98429,46.32077],[6.98473,46.32093],[6.98552,46.32138],[7.00291,46.32569],[7.00294,46.32569],[7.00788,46.32696],[7.00826,46.32709],[7.0163,46.33068],[7.0166,46.33085],[7.02882,46.33916],[7.02912,46.33944],[7.03064,46.34127],[7.03048,46.34319],[7.02888,46.34495],[7.03069,46.34639],[7.02979,46.34887],[7.03034,46.35007],[7.03041,46.35084],[7.03041,46.35105],[7.03041,46.35107],[7.03038,46.35121],[7.03029,46.35141],[7.03011,46.35172],[7.03008,46.35211],[7.03016,46.35314],[7.03035,46.35351],[7.03102,46.35417],[7.03146,46.35735],[7.03315,46.35868],[7.03325,46.35966],[7.03443,46.36071],[7.03457,46.36095],[7.03508,46.36193],[7.03512,46.36199],[7.03587,46.36315],[7.03587,46.36316],[7.03756,46.36574],[7.03793,46.36864],[7.03994,46.37487],[7.0396,46.37612],[7.04029,46.37714],[7.03934,46.37836],[7.03773,46.37891],[7.03624,46.37998],[7.03275,46.38318],[7.03251,46.38336],[7.03228,46.38347],[7.03194,46.38356],[7.02412,46.38503],[7.02362,46.38512],[7.02326,46.38516],[7.02291,46.38514],[7.01898,46.38466],[7.01876,46.38465],[7.01518,46.38463],[7.01392,46.38406],[7.01296,46.3826],[7.01287,46.38244],[7.01282,46.38227],[7.01213,46.37832],[7.01188,46.3779],[7.00947,46.37565],[7.00656,46.37425],[7.00147,46.37229],[7.00077,46.37217],[6.99888,46.37225],[6.99856,46.37224],[6.99807,46.37212],[6.99787,46.37201],[6.99765,46.37185],[6.99669,46.37093],[6.99653,46.37075],[6.99645,46.37059],[6.9964,46.37038],[6.99632,46.36946],[6.99636,46.36907],[6.9974,46.36598],[6.99753,46.36572],[6.99873,46.36393],[6.99965,46.3632],[6.99983,46.36305],[6.99995,46.36289],[7.00002,46.36271],[7.00004,46.36252],[6.99991,46.36216],[6.99936,46.36152],[6.99959,46.35774],[6.99967,46.35647],[6.99959,46.35549],[6.99979,46.35479],[6.99981,46.35462],[6.99979,46.35445],[6.99962,46.35412],[6.99844,46.35211],[6.99833,46.35191],[6.99769,46.35111],[6.99755,46.35096],[6.99738,46.35083],[6.99696,46.35066],[6.99653,46.35056],[6.99558,46.35019],[6.99321,46.35023],[6.98778,46.34599],[6.98751,46.34572],[6.98741,46.34552],[6.98709,46.34461],[6.98707,46.34456],[6.98556,46.33934],[6.97983,46.33313],[6.97975,46.33303],[6.97819,46.33095],[6.97806,46.33073],[6.97802,46.33054],[6.97804,46.33031],[6.97871,46.32841]]]},"properties":{"bfs_nr":5407,"name":"Leysin"}},{"type":"Feature","geometry":{"type":"Polygon","coordinates":[[[6.82561,46.42397],[6.85469,46.39846],[6.85785,46.39574],[6.86244,46.39098],[6.86982,46.38607],[6.87345,46.38269],[6.87574,46.38122],[6.88107,46.37895],[6.88479,46.37605],[6.88624,46.37231],[6.88694,46.36588],[6.88746,46.3653],[6.89107,46.36501],[6.8947,46.36324],[6.89557,46.36121],[6.89581,46.36092],[6.89618,46.3607],[6.89664,46.3606],[6.89688,46.36059],[6.89735,46.36067],[6.89853,46.36121],[6.89915,46.36133],[6.89941,46.36135],[6.89968,46.36134],[6.90017,46.3612],[6.90061,46.36091],[6.90131,46.36069],[6.90265,46.36117],[6.90376,46.36399],[6.90425,46.36439],[6.90667,46.36483],[6.90705,46.36538],[6.90836,46.37159],[6.90852,46.37235],[6.90852,46.37239],[6.90853,46.37244],[6.90854,46.37252],[6.90854,46.3726],[6.90854,46.37266],[6.90854,46.37268],[6.90854,46.37275],[6.90853,46.37282],[6.90853,46.37289],[6.90852,46.37294],[6.90852,46.37297],[6.90851,46.37301],[6.9085,46.37304],[6.90849,46.37308],[6.90847,46.37317],[6.90846,46.3732],[6.90845,46.37323],[6.90843,46.37328],[6.90826,46.37375],[6.90758,46.37562],[6.90754,46.37579],[6.90755,46.37596],[6.90761,46.37613],[6.90771,46.37629],[6.90786,46.37643],[6.90825,46.37664],[6.91369,46.37857],[6.91397,46.3787],[6.91441,46.37916],[6.91444,46.37953],[6.91405,46.3805],[6.91454,46.38111],[6.92052,46.3845],[6.92167,46.3846],[6.9251,46.38527],[6.9261,46.38537],[6.92673,46.3867],[6.92438,46.38944],[6.92399,46.39011],[6.9237,46.39123],[6.9237,46.39125],[6.92335,46.39253],[6.92329,46.3927],[6.92323,46.39283],[6.92309,46.39305],[6.92304,46.39311],[6.9229,46.39327],[6.92262,46.3935],[6.92091,46.39447],[6.92058,46.39469],[6.92053,46.39472],[6.92041,46.39481],[6.9203,46.39491],[6.9202,46.39501],[6.92,46.39529],[6.91907,46.39687],[6.91895,46.39704],[6.91882,46.39717],[6.91862,46.3973],[6.91402,46.39987],[6.91356,46.40007],[6.87969,46.41],[6.82715,46.42537],[6.82549,46.42503],[6.82561,46.42397]]]},"properties":{"bfs_nr":5408,"name":"Noville"}},{"type":"Feature","geometry":{"type":"Polygon","coordinates":[[[6.95053,46.29069],[6.95854,46.28523],[6.96104,46.28207],[6.96342,46.27429],[6.96429,46.2704],[6.96655,46.26726],[6.96978,46.2645],[6.97137,46.26421],[6.98029,46.26672],[6.98296,46.2674],[6.98301,46.26742],[6.98401,46.26765],[6.98426,46.26769],[6.98517,46.26777],[6.98617,46.26774],[6.98726,46.26752],[6.98837,46.26773],[6.98842,46.26774],[6.98892,46.26782],[6.98896,46.26783],[6.98946,46.26789],[6.98951,46.2679],[6.99,46.26796],[6.99004,46.26796],[6.99043,46.268],[6.99047,46.268],[6.99108,46.26804],[6.99111,46.26804],[6.99688,46.26835],[7.00534,46.2688],[7.00538,46.2688],[7.00589,46.26883],[7.00598,46.26884],[7.0062,46.26886],[7.00631,46.26888],[7.00659,46.26891],[7.00684,46.26895],[7.00693,46.26897],[7.00741,46.26907],[7.00759,46.26911],[7.00779,46.26916],[7.00785,46.26918],[7.0084,46.26934],[7.00842,46.26935],[7.01444,46.27122],[7.01447,46.27123],[7.01515,46.27145],[7.01522,46.27147],[7.01544,46.27155],[7.01549,46.27157],[7.02291,46.27541],[7.02307,46.27553],[7.02308,46.27554],[7.02316,46.2756],[7.02324,46.27567],[7.02338,46.27579],[7.02348,46.27589],[7.02382,46.27629],[7.02394,46.27647],[7.02438,46.27724],[7.02494,46.27782],[7.02558,46.27814],[7.02582,46.27833],[7.02608,46.27849],[7.02631,46.2786],[7.02659,46.2787],[7.02677,46.27875],[7.02697,46.27883],[7.02719,46.27896],[7.02747,46.27921],[7.02754,46.27926],[7.02765,46.27935],[7.02779,46.27944],[7.02792,46.27951],[7.02819,46.27968],[7.02846,46.27999],[7.02856,46.28042],[7.02879,46.28076],[7.02919,46.281],[7.02944,46.28107],[7.0297,46.28111],[7.03008,46.28113],[7.03039,46.28113],[7.03056,46.28111],[7.03084,46.28106],[7.03097,46.28102],[7.03153,46.28094],[7.03226,46.28092],[7.03252,46.28097],[7.03282,46.28107],[7.03301,46.28116],[7.03319,46.28128],[7.03338,46.28145],[7.0334,46.28148],[7.03374,46.28191],[7.0341,46.28226],[7.03446,46.2825],[7.03549,46.28268],[7.03596,46.28286],[7.0369,46.28355],[7.03808,46.284],[7.03845,46.28433],[7.03985,46.285],[7.04075,46.28584],[7.04381,46.28678],[7.04847,46.28578],[7.05141,46.2858],[7.05198,46.28573],[7.05236,46.28561],[7.0527,46.28539],[7.05291,46.2851],[7.05304,46.2846],[7.05346,46.28419],[7.0539,46.28403],[7.05498,46.28389],[7.05601,46.28362],[7.05671,46.28366],[7.05718,46.28357],[7.05848,46.28306],[7.05957,46.28284],[7.06024,46.28285],[7.06172,46.28311],[7.06196,46.28314],[7.06202,46.28315],[7.06227,46.28315],[7.06272,46.28309],[7.06353,46.28313],[7.06401,46.28331],[7.06449,46.28357],[7.06639,46.28432],[7.06695,46.28441],[7.06739,46.28455],[7.06875,46.28534],[7.06895,46.28543],[7.06908,46.28548],[7.06946,46.28561],[7.07053,46.28603],[7.07078,46.28616],[7.07094,46.28629],[7.07116,46.2866],[7.07119,46.28677],[7.07119,46.28734],[7.07234,46.28956],[7.07263,46.29054],[7.07278,46.29073],[7.07298,46.29089],[7.07355,46.29114],[7.07407,46.29142],[7.07418,46.2915],[7.07445,46.29162],[7.07539,46.29202],[7.07598,46.29258],[7.07638,46.29274],[7.07703,46.29282],[7.07757,46.29302],[7.07845,46.29356],[7.07878,46.29391],[7.07888,46.29401],[7.07918,46.29426],[7.0793,46.29435],[7.07958,46.29453],[7.0798,46.29463],[7.07998,46.29477],[7.08013,46.29493],[7.08024,46.29515],[7.08054,46.29605],[7.08061,46.2962],[7.08067,46.2963],[7.08075,46.29641],[7.08132,46.29703],[7.08241,46.29751],[7.08405,46.29867],[7.08444,46.29885],[7.085,46.29896],[7.08524,46.29904],[7.08545,46.29914],[7.08576,46.29941],[7.08607,46.29999],[7.08722,46.30101],[7.08902,46.3012],[7.08933,46.30131],[7.08935,46.30132],[7.08954,46.30142],[7.08966,46.30151],[7.08986,46.30163],[7.09007,46.30178],[7.09105,46.30281],[7.09169,46.3036],[7.09182,46.30386],[7.09191,46.304],[7.09204,46.30413],[7.09222,46.30429],[7.09238,46.3044],[7.09296,46.3047],[7.0936,46.30521],[7.09475,46.30589],[7.09913,46.30743],[7.10401,46.30847],[7.10803,46.30893],[7.10855,46.30921],[7.10903,46.30937],[7.10954,46.30964],[7.10995,46.30979],[7.11159,46.3101],[7.11339,46.31023],[7.11392,46.31025],[7.11419,46.31023],[7.11461,46.31017],[7.11592,46.31028],[7.11784,46.31024],[7.11837,46.31011],[7.11944,46.30953],[7.12068,46.30901],[7.12193,46.3089],[7.12385,46.30945],[7.12475,46.30961],[7.12519,46.30959],[7.12611,46.30943],[7.12683,46.30927],[7.12721,46.30923],[7.12738,46.30918],[7.12761,46.30912],[7.12887,46.30867],[7.13051,46.3084],[7.1322,46.30829],[7.13291,46.30809],[7.13374,46.30798],[7.13459,46.30779],[7.13515,46.30773],[7.13592,46.30761],[7.13635,46.30759],[7.13647,46.30759],[7.1367,46.30759],[7.13674,46.30759],[7.13757,46.30756],[7.13814,46.30754],[7.13894,46.30766],[7.13945,46.30762],[7.1399,46.30744],[7.14128,46.30685],[7.14315,46.30576],[7.14515,46.3051],[7.14685,46.3056],[7.14697,46.30824],[7.14856,46.3091],[7.14867,46.30926],[7.14874,46.30961],[7.14869,46.30983],[7.14868,46.30986],[7.14802,46.31174],[7.14798,46.31197],[7.14802,46.31298],[7.14792,46.31338],[7.14412,46.31465],[7.14383,46.31491],[7.14375,46.31507],[7.1437,46.31523],[7.1437,46.3154],[7.14375,46.31556],[7.14447,46.31732],[7.14454,46.31745],[7.14579,46.31934],[7.14593,46.31973],[7.14605,46.3216],[7.14603,46.32177],[7.14593,46.32207],[7.14559,46.32317],[7.14551,46.32335],[7.14511,46.32412],[7.14466,46.32511],[7.14451,46.32535],[7.14396,46.32578],[7.14305,46.32639],[7.14279,46.32653],[7.14249,46.32663],[7.14024,46.32721],[7.13993,46.32727],[7.13808,46.32728],[7.13747,46.32726],[7.13695,46.32732],[7.13565,46.32781],[7.13384,46.32922],[7.1328,46.33004],[7.13257,46.3302],[7.12884,46.33235],[7.12323,46.33635],[7.12086,46.33601],[7.12137,46.3331],[7.11889,46.32847],[7.11752,46.32782],[7.11387,46.32741],[7.11355,46.32736],[7.11326,46.32725],[7.11167,46.32656],[7.11147,46.32649],[7.11125,46.32644],[7.11102,46.32642],[7.11079,46.32643],[7.10982,46.32653],[7.10938,46.32664],[7.10892,46.32686],[7.10868,46.32692],[7.10818,46.32696],[7.10787,46.32691],[7.1041,46.32612],[7.1038,46.32604],[7.10354,46.32592],[7.10049,46.32418],[7.1001,46.32403],[7.09776,46.32344],[7.09752,46.3234],[7.09728,46.32339],[7.09703,46.32341],[7.0968,46.32346],[7.09659,46.32355],[7.0964,46.32365],[7.09613,46.32393],[7.09602,46.32426],[7.09592,46.32648],[7.09625,46.32808],[7.09531,46.32906],[7.09212,46.3298],[7.08962,46.33192],[7.08942,46.33207],[7.08923,46.33217],[7.0888,46.33228],[7.08833,46.33229],[7.08804,46.33223],[7.08176,46.33058],[7.08146,46.33053],[7.07932,46.33034],[7.07826,46.33041],[7.07779,46.3306],[7.07747,46.3309],[7.07735,46.33121],[7.07724,46.33139],[7.07652,46.33235],[7.07633,46.33256],[7.07383,46.33327],[7.07279,46.33389],[7.07255,46.33402],[7.07234,46.33409],[7.07187,46.33414],[7.07157,46.33412],[7.06613,46.33355],[7.05985,46.33582],[7.05984,46.33582],[7.05648,46.33701],[7.05624,46.33708],[7.05603,46.33712],[7.05553,46.33714],[7.05487,46.33724],[7.05438,46.33726],[7.0541,46.33732],[7.0539,46.33739],[7.05315,46.33773],[7.05266,46.33798],[7.05152,46.33826],[7.04731,46.33907],[7.04333,46.33851],[7.04141,46.33846],[7.04079,46.33831],[7.04049,46.33828],[7.04016,46.33831],[7.03886,46.3385],[7.03805,46.33878],[7.0355,46.33801],[7.03463,46.33645],[7.03501,46.33578],[7.03524,46.33503],[7.03599,46.33428],[7.03725,46.33376],[7.03763,46.33342],[7.03796,46.33286],[7.03742,46.33192],[7.03643,46.33178],[7.03567,46.33195],[7.03498,46.33196],[7.03456,46.33206],[7.0343,46.33209],[7.03397,46.33208],[7.03325,46.332],[7.03289,46.33194],[7.03256,46.33181],[7.03125,46.33118],[7.03098,46.33102],[7.03031,46.33034],[7.02879,46.32937],[7.02855,46.32918],[7.0274,46.32811],[7.02727,46.32797],[7.02646,46.32699],[7.02645,46.32698],[7.026,46.32642],[7.02578,46.32622],[7.02415,46.32506],[7.02254,46.32428],[7.02222,46.32387],[7.02182,46.32338],[7.02169,46.32325],[7.02153,46.32314],[7.02097,46.32278],[7.02075,46.3225],[7.02055,46.32181],[7.0203,46.32152],[7.01991,46.32131],[7.01838,46.32106],[7.00998,46.31723],[7.00955,46.31705],[7.00885,46.31689],[7.00832,46.31685],[7.0081,46.3168],[7.00789,46.31673],[7.00771,46.31663],[7.00738,46.31639],[7.00722,46.31631],[7.00627,46.31592],[7.00606,46.31582],[7.0058,46.31567],[7.00557,46.31552],[7.00542,46.31537],[7.00516,46.31482],[7.00511,46.31422],[7.00491,46.31389],[7.00474,46.31375],[7.00454,46.31364],[7.00378,46.3133],[7.00371,46.31327],[7.00113,46.31226],[6.99734,46.31097],[6.99349,46.31017],[6.98786,46.30982],[6.98684,46.30956],[6.98437,46.30867],[6.98242,46.30805],[6.98209,46.30792],[6.9786,46.3062],[6.97858,46.3062],[6.97714,46.3055],[6.97711,46.30549],[6.97604,46.305],[6.97576,46.30485],[6.97419,46.3038],[6.97385,46.3035],[6.97318,46.30275],[6.97313,46.30167],[6.97308,46.30149],[6.97298,46.30132],[6.97284,46.30117],[6.97266,46.30105],[6.97244,46.30095],[6.9722,46.30088],[6.96858,46.30014],[6.96829,46.30005],[6.9679,46.29983],[6.96766,46.29952],[6.96758,46.29922],[6.96741,46.29891],[6.96709,46.29866],[6.96666,46.29851],[6.95833,46.29688],[6.95801,46.29679],[6.95778,46.29668],[6.95719,46.29632],[6.95576,46.29581],[6.95553,46.29571],[6.95533,46.29559],[6.95386,46.29452],[6.95235,46.29343],[6.95045,46.29203],[6.95026,46.29186],[6.95008,46.29153],[6.95053,46.29069]]]},"properties":{"bfs_nr":5409,"name":"Ollon"}},{"type":"Feature","geometry":{"type":"Polygon","coordinates":[[[7.01236,46.39291],[7.0127,46.39198],[7.01532,46.39077],[7.01553,46.39066],[7.0157,46.39052],[7.01583,46.39037],[7.01592,46.39019],[7.01595,46.39001],[7.01601,46.38747],[7.01599,46.38727],[7.0159,46.38708],[7.01515,46.38595],[7.01504,46.38538],[7.01639,46.38464],[7.01903,46.38467],[7.02298,46.38515],[7.02327,46.38516],[7.02355,46.38513],[7.02412,46.38503],[7.03201,46.38355],[7.03228,46.38348],[7.03252,46.38336],[7.03271,46.38322],[7.03623,46.37999],[7.03922,46.37844],[7.04001,46.37791],[7.04034,46.37723],[7.04001,46.37508],[7.03846,46.37018],[7.03846,46.36961],[7.03792,46.36857],[7.03758,46.36578],[7.03586,46.36315],[7.03513,46.36201],[7.03508,46.36192],[7.03457,46.36096],[7.03454,46.3609],[7.03451,46.36082],[7.03445,46.36062],[7.03445,46.36032],[7.03432,46.35996],[7.03324,46.35871],[7.03145,46.35696],[7.03124,46.35405],[7.03032,46.35341],[7.03018,46.35307],[7.03009,46.35206],[7.03037,46.35125],[7.03039,46.35118],[7.03041,46.35109],[7.03042,46.35102],[7.03042,46.35088],[7.03034,46.35003],[7.03029,46.34984],[7.02997,46.34901],[7.0308,46.34648],[7.02894,46.34489],[7.03048,46.34327],[7.03088,46.34183],[7.03136,46.34118],[7.03263,46.33988],[7.03313,46.33937],[7.03347,46.33902],[7.03372,46.33875],[7.03395,46.33847],[7.03456,46.33813],[7.03561,46.33817],[7.0378,46.3389],[7.039,46.33853],[7.04002,46.33834],[7.04054,46.3383],[7.04077,46.33833],[7.0414,46.33847],[7.0433,46.33854],[7.04568,46.33905],[7.04733,46.33908],[7.05182,46.33826],[7.05259,46.33802],[7.05317,46.33772],[7.0538,46.33744],[7.05405,46.33734],[7.05451,46.33727],[7.05499,46.33726],[7.05554,46.33716],[7.0559,46.33713],[7.05614,46.33711],[7.05642,46.33703],[7.05984,46.33582],[7.05985,46.33582],[7.06607,46.33357],[7.07163,46.33413],[7.07187,46.33414],[7.07211,46.33413],[7.07234,46.33409],[7.07256,46.33402],[7.07275,46.33392],[7.07378,46.3333],[7.07564,46.33286],[7.07614,46.33269],[7.07634,46.33256],[7.07649,46.3324],[7.07736,46.33123],[7.07767,46.33074],[7.07832,46.33042],[7.0794,46.33035],[7.08138,46.33052],[7.08183,46.3306],[7.0881,46.33225],[7.08832,46.33229],[7.08856,46.3323],[7.0888,46.33229],[7.08902,46.33224],[7.08924,46.33217],[7.08943,46.33207],[7.08959,46.33195],[7.09212,46.32981],[7.09537,46.32905],[7.09625,46.32808],[7.09592,46.32645],[7.09602,46.3243],[7.0964,46.32366],[7.09659,46.32355],[7.09703,46.32342],[7.09752,46.32341],[7.09781,46.32346],[7.10053,46.3242],[7.10359,46.32594],[7.1038,46.32604],[7.10403,46.32611],[7.10793,46.32693],[7.10818,46.32696],[7.10843,46.32696],[7.10868,46.32693],[7.10892,46.32686],[7.10988,46.32653],[7.11102,46.32643],[7.11147,46.32649],[7.11172,46.32658],[7.11332,46.32728],[7.11355,46.32736],[7.1138,46.32741],[7.11748,46.32781],[7.11891,46.32851],[7.12135,46.33306],[7.12066,46.33556],[7.12103,46.33703],[7.12071,46.33731],[7.12049,46.33741],[7.12019,46.3375],[7.11569,46.33847],[7.11537,46.33851],[7.11486,46.33848],[7.11457,46.33839],[7.11322,46.3379],[7.10839,46.33663],[7.10747,46.33663],[7.1061,46.33699],[7.1059,46.33706],[7.10571,46.33715],[7.10555,46.33727],[7.10542,46.3374],[7.1046,46.33844],[7.1044,46.33863],[7.1042,46.33876],[7.10334,46.33926],[7.10324,46.33941],[7.10319,46.33957],[7.10318,46.33974],[7.10322,46.34027],[7.10323,46.34035],[7.10353,46.3418],[7.10357,46.34192],[7.10369,46.34221],[7.1037,46.34222],[7.10419,46.34343],[7.10425,46.34364],[7.10419,46.344],[7.10374,46.34516],[7.10376,46.34572],[7.10313,46.34783],[7.10303,46.34808],[7.10296,46.3482],[7.10289,46.34833],[7.10284,46.3484],[7.10272,46.34855],[7.10262,46.34867],[7.10244,46.34886],[7.10225,46.34899],[7.10179,46.34915],[7.10026,46.34932],[7.09995,46.34931],[7.09904,46.34923],[7.09879,46.3492],[7.09829,46.34911],[7.09801,46.34908],[7.09772,46.34909],[7.09758,46.34911],[7.09736,46.34915],[7.09689,46.34928],[7.09671,46.34933],[7.09565,46.3497],[7.09294,46.35072],[7.09271,46.35083],[7.09253,46.35097],[7.09239,46.35113],[7.09227,46.3515],[7.09218,46.35363],[7.09238,46.35444],[7.09267,46.35516],[7.09285,46.35546],[7.09294,46.3557],[7.09309,46.35595],[7.09385,46.35636],[7.09542,46.35619],[7.09603,46.35624],[7.09618,46.35625],[7.09628,46.35624],[7.09638,46.35624],[7.09656,46.35622],[7.09684,46.35618],[7.09757,46.35617],[7.09993,46.35628],[7.10049,46.35794],[7.0962,46.36155],[7.09567,46.36333],[7.09599,46.36467],[7.09632,46.36532],[7.09677,46.36569],[7.09758,46.36595],[7.09809,46.36615],[7.09831,46.36629],[7.09857,46.36649],[7.09902,46.36672],[7.09991,46.36754],[7.10006,46.36773],[7.10026,46.36841],[7.10036,46.36919],[7.10042,46.36939],[7.10047,46.36971],[7.10044,46.36988],[7.10027,46.37018],[7.09996,46.37042],[7.09848,46.37099],[7.09794,46.37157],[7.09803,46.37209],[7.09876,46.37257],[7.10149,46.37331],[7.10411,46.37355],[7.11258,46.37701],[7.11292,46.3771],[7.11407,46.37731],[7.11966,46.37828],[7.11993,46.37831],[7.1202,46.3783],[7.1235,46.37789],[7.12366,46.37788],[7.1268,46.37768],[7.1273,46.3777],[7.12838,46.37782],[7.1287,46.37783],[7.12901,46.37779],[7.12933,46.37771],[7.12934,46.37771],[7.13079,46.37738],[7.13111,46.37734],[7.13163,46.37737],[7.13215,46.37757],[7.13391,46.37861],[7.13398,46.37866],[7.13709,46.38023],[7.13764,46.38118],[7.13642,46.38603],[7.13635,46.38621],[7.13512,46.38883],[7.13241,46.39327],[7.13015,46.39517],[7.12537,46.40431],[7.1253,46.40514],[7.12508,46.40546],[7.12487,46.40562],[7.12478,46.40568],[7.12458,46.40579],[7.12447,46.40583],[7.12439,46.40587],[7.12416,46.40596],[7.12331,46.40629],[7.12115,46.40718],[7.11907,46.4081],[7.11858,46.40875],[7.11834,46.41012],[7.11827,46.41034],[7.11818,46.41055],[7.11807,46.41075],[7.11776,46.41101],[7.11733,46.41118],[7.11703,46.41123],[7.11699,46.41123],[7.11473,46.41147],[7.11444,46.41152],[7.11029,46.41269],[7.11024,46.4127],[7.10964,46.41286],[7.1094,46.41294],[7.10914,46.41305],[7.10911,46.41307],[7.1088,46.41322],[7.10859,46.41331],[7.10612,46.4142],[7.10548,46.41449],[7.10519,46.4146],[7.10387,46.415],[7.10375,46.41504],[7.10228,46.41541],[7.10216,46.41544],[7.10076,46.41572],[7.0999,46.41592],[7.09724,46.41645],[7.09662,46.41654],[7.09608,46.41648],[7.09578,46.41637],[7.09489,46.41596],[7.09478,46.41591],[7.08696,46.41188],[7.08088,46.40566],[7.08042,46.40537],[7.07883,46.40476],[7.07834,46.40466],[7.07783,46.40469],[7.07738,46.40486],[7.07706,46.40513],[7.07678,46.40573],[7.07565,46.40954],[7.07621,46.41279],[7.0761,46.41302],[7.07601,46.41314],[7.07592,46.41333],[7.07575,46.41388],[7.07574,46.41391],[7.07542,46.41521],[7.07565,46.4163],[7.0756,46.41654],[7.07547,46.41685],[7.07547,46.41686],[7.0739,46.42074],[7.07302,46.42202],[7.07296,46.4221],[7.07278,46.42245],[7.07274,46.42251],[7.07272,46.42254],[7.07269,46.42258],[7.07243,46.42306],[7.0721,46.42369],[7.07198,46.42387],[7.0717,46.42411],[7.07147,46.42422],[7.06713,46.42604],[7.06684,46.42613],[7.0666,46.42618],[7.06629,46.42619],[7.04503,46.42569],[7.04469,46.42566],[7.04421,46.42549],[7.04401,46.42536],[7.04379,46.42514],[7.04366,46.42502],[7.04349,46.42492],[7.04331,46.42484],[7.0432,46.4248],[7.04313,46.42478],[7.04281,46.42469],[7.04268,46.42465],[7.04241,46.42457],[7.04101,46.42352],[7.03907,46.42336],[7.03842,46.42296],[7.03768,46.42229],[7.03672,46.42149],[7.03541,46.42051],[7.03318,46.41921],[7.03242,46.41885],[7.03132,46.41826],[7.03124,46.41822],[7.03062,46.41784],[7.03059,46.41782],[7.03045,46.41774],[7.02908,46.4168],[7.02888,46.41669],[7.02878,46.41664],[7.02844,46.41644],[7.02813,46.41621],[7.02801,46.41612],[7.02796,46.41608],[7.02753,46.41572],[7.02686,46.41524],[7.02589,46.4147],[7.02573,46.4146],[7.02491,46.41401],[7.02478,46.41392],[7.02444,46.41362],[7.02415,46.41333],[7.02398,46.41318],[7.02385,46.41309],[7.02337,46.41284],[7.02306,46.41264],[7.02292,46.41258],[7.02283,46.41253],[7.02266,46.41241],[7.022,46.41188],[7.02195,46.41183],[7.02178,46.4117],[7.02154,46.41156],[7.02136,46.41148],[7.02128,46.41145],[7.02065,46.41119],[7.01977,46.41091],[7.01914,46.41026],[7.01856,46.40986],[7.01784,46.40952],[7.01653,46.40916],[7.01545,46.40828],[7.01468,46.40787],[7.01442,46.40767],[7.01384,46.4071],[7.01359,46.40676],[7.01306,46.40635],[7.01247,46.40465],[7.01316,46.40043],[7.01426,46.3994],[7.01467,46.39915],[7.0151,46.39863],[7.01495,46.39637],[7.01269,46.39389],[7.01236,46.39291]]]},"properties":{"bfs_nr":5410,"name":"Ormont-Dessous"}},{"type":"Feature","geometry":{"type":"Polygon","coordinates":[[[7.09229,46.3539],[7.09227,46.3515],[7.09239,46.35113],[7.09272,46.35083],[7.09356,46.35049],[7.09564,46.3497],[7.09645,46.34948],[7.09673,46.34934],[7.09702,46.34924],[7.0973,46.34917],[7.09765,46.3491],[7.09801,46.34908],[7.09836,46.34912],[7.09883,46.3492],[7.099,46.34923],[7.10001,46.34932],[7.10026,46.34932],[7.10178,46.34916],[7.1022,46.34902],[7.10238,46.34891],[7.10253,46.34879],[7.10283,46.34842],[7.1029,46.34831],[7.10293,46.34826],[7.10306,46.34802],[7.10315,46.34781],[7.10376,46.34572],[7.10375,46.34516],[7.10421,46.34396],[7.10425,46.34364],[7.10421,46.34347],[7.10369,46.34221],[7.10358,46.34195],[7.10353,46.34177],[7.10324,46.34037],[7.10322,46.34025],[7.10319,46.33982],[7.1032,46.3396],[7.10327,46.33942],[7.10338,46.33926],[7.10421,46.33879],[7.10437,46.33869],[7.10454,46.33851],[7.1054,46.33743],[7.10556,46.33727],[7.1059,46.33706],[7.10616,46.33698],[7.10741,46.33665],[7.10844,46.33665],[7.11318,46.33789],[7.11462,46.33841],[7.11486,46.33848],[7.11511,46.33852],[7.11537,46.33852],[7.11562,46.33848],[7.12191,46.33713],[7.12246,46.3369],[7.12885,46.33234],[7.13261,46.33017],[7.13277,46.33007],[7.13547,46.32795],[7.13568,46.32781],[7.1361,46.32766],[7.13689,46.32756],[7.13773,46.32729],[7.13993,46.32727],[7.14018,46.32723],[7.14256,46.32661],[7.14279,46.32653],[7.143,46.32642],[7.14397,46.32577],[7.14451,46.32535],[7.14463,46.32516],[7.14511,46.32413],[7.14553,46.32332],[7.14558,46.3232],[7.14592,46.32209],[7.14603,46.32177],[7.14605,46.32164],[7.14603,46.32074],[7.14603,46.32068],[7.14593,46.31969],[7.14581,46.31938],[7.14456,46.31748],[7.14446,46.31729],[7.14376,46.3156],[7.14371,46.3154],[7.14375,46.31507],[7.14384,46.31491],[7.14413,46.31465],[7.14793,46.31338],[7.14802,46.31303],[7.14798,46.31203],[7.14804,46.31168],[7.14868,46.30986],[7.14869,46.30985],[7.14876,46.30966],[7.1488,46.30949],[7.14879,46.30932],[7.1485,46.30886],[7.14726,46.30832],[7.14691,46.30482],[7.15132,46.30297],[7.15232,46.30308],[7.1558,46.30446],[7.15602,46.30452],[7.15624,46.30456],[7.15648,46.30458],[7.17142,46.30432],[7.17143,46.30432],[7.18838,46.30391],[7.18951,46.30425],[7.22113,46.32897],[7.22151,46.32962],[7.22269,46.34839],[7.21922,46.35709],[7.21989,46.35785],[7.22653,46.35951],[7.22832,46.36188],[7.22774,46.36321],[7.22493,46.36434],[7.21965,46.36208],[7.21759,46.36164],[7.216,46.36212],[7.21438,46.36418],[7.21094,46.36764],[7.20962,46.37225],[7.2073,46.37406],[7.20777,46.37833],[7.20673,46.37935],[7.20359,46.37874],[7.19385,46.37893],[7.19107,46.37705],[7.18876,46.37621],[7.1863,46.37552],[7.18468,46.37581],[7.18415,46.37633],[7.18196,46.37831],[7.18174,46.37847],[7.18149,46.3786],[7.17889,46.37966],[7.17857,46.37976],[7.17795,46.3798],[7.17465,46.37964],[7.1714,46.38055],[7.17103,46.38062],[7.17066,46.38062],[7.16762,46.38044],[7.16685,46.38056],[7.16447,46.38151],[7.16423,46.38159],[7.16397,46.38164],[7.15816,46.38243],[7.15803,46.38244],[7.1559,46.38263],[7.15565,46.38264],[7.1554,46.38262],[7.15457,46.38254],[7.15324,46.38279],[7.15292,46.38284],[7.15274,46.38285],[7.15245,46.38286],[7.15222,46.38283],[7.15194,46.38277],[7.1503,46.38227],[7.14983,46.38219],[7.14755,46.38213],[7.14708,46.38212],[7.14642,46.38193],[7.1435,46.3804],[7.14257,46.38022],[7.13733,46.38036],[7.134,46.37866],[7.13389,46.3786],[7.1321,46.37754],[7.13188,46.37744],[7.13164,46.37737],[7.13138,46.37733],[7.13111,46.37733],[7.13085,46.37737],[7.12933,46.37771],[7.12908,46.37777],[7.1287,46.37782],[7.1283,46.37781],[7.12721,46.37769],[7.12688,46.37768],[7.12363,46.37788],[7.12352,46.37789],[7.12027,46.37829],[7.11993,46.37831],[7.11959,46.37827],[7.11406,46.37731],[7.11301,46.37712],[7.1125,46.37697],[7.10409,46.37354],[7.10185,46.37333],[7.09882,46.37258],[7.09794,46.37157],[7.09848,46.37099],[7.09988,46.37048],[7.10023,46.37025],[7.10043,46.36995],[7.10048,46.36979],[7.10047,46.36962],[7.10029,46.36849],[7.10008,46.36775],[7.09998,46.36761],[7.09988,46.3675],[7.09927,46.36691],[7.09908,46.36676],[7.0988,46.36657],[7.09821,46.36621],[7.09802,46.36612],[7.09784,46.36603],[7.09763,46.36596],[7.09734,46.36581],[7.09698,46.36571],[7.09643,46.36535],[7.09577,46.36358],[7.09622,46.36156],[7.09956,46.35916],[7.10054,46.35787],[7.10032,46.3561],[7.09933,46.35591],[7.09849,46.35612],[7.09686,46.35618],[7.0967,46.35619],[7.09625,46.35624],[7.09603,46.35624],[7.09581,46.35622],[7.09521,46.35615],[7.09377,46.35624],[7.09331,46.35606],[7.09299,46.35577],[7.09264,46.35501],[7.09229,46.3539]]]},"properties":{"bfs_nr":5411,"name":"Ormont-Dessus"}},{"type":"Feature","geometry":{"type":"Polygon","coordinates":[[[6.90854,46.37276],[6.90854,46.37267],[6.90854,46.37266],[6.90854,46.37259],[6.90854,46.37253],[6.90854,46.37248],[6.90853,46.37245],[6.90852,46.37239],[6.90852,46.37236],[6.90841,46.37178],[6.9084,46.37173],[6.90837,46.37163],[6.90836,46.37158],[6.90745,46.36728],[6.90744,46.36706],[6.90748,46.36688],[6.90809,46.36633],[6.9096,46.36644],[6.91107,46.36727],[6.91111,46.3673],[6.9114,46.36747],[6.91141,46.36748],[6.91188,46.36776],[6.91194,46.36781],[6.91206,46.36788],[6.91219,46.36798],[6.91225,46.36803],[6.91239,46.36813],[6.91244,46.36816],[6.91248,46.36818],[6.91276,46.36833],[6.91282,46.36836],[6.91332,46.36861],[6.91363,46.36875],[6.91418,46.36901],[6.9148,46.3693],[6.91503,46.36939],[6.91529,46.36945],[6.91555,46.36946],[6.91582,46.36944],[6.91733,46.36851],[6.92187,46.36927],[6.92316,46.36917],[6.9247,46.37016],[6.9249,46.37072],[6.92516,46.37146],[6.92558,46.37261],[6.92558,46.37263],[6.92624,46.37436],[6.92625,46.37437],[6.92705,46.37657],[6.92749,46.37775],[6.9275,46.37779],[6.92768,46.3783],[6.92768,46.37831],[6.92777,46.37859],[6.9278,46.37871],[6.92783,46.3788],[6.92796,46.37924],[6.92824,46.3805],[6.92825,46.38053],[6.92832,46.38095],[6.92832,46.38098],[6.92837,46.38139],[6.92838,46.38142],[6.92842,46.38184],[6.92842,46.38188],[6.92844,46.38229],[6.92848,46.3827],[6.92848,46.38279],[6.92849,46.38331],[6.92847,46.38412],[6.92847,46.38416],[6.92844,46.38446],[6.92838,46.38473],[6.92799,46.38519],[6.92759,46.3854],[6.92502,46.38526],[6.9202,46.38429],[6.91459,46.38114],[6.91444,46.37953],[6.91441,46.37916],[6.91417,46.37883],[6.91398,46.37869],[6.91375,46.37859],[6.90866,46.37679],[6.9083,46.37666],[6.90786,46.37643],[6.90762,46.37613],[6.90755,46.37579],[6.90759,46.37558],[6.90844,46.37327],[6.90844,46.37325],[6.90845,46.37323],[6.90846,46.3732],[6.90847,46.37317],[6.90848,46.37314],[6.90849,46.37307],[6.9085,46.37305],[6.90851,46.373],[6.90851,46.37298],[6.90852,46.37293],[6.90853,46.37289],[6.90854,46.37281],[6.90854,46.37276]]]},"properties":{"bfs_nr":5412,"name":"Rennaz"}},{"type":"Feature","geometry":{"type":"Polygon","coordinates":[[[6.90304,46.36187],[6.9033,46.36105],[6.90715,46.35727],[6.90751,46.35699],[6.90975,46.35478],[6.90985,46.35467],[6.90992,46.35454],[6.91021,46.35394],[6.91026,46.35377],[6.91027,46.35359],[6.91023,46.35342],[6.91014,46.35326],[6.91,46.35311],[6.90963,46.35288],[6.90836,46.35227],[6.90824,46.35192],[6.9083,46.35135],[6.90811,46.351],[6.90794,46.35086],[6.90774,46.35074],[6.9075,46.35065],[6.90607,46.35008],[6.90587,46.34976],[6.90587,46.34941],[6.90606,46.34909],[6.90641,46.34884],[6.90668,46.34874],[6.90857,46.3483],[6.90928,46.34812],[6.90997,46.34784],[6.91072,46.34775],[6.91095,46.34771],[6.91096,46.34771],[6.91143,46.34762],[6.91147,46.34762],[6.91282,46.34738],[6.91285,46.34738],[6.91429,46.34714],[6.91457,46.34712],[6.91491,46.34713],[6.91665,46.34733],[6.91797,46.34749],[6.918,46.3475],[6.91901,46.34764],[6.91904,46.34764],[6.92108,46.34794],[6.92307,46.34827],[6.92509,46.34858],[6.92674,46.34882],[6.92676,46.34882],[6.92734,46.34891],[6.92736,46.34891],[6.92914,46.3492],[6.93156,46.34959],[6.9316,46.34959],[6.93208,46.34966],[6.93211,46.34966],[6.93227,46.34968],[6.93233,46.34969],[6.93271,46.34972],[6.93317,46.34986],[6.9333,46.35193],[6.93364,46.35255],[6.93382,46.35266],[6.93403,46.35275],[6.93425,46.35283],[6.93427,46.35283],[6.93504,46.35309],[6.93541,46.35322],[6.93549,46.35324],[6.93648,46.35354],[6.93655,46.35356],[6.93735,46.35382],[6.93736,46.35382],[6.93884,46.3543],[6.93886,46.3543],[6.93938,46.35448],[6.93969,46.35461],[6.93995,46.35479],[6.94018,46.35499],[6.94019,46.355],[6.94047,46.35525],[6.94048,46.35526],[6.94215,46.35672],[6.94263,46.35714],[6.94317,46.35761],[6.94363,46.358],[6.94458,46.35878],[6.9456,46.35961],[6.94561,46.35961],[6.9463,46.36017],[6.94743,46.36096],[6.94882,46.36192],[6.94883,46.36192],[6.95109,46.3635],[6.95129,46.36366],[6.95148,46.36398],[6.95149,46.36432],[6.95132,46.36463],[6.95084,46.36498],[6.94746,46.36476],[6.94451,46.36606],[6.94365,46.36712],[6.9442,46.36863],[6.94404,46.36937],[6.94149,46.37064],[6.93562,46.36976],[6.93292,46.36996],[6.9304,46.37062],[6.92858,46.37113],[6.92588,46.37112],[6.92383,46.36901],[6.92108,46.36902],[6.91733,46.3685],[6.91582,46.36944],[6.91529,46.36944],[6.91503,46.36939],[6.91474,46.36928],[6.91363,46.36875],[6.91361,46.36874],[6.91333,46.36861],[6.91331,46.3686],[6.91283,46.36837],[6.91275,46.36833],[6.91243,46.36815],[6.91222,46.368],[6.91217,46.36796],[6.91208,46.3679],[6.91193,46.3678],[6.91189,46.36777],[6.91141,46.36747],[6.91139,46.36747],[6.9111,46.36729],[6.91108,46.36728],[6.90888,46.36602],[6.90777,46.36502],[6.90426,46.36439],[6.90304,46.36187]]]},"properties":{"bfs_nr":5413,"name":"Roche (VD)"}},{"type":"Feature","geometry":{"type":"Polygon","coordinates":[[[6.88647,46.40801],[6.91364,46.40004],[6.91395,46.39991],[6.91866,46.39727],[6.91882,46.39717],[6.91895,46.39705],[6.91905,46.39691],[6.91999,46.3953],[6.92023,46.39498],[6.92028,46.39493],[6.92044,46.39479],[6.92254,46.39356],[6.92265,46.39349],[6.92279,46.39338],[6.92293,46.39324],[6.92302,46.39314],[6.92312,46.39301],[6.92321,46.39287],[6.9233,46.39267],[6.92334,46.39256],[6.9237,46.39124],[6.9237,46.39123],[6.92398,46.39013],[6.9244,46.38942],[6.92826,46.38493],[6.92839,46.38473],[6.92844,46.38451],[6.92847,46.38416],[6.92847,46.38413],[6.92849,46.38331],[6.92849,46.38329],[6.92848,46.38277],[6.92848,46.38272],[6.92844,46.38228],[6.92842,46.38188],[6.92842,46.38185],[6.92838,46.38142],[6.92838,46.38139],[6.92832,46.38097],[6.92832,46.38096],[6.92824,46.38053],[6.92824,46.3805],[6.92816,46.38008],[6.92815,46.38006],[6.92796,46.37922],[6.92777,46.3786],[6.92768,46.3783],[6.92768,46.37829],[6.9275,46.37778],[6.9275,46.37776],[6.92705,46.37657],[6.92705,46.37656],[6.92624,46.37436],[6.92558,46.37262],[6.92558,46.37261],[6.92554,46.37249],[6.92549,46.37228],[6.92555,46.37195],[6.92639,46.37138],[6.92792,46.37133],[6.93042,46.37061],[6.93287,46.36997],[6.93562,46.36976],[6.94175,46.37119],[6.94424,46.37202],[6.94634,46.37368],[6.94886,46.37393],[6.94962,46.37482],[6.95097,46.37552],[6.95184,46.37594],[6.95282,46.37629],[6.95309,46.37644],[6.95331,46.37663],[6.95382,46.37715],[6.95534,46.37815],[6.95685,46.37977],[6.9571,46.38023],[6.95721,46.38036],[6.95741,46.38055],[6.9591,46.38224],[6.96572,46.38455],[6.96699,46.38411],[6.97007,46.38452],[6.97192,46.3861],[6.9765,46.38651],[6.98058,46.38765],[6.98428,46.39021],[6.98599,46.39127],[6.98677,46.39158],[6.98753,46.39194],[6.9877,46.39203],[6.98802,46.39221],[6.98839,46.39247],[6.98876,46.3927],[6.98895,46.39284],[6.99026,46.3939],[6.99092,46.39465],[6.99104,46.39481],[6.99184,46.39583],[6.99194,46.39594],[6.99257,46.39653],[6.99258,46.39654],[6.99312,46.39704],[6.99314,46.39706],[6.99383,46.39766],[6.99401,46.39778],[6.99421,46.39788],[6.99469,46.39799],[6.99494,46.39799],[6.99542,46.3979],[6.99629,46.39743],[6.99677,46.39734],[6.99749,46.39746],[6.99884,46.39915],[7.00122,46.40163],[7.0042,46.40299],[7.00475,46.40328],[7.00532,46.40376],[7.0055,46.40389],[7.00571,46.40399],[7.00595,46.40406],[7.0062,46.4041],[7.00689,46.40413],[7.00753,46.40429],[7.00826,46.40433],[7.00896,46.40454],[7.00987,46.40497],[7.0101,46.40504],[7.01035,46.40508],[7.01204,46.40519],[7.01305,46.40648],[7.01441,46.40769],[7.01457,46.40781],[7.01484,46.40796],[7.01543,46.40828],[7.01634,46.40907],[7.01673,46.40928],[7.01849,46.40985],[7.01969,46.41089],[7.02078,46.41125],[7.02147,46.41153],[7.02183,46.41174],[7.02249,46.41229],[7.02255,46.41234],[7.02268,46.41243],[7.0228,46.41251],[7.02305,46.41265],[7.02317,46.41274],[7.02339,46.41286],[7.0239,46.41312],[7.02419,46.41337],[7.02442,46.4136],[7.0248,46.41393],[7.02488,46.414],[7.02576,46.41461],[7.02587,46.41468],[7.02683,46.41522],[7.02754,46.41573],[7.02796,46.41608],[7.02803,46.41614],[7.02811,46.4162],[7.02849,46.41648],[7.02871,46.41661],[7.02883,46.41666],[7.02912,46.41683],[7.0305,46.41777],[7.03072,46.4179],[7.03125,46.41822],[7.03131,46.41825],[7.03244,46.41886],[7.03312,46.41919],[7.03544,46.42053],[7.03771,46.42232],[7.03823,46.42287],[7.03795,46.42386],[7.03703,46.42412],[7.03658,46.42408],[7.03621,46.424],[7.03352,46.4232],[7.03324,46.42315],[7.03035,46.42278],[7.03024,46.42277],[7.02539,46.42246],[7.02496,46.42248],[7.02328,46.42277],[7.02305,46.4228],[7.02281,46.4228],[7.01765,46.42261],[7.01628,46.42348],[7.01614,46.42622],[7.01595,46.42965],[7.01592,46.42985],[7.01555,46.43119],[7.01511,46.43283],[7.01509,46.43301],[7.01524,46.4337],[7.0155,46.43413],[7.01777,46.43651],[7.01942,46.43804],[7.02079,46.43899],[7.02423,46.44081],[7.02404,46.44196],[7.02391,46.44217],[7.02383,46.44226],[7.02379,46.4423],[7.02373,46.44238],[7.02353,46.44255],[7.02314,46.44277],[7.02282,46.44289],[7.02235,46.44294],[7.02189,46.44288],[7.02162,46.44279],[7.01948,46.44187],[7.01946,46.44186],[7.01908,46.44169],[7.01125,46.43826],[7.00733,46.43772],[7.00368,46.43761],[7.00333,46.43758],[6.99831,46.43678],[6.99829,46.43678],[6.99712,46.43658],[6.99686,46.43652],[6.99661,46.43643],[6.99437,46.4354],[6.99434,46.43539],[6.99214,46.43434],[6.99193,46.43426],[6.9917,46.43421],[6.99146,46.43419],[6.98772,46.43393],[6.98323,46.43208],[6.98107,46.4312],[6.98087,46.43114],[6.98067,46.4311],[6.98026,46.43104],[6.97996,46.43102],[6.97966,46.43105],[6.97913,46.43115],[6.9791,46.43116],[6.97672,46.43165],[6.97593,46.43167],[6.9757,46.4316],[6.97544,46.43149],[6.97388,46.43065],[6.97364,46.43049],[6.97345,46.4303],[6.97239,46.42893],[6.97237,46.42891],[6.97171,46.42811],[6.97151,46.42792],[6.97025,46.42703],[6.96991,46.42685],[6.96684,46.42572],[6.9635,46.42377],[6.95956,46.42183],[6.95385,46.41913],[6.9535,46.41891],[6.95253,46.41816],[6.9525,46.41814],[6.95005,46.41616],[6.94917,46.41532],[6.94872,46.4151],[6.94789,46.41492],[6.94688,46.41456],[6.94592,46.41426],[6.9456,46.41417],[6.94548,46.41413],[6.94506,46.41398],[6.94482,46.4139],[6.94429,46.41371],[6.94404,46.41362],[6.94371,46.41347],[6.9429,46.41254],[6.94277,46.41239],[6.94238,46.41201],[6.94207,46.41171],[6.9419,46.41158],[6.94158,46.41137],[6.94131,46.41117],[6.94118,46.41109],[6.94102,46.411],[6.94097,46.41097],[6.94043,46.41065],[6.94042,46.41065],[6.93991,46.41035],[6.93988,46.41033],[6.93972,46.41025],[6.93948,46.41009],[6.9376,46.40856],[6.93621,46.40827],[6.93602,46.40821],[6.93532,46.40803],[6.93522,46.40801],[6.93512,46.40798],[6.93497,46.40795],[6.93458,46.40784],[6.9343,46.40778],[6.93401,46.40777],[6.93302,46.40787],[6.93273,46.40793],[6.93206,46.40817],[6.93153,46.40825],[6.93127,46.40827],[6.93108,46.40827],[6.93097,46.40828],[6.93083,46.40829],[6.88704,46.40975],[6.88672,46.40974],[6.88624,46.40962],[6.88562,46.40888],[6.88647,46.40801]]]},"properties":{"bfs_nr":5414,"name":"Villeneuve (VD)"}},{"type":"Feature","geometry":{"type":"Polygon","coordinates":[[[6.89734,46.3398],[6.89972,46.33893],[6.90468,46.33857],[6.91493,46.3396],[6.91931,46.33895],[6.92132,46.33779],[6.92939,46.3307],[6.93077,46.32902],[6.93222,46.3255],[6.9334,46.325],[6.9347,46.32455],[6.93508,46.32445],[6.93525,46.32441],[6.93542,46.32438],[6.93684,46.32422],[6.93758,46.32417],[6.93798,46.32414],[6.93808,46.32413],[6.93857,46.3241],[6.93864,46.3241],[6.93924,46.32408],[6.93927,46.32408],[6.93975,46.32405],[6.94043,46.32399],[6.94056,46.32398],[6.94064,46.32397],[6.94078,46.32397],[6.94086,46.32397],[6.94134,46.32396],[6.94176,46.32397],[6.94204,46.32398],[6.94244,46.32401],[6.94321,46.32408],[6.94326,46.32408],[6.94542,46.32421],[6.94545,46.32422],[6.94551,46.32422],[6.94556,46.32422],[6.9457,46.32422],[6.94574,46.32422],[6.94648,46.32423],[6.94732,46.32427],[6.94862,46.32428],[6.949,46.3243],[6.94976,46.32442],[6.95049,46.32459],[6.95055,46.3246],[6.9507,46.32463],[6.95081,46.32465],[6.9511,46.32469],[6.95982,46.32578],[6.96002,46.32581],[6.96029,46.32583],[6.9604,46.32584],[6.9609,46.32579],[6.96113,46.32571],[6.96121,46.32568],[6.96137,46.3256],[6.96156,46.32549],[6.96167,46.32542],[6.96184,46.3253],[6.96185,46.32529],[6.96202,46.32516],[6.96206,46.32514],[6.96226,46.32497],[6.96248,46.32483],[6.96339,46.32464],[6.96545,46.3247],[6.96619,46.32495],[6.96714,46.32561],[6.96738,46.32587],[6.96772,46.3261],[6.96793,46.32618],[6.96816,46.32623],[6.9684,46.32625],[6.96971,46.32626],[6.97736,46.32923],[6.97795,46.32964],[6.97801,46.33055],[6.97806,46.33073],[6.97816,46.33091],[6.97976,46.33304],[6.97982,46.33311],[6.98557,46.33938],[6.98707,46.34457],[6.98708,46.3446],[6.98751,46.34582],[6.9878,46.34814],[6.98575,46.349],[6.97581,46.34455],[6.97005,46.34204],[6.96956,46.34171],[6.96788,46.33995],[6.96578,46.33776],[6.96561,46.33762],[6.9654,46.3375],[6.96515,46.33742],[6.96489,46.33737],[6.96462,46.33736],[6.96432,46.33738],[6.96431,46.33738],[6.96391,46.33733],[6.96367,46.33731],[6.9616,46.33758],[6.96114,46.33734],[6.9607,46.33674],[6.96055,46.33661],[6.96036,46.3365],[6.96015,46.33641],[6.95992,46.33635],[6.95899,46.33616],[6.95851,46.33617],[6.95807,46.3363],[6.95692,46.3367],[6.95578,46.33669],[6.9548,46.33711],[6.9544,46.33776],[6.95359,46.33939],[6.9534,46.33986],[6.95331,46.34005],[6.95041,46.34461],[6.94973,46.34668],[6.94879,46.34972],[6.94876,46.34991],[6.94879,46.3501],[6.94886,46.35028],[6.94896,46.35042],[6.9491,46.35054],[6.94994,46.35122],[6.95072,46.35204],[6.95087,46.35217],[6.95105,46.35228],[6.95387,46.35323],[6.95458,46.3538],[6.95455,46.35438],[6.95376,46.35604],[6.9533,46.3585],[6.95295,46.35877],[6.95273,46.35887],[6.95242,46.35894],[6.95057,46.35927],[6.95032,46.3593],[6.95007,46.3593],[6.94902,46.35925],[6.94879,46.35926],[6.94856,46.35929],[6.94835,46.35935],[6.94815,46.35943],[6.94723,46.35988],[6.94652,46.35997],[6.94606,46.35987],[6.94586,46.35978],[6.94564,46.35964],[6.9456,46.35961],[6.9456,46.3596],[6.94458,46.35878],[6.94363,46.358],[6.94318,46.35762],[6.94316,46.35761],[6.94263,46.35714],[6.94262,46.35713],[6.94214,46.35671],[6.94047,46.35526],[6.94046,46.35524],[6.94018,46.355],[6.94017,46.35499],[6.9399,46.35475],[6.93969,46.35461],[6.93944,46.3545],[6.93885,46.3543],[6.93883,46.3543],[6.93736,46.35382],[6.93734,46.35382],[6.93654,46.35355],[6.93649,46.35354],[6.93551,46.35325],[6.93539,46.35321],[6.93505,46.35309],[6.93427,46.35283],[6.93424,46.35282],[6.93408,46.35277],[6.93382,46.35266],[6.93364,46.35254],[6.93331,46.35193],[6.93317,46.34986],[6.93271,46.34972],[6.93255,46.3497],[6.93222,46.34968],[6.93211,46.34966],[6.93207,46.34966],[6.93161,46.34959],[6.93155,46.34958],[6.92913,46.3492],[6.92913,46.34919],[6.92735,46.34891],[6.92674,46.34882],[6.92511,46.34859],[6.92507,46.34858],[6.92307,46.34826],[6.92107,46.34794],[6.91903,46.34764],[6.91796,46.34749],[6.91665,46.34733],[6.9149,46.34713],[6.91457,46.34711],[6.91434,46.34714],[6.91283,46.34738],[6.91281,46.34738],[6.91145,46.34762],[6.91141,46.34763],[6.91107,46.34766],[6.91021,46.34748],[6.89736,46.34132],[6.89712,46.34118],[6.89685,46.34089],[6.89734,46.3398]]]},"properties":{"bfs_nr":5415,"name":"Yvorne"}},{"type":"Feature","geometry":{"type":"Polygon","coordinates":[[[6.32823,46.49464],[6.33041,46.49264],[6.33274,46.4922],[6.33434,46.49359],[6.33451,46.49376],[6.33472,46.4939],[6.33555,46.49434],[6.33584,46.49445],[6.33671,46.4947],[6.33683,46.49473],[6.33717,46.49481],[6.33744,46.49484],[6.33771,46.49484],[6.33797,46.4948],[6.33821,46.49472],[6.33997,46.49402],[6.34011,46.49395],[6.34021,46.49389],[6.34034,46.4938],[6.34045,46.49372],[6.34062,46.49353],[6.34162,46.49236],[6.3418,46.49203],[6.34182,46.49185],[6.34178,46.49168],[6.3417,46.49151],[6.34157,46.49136],[6.34107,46.49084],[6.34095,46.49052],[6.341,46.49019],[6.34123,46.4899],[6.34196,46.48955],[6.34216,46.48945],[6.34229,46.48938],[6.34246,46.48927],[6.34266,46.48911],[6.34298,46.48879],[6.34311,46.48866],[6.3435,46.48835],[6.34359,46.48828],[6.34409,46.48793],[6.3441,46.48792],[6.34498,46.48729],[6.34552,46.48684],[6.346,46.48654],[6.34612,46.48647],[6.34642,46.48623],[6.34644,46.48622],[6.34651,46.48616],[6.34663,46.48604],[6.34782,46.4847],[6.34866,46.48426],[6.34917,46.48425],[6.34948,46.4843],[6.35154,46.48485],[6.35171,46.48488],[6.35192,46.48492],[6.35227,46.48494],[6.35254,46.48493],[6.3526,46.48493],[6.35327,46.48489],[6.35368,46.48489],[6.35397,46.48491],[6.3543,46.48496],[6.35457,46.48501],[6.35476,46.48506],[6.3554,46.48526],[6.3556,46.48537],[6.35581,46.48554],[6.35598,46.48575],[6.35638,46.48633],[6.35641,46.48638],[6.35662,46.48664],[6.35673,46.48676],[6.35687,46.48686],[6.35744,46.48723],[6.35763,46.48734],[6.35807,46.48755],[6.35851,46.4878],[6.35877,46.48792],[6.35997,46.48826],[6.36042,46.4885],[6.36098,46.48905],[6.36196,46.48973],[6.36248,46.49004],[6.3627,46.49019],[6.36306,46.49049],[6.36316,46.49059],[6.36372,46.49113],[6.36388,46.49126],[6.36407,46.49137],[6.36428,46.49145],[6.36452,46.4915],[6.36501,46.4915],[6.36566,46.49128],[6.36644,46.49069],[6.36686,46.49054],[6.3675,46.49046],[6.36776,46.49038],[6.36798,46.49026],[6.36817,46.49012],[6.36863,46.48966],[6.36864,46.48965],[6.37074,46.48758],[6.37147,46.48692],[6.37165,46.48659],[6.37158,46.48609],[6.3716,46.48576],[6.37179,46.48546],[6.37213,46.48522],[6.3734,46.4847],[6.37466,46.48448],[6.37508,46.48426],[6.37524,46.48411],[6.37536,46.4839],[6.37558,46.48367],[6.37577,46.48353],[6.37632,46.48322],[6.37723,46.48244],[6.37876,46.48209],[6.3814,46.48118],[6.3822,46.47993],[6.38276,46.4796],[6.38429,46.47934],[6.3846,46.47909],[6.3847,46.47894],[6.38592,46.47664],[6.38703,46.47524],[6.38785,46.47481],[6.38845,46.4748],[6.39632,46.47578],[6.40139,46.47717],[6.40322,46.47899],[6.405,46.47979],[6.40542,46.48077],[6.40435,46.48205],[6.40452,46.48271],[6.40587,46.48385],[6.40516,46.4852],[6.40524,46.48661],[6.40448,46.48716],[6.40439,46.48722],[6.4043,46.4873],[6.40418,46.4874],[6.404,46.48762],[6.40389,46.48784],[6.40385,46.48801],[6.40386,46.48818],[6.40392,46.48834],[6.40415,46.48863],[6.405,46.4897],[6.40482,46.49004],[6.40426,46.49061],[6.40414,46.49092],[6.40337,46.49162],[6.40311,46.49257],[6.40218,46.49345],[6.40205,46.49361],[6.40191,46.49398],[6.40156,46.49448],[6.40048,46.49487],[6.40025,46.49496],[6.40006,46.49508],[6.3999,46.49523],[6.39891,46.49631],[6.39866,46.49635],[6.3984,46.49636],[6.39815,46.49634],[6.39706,46.4961],[6.39548,46.49732],[6.3951,46.49752],[6.39432,46.49765],[6.39413,46.49769],[6.39386,46.49776],[6.39335,46.49788],[6.39321,46.49791],[6.393,46.49799],[6.3928,46.4981],[6.39252,46.49838],[6.39226,46.49891],[6.39194,46.49917],[6.39151,46.49933],[6.39052,46.49941],[6.39033,46.49943],[6.39002,46.49949],[6.38998,46.4995],[6.3894,46.49961],[6.38903,46.49966],[6.38892,46.49967],[6.38842,46.49965],[6.38721,46.49936],[6.38697,46.49933],[6.38673,46.49933],[6.3865,46.49936],[6.38628,46.49942],[6.38608,46.49951],[6.38532,46.50011],[6.3851,46.50028],[6.38487,46.50039],[6.38429,46.50058],[6.38383,46.50095],[6.38319,46.50178],[6.38211,46.50204],[6.38141,46.50247],[6.38073,46.50347],[6.37847,46.50472],[6.37814,46.50543],[6.37765,46.50587],[6.37737,46.50597],[6.37699,46.50604],[6.3766,46.50609],[6.3759,46.5062],[6.37552,46.50622],[6.37505,46.50637],[6.37485,46.50649],[6.37469,46.50663],[6.37457,46.50679],[6.37451,46.50696],[6.37456,46.50795],[6.37449,46.50811],[6.37422,46.50839],[6.37376,46.50868],[6.37359,46.50886],[6.37358,46.50888],[6.37347,46.50902],[6.37341,46.50909],[6.37325,46.50923],[6.37263,46.50962],[6.37241,46.50984],[6.372,46.51008],[6.37043,46.51037],[6.36677,46.51263],[6.36365,46.51502],[6.36276,46.5167],[6.3591,46.51868],[6.35613,46.51913],[6.35317,46.51867],[6.35131,46.51684],[6.34791,46.51604],[6.3459,46.51478],[6.3459,46.51395],[6.34573,46.51364],[6.34456,46.51239],[6.34123,46.51035],[6.33859,46.50966],[6.33718,46.50948],[6.33664,46.50894],[6.33596,46.50761],[6.33589,46.5068],[6.33777,46.50333],[6.33759,46.50301],[6.33726,46.50276],[6.33604,46.50214],[6.33579,46.50199],[6.33564,46.50184],[6.33541,46.50153],[6.3351,46.50131],[6.33166,46.49957],[6.33144,46.49944],[6.33118,46.49917],[6.33113,46.49831],[6.33131,46.49798],[6.33161,46.49764],[6.33169,46.49746],[6.33171,46.49728],[6.33169,46.4971],[6.3316,46.49692],[6.33146,46.49675],[6.33127,46.49661],[6.33104,46.49649],[6.33077,46.49642],[6.33027,46.49631],[6.33021,46.4963],[6.32989,46.49625],[6.32985,46.49624],[6.32924,46.49615],[6.32895,46.4961],[6.32825,46.49581],[6.328,46.49551],[6.32793,46.49516],[6.32798,46.49499],[6.32806,46.49482],[6.32823,46.49464]]]},"properties":{"bfs_nr":5422,"name":"Aubonne"}},{"type":"Feature","geometry":{"type":"Polygon","coordinates":[[[6.35455,46.54852],[6.35442,46.54708],[6.35804,46.54492],[6.36137,46.54354],[6.36176,46.54331],[6.36301,46.54233],[6.36388,46.54192],[6.36448,46.54163],[6.36465,46.54153],[6.36479,46.54141],[6.36513,46.54108],[6.36514,46.54108],[6.36549,46.54074],[6.36573,46.54055],[6.3658,46.5405],[6.36612,46.54034],[6.36635,46.54026],[6.36671,46.54012],[6.36675,46.54011],[6.36685,46.54008],[6.36703,46.54002],[6.36719,46.53998],[6.36721,46.53997],[6.36725,46.53996],[6.36749,46.53992],[6.36807,46.53986],[6.36836,46.53978],[6.36866,46.53964],[6.37297,46.53781],[6.37418,46.53789],[6.3755,46.53843],[6.37568,46.5385],[6.37698,46.53886],[6.37742,46.53905],[6.37775,46.53929],[6.37812,46.53963],[6.37848,46.54004],[6.37897,46.54042],[6.37916,46.54064],[6.37986,46.54155],[6.38022,46.54199],[6.38075,46.54275],[6.38103,46.54304],[6.38307,46.54462],[6.38355,46.54491],[6.38408,46.54528],[6.38433,46.54547],[6.38463,46.54579],[6.38466,46.54584],[6.38479,46.54599],[6.38505,46.54624],[6.38519,46.54636],[6.3853,46.54644],[6.38552,46.54656],[6.38576,46.54664],[6.38603,46.54669],[6.38657,46.54667],[6.38757,46.54625],[6.38787,46.546],[6.3882,46.54576],[6.38949,46.54504],[6.3895,46.54504],[6.39057,46.54444],[6.39078,46.54429],[6.39086,46.54421],[6.39102,46.54404],[6.39178,46.54209],[6.39267,46.54139],[6.39361,46.54139],[6.39413,46.54132],[6.39621,46.53989],[6.3995,46.53992],[6.40041,46.54021],[6.40074,46.54073],[6.40114,46.54309],[6.40244,46.54862],[6.40251,46.54982],[6.40136,46.55062],[6.4012,46.55078],[6.40106,46.55099],[6.40086,46.55126],[6.40064,46.55145],[6.40034,46.55161],[6.39931,46.55203],[6.3988,46.55218],[6.3979,46.55234],[6.39763,46.55241],[6.39658,46.55278],[6.39657,46.55279],[6.39536,46.55323],[6.39486,46.55335],[6.39402,46.55348],[6.39399,46.55348],[6.3932,46.55361],[6.39285,46.55371],[6.39234,46.55391],[6.39095,46.55458],[6.39067,46.55488],[6.39059,46.55523],[6.39063,46.55541],[6.39089,46.55613],[6.39094,46.55634],[6.39092,46.55655],[6.39087,46.55683],[6.3908,46.55732],[6.3908,46.55843],[6.39082,46.55858],[6.39093,46.55905],[6.39093,46.55906],[6.39109,46.55964],[6.39112,46.55972],[6.39214,46.56242],[6.39242,46.56298],[6.39276,46.56358],[6.3938,46.56576],[6.39387,46.56631],[6.39417,46.56707],[6.3943,46.56841],[6.39427,46.5687],[6.39415,46.56912],[6.39406,46.56935],[6.39392,46.56962],[6.39374,46.56986],[6.39346,46.57017],[6.39311,46.57069],[6.39299,46.57117],[6.39278,46.57147],[6.39262,46.57159],[6.39238,46.57172],[6.39211,46.57183],[6.39195,46.5719],[6.39157,46.57202],[6.39126,46.57211],[6.39069,46.57222],[6.39066,46.57223],[6.39034,46.57226],[6.38792,46.57192],[6.38674,46.57118],[6.38463,46.57072],[6.38234,46.56883],[6.38186,46.56869],[6.38134,46.5687],[6.3789,46.56887],[6.37847,46.56866],[6.37819,46.56834],[6.37803,46.5677],[6.37728,46.56701],[6.37607,46.56667],[6.37275,46.56444],[6.37228,46.5642],[6.37176,46.56405],[6.37151,46.56397],[6.37132,46.5639],[6.37101,46.56374],[6.3709,46.56367],[6.37077,46.56357],[6.36838,46.56159],[6.3666,46.56145],[6.36273,46.56345],[6.36246,46.56356],[6.36196,46.56365],[6.36146,46.5636],[6.36102,46.56341],[6.36059,46.56306],[6.36025,46.5628],[6.35992,46.56254],[6.3599,46.56253],[6.35974,46.5624],[6.35956,46.56229],[6.35935,46.5622],[6.35912,46.56213],[6.35888,46.5621],[6.35863,46.56211],[6.35839,46.56214],[6.35731,46.5624],[6.35632,46.56207],[6.35549,46.56132],[6.35543,46.56097],[6.35547,46.56079],[6.35571,46.56047],[6.35662,46.55992],[6.35694,46.55964],[6.35704,46.55947],[6.35708,46.55929],[6.35707,46.55911],[6.3569,46.55877],[6.35624,46.55821],[6.3559,46.55702],[6.35527,46.55627],[6.35537,46.55576],[6.35567,46.55548],[6.35674,46.55501],[6.35709,46.55479],[6.35722,46.55465],[6.35735,46.55433],[6.35731,46.554],[6.357,46.5533],[6.35752,46.55246],[6.35756,46.55209],[6.35724,46.5516],[6.35522,46.55006],[6.35502,46.54987],[6.35485,46.54952],[6.35455,46.54852]]]},"properties":{"bfs_nr":5423,"name":"Ballens"}},{"type":"Feature","geometry":{"type":"Polygon","coordinates":[[[6.2931,46.58095],[6.2924,46.57899],[6.29997,46.57649],[6.30464,46.57587],[6.31158,46.57528],[6.31259,46.57438],[6.31235,46.57389],[6.30955,46.57114],[6.3094,46.57096],[6.3093,46.57046],[6.30946,46.57014],[6.30964,46.56997],[6.32599,46.5569],[6.32942,46.55521],[6.33021,46.55381],[6.33301,46.55257],[6.33326,46.55246],[6.33399,46.552],[6.33759,46.55036],[6.3409,46.54881],[6.34117,46.54871],[6.34163,46.54864],[6.3421,46.54869],[6.34252,46.54885],[6.34273,46.549],[6.34419,46.55028],[6.34549,46.55137],[6.34568,46.5515],[6.34591,46.5516],[6.34616,46.55167],[6.34642,46.5517],[6.34695,46.55165],[6.34875,46.55075],[6.35131,46.55054],[6.35337,46.54956],[6.3549,46.54981],[6.35702,46.55144],[6.35738,46.55192],[6.35729,46.55242],[6.35681,46.55327],[6.35723,46.55395],[6.35727,46.55447],[6.35706,46.55479],[6.35584,46.55538],[6.35563,46.5555],[6.35545,46.55564],[6.35532,46.5558],[6.35522,46.55617],[6.35574,46.55774],[6.35601,46.55807],[6.35689,46.55877],[6.35707,46.55929],[6.35694,46.55963],[6.35657,46.55995],[6.3557,46.56047],[6.35546,46.56079],[6.35542,46.56097],[6.35543,46.56115],[6.35549,46.56133],[6.3556,46.56149],[6.35623,46.5626],[6.35601,46.56292],[6.3558,46.56308],[6.35451,46.5639],[6.35445,46.56394],[6.35398,46.56422],[6.35389,46.56427],[6.3518,46.56534],[6.34963,46.56681],[6.34752,46.56776],[6.34596,46.5688],[6.3457,46.56908],[6.3453,46.56986],[6.3449,46.57086],[6.33689,46.5774],[6.33627,46.57771],[6.33407,46.57835],[6.33171,46.57916],[6.32913,46.58034],[6.32589,46.58097],[6.32344,46.58087],[6.32235,46.58181],[6.31895,46.58323],[6.31794,46.58395],[6.31551,46.58502],[6.30657,46.58699],[6.29942,46.58553],[6.29673,46.5843],[6.2931,46.58095]]]},"properties":{"bfs_nr":5424,"name":"Berolle"}},{"type":"Feature","geometry":{"type":"Polygon","coordinates":[[[6.26696,46.55828],[6.26722,46.55812],[6.26752,46.558],[6.26858,46.55766],[6.26993,46.55706],[6.27619,46.55217],[6.28267,46.55207],[6.28414,46.55184],[6.28433,46.55174],[6.28473,46.55149],[6.28495,46.5513],[6.28543,46.55077],[6.2855,46.55069],[6.28644,46.54937],[6.28648,46.5493],[6.28699,46.5484],[6.28751,46.54715],[6.28846,46.54593],[6.28891,46.54524],[6.2892,46.54502],[6.28959,46.54487],[6.29132,46.54442],[6.29136,46.54441],[6.29208,46.5442],[6.29238,46.54409],[6.29272,46.54391],[6.29293,46.54377],[6.29358,46.54297],[6.29584,46.54171],[6.29602,46.5416],[6.29627,46.54133],[6.29634,46.54117],[6.29643,46.54057],[6.29683,46.5395],[6.29944,46.53755],[6.30001,46.53618],[6.30056,46.53582],[6.30206,46.53579],[6.30255,46.53566],[6.30319,46.53539],[6.30343,46.53534],[6.30388,46.53531],[6.30426,46.53533],[6.30509,46.53543],[6.30535,46.53545],[6.30561,46.53542],[6.30641,46.53531],[6.30742,46.53525],[6.30768,46.53526],[6.30923,46.53542],[6.3105,46.53528],[6.31075,46.53522],[6.31098,46.53513],[6.31395,46.53382],[6.31473,46.53317],[6.31535,46.53233],[6.31573,46.53168],[6.31594,46.5314],[6.31604,46.53121],[6.31618,46.53038],[6.31898,46.52818],[6.32173,46.52688],[6.32701,46.52246],[6.32871,46.52206],[6.33109,46.52072],[6.33237,46.52041],[6.33375,46.51962],[6.33402,46.51952],[6.33423,46.51947],[6.33487,46.51941],[6.33701,46.51888],[6.33797,46.51856],[6.3387,46.51859],[6.34035,46.51901],[6.34323,46.51903],[6.34671,46.51873],[6.34748,46.51844],[6.34936,46.51731],[6.35103,46.51729],[6.35313,46.5187],[6.35629,46.51917],[6.35753,46.51909],[6.35855,46.51981],[6.35851,46.52038],[6.35865,46.52132],[6.35883,46.52164],[6.35974,46.52242],[6.36007,46.52284],[6.36046,46.5236],[6.36132,46.52444],[6.36141,46.5251],[6.36094,46.52585],[6.36043,46.5263],[6.36029,46.52666],[6.36034,46.52722],[6.361,46.52848],[6.36097,46.52866],[6.36088,46.52883],[6.36074,46.52898],[6.36012,46.52946],[6.35987,46.52977],[6.35981,46.52994],[6.36002,46.53067],[6.36077,46.53112],[6.36216,46.53127],[6.36416,46.53197],[6.36449,46.53212],[6.36476,46.53227],[6.365,46.53243],[6.36514,46.53258],[6.36524,46.53275],[6.36529,46.5331],[6.36488,46.53372],[6.36477,46.53409],[6.36489,46.53445],[6.36565,46.53516],[6.37118,46.53689],[6.37179,46.53795],[6.37079,46.53869],[6.36977,46.53891],[6.36945,46.53905],[6.36894,46.53946],[6.36839,46.53977],[6.36807,46.53986],[6.3675,46.53991],[6.3673,46.53995],[6.3672,46.53998],[6.36719,46.53998],[6.367,46.54003],[6.36688,46.54006],[6.36674,46.54011],[6.36672,46.54012],[6.36667,46.54014],[6.36635,46.54026],[6.36632,46.54027],[6.36606,46.54037],[6.36584,46.54047],[6.36581,46.54049],[6.36576,46.54052],[6.36568,46.54058],[6.36552,46.5407],[6.36513,46.54109],[6.36482,46.54138],[6.36465,46.54153],[6.36443,46.54165],[6.36294,46.54237],[6.3618,46.54328],[6.36131,46.54356],[6.36014,46.54402],[6.35787,46.54499],[6.35436,46.5471],[6.35365,46.54939],[6.35159,46.5504],[6.34891,46.55061],[6.34695,46.55164],[6.34643,46.5517],[6.34591,46.5516],[6.34569,46.5515],[6.34545,46.55134],[6.34419,46.55028],[6.34404,46.55013],[6.34392,46.55001],[6.34269,46.54897],[6.34252,46.54885],[6.34232,46.54875],[6.3421,46.54869],[6.34187,46.54865],[6.34163,46.54864],[6.34139,46.54866],[6.34116,46.54871],[6.34095,46.54879],[6.33732,46.55044],[6.33391,46.55204],[6.3336,46.55224],[6.33318,46.55249],[6.33301,46.55257],[6.333,46.55257],[6.33066,46.55361],[6.3304,46.5537],[6.32993,46.55382],[6.32941,46.55415],[6.32893,46.55524],[6.32647,46.55652],[6.3096,46.57],[6.30945,46.57014],[6.30935,46.5703],[6.30929,46.57046],[6.30928,46.57063],[6.30939,46.57096],[6.30952,46.57111],[6.31229,46.57383],[6.31256,46.57436],[6.31155,46.57525],[6.30459,46.57587],[6.2999,46.57649],[6.29231,46.57901],[6.29162,46.58091],[6.29073,46.58115],[6.28908,46.58118],[6.28877,46.58116],[6.28829,46.58103],[6.28804,46.5809],[6.28008,46.57565],[6.2756,46.57299],[6.27527,46.57271],[6.27515,46.57253],[6.26948,46.56103],[6.26919,46.5607],[6.26873,46.56048],[6.26846,46.56043],[6.26709,46.56027],[6.26678,46.56022],[6.26655,46.56014],[6.26597,46.55957],[6.26616,46.55889],[6.26636,46.55871],[6.26668,46.55849],[6.26671,46.55847],[6.26696,46.55828]]]},"properties":{"bfs_nr":5425,"name":"Bi\u00e8re"}},{"type":"Feature","geometry":{"type":"Polygon","coordinates":[[[6.33476,46.49165],[6.33524,46.49154],[6.33568,46.49132],[6.33593,46.49104],[6.33708,46.48863],[6.33794,46.48802],[6.33836,46.48756],[6.33882,46.48735],[6.33949,46.48725],[6.33985,46.48717],[6.34015,46.48706],[6.34038,46.48696],[6.34051,46.48689],[6.34065,46.4868],[6.34469,46.48383],[6.34561,46.48281],[6.34718,46.47996],[6.34748,46.47965],[6.34782,46.4794],[6.34798,46.47923],[6.34877,46.47834],[6.34883,46.47826],[6.34885,46.47823],[6.34904,46.47795],[6.34912,46.4778],[6.35087,46.475],[6.35345,46.47497],[6.35513,46.47587],[6.35608,46.4767],[6.35626,46.47684],[6.35649,46.47694],[6.35687,46.47709],[6.3571,46.47715],[6.35761,46.47719],[6.35831,46.47699],[6.35903,46.4766],[6.35928,46.47655],[6.35981,46.47657],[6.36058,46.47678],[6.36087,46.47684],[6.36185,46.47698],[6.36247,46.47725],[6.36271,46.48004],[6.36108,46.48172],[6.36089,46.48201],[6.36084,46.48236],[6.36194,46.48642],[6.36199,46.48659],[6.36208,46.48674],[6.36221,46.48688],[6.36258,46.48714],[6.36276,46.48732],[6.36286,46.48748],[6.36293,46.48782],[6.36288,46.48799],[6.36266,46.4883],[6.36212,46.48864],[6.36141,46.48879],[6.3607,46.48864],[6.36003,46.48829],[6.3595,46.4881],[6.35892,46.48797],[6.35871,46.4879],[6.35847,46.48777],[6.35811,46.48757],[6.35768,46.48737],[6.35739,46.4872],[6.35691,46.48689],[6.35674,46.48675],[6.35659,46.48661],[6.35642,46.48639],[6.35637,46.48632],[6.35596,46.48571],[6.35586,46.48559],[6.35577,46.4855],[6.35561,46.48537],[6.3554,46.48525],[6.35517,46.48517],[6.35473,46.48505],[6.3546,46.48502],[6.35427,46.48496],[6.35418,46.48494],[6.35392,46.48491],[6.35373,46.48489],[6.35349,46.48488],[6.35332,46.48489],[6.35262,46.48493],[6.35253,46.48493],[6.35236,46.48494],[6.35184,46.4849],[6.35176,46.48489],[6.3515,46.48484],[6.3495,46.48431],[6.34948,46.48431],[6.34942,46.48429],[6.34917,46.48424],[6.34892,46.48423],[6.34866,46.48426],[6.34786,46.48466],[6.34666,46.48602],[6.34648,46.48618],[6.34644,46.48621],[6.34641,46.48624],[6.34614,46.48645],[6.34597,46.48656],[6.34545,46.48688],[6.34522,46.48706],[6.34516,46.48713],[6.34494,46.48732],[6.34409,46.48793],[6.34408,46.48793],[6.34358,46.48829],[6.34351,46.48834],[6.34309,46.48868],[6.343,46.48877],[6.3427,46.48907],[6.34241,46.48931],[6.34232,46.48936],[6.34213,46.48947],[6.34206,46.4895],[6.3415,46.48971],[6.3413,46.48983],[6.34114,46.48997],[6.34102,46.49013],[6.34095,46.4903],[6.34093,46.49048],[6.34096,46.49066],[6.34105,46.49083],[6.34118,46.49098],[6.34169,46.49151],[6.34181,46.49186],[6.34159,46.4924],[6.34033,46.49381],[6.34022,46.49389],[6.34009,46.49396],[6.33994,46.49403],[6.33827,46.4947],[6.33796,46.49479],[6.33744,46.49484],[6.33711,46.49479],[6.33686,46.49474],[6.33668,46.49469],[6.33591,46.49447],[6.33548,46.4943],[6.33478,46.49393],[6.33451,46.49376],[6.33431,46.49354],[6.33375,46.49241],[6.33476,46.49165]]]},"properties":{"bfs_nr":5426,"name":"Bougy-Villars"}},{"type":"Feature","geometry":{"type":"Polygon","coordinates":[[[6.36106,46.48275],[6.36087,46.48227],[6.36098,46.48192],[6.36271,46.48005],[6.36304,46.47744],[6.36472,46.47649],[6.36675,46.47702],[6.36802,46.4765],[6.36809,46.47546],[6.3697,46.47322],[6.37052,46.47266],[6.37091,46.47223],[6.37111,46.47169],[6.37105,46.47129],[6.37077,46.47051],[6.3708,46.47019],[6.37099,46.46986],[6.37127,46.46885],[6.37138,46.4687],[6.37153,46.46857],[6.37225,46.46813],[6.37243,46.468],[6.37262,46.46791],[6.37323,46.46773],[6.37385,46.46772],[6.37468,46.46787],[6.37519,46.46786],[6.37565,46.46772],[6.37613,46.46743],[6.37667,46.46728],[6.37848,46.46805],[6.37911,46.46949],[6.38181,46.47151],[6.38198,46.47162],[6.38239,46.47178],[6.38339,46.47202],[6.38377,46.47225],[6.38388,46.47337],[6.38412,46.47401],[6.38448,46.47424],[6.38652,46.47485],[6.38614,46.47622],[6.38476,46.47883],[6.38463,46.47903],[6.38428,46.47928],[6.38287,46.4795],[6.38242,46.4797],[6.38212,46.48],[6.38152,46.48097],[6.37746,46.48227],[6.37573,46.48354],[6.37555,46.48369],[6.37538,46.48385],[6.37512,46.4842],[6.3747,46.48445],[6.3735,46.48467],[6.37307,46.48478],[6.3721,46.48523],[6.37175,46.48548],[6.37163,46.48564],[6.37157,46.48581],[6.37155,46.48598],[6.37164,46.48655],[6.37147,46.48691],[6.37075,46.48758],[6.36863,46.48965],[6.36821,46.49008],[6.36798,46.49026],[6.3675,46.49046],[6.36686,46.49054],[6.36664,46.4906],[6.36643,46.49069],[6.36626,46.4908],[6.36566,46.49128],[6.36501,46.4915],[6.36452,46.49149],[6.36429,46.49144],[6.36388,46.49126],[6.36315,46.49057],[6.36308,46.49051],[6.36267,46.49017],[6.36211,46.48979],[6.36184,46.48927],[6.36266,46.48831],[6.36289,46.48799],[6.36293,46.48782],[6.36292,46.48765],[6.36287,46.48748],[6.36277,46.48732],[6.36262,46.48717],[6.36255,46.48711],[6.36222,46.48688],[6.36199,46.48658],[6.36193,46.48638],[6.36187,46.48599],[6.36175,46.48496],[6.36158,46.48402],[6.36106,46.48275]]]},"properties":{"bfs_nr":5427,"name":"F\u00e9chy"}},{"type":"Feature","geometry":{"type":"Polygon","coordinates":[[[6.24038,46.54534],[6.2405,46.54434],[6.24341,46.54441],[6.24682,46.544],[6.24707,46.54394],[6.2473,46.54384],[6.24746,46.54375],[6.2475,46.54373],[6.2478,46.54356],[6.24783,46.54354],[6.24937,46.54259],[6.24984,46.54238],[6.25204,46.54166],[6.25319,46.54145],[6.25344,46.54135],[6.25487,46.54065],[6.25503,46.54056],[6.25517,46.54044],[6.25528,46.54032],[6.25593,46.53941],[6.25677,46.53876],[6.25814,46.53855],[6.25913,46.53798],[6.25957,46.53785],[6.26004,46.53783],[6.26064,46.53791],[6.26149,46.53793],[6.26158,46.53794],[6.26341,46.5379],[6.2639,46.53782],[6.26624,46.53729],[6.26668,46.53713],[6.26789,46.53626],[6.26809,46.53608],[6.26864,46.53544],[6.26876,46.53526],[6.26882,46.53507],[6.26893,46.53434],[6.2691,46.53395],[6.26944,46.53367],[6.26966,46.53358],[6.27046,46.53341],[6.27174,46.53313],[6.27229,46.53306],[6.27506,46.53288],[6.27665,46.53196],[6.27774,46.53108],[6.27791,46.53076],[6.27813,46.52937],[6.27832,46.52906],[6.2787,46.52879],[6.27932,46.52848],[6.27954,46.52839],[6.27977,46.52832],[6.28013,46.52824],[6.28016,46.52823],[6.28055,46.52814],[6.28077,46.52807],[6.28119,46.5279],[6.28139,46.5278],[6.28156,46.52768],[6.2817,46.52753],[6.28179,46.52737],[6.28183,46.5272],[6.28183,46.52703],[6.28178,46.52686],[6.28155,46.52656],[6.2812,46.52626],[6.28102,46.52608],[6.27905,46.52369],[6.27895,46.52356],[6.27754,46.52127],[6.27687,46.52026],[6.27714,46.51962],[6.27751,46.51939],[6.27846,46.51914],[6.27874,46.51905],[6.27941,46.51875],[6.27972,46.51857],[6.28009,46.5184],[6.28105,46.51809],[6.28137,46.51801],[6.28176,46.51794],[6.28178,46.51794],[6.2818,46.51793],[6.28214,46.5179],[6.28242,46.51792],[6.28339,46.51806],[6.28389,46.51796],[6.2849,46.51733],[6.28513,46.517],[6.28518,46.51679],[6.28519,46.51629],[6.28516,46.51609],[6.28475,46.51382],[6.28554,46.51243],[6.28426,46.51142],[6.28002,46.50967],[6.27913,46.50945],[6.27857,46.50908],[6.27831,46.5086],[6.27763,46.50808],[6.27661,46.50749],[6.27648,46.50679],[6.27672,46.50647],[6.27784,46.50583],[6.27985,46.50505],[6.28035,46.50487],[6.28139,46.5045],[6.28161,46.5044],[6.28179,46.50427],[6.28194,46.50412],[6.28209,46.50378],[6.28192,46.50326],[6.28012,46.5019],[6.28003,46.50108],[6.28236,46.49906],[6.28448,46.49813],[6.28637,46.49783],[6.28894,46.4969],[6.28994,46.49715],[6.29156,46.49917],[6.29146,46.50075],[6.29146,46.50081],[6.29154,46.50136],[6.29155,46.50143],[6.29155,46.50162],[6.29152,46.50178],[6.29149,46.50193],[6.29147,46.50202],[6.29146,46.50218],[6.29146,46.50233],[6.29147,46.50239],[6.29152,46.50255],[6.29161,46.5027],[6.29173,46.50283],[6.29208,46.50305],[6.29283,46.50334],[6.29311,46.50341],[6.29333,46.50346],[6.294,46.50355],[6.29527,46.50364],[6.29601,46.50365],[6.29626,46.5036],[6.29649,46.50352],[6.2967,46.50342],[6.29687,46.50328],[6.2975,46.50249],[6.29817,46.50217],[6.30454,46.50262],[6.30844,46.50265],[6.30861,46.50264],[6.30878,46.50262],[6.309,46.50258],[6.30907,46.50257],[6.30925,46.50253],[6.30935,46.50251],[6.30985,46.50238],[6.31158,46.50221],[6.31362,46.50104],[6.31468,46.49936],[6.3164,46.4991],[6.3179,46.49898],[6.31808,46.49896],[6.31857,46.49888],[6.31864,46.49886],[6.31881,46.49884],[6.31908,46.49882],[6.31954,46.49882],[6.31965,46.49881],[6.3198,46.49881],[6.32006,46.49878],[6.32115,46.49859],[6.32365,46.49831],[6.32415,46.49832],[6.32437,46.49829],[6.32458,46.49823],[6.32503,46.49807],[6.32529,46.49798],[6.32553,46.4979],[6.32572,46.49785],[6.32574,46.49784],[6.32603,46.49778],[6.32666,46.49769],[6.32698,46.49766],[6.32803,46.49766],[6.32858,46.49774],[6.33074,46.49911],[6.33503,46.50127],[6.33544,46.50158],[6.33566,46.50189],[6.3358,46.50201],[6.33597,46.50211],[6.33703,46.50265],[6.33741,46.50292],[6.3376,46.50341],[6.33724,46.50402],[6.33361,46.5061],[6.32915,46.50832],[6.32909,46.50835],[6.32706,46.50948],[6.3269,46.50958],[6.32678,46.5097],[6.32567,46.51083],[6.32406,46.51166],[6.32317,46.51235],[6.32297,46.51244],[6.32275,46.51251],[6.32219,46.51257],[6.32175,46.51269],[6.31748,46.51528],[6.3154,46.5175],[6.31509,46.5189],[6.31493,46.5191],[6.31327,46.52125],[6.31324,46.52129],[6.31282,46.52191],[6.31246,46.52247],[6.31232,46.52264],[6.3105,46.52457],[6.31049,46.52458],[6.30808,46.52709],[6.3079,46.52736],[6.30758,46.5282],[6.30754,46.52839],[6.30756,46.52858],[6.30776,46.52893],[6.31261,46.53307],[6.31257,46.53425],[6.31127,46.53497],[6.31079,46.5352],[6.31059,46.53526],[6.30768,46.53525],[6.30747,46.53525],[6.3074,46.53525],[6.30736,46.53525],[6.30636,46.53531],[6.30535,46.53544],[6.30503,46.53542],[6.30419,46.53532],[6.30394,46.53531],[6.30368,46.53531],[6.30343,46.53533],[6.30319,46.53539],[6.30261,46.53562],[6.30211,46.53569],[6.30061,46.53568],[6.30008,46.53603],[6.29979,46.53654],[6.29944,46.53755],[6.29684,46.53946],[6.29642,46.54062],[6.29633,46.54117],[6.29601,46.5416],[6.29408,46.54263],[6.29357,46.54297],[6.29293,46.54377],[6.29266,46.54394],[6.29244,46.54405],[6.292,46.54422],[6.29137,46.5444],[6.29131,46.54442],[6.28989,46.54478],[6.28985,46.54479],[6.28951,46.54489],[6.28928,46.54498],[6.28908,46.54509],[6.28892,46.54522],[6.2888,46.54538],[6.28747,46.5472],[6.28735,46.54742],[6.28721,46.54787],[6.28698,46.54842],[6.28649,46.54928],[6.28642,46.54939],[6.28551,46.55067],[6.28542,46.55079],[6.285,46.55125],[6.28466,46.55153],[6.28438,46.55171],[6.28414,46.55184],[6.2826,46.55207],[6.27617,46.55217],[6.26996,46.55702],[6.26722,46.55811],[6.26702,46.55824],[6.26697,46.55828],[6.26671,46.55847],[6.26668,46.55849],[6.26535,46.55941],[6.26463,46.55969],[6.26387,46.55963],[6.26358,46.55952],[6.26322,46.55935],[6.26286,46.5592],[6.26256,46.55904],[6.26195,46.55863],[6.25807,46.55783],[6.25783,46.55776],[6.25761,46.55767],[6.25685,46.55731],[6.25683,46.5573],[6.25552,46.55665],[6.25518,46.55643],[6.25431,46.55573],[6.25429,46.55572],[6.25369,46.55526],[6.25354,46.55516],[6.25326,46.55501],[6.25297,46.55481],[6.25112,46.55336],[6.25068,46.55295],[6.25039,46.55272],[6.24985,46.55224],[6.24935,46.55174],[6.24933,46.55171],[6.24904,46.5514],[6.24889,46.55119],[6.24881,46.55097],[6.24872,46.55081],[6.2486,46.55067],[6.24817,46.55026],[6.248,46.55013],[6.2478,46.55002],[6.24734,46.54983],[6.24722,46.54978],[6.24571,46.54929],[6.24541,46.54916],[6.24509,46.54901],[6.24488,46.54888],[6.24464,46.54869],[6.24445,46.5486],[6.24424,46.54853],[6.24392,46.54845],[6.24372,46.54836],[6.2435,46.54823],[6.24282,46.54774],[6.24271,46.54764],[6.24108,46.54627],[6.24038,46.54534]]]},"properties":{"bfs_nr":5428,"name":"Gimel"}},{"type":"Feature","geometry":{"type":"Polygon","coordinates":[[[6.21989,46.52022],[6.22058,46.51921],[6.22069,46.51907],[6.22089,46.51884],[6.2209,46.51882],[6.22115,46.51852],[6.22116,46.51851],[6.22135,46.51828],[6.22141,46.51819],[6.22193,46.51735],[6.22225,46.51685],[6.22252,46.5164],[6.22283,46.5159],[6.22374,46.51444],[6.22375,46.51443],[6.22544,46.51153],[6.2256,46.51133],[6.22581,46.51115],[6.2262,46.51089],[6.22661,46.51065],[6.22695,46.51045],[6.22702,46.5104],[6.22726,46.51024],[6.22741,46.51011],[6.2277,46.50981],[6.22793,46.50957],[6.22815,46.50936],[6.2282,46.5093],[6.2286,46.50884],[6.22898,46.50843],[6.22908,46.50834],[6.22952,46.50796],[6.23003,46.50752],[6.23053,46.5071],[6.23057,46.50705],[6.23089,46.50675],[6.2312,46.50644],[6.23135,46.5063],[6.23149,46.50614],[6.23167,46.50587],[6.23168,46.50587],[6.23187,46.50559],[6.23195,46.50542],[6.23208,46.50505],[6.23209,46.50503],[6.23224,46.50457],[6.23249,46.50317],[6.23276,46.50282],[6.23278,46.50278],[6.23303,46.50248],[6.23303,46.50247],[6.23317,46.5023],[6.23334,46.50213],[6.23391,46.50178],[6.23409,46.50165],[6.23428,46.50148],[6.23453,46.5013],[6.23475,46.50118],[6.23503,46.50104],[6.2356,46.50069],[6.23606,46.50049],[6.23639,46.50023],[6.23659,46.49989],[6.23692,46.49958],[6.2372,46.49945],[6.23738,46.49939],[6.23791,46.49921],[6.23822,46.49911],[6.23856,46.49904],[6.23891,46.49901],[6.23951,46.49902],[6.23969,46.49901],[6.24001,46.49899],[6.24003,46.49898],[6.24071,46.49892],[6.2409,46.49889],[6.24108,46.49884],[6.24169,46.49865],[6.24295,46.49833],[6.24437,46.49794],[6.24756,46.49694],[6.25036,46.49627],[6.25063,46.49618],[6.25086,46.49605],[6.25197,46.49528],[6.25251,46.4949],[6.2526,46.49484],[6.25307,46.49451],[6.25325,46.49435],[6.25338,46.49416],[6.25428,46.49234],[6.25428,46.49232],[6.25489,46.49098],[6.25496,46.49085],[6.25531,46.49007],[6.25532,46.49006],[6.25559,46.48949],[6.2557,46.4893],[6.25598,46.48896],[6.25635,46.48768],[6.25759,46.48677],[6.25886,46.48423],[6.26187,46.4839],[6.26536,46.48406],[6.26561,46.48406],[6.2659,46.48401],[6.26615,46.48393],[6.26637,46.48382],[6.26668,46.48352],[6.26678,46.48315],[6.26642,46.48175],[6.2672,46.48093],[6.2679,46.48069],[6.26821,46.48062],[6.26847,46.48059],[6.26898,46.48065],[6.26927,46.48075],[6.27251,46.48218],[6.27316,46.48286],[6.27408,46.48654],[6.27413,46.48669],[6.27422,46.48683],[6.27434,46.48695],[6.27627,46.48862],[6.27696,46.48893],[6.27931,46.48873],[6.28015,46.48879],[6.28135,46.48914],[6.28162,46.48923],[6.28223,46.48961],[6.28244,46.48978],[6.28284,46.49064],[6.28358,46.49151],[6.28374,46.49165],[6.28385,46.49174],[6.28394,46.4918],[6.28407,46.49189],[6.28432,46.49208],[6.2845,46.49225],[6.28469,46.49239],[6.28591,46.49318],[6.28658,46.49443],[6.28828,46.49603],[6.28827,46.49679],[6.28636,46.49783],[6.28443,46.49813],[6.2824,46.49903],[6.28007,46.50095],[6.27985,46.50147],[6.28014,46.50206],[6.28203,46.50363],[6.28188,46.50414],[6.28156,46.50441],[6.28129,46.50453],[6.27985,46.50506],[6.27779,46.50585],[6.27557,46.50706],[6.27431,46.50704],[6.27395,46.50686],[6.27046,46.50511],[6.26918,46.50476],[6.26633,46.50281],[6.2633,46.49972],[6.26295,46.49947],[6.26249,46.49933],[6.26199,46.49932],[6.26152,46.49945],[6.26061,46.49997],[6.2603,46.50011],[6.26,46.50018],[6.25995,46.5002],[6.25972,46.50028],[6.25331,46.50213],[6.25327,46.50214],[6.25213,46.50245],[6.25186,46.50254],[6.25084,46.50303],[6.25066,46.50314],[6.25051,46.50326],[6.25039,46.50341],[6.24987,46.50422],[6.2498,46.50435],[6.24945,46.5053],[6.24938,46.50544],[6.24933,46.50554],[6.24922,46.50569],[6.24909,46.50583],[6.24627,46.50833],[6.24547,46.5099],[6.24504,46.51119],[6.24497,46.51136],[6.24486,46.51152],[6.24482,46.51156],[6.24464,46.51174],[6.24443,46.51192],[6.24424,46.51206],[6.24411,46.51217],[6.24401,46.51229],[6.24375,46.51268],[6.2436,46.51287],[6.24342,46.51314],[6.2433,46.51326],[6.24311,46.51339],[6.24294,46.51349],[6.24287,46.51354],[6.24275,46.51362],[6.2426,46.51374],[6.24249,46.51388],[6.24241,46.51403],[6.24237,46.51418],[6.24229,46.51548],[6.24192,46.51673],[6.24256,46.51807],[6.24218,46.51879],[6.24115,46.52005],[6.24017,46.52304],[6.23819,46.5259],[6.23814,46.52764],[6.23775,46.52825],[6.23718,46.52852],[6.23664,46.52886],[6.23646,46.52896],[6.23616,46.52907],[6.23589,46.52912],[6.23488,46.52917],[6.23182,46.52985],[6.23,46.52991],[6.22902,46.52996],[6.22799,46.53007],[6.22747,46.52999],[6.22705,46.52977],[6.22685,46.52959],[6.22174,46.52349],[6.2217,46.52344],[6.22076,46.52222],[6.21991,46.52111],[6.2198,46.52092],[6.21974,46.52059],[6.21989,46.52022]]]},"properties":{"bfs_nr":5429,"name":"Longirod"}},{"type":"Feature","geometry":{"type":"Polygon","coordinates":[[[6.20092,46.50159],[6.20058,46.50108],[6.20059,46.50054],[6.20086,46.50022],[6.20111,46.50007],[6.20178,46.49973],[6.2018,46.49972],[6.20229,46.49948],[6.20235,46.49945],[6.20289,46.49921],[6.20362,46.49891],[6.20378,46.4988],[6.20391,46.49868],[6.20568,46.49669],[6.20694,46.49528],[6.20968,46.4922],[6.20976,46.49209],[6.21286,46.48726],[6.21562,46.4841],[6.21663,46.48363],[6.21881,46.48339],[6.21901,46.48335],[6.22637,46.48167],[6.22654,46.48163],[6.22682,46.48155],[6.22784,46.48113],[6.22809,46.48102],[6.22846,46.48091],[6.2298,46.48061],[6.23116,46.48075],[6.23255,46.48141],[6.23288,46.48155],[6.23299,46.48161],[6.23307,46.48164],[6.2333,46.48174],[6.23342,46.48178],[6.23358,46.48184],[6.23364,46.48187],[6.23393,46.48198],[6.23487,46.48231],[6.23557,46.48247],[6.23584,46.48249],[6.23604,46.48249],[6.23633,46.48249],[6.23686,46.48254],[6.23736,46.48256],[6.23752,46.48259],[6.23775,46.48259],[6.24054,46.48229],[6.2418,46.48163],[6.24205,46.48148],[6.24245,46.48125],[6.24272,46.48109],[6.24313,46.48096],[6.24454,46.48095],[6.24489,46.48099],[6.24515,46.481],[6.24564,46.48091],[6.2468,46.48045],[6.24813,46.48021],[6.24859,46.48001],[6.24888,46.47969],[6.24898,46.47936],[6.2493,46.47887],[6.24941,46.47869],[6.24947,46.47854],[6.24958,46.47832],[6.25034,46.47785],[6.25207,46.47802],[6.25328,46.47788],[6.25395,46.47796],[6.25421,46.47806],[6.2544,46.47816],[6.25498,46.4785],[6.25552,46.4789],[6.25554,46.47891],[6.25587,46.47914],[6.25595,46.47919],[6.25632,46.47941],[6.25641,46.47946],[6.25666,46.47962],[6.25706,46.47989],[6.25743,46.48001],[6.2581,46.48015],[6.25887,46.4803],[6.25935,46.48038],[6.25968,46.48047],[6.25991,46.48058],[6.26016,46.48075],[6.26029,46.48087],[6.26035,46.48093],[6.26058,46.48111],[6.2608,46.48124],[6.26103,46.48135],[6.26124,46.48144],[6.26212,46.48172],[6.26216,46.48173],[6.26223,46.48176],[6.26229,46.48177],[6.26255,46.48183],[6.26281,46.48185],[6.26591,46.48198],[6.26672,46.48305],[6.2666,46.48357],[6.26629,46.48384],[6.26608,46.48394],[6.2656,46.48405],[6.26529,46.48406],[6.26182,46.4839],[6.25887,46.4842],[6.25764,46.48645],[6.25642,46.48734],[6.25575,46.48913],[6.25532,46.49007],[6.25497,46.49084],[6.25493,46.4909],[6.2549,46.49096],[6.25429,46.49232],[6.25427,46.49235],[6.2534,46.49412],[6.25325,46.49435],[6.25302,46.49454],[6.2526,46.49484],[6.25251,46.4949],[6.25197,46.49528],[6.25092,46.49602],[6.25063,46.49618],[6.25029,46.49629],[6.24753,46.49695],[6.24439,46.49793],[6.24167,46.49866],[6.24113,46.49883],[6.2409,46.49889],[6.24066,46.49893],[6.24002,46.49898],[6.24,46.49899],[6.23973,46.49901],[6.23947,46.49902],[6.23884,46.49901],[6.23856,46.49903],[6.23829,46.49909],[6.23795,46.4992],[6.23792,46.49921],[6.23737,46.49939],[6.23731,46.49941],[6.23713,46.49948],[6.23692,46.49957],[6.23661,46.49983],[6.23633,46.50028],[6.23602,46.50051],[6.2356,46.50068],[6.23457,46.50128],[6.23443,46.50137],[6.23431,46.50146],[6.23414,46.50161],[6.23386,46.50181],[6.2335,46.50202],[6.23333,46.50213],[6.2332,46.50226],[6.23303,46.50247],[6.23303,46.50248],[6.23278,46.50279],[6.23276,46.50281],[6.23245,46.50322],[6.23231,46.5036],[6.23227,46.50437],[6.23223,46.50461],[6.23209,46.50502],[6.23208,46.50506],[6.23197,46.50538],[6.23184,46.50563],[6.23167,46.50587],[6.23152,46.5061],[6.23131,46.50633],[6.23121,46.50643],[6.23088,46.50675],[6.23059,46.50704],[6.23051,46.50711],[6.23002,46.50753],[6.22952,46.50796],[6.22906,46.50836],[6.229,46.50842],[6.22864,46.50879],[6.22861,46.50883],[6.22822,46.50928],[6.22813,46.50937],[6.22792,46.50958],[6.22769,46.50982],[6.22744,46.51008],[6.22722,46.51027],[6.22704,46.51039],[6.22693,46.51046],[6.22662,46.51065],[6.22622,46.51088],[6.22576,46.51118],[6.22559,46.51132],[6.22546,46.51149],[6.22375,46.51442],[6.22373,46.51445],[6.22283,46.5159],[6.22252,46.5164],[6.22225,46.51685],[6.22193,46.51735],[6.22143,46.51817],[6.22133,46.5183],[6.22116,46.51852],[6.22115,46.51852],[6.22091,46.51882],[6.22089,46.51884],[6.22067,46.51909],[6.2206,46.51918],[6.21987,46.52026],[6.21974,46.52059],[6.21979,46.52092],[6.21989,46.52108],[6.22076,46.52222],[6.22098,46.5225],[6.22115,46.52304],[6.22072,46.52364],[6.22052,46.52374],[6.22023,46.52383],[6.2129,46.52561],[6.21261,46.52567],[6.21236,46.52568],[6.21189,46.5256],[6.2109,46.52459],[6.21038,46.52309],[6.21033,46.52296],[6.21001,46.52238],[6.20918,46.52134],[6.2079,46.52015],[6.20796,46.51925],[6.20712,46.51682],[6.20093,46.51189],[6.19984,46.51119],[6.19962,46.51101],[6.19881,46.51027],[6.19879,46.51026],[6.19775,46.50928],[6.19762,46.50915],[6.19716,46.50859],[6.19703,46.50838],[6.19697,46.50801],[6.1972,46.50745],[6.19735,46.50721],[6.1978,46.50665],[6.19782,46.50663],[6.19859,46.50572],[6.19863,46.50566],[6.19948,46.50448],[6.20005,46.50356],[6.20012,46.50346],[6.20084,46.50252],[6.20085,46.50251],[6.20092,46.50241],[6.20101,46.50225],[6.20106,46.50208],[6.20106,46.50191],[6.20092,46.50159]]]},"properties":{"bfs_nr":5430,"name":"Marchissy"}},{"type":"Feature","geometry":{"type":"Polygon","coordinates":[[[6.30931,46.58641],[6.31543,46.58506],[6.31842,46.58375],[6.31902,46.58327],[6.32241,46.58179],[6.32321,46.5811],[6.32554,46.58104],[6.32919,46.58033],[6.33176,46.57915],[6.33405,46.57836],[6.33635,46.57769],[6.33684,46.57744],[6.34498,46.57079],[6.34529,46.57027],[6.34531,46.56994],[6.34571,46.56908],[6.34596,46.5688],[6.34668,46.5684],[6.34747,46.56781],[6.3496,46.56684],[6.35171,46.56543],[6.3539,46.56426],[6.35397,46.56423],[6.35446,46.56394],[6.3545,46.56391],[6.35523,46.56343],[6.35526,46.56342],[6.3558,46.56308],[6.35828,46.56217],[6.35854,46.56212],[6.3588,46.56211],[6.35907,46.56213],[6.35932,46.56219],[6.35954,46.56228],[6.35979,46.56244],[6.36026,46.56281],[6.36056,46.56304],[6.36102,46.56342],[6.36145,46.5636],[6.3617,46.56364],[6.36196,46.56365],[6.36222,46.56363],[6.36246,46.56357],[6.36268,46.56347],[6.36655,46.56147],[6.36842,46.56162],[6.37049,46.56334],[6.37079,46.56358],[6.37085,46.56364],[6.37092,46.56368],[6.37099,46.56373],[6.37104,46.56376],[6.37127,46.56388],[6.37135,46.56391],[6.37147,46.56396],[6.37271,46.56443],[6.37565,46.56663],[6.37756,46.56728],[6.37819,46.56834],[6.3783,46.56851],[6.37846,46.56866],[6.37866,46.56879],[6.3789,46.56888],[6.37915,46.56894],[6.37969,46.56894],[6.38191,46.56876],[6.38249,46.56904],[6.38341,46.56984],[6.38372,46.57034],[6.38472,46.5708],[6.38674,46.57119],[6.38812,46.57257],[6.3874,46.57382],[6.38706,46.57609],[6.38725,46.57716],[6.38786,46.57788],[6.38771,46.57948],[6.38724,46.58013],[6.38599,46.58091],[6.38341,46.58196],[6.38218,46.583],[6.38036,46.58311],[6.37649,46.58524],[6.37626,46.58531],[6.37606,46.5854],[6.37588,46.58552],[6.37478,46.58628],[6.37419,46.58707],[6.3706,46.58837],[6.36948,46.58867],[6.36944,46.58868],[6.36913,46.58877],[6.36728,46.58914],[6.36693,46.58918],[6.36626,46.58916],[6.3658,46.58925],[6.36441,46.58973],[6.36398,46.58984],[6.36336,46.58994],[6.36333,46.58995],[6.35716,46.59087],[6.3567,46.5909],[6.35356,46.59084],[6.35347,46.59084],[6.34852,46.59062],[6.34435,46.59028],[6.34409,46.59025],[6.34064,46.58964],[6.33882,46.58957],[6.33667,46.58964],[6.33658,46.58964],[6.3361,46.58964],[6.33542,46.58965],[6.33526,46.58965],[6.33485,46.58963],[6.33417,46.58961],[6.33413,46.58961],[6.33123,46.58961],[6.32811,46.58992],[6.31987,46.58982],[6.31426,46.59007],[6.31332,46.5899],[6.30841,46.5876],[6.30931,46.58641]]]},"properties":{"bfs_nr":5431,"name":"Mollens (VD)"}},{"type":"Feature","geometry":{"type":"Polygon","coordinates":[[[6.22991,46.53291],[6.22831,46.53139],[6.22806,46.53087],[6.22839,46.53025],[6.22901,46.52999],[6.23178,46.52986],[6.23616,46.52908],[6.23637,46.529],[6.23648,46.52895],[6.2366,46.52888],[6.23703,46.52862],[6.23783,46.52827],[6.2382,46.52784],[6.2382,46.5259],[6.24015,46.5231],[6.24114,46.52008],[6.24222,46.51875],[6.24257,46.51809],[6.24246,46.51757],[6.24195,46.51675],[6.24238,46.51537],[6.24233,46.51494],[6.24241,46.51449],[6.24239,46.51424],[6.24241,46.51407],[6.24249,46.5139],[6.24261,46.51374],[6.24281,46.51357],[6.24315,46.51337],[6.2433,46.51326],[6.24343,46.51314],[6.24358,46.51291],[6.24416,46.51213],[6.24429,46.51203],[6.2444,46.51194],[6.24468,46.51171],[6.24479,46.51159],[6.24488,46.51149],[6.24497,46.51136],[6.24631,46.5083],[6.24912,46.50581],[6.24923,46.50569],[6.24931,46.50557],[6.24939,46.50542],[6.24944,46.50533],[6.24979,46.50439],[6.2499,46.50418],[6.25037,46.50344],[6.25051,46.50327],[6.25066,46.50314],[6.25089,46.50301],[6.2518,46.50257],[6.2522,46.50243],[6.25328,46.50214],[6.2533,46.50213],[6.25973,46.50028],[6.26006,46.5002],[6.2605,46.50003],[6.26199,46.49933],[6.26295,46.49947],[6.26334,46.49975],[6.2662,46.50273],[6.26946,46.50497],[6.2702,46.50507],[6.27069,46.50523],[6.27377,46.50677],[6.27404,46.50694],[6.27485,46.50773],[6.27528,46.5079],[6.27774,46.50818],[6.27866,46.50921],[6.27885,46.50936],[6.27933,46.50956],[6.28,46.50967],[6.28239,46.51079],[6.28421,46.5114],[6.28533,46.5123],[6.28469,46.51368],[6.28497,46.51543],[6.28514,46.51603],[6.28519,46.51635],[6.28518,46.51674],[6.28512,46.51702],[6.2849,46.51733],[6.28354,46.51802],[6.28242,46.51789],[6.28218,46.51788],[6.28193,46.51791],[6.28177,46.51794],[6.28176,46.51794],[6.28132,46.51802],[6.2811,46.51807],[6.28052,46.51825],[6.28046,46.51827],[6.28003,46.51843],[6.27881,46.51902],[6.27774,46.51932],[6.27751,46.51939],[6.27731,46.51949],[6.27713,46.51961],[6.277,46.51976],[6.27687,46.52026],[6.27755,46.52129],[6.27897,46.52358],[6.27903,46.52367],[6.28105,46.52611],[6.28178,46.52686],[6.28183,46.5272],[6.28169,46.52753],[6.28139,46.5278],[6.28113,46.52792],[6.28082,46.52805],[6.28049,46.52815],[6.28015,46.52823],[6.28012,46.52824],[6.27973,46.52833],[6.27954,46.52838],[6.27936,46.52846],[6.27865,46.52882],[6.27831,46.52906],[6.27813,46.52937],[6.27786,46.53084],[6.2766,46.53197],[6.27498,46.53287],[6.2722,46.53306],[6.27183,46.53311],[6.2699,46.53351],[6.26966,46.53358],[6.26943,46.53367],[6.26909,46.53395],[6.26893,46.53429],[6.26882,46.53503],[6.26875,46.53526],[6.26861,46.53548],[6.26813,46.53603],[6.26784,46.5363],[6.26636,46.53721],[6.26505,46.53726],[6.26411,46.53773],[6.26335,46.5379],[6.2616,46.53793],[6.26147,46.53793],[6.26085,46.53792],[6.26055,46.53789],[6.26008,46.5378],[6.2596,46.53782],[6.25917,46.53795],[6.25813,46.53854],[6.25681,46.53867],[6.25603,46.53907],[6.25592,46.53923],[6.25584,46.53949],[6.25572,46.5397],[6.2553,46.54028],[6.25516,46.54044],[6.25503,46.54055],[6.25482,46.54067],[6.25349,46.54133],[6.25319,46.54144],[6.25212,46.54164],[6.24976,46.5424],[6.24944,46.54255],[6.24784,46.54354],[6.24779,46.54356],[6.2475,46.54373],[6.24745,46.54376],[6.24737,46.5438],[6.24711,46.54391],[6.24664,46.54401],[6.2464,46.54401],[6.24556,46.54389],[6.24341,46.5444],[6.23868,46.54404],[6.23698,46.54185],[6.23674,46.54156],[6.23588,46.54086],[6.2355,46.54057],[6.23522,46.54029],[6.23438,46.53917],[6.23427,46.53898],[6.23367,46.53773],[6.23366,46.53771],[6.2332,46.53668],[6.23319,46.53666],[6.23294,46.53609],[6.23285,46.53593],[6.23272,46.53579],[6.23153,46.53474],[6.23133,46.53452],[6.23102,46.5341],[6.23091,46.53398],[6.23044,46.53354],[6.2303,46.53339],[6.23008,46.53305],[6.22991,46.53291]]]},"properties":{"bfs_nr":5434,"name":"Saint-George"}},{"type":"Feature","geometry":{"type":"Polygon","coordinates":[[[6.35857,46.52016],[6.35911,46.51899],[6.36269,46.51691],[6.36398,46.51478],[6.36677,46.51272],[6.36828,46.51223],[6.37055,46.51053],[6.37177,46.51032],[6.37239,46.50999],[6.37278,46.50953],[6.37318,46.50927],[6.37328,46.50921],[6.37339,46.50911],[6.37344,46.50906],[6.37349,46.509],[6.37355,46.50892],[6.37376,46.50869],[6.37433,46.50832],[6.37448,46.50816],[6.37458,46.50798],[6.37462,46.5078],[6.37454,46.50688],[6.37475,46.50659],[6.37509,46.50636],[6.37553,46.50624],[6.3759,46.50621],[6.37664,46.50608],[6.37704,46.50604],[6.37721,46.50601],[6.37737,46.50597],[6.37742,46.50596],[6.37765,46.50587],[6.37785,46.50576],[6.37801,46.50562],[6.37842,46.50505],[6.38063,46.50372],[6.38141,46.50247],[6.38207,46.50207],[6.3832,46.50182],[6.38356,46.50159],[6.38403,46.50079],[6.38443,46.50054],[6.38477,46.50043],[6.38497,46.50036],[6.38514,46.50026],[6.3861,46.4995],[6.38633,46.49941],[6.38658,46.49935],[6.38684,46.49933],[6.3871,46.49935],[6.38826,46.49962],[6.38847,46.49966],[6.38882,46.49967],[6.38909,46.49966],[6.38934,46.49963],[6.39029,46.49944],[6.39057,46.49941],[6.39128,46.49936],[6.39154,46.49933],[6.39178,46.49925],[6.39199,46.49915],[6.39218,46.49902],[6.39231,46.49886],[6.39278,46.49813],[6.39298,46.49801],[6.3933,46.49789],[6.39381,46.49778],[6.39425,46.49766],[6.39468,46.4976],[6.39515,46.49756],[6.39653,46.49852],[6.39617,46.4994],[6.39615,46.49957],[6.39618,46.49974],[6.39624,46.4999],[6.39635,46.50005],[6.3965,46.50018],[6.39668,46.50029],[6.3971,46.50051],[6.39713,46.50052],[6.39723,46.50057],[6.39762,46.50084],[6.39781,46.50115],[6.39764,46.5018],[6.39726,46.50208],[6.39569,46.50291],[6.3954,46.50313],[6.39492,46.50363],[6.39474,46.50391],[6.39457,46.5044],[6.39453,46.5046],[6.39453,46.50476],[6.39456,46.50499],[6.39494,46.5062],[6.39494,46.50624],[6.39493,46.50637],[6.39489,46.50653],[6.39483,46.50668],[6.39477,46.5068],[6.3947,46.50691],[6.39464,46.50698],[6.39458,46.50706],[6.39437,46.50728],[6.39414,46.5075],[6.39394,46.50768],[6.39371,46.50799],[6.39383,46.50868],[6.39535,46.50959],[6.39893,46.51065],[6.40037,46.51208],[6.40362,46.513],[6.40316,46.51455],[6.4021,46.51523],[6.40152,46.51548],[6.40088,46.51585],[6.40054,46.51612],[6.39835,46.51798],[6.39796,46.51846],[6.39721,46.51959],[6.39433,46.52456],[6.39358,46.525],[6.39142,46.52512],[6.38906,46.52564],[6.38722,46.52667],[6.38511,46.52962],[6.38133,46.53024],[6.38025,46.53094],[6.37985,46.53286],[6.37894,46.53463],[6.37886,46.53495],[6.37869,46.53524],[6.37853,46.5354],[6.37811,46.53573],[6.3779,46.53584],[6.37762,46.53594],[6.37699,46.5361],[6.37647,46.53619],[6.37231,46.53641],[6.37066,46.53665],[6.36576,46.53517],[6.36497,46.53452],[6.36484,46.53403],[6.36537,46.53305],[6.36535,46.53288],[6.36516,46.53256],[6.36501,46.53242],[6.36485,46.53232],[6.36444,46.53209],[6.36421,46.53199],[6.3614,46.53099],[6.36048,46.53078],[6.36012,46.53055],[6.35988,46.53007],[6.35994,46.52973],[6.36078,46.52897],[6.36091,46.52881],[6.361,46.52865],[6.36104,46.52847],[6.36096,46.52812],[6.36038,46.52725],[6.3604,46.52638],[6.36119,46.52568],[6.36144,46.52524],[6.36148,46.52471],[6.36131,46.52439],[6.36058,46.52366],[6.36001,46.52272],[6.35968,46.52234],[6.35891,46.5217],[6.35872,46.52142],[6.35857,46.52016]]]},"properties":{"bfs_nr":5435,"name":"Saint-Livres"}},{"type":"Feature","geometry":{"type":"Polygon","coordinates":[[[6.27845,46.48719],[6.27851,46.48714],[6.27862,46.48703],[6.27871,46.48692],[6.27932,46.4859],[6.27933,46.48588],[6.2796,46.48539],[6.2799,46.48506],[6.28107,46.48479],[6.28337,46.48549],[6.28467,46.48623],[6.28501,46.48649],[6.28539,46.48703],[6.28556,46.48716],[6.28576,46.48728],[6.28599,46.48736],[6.28623,46.48741],[6.28716,46.48753],[6.28815,46.4879],[6.28866,46.48801],[6.28919,46.48796],[6.29024,46.48767],[6.29122,46.48792],[6.29133,46.48799],[6.29155,46.48813],[6.29201,46.48841],[6.2922,46.48853],[6.29223,46.48855],[6.29226,46.48856],[6.29256,46.48876],[6.29257,46.48876],[6.29309,46.48909],[6.29328,46.48921],[6.29329,46.48922],[6.29379,46.48954],[6.29382,46.48955],[6.29411,46.48974],[6.29433,46.48992],[6.29459,46.49031],[6.29512,46.49067],[6.2956,46.49077],[6.2961,46.49073],[6.29718,46.49051],[6.29744,46.49044],[6.29756,46.49039],[6.29781,46.49027],[6.30152,46.48805],[6.30181,46.48793],[6.30234,46.48785],[6.30287,46.48793],[6.30311,46.48802],[6.30336,46.48818],[6.30397,46.48867],[6.3045,46.48887],[6.30628,46.48913],[6.30704,46.48963],[6.30806,46.49026],[6.30816,46.49032],[6.30832,46.4904],[6.30852,46.49049],[6.30992,46.49076],[6.31035,46.49088],[6.31044,46.4909],[6.31056,46.49094],[6.31068,46.49097],[6.31072,46.49099],[6.311,46.49111],[6.31118,46.49124],[6.31148,46.49191],[6.31143,46.49208],[6.31118,46.49239],[6.30898,46.4933],[6.30859,46.49352],[6.30845,46.49367],[6.30835,46.49383],[6.30829,46.494],[6.30833,46.49434],[6.30864,46.4949],[6.30945,46.49535],[6.31192,46.49556],[6.31429,46.49657],[6.31566,46.49749],[6.31584,46.49846],[6.31456,46.49939],[6.31361,46.501],[6.3116,46.50208],[6.31024,46.5022],[6.30975,46.50239],[6.30952,46.50246],[6.30939,46.5025],[6.30922,46.50254],[6.30853,46.50264],[6.30801,46.50263],[6.30755,46.50259],[6.30448,46.50261],[6.29817,46.50217],[6.2975,46.50249],[6.29686,46.50328],[6.29649,46.50352],[6.29601,46.50364],[6.29508,46.50362],[6.29401,46.50354],[6.29377,46.50352],[6.29338,46.50346],[6.29306,46.5034],[6.29297,46.50338],[6.29267,46.50327],[6.29244,46.50315],[6.29194,46.50295],[6.29162,46.50269],[6.29152,46.50253],[6.29147,46.50234],[6.29146,46.50214],[6.29149,46.50191],[6.29153,46.50176],[6.29154,46.50168],[6.29155,46.50159],[6.29155,46.50146],[6.29154,46.5014],[6.29154,46.50137],[6.29146,46.50078],[6.29147,46.50055],[6.29161,46.49989],[6.29156,46.49917],[6.28914,46.49605],[6.28662,46.49446],[6.28592,46.49318],[6.28474,46.49242],[6.28446,46.49221],[6.28429,46.49204],[6.28412,46.49192],[6.28378,46.49169],[6.28355,46.49147],[6.28335,46.49123],[6.28321,46.49103],[6.28291,46.49008],[6.28274,46.48995],[6.28181,46.48933],[6.28162,46.48923],[6.28141,46.48915],[6.28003,46.48876],[6.27864,46.48852],[6.27812,46.48791],[6.27827,46.48738],[6.27845,46.48719]]]},"properties":{"bfs_nr":5436,"name":"Saint-Oyens"}},{"type":"Feature","geometry":{"type":"Polygon","coordinates":[[[6.3076,46.52816],[6.30789,46.5274],[6.30811,46.52706],[6.3105,46.52457],[6.31051,46.52456],[6.31234,46.52262],[6.31244,46.5225],[6.31282,46.52191],[6.31283,46.5219],[6.31323,46.5213],[6.31328,46.52124],[6.31537,46.51855],[6.3157,46.51719],[6.31744,46.51533],[6.32171,46.51272],[6.32213,46.5126],[6.32251,46.51257],[6.32296,46.51246],[6.32316,46.51237],[6.32333,46.51226],[6.32403,46.51169],[6.32567,46.51084],[6.32675,46.50973],[6.32691,46.50959],[6.3271,46.50946],[6.32908,46.50836],[6.32916,46.50831],[6.33363,46.50609],[6.3358,46.50647],[6.33596,46.50761],[6.33672,46.50916],[6.33722,46.50961],[6.33771,46.50977],[6.3413,46.51039],[6.34453,46.51237],[6.34578,46.51374],[6.34581,46.51496],[6.34794,46.51636],[6.34822,46.51705],[6.34788,46.51812],[6.34643,46.51875],[6.3441,46.51868],[6.34069,46.51899],[6.33876,46.51858],[6.33797,46.51855],[6.33402,46.51952],[6.33383,46.51959],[6.3336,46.51969],[6.33305,46.52],[6.33248,46.52017],[6.33175,46.52055],[6.33046,46.52087],[6.32968,46.52142],[6.32701,46.52246],[6.32172,46.52685],[6.31921,46.52793],[6.31633,46.53007],[6.31611,46.5304],[6.31602,46.5312],[6.31596,46.53137],[6.31568,46.53173],[6.31531,46.5323],[6.31474,46.53304],[6.31279,46.53321],[6.30776,46.52893],[6.30755,46.52839],[6.3076,46.52816]]]},"properties":{"bfs_nr":5437,"name":"Saubraz"}},{"type":"Feature","geometry":{"type":"Polygon","coordinates":[[[6.99472,46.87825],[6.99941,46.87444],[7.00731,46.87301],[7.01024,46.87539],[7.01131,46.87564],[7.015,46.87783],[7.01598,46.87935],[7.01809,46.87955],[7.0215,46.8769],[7.02482,46.87738],[7.026,46.87646],[7.03036,46.87541],[7.03283,46.87542],[7.03522,46.87351],[7.03041,46.86645],[7.03123,46.86501],[7.03649,46.8617],[7.03903,46.86071],[7.03908,46.85936],[7.03691,46.85822],[7.03359,46.8572],[7.03393,46.85556],[7.02974,46.85238],[7.02964,46.85073],[7.03156,46.84834],[7.03394,46.84802],[7.03561,46.8464],[7.03777,46.84611],[7.04028,46.84792],[7.0435,46.84731],[7.04738,46.85179],[7.04871,46.85421],[7.05307,46.85599],[7.055,46.85746],[7.05558,46.85903],[7.05905,46.86315],[7.06162,46.86515],[7.0627,46.86695],[7.06609,46.86835],[7.06694,46.86997],[7.06919,46.87096],[7.07094,46.87331],[7.06861,46.87684],[7.0673,46.87763],[7.06584,46.88035],[7.06232,46.88004],[7.06175,46.88082],[7.06208,46.88373],[7.06441,46.88536],[7.06472,46.88703],[7.07118,46.88842],[7.07198,46.89021],[7.07557,46.89157],[7.07789,46.89315],[7.07693,46.8941],[7.07509,46.89425],[7.07387,46.89546],[7.07264,46.89603],[7.07241,46.89618],[7.07205,46.89633],[7.07176,46.89639],[7.07097,46.89642],[7.07036,46.89636],[7.06888,46.89559],[7.06843,46.89515],[7.06782,46.89487],[7.0646,46.89419],[7.06287,46.89421],[7.06103,46.89455],[7.06052,46.89473],[7.06022,46.89495],[7.06001,46.89514],[7.0598,46.89537],[7.05944,46.89565],[7.05864,46.89647],[7.05811,46.89757],[7.05808,46.89796],[7.05723,46.90021],[7.05706,46.90074],[7.05487,46.90376],[7.05443,46.90531],[7.05441,46.90568],[7.05448,46.90585],[7.0546,46.90602],[7.06867,46.92098],[7.06851,46.92215],[7.06759,46.9224],[7.06709,46.92233],[7.06681,46.92223],[7.04083,46.91019],[7.04047,46.90998],[7.03838,46.9084],[7.03561,46.90687],[7.03165,46.90333],[7.02932,46.90276],[7.02606,46.90062],[7.0249,46.90038],[7.02025,46.89709],[7.01827,46.8964],[7.01804,46.89549],[7.01761,46.89504],[7.01739,46.89494],[7.01714,46.89487],[7.01688,46.89483],[7.01636,46.89488],[7.01488,46.89526],[7.01348,46.89448],[7.01226,46.89252],[7.00969,46.88923],[7.00607,46.88594],[7.00454,46.88543],[7.0004,46.88226],[6.99843,46.88172],[6.99485,46.87959],[6.99472,46.87825]]]},"properties":{"bfs_nr":5451,"name":"Avenches"}},{"type":"Feature","geometry":{"type":"Polygon","coordinates":[[[6.98657,46.93865],[6.99174,46.93415],[6.9938,46.9339],[6.99431,46.93377],[6.99461,46.93361],[6.99528,46.93321],[6.99552,46.93303],[6.99577,46.93275],[6.99589,46.9321],[6.99658,46.93155],[7.00153,46.93046],[7.00438,46.9317],[7.00615,46.93224],[7.00833,46.93361],[7.01219,46.93298],[7.01512,46.93187],[7.01813,46.92933],[7.01961,46.92948],[7.02338,46.93167],[7.02386,46.93185],[7.02467,46.93183],[7.02621,46.93159],[7.02773,46.93217],[7.02831,46.93259],[7.02843,46.93293],[7.02807,46.93359],[7.02733,46.934],[7.027,46.93425],[7.02686,46.93438],[7.02676,46.93453],[7.02624,46.93526],[7.02586,46.93546],[7.02472,46.93572],[7.02432,46.93594],[7.02417,46.93608],[7.02407,46.93625],[7.02402,46.93642],[7.02401,46.93659],[7.02406,46.93677],[7.02415,46.93693],[7.0243,46.93708],[7.02448,46.93721],[7.02469,46.93731],[7.02784,46.93849],[7.02785,46.93849],[7.03188,46.94],[7.03395,46.94078],[7.03449,46.94098],[7.03451,46.94098],[7.03774,46.94214],[7.03836,46.94231],[7.04225,46.9437],[7.04281,46.94397],[7.04498,46.94478],[7.04499,46.94478],[7.04669,46.9454],[7.04683,46.94544],[7.04714,46.94552],[7.04737,46.94558],[7.04745,46.9456],[7.04801,46.94572],[7.04909,46.94621],[7.04948,46.94647],[7.04993,46.94742],[7.05339,46.94899],[7.05409,46.94966],[7.05547,46.95049],[7.05886,46.95136],[7.05909,46.95274],[7.05759,46.95501],[7.05929,46.95634],[7.05777,46.95944],[7.05798,46.96161],[7.05923,46.96345],[7.05833,46.96515],[7.06089,46.96668],[7.06055,46.96875],[7.06263,46.97102],[7.06019,46.97329],[7.05639,46.97479],[7.05249,46.97697],[7.04921,46.9778],[7.00307,46.98678],[7.00187,46.98666],[6.95995,46.96775],[6.95956,46.96644],[6.98423,46.94082],[6.98657,46.93865]]]},"properties":{"bfs_nr":5456,"name":"Cudrefin"}},{"type":"Feature","geometry":{"type":"Polygon","coordinates":[[[7.05468,46.90456],[7.0549,46.90372],[7.0561,46.90251],[7.05721,46.90063],[7.05737,46.89989],[7.05801,46.89822],[7.05851,46.89714],[7.05877,46.89634],[7.05948,46.89562],[7.0598,46.89537],[7.05998,46.89518],[7.06014,46.89502],[7.06027,46.89493],[7.06029,46.89491],[7.06032,46.89489],[7.06052,46.89477],[7.06099,46.89459],[7.06255,46.89434],[7.06506,46.89447],[7.06809,46.89499],[7.06885,46.89558],[7.07018,46.89632],[7.0704,46.89639],[7.07088,46.89643],[7.0717,46.89641],[7.07195,46.89637],[7.07238,46.89623],[7.07399,46.89546],[7.07821,46.89567],[7.07952,46.89612],[7.08322,46.89612],[7.08644,46.89692],[7.08801,46.90041],[7.08699,46.90144],[7.08758,46.90247],[7.09017,46.90343],[7.09285,46.90561],[7.09189,46.90724],[7.09065,46.90737],[7.08822,46.90897],[7.08494,46.91239],[7.07334,46.92359],[7.07109,46.92356],[7.05463,46.90606],[7.05448,46.90585],[7.05441,46.90568],[7.05468,46.90456]]]},"properties":{"bfs_nr":5458,"name":"Faoug"}},{"type":"Feature","geometry":{"type":"Polygon","coordinates":[[[6.96533,46.92443],[6.969,46.92328],[6.97176,46.92147],[6.97478,46.92164],[6.97784,46.92313],[6.98481,46.92077],[6.98643,46.91983],[6.98704,46.91781],[6.98267,46.9143],[6.98259,46.91313],[6.98388,46.91213],[6.9821,46.91011],[6.98202,46.90894],[6.98486,46.90707],[6.98686,46.90467],[6.99143,46.90161],[6.99624,46.89793],[7.00881,46.88966],[7.01022,46.88993],[7.01364,46.89473],[7.01406,46.89512],[7.01504,46.8953],[7.01636,46.89488],[7.01688,46.89484],[7.01738,46.89494],[7.01831,46.89671],[7.01908,46.8974],[7.02097,46.89767],[7.0254,46.90082],[7.02656,46.90107],[7.02996,46.90325],[7.03208,46.90373],[7.03561,46.90687],[7.03842,46.90842],[7.03948,46.90924],[7.04053,46.91002],[7.04076,46.91016],[7.07101,46.92417],[7.07136,46.9255],[7.05942,46.93701],[7.05838,46.93881],[7.0612,46.94207],[7.06138,46.94394],[7.06041,46.94972],[7.05892,46.95114],[7.05537,46.9504],[7.05382,46.94921],[7.05209,46.94835],[7.05037,46.94761],[7.04954,46.94642],[7.04821,46.9458],[7.04801,46.94572],[7.04779,46.94567],[7.04766,46.94564],[7.04735,46.94558],[7.04715,46.94553],[7.04687,46.94545],[7.04666,46.94538],[7.04499,46.94478],[7.04497,46.94477],[7.0431,46.94408],[7.04289,46.94399],[7.04279,46.94392],[7.04253,46.9438],[7.03831,46.94229],[7.03802,46.94221],[7.03769,46.94212],[7.0345,46.94098],[7.03448,46.94097],[7.03395,46.94078],[7.03394,46.94078],[7.03188,46.94],[7.02784,46.93849],[7.02475,46.93733],[7.02448,46.9372],[7.02416,46.93693],[7.02402,46.93659],[7.02402,46.93642],[7.02418,46.93608],[7.02432,46.93594],[7.02472,46.93572],[7.02564,46.93552],[7.02586,46.93546],[7.02607,46.93537],[7.02625,46.93526],[7.02639,46.93513],[7.02674,46.93456],[7.02687,46.93438],[7.02728,46.93404],[7.02808,46.93359],[7.02835,46.93329],[7.02844,46.93293],[7.0284,46.93276],[7.02831,46.93259],[7.02818,46.93243],[7.02779,46.93219],[7.02623,46.93157],[7.02532,46.93147],[7.02415,46.93178],[7.02342,46.93167],[7.02316,46.93155],[7.0195,46.92942],[7.01805,46.9293],[7.01659,46.93003],[7.01511,46.93187],[7.01178,46.93304],[7.00887,46.93336],[7.00654,46.93236],[7.00377,46.93142],[7.00144,46.93042],[6.99646,46.93156],[6.9959,46.93188],[6.99541,46.93311],[6.9952,46.93326],[6.99471,46.93355],[6.99445,46.93367],[6.99396,46.93378],[6.99194,46.93399],[6.98872,46.93656],[6.98424,46.94081],[6.95956,46.96644],[6.95765,46.96671],[6.92951,46.95399],[6.92924,46.95259],[6.96164,46.92754],[6.96533,46.92443]]]},"properties":{"bfs_nr":5464,"name":"Vully-les-Lacs"}},{"type":"Feature","geometry":{"type":"Polygon","coordinates":[[[6.55956,46.62354],[6.56027,46.6217],[6.56022,46.61873],[6.56489,46.6186],[6.56707,46.6193],[6.5694,46.61989],[6.57026,46.62002],[6.57074,46.61995],[6.57217,46.61937],[6.57268,46.61894],[6.57276,46.61857],[6.57265,46.61781],[6.5727,46.61733],[6.57272,46.61672],[6.57278,46.61647],[6.57283,46.61633],[6.57288,46.61623],[6.57377,46.61562],[6.57563,46.61552],[6.58135,46.61234],[6.58252,46.61202],[6.58302,46.61202],[6.58367,46.61225],[6.58396,46.61252],[6.5842,46.61311],[6.58466,46.6136],[6.58565,46.61416],[6.58603,46.61501],[6.58689,46.61607],[6.58647,46.61693],[6.5865,46.61757],[6.58669,46.61814],[6.5867,46.61817],[6.58699,46.61896],[6.587,46.61897],[6.58722,46.6196],[6.58724,46.61964],[6.58736,46.62003],[6.58738,46.62007],[6.58754,46.6205],[6.58783,46.62135],[6.58796,46.62174],[6.58799,46.62185],[6.58805,46.62214],[6.58808,46.62226],[6.58891,46.6243],[6.58945,46.62564],[6.5895,46.62586],[6.58944,46.6262],[6.58873,46.62675],[6.58645,46.6275],[6.58356,46.6287],[6.58324,46.62897],[6.58314,46.62913],[6.58309,46.62931],[6.58295,46.63029],[6.58304,46.63094],[6.58251,46.63158],[6.58127,46.63189],[6.58054,46.63237],[6.58046,46.63253],[6.58043,46.63285],[6.58051,46.63385],[6.58029,46.63416],[6.57962,46.63448],[6.57693,46.63513],[6.57659,46.63518],[6.57624,46.63518],[6.57615,46.63518],[6.57586,46.63514],[6.57545,46.635],[6.57497,46.63474],[6.57446,46.63462],[6.57393,46.63466],[6.57307,46.63495],[6.57254,46.63498],[6.57202,46.63487],[6.57126,46.63423],[6.57084,46.63402],[6.57032,46.63394],[6.5695,46.63398],[6.56857,46.63358],[6.56692,46.63244],[6.56401,46.6315],[6.5631,46.62928],[6.5597,46.62516],[6.55956,46.62354]]]},"properties":{"bfs_nr":5471,"name":"Bettens"}},{"type":"Feature","geometry":{"type":"Polygon","coordinates":[[[6.54885,46.61054],[6.54989,46.60932],[6.55002,46.60917],[6.55011,46.60901],[6.55016,46.60885],[6.55016,46.60867],[6.55001,46.60835],[6.54914,46.6072],[6.54902,46.607],[6.54897,46.60667],[6.54909,46.60635],[6.54922,46.60621],[6.54957,46.60598],[6.54984,46.60589],[6.553,46.60503],[6.55322,46.60495],[6.55342,46.60485],[6.55358,46.60472],[6.55371,46.60457],[6.55379,46.60441],[6.55383,46.60424],[6.55382,46.60407],[6.55371,46.60352],[6.55366,46.60334],[6.55354,46.60317],[6.55338,46.60302],[6.55319,46.6029],[6.55295,46.60281],[6.5525,46.60271],[6.55197,46.60251],[6.55169,46.60235],[6.55147,46.60215],[6.55146,46.60215],[6.55142,46.60209],[6.55133,46.60198],[6.55121,46.60178],[6.55116,46.60143],[6.55302,46.60013],[6.55433,46.59866],[6.55973,46.59806],[6.56313,46.59921],[6.56556,46.60059],[6.56626,46.60071],[6.5679,46.60059],[6.57,46.6002],[6.57051,46.6003],[6.57092,46.60052],[6.57119,46.60089],[6.57223,46.60334],[6.57524,46.60401],[6.57687,46.60493],[6.57714,46.60514],[6.57737,46.60535],[6.57761,46.60567],[6.57783,46.60607],[6.57799,46.60646],[6.57826,46.60706],[6.57833,46.60744],[6.57833,46.60793],[6.57829,46.6082],[6.57828,46.60827],[6.57827,46.60842],[6.57827,46.60855],[6.57831,46.60881],[6.57832,46.60887],[6.57835,46.609],[6.57838,46.60911],[6.57844,46.60924],[6.57847,46.60931],[6.57849,46.60935],[6.57855,46.60944],[6.57862,46.60954],[6.57871,46.60964],[6.57885,46.60978],[6.57974,46.61043],[6.58022,46.61112],[6.5804,46.61149],[6.58059,46.61191],[6.58067,46.61215],[6.58011,46.61301],[6.5757,46.61506],[6.57373,46.6152],[6.57314,46.6157],[6.57287,46.61624],[6.57283,46.61632],[6.57276,46.61651],[6.57273,46.61668],[6.5727,46.61698],[6.5727,46.61729],[6.57263,46.61776],[6.57263,46.61804],[6.57269,46.61887],[6.57212,46.61939],[6.57059,46.61989],[6.56986,46.61993],[6.56791,46.61943],[6.56726,46.61932],[6.56496,46.61858],[6.56203,46.61861],[6.5587,46.61703],[6.55599,46.61429],[6.55406,46.61404],[6.5524,46.61466],[6.55119,46.61467],[6.55047,46.61395],[6.55029,46.61294],[6.54938,46.612],[6.54885,46.61054]]]},"properties":{"bfs_nr":5472,"name":"Bournens"}},{"type":"Feature","geometry":{"type":"Polygon","coordinates":[[[6.57544,46.60376],[6.57448,46.60298],[6.57363,46.59898],[6.57361,46.59875],[6.57365,46.59857],[6.57407,46.59812],[6.57645,46.59779],[6.57693,46.59768],[6.57714,46.59759],[6.57732,46.59746],[6.57746,46.59732],[6.57756,46.59716],[6.57761,46.59699],[6.57761,46.59681],[6.5774,46.59504],[6.57825,46.59406],[6.58018,46.59351],[6.58078,46.59316],[6.58117,46.5926],[6.58224,46.59224],[6.58394,46.59237],[6.58558,46.59222],[6.58742,46.59302],[6.58896,46.59313],[6.58939,46.59333],[6.59032,46.59438],[6.59169,46.59484],[6.59254,46.5957],[6.59459,46.59663],[6.59591,46.59824],[6.59609,46.59858],[6.59607,46.59928],[6.59632,46.60057],[6.5965,46.60292],[6.59502,46.60411],[6.59406,46.60541],[6.59396,46.60559],[6.59392,46.60578],[6.59393,46.60597],[6.59448,46.60831],[6.59454,46.60846],[6.59506,46.60953],[6.59508,46.60956],[6.59562,46.61076],[6.59573,46.61143],[6.59567,46.61164],[6.59565,46.61168],[6.59555,46.61186],[6.59544,46.61199],[6.59525,46.61214],[6.59495,46.61234],[6.59469,46.61248],[6.59308,46.61295],[6.59265,46.61318],[6.59181,46.61387],[6.59151,46.61438],[6.59149,46.61519],[6.59134,46.61539],[6.59118,46.61556],[6.591,46.61572],[6.59083,46.61583],[6.59063,46.61592],[6.59036,46.61599],[6.58955,46.61616],[6.589,46.61626],[6.58869,46.61629],[6.58845,46.61629],[6.58799,46.61619],[6.58689,46.61522],[6.58592,46.61469],[6.58549,46.61379],[6.58429,46.61307],[6.58397,46.61252],[6.58368,46.61224],[6.58326,46.61206],[6.58302,46.61201],[6.58252,46.61202],[6.58137,46.61214],[6.58053,46.6117],[6.5804,46.61149],[6.58021,46.61109],[6.58014,46.61098],[6.57963,46.61028],[6.57888,46.60978],[6.57871,46.60964],[6.5786,46.60951],[6.57856,46.60946],[6.57848,46.60933],[6.57839,46.60914],[6.57834,46.60898],[6.57827,46.60859],[6.57827,46.6083],[6.57833,46.60797],[6.57833,46.60737],[6.57829,46.60712],[6.57817,46.60682],[6.57798,46.60645],[6.57784,46.60609],[6.57758,46.60562],[6.57742,46.6054],[6.5771,46.6051],[6.57692,46.60496],[6.57657,46.60472],[6.576,46.60405],[6.57544,46.60376]]]},"properties":{"bfs_nr":5473,"name":"Boussens"}},{"type":"Feature","geometry":{"type":"Polygon","coordinates":[[[6.44751,46.63627],[6.44808,46.63521],[6.45213,46.63337],[6.45268,46.63306],[6.45454,46.63262],[6.45499,46.63245],[6.45517,46.63232],[6.4553,46.63217],[6.4554,46.63201],[6.45544,46.63184],[6.45544,46.63166],[6.45523,46.63044],[6.45522,46.63038],[6.45522,46.63027],[6.45522,46.63021],[6.45522,46.6302],[6.45522,46.63005],[6.45518,46.6299],[6.45511,46.62976],[6.45505,46.62967],[6.45501,46.62961],[6.45494,46.62953],[6.45448,46.62905],[6.45367,46.6283],[6.45352,46.62815],[6.45342,46.62797],[6.45253,46.62608],[6.45247,46.62587],[6.45241,46.62572],[6.45233,46.62561],[6.45223,46.62543],[6.4507,46.62214],[6.45064,46.62193],[6.45067,46.62159],[6.45089,46.62128],[6.45117,46.62108],[6.45414,46.61912],[6.45883,46.61774],[6.45942,46.61746],[6.45955,46.61732],[6.45965,46.61717],[6.4597,46.61701],[6.45971,46.61684],[6.45967,46.61667],[6.4595,46.61616],[6.45899,46.61503],[6.45888,46.61449],[6.45885,46.61352],[6.45758,46.61229],[6.45762,46.61003],[6.46058,46.60794],[6.46194,46.60769],[6.46356,46.60861],[6.46792,46.60824],[6.4711,46.60763],[6.47293,46.60756],[6.47337,46.60771],[6.47369,46.60796],[6.47393,46.6085],[6.47401,46.60868],[6.47408,46.6088],[6.47413,46.60887],[6.47416,46.60891],[6.47436,46.60916],[6.4745,46.60931],[6.47488,46.60953],[6.47536,46.60963],[6.47586,46.6096],[6.47631,46.60945],[6.47729,46.60884],[6.47864,46.60846],[6.48091,46.60883],[6.48107,46.60886],[6.48115,46.60888],[6.48122,46.60889],[6.48167,46.60895],[6.4824,46.60896],[6.48365,46.60876],[6.48473,46.60943],[6.48573,46.61259],[6.48525,46.61296],[6.48464,46.61318],[6.48338,46.61383],[6.48335,46.61384],[6.48302,46.61401],[6.48282,46.61412],[6.48267,46.61426],[6.48255,46.61442],[6.48249,46.6146],[6.48247,46.61477],[6.48251,46.61495],[6.48262,46.61525],[6.48275,46.61557],[6.48292,46.6159],[6.48295,46.61596],[6.48333,46.61656],[6.48355,46.61689],[6.48368,46.61713],[6.48382,46.6177],[6.48371,46.61802],[6.48345,46.61828],[6.48274,46.61862],[6.48256,46.61875],[6.48242,46.6189],[6.48233,46.61907],[6.48229,46.61925],[6.4823,46.61943],[6.48237,46.6196],[6.48248,46.61976],[6.48303,46.62044],[6.48312,46.62089],[6.48464,46.62341],[6.4851,46.6244],[6.48514,46.62446],[6.48567,46.62537],[6.48572,46.62543],[6.48619,46.62608],[6.4863,46.62627],[6.48401,46.62808],[6.48307,46.63024],[6.48309,46.63131],[6.48185,46.63251],[6.48151,46.63351],[6.47956,46.63508],[6.47836,46.63491],[6.47798,46.63463],[6.47744,46.63426],[6.47742,46.63424],[6.4772,46.6341],[6.47717,46.63408],[6.47709,46.63402],[6.47688,46.63384],[6.47669,46.6335],[6.47666,46.63308],[6.47664,46.6329],[6.47662,46.63283],[6.47654,46.63246],[6.47647,46.63227],[6.4764,46.63207],[6.47608,46.63146],[6.47535,46.63104],[6.47439,46.63108],[6.4738,46.63137],[6.47344,46.63168],[6.47292,46.6319],[6.47258,46.63217],[6.47241,46.6325],[6.47232,46.63321],[6.47206,46.63348],[6.47184,46.63361],[6.4712,46.63394],[6.47103,46.63404],[6.47032,46.63455],[6.46977,46.63494],[6.46951,46.63509],[6.46902,46.63523],[6.46613,46.63455],[6.46055,46.63671],[6.45976,46.63685],[6.45783,46.63649],[6.4573,46.63614],[6.45683,46.63598],[6.45657,46.63595],[6.4563,46.63596],[6.45605,46.63601],[6.45581,46.63609],[6.4556,46.6362],[6.45543,46.63634],[6.4553,46.6365],[6.45522,46.63668],[6.45478,46.63808],[6.45456,46.63965],[6.45173,46.63976],[6.44868,46.63801],[6.44751,46.63627]]]},"properties":{"bfs_nr":5474,"name":"La Chaux (Cossonay)"}},{"type":"Feature","geometry":{"type":"Polygon","coordinates":[[[6.43249,46.60657],[6.43816,46.60408],[6.43837,46.60399],[6.43854,46.60388],[6.43906,46.6035],[6.44038,46.60229],[6.44159,46.60086],[6.44272,46.59915],[6.44542,46.59835],[6.44601,46.59863],[6.4467,46.59934],[6.44756,46.60126],[6.44849,46.60203],[6.45033,46.60192],[6.45371,46.60379],[6.45422,46.60518],[6.45451,46.60544],[6.4548,46.60576],[6.45496,46.60588],[6.45637,46.60661],[6.45878,46.60695],[6.45911,46.60807],[6.45771,46.60955],[6.45679,46.61241],[6.45851,46.61392],[6.45878,46.61421],[6.45899,46.61501],[6.45923,46.61564],[6.45942,46.61598],[6.4597,46.61684],[6.45964,46.61717],[6.45941,46.61746],[6.45882,46.61774],[6.45755,46.61799],[6.45588,46.61851],[6.45422,46.61823],[6.45221,46.61649],[6.4505,46.61508],[6.45033,46.61495],[6.45012,46.61485],[6.44989,46.61478],[6.44964,46.61474],[6.44939,46.61474],[6.44914,46.61477],[6.4489,46.61483],[6.44869,46.61492],[6.4481,46.61531],[6.44783,46.61543],[6.44734,46.61551],[6.44593,46.61525],[6.44169,46.61509],[6.44134,46.61487],[6.44108,46.61454],[6.44076,46.61429],[6.44056,46.61421],[6.44033,46.61415],[6.4401,46.61411],[6.43986,46.61411],[6.43962,46.61414],[6.43677,46.61454],[6.43602,46.61412],[6.43575,46.61355],[6.43574,46.61338],[6.43578,46.6132],[6.43588,46.61304],[6.43601,46.61289],[6.4364,46.61266],[6.43714,46.61245],[6.43767,46.61204],[6.43795,46.61142],[6.4378,46.61078],[6.43635,46.60955],[6.43468,46.6092],[6.43392,46.60847],[6.43347,46.60824],[6.43289,46.60814],[6.43227,46.60785],[6.43249,46.60657]]]},"properties":{"bfs_nr":5475,"name":"Chavannes-le-Veyron"}},{"type":"Feature","geometry":{"type":"Polygon","coordinates":[[[6.4548,46.63832],[6.4553,46.63652],[6.45556,46.63623],[6.45575,46.63612],[6.45619,46.63598],[6.45644,46.63596],[6.45804,46.63658],[6.45976,46.63685],[6.4605,46.63674],[6.46613,46.63455],[6.46902,46.63524],[6.46952,46.6351],[6.46972,46.63498],[6.47031,46.63455],[6.47032,46.63454],[6.47099,46.63407],[6.47124,46.63392],[6.4719,46.63358],[6.4721,46.63346],[6.47225,46.63332],[6.47237,46.63315],[6.47243,46.63298],[6.47252,46.63237],[6.47278,46.63209],[6.47319,46.63185],[6.47392,46.63135],[6.47488,46.63107],[6.47559,46.63119],[6.47609,46.63156],[6.4763,46.63188],[6.47641,46.63211],[6.47654,46.63247],[6.47662,46.63281],[6.47664,46.63291],[6.47666,46.63306],[6.47667,46.63322],[6.47666,46.63332],[6.47668,46.6335],[6.47687,46.63384],[6.47704,46.63399],[6.47719,46.63409],[6.4772,46.6341],[6.47741,46.63424],[6.47744,46.63426],[6.47796,46.63462],[6.47829,46.63489],[6.47848,46.63502],[6.48097,46.63568],[6.48171,46.63814],[6.48226,46.63871],[6.4824,46.63944],[6.48242,46.6396],[6.48248,46.63976],[6.48253,46.63983],[6.48263,46.63998],[6.48277,46.64011],[6.48294,46.64022],[6.48313,46.64031],[6.48395,46.6405],[6.48452,46.64087],[6.4848,46.64267],[6.48555,46.64431],[6.4865,46.64544],[6.48888,46.6472],[6.49298,46.64895],[6.49385,46.64996],[6.49404,46.65075],[6.49367,46.65138],[6.49358,46.65169],[6.49361,46.65189],[6.4936,46.65209],[6.49352,46.65239],[6.49343,46.65261],[6.49339,46.65276],[6.49339,46.65314],[6.49365,46.65421],[6.49259,46.65534],[6.49076,46.65523],[6.48915,46.65526],[6.48754,46.65582],[6.48195,46.65434],[6.48045,46.65294],[6.47826,46.65177],[6.476,46.6496],[6.47364,46.64879],[6.47248,46.64868],[6.4704,46.64764],[6.47019,46.64758],[6.47011,46.64757],[6.4699,46.64753],[6.46977,46.64751],[6.46893,46.64742],[6.46841,46.64741],[6.46779,46.64735],[6.46743,46.64728],[6.46742,46.64727],[6.46699,46.6471],[6.46597,46.64643],[6.46466,46.64557],[6.46179,46.64408],[6.45705,46.64246],[6.455,46.64106],[6.4548,46.63832]]]},"properties":{"bfs_nr":5476,"name":"Chevilly"}},{"type":"Feature","geometry":{"type":"Polygon","coordinates":[[[6.48306,46.61848],[6.48345,46.61829],[6.48372,46.61802],[6.48383,46.6177],[6.48382,46.61754],[6.48379,46.61742],[6.48366,46.61709],[6.48358,46.61692],[6.48332,46.61655],[6.48296,46.61597],[6.48291,46.61588],[6.48276,46.61558],[6.48253,46.61499],[6.48248,46.61477],[6.48256,46.61443],[6.48283,46.61413],[6.48307,46.61398],[6.48337,46.61383],[6.48338,46.61382],[6.48457,46.61321],[6.48525,46.61296],[6.48574,46.61259],[6.48487,46.60975],[6.48563,46.60861],[6.48894,46.60759],[6.48947,46.6075],[6.49037,46.60771],[6.49141,46.60907],[6.49156,46.60921],[6.49174,46.60933],[6.49196,46.60942],[6.4922,46.60948],[6.49245,46.60951],[6.4927,46.60951],[6.49295,46.60947],[6.49323,46.60939],[6.4936,46.60917],[6.49374,46.60902],[6.49384,46.60887],[6.49389,46.60853],[6.49376,46.60803],[6.49389,46.60767],[6.49403,46.60751],[6.49421,46.60738],[6.49475,46.60718],[6.49557,46.60701],[6.4958,46.60694],[6.496,46.60685],[6.49632,46.6066],[6.49648,46.60628],[6.4952,46.60144],[6.49535,46.6011],[6.49567,46.60083],[6.49594,46.6007],[6.49621,46.6006],[6.49622,46.6006],[6.49712,46.60026],[6.49734,46.60016],[6.49752,46.60003],[6.49766,46.59988],[6.49776,46.59971],[6.49762,46.59901],[6.49757,46.59896],[6.49756,46.59894],[6.49743,46.5988],[6.4974,46.59877],[6.4967,46.59796],[6.49656,46.59775],[6.4965,46.59757],[6.4965,46.59734],[6.49654,46.59684],[6.49659,46.59661],[6.49684,46.59627],[6.50085,46.5939],[6.50294,46.59384],[6.50325,46.59386],[6.50372,46.59398],[6.50392,46.59408],[6.5043,46.59438],[6.50474,46.59456],[6.50524,46.59461],[6.5055,46.59459],[6.5059,46.59452],[6.50594,46.59451],[6.50693,46.59432],[6.50701,46.5943],[6.5071,46.59428],[6.5084,46.59403],[6.50841,46.59402],[6.50918,46.59387],[6.51,46.59368],[6.51167,46.59445],[6.51346,46.59494],[6.51488,46.59517],[6.51646,46.59612],[6.51732,46.59699],[6.52121,46.59766],[6.52242,46.59963],[6.52021,46.60323],[6.52007,46.60578],[6.51793,46.60756],[6.51857,46.60923],[6.5181,46.61007],[6.51717,46.61214],[6.51715,46.61216],[6.5171,46.61228],[6.51707,46.61234],[6.51703,46.6124],[6.51699,46.61247],[6.51696,46.61252],[6.51691,46.61259],[6.51688,46.61263],[6.51681,46.61271],[6.51652,46.61303],[6.51634,46.61319],[6.51622,46.61331],[6.51612,46.61343],[6.51581,46.61383],[6.5157,46.614],[6.51564,46.61418],[6.5157,46.61455],[6.51581,46.61472],[6.51585,46.61477],[6.51606,46.61502],[6.51615,46.61523],[6.51618,46.61544],[6.51621,46.61555],[6.51624,46.61567],[6.51634,46.61587],[6.51673,46.61649],[6.51685,46.61671],[6.51696,46.61702],[6.51697,46.61706],[6.51699,46.61711],[6.51706,46.61726],[6.51711,46.61737],[6.51716,46.61748],[6.51719,46.61753],[6.51721,46.61756],[6.51758,46.61812],[6.51762,46.61818],[6.5178,46.61842],[6.51785,46.61848],[6.51798,46.61862],[6.518,46.61864],[6.51846,46.61911],[6.51888,46.61956],[6.51874,46.62071],[6.51442,46.62217],[6.51425,46.62222],[6.51417,46.62225],[6.51407,46.6223],[6.51353,46.62256],[6.51334,46.62268],[6.51319,46.62282],[6.51307,46.62297],[6.51299,46.62331],[6.51302,46.62349],[6.51309,46.62365],[6.51395,46.62478],[6.51419,46.62601],[6.5148,46.6264],[6.51517,46.62704],[6.51494,46.62753],[6.51381,46.62798],[6.51341,46.62821],[6.51326,46.62836],[6.51317,46.62853],[6.51312,46.62871],[6.51313,46.62889],[6.51316,46.62909],[6.51316,46.6291],[6.51333,46.63011],[6.51334,46.63034],[6.51329,46.63052],[6.51262,46.63107],[6.51116,46.63152],[6.50942,46.63172],[6.5071,46.63198],[6.5068,46.632],[6.50632,46.63193],[6.50592,46.63174],[6.50564,46.63146],[6.50526,46.63043],[6.50483,46.62998],[6.50358,46.62982],[6.5013,46.63026],[6.50079,46.63016],[6.50039,46.62992],[6.50021,46.62973],[6.49995,46.62936],[6.49983,46.62915],[6.49979,46.62898],[6.49983,46.62828],[6.4988,46.62538],[6.49738,46.6247],[6.49193,46.62637],[6.48796,46.62712],[6.48696,46.62693],[6.48663,46.62665],[6.48627,46.6262],[6.48573,46.62545],[6.48566,46.62535],[6.48463,46.62338],[6.48335,46.62125],[6.48314,46.62052],[6.48238,46.61961],[6.4823,46.61928],[6.4824,46.61896],[6.48266,46.61868],[6.48306,46.61848]]]},"properties":{"bfs_nr":5477,"name":"Cossonay"}},{"type":"Feature","geometry":{"type":"Polygon","coordinates":[[[6.41277,46.63525],[6.41298,46.63315],[6.41375,46.63261],[6.42209,46.63019],[6.42369,46.63013],[6.42542,46.62869],[6.42581,46.62844],[6.42603,46.62836],[6.42646,46.62826],[6.42707,46.62815],[6.42729,46.62807],[6.42749,46.62796],[6.42765,46.62782],[6.42777,46.62767],[6.42787,46.62733],[6.42784,46.62716],[6.42766,46.62683],[6.42731,46.62659],[6.42647,46.62629],[6.42594,46.62572],[6.42594,46.62537],[6.42602,46.62521],[6.4263,46.62492],[6.42654,46.62478],[6.42742,46.62437],[6.42778,46.62412],[6.4279,46.62396],[6.42797,46.62379],[6.42799,46.62361],[6.42796,46.62344],[6.42788,46.62327],[6.42776,46.62311],[6.42759,46.62298],[6.4267,46.62254],[6.42642,46.62224],[6.42633,46.62188],[6.42645,46.62154],[6.42675,46.62125],[6.42702,46.62111],[6.42904,46.62021],[6.42953,46.61928],[6.43185,46.61822],[6.43241,46.61665],[6.43256,46.61632],[6.4327,46.61617],[6.43309,46.61595],[6.43339,46.61587],[6.43594,46.61535],[6.4375,46.61455],[6.43953,46.61416],[6.43985,46.61412],[6.4401,46.61413],[6.44035,46.61416],[6.44058,46.61423],[6.44097,46.61446],[6.44125,46.61482],[6.4416,46.61507],[6.44208,46.61521],[6.44233,46.61523],[6.44511,46.61525],[6.44728,46.61564],[6.44788,46.61542],[6.448,46.61537],[6.44814,46.6153],[6.44827,46.61522],[6.44869,46.61493],[6.44891,46.61484],[6.44939,46.61475],[6.45012,46.61486],[6.45033,46.61496],[6.45055,46.61511],[6.45399,46.61804],[6.45429,46.61852],[6.45426,46.61885],[6.45406,46.61915],[6.45386,46.61931],[6.45118,46.62108],[6.45112,46.62111],[6.45106,46.62115],[6.45089,46.62128],[6.45076,46.62143],[6.45067,46.62159],[6.45062,46.62176],[6.45063,46.62193],[6.45068,46.6221],[6.45227,46.62552],[6.45241,46.62582],[6.45245,46.62591],[6.45344,46.62801],[6.45352,46.62815],[6.45364,46.62827],[6.45432,46.6289],[6.4546,46.62922],[6.45492,46.62952],[6.45508,46.62972],[6.45518,46.6299],[6.45522,46.63005],[6.45522,46.63024],[6.45522,46.63027],[6.45522,46.63029],[6.45522,46.63037],[6.45523,46.63043],[6.45543,46.63162],[6.45544,46.63184],[6.45539,46.63201],[6.45516,46.63232],[6.45262,46.63305],[6.45219,46.63321],[6.45186,46.63347],[6.45161,46.63361],[6.44861,46.63497],[6.44836,46.63506],[6.44779,46.63521],[6.44718,46.63581],[6.44699,46.63765],[6.44457,46.63789],[6.44387,46.63807],[6.44353,46.63833],[6.44342,46.63849],[6.44336,46.63866],[6.44335,46.63883],[6.44351,46.63946],[6.44349,46.63964],[6.44329,46.63999],[6.44254,46.64046],[6.44213,46.64104],[6.44213,46.64169],[6.44152,46.64232],[6.44133,46.64267],[6.44138,46.64307],[6.44175,46.64441],[6.43592,46.64707],[6.43488,46.64718],[6.43442,46.64731],[6.43376,46.64759],[6.43362,46.64766],[6.43126,46.64892],[6.43056,46.64936],[6.42961,46.64951],[6.42915,46.64939],[6.42895,46.64928],[6.42874,46.64913],[6.42862,46.649],[6.42809,46.64842],[6.42806,46.64839],[6.42754,46.64787],[6.42749,46.64781],[6.42559,46.6457],[6.42055,46.64118],[6.41669,46.63805],[6.41277,46.63525]]]},"properties":{"bfs_nr":5479,"name":"Cuarnens"}},{"type":"Feature","geometry":{"type":"Polygon","coordinates":[[[6.53222,46.6236],[6.53336,46.6214],[6.5355,46.62016],[6.53905,46.62032],[6.54023,46.62001],[6.54105,46.61903],[6.54259,46.61812],[6.54314,46.61756],[6.54315,46.61722],[6.54295,46.61676],[6.54303,46.61627],[6.54347,46.61588],[6.54373,46.61577],[6.54643,46.61491],[6.54666,46.61481],[6.54686,46.61468],[6.54701,46.61453],[6.54712,46.61436],[6.54717,46.61399],[6.54648,46.61207],[6.5486,46.61122],[6.5505,46.61411],[6.5511,46.61468],[6.55186,46.6148],[6.55565,46.61426],[6.55949,46.61814],[6.56007,46.62104],[6.55886,46.62222],[6.55965,46.6251],[6.56069,46.62679],[6.56303,46.62923],[6.56403,46.63156],[6.56586,46.63309],[6.56396,46.635],[6.56193,46.63554],[6.5617,46.63564],[6.5615,46.63577],[6.56125,46.6361],[6.5612,46.63628],[6.56121,46.63647],[6.56122,46.63653],[6.56123,46.63654],[6.56134,46.63709],[6.56135,46.63712],[6.56159,46.63807],[6.56148,46.63843],[6.56117,46.63873],[6.56096,46.63884],[6.56066,46.63894],[6.55739,46.63972],[6.55652,46.64048],[6.55689,46.6423],[6.55803,46.64377],[6.55703,46.64515],[6.55681,46.64642],[6.553,46.64697],[6.55164,46.64654],[6.55137,46.64646],[6.55087,46.64638],[6.55065,46.6463],[6.55028,46.64608],[6.55004,46.64574],[6.54977,46.64511],[6.54943,46.64476],[6.54929,46.64454],[6.5492,46.64432],[6.54913,46.64419],[6.54906,46.64406],[6.54771,46.64092],[6.5477,46.6409],[6.54751,46.64042],[6.54749,46.64037],[6.54742,46.64018],[6.54734,46.63998],[6.54681,46.63911],[6.5467,46.63895],[6.54656,46.63882],[6.54638,46.6387],[6.54617,46.63861],[6.5457,46.63852],[6.54521,46.63855],[6.54378,46.63874],[6.54293,46.63812],[6.54287,46.63791],[6.54287,46.63788],[6.54285,46.63775],[6.54284,46.63769],[6.54281,46.63759],[6.54279,46.63752],[6.54275,46.63741],[6.54273,46.63737],[6.54268,46.63724],[6.54266,46.6372],[6.54259,46.63708],[6.54257,46.63703],[6.5425,46.63693],[6.54247,46.63688],[6.5424,46.63678],[6.54235,46.63672],[6.54225,46.6366],[6.54223,46.63659],[6.54138,46.63565],[6.5399,46.63402],[6.53874,46.63298],[6.53589,46.63082],[6.53518,46.63035],[6.53482,46.63001],[6.53471,46.62965],[6.53483,46.62929],[6.53523,46.62876],[6.53526,46.62842],[6.53477,46.62768],[6.53459,46.62751],[6.53436,46.62737],[6.53148,46.62594],[6.53222,46.6236]]]},"properties":{"bfs_nr":5480,"name":"Daillens"}},{"type":"Feature","geometry":{"type":"Polygon","coordinates":[[[6.48114,46.63518],[6.48092,46.63434],[6.48249,46.63305],[6.48251,46.63201],[6.48304,46.63142],[6.48323,46.63104],[6.48402,46.62809],[6.49188,46.62639],[6.49738,46.6247],[6.49882,46.62542],[6.49976,46.62807],[6.49976,46.62898],[6.49989,46.62928],[6.50024,46.62977],[6.50038,46.62993],[6.50057,46.63006],[6.50079,46.63016],[6.50104,46.63023],[6.5013,46.63027],[6.50407,46.6299],[6.50528,46.63058],[6.50564,46.63147],[6.50591,46.63174],[6.5061,46.63185],[6.50632,46.63193],[6.50655,46.63198],[6.5068,46.632],[6.50704,46.63199],[6.50942,46.63172],[6.51034,46.63161],[6.51192,46.63249],[6.51208,46.63437],[6.51196,46.6347],[6.51149,46.63508],[6.51098,46.63521],[6.50836,46.63557],[6.50672,46.63644],[6.50613,46.6388],[6.50435,46.63931],[6.50394,46.63953],[6.50367,46.63984],[6.50361,46.64019],[6.50399,46.64209],[6.5006,46.64314],[6.49732,46.64225],[6.49526,46.64051],[6.49374,46.64072],[6.49245,46.64078],[6.49222,46.6408],[6.49188,46.64086],[6.48951,46.64143],[6.48591,46.64143],[6.48478,46.64111],[6.48436,46.64069],[6.48397,46.6405],[6.48313,46.6403],[6.48277,46.64011],[6.48263,46.63998],[6.48252,46.63982],[6.48245,46.63962],[6.48243,46.63944],[6.4825,46.639],[6.48148,46.63732],[6.48114,46.63518]]]},"properties":{"bfs_nr":5481,"name":"Dizy"}},{"type":"Feature","geometry":{"type":"Polygon","coordinates":[[[6.52041,46.64588],[6.51988,46.64353],[6.52077,46.64244],[6.52387,46.64157],[6.52544,46.64152],[6.52781,46.64102],[6.52785,46.64101],[6.53007,46.64048],[6.53172,46.6409],[6.53184,46.64112],[6.53185,46.64114],[6.53199,46.64142],[6.532,46.64144],[6.53243,46.64227],[6.53243,46.64228],[6.53245,46.64231],[6.53256,46.64246],[6.53289,46.64272],[6.53334,46.64286],[6.53383,46.64289],[6.53407,46.64285],[6.53454,46.64275],[6.53544,46.64248],[6.53574,46.64239],[6.53583,46.64236],[6.53614,46.64225],[6.5369,46.64163],[6.53735,46.64139],[6.53754,46.64132],[6.53757,46.64131],[6.53842,46.641],[6.53957,46.6408],[6.54002,46.64067],[6.54091,46.63992],[6.54493,46.63863],[6.5457,46.63852],[6.54617,46.63861],[6.54638,46.6387],[6.5467,46.63896],[6.54683,46.63915],[6.54717,46.6398],[6.54734,46.64003],[6.54744,46.64024],[6.54749,46.64038],[6.5475,46.64041],[6.54771,46.64091],[6.54771,46.64092],[6.54832,46.6423],[6.54907,46.64408],[6.54951,46.64499],[6.55016,46.64596],[6.5503,46.64612],[6.55049,46.64624],[6.55094,46.64641],[6.55148,46.64649],[6.55244,46.64686],[6.553,46.64697],[6.55577,46.6469],[6.55735,46.6482],[6.55763,46.64884],[6.55615,46.6502],[6.55626,46.65115],[6.55701,46.65167],[6.56038,46.65265],[6.56222,46.65389],[6.56336,46.65409],[6.56381,46.65432],[6.56402,46.65453],[6.56427,46.65484],[6.56454,46.65521],[6.56467,46.65545],[6.56471,46.65571],[6.5647,46.65677],[6.56524,46.65881],[6.5656,46.65927],[6.56576,46.65966],[6.56585,46.6598],[6.56597,46.65992],[6.56602,46.65996],[6.56619,46.66007],[6.56655,46.66028],[6.56681,46.6604],[6.56722,46.66055],[6.56769,46.66084],[6.56826,46.66114],[6.56847,46.66123],[6.56867,46.6613],[6.56897,46.66144],[6.5693,46.66261],[6.56678,46.66339],[6.56424,46.66537],[6.56363,46.66575],[6.56317,46.66587],[6.56269,46.66586],[6.56224,46.66574],[6.56128,46.66513],[6.55765,46.66422],[6.55642,46.66176],[6.55608,46.6613],[6.55588,46.66118],[6.55566,46.6611],[6.55542,46.66104],[6.55516,46.66102],[6.55384,46.66098],[6.55227,46.66096],[6.55222,46.66096],[6.55111,46.66092],[6.55107,46.66092],[6.54979,46.66085],[6.54943,46.66081],[6.54819,46.66059],[6.54814,46.66058],[6.54638,46.66023],[6.54479,46.65988],[6.5435,46.6594],[6.53903,46.65808],[6.53821,46.65706],[6.53757,46.65628],[6.53755,46.65626],[6.53747,46.65617],[6.53731,46.65603],[6.53712,46.65591],[6.5369,46.65582],[6.53665,46.65577],[6.5364,46.65574],[6.53458,46.6557],[6.53445,46.6557],[6.53245,46.65579],[6.53244,46.65579],[6.53174,46.65582],[6.53142,46.65581],[6.53094,46.6557],[6.53057,46.65547],[6.53012,46.65471],[6.52848,46.65439],[6.5249,46.65576],[6.52438,46.6559],[6.52388,46.65589],[6.52343,46.65576],[6.52319,46.65562],[6.52239,46.65507],[6.5211,46.65418],[6.52087,46.65397],[6.52071,46.65374],[6.5203,46.65289],[6.52027,46.65282],[6.52024,46.65276],[6.5201,46.65245],[6.5201,46.65243],[6.51948,46.65099],[6.51947,46.65098],[6.51929,46.65054],[6.51924,46.65033],[6.51929,46.64999],[6.51954,46.64968],[6.5207,46.64907],[6.52091,46.64856],[6.52041,46.64588]]]},"properties":{"bfs_nr":5482,"name":"Ecl\u00e9pens"}},{"type":"Feature","geometry":{"type":"Polygon","coordinates":[[[6.4635,46.65947],[6.46379,46.65926],[6.46452,46.65892],[6.46472,46.65884],[6.46496,46.65871],[6.46553,46.65843],[6.46826,46.65686],[6.46935,46.65494],[6.47037,46.65434],[6.47088,46.65424],[6.47293,46.65523],[6.47337,46.65538],[6.47387,46.65539],[6.47434,46.65528],[6.47481,46.65505],[6.47575,46.65431],[6.47627,46.65177],[6.47405,46.65096],[6.47429,46.64957],[6.47593,46.64959],[6.47654,46.65014],[6.47712,46.65187],[6.47975,46.6526],[6.48183,46.65432],[6.48684,46.65586],[6.48756,46.65589],[6.48894,46.65534],[6.49076,46.65523],[6.49438,46.65589],[6.49601,46.65551],[6.49707,46.65577],[6.4976,46.65581],[6.49835,46.6557],[6.49948,46.65566],[6.5002,46.65587],[6.50052,46.65615],[6.50093,46.65689],[6.50142,46.65803],[6.50139,46.65871],[6.4993,46.65978],[6.49739,46.66129],[6.49449,46.66259],[6.49377,46.66279],[6.49233,46.66355],[6.49206,46.66363],[6.49197,46.66365],[6.49172,46.66369],[6.49143,46.66372],[6.49109,46.66376],[6.49104,46.66376],[6.491,46.66377],[6.49076,46.66381],[6.49054,46.66388],[6.48932,46.66432],[6.48883,46.66431],[6.48765,46.66395],[6.48703,46.66393],[6.48681,46.66389],[6.48655,46.6638],[6.4864,46.66375],[6.4863,46.66372],[6.48574,46.66357],[6.48546,46.66343],[6.48526,46.66329],[6.48499,46.66306],[6.48446,46.66264],[6.48427,46.66254],[6.48406,46.66246],[6.48382,46.66241],[6.48358,46.66239],[6.4831,46.66245],[6.48288,46.66252],[6.48269,46.66262],[6.48263,46.66265],[6.48257,46.66269],[6.48201,46.663],[6.48043,46.66391],[6.48041,46.66392],[6.48005,46.66413],[6.47987,46.66427],[6.47973,46.66442],[6.4796,46.66478],[6.4796,46.66545],[6.47706,46.66623],[6.47579,46.66685],[6.47478,46.66737],[6.47435,46.66764],[6.47322,46.66858],[6.47234,46.66872],[6.47092,46.66904],[6.46859,46.66967],[6.46652,46.6703],[6.46534,46.67005],[6.46455,46.66879],[6.46445,46.66857],[6.46445,46.66855],[6.46441,46.66836],[6.4644,46.66827],[6.4644,46.66823],[6.46439,46.66797],[6.4644,46.66779],[6.4644,46.66776],[6.46449,46.66747],[6.46466,46.66721],[6.46483,46.66705],[6.46521,46.66676],[6.46539,46.66659],[6.46546,46.66648],[6.46564,46.6662],[6.46573,46.66601],[6.46577,46.66582],[6.46576,46.66567],[6.46573,46.66556],[6.46561,46.66519],[6.46516,46.66345],[6.46487,46.66277],[6.46446,46.66193],[6.46444,46.66189],[6.46434,46.66171],[6.4643,46.66165],[6.46418,46.66147],[6.46414,46.66142],[6.46402,46.66127],[6.46396,46.6612],[6.46381,46.66104],[6.46369,46.66093],[6.46346,46.66077],[6.46328,46.6606],[6.46311,46.65995],[6.4633,46.65963],[6.4635,46.65947]]]},"properties":{"bfs_nr":5483,"name":"Ferreyres"}},{"type":"Feature","geometry":{"type":"Polygon","coordinates":[[[6.49411,46.58687],[6.49489,46.58386],[6.49485,46.58078],[6.49649,46.57868],[6.49599,46.57625],[6.49747,46.5745],[6.50022,46.57451],[6.5038,46.57637],[6.50791,46.57748],[6.50839,46.57745],[6.50875,46.57737],[6.50887,46.57734],[6.5091,46.57726],[6.50941,46.57712],[6.50972,46.57693],[6.51007,46.57677],[6.51051,46.5764],[6.51225,46.57566],[6.51278,46.57493],[6.51352,46.57444],[6.51417,46.57434],[6.5151,46.57457],[6.51614,46.57579],[6.52037,46.57767],[6.52161,46.57752],[6.52295,46.57601],[6.52452,46.5756],[6.52671,46.57664],[6.52734,46.57884],[6.5263,46.58018],[6.52581,46.58129],[6.52586,46.58165],[6.52698,46.58298],[6.52697,46.58366],[6.52667,46.58399],[6.52643,46.58441],[6.52626,46.58458],[6.52598,46.58475],[6.52542,46.58504],[6.52523,46.58518],[6.52509,46.58534],[6.525,46.58552],[6.52497,46.58571],[6.52501,46.58594],[6.52509,46.58613],[6.52554,46.58671],[6.52559,46.58705],[6.52545,46.58738],[6.52497,46.58796],[6.52483,46.58874],[6.52542,46.58973],[6.52812,46.59007],[6.52931,46.59114],[6.52967,46.59214],[6.52923,46.59314],[6.5292,46.59471],[6.52864,46.59628],[6.5297,46.59814],[6.52848,46.59947],[6.52288,46.59866],[6.52159,46.59771],[6.51735,46.59698],[6.5165,46.59611],[6.51536,46.59532],[6.51429,46.59496],[6.51233,46.59454],[6.51009,46.59364],[6.5093,46.59384],[6.50916,46.59387],[6.50841,46.59402],[6.5084,46.59403],[6.50708,46.59429],[6.507,46.5943],[6.50691,46.59432],[6.50595,46.59451],[6.50589,46.59452],[6.50556,46.59458],[6.50524,46.59461],[6.50474,46.59456],[6.5043,46.59437],[6.50392,46.59408],[6.50372,46.59397],[6.5035,46.5939],[6.50326,46.59385],[6.503,46.59384],[6.50101,46.59387],[6.49907,46.59325],[6.49687,46.59267],[6.49549,46.59232],[6.49515,46.59221],[6.49499,46.59214],[6.49467,46.59202],[6.49456,46.59197],[6.49455,46.59196],[6.49442,46.5919],[6.49419,46.59175],[6.49404,46.59162],[6.49391,46.59147],[6.49374,46.59124],[6.49372,46.59121],[6.49365,46.59112],[6.49354,46.59092],[6.49354,46.59091],[6.49349,46.59078],[6.49341,46.59045],[6.49338,46.59012],[6.49411,46.58687]]]},"properties":{"bfs_nr":5484,"name":"Gollion"}},{"type":"Feature","geometry":{"type":"Polygon","coordinates":[[[6.44296,46.59688],[6.44317,46.59648],[6.44318,46.59646],[6.44351,46.59584],[6.44353,46.59581],[6.44389,46.59519],[6.44396,46.59504],[6.44437,46.59373],[6.44437,46.59372],[6.44473,46.59254],[6.44474,46.59247],[6.44495,46.59139],[6.44495,46.59116],[6.44488,46.59066],[6.44514,46.59015],[6.44671,46.58833],[6.44812,46.58824],[6.44837,46.58824],[6.44862,46.5882],[6.44886,46.58812],[6.44906,46.58802],[6.44924,46.58789],[6.44937,46.58774],[6.44946,46.58757],[6.45133,46.5833],[6.45139,46.58293],[6.4511,46.58204],[6.45116,46.58188],[6.45141,46.58159],[6.45179,46.58138],[6.45202,46.58132],[6.45232,46.58128],[6.45652,46.58077],[6.4611,46.5808],[6.46276,46.58122],[6.46845,46.58144],[6.46997,46.5826],[6.47039,46.58285],[6.47065,46.58292],[6.47273,46.58341],[6.47306,46.58367],[6.47322,46.584],[6.47323,46.58422],[6.4732,46.5845],[6.47316,46.58468],[6.47291,46.58555],[6.47313,46.58624],[6.4733,46.58638],[6.47351,46.58649],[6.47375,46.58657],[6.474,46.58662],[6.47656,46.58687],[6.47685,46.58692],[6.47728,46.58709],[6.47745,46.58722],[6.47813,46.58801],[6.47831,46.58834],[6.47779,46.59054],[6.47651,46.5915],[6.47552,46.59436],[6.4755,46.59471],[6.47557,46.59489],[6.47569,46.59505],[6.47585,46.59519],[6.47653,46.59558],[6.47681,46.59624],[6.47664,46.59658],[6.47572,46.59719],[6.47552,46.59754],[6.47554,46.59791],[6.47582,46.59867],[6.47587,46.59889],[6.4758,46.59924],[6.47553,46.59954],[6.47462,46.59983],[6.47376,46.59977],[6.4735,46.5998],[6.47325,46.59986],[6.47303,46.59995],[6.47283,46.60007],[6.47257,46.60038],[6.47231,46.60151],[6.47208,46.6018],[6.47191,46.60192],[6.47149,46.60208],[6.47119,46.60213],[6.47061,46.60219],[6.47035,46.60223],[6.4701,46.60231],[6.46988,46.60243],[6.46971,46.60257],[6.4695,46.60292],[6.46883,46.60552],[6.46875,46.60573],[6.46848,46.60603],[6.46806,46.60623],[6.46776,46.60629],[6.46541,46.60665],[6.46392,46.60768],[6.4617,46.60765],[6.46014,46.60699],[6.45656,46.60645],[6.45481,46.60576],[6.45453,46.60546],[6.45423,46.60517],[6.45383,46.60385],[6.451,46.60201],[6.45002,46.60184],[6.44855,46.60198],[6.44757,46.60116],[6.447,46.59982],[6.44665,46.59925],[6.44593,46.5985],[6.44298,46.59759],[6.44288,46.59709],[6.44296,46.59688]]]},"properties":{"bfs_nr":5485,"name":"Grancy"}},{"type":"Feature","geometry":{"type":"Polygon","coordinates":[[[6.33282,46.62397],[6.33306,46.624],[6.33332,46.62405],[6.33369,46.62414],[6.33375,46.62415],[6.33468,46.62434],[6.33476,46.62436],[6.33557,46.62456],[6.33561,46.62456],[6.33661,46.62478],[6.33665,46.62479],[6.33707,46.62489],[6.33738,46.62498],[6.33743,46.625],[6.33767,46.62507],[6.33869,46.62532],[6.33878,46.62534],[6.33937,46.62545],[6.3394,46.62545],[6.34001,46.62556],[6.3402,46.62559],[6.34083,46.62563],[6.34148,46.62569],[6.34238,46.62575],[6.34638,46.62613],[6.34813,46.62622],[6.35025,46.62618],[6.35075,46.62616],[6.35095,46.62614],[6.35115,46.6261],[6.35311,46.62556],[6.35953,46.62464],[6.36135,46.62469],[6.3617,46.62467],[6.36439,46.62451],[6.36441,46.6245],[6.3666,46.62435],[6.36679,46.62432],[6.36769,46.62416],[6.3685,46.62399],[6.36944,46.62386],[6.37001,46.62373],[6.37824,46.62131],[6.37851,46.62125],[6.37879,46.62122],[6.3804,46.62116],[6.38042,46.62116],[6.38144,46.62113],[6.38183,46.62114],[6.38296,46.62126],[6.38313,46.62127],[6.38469,46.62129],[6.38493,46.62128],[6.38539,46.62116],[6.38559,46.62105],[6.38576,46.62093],[6.3861,46.62061],[6.38613,46.62058],[6.38691,46.6198],[6.38698,46.61971],[6.38751,46.61902],[6.38775,46.61865],[6.38788,46.61848],[6.38802,46.61836],[6.38823,46.61823],[6.38973,46.61743],[6.39061,46.61695],[6.39073,46.61688],[6.39104,46.61666],[6.39199,46.61594],[6.39313,46.61515],[6.39328,46.61502],[6.39347,46.61472],[6.39379,46.61368],[6.39401,46.61354],[6.39435,46.61335],[6.39489,46.61303],[6.39562,46.61268],[6.39585,46.61259],[6.398,46.61186],[6.39833,46.61179],[6.39879,46.61172],[6.39924,46.61157],[6.40036,46.61072],[6.40065,46.61043],[6.40074,46.61008],[6.40051,46.60957],[6.40006,46.60924],[6.39906,46.60874],[6.39878,46.60845],[6.39869,46.6081],[6.39871,46.60793],[6.39891,46.60761],[6.40021,46.60671],[6.40278,46.60407],[6.40555,46.60244],[6.40905,46.60251],[6.40971,46.60274],[6.41011,46.60309],[6.4103,46.60321],[6.41051,46.6033],[6.41074,46.60336],[6.41098,46.60339],[6.41123,46.60339],[6.4117,46.60328],[6.41258,46.6029],[6.41362,46.60292],[6.41405,46.60314],[6.41503,46.60403],[6.41555,46.60492],[6.41586,46.60518],[6.41912,46.60621],[6.41979,46.60681],[6.42066,46.60715],[6.42117,46.60713],[6.42181,46.60685],[6.42332,46.60603],[6.42413,46.60522],[6.42591,46.60488],[6.42679,46.60511],[6.42805,46.6063],[6.42879,46.60674],[6.42912,46.60752],[6.4309,46.60833],[6.43328,46.60822],[6.43465,46.60928],[6.43772,46.61075],[6.43781,46.61144],[6.43725,46.61228],[6.4363,46.6127],[6.43611,46.6128],[6.43596,46.61293],[6.43584,46.61308],[6.43577,46.61323],[6.43573,46.6134],[6.43574,46.61356],[6.4358,46.61372],[6.43608,46.6143],[6.43615,46.6147],[6.43587,46.61519],[6.43547,46.61542],[6.43517,46.6155],[6.43333,46.61588],[6.43309,46.61595],[6.43288,46.61604],[6.4327,46.61617],[6.43255,46.61631],[6.43245,46.61647],[6.4318,46.61825],[6.42899,46.61948],[6.42675,46.62124],[6.42644,46.62153],[6.42636,46.6217],[6.42632,46.62188],[6.42634,46.62206],[6.42641,46.62224],[6.42653,46.6224],[6.4267,46.62254],[6.4269,46.62265],[6.42758,46.62298],[6.42775,46.62311],[6.42796,46.62344],[6.42797,46.62379],[6.42778,46.62412],[6.42649,46.62481],[6.42629,46.62492],[6.42613,46.62505],[6.42601,46.62521],[6.42594,46.62537],[6.42593,46.62572],[6.42627,46.62618],[6.42647,46.62629],[6.42731,46.62659],[6.42765,46.62684],[6.42786,46.62733],[6.42776,46.62767],[6.42748,46.62795],[6.42707,46.62815],[6.42638,46.62827],[6.4261,46.62833],[6.42599,46.62837],[6.42581,46.62844],[6.4253,46.62872],[6.42436,46.62906],[6.42367,46.62976],[6.42274,46.63],[6.4132,46.63277],[6.4124,46.63356],[6.41179,46.63586],[6.40966,46.63702],[6.4095,46.63712],[6.40749,46.63866],[6.40746,46.63868],[6.40647,46.63941],[6.40644,46.63942],[6.40629,46.63954],[6.40626,46.63957],[6.40572,46.63997],[6.40544,46.64013],[6.40512,46.64024],[6.40405,46.64054],[6.4037,46.6406],[6.40314,46.64058],[6.40282,46.64048],[6.40035,46.63971],[6.39708,46.63983],[6.39669,46.63981],[6.39631,46.63972],[6.39462,46.63918],[6.3946,46.63917],[6.39369,46.63889],[6.39351,46.63884],[6.3932,46.63878],[6.39315,46.63877],[6.39141,46.63849],[6.39115,46.63843],[6.39064,46.63826],[6.38966,46.63828],[6.38566,46.63759],[6.35957,46.64019],[6.3577,46.63999],[6.35644,46.63892],[6.3535,46.63709],[6.35104,46.63569],[6.35079,46.63551],[6.35064,46.63535],[6.3501,46.63462],[6.34681,46.6351],[6.34524,46.63481],[6.34459,46.63383],[6.34449,46.63368],[6.34434,46.63354],[6.34417,46.63342],[6.34396,46.63333],[6.3418,46.63251],[6.34023,46.63197],[6.34002,46.63188],[6.33939,46.63159],[6.33927,46.63154],[6.33874,46.63135],[6.33848,46.63128],[6.33807,46.63121],[6.33781,46.63112],[6.33711,46.63085],[6.33707,46.63083],[6.33654,46.63061],[6.33624,46.63045],[6.336,46.63024],[6.3358,46.63002],[6.33492,46.62912],[6.3349,46.6291],[6.33404,46.62818],[6.33403,46.62818],[6.33296,46.62703],[6.33151,46.62544],[6.33147,46.62539],[6.33141,46.62533],[6.33128,46.62514],[6.33122,46.62497],[6.33125,46.62463],[6.33203,46.62401],[6.33251,46.62395],[6.33282,46.62397]]]},"properties":{"bfs_nr":5486,"name":"L'Isle"}},{"type":"Feature","geometry":{"type":"Polygon","coordinates":[[[6.50826,46.63676],[6.50825,46.63598],[6.51104,46.63521],[6.51149,46.63508],[6.51185,46.63485],[6.51197,46.6347],[6.51205,46.63454],[6.51209,46.63437],[6.51211,46.63148],[6.51308,46.63092],[6.51331,46.6306],[6.51336,46.63025],[6.51316,46.62909],[6.51313,46.62894],[6.51312,46.62872],[6.51316,46.62856],[6.51337,46.62825],[6.51487,46.62766],[6.51516,46.62737],[6.51525,46.62685],[6.51451,46.62538],[6.51313,46.62369],[6.51304,46.62352],[6.513,46.62335],[6.51307,46.62299],[6.51318,46.62283],[6.51334,46.62269],[6.51417,46.62225],[6.51442,46.62218],[6.5146,46.62214],[6.51534,46.62194],[6.51688,46.6215],[6.51766,46.62125],[6.51874,46.62077],[6.52037,46.62112],[6.5217,46.62247],[6.52208,46.62272],[6.52645,46.62358],[6.53211,46.62626],[6.53359,46.62701],[6.53429,46.62734],[6.53458,46.62751],[6.53522,46.62836],[6.53512,46.62885],[6.53466,46.62951],[6.53469,46.62985],[6.53478,46.63001],[6.53507,46.63028],[6.53873,46.63297],[6.53991,46.63403],[6.54138,46.63565],[6.54138,46.63566],[6.54224,46.63659],[6.54226,46.63662],[6.54233,46.6367],[6.54241,46.6368],[6.54246,46.63687],[6.54251,46.63694],[6.54256,46.63702],[6.5426,46.63709],[6.54265,46.63719],[6.54268,46.63725],[6.54273,46.63736],[6.54278,46.6375],[6.54282,46.6376],[6.54283,46.63767],[6.54285,46.63776],[6.54287,46.63788],[6.54287,46.63792],[6.54288,46.638],[6.54289,46.63814],[6.54284,46.63872],[6.54267,46.63912],[6.54047,46.64004],[6.53947,46.64074],[6.53865,46.64093],[6.53846,46.64098],[6.53758,46.64131],[6.53753,46.64133],[6.53688,46.64155],[6.53615,46.64213],[6.53582,46.64235],[6.53556,46.64245],[6.53531,46.64252],[6.5348,46.64263],[6.53444,46.64276],[6.53421,46.64282],[6.53413,46.64284],[6.53383,46.64288],[6.53334,46.64286],[6.5329,46.64271],[6.53256,46.64246],[6.53243,46.64227],[6.53242,46.64226],[6.532,46.64145],[6.53198,46.64142],[6.53185,46.64115],[6.53182,46.64107],[6.53172,46.6409],[6.53013,46.64046],[6.52786,46.64101],[6.5278,46.64102],[6.52634,46.64133],[6.52602,46.64137],[6.52552,46.64134],[6.52459,46.64105],[6.52351,46.64124],[6.52037,46.64238],[6.51958,46.64199],[6.51929,46.6414],[6.51835,46.64066],[6.51825,46.6405],[6.51818,46.64029],[6.51812,46.63991],[6.51811,46.63988],[6.51758,46.63744],[6.51751,46.63726],[6.5174,46.63709],[6.51723,46.63695],[6.5168,46.63674],[6.51654,46.63669],[6.51602,46.63669],[6.50978,46.63738],[6.50826,46.63676]]]},"properties":{"bfs_nr":5487,"name":"Lussery-Villars"}},{"type":"Feature","geometry":{"type":"Polygon","coordinates":[[[6.41065,46.60115],[6.41134,46.6006],[6.4118,46.59986],[6.41214,46.59958],[6.41266,46.59936],[6.41315,46.59927],[6.41451,46.59936],[6.41515,46.59958],[6.41596,46.59976],[6.41647,46.60003],[6.41677,46.60038],[6.41707,46.60105],[6.42038,46.60262],[6.42137,46.60323],[6.42179,46.60361],[6.42223,46.60379],[6.4239,46.6044],[6.4236,46.60558],[6.42103,46.60709],[6.4199,46.60683],[6.41905,46.60609],[6.4173,46.60541],[6.41639,46.60535],[6.41556,46.60491],[6.41491,46.60376],[6.41442,46.60313],[6.41384,46.60282],[6.41277,46.60281],[6.41169,46.60328],[6.41092,46.60338],[6.41066,46.60333],[6.41042,46.60326],[6.41021,46.60315],[6.40999,46.60298],[6.40981,46.60277],[6.40959,46.60232],[6.41065,46.60115]]]},"properties":{"bfs_nr":5488,"name":"Mauraz"}},{"type":"Feature","geometry":{"type":"Polygon","coordinates":[[[6.54821,46.57488],[6.54879,46.57335],[6.54843,46.57039],[6.54963,46.56883],[6.54932,46.56772],[6.54965,46.56708],[6.55027,46.56681],[6.55229,46.56642],[6.55339,46.56674],[6.55362,46.56704],[6.55367,46.56721],[6.55368,46.56742],[6.5536,46.56809],[6.55356,46.56828],[6.55327,46.56901],[6.55358,46.56982],[6.55367,46.56997],[6.55379,46.57011],[6.55395,46.57023],[6.55414,46.57033],[6.55435,46.5704],[6.55698,46.57112],[6.55876,46.57122],[6.56133,46.5723],[6.56197,46.57227],[6.56424,46.57228],[6.56506,46.57246],[6.56569,46.57314],[6.5667,46.57354],[6.5674,46.5735],[6.5688,46.57349],[6.56908,46.57346],[6.57038,46.57321],[6.57179,46.574],[6.57376,46.57476],[6.57386,46.57545],[6.5735,46.57586],[6.57338,46.57601],[6.5733,46.57617],[6.57328,46.5765],[6.57389,46.57746],[6.5738,46.57849],[6.57391,46.57887],[6.57406,46.57904],[6.57428,46.57924],[6.57447,46.57947],[6.57464,46.5796],[6.57465,46.5796],[6.57476,46.57969],[6.57486,46.57977],[6.57487,46.57978],[6.57509,46.57995],[6.57498,46.58134],[6.57278,46.58231],[6.56896,46.58255],[6.56732,46.58216],[6.56614,46.5826],[6.56468,46.58302],[6.56209,46.58387],[6.56197,46.5839],[6.56094,46.58419],[6.55937,46.5848],[6.55892,46.58531],[6.55851,46.58554],[6.55793,46.58564],[6.55788,46.58564],[6.55636,46.58573],[6.55603,46.58573],[6.55553,46.58561],[6.55482,46.58534],[6.55388,46.58523],[6.55333,46.58521],[6.55298,46.58522],[6.55269,46.58528],[6.55183,46.58552],[6.55115,46.58576],[6.54913,46.58501],[6.54942,46.58305],[6.54934,46.58273],[6.54891,46.5823],[6.54879,46.58214],[6.54868,46.58193],[6.547,46.57687],[6.54696,46.57666],[6.54697,46.57649],[6.54714,46.57617],[6.54783,46.57574],[6.54822,46.57525],[6.54821,46.57488]]]},"properties":{"bfs_nr":5489,"name":"Mex (VD)"}},{"type":"Feature","geometry":{"type":"Polygon","coordinates":[[[6.43376,46.64759],[6.434,46.64751],[6.43446,46.64745],[6.43522,46.64741],[6.44184,46.64441],[6.44186,46.6437],[6.44139,46.64257],[6.4422,46.64179],[6.44248,46.64059],[6.44312,46.64013],[6.4433,46.63999],[6.44342,46.63982],[6.4435,46.63964],[6.44352,46.63946],[6.44343,46.63849],[6.44353,46.63833],[6.44387,46.63807],[6.44463,46.63789],[6.44865,46.63808],[6.45457,46.64132],[6.4571,46.64249],[6.4618,46.6441],[6.46704,46.64713],[6.46734,46.64725],[6.46749,46.64729],[6.46773,46.64734],[6.4682,46.64741],[6.46849,46.64744],[6.46911,46.64744],[6.47001,46.64755],[6.47033,46.64763],[6.47056,46.64773],[6.47173,46.64845],[6.47289,46.64889],[6.47334,46.6493],[6.47358,46.6509],[6.47578,46.65223],[6.4754,46.65457],[6.4745,46.65519],[6.4739,46.65534],[6.47297,46.65524],[6.47186,46.65445],[6.4714,46.65427],[6.47114,46.65423],[6.47088,46.65423],[6.47062,46.65427],[6.47037,46.65434],[6.47015,46.65444],[6.46935,46.65494],[6.46821,46.65689],[6.46599,46.65811],[6.46578,46.65825],[6.46543,46.65847],[6.46495,46.65871],[6.46476,46.65881],[6.46385,46.65922],[6.46345,46.6595],[6.4633,46.65963],[6.46311,46.65995],[6.46327,46.6606],[6.46342,46.66074],[6.46365,46.66091],[6.46384,46.66107],[6.46395,46.66119],[6.46404,46.66129],[6.46419,46.66148],[6.46429,46.66164],[6.46435,46.66173],[6.46575,46.66563],[6.46575,46.66585],[6.4657,46.66606],[6.4654,46.66657],[6.46528,46.6667],[6.46512,46.66682],[6.46493,46.66696],[6.4648,46.66706],[6.46467,46.66719],[6.46464,46.66723],[6.46453,46.66739],[6.46447,46.66752],[6.46441,46.66771],[6.46439,46.66782],[6.46439,46.66794],[6.4644,46.66824],[6.4644,46.66826],[6.46441,46.66839],[6.46444,46.66852],[6.46446,46.6686],[6.46453,46.66875],[6.46497,46.6697],[6.4641,46.67076],[6.46047,46.67104],[6.45933,46.67014],[6.45917,46.67003],[6.4591,46.66999],[6.45881,46.66986],[6.45762,46.66946],[6.45737,46.6693],[6.45733,46.66926],[6.45716,46.6691],[6.45616,46.66782],[6.45504,46.66729],[6.45455,46.66693],[6.45432,46.66681],[6.45377,46.66661],[6.45364,46.66654],[6.4533,46.66632],[6.45292,46.66601],[6.45247,46.66572],[6.45192,46.66545],[6.45143,46.66501],[6.45013,46.66447],[6.44692,46.66209],[6.4438,46.66185],[6.44319,46.66171],[6.44093,46.66086],[6.44071,46.66076],[6.44051,46.66064],[6.43891,46.65947],[6.43455,46.65673],[6.43064,46.65157],[6.43014,46.64971],[6.43129,46.64891],[6.43272,46.64816],[6.43358,46.64768],[6.43376,46.64759]]]},"properties":{"bfs_nr":5490,"name":"Moiry"}},{"type":"Feature","geometry":{"type":"Polygon","coordinates":[[[6.34656,46.64251],[6.3465,46.64196],[6.3465,46.64184],[6.34652,46.64095],[6.34656,46.64072],[6.34691,46.63944],[6.34734,46.63866],[6.34787,46.63821],[6.34798,46.63808],[6.34805,46.63793],[6.34809,46.63777],[6.34814,46.63708],[6.34815,46.63704],[6.34818,46.63614],[6.35032,46.63528],[6.35051,46.63539],[6.35348,46.63708],[6.35597,46.63871],[6.35785,46.64015],[6.35949,46.6402],[6.38559,46.63759],[6.38977,46.63838],[6.39057,46.63833],[6.39114,46.63844],[6.39313,46.63877],[6.39346,46.63883],[6.39374,46.6389],[6.39638,46.63975],[6.39669,46.63982],[6.397,46.63983],[6.40029,46.63971],[6.40288,46.64051],[6.40314,46.64058],[6.40342,46.64061],[6.40371,46.6406],[6.40398,46.64055],[6.40519,46.64023],[6.40545,46.64013],[6.40567,46.64],[6.40627,46.63956],[6.40629,46.63955],[6.40644,46.63943],[6.40647,46.6394],[6.40747,46.63868],[6.40748,46.63866],[6.40946,46.63715],[6.41174,46.63589],[6.41224,46.63571],[6.41321,46.63578],[6.41672,46.63808],[6.42054,46.64117],[6.42561,46.64573],[6.42749,46.64782],[6.42753,46.64786],[6.42805,46.64838],[6.4281,46.64843],[6.42864,46.64902],[6.42869,46.64908],[6.42978,46.65015],[6.43063,46.65155],[6.43406,46.6561],[6.4341,46.65696],[6.4338,46.65722],[6.43356,46.65735],[6.43246,46.6578],[6.43245,46.6578],[6.4301,46.65876],[6.43009,46.65876],[6.42794,46.65965],[6.42786,46.65968],[6.42658,46.66015],[6.42651,46.66018],[6.42342,46.6615],[6.42335,46.66152],[6.42223,46.66196],[6.41832,46.66357],[6.41205,46.66628],[6.41103,46.66676],[6.41101,46.66676],[6.41052,46.66699],[6.41023,46.66712],[6.41017,46.66715],[6.40999,46.66723],[6.40986,46.66729],[6.40959,46.66738],[6.40928,46.66747],[6.40831,46.66754],[6.40699,46.66797],[6.40683,46.66802],[6.40662,46.66811],[6.40553,46.66869],[6.40444,46.6688],[6.40111,46.66994],[6.39936,46.67121],[6.39905,46.67139],[6.39768,46.67201],[6.39717,46.67208],[6.39685,46.67206],[6.39041,46.67114],[6.38993,46.67105],[6.3878,46.6706],[6.38321,46.66961],[6.38293,46.66954],[6.38239,46.66936],[6.38229,46.66932],[6.37922,46.66813],[6.37588,46.66693],[6.37565,46.66686],[6.37289,46.66628],[6.37279,46.66626],[6.37238,46.66615],[6.37235,46.66615],[6.37195,46.66605],[6.37186,46.66603],[6.36957,46.66562],[6.36904,46.66552],[6.36835,46.66541],[6.36807,46.66538],[6.36753,46.66545],[6.36691,46.66581],[6.36597,46.66689],[6.36596,46.6669],[6.36511,46.66786],[6.36494,46.66802],[6.36473,46.66816],[6.36352,46.66884],[6.36341,46.6689],[6.36144,46.66986],[6.36119,46.66996],[6.36034,46.67016],[6.35957,46.67047],[6.35824,46.67117],[6.35776,46.67134],[6.35727,46.67137],[6.35703,46.67134],[6.35675,46.67126],[6.3564,46.67114],[6.35634,46.67112],[6.35614,46.67104],[6.3561,46.67103],[6.35407,46.67032],[6.35066,46.66908],[6.35005,46.66865],[6.34962,46.66721],[6.34911,46.6661],[6.34865,46.6651],[6.34857,46.66487],[6.34852,46.66477],[6.34842,46.66454],[6.34829,46.66406],[6.34811,46.66361],[6.3481,46.66285],[6.34849,46.66152],[6.34851,46.66136],[6.34852,46.66105],[6.3485,46.66076],[6.34843,46.6604],[6.34821,46.6597],[6.34822,46.65941],[6.34838,46.65909],[6.34879,46.65853],[6.34882,46.657],[6.34814,46.65561],[6.34838,46.65363],[6.34972,46.64863],[6.34911,46.64559],[6.34878,46.64493],[6.34814,46.6442],[6.34672,46.64292],[6.34662,46.64274],[6.34656,46.64251]]]},"properties":{"bfs_nr":5491,"name":"Mont-la-Ville"}},{"type":"Feature","geometry":{"type":"Polygon","coordinates":[[[6.29804,46.59235],[6.3008,46.59014],[6.30099,46.58912],[6.3,46.58819],[6.2998,46.58796],[6.29942,46.58743],[6.29927,46.58715],[6.29917,46.58676],[6.29951,46.58612],[6.30095,46.58589],[6.30607,46.58708],[6.31005,46.58841],[6.31338,46.58992],[6.31419,46.59007],[6.31989,46.58982],[6.32805,46.58993],[6.33126,46.58961],[6.33412,46.58961],[6.33418,46.58961],[6.33483,46.58963],[6.33529,46.58965],[6.3354,46.58965],[6.33611,46.58964],[6.33613,46.58964],[6.3366,46.58964],[6.33665,46.58964],[6.3388,46.58957],[6.34071,46.58965],[6.34414,46.59025],[6.34431,46.59028],[6.34855,46.59062],[6.35349,46.59084],[6.35355,46.59084],[6.35678,46.5909],[6.35709,46.59088],[6.36334,46.58994],[6.36336,46.58994],[6.36406,46.58983],[6.36435,46.58976],[6.36538,46.5894],[6.36665,46.58927],[6.36918,46.58876],[6.37063,46.58836],[6.37434,46.58713],[6.37495,46.58628],[6.37584,46.58555],[6.37606,46.5854],[6.37649,46.58524],[6.37756,46.58512],[6.38027,46.58338],[6.38217,46.5831],[6.38392,46.58175],[6.38591,46.58096],[6.38703,46.58033],[6.38772,46.58019],[6.39219,46.58113],[6.39429,46.58121],[6.39465,46.58128],[6.39487,46.58132],[6.39527,46.58142],[6.39541,46.58146],[6.39552,46.58148],[6.39603,46.5816],[6.39631,46.58169],[6.39673,46.58185],[6.39767,46.5826],[6.39785,46.58274],[6.39807,46.58285],[6.3983,46.58292],[6.3985,46.58297],[6.39883,46.58305],[6.39916,46.5832],[6.39943,46.58337],[6.39962,46.58352],[6.39974,46.58364],[6.39982,46.58375],[6.39989,46.58388],[6.39992,46.58395],[6.40001,46.58417],[6.40006,46.58465],[6.40007,46.58472],[6.40009,46.58479],[6.40012,46.58488],[6.40018,46.58503],[6.40032,46.5852],[6.40034,46.58522],[6.40039,46.58527],[6.40055,46.5854],[6.40065,46.58546],[6.40074,46.58551],[6.40076,46.58553],[6.40083,46.58556],[6.40092,46.5856],[6.40119,46.5857],[6.40184,46.58586],[6.40233,46.58613],[6.40255,46.58627],[6.40258,46.58629],[6.40268,46.58638],[6.40276,46.58645],[6.40303,46.58667],[6.40319,46.58679],[6.4033,46.58687],[6.40336,46.58691],[6.40356,46.58707],[6.40381,46.58733],[6.40407,46.5877],[6.40428,46.58808],[6.40443,46.58851],[6.4045,46.58882],[6.40451,46.58932],[6.40447,46.58973],[6.40448,46.5899],[6.40471,46.59052],[6.40418,46.59137],[6.40411,46.59153],[6.40407,46.59167],[6.40408,46.5919],[6.40413,46.5921],[6.40447,46.59253],[6.40477,46.59269],[6.40528,46.5929],[6.4055,46.59304],[6.4057,46.5932],[6.40589,46.59351],[6.40589,46.59449],[6.40632,46.59492],[6.40687,46.59513],[6.40742,46.59521],[6.40775,46.59528],[6.40798,46.59538],[6.40834,46.59566],[6.40874,46.59646],[6.40882,46.59749],[6.40735,46.60153],[6.4049,46.60255],[6.40211,46.60426],[6.40001,46.60681],[6.39891,46.6076],[6.39871,46.60793],[6.39868,46.6081],[6.3987,46.60828],[6.39877,46.60845],[6.39889,46.6086],[6.39905,46.60874],[6.39925,46.60885],[6.39997,46.60922],[6.40057,46.60974],[6.40067,46.61028],[6.39918,46.61154],[6.39874,46.6117],[6.39825,46.61178],[6.39799,46.61186],[6.39791,46.61188],[6.39674,46.61228],[6.39581,46.6126],[6.39566,46.61266],[6.39485,46.61305],[6.39433,46.61337],[6.3939,46.6136],[6.3937,46.61373],[6.39332,46.61491],[6.3932,46.61507],[6.39299,46.61524],[6.3922,46.61579],[6.39192,46.61596],[6.39135,46.61641],[6.39102,46.61668],[6.39076,46.61686],[6.39058,46.61697],[6.38818,46.61825],[6.38801,46.61836],[6.38787,46.61848],[6.38777,46.61862],[6.3875,46.61904],[6.387,46.61969],[6.38689,46.61982],[6.38614,46.62057],[6.38609,46.62062],[6.3858,46.62089],[6.38559,46.62105],[6.38539,46.62115],[6.38493,46.62127],[6.38463,46.62129],[6.38318,46.62127],[6.38291,46.62125],[6.38177,46.62113],[6.38151,46.62112],[6.38041,46.62116],[6.3804,46.62116],[6.37873,46.62122],[6.37851,46.62124],[6.37829,46.62129],[6.37213,46.623],[6.37006,46.62371],[6.36941,46.62386],[6.36853,46.62399],[6.36768,46.62417],[6.36684,46.62432],[6.36655,46.62435],[6.3644,46.6245],[6.36438,46.62451],[6.36173,46.62467],[6.36163,46.62467],[6.36125,46.62468],[6.36009,46.62461],[6.35959,46.62463],[6.35317,46.62554],[6.3512,46.62609],[6.35095,46.62614],[6.35023,46.62618],[6.3479,46.6262],[6.34635,46.62613],[6.34237,46.62575],[6.34149,46.62569],[6.34082,46.62563],[6.34025,46.62559],[6.33996,46.62555],[6.3394,46.62546],[6.33936,46.62545],[6.33881,46.62534],[6.33867,46.62531],[6.33712,46.6249],[6.33664,46.62479],[6.33662,46.62478],[6.33562,46.62457],[6.33556,46.62455],[6.33475,46.62436],[6.33469,46.62435],[6.33376,46.62415],[6.33368,46.62413],[6.33328,46.62404],[6.3331,46.624],[6.3325,46.62392],[6.33239,46.62391],[6.33144,46.62384],[6.33034,46.62371],[6.32977,46.62345],[6.32814,46.62167],[6.32663,46.61982],[6.32643,46.61946],[6.32645,46.61912],[6.32665,46.61881],[6.327,46.61857],[6.32722,46.61849],[6.32888,46.6182],[6.32914,46.61814],[6.32947,46.61804],[6.32952,46.61802],[6.3304,46.61776],[6.33043,46.61776],[6.33149,46.61746],[6.33252,46.61714],[6.33274,46.61703],[6.33306,46.61674],[6.33316,46.61657],[6.33319,46.61638],[6.33318,46.6162],[6.33311,46.61602],[6.33282,46.61571],[6.3256,46.61069],[6.32025,46.60702],[6.31772,46.60575],[6.31365,46.60391],[6.31279,46.60348],[6.31271,46.60343],[6.31229,46.6032],[6.31228,46.60318],[6.31174,46.60287],[6.31166,46.60282],[6.31114,46.60249],[6.31111,46.60246],[6.30927,46.60121],[6.30926,46.60121],[6.30815,46.60047],[6.30813,46.60045],[6.30784,46.60027],[6.30779,46.60023],[6.30737,46.59994],[6.30668,46.59949],[6.30663,46.59946],[6.30659,46.59944],[6.30406,46.59774],[6.30403,46.59772],[6.30342,46.5973],[6.30339,46.59728],[6.30274,46.59686],[6.30269,46.59682],[6.30203,46.59635],[6.30199,46.59633],[6.3014,46.59595],[6.30136,46.59592],[6.30045,46.59529],[6.30038,46.59524],[6.30024,46.59514],[6.30012,46.59506],[6.29994,46.59496],[6.2998,46.59486],[6.29935,46.59454],[6.29808,46.59366],[6.29788,46.5935],[6.29769,46.59318],[6.29804,46.59235]]]},"properties":{"bfs_nr":5492,"name":"Montricher"}},{"type":"Feature","geometry":{"type":"Polygon","coordinates":[[[6.51849,46.66272],[6.52188,46.66188],[6.52717,46.66004],[6.52777,46.65975],[6.52791,46.65969],[6.52835,46.65956],[6.52887,46.65945],[6.5291,46.65942],[6.5315,46.65921],[6.53847,46.65903],[6.54043,46.65852],[6.54471,46.65986],[6.54639,46.66023],[6.54815,46.66058],[6.54818,46.66058],[6.54949,46.66082],[6.54973,46.66085],[6.55107,46.66092],[6.5511,46.66092],[6.55223,46.66096],[6.55226,46.66096],[6.55383,46.66098],[6.5551,46.66102],[6.55542,46.66105],[6.55588,46.66119],[6.55607,46.6613],[6.55644,46.6618],[6.55634,46.66369],[6.55136,46.66476],[6.55091,46.66495],[6.55061,46.66523],[6.55051,46.66576],[6.5521,46.66974],[6.55058,46.67154],[6.55092,46.67427],[6.5507,46.67706],[6.54996,46.67999],[6.54977,46.68204],[6.54971,46.68227],[6.54946,46.6826],[6.54873,46.68291],[6.53913,46.68446],[6.53748,46.68384],[6.53668,46.68206],[6.53292,46.6828],[6.53158,46.68181],[6.53037,46.67992],[6.52973,46.67892],[6.52962,46.67877],[6.52789,46.67661],[6.52686,46.67552],[6.5255,46.67438],[6.52545,46.67433],[6.52514,46.67406],[6.52209,46.67065],[6.52028,46.66992],[6.51945,46.66903],[6.52017,46.66598],[6.51929,46.66471],[6.51794,46.66398],[6.51849,46.66272]]]},"properties":{"bfs_nr":5493,"name":"Orny"}},{"type":"Feature","geometry":{"type":"Polygon","coordinates":[[[6.51585,46.61379],[6.5162,46.61333],[6.51649,46.61307],[6.51682,46.6127],[6.51687,46.61264],[6.51692,46.61258],[6.51695,46.61253],[6.517,46.61246],[6.51702,46.61242],[6.51707,46.61233],[6.51709,46.61229],[6.51716,46.61215],[6.51717,46.61214],[6.51809,46.61009],[6.51865,46.60946],[6.51882,46.6088],[6.51844,46.60719],[6.52048,46.60552],[6.52031,46.6033],[6.52275,46.59917],[6.52382,46.5988],[6.5287,46.60008],[6.53006,46.60221],[6.53019,46.60266],[6.53045,46.60298],[6.53064,46.60311],[6.53113,46.60327],[6.53139,46.6033],[6.53151,46.6033],[6.53166,46.60332],[6.53201,46.60339],[6.53224,46.60347],[6.53245,46.60357],[6.53264,46.60369],[6.53292,46.60396],[6.533,46.60407],[6.53304,46.60414],[6.5331,46.60425],[6.53342,46.60499],[6.53352,46.6052],[6.5336,46.60532],[6.53364,46.60538],[6.53367,46.60542],[6.53373,46.60549],[6.53378,46.60554],[6.53389,46.60564],[6.534,46.60573],[6.53412,46.60581],[6.53472,46.60619],[6.53499,46.60654],[6.53557,46.60753],[6.53592,46.60778],[6.53662,46.60795],[6.53759,46.60806],[6.53813,46.60847],[6.53889,46.6095],[6.54203,46.6114],[6.54355,46.61148],[6.54689,46.61334],[6.54711,46.61436],[6.54701,46.61453],[6.54666,46.61481],[6.54636,46.61493],[6.54368,46.61579],[6.54345,46.61588],[6.54311,46.61615],[6.543,46.61631],[6.54292,46.61666],[6.54308,46.61728],[6.54294,46.6177],[6.54267,46.61796],[6.54083,46.61901],[6.53945,46.62016],[6.53551,46.62011],[6.53335,46.62136],[6.53168,46.62394],[6.52974,46.62476],[6.52567,46.6232],[6.52455,46.62313],[6.52328,46.6227],[6.5224,46.62269],[6.52192,46.62256],[6.52171,46.62244],[6.5215,46.62227],[6.52002,46.62076],[6.51901,46.61971],[6.51845,46.61911],[6.51801,46.61865],[6.51798,46.61862],[6.51787,46.6185],[6.51779,46.61841],[6.51763,46.61819],[6.51757,46.61811],[6.51721,46.61756],[6.51719,46.61753],[6.51718,46.61751],[6.5171,46.61735],[6.51705,46.61724],[6.51704,46.6172],[6.51696,46.61705],[6.51696,46.61704],[6.51693,46.61695],[6.5169,46.61684],[6.51688,46.61678],[6.51683,46.61667],[6.51675,46.61652],[6.51638,46.61593],[6.51623,46.61561],[6.51615,46.61519],[6.51609,46.61506],[6.51603,46.61498],[6.51594,46.61485],[6.51578,46.61466],[6.51569,46.6145],[6.51566,46.61415],[6.51572,46.61398],[6.51585,46.61379]]]},"properties":{"bfs_nr":5495,"name":"Penthalaz"}},{"type":"Feature","geometry":{"type":"Polygon","coordinates":[[[6.52766,46.58902],[6.52867,46.58819],[6.53114,46.58801],[6.53668,46.58879],[6.53894,46.58952],[6.54069,46.58908],[6.54323,46.59005],[6.54355,46.59002],[6.54561,46.58979],[6.55009,46.5894],[6.55094,46.58922],[6.55185,46.58913],[6.55188,46.58912],[6.55238,46.58908],[6.5527,46.58907],[6.55295,46.5891],[6.5534,46.58925],[6.55373,46.58952],[6.5539,46.58985],[6.55374,46.59193],[6.55118,46.59276],[6.55064,46.59384],[6.551,46.59424],[6.55146,46.59445],[6.55245,46.59454],[6.55291,46.59469],[6.55325,46.59495],[6.55342,46.59529],[6.55343,46.59551],[6.55341,46.59565],[6.55339,46.59576],[6.55336,46.5959],[6.55332,46.59604],[6.55325,46.59622],[6.55323,46.59627],[6.55316,46.5965],[6.55262,46.59762],[6.55257,46.5978],[6.55263,46.59818],[6.55316,46.59974],[6.55163,46.60082],[6.55116,46.60143],[6.55121,46.60178],[6.5513,46.60194],[6.55143,46.6021],[6.55146,46.60214],[6.55151,46.6022],[6.55168,46.60236],[6.55191,46.60249],[6.55207,46.60256],[6.55225,46.60263],[6.55247,46.6027],[6.55295,46.60281],[6.55338,46.60302],[6.55365,46.60334],[6.55382,46.60424],[6.5537,46.60457],[6.55342,46.60484],[6.55322,46.60495],[6.55294,46.60505],[6.54979,46.6059],[6.54957,46.60598],[6.54938,46.60608],[6.54921,46.60621],[6.54909,46.60635],[6.54896,46.60667],[6.54897,46.60684],[6.54902,46.607],[6.54911,46.60716],[6.54998,46.6083],[6.55015,46.60868],[6.55015,46.60886],[6.55009,46.60903],[6.54999,46.60919],[6.54982,46.60937],[6.5494,46.60967],[6.54791,46.611],[6.54557,46.6119],[6.54146,46.61102],[6.53803,46.60833],[6.5377,46.60804],[6.53723,46.60787],[6.53639,46.60784],[6.53553,46.60744],[6.53488,46.60633],[6.5346,46.60606],[6.53415,46.60583],[6.53392,46.60567],[6.53376,46.60552],[6.53366,46.6054],[6.53341,46.60497],[6.5332,46.60446],[6.53318,46.60442],[6.53309,46.60423],[6.53305,46.60416],[6.53299,46.60405],[6.53293,46.60397],[6.5329,46.60393],[6.53275,46.60378],[6.53263,46.60368],[6.5325,46.60359],[6.53242,46.60355],[6.53226,46.60347],[6.53206,46.6034],[6.53197,46.60338],[6.53183,46.60334],[6.53169,46.60332],[6.53164,46.60331],[6.53151,46.6033],[6.53116,46.60327],[6.5307,46.60312],[6.53036,46.60287],[6.53018,46.60254],[6.53016,46.60208],[6.52975,46.6013],[6.52888,46.60034],[6.52989,46.59802],[6.52891,46.59582],[6.52926,46.5949],[6.52926,46.59309],[6.52976,46.59196],[6.52951,46.59128],[6.52766,46.58902]]]},"properties":{"bfs_nr":5496,"name":"Penthaz"}},{"type":"Feature","geometry":{"type":"Polygon","coordinates":[[[6.4968,46.66858],[6.4975,46.6675],[6.5,46.66719],[6.50022,46.66713],[6.50071,46.66696],[6.50093,46.66687],[6.50135,46.66666],[6.50152,46.66656],[6.50171,46.66642],[6.50198,46.66614],[6.50254,46.66523],[6.50829,46.66289],[6.50899,46.66277],[6.5109,46.66202],[6.51182,46.66226],[6.51241,46.66276],[6.51285,46.66294],[6.51878,46.66456],[6.51981,46.66584],[6.51927,46.66855],[6.51934,46.66891],[6.52014,46.67021],[6.52243,46.67103],[6.52521,46.67415],[6.52685,46.67551],[6.5279,46.67662],[6.52961,46.67876],[6.52973,46.67893],[6.53164,46.6819],[6.53297,46.68334],[6.53605,46.68256],[6.53788,46.68428],[6.53907,46.68447],[6.54788,46.68307],[6.54942,46.6835],[6.54957,46.68382],[6.54958,46.68403],[6.5494,46.68587],[6.5494,46.68588],[6.54914,46.68871],[6.54908,46.68894],[6.54883,46.68927],[6.5481,46.68958],[6.54139,46.69082],[6.53994,46.6911],[6.53837,46.69066],[6.53808,46.68938],[6.5376,46.68876],[6.53737,46.68866],[6.53713,46.6886],[6.53687,46.68857],[6.53661,46.68857],[6.53508,46.68872],[6.53479,46.68875],[6.53452,46.6888],[6.53336,46.68889],[6.53301,46.6889],[6.53253,46.68881],[6.5313,46.68871],[6.53106,46.68865],[6.53071,46.68853],[6.53055,46.68847],[6.5302,46.68833],[6.53005,46.68826],[6.52916,46.68781],[6.52725,46.68704],[6.52698,46.68704],[6.52656,46.68706],[6.52651,46.68707],[6.52557,46.68714],[6.52524,46.6872],[6.52384,46.68741],[6.5236,46.68735],[6.52338,46.68725],[6.52303,46.68698],[6.52231,46.68613],[6.52189,46.68556],[6.52188,46.68554],[6.52186,46.68551],[6.52184,46.68548],[6.52173,46.6853],[6.52171,46.68528],[6.52166,46.68521],[6.52147,46.68498],[6.52134,46.68484],[6.52123,46.68473],[6.52108,46.68454],[6.52075,46.68408],[6.51997,46.68321],[6.51966,46.68294],[6.51861,46.68231],[6.51774,46.68125],[6.51676,46.67956],[6.51616,46.67918],[6.51505,46.6788],[6.5148,46.67872],[6.51476,46.67871],[6.51424,46.67859],[6.51416,46.67857],[6.51331,46.67842],[6.51295,46.67839],[6.51213,46.6784],[6.5121,46.6784],[6.51176,46.6784],[6.5111,46.67836],[6.51087,46.67833],[6.51056,46.67826],[6.51033,46.67817],[6.50958,46.67764],[6.50852,46.6766],[6.50672,46.67558],[6.50695,46.67445],[6.50693,46.67411],[6.50663,46.6736],[6.50649,46.67324],[6.5064,46.67308],[6.50628,46.67293],[6.50611,46.67281],[6.50569,46.67263],[6.50521,46.67257],[6.50496,46.67258],[6.50473,46.67263],[6.50451,46.67271],[6.50431,46.67282],[6.50346,46.67337],[6.50298,46.6735],[6.50247,46.6735],[6.5016,46.67307],[6.49843,46.66965],[6.4968,46.66858]]]},"properties":{"bfs_nr":5497,"name":"Pompaples"}},{"type":"Feature","geometry":{"type":"Polygon","coordinates":[[[6.47528,46.66713],[6.47704,46.66624],[6.4796,46.66555],[6.47973,46.66519],[6.47968,46.66484],[6.47973,46.66451],[6.47996,46.66422],[6.48016,46.66407],[6.48042,46.66392],[6.48045,46.6639],[6.48202,46.663],[6.48203,46.66299],[6.48258,46.66268],[6.48263,46.66265],[6.48289,46.66252],[6.48312,46.66245],[6.48411,46.66249],[6.48433,46.66258],[6.48456,46.66273],[6.48498,46.66305],[6.48529,46.66332],[6.48549,46.66345],[6.48574,46.66357],[6.48634,46.66373],[6.48688,46.66395],[6.48901,46.66435],[6.48926,46.66434],[6.48974,46.66422],[6.49049,46.66391],[6.49076,46.66382],[6.49105,46.66376],[6.49145,46.66372],[6.49151,46.66372],[6.49176,46.66368],[6.49193,46.66366],[6.49212,46.66361],[6.49233,46.66355],[6.49253,46.66346],[6.49377,46.6628],[6.49445,46.66261],[6.49735,46.66133],[6.49937,46.65975],[6.50095,46.65909],[6.50144,46.65869],[6.50155,46.65835],[6.5012,46.65713],[6.50054,46.65612],[6.50039,46.65596],[6.49998,46.65573],[6.49946,46.65563],[6.49827,46.6557],[6.49741,46.65579],[6.49595,46.65539],[6.49423,46.6552],[6.49339,46.65279],[6.49349,46.65249],[6.49358,46.65219],[6.4936,46.65212],[6.49361,46.65204],[6.49375,46.65129],[6.49423,46.6507],[6.49393,46.64969],[6.493,46.64891],[6.48924,46.64728],[6.48823,46.64591],[6.48692,46.64561],[6.48566,46.64417],[6.48603,46.64178],[6.48896,46.6417],[6.48948,46.64161],[6.49045,46.64127],[6.49134,46.64101],[6.49195,46.64085],[6.49251,46.64078],[6.49369,46.64073],[6.49526,46.64051],[6.49723,46.64222],[6.50019,46.64332],[6.50374,46.64259],[6.5042,46.64199],[6.50368,46.63995],[6.50389,46.63961],[6.50428,46.63936],[6.50611,46.63892],[6.50688,46.6377],[6.50772,46.63734],[6.50913,46.63745],[6.51446,46.6369],[6.51595,46.6367],[6.51654,46.63669],[6.51723,46.63695],[6.51751,46.63726],[6.51759,46.63748],[6.51796,46.63922],[6.51811,46.63987],[6.51812,46.63992],[6.51824,46.64063],[6.5183,46.6408],[6.51946,46.64193],[6.52033,46.64554],[6.52025,46.64649],[6.52085,46.64862],[6.51951,46.64957],[6.5192,46.65005],[6.51924,46.6504],[6.51948,46.65099],[6.51948,46.651],[6.5201,46.65244],[6.5201,46.65245],[6.52024,46.65277],[6.52027,46.65281],[6.52031,46.65289],[6.52074,46.65379],[6.52086,46.65398],[6.52105,46.65414],[6.52239,46.65507],[6.52323,46.65565],[6.52342,46.65576],[6.52364,46.65585],[6.52388,46.6559],[6.52413,46.65592],[6.52438,46.65591],[6.52484,46.65579],[6.52825,46.65452],[6.52944,46.65458],[6.53054,46.65562],[6.53101,46.65578],[6.53154,46.65583],[6.53245,46.65579],[6.53246,46.65579],[6.53442,46.6557],[6.53461,46.6557],[6.53633,46.65574],[6.53665,46.65577],[6.53712,46.65592],[6.53731,46.65603],[6.5375,46.65621],[6.53821,46.65705],[6.53881,46.65789],[6.53778,46.65903],[6.53147,46.65921],[6.5302,46.65929],[6.52906,46.65942],[6.52891,46.65945],[6.52827,46.65957],[6.52798,46.65966],[6.52769,46.65977],[6.52756,46.65984],[6.52711,46.66006],[6.52301,46.66145],[6.51859,46.66265],[6.5149,46.6633],[6.51285,46.66294],[6.51242,46.66275],[6.51182,46.66226],[6.51162,46.66215],[6.5109,46.66202],[6.51041,46.6621],[6.5082,46.6629],[6.50238,46.66528],[6.50194,46.66572],[6.50186,46.6661],[6.50167,46.66642],[6.50151,46.66656],[6.50131,46.66668],[6.50098,46.66684],[6.50065,46.66698],[6.50005,46.66717],[6.49747,46.6675],[6.49562,46.66967],[6.49238,46.67041],[6.48855,46.67238],[6.4866,46.67272],[6.48535,46.67311],[6.47965,46.67273],[6.47491,46.66847],[6.47473,46.66758],[6.47528,46.66713]]]},"properties":{"bfs_nr":5498,"name":"La Sarraz"}},{"type":"Feature","geometry":{"type":"Polygon","coordinates":[[[6.46655,46.60648],[6.46782,46.60628],[6.46806,46.60623],[6.46829,46.60614],[6.46848,46.60603],[6.46864,46.60589],[6.46875,46.60573],[6.46882,46.60556],[6.46949,46.60297],[6.46989,46.60243],[6.47035,46.60224],[6.47125,46.60213],[6.47149,46.60209],[6.47171,46.60202],[6.47191,46.60192],[6.47208,46.6018],[6.47222,46.60166],[6.47232,46.60151],[6.47237,46.60134],[6.47257,46.60038],[6.47284,46.60007],[6.47325,46.59986],[6.47376,46.59978],[6.47462,46.59984],[6.47512,46.59975],[6.47534,46.59966],[6.47554,46.59955],[6.47569,46.5994],[6.4758,46.59924],[6.47587,46.59907],[6.47588,46.59889],[6.47584,46.59871],[6.47569,46.59725],[6.47643,46.59679],[6.47674,46.5965],[6.47684,46.59615],[6.47674,46.59579],[6.47645,46.59549],[6.47567,46.59501],[6.47551,46.59469],[6.47554,46.59431],[6.47648,46.59159],[6.47786,46.59069],[6.47899,46.58957],[6.48045,46.58944],[6.48203,46.58903],[6.4825,46.58882],[6.48296,46.58827],[6.48353,46.58797],[6.48425,46.58792],[6.48569,46.58824],[6.48622,46.58822],[6.48773,46.58757],[6.48945,46.58761],[6.49243,46.58723],[6.49355,46.58802],[6.49337,46.59018],[6.49339,46.59039],[6.4935,46.5908],[6.49353,46.59089],[6.49356,46.59095],[6.49363,46.59109],[6.49372,46.59122],[6.49373,46.59124],[6.49393,46.5915],[6.49403,46.59162],[6.49416,46.59172],[6.49429,46.59182],[6.49441,46.59189],[6.49452,46.59195],[6.49458,46.59197],[6.49465,46.59201],[6.49478,46.59206],[6.49502,46.59217],[6.49531,46.59227],[6.49687,46.59267],[6.49688,46.59268],[6.49884,46.59319],[6.49913,46.59329],[6.49963,46.5937],[6.49963,46.5944],[6.49683,46.59627],[6.49668,46.59643],[6.49658,46.5966],[6.49654,46.59679],[6.49649,46.59739],[6.4965,46.59757],[6.49656,46.59775],[6.49667,46.59792],[6.4974,46.59877],[6.49742,46.59879],[6.49756,46.59894],[6.49759,46.59897],[6.49775,46.59971],[6.49766,46.59988],[6.49734,46.60016],[6.49706,46.60029],[6.49622,46.6006],[6.4962,46.60061],[6.49588,46.60072],[6.49567,46.60082],[6.49549,46.60095],[6.49534,46.6011],[6.4952,46.60144],[6.49527,46.60228],[6.49643,46.60612],[6.49636,46.60645],[6.49612,46.60674],[6.49573,46.60695],[6.49545,46.60703],[6.49466,46.6072],[6.49443,46.60727],[6.49422,46.60736],[6.49404,46.60749],[6.49389,46.60763],[6.49374,46.60796],[6.49387,46.60863],[6.49383,46.60881],[6.49375,46.60899],[6.49361,46.60914],[6.49322,46.60938],[6.4927,46.6095],[6.4922,46.60948],[6.49175,46.60933],[6.49142,46.60907],[6.4904,46.60769],[6.4895,46.60748],[6.48903,46.60756],[6.48656,46.60832],[6.48624,46.6084],[6.48571,46.6084],[6.48445,46.60829],[6.4824,46.60896],[6.48165,46.60895],[6.48123,46.60889],[6.48113,46.60887],[6.4811,46.60887],[6.48088,46.60882],[6.48044,46.60871],[6.47942,46.60847],[6.47886,46.60842],[6.47858,46.60846],[6.4772,46.60887],[6.47625,46.60945],[6.47556,46.60961],[6.47508,46.60957],[6.47448,46.60928],[6.47431,46.60911],[6.47416,46.60892],[6.47412,46.60886],[6.4741,46.60882],[6.47381,46.60813],[6.47371,46.60797],[6.47357,46.60783],[6.47339,46.60771],[6.47318,46.60762],[6.47294,46.60755],[6.47114,46.60762],[6.46959,46.60788],[6.46785,46.60824],[6.46608,46.60813],[6.46655,46.60648]]]},"properties":{"bfs_nr":5499,"name":"Senarclens"}},{"type":"Feature","geometry":{"type":"Polygon","coordinates":[[[6.54954,46.58708],[6.54963,46.58631],[6.55021,46.58594],[6.55098,46.58582],[6.55188,46.5855],[6.55264,46.58529],[6.55293,46.58523],[6.55415,46.58526],[6.55468,46.58541],[6.55536,46.58572],[6.55587,46.58576],[6.55787,46.58564],[6.55832,46.58562],[6.55863,46.58561],[6.55888,46.58558],[6.55995,46.58473],[6.56101,46.58418],[6.56126,46.5841],[6.56199,46.5839],[6.56207,46.58388],[6.56466,46.58303],[6.56707,46.5824],[6.56847,46.58259],[6.572,46.58256],[6.57519,46.58213],[6.57606,46.58331],[6.57611,46.58349],[6.57611,46.58351],[6.57613,46.5837],[6.57634,46.58405],[6.57716,46.58443],[6.57849,46.58461],[6.579,46.58452],[6.57943,46.58438],[6.57963,46.58428],[6.57977,46.5842],[6.58,46.58411],[6.58146,46.58431],[6.58254,46.58549],[6.58297,46.58727],[6.58465,46.59007],[6.58471,46.59179],[6.58375,46.59235],[6.58233,46.59223],[6.58155,46.59228],[6.58111,46.59249],[6.58056,46.59325],[6.57819,46.59408],[6.57746,46.59462],[6.57739,46.59499],[6.57761,46.59677],[6.5776,46.59699],[6.57746,46.59732],[6.57714,46.59758],[6.57639,46.59779],[6.57477,46.59791],[6.57406,46.59812],[6.57374,46.5984],[6.57365,46.59857],[6.57361,46.59875],[6.57362,46.59893],[6.57416,46.60147],[6.57373,46.60232],[6.57187,46.60221],[6.57117,46.60084],[6.57093,46.60052],[6.57051,46.60029],[6.57,46.6002],[6.56945,46.60023],[6.56641,46.60069],[6.56552,46.60047],[6.56343,46.59911],[6.55985,46.59805],[6.55418,46.59868],[6.55277,46.59823],[6.55262,46.59771],[6.55318,46.59645],[6.55322,46.59636],[6.55325,46.59625],[6.55328,46.59613],[6.55333,46.59602],[6.55336,46.59592],[6.5534,46.59574],[6.55341,46.59566],[6.55343,46.59545],[6.55343,46.59528],[6.55328,46.59497],[6.55314,46.59482],[6.55277,46.59461],[6.55231,46.5945],[6.55138,46.59442],[6.55065,46.59384],[6.55119,46.59277],[6.55374,46.59193],[6.55391,46.59002],[6.5539,46.58985],[6.55385,46.58967],[6.55374,46.58951],[6.55359,46.58937],[6.5534,46.58925],[6.55319,46.58916],[6.55295,46.5891],[6.5527,46.58907],[6.55244,46.58907],[6.55187,46.58913],[6.55153,46.58916],[6.5512,46.58917],[6.55013,46.58869],[6.54954,46.58708]]]},"properties":{"bfs_nr":5501,"name":"Sullens"}},{"type":"Feature","geometry":{"type":"Polygon","coordinates":[[[6.52531,46.57061],[6.52441,46.56871],[6.52435,46.56851],[6.52434,46.56834],[6.52473,46.56775],[6.52551,46.56725],[6.52646,46.56523],[6.52662,46.56492],[6.52665,46.56471],[6.52654,46.56424],[6.52651,46.56392],[6.52655,46.56352],[6.52661,46.56317],[6.52669,46.56295],[6.52935,46.56123],[6.5313,46.56053],[6.53265,46.56063],[6.53438,46.56048],[6.54034,46.56219],[6.54353,46.56226],[6.54542,46.56194],[6.54572,46.56191],[6.54621,46.56195],[6.54728,46.56303],[6.54844,46.56363],[6.55058,46.56366],[6.55152,46.56458],[6.55139,46.56623],[6.54969,46.56702],[6.5494,46.56733],[6.54931,46.56769],[6.54959,46.5687],[6.54839,46.5703],[6.54875,46.57306],[6.54807,46.57382],[6.5482,46.57515],[6.54803,46.57548],[6.54703,46.57621],[6.54695,46.57639],[6.54696,46.57676],[6.5488,46.58229],[6.54914,46.58281],[6.54909,46.58607],[6.54999,46.58853],[6.54954,46.5893],[6.5491,46.58947],[6.5488,46.58951],[6.5456,46.5898],[6.54378,46.59],[6.54345,46.59001],[6.54294,46.58992],[6.5419,46.58915],[6.54068,46.58906],[6.53873,46.58943],[6.53634,46.58855],[6.53114,46.58801],[6.52694,46.58824],[6.52568,46.58751],[6.52564,46.58688],[6.52546,46.58657],[6.5251,46.5861],[6.52499,46.58579],[6.52505,46.58543],[6.52532,46.58512],[6.52556,46.58497],[6.52604,46.58472],[6.52621,46.58462],[6.52636,46.58451],[6.52647,46.58437],[6.52664,46.58407],[6.52711,46.58361],[6.52722,46.58292],[6.52607,46.58188],[6.52597,46.58122],[6.52656,46.58002],[6.52764,46.57868],[6.52743,46.57725],[6.52643,46.57605],[6.52531,46.57061]]]},"properties":{"bfs_nr":5503,"name":"Vufflens-la-Ville"}},{"type":"Feature","geometry":{"type":"Polygon","coordinates":[[[6.5874,46.61658],[6.58803,46.61643],[6.58958,46.61615],[6.59042,46.61598],[6.59068,46.61591],[6.59091,46.61579],[6.5911,46.61565],[6.59115,46.61559],[6.59159,46.61512],[6.59177,46.61479],[6.59189,46.61384],[6.59254,46.61331],[6.59387,46.61275],[6.5947,46.61249],[6.59491,46.61237],[6.59529,46.61211],[6.59544,46.61199],[6.59556,46.61186],[6.59564,46.61172],[6.59574,46.61148],[6.59586,46.61127],[6.59717,46.61077],[6.60163,46.61073],[6.60979,46.60999],[6.61059,46.61007],[6.6113,46.61037],[6.61227,46.61035],[6.61305,46.60881],[6.61601,46.60783],[6.61879,46.60635],[6.61913,46.60602],[6.61949,46.60542],[6.61988,46.6052],[6.62089,46.60513],[6.62235,46.60529],[6.62604,46.60382],[6.62736,46.6044],[6.62806,46.60555],[6.62867,46.6066],[6.62895,46.60704],[6.62914,46.60735],[6.62924,46.60769],[6.62964,46.60862],[6.62969,46.60872],[6.62984,46.60895],[6.62997,46.60911],[6.63015,46.60925],[6.63037,46.60937],[6.63088,46.60949],[6.63116,46.60949],[6.63189,46.60937],[6.63261,46.60908],[6.63302,46.60901],[6.63375,46.60896],[6.63391,46.60895],[6.63412,46.60892],[6.63431,46.60889],[6.63473,46.60874],[6.6349,46.60863],[6.63567,46.60775],[6.63692,46.60762],[6.63821,46.60866],[6.63823,46.60979],[6.63882,46.61056],[6.63894,46.61172],[6.63952,46.61286],[6.63928,46.61458],[6.64173,46.61593],[6.64223,46.6169],[6.64368,46.61822],[6.64491,46.61904],[6.64506,46.61935],[6.64524,46.62067],[6.64494,46.62139],[6.64553,46.62284],[6.64566,46.623],[6.64585,46.62315],[6.64656,46.62359],[6.64699,46.62488],[6.64578,46.62594],[6.64275,46.62693],[6.642,46.62756],[6.64172,46.62773],[6.6414,46.62785],[6.63991,46.62803],[6.63841,46.62861],[6.63812,46.62859],[6.63657,46.62843],[6.63627,46.62838],[6.63586,46.62823],[6.63539,46.62815],[6.63434,46.62835],[6.6334,46.62831],[6.63301,46.62811],[6.63184,46.62683],[6.63147,46.6266],[6.63125,46.62653],[6.631,46.62649],[6.63076,46.62648],[6.63051,46.6265],[6.62833,46.62686],[6.6245,46.62808],[6.62352,46.62813],[6.62253,46.62768],[6.62234,46.62759],[6.6221,46.6275],[6.6219,46.62742],[6.6213,46.62724],[6.61906,46.62693],[6.61605,46.62775],[6.61417,46.62615],[6.61315,46.62568],[6.61271,46.62528],[6.61244,46.62512],[6.61199,46.62499],[6.6115,46.62498],[6.61104,46.62509],[6.60996,46.62567],[6.60967,46.62651],[6.61034,46.62769],[6.60946,46.62872],[6.60816,46.62866],[6.60523,46.6292],[6.6048,46.62902],[6.60399,46.62846],[6.60097,46.62783],[6.60022,46.6278],[6.59897,46.62806],[6.5978,46.62774],[6.59761,46.62764],[6.59742,46.62748],[6.59719,46.62725],[6.59706,46.6271],[6.59673,46.62666],[6.59669,46.6266],[6.59638,46.62613],[6.59634,46.62606],[6.59606,46.62557],[6.59603,46.62551],[6.596,46.62545],[6.5959,46.62529],[6.59533,46.62492],[6.59508,46.62486],[6.59482,46.62484],[6.59456,46.62485],[6.59431,46.62489],[6.59316,46.62538],[6.59282,46.62567],[6.59265,46.62578],[6.5924,46.62589],[6.59139,46.62625],[6.5911,46.62633],[6.58946,46.62567],[6.58897,46.62444],[6.58892,46.62434],[6.58891,46.6243],[6.58809,46.62228],[6.58804,46.62211],[6.58799,46.62184],[6.58797,46.62176],[6.58783,46.62135],[6.58783,46.62134],[6.58754,46.6205],[6.58723,46.61961],[6.58699,46.61896],[6.5867,46.61818],[6.58668,46.61814],[6.58653,46.61768],[6.58649,46.61746],[6.58652,46.61727],[6.58672,46.61694],[6.5874,46.61658]]]},"properties":{"bfs_nr":5511,"name":"Assens"}},{"type":"Feature","geometry":{"type":"Polygon","coordinates":[[[6.69221,46.68447],[6.69427,46.68279],[6.69487,46.68159],[6.69626,46.6807],[6.69787,46.67917],[6.6985,46.6787],[6.69912,46.67834],[6.69928,46.67819],[6.6994,46.67802],[6.69956,46.67768],[6.6997,46.67746],[6.69986,46.67732],[6.7003,46.6771],[6.70141,46.677],[6.7022,46.67659],[6.70373,46.67478],[6.70521,46.67485],[6.7059,46.67531],[6.70607,46.67549],[6.70619,46.67572],[6.70647,46.67712],[6.70667,46.67743],[6.70714,46.67781],[6.70739,46.67817],[6.70925,46.67891],[6.70961,46.67937],[6.71056,46.67983],[6.71074,46.67994],[6.71101,46.68022],[6.7111,46.68088],[6.71117,46.68107],[6.7112,46.68113],[6.71134,46.68132],[6.71183,46.68169],[6.71195,46.68183],[6.71207,46.68204],[6.71223,46.68294],[6.71248,46.68333],[6.71253,46.6835],[6.71254,46.68372],[6.71252,46.68388],[6.71246,46.6841],[6.71236,46.68431],[6.71237,46.68468],[6.71258,46.68501],[6.71385,46.68623],[6.71411,46.68737],[6.71529,46.68819],[6.71645,46.69017],[6.71573,46.69119],[6.71562,46.69136],[6.71555,46.69154],[6.71555,46.69188],[6.71589,46.69256],[6.71706,46.69322],[6.71747,46.69395],[6.71752,46.69692],[6.71898,46.69894],[6.71775,46.70028],[6.71704,46.70057],[6.71674,46.70066],[6.71641,46.70071],[6.71581,46.70071],[6.71483,46.70089],[6.7141,46.70132],[6.71385,46.70221],[6.71406,46.70349],[6.71462,46.70429],[6.71456,46.70538],[6.71485,46.70581],[6.71467,46.70664],[6.71406,46.70695],[6.71256,46.70693],[6.71191,46.70717],[6.70974,46.7087],[6.70799,46.70834],[6.70748,46.70772],[6.70689,46.70714],[6.7067,46.70681],[6.70649,46.70577],[6.70597,46.70477],[6.70427,46.70433],[6.70074,46.70515],[6.69994,46.70477],[6.69921,46.70304],[6.70173,46.70085],[6.70144,46.69933],[6.70085,46.69808],[6.70067,46.69731],[6.70082,46.69577],[6.70065,46.69531],[6.70049,46.69503],[6.70021,46.69479],[6.6995,46.69444],[6.69874,46.69423],[6.69809,46.69375],[6.69785,46.69262],[6.69818,46.69174],[6.69805,46.69143],[6.69766,46.69094],[6.69717,46.69052],[6.69638,46.6893],[6.69532,46.68885],[6.69432,46.68808],[6.69395,46.68764],[6.69375,46.68747],[6.69362,46.68731],[6.69355,46.68721],[6.69344,46.68699],[6.6934,46.6869],[6.69336,46.68676],[6.69333,46.68661],[6.6933,46.68643],[6.69328,46.68635],[6.69321,46.68618],[6.69205,46.68502],[6.69221,46.68447]]]},"properties":{"bfs_nr":5512,"name":"Bercher"}},{"type":"Feature","geometry":{"type":"Polygon","coordinates":[[[6.64223,46.61612],[6.64524,46.61304],[6.64567,46.6128],[6.64726,46.61229],[6.64768,46.61205],[6.64836,46.6112],[6.64902,46.60943],[6.64889,46.60852],[6.64746,46.60702],[6.64653,46.60615],[6.64652,46.60546],[6.64694,46.60486],[6.64869,46.60448],[6.64961,46.60395],[6.64968,46.60344],[6.64946,46.60296],[6.64944,46.60278],[6.64947,46.6026],[6.64956,46.60243],[6.64969,46.60227],[6.64986,46.60213],[6.65013,46.602],[6.65453,46.60014],[6.65685,46.59939],[6.65854,46.59969],[6.66034,46.60195],[6.66324,46.60223],[6.66474,46.60184],[6.66692,46.60243],[6.66862,46.60415],[6.67062,46.6053],[6.67089,46.6058],[6.67157,46.60647],[6.67174,46.6069],[6.6719,46.60726],[6.67194,46.60733],[6.67203,46.60747],[6.67225,46.60775],[6.6724,46.60796],[6.67271,46.6084],[6.67308,46.60895],[6.67315,46.60904],[6.67323,46.60915],[6.67338,46.6093],[6.67387,46.6097],[6.67431,46.60991],[6.67651,46.61011],[6.6775,46.61031],[6.67791,46.61044],[6.6782,46.61058],[6.67843,46.61075],[6.67861,46.61095],[6.67875,46.61124],[6.67882,46.61138],[6.67887,46.61144],[6.67898,46.61157],[6.67917,46.61176],[6.67933,46.61188],[6.67973,46.61206],[6.67996,46.61211],[6.6802,46.61213],[6.68044,46.61212],[6.68067,46.61207],[6.68346,46.6112],[6.68545,46.60933],[6.68698,46.60894],[6.68745,46.60903],[6.68784,46.60923],[6.68812,46.60956],[6.68924,46.61259],[6.68936,46.61346],[6.68919,46.61381],[6.68899,46.614],[6.68848,46.6144],[6.68825,46.61454],[6.68799,46.61465],[6.6865,46.61524],[6.68617,46.61558],[6.68602,46.6157],[6.68579,46.61582],[6.68333,46.61696],[6.68308,46.61709],[6.68289,46.6172],[6.68058,46.61826],[6.68031,46.61836],[6.67981,46.61843],[6.67863,46.61833],[6.67819,46.61837],[6.67789,46.61844],[6.67736,46.61858],[6.67682,46.61879],[6.67578,46.61944],[6.67539,46.62055],[6.67518,46.62123],[6.67504,46.62238],[6.67515,46.62272],[6.67559,46.62345],[6.67521,46.62566],[6.67243,46.62615],[6.67123,46.62451],[6.67111,46.62435],[6.67095,46.62422],[6.67053,46.62402],[6.66979,46.62396],[6.66932,46.62408],[6.66756,46.625],[6.66695,46.62557],[6.66562,46.6266],[6.6656,46.62661],[6.66518,46.62695],[6.66495,46.62713],[6.66454,46.62733],[6.65878,46.62924],[6.65555,46.62846],[6.65082,46.63016],[6.64914,46.62924],[6.64728,46.62384],[6.64679,46.62346],[6.64599,46.62319],[6.64563,46.62294],[6.645,46.62149],[6.64528,46.62073],[6.64512,46.61933],[6.64495,46.61901],[6.64458,46.61865],[6.64261,46.61721],[6.64223,46.61612]]]},"properties":{"bfs_nr":5514,"name":"Bottens"}},{"type":"Feature","geometry":{"type":"Polygon","coordinates":[[[6.63364,46.59603],[6.63455,46.59496],[6.63667,46.59481],[6.63752,46.59402],[6.63801,46.59373],[6.63833,46.5933],[6.63919,46.59164],[6.64377,46.59064],[6.64729,46.59208],[6.65129,46.59431],[6.65672,46.59435],[6.65803,46.59484],[6.65925,46.59555],[6.65955,46.59622],[6.65949,46.5964],[6.65936,46.59661],[6.65827,46.59811],[6.65743,46.59911],[6.65442,46.60017],[6.65007,46.60202],[6.64987,46.60212],[6.6497,46.60225],[6.64957,46.60239],[6.64948,46.60255],[6.64944,46.60271],[6.64943,46.60288],[6.64957,46.60366],[6.64895,46.60423],[6.64707,46.60467],[6.64642,46.6055],[6.64635,46.6059],[6.64664,46.60647],[6.64724,46.60686],[6.64871,46.60847],[6.64884,46.60885],[6.64835,46.61088],[6.64748,46.61203],[6.64711,46.61228],[6.64558,46.61271],[6.64522,46.61292],[6.64378,46.61437],[6.64094,46.61538],[6.63943,46.61415],[6.63981,46.61298],[6.639,46.61137],[6.63911,46.61072],[6.63833,46.60959],[6.63813,46.60759],[6.63594,46.60489],[6.63591,46.60354],[6.63417,46.6011],[6.63442,46.60009],[6.63364,46.59603]]]},"properties":{"bfs_nr":5515,"name":"Bretigny-sur-Morrens"}},{"type":"Feature","geometry":{"type":"Polygon","coordinates":[[[6.63032,46.57986],[6.63307,46.57866],[6.63602,46.57613],[6.63871,46.57471],[6.63895,46.57277],[6.63964,46.57198],[6.64027,46.57059],[6.6409,46.57031],[6.64139,46.57028],[6.64232,46.57046],[6.64512,46.57194],[6.64699,46.57211],[6.64742,46.57222],[6.64898,46.57322],[6.64923,46.57352],[6.64947,46.57499],[6.65051,46.57613],[6.65089,46.57634],[6.65136,46.57646],[6.65182,46.57649],[6.65246,46.57662],[6.6533,46.57672],[6.65383,46.57669],[6.65518,46.57624],[6.65652,46.57691],[6.65633,46.57862],[6.65387,46.58225],[6.65285,46.58477],[6.6527,46.58699],[6.65144,46.5881],[6.65038,46.58853],[6.64884,46.58851],[6.6463,46.5904],[6.6432,46.59063],[6.6379,46.58983],[6.63739,46.58892],[6.63576,46.58825],[6.63435,46.58607],[6.63365,46.58386],[6.63328,46.5834],[6.63181,46.58295],[6.63032,46.57986]]]},"properties":{"bfs_nr":5516,"name":"Cugy (VD)"}},{"type":"Feature","geometry":{"type":"Polygon","coordinates":[[[6.61439,46.64393],[6.61442,46.64306],[6.61715,46.64129],[6.6187,46.64103],[6.61933,46.64079],[6.61961,46.64051],[6.6197,46.64001],[6.61953,46.6397],[6.61768,46.63718],[6.61646,46.62983],[6.6158,46.62834],[6.6181,46.6272],[6.61911,46.62737],[6.62045,46.62739],[6.62163,46.62735],[6.62215,46.62752],[6.62241,46.62765],[6.6226,46.62779],[6.62315,46.62809],[6.62399,46.62821],[6.62739,46.62766],[6.62883,46.62678],[6.631,46.62649],[6.63146,46.62661],[6.63183,46.62683],[6.63286,46.62798],[6.63302,46.62813],[6.63322,46.62824],[6.63345,46.62833],[6.6337,46.62838],[6.63422,46.62839],[6.63517,46.62823],[6.63595,46.62836],[6.63818,46.6286],[6.63841,46.62861],[6.63865,46.62859],[6.63969,46.62818],[6.64053,46.62808],[6.64079,46.62802],[6.64146,46.62784],[6.64172,46.62773],[6.64195,46.62759],[6.64283,46.62692],[6.64653,46.62569],[6.64767,46.62596],[6.64912,46.62932],[6.65189,46.63146],[6.65251,46.63438],[6.65042,46.63614],[6.65055,46.63683],[6.6507,46.63697],[6.65112,46.63723],[6.65414,46.63928],[6.65687,46.64172],[6.66003,46.64593],[6.65874,46.64758],[6.65574,46.64708],[6.65525,46.64704],[6.65477,46.64713],[6.65438,46.64734],[6.65315,46.64801],[6.65267,46.64799],[6.65239,46.64791],[6.64822,46.64658],[6.64704,46.64674],[6.64409,46.6484],[6.64352,46.64887],[6.64323,46.64901],[6.64146,46.64969],[6.64116,46.64978],[6.64065,46.64982],[6.63994,46.64962],[6.63922,46.64886],[6.63805,46.6486],[6.63757,46.64873],[6.63709,46.6491],[6.63692,46.64922],[6.63666,46.64934],[6.63425,46.65024],[6.63394,46.65033],[6.63341,46.65036],[6.6329,46.65024],[6.63251,46.65],[6.63234,46.64979],[6.63127,46.64812],[6.62969,46.64763],[6.62558,46.64848],[6.62361,46.64766],[6.62339,46.64755],[6.62316,46.64747],[6.6229,46.64743],[6.62263,46.64742],[6.62237,46.64745],[6.62213,46.64751],[6.6219,46.64761],[6.62171,46.64774],[6.61974,46.64935],[6.61906,46.64955],[6.61812,46.64937],[6.61793,46.64926],[6.61775,46.64908],[6.6145,46.64529],[6.61438,46.64511],[6.6143,46.64479],[6.61439,46.64393]]]},"properties":{"bfs_nr":5518,"name":"Echallens"}},{"type":"Feature","geometry":{"type":"Polygon","coordinates":[[[6.62001,46.70145],[6.62338,46.69964],[6.62584,46.69931],[6.62782,46.70039],[6.63272,46.70062],[6.63486,46.70123],[6.63549,46.70148],[6.63576,46.70176],[6.63605,46.70262],[6.63643,46.70361],[6.6369,46.70403],[6.63789,46.70418],[6.63837,46.70405],[6.63886,46.70364],[6.63964,46.70248],[6.64123,46.70168],[6.64223,46.70167],[6.64265,46.70185],[6.64294,46.70214],[6.64334,46.70321],[6.64362,46.70349],[6.64404,46.70368],[6.64453,46.70375],[6.64524,46.7036],[6.64609,46.70315],[6.64642,46.70282],[6.64743,46.70142],[6.64851,46.70138],[6.64977,46.70158],[6.65129,46.70234],[6.65228,46.70264],[6.65271,46.7029],[6.65315,46.70305],[6.65364,46.70308],[6.65412,46.70298],[6.65774,46.70191],[6.65925,46.70244],[6.65934,46.70266],[6.65957,46.70348],[6.65959,46.70356],[6.65974,46.7044],[6.65987,46.70507],[6.65988,46.70509],[6.66013,46.70646],[6.66014,46.70652],[6.66024,46.70745],[6.6603,46.70766],[6.66055,46.70817],[6.66057,46.70821],[6.66075,46.70852],[6.66102,46.70887],[6.66211,46.71067],[6.6622,46.71079],[6.66348,46.71225],[6.66381,46.7125],[6.66425,46.71265],[6.66581,46.71287],[6.66663,46.71363],[6.66689,46.71498],[6.66696,46.71542],[6.66696,46.71564],[6.66592,46.7166],[6.66573,46.71692],[6.66573,46.71726],[6.6658,46.71743],[6.66591,46.71762],[6.66593,46.71765],[6.66675,46.71894],[6.66761,46.71967],[6.66757,46.72059],[6.66637,46.72114],[6.66568,46.72192],[6.66537,46.72211],[6.66485,46.72245],[6.66481,46.72248],[6.66479,46.7225],[6.66478,46.7225],[6.66355,46.72336],[6.66291,46.72381],[6.66235,46.7242],[6.66232,46.72422],[6.6623,46.72423],[6.66198,46.72446],[6.66189,46.72453],[6.66105,46.72526],[6.66081,46.72547],[6.66033,46.72591],[6.6602,46.72606],[6.65997,46.72643],[6.65973,46.72662],[6.65784,46.72784],[6.65753,46.72804],[6.65737,46.72816],[6.65725,46.7283],[6.65717,46.72845],[6.65712,46.72861],[6.65712,46.72877],[6.65714,46.72888],[6.65714,46.72893],[6.65715,46.72894],[6.65731,46.73006],[6.65738,46.73047],[6.65739,46.73056],[6.65736,46.73092],[6.65716,46.73121],[6.65697,46.73136],[6.6567,46.73154],[6.65616,46.7319],[6.656,46.73201],[6.65576,46.73217],[6.65549,46.73235],[6.65334,46.73379],[6.6531,46.73395],[6.65294,46.73405],[6.65082,46.73547],[6.65079,46.73549],[6.65055,46.73565],[6.65019,46.7361],[6.64958,46.7385],[6.64766,46.74067],[6.64697,46.7411],[6.64654,46.7417],[6.64614,46.74213],[6.64522,46.7426],[6.64391,46.74303],[6.64153,46.74294],[6.63821,46.74002],[6.63699,46.73924],[6.63669,46.73812],[6.63706,46.73726],[6.6371,46.73694],[6.63689,46.73452],[6.63589,46.73221],[6.63589,46.72487],[6.63534,46.72314],[6.63558,46.72046],[6.6354,46.72015],[6.63421,46.71942],[6.63392,46.71892],[6.63264,46.71821],[6.63151,46.71676],[6.63135,46.71604],[6.63058,46.71463],[6.63042,46.7144],[6.63008,46.71415],[6.62986,46.71406],[6.62937,46.71398],[6.62834,46.7141],[6.62771,46.71433],[6.62743,46.71441],[6.62719,46.71445],[6.62671,46.71444],[6.62647,46.71438],[6.62608,46.71419],[6.6257,46.71386],[6.62553,46.71374],[6.62532,46.71366],[6.62509,46.71359],[6.62486,46.71356],[6.62461,46.71356],[6.62317,46.71365],[6.62198,46.71258],[6.6225,46.71159],[6.62256,46.71122],[6.62247,46.71082],[6.622,46.70973],[6.62194,46.70949],[6.6217,46.70919],[6.62123,46.70876],[6.62111,46.70858],[6.62062,46.7076],[6.6204,46.70723],[6.62188,46.70544],[6.62178,46.70494],[6.62168,46.70472],[6.62027,46.70283],[6.62016,46.70266],[6.62001,46.70234],[6.61997,46.70224],[6.61992,46.70212],[6.61987,46.70188],[6.62001,46.70145]]]},"properties":{"bfs_nr":5520,"name":"Essertines-sur-Yverdon"}},{"type":"Feature","geometry":{"type":"Polygon","coordinates":[[[6.59637,46.59623],[6.59701,46.59583],[6.59857,46.59532],[6.59879,46.59523],[6.59899,46.59512],[6.59914,46.59497],[6.59925,46.59481],[6.59931,46.59464],[6.59935,46.59416],[6.59955,46.59386],[6.59989,46.59362],[6.60016,46.59352],[6.60258,46.59282],[6.60389,46.59191],[6.60733,46.59169],[6.61117,46.59116],[6.61317,46.59114],[6.61402,46.59147],[6.61478,46.59295],[6.61493,46.59317],[6.61502,46.59326],[6.61603,46.59417],[6.61702,46.59528],[6.61717,46.59542],[6.61758,46.59562],[6.61807,46.59571],[6.61995,46.59561],[6.62028,46.59561],[6.62076,46.59573],[6.62114,46.59596],[6.62131,46.59615],[6.62281,46.5983],[6.62382,46.59886],[6.62415,46.59909],[6.6243,46.59927],[6.62612,46.60279],[6.62589,46.60365],[6.62264,46.60516],[6.62009,46.60512],[6.61962,46.60528],[6.61928,46.60556],[6.6188,46.60626],[6.61539,46.60799],[6.6132,46.60831],[6.61165,46.60984],[6.61073,46.6099],[6.60562,46.61036],[6.60159,46.61073],[6.59625,46.61077],[6.59546,46.61034],[6.59534,46.61013],[6.59508,46.60956],[6.59507,46.60953],[6.59456,46.60849],[6.59448,46.60827],[6.59395,46.60601],[6.59393,46.60578],[6.59397,46.60559],[6.59485,46.60435],[6.59629,46.60354],[6.59654,46.60307],[6.59625,46.59878],[6.59592,46.59826],[6.59541,46.59757],[6.59637,46.59623]]]},"properties":{"bfs_nr":5521,"name":"Etagni\u00e8res"}},{"type":"Feature","geometry":{"type":"Polygon","coordinates":[[[6.65635,46.66099],[6.65645,46.66003],[6.65692,46.65925],[6.65725,46.659],[6.65769,46.65886],[6.65885,46.65879],[6.65928,46.65872],[6.66147,46.65762],[6.66259,46.65769],[6.66475,46.65848],[6.66516,46.6587],[6.66673,46.65982],[6.66727,46.66043],[6.66745,46.66084],[6.6676,46.66111],[6.66764,46.66127],[6.66743,46.6619],[6.66745,46.66227],[6.66768,46.6626],[6.66808,46.66284],[6.66859,46.66295],[6.67019,46.66307],[6.6713,46.66315],[6.67232,46.66322],[6.67245,46.66323],[6.6727,46.66323],[6.67319,46.66313],[6.67438,46.66253],[6.67571,46.66233],[6.67664,46.66191],[6.67709,46.6606],[6.67739,46.66034],[6.67763,46.66021],[6.67831,46.65993],[6.67848,46.65986],[6.67945,46.65946],[6.67946,46.65946],[6.68146,46.65862],[6.68309,46.65785],[6.68408,46.65768],[6.68661,46.65802],[6.68725,46.65851],[6.6874,46.65906],[6.68788,46.66034],[6.68813,46.66067],[6.68849,46.66227],[6.6891,46.66307],[6.69049,46.66382],[6.69195,46.6651],[6.69232,46.66587],[6.69348,46.66675],[6.6936,46.6668],[6.69382,46.66691],[6.6939,46.66695],[6.69394,46.66697],[6.69418,46.66705],[6.69473,46.6672],[6.69599,46.66787],[6.69635,46.66878],[6.69685,46.66923],[6.6976,46.66949],[6.69781,46.66961],[6.69797,46.66976],[6.69809,46.66993],[6.69816,46.67011],[6.69818,46.67063],[6.69825,46.67081],[6.69837,46.67098],[6.69855,46.67112],[6.69876,46.67124],[6.699,46.67132],[6.70252,46.67255],[6.7037,46.67447],[6.70152,46.67662],[6.70095,46.67691],[6.70019,46.67711],[6.69983,46.67732],[6.6997,46.67745],[6.6996,46.6776],[6.69942,46.67797],[6.69928,46.67819],[6.69911,46.67834],[6.69825,46.67881],[6.69674,46.68011],[6.69635,46.68061],[6.69614,46.68077],[6.6945,46.68183],[6.69382,46.68312],[6.69185,46.68471],[6.69124,46.68512],[6.6884,46.68704],[6.68816,46.68717],[6.68793,46.68727],[6.68675,46.68778],[6.68635,46.68805],[6.68615,46.6884],[6.68576,46.68942],[6.68405,46.69015],[6.67854,46.68766],[6.67617,46.68748],[6.67296,46.68551],[6.66873,46.68503],[6.66822,46.68403],[6.66821,46.68385],[6.66824,46.68367],[6.66833,46.68351],[6.66862,46.68315],[6.669,46.68255],[6.66899,46.68202],[6.66791,46.68082],[6.66654,46.67783],[6.66846,46.67598],[6.66809,46.67534],[6.6663,46.67396],[6.66556,46.67358],[6.6652,46.67314],[6.66512,46.67266],[6.66527,46.67163],[6.6651,46.67111],[6.66421,46.67014],[6.66207,46.66881],[6.66184,46.66794],[6.66099,46.66688],[6.66046,46.66646],[6.65916,46.66504],[6.65735,46.66349],[6.65635,46.66099]]]},"properties":{"bfs_nr":5522,"name":"Fey"}},{"type":"Feature","geometry":{"type":"Polygon","coordinates":[[[6.66632,46.60048],[6.66754,46.59834],[6.66848,46.59779],[6.67026,46.5979],[6.6717,46.59781],[6.67221,46.59768],[6.67242,46.59757],[6.6726,46.59743],[6.67273,46.59726],[6.6732,46.59641],[6.67371,46.59521],[6.6744,46.59501],[6.6749,46.59503],[6.67519,46.59511],[6.67528,46.59514],[6.67529,46.59515],[6.67591,46.59536],[6.67604,46.5954],[6.67672,46.59557],[6.67739,46.59565],[6.67858,46.59607],[6.68062,46.5958],[6.68207,46.59445],[6.68213,46.59393],[6.68157,46.59274],[6.68168,46.59222],[6.68198,46.59195],[6.68241,46.59177],[6.68311,46.59168],[6.68376,46.59155],[6.68407,46.59147],[6.68453,46.5913],[6.68469,46.59123],[6.68606,46.59054],[6.68628,46.5904],[6.68645,46.59023],[6.68703,46.58947],[6.68815,46.58845],[6.69943,46.58159],[6.70088,46.58114],[6.7056,46.58136],[6.70662,46.58211],[6.70723,46.58434],[6.70759,46.58558],[6.70767,46.58576],[6.70817,46.58657],[6.7086,46.58723],[6.7086,46.58724],[6.70939,46.58843],[6.71016,46.59078],[6.71023,46.59161],[6.70993,46.59405],[6.70993,46.59444],[6.71011,46.5967],[6.71012,46.59672],[6.71021,46.59754],[6.71026,46.59774],[6.71038,46.59793],[6.71164,46.5994],[6.71183,46.59977],[6.71181,46.60011],[6.70945,46.60166],[6.7082,46.60264],[6.70819,46.60264],[6.70752,46.60318],[6.70746,46.60323],[6.70692,46.60372],[6.70672,46.60392],[6.70647,46.6041],[6.70623,46.60421],[6.7054,46.60448],[6.70507,46.60476],[6.70486,46.60576],[6.70344,46.60728],[6.70321,46.6075],[6.7019,46.6085],[6.70174,46.60861],[6.7013,46.60887],[6.70087,46.60907],[6.70085,46.60907],[6.70062,46.60914],[6.70038,46.60918],[6.69991,46.60923],[6.69947,46.60928],[6.69919,46.60934],[6.69894,46.60944],[6.69853,46.60965],[6.69851,46.60966],[6.69783,46.61001],[6.69763,46.6101],[6.69719,46.61027],[6.69703,46.61033],[6.69657,46.61051],[6.69642,46.61058],[6.69596,46.61083],[6.6957,46.61094],[6.69547,46.611],[6.69497,46.61103],[6.6945,46.61093],[6.69348,46.61019],[6.69311,46.60998],[6.69265,46.60989],[6.69133,46.60978],[6.68873,46.60993],[6.68788,46.60926],[6.6877,46.60914],[6.68749,46.60904],[6.68726,46.60897],[6.68701,46.60894],[6.68676,46.60894],[6.68627,46.60904],[6.68501,46.60949],[6.68313,46.6112],[6.68067,46.61207],[6.68044,46.61211],[6.67996,46.6121],[6.67974,46.61206],[6.67934,46.61188],[6.67914,46.61172],[6.67902,46.6116],[6.67885,46.61141],[6.67862,46.61095],[6.67848,46.61078],[6.6784,46.61071],[6.67821,46.61057],[6.67798,46.61046],[6.67779,46.61039],[6.67756,46.61033],[6.67567,46.60992],[6.67425,46.60975],[6.67379,46.60959],[6.67343,46.60934],[6.6732,46.60911],[6.67316,46.60907],[6.67306,46.60892],[6.67274,46.60839],[6.67255,46.60816],[6.67225,46.60774],[6.67193,46.60731],[6.67175,46.60693],[6.67155,46.60638],[6.67122,46.60594],[6.67103,46.60537],[6.66829,46.60379],[6.66647,46.60173],[6.66632,46.60048]]]},"properties":{"bfs_nr":5523,"name":"Froideville"}},{"type":"Feature","geometry":{"type":"Polygon","coordinates":[[[6.61426,46.59053],[6.61444,46.58977],[6.61426,46.58905],[6.61428,46.58882],[6.61436,46.58857],[6.61484,46.58805],[6.61495,46.5879],[6.61502,46.58773],[6.61504,46.58756],[6.61502,46.58739],[6.615,46.58732],[6.61489,46.58689],[6.61486,46.58666],[6.61498,46.58631],[6.6155,46.58592],[6.61641,46.58548],[6.61663,46.585],[6.6163,46.5836],[6.61648,46.58227],[6.61778,46.58157],[6.61968,46.5817],[6.62412,46.57962],[6.62691,46.57884],[6.63009,46.57968],[6.63147,46.58278],[6.63362,46.58387],[6.63428,46.58593],[6.63545,46.58809],[6.63759,46.58936],[6.63851,46.59106],[6.63811,46.59197],[6.63826,46.59309],[6.63795,46.59373],[6.63744,46.59402],[6.63675,46.59468],[6.63422,46.59499],[6.63358,46.59576],[6.63435,46.60007],[6.63386,46.60161],[6.63561,46.60324],[6.63589,46.60483],[6.63686,46.60678],[6.63631,46.6075],[6.63565,46.60775],[6.63475,46.6087],[6.63434,46.60888],[6.63404,46.60893],[6.63395,46.60894],[6.63372,46.60896],[6.63331,46.60897],[6.63308,46.609],[6.63281,46.60903],[6.6326,46.60907],[6.6324,46.60913],[6.63186,46.60937],[6.63101,46.60949],[6.63012,46.60923],[6.62996,46.60909],[6.62981,46.60891],[6.62971,46.60874],[6.62963,46.60859],[6.62925,46.60771],[6.62915,46.60739],[6.62907,46.60717],[6.62729,46.6043],[6.6263,46.60322],[6.62531,46.60092],[6.62526,46.60082],[6.62408,46.59892],[6.62353,46.5985],[6.62306,46.59834],[6.62271,46.59812],[6.62256,46.59794],[6.62128,46.59611],[6.62114,46.59596],[6.62097,46.59583],[6.62076,46.59572],[6.62053,46.59565],[6.62028,46.59561],[6.62002,46.5956],[6.61857,46.59567],[6.61807,46.5957],[6.61758,46.59561],[6.61717,46.59541],[6.61698,46.59523],[6.61601,46.59414],[6.61496,46.59321],[6.61475,46.59289],[6.61416,46.59153],[6.61403,46.59108],[6.61426,46.59053]]]},"properties":{"bfs_nr":5527,"name":"Morrens (VD)"}},{"type":"Feature","geometry":{"type":"Polygon","coordinates":[[[6.55685,46.64145],[6.55745,46.63971],[6.56072,46.63892],[6.56096,46.63884],[6.56118,46.63873],[6.56135,46.63859],[6.56149,46.63843],[6.56157,46.63825],[6.5616,46.63807],[6.56157,46.63789],[6.56135,46.63713],[6.56134,46.63708],[6.56122,46.63654],[6.56122,46.63651],[6.56121,46.63628],[6.5617,46.63565],[6.56193,46.63555],[6.56224,46.63547],[6.56349,46.63524],[6.56417,46.63494],[6.56527,46.63374],[6.56767,46.63317],[6.56882,46.63379],[6.56971,46.63404],[6.57074,46.63404],[6.57137,46.63436],[6.57168,46.63469],[6.57209,46.6349],[6.57258,46.63499],[6.57308,46.63495],[6.57435,46.63464],[6.57503,46.6348],[6.57552,46.63506],[6.57577,46.63514],[6.57603,46.63517],[6.57631,46.63519],[6.57659,46.63519],[6.57686,46.63514],[6.57968,46.63447],[6.58012,46.63429],[6.58029,46.63416],[6.58043,46.63401],[6.58051,46.63385],[6.58054,46.6335],[6.58048,46.6326],[6.5807,46.6323],[6.58128,46.63199],[6.5836,46.63205],[6.58445,46.63335],[6.58534,46.63447],[6.58567,46.63474],[6.58745,46.6356],[6.58773,46.63703],[6.58571,46.63884],[6.58584,46.63919],[6.58655,46.64005],[6.5866,46.64063],[6.5864,46.64136],[6.58726,46.64371],[6.58527,46.64538],[6.58499,46.6457],[6.58493,46.64608],[6.585,46.64639],[6.58501,46.64662],[6.58501,46.64665],[6.58502,46.64671],[6.58502,46.64674],[6.58505,46.64683],[6.58517,46.64725],[6.58572,46.64829],[6.58578,46.64838],[6.58579,46.6484],[6.58607,46.64873],[6.58623,46.64888],[6.58643,46.64901],[6.58734,46.6496],[6.58743,46.64994],[6.58733,46.65027],[6.58706,46.65055],[6.58648,46.65089],[6.58622,46.65118],[6.58623,46.65184],[6.58683,46.65246],[6.5869,46.65264],[6.58692,46.65283],[6.58665,46.65334],[6.58524,46.65428],[6.58424,46.65466],[6.58376,46.65526],[6.58338,46.65679],[6.58343,46.65787],[6.58307,46.65846],[6.58286,46.65895],[6.58224,46.65961],[6.58152,46.6614],[6.57868,46.66206],[6.57761,46.6618],[6.5773,46.66177],[6.57612,46.66172],[6.57565,46.66157],[6.5753,46.66132],[6.57503,46.66093],[6.57492,46.6608],[6.57477,46.66067],[6.57454,46.66054],[6.57398,46.6603],[6.57278,46.66036],[6.56986,46.66149],[6.56909,46.66145],[6.56876,46.66134],[6.56873,46.66132],[6.56852,46.66125],[6.56821,46.66112],[6.56772,46.66085],[6.56757,46.66076],[6.56738,46.66064],[6.56722,46.66055],[6.56688,46.66042],[6.56649,46.66025],[6.56623,46.6601],[6.56599,46.65994],[6.56585,46.6598],[6.56576,46.65966],[6.56557,46.6592],[6.56525,46.65881],[6.56471,46.65566],[6.56467,46.65545],[6.56457,46.65525],[6.5643,46.65488],[6.56428,46.65485],[6.56398,46.65448],[6.56382,46.65432],[6.56361,46.65419],[6.56336,46.65409],[6.56222,46.65389],[6.56032,46.6526],[6.557,46.65166],[6.55627,46.65114],[6.55627,46.65022],[6.55752,46.64922],[6.55766,46.64887],[6.55759,46.64851],[6.55714,46.64766],[6.55752,46.64635],[6.55701,46.64545],[6.55805,46.64378],[6.55685,46.64145]]]},"properties":{"bfs_nr":5529,"name":"Oulens-sous-Echallens"}},{"type":"Feature","geometry":{"type":"Polygon","coordinates":[[[6.65748,46.69305],[6.65738,46.69242],[6.65747,46.69225],[6.6576,46.69209],[6.65779,46.69196],[6.66006,46.69104],[6.66154,46.69029],[6.66212,46.6893],[6.66548,46.68781],[6.66915,46.68547],[6.67249,46.68548],[6.67637,46.68768],[6.67867,46.68772],[6.68458,46.69103],[6.68478,46.69236],[6.68502,46.69286],[6.68513,46.69304],[6.68671,46.69389],[6.68687,46.69421],[6.68675,46.6948],[6.68677,46.69514],[6.68708,46.69569],[6.68837,46.69714],[6.68879,46.69796],[6.69125,46.70009],[6.6921,46.70242],[6.69043,46.70422],[6.69036,46.70579],[6.68891,46.70651],[6.68823,46.70717],[6.68692,46.70783],[6.68616,46.70853],[6.68588,46.70869],[6.68165,46.71051],[6.67917,46.71157],[6.67773,46.71219],[6.67647,46.71247],[6.67556,46.71236],[6.67459,46.71175],[6.67408,46.71162],[6.67354,46.71163],[6.6727,46.71179],[6.66952,46.71226],[6.66674,46.71295],[6.66396,46.71251],[6.66358,46.71231],[6.66339,46.71214],[6.66222,46.71081],[6.66209,46.71064],[6.66093,46.70872],[6.66082,46.70856],[6.66065,46.70836],[6.66058,46.70822],[6.66054,46.70816],[6.66033,46.70772],[6.66024,46.7074],[6.66014,46.70651],[6.66013,46.70647],[6.65988,46.70508],[6.65987,46.70507],[6.65974,46.7044],[6.65974,46.70439],[6.65958,46.70355],[6.65957,46.7035],[6.65907,46.70164],[6.6592,46.70054],[6.65843,46.6985],[6.65846,46.69697],[6.65911,46.69626],[6.65919,46.69589],[6.65914,46.69571],[6.65904,46.69554],[6.65891,46.69536],[6.65874,46.69516],[6.65834,46.69483],[6.65822,46.6947],[6.65811,46.69452],[6.65798,46.69425],[6.65796,46.6942],[6.65773,46.69362],[6.65772,46.6936],[6.65748,46.69306],[6.65748,46.69305]]]},"properties":{"bfs_nr":5530,"name":"Pailly"}},{"type":"Feature","geometry":{"type":"Polygon","coordinates":[[[6.58593,46.68042],[6.58649,46.67952],[6.58964,46.67784],[6.59044,46.67702],[6.59226,46.6748],[6.59339,46.67333],[6.59383,46.67247],[6.59418,46.67225],[6.59468,46.67212],[6.59598,46.67199],[6.59719,46.67229],[6.59765,46.67229],[6.5983,46.67216],[6.59873,46.67205],[6.59876,46.67204],[6.60081,46.67149],[6.60082,46.67149],[6.60381,46.67071],[6.60411,46.67065],[6.60461,46.67066],[6.60507,46.67079],[6.60526,46.6709],[6.60553,46.67119],[6.60575,46.67196],[6.60605,46.67225],[6.60649,46.67244],[6.60674,46.67249],[6.607,46.6725],[6.60726,46.67247],[6.60844,46.67229],[6.60993,46.6729],[6.6109,46.67302],[6.61204,46.67276],[6.61232,46.67271],[6.61278,46.67273],[6.61305,46.67279],[6.61365,46.67296],[6.61381,46.67301],[6.61417,46.67318],[6.61439,46.67333],[6.61448,46.6734],[6.61489,46.67379],[6.6151,46.67391],[6.61533,46.674],[6.61559,46.67405],[6.61665,46.67411],[6.61933,46.67529],[6.62091,46.67772],[6.62157,46.67843],[6.62253,46.68099],[6.62291,46.68141],[6.62377,46.68198],[6.62414,46.68292],[6.625,46.68399],[6.62593,46.68614],[6.62526,46.68926],[6.62598,46.69032],[6.62548,46.69233],[6.62545,46.69251],[6.62547,46.69268],[6.62551,46.69282],[6.62553,46.69288],[6.62565,46.69319],[6.62576,46.69347],[6.62574,46.69382],[6.62536,46.69427],[6.62442,46.6945],[6.6234,46.69445],[6.62162,46.69476],[6.6213,46.69479],[6.62105,46.69478],[6.6208,46.69474],[6.62056,46.69466],[6.62036,46.69456],[6.61975,46.69416],[6.6174,46.69367],[6.6164,46.69227],[6.61482,46.69199],[6.61155,46.69234],[6.61068,46.69211],[6.60946,46.69112],[6.60806,46.6909],[6.60685,46.69019],[6.60591,46.69003],[6.6038,46.69032],[6.60239,46.69083],[6.60081,46.69078],[6.59984,46.69062],[6.59886,46.69058],[6.598,46.6901],[6.59751,46.68995],[6.59678,46.68983],[6.59654,46.6898],[6.59245,46.68958],[6.5913,46.68999],[6.59016,46.69114],[6.58926,46.69151],[6.58872,46.69148],[6.58841,46.69139],[6.58798,46.69123],[6.58766,46.69108],[6.58725,46.69084],[6.58702,46.69069],[6.58678,46.69038],[6.58673,46.69003],[6.58841,46.68631],[6.58868,46.68511],[6.58858,46.68466],[6.5883,46.68436],[6.5878,46.6841],[6.58755,46.68392],[6.58703,46.68344],[6.58702,46.68342],[6.58586,46.68233],[6.58568,46.68215],[6.58593,46.68042]]]},"properties":{"bfs_nr":5531,"name":"Penth\u00e9r\u00e9az"}},{"type":"Feature","geometry":{"type":"Polygon","coordinates":[[[6.67209,46.62775],[6.67277,46.62689],[6.67502,46.62593],[6.67559,46.6254],[6.67588,46.62385],[6.67532,46.62299],[6.67519,46.62258],[6.6753,46.62213],[6.67521,46.6212],[6.67575,46.61955],[6.6767,46.61889],[6.67706,46.6187],[6.67776,46.61848],[6.67868,46.61835],[6.67956,46.61845],[6.68003,46.61844],[6.68026,46.61839],[6.68047,46.61831],[6.68304,46.61713],[6.68349,46.61688],[6.68612,46.61568],[6.68805,46.61463],[6.68825,46.61454],[6.68843,46.61443],[6.68904,46.61396],[6.6892,46.61381],[6.68931,46.61364],[6.68936,46.61346],[6.68936,46.61327],[6.68925,46.61262],[6.6887,46.61058],[6.68932,46.61007],[6.69103,46.60982],[6.69201,46.60997],[6.69285,46.60994],[6.69427,46.61091],[6.69475,46.61105],[6.69527,46.61106],[6.69555,46.611],[6.69587,46.61088],[6.69638,46.6106],[6.69661,46.61049],[6.69719,46.61027],[6.69766,46.61009],[6.6978,46.61003],[6.69851,46.60965],[6.69854,46.60964],[6.69888,46.60947],[6.6992,46.60934],[6.69954,46.60927],[6.70043,46.60917],[6.70062,46.60914],[6.7008,46.60909],[6.70095,46.60904],[6.70123,46.60891],[6.70177,46.60859],[6.70188,46.60852],[6.70338,46.60738],[6.70372,46.60709],[6.70467,46.60685],[6.70559,46.60716],[6.70604,46.60773],[6.70615,46.60878],[6.70691,46.61021],[6.70593,46.61176],[6.70398,46.61356],[6.70193,46.61449],[6.70178,46.61705],[6.70019,46.61918],[6.70139,46.62234],[6.70057,46.62366],[6.70055,46.62459],[6.69978,46.62533],[6.69977,46.62688],[6.69828,46.63036],[6.69589,46.63147],[6.69574,46.63213],[6.69599,46.63273],[6.69591,46.63307],[6.69564,46.63337],[6.69545,46.63348],[6.69518,46.63359],[6.69465,46.63376],[6.69434,46.63383],[6.69408,46.63385],[6.69344,46.6338],[6.692,46.63379],[6.69176,46.6338],[6.69153,46.63385],[6.69132,46.63392],[6.68516,46.63637],[6.68407,46.63674],[6.68313,46.63702],[6.68297,46.63708],[6.68246,46.63722],[6.68114,46.63745],[6.68004,46.63776],[6.67893,46.63745],[6.67811,46.63648],[6.67797,46.63634],[6.67779,46.63622],[6.67757,46.63612],[6.67734,46.63606],[6.67684,46.63603],[6.67597,46.63609],[6.67551,46.63597],[6.67532,46.63586],[6.67511,46.6357],[6.67442,46.63505],[6.67427,46.63487],[6.67367,46.63364],[6.67191,46.63252],[6.67248,46.63148],[6.67114,46.62995],[6.67105,46.62924],[6.67192,46.62817],[6.67209,46.62775]]]},"properties":{"bfs_nr":5533,"name":"Poliez-Pittet"}},{"type":"Feature","geometry":{"type":"Polygon","coordinates":[[[6.68474,46.69065],[6.68607,46.68927],[6.6867,46.68783],[6.68696,46.68769],[6.68775,46.68735],[6.68814,46.6872],[6.68829,46.68711],[6.6905,46.68562],[6.69231,46.68553],[6.69321,46.68618],[6.69329,46.68639],[6.6933,46.68644],[6.69332,46.68659],[6.69333,46.68662],[6.69337,46.68678],[6.69339,46.68688],[6.69345,46.68703],[6.69353,46.68717],[6.69369,46.68743],[6.69444,46.68829],[6.69526,46.68885],[6.6965,46.68953],[6.69684,46.69036],[6.69804,46.69143],[6.69812,46.69177],[6.69765,46.69279],[6.69789,46.69363],[6.69832,46.69405],[6.69888,46.69432],[6.69951,46.69447],[6.70018,46.69479],[6.70036,46.69494],[6.70067,46.69542],[6.70057,46.69653],[6.70064,46.69721],[6.70074,46.69772],[6.70159,46.70084],[6.69925,46.70259],[6.69913,46.70331],[6.69988,46.7049],[6.69951,46.70658],[6.69939,46.70801],[6.69861,46.7092],[6.69875,46.71066],[6.69679,46.71174],[6.69592,46.71147],[6.69441,46.70984],[6.69369,46.70945],[6.69373,46.70802],[6.69266,46.70687],[6.69208,46.70212],[6.69121,46.69989],[6.6891,46.69793],[6.68751,46.69611],[6.6869,46.69534],[6.68678,46.69502],[6.68692,46.69429],[6.68675,46.69381],[6.68635,46.69349],[6.68561,46.69325],[6.68521,46.69298],[6.68485,46.6925],[6.68476,46.69218],[6.68479,46.69183],[6.68469,46.69128],[6.68474,46.69065]]]},"properties":{"bfs_nr":5534,"name":"Rueyres"}},{"type":"Feature","geometry":{"type":"Polygon","coordinates":[[[6.5846,46.62843],[6.58649,46.62748],[6.58869,46.62676],[6.59044,46.62659],[6.59283,46.62574],[6.59355,46.62522],[6.59431,46.6249],[6.59456,46.62485],[6.59508,46.62487],[6.59532,46.62493],[6.59589,46.62529],[6.59606,46.62556],[6.59635,46.62607],[6.59638,46.62612],[6.5967,46.62661],[6.59673,46.62665],[6.59708,46.62713],[6.59717,46.62723],[6.59756,46.62762],[6.59787,46.62784],[6.59883,46.62809],[6.6,46.62794],[6.60198,46.62857],[6.60341,46.62839],[6.60514,46.62919],[6.60567,46.62926],[6.6062,46.62918],[6.60763,46.62876],[6.60901,46.62893],[6.61014,46.6286],[6.61038,46.62769],[6.60968,46.62651],[6.60996,46.62568],[6.61112,46.62508],[6.61186,46.62499],[6.61235,46.62509],[6.61446,46.62666],[6.61469,46.62834],[6.61642,46.62981],[6.61756,46.63704],[6.61834,46.63828],[6.61958,46.63979],[6.61944,46.64059],[6.6191,46.64083],[6.61715,46.64128],[6.61488,46.64271],[6.61239,46.64365],[6.60842,46.64456],[6.60795,46.64481],[6.60743,46.64504],[6.60717,46.64513],[6.60514,46.6448],[6.6034,46.64502],[6.60295,46.64493],[6.60257,46.64473],[6.60209,46.64414],[6.6012,46.64333],[6.60103,46.64321],[6.6001,46.64298],[6.59961,46.64306],[6.59906,46.64324],[6.59874,46.64332],[6.59821,46.64333],[6.59772,46.64319],[6.59704,46.64246],[6.59689,46.64231],[6.5967,46.64219],[6.59648,46.6421],[6.59598,46.64201],[6.5954,46.64202],[6.59473,46.64181],[6.59356,46.63948],[6.59332,46.63916],[6.59314,46.63903],[6.59292,46.63893],[6.59267,46.63886],[6.59241,46.63882],[6.59189,46.63887],[6.59094,46.6392],[6.59068,46.63924],[6.59014,46.6392],[6.58968,46.63902],[6.58842,46.63826],[6.58798,46.63768],[6.58772,46.63587],[6.58681,46.63491],[6.58568,46.63454],[6.58526,46.63431],[6.58507,46.63412],[6.58447,46.63338],[6.58436,46.63321],[6.58326,46.6312],[6.58296,46.63024],[6.58313,46.62918],[6.58336,46.62888],[6.58395,46.62859],[6.5846,46.62843]]]},"properties":{"bfs_nr":5535,"name":"Saint-Barth\u00e9lemy (VD)"}},{"type":"Feature","geometry":{"type":"Polygon","coordinates":[[[6.6211,46.67779],[6.61903,46.67483],[6.6238,46.67168],[6.62436,46.67058],[6.62451,46.67035],[6.62468,46.67018],[6.62484,46.67004],[6.62507,46.66988],[6.62552,46.66972],[6.62603,46.66968],[6.62699,46.66999],[6.62751,46.67006],[6.62803,46.66998],[6.62856,46.6698],[6.6291,46.66956],[6.62971,46.6692],[6.63123,46.66886],[6.6325,46.66819],[6.6327,46.66806],[6.63286,46.66792],[6.63297,46.66775],[6.63305,46.66739],[6.63268,46.66531],[6.63189,46.66445],[6.63177,46.66435],[6.63092,46.66367],[6.63066,46.66351],[6.63055,46.66346],[6.63022,46.66335],[6.62947,46.66317],[6.62729,46.66244],[6.62696,46.6623],[6.62615,46.66188],[6.62606,46.66182],[6.62438,46.66073],[6.62504,46.65902],[6.62568,46.6589],[6.62568,46.65889],[6.62781,46.65845],[6.62804,46.65839],[6.62842,46.65818],[6.62867,46.65789],[6.62873,46.65773],[6.62874,46.65756],[6.62871,46.65739],[6.62864,46.65723],[6.62784,46.65578],[6.62811,46.65448],[6.62503,46.6497],[6.62494,46.6495],[6.6249,46.64933],[6.62522,46.64871],[6.62963,46.64764],[6.63129,46.64816],[6.63237,46.64984],[6.63251,46.65],[6.63268,46.65014],[6.6329,46.65025],[6.63314,46.65032],[6.63341,46.65037],[6.63368,46.65037],[6.63394,46.65033],[6.63419,46.65026],[6.6377,46.64895],[6.63874,46.64886],[6.63985,46.64961],[6.64031,46.6498],[6.64085,46.64984],[6.64111,46.6498],[6.64136,46.64973],[6.64356,46.64889],[6.64447,46.64818],[6.64699,46.64677],[6.64822,46.64658],[6.65244,46.64793],[6.65267,46.64799],[6.65291,46.64802],[6.65315,46.64802],[6.65362,46.64792],[6.65478,46.64716],[6.65529,46.64708],[6.6558,46.64714],[6.65645,46.6475],[6.65779,46.64905],[6.65891,46.64971],[6.65919,46.65001],[6.65923,46.65061],[6.65881,46.65175],[6.65853,46.65388],[6.65857,46.65407],[6.65867,46.65425],[6.65973,46.65568],[6.66115,46.65633],[6.6615,46.6574],[6.65925,46.65871],[6.65789,46.65883],[6.65762,46.65886],[6.65737,46.65893],[6.65695,46.65916],[6.65667,46.65948],[6.65644,46.66],[6.65614,46.66099],[6.65687,46.66328],[6.6589,46.66491],[6.65957,46.66589],[6.66075,46.66672],[6.66162,46.66805],[6.66183,46.66875],[6.66422,46.67023],[6.66518,46.67162],[6.66498,46.67272],[6.66515,46.67321],[6.66558,46.67363],[6.66617,46.67395],[6.66718,46.6747],[6.66779,46.67538],[6.6675,46.67637],[6.66455,46.67626],[6.66317,46.67548],[6.66164,46.67501],[6.65712,46.6731],[6.65658,46.67261],[6.65593,46.67222],[6.65545,46.67177],[6.65526,46.67165],[6.6548,46.67151],[6.65455,46.67148],[6.65429,46.6715],[6.65138,46.67181],[6.65107,46.67183],[6.65082,46.6718],[6.65002,46.67141],[6.64982,46.67105],[6.64847,46.66816],[6.64494,46.66792],[6.64282,46.66799],[6.64257,46.66801],[6.64233,46.66807],[6.64211,46.66816],[6.64192,46.66828],[6.64177,46.66842],[6.64166,46.66857],[6.64159,46.66874],[6.64158,46.66892],[6.64163,46.67007],[6.64155,46.67046],[6.64129,46.67076],[6.64088,46.67096],[6.64064,46.67102],[6.64033,46.67105],[6.63518,46.67121],[6.63447,46.67138],[6.63428,46.6715],[6.63413,46.67164],[6.63402,46.67179],[6.63395,46.67196],[6.63394,46.67214],[6.63396,46.67255],[6.63387,46.67293],[6.63362,46.67323],[6.63163,46.67404],[6.63133,46.67473],[6.63077,46.67508],[6.62892,46.67534],[6.62836,46.67549],[6.62772,46.67594],[6.62732,46.67659],[6.62728,46.67719],[6.62715,46.68108],[6.62758,46.6817],[6.62756,46.68238],[6.62707,46.68277],[6.62661,46.6829],[6.62504,46.68293],[6.62439,46.68261],[6.62383,46.68193],[6.62302,46.68139],[6.62275,46.68059],[6.62231,46.67988],[6.62179,46.67862],[6.6211,46.67779]]]},"properties":{"bfs_nr":5537,"name":"Villars-le-Terroir"}},{"type":"Feature","geometry":{"type":"Polygon","coordinates":[[[6.62507,46.68396],[6.62731,46.68268],[6.62768,46.68225],[6.62772,46.68192],[6.62717,46.68088],[6.6276,46.67832],[6.62736,46.67653],[6.62796,46.6758],[6.62919,46.67531],[6.63124,46.67502],[6.63172,46.67486],[6.63396,46.67316],[6.63396,46.67196],[6.63413,46.67164],[6.63448,46.67138],[6.63525,46.67121],[6.64039,46.67105],[6.64064,46.67102],[6.64088,46.67096],[6.6411,46.67088],[6.64129,46.67076],[6.64144,46.67062],[6.64156,46.67046],[6.64164,46.67012],[6.64158,46.66896],[6.6416,46.66874],[6.64177,46.66842],[6.64211,46.66816],[6.64257,46.66802],[6.64429,46.66794],[6.64587,46.66828],[6.64846,46.66816],[6.64983,46.67109],[6.65002,46.67142],[6.65036,46.67166],[6.65082,46.67181],[6.65107,46.67183],[6.65132,46.67182],[6.65416,46.67151],[6.65446,46.6715],[6.65493,46.67157],[6.65514,46.67164],[6.65549,46.67187],[6.6558,46.67218],[6.65643,46.67254],[6.65733,46.67335],[6.66124,46.67492],[6.66311,46.67548],[6.66533,46.67672],[6.66663,46.67809],[6.66783,46.68078],[6.66898,46.68202],[6.66899,46.68256],[6.66831,46.68351],[6.66823,46.68366],[6.66819,46.68382],[6.66827,46.68569],[6.66505,46.68799],[6.66144,46.68957],[6.66085,46.69062],[6.65793,46.69187],[6.65771,46.69198],[6.65753,46.69211],[6.6573,46.69244],[6.65736,46.69299],[6.6575,46.69317],[6.65762,46.69337],[6.65796,46.69421],[6.65798,46.69424],[6.6582,46.69472],[6.65879,46.69526],[6.65898,46.69545],[6.65909,46.69564],[6.65913,46.69598],[6.65909,46.69614],[6.65836,46.697],[6.65828,46.6981],[6.65893,46.70098],[6.65731,46.70198],[6.65565,46.70235],[6.65364,46.70308],[6.65315,46.70305],[6.65271,46.7029],[6.65212,46.7025],[6.65129,46.70225],[6.65035,46.70175],[6.64951,46.70147],[6.648,46.70127],[6.64751,46.70132],[6.64667,46.70192],[6.64641,46.70281],[6.64607,46.70316],[6.64433,46.70369],[6.64364,46.70346],[6.64333,46.70317],[6.64299,46.7022],[6.64279,46.70188],[6.64243,46.70164],[6.64197,46.70151],[6.641,46.70164],[6.63965,46.7024],[6.63916,46.70282],[6.63887,46.70351],[6.63838,46.70395],[6.63737,46.70409],[6.63642,46.70352],[6.63604,46.7026],[6.6358,46.70181],[6.63562,46.70151],[6.63259,46.70007],[6.63226,46.69665],[6.63209,46.69634],[6.63164,46.69593],[6.63113,46.69565],[6.63099,46.69551],[6.63086,46.69531],[6.63078,46.69515],[6.63076,46.6951],[6.63064,46.69483],[6.63058,46.69463],[6.63046,46.69397],[6.63045,46.69394],[6.63034,46.69348],[6.63033,46.69345],[6.63022,46.69307],[6.63017,46.69295],[6.62925,46.69108],[6.62914,46.6909],[6.62898,46.69075],[6.62827,46.69046],[6.62637,46.69025],[6.62536,46.68924],[6.62606,46.68615],[6.62507,46.68396]]]},"properties":{"bfs_nr":5539,"name":"Vuarrens"}},{"type":"Feature","geometry":{"type":"Polygon","coordinates":[[[6.65183,46.63119],[6.6525,46.62979],[6.65534,46.62855],[6.65864,46.62928],[6.66472,46.62727],[6.66517,46.62703],[6.66533,46.62685],[6.66549,46.6267],[6.66561,46.62661],[6.66562,46.62659],[6.66722,46.62538],[6.66733,46.62529],[6.66913,46.62423],[6.66961,46.62403],[6.67057,46.62406],[6.67079,46.62415],[6.67113,46.62439],[6.67127,46.62458],[6.67169,46.62529],[6.67242,46.62622],[6.67237,46.62689],[6.67201,46.62731],[6.67195,46.62797],[6.67104,46.62923],[6.67113,46.62995],[6.67239,46.63146],[6.67177,46.63246],[6.67333,46.63364],[6.6739,46.63455],[6.67516,46.63575],[6.67534,46.63589],[6.67556,46.636],[6.6758,46.63608],[6.67606,46.63612],[6.67633,46.63612],[6.67728,46.63606],[6.67753,46.63612],[6.67777,46.63622],[6.67796,46.63635],[6.67816,46.63654],[6.67901,46.63759],[6.67936,46.63786],[6.6806,46.638],[6.68172,46.63737],[6.68203,46.63729],[6.68275,46.63717],[6.683,46.63711],[6.68517,46.63637],[6.6878,46.63539],[6.68844,46.63526],[6.68938,46.63471],[6.69127,46.63394],[6.69154,46.63385],[6.69176,46.63381],[6.69318,46.63382],[6.69387,46.63392],[6.69442,46.63383],[6.69524,46.63357],[6.69547,46.63348],[6.69567,46.63335],[6.69583,46.6332],[6.69594,46.63303],[6.69599,46.63285],[6.69599,46.63266],[6.69581,46.63188],[6.69616,46.63142],[6.69709,46.63115],[6.69813,46.63144],[6.69874,46.63488],[6.70001,46.6363],[6.70206,46.63679],[6.70506,46.63924],[6.70647,46.64218],[6.70652,46.6434],[6.70774,46.6453],[6.7077,46.64618],[6.70476,46.64828],[6.7042,46.64936],[6.70457,46.65005],[6.70559,46.65076],[6.70578,46.65105],[6.70591,46.6512],[6.70651,46.65179],[6.70722,46.65235],[6.70769,46.65295],[6.70877,46.65358],[6.70919,46.65424],[6.70901,46.65498],[6.70789,46.65541],[6.70551,46.6553],[6.70525,46.65535],[6.70501,46.65544],[6.70448,46.65571],[6.70401,46.65584],[6.70372,46.65594],[6.70343,46.65605],[6.70309,46.65614],[6.70058,46.65711],[6.6996,46.65777],[6.6994,46.65808],[6.69903,46.66114],[6.69968,46.66335],[6.69886,46.66472],[6.69766,46.66532],[6.69723,46.66574],[6.69708,46.66619],[6.69653,46.66687],[6.69615,46.66711],[6.69541,46.66723],[6.69437,46.66709],[6.69416,46.66704],[6.6939,46.66695],[6.6938,46.6669],[6.69357,46.66676],[6.6933,46.6665],[6.69274,46.66616],[6.6923,46.66573],[6.69196,46.66491],[6.69045,46.66378],[6.6892,46.66302],[6.68857,46.66228],[6.68847,46.66127],[6.68748,46.65925],[6.68742,46.65863],[6.68706,46.65815],[6.68636,46.65789],[6.68401,46.65763],[6.68322,46.65779],[6.68145,46.65863],[6.6811,46.65878],[6.67945,46.65946],[6.67831,46.65994],[6.67755,46.66025],[6.67733,46.66034],[6.6768,46.66076],[6.67628,46.66168],[6.67534,46.66205],[6.67306,46.66314],[6.67262,46.66322],[6.67233,46.66322],[6.67232,46.66322],[6.6713,46.66315],[6.66866,46.66296],[6.66773,46.66263],[6.66749,46.66233],[6.66748,46.66182],[6.66763,46.6615],[6.66765,46.66132],[6.66762,46.66114],[6.66728,46.66043],[6.66678,46.65986],[6.66512,46.65867],[6.66479,46.6585],[6.6629,46.65781],[6.66262,46.65768],[6.66243,46.65755],[6.66196,46.657],[6.66106,46.65623],[6.66015,46.65586],[6.65973,46.65562],[6.65954,46.65543],[6.65872,46.65432],[6.6586,46.6541],[6.65855,46.65391],[6.65929,46.65036],[6.65921,46.65],[6.65892,46.64969],[6.65809,46.64913],[6.65799,46.64863],[6.66013,46.64667],[6.66006,46.64597],[6.65685,46.64169],[6.65416,46.63929],[6.65086,46.63705],[6.65072,46.63691],[6.65056,46.63658],[6.65069,46.63607],[6.65255,46.63435],[6.65253,46.63255],[6.65183,46.63119]]]},"properties":{"bfs_nr":5540,"name":"Montilliez"}},{"type":"Feature","geometry":{"type":"Polygon","coordinates":[[[6.58032,46.66246],[6.58175,46.6613],[6.58307,46.65925],[6.58315,46.65836],[6.58347,46.65782],[6.58347,46.65723],[6.584,46.65617],[6.58376,46.65543],[6.58424,46.65466],[6.58549,46.65419],[6.58587,46.65399],[6.58665,46.65335],[6.58688,46.65303],[6.58693,46.65285],[6.58692,46.65267],[6.58685,46.65249],[6.58674,46.65232],[6.58624,46.65184],[6.58623,46.65118],[6.58708,46.65055],[6.58724,46.6504],[6.58736,46.65024],[6.58743,46.65006],[6.58744,46.64988],[6.5874,46.6497],[6.58731,46.64953],[6.58699,46.64925],[6.58646,46.64902],[6.58624,46.64889],[6.58578,46.64838],[6.58571,46.64826],[6.58552,46.6479],[6.58542,46.64767],[6.58521,46.6473],[6.58501,46.64665],[6.58502,46.64638],[6.58498,46.64599],[6.58509,46.64564],[6.58748,46.64358],[6.58659,46.64184],[6.58662,46.64064],[6.58657,46.64007],[6.58636,46.6394],[6.58853,46.63855],[6.58969,46.63908],[6.59015,46.63923],[6.59066,46.63926],[6.59091,46.63922],[6.59115,46.63914],[6.59189,46.63887],[6.59241,46.63883],[6.59291,46.63893],[6.59358,46.63952],[6.59434,46.64139],[6.59444,46.64157],[6.59478,46.64185],[6.59526,46.64202],[6.59609,46.64204],[6.59632,46.64208],[6.59674,46.64224],[6.59734,46.64293],[6.59772,46.64319],[6.59821,46.64333],[6.59848,46.64335],[6.59874,46.64332],[6.599,46.64326],[6.6001,46.64298],[6.60103,46.64321],[6.60124,46.64337],[6.60203,46.64409],[6.60243,46.64461],[6.60257,46.64474],[6.60275,46.64485],[6.60295,46.64494],[6.60317,46.645],[6.60341,46.64503],[6.60516,46.64491],[6.60631,46.64517],[6.6068,46.6452],[6.60705,46.64517],[6.60728,46.6451],[6.61233,46.6437],[6.6136,46.64413],[6.61404,46.64476],[6.61778,46.64912],[6.61793,46.64926],[6.61811,46.64938],[6.61856,46.64953],[6.61906,46.64955],[6.61975,46.64935],[6.62167,46.64778],[6.62191,46.64762],[6.62237,46.64745],[6.6229,46.64743],[6.62339,46.64755],[6.62377,46.6478],[6.62394,46.64799],[6.62439,46.6487],[6.62785,46.65408],[6.62771,46.65577],[6.62861,46.6572],[6.62871,46.6574],[6.62872,46.65773],[6.62866,46.65789],[6.62842,46.65818],[6.62804,46.65839],[6.62775,46.65847],[6.62567,46.6589],[6.62479,46.65908],[6.62387,46.65981],[6.62439,46.66084],[6.62607,46.66183],[6.62613,46.66187],[6.62701,46.66233],[6.62723,46.66242],[6.62951,46.66319],[6.63013,46.66333],[6.63061,46.66349],[6.63174,46.66432],[6.63191,46.66448],[6.63245,46.66506],[6.63259,46.66526],[6.63304,46.66739],[6.63296,46.66775],[6.63284,46.66792],[6.63267,46.66807],[6.63246,46.66819],[6.63201,46.66837],[6.63127,46.66883],[6.6297,46.6692],[6.62947,46.66932],[6.62935,46.66941],[6.62904,46.66958],[6.62876,46.66971],[6.62854,46.66979],[6.62799,46.66996],[6.62746,46.67001],[6.62642,46.6697],[6.62588,46.66964],[6.62536,46.66973],[6.62512,46.66983],[6.62493,46.66997],[6.62465,46.6702],[6.62453,46.67032],[6.62436,46.67053],[6.62417,46.6707],[6.62218,46.67114],[6.62091,46.6734],[6.61817,46.67407],[6.6169,46.67399],[6.61593,46.67406],[6.61559,46.67405],[6.61534,46.67399],[6.6149,46.67378],[6.61451,46.67342],[6.61436,46.6733],[6.61423,46.67321],[6.61412,46.67314],[6.61387,46.67303],[6.6138,46.673],[6.61368,46.67296],[6.613,46.67277],[6.61278,46.67272],[6.61255,46.6727],[6.61232,46.67271],[6.61209,46.67275],[6.61101,46.67299],[6.61024,46.67293],[6.60858,46.67226],[6.607,46.67249],[6.60649,46.67244],[6.60605,46.67225],[6.60576,46.67195],[6.60561,46.67135],[6.60554,46.67119],[6.60542,46.67104],[6.60526,46.6709],[6.60507,46.67079],[6.60461,46.67066],[6.60411,46.67065],[6.60387,46.67069],[6.60081,46.67149],[6.59876,46.67204],[6.59873,46.67205],[6.59849,46.67211],[6.59835,46.67213],[6.59812,46.67218],[6.59784,46.67222],[6.5961,46.67195],[6.59452,46.67214],[6.59426,46.6722],[6.5938,46.67241],[6.59348,46.67277],[6.59335,46.67322],[6.59224,46.67482],[6.59042,46.67704],[6.58864,46.67837],[6.58683,46.67752],[6.58759,46.67595],[6.58757,46.67417],[6.58729,46.67337],[6.58711,46.67325],[6.58695,46.67316],[6.58675,46.67304],[6.58657,46.67291],[6.58655,46.6729],[6.58635,46.67275],[6.58624,46.67266],[6.58604,46.67248],[6.58555,46.67207],[6.58552,46.67204],[6.5855,46.67203],[6.58523,46.67169],[6.58499,46.67128],[6.58494,46.67116],[6.58457,46.67028],[6.58402,46.66933],[6.5837,46.66846],[6.58259,46.66758],[6.5827,46.66468],[6.58083,46.66357],[6.58032,46.66246]]]},"properties":{"bfs_nr":5541,"name":"Goumo\u00ebns"}},{"type":"Feature","geometry":{"type":"Polygon","coordinates":[[[6.65457,46.86986],[6.65575,46.86751],[6.65573,46.86715],[6.65508,46.86649],[6.65497,46.86633],[6.6549,46.86616],[6.65495,46.86511],[6.65508,46.86478],[6.65559,46.86394],[6.65589,46.86361],[6.65631,46.86341],[6.65752,46.86347],[6.66106,46.86513],[6.6624,46.86478],[6.66282,46.86394],[6.66131,46.86175],[6.66139,46.86109],[6.66138,46.86055],[6.66133,46.86008],[6.6613,46.85973],[6.6613,46.85968],[6.66127,46.85953],[6.66122,46.85935],[6.66107,46.85912],[6.66099,46.85895],[6.66088,46.85865],[6.66061,46.85807],[6.66045,46.85739],[6.66015,46.8571],[6.66002,46.85694],[6.65995,46.85676],[6.65993,46.85658],[6.65997,46.85635],[6.66104,46.85351],[6.6611,46.85328],[6.66114,46.85289],[6.66113,46.8522],[6.66136,46.85071],[6.65863,46.84965],[6.65784,46.84912],[6.65766,46.84898],[6.65753,46.84882],[6.65744,46.84861],[6.65742,46.84851],[6.65745,46.84821],[6.65744,46.84802],[6.65726,46.84767],[6.65656,46.847],[6.65711,46.84601],[6.65746,46.84583],[6.65748,46.84582],[6.6581,46.8455],[6.65811,46.8455],[6.65854,46.84528],[6.65857,46.84527],[6.65926,46.84489],[6.65928,46.84489],[6.66026,46.84434],[6.66031,46.84431],[6.66057,46.84415],[6.66061,46.84412],[6.66076,46.84402],[6.66089,46.84392],[6.6615,46.84337],[6.66156,46.84332],[6.6617,46.84318],[6.66185,46.84268],[6.66175,46.84188],[6.66175,46.84186],[6.66171,46.84145],[6.6617,46.84142],[6.66168,46.84122],[6.66162,46.84104],[6.66151,46.84086],[6.66135,46.8407],[6.65996,46.83973],[6.66048,46.83751],[6.66153,46.8367],[6.66155,46.83604],[6.66088,46.83538],[6.66084,46.83471],[6.66344,46.83193],[6.66505,46.83136],[6.66556,46.83081],[6.6659,46.82977],[6.66638,46.82936],[6.6686,46.82824],[6.67171,46.82943],[6.67216,46.82954],[6.67263,46.82955],[6.67286,46.8295],[6.67308,46.82943],[6.67325,46.82936],[6.67345,46.82929],[6.67361,46.82924],[6.67378,46.8292],[6.67385,46.82919],[6.67399,46.82917],[6.67415,46.82915],[6.67425,46.82914],[6.67439,46.82912],[6.67516,46.82909],[6.67559,46.82897],[6.67728,46.82833],[6.67917,46.82645],[6.68094,46.82567],[6.68218,46.82508],[6.68341,46.82444],[6.68377,46.82418],[6.69221,46.81463],[6.6941,46.81431],[6.69838,46.8161],[6.69885,46.81739],[6.68848,46.82912],[6.68841,46.8292],[6.68723,46.83034],[6.68701,46.83051],[6.68654,46.8307],[6.68528,46.83111],[6.68276,46.83347],[6.68133,46.83502],[6.68134,46.83582],[6.68148,46.83597],[6.68189,46.83636],[6.68193,46.83639],[6.68221,46.83669],[6.68248,46.83701],[6.6826,46.8372],[6.68266,46.83754],[6.68238,46.83804],[6.68051,46.83968],[6.6792,46.8411],[6.67652,46.8444],[6.67642,46.84475],[6.67651,46.8451],[6.67664,46.84526],[6.67805,46.84671],[6.67844,46.84713],[6.67868,46.84732],[6.68021,46.84824],[6.6807,46.84893],[6.68044,46.84949],[6.67822,46.85182],[6.6771,46.85288],[6.67706,46.85292],[6.67652,46.85348],[6.67639,46.85366],[6.6763,46.85383],[6.67597,46.85435],[6.67589,46.85446],[6.67552,46.85492],[6.67527,46.85531],[6.67522,46.85546],[6.6752,46.8556],[6.6752,46.85581],[6.67522,46.85592],[6.67522,46.85594],[6.67527,46.85615],[6.67529,46.85633],[6.67529,46.85663],[6.67523,46.85696],[6.67505,46.85747],[6.67504,46.8575],[6.67348,46.86175],[6.67338,46.86196],[6.67308,46.86225],[6.67258,46.86259],[6.67234,46.86331],[6.67202,46.86383],[6.67196,46.86399],[6.67193,46.86413],[6.67192,46.86427],[6.67195,46.86453],[6.67194,46.86469],[6.67194,46.8648],[6.67195,46.86485],[6.672,46.86503],[6.67211,46.8652],[6.67226,46.86535],[6.67246,46.86547],[6.67294,46.86563],[6.6759,46.86629],[6.67605,46.86642],[6.67624,46.86673],[6.67626,46.8669],[6.67623,46.86711],[6.67597,46.86804],[6.67595,46.86811],[6.67583,46.86846],[6.67579,46.86863],[6.67581,46.86881],[6.67587,46.86898],[6.67614,46.86928],[6.67656,46.86949],[6.67706,46.86957],[6.67979,46.87009],[6.67793,46.87623],[6.67669,46.87696],[6.67435,46.87666],[6.67308,46.87668],[6.66988,46.8754],[6.66907,46.87524],[6.66867,46.87502],[6.66785,46.87476],[6.66767,46.87468],[6.66749,46.87456],[6.66743,46.8745],[6.66729,46.87437],[6.66727,46.87436],[6.66717,46.87427],[6.66694,46.87411],[6.66681,46.87405],[6.66597,46.87368],[6.66401,46.87302],[6.66346,46.87291],[6.66297,46.8729],[6.6625,46.87288],[6.65884,46.87237],[6.65827,46.87231],[6.65401,46.87218],[6.65307,46.87143],[6.65457,46.86986]]]},"properties":{"bfs_nr":5551,"name":"Bonvillars"}},{"type":"Feature","geometry":{"type":"Polygon","coordinates":[[[6.5238,46.83665],[6.5241,46.83662],[6.52435,46.83656],[6.52458,46.83646],[6.52663,46.83535],[6.52664,46.83534],[6.52815,46.83454],[6.52816,46.83454],[6.53036,46.83334],[6.53037,46.83334],[6.53189,46.83252],[6.53207,46.83241],[6.53231,46.83214],[6.53238,46.83199],[6.53261,46.83118],[6.53276,46.83064],[6.53266,46.8301],[6.53238,46.82974],[6.5323,46.8294],[6.53234,46.82919],[6.53292,46.82755],[6.53316,46.82704],[6.53323,46.82688],[6.53328,46.82674],[6.53337,46.82629],[6.53337,46.82628],[6.53346,46.8258],[6.53346,46.82576],[6.53352,46.82537],[6.53352,46.82536],[6.53353,46.8252],[6.53354,46.82516],[6.53356,46.82498],[6.53362,46.82479],[6.53381,46.82451],[6.534,46.82436],[6.53516,46.82359],[6.53719,46.8222],[6.54074,46.81974],[6.54075,46.81973],[6.5418,46.81898],[6.54426,46.81688],[6.54865,46.81688],[6.5501,46.81741],[6.55193,46.81791],[6.55651,46.81888],[6.55785,46.81943],[6.55839,46.81984],[6.55896,46.8206],[6.55912,46.82079],[6.55923,46.82089],[6.55933,46.82097],[6.55947,46.8211],[6.55969,46.82133],[6.5599,46.82158],[6.55998,46.82166],[6.56027,46.82193],[6.56061,46.82231],[6.56078,46.82254],[6.56112,46.82316],[6.5612,46.82328],[6.56138,46.8235],[6.56147,46.82359],[6.56216,46.82424],[6.56219,46.82427],[6.5625,46.82454],[6.56257,46.8246],[6.56386,46.82555],[6.56387,46.82556],[6.56445,46.82599],[6.56464,46.82616],[6.56477,46.82635],[6.56496,46.82669],[6.56503,46.8268],[6.56557,46.8275],[6.5658,46.82846],[6.56622,46.82911],[6.56703,46.82981],[6.56725,46.83014],[6.56729,46.83035],[6.56711,46.83136],[6.56722,46.8317],[6.56734,46.83186],[6.56751,46.83199],[6.56771,46.83211],[6.56776,46.83213],[6.5678,46.83215],[6.56817,46.8323],[6.5682,46.83231],[6.5685,46.83243],[6.56854,46.83244],[6.57791,46.83624],[6.58013,46.83631],[6.58917,46.8405],[6.59331,46.84266],[6.59346,46.84281],[6.5936,46.84315],[6.59352,46.84354],[6.59294,46.8447],[6.58808,46.84564],[6.5861,46.84642],[6.58489,46.84742],[6.58474,46.84756],[6.58463,46.84772],[6.58457,46.84788],[6.58456,46.84806],[6.58459,46.84823],[6.58467,46.84839],[6.58484,46.84864],[6.58485,46.84865],[6.58527,46.84928],[6.58539,46.84943],[6.58556,46.84956],[6.58701,46.8505],[6.58836,46.85151],[6.58865,46.85183],[6.58873,46.85216],[6.58862,46.85249],[6.58759,46.85341],[6.58688,46.85435],[6.5847,46.85496],[6.58365,46.85603],[6.58327,46.85644],[6.58308,46.85661],[6.58289,46.85673],[6.58267,46.85681],[6.58218,46.85689],[6.58193,46.85688],[6.58168,46.85684],[6.58069,46.85649],[6.57974,46.85612],[6.57796,46.85698],[6.5782,46.85784],[6.57807,46.85816],[6.57756,46.85868],[6.57744,46.85883],[6.57736,46.859],[6.57733,46.85917],[6.57736,46.85935],[6.57743,46.85952],[6.57754,46.85967],[6.5777,46.85981],[6.57776,46.85985],[6.57787,46.85992],[6.57845,46.86024],[6.57913,46.86054],[6.57944,46.86084],[6.57953,46.86101],[6.57957,46.86119],[6.57917,46.86197],[6.57912,46.86215],[6.57912,46.86234],[6.57918,46.86257],[6.57962,46.86319],[6.58312,46.86632],[6.58324,46.86714],[6.583,46.86744],[6.58213,46.86853],[6.58189,46.86884],[6.5817,46.86904],[6.57982,46.87069],[6.57959,46.87085],[6.57915,46.87102],[6.57788,46.87085],[6.57376,46.86859],[6.57039,46.86696],[6.56436,46.86427],[6.56338,46.86392],[6.5616,46.86296],[6.56131,46.86266],[6.56144,46.8617],[6.56113,46.861],[6.55897,46.85981],[6.55841,46.85968],[6.55818,46.85965],[6.55793,46.85962],[6.55744,46.85953],[6.55697,46.85939],[6.55679,46.85933],[6.55585,46.85897],[6.554,46.85817],[6.55259,46.8573],[6.55216,46.85697],[6.55115,46.85623],[6.5511,46.8562],[6.55052,46.85581],[6.5503,46.8557],[6.55006,46.85562],[6.54979,46.85557],[6.54925,46.8556],[6.54859,46.85587],[6.5481,46.85601],[6.54784,46.85603],[6.54757,46.856],[6.54732,46.85595],[6.54709,46.85585],[6.54684,46.8557],[6.54568,46.85479],[6.54559,46.85473],[6.54503,46.85437],[6.54476,46.85423],[6.54393,46.85392],[6.54366,46.85384],[6.54196,46.8535],[6.54059,46.85336],[6.53948,46.85288],[6.53925,46.85282],[6.53901,46.8528],[6.53852,46.85284],[6.53829,46.85291],[6.53809,46.85301],[6.53685,46.85372],[6.53657,46.85388],[6.53488,46.85393],[6.53229,46.85263],[6.53018,46.85084],[6.52971,46.85031],[6.52954,46.85005],[6.52938,46.8499],[6.52811,46.84944],[6.52779,46.84918],[6.52758,46.84879],[6.52735,46.84838],[6.52733,46.84836],[6.52715,46.84808],[6.52708,46.84797],[6.52695,46.84783],[6.52679,46.84768],[6.52648,46.84746],[6.52626,46.84715],[6.52621,46.84694],[6.52612,46.84595],[6.52611,46.84593],[6.52608,46.84547],[6.52608,46.84546],[6.52608,46.84543],[6.52604,46.84526],[6.52596,46.84511],[6.52584,46.84497],[6.52569,46.84484],[6.52468,46.84432],[6.52454,46.84421],[6.5244,46.84405],[6.52428,46.84388],[6.52427,46.84387],[6.52371,46.84306],[6.52353,46.84282],[6.52344,46.84265],[6.52338,46.84247],[6.52315,46.84121],[6.5228,46.83978],[6.52279,46.83972],[6.52255,46.83834],[6.52243,46.83771],[6.52243,46.83749],[6.52255,46.83716],[6.5238,46.83665]]]},"properties":{"bfs_nr":5552,"name":"Bullet"}},{"type":"Feature","geometry":{"type":"Polygon","coordinates":[[[6.63809,46.83721],[6.63905,46.83584],[6.63828,46.83345],[6.63946,46.83035],[6.64053,46.82954],[6.64081,46.82927],[6.64117,46.82876],[6.6419,46.82822],[6.64265,46.82712],[6.64365,46.82697],[6.64672,46.8279],[6.64689,46.82794],[6.64707,46.82798],[6.64735,46.82806],[6.6474,46.82807],[6.64779,46.82815],[6.64802,46.82819],[6.64826,46.8282],[6.64849,46.82818],[6.64925,46.82806],[6.64953,46.82799],[6.65276,46.82695],[6.65533,46.82683],[6.65603,46.82657],[6.65685,46.82563],[6.65756,46.82543],[6.66042,46.82519],[6.66269,46.82469],[6.6669,46.82536],[6.66777,46.82536],[6.66824,46.82542],[6.66866,46.8256],[6.66895,46.82586],[6.66892,46.82701],[6.66605,46.82955],[6.66578,46.82987],[6.66552,46.83086],[6.66361,46.83177],[6.66176,46.83356],[6.66085,46.83466],[6.66066,46.8352],[6.66116,46.83618],[6.66022,46.83776],[6.65994,46.83981],[6.66048,46.84035],[6.66101,46.84053],[6.66139,46.84075],[6.66162,46.84106],[6.66168,46.84128],[6.6617,46.84142],[6.66171,46.84145],[6.66175,46.84187],[6.66175,46.84188],[6.66184,46.84263],[6.66169,46.84318],[6.66152,46.84336],[6.66151,46.84336],[6.66092,46.8439],[6.66073,46.84404],[6.66062,46.84411],[6.66056,46.84415],[6.66033,46.8443],[6.66025,46.84435],[6.65927,46.84489],[6.65925,46.8449],[6.65857,46.84526],[6.65853,46.84529],[6.6581,46.84551],[6.65747,46.84582],[6.65745,46.84584],[6.65729,46.84592],[6.65697,46.84604],[6.65642,46.84611],[6.65473,46.84581],[6.65318,46.84501],[6.65205,46.84542],[6.65107,46.84647],[6.65086,46.84692],[6.65036,46.84732],[6.64987,46.84744],[6.64915,46.84743],[6.64428,46.84669],[6.64214,46.8467],[6.64183,46.84668],[6.64073,46.84657],[6.64042,46.84651],[6.63998,46.84633],[6.63968,46.84604],[6.63956,46.8457],[6.63967,46.8451],[6.63972,46.84435],[6.63986,46.844],[6.63999,46.84373],[6.64001,46.84352],[6.63999,46.84326],[6.64007,46.84296],[6.64021,46.8426],[6.64026,46.8424],[6.64028,46.84213],[6.64028,46.84203],[6.6402,46.84134],[6.64001,46.84062],[6.63917,46.83987],[6.63809,46.83721]]]},"properties":{"bfs_nr":5553,"name":"Champagne"}},{"type":"Feature","geometry":{"type":"Polygon","coordinates":[[[6.67817,46.87554],[6.67946,46.8717],[6.68064,46.87089],[6.68285,46.8709],[6.68525,46.87132],[6.68552,46.87134],[6.68578,46.87133],[6.68604,46.87128],[6.68628,46.8712],[6.68745,46.87074],[6.69014,46.8712],[6.69066,46.87119],[6.69133,46.87092],[6.69218,46.86978],[6.69232,46.86965],[6.69249,46.86953],[6.69269,46.86944],[6.6929,46.86937],[6.69314,46.86934],[6.69377,46.8693],[6.69452,46.86909],[6.69475,46.86906],[6.69505,46.86906],[6.69516,46.86906],[6.69537,46.86908],[6.69562,46.86909],[6.69588,46.86907],[6.69612,46.86902],[6.69634,46.86893],[6.69654,46.86882],[6.69669,46.86868],[6.69681,46.86852],[6.69686,46.86844],[6.6969,46.86836],[6.69714,46.86778],[6.69714,46.86777],[6.69741,46.86711],[6.69761,46.86663],[6.69762,46.86662],[6.69779,46.86618],[6.69831,46.86519],[6.69857,46.86465],[6.69878,46.86417],[6.69916,46.86336],[6.69954,46.86255],[6.69955,46.86254],[6.70016,46.86127],[6.70029,46.86102],[6.70044,46.8608],[6.7006,46.86065],[6.70087,46.86049],[6.70191,46.86001],[6.70194,46.86],[6.70234,46.85981],[6.70254,46.85968],[6.7027,46.85953],[6.70297,46.85921],[6.70303,46.85907],[6.70306,46.85899],[6.7034,46.85809],[6.70341,46.85808],[6.70343,46.85802],[6.70353,46.85782],[6.70366,46.85768],[6.70424,46.85737],[6.7062,46.85721],[6.70731,46.85605],[6.70804,46.85573],[6.70824,46.85559],[6.70894,46.85493],[6.70997,46.85313],[6.71207,46.85136],[6.71425,46.85034],[6.71503,46.84942],[6.71498,46.8486],[6.71665,46.84672],[6.74092,46.82859],[6.74288,46.82855],[6.77883,46.85231],[6.77887,46.85364],[6.75565,46.87018],[6.75059,46.8711],[6.7407,46.87178],[6.73957,46.87167],[6.73546,46.86952],[6.73362,46.87028],[6.73382,46.87152],[6.73669,46.87376],[6.73887,46.87842],[6.73838,46.87933],[6.73608,46.87942],[6.73106,46.87672],[6.73068,46.87622],[6.73018,46.87578],[6.72568,46.87392],[6.72543,46.87384],[6.72349,46.87333],[6.72298,46.87328],[6.72226,46.87345],[6.72016,46.8745],[6.71989,46.87468],[6.7144,46.87964],[6.71423,46.87977],[6.71403,46.87988],[6.71111,46.88126],[6.71096,46.88133],[6.70791,46.8825],[6.70757,46.8826],[6.70728,46.88263],[6.70692,46.88262],[6.70331,46.88218],[6.70249,46.88226],[6.70077,46.88295],[6.7005,46.88296],[6.70017,46.88294],[6.69909,46.88278],[6.69886,46.88274],[6.69848,46.88266],[6.69843,46.88265],[6.69762,46.88245],[6.69738,46.8824],[6.69697,46.88229],[6.69688,46.88225],[6.69676,46.8822],[6.6966,46.88213],[6.69653,46.8821],[6.69608,46.88193],[6.69592,46.88187],[6.69511,46.88166],[6.69505,46.88164],[6.69308,46.88117],[6.69174,46.88079],[6.69032,46.88027],[6.68798,46.87959],[6.68552,46.87875],[6.68398,46.87828],[6.68383,46.87823],[6.68251,46.87773],[6.68248,46.87772],[6.68199,46.87755],[6.68197,46.87754],[6.6812,46.87726],[6.68109,46.87723],[6.67987,46.87687],[6.67983,46.87686],[6.67903,46.87665],[6.67873,46.87654],[6.67817,46.87554]]]},"properties":{"bfs_nr":5554,"name":"Concise"}},{"type":"Feature","geometry":{"type":"Polygon","coordinates":[[[6.68311,46.86993],[6.68428,46.86895],[6.68694,46.86891],[6.68745,46.86879],[6.68784,46.86854],[6.68798,46.86838],[6.68806,46.8682],[6.68823,46.86767],[6.68833,46.86745],[6.68852,46.86712],[6.68865,46.86694],[6.68901,46.86651],[6.68905,46.86646],[6.68944,46.86593],[6.68955,46.86573],[6.68959,46.86528],[6.68985,46.86473],[6.69014,46.8644],[6.69022,46.86423],[6.69024,46.86406],[6.69022,46.86388],[6.69015,46.86372],[6.69004,46.86356],[6.68988,46.86343],[6.68969,46.86331],[6.68609,46.862],[6.68569,46.86104],[6.68609,46.86049],[6.68622,46.86026],[6.68633,46.85991],[6.68641,46.85965],[6.6865,46.85939],[6.68667,46.85909],[6.68725,46.85839],[6.68918,46.85617],[6.69095,46.85449],[6.69188,46.85319],[6.69259,46.85212],[6.69301,46.85148],[6.69302,46.85147],[6.69345,46.8508],[6.69391,46.84965],[6.6945,46.84896],[6.69562,46.84791],[6.69749,46.84599],[6.69761,46.84584],[6.69771,46.84549],[6.69768,46.84531],[6.6976,46.84514],[6.69731,46.84485],[6.69648,46.84417],[6.69662,46.84348],[6.70104,46.83791],[6.70118,46.83774],[6.7013,46.83759],[6.7017,46.83711],[6.70175,46.83705],[6.70301,46.8357],[6.70314,46.83551],[6.71007,46.822],[6.71177,46.82142],[6.73984,46.82744],[6.74053,46.82776],[6.7408,46.82844],[6.74062,46.82877],[6.74043,46.82895],[6.71661,46.84675],[6.71477,46.84877],[6.71447,46.8499],[6.71203,46.85127],[6.71043,46.85253],[6.70968,46.85348],[6.70951,46.85388],[6.70897,46.85472],[6.70879,46.85507],[6.70742,46.85592],[6.70628,46.85702],[6.70427,46.85733],[6.70384,46.85751],[6.70354,46.85778],[6.70346,46.85795],[6.7034,46.85808],[6.7034,46.85809],[6.70306,46.85899],[6.70297,46.85921],[6.70253,46.85968],[6.70228,46.85983],[6.70194,46.86],[6.7019,46.86001],[6.70111,46.86038],[6.7011,46.86038],[6.70081,46.86052],[6.7006,46.86064],[6.70043,46.8608],[6.70031,46.86097],[6.70016,46.86127],[6.70016,46.86128],[6.69954,46.86254],[6.69916,46.86336],[6.69856,46.86465],[6.69832,46.86517],[6.69827,46.86526],[6.698,46.86573],[6.6978,46.86617],[6.69762,46.86662],[6.69761,46.86663],[6.69714,46.86777],[6.69714,46.86778],[6.6969,46.86834],[6.69685,46.86846],[6.69683,46.86848],[6.69669,46.86868],[6.69653,46.86881],[6.69612,46.86901],[6.69562,46.86909],[6.69531,46.86907],[6.69519,46.86906],[6.69499,46.86905],[6.69475,46.86905],[6.69452,46.86908],[6.69301,46.86935],[6.69276,46.86941],[6.69253,46.8695],[6.69234,46.86962],[6.69219,46.86977],[6.69133,46.87092],[6.69066,46.87118],[6.68913,46.87076],[6.68766,46.87063],[6.68709,46.87085],[6.68634,46.87118],[6.68604,46.87128],[6.68552,46.87134],[6.68356,46.87094],[6.68311,46.86993]]]},"properties":{"bfs_nr":5555,"name":"Corcelles-pr\u00e8s-Concise"}},{"type":"Feature","geometry":{"type":"MultiPolygon","coordinates":[[[[6.61013,46.82434],[6.61056,46.8242],[6.61095,46.82397],[6.61227,46.82284],[6.61563,46.82148],[6.61767,46.82116],[6.61797,46.82122],[6.61818,46.82128],[6.61832,46.82132],[6.61845,46.82135],[6.61874,46.82138],[6.61902,46.82137],[6.62036,46.82101],[6.62089,46.82105],[6.6215,46.82124],[6.62165,46.82128],[6.62201,46.82132],[6.62232,46.82131],[6.62256,46.82127],[6.62302,46.82116],[6.62353,46.82115],[6.6246,46.82158],[6.62719,46.82191],[6.63063,46.82174],[6.63286,46.82339],[6.63618,46.82436],[6.63944,46.82476],[6.63989,46.82497],[6.64106,46.8259],[6.64147,46.82652],[6.64213,46.82719],[6.64205,46.82775],[6.64134,46.8283],[6.6411,46.82862],[6.64081,46.82927],[6.64052,46.82953],[6.63997,46.82979],[6.63951,46.83019],[6.6379,46.83442],[6.63736,46.83477],[6.63612,46.83506],[6.6356,46.83504],[6.63425,46.83467],[6.63347,46.83477],[6.63293,46.83479],[6.63233,46.83475],[6.63204,46.83468],[6.6315,46.83449],[6.63125,46.83438],[6.63103,46.83425],[6.63035,46.83376],[6.63003,46.83311],[6.62914,46.83254],[6.62342,46.83148],[6.62317,46.83142],[6.6229,46.83135],[6.62193,46.83117],[6.62166,46.8311],[6.62144,46.83104],[6.6214,46.83103],[6.62106,46.83096],[6.61514,46.82933],[6.61485,46.82923],[6.61465,46.82911],[6.61353,46.82797],[6.61051,46.82707],[6.60898,46.82536],[6.60937,46.82459],[6.61013,46.82434]]],[[[6.5291,46.85788],[6.53567,46.8544],[6.53572,46.85438],[6.53685,46.85372],[6.53804,46.85303],[6.53829,46.85291],[6.53852,46.85285],[6.53901,46.8528],[6.53925,46.85283],[6.54041,46.85336],[6.54201,46.85351],[6.54469,46.85421],[6.5451,46.85441],[6.5457,46.85481],[6.54635,46.85532],[6.54636,46.85533],[6.5469,46.85574],[6.54709,46.85586],[6.5473,46.85595],[6.54754,46.85601],[6.54778,46.85604],[6.54803,46.85603],[6.54851,46.85593],[6.54935,46.85559],[6.5501,46.85564],[6.55033,46.85572],[6.55058,46.85585],[6.55117,46.85624],[6.55215,46.85696],[6.55255,46.85728],[6.55391,46.85814],[6.55601,46.85904],[6.55682,46.85934],[6.55694,46.85938],[6.55752,46.85955],[6.55785,46.85961],[6.55813,46.85964],[6.55846,46.85969],[6.55869,46.85975],[6.55937,46.86006],[6.55975,46.86043],[6.56095,46.86094],[6.56106,46.86229],[6.56121,46.86266],[6.56169,46.86303],[6.5633,46.86389],[6.56439,46.86428],[6.57037,46.86695],[6.57374,46.86858],[6.5771,46.87045],[6.57664,46.87196],[6.57614,46.87211],[6.57524,46.87214],[6.57387,46.8724],[6.57272,46.8727],[6.57175,46.87291],[6.5717,46.87292],[6.57106,46.87308],[6.57093,46.87312],[6.57026,46.87335],[6.56986,46.8735],[6.56889,46.87364],[6.56844,46.87378],[6.56715,46.87436],[6.56666,46.87442],[6.56617,46.87435],[6.5657,46.87416],[6.56519,46.87406],[6.56467,46.87411],[6.56422,46.87429],[6.56298,46.87513],[6.55617,46.87318],[6.55318,46.87322],[6.55013,46.87212],[6.54554,46.86877],[6.53959,46.86699],[6.53759,46.86668],[6.53401,46.86376],[6.53103,46.86075],[6.5286,46.85887],[6.5291,46.85788]]]]},"properties":{"bfs_nr":5556,"name":"Fiez"}},{"type":"Feature","geometry":{"type":"Polygon","coordinates":[[[6.5638,46.87466],[6.56485,46.8741],[6.56558,46.87415],[6.5663,46.87441],[6.56657,46.87444],[6.56684,46.87443],[6.5671,46.87438],[6.56735,46.87429],[6.56889,46.87365],[6.5699,46.8735],[6.57032,46.87333],[6.57089,46.87314],[6.57109,46.87308],[6.57169,46.87293],[6.57177,46.87291],[6.57274,46.87269],[6.5739,46.87239],[6.57631,46.87211],[6.57953,46.87094],[6.57974,46.87076],[6.58174,46.86901],[6.58187,46.86887],[6.58213,46.86854],[6.58214,46.86852],[6.58299,46.86745],[6.58306,46.86737],[6.58313,46.86729],[6.58325,46.86714],[6.58313,46.86632],[6.58178,46.86507],[6.58186,46.86441],[6.58248,46.86379],[6.58309,46.86275],[6.58361,46.86245],[6.58439,46.86192],[6.58671,46.86009],[6.59018,46.85947],[6.59061,46.85922],[6.59076,46.85905],[6.59361,46.8549],[6.59371,46.85478],[6.59381,46.8546],[6.59395,46.85406],[6.594,46.85382],[6.59407,46.85353],[6.5941,46.85342],[6.5942,46.85322],[6.59433,46.85308],[6.59468,46.85285],[6.59594,46.85246],[6.59677,46.85226],[6.59688,46.85222],[6.59737,46.85207],[6.59766,46.85194],[6.59795,46.85177],[6.59814,46.85163],[6.59844,46.85128],[6.60061,46.8497],[6.60106,46.84942],[6.60148,46.84914],[6.6016,46.84904],[6.60186,46.84881],[6.60194,46.84874],[6.60223,46.84842],[6.60236,46.84823],[6.60241,46.84812],[6.60247,46.84792],[6.60261,46.84688],[6.6036,46.84596],[6.60499,46.84454],[6.60502,46.8445],[6.60534,46.8442],[6.60536,46.84419],[6.60612,46.84348],[6.60632,46.84333],[6.60683,46.84298],[6.6069,46.84293],[6.60752,46.84245],[6.60774,46.84231],[6.60817,46.84216],[6.60865,46.84212],[6.60889,46.84215],[6.60917,46.84222],[6.60923,46.84224],[6.60934,46.84228],[6.60957,46.84233],[6.61082,46.84251],[6.61159,46.84284],[6.61181,46.8429],[6.61204,46.84293],[6.61227,46.84293],[6.61282,46.8429],[6.61306,46.84287],[6.61329,46.84281],[6.61349,46.84272],[6.61368,46.84261],[6.61393,46.84243],[6.61394,46.84241],[6.6143,46.84214],[6.6144,46.84205],[6.61443,46.84202],[6.6145,46.84195],[6.61552,46.84076],[6.61559,46.8404],[6.61501,46.83966],[6.6148,46.83916],[6.61491,46.83882],[6.61565,46.83807],[6.61589,46.83775],[6.61601,46.83742],[6.616,46.83725],[6.61553,46.83667],[6.61391,46.83607],[6.61156,46.83588],[6.61029,46.83603],[6.6098,46.83597],[6.60953,46.83587],[6.60893,46.83562],[6.6087,46.83555],[6.60646,46.83514],[6.60531,46.83425],[6.60435,46.83394],[6.60482,46.82901],[6.60397,46.828],[6.60463,46.8252],[6.60636,46.82461],[6.60867,46.82526],[6.61062,46.82733],[6.61364,46.82808],[6.61406,46.82877],[6.61476,46.82923],[6.62111,46.83098],[6.62189,46.83116],[6.62266,46.8313],[6.62317,46.83144],[6.62884,46.83248],[6.6301,46.83362],[6.63109,46.83429],[6.63137,46.83445],[6.63175,46.83462],[6.63197,46.83469],[6.63246,46.83477],[6.63272,46.83479],[6.63326,46.83479],[6.63431,46.83471],[6.63539,46.83505],[6.63614,46.8351],[6.63736,46.83496],[6.63865,46.83615],[6.63731,46.83834],[6.63464,46.83904],[6.63382,46.8398],[6.63147,46.83959],[6.63015,46.83868],[6.62909,46.83847],[6.6282,46.83836],[6.62765,46.83837],[6.6261,46.83879],[6.62605,46.8388],[6.62563,46.83892],[6.62553,46.83895],[6.62537,46.83901],[6.6253,46.83904],[6.62479,46.83926],[6.6231,46.84014],[6.6199,46.84054],[6.61752,46.84504],[6.61737,46.84585],[6.61673,46.84713],[6.61677,46.84747],[6.61773,46.84863],[6.61761,46.84956],[6.61668,46.85055],[6.61572,46.85067],[6.61419,46.85028],[6.61247,46.84965],[6.61225,46.84959],[6.6119,46.84951],[6.61183,46.8495],[6.61157,46.84945],[6.61129,46.84943],[6.61085,46.84942],[6.60945,46.84944],[6.60882,46.8497],[6.60823,46.8506],[6.60799,46.85076],[6.60728,46.85117],[6.60679,46.85137],[6.6061,46.85158],[6.60541,46.85192],[6.60455,46.85305],[6.60448,46.85338],[6.60464,46.85553],[6.60467,46.85569],[6.60485,46.85607],[6.60485,46.85642],[6.60442,46.85703],[6.60431,46.85743],[6.60422,46.85761],[6.60406,46.85782],[6.60379,46.8581],[6.60363,46.85825],[6.60347,46.85835],[6.6026,46.85862],[6.60158,46.85866],[6.59985,46.85814],[6.5988,46.85818],[6.59839,46.85842],[6.59631,46.86017],[6.59604,46.8609],[6.59642,46.86222],[6.5969,46.86282],[6.59765,46.86321],[6.5979,46.86384],[6.59779,46.86417],[6.5978,46.86452],[6.59801,46.86485],[6.59818,46.86499],[6.59839,46.8651],[6.60045,46.86615],[6.60064,46.86624],[6.60108,46.86634],[6.60201,46.86644],[6.60254,46.86658],[6.60292,46.86678],[6.60397,46.86717],[6.60442,46.86762],[6.60465,46.86896],[6.60452,46.86927],[6.60406,46.86974],[6.60364,46.87023],[6.60329,46.8707],[6.60305,46.87095],[6.60293,46.87105],[6.60291,46.87107],[6.60199,46.87181],[6.60184,46.87194],[6.6016,46.87234],[6.60131,46.87258],[6.60108,46.8727],[6.60002,46.87313],[6.6,46.87314],[6.5992,46.87345],[6.59891,46.87355],[6.59782,46.87382],[6.59781,46.87383],[6.59692,46.87406],[6.59677,46.87411],[6.59606,46.87437],[6.59469,46.87489],[6.59451,46.87496],[6.59421,46.87512],[6.59403,46.87522],[6.59375,46.87536],[6.59363,46.87541],[6.59346,46.87547],[6.59235,46.87582],[6.59171,46.876],[6.59057,46.87638],[6.58851,46.87971],[6.58812,46.88069],[6.58832,46.88175],[6.58743,46.88325],[6.58564,46.88371],[6.57485,46.88049],[6.57045,46.87885],[6.56403,46.87595],[6.5638,46.87466]]]},"properties":{"bfs_nr":5557,"name":"Fontaines-sur-Grandson"}},{"type":"Feature","geometry":{"type":"Polygon","coordinates":[[[6.59387,46.81759],[6.5965,46.81516],[6.59549,46.81394],[6.59556,46.81356],[6.59607,46.81249],[6.59612,46.81232],[6.59654,46.81013],[6.59643,46.80937],[6.5962,46.80903],[6.59522,46.80839],[6.59525,46.80754],[6.59727,46.80548],[6.59809,46.80496],[6.59863,46.80493],[6.59896,46.80497],[6.60176,46.8056],[6.60466,46.80624],[6.60467,46.80624],[6.60646,46.80663],[6.60673,46.80667],[6.607,46.80667],[6.60727,46.80663],[6.60752,46.80655],[6.60774,46.80644],[6.60792,46.8063],[6.60806,46.80614],[6.60814,46.80596],[6.60857,46.80457],[6.60912,46.80397],[6.61037,46.80388],[6.61388,46.80477],[6.61412,46.80482],[6.61437,46.80483],[6.61486,46.80475],[6.61507,46.80467],[6.61527,46.80456],[6.61542,46.80443],[6.61562,46.80411],[6.61621,46.80249],[6.61656,46.80225],[6.61678,46.80217],[6.61726,46.8021],[6.61751,46.80211],[6.6181,46.80223],[6.61839,46.80233],[6.61897,46.80288],[6.61958,46.80505],[6.61981,46.80537],[6.62,46.8055],[6.62021,46.80561],[6.62085,46.80585],[6.62086,46.80585],[6.6216,46.80613],[6.62162,46.80614],[6.62314,46.80672],[6.62341,46.80685],[6.62373,46.80713],[6.62398,46.80753],[6.62545,46.80846],[6.6255,46.80863],[6.62549,46.80903],[6.62556,46.80937],[6.62555,46.80956],[6.62493,46.81326],[6.62487,46.81345],[6.6242,46.81518],[6.62416,46.81537],[6.62418,46.81557],[6.62426,46.81575],[6.62439,46.81592],[6.62457,46.81607],[6.62579,46.81687],[6.6275,46.81855],[6.62809,46.81902],[6.62809,46.81988],[6.62475,46.821],[6.62356,46.82108],[6.623,46.82114],[6.62239,46.8213],[6.62197,46.82131],[6.62158,46.82126],[6.62157,46.82126],[6.62113,46.82113],[6.62089,46.82105],[6.62063,46.82101],[6.62035,46.821],[6.62009,46.82104],[6.61874,46.82138],[6.61839,46.82133],[6.61835,46.82132],[6.61814,46.82127],[6.61792,46.82121],[6.61768,46.82116],[6.61682,46.82116],[6.6154,46.82153],[6.61222,46.82286],[6.61157,46.82324],[6.61097,46.82395],[6.61049,46.82423],[6.60926,46.82445],[6.60838,46.82493],[6.60633,46.8246],[6.60419,46.82464],[6.60315,46.82494],[6.60175,46.82499],[6.60141,46.82502],[6.60133,46.82502],[6.60122,46.82503],[6.60094,46.82509],[6.60084,46.82511],[6.60069,46.82516],[6.60057,46.8252],[6.60043,46.82525],[6.60033,46.82527],[6.60024,46.82531],[6.59998,46.82538],[6.59985,46.82542],[6.59974,46.82545],[6.59964,46.82548],[6.59931,46.8256],[6.59909,46.82566],[6.59889,46.82571],[6.59858,46.82574],[6.59829,46.82573],[6.59802,46.82568],[6.59634,46.8253],[6.59519,46.82475],[6.59497,46.82166],[6.59471,46.82136],[6.59452,46.82124],[6.59429,46.82115],[6.59276,46.82066],[6.59249,46.82055],[6.59215,46.82029],[6.59197,46.81997],[6.5921,46.81941],[6.59274,46.81844],[6.59387,46.81759]]]},"properties":{"bfs_nr":5559,"name":"Giez"}},{"type":"Feature","geometry":{"type":"Polygon","coordinates":[[[6.5776,46.85864],[6.57852,46.85775],[6.57916,46.85653],[6.58013,46.85635],[6.58067,46.85649],[6.58148,46.85678],[6.58171,46.85685],[6.58195,46.85689],[6.5822,46.8569],[6.58245,46.85687],[6.58268,46.85681],[6.5829,46.85673],[6.58308,46.85661],[6.58324,46.85648],[6.58437,46.8553],[6.58647,46.85469],[6.58784,46.85361],[6.58813,46.85295],[6.58851,46.85263],[6.58863,46.85249],[6.5887,46.85233],[6.58873,46.85216],[6.58872,46.85199],[6.58866,46.85183],[6.58841,46.85154],[6.58759,46.85091],[6.58702,46.85051],[6.5856,46.84958],[6.5854,46.84942],[6.58524,46.84924],[6.58485,46.84865],[6.58484,46.84864],[6.5847,46.84843],[6.5846,46.84822],[6.58458,46.84788],[6.58474,46.84756],[6.58561,46.84686],[6.58611,46.84642],[6.59339,46.84459],[6.5935,46.84425],[6.59346,46.84374],[6.5936,46.84332],[6.5936,46.84315],[6.59356,46.84297],[6.59346,46.8428],[6.59332,46.84266],[6.59107,46.84143],[6.59071,46.84024],[6.59606,46.83614],[6.59754,46.83398],[6.59789,46.83366],[6.59834,46.83348],[6.59879,46.83342],[6.59918,46.83342],[6.60001,46.83347],[6.60107,46.83356],[6.60193,46.83357],[6.60468,46.83411],[6.60558,46.83493],[6.60766,46.83548],[6.60844,46.83551],[6.6087,46.83555],[6.609,46.83565],[6.60958,46.8359],[6.6098,46.83597],[6.61004,46.83602],[6.61029,46.83603],[6.61053,46.83601],[6.61164,46.83589],[6.61387,46.83607],[6.61549,46.83667],[6.61598,46.8373],[6.61592,46.83766],[6.6155,46.83822],[6.61499,46.83871],[6.61479,46.83894],[6.6147,46.83928],[6.61491,46.83976],[6.61536,46.84026],[6.61534,46.84079],[6.61491,46.84142],[6.61469,46.84171],[6.61451,46.84193],[6.61442,46.84203],[6.61427,46.84216],[6.61394,46.84242],[6.61392,46.84243],[6.61372,46.84258],[6.61349,46.84272],[6.61306,46.84286],[6.61276,46.8429],[6.61234,46.84292],[6.61201,46.84292],[6.61078,46.8425],[6.60997,46.84239],[6.60948,46.84231],[6.60937,46.84228],[6.6092,46.84223],[6.60912,46.84221],[6.60889,46.84215],[6.60865,46.84212],[6.60841,46.84212],[6.60817,46.84215],[6.60794,46.84222],[6.60774,46.84231],[6.60756,46.84242],[6.60691,46.84292],[6.60682,46.84299],[6.60629,46.84335],[6.60615,46.84345],[6.60535,46.84419],[6.60534,46.8442],[6.60502,46.84451],[6.60499,46.84453],[6.60431,46.84522],[6.60362,46.84594],[6.60248,46.84698],[6.60247,46.84791],[6.60239,46.84817],[6.60239,46.84818],[6.60219,46.84846],[6.60196,46.84872],[6.60184,46.84883],[6.60163,46.84902],[6.60145,46.84916],[6.60108,46.84941],[6.60064,46.84968],[6.59844,46.85128],[6.59814,46.85163],[6.59789,46.85181],[6.59773,46.8519],[6.59729,46.85209],[6.5969,46.85222],[6.59674,46.85226],[6.59595,46.85246],[6.59489,46.85276],[6.59467,46.85284],[6.59448,46.85295],[6.59432,46.85308],[6.5942,46.85322],[6.59412,46.85338],[6.59409,46.85346],[6.59407,46.85352],[6.594,46.85383],[6.59395,46.85405],[6.5938,46.8546],[6.59362,46.85489],[6.59079,46.85901],[6.59061,46.85921],[6.59018,46.85946],[6.5867,46.86008],[6.58313,46.86271],[6.58295,46.86286],[6.58282,46.86304],[6.58235,46.86386],[6.58147,46.86416],[6.58074,46.86404],[6.57967,46.86323],[6.57918,46.86257],[6.57912,46.86218],[6.57951,46.86149],[6.57956,46.86132],[6.57957,46.86114],[6.57952,46.86097],[6.57943,46.86081],[6.5793,46.86066],[6.57912,46.86053],[6.57774,46.85984],[6.57755,46.85967],[6.57743,46.85952],[6.57734,46.85917],[6.57745,46.85883],[6.5776,46.85864]]]},"properties":{"bfs_nr":5560,"name":"Grandevent"}},{"type":"Feature","geometry":{"type":"Polygon","coordinates":[[[6.61908,46.80249],[6.61919,46.80224],[6.61943,46.80183],[6.61949,46.8017],[6.61967,46.8014],[6.61997,46.80104],[6.62017,46.80079],[6.62024,46.80069],[6.62029,46.80059],[6.62034,46.80049],[6.62037,46.80042],[6.62039,46.80033],[6.62149,46.79561],[6.62572,46.79541],[6.62615,46.79529],[6.62696,46.79473],[6.62713,46.79463],[6.62735,46.79452],[6.62758,46.79444],[6.62791,46.79436],[6.62802,46.79435],[6.62827,46.79429],[6.62841,46.79424],[6.63023,46.79403],[6.63616,46.79575],[6.6536,46.79754],[6.65421,46.79769],[6.69175,46.81333],[6.69221,46.81463],[6.68388,46.82406],[6.68366,46.82425],[6.6831,46.82452],[6.68222,46.82507],[6.68099,46.82565],[6.67912,46.82647],[6.67726,46.82833],[6.67642,46.82856],[6.67517,46.82907],[6.67437,46.82913],[6.67428,46.82913],[6.67414,46.82915],[6.67409,46.82915],[6.67397,46.82917],[6.67387,46.82919],[6.67376,46.82921],[6.67369,46.82922],[6.67358,46.82925],[6.67347,46.82928],[6.67342,46.8293],[6.67284,46.8295],[6.67258,46.82954],[6.6718,46.82945],[6.67016,46.82866],[6.66914,46.82772],[6.66913,46.82657],[6.66904,46.82595],[6.66876,46.82563],[6.66856,46.82551],[6.66807,46.82536],[6.66686,46.82535],[6.66278,46.82467],[6.65726,46.82547],[6.65684,46.82562],[6.65641,46.82596],[6.65585,46.82663],[6.65268,46.82695],[6.6495,46.82799],[6.64916,46.82807],[6.64855,46.82817],[6.64826,46.8282],[6.64802,46.82819],[6.64773,46.82814],[6.64741,46.82807],[6.64734,46.82805],[6.64705,46.82798],[6.64693,46.82795],[6.64667,46.82788],[6.64384,46.827],[6.64194,46.82673],[6.64152,46.82651],[6.64107,46.8259],[6.6399,46.82497],[6.63944,46.82476],[6.63818,46.82453],[6.63613,46.82433],[6.63281,46.82336],[6.63065,46.82164],[6.63059,46.81981],[6.62989,46.8193],[6.62871,46.81912],[6.62744,46.81849],[6.62592,46.81695],[6.62462,46.8161],[6.62439,46.81592],[6.62419,46.81556],[6.62422,46.81514],[6.62489,46.81342],[6.62492,46.81329],[6.62559,46.80936],[6.62563,46.80908],[6.62594,46.80845],[6.62579,46.80795],[6.62387,46.80699],[6.62161,46.80613],[6.62086,46.80585],[6.62085,46.80585],[6.62027,46.80563],[6.62,46.8055],[6.61959,46.80504],[6.61908,46.80249]]]},"properties":{"bfs_nr":5561,"name":"Grandson"}},{"type":"Feature","geometry":{"type":"Polygon","coordinates":[[[6.58747,46.8832],[6.58892,46.88161],[6.58832,46.88031],[6.58925,46.87872],[6.59017,46.87796],[6.59092,46.87629],[6.59349,46.87546],[6.5936,46.87542],[6.5938,46.87534],[6.59399,46.87525],[6.59447,46.87499],[6.59474,46.87487],[6.59673,46.87412],[6.59696,46.87405],[6.59781,46.87383],[6.59783,46.87382],[6.59896,46.87353],[6.59915,46.87347],[6.60001,46.87313],[6.60003,46.87312],[6.60113,46.87268],[6.60131,46.87258],[6.60147,46.87247],[6.6016,46.87234],[6.60185,46.87195],[6.60203,46.87177],[6.60292,46.87106],[6.60294,46.87104],[6.6031,46.87091],[6.60326,46.87074],[6.60365,46.87022],[6.60404,46.86976],[6.60441,46.86941],[6.60453,46.86927],[6.60461,46.86912],[6.60465,46.86896],[6.60443,46.86762],[6.60417,46.86729],[6.60398,46.86716],[6.60339,46.86691],[6.60292,46.86662],[6.60241,46.86649],[6.60065,46.86623],[6.60041,46.86612],[6.59937,46.86554],[6.59848,46.86514],[6.59822,46.865],[6.59804,46.86486],[6.59791,46.8647],[6.59781,46.86434],[6.59796,46.86371],[6.59783,46.86338],[6.59754,46.8631],[6.59703,46.86284],[6.59669,46.86173],[6.59612,46.86075],[6.59644,46.86006],[6.59835,46.85845],[6.59881,46.85819],[6.60139,46.85864],[6.60185,46.85869],[6.60261,46.85864],[6.60347,46.85836],[6.60363,46.85825],[6.60376,46.85813],[6.60409,46.85778],[6.6042,46.85764],[6.60485,46.85665],[6.6049,46.85614],[6.60468,46.85569],[6.60464,46.85549],[6.60452,46.85384],[6.60453,46.85361],[6.60471,46.85328],[6.60505,46.85283],[6.60512,46.85234],[6.60548,46.85189],[6.6072,46.85121],[6.60826,46.85061],[6.60852,46.85042],[6.60913,46.84972],[6.60958,46.84956],[6.61094,46.84942],[6.61121,46.84943],[6.61164,46.84947],[6.61253,46.84967],[6.61423,46.85029],[6.61618,46.85082],[6.62028,46.85163],[6.62104,46.85265],[6.62095,46.85454],[6.62647,46.85629],[6.62743,46.85677],[6.62776,46.857],[6.6279,46.85715],[6.62803,46.85748],[6.62798,46.85836],[6.62762,46.85929],[6.62748,46.85951],[6.62732,46.85966],[6.62689,46.85987],[6.62636,46.85995],[6.62541,46.85978],[6.62515,46.85976],[6.62488,46.85977],[6.62463,46.85983],[6.6244,46.85991],[6.62419,46.86003],[6.62375,46.86042],[6.62275,46.86157],[6.62255,46.86195],[6.62166,46.86448],[6.62162,46.86465],[6.62164,46.86482],[6.6217,46.86499],[6.62181,46.86514],[6.62196,46.86528],[6.62215,46.8654],[6.62236,46.86549],[6.62351,46.86588],[6.62479,46.86625],[6.62642,46.8667],[6.6268,46.86718],[6.6268,46.86755],[6.62545,46.86973],[6.62506,46.86994],[6.62459,46.87004],[6.62387,46.86995],[6.62231,46.86926],[6.6216,46.86899],[6.61925,46.86834],[6.61786,46.86768],[6.61694,46.86734],[6.61639,46.86731],[6.61534,46.8677],[6.61481,46.86778],[6.6131,46.86758],[6.61286,46.86759],[6.61263,46.86763],[6.61241,46.86771],[6.61205,46.86793],[6.61092,46.86948],[6.61076,46.86999],[6.61122,46.8706],[6.61297,46.8722],[6.61143,46.87479],[6.61081,46.87797],[6.61064,46.87817],[6.60964,46.87908],[6.60933,46.87931],[6.60689,46.88071],[6.60688,46.88072],[6.6055,46.88149],[6.60533,46.88161],[6.60519,46.88175],[6.60486,46.88231],[6.6046,46.88312],[6.60481,46.88463],[6.60361,46.88537],[6.59887,46.88372],[6.59673,46.88359],[6.59308,46.88436],[6.58879,46.88432],[6.58747,46.8832]]]},"properties":{"bfs_nr":5562,"name":"Mauborget"}},{"type":"Feature","geometry":{"type":"Polygon","coordinates":[[[6.68716,46.88469],[6.68694,46.88455],[6.68678,46.88439],[6.68662,46.88404],[6.68662,46.88385],[6.68669,46.88367],[6.68683,46.88346],[6.68829,46.88183],[6.68998,46.88059],[6.69096,46.88053],[6.69125,46.88061],[6.69177,46.88079],[6.69187,46.88083],[6.69309,46.88118],[6.69503,46.88164],[6.69588,46.88186],[6.69611,46.88194],[6.69651,46.8821],[6.69662,46.88214],[6.69678,46.88221],[6.69686,46.88224],[6.69703,46.88231],[6.6973,46.88239],[6.69764,46.88245],[6.69844,46.88265],[6.69847,46.88266],[6.6989,46.88275],[6.69905,46.88278],[6.70023,46.88295],[6.7005,46.88297],[6.70077,46.88295],[6.70104,46.8829],[6.70145,46.88277],[6.70246,46.88229],[6.70341,46.88219],[6.70697,46.88263],[6.70719,46.88264],[6.70742,46.88263],[6.70764,46.88259],[6.70784,46.88253],[6.71098,46.88132],[6.71108,46.88127],[6.71407,46.87986],[6.71423,46.87977],[6.71437,46.87966],[6.71983,46.87473],[6.7222,46.87348],[6.72298,46.87328],[6.72356,46.87335],[6.72536,46.87382],[6.72574,46.87395],[6.72908,46.87543],[6.73019,46.87579],[6.73144,46.87728],[6.73608,46.87942],[6.7395,46.8799],[6.74058,46.88335],[6.74026,46.88406],[6.73766,46.8845],[6.73713,46.8847],[6.73653,46.88485],[6.73644,46.88487],[6.73617,46.88495],[6.73589,46.88504],[6.73566,46.88518],[6.73525,46.88547],[6.73346,46.8863],[6.73211,46.88646],[6.73001,46.88611],[6.72952,46.88613],[6.72818,46.88649],[6.72804,46.88654],[6.72772,46.88666],[6.72755,46.88673],[6.72732,46.88682],[6.72698,46.88695],[6.7267,46.88703],[6.72653,46.88707],[6.72601,46.88714],[6.72556,46.88717],[6.72376,46.88747],[6.72246,46.88751],[6.72084,46.88806],[6.71744,46.88802],[6.71597,46.88838],[6.71396,46.88792],[6.7127,46.88784],[6.71237,46.88778],[6.71213,46.88769],[6.71134,46.88723],[6.7093,46.88654],[6.70785,46.8866],[6.70694,46.88685],[6.70589,46.88724],[6.70545,46.8873],[6.70499,46.88729],[6.70361,46.88707],[6.70098,46.88643],[6.70029,46.88644],[6.69973,46.88638],[6.69934,46.88637],[6.69885,46.8863],[6.69703,46.88591],[6.69671,46.88581],[6.69642,46.88567],[6.69641,46.88566],[6.6963,46.88559],[6.69618,46.88551],[6.69604,46.8854],[6.69586,46.88529],[6.69564,46.8852],[6.69517,46.88504],[6.69495,46.88498],[6.69435,46.88487],[6.69432,46.88487],[6.69388,46.88478],[6.69366,46.88472],[6.69301,46.88453],[6.69298,46.88452],[6.69225,46.8843],[6.69205,46.88425],[6.69161,46.88417],[6.69106,46.88415],[6.68977,46.88434],[6.68931,46.88449],[6.68888,46.88471],[6.6886,46.88483],[6.68811,46.88492],[6.6876,46.88487],[6.68737,46.88479],[6.68716,46.88469]]]},"properties":{"bfs_nr":5563,"name":"Mutrux"}},{"type":"Feature","geometry":{"type":"Polygon","coordinates":[[[6.58517,46.8301],[6.58603,46.82821],[6.58838,46.82735],[6.58948,46.8256],[6.59347,46.82485],[6.59834,46.82574],[6.5986,46.82575],[6.59885,46.82572],[6.59899,46.82569],[6.59912,46.82565],[6.59927,46.82561],[6.59962,46.82549],[6.59976,46.82544],[6.60002,46.82537],[6.60019,46.82532],[6.60036,46.82527],[6.60044,46.82524],[6.60053,46.82521],[6.60087,46.82511],[6.6013,46.82503],[6.60142,46.82501],[6.60167,46.825],[6.60193,46.82499],[6.60242,46.82501],[6.60298,46.82497],[6.60356,46.82502],[6.60442,46.8259],[6.60365,46.82781],[6.60458,46.82968],[6.60448,46.83173],[6.60354,46.83341],[6.59885,46.83341],[6.59876,46.83342],[6.5986,46.83343],[6.59834,46.83347],[6.59789,46.83365],[6.59757,46.83394],[6.59602,46.83616],[6.59039,46.84038],[6.58919,46.84046],[6.57966,46.83606],[6.57923,46.83542],[6.57932,46.83507],[6.57947,46.83487],[6.58292,46.83117],[6.58311,46.831],[6.58353,46.8308],[6.58432,46.83068],[6.58517,46.8301]]]},"properties":{"bfs_nr":5564,"name":"Novalles"}},{"type":"Feature","geometry":{"type":"Polygon","coordinates":[[[6.67194,46.86436],[6.67193,46.86417],[6.67198,46.86395],[6.67229,46.8635],[6.67265,46.86276],[6.67338,46.86207],[6.67352,46.86161],[6.67352,46.8616],[6.67377,46.86079],[6.6738,46.86071],[6.67504,46.8575],[6.67505,46.85748],[6.67525,46.8569],[6.67529,46.85669],[6.67529,46.8563],[6.67527,46.85618],[6.67522,46.85593],[6.67522,46.85591],[6.67521,46.85586],[6.67521,46.85555],[6.67527,46.85531],[6.67596,46.85437],[6.6763,46.85382],[6.67637,46.8537],[6.67656,46.85344],[6.67823,46.85181],[6.68048,46.84945],[6.6807,46.84893],[6.68026,46.84827],[6.67875,46.84736],[6.67839,46.84707],[6.67805,46.84671],[6.67667,46.8453],[6.67652,46.8451],[6.67642,46.84475],[6.67653,46.84441],[6.67893,46.84182],[6.67937,46.84093],[6.68241,46.83801],[6.68262,46.8377],[6.68266,46.83754],[6.68266,46.83737],[6.68261,46.8372],[6.68251,46.83705],[6.68237,46.83687],[6.68222,46.8367],[6.68192,46.83639],[6.6819,46.83636],[6.68158,46.83606],[6.68151,46.836],[6.68135,46.83582],[6.68134,46.83502],[6.68497,46.83141],[6.68693,46.83063],[6.68842,46.82918],[6.68847,46.82913],[6.69885,46.81739],[6.70073,46.81708],[6.70954,46.82074],[6.71013,46.82187],[6.70316,46.83546],[6.70296,46.83574],[6.7024,46.83635],[6.70174,46.83706],[6.70171,46.8371],[6.7013,46.83759],[6.70104,46.83791],[6.69659,46.84352],[6.69648,46.84417],[6.69768,46.84531],[6.6977,46.84549],[6.69761,46.84583],[6.69745,46.84603],[6.69429,46.84916],[6.69356,46.85005],[6.69345,46.85073],[6.69334,46.85097],[6.69302,46.85147],[6.69301,46.85149],[6.6926,46.85211],[6.69256,46.85218],[6.69227,46.85256],[6.69222,46.85263],[6.69186,46.85321],[6.69098,46.85445],[6.6892,46.85615],[6.68726,46.85838],[6.68694,46.85874],[6.68691,46.85878],[6.68663,46.85914],[6.68652,46.85933],[6.68643,46.85958],[6.68641,46.85963],[6.68633,46.85992],[6.68624,46.8602],[6.68605,46.86054],[6.68568,46.86104],[6.68562,46.86139],[6.68608,46.86201],[6.68969,46.86332],[6.68989,46.86344],[6.69005,46.86359],[6.69016,46.86375],[6.69022,46.86393],[6.69023,46.86411],[6.68975,46.86488],[6.68959,46.86528],[6.68954,46.86572],[6.68941,46.86597],[6.68906,46.86645],[6.689,46.86652],[6.68862,46.86697],[6.68854,46.86709],[6.68831,46.86749],[6.68824,46.86763],[6.68809,46.86811],[6.68799,46.86833],[6.68768,46.86862],[6.68696,46.86885],[6.68412,46.86895],[6.68228,46.86981],[6.68031,46.86975],[6.6788,46.86961],[6.67712,46.86957],[6.67656,46.86949],[6.67615,46.86928],[6.67588,46.86898],[6.6758,46.86864],[6.67597,46.86805],[6.67624,46.86707],[6.67627,46.8669],[6.67624,46.86673],[6.67617,46.86657],[6.67606,46.86642],[6.67591,46.86629],[6.67572,46.86617],[6.67527,46.86603],[6.67227,46.86534],[6.67201,46.86503],[6.67195,46.86481],[6.67194,46.86466],[6.67195,46.86449],[6.67194,46.86436]]]},"properties":{"bfs_nr":5565,"name":"Onnens (VD)"}},{"type":"Feature","geometry":{"type":"Polygon","coordinates":[[[6.63281,46.88855],[6.63286,46.88836],[6.63296,46.88817],[6.63335,46.88765],[6.63375,46.88716],[6.6338,46.8871],[6.63472,46.88614],[6.63503,46.8858],[6.63506,46.88576],[6.63518,46.88561],[6.63524,46.88554],[6.63538,46.8854],[6.63547,46.88531],[6.63564,46.88518],[6.63795,46.8836],[6.64096,46.88098],[6.6439,46.87899],[6.64526,46.87761],[6.64727,46.87656],[6.65514,46.87322],[6.65669,46.87297],[6.65803,46.87247],[6.65867,46.87238],[6.65902,46.8724],[6.66258,46.87289],[6.66408,46.87304],[6.66601,46.8737],[6.66689,46.87409],[6.66722,46.87431],[6.66744,46.87451],[6.66752,46.87458],[6.66767,46.87468],[6.66784,46.87476],[6.6683,46.87492],[6.66875,46.87518],[6.66917,46.87532],[6.67266,46.87664],[6.67319,46.87673],[6.67466,46.8767],[6.67701,46.87703],[6.67871,46.87664],[6.67928,46.87671],[6.67982,46.87686],[6.67988,46.87687],[6.68107,46.87722],[6.68122,46.87727],[6.68198,46.87755],[6.68199,46.87755],[6.68248,46.87772],[6.68251,46.87774],[6.68386,46.87824],[6.68395,46.87827],[6.6855,46.87875],[6.68617,46.87898],[6.68799,46.8796],[6.68882,46.87986],[6.6894,46.88057],[6.68923,46.88106],[6.68826,46.88185],[6.68797,46.88215],[6.68679,46.8835],[6.68669,46.88365],[6.68662,46.88382],[6.68661,46.88399],[6.68664,46.88416],[6.68672,46.88433],[6.68684,46.88448],[6.68701,46.88461],[6.68715,46.88469],[6.68735,46.8848],[6.68759,46.88487],[6.68784,46.88492],[6.6881,46.88492],[6.68835,46.8849],[6.6886,46.88484],[6.68882,46.88474],[6.68926,46.88452],[6.68977,46.88434],[6.69106,46.88416],[6.69167,46.88418],[6.692,46.88424],[6.6923,46.88432],[6.693,46.88453],[6.69302,46.88454],[6.6937,46.88473],[6.69384,46.88477],[6.69433,46.88487],[6.69436,46.88487],[6.69489,46.88497],[6.69523,46.88506],[6.69586,46.88529],[6.69609,46.88544],[6.6962,46.88552],[6.69628,46.88557],[6.69641,46.88566],[6.69642,46.88567],[6.69647,46.8857],[6.6967,46.88582],[6.69696,46.8859],[6.69893,46.88632],[6.69926,46.88636],[6.69968,46.88638],[6.70029,46.88644],[6.70098,46.88643],[6.70356,46.88706],[6.7051,46.88732],[6.70566,46.88731],[6.70592,46.88725],[6.70634,46.88711],[6.7069,46.88687],[6.70762,46.88666],[6.70816,46.88666],[6.70928,46.8871],[6.7115,46.88736],[6.71204,46.88768],[6.71248,46.88781],[6.71259,46.88783],[6.71273,46.88785],[6.71277,46.88785],[6.71341,46.88792],[6.71397,46.88795],[6.71498,46.88832],[6.71611,46.88839],[6.72037,46.88816],[6.72644,46.88709],[6.72675,46.88702],[6.72693,46.88696],[6.72736,46.88681],[6.72777,46.88664],[6.72801,46.88655],[6.72822,46.88648],[6.72961,46.88614],[6.73202,46.88646],[6.73313,46.88645],[6.73413,46.88602],[6.73531,46.88545],[6.73557,46.88525],[6.7356,46.88523],[6.73577,46.88511],[6.73596,46.88502],[6.73623,46.88493],[6.7365,46.88486],[6.73678,46.88481],[6.73728,46.88484],[6.73825,46.8856],[6.74001,46.89425],[6.73945,46.89516],[6.72669,46.90192],[6.72131,46.90519],[6.71785,46.90589],[6.71686,46.90688],[6.71774,46.9118],[6.71754,46.91574],[6.72084,46.92577],[6.72324,46.93025],[6.7229,46.93127],[6.72111,46.93242],[6.72019,46.93515],[6.71856,46.93552],[6.68937,46.92705],[6.68395,46.92553],[6.67988,46.92401],[6.66869,46.92061],[6.65508,46.91423],[6.65381,46.9133],[6.64736,46.91073],[6.64534,46.90602],[6.63067,46.89206],[6.63041,46.89133],[6.6311,46.89023],[6.63252,46.88906],[6.63281,46.88855]]]},"properties":{"bfs_nr":5566,"name":"Provence"}},{"type":"Feature","geometry":{"type":"Polygon","coordinates":[[[6.43647,46.80373],[6.43731,46.80481],[6.43949,46.80622],[6.44248,46.80824],[6.44306,46.8089],[6.44324,46.80904],[6.44346,46.80915],[6.44371,46.80922],[6.44398,46.80926],[6.44425,46.80926],[6.44451,46.80922],[6.44498,46.80904],[6.44772,46.80739],[6.44981,46.80501],[6.45822,46.79722],[6.46295,46.79235],[6.46317,46.79217],[6.46364,46.79198],[6.46398,46.79192],[6.46565,46.79178],[6.46639,46.79155],[6.46705,46.79092],[6.46727,46.79075],[6.46771,46.79056],[6.46822,46.7905],[6.46855,46.79053],[6.47109,46.79096],[6.4711,46.79096],[6.47223,46.79116],[6.47264,46.79127],[6.47571,46.79235],[6.47573,46.79235],[6.48294,46.79494],[6.48295,46.79495],[6.48779,46.79662],[6.48808,46.79675],[6.48842,46.797],[6.49017,46.79837],[6.49031,46.79847],[6.49047,46.79855],[6.49347,46.79981],[6.49366,46.79988],[6.4981,46.80111],[6.50091,46.80223],[6.50121,46.80231],[6.51367,46.80477],[6.52252,46.80714],[6.52268,46.80718],[6.52411,46.80741],[6.52415,46.80742],[6.52508,46.80755],[6.52535,46.80757],[6.52562,46.80755],[6.52797,46.80721],[6.52875,46.80724],[6.52985,46.80782],[6.53009,46.80793],[6.53036,46.80801],[6.53187,46.8083],[6.53209,46.80833],[6.53231,46.80833],[6.53586,46.80835],[6.536,46.80835],[6.53612,46.80835],[6.53615,46.80835],[6.53673,46.80833],[6.53678,46.80833],[6.5373,46.8083],[6.53732,46.8083],[6.53956,46.80818],[6.5396,46.80817],[6.54065,46.80813],[6.54082,46.80813],[6.54163,46.80815],[6.54317,46.8082],[6.54465,46.8081],[6.54523,46.80805],[6.54555,46.80804],[6.54602,46.80813],[6.54647,46.80832],[6.55128,46.81113],[6.55209,46.81199],[6.5538,46.81329],[6.5541,46.81399],[6.55398,46.81432],[6.55368,46.81467],[6.55356,46.81498],[6.55356,46.81514],[6.5536,46.8153],[6.55375,46.81567],[6.55387,46.81586],[6.55511,46.81722],[6.55423,46.81817],[6.55341,46.81818],[6.55189,46.8179],[6.55018,46.81743],[6.54973,46.81726],[6.54909,46.81693],[6.54866,46.81679],[6.54419,46.81688],[6.54306,46.81733],[6.54207,46.8187],[6.54193,46.81886],[6.54176,46.81901],[6.54075,46.81973],[6.54073,46.81974],[6.53718,46.8222],[6.53516,46.82359],[6.53514,46.8236],[6.53396,46.82439],[6.53381,46.82451],[6.53369,46.82464],[6.53361,46.82479],[6.53357,46.82494],[6.53354,46.82516],[6.53353,46.82519],[6.53352,46.82536],[6.53351,46.82539],[6.53347,46.82576],[6.53346,46.82581],[6.53337,46.82628],[6.53337,46.8263],[6.53329,46.8267],[6.53322,46.82691],[6.53317,46.82702],[6.5331,46.82716],[6.53303,46.82727],[6.53299,46.82737],[6.53248,46.82879],[6.53248,46.8288],[6.53229,46.82933],[6.53226,46.82952],[6.53238,46.82991],[6.53266,46.83025],[6.53275,46.83058],[6.53272,46.83078],[6.53261,46.83118],[6.53261,46.83119],[6.53239,46.83195],[6.53231,46.83214],[6.53206,46.83241],[6.53185,46.83255],[6.53036,46.83334],[6.52815,46.83454],[6.52464,46.83643],[6.52435,46.83655],[6.5241,46.83662],[6.52327,46.8367],[6.52255,46.83716],[6.52242,46.83749],[6.52243,46.83766],[6.52255,46.83834],[6.52279,46.83973],[6.5228,46.83977],[6.52315,46.84121],[6.52339,46.8425],[6.52343,46.84265],[6.52351,46.84279],[6.5237,46.84306],[6.52371,46.84307],[6.52427,46.84388],[6.52428,46.84389],[6.52442,46.84408],[6.52453,46.84421],[6.52468,46.84433],[6.52484,46.84442],[6.52584,46.84497],[6.52604,46.84527],[6.52608,46.84547],[6.52608,46.84548],[6.52612,46.84594],[6.52612,46.84596],[6.52622,46.84703],[6.52626,46.8472],[6.52648,46.84751],[6.52706,46.84795],[6.52717,46.8481],[6.52735,46.84839],[6.52757,46.84877],[6.52781,46.84922],[6.52817,46.8495],[6.52919,46.84986],[6.52997,46.85061],[6.53015,46.85082],[6.53042,46.85107],[6.53235,46.85268],[6.53448,46.85377],[6.53482,46.8542],[6.53467,46.85485],[6.53452,46.85499],[6.5343,46.85513],[6.52827,46.85832],[6.52686,46.85844],[6.52329,46.85659],[6.51443,46.8548],[6.50437,46.85236],[6.49333,46.84948],[6.48181,46.84661],[6.47083,46.84713],[6.46641,46.84815],[6.4655,46.85043],[6.46092,46.85122],[6.45955,46.85079],[6.45504,46.84592],[6.4433,46.83287],[6.4396,46.82419],[6.44069,46.81688],[6.44005,46.81554],[6.43201,46.8127],[6.43129,46.81163],[6.43407,46.80371],[6.43647,46.80373]]]},"properties":{"bfs_nr":5568,"name":"Sainte-Croix"}},{"type":"Feature","geometry":{"type":"Polygon","coordinates":[[[6.60466,46.88331],[6.60492,46.88226],[6.6052,46.88179],[6.60535,46.88162],[6.60561,46.88143],[6.60689,46.88071],[6.6069,46.88071],[6.60939,46.87928],[6.6096,46.87913],[6.61068,46.87813],[6.61082,46.87797],[6.61159,46.87453],[6.61298,46.87218],[6.6128,46.87148],[6.61129,46.87062],[6.61083,46.86989],[6.61206,46.86793],[6.61241,46.86771],[6.61286,46.86759],[6.61479,46.8678],[6.6153,46.8678],[6.61614,46.86749],[6.61715,46.86743],[6.61925,46.86835],[6.62165,46.86901],[6.62386,46.86996],[6.62459,46.87005],[6.62506,46.86995],[6.62527,46.86986],[6.62545,46.86974],[6.62559,46.8696],[6.62604,46.86902],[6.62615,46.86863],[6.62672,46.86772],[6.62681,46.86755],[6.62684,46.86736],[6.62681,46.86718],[6.62673,46.867],[6.62643,46.8667],[6.6259,46.86648],[6.62475,46.86624],[6.62354,46.86588],[6.62339,46.86583],[6.62304,46.86571],[6.62244,46.86552],[6.62218,46.86541],[6.62166,46.86486],[6.62165,46.86453],[6.62173,46.86433],[6.62253,46.86279],[6.62256,46.86195],[6.62279,46.86152],[6.62399,46.86022],[6.6242,46.86004],[6.62463,46.85983],[6.62515,46.85976],[6.62541,46.85978],[6.62609,46.85994],[6.62636,46.85996],[6.62663,46.85994],[6.62689,46.85988],[6.62712,46.85979],[6.62733,46.85966],[6.62749,46.85951],[6.6276,46.85934],[6.62779,46.85894],[6.62799,46.85832],[6.62806,46.8575],[6.62802,46.85732],[6.62793,46.85716],[6.62779,46.85701],[6.62762,46.85688],[6.62687,46.85643],[6.62663,46.85631],[6.62095,46.85454],[6.62105,46.85265],[6.62028,46.85163],[6.61721,46.85051],[6.61764,46.8495],[6.61782,46.84888],[6.61771,46.84854],[6.61674,46.84712],[6.61738,46.84585],[6.61755,46.845],[6.61991,46.84054],[6.62299,46.84023],[6.62431,46.83977],[6.62502,46.83923],[6.62522,46.83909],[6.62551,46.83896],[6.62565,46.83891],[6.62604,46.8388],[6.62611,46.83878],[6.62779,46.83837],[6.62919,46.8385],[6.63109,46.83975],[6.634,46.83986],[6.63771,46.83941],[6.63886,46.84019],[6.63981,46.84058],[6.64006,46.84087],[6.64026,46.84236],[6.6402,46.84264],[6.64007,46.84297],[6.64001,46.84316],[6.63998,46.84326],[6.63998,46.84331],[6.63996,46.84377],[6.63973,46.84429],[6.63972,46.84435],[6.63971,46.84441],[6.63969,46.84468],[6.63967,46.84513],[6.63957,46.84552],[6.63956,46.8457],[6.63959,46.84587],[6.63967,46.84604],[6.63997,46.84633],[6.64018,46.84644],[6.64041,46.84652],[6.64067,46.84656],[6.64188,46.84669],[6.64209,46.8467],[6.64421,46.8467],[6.64651,46.84707],[6.64784,46.84727],[6.64919,46.84744],[6.64961,46.84746],[6.64988,46.84745],[6.65013,46.8474],[6.65036,46.84732],[6.65057,46.84721],[6.65087,46.84692],[6.6518,46.84581],[6.6552,46.84596],[6.65592,46.8464],[6.65741,46.84806],[6.65742,46.84845],[6.65742,46.84851],[6.65744,46.84861],[6.65746,46.84869],[6.65753,46.84886],[6.65765,46.84901],[6.65809,46.84935],[6.65845,46.84992],[6.65896,46.85026],[6.66127,46.85124],[6.66113,46.85224],[6.66111,46.85323],[6.66101,46.85356],[6.66075,46.8541],[6.65995,46.85642],[6.65991,46.85658],[6.65992,46.85675],[6.65998,46.85691],[6.66042,46.85744],[6.66052,46.85793],[6.66089,46.85866],[6.66107,46.85917],[6.66122,46.85944],[6.66129,46.85967],[6.66132,46.86007],[6.66138,46.86057],[6.66138,46.86105],[6.6613,46.86175],[6.66256,46.86431],[6.66105,46.86506],[6.65753,46.86347],[6.6568,46.86333],[6.6563,46.86341],[6.65608,46.86349],[6.65589,46.86361],[6.65573,46.86374],[6.65561,46.8639],[6.65505,46.86484],[6.65496,46.86506],[6.65494,46.8652],[6.65493,46.86552],[6.65489,46.866],[6.65489,46.86616],[6.65494,46.86632],[6.65572,46.86754],[6.65396,46.87043],[6.65229,46.87093],[6.65222,46.87222],[6.65355,46.87378],[6.64732,46.87653],[6.64521,46.87763],[6.64385,46.87902],[6.64095,46.88098],[6.63561,46.8852],[6.63549,46.88529],[6.63545,46.88532],[6.63539,46.88539],[6.63523,46.88555],[6.63519,46.8856],[6.63507,46.88575],[6.63502,46.88581],[6.63473,46.88612],[6.63464,46.88621],[6.63449,46.88635],[6.63379,46.88711],[6.63376,46.88715],[6.63334,46.88766],[6.633,46.88812],[6.63298,46.88814],[6.63287,46.8883],[6.63242,46.88914],[6.63081,46.89046],[6.62881,46.89031],[6.62642,46.88872],[6.61499,46.8889],[6.60698,46.88675],[6.60496,46.88452],[6.60466,46.88331]]]},"properties":{"bfs_nr":5571,"name":"T\u00e9venon"}},{"type":"Feature","geometry":{"type":"Polygon","coordinates":[[[6.6709,46.51993],[6.67192,46.51778],[6.67235,46.51662],[6.67233,46.51623],[6.67236,46.51605],[6.67245,46.51585],[6.6728,46.5155],[6.67291,46.51534],[6.67298,46.51516],[6.67311,46.51427],[6.67393,46.51364],[6.67521,46.51371],[6.67582,46.51404],[6.67616,46.51435],[6.67722,46.51508],[6.67746,46.51521],[6.67931,46.51589],[6.68001,46.51683],[6.68269,46.5188],[6.68463,46.51965],[6.68604,46.51968],[6.68866,46.5206],[6.69022,46.52077],[6.69093,46.52123],[6.69122,46.52184],[6.69092,46.52276],[6.69192,46.52382],[6.692,46.52404],[6.69201,46.52409],[6.69209,46.52456],[6.69216,46.52476],[6.69261,46.52547],[6.69261,46.52591],[6.69266,46.52609],[6.69277,46.52627],[6.69358,46.52722],[6.69398,46.52765],[6.69661,46.52861],[6.69693,46.52882],[6.69746,46.52911],[6.6983,46.52969],[6.69831,46.5297],[6.69941,46.53048],[6.69965,46.53069],[6.7011,46.53222],[6.70138,46.53271],[6.70151,46.53321],[6.70159,46.53338],[6.70171,46.53353],[6.70188,46.53366],[6.70208,46.53377],[6.70231,46.53384],[6.70489,46.53453],[6.70605,46.53535],[6.70891,46.53618],[6.7094,46.53681],[6.7082,46.53793],[6.70661,46.53802],[6.70526,46.53898],[6.7034,46.53916],[6.70072,46.53839],[6.7,46.53794],[6.69942,46.53695],[6.69856,46.5362],[6.69816,46.53593],[6.69767,46.53569],[6.6972,46.53537],[6.69598,46.53467],[6.69515,46.53429],[6.69413,46.53421],[6.69304,46.5346],[6.69209,46.53466],[6.69157,46.5346],[6.69128,46.53453],[6.68979,46.534],[6.68881,46.53321],[6.68715,46.53244],[6.68651,46.532],[6.68547,46.53071],[6.6849,46.53034],[6.68453,46.52982],[6.68345,46.52868],[6.68155,46.527],[6.67967,46.526],[6.67741,46.52532],[6.67603,46.52517],[6.67445,46.52427],[6.67385,46.52311],[6.6732,46.5223],[6.67291,46.52204],[6.67274,46.52192],[6.67255,46.52182],[6.6717,46.5215],[6.6713,46.52121],[6.6709,46.52081],[6.6709,46.51993]]]},"properties":{"bfs_nr":5581,"name":"Belmont-sur-Lausanne"}},{"type":"Feature","geometry":{"type":"Polygon","coordinates":[[[6.57646,46.57915],[6.57634,46.57899],[6.57631,46.57896],[6.57573,46.57818],[6.57566,46.57806],[6.57563,46.57801],[6.57554,46.57779],[6.57557,46.57738],[6.57609,46.57605],[6.5778,46.57542],[6.57864,46.57578],[6.5788,46.57597],[6.57887,46.57609],[6.57894,46.57619],[6.5794,46.5767],[6.57978,46.57692],[6.58001,46.57699],[6.5802,46.57703],[6.58062,46.57722],[6.58085,46.57741],[6.58103,46.57754],[6.58149,46.57771],[6.58337,46.57675],[6.58324,46.57608],[6.58303,46.57589],[6.58284,46.57571],[6.58274,46.57555],[6.58332,46.57449],[6.58457,46.57428],[6.58527,46.57446],[6.58552,46.57449],[6.58577,46.57449],[6.58601,46.57446],[6.58624,46.57439],[6.58645,46.57429],[6.58705,46.57392],[6.59,46.57269],[6.59076,46.57244],[6.59212,46.57271],[6.59274,46.57368],[6.59463,46.57542],[6.59634,46.57658],[6.5985,46.57772],[6.59936,46.57902],[6.60298,46.58156],[6.60604,46.58125],[6.61,46.58038],[6.61114,46.58087],[6.6125,46.58102],[6.61465,46.58175],[6.61577,46.58192],[6.61633,46.58249],[6.61619,46.58359],[6.61661,46.58497],[6.61636,46.58548],[6.6154,46.58592],[6.61506,46.58616],[6.61487,46.58647],[6.61485,46.58664],[6.61486,46.58681],[6.615,46.58733],[6.61503,46.58756],[6.61501,46.58774],[6.61493,46.58791],[6.61451,46.58833],[6.6144,46.58847],[6.61435,46.58858],[6.61431,46.5887],[6.61427,46.58886],[6.61425,46.58905],[6.61385,46.59089],[6.61287,46.59113],[6.61119,46.59115],[6.60805,46.59153],[6.60742,46.59166],[6.60527,46.59164],[6.60348,46.59195],[6.60281,46.59223],[6.60242,46.5927],[6.60207,46.59294],[6.6018,46.59305],[6.60009,46.59354],[6.59986,46.59363],[6.5995,46.59389],[6.59931,46.59422],[6.5993,46.59458],[6.59925,46.59476],[6.59915,46.59494],[6.59899,46.5951],[6.59879,46.59523],[6.5985,46.59535],[6.59659,46.59596],[6.59548,46.59645],[6.59249,46.59563],[6.59149,46.59446],[6.58934,46.59325],[6.58888,46.59307],[6.58763,46.59297],[6.58481,46.59135],[6.58467,46.58951],[6.58309,46.58728],[6.58257,46.58517],[6.58162,46.58375],[6.57989,46.58307],[6.57856,46.58231],[6.57846,46.58225],[6.57789,46.58187],[6.57773,46.58174],[6.57765,46.58167],[6.57739,46.58136],[6.57728,46.58118],[6.5772,46.58105],[6.57717,46.58101],[6.57691,46.58057],[6.57678,46.58023],[6.57672,46.57988],[6.57664,46.57953],[6.5766,46.57942],[6.57656,46.57932],[6.57646,46.57915]]]},"properties":{"bfs_nr":5582,"name":"Cheseaux-sur-Lausanne"}},{"type":"Feature","geometry":{"type":"Polygon","coordinates":[[[6.57557,46.58132],[6.57523,46.58003],[6.575,46.57982],[6.5749,46.5798],[6.57485,46.57976],[6.57483,46.57975],[6.5748,46.57968],[6.57471,46.57964],[6.5746,46.57956],[6.57447,46.57949],[6.57438,46.57937],[6.57434,46.57933],[6.57431,46.57928],[6.57423,46.57919],[6.57414,46.57904],[6.57406,46.57903],[6.57401,46.57898],[6.57396,46.57897],[6.57389,46.57894],[6.57376,46.57857],[6.57298,46.57643],[6.57316,46.57604],[6.57329,46.576],[6.57353,46.57599],[6.57356,46.57581],[6.57395,46.57575],[6.57413,46.57528],[6.57498,46.57499],[6.57513,46.5744],[6.57461,46.57242],[6.5742,46.57176],[6.57405,46.57169],[6.57382,46.57147],[6.57375,46.57144],[6.57365,46.57138],[6.57356,46.57125],[6.57356,46.57114],[6.57343,46.57107],[6.5734,46.57106],[6.5734,46.57105],[6.57336,46.57098],[6.57338,46.57097],[6.57338,46.57091],[6.57335,46.57087],[6.57338,46.57078],[6.57323,46.57059],[6.57318,46.57055],[6.57316,46.57055],[6.57309,46.57051],[6.57301,46.57052],[6.57292,46.57025],[6.573,46.57019],[6.5731,46.57017],[6.57318,46.57001],[6.57318,46.56994],[6.57328,46.56985],[6.57361,46.56962],[6.57245,46.56786],[6.57182,46.56739],[6.57148,46.56728],[6.57123,46.56722],[6.57111,46.5672],[6.57102,46.56715],[6.57081,46.56713],[6.56804,46.565],[6.56857,46.56465],[6.56877,46.56437],[6.56897,46.56406],[6.56897,46.56325],[6.5683,46.56322],[6.56779,46.56319],[6.56771,46.56319],[6.56736,46.56235],[6.56711,46.56225],[6.56636,46.56237],[6.56629,46.56245],[6.56621,46.56222],[6.56603,46.56181],[6.56578,46.5613],[6.56545,46.56136],[6.56521,46.56095],[6.5651,46.56079],[6.5645,46.56008],[6.56424,46.55979],[6.56526,46.55936],[6.56484,46.55887],[6.5648,46.55837],[6.5647,46.55807],[6.56463,46.5579],[6.56524,46.55774],[6.56625,46.55746],[6.56761,46.55625],[6.56763,46.55582],[6.5672,46.55534],[6.56698,46.55529],[6.56679,46.55514],[6.5668,46.55475],[6.56691,46.55466],[6.56691,46.55452],[6.56685,46.55443],[6.56675,46.55436],[6.56672,46.55409],[6.56673,46.55387],[6.56668,46.55377],[6.56663,46.55358],[6.56655,46.55337],[6.5659,46.55082],[6.5659,46.55069],[6.56584,46.55046],[6.56577,46.55022],[6.56571,46.55018],[6.56579,46.55013],[6.56591,46.55014],[6.56603,46.55005],[6.56583,46.54994],[6.56581,46.54987],[6.5659,46.54976],[6.56605,46.54963],[6.56615,46.54951],[6.56617,46.54937],[6.56608,46.54934],[6.56601,46.5493],[6.56597,46.54913],[6.56618,46.54909],[6.56627,46.54911],[6.56637,46.54914],[6.5666,46.54918],[6.56673,46.5492],[6.56648,46.54889],[6.567,46.54802],[6.56693,46.54584],[6.56635,46.54573],[6.56403,46.54526],[6.56319,46.54504],[6.56299,46.54477],[6.5633,46.54479],[6.56346,46.54477],[6.56364,46.54475],[6.56631,46.54415],[6.56572,46.54359],[6.56613,46.54354],[6.56704,46.54335],[6.5685,46.5429],[6.56986,46.54238],[6.57076,46.54192],[6.57217,46.54116],[6.57219,46.54119],[6.57254,46.54102],[6.57279,46.54087],[6.57301,46.54072],[6.5733,46.54057],[6.57349,46.54048],[6.57363,46.54057],[6.5737,46.54057],[6.57432,46.54034],[6.57491,46.54012],[6.57557,46.53972],[6.57735,46.53854],[6.57778,46.5391],[6.57818,46.53904],[6.57816,46.53915],[6.57929,46.53921],[6.58029,46.54017],[6.58113,46.54124],[6.58163,46.54251],[6.58139,46.54301],[6.58131,46.54312],[6.58119,46.54322],[6.58117,46.54323],[6.58106,46.5433],[6.58108,46.54479],[6.5814,46.54534],[6.582,46.54538],[6.58275,46.54544],[6.58273,46.54574],[6.5828,46.54588],[6.58336,46.54562],[6.58361,46.54587],[6.58377,46.54602],[6.58377,46.54657],[6.58452,46.54628],[6.58553,46.54599],[6.58666,46.54576],[6.5871,46.54565],[6.58739,46.54556],[6.58769,46.54545],[6.58814,46.54526],[6.58834,46.54515],[6.58898,46.5455],[6.58902,46.54553],[6.58833,46.5478],[6.58833,46.54842],[6.58791,46.55036],[6.58698,46.55035],[6.5859,46.55101],[6.58632,46.55184],[6.58386,46.55188],[6.58478,46.55324],[6.58472,46.55385],[6.58522,46.55409],[6.58511,46.55438],[6.58474,46.55449],[6.58446,46.55524],[6.5846,46.55713],[6.58493,46.55835],[6.58513,46.55904],[6.58531,46.55914],[6.5854,46.55929],[6.58549,46.55965],[6.58541,46.55988],[6.58523,46.56001],[6.58517,46.56018],[6.58518,46.56086],[6.5854,46.56094],[6.58577,46.5617],[6.58597,46.56182],[6.58599,46.56183],[6.58608,46.56212],[6.58606,46.5622],[6.58598,46.56242],[6.58591,46.56256],[6.58603,46.56325],[6.58689,46.56444],[6.5875,46.56491],[6.58821,46.56533],[6.58844,46.56538],[6.5885,46.5654],[6.58849,46.56562],[6.58859,46.56569],[6.58879,46.56595],[6.58934,46.56742],[6.58944,46.56795],[6.58924,46.56815],[6.58906,46.56855],[6.58933,46.56853],[6.58964,46.56899],[6.59,46.5694],[6.59003,46.56941],[6.59018,46.56955],[6.59028,46.56966],[6.59049,46.56995],[6.59189,46.572],[6.59189,46.57203],[6.5918,46.57211],[6.59155,46.57214],[6.59006,46.57266],[6.58683,46.57402],[6.58641,46.5743],[6.5864,46.57434],[6.58629,46.57446],[6.58626,46.57456],[6.5855,46.5747],[6.58541,46.57456],[6.58537,46.57444],[6.58525,46.57436],[6.58411,46.57413],[6.5837,46.57439],[6.58086,46.57381],[6.57923,46.57498],[6.58192,46.57524],[6.58248,46.57548],[6.58278,46.57569],[6.58331,46.57611],[6.58375,46.57646],[6.5838,46.57651],[6.58119,46.57895],[6.58114,46.57797],[6.58099,46.57774],[6.58083,46.57718],[6.58057,46.57645],[6.57987,46.57689],[6.57969,46.57696],[6.57943,46.57678],[6.57891,46.57614],[6.57853,46.57557],[6.57812,46.57523],[6.57613,46.57575],[6.57546,46.5777],[6.57569,46.57812],[6.57632,46.57898],[6.57652,46.57923],[6.57663,46.57947],[6.57673,46.5799],[6.57681,46.58039],[6.57687,46.5805],[6.57718,46.58103],[6.57749,46.58153],[6.5778,46.58181],[6.57851,46.58228],[6.58015,46.58326],[6.57966,46.58375],[6.57983,46.58397],[6.57966,46.58424],[6.57948,46.58427],[6.57948,46.58428],[6.5795,46.58437],[6.57867,46.58467],[6.57661,46.58446],[6.5761,46.5837],[6.57612,46.58366],[6.57616,46.58358],[6.57617,46.58335],[6.57547,46.58239],[6.57557,46.58132]]]},"properties":{"bfs_nr":5583,"name":"Crissier"}},{"type":"Feature","geometry":{"type":"Polygon","coordinates":[[[6.64808,46.54743],[6.64736,46.54696],[6.64723,46.54664],[6.64749,46.54601],[6.64843,46.54559],[6.64862,46.54551],[6.64878,46.54541],[6.64941,46.54499],[6.64968,46.54489],[6.65154,46.54432],[6.65156,46.54431],[6.65186,46.54422],[6.65235,46.54412],[6.65248,46.5441],[6.65268,46.54405],[6.65505,46.54227],[6.65739,46.54237],[6.66213,46.54133],[6.66718,46.53973],[6.66843,46.53898],[6.67244,46.53846],[6.67337,46.53826],[6.67415,46.53833],[6.67458,46.53855],[6.67496,46.53928],[6.67504,46.53942],[6.67511,46.53951],[6.67535,46.5398],[6.67557,46.54044],[6.67583,46.54079],[6.67711,46.54165],[6.67734,46.54307],[6.67798,46.54426],[6.67822,46.54465],[6.67846,46.54485],[6.67986,46.54553],[6.68181,46.54699],[6.68268,46.54737],[6.68438,46.54899],[6.68442,46.55068],[6.68472,46.55155],[6.68605,46.55265],[6.68637,46.55322],[6.68652,46.55386],[6.68649,46.55404],[6.68617,46.55463],[6.68594,46.55524],[6.68454,46.5558],[6.68373,46.5556],[6.68276,46.5556],[6.68137,46.5557],[6.67818,46.55601],[6.67745,46.55614],[6.67592,46.55679],[6.67307,46.55858],[6.66976,46.561],[6.66931,46.56185],[6.66925,46.56201],[6.66923,46.56217],[6.66925,46.56233],[6.66932,46.56249],[6.66942,46.56264],[6.67001,46.5633],[6.67012,46.56343],[6.67065,46.56421],[6.67167,46.56502],[6.67155,46.56586],[6.67033,46.5666],[6.66916,46.5667],[6.66782,46.56603],[6.66616,46.56561],[6.66556,46.56527],[6.66503,46.5648],[6.66468,46.56459],[6.66366,46.56429],[6.66264,46.5636],[6.66235,46.56335],[6.6617,46.56295],[6.6613,46.56254],[6.66116,46.56186],[6.66124,46.56044],[6.65966,46.55781],[6.65834,46.5561],[6.65878,46.55411],[6.65743,46.55221],[6.65743,46.54954],[6.65516,46.54743],[6.65105,46.54696],[6.64913,46.5475],[6.64808,46.54743]]]},"properties":{"bfs_nr":5584,"name":"Epalinges"}},{"type":"Feature","geometry":{"type":"Polygon","coordinates":[[[6.58622,46.55164],[6.58666,46.55062],[6.58738,46.55036],[6.58758,46.55027],[6.58776,46.55015],[6.58799,46.54987],[6.58805,46.5497],[6.58889,46.54637],[6.59139,46.54601],[6.59392,46.5448],[6.59656,46.543],[6.59875,46.54316],[6.60352,46.54506],[6.60309,46.54673],[6.6033,46.54783],[6.60306,46.54842],[6.60305,46.54859],[6.60309,46.54876],[6.60317,46.54892],[6.60346,46.54919],[6.60408,46.54954],[6.6051,46.55085],[6.60428,46.55247],[6.60332,46.55265],[6.60289,46.5528],[6.60256,46.55304],[6.60239,46.55336],[6.60237,46.55352],[6.6024,46.55369],[6.60244,46.55383],[6.60245,46.55387],[6.6029,46.55538],[6.60281,46.5557],[6.60099,46.55712],[6.6007,46.55725],[6.60035,46.55736],[6.60012,46.55743],[6.59935,46.55755],[6.59911,46.5576],[6.59889,46.55768],[6.5987,46.55778],[6.59854,46.55791],[6.59826,46.55826],[6.59808,46.55875],[6.59834,46.55986],[6.59848,46.56179],[6.59785,46.56232],[6.59585,46.56272],[6.59513,46.56254],[6.59467,46.56219],[6.59432,46.56165],[6.59408,46.56138],[6.59215,46.55967],[6.58953,46.55627],[6.58848,46.55362],[6.58622,46.55164]]]},"properties":{"bfs_nr":5585,"name":"Jouxtens-M\u00e9zery"}},{"type":"Feature","geometry":{"type":"MultiPolygon","coordinates":[[[[6.58517,46.51948],[6.58665,46.51721],[6.58507,46.45652],[6.58642,46.45556],[6.63925,46.45489],[6.64064,46.45582],[6.64196,46.50494],[6.64199,46.50566],[6.64182,46.506],[6.64043,46.50752],[6.63965,46.50875],[6.6394,46.5096],[6.63938,46.50997],[6.63947,46.51029],[6.63958,46.51044],[6.6399,46.51068],[6.64216,46.51174],[6.64418,46.51215],[6.64484,46.51254],[6.64505,46.51263],[6.64528,46.51268],[6.64828,46.51295],[6.64949,46.51279],[6.65147,46.51354],[6.65364,46.51381],[6.65414,46.51451],[6.65421,46.51472],[6.65421,46.51498],[6.65388,46.51567],[6.6539,46.51642],[6.65377,46.51689],[6.65377,46.51706],[6.65382,46.51722],[6.65389,46.5174],[6.6539,46.51742],[6.65394,46.51754],[6.65398,46.51761],[6.65414,46.51797],[6.65424,46.51814],[6.65439,46.51829],[6.65451,46.51839],[6.65467,46.5185],[6.65485,46.51859],[6.656,46.51907],[6.65622,46.51914],[6.65782,46.51946],[6.65808,46.51956],[6.65893,46.52],[6.65951,46.52054],[6.66001,46.52254],[6.66034,46.52298],[6.66069,46.52332],[6.66087,46.52348],[6.66156,46.52384],[6.66252,46.52415],[6.66326,46.52488],[6.66358,46.52545],[6.66423,46.52606],[6.66441,46.52617],[6.66485,46.52631],[6.66534,46.52633],[6.66603,46.52628],[6.66675,46.52626],[6.66735,46.52627],[6.66765,46.5263],[6.66842,46.52667],[6.66861,46.52697],[6.66874,46.52793],[6.67035,46.52942],[6.67008,46.53136],[6.67016,46.53206],[6.67029,46.53242],[6.67106,46.53307],[6.6732,46.53378],[6.6737,46.53391],[6.67482,46.53406],[6.6766,46.53421],[6.67704,46.53435],[6.6791,46.53624],[6.6795,46.53644],[6.68048,46.53653],[6.68191,46.53703],[6.6837,46.53744],[6.68468,46.53787],[6.68649,46.53977],[6.688,46.54083],[6.6882,46.54163],[6.68839,46.54196],[6.68855,46.5421],[6.68912,46.54241],[6.68972,46.54312],[6.69119,46.54437],[6.6919,46.54457],[6.69328,46.54441],[6.696,46.54261],[6.698,46.54326],[6.69838,46.54491],[6.70012,46.54787],[6.69994,46.54932],[6.70108,46.551],[6.70333,46.55225],[6.7066,46.55696],[6.70706,46.5587],[6.70768,46.55926],[6.70813,46.55982],[6.70828,46.56008],[6.70857,46.56043],[6.70872,46.5608],[6.70864,46.56119],[6.70879,46.56168],[6.70974,46.56306],[6.70957,46.56401],[6.7096,46.5642],[6.70968,46.56438],[6.71045,46.56538],[6.71132,46.56573],[6.71238,46.56582],[6.71295,46.56613],[6.71313,46.56633],[6.71361,46.56697],[6.71437,46.56806],[6.71439,46.5681],[6.71521,46.56914],[6.71525,46.56919],[6.71614,46.57019],[6.7173,46.57138],[6.71798,46.57258],[6.71799,46.5746],[6.71838,46.57507],[6.71853,46.5753],[6.71872,46.57593],[6.71862,46.57661],[6.71871,46.5771],[6.71876,46.5773],[6.71905,46.57809],[6.71913,46.57824],[6.71968,46.57907],[6.71992,46.57941],[6.71972,46.58024],[6.71934,46.58047],[6.71911,46.58055],[6.7188,46.5806],[6.71825,46.58065],[6.71822,46.58065],[6.71645,46.5808],[6.71642,46.58081],[6.71431,46.58097],[6.71429,46.58097],[6.71192,46.58113],[6.71191,46.58113],[6.7108,46.58121],[6.71071,46.58121],[6.70932,46.58126],[6.7093,46.58126],[6.70861,46.58127],[6.70859,46.58127],[6.708,46.5813],[6.70797,46.5813],[6.70635,46.58135],[6.70081,46.58114],[6.69944,46.58158],[6.68815,46.58844],[6.68704,46.58945],[6.68649,46.59018],[6.68627,46.59039],[6.68599,46.59057],[6.68473,46.59121],[6.68449,46.59132],[6.68414,46.59145],[6.68369,46.59157],[6.68293,46.59168],[6.6824,46.59174],[6.68197,46.59193],[6.6818,46.59206],[6.68167,46.59222],[6.68158,46.5924],[6.68156,46.59274],[6.68205,46.59411],[6.68157,46.59467],[6.67979,46.59579],[6.67847,46.59598],[6.6772,46.59559],[6.67689,46.59558],[6.67651,46.59551],[6.67607,46.59541],[6.67587,46.59535],[6.67529,46.59515],[6.67526,46.59514],[6.67512,46.59509],[6.67487,46.59502],[6.67461,46.59499],[6.67434,46.595],[6.67384,46.59512],[6.67346,46.59537],[6.67325,46.5957],[6.67317,46.59617],[6.67298,46.59647],[6.67283,46.59699],[6.67264,46.59735],[6.67231,46.59761],[6.67161,46.59778],[6.66857,46.59766],[6.66776,46.59803],[6.66661,46.59949],[6.66627,46.60059],[6.66533,46.60151],[6.66342,46.60217],[6.66019,46.60176],[6.6581,46.59894],[6.65951,46.5964],[6.65957,46.59623],[6.65958,46.59607],[6.65947,46.59574],[6.65919,46.59547],[6.65798,46.59477],[6.65658,46.59412],[6.6543,46.59388],[6.64981,46.59244],[6.64726,46.59072],[6.64701,46.58994],[6.64857,46.58871],[6.65019,46.58862],[6.65124,46.58831],[6.65291,46.58686],[6.65293,46.58474],[6.6538,46.58246],[6.65627,46.57892],[6.65723,46.57505],[6.65893,46.57435],[6.65957,46.57365],[6.65932,46.57281],[6.65887,46.57241],[6.65873,46.57209],[6.65873,46.57192],[6.65881,46.57165],[6.65893,46.57142],[6.65916,46.57109],[6.65924,46.57095],[6.65941,46.57055],[6.65954,46.57003],[6.6597,46.56964],[6.65975,46.56946],[6.65983,46.56867],[6.65984,46.56864],[6.65987,46.56801],[6.65987,46.56712],[6.65791,46.56451],[6.65779,46.56433],[6.65773,46.56413],[6.65763,46.56367],[6.65747,46.56297],[6.65731,46.56229],[6.65729,46.56206],[6.65733,46.56187],[6.65758,46.56153],[6.65777,46.5614],[6.65806,46.56127],[6.66059,46.561],[6.66126,46.56259],[6.66189,46.56314],[6.66227,46.56333],[6.66353,46.56428],[6.66492,46.56475],[6.66551,46.56531],[6.66623,46.56568],[6.66828,46.5665],[6.66911,46.56676],[6.66989,46.56678],[6.67086,46.56651],[6.67162,46.56597],[6.67208,46.5653],[6.67061,46.5641],[6.67045,46.56392],[6.67032,46.56372],[6.6701,46.56341],[6.67003,46.56332],[6.66946,46.56268],[6.66932,46.56248],[6.66926,46.56231],[6.66924,46.56213],[6.66928,46.56196],[6.66937,46.56179],[6.6704,46.56058],[6.6729,46.55871],[6.67442,46.55813],[6.6755,46.55742],[6.67626,46.55664],[6.67809,46.55604],[6.67914,46.55631],[6.68016,46.55622],[6.68076,46.55592],[6.68233,46.55564],[6.68357,46.55567],[6.68435,46.55598],[6.6859,46.5555],[6.68622,46.55459],[6.68651,46.55414],[6.68655,46.5538],[6.68642,46.55333],[6.6862,46.55268],[6.68452,46.55091],[6.68453,46.54891],[6.68318,46.54769],[6.6812,46.54626],[6.67987,46.54547],[6.67853,46.54488],[6.67823,46.54464],[6.67733,46.54285],[6.67739,46.54208],[6.67701,46.54143],[6.676,46.54084],[6.67565,46.54048],[6.6754,46.53984],[6.67506,46.53945],[6.67496,46.53925],[6.67485,46.53883],[6.67458,46.53853],[6.67415,46.53832],[6.67338,46.53825],[6.67235,46.53847],[6.66961,46.5388],[6.66861,46.53881],[6.66238,46.54122],[6.65704,46.54219],[6.65504,46.54221],[6.65266,46.54403],[6.65193,46.5442],[6.65155,46.54431],[6.65153,46.54432],[6.64962,46.5449],[6.6494,46.54499],[6.64921,46.5451],[6.64861,46.5455],[6.64838,46.54559],[6.64802,46.54569],[6.64703,46.54626],[6.64474,46.54636],[6.64356,46.54577],[6.64239,46.54393],[6.64197,46.54373],[6.64147,46.54366],[6.63989,46.54364],[6.63944,46.54351],[6.63925,46.54341],[6.63905,46.54325],[6.63885,46.54308],[6.63856,46.54286],[6.63798,46.54231],[6.63705,46.54191],[6.63655,46.54181],[6.63604,46.54186],[6.6352,46.54214],[6.63466,46.54218],[6.63433,46.54213],[6.63212,46.54163],[6.63186,46.54155],[6.63166,46.54146],[6.63136,46.54122],[6.63075,46.53986],[6.62961,46.5395],[6.62873,46.53974],[6.62619,46.54138],[6.62519,46.54405],[6.62302,46.54521],[6.62259,46.54551],[6.62239,46.54579],[6.62176,46.54753],[6.62171,46.54847],[6.61999,46.5494],[6.61935,46.55044],[6.61753,46.55082],[6.61473,46.54943],[6.61217,46.54916],[6.61156,46.54734],[6.6113,46.54493],[6.6113,46.54471],[6.61145,46.54353],[6.61177,46.54248],[6.61152,46.54048],[6.61085,46.53947],[6.61089,46.53911],[6.61112,46.53876],[6.61129,46.53843],[6.6113,46.5384],[6.61132,46.53838],[6.61141,46.53822],[6.61143,46.5382],[6.61163,46.53784],[6.6117,46.53768],[6.61172,46.5375],[6.6118,46.53726],[6.61206,46.53674],[6.61207,46.53672],[6.61214,46.53656],[6.61223,46.53642],[6.61245,46.53609],[6.61253,46.53593],[6.61256,46.53577],[6.61256,46.5356],[6.6125,46.53544],[6.61228,46.53515],[6.6117,46.53466],[6.61154,46.53407],[6.61013,46.53271],[6.60886,46.53228],[6.6078,46.53155],[6.60754,46.53127],[6.60732,46.53038],[6.60746,46.52921],[6.6073,46.52887],[6.60649,46.52843],[6.60588,46.52839],[6.60561,46.5284],[6.605,46.52851],[6.60427,46.5284],[6.60357,46.52777],[6.60335,46.5271],[6.60362,46.52505],[6.60058,46.52349],[6.59998,46.52336],[6.5994,46.52333],[6.59855,46.52346],[6.59738,46.5237],[6.5957,46.52409],[6.59555,46.52412],[6.59542,46.52417],[6.5954,46.52417],[6.59526,46.52422],[6.5951,46.52428],[6.59387,46.52482],[6.59377,46.52487],[6.59117,46.52626],[6.59028,46.52696],[6.58907,46.527],[6.58847,46.52661],[6.58752,46.52554],[6.58704,46.52527],[6.58674,46.52498],[6.58664,46.52477],[6.58605,46.52286],[6.58601,46.52264],[6.58611,46.52229],[6.58636,46.52158],[6.58517,46.51948]]],[[[6.58471,46.55571],[6.58461,46.55519],[6.58481,46.55474],[6.58497,46.55448],[6.58504,46.55431],[6.58506,46.55413],[6.58503,46.55395],[6.58474,46.55299],[6.58494,46.55248],[6.58704,46.55238],[6.58849,46.55365],[6.58948,46.55627],[6.59217,46.55971],[6.59303,46.56068],[6.59422,46.56156],[6.59452,46.56207],[6.59497,46.56249],[6.59583,46.56292],[6.59623,46.56351],[6.59616,46.56385],[6.59565,46.56459],[6.59562,46.56463],[6.59547,46.56487],[6.5954,46.56503],[6.59536,46.56519],[6.59537,46.56536],[6.59553,46.56567],[6.59622,46.56629],[6.59649,46.5668],[6.59682,46.56717],[6.59715,46.56741],[6.59735,46.5675],[6.59757,46.56756],[6.59804,46.56759],[6.59894,46.56745],[6.60007,46.5678],[6.60057,46.56857],[6.60068,46.56902],[6.60091,46.56934],[6.60109,46.56947],[6.6013,46.56957],[6.60154,46.56964],[6.6018,46.56968],[6.60206,46.56968],[6.60477,46.56952],[6.60521,46.56947],[6.6069,46.56947],[6.6075,46.56954],[6.60776,46.56955],[6.60802,46.56952],[6.61088,46.56936],[6.61138,46.56929],[6.6118,46.5691],[6.61239,46.5684],[6.61355,46.56808],[6.61516,46.56817],[6.61538,46.56817],[6.61559,46.56814],[6.61668,46.56795],[6.61711,46.56781],[6.6193,46.56704],[6.61949,46.56711],[6.6198,46.56722],[6.62065,46.56748],[6.6211,46.56758],[6.62166,46.56781],[6.62209,46.56788],[6.62254,46.56805],[6.6228,46.56823],[6.62338,46.56872],[6.62352,46.56886],[6.62484,46.57033],[6.62526,46.57055],[6.62563,46.57069],[6.6259,46.57083],[6.62654,46.57127],[6.6271,46.57173],[6.62761,46.57219],[6.62791,46.57251],[6.62829,46.57308],[6.62836,46.57322],[6.62842,46.57335],[6.62848,46.57355],[6.6285,46.57396],[6.6287,46.57442],[6.62967,46.57558],[6.62991,46.57796],[6.62888,46.5789],[6.62719,46.57877],[6.62433,46.57944],[6.61886,46.58161],[6.6177,46.58154],[6.61589,46.58171],[6.61445,46.58159],[6.61331,46.58115],[6.6115,46.58083],[6.6098,46.58018],[6.60634,46.58117],[6.603,46.58147],[6.59932,46.57888],[6.59862,46.5777],[6.59646,46.57664],[6.59454,46.57531],[6.59281,46.57371],[6.59231,46.57275],[6.59205,46.57249],[6.59195,46.57234],[6.5919,46.57216],[6.5918,46.57196],[6.59099,46.57091],[6.59054,46.57016],[6.59047,46.56995],[6.59018,46.56955],[6.59007,46.56944],[6.59005,46.56942],[6.58989,46.56927],[6.58971,46.56906],[6.5896,46.56891],[6.58949,46.56875],[6.58934,46.56837],[6.58935,46.5682],[6.58937,46.56813],[6.5894,46.56795],[6.58925,46.56732],[6.58884,46.56676],[6.58878,46.56606],[6.58874,46.56591],[6.58865,46.56577],[6.58861,46.56568],[6.58851,46.56554],[6.58838,46.56542],[6.58822,46.56531],[6.5876,46.56496],[6.58669,46.56416],[6.58621,46.56339],[6.58601,46.56258],[6.58601,46.56241],[6.58603,46.56233],[6.58605,46.56216],[6.58594,46.56182],[6.58581,46.56167],[6.58576,46.56162],[6.58563,46.56141],[6.58544,46.56102],[6.5854,46.56094],[6.58529,46.56071],[6.58525,46.56023],[6.58529,46.56007],[6.58536,46.55995],[6.58543,46.55978],[6.58543,46.55944],[6.58534,46.55921],[6.58529,46.55914],[6.58512,46.55888],[6.58501,46.55855],[6.58471,46.55571]]]]},"properties":{"bfs_nr":5586,"name":"Lausanne"}},{"type":"Feature","geometry":{"type":"Polygon","coordinates":[[[6.61623,46.56485],[6.61617,46.56418],[6.61617,46.56399],[6.61637,46.56346],[6.61664,46.56309],[6.61764,46.5627],[6.61783,46.56261],[6.61799,46.56249],[6.61813,46.56236],[6.61892,46.56138],[6.61901,46.56123],[6.61907,46.56106],[6.61908,46.56089],[6.61921,46.55767],[6.61764,46.55484],[6.6197,46.55129],[6.61963,46.55],[6.62181,46.54847],[6.62185,46.54753],[6.62233,46.54652],[6.62243,46.54585],[6.62268,46.54552],[6.62372,46.54491],[6.62519,46.54424],[6.62618,46.54146],[6.62948,46.5397],[6.63079,46.54005],[6.63134,46.54123],[6.63164,46.54147],[6.63184,46.54155],[6.63205,46.54162],[6.63439,46.54215],[6.63466,46.54219],[6.63493,46.54219],[6.6352,46.54215],[6.6367,46.54186],[6.6379,46.54237],[6.63846,46.54289],[6.63889,46.54314],[6.63917,46.54336],[6.63938,46.54348],[6.63961,46.54358],[6.63987,46.54364],[6.64159,46.54368],[6.64206,46.54383],[6.64242,46.54409],[6.64357,46.54587],[6.64462,46.54638],[6.64674,46.54673],[6.64816,46.54749],[6.64887,46.54757],[6.65096,46.54702],[6.65508,46.54748],[6.65727,46.54959],[6.65733,46.55208],[6.65862,46.55399],[6.65822,46.5565],[6.66006,46.55853],[6.66029,46.56034],[6.658,46.56129],[6.65776,46.5614],[6.65757,46.56153],[6.65742,46.56169],[6.65732,46.56187],[6.65728,46.56206],[6.6573,46.56224],[6.65747,46.56296],[6.65748,46.56298],[6.65763,46.56367],[6.65763,46.56368],[6.65773,46.56417],[6.65779,46.56433],[6.65788,46.56448],[6.65986,46.56712],[6.65984,46.56767],[6.65986,46.56789],[6.65987,46.56803],[6.65984,46.56863],[6.65983,46.56868],[6.65976,46.56941],[6.65968,46.56969],[6.65952,46.57008],[6.65947,46.57029],[6.65939,46.5706],[6.65926,46.57092],[6.65914,46.57113],[6.65891,46.57146],[6.65882,46.57161],[6.65872,46.57186],[6.65867,46.57211],[6.65944,46.57328],[6.65895,46.57422],[6.65723,46.57496],[6.65672,46.57576],[6.65516,46.57606],[6.654,46.57661],[6.65347,46.5767],[6.65237,46.57657],[6.65207,46.5765],[6.6513,46.57644],[6.65083,46.57628],[6.65048,46.57602],[6.64972,46.57521],[6.64928,46.5735],[6.64868,46.57288],[6.64792,46.57242],[6.64713,46.57208],[6.64522,46.57187],[6.6423,46.57042],[6.64155,46.57027],[6.64105,46.57026],[6.64055,46.57036],[6.64002,46.57074],[6.6386,46.57295],[6.63874,46.57435],[6.6357,46.57623],[6.63311,46.57853],[6.63158,46.5788],[6.62995,46.57784],[6.62982,46.57562],[6.62874,46.57434],[6.62849,46.57351],[6.62835,46.5732],[6.6283,46.5731],[6.62814,46.57284],[6.62812,46.5728],[6.62789,46.57248],[6.62762,46.5722],[6.62709,46.57172],[6.62657,46.57129],[6.62599,46.57089],[6.62596,46.57087],[6.62572,46.57072],[6.62561,46.57066],[6.62483,46.5703],[6.62353,46.56886],[6.62341,46.56875],[6.62276,46.56819],[6.62252,46.56803],[6.62228,46.56793],[6.62116,46.56758],[6.62055,46.56743],[6.6204,46.56737],[6.61996,46.56726],[6.61976,46.56721],[6.61958,46.56714],[6.61931,46.56703],[6.61886,46.56688],[6.61833,46.56657],[6.61735,46.56577],[6.6167,46.56552],[6.61638,46.56524],[6.61629,46.56507],[6.61623,46.56485]]]},"properties":{"bfs_nr":5587,"name":"Le Mont-sur-Lausanne"}},{"type":"Feature","geometry":{"type":"Polygon","coordinates":[[[6.66941,46.50584],[6.66879,46.50524],[6.66825,46.50455],[6.66824,46.50454],[6.66805,46.5043],[6.66792,46.50405],[6.66786,46.50379],[6.66654,46.45548],[6.66788,46.45452],[6.67324,46.45445],[6.67463,46.45537],[6.67598,46.50404],[6.67574,46.50545],[6.67578,46.5068],[6.67596,46.50745],[6.67596,46.50879],[6.67613,46.50912],[6.67628,46.50927],[6.6769,46.50967],[6.67821,46.5103],[6.6785,46.51061],[6.67858,46.51083],[6.67864,46.51108],[6.67866,46.51128],[6.67858,46.5117],[6.6784,46.512],[6.67823,46.51215],[6.67792,46.51235],[6.6777,46.51251],[6.67658,46.51305],[6.6762,46.51333],[6.67526,46.51351],[6.67414,46.51329],[6.67372,46.51313],[6.67353,46.513],[6.67339,46.51287],[6.67214,46.51151],[6.67192,46.51118],[6.67145,46.51009],[6.67109,46.50974],[6.67085,46.5094],[6.67083,46.50902],[6.67094,46.50854],[6.67079,46.50821],[6.67029,46.50762],[6.67019,46.50722],[6.66972,46.50627],[6.66965,46.50614],[6.66952,46.50597],[6.66941,46.50584]]]},"properties":{"bfs_nr":5588,"name":"Paudex"}},{"type":"Feature","geometry":{"type":"Polygon","coordinates":[[[6.59711,46.54123],[6.59641,46.54017],[6.5979,46.53894],[6.59784,46.53632],[6.59858,46.53388],[6.59888,46.5305],[6.59992,46.52941],[6.60001,46.52825],[6.60179,46.52683],[6.60335,46.52726],[6.60361,46.52786],[6.60419,46.52839],[6.60464,46.52852],[6.60513,46.52852],[6.60571,46.5284],[6.60648,46.52844],[6.60729,46.52887],[6.60728,46.53068],[6.60739,46.53118],[6.60763,46.53147],[6.60935,46.53265],[6.61014,46.53295],[6.61161,46.53477],[6.61219,46.53511],[6.61253,46.53558],[6.61255,46.53575],[6.61252,46.53593],[6.61221,46.53644],[6.61216,46.53654],[6.61207,46.53673],[6.61206,46.53675],[6.61172,46.53742],[6.61168,46.53749],[6.61157,46.53791],[6.61149,46.53809],[6.61143,46.53819],[6.61141,46.53823],[6.61132,46.53838],[6.6113,46.53841],[6.61121,46.53854],[6.61119,46.53858],[6.61104,46.53884],[6.61069,46.5393],[6.61068,46.53966],[6.61143,46.54069],[6.61129,46.54489],[6.61156,46.54737],[6.61206,46.54915],[6.61185,46.54989],[6.60995,46.55043],[6.60843,46.55166],[6.60622,46.55153],[6.60494,46.55042],[6.60402,46.54947],[6.60346,46.54919],[6.60318,46.54892],[6.60306,46.54859],[6.60335,46.54774],[6.60314,46.54684],[6.60389,46.5456],[6.60349,46.54499],[6.59796,46.54248],[6.59711,46.54123]]]},"properties":{"bfs_nr":5589,"name":"Prilly"}},{"type":"Feature","geometry":{"type":"Polygon","coordinates":[[[6.6394,46.50992],[6.63975,46.5086],[6.64102,46.50736],[6.64194,46.50587],[6.642,46.50569],[6.642,46.5055],[6.64198,46.50534],[6.64196,46.50497],[6.64196,46.50494],[6.64064,46.45582],[6.64198,46.45486],[6.66515,46.45455],[6.66654,46.45548],[6.66787,46.50385],[6.66791,46.50405],[6.66802,46.50425],[6.66824,46.50455],[6.66825,46.50456],[6.6688,46.50525],[6.66898,46.50545],[6.66937,46.50581],[6.66955,46.506],[6.66974,46.5063],[6.67017,46.50718],[6.67029,46.50767],[6.67088,46.50842],[6.67078,46.50919],[6.67081,46.50938],[6.6709,46.50957],[6.67209,46.51146],[6.6734,46.51289],[6.67359,46.51363],[6.6731,46.51424],[6.67298,46.51455],[6.67299,46.51494],[6.67297,46.51516],[6.6729,46.51533],[6.6726,46.51564],[6.6724,46.5159],[6.6723,46.51607],[6.67198,46.51756],[6.6706,46.52042],[6.67087,46.52093],[6.67156,46.52144],[6.67201,46.52165],[6.67252,46.52182],[6.67288,46.52202],[6.67344,46.52273],[6.67386,46.52317],[6.67443,46.52431],[6.67561,46.52506],[6.67607,46.52521],[6.67731,46.52533],[6.67958,46.52599],[6.68341,46.52871],[6.68434,46.52967],[6.68464,46.53021],[6.68528,46.53066],[6.68612,46.53163],[6.68657,46.53209],[6.68699,46.5324],[6.68973,46.53398],[6.69092,46.53444],[6.69134,46.53455],[6.69187,46.53467],[6.69293,46.53467],[6.69403,46.53426],[6.69578,46.5346],[6.6971,46.53533],[6.69762,46.53569],[6.69812,46.53592],[6.69879,46.53643],[6.69916,46.53679],[6.69998,46.53809],[6.70153,46.53934],[6.70032,46.54155],[6.6984,46.54256],[6.69608,46.54254],[6.6948,46.54308],[6.69283,46.54441],[6.69131,46.54432],[6.68956,46.54286],[6.68908,46.54231],[6.68876,46.54217],[6.68841,46.54193],[6.68822,46.54162],[6.68811,46.54094],[6.68764,46.54036],[6.68471,46.53783],[6.68373,46.53741],[6.68258,46.53704],[6.68061,46.53649],[6.67949,46.53639],[6.6791,46.53617],[6.6778,46.535],[6.67711,46.53419],[6.67638,46.534],[6.67491,46.53401],[6.6737,46.5339],[6.67321,46.53377],[6.67257,46.53341],[6.67097,46.53299],[6.67019,46.53208],[6.67013,46.53129],[6.67042,46.5292],[6.66886,46.528],[6.66862,46.52697],[6.66842,46.52666],[6.66807,46.52643],[6.66786,46.52635],[6.66763,46.52629],[6.66741,46.52627],[6.66689,46.52626],[6.66678,46.52626],[6.66601,46.52628],[6.66541,46.52633],[6.66481,46.5263],[6.66434,46.52612],[6.66355,46.52538],[6.66324,46.52482],[6.66253,46.52408],[6.66153,46.52379],[6.66093,46.52351],[6.66062,46.52325],[6.66021,46.52275],[6.66014,46.52258],[6.66008,46.5218],[6.65948,46.52046],[6.65886,46.51993],[6.65803,46.51954],[6.65779,46.51944],[6.65741,46.51935],[6.6569,46.5191],[6.65647,46.51898],[6.65489,46.51861],[6.65467,46.5185],[6.65448,46.51836],[6.65444,46.51833],[6.65428,46.51818],[6.65419,46.51804],[6.65394,46.51752],[6.6539,46.51743],[6.65387,46.51732],[6.65385,46.51725],[6.65379,46.5171],[6.65378,46.51691],[6.65394,46.5164],[6.65393,46.5157],[6.65419,46.51515],[6.65423,46.51499],[6.65423,46.51482],[6.65419,46.51463],[6.65414,46.51448],[6.65371,46.51373],[6.65268,46.51329],[6.6514,46.51329],[6.6499,46.51284],[6.64903,46.51271],[6.64759,46.5128],[6.6467,46.51263],[6.64564,46.5127],[6.6454,46.51269],[6.64516,46.51265],[6.64494,46.51257],[6.64474,46.51247],[6.64412,46.51211],[6.64165,46.51147],[6.63975,46.51055],[6.63949,46.51026],[6.6394,46.50992]]]},"properties":{"bfs_nr":5590,"name":"Pully"}},{"type":"Feature","geometry":{"type":"Polygon","coordinates":[[[6.57829,46.5368],[6.57891,46.53603],[6.57897,46.53509],[6.57911,46.53475],[6.57943,46.53447],[6.58042,46.53412],[6.58089,46.5335],[6.58087,46.53272],[6.58047,46.53166],[6.57937,46.53091],[6.57932,46.52976],[6.58252,46.52955],[6.58413,46.52875],[6.58615,46.52855],[6.58723,46.5283],[6.58953,46.52756],[6.59066,46.52706],[6.59144,46.52611],[6.59375,46.52488],[6.59389,46.52481],[6.59508,46.52429],[6.59533,46.52419],[6.59554,46.52413],[6.59573,46.52408],[6.59854,46.52346],[6.59952,46.52334],[6.6003,46.52348],[6.60151,46.52495],[6.59889,46.53041],[6.59861,46.53249],[6.59858,46.53385],[6.59784,46.53634],[6.59788,46.53875],[6.59636,46.54009],[6.59705,46.54178],[6.59414,46.54455],[6.59143,46.54598],[6.58923,46.54533],[6.58859,46.54527],[6.58832,46.54527],[6.58806,46.54532],[6.58782,46.5454],[6.58775,46.54543],[6.58764,46.54547],[6.58746,46.54554],[6.58731,46.54559],[6.58716,46.54563],[6.58704,46.54566],[6.58672,46.54574],[6.58661,46.54577],[6.58559,46.54598],[6.58485,46.54615],[6.58412,46.54611],[6.5837,46.54592],[6.58355,46.5458],[6.58334,46.54567],[6.5831,46.54557],[6.58286,46.54549],[6.58267,46.54544],[6.58234,46.54541],[6.58202,46.54536],[6.58177,46.54528],[6.58112,46.54453],[6.58114,46.54349],[6.58121,46.54327],[6.58134,46.54308],[6.58141,46.54292],[6.58148,46.54271],[6.58113,46.54126],[6.57943,46.53948],[6.57886,46.5392],[6.57864,46.53916],[6.57854,46.53915],[6.57827,46.53908],[6.57813,46.53903],[6.57801,46.539],[6.57737,46.53851],[6.57829,46.5368]]]},"properties":{"bfs_nr":5591,"name":"Renens (VD)"}},{"type":"Feature","geometry":{"type":"Polygon","coordinates":[[[6.59551,46.56481],[6.59634,46.56368],[6.59664,46.56308],[6.59811,46.56248],[6.59842,46.56219],[6.59854,46.5615],[6.59843,46.55972],[6.59809,46.55876],[6.59854,46.55792],[6.5987,46.55779],[6.59911,46.5576],[6.59993,46.55747],[6.60008,46.55744],[6.60016,46.55742],[6.60031,46.55738],[6.60103,46.55714],[6.60194,46.55665],[6.60279,46.55581],[6.60292,46.55545],[6.60279,46.55482],[6.60262,46.55431],[6.60246,46.55388],[6.60243,46.5538],[6.6024,46.55358],[6.60249,46.55323],[6.60261,46.55308],[6.60297,46.55283],[6.60456,46.55248],[6.60521,46.55203],[6.60851,46.55167],[6.61048,46.55031],[6.6151,46.54977],[6.61845,46.55133],[6.6188,46.55212],[6.61763,46.55484],[6.6192,46.55771],[6.61908,46.56085],[6.61906,46.56106],[6.61901,46.56123],[6.61889,46.56142],[6.61819,46.56228],[6.618,46.56247],[6.61699,46.56285],[6.61662,46.56307],[6.6164,46.56338],[6.61621,46.56383],[6.61617,46.56399],[6.61616,46.56414],[6.61624,46.56496],[6.61628,46.56513],[6.61648,46.56542],[6.61742,46.56617],[6.61739,46.56731],[6.61667,46.56793],[6.61639,46.568],[6.61564,46.56813],[6.61537,46.56816],[6.6151,46.56816],[6.61334,46.56807],[6.61238,46.56828],[6.61183,46.56894],[6.61147,46.5692],[6.61067,46.56936],[6.6091,46.56935],[6.60876,46.56938],[6.60814,46.5695],[6.60782,46.56953],[6.60709,46.56947],[6.60512,46.56947],[6.60212,46.56968],[6.6018,46.56967],[6.60131,46.56957],[6.60092,46.56933],[6.60069,46.56902],[6.60061,46.56861],[6.60007,46.5678],[6.59894,46.56745],[6.59806,46.56758],[6.59737,46.56749],[6.59699,46.56729],[6.59649,46.5668],[6.5962,46.56626],[6.59559,46.5657],[6.59547,46.56553],[6.5954,46.56537],[6.59538,46.56519],[6.59541,46.56502],[6.59551,46.56481]]]},"properties":{"bfs_nr":5592,"name":"Romanel-sur-Lausanne"}},{"type":"Feature","geometry":{"type":"Polygon","coordinates":[[[6.76639,46.48439],[6.77027,46.48255],[6.77229,46.48128],[6.77392,46.48125],[6.77455,46.48073],[6.77516,46.47984],[6.77959,46.4794],[6.78007,46.47925],[6.78089,46.4788],[6.78302,46.47635],[6.78628,46.47459],[6.78922,46.47514],[6.79,46.47628],[6.78997,46.47696],[6.78999,46.47732],[6.79009,46.47751],[6.79065,46.47818],[6.79067,46.47836],[6.79063,46.47858],[6.79062,46.47862],[6.79052,46.47883],[6.79022,46.47913],[6.78887,46.47983],[6.78798,46.4813],[6.78986,46.48252],[6.79005,46.48431],[6.78862,46.48562],[6.78787,46.48783],[6.78792,46.48914],[6.78733,46.49022],[6.78688,46.49066],[6.78553,46.49085],[6.7836,46.4915],[6.78309,46.49158],[6.78222,46.49151],[6.78118,46.49123],[6.77896,46.49157],[6.77587,46.49268],[6.77435,46.49198],[6.77441,46.48876],[6.77334,46.48787],[6.77107,46.48819],[6.76818,46.48634],[6.76646,46.48599],[6.76579,46.48549],[6.76639,46.48439]]]},"properties":{"bfs_nr":5601,"name":"Chexbres"}},{"type":"Feature","geometry":{"type":"Polygon","coordinates":[[[6.72574,46.52042],[6.72806,46.51895],[6.72809,46.51893],[6.73254,46.51621],[6.73255,46.5162],[6.7342,46.51517],[6.74069,46.51109],[6.74114,46.51088],[6.74429,46.50984],[6.74931,46.50812],[6.74932,46.50812],[6.74993,46.50791],[6.74996,46.5079],[6.75165,46.50728],[6.75169,46.50727],[6.75436,46.50622],[6.75538,46.50612],[6.75616,46.50651],[6.75639,46.50687],[6.75652,46.50705],[6.75679,46.50737],[6.7569,46.50772],[6.75706,46.50932],[6.75793,46.51172],[6.75974,46.51518],[6.76091,46.51645],[6.76121,46.51751],[6.76254,46.51985],[6.76264,46.51999],[6.76295,46.52023],[6.76314,46.52031],[6.77281,46.52399],[6.7736,46.52393],[6.77438,46.52362],[6.77541,46.52352],[6.77596,46.5236],[6.77653,46.52388],[6.7769,46.52421],[6.77762,46.52463],[6.77892,46.52521],[6.78039,46.52648],[6.78071,46.52743],[6.78217,46.52908],[6.78296,46.52965],[6.78314,46.53048],[6.78433,46.53191],[6.78461,46.53243],[6.78494,46.53289],[6.78511,46.53304],[6.78524,46.53312],[6.78549,46.53324],[6.7861,46.53352],[6.78678,46.53381],[6.78699,46.53395],[6.78727,46.53428],[6.78765,46.53492],[6.79004,46.53649],[6.79239,46.53929],[6.79248,46.53939],[6.7925,46.53941],[6.7926,46.53951],[6.79286,46.53969],[6.79307,46.53986],[6.79319,46.53998],[6.79349,46.54025],[6.79362,46.54036],[6.79376,46.54046],[6.79391,46.54054],[6.79417,46.54072],[6.79433,46.54088],[6.79446,46.54111],[6.79446,46.54114],[6.79449,46.54147],[6.79449,46.54154],[6.79453,46.54172],[6.79461,46.5419],[6.79494,46.5422],[6.79542,46.54245],[6.79575,46.5428],[6.79615,46.54315],[6.79655,46.5437],[6.7969,46.54393],[6.80218,46.54779],[6.80164,46.54854],[6.79994,46.54905],[6.79662,46.55011],[6.79631,46.55024],[6.79449,46.55126],[6.79425,46.55139],[6.79405,46.55151],[6.79389,46.55163],[6.7936,46.55182],[6.79112,46.55349],[6.79045,46.55396],[6.79043,46.55397],[6.79034,46.55403],[6.79018,46.55417],[6.79005,46.55432],[6.78995,46.55467],[6.78981,46.55599],[6.789,46.55634],[6.78678,46.55626],[6.78501,46.55671],[6.78497,46.55673],[6.7836,46.55757],[6.7832,46.55782],[6.78171,46.55871],[6.78168,46.55873],[6.78165,46.55875],[6.78155,46.55881],[6.78116,46.55903],[6.77902,46.56028],[6.77871,46.56042],[6.77592,46.5615],[6.76976,46.56311],[6.76616,46.56415],[6.76302,46.56529],[6.76188,46.56571],[6.76172,46.56576],[6.76143,46.56585],[6.76114,46.56591],[6.76065,46.56592],[6.76019,46.5658],[6.75983,46.56557],[6.75966,46.56539],[6.75885,46.56424],[6.75833,46.56385],[6.7571,46.56383],[6.75428,46.56493],[6.74939,46.56771],[6.74839,46.56756],[6.74779,46.56699],[6.74741,46.56675],[6.74718,46.56668],[6.74668,46.56663],[6.74643,46.56665],[6.74612,46.56671],[6.7458,46.56681],[6.74544,46.56699],[6.74499,46.5671],[6.74428,46.56704],[6.74388,46.56685],[6.74218,46.5647],[6.74204,46.5645],[6.74196,46.56428],[6.74192,46.5641],[6.7419,46.56388],[6.74211,46.56328],[6.74212,46.56325],[6.74226,46.56223],[6.74226,46.56222],[6.74226,46.56216],[6.74233,46.56195],[6.74258,46.56163],[6.74298,46.56141],[6.74495,46.56096],[6.74551,46.56079],[6.74565,46.56074],[6.74571,46.56072],[6.74814,46.55957],[6.74995,46.5596],[6.75245,46.55694],[6.75429,46.55627],[6.75535,46.5556],[6.75541,46.55453],[6.75477,46.55398],[6.7545,46.55362],[6.7539,46.55309],[6.75094,46.55126],[6.7511,46.54965],[6.75213,46.54818],[6.75286,46.54762],[6.75309,46.54711],[6.75242,46.54428],[6.74885,46.54194],[6.74895,46.54108],[6.7487,46.54042],[6.74767,46.53817],[6.74526,46.53577],[6.7451,46.53557],[6.74499,46.53522],[6.74502,46.53481],[6.74471,46.53432],[6.7442,46.53403],[6.74266,46.53336],[6.74251,46.53329],[6.74216,46.5331],[6.74213,46.53309],[6.74031,46.53209],[6.73967,46.53174],[6.73965,46.53173],[6.7392,46.53148],[6.73897,46.53132],[6.73883,46.53117],[6.73848,46.53009],[6.73699,46.52872],[6.73622,46.52837],[6.73409,46.52824],[6.73271,46.5271],[6.73044,46.52575],[6.72993,46.52533],[6.7294,46.52496],[6.72879,46.52465],[6.72727,46.52348],[6.72716,46.52265],[6.72659,46.5221],[6.72538,46.52145],[6.72531,46.52092],[6.72552,46.52059],[6.72574,46.52042]]]},"properties":{"bfs_nr":5604,"name":"Forel (Lavaux)"}},{"type":"Feature","geometry":{"type":"Polygon","coordinates":[[[6.67578,46.50672],[6.67575,46.5054],[6.67598,46.50408],[6.67463,46.45537],[6.67542,46.45449],[6.6817,46.45434],[6.68493,46.45374],[6.68662,46.45439],[6.70364,46.49651],[6.70373,46.49668],[6.70388,46.49684],[6.70593,46.49857],[6.70623,46.49902],[6.70638,46.50049],[6.70671,46.5015],[6.70804,46.50357],[6.70811,46.5037],[6.70819,46.50382],[6.70824,46.50388],[6.70863,46.50439],[6.7088,46.50467],[6.71133,46.50812],[6.71143,46.50824],[6.71156,46.50834],[6.71389,46.50996],[6.7141,46.51013],[6.71412,46.51015],[6.71481,46.51068],[6.71514,46.51099],[6.71539,46.51117],[6.71567,46.51132],[6.71601,46.51158],[6.71663,46.51248],[6.71675,46.51334],[6.71714,46.51386],[6.71724,46.51433],[6.7173,46.51453],[6.71754,46.51502],[6.71757,46.51508],[6.71793,46.51567],[6.71798,46.51575],[6.71904,46.5175],[6.71842,46.51851],[6.71741,46.51865],[6.71662,46.51903],[6.7164,46.51951],[6.71649,46.51984],[6.71736,46.5209],[6.71743,46.52127],[6.71703,46.52191],[6.71704,46.52263],[6.71765,46.52387],[6.71635,46.52481],[6.71605,46.52513],[6.71583,46.52552],[6.71493,46.52685],[6.71485,46.5272],[6.71498,46.52755],[6.71529,46.52783],[6.71655,46.52877],[6.7166,46.52895],[6.71654,46.52932],[6.71626,46.52964],[6.71456,46.53026],[6.71428,46.53036],[6.71344,46.53077],[6.71139,46.53178],[6.70982,46.53339],[6.71137,46.53477],[6.71144,46.53588],[6.71059,46.53645],[6.70957,46.53638],[6.70785,46.53579],[6.70664,46.53552],[6.70538,46.53466],[6.70237,46.53386],[6.70208,46.53376],[6.70189,46.53366],[6.70159,46.53337],[6.70151,46.53321],[6.70143,46.53275],[6.70116,46.53228],[6.69962,46.53065],[6.69946,46.53051],[6.6983,46.5297],[6.6983,46.52969],[6.69743,46.52909],[6.69612,46.52823],[6.6943,46.52768],[6.69387,46.52748],[6.69357,46.52721],[6.69281,46.52631],[6.69267,46.52609],[6.69261,46.52591],[6.69263,46.52541],[6.69253,46.52512],[6.69222,46.52477],[6.69213,46.52462],[6.69206,46.52442],[6.692,46.52409],[6.692,46.52407],[6.69194,46.52376],[6.69135,46.5227],[6.69138,46.5221],[6.69112,46.52135],[6.69022,46.52075],[6.68809,46.52036],[6.68653,46.51959],[6.6845,46.51958],[6.68273,46.51881],[6.67941,46.51595],[6.6792,46.51579],[6.67855,46.51549],[6.67781,46.51532],[6.67746,46.51521],[6.67716,46.51504],[6.67647,46.51457],[6.67626,46.51439],[6.67607,46.51405],[6.67632,46.51336],[6.67685,46.51292],[6.67764,46.51254],[6.67806,46.51226],[6.67817,46.5122],[6.67823,46.51215],[6.67827,46.51212],[6.67851,46.5119],[6.67863,46.51172],[6.67869,46.51133],[6.67868,46.51126],[6.67857,46.51079],[6.67851,46.51061],[6.67838,46.51044],[6.67822,46.5103],[6.67801,46.51018],[6.67682,46.50962],[6.67623,46.50918],[6.67599,46.50872],[6.67597,46.50751],[6.67578,46.50672]]]},"properties":{"bfs_nr":5606,"name":"Lutry"}},{"type":"Feature","geometry":{"type":"Polygon","coordinates":[[[6.75082,46.48633],[6.73407,46.44514],[6.73501,46.44397],[6.7615,46.4388],[6.76318,46.43945],[6.77737,46.47414],[6.7775,46.47448],[6.77755,46.47468],[6.77722,46.47542],[6.77713,46.47575],[6.7772,46.47619],[6.77709,46.47651],[6.7768,46.4768],[6.77549,46.47731],[6.77513,46.47793],[6.7755,46.47938],[6.77441,46.48074],[6.77364,46.48116],[6.77226,46.4812],[6.77033,46.48251],[6.76599,46.48458],[6.76557,46.48523],[6.76597,46.48588],[6.7686,46.48685],[6.7706,46.48842],[6.77397,46.48847],[6.77434,46.49201],[6.77568,46.49272],[6.77789,46.49279],[6.77963,46.49151],[6.78329,46.49159],[6.7839,46.49143],[6.78548,46.4909],[6.78644,46.49083],[6.78689,46.49069],[6.78723,46.49044],[6.78927,46.48886],[6.79016,46.48753],[6.79068,46.48691],[6.79099,46.4866],[6.79118,46.48645],[6.79141,46.4863],[6.79174,46.48608],[6.79177,46.48606],[6.79189,46.48597],[6.79198,46.4859],[6.79203,46.48585],[6.7921,46.48579],[6.79215,46.48574],[6.7922,46.48568],[6.79261,46.48517],[6.79293,46.48483],[6.79311,46.48461],[6.79437,46.48193],[6.79688,46.48113],[6.79855,46.48471],[6.79906,46.4851],[6.79959,46.48522],[6.80012,46.4852],[6.80037,46.48513],[6.80059,46.48503],[6.80103,46.48478],[6.80107,46.48475],[6.80143,46.48449],[6.80258,46.48431],[6.80349,46.48471],[6.80567,46.48506],[6.80605,46.48506],[6.80636,46.48508],[6.80672,46.48507],[6.80721,46.48504],[6.80747,46.48507],[6.80793,46.48522],[6.80812,46.48535],[6.80844,46.48601],[6.80751,46.48899],[6.80867,46.49018],[6.80754,46.49242],[6.80742,46.4926],[6.80736,46.49279],[6.80734,46.49288],[6.80734,46.493],[6.80735,46.49343],[6.8073,46.49375],[6.80715,46.49419],[6.80713,46.49432],[6.80708,46.49469],[6.80708,46.4947],[6.80705,46.49497],[6.80706,46.49523],[6.80721,46.49727],[6.80812,46.49897],[6.8084,46.49928],[6.80861,46.49939],[6.80884,46.49948],[6.8091,46.49953],[6.81063,46.49969],[6.81344,46.5036],[6.81596,46.5056],[6.81666,46.50761],[6.81666,46.50964],[6.81681,46.50975],[6.81707,46.50993],[6.81711,46.50995],[6.81747,46.51018],[6.81749,46.51019],[6.81779,46.51037],[6.81833,46.51079],[6.81852,46.51087],[6.81873,46.51093],[6.8195,46.51111],[6.82001,46.51115],[6.82213,46.51106],[6.82242,46.51112],[6.82274,46.51124],[6.82372,46.51205],[6.82262,46.51408],[6.81798,46.51674],[6.81457,46.52228],[6.81114,46.52494],[6.81063,46.5262],[6.80692,46.52885],[6.80573,46.52906],[6.80508,46.52935],[6.80484,46.52967],[6.80496,46.53037],[6.80563,46.5309],[6.80609,46.53113],[6.80627,46.53129],[6.80634,46.53138],[6.8064,46.53147],[6.80645,46.53158],[6.80648,46.53164],[6.80654,46.53176],[6.80658,46.53183],[6.8069,46.5325],[6.80713,46.53291],[6.80724,46.53317],[6.80744,46.53357],[6.80746,46.53364],[6.80759,46.53395],[6.80763,46.53419],[6.80764,46.5342],[6.80769,46.53442],[6.80769,46.53445],[6.80776,46.5347],[6.80782,46.53485],[6.80786,46.53492],[6.80795,46.53505],[6.80853,46.53573],[6.80868,46.53593],[6.80875,46.53604],[6.80891,46.53634],[6.80895,46.5364],[6.8091,46.53672],[6.80912,46.53678],[6.80961,46.53792],[6.80952,46.53882],[6.80952,46.53897],[6.80955,46.53912],[6.80964,46.53935],[6.80968,46.53943],[6.80981,46.53962],[6.81005,46.53988],[6.81014,46.53996],[6.81107,46.54084],[6.81175,46.54167],[6.81183,46.54201],[6.81173,46.54273],[6.81238,46.54376],[6.81241,46.54443],[6.81216,46.54472],[6.81193,46.54487],[6.81028,46.54573],[6.80999,46.54586],[6.80804,46.54655],[6.80783,46.54661],[6.80777,46.54663],[6.80753,46.54669],[6.80733,46.54674],[6.80716,46.54677],[6.8069,46.54684],[6.80646,46.54694],[6.80587,46.54705],[6.80556,46.54714],[6.80385,46.54782],[6.80228,46.54758],[6.7991,46.54537],[6.79847,46.54453],[6.79641,46.54349],[6.79614,46.54313],[6.79576,46.54279],[6.79555,46.54249],[6.79467,46.54189],[6.79452,46.54155],[6.7945,46.54129],[6.79446,46.54114],[6.79444,46.54107],[6.79434,46.54088],[6.79418,46.54071],[6.79366,46.54038],[6.79346,46.54022],[6.79321,46.54001],[6.79304,46.53984],[6.7926,46.53948],[6.79253,46.53943],[6.79249,46.5394],[6.79242,46.53933],[6.79228,46.53915],[6.79217,46.53883],[6.79197,46.5382],[6.79019,46.53639],[6.78764,46.53488],[6.78727,46.53422],[6.78705,46.53396],[6.78672,46.53375],[6.78643,46.53366],[6.78551,46.53325],[6.78514,46.53306],[6.78495,46.53289],[6.78437,46.53194],[6.78334,46.53072],[6.78321,46.53003],[6.7829,46.52953],[6.78098,46.52757],[6.78032,46.52609],[6.77879,46.52508],[6.77818,46.52475],[6.7774,46.52449],[6.77645,46.52379],[6.77588,46.52357],[6.77535,46.52351],[6.7743,46.52361],[6.77353,46.52387],[6.77276,46.52387],[6.7632,46.52033],[6.76295,46.52022],[6.76265,46.51999],[6.76252,46.51981],[6.76147,46.51796],[6.76139,46.51777],[6.76137,46.51761],[6.7614,46.51712],[6.76121,46.51677],[6.75987,46.51532],[6.75974,46.51514],[6.75967,46.515],[6.75954,46.51455],[6.75795,46.51175],[6.7569,46.50768],[6.75679,46.50737],[6.75656,46.50709],[6.75636,46.50683],[6.7558,46.50577],[6.75569,46.50554],[6.75385,46.50095],[6.75374,46.50005],[6.75369,46.49951],[6.75366,46.49922],[6.75365,46.49905],[6.75393,46.49723],[6.75393,46.49707],[6.75393,46.49701],[6.75392,46.49697],[6.75375,46.49578],[6.7538,46.49487],[6.75381,46.49411],[6.75396,46.49323],[6.75366,46.49254],[6.75359,46.49195],[6.75354,46.49177],[6.75343,46.49159],[6.7525,46.49081],[6.75224,46.49002],[6.75169,46.48936],[6.7516,46.48912],[6.75148,46.48871],[6.75137,46.48839],[6.75137,46.48837],[6.75133,46.48823],[6.75132,46.48821],[6.75127,46.48805],[6.75126,46.48802],[6.75122,46.48788],[6.75119,46.48775],[6.75118,46.48769],[6.75118,46.48758],[6.75124,46.48726],[6.75124,46.48708],[6.7512,46.4869],[6.75091,46.4865],[6.75082,46.48633]]]},"properties":{"bfs_nr":5607,"name":"Puidoux"}},{"type":"Feature","geometry":{"type":"Polygon","coordinates":[[[6.77608,46.47858],[6.77576,46.47734],[6.77652,46.47697],[6.77693,46.47673],[6.77709,46.47657],[6.77724,46.47623],[6.77718,46.47563],[6.77756,46.47487],[6.77757,46.47471],[6.77754,46.47455],[6.77737,46.47415],[6.76318,46.43945],[6.76412,46.43828],[6.76997,46.43721],[6.77109,46.4379],[6.78577,46.47378],[6.78441,46.47555],[6.78273,46.47647],[6.78116,46.47805],[6.78079,46.47884],[6.78,46.47926],[6.77713,46.47949],[6.77608,46.47858]]]},"properties":{"bfs_nr":5609,"name":"Rivaz"}},{"type":"Feature","geometry":{"type":"Polygon","coordinates":[[[6.78711,46.47467],[6.78585,46.47396],[6.77109,46.4379],[6.77203,46.43674],[6.7821,46.43477],[6.78378,46.43542],[6.7988,46.47209],[6.79896,46.47256],[6.79905,46.4746],[6.79953,46.47661],[6.79881,46.47766],[6.79904,46.47896],[6.79839,46.47965],[6.79709,46.47989],[6.79437,46.48189],[6.79314,46.48414],[6.79303,46.48468],[6.79286,46.48491],[6.79262,46.48516],[6.79221,46.48567],[6.79214,46.48575],[6.79211,46.48578],[6.792,46.48588],[6.79187,46.48599],[6.79173,46.48608],[6.79153,46.48622],[6.79123,46.48641],[6.79085,46.48671],[6.79069,46.48685],[6.79047,46.48701],[6.7884,46.48666],[6.78862,46.48563],[6.79007,46.4843],[6.79019,46.48256],[6.78867,46.48129],[6.78896,46.48001],[6.79019,46.4792],[6.79051,46.47889],[6.79059,46.47871],[6.79065,46.47853],[6.79068,46.47837],[6.79066,46.4782],[6.7905,46.47789],[6.79002,46.47726],[6.79012,46.47651],[6.78998,46.47618],[6.7892,46.47511],[6.78711,46.47467]]]},"properties":{"bfs_nr":5610,"name":"Saint-Saphorin (Lavaux)"}},{"type":"Feature","geometry":{"type":"Polygon","coordinates":[[[6.69818,46.54344],[6.70091,46.5412],[6.70162,46.53953],[6.70536,46.53904],[6.70664,46.53813],[6.70781,46.53807],[6.71004,46.53745],[6.71135,46.53645],[6.71157,46.53591],[6.71158,46.53477],[6.71068,46.53295],[6.7119,46.53191],[6.71229,46.5317],[6.7131,46.531],[6.71352,46.53073],[6.7153,46.53008],[6.71605,46.52977],[6.71626,46.52965],[6.71643,46.52949],[6.71654,46.52932],[6.7166,46.52914],[6.71661,46.52895],[6.71656,46.52877],[6.71499,46.52753],[6.71494,46.52684],[6.71607,46.52516],[6.71728,46.52449],[6.71768,46.52401],[6.71767,46.52328],[6.71748,46.52154],[6.71751,46.52117],[6.71734,46.52083],[6.71649,46.51937],[6.71687,46.51892],[6.71731,46.51873],[6.71998,46.51854],[6.72438,46.52177],[6.72659,46.5221],[6.72729,46.52353],[6.72845,46.52453],[6.72946,46.525],[6.73019,46.5256],[6.73245,46.52698],[6.73395,46.52834],[6.73696,46.52883],[6.73823,46.52991],[6.73889,46.5313],[6.73894,46.53133],[6.73966,46.53173],[6.73968,46.53174],[6.74031,46.53208],[6.74032,46.53209],[6.74215,46.53309],[6.74217,46.53311],[6.74254,46.5333],[6.74263,46.53335],[6.7438,46.53386],[6.74425,46.53415],[6.74469,46.53521],[6.7475,46.538],[6.74762,46.53926],[6.74874,46.54059],[6.74862,46.5418],[6.75222,46.54437],[6.75177,46.54566],[6.75297,46.54683],[6.75282,46.54765],[6.75208,46.54821],[6.75103,46.54968],[6.7506,46.5504],[6.75079,46.55119],[6.7523,46.55232],[6.75348,46.55289],[6.75449,46.55362],[6.75475,46.55397],[6.75516,46.55435],[6.75532,46.5547],[6.75503,46.55579],[6.75188,46.55715],[6.74988,46.55906],[6.74759,46.55972],[6.74658,46.56019],[6.74602,46.56055],[6.74566,46.56074],[6.74298,46.56141],[6.74276,46.56151],[6.74257,46.56163],[6.74243,46.56178],[6.74232,46.56194],[6.74227,46.56212],[6.74226,46.56222],[6.74226,46.56223],[6.74213,46.56311],[6.74207,46.56334],[6.7419,46.56365],[6.74189,46.56398],[6.74197,46.56432],[6.74203,46.5645],[6.74327,46.56628],[6.7439,46.56688],[6.74433,46.56706],[6.74483,46.56713],[6.74532,46.56706],[6.74554,46.56697],[6.74571,46.56688],[6.74593,46.56677],[6.74616,46.5667],[6.74648,46.56665],[6.74683,46.56664],[6.74731,46.56674],[6.74771,46.56694],[6.74799,46.56728],[6.74827,46.5679],[6.74302,46.57294],[6.74139,46.57309],[6.73776,46.57271],[6.7365,46.57279],[6.7333,46.57239],[6.7323,46.57188],[6.73178,46.57122],[6.73145,46.57091],[6.73098,46.57057],[6.73078,46.57046],[6.73055,46.57038],[6.7303,46.57033],[6.73004,46.57032],[6.72979,46.57034],[6.72954,46.57039],[6.72932,46.57048],[6.72913,46.5706],[6.72897,46.57074],[6.72849,46.57127],[6.7269,46.5729],[6.72621,46.57352],[6.72557,46.57374],[6.72485,46.57376],[6.72416,46.57383],[6.72369,46.57384],[6.72349,46.57382],[6.72325,46.57379],[6.72286,46.57369],[6.72239,46.57365],[6.72205,46.5736],[6.72173,46.57351],[6.7213,46.57329],[6.72089,46.57318],[6.71967,46.57298],[6.71797,46.57225],[6.71728,46.57135],[6.71681,46.57083],[6.71613,46.57017],[6.71526,46.5692],[6.7152,46.56913],[6.7144,46.56811],[6.71436,46.56805],[6.71361,46.56697],[6.71359,46.56695],[6.7131,46.56629],[6.71295,46.56613],[6.71276,46.566],[6.71238,46.56581],[6.71067,46.56545],[6.71022,46.56487],[6.7098,46.56451],[6.70961,46.56418],[6.70961,46.56383],[6.70976,46.56352],[6.70978,46.56313],[6.70871,46.56065],[6.70858,46.56043],[6.70841,46.56023],[6.70823,46.55991],[6.7079,46.55948],[6.70705,46.5586],[6.7068,46.55709],[6.70373,46.55236],[6.70088,46.5507],[6.70035,46.54795],[6.69818,46.54344]]]},"properties":{"bfs_nr":5611,"name":"Savigny"}},{"type":"Feature","geometry":{"type":"Polygon","coordinates":[[[6.70596,46.4986],[6.70392,46.49687],[6.70374,46.49668],[6.70362,46.49647],[6.68661,46.45439],[6.68756,46.45323],[6.73238,46.44449],[6.73407,46.44514],[6.75086,46.48643],[6.75123,46.48716],[6.75118,46.48749],[6.75118,46.48763],[6.75118,46.48768],[6.75119,46.48772],[6.75119,46.48778],[6.75121,46.48786],[6.75126,46.48803],[6.75127,46.48805],[6.75132,46.4882],[6.75133,46.48823],[6.75137,46.48838],[6.75137,46.4884],[6.75152,46.48886],[6.75157,46.48915],[6.75176,46.48952],[6.7525,46.49081],[6.75291,46.49126],[6.75327,46.4915],[6.75354,46.49183],[6.7536,46.49206],[6.75355,46.4925],[6.75379,46.49333],[6.75372,46.4937],[6.75379,46.49398],[6.75381,46.49417],[6.7538,46.49486],[6.7538,46.49495],[6.75376,46.49537],[6.75375,46.4958],[6.75379,46.49605],[6.75392,46.49696],[6.75393,46.49703],[6.75392,46.49728],[6.75368,46.49864],[6.75367,46.4987],[6.75365,46.49908],[6.75365,46.49919],[6.75369,46.49952],[6.75374,46.50006],[6.75385,46.50095],[6.75544,46.50559],[6.75484,46.50603],[6.7517,46.50726],[6.75165,46.50728],[6.74996,46.5079],[6.74993,46.50791],[6.74931,46.50812],[6.7493,46.50813],[6.7443,46.50984],[6.74425,46.50985],[6.74321,46.51018],[6.74245,46.51043],[6.74105,46.51091],[6.74086,46.51099],[6.74069,46.51109],[6.74067,46.51111],[6.7342,46.51517],[6.73254,46.5162],[6.73253,46.51621],[6.72807,46.51894],[6.72805,46.51895],[6.72511,46.52082],[6.72338,46.5209],[6.719,46.51739],[6.71873,46.51673],[6.71799,46.51577],[6.71791,46.51565],[6.71758,46.51509],[6.71753,46.51501],[6.71732,46.51458],[6.71723,46.51428],[6.71715,46.51379],[6.71677,46.51317],[6.71668,46.51254],[6.71636,46.51196],[6.71621,46.51177],[6.71596,46.51153],[6.71573,46.51136],[6.71545,46.5112],[6.71509,46.51094],[6.71484,46.5107],[6.71411,46.51014],[6.71388,46.50995],[6.7116,46.50837],[6.71144,46.50823],[6.7113,46.50808],[6.70889,46.50479],[6.70882,46.50466],[6.70849,46.50418],[6.7083,46.50395],[6.70817,46.50379],[6.70813,46.50373],[6.70803,46.50353],[6.70784,46.50297],[6.70777,46.50258],[6.70688,46.50171],[6.70641,46.50048],[6.70624,46.49902],[6.70596,46.4986]]]},"properties":{"bfs_nr":5613,"name":"Bourg-en-Lavaux"}},{"type":"Feature","geometry":{"type":"Polygon","coordinates":[[[6.49361,46.57038],[6.49443,46.56845],[6.49672,46.56709],[6.49691,46.56676],[6.49693,46.56658],[6.4969,46.5664],[6.49681,46.56623],[6.49661,46.56592],[6.49659,46.56589],[6.4964,46.5656],[6.49639,46.56558],[6.49555,46.56418],[6.4955,46.56409],[6.49542,46.56393],[6.49537,46.56381],[6.49526,46.56315],[6.49525,46.56311],[6.49517,46.56271],[6.49515,46.56263],[6.49511,46.56252],[6.49506,46.56241],[6.49471,46.56174],[6.49467,46.56144],[6.49468,46.5612],[6.49525,46.56059],[6.49852,46.56054],[6.49955,46.56238],[6.50003,46.56277],[6.50025,46.56285],[6.50049,46.5629],[6.50074,46.56291],[6.50099,46.5629],[6.50123,46.56285],[6.50295,46.56236],[6.50642,46.56046],[6.50903,46.56006],[6.51001,46.56067],[6.51063,46.56091],[6.51087,46.56093],[6.51111,46.56092],[6.51187,46.56085],[6.51232,46.56074],[6.51405,46.55988],[6.51944,46.55987],[6.52159,46.56093],[6.52176,46.56182],[6.5218,46.562],[6.52189,46.56217],[6.52222,46.56245],[6.52269,46.56263],[6.52592,46.56228],[6.52661,46.56301],[6.52655,46.5635],[6.52651,46.56398],[6.52653,46.56419],[6.52664,46.56473],[6.52654,46.56507],[6.52626,46.56535],[6.52581,46.56563],[6.5255,46.56623],[6.52555,46.56703],[6.52456,46.56776],[6.52434,46.56807],[6.52429,46.56824],[6.52435,46.56859],[6.52519,46.57035],[6.52566,46.57458],[6.52265,46.57591],[6.52152,46.57735],[6.51613,46.57559],[6.51525,46.5746],[6.51484,46.57437],[6.51381,46.57432],[6.5131,46.57455],[6.51239,46.57526],[6.51042,46.57633],[6.5101,46.57669],[6.50964,46.57693],[6.5094,46.5771],[6.50924,46.5772],[6.509,46.5773],[6.50898,46.5773],[6.50815,46.57744],[6.50758,46.57736],[6.50621,46.57694],[6.50564,46.57664],[6.50445,46.57653],[6.50326,46.57596],[6.50204,46.57488],[6.49747,46.57378],[6.4954,46.57295],[6.49361,46.57038]]]},"properties":{"bfs_nr":5621,"name":"Aclens"}},{"type":"Feature","geometry":{"type":"Polygon","coordinates":[[[6.5026,46.54319],[6.50277,46.54204],[6.50469,46.54079],[6.50781,46.53986],[6.51064,46.54148],[6.51103,46.54168],[6.51125,46.54174],[6.51149,46.54177],[6.51173,46.54177],[6.51197,46.54174],[6.51219,46.54168],[6.5124,46.54159],[6.51278,46.54132],[6.51297,46.54121],[6.51324,46.54112],[6.51671,46.54017],[6.51964,46.53951],[6.52184,46.53953],[6.52392,46.54139],[6.52572,46.5438],[6.52654,46.54419],[6.52733,46.54424],[6.528,46.54451],[6.52827,46.54482],[6.52833,46.54499],[6.52834,46.54522],[6.52822,46.54635],[6.52839,46.54686],[6.52872,46.54712],[6.53062,46.54789],[6.5307,46.5495],[6.53365,46.55109],[6.53414,46.55207],[6.53229,46.55354],[6.5316,46.55541],[6.53022,46.55589],[6.52654,46.55965],[6.5245,46.55925],[6.52402,46.55788],[6.51901,46.5555],[6.51826,46.55471],[6.51822,46.55466],[6.51808,46.55453],[6.51779,46.5543],[6.51744,46.55406],[6.51722,46.55388],[6.51705,46.55372],[6.517,46.55367],[6.51679,46.55344],[6.51672,46.55335],[6.51621,46.5527],[6.51618,46.55266],[6.51551,46.5517],[6.51546,46.55163],[6.51539,46.55148],[6.5153,46.55112],[6.51506,46.5508],[6.51219,46.55076],[6.51079,46.55053],[6.51007,46.55055],[6.50959,46.55044],[6.50921,46.55022],[6.50837,46.54842],[6.50494,46.54648],[6.5026,46.54319]]]},"properties":{"bfs_nr":5622,"name":"Bremblens"}},{"type":"Feature","geometry":{"type":"Polygon","coordinates":[[[6.39343,46.46249],[6.39331,46.46226],[6.39319,46.46211],[6.39316,46.46207],[6.39311,46.462],[6.39308,46.46196],[6.39301,46.46189],[6.3919,46.46079],[6.39181,46.46068],[6.3917,46.4605],[6.39165,46.46043],[6.39158,46.4603],[6.39149,46.46007],[6.39166,46.45946],[6.42494,46.4167],[6.42687,46.41634],[6.46744,46.43396],[6.46787,46.43526],[6.4359,46.47046],[6.43497,46.47289],[6.43465,46.47328],[6.43448,46.47342],[6.43402,46.47365],[6.43351,46.47383],[6.43289,46.47433],[6.43192,46.47455],[6.43039,46.47452],[6.4294,46.47422],[6.42869,46.47224],[6.42551,46.47166],[6.42502,46.47161],[6.42449,46.47167],[6.42438,46.47167],[6.42423,46.47168],[6.42409,46.47169],[6.42391,46.47169],[6.42385,46.47168],[6.42302,46.47167],[6.42259,46.47167],[6.42146,46.47168],[6.42141,46.47168],[6.42064,46.47168],[6.42048,46.47169],[6.42004,46.47165],[6.41869,46.47159],[6.41853,46.47159],[6.41833,46.4716],[6.41806,46.47163],[6.41789,46.47166],[6.4177,46.4717],[6.41667,46.47202],[6.41661,46.47204],[6.41514,46.47245],[6.41493,46.4725],[6.41416,46.47264],[6.41414,46.47265],[6.41345,46.47277],[6.41337,46.47279],[6.41257,46.47297],[6.41235,46.47301],[6.41193,46.47307],[6.41183,46.47308],[6.41162,46.47312],[6.41152,46.47315],[6.41129,46.47321],[6.41101,46.47329],[6.41088,46.47334],[6.4107,46.47341],[6.41053,46.4735],[6.40954,46.47399],[6.40845,46.47399],[6.40731,46.47367],[6.40679,46.47222],[6.40615,46.47159],[6.40601,46.47142],[6.40596,46.47134],[6.40592,46.47127],[6.40583,46.47108],[6.40579,46.47087],[6.40582,46.47064],[6.40582,46.47062],[6.40586,46.4705],[6.40656,46.4694],[6.40664,46.46907],[6.40661,46.4689],[6.40654,46.46874],[6.40642,46.4686],[6.40632,46.4685],[6.40617,46.46837],[6.40608,46.46831],[6.40597,46.46824],[6.40591,46.46821],[6.40581,46.46815],[6.40568,46.46809],[6.40558,46.46805],[6.40543,46.468],[6.40489,46.46782],[6.40376,46.46685],[6.40188,46.46666],[6.40114,46.46575],[6.40099,46.4656],[6.40056,46.46536],[6.40004,46.46527],[6.39949,46.46527],[6.39903,46.46517],[6.39866,46.46496],[6.39825,46.46456],[6.39806,46.46445],[6.39784,46.46436],[6.3976,46.46431],[6.39751,46.4643],[6.39731,46.46428],[6.39711,46.46428],[6.39668,46.4643],[6.39627,46.46433],[6.39599,46.46432],[6.39555,46.46421],[6.39519,46.46399],[6.39491,46.46368],[6.3946,46.46345],[6.39378,46.46302],[6.39361,46.46279],[6.39343,46.46249]]]},"properties":{"bfs_nr":5623,"name":"Buchillon"}},{"type":"Feature","geometry":{"type":"Polygon","coordinates":[[[6.52831,46.55969],[6.5276,46.55863],[6.52919,46.55769],[6.52996,46.55633],[6.53145,46.55583],[6.53444,46.55228],[6.53652,46.55204],[6.53915,46.55134],[6.54097,46.55116],[6.54165,46.54929],[6.54448,46.54782],[6.54489,46.547],[6.54474,46.54611],[6.54535,46.54561],[6.54691,46.54545],[6.54735,46.54539],[6.5476,46.54533],[6.54783,46.54523],[6.55057,46.54415],[6.55209,46.54126],[6.55688,46.54079],[6.55788,46.54104],[6.55832,46.54144],[6.55856,46.54165],[6.55865,46.54171],[6.55891,46.5419],[6.55895,46.54192],[6.55926,46.54212],[6.55933,46.54216],[6.55964,46.54234],[6.55969,46.54236],[6.55995,46.5425],[6.56014,46.54258],[6.56037,46.54266],[6.56073,46.54274],[6.56113,46.54285],[6.56164,46.54297],[6.56179,46.543],[6.56209,46.54305],[6.56243,46.54309],[6.56266,46.54311],[6.5629,46.54317],[6.56367,46.54401],[6.56356,46.54456],[6.56361,46.54473],[6.5637,46.5449],[6.56403,46.54518],[6.56425,46.54528],[6.56449,46.54535],[6.56608,46.54568],[6.56659,46.54586],[6.56672,46.54848],[6.56653,46.5488],[6.56627,46.54901],[6.56614,46.54914],[6.56604,46.54928],[6.56599,46.54944],[6.56593,46.54966],[6.56589,46.54974],[6.56581,46.54993],[6.56577,46.55009],[6.56578,46.55025],[6.56586,46.55057],[6.56589,46.55075],[6.5659,46.55078],[6.5659,46.55082],[6.56592,46.5509],[6.56654,46.55333],[6.56657,46.55341],[6.5666,46.55349],[6.56671,46.55388],[6.56672,46.55409],[6.56672,46.55414],[6.56674,46.55425],[6.56676,46.55436],[6.56677,46.55441],[6.56681,46.55463],[6.5668,46.55468],[6.5668,46.55485],[6.56684,46.55501],[6.56693,46.55517],[6.56706,46.55532],[6.56733,46.55555],[6.56751,46.55589],[6.56739,46.55641],[6.56631,46.55738],[6.56612,46.55748],[6.56586,46.55757],[6.56525,46.55773],[6.56523,46.55774],[6.56486,46.55784],[6.56464,46.55791],[6.56445,46.55801],[6.56442,46.55802],[6.5642,46.55811],[6.56321,46.55825],[6.56245,46.55878],[6.5614,46.56052],[6.56018,46.56113],[6.55994,46.56141],[6.55972,46.56184],[6.5596,46.56203],[6.55945,46.56216],[6.55907,46.56237],[6.55861,46.56246],[6.55756,46.56244],[6.55554,46.56331],[6.55016,46.56362],[6.5475,46.56301],[6.54681,46.56224],[6.54644,46.56202],[6.54621,46.56195],[6.54597,46.56191],[6.54572,46.5619],[6.54548,46.56193],[6.54357,46.56223],[6.5404,46.56211],[6.53402,46.56037],[6.53238,46.56057],[6.5313,46.56053],[6.53049,46.56076],[6.52831,46.55969]]]},"properties":{"bfs_nr":5624,"name":"Bussigny"}},{"type":"Feature","geometry":{"type":"Polygon","coordinates":[[[6.56639,46.526],[6.56772,46.52311],[6.57,46.52201],[6.57139,46.52246],[6.57383,46.52291],[6.5755,46.52299],[6.57816,46.52441],[6.58165,46.52469],[6.58403,46.52133],[6.58586,46.52187],[6.58594,46.5225],[6.58676,46.52514],[6.58878,46.52711],[6.58831,46.52793],[6.58664,46.52842],[6.58533,46.52835],[6.58382,46.52881],[6.58252,46.52954],[6.57988,46.52935],[6.57907,46.52976],[6.57902,46.53062],[6.5805,46.53189],[6.58081,46.53268],[6.58048,46.53402],[6.57952,46.53442],[6.57932,46.53453],[6.57903,46.53483],[6.57878,46.53568],[6.57694,46.53633],[6.57513,46.53486],[6.57408,46.53483],[6.57268,46.53522],[6.57115,46.53441],[6.56674,46.52823],[6.56643,46.52733],[6.56639,46.526]]]},"properties":{"bfs_nr":5627,"name":"Chavannes-pr\u00e8s-Renens"}},{"type":"Feature","geometry":{"type":"Polygon","coordinates":[[[6.47075,46.51882],[6.47071,46.51852],[6.47071,46.51833],[6.47083,46.51784],[6.47088,46.5177],[6.47094,46.51759],[6.47106,46.51739],[6.47118,46.51724],[6.47181,46.51653],[6.47191,46.51638],[6.47197,46.51622],[6.472,46.51606],[6.47198,46.5159],[6.47166,46.51508],[6.47148,46.51479],[6.47101,46.51431],[6.47078,46.51397],[6.47095,46.51328],[6.47337,46.51042],[6.47539,46.51016],[6.47906,46.51343],[6.4821,46.51282],[6.48401,46.51387],[6.48444,46.51466],[6.484,46.51524],[6.48271,46.51598],[6.48031,46.5168],[6.48,46.51709],[6.47991,46.51773],[6.48088,46.51877],[6.48014,46.52088],[6.47878,46.52116],[6.47837,46.52137],[6.47721,46.52169],[6.47691,46.52174],[6.47642,46.52173],[6.47619,46.52168],[6.47561,46.52147],[6.47531,46.52143],[6.47276,46.52125],[6.47245,46.52121],[6.47202,46.52105],[6.4717,46.52079],[6.47157,46.5206],[6.47083,46.51907],[6.47077,46.51891],[6.47075,46.51882]]]},"properties":{"bfs_nr":5628,"name":"Chigny"}},{"type":"Feature","geometry":{"type":"Polygon","coordinates":[[[6.44479,46.54954],[6.44588,46.5479],[6.44597,46.54705],[6.44698,46.54593],[6.44744,46.54354],[6.44721,46.54314],[6.44712,46.54296],[6.44685,46.54238],[6.44683,46.54234],[6.44671,46.54204],[6.44668,46.54196],[6.44665,46.54186],[6.44661,46.54163],[6.44683,46.54112],[6.4472,46.54087],[6.44749,46.54077],[6.44796,46.54064],[6.44813,46.54058],[6.44849,46.54044],[6.4486,46.54039],[6.44944,46.54],[6.45015,46.53992],[6.45085,46.54014],[6.45153,46.54051],[6.45174,46.54065],[6.45188,46.54078],[6.452,46.54097],[6.45212,46.54118],[6.45225,46.54139],[6.45228,46.54144],[6.45245,46.54168],[6.45256,46.54181],[6.45435,46.54353],[6.4558,46.54456],[6.45473,46.54789],[6.45286,46.54875],[6.45182,46.54994],[6.45113,46.55134],[6.45095,46.55209],[6.4515,46.55607],[6.44919,46.55784],[6.44826,46.55913],[6.44627,46.5582],[6.4468,46.55621],[6.44635,46.55259],[6.44472,46.5505],[6.44479,46.54954]]]},"properties":{"bfs_nr":5629,"name":"Clarmont"}},{"type":"Feature","geometry":{"type":"Polygon","coordinates":[[[6.44003,46.51918],[6.43911,46.51684],[6.44109,46.51504],[6.44125,46.51488],[6.44141,46.51452],[6.4412,46.51256],[6.44067,46.51142],[6.44118,46.51086],[6.44145,46.51075],[6.44179,46.51064],[6.44182,46.51063],[6.44218,46.5105],[6.44225,46.51047],[6.4426,46.51033],[6.44276,46.51025],[6.44306,46.51008],[6.44315,46.51003],[6.44352,46.50978],[6.44382,46.50957],[6.44388,46.50952],[6.44419,46.50926],[6.44428,46.50918],[6.44449,46.50901],[6.44552,46.50877],[6.44755,46.50884],[6.44785,46.50888],[6.44808,46.50893],[6.44835,46.50904],[6.4494,46.50956],[6.44962,46.50965],[6.44986,46.50971],[6.45011,46.50973],[6.45036,46.50972],[6.45084,46.5096],[6.45209,46.50886],[6.45553,46.5088],[6.46072,46.51136],[6.46098,46.51146],[6.46377,46.51227],[6.46419,46.51244],[6.46653,46.51377],[6.46692,46.5141],[6.46729,46.51456],[6.46807,46.51554],[6.46818,46.51573],[6.46825,46.51606],[6.46821,46.51622],[6.46802,46.51652],[6.46653,46.51758],[6.46626,46.51786],[6.46618,46.51802],[6.46615,46.51818],[6.46622,46.51851],[6.46646,46.51882],[6.46749,46.51981],[6.46747,46.52016],[6.46725,46.52049],[6.46704,46.52065],[6.46626,46.52114],[6.4662,46.52117],[6.46613,46.52121],[6.46588,46.52134],[6.46565,46.5214],[6.46482,46.52161],[6.45952,46.52432],[6.45602,46.52692],[6.45494,46.5269],[6.44811,46.5248],[6.44614,46.52403],[6.44538,46.52374],[6.44537,46.52373],[6.44421,46.52328],[6.44365,46.52306],[6.44342,46.52299],[6.44292,46.52295],[6.44243,46.52304],[6.44102,46.52395],[6.44053,46.52404],[6.43973,46.52391],[6.4372,46.52276],[6.43719,46.52194],[6.43921,46.52085],[6.44003,46.51918]]]},"properties":{"bfs_nr":5631,"name":"Denens"}},{"type":"Feature","geometry":{"type":"Polygon","coordinates":[[[6.53114,46.52922],[6.53263,46.52847],[6.53286,46.52817],[6.53291,46.528],[6.53291,46.52783],[6.53286,46.52766],[6.53277,46.5275],[6.53263,46.52736],[6.53226,46.52713],[6.53124,46.52684],[6.53065,46.52626],[6.5311,46.52431],[6.53397,46.52169],[6.5339,46.52037],[6.53418,46.51989],[6.53423,46.51973],[6.53423,46.51957],[6.53419,46.51941],[6.53411,46.51926],[6.53399,46.51912],[6.53369,46.51883],[6.53352,46.51863],[6.53344,46.51846],[6.53341,46.51828],[6.53343,46.5181],[6.5335,46.51793],[6.53363,46.51777],[6.53423,46.51743],[6.53475,46.51731],[6.53514,46.5171],[6.53545,46.51663],[6.53564,46.51558],[6.54066,46.51398],[6.54189,46.51403],[6.54344,46.51528],[6.54296,46.51667],[6.54378,46.51788],[6.54526,46.5191],[6.54532,46.51974],[6.54523,46.5199],[6.54513,46.52001],[6.54507,46.5201],[6.54503,46.52015],[6.54493,46.52034],[6.54486,46.52049],[6.54481,46.52062],[6.54479,46.52067],[6.54475,46.52079],[6.54473,46.52086],[6.54472,46.52092],[6.54471,46.52093],[6.5447,46.5211],[6.54474,46.52127],[6.54498,46.52204],[6.54584,46.52314],[6.54474,46.5244],[6.54473,46.52507],[6.54484,46.52523],[6.54532,46.52575],[6.54726,46.5276],[6.54707,46.52861],[6.54524,46.53055],[6.54429,46.53075],[6.54381,46.53064],[6.54289,46.53014],[6.54167,46.52965],[6.54065,46.52927],[6.54043,46.5292],[6.53775,46.52971],[6.5355,46.53043],[6.53437,46.53117],[6.53116,46.53055],[6.53075,46.52973],[6.53094,46.5294],[6.53114,46.52922]]]},"properties":{"bfs_nr":5632,"name":"Denges"}},{"type":"Feature","geometry":{"type":"Polygon","coordinates":[[[6.52299,46.53583],[6.52332,46.5353],[6.52375,46.53495],[6.52405,46.53442],[6.52482,46.53402],[6.52843,46.53384],[6.53176,46.53153],[6.53476,46.53134],[6.53828,46.52971],[6.54033,46.52934],[6.54118,46.52947],[6.54295,46.53018],[6.5438,46.53065],[6.54429,46.53075],[6.5448,46.53072],[6.54684,46.53006],[6.54874,46.53075],[6.54966,46.53102],[6.55172,46.53253],[6.55249,46.53438],[6.55044,46.53624],[6.55112,46.53728],[6.55029,46.54002],[6.55046,46.54066],[6.55079,46.54123],[6.55083,46.54165],[6.55124,46.54227],[6.55086,46.54352],[6.54864,46.54419],[6.54808,46.54499],[6.54774,46.54525],[6.54752,46.54534],[6.54596,46.54544],[6.54523,46.54563],[6.54461,46.54623],[6.54458,46.54735],[6.54352,46.54822],[6.54196,46.54867],[6.54075,46.55046],[6.53906,46.55065],[6.53595,46.55204],[6.53487,46.55174],[6.53071,46.54949],[6.53068,46.54793],[6.53003,46.54741],[6.52918,46.54727],[6.52839,46.54685],[6.52823,46.5463],[6.52834,46.54518],[6.52834,46.54499],[6.52828,46.54482],[6.52801,46.5445],[6.52781,46.54438],[6.52733,46.54423],[6.52656,46.54418],[6.52574,46.5438],[6.52332,46.54053],[6.52454,46.53859],[6.52282,46.53707],[6.52299,46.53583]]]},"properties":{"bfs_nr":5633,"name":"Echandens"}},{"type":"Feature","geometry":{"type":"Polygon","coordinates":[[[6.449,46.55828],[6.45159,46.55613],[6.45161,46.55292],[6.45107,46.5523],[6.45122,46.55138],[6.45263,46.54916],[6.45461,46.54816],[6.45584,46.54607],[6.45712,46.5455],[6.45894,46.54554],[6.45919,46.54555],[6.45943,46.54552],[6.45966,46.54546],[6.45987,46.54538],[6.46006,46.54526],[6.46021,46.54513],[6.46069,46.5446],[6.46106,46.54432],[6.46127,46.54424],[6.46149,46.54418],[6.46173,46.54415],[6.46198,46.54415],[6.46221,46.54419],[6.46244,46.54425],[6.46264,46.54435],[6.46287,46.5445],[6.463,46.5446],[6.4631,46.54467],[6.46319,46.54472],[6.4633,46.54478],[6.4634,46.54484],[6.46353,46.54489],[6.46374,46.54497],[6.46377,46.54498],[6.4642,46.54514],[6.46422,46.54515],[6.46476,46.54533],[6.4648,46.54535],[6.46566,46.54562],[6.46591,46.54568],[6.46843,46.54547],[6.47049,46.54481],[6.47121,46.54336],[6.47314,46.54156],[6.47222,46.54043],[6.47273,46.53892],[6.47244,46.53815],[6.47259,46.53747],[6.47368,46.53681],[6.47477,46.53272],[6.47478,46.53238],[6.4747,46.53203],[6.47469,46.532],[6.47462,46.53179],[6.47456,46.53165],[6.47445,46.53146],[6.47436,46.53133],[6.47426,46.53121],[6.47412,46.53099],[6.47405,46.53085],[6.47399,46.53054],[6.47666,46.52749],[6.48314,46.5213],[6.48543,46.52179],[6.48579,46.52187],[6.48598,46.5219],[6.48623,46.52191],[6.48726,46.52192],[6.48853,46.52176],[6.49254,46.52288],[6.49538,46.52312],[6.49851,46.52275],[6.49995,46.52316],[6.50345,46.52317],[6.50492,46.52245],[6.50649,46.52269],[6.50675,46.52497],[6.50516,46.52617],[6.50566,46.53014],[6.50471,46.53075],[6.50446,46.53138],[6.50479,46.53227],[6.50435,46.53345],[6.50449,46.53377],[6.50513,46.53459],[6.50609,46.53519],[6.50683,46.53993],[6.50385,46.54104],[6.50252,46.54225],[6.50244,46.54296],[6.50641,46.54866],[6.50422,46.54979],[6.50402,46.5505],[6.50533,46.55312],[6.50449,46.5544],[6.50148,46.55472],[6.50068,46.55513],[6.50037,46.55518],[6.50012,46.55524],[6.4999,46.55533],[6.49971,46.55545],[6.49956,46.5556],[6.49945,46.55576],[6.49939,46.55593],[6.49938,46.55611],[6.49942,46.55629],[6.49983,46.55778],[6.49971,46.5581],[6.4992,46.5585],[6.49837,46.55882],[6.49776,46.55933],[6.49748,46.55997],[6.49657,46.56035],[6.49424,46.55962],[6.49314,46.55489],[6.49288,46.55458],[6.49269,46.55446],[6.49247,46.55437],[6.49222,46.5543],[6.49196,46.55428],[6.4917,46.55429],[6.49145,46.55433],[6.48968,46.55479],[6.4891,46.55509],[6.48884,46.55573],[6.48898,46.55655],[6.48899,46.55677],[6.48885,46.55711],[6.48854,46.55738],[6.4881,46.55755],[6.48785,46.55759],[6.48715,46.55759],[6.48643,46.55783],[6.48326,46.5596],[6.48293,46.56004],[6.48276,46.5608],[6.48244,46.56106],[6.48217,46.56118],[6.47718,46.56301],[6.47551,46.56419],[6.47346,46.56418],[6.47193,46.56556],[6.47125,46.56573],[6.47102,46.56577],[6.46873,46.56606],[6.46843,46.56608],[6.46795,46.56602],[6.46703,46.56544],[6.46658,46.56529],[6.46584,46.5653],[6.46238,46.56609],[6.46124,46.56677],[6.45959,46.56659],[6.45506,46.56324],[6.45272,46.56252],[6.45246,46.56242],[6.45227,46.56231],[6.45201,46.56204],[6.4519,46.56172],[6.45202,46.56087],[6.45164,46.55974],[6.44948,46.55927],[6.449,46.55828]]]},"properties":{"bfs_nr":5634,"name":"Echichens"}},{"type":"Feature","geometry":{"type":"Polygon","coordinates":[[[6.54304,46.51642],[6.54515,46.51455],[6.54567,46.51448],[6.54627,46.51452],[6.54654,46.5145],[6.54856,46.51419],[6.54926,46.51407],[6.54929,46.51406],[6.55013,46.51393],[6.55048,46.5139],[6.55082,46.51389],[6.55341,46.51389],[6.55343,46.51389],[6.55494,46.51389],[6.55509,46.5139],[6.55565,46.51393],[6.55575,46.51393],[6.55608,46.51396],[6.55652,46.51402],[6.55748,46.5141],[6.55775,46.51414],[6.55801,46.51421],[6.55837,46.51433],[6.55982,46.51486],[6.56152,46.51561],[6.56347,46.51653],[6.5655,46.51688],[6.56958,46.51728],[6.56984,46.51732],[6.57047,46.51743],[6.57077,46.5175],[6.57097,46.51756],[6.57113,46.5176],[6.5714,46.51767],[6.57207,46.51788],[6.57209,46.51789],[6.5738,46.51842],[6.57383,46.51842],[6.57485,46.51872],[6.57487,46.51873],[6.57665,46.51922],[6.57667,46.51923],[6.57694,46.51931],[6.57698,46.51932],[6.57729,46.51941],[6.57736,46.51943],[6.57765,46.5195],[6.57779,46.51953],[6.58258,46.52036],[6.58358,46.52153],[6.5818,46.52438],[6.57824,46.52439],[6.57563,46.52295],[6.57321,46.52253],[6.57138,46.52242],[6.57015,46.52199],[6.56914,46.52206],[6.56785,46.52284],[6.56683,46.52406],[6.56626,46.52585],[6.56644,46.52774],[6.56669,46.52816],[6.56789,46.52987],[6.57142,46.5348],[6.57194,46.53518],[6.57306,46.53526],[6.57513,46.53486],[6.57582,46.53544],[6.57676,46.53884],[6.57664,46.53898],[6.57645,46.53914],[6.57564,46.53968],[6.57551,46.53976],[6.57523,46.53992],[6.57507,46.54002],[6.57472,46.54019],[6.57434,46.54033],[6.5743,46.54035],[6.57425,46.54036],[6.57396,46.54044],[6.5737,46.54048],[6.57341,46.54054],[6.57314,46.54065],[6.57307,46.54069],[6.57296,46.54076],[6.57284,46.54084],[6.57273,46.5409],[6.5726,46.54098],[6.57251,46.54103],[6.57231,46.5411],[6.57223,46.54114],[6.57217,46.54116],[6.57206,46.54121],[6.57078,46.54191],[6.57075,46.54193],[6.56999,46.54232],[6.56972,46.54243],[6.56862,46.54283],[6.5685,46.54288],[6.56822,46.54299],[6.56715,46.54332],[6.56692,46.54338],[6.5667,46.54343],[6.56637,46.54347],[6.56611,46.54347],[6.56456,46.54303],[6.56342,46.5431],[6.56228,46.54307],[6.56182,46.54301],[6.5616,46.54296],[6.56117,46.54286],[6.56084,46.54276],[6.56051,46.54269],[6.56026,46.54262],[6.56019,46.54259],[6.55991,46.54247],[6.5597,46.54237],[6.55963,46.54233],[6.55934,46.54217],[6.55925,46.54211],[6.55896,46.54193],[6.5589,46.54189],[6.55867,46.54173],[6.55854,46.54163],[6.55834,46.54146],[6.55822,46.54135],[6.55794,46.54105],[6.55757,46.54057],[6.55699,46.54027],[6.5537,46.54028],[6.55278,46.54104],[6.55109,46.54116],[6.55048,46.54067],[6.55037,46.53979],[6.5507,46.53934],[6.55115,46.53729],[6.55082,46.53643],[6.55257,46.53453],[6.55165,46.5323],[6.54975,46.531],[6.5481,46.53052],[6.54774,46.53026],[6.54755,46.52958],[6.54754,46.52746],[6.54633,46.52618],[6.54556,46.52589],[6.54517,46.52559],[6.54495,46.52529],[6.54486,46.52496],[6.54603,46.52368],[6.54588,46.52264],[6.54508,46.52204],[6.54474,46.52128],[6.54471,46.52112],[6.54472,46.52091],[6.54475,46.52078],[6.5448,46.52065],[6.54489,46.52044],[6.54494,46.52034],[6.54504,46.52014],[6.54518,46.51997],[6.54523,46.5199],[6.54534,46.51975],[6.54538,46.51925],[6.54519,46.51895],[6.54304,46.51642]]]},"properties":{"bfs_nr":5635,"name":"Ecublens (VD)"}},{"type":"Feature","geometry":{"type":"Polygon","coordinates":[[[6.40496,46.48141],[6.40694,46.47975],[6.40677,46.47902],[6.40683,46.47866],[6.4073,46.47793],[6.40735,46.47775],[6.40735,46.47757],[6.4073,46.47739],[6.40704,46.47557],[6.40875,46.47428],[6.40991,46.47393],[6.4103,46.47372],[6.41058,46.47349],[6.41084,46.47336],[6.41131,46.4732],[6.41149,46.47315],[6.41164,46.47312],[6.41196,46.47306],[6.41239,46.473],[6.41253,46.47298],[6.41336,46.47279],[6.41347,46.47277],[6.41415,46.47265],[6.41416,46.47264],[6.41496,46.47249],[6.41511,46.47246],[6.41662,46.47204],[6.41666,46.47203],[6.41766,46.47172],[6.41799,46.47164],[6.4184,46.47159],[6.41873,46.47159],[6.41997,46.47165],[6.42047,46.4717],[6.42133,46.47169],[6.4216,46.47168],[6.42303,46.47167],[6.42386,46.47168],[6.4239,46.47169],[6.42411,46.47169],[6.4242,46.47168],[6.42439,46.47167],[6.42446,46.47167],[6.42483,46.47167],[6.42537,46.47165],[6.42759,46.4721],[6.42832,46.47279],[6.42812,46.47592],[6.42814,46.47608],[6.4282,46.47625],[6.42831,46.4764],[6.42846,46.47653],[6.42864,46.47664],[6.42884,46.47673],[6.42894,46.47677],[6.43131,46.47766],[6.43157,46.47778],[6.43188,46.47804],[6.43203,46.47836],[6.432,46.47869],[6.43169,46.47923],[6.43171,46.47956],[6.43178,46.47972],[6.43189,46.47987],[6.43204,46.48],[6.43222,46.48011],[6.43272,46.48036],[6.43323,46.48063],[6.43327,46.48065],[6.43373,46.48091],[6.43377,46.48093],[6.43423,46.4812],[6.43425,46.48122],[6.43448,46.48136],[6.4345,46.48137],[6.43481,46.48157],[6.43504,46.48174],[6.43517,46.4819],[6.43528,46.48227],[6.435,46.48283],[6.43319,46.48499],[6.43449,46.48647],[6.43433,46.48735],[6.43454,46.48766],[6.43471,46.48779],[6.43491,46.4879],[6.43826,46.48929],[6.4387,46.48957],[6.4389,46.49028],[6.43882,46.49046],[6.43865,46.49066],[6.43652,46.49264],[6.43638,46.4928],[6.43629,46.49298],[6.43626,46.49316],[6.43628,46.49335],[6.43636,46.49352],[6.43649,46.49369],[6.43709,46.49414],[6.43734,46.49459],[6.43729,46.49492],[6.43619,46.49625],[6.43529,46.49651],[6.43248,46.49601],[6.43097,46.49535],[6.42997,46.49533],[6.42937,46.49565],[6.42834,46.49664],[6.42767,46.497],[6.42559,46.49725],[6.424,46.49603],[6.41767,46.49294],[6.41644,46.49283],[6.41545,46.49336],[6.41493,46.49345],[6.41466,46.49343],[6.41434,46.49337],[6.4143,46.49336],[6.41404,46.49326],[6.41369,46.49304],[6.41314,46.49255],[6.41125,46.49163],[6.41101,46.49149],[6.41074,46.49119],[6.41066,46.49085],[6.41077,46.49051],[6.41119,46.48961],[6.40994,46.48623],[6.40694,46.48447],[6.40604,46.48327],[6.40444,46.48229],[6.40496,46.48141]]]},"properties":{"bfs_nr":5636,"name":"Etoy"}},{"type":"Feature","geometry":{"type":"Polygon","coordinates":[[[6.39398,46.50764],[6.39414,46.5075],[6.39438,46.50727],[6.39451,46.50714],[6.39453,46.50711],[6.39459,46.50704],[6.39463,46.50699],[6.39471,46.50689],[6.39476,46.50681],[6.39479,46.50677],[6.39482,46.5067],[6.39484,46.50665],[6.39488,46.50655],[6.39491,46.50646],[6.39492,46.5064],[6.39493,46.50635],[6.39494,46.50626],[6.39494,46.50618],[6.39491,46.50587],[6.39453,46.5047],[6.39459,46.50435],[6.39473,46.50395],[6.39495,46.5036],[6.39537,46.50316],[6.39573,46.50289],[6.39731,46.50205],[6.39764,46.5018],[6.39782,46.50149],[6.39781,46.50115],[6.39762,46.50083],[6.39728,46.50059],[6.39714,46.50053],[6.3971,46.5005],[6.39673,46.50032],[6.39651,46.50018],[6.39636,46.50005],[6.39618,46.49974],[6.39618,46.49941],[6.39749,46.49661],[6.39793,46.49642],[6.39825,46.49636],[6.39848,46.4963],[6.39886,46.49609],[6.39978,46.49513],[6.40001,46.49506],[6.40026,46.49502],[6.40108,46.49494],[6.40177,46.49445],[6.40206,46.49362],[6.40315,46.49256],[6.40494,46.48988],[6.40501,46.4897],[6.40502,46.48952],[6.40474,46.48901],[6.40387,46.48818],[6.40389,46.48785],[6.40398,46.48767],[6.40425,46.48734],[6.40444,46.48718],[6.40464,46.48706],[6.40517,46.48674],[6.40537,46.48642],[6.4052,46.48564],[6.40642,46.48467],[6.41005,46.48665],[6.41114,46.48948],[6.41068,46.49067],[6.41065,46.49085],[6.41067,46.49102],[6.41074,46.49119],[6.41085,46.49135],[6.41101,46.49149],[6.4112,46.49161],[6.41253,46.49226],[6.41335,46.49302],[6.41377,46.49321],[6.41446,46.4934],[6.41471,46.49345],[6.41497,46.49347],[6.41548,46.49339],[6.41777,46.49299],[6.4239,46.49615],[6.42389,46.49851],[6.42235,46.50001],[6.42094,46.50141],[6.42086,46.5015],[6.41818,46.50494],[6.41578,46.50638],[6.4153,46.50721],[6.4157,46.50965],[6.41496,46.51019],[6.41255,46.51095],[6.41227,46.51102],[6.41203,46.51104],[6.41156,46.511],[6.41024,46.51059],[6.41001,46.51054],[6.40977,46.51052],[6.40953,46.51054],[6.4093,46.51058],[6.4073,46.51113],[6.40674,46.51131],[6.40637,46.51142],[6.40614,46.51149],[6.40581,46.5116],[6.40569,46.51163],[6.40546,46.51171],[6.40467,46.51207],[6.40367,46.51245],[6.40288,46.5125],[6.40056,46.51196],[6.39968,46.51101],[6.39684,46.50967],[6.39513,46.50944],[6.39384,46.50867],[6.39372,46.50799],[6.39398,46.50764]]]},"properties":{"bfs_nr":5637,"name":"Lavigny"}},{"type":"Feature","geometry":{"type":"Polygon","coordinates":[[[6.50482,46.53227],[6.50463,46.53098],[6.50578,46.53007],[6.50519,46.52615],[6.50676,46.52497],[6.50691,46.52358],[6.50825,46.52141],[6.51174,46.51851],[6.5127,46.51845],[6.51459,46.51943],[6.51715,46.5204],[6.52256,46.52118],[6.52655,46.52296],[6.52788,46.52323],[6.52887,46.52333],[6.52956,46.52351],[6.53048,46.52394],[6.5309,46.52433],[6.53064,46.5259],[6.53065,46.52626],[6.53085,46.52659],[6.53123,46.52684],[6.53226,46.52714],[6.53263,46.52736],[6.53276,46.5275],[6.5329,46.52783],[6.53285,46.52817],[6.53263,46.52847],[6.53153,46.52897],[6.5313,46.52911],[6.53124,46.52915],[6.53108,46.52926],[6.53092,46.5294],[6.53073,46.52972],[6.53073,46.53007],[6.53148,46.53095],[6.53125,46.53177],[6.52821,46.53376],[6.52635,46.53355],[6.52422,46.53412],[6.52309,46.53539],[6.52299,46.53582],[6.52275,46.53725],[6.52292,46.5382],[6.52095,46.53938],[6.51967,46.53951],[6.51701,46.54009],[6.51318,46.54114],[6.51291,46.54124],[6.51269,46.54137],[6.51247,46.54154],[6.51227,46.54164],[6.51204,46.54172],[6.51179,46.54176],[6.51154,46.54177],[6.51129,46.54174],[6.51105,46.54169],[6.51059,46.54145],[6.50963,46.54069],[6.50887,46.53993],[6.50696,46.53907],[6.50638,46.53531],[6.5058,46.53457],[6.5048,46.53415],[6.5045,46.53373],[6.50448,46.53336],[6.50482,46.53227]]]},"properties":{"bfs_nr":5638,"name":"Lonay"}},{"type":"Feature","geometry":{"type":"Polygon","coordinates":[[[6.45436,46.50589],[6.45473,46.50466],[6.46027,46.50151],[6.46068,46.50029],[6.46535,46.49816],[6.46568,46.4979],[6.46584,46.49758],[6.46585,46.49741],[6.46582,46.49724],[6.46573,46.49708],[6.46545,46.4968],[6.46493,46.49655],[6.46474,46.49642],[6.46459,46.49627],[6.46449,46.4961],[6.46445,46.49591],[6.46446,46.49573],[6.46452,46.49555],[6.46477,46.49523],[6.465,46.49503],[6.46529,46.49487],[6.46727,46.494],[6.47135,46.49199],[6.47211,46.49186],[6.47268,46.49197],[6.47498,46.4928],[6.47526,46.49293],[6.47558,46.49312],[6.47596,46.49346],[6.47698,46.49464],[6.47602,46.49579],[6.47393,46.49584],[6.47312,46.49664],[6.47306,46.49733],[6.47292,46.49765],[6.47276,46.49783],[6.47175,46.49871],[6.47154,46.49887],[6.47109,46.49911],[6.47035,46.49985],[6.46875,46.50104],[6.46861,46.50118],[6.4685,46.50134],[6.46844,46.50168],[6.46856,46.50201],[6.469,46.50252],[6.46894,46.5032],[6.46838,46.5042],[6.46882,46.50496],[6.46912,46.5052],[6.47063,46.50607],[6.47257,46.50775],[6.47261,46.50779],[6.47374,46.5087],[6.47389,46.50981],[6.4738,46.50992],[6.47159,46.51253],[6.4714,46.51272],[6.4712,46.51284],[6.47073,46.51299],[6.46864,46.51308],[6.46724,46.51384],[6.46675,46.5138],[6.46652,46.51374],[6.46626,46.51362],[6.46416,46.51242],[6.46383,46.51228],[6.46104,46.51148],[6.46066,46.51133],[6.45567,46.50886],[6.45542,46.50871],[6.45515,46.5084],[6.45516,46.50735],[6.45436,46.50589]]]},"properties":{"bfs_nr":5639,"name":"Lully (VD)"}},{"type":"Feature","geometry":{"type":"Polygon","coordinates":[[[6.43552,46.49985],[6.43871,46.49778],[6.43958,46.49627],[6.44345,46.49433],[6.45001,46.4933],[6.45346,46.49371],[6.45712,46.49656],[6.46014,46.4981],[6.46015,46.50136],[6.45451,46.5047],[6.45421,46.50566],[6.4549,46.50747],[6.45386,46.50859],[6.45231,46.50872],[6.45084,46.5096],[6.45036,46.50972],[6.45011,46.50973],[6.44962,46.50965],[6.44935,46.50954],[6.4483,46.50902],[6.44809,46.50893],[6.44785,46.50887],[6.44761,46.50885],[6.44509,46.50875],[6.4442,46.5085],[6.44209,46.5059],[6.44174,46.50568],[6.43948,46.50509],[6.43825,46.50505],[6.43745,46.50463],[6.43657,46.50315],[6.43642,46.5015],[6.43552,46.49985]]]},"properties":{"bfs_nr":5640,"name":"Lussy-sur-Morges"}},{"type":"Feature","geometry":{"type":"Polygon","coordinates":[[[6.47682,46.51139],[6.47885,46.50945],[6.47944,46.50823],[6.48142,46.50644],[6.48207,46.50509],[6.48589,46.50221],[6.48668,46.50165],[6.48681,46.50154],[6.48691,46.50142],[6.51874,46.4569],[6.51997,46.45636],[6.52788,46.45627],[6.52916,46.45681],[6.52926,46.45716],[6.52923,46.45738],[6.51318,46.51494],[6.51314,46.51504],[6.5131,46.51518],[6.5131,46.51532],[6.5132,46.51672],[6.51252,46.51779],[6.50692,46.52252],[6.50468,46.52241],[6.5033,46.52312],[6.50027,46.52305],[6.49853,46.52252],[6.49516,46.52304],[6.4926,46.52288],[6.48893,46.52171],[6.48718,46.52191],[6.48595,46.52189],[6.48542,46.52178],[6.48309,46.52113],[6.48195,46.52103],[6.4812,46.52061],[6.48089,46.51873],[6.48008,46.51724],[6.4807,46.51674],[6.48155,46.51658],[6.48307,46.51584],[6.48423,46.51518],[6.48476,46.51456],[6.48462,46.51403],[6.4821,46.51282],[6.47906,46.51343],[6.47682,46.51139]]]},"properties":{"bfs_nr":5642,"name":"Morges"}},{"type":"Feature","geometry":{"type":"Polygon","coordinates":[[[6.51325,46.51675],[6.5131,46.51538],[6.51317,46.51497],[6.52933,46.45701],[6.53066,46.45623],[6.53682,46.45616],[6.5382,46.45709],[6.53946,46.50725],[6.53946,46.50727],[6.53946,46.50748],[6.53949,46.50764],[6.53954,46.50786],[6.53956,46.50805],[6.53961,46.50826],[6.53969,46.50841],[6.53979,46.50853],[6.53989,46.50864],[6.53998,46.50872],[6.54023,46.50892],[6.54046,46.50907],[6.54065,46.50916],[6.54074,46.50921],[6.54082,46.50924],[6.54103,46.50931],[6.54126,46.50936],[6.54288,46.50954],[6.54331,46.50969],[6.54361,46.50983],[6.5438,46.50997],[6.54393,46.51012],[6.54402,46.51028],[6.54406,46.51063],[6.54335,46.51132],[6.54142,46.51156],[6.5407,46.51207],[6.54013,46.51414],[6.53563,46.51558],[6.53544,46.51664],[6.53509,46.51713],[6.53464,46.51734],[6.53411,46.51746],[6.5339,46.51755],[6.53357,46.51781],[6.53347,46.51797],[6.53341,46.51813],[6.5334,46.51831],[6.53343,46.51848],[6.53352,46.51864],[6.53364,46.51879],[6.5341,46.51926],[6.53422,46.51957],[6.53418,46.51989],[6.5336,46.52075],[6.53333,46.52192],[6.53163,46.5235],[6.5301,46.52375],[6.5295,46.52348],[6.52924,46.52339],[6.52632,46.5228],[6.52259,46.52113],[6.51724,46.52041],[6.51393,46.51909],[6.51325,46.51675]]]},"properties":{"bfs_nr":5643,"name":"Pr\u00e9verenges"}},{"type":"Feature","geometry":{"type":"Polygon","coordinates":[[[6.49833,46.56007],[6.49802,46.55956],[6.49831,46.55892],[6.49924,46.55848],[6.49959,46.55825],[6.49972,46.5581],[6.4998,46.55795],[6.49984,46.55778],[6.49983,46.55761],[6.4997,46.55702],[6.49938,46.55613],[6.49944,46.55579],[6.49953,46.55564],[6.49983,46.55538],[6.50003,46.55528],[6.50025,46.55521],[6.50054,46.55516],[6.50117,46.5551],[6.50258,46.55465],[6.50457,46.55443],[6.50536,46.55366],[6.50545,46.5533],[6.50521,46.55262],[6.50403,46.5505],[6.50423,46.5498],[6.50721,46.54883],[6.50856,46.54915],[6.5092,46.55023],[6.50956,46.55045],[6.50978,46.55053],[6.51025,46.55059],[6.51088,46.55055],[6.51207,46.55082],[6.51505,46.55081],[6.51529,46.55112],[6.51539,46.55148],[6.51544,46.5516],[6.51547,46.55164],[6.5155,46.55169],[6.51619,46.55266],[6.51621,46.5527],[6.51673,46.55337],[6.51678,46.55343],[6.51701,46.55368],[6.51704,46.55371],[6.51725,46.55392],[6.5174,46.55403],[6.5181,46.55455],[6.51821,46.55465],[6.51827,46.55472],[6.51857,46.55503],[6.51886,46.55541],[6.51899,46.55552],[6.52404,46.55801],[6.52453,46.55974],[6.52602,46.56046],[6.52556,46.56208],[6.52269,46.56262],[6.52223,46.56245],[6.5219,46.56217],[6.52181,46.562],[6.52155,46.56052],[6.52066,46.55984],[6.51372,46.55988],[6.51275,46.56018],[6.51226,46.56065],[6.51182,46.56083],[6.51091,46.56092],[6.51066,46.56089],[6.51019,46.56073],[6.50914,46.56006],[6.50833,46.56005],[6.50596,46.56056],[6.50499,46.56119],[6.50346,46.56195],[6.50298,46.56229],[6.5028,46.56238],[6.50254,46.56248],[6.50129,46.56283],[6.50099,46.56289],[6.5005,46.56289],[6.50003,46.56277],[6.49955,46.56238],[6.49833,46.56007]]]},"properties":{"bfs_nr":5645,"name":"Romanel-sur-Morges"}},{"type":"Feature","geometry":{"type":"Polygon","coordinates":[[[6.42891,46.47676],[6.42862,46.47663],[6.42843,46.4765],[6.42828,46.47635],[6.42813,46.476],[6.42814,46.47577],[6.42823,46.47521],[6.42958,46.4745],[6.432,46.47455],[6.43252,46.4745],[6.43297,46.4743],[6.43328,46.47401],[6.43403,46.47366],[6.43433,46.47351],[6.43461,46.47335],[6.43508,46.47276],[6.43592,46.47044],[6.46787,46.43526],[6.46975,46.43497],[6.51244,46.45348],[6.51288,46.45478],[6.47983,46.49119],[6.47841,46.4933],[6.47764,46.49377],[6.47661,46.4937],[6.47521,46.49291],[6.47503,46.49282],[6.47434,46.49254],[6.47426,46.49251],[6.47262,46.49195],[6.47211,46.49185],[6.47184,46.49186],[6.47135,46.49199],[6.46522,46.4949],[6.46502,46.495],[6.46486,46.49513],[6.46463,46.49538],[6.46452,46.49554],[6.46445,46.49571],[6.46444,46.49588],[6.46447,46.49606],[6.46455,46.49622],[6.46467,46.49637],[6.46484,46.49651],[6.46584,46.49736],[6.46584,46.49754],[6.46569,46.49788],[6.46536,46.49815],[6.46192,46.49907],[6.45724,46.49649],[6.45382,46.49378],[6.45241,46.49318],[6.45034,46.49308],[6.4429,46.49435],[6.43985,46.4959],[6.43831,46.49792],[6.43602,46.49882],[6.43486,46.49767],[6.43652,46.49598],[6.4372,46.49507],[6.43729,46.49492],[6.43734,46.49476],[6.43734,46.49459],[6.4373,46.49443],[6.4371,46.49413],[6.4365,46.49368],[6.43637,46.49352],[6.43627,46.49316],[6.43638,46.4928],[6.43656,46.4926],[6.43869,46.49062],[6.43882,46.49046],[6.43891,46.49028],[6.43892,46.48991],[6.43871,46.48957],[6.43831,46.48931],[6.43504,46.48795],[6.43477,46.48781],[6.43459,46.48767],[6.43438,46.48733],[6.43455,46.48637],[6.4332,46.48499],[6.43504,46.48279],[6.43526,46.48245],[6.43529,46.48227],[6.43526,46.48208],[6.43518,46.4819],[6.43504,46.48174],[6.43486,46.4816],[6.43449,46.48137],[6.43422,46.4812],[6.43376,46.48093],[6.43374,46.48092],[6.43326,46.48065],[6.43324,46.48064],[6.43275,46.48038],[6.43273,46.48037],[6.43228,46.48014],[6.43204,46.47999],[6.43189,46.47985],[6.4317,46.47935],[6.43206,46.47859],[6.43202,46.47824],[6.43193,46.47807],[6.43179,46.47792],[6.4316,46.47779],[6.43139,46.47769],[6.42893,46.47676],[6.42891,46.47676]]]},"properties":{"bfs_nr":5646,"name":"Saint-Prex"}},{"type":"Feature","geometry":{"type":"Polygon","coordinates":[[[6.53963,46.50829],[6.53956,46.508],[6.53954,46.50781],[6.5395,46.50762],[6.53946,46.50737],[6.53946,46.50725],[6.5382,46.45709],[6.53823,46.45687],[6.5383,46.4567],[6.53955,46.45613],[6.58369,46.45559],[6.58507,46.45652],[6.58665,46.51716],[6.58504,46.51965],[6.58339,46.5205],[6.5788,46.51966],[6.57803,46.51957],[6.57777,46.51952],[6.57752,46.51947],[6.57738,46.51944],[6.57727,46.51941],[6.57697,46.51932],[6.57695,46.51931],[6.57666,46.51923],[6.57665,46.51922],[6.57486,46.51873],[6.57484,46.51872],[6.57384,46.51843],[6.5738,46.51842],[6.57208,46.51789],[6.57206,46.51788],[6.57122,46.51761],[6.57049,46.51744],[6.57023,46.51739],[6.5698,46.51731],[6.56963,46.51729],[6.56552,46.51688],[6.56317,46.51639],[6.56152,46.51561],[6.5598,46.51485],[6.55961,46.51477],[6.55836,46.51432],[6.55834,46.51432],[6.55796,46.51419],[6.55776,46.51413],[6.55754,46.5141],[6.55589,46.51394],[6.55563,46.51393],[6.55507,46.5139],[6.55496,46.51389],[6.55342,46.51389],[6.55341,46.51389],[6.55081,46.51389],[6.55076,46.5139],[6.55042,46.5139],[6.55019,46.51393],[6.54928,46.51407],[6.54857,46.51418],[6.54854,46.51419],[6.54661,46.51449],[6.54627,46.51451],[6.54593,46.51449],[6.5434,46.51412],[6.54123,46.51316],[6.54143,46.51162],[6.54324,46.51138],[6.54366,46.5112],[6.5441,46.51061],[6.54405,46.51028],[6.54395,46.51012],[6.54382,46.50998],[6.54365,46.50985],[6.5434,46.50972],[6.54331,46.50968],[6.54309,46.5096],[6.54286,46.50954],[6.54193,46.50938],[6.54126,46.50935],[6.54103,46.50931],[6.54077,46.50922],[6.54076,46.50922],[6.54062,46.50915],[6.54052,46.5091],[6.54018,46.50888],[6.54,46.50874],[6.53987,46.50861],[6.53982,46.50856],[6.53963,46.50829]]]},"properties":{"bfs_nr":5648,"name":"Saint-Sulpice (VD)"}},{"type":"Feature","geometry":{"type":"Polygon","coordinates":[[[6.46878,46.50439],[6.46911,46.50279],[6.46901,46.50242],[6.46849,46.50169],[6.46849,46.50151],[6.46854,46.50133],[6.46864,46.50116],[6.47022,46.50001],[6.47114,46.49909],[6.47146,46.49892],[6.4717,46.49876],[6.4729,46.4977],[6.47317,46.49722],[6.47337,46.49646],[6.47434,46.49592],[6.47609,46.49586],[6.47699,46.49534],[6.47715,46.49492],[6.47834,46.4934],[6.47986,46.49115],[6.51288,46.45478],[6.51476,46.45448],[6.51806,46.45591],[6.51863,46.45637],[6.51868,46.45692],[6.51857,46.45714],[6.48694,46.50139],[6.48681,46.50154],[6.48665,46.50167],[6.4859,46.50221],[6.48155,46.50547],[6.4811,46.50669],[6.47906,46.50859],[6.47865,46.50958],[6.47679,46.51071],[6.47561,46.51033],[6.47436,46.5092],[6.47262,46.5078],[6.47256,46.50775],[6.47103,46.50638],[6.47074,46.50614],[6.46944,46.50539],[6.46924,46.50525],[6.46901,46.50497],[6.46878,46.50439]]]},"properties":{"bfs_nr":5649,"name":"Tolochenaz"}},{"type":"Feature","geometry":{"type":"Polygon","coordinates":[[[6.44928,46.53897],[6.4491,46.53864],[6.44919,46.53811],[6.44949,46.53782],[6.4497,46.53771],[6.44993,46.53764],[6.45025,46.53758],[6.45091,46.53752],[6.4514,46.53757],[6.45226,46.53807],[6.45292,46.53826],[6.45339,46.53824],[6.45532,46.53783],[6.45665,46.53716],[6.45755,46.53582],[6.45787,46.53371],[6.45864,46.5331],[6.4597,46.53299],[6.46106,46.53342],[6.46629,46.53222],[6.46709,46.53164],[6.46833,46.53138],[6.47211,46.52973],[6.47353,46.52999],[6.47383,46.53026],[6.47394,46.53046],[6.47403,46.53079],[6.47408,46.53091],[6.47411,46.53099],[6.47414,46.53105],[6.47428,46.53124],[6.47434,46.53129],[6.47447,46.53149],[6.47454,46.53162],[6.47463,46.53182],[6.47478,46.5325],[6.4745,46.53365],[6.47375,46.5352],[6.47368,46.5368],[6.47271,46.53732],[6.47226,46.53772],[6.47218,46.53806],[6.47261,46.53916],[6.47226,46.53991],[6.47218,46.54075],[6.47254,46.54174],[6.47131,46.54289],[6.47018,46.5449],[6.46599,46.54564],[6.46541,46.54554],[6.46481,46.54535],[6.46475,46.54533],[6.46422,46.54514],[6.46419,46.54514],[6.46378,46.54499],[6.46373,46.54497],[6.46356,46.5449],[6.46337,46.54482],[6.46316,46.54471],[6.46297,46.54458],[6.46281,46.54445],[6.46261,46.54433],[6.46238,46.54423],[6.46213,46.54417],[6.46186,46.54414],[6.46159,46.54416],[6.46133,46.54421],[6.46109,46.5443],[6.46089,46.54442],[6.46072,46.54456],[6.46005,46.54526],[6.45966,46.54546],[6.45919,46.54554],[6.45865,46.54549],[6.45775,46.54531],[6.45687,46.54524],[6.45585,46.54434],[6.455,46.54392],[6.4548,46.5438],[6.45449,46.54355],[6.45428,46.54343],[6.45411,46.54329],[6.45259,46.54184],[6.45242,46.54165],[6.45229,46.54145],[6.45224,46.54138],[6.45212,46.54119],[6.452,46.54096],[6.45192,46.54083],[6.45177,46.54067],[6.45158,46.54054],[6.45023,46.53979],[6.44928,46.53897]]]},"properties":{"bfs_nr":5650,"name":"Vaux-sur-Morges"}},{"type":"Feature","geometry":{"type":"Polygon","coordinates":[[[6.55345,46.56882],[6.55355,46.56854],[6.55375,46.56675],[6.55361,46.56627],[6.5516,46.56522],[6.55198,46.5637],[6.5559,46.56329],[6.55742,46.56255],[6.55861,46.56247],[6.55908,46.56237],[6.55928,46.56228],[6.55946,46.56216],[6.5596,46.56203],[6.5597,46.56188],[6.55984,46.56161],[6.55997,46.56142],[6.56049,46.56108],[6.56096,46.56092],[6.56135,46.56064],[6.56239,46.55944],[6.56363,46.55941],[6.56408,46.55966],[6.56431,46.55987],[6.56506,46.56075],[6.56531,46.56113],[6.56544,46.5613],[6.56562,46.56144],[6.5658,46.56157],[6.56595,46.56172],[6.56608,46.56192],[6.56608,46.56193],[6.56617,46.56208],[6.5663,46.56222],[6.56646,46.56234],[6.56665,46.56244],[6.56741,46.56277],[6.5676,46.56297],[6.56777,46.56311],[6.56797,46.56322],[6.56831,46.56337],[6.56864,46.56363],[6.5688,46.56414],[6.56876,46.56431],[6.56874,46.56435],[6.56868,46.56451],[6.56866,46.56468],[6.56887,46.56515],[6.57078,46.56697],[6.57118,46.56719],[6.57128,46.56722],[6.57162,46.56733],[6.57182,46.56743],[6.5723,46.56778],[6.57339,46.56937],[6.57333,46.56974],[6.5732,46.56993],[6.57311,46.57011],[6.57308,46.57029],[6.5731,46.57048],[6.57318,46.57066],[6.57332,46.57088],[6.57336,46.57096],[6.57342,46.57107],[6.57354,46.57123],[6.57373,46.57143],[6.57395,46.57161],[6.5742,46.57193],[6.57445,46.57235],[6.5743,46.57372],[6.57351,46.57415],[6.57193,46.57401],[6.57112,46.57334],[6.57067,46.57321],[6.57018,46.5732],[6.56928,46.57342],[6.56901,46.57347],[6.56873,46.57349],[6.56701,46.5735],[6.56621,46.57334],[6.56536,46.57253],[6.56449,46.57229],[6.56163,46.57226],[6.56124,46.57226],[6.55809,46.57091],[6.55718,46.57103],[6.5567,46.57102],[6.55641,46.57097],[6.55441,46.57042],[6.55415,46.57032],[6.55396,46.57023],[6.55367,46.56997],[6.55345,46.56882]]]},"properties":{"bfs_nr":5651,"name":"Villars-Sainte-Croix"}},{"type":"Feature","geometry":{"type":"Polygon","coordinates":[[[6.41544,46.50744],[6.41586,46.50634],[6.41815,46.50498],[6.41929,46.50353],[6.42084,46.50152],[6.42096,46.50138],[6.42362,46.49877],[6.42427,46.49841],[6.42736,46.49778],[6.42933,46.49569],[6.42997,46.49534],[6.43096,46.49536],[6.4346,46.49711],[6.43523,46.5004],[6.43629,46.50162],[6.43656,46.50378],[6.4381,46.50524],[6.43967,46.5052],[6.44192,46.50579],[6.44413,46.5085],[6.44424,46.50899],[6.44409,46.50931],[6.44391,46.50949],[6.4438,46.50958],[6.44353,46.50977],[6.44343,46.50983],[6.44322,46.50997],[6.44301,46.51011],[6.4428,46.51023],[6.44256,46.51035],[6.44227,46.51046],[6.44216,46.51051],[6.44183,46.51062],[6.44178,46.51064],[6.44122,46.51082],[6.44064,46.5112],[6.44048,46.51173],[6.44098,46.51251],[6.44083,46.51337],[6.44136,46.51444],[6.44118,46.51494],[6.43912,46.51658],[6.43845,46.51688],[6.43538,46.5153],[6.43316,46.5161],[6.43268,46.51621],[6.43218,46.51619],[6.43173,46.51603],[6.4315,46.51588],[6.4312,46.51565],[6.43115,46.5156],[6.4308,46.5153],[6.43063,46.51513],[6.43043,46.5147],[6.42985,46.51413],[6.4294,46.51394],[6.42862,46.51392],[6.42735,46.5144],[6.42549,46.51383],[6.42484,46.51264],[6.42103,46.51083],[6.41698,46.51077],[6.41582,46.50973],[6.41544,46.50744]]]},"properties":{"bfs_nr":5652,"name":"Villars-sous-Yens"}},{"type":"Feature","geometry":{"type":"Polygon","coordinates":[[[6.45285,46.53025],[6.45284,46.52953],[6.45431,46.52845],[6.45589,46.52713],[6.45785,46.52575],[6.4596,46.52428],[6.46433,46.52187],[6.46575,46.52145],[6.46625,46.52115],[6.46708,46.52062],[6.46726,46.52049],[6.46748,46.52016],[6.46749,46.5198],[6.46714,46.51933],[6.46623,46.51851],[6.46616,46.51818],[6.46619,46.51802],[6.46657,46.51755],[6.46788,46.51664],[6.46803,46.51652],[6.46814,46.51637],[6.46822,46.51622],[6.46825,46.51606],[6.46824,46.51589],[6.46819,46.51573],[6.4681,46.51558],[6.46767,46.51505],[6.46754,46.51483],[6.46749,46.51465],[6.46843,46.51336],[6.47011,46.51344],[6.47145,46.51476],[6.47168,46.51512],[6.47193,46.51581],[6.47198,46.51603],[6.4719,46.51638],[6.47176,46.51658],[6.47117,46.51725],[6.47112,46.51731],[6.47104,46.51742],[6.47096,46.51755],[6.47087,46.51773],[6.47084,46.51782],[6.47078,46.51799],[6.47073,46.5182],[6.47072,46.51825],[6.47071,46.51836],[6.47071,46.51864],[6.47072,46.5188],[6.47077,46.51896],[6.47159,46.52064],[6.47169,46.52079],[6.47184,46.52093],[6.47201,46.52105],[6.47222,46.52115],[6.47245,46.52121],[6.4727,46.52124],[6.47523,46.52142],[6.47619,46.52169],[6.47642,46.52174],[6.47667,46.52176],[6.47691,46.52174],[6.47715,46.5217],[6.47824,46.52142],[6.47864,46.52127],[6.47914,46.52118],[6.48051,46.52188],[6.48055,46.52302],[6.47821,46.52579],[6.47621,46.52721],[6.47503,46.52919],[6.47253,46.52957],[6.47161,46.5298],[6.47113,46.53016],[6.46926,46.53094],[6.46732,46.53136],[6.46609,46.53224],[6.46096,46.53305],[6.45957,46.53283],[6.45846,46.53298],[6.45654,46.53382],[6.45373,46.53218],[6.45285,46.53025]]]},"properties":{"bfs_nr":5653,"name":"Vufflens-le-Ch\u00e2teau"}},{"type":"Feature","geometry":{"type":"Polygon","coordinates":[[[6.46024,46.57347],[6.46073,46.57124],[6.46244,46.56968],[6.46271,46.56936],[6.46277,46.56918],[6.46277,46.569],[6.46273,46.56882],[6.46248,46.5685],[6.46185,46.56811],[6.46144,46.56761],[6.46143,46.56727],[6.46257,46.56604],[6.46554,46.56537],[6.46635,46.56535],[6.46747,46.56598],[6.46841,46.56611],[6.47124,46.56574],[6.47229,46.56552],[6.47621,46.56392],[6.47746,46.5629],[6.48231,46.56113],[6.48251,46.56104],[6.48283,46.56078],[6.48302,46.56011],[6.48355,46.55956],[6.48419,46.55932],[6.48638,46.55786],[6.48785,46.55759],[6.4881,46.55756],[6.48833,46.55748],[6.48854,46.55738],[6.48872,46.55726],[6.48886,46.55711],[6.48895,46.55695],[6.48899,46.55677],[6.48899,46.5566],[6.4891,46.55509],[6.49139,46.55435],[6.49196,46.55428],[6.49247,46.55437],[6.49288,46.55458],[6.49314,46.55489],[6.49468,46.56161],[6.49471,46.56174],[6.49476,46.56187],[6.49505,46.56239],[6.49512,46.56254],[6.49517,46.56273],[6.49533,46.56367],[6.49536,46.56378],[6.49537,46.56383],[6.49541,46.56391],[6.49551,46.56411],[6.49554,46.56416],[6.4964,46.56559],[6.4964,46.5656],[6.49659,46.5659],[6.4966,46.56592],[6.49678,46.56618],[6.49689,46.5664],[6.49691,46.56676],[6.49672,46.56709],[6.49361,46.56888],[6.49323,46.57078],[6.4957,46.57347],[6.49629,46.57561],[6.49579,46.57662],[6.49647,46.57868],[6.49485,46.58073],[6.49429,46.58367],[6.49266,46.5866],[6.49157,46.58733],[6.48763,46.58754],[6.48641,46.58805],[6.48547,46.58818],[6.48418,46.5879],[6.48369,46.5879],[6.48304,46.58813],[6.48217,46.58897],[6.48066,46.58938],[6.47949,46.58944],[6.47901,46.58933],[6.47815,46.58786],[6.47754,46.58727],[6.47716,46.58701],[6.47691,46.58693],[6.47665,46.58688],[6.47407,46.58662],[6.47375,46.58657],[6.4733,46.58638],[6.47313,46.58624],[6.47293,46.58551],[6.47317,46.58465],[6.47319,46.58453],[6.47323,46.58417],[6.47322,46.584],[6.47317,46.58383],[6.47306,46.58367],[6.47292,46.58353],[6.47274,46.58341],[6.47252,46.58331],[6.47229,46.58325],[6.47051,46.58287],[6.46996,46.58247],[6.46934,46.58163],[6.46863,46.58145],[6.46372,46.58126],[6.46339,46.58122],[6.46291,46.58106],[6.46257,46.58078],[6.46282,46.57823],[6.46195,46.57716],[6.462,46.57538],[6.46188,46.57502],[6.46156,46.57473],[6.46066,46.57433],[6.46035,46.57404],[6.46022,46.5737],[6.46024,46.57347]]]},"properties":{"bfs_nr":5654,"name":"Vullierens"}},{"type":"Feature","geometry":{"type":"Polygon","coordinates":[[[6.37512,46.53628],[6.37656,46.53618],[6.37691,46.53613],[6.37768,46.53592],[6.37791,46.53584],[6.37821,46.53569],[6.37865,46.5353],[6.37877,46.53516],[6.37885,46.53501],[6.37988,46.53281],[6.38025,46.53096],[6.38133,46.53024],[6.38512,46.52963],[6.38725,46.52668],[6.38908,46.52565],[6.39121,46.52517],[6.39256,46.52518],[6.39359,46.525],[6.39401,46.52483],[6.39441,46.52451],[6.39475,46.52407],[6.39607,46.52171],[6.39712,46.52055],[6.39719,46.51973],[6.39802,46.51839],[6.40001,46.51681],[6.40028,46.51656],[6.40055,46.51615],[6.40081,46.51592],[6.40222,46.51518],[6.40316,46.51461],[6.40413,46.51374],[6.40407,46.5128],[6.40448,46.51219],[6.40541,46.51174],[6.40574,46.51162],[6.4058,46.5116],[6.40593,46.51156],[6.40594,46.51155],[6.40611,46.5115],[6.40638,46.51142],[6.40665,46.51134],[6.40733,46.51112],[6.40871,46.51078],[6.40954,46.51054],[6.41001,46.51055],[6.41045,46.51067],[6.41179,46.51111],[6.4123,46.51103],[6.4144,46.51037],[6.41521,46.51028],[6.41639,46.5108],[6.42098,46.51104],[6.42456,46.5128],[6.42504,46.51395],[6.42661,46.51471],[6.42756,46.51455],[6.42904,46.51394],[6.42993,46.51423],[6.43049,46.51504],[6.43116,46.51561],[6.43119,46.51564],[6.43154,46.51592],[6.43174,46.51605],[6.43198,46.51614],[6.43224,46.5162],[6.43251,46.51623],[6.43278,46.51621],[6.43304,46.51615],[6.43522,46.51538],[6.43694,46.51653],[6.43715,46.51791],[6.43933,46.52001],[6.43662,46.52242],[6.43114,46.52555],[6.4303,46.5259],[6.42886,46.52618],[6.42844,46.52632],[6.42812,46.52655],[6.42789,46.52683],[6.42748,46.52757],[6.42713,46.52778],[6.42621,46.52818],[6.42447,46.52951],[6.42266,46.52985],[6.42067,46.53181],[6.4205,46.53288],[6.42064,46.53399],[6.41953,46.53495],[6.41505,46.53535],[6.411,46.53692],[6.41049,46.53718],[6.40885,46.53801],[6.4085,46.53815],[6.40657,46.53875],[6.40633,46.5388],[6.40609,46.53884],[6.40245,46.53916],[6.4006,46.53945],[6.39953,46.53989],[6.39667,46.53967],[6.39542,46.53989],[6.39438,46.54112],[6.39365,46.54134],[6.39284,46.54133],[6.39237,46.54146],[6.3918,46.54202],[6.391,46.54404],[6.39082,46.54425],[6.39051,46.54447],[6.3895,46.54504],[6.38949,46.54505],[6.38814,46.54579],[6.38792,46.54595],[6.38757,46.54625],[6.38657,46.54666],[6.38603,46.54668],[6.38552,46.54655],[6.38526,46.5464],[6.38523,46.54639],[6.38502,46.54621],[6.38483,46.54603],[6.38464,46.5458],[6.38459,46.54574],[6.38439,46.54552],[6.38417,46.54534],[6.3841,46.54529],[6.38352,46.54489],[6.38303,46.54458],[6.38103,46.54304],[6.38074,46.54274],[6.38021,46.54197],[6.37914,46.54062],[6.37908,46.54054],[6.37893,46.54038],[6.37848,46.54004],[6.37815,46.53966],[6.3777,46.53924],[6.37749,46.53908],[6.37735,46.53901],[6.37706,46.53888],[6.37695,46.53885],[6.37689,46.53883],[6.37573,46.53851],[6.37546,46.53842],[6.37437,46.53797],[6.37412,46.53784],[6.37395,46.53772],[6.37369,46.53708],[6.37512,46.53628]]]},"properties":{"bfs_nr":5655,"name":"Yens"}},{"type":"Feature","geometry":{"type":"Polygon","coordinates":[[[6.38731,46.57443],[6.38804,46.57327],[6.38987,46.57239],[6.39012,46.57233],[6.39065,46.57223],[6.39068,46.57222],[6.39131,46.5721],[6.39152,46.57204],[6.39197,46.57189],[6.39209,46.57184],[6.39243,46.5717],[6.39262,46.5716],[6.39279,46.57147],[6.393,46.57117],[6.39311,46.57069],[6.39389,46.56966],[6.39408,46.56931],[6.39414,46.56916],[6.39428,46.56865],[6.39431,46.56846],[6.39428,46.56781],[6.39427,46.56775],[6.39416,46.56703],[6.3938,46.56575],[6.39275,46.56356],[6.39241,46.56296],[6.39216,46.56245],[6.39209,46.56227],[6.39197,46.56185],[6.39112,46.55974],[6.39108,46.55962],[6.39093,46.55905],[6.39093,46.55904],[6.39083,46.55862],[6.3908,46.55839],[6.3908,46.55736],[6.39087,46.55682],[6.39093,46.5565],[6.39094,46.55634],[6.3909,46.55617],[6.39067,46.55551],[6.39062,46.55528],[6.39064,46.5551],[6.39083,46.55476],[6.39218,46.55399],[6.39277,46.55374],[6.39329,46.5536],[6.39494,46.55334],[6.39528,46.55326],[6.39657,46.55279],[6.39658,46.55278],[6.39756,46.55243],[6.39797,46.55232],[6.39889,46.55216],[6.39923,46.55206],[6.40041,46.55158],[6.40064,46.55146],[6.40083,46.5513],[6.4009,46.55123],[6.40137,46.55062],[6.40266,46.54977],[6.40295,46.54912],[6.40232,46.54813],[6.4012,46.54335],[6.40119,46.54281],[6.40066,46.54033],[6.40151,46.53932],[6.40614,46.53883],[6.40633,46.53881],[6.40652,46.53876],[6.40856,46.53813],[6.40879,46.53803],[6.41049,46.53717],[6.41082,46.53701],[6.41403,46.53605],[6.4147,46.5355],[6.41752,46.5354],[6.41956,46.53495],[6.4203,46.53453],[6.42069,46.53393],[6.4208,46.53178],[6.42301,46.52982],[6.42468,46.52953],[6.42736,46.52767],[6.42753,46.52754],[6.42766,46.5274],[6.42815,46.52657],[6.42847,46.52632],[6.42896,46.52616],[6.43039,46.52595],[6.43082,46.52579],[6.43608,46.52277],[6.43979,46.52393],[6.44027,46.52404],[6.44053,46.52405],[6.44078,46.52402],[6.44102,46.52395],[6.44142,46.52374],[6.44243,46.52304],[6.44292,46.52295],[6.44342,46.52299],[6.44371,46.52308],[6.44421,46.52328],[6.44422,46.52328],[6.44537,46.52373],[6.44538,46.52374],[6.44613,46.52403],[6.44614,46.52403],[6.44813,46.52481],[6.4542,46.52667],[6.45488,46.52793],[6.45297,46.52934],[6.4526,46.5298],[6.45259,46.53015],[6.45303,46.53164],[6.45373,46.53236],[6.45531,46.53335],[6.4572,46.53566],[6.45636,46.53729],[6.45332,46.53822],[6.45235,46.5381],[6.4518,46.53773],[6.45138,46.53757],[6.4509,46.53751],[6.45011,46.53759],[6.44987,46.53764],[6.44964,46.53771],[6.44927,46.53794],[6.44905,46.53824],[6.44901,46.53858],[6.44902,46.54016],[6.44879,46.5403],[6.44846,46.54045],[6.44817,46.54056],[6.44791,46.54065],[6.44743,46.54078],[6.44719,46.54087],[6.44699,46.54098],[6.44682,46.54112],[6.44663,46.54145],[6.4466,46.54163],[6.44663,46.54181],[6.44668,46.54198],[6.4467,46.54203],[6.44683,46.54234],[6.44684,46.54237],[6.44712,46.54297],[6.44714,46.54301],[6.44723,46.54338],[6.44644,46.54615],[6.4459,46.54681],[6.44586,46.54793],[6.4442,46.54941],[6.44413,46.55023],[6.44636,46.55271],[6.44678,46.55616],[6.44626,46.55822],[6.44671,46.55903],[6.44931,46.56037],[6.45167,46.56066],[6.45195,46.56117],[6.4519,46.56172],[6.45193,46.56188],[6.452,46.56204],[6.45212,46.56218],[6.45227,46.56231],[6.45245,46.56242],[6.45266,46.5625],[6.45485,46.56318],[6.46011,46.56696],[6.4611,46.56765],[6.46247,46.5685],[6.46277,46.569],[6.4627,46.56936],[6.4624,46.56971],[6.46069,46.5712],[6.46023,46.57352],[6.46021,46.5737],[6.46025,46.57388],[6.46034,46.57405],[6.46048,46.5742],[6.46066,46.57433],[6.46155,46.57473],[6.46187,46.57503],[6.46196,46.57561],[6.46174,46.57726],[6.46276,46.57855],[6.46213,46.58051],[6.4611,46.5808],[6.45594,46.58077],[6.45223,46.58128],[6.45198,46.58132],[6.45175,46.58138],[6.45153,46.58148],[6.45135,46.58161],[6.45121,46.58176],[6.45106,46.58209],[6.45098,46.58259],[6.45114,46.58369],[6.44947,46.58753],[6.44936,46.58773],[6.44906,46.58801],[6.44885,46.58812],[6.44837,46.58823],[6.44652,46.58826],[6.44591,46.58861],[6.44485,46.59063],[6.44494,46.59111],[6.44494,46.59144],[6.44474,46.59246],[6.44472,46.59256],[6.44437,46.59372],[6.44437,46.59373],[6.44397,46.595],[6.44387,46.59522],[6.44353,46.59582],[6.44351,46.59584],[6.44317,46.59647],[6.44317,46.59648],[6.44247,46.59782],[6.4422,46.59967],[6.44155,46.6009],[6.44036,46.60231],[6.43836,46.60399],[6.43816,46.60407],[6.43788,46.60414],[6.43716,46.60428],[6.43664,46.60447],[6.43046,46.60734],[6.42699,46.60521],[6.42646,46.60488],[6.4259,46.60476],[6.4246,46.60415],[6.42208,46.60373],[6.4192,46.60151],[6.4179,46.60139],[6.41712,46.60093],[6.41695,46.6005],[6.41674,46.60023],[6.41635,46.59993],[6.41598,46.59975],[6.41531,46.59958],[6.41469,46.59924],[6.41421,46.59914],[6.41282,46.59927],[6.41225,46.59952],[6.41206,46.59962],[6.4097,46.60093],[6.40848,46.60001],[6.40894,46.5976],[6.40877,46.5965],[6.40844,46.59573],[6.40814,46.59545],[6.40793,46.59534],[6.40772,46.59527],[6.40751,46.59522],[6.40728,46.59519],[6.40703,46.59513],[6.40633,46.59482],[6.40604,46.5945],[6.40588,46.59336],[6.40572,46.59319],[6.40549,46.59302],[6.40537,46.59295],[6.40524,46.59289],[6.40453,46.59252],[6.40421,46.5922],[6.40413,46.59203],[6.40408,46.59182],[6.40411,46.59154],[6.40456,46.59096],[6.40472,46.59063],[6.40472,46.59043],[6.40448,46.58982],[6.40452,46.58911],[6.40451,46.58889],[6.40448,46.58871],[6.40439,46.58838],[6.40428,46.58808],[6.40424,46.58798],[6.40402,46.5876],[6.40386,46.58737],[6.40357,46.58707],[6.40349,46.587],[6.40336,46.58691],[6.40328,46.58686],[6.40323,46.58682],[6.40295,46.58658],[6.40259,46.5863],[6.40237,46.58615],[6.40182,46.58585],[6.40117,46.58569],[6.40087,46.58558],[6.40085,46.58557],[6.40075,46.58552],[6.40063,46.58545],[6.4006,46.58543],[6.40035,46.58524],[6.40019,46.58503],[6.40016,46.58495],[6.40013,46.5849],[6.40007,46.58472],[6.40004,46.58434],[6.40002,46.58425],[6.4,46.58413],[6.39994,46.58398],[6.39988,46.58386],[6.39983,46.58377],[6.39981,46.58374],[6.39977,46.58368],[6.39972,46.58362],[6.39964,46.58354],[6.39961,46.58351],[6.39959,46.58349],[6.39947,46.58339],[6.39933,46.5833],[6.39923,46.58324],[6.39909,46.58316],[6.39887,46.58306],[6.39862,46.58299],[6.39836,46.58294],[6.39807,46.58285],[6.39786,46.58274],[6.39703,46.58202],[6.39683,46.58188],[6.39659,46.58177],[6.39606,46.58161],[6.39584,46.58155],[6.39571,46.58152],[6.39539,46.58145],[6.39528,46.58142],[6.39486,46.58132],[6.39419,46.58117],[6.39286,46.58077],[6.39111,46.58084],[6.38814,46.57961],[6.3879,46.57798],[6.38779,46.57765],[6.38735,46.57711],[6.38765,46.57565],[6.38731,46.57443]]]},"properties":{"bfs_nr":5656,"name":"Hautemorges"}},{"type":"Feature","geometry":{"type":"Polygon","coordinates":[[[6.70337,46.67262],[6.70373,46.67175],[6.70571,46.67091],[6.70629,46.6708],[6.70742,46.67095],[6.70826,46.67119],[6.7089,46.67153],[6.7094,46.67164],[6.71016,46.67155],[6.71115,46.67102],[6.7116,46.67031],[6.71195,46.66822],[6.71354,46.6662],[6.71449,46.66609],[6.71535,46.66633],[6.7172,46.66658],[6.71868,46.6666],[6.71912,46.66678],[6.71944,46.66707],[6.71954,46.66724],[6.71957,46.66759],[6.71893,46.66876],[6.71906,46.66907],[6.71963,46.66988],[6.71998,46.67018],[6.72048,46.67035],[6.72135,46.67043],[6.72213,46.67092],[6.72272,46.6717],[6.72314,46.67194],[6.72464,46.67207],[6.72704,46.67403],[6.72759,46.67549],[6.73071,46.67656],[6.73082,46.67761],[6.72839,46.67831],[6.72791,46.68149],[6.72863,46.68255],[6.72757,46.68564],[6.72549,46.68802],[6.72391,46.6884],[6.7224,46.68928],[6.72201,46.68966],[6.72171,46.6902],[6.72169,46.69079],[6.72195,46.69153],[6.72173,46.69207],[6.72168,46.69259],[6.72116,46.69349],[6.72053,46.69406],[6.71845,46.69444],[6.71806,46.69422],[6.71774,46.6938],[6.71695,46.69313],[6.71585,46.69246],[6.71555,46.69177],[6.71556,46.69156],[6.71563,46.69138],[6.71575,46.69121],[6.71592,46.69106],[6.71634,46.69073],[6.7165,46.69024],[6.71571,46.68862],[6.71521,46.68808],[6.71412,46.68737],[6.71385,46.6862],[6.71262,46.685],[6.71238,46.68447],[6.7125,46.68402],[6.71254,46.68368],[6.71254,46.6835],[6.71249,46.68333],[6.71223,46.68291],[6.71214,46.6823],[6.71209,46.68209],[6.71207,46.68203],[6.712,46.68187],[6.71189,46.68173],[6.71175,46.68161],[6.71135,46.68131],[6.71119,46.6811],[6.71111,46.68046],[6.71106,46.68028],[6.71095,46.68011],[6.71079,46.67997],[6.71059,46.67984],[6.70884,46.67862],[6.7081,46.67839],[6.70667,46.67739],[6.70647,46.67708],[6.70634,46.67625],[6.70628,46.67605],[6.70622,46.67584],[6.7062,46.67576],[6.70617,46.67568],[6.70608,46.6755],[6.70603,46.67543],[6.70586,46.67525],[6.70496,46.67469],[6.70339,46.67312],[6.70337,46.67262]]]},"properties":{"bfs_nr":5661,"name":"Boulens"}},{"type":"Feature","geometry":{"type":"Polygon","coordinates":[[[6.79315,46.68696],[6.79459,46.68555],[6.79571,46.68416],[6.79695,46.68357],[6.79819,46.68364],[6.79871,46.68352],[6.80105,46.68336],[6.8026,46.68207],[6.80568,46.68157],[6.80823,46.68222],[6.8088,46.68228],[6.80982,46.6822],[6.81113,46.68241],[6.81685,46.6848],[6.81867,46.68646],[6.81886,46.6866],[6.81972,46.68711],[6.82013,46.68739],[6.82192,46.68898],[6.82479,46.69223],[6.8248,46.69429],[6.82281,46.69613],[6.82116,46.69643],[6.81873,46.69752],[6.81758,46.69741],[6.81688,46.6975],[6.81602,46.69789],[6.81559,46.69831],[6.81494,46.69975],[6.81383,46.69989],[6.81335,46.70004],[6.81225,46.70055],[6.81086,46.70041],[6.80572,46.69745],[6.80496,46.69664],[6.80242,46.69529],[6.80059,46.69334],[6.7954,46.68898],[6.7934,46.68806],[6.79315,46.68696]]]},"properties":{"bfs_nr":5663,"name":"Bussy-sur-Moudon"}},{"type":"Feature","geometry":{"type":"Polygon","coordinates":[[[6.79795,46.65081],[6.79916,46.64919],[6.8019,46.64894],[6.80492,46.65011],[6.80737,46.65047],[6.81051,46.65022],[6.81322,46.64941],[6.81514,46.64749],[6.81681,46.64766],[6.8176,46.64939],[6.82102,46.65197],[6.82585,46.65825],[6.82743,46.65981],[6.8293,46.66038],[6.8316,46.66022],[6.83323,46.66184],[6.83615,46.66168],[6.83818,46.66236],[6.84134,46.66174],[6.84298,46.66095],[6.84411,46.66133],[6.84576,46.66415],[6.84577,46.66433],[6.84573,46.66455],[6.8457,46.66464],[6.84567,46.66472],[6.84562,46.66485],[6.8455,46.66505],[6.84533,46.66523],[6.84486,46.66564],[6.84406,46.66648],[6.84389,46.66664],[6.84314,46.66724],[6.84299,46.66734],[6.84075,46.66877],[6.84055,46.66888],[6.84033,46.66897],[6.83877,46.66946],[6.8385,46.66953],[6.83803,46.66955],[6.8367,46.66933],[6.83471,46.6693],[6.83444,46.66928],[6.83342,46.66917],[6.83273,46.66915],[6.83214,46.66904],[6.82998,46.6689],[6.82901,46.66944],[6.82891,46.66979],[6.82926,46.67142],[6.82884,46.6726],[6.82568,46.67475],[6.82446,46.67489],[6.82075,46.6729],[6.82002,46.67262],[6.81903,46.67237],[6.81875,46.67228],[6.81839,46.67206],[6.81817,46.67176],[6.81811,46.67156],[6.81803,46.67093],[6.81801,46.67084],[6.81779,46.6701],[6.81772,46.66993],[6.81759,46.66977],[6.81722,46.66952],[6.81667,46.66929],[6.81582,46.6688],[6.8155,46.66867],[6.81542,46.66864],[6.81505,46.6685],[6.81481,46.66838],[6.81456,46.66823],[6.8142,46.66798],[6.81403,46.66783],[6.81332,46.66683],[6.81284,46.66631],[6.81262,46.66614],[6.81209,46.66589],[6.81068,46.66576],[6.80946,46.6652],[6.80897,46.66445],[6.80882,46.66432],[6.80864,46.66422],[6.80766,46.66368],[6.80696,46.66333],[6.80608,46.66302],[6.8059,46.66291],[6.80575,46.66277],[6.80535,46.66217],[6.80439,46.66123],[6.8039,46.66096],[6.79988,46.65749],[6.7997,46.6572],[6.79954,46.65703],[6.79932,46.65678],[6.79922,46.65663],[6.79921,46.65661],[6.79871,46.65582],[6.79861,46.65562],[6.79857,46.65524],[6.79841,46.65491],[6.79788,46.65428],[6.79766,46.65392],[6.79739,46.65316],[6.79735,46.65295],[6.79736,46.65278],[6.79799,46.65147],[6.79795,46.65081]]]},"properties":{"bfs_nr":5665,"name":"Chavannes-sur-Moudon"}},{"type":"Feature","geometry":{"type":"Polygon","coordinates":[[[6.82967,46.69059],[6.83063,46.69016],[6.8326,46.68919],[6.83305,46.68901],[6.8334,46.68885],[6.83355,46.68877],[6.83387,46.68856],[6.83434,46.68831],[6.83471,46.68815],[6.83495,46.68801],[6.83632,46.68714],[6.83656,46.68691],[6.83695,46.68613],[6.83769,46.6855],[6.83795,46.68505],[6.83811,46.6843],[6.83819,46.68282],[6.8395,46.68193],[6.83973,46.68184],[6.83997,46.68178],[6.84022,46.68176],[6.84073,46.68182],[6.84116,46.682],[6.84159,46.6824],[6.8421,46.68409],[6.84547,46.68665],[6.84681,46.68708],[6.84739,46.68775],[6.84791,46.68927],[6.84826,46.68971],[6.85146,46.69039],[6.8537,46.69169],[6.85291,46.69534],[6.85354,46.69697],[6.85511,46.69739],[6.85763,46.69686],[6.85991,46.69878],[6.86248,46.69998],[6.86423,46.7031],[6.86751,46.70581],[6.86727,46.70628],[6.86678,46.70663],[6.86663,46.70677],[6.86653,46.70692],[6.86646,46.70708],[6.86645,46.70724],[6.86667,46.70774],[6.86724,46.70827],[6.86776,46.70998],[6.86792,46.71011],[6.86874,46.71066],[6.86894,46.71083],[6.86906,46.71099],[6.86913,46.71116],[6.86905,46.71167],[6.86868,46.71213],[6.86861,46.71245],[6.86872,46.71278],[6.86916,46.71343],[6.869,46.71395],[6.86885,46.7141],[6.86866,46.71422],[6.86839,46.71434],[6.86688,46.71486],[6.86665,46.71496],[6.8663,46.71525],[6.8662,46.71542],[6.86615,46.71561],[6.86617,46.71579],[6.86634,46.71628],[6.86627,46.71706],[6.86365,46.71894],[6.86093,46.71875],[6.85934,46.71682],[6.85784,46.71543],[6.85719,46.71508],[6.85682,46.71485],[6.85667,46.71473],[6.85653,46.7146],[6.85551,46.71358],[6.8549,46.71319],[6.8547,46.71298],[6.85469,46.71298],[6.85462,46.71286],[6.85446,46.71257],[6.85444,46.71254],[6.85434,46.71237],[6.85431,46.71231],[6.85419,46.71215],[6.85411,46.712],[6.85401,46.71182],[6.854,46.71179],[6.8539,46.71161],[6.85382,46.71149],[6.85379,46.71145],[6.85375,46.71141],[6.85271,46.71026],[6.85209,46.70959],[6.85187,46.70935],[6.85184,46.70932],[6.85175,46.70922],[6.85174,46.70921],[6.8516,46.70905],[6.85157,46.70901],[6.85097,46.70827],[6.85086,46.70815],[6.85083,46.70811],[6.85075,46.70804],[6.85068,46.70797],[6.85061,46.70792],[6.85054,46.70787],[6.85042,46.70778],[6.85003,46.70752],[6.8497,46.70726],[6.84952,46.7071],[6.84946,46.70702],[6.8494,46.70696],[6.84937,46.70693],[6.84909,46.70658],[6.84906,46.70655],[6.84901,46.70648],[6.84897,46.70641],[6.84892,46.70635],[6.84855,46.7057],[6.84773,46.70442],[6.84762,46.70427],[6.84747,46.70414],[6.84729,46.70403],[6.84708,46.70394],[6.84661,46.70385],[6.84582,46.70394],[6.84559,46.70402],[6.84537,46.70412],[6.84527,46.70416],[6.84507,46.70427],[6.84451,46.70462],[6.84425,46.70474],[6.84378,46.70486],[6.84329,46.70485],[6.84305,46.70479],[6.84278,46.70468],[6.83914,46.7029],[6.83894,46.70281],[6.83872,46.70268],[6.83845,46.70242],[6.83841,46.70105],[6.83886,46.70014],[6.83962,46.69858],[6.83965,46.69851],[6.83972,46.69831],[6.83973,46.69825],[6.83979,46.69801],[6.8398,46.69797],[6.83985,46.69772],[6.83986,46.6976],[6.83984,46.69744],[6.83952,46.69699],[6.83855,46.69668],[6.83672,46.69663],[6.83658,46.69662],[6.83627,46.6966],[6.83608,46.69657],[6.83596,46.69655],[6.83577,46.69652],[6.83565,46.6965],[6.83547,46.69646],[6.83535,46.69643],[6.83516,46.69638],[6.83507,46.69635],[6.83486,46.69628],[6.83475,46.69624],[6.83418,46.69601],[6.834,46.69592],[6.83393,46.69589],[6.83377,46.6958],[6.83367,46.69574],[6.83354,46.69566],[6.83331,46.6955],[6.83321,46.69542],[6.83301,46.69526],[6.8319,46.69422],[6.82941,46.69188],[6.82925,46.69169],[6.82917,46.69152],[6.82967,46.69059]]]},"properties":{"bfs_nr":5669,"name":"Curtilles"}},{"type":"Feature","geometry":{"type":"Polygon","coordinates":[[[6.86654,46.71639],[6.86622,46.71589],[6.86619,46.71554],[6.86635,46.71521],[6.86668,46.71495],[6.86695,46.71483],[6.86846,46.71432],[6.86867,46.71423],[6.86885,46.71411],[6.869,46.71397],[6.86918,46.71348],[6.86907,46.71315],[6.86872,46.71272],[6.86865,46.71239],[6.86876,46.71206],[6.86912,46.71163],[6.86919,46.71131],[6.86908,46.71098],[6.86896,46.71084],[6.86881,46.71071],[6.86857,46.71054],[6.86855,46.71053],[6.8683,46.71036],[6.86797,46.71004],[6.86753,46.7085],[6.86667,46.70773],[6.86645,46.70722],[6.86648,46.70704],[6.86656,46.70687],[6.86772,46.70599],[6.86869,46.70482],[6.87019,46.70464],[6.87211,46.70394],[6.87366,46.70405],[6.87463,46.70493],[6.875,46.70517],[6.87523,46.70524],[6.87547,46.70529],[6.87572,46.7053],[6.87597,46.70528],[6.87621,46.70523],[6.87643,46.70515],[6.87774,46.70453],[6.87961,46.70431],[6.88075,46.70382],[6.88125,46.70375],[6.88151,46.70377],[6.88176,46.70382],[6.88199,46.70391],[6.88219,46.70403],[6.88235,46.70417],[6.88262,46.7045],[6.88299,46.70473],[6.88345,46.70484],[6.88383,46.70485],[6.88414,46.70482],[6.88538,46.70467],[6.88667,46.70442],[6.88791,46.70458],[6.88841,46.70444],[6.88925,46.70405],[6.89118,46.70328],[6.89309,46.70368],[6.8943,46.70538],[6.89704,46.70693],[6.89746,46.70836],[6.89415,46.70977],[6.89358,46.71075],[6.89385,46.71159],[6.89357,46.71209],[6.89225,46.7129],[6.89235,46.71388],[6.89175,46.71461],[6.8889,46.71476],[6.88831,46.71535],[6.888,46.71642],[6.8879,46.71665],[6.88757,46.71698],[6.88718,46.71716],[6.88502,46.71748],[6.88442,46.71781],[6.88414,46.71789],[6.88401,46.71792],[6.88395,46.71793],[6.88373,46.71796],[6.88358,46.71798],[6.88333,46.71802],[6.8832,46.71805],[6.88314,46.71807],[6.88288,46.71816],[6.88262,46.71832],[6.8824,46.71853],[6.88225,46.71874],[6.8813,46.71949],[6.87915,46.71989],[6.87714,46.72068],[6.87606,46.72036],[6.87172,46.72049],[6.87129,46.72034],[6.87085,46.72001],[6.87041,46.71979],[6.87001,46.71954],[6.86981,46.71946],[6.86859,46.71903],[6.86827,46.71874],[6.86792,46.71838],[6.86704,46.71735],[6.86684,46.7171],[6.86654,46.71639]]]},"properties":{"bfs_nr":5671,"name":"Dompierre (VD)"}},{"type":"Feature","geometry":{"type":"Polygon","coordinates":[[[6.73873,46.62363],[6.74035,46.62265],[6.74189,46.62222],[6.74421,46.62314],[6.74442,46.62323],[6.74466,46.62329],[6.7449,46.62332],[6.74516,46.62332],[6.74673,46.62337],[6.75032,46.62416],[6.75147,46.62549],[6.75214,46.62608],[6.75255,46.62633],[6.75418,46.62687],[6.75433,46.62892],[6.75548,46.63028],[6.75924,46.63132],[6.7615,46.63142],[6.76482,46.63268],[6.76647,46.63418],[6.76679,46.63777],[6.76826,46.63975],[6.77011,46.64138],[6.76986,46.64261],[6.77007,46.64328],[6.77069,46.64387],[6.77082,46.64439],[6.77093,46.64475],[6.77088,46.64521],[6.77089,46.64549],[6.77084,46.64569],[6.77083,46.64585],[6.77083,46.646],[6.77089,46.64622],[6.77126,46.6469],[6.77135,46.64704],[6.77154,46.64722],[6.77185,46.6476],[6.77203,46.64793],[6.77175,46.64866],[6.7686,46.65012],[6.76298,46.65171],[6.75811,46.64942],[6.75309,46.64888],[6.74754,46.64249],[6.74387,46.63977],[6.74139,46.63867],[6.74135,46.63546],[6.74005,46.63335],[6.73939,46.63286],[6.73914,46.63272],[6.73896,46.63257],[6.73876,46.63225],[6.73876,46.63189],[6.73884,46.63172],[6.73937,46.63112],[6.73944,46.63058],[6.73873,46.62363]]]},"properties":{"bfs_nr":5673,"name":"Hermenches"}},{"type":"Feature","geometry":{"type":"Polygon","coordinates":[[[6.85302,46.69496],[6.85498,46.6874],[6.85624,46.6851],[6.85927,46.68134],[6.86048,46.67987],[6.86066,46.67951],[6.86069,46.67904],[6.86144,46.67837],[6.86286,46.67851],[6.86291,46.68027],[6.86468,46.68137],[6.86656,46.68466],[6.8688,46.68546],[6.87336,46.6837],[6.87536,46.68489],[6.88004,46.68915],[6.88018,46.69015],[6.87799,46.69076],[6.87735,46.69035],[6.87617,46.68898],[6.87582,46.68871],[6.87559,46.68862],[6.87507,46.68854],[6.87455,46.6886],[6.87431,46.68869],[6.87349,46.68907],[6.87324,46.68917],[6.87301,46.68924],[6.8728,46.68934],[6.8725,46.6896],[6.8724,46.68976],[6.87235,46.6901],[6.87239,46.69027],[6.87248,46.69042],[6.87261,46.69057],[6.8734,46.69128],[6.87341,46.69128],[6.87663,46.69418],[6.87665,46.6942],[6.87827,46.6956],[6.87858,46.69631],[6.87852,46.69648],[6.87827,46.69679],[6.87803,46.69694],[6.87683,46.69757],[6.87648,46.69785],[6.87587,46.70044],[6.87302,46.70213],[6.87243,46.70364],[6.8721,46.70391],[6.87183,46.70404],[6.8707,46.70445],[6.8704,46.70454],[6.87014,46.70457],[6.86963,46.70453],[6.86857,46.70402],[6.86575,46.70405],[6.86422,46.70306],[6.86375,46.70143],[6.86216,46.69962],[6.86017,46.69879],[6.85941,46.69793],[6.85783,46.69688],[6.85713,46.69674],[6.8554,46.69719],[6.85328,46.69592],[6.85302,46.69496]]]},"properties":{"bfs_nr":5674,"name":"Lovatens"}},{"type":"Feature","geometry":{"type":"MultiPolygon","coordinates":[[[[6.82593,46.67461],[6.82823,46.6733],[6.82889,46.67257],[6.82929,46.67143],[6.82898,46.66986],[6.82998,46.66893],[6.83123,46.66904],[6.83214,46.66905],[6.83273,46.66915],[6.83348,46.66918],[6.83449,46.66929],[6.83466,46.6693],[6.83662,46.66933],[6.83803,46.66955],[6.8385,46.66953],[6.83872,46.66948],[6.84037,46.66895],[6.84055,46.66888],[6.84071,46.66879],[6.84302,46.66732],[6.84311,46.66726],[6.84392,46.66662],[6.84404,46.66651],[6.84488,46.66562],[6.84537,46.6652],[6.84551,46.66505],[6.8456,46.66489],[6.84568,46.6647],[6.8457,46.66465],[6.84575,46.6645],[6.84578,46.66433],[6.84576,46.66415],[6.844,46.66073],[6.84261,46.659],[6.84391,46.65804],[6.84572,46.65816],[6.85315,46.65561],[6.85485,46.65611],[6.85701,46.65817],[6.86021,46.65958],[6.86253,46.6586],[6.86505,46.65881],[6.86784,46.66087],[6.86738,46.66342],[6.86509,46.66455],[6.86497,46.66552],[6.86845,46.67041],[6.87121,46.67289],[6.87095,46.67383],[6.86433,46.67633],[6.8616,46.67705],[6.86143,46.67784],[6.86069,46.67895],[6.86063,46.6795],[6.8604,46.67984],[6.8598,46.68041],[6.85926,46.68131],[6.85797,46.6823],[6.85502,46.68687],[6.85392,46.69002],[6.85284,46.6904],[6.85041,46.68959],[6.84879,46.68961],[6.84799,46.68924],[6.84737,46.68768],[6.84651,46.68672],[6.84535,46.68643],[6.84212,46.684],[6.84191,46.68262],[6.84118,46.68201],[6.84077,46.68182],[6.8403,46.68175],[6.84005,46.68176],[6.83982,46.6818],[6.8396,46.68188],[6.83777,46.68282],[6.83726,46.6829],[6.83675,46.68284],[6.83613,46.68257],[6.83598,46.68249],[6.83566,46.68228],[6.83532,46.68209],[6.83496,46.68186],[6.83489,46.68182],[6.83483,46.68178],[6.83478,46.68176],[6.83463,46.68167],[6.83446,46.68156],[6.8344,46.68152],[6.83413,46.68135],[6.83408,46.68131],[6.83407,46.68131],[6.83394,46.68118],[6.8334,46.68071],[6.83268,46.68026],[6.83229,46.67994],[6.83214,46.67979],[6.83191,46.67955],[6.83185,46.67947],[6.83178,46.6794],[6.8316,46.67923],[6.83129,46.67877],[6.83075,46.67833],[6.83034,46.67815],[6.82961,46.6781],[6.82848,46.67826],[6.82818,46.6782],[6.82755,46.67799],[6.82733,46.67787],[6.82716,46.67773],[6.827,46.67753],[6.82662,46.67691],[6.82648,46.67659],[6.82646,46.67653],[6.82644,46.67643],[6.8264,46.67613],[6.82628,46.67583],[6.82578,46.67517],[6.82593,46.67461]]],[[[6.80135,46.70212],[6.80289,46.70121],[6.80432,46.70092],[6.80483,46.70034],[6.80482,46.7],[6.80463,46.69969],[6.80422,46.69937],[6.80402,46.69919],[6.80392,46.69903],[6.80385,46.69886],[6.80385,46.69868],[6.80389,46.6985],[6.80398,46.69834],[6.80412,46.69819],[6.80614,46.69771],[6.81093,46.70045],[6.81223,46.70056],[6.81315,46.70017],[6.81391,46.7001],[6.8147,46.70019],[6.81558,46.69985],[6.81564,46.69843],[6.81612,46.69785],[6.81726,46.69749],[6.81853,46.6976],[6.82253,46.69632],[6.82358,46.69568],[6.82493,46.69415],[6.82527,46.69272],[6.82783,46.6911],[6.829,46.69149],[6.83191,46.69422],[6.83302,46.69527],[6.83307,46.6953],[6.83322,46.69543],[6.83329,46.69549],[6.83345,46.6956],[6.83352,46.69565],[6.83368,46.69575],[6.83375,46.69579],[6.83394,46.69589],[6.83399,46.69592],[6.8342,46.69602],[6.83447,46.69614],[6.83454,46.69617],[6.83477,46.69625],[6.83484,46.69628],[6.83508,46.69635],[6.83515,46.69637],[6.83537,46.69643],[6.83545,46.69645],[6.83567,46.6965],[6.83575,46.69652],[6.83598,46.69656],[6.83606,46.69657],[6.83629,46.6966],[6.83638,46.69661],[6.8366,46.69662],[6.8367,46.69663],[6.83847,46.69668],[6.83952,46.69699],[6.83983,46.69744],[6.83986,46.69763],[6.83974,46.69824],[6.83971,46.69833],[6.83965,46.69849],[6.83961,46.69859],[6.83886,46.70014],[6.83886,46.70015],[6.83841,46.70107],[6.83828,46.70191],[6.83845,46.70242],[6.83871,46.70268],[6.83889,46.70278],[6.83913,46.7029],[6.83915,46.70291],[6.84283,46.70471],[6.84305,46.70479],[6.84329,46.70485],[6.84353,46.70487],[6.84379,46.70486],[6.84403,46.70482],[6.84426,46.70475],[6.84446,46.70465],[6.84505,46.70428],[6.84541,46.7041],[6.84564,46.70402],[6.84688,46.70391],[6.8473,46.70405],[6.84763,46.70429],[6.84855,46.7057],[6.84893,46.70636],[6.84896,46.7064],[6.84902,46.70649],[6.84905,46.70654],[6.84907,46.70656],[6.84908,46.70658],[6.84938,46.70693],[6.84939,46.70696],[6.84947,46.70704],[6.84951,46.70708],[6.84959,46.70716],[6.84962,46.70719],[6.84971,46.70727],[6.85002,46.70751],[6.85066,46.70796],[6.85077,46.70806],[6.85097,46.70828],[6.85157,46.70902],[6.85159,46.70904],[6.85175,46.70922],[6.85176,46.70923],[6.85185,46.70933],[6.85187,46.70935],[6.8521,46.70959],[6.85271,46.71026],[6.85319,46.71081],[6.85374,46.7114],[6.85379,46.71146],[6.85392,46.71164],[6.85402,46.71182],[6.85412,46.71203],[6.85418,46.71212],[6.8543,46.7123],[6.85435,46.71238],[6.85446,46.71257],[6.85459,46.71282],[6.85461,46.71285],[6.85463,46.71288],[6.85468,46.71296],[6.85473,46.71303],[6.85489,46.7132],[6.85549,46.71356],[6.85655,46.71462],[6.85665,46.71471],[6.85688,46.71489],[6.85934,46.71683],[6.86064,46.71989],[6.86176,46.72091],[6.86185,46.72152],[6.86161,46.72247],[6.86261,46.72358],[6.86188,46.72458],[6.85896,46.72567],[6.85184,46.72647],[6.84796,46.72767],[6.84567,46.72801],[6.84288,46.72993],[6.83796,46.73276],[6.83494,46.73347],[6.83257,46.73495],[6.82901,46.73521],[6.82182,46.73435],[6.81796,46.7334],[6.81202,46.72841],[6.81297,46.72729],[6.81434,46.72685],[6.81456,46.72675],[6.81474,46.72662],[6.81489,46.72647],[6.81498,46.7263],[6.81502,46.72612],[6.81501,46.72594],[6.81495,46.72576],[6.81484,46.7256],[6.81419,46.72472],[6.81431,46.72394],[6.81356,46.72303],[6.81164,46.72201],[6.8112,46.72159],[6.81138,46.72076],[6.81274,46.71997],[6.81622,46.71987],[6.81767,46.71876],[6.81825,46.71783],[6.8184,46.71697],[6.81805,46.71631],[6.81721,46.71594],[6.81703,46.71583],[6.81683,46.7157],[6.81652,46.71542],[6.81633,46.71519],[6.81608,46.71497],[6.81593,46.71479],[6.8158,46.71454],[6.81568,46.71437],[6.81555,46.71421],[6.81541,46.71401],[6.81534,46.71367],[6.81547,46.71333],[6.81571,46.71305],[6.81575,46.71301],[6.81578,46.71297],[6.81586,46.71285],[6.81595,46.7127],[6.81602,46.71255],[6.81606,46.71239],[6.81607,46.71222],[6.81603,46.71206],[6.81583,46.71177],[6.81408,46.70989],[6.81331,46.70948],[6.81271,46.70928],[6.81247,46.70914],[6.81219,46.70893],[6.81216,46.70891],[6.81168,46.70854],[6.81167,46.70853],[6.81135,46.70829],[6.81125,46.70822],[6.81106,46.70807],[6.81076,46.70787],[6.81009,46.70753],[6.80969,46.70735],[6.80917,46.70716],[6.80894,46.70712],[6.80846,46.70712],[6.80624,46.70729],[6.80442,46.70506],[6.8014,46.70311],[6.80135,46.70212]]]]},"properties":{"bfs_nr":5675,"name":"Lucens"}},{"type":"Feature","geometry":{"type":"Polygon","coordinates":[[[6.749,46.67538],[6.74888,46.67358],[6.74888,46.67346],[6.74891,46.67302],[6.74906,46.6726],[6.7494,46.67231],[6.75028,46.67198],[6.75081,46.67176],[6.75094,46.67169],[6.75148,46.67139],[6.75153,46.67137],[6.75374,46.67003],[6.75527,46.66947],[6.75574,46.66926],[6.75611,46.66901],[6.75631,46.66868],[6.75631,46.66832],[6.75623,46.66815],[6.75591,46.66775],[6.7558,46.66734],[6.75581,46.66702],[6.75581,46.66691],[6.7558,46.66675],[6.75584,46.66658],[6.75776,46.66562],[6.75865,46.66459],[6.75866,46.66458],[6.75878,46.66451],[6.75891,46.66445],[6.7598,46.66402],[6.76012,46.6639],[6.76138,46.66352],[6.76162,46.66322],[6.76168,46.66295],[6.76175,46.66162],[6.76176,46.66157],[6.76159,46.6611],[6.76083,46.66041],[6.76044,46.65967],[6.76036,46.65946],[6.7606,46.65879],[6.76149,46.65832],[6.76198,46.6579],[6.76217,46.65759],[6.7622,46.65743],[6.76209,46.65699],[6.76199,46.65681],[6.76188,46.65666],[6.76174,46.65653],[6.76156,46.65642],[6.75979,46.65573],[6.75967,46.6554],[6.75981,46.65482],[6.75981,46.65466],[6.7598,46.65461],[6.75979,46.65449],[6.75978,46.65399],[6.75978,46.65398],[6.75978,46.65392],[6.75982,46.65368],[6.75991,46.65349],[6.76026,46.65313],[6.76054,46.65294],[6.76313,46.65169],[6.76573,46.65112],[6.76731,46.6517],[6.76745,46.65224],[6.76783,46.65341],[6.7679,46.65367],[6.76792,46.65374],[6.76795,46.65381],[6.76809,46.65404],[6.76917,46.65529],[6.76941,46.65723],[6.77275,46.65946],[6.77402,46.65984],[6.77684,46.6601],[6.77738,46.66009],[6.77788,46.65993],[6.78011,46.65895],[6.78431,46.65655],[6.78451,46.65641],[6.78466,46.65625],[6.78475,46.65606],[6.78478,46.65587],[6.78482,46.65441],[6.78482,46.6544],[6.78484,46.65205],[6.78487,46.65184],[6.78505,46.65153],[6.78589,46.65113],[6.78752,46.65095],[6.78971,46.65014],[6.79254,46.65167],[6.79278,46.65175],[6.79328,46.65182],[6.79361,46.65183],[6.79381,46.65181],[6.79414,46.65176],[6.79426,46.65172],[6.79446,46.65166],[6.79473,46.65152],[6.79501,46.65132],[6.79508,46.65127],[6.79602,46.65053],[6.79697,46.65043],[6.79796,46.6511],[6.7979,46.65164],[6.79741,46.65261],[6.79735,46.65277],[6.79734,46.65295],[6.79738,46.65312],[6.79769,46.65399],[6.79848,46.65546],[6.79921,46.65662],[6.79922,46.65663],[6.79935,46.65682],[6.79992,46.65758],[6.80585,46.6629],[6.80603,46.66301],[6.80624,46.66309],[6.80701,46.66336],[6.80762,46.66366],[6.8088,46.66432],[6.80895,46.66446],[6.80906,46.66461],[6.80924,46.66502],[6.80937,46.66516],[6.80971,46.66538],[6.81107,46.66596],[6.81235,46.66611],[6.81279,46.66631],[6.81392,46.66771],[6.81403,46.66784],[6.81417,46.66795],[6.81459,46.66825],[6.81476,46.66835],[6.8151,46.66852],[6.81589,46.66884],[6.81659,46.66926],[6.81743,46.66968],[6.81772,46.66997],[6.81782,46.67019],[6.818,46.67081],[6.81803,46.67095],[6.81812,46.6716],[6.81816,46.67176],[6.81825,46.67192],[6.81839,46.67206],[6.81855,46.67219],[6.81875,46.67229],[6.81897,46.67236],[6.8208,46.67293],[6.82395,46.6747],[6.826,46.67565],[6.82637,46.67606],[6.82642,46.67626],[6.82644,46.67645],[6.82646,46.67651],[6.82649,46.67664],[6.82658,46.67686],[6.82702,46.67757],[6.82715,46.67773],[6.82732,46.67787],[6.82753,46.67799],[6.8277,46.67805],[6.8281,46.67818],[6.82824,46.67822],[6.82844,46.67826],[6.82869,46.67828],[6.82904,46.67825],[6.82967,46.67812],[6.83067,46.6783],[6.83128,46.67877],[6.83158,46.67921],[6.83188,46.67951],[6.83191,46.67954],[6.83216,46.67982],[6.83226,46.67991],[6.83274,46.68032],[6.83297,46.68049],[6.8334,46.68072],[6.83383,46.6811],[6.83402,46.68127],[6.83407,46.68131],[6.83416,46.68138],[6.83458,46.68164],[6.83461,46.68165],[6.83479,46.68176],[6.83497,46.68187],[6.8353,46.68208],[6.83601,46.6825],[6.8361,46.68256],[6.83634,46.68268],[6.83641,46.68272],[6.83671,46.68285],[6.83762,46.68323],[6.83793,46.68354],[6.83808,46.68441],[6.83776,46.68533],[6.83685,46.6862],[6.83659,46.68681],[6.83633,46.68709],[6.83584,46.68735],[6.83527,46.68778],[6.83504,46.68795],[6.8348,46.6881],[6.83451,46.68823],[6.8344,46.68828],[6.83379,46.6886],[6.83357,46.68875],[6.83333,46.68888],[6.83264,46.68917],[6.83069,46.69012],[6.8292,46.69074],[6.8275,46.6909],[6.82614,46.69196],[6.82435,46.6917],[6.82194,46.68899],[6.81998,46.68726],[6.81984,46.68715],[6.81967,46.68706],[6.81953,46.687],[6.81909,46.68674],[6.81884,46.68655],[6.81857,46.68625],[6.81681,46.68477],[6.811,46.68235],[6.80969,46.68217],[6.80843,46.68224],[6.80611,46.68162],[6.80559,46.68155],[6.80264,46.68202],[6.80085,46.68336],[6.79811,46.68356],[6.79721,46.68347],[6.79648,46.6836],[6.79523,46.68447],[6.79372,46.68638],[6.79185,46.6869],[6.79076,46.68809],[6.78845,46.68829],[6.78811,46.68832],[6.78687,46.68856],[6.78643,46.68871],[6.7858,46.68916],[6.78561,46.68925],[6.78475,46.68955],[6.78378,46.6901],[6.78284,46.69018],[6.78259,46.6902],[6.78236,46.69025],[6.78214,46.69034],[6.78196,46.69044],[6.78173,46.6906],[6.78172,46.69061],[6.78068,46.69133],[6.78067,46.69134],[6.78046,46.69149],[6.78021,46.69163],[6.77974,46.69176],[6.77923,46.69176],[6.77898,46.69171],[6.77828,46.69122],[6.77787,46.69007],[6.77639,46.68827],[6.77698,46.68692],[6.77692,46.68543],[6.77648,46.6843],[6.77668,46.68269],[6.77627,46.68226],[6.77583,46.68209],[6.77452,46.6818],[6.77394,46.68151],[6.77218,46.68024],[6.7707,46.67882],[6.76511,46.676],[6.76352,46.67608],[6.76077,46.67786],[6.75801,46.67758],[6.75743,46.67763],[6.75634,46.67787],[6.75587,46.67796],[6.75551,46.678],[6.75545,46.678],[6.75513,46.678],[6.75451,46.67788],[6.75418,46.67783],[6.75353,46.67777],[6.7532,46.67768],[6.75191,46.67718],[6.74966,46.67616],[6.74912,46.67575],[6.74904,46.67559],[6.749,46.67538]]]},"properties":{"bfs_nr":5678,"name":"Moudon"}},{"type":"Feature","geometry":{"type":"Polygon","coordinates":[[[6.70933,46.71352],[6.70926,46.71327],[6.70956,46.7126],[6.70962,46.71241],[6.70962,46.71231],[6.70963,46.71222],[6.70961,46.71208],[6.70953,46.71187],[6.70947,46.71159],[6.7094,46.71141],[6.70901,46.71068],[6.71017,46.70881],[6.71163,46.70828],[6.71264,46.70709],[6.71421,46.70694],[6.71467,46.70674],[6.71504,46.70624],[6.71469,46.7043],[6.71391,46.70241],[6.71425,46.70155],[6.71686,46.70063],[6.717,46.70058],[6.71756,46.70037],[6.71775,46.70029],[6.71862,46.69981],[6.72087,46.69996],[6.72192,46.69989],[6.72244,46.69977],[6.72397,46.69874],[6.72487,46.69856],[6.72537,46.69864],[6.72579,46.69885],[6.72595,46.69899],[6.72613,46.69923],[6.72647,46.69961],[6.72685,46.69996],[6.72704,46.70026],[6.72729,46.70052],[6.72825,46.7014],[6.72868,46.70163],[6.73135,46.70252],[6.73458,46.70331],[6.73494,46.70341],[6.736,46.70384],[6.73762,46.70419],[6.73923,46.70589],[6.73999,46.70741],[6.73797,46.70945],[6.73778,46.71137],[6.73374,46.71232],[6.7299,46.71224],[6.72968,46.71227],[6.72965,46.71228],[6.72963,46.71228],[6.72921,46.71238],[6.72897,46.71245],[6.72875,46.71256],[6.72857,46.7127],[6.72843,46.71286],[6.72835,46.71304],[6.72829,46.71321],[6.72826,46.71334],[6.72827,46.71348],[6.72829,46.71367],[6.72832,46.71377],[6.72842,46.7141],[6.72844,46.71416],[6.72858,46.7145],[6.72861,46.71456],[6.72881,46.71494],[6.72884,46.71499],[6.72919,46.71553],[6.7295,46.71595],[6.7298,46.71833],[6.72912,46.71882],[6.7259,46.71889],[6.72414,46.71834],[6.71944,46.71873],[6.71912,46.71874],[6.71886,46.7187],[6.71862,46.71864],[6.71841,46.71854],[6.71649,46.71735],[6.71509,46.71669],[6.71252,46.71638],[6.70968,46.7146],[6.70933,46.71352]]]},"properties":{"bfs_nr":5680,"name":"Ogens"}},{"type":"Feature","geometry":{"type":"Polygon","coordinates":[[[6.87282,46.70328],[6.87312,46.7021],[6.87656,46.70046],[6.87723,46.69965],[6.87649,46.69808],[6.87808,46.69691],[6.87827,46.69679],[6.87842,46.69664],[6.87853,46.69648],[6.87859,46.69631],[6.87831,46.69564],[6.87664,46.69419],[6.87662,46.69417],[6.8734,46.69128],[6.87267,46.69062],[6.87249,46.69042],[6.87241,46.69026],[6.87237,46.69008],[6.87238,46.6899],[6.87245,46.68972],[6.87272,46.68942],[6.87292,46.6893],[6.87339,46.68912],[6.87426,46.68872],[6.87455,46.68861],[6.87507,46.68854],[6.87558,46.68862],[6.87621,46.68902],[6.87717,46.69018],[6.87771,46.69075],[6.87949,46.6909],[6.8804,46.69023],[6.88356,46.69014],[6.88795,46.69412],[6.88995,46.69446],[6.89102,46.69559],[6.89177,46.69772],[6.89411,46.70111],[6.89171,46.70306],[6.88923,46.70406],[6.88845,46.7044],[6.88746,46.70441],[6.88609,46.70419],[6.88498,46.70469],[6.88361,46.70484],[6.88312,46.70476],[6.88256,46.70442],[6.8823,46.7041],[6.88213,46.70397],[6.88193,46.70387],[6.8817,46.7038],[6.88146,46.70376],[6.88122,46.70374],[6.88074,46.70382],[6.87813,46.70435],[6.87648,46.70512],[6.87621,46.70523],[6.87572,46.7053],[6.87523,46.70524],[6.8746,46.7049],[6.87282,46.70328]]]},"properties":{"bfs_nr":5683,"name":"Pr\u00e9vonloup"}},{"type":"Feature","geometry":{"type":"Polygon","coordinates":[[[6.76793,46.65375],[6.76783,46.65342],[6.76746,46.65227],[6.76742,46.65214],[6.76727,46.65129],[6.76756,46.65056],[6.77195,46.64868],[6.77684,46.65009],[6.77793,46.65007],[6.77882,46.64992],[6.77935,46.64989],[6.77981,46.64999],[6.78136,46.65083],[6.78164,46.65115],[6.78172,46.65138],[6.78175,46.65156],[6.7818,46.65172],[6.78192,46.65201],[6.78195,46.65207],[6.78213,46.65238],[6.78226,46.6527],[6.7823,46.6533],[6.78216,46.65373],[6.78174,46.65421],[6.78163,46.65458],[6.78166,46.6552],[6.78138,46.6558],[6.78123,46.65676],[6.78156,46.65774],[6.78018,46.65892],[6.77859,46.6595],[6.77779,46.65994],[6.77711,46.66007],[6.77564,46.65978],[6.77415,46.65981],[6.77274,46.65943],[6.76942,46.65723],[6.7692,46.65532],[6.76814,46.65409],[6.76793,46.65375]]]},"properties":{"bfs_nr":5684,"name":"Rossenges"}},{"type":"Feature","geometry":{"type":"Polygon","coordinates":[[[6.76601,46.6326],[6.76659,46.63224],[6.7676,46.632],[6.7686,46.63209],[6.76998,46.63212],[6.77161,46.634],[6.77209,46.63436],[6.77253,46.63448],[6.77547,46.63455],[6.77625,46.63467],[6.77658,46.63469],[6.77691,46.63466],[6.77866,46.63443],[6.77893,46.63441],[6.77925,46.6344],[6.77947,46.6344],[6.77981,46.63444],[6.78006,46.6345],[6.78047,46.63474],[6.78062,46.63489],[6.78074,46.63511],[6.78094,46.63559],[6.78103,46.63576],[6.78134,46.63603],[6.78177,46.6362],[6.78258,46.63633],[6.78297,46.63652],[6.78324,46.6368],[6.78335,46.63717],[6.78341,46.63864],[6.78435,46.63935],[6.78623,46.63954],[6.78688,46.64007],[6.78713,46.64102],[6.78776,46.64167],[6.78779,46.64221],[6.78786,46.64239],[6.78799,46.64261],[6.7882,46.64312],[6.78842,46.64357],[6.78848,46.64439],[6.78774,46.64537],[6.78787,46.64655],[6.78902,46.64743],[6.78913,46.64877],[6.78719,46.6509],[6.78583,46.65114],[6.78538,46.65128],[6.7852,46.65139],[6.78505,46.65153],[6.78493,46.65168],[6.78486,46.65184],[6.78484,46.65201],[6.7848,46.65266],[6.78466,46.65322],[6.7848,46.65358],[6.78483,46.6538],[6.78482,46.6544],[6.78482,46.65442],[6.78478,46.65583],[6.78474,46.65606],[6.7845,46.65641],[6.78427,46.65657],[6.78403,46.65668],[6.78355,46.65679],[6.78282,46.6567],[6.78161,46.65564],[6.78172,46.65492],[6.78167,46.65448],[6.78216,46.65375],[6.78235,46.65333],[6.78238,46.65297],[6.78214,46.65241],[6.78196,46.65209],[6.78192,46.65199],[6.78181,46.65175],[6.78174,46.65153],[6.78171,46.65133],[6.78165,46.65115],[6.78137,46.65083],[6.77995,46.65002],[6.77952,46.64989],[6.77929,46.64987],[6.77892,46.6499],[6.77682,46.65008],[6.7728,46.64861],[6.77219,46.648],[6.772,46.64774],[6.77182,46.64756],[6.77159,46.64727],[6.77136,46.64704],[6.77123,46.64684],[6.77091,46.64623],[6.77085,46.64608],[6.77083,46.64592],[6.7709,46.64554],[6.77095,46.64486],[6.77091,46.64463],[6.77078,46.64422],[6.7707,46.6438],[6.77026,46.64296],[6.77048,46.64137],[6.7682,46.63965],[6.76681,46.63775],[6.76723,46.63551],[6.76601,46.6326]]]},"properties":{"bfs_nr":5688,"name":"Syens"}},{"type":"Feature","geometry":{"type":"Polygon","coordinates":[[[6.78396,46.70595],[6.7843,46.70447],[6.78668,46.70275],[6.78914,46.70194],[6.78932,46.70187],[6.78963,46.70172],[6.78967,46.7017],[6.78985,46.70162],[6.78988,46.70161],[6.79004,46.70154],[6.79008,46.70152],[6.79037,46.70141],[6.79043,46.70138],[6.79077,46.70126],[6.79105,46.70117],[6.7913,46.70114],[6.79179,46.70116],[6.79207,46.70123],[6.7922,46.70128],[6.79233,46.70133],[6.79247,46.70139],[6.79293,46.70165],[6.79312,46.7018],[6.79334,46.70201],[6.79363,46.70237],[6.79379,46.70249],[6.79525,46.70304],[6.79666,46.70413],[6.79684,46.70425],[6.79705,46.70434],[6.79729,46.7044],[6.79779,46.70442],[6.79803,46.70439],[6.79826,46.70432],[6.79865,46.7041],[6.79879,46.70396],[6.79908,46.70351],[6.7997,46.70311],[6.80065,46.70292],[6.80437,46.70504],[6.80623,46.70746],[6.8074,46.70766],[6.80824,46.70732],[6.80906,46.70721],[6.80967,46.70734],[6.81062,46.70781],[6.81121,46.70826],[6.81129,46.7083],[6.81165,46.70852],[6.81167,46.70853],[6.81169,46.70854],[6.81217,46.70891],[6.81219,46.70893],[6.81288,46.70944],[6.81309,46.70957],[6.81409,46.70996],[6.8158,46.71174],[6.81606,46.71222],[6.81606,46.71239],[6.816,46.71258],[6.81596,46.71267],[6.81584,46.71289],[6.81578,46.71296],[6.81575,46.713],[6.81558,46.71316],[6.81545,46.71331],[6.81536,46.71348],[6.81532,46.71365],[6.81533,46.71383],[6.81539,46.714],[6.8155,46.71416],[6.81565,46.71433],[6.81582,46.71459],[6.81589,46.71472],[6.81593,46.71479],[6.81598,46.71486],[6.81613,46.71504],[6.81643,46.71531],[6.81656,46.71547],[6.81677,46.71566],[6.81706,46.71585],[6.81721,46.71594],[6.81765,46.71614],[6.81813,46.71673],[6.81825,46.71782],[6.81767,46.71875],[6.8156,46.71988],[6.8126,46.71996],[6.81137,46.7207],[6.81108,46.7212],[6.81124,46.72172],[6.81158,46.72199],[6.81388,46.72346],[6.81382,46.72429],[6.81494,46.72575],[6.81502,46.72609],[6.81498,46.72626],[6.81478,46.72657],[6.81442,46.72681],[6.81301,46.72726],[6.81238,46.72767],[6.81101,46.7279],[6.80643,46.72694],[6.80399,46.72557],[6.79889,46.72084],[6.7983,46.72041],[6.79759,46.71998],[6.79748,46.7199],[6.79682,46.71942],[6.79673,46.71935],[6.79651,46.71917],[6.7962,46.71889],[6.79557,46.71837],[6.79552,46.71832],[6.79484,46.71784],[6.79483,46.71782],[6.7946,46.71766],[6.79457,46.71763],[6.79441,46.71751],[6.79433,46.71744],[6.79411,46.71724],[6.79406,46.7172],[6.79317,46.71639],[6.79169,46.71475],[6.7909,46.71401],[6.79013,46.7134],[6.78999,46.71328],[6.78981,46.7131],[6.78964,46.71297],[6.78945,46.71286],[6.78568,46.71052],[6.78464,46.70856],[6.784,46.70791],[6.7839,46.70768],[6.78384,46.70746],[6.78382,46.70737],[6.78379,46.70719],[6.78376,46.70698],[6.78375,46.70645],[6.78396,46.70595]]]},"properties":{"bfs_nr":5690,"name":"Villars-le-Comte"}},{"type":"Feature","geometry":{"type":"Polygon","coordinates":[[[6.75992,46.62899],[6.76003,46.62855],[6.76109,46.62763],[6.76256,46.62673],[6.7631,46.62582],[6.76446,46.62484],[6.76569,46.6234],[6.76588,46.62303],[6.76597,46.62255],[6.76593,46.62182],[6.76581,46.62135],[6.76582,46.62097],[6.7664,46.62],[6.76806,46.61899],[6.76937,46.61854],[6.77131,46.61754],[6.77293,46.61678],[6.77339,46.6166],[6.77407,46.61628],[6.77437,46.61617],[6.77462,46.61612],[6.77495,46.6161],[6.77631,46.61611],[6.77874,46.61601],[6.77977,46.61626],[6.78007,46.61656],[6.78016,46.61678],[6.78058,46.61831],[6.78066,46.6186],[6.78085,46.61926],[6.78092,46.61943],[6.78104,46.61958],[6.7812,46.61972],[6.7814,46.61983],[6.78163,46.61992],[6.78204,46.61999],[6.78234,46.62008],[6.78265,46.62019],[6.78293,46.62027],[6.78343,46.62037],[6.78408,46.62055],[6.78505,46.62143],[6.78535,46.62316],[6.78744,46.62584],[6.78827,46.6285],[6.78707,46.62963],[6.78678,46.63055],[6.78688,46.63159],[6.78709,46.63222],[6.78704,46.63255],[6.78701,46.63274],[6.78699,46.63291],[6.78701,46.63311],[6.78706,46.63335],[6.78727,46.63403],[6.78692,46.63558],[6.78709,46.63667],[6.78751,46.63777],[6.78751,46.63812],[6.78679,46.63912],[6.78435,46.63935],[6.78341,46.63864],[6.78335,46.63709],[6.78332,46.63692],[6.78311,46.63659],[6.78251,46.63627],[6.78136,46.63601],[6.78103,46.63573],[6.78091,46.63552],[6.78073,46.63506],[6.78063,46.63489],[6.78048,46.63473],[6.78029,46.6346],[6.78006,46.6345],[6.77981,46.63443],[6.77954,46.6344],[6.77942,46.6344],[6.77928,46.6344],[6.77888,46.63441],[6.77871,46.63443],[6.77733,46.6346],[6.7766,46.63468],[6.77624,46.63466],[6.77561,46.63456],[6.77232,46.63439],[6.7716,46.63395],[6.7705,46.63231],[6.76974,46.63191],[6.7678,46.63197],[6.76707,46.63206],[6.76664,46.63217],[6.76603,46.63248],[6.76203,46.63153],[6.75992,46.62899]]]},"properties":{"bfs_nr":5692,"name":"Vucherens"}},{"type":"Feature","geometry":{"type":"Polygon","coordinates":[[[6.69634,46.6679],[6.69637,46.66719],[6.69702,46.66629],[6.69751,46.66549],[6.69891,46.66488],[6.69996,46.6633],[6.6993,46.66055],[6.69973,46.65936],[6.69941,46.65838],[6.69974,46.65774],[6.70062,46.65738],[6.70207,46.65655],[6.70261,46.6564],[6.703,46.65622],[6.70324,46.65612],[6.70341,46.65606],[6.70366,46.65596],[6.7039,46.65588],[6.70422,46.65581],[6.7045,46.65572],[6.70519,46.65538],[6.70565,46.65531],[6.70783,46.65546],[6.70857,46.65533],[6.70894,46.65508],[6.70921,46.65467],[6.7092,46.65293],[6.70952,46.65266],[6.70997,46.65249],[6.71029,46.65244],[6.71131,46.6524],[6.71163,46.65241],[6.71212,46.65254],[6.71249,46.65279],[6.71268,46.65302],[6.71284,46.65336],[6.71284,46.65366],[6.71294,46.65397],[6.71363,46.65525],[6.71401,46.65581],[6.71637,46.65731],[6.7164,46.65797],[6.71605,46.6585],[6.71597,46.65867],[6.71594,46.65885],[6.71597,46.65904],[6.71605,46.65921],[6.71618,46.65937],[6.71623,46.65944],[6.71629,46.6595],[6.71633,46.65954],[6.71635,46.65957],[6.71672,46.65993],[6.71978,46.66142],[6.72139,46.66174],[6.72175,46.66196],[6.72209,46.66235],[6.72227,46.66248],[6.72249,46.66259],[6.72274,46.66266],[6.72328,46.66269],[6.72379,46.66259],[6.72419,46.66256],[6.72512,46.66259],[6.72533,46.66258],[6.72554,46.66255],[6.72574,46.6625],[6.72783,46.66179],[6.72863,46.66169],[6.72911,46.66181],[6.72932,46.66191],[6.72954,46.66207],[6.72985,46.66235],[6.73022,46.66257],[6.73069,46.66269],[6.73241,46.66253],[6.73418,46.66249],[6.73445,46.66246],[6.73687,46.66184],[6.74431,46.6614],[6.74696,46.66077],[6.74868,46.66],[6.74905,46.65979],[6.74929,46.65951],[6.75016,46.65794],[6.75098,46.65749],[6.7531,46.65715],[6.75371,46.65697],[6.75425,46.65687],[6.75544,46.6569],[6.75679,46.6567],[6.75778,46.65684],[6.76128,46.65633],[6.76151,46.65641],[6.76171,46.65653],[6.76188,46.65667],[6.76207,46.65694],[6.76219,46.65739],[6.76208,46.65772],[6.76057,46.65878],[6.76036,46.6591],[6.76033,46.65927],[6.76034,46.65944],[6.76041,46.65961],[6.76096,46.66065],[6.76107,46.66081],[6.76172,46.66152],[6.76175,46.66176],[6.76169,46.66287],[6.76165,46.66308],[6.76146,46.66339],[6.75982,46.66401],[6.7589,46.66445],[6.75888,46.66447],[6.75876,46.66452],[6.75868,46.66457],[6.75858,46.66463],[6.75847,46.6647],[6.75819,46.66496],[6.7575,46.66572],[6.7564,46.66605],[6.756,46.66632],[6.75588,46.66649],[6.75581,46.66667],[6.75579,46.66686],[6.75581,46.66705],[6.7558,46.66739],[6.7559,46.66775],[6.7562,46.66812],[6.7563,46.66862],[6.75595,46.6691],[6.75379,46.67],[6.75154,46.67136],[6.75147,46.6714],[6.75097,46.67168],[6.75077,46.67177],[6.74963,46.67221],[6.7494,46.67231],[6.7492,46.67244],[6.74905,46.6726],[6.74895,46.67278],[6.74891,46.67297],[6.74888,46.67348],[6.74888,46.67356],[6.749,46.67542],[6.74904,46.67559],[6.74912,46.67575],[6.7496,46.67614],[6.75187,46.67717],[6.75326,46.6777],[6.75353,46.67778],[6.75409,46.67783],[6.75513,46.678],[6.75538,46.678],[6.75557,46.67799],[6.75581,46.67797],[6.75801,46.67759],[6.76078,46.67787],[6.76351,46.6761],[6.76509,46.67601],[6.77115,46.67929],[6.77281,46.68083],[6.7737,46.68141],[6.7743,46.68172],[6.77468,46.68187],[6.77589,46.68215],[6.7765,46.68258],[6.77661,46.68291],[6.77638,46.68436],[6.77693,46.68587],[6.77633,46.68826],[6.77828,46.69122],[6.77898,46.69171],[6.77923,46.69176],[6.77948,46.69178],[6.77974,46.69176],[6.77999,46.69171],[6.78021,46.69163],[6.78041,46.69152],[6.78068,46.69134],[6.78068,46.69133],[6.78172,46.6906],[6.78173,46.6906],[6.78192,46.69047],[6.78215,46.69034],[6.78236,46.69026],[6.78259,46.6902],[6.7833,46.69017],[6.78378,46.69011],[6.78562,46.68925],[6.78578,46.68917],[6.78593,46.68907],[6.78644,46.68871],[6.78693,46.68855],[6.78802,46.68834],[6.78854,46.68829],[6.78959,46.68828],[6.79127,46.68843],[6.79238,46.68813],[6.79589,46.68941],[6.80063,46.69341],[6.80242,46.69539],[6.80421,46.69638],[6.80462,46.69754],[6.80393,46.69838],[6.80385,46.69855],[6.80383,46.69871],[6.80385,46.69888],[6.80391,46.69904],[6.80402,46.6992],[6.80475,46.69998],[6.80466,46.7005],[6.80394,46.70098],[6.80302,46.70112],[6.8015,46.70187],[6.79909,46.70347],[6.7987,46.70402],[6.79854,46.70416],[6.79833,46.70428],[6.7981,46.70436],[6.79784,46.70441],[6.79732,46.70439],[6.79707,46.70433],[6.79685,46.70424],[6.7966,46.70409],[6.79485,46.70273],[6.79353,46.70219],[6.79321,46.70188],[6.79309,46.70177],[6.79297,46.70168],[6.79289,46.70163],[6.79283,46.70159],[6.79265,46.70148],[6.79251,46.70141],[6.79231,46.70132],[6.79222,46.70129],[6.7921,46.70124],[6.79202,46.70122],[6.79179,46.70116],[6.79155,46.70113],[6.7913,46.70113],[6.79105,46.70117],[6.79082,46.70124],[6.79042,46.70139],[6.79038,46.7014],[6.79007,46.70153],[6.79004,46.70154],[6.78986,46.70162],[6.78985,46.70163],[6.78966,46.70171],[6.78964,46.70172],[6.78936,46.70185],[6.7891,46.70195],[6.78617,46.70292],[6.78429,46.70435],[6.7837,46.70663],[6.78372,46.7068],[6.78377,46.70699],[6.78379,46.70718],[6.78382,46.70738],[6.78383,46.70745],[6.78391,46.70773],[6.78397,46.70788],[6.78407,46.70802],[6.7857,46.71056],[6.78705,46.71173],[6.78793,46.71218],[6.7894,46.71283],[6.78964,46.71297],[6.7901,46.71338],[6.79088,46.714],[6.79167,46.71473],[6.79311,46.71634],[6.79406,46.7172],[6.7941,46.71724],[6.79435,46.71746],[6.7944,46.7175],[6.79458,46.71764],[6.7946,46.71765],[6.79483,46.71783],[6.79484,46.71784],[6.7955,46.71831],[6.79558,46.71838],[6.79619,46.71888],[6.79652,46.71918],[6.79656,46.71921],[6.79674,46.71936],[6.7968,46.71941],[6.79749,46.71991],[6.79757,46.71996],[6.79829,46.7204],[6.79892,46.72088],[6.8033,46.72498],[6.80276,46.72608],[6.80031,46.72656],[6.79289,46.72574],[6.79114,46.72713],[6.78847,46.72816],[6.78867,46.7295],[6.79042,46.73051],[6.79143,46.73297],[6.79266,46.7337],[6.79319,46.73556],[6.7925,46.73607],[6.78775,46.73557],[6.78485,46.7357],[6.78321,46.73446],[6.78268,46.73305],[6.77822,46.73037],[6.77695,46.72858],[6.77703,46.72607],[6.77079,46.72076],[6.76699,46.71902],[6.7629,46.71778],[6.76161,46.71835],[6.759,46.72151],[6.75991,46.72372],[6.75878,46.72547],[6.75595,46.72686],[6.75193,46.72816],[6.74938,46.73034],[6.74861,46.73199],[6.74793,46.73287],[6.74723,46.73357],[6.74722,46.73358],[6.7462,46.7346],[6.74585,46.73502],[6.74325,46.73465],[6.7428,46.73373],[6.74268,46.73357],[6.74254,46.73343],[6.74244,46.73329],[6.74242,46.73327],[6.74212,46.73283],[6.74209,46.73278],[6.74192,46.7325],[6.74176,46.73232],[6.74074,46.73124],[6.74008,46.73088],[6.73965,46.73031],[6.73933,46.73005],[6.73912,46.72996],[6.73889,46.72989],[6.7384,46.72986],[6.73584,46.72983],[6.73504,46.72938],[6.73446,46.72889],[6.73433,46.72852],[6.73426,46.72719],[6.73155,46.72619],[6.73106,46.72494],[6.73117,46.72286],[6.7313,46.72247],[6.73237,46.72046],[6.72989,46.71727],[6.7295,46.71595],[6.72917,46.71551],[6.72885,46.71501],[6.7288,46.71492],[6.72862,46.71457],[6.72858,46.71448],[6.72845,46.71417],[6.72841,46.71408],[6.72832,46.7138],[6.72829,46.71364],[6.72827,46.71352],[6.72827,46.71334],[6.72833,46.71308],[6.72844,46.71286],[6.72857,46.7127],[6.72897,46.71246],[6.72928,46.71236],[6.72963,46.71228],[6.7299,46.71224],[6.73371,46.71233],[6.73788,46.7115],[6.73828,46.70916],[6.73979,46.70797],[6.74006,46.70729],[6.73847,46.70462],[6.73723,46.70377],[6.73568,46.70368],[6.73485,46.70337],[6.73454,46.70328],[6.73431,46.70324],[6.73142,46.70254],[6.73103,46.7024],[6.7306,46.70217],[6.73015,46.70184],[6.72968,46.70167],[6.72851,46.7015],[6.72813,46.70125],[6.7278,46.70091],[6.72708,46.70028],[6.72676,46.69977],[6.72618,46.69929],[6.72601,46.69905],[6.72588,46.6989],[6.7255,46.69867],[6.72503,46.69855],[6.72452,46.69857],[6.72381,46.69876],[6.72226,46.6998],[6.7211,46.6998],[6.71973,46.6981],[6.71752,46.69692],[6.71773,46.69569],[6.72067,46.69415],[6.72153,46.69308],[6.72168,46.69271],[6.72172,46.69222],[6.72203,46.69146],[6.72171,46.69059],[6.72208,46.68962],[6.72324,46.68881],[6.72555,46.68808],[6.72752,46.68577],[6.72867,46.68325],[6.72871,46.68145],[6.73104,46.67919],[6.73165,46.67685],[6.7277,46.67512],[6.72687,46.67358],[6.72474,46.67192],[6.72377,46.67197],[6.72283,46.67174],[6.72188,46.67061],[6.72111,46.67026],[6.72006,46.67012],[6.71968,46.66989],[6.71906,46.66903],[6.71902,46.66868],[6.71954,46.66799],[6.71962,46.66735],[6.71941,46.66703],[6.71927,46.66687],[6.71908,46.66673],[6.71885,46.66663],[6.71859,46.66656],[6.71805,46.66653],[6.71712,46.66655],[6.71644,46.66635],[6.71525,46.66629],[6.71435,46.66604],[6.7136,46.66605],[6.71275,46.66664],[6.71174,46.66861],[6.71152,46.6704],[6.71006,46.6715],[6.70899,46.67151],[6.70833,46.67119],[6.70742,46.67092],[6.7066,46.67077],[6.70589,46.67081],[6.70417,46.67141],[6.70277,46.67214],[6.70164,46.67213],[6.70035,46.67149],[6.69909,46.67134],[6.69886,46.67128],[6.69866,46.67119],[6.69848,46.67107],[6.69834,46.67093],[6.69824,46.67078],[6.69818,46.67062],[6.6982,46.67023],[6.69809,46.66989],[6.69797,46.66973],[6.69781,46.6696],[6.69761,46.66949],[6.69689,46.66924],[6.69634,46.66866],[6.69634,46.6679]],[[6.73278,46.6759],[6.73252,46.67723],[6.73384,46.67759],[6.735,46.67665],[6.73278,46.6759]]]},"properties":{"bfs_nr":5693,"name":"Montanaire"}},{"type":"Feature","geometry":{"type":"Polygon","coordinates":[[[6.17405,46.36769],[6.17423,46.36711],[6.17465,46.36681],[6.17525,46.36652],[6.1754,46.36645],[6.17569,46.36635],[6.176,46.3663],[6.17614,46.36629],[6.17664,46.36626],[6.17687,46.36624],[6.17695,46.36622],[6.17724,46.36615],[6.1775,46.36603],[6.17759,46.36599],[6.17769,46.36592],[6.17916,46.36492],[6.18059,46.36478],[6.18218,46.36568],[6.18321,46.36614],[6.18432,46.36676],[6.18542,46.36776],[6.18558,46.36797],[6.18565,46.36814],[6.18566,46.36853],[6.18595,46.36904],[6.1866,46.36933],[6.18837,46.3692],[6.1891,46.36947],[6.19139,46.37105],[6.19182,46.37124],[6.19232,46.37131],[6.19282,46.37123],[6.19305,46.37115],[6.19325,46.37103],[6.19348,46.37086],[6.19355,46.37081],[6.19398,46.37044],[6.19456,46.36912],[6.19765,46.3678],[6.19934,46.36789],[6.20269,46.37261],[6.20387,46.37586],[6.203,46.37642],[6.20246,46.37686],[6.20185,46.37719],[6.20143,46.37755],[6.2005,46.3778],[6.1988,46.37775],[6.19669,46.37724],[6.19556,46.37755],[6.19531,46.37785],[6.19514,46.37852],[6.1947,46.37936],[6.1941,46.37998],[6.19325,46.38052],[6.19279,46.38083],[6.19173,46.38099],[6.18761,46.38042],[6.1865,46.37963],[6.18625,46.37958],[6.18512,46.37942],[6.18483,46.37935],[6.18461,46.37927],[6.18426,46.37903],[6.18406,46.37871],[6.18412,46.3782],[6.18458,46.3778],[6.18485,46.37769],[6.18492,46.37767],[6.18504,46.37762],[6.18516,46.37757],[6.18522,46.37755],[6.18588,46.37725],[6.18625,46.37709],[6.18628,46.37708],[6.18642,46.37702],[6.18644,46.37701],[6.18653,46.37696],[6.18697,46.37673],[6.18714,46.37662],[6.18749,46.37601],[6.18682,46.37506],[6.18626,46.37471],[6.18428,46.37396],[6.18326,46.37341],[6.18216,46.37248],[6.17953,46.37121],[6.17883,46.37107],[6.17643,46.37147],[6.17446,46.37011],[6.17492,46.36885],[6.17405,46.36769]]]},"properties":{"bfs_nr":5701,"name":"Arnex-sur-Nyon"}},{"type":"Feature","geometry":{"type":"Polygon","coordinates":[[[6.09793,46.47975],[6.09801,46.47951],[6.09801,46.4795],[6.09819,46.47892],[6.0983,46.47749],[6.09854,46.47615],[6.09854,46.47613],[6.09856,46.47605],[6.09864,46.47581],[6.09908,46.4749],[6.10079,46.47357],[6.10843,46.47165],[6.11368,46.47093],[6.11417,46.47081],[6.11455,46.47056],[6.1155,46.46939],[6.1163,46.46818],[6.11682,46.4666],[6.11652,46.46583],[6.11687,46.46493],[6.11691,46.46475],[6.11693,46.46428],[6.11691,46.46404],[6.11684,46.46382],[6.1167,46.46353],[6.1167,46.46301],[6.11714,46.46257],[6.11785,46.46239],[6.11908,46.46267],[6.11952,46.46274],[6.11977,46.46273],[6.12001,46.4627],[6.12044,46.46254],[6.12119,46.46202],[6.12162,46.46188],[6.12293,46.46179],[6.12337,46.46171],[6.12567,46.46097],[6.12595,46.46093],[6.12663,46.46088],[6.12686,46.4609],[6.12709,46.46094],[6.1273,46.46102],[6.12741,46.46105],[6.12776,46.46117],[6.12843,46.46142],[6.12851,46.46145],[6.12948,46.46177],[6.1312,46.46229],[6.13164,46.46234],[6.1318,46.46234],[6.13211,46.46231],[6.13221,46.46231],[6.13258,46.46232],[6.13289,46.46231],[6.13397,46.46219],[6.13428,46.46221],[6.13468,46.46232],[6.13553,46.46264],[6.13713,46.46334],[6.1376,46.46341],[6.13784,46.46341],[6.13808,46.46337],[6.15086,46.4604],[6.15648,46.46038],[6.15698,46.46032],[6.1572,46.46023],[6.1574,46.46012],[6.15757,46.45999],[6.15776,46.45883],[6.15797,46.4585],[6.15835,46.45826],[6.15945,46.45798],[6.16125,46.45802],[6.16278,46.4571],[6.16375,46.45702],[6.16493,46.4574],[6.16703,46.45799],[6.16756,46.45801],[6.16782,46.45796],[6.16805,46.45788],[6.16932,46.45732],[6.16936,46.45731],[6.1711,46.45648],[6.17244,46.45594],[6.17291,46.45581],[6.17331,46.45574],[6.17418,46.45552],[6.17457,46.45549],[6.17496,46.45553],[6.17522,46.45558],[6.17544,46.45561],[6.17589,46.45563],[6.17606,46.45564],[6.17658,46.45562],[6.17765,46.45569],[6.17815,46.45571],[6.17866,46.45567],[6.1797,46.4553],[6.18095,46.45465],[6.18115,46.45451],[6.18127,46.4544],[6.18136,46.45431],[6.18155,46.45409],[6.18166,46.45392],[6.18156,46.45318],[6.17998,46.45183],[6.17951,46.45151],[6.17852,46.45109],[6.17823,46.45081],[6.17814,46.45029],[6.17849,46.44983],[6.18313,46.44746],[6.18349,46.44725],[6.18428,46.44661],[6.18434,46.44656],[6.18455,46.44637],[6.18477,46.44612],[6.18478,46.4461],[6.18482,46.44605],[6.18496,46.44586],[6.18513,46.44562],[6.18548,46.44517],[6.18583,46.44476],[6.18615,46.44438],[6.18635,46.4442],[6.18659,46.44402],[6.18673,46.44385],[6.18682,46.44367],[6.18684,46.44348],[6.18684,46.44293],[6.18683,46.44261],[6.1868,46.44212],[6.18675,46.44159],[6.18684,46.4412],[6.18697,46.44092],[6.18698,46.44089],[6.18719,46.44048],[6.18731,46.4403],[6.18747,46.44013],[6.18775,46.43989],[6.18782,46.43983],[6.18804,46.43961],[6.18805,46.4396],[6.18835,46.43928],[6.18843,46.43921],[6.18883,46.43885],[6.18883,46.43884],[6.18926,46.43845],[6.1894,46.43829],[6.18983,46.43769],[6.19072,46.43731],[6.19288,46.43753],[6.19599,46.43809],[6.19717,46.4382],[6.19796,46.43857],[6.19852,46.43917],[6.19913,46.43949],[6.19924,46.43954],[6.1998,46.43979],[6.19985,46.43981],[6.20008,46.4399],[6.20148,46.44035],[6.20208,46.44078],[6.20251,46.44095],[6.20359,46.44122],[6.20396,46.44144],[6.2041,46.44158],[6.20434,46.44193],[6.20663,46.44433],[6.20742,46.4454],[6.20804,46.44605],[6.21097,46.44625],[6.21446,46.44707],[6.21905,46.4471],[6.22,46.44678],[6.22064,46.44589],[6.22047,46.44503],[6.21973,46.44336],[6.22021,46.4417],[6.22177,46.44129],[6.22205,46.4413],[6.22227,46.44129],[6.22255,46.44128],[6.22274,46.44129],[6.22346,46.44133],[6.22399,46.44134],[6.22555,46.44149],[6.22636,46.44165],[6.22696,46.44171],[6.2273,46.4418],[6.23049,46.44325],[6.23188,46.44446],[6.23193,46.44476],[6.23194,46.44485],[6.23196,46.44519],[6.23198,46.4455],[6.23198,46.44552],[6.23201,46.44574],[6.23201,46.44575],[6.23206,46.44597],[6.23215,46.44619],[6.23218,46.44631],[6.23219,46.44655],[6.23148,46.44778],[6.23113,46.45078],[6.23117,46.45436],[6.23058,46.45628],[6.22959,46.45763],[6.2293,46.45822],[6.22793,46.45934],[6.22753,46.46303],[6.22678,46.4642],[6.22521,46.4655],[6.22365,46.46618],[6.2227,46.4664],[6.22088,46.46636],[6.21827,46.46582],[6.2169,46.46573],[6.2109,46.46634],[6.21065,46.4664],[6.21035,46.46654],[6.21012,46.46662],[6.2098,46.46668],[6.20939,46.46672],[6.2092,46.46676],[6.20902,46.46681],[6.20849,46.46699],[6.20791,46.46722],[6.20776,46.46727],[6.20729,46.46742],[6.20709,46.4675],[6.20692,46.46759],[6.20629,46.46802],[6.20579,46.46843],[6.20574,46.46846],[6.20565,46.46853],[6.20557,46.46859],[6.20553,46.46861],[6.2052,46.46879],[6.20488,46.46893],[6.20467,46.46904],[6.20408,46.46959],[6.20298,46.46997],[6.20277,46.47006],[6.20259,46.47018],[6.20247,46.47028],[6.2024,46.47034],[6.20202,46.47069],[6.20163,46.47097],[6.20149,46.47104],[6.20122,46.47116],[6.2003,46.47133],[6.19948,46.47133],[6.19818,46.47154],[6.19811,46.47155],[6.19734,46.47171],[6.19714,46.47176],[6.19696,46.47183],[6.19577,46.4724],[6.19439,46.4726],[6.19323,46.47289],[6.19293,46.47289],[6.19237,46.47285],[6.19209,46.47282],[6.19183,46.47278],[6.19155,46.47275],[6.18892,46.47338],[6.18865,46.4735],[6.18839,46.47366],[6.18815,46.47383],[6.18799,46.474],[6.1879,46.47411],[6.18778,46.47427],[6.18735,46.47482],[6.1872,46.47498],[6.18685,46.47521],[6.18656,46.47552],[6.18542,46.47684],[6.18191,46.4788],[6.18171,46.47967],[6.18077,46.48092],[6.18022,46.48131],[6.1787,46.48174],[6.17819,46.48198],[6.17815,46.482],[6.17773,46.48221],[6.17753,46.48233],[6.17726,46.48265],[6.17649,46.48422],[6.17633,46.48444],[6.17577,46.48486],[6.17362,46.48637],[6.17067,46.48875],[6.16954,46.48946],[6.16849,46.48983],[6.16741,46.49049],[6.16717,46.49057],[6.16674,46.4907],[6.16596,46.49095],[6.16572,46.49102],[6.16494,46.49125],[6.16492,46.49125],[6.16463,46.49134],[6.16445,46.49141],[6.16428,46.49149],[6.16311,46.49222],[6.16205,46.4929],[6.16126,46.49349],[6.16114,46.49357],[6.16102,46.49365],[6.15988,46.49438],[6.15974,46.49446],[6.15901,46.49484],[6.1582,46.4952],[6.15811,46.49524],[6.1576,46.49543],[6.15747,46.49548],[6.15697,46.49564],[6.15615,46.49594],[6.15599,46.49601],[6.15584,46.4961],[6.15538,46.49642],[6.15529,46.49648],[6.15429,46.49731],[6.15428,46.49733],[6.15354,46.49795],[6.15349,46.498],[6.15338,46.49811],[6.15329,46.49819],[6.153,46.49844],[6.15286,46.49858],[6.15276,46.49873],[6.15271,46.4989],[6.1527,46.49907],[6.15274,46.49924],[6.15283,46.4994],[6.15296,46.49954],[6.15767,46.50174],[6.15791,46.50187],[6.15802,46.50194],[6.1581,46.502],[6.15828,46.50212],[6.15901,46.50259],[6.15956,46.50292],[6.15959,46.50294],[6.16206,46.5044],[6.16264,46.50473],[6.16268,46.50475],[6.16359,46.50523],[6.16421,46.50553],[6.16466,46.50575],[6.16473,46.50579],[6.16481,46.50582],[6.16491,46.50587],[6.16545,46.50614],[6.16546,46.50615],[6.16592,46.50637],[6.16609,46.50646],[6.16634,46.50658],[6.17019,46.50921],[6.17131,46.50953],[6.17244,46.51013],[6.17439,46.51162],[6.17581,46.51266],[6.17687,46.5133],[6.1816,46.51719],[6.18177,46.51735],[6.18268,46.51836],[6.18324,46.51895],[6.18427,46.52002],[6.18486,46.52063],[6.18487,46.52064],[6.18545,46.52124],[6.18575,46.52155],[6.18613,46.52192],[6.18617,46.52197],[6.18648,46.5223],[6.1865,46.52231],[6.18655,46.52237],[6.18662,46.52245],[6.18812,46.52443],[6.18826,46.52461],[6.18913,46.52568],[6.19019,46.52678],[6.1912,46.52771],[6.19324,46.53071],[6.1914,46.53327],[6.18874,46.53409],[6.1885,46.53403],[6.18823,46.53391],[6.18816,46.53387],[6.18813,46.53385],[6.18632,46.53285],[6.18611,46.53276],[6.18588,46.53269],[6.18563,46.53266],[6.18538,46.53266],[6.18478,46.53275],[6.18452,46.53276],[6.18275,46.53272],[6.18248,46.5327],[6.18227,46.53265],[6.18203,46.53257],[6.18165,46.53242],[6.18164,46.53242],[6.18136,46.53231],[6.18115,46.53224],[6.18092,46.5322],[6.18068,46.53219],[6.18045,46.5322],[6.18023,46.53225],[6.17811,46.53284],[6.17784,46.5329],[6.17756,46.53292],[6.1751,46.53298],[6.17483,46.533],[6.17298,46.53332],[6.17256,46.53345],[6.17096,46.53419],[6.16998,46.53499],[6.16787,46.53695],[6.16767,46.5371],[6.16744,46.53723],[6.16638,46.53769],[6.16599,46.53795],[6.16479,46.53921],[6.16462,46.53937],[6.16445,46.53947],[6.16381,46.53972],[6.16366,46.53981],[6.1626,46.54052],[6.1625,46.54059],[6.16104,46.54181],[6.15986,46.54293],[6.15762,46.54459],[6.15738,46.54473],[6.15715,46.54482],[6.15639,46.54489],[6.15566,46.54461],[6.14953,46.54012],[6.14973,46.53876],[6.15247,46.53732],[6.15219,46.53556],[6.14469,46.52868],[6.14262,46.52834],[6.13901,46.5304],[6.13709,46.53028],[6.12134,46.51749],[6.11277,46.50971],[6.10996,46.5041],[6.10368,46.4942],[6.099,46.48457],[6.09722,46.48179],[6.09793,46.47975]]]},"properties":{"bfs_nr":5702,"name":"Arzier-Le Muids"}},{"type":"Feature","geometry":{"type":"Polygon","coordinates":[[[6.15304,46.4984],[6.1533,46.49818],[6.15337,46.49813],[6.15348,46.49801],[6.15356,46.49794],[6.15428,46.49732],[6.1543,46.49731],[6.15527,46.4965],[6.1554,46.4964],[6.15581,46.49612],[6.15599,46.49601],[6.1562,46.49593],[6.15696,46.49565],[6.1575,46.49547],[6.15758,46.49544],[6.15812,46.49523],[6.15819,46.4952],[6.15903,46.49483],[6.15912,46.49479],[6.15976,46.49444],[6.15986,46.49439],[6.16102,46.49365],[6.16103,46.49364],[6.16116,46.49356],[6.16124,46.4935],[6.16203,46.49292],[6.16424,46.49152],[6.16445,46.49141],[6.16468,46.49132],[6.16594,46.49096],[6.16722,46.49056],[6.16741,46.49049],[6.16758,46.4904],[6.16846,46.48985],[6.16954,46.48946],[6.16974,46.48935],[6.1707,46.48873],[6.17616,46.48461],[6.17634,46.48445],[6.17647,46.48427],[6.17754,46.48234],[6.17778,46.48219],[6.17863,46.48178],[6.18037,46.48129],[6.18078,46.48105],[6.18175,46.47964],[6.18191,46.47887],[6.1856,46.47675],[6.18654,46.47554],[6.18727,46.47492],[6.18778,46.47427],[6.18788,46.47414],[6.18811,46.47388],[6.18846,46.47362],[6.18892,46.47339],[6.19155,46.47276],[6.19232,46.47285],[6.19299,46.4729],[6.19323,46.4729],[6.19347,46.47287],[6.19439,46.4726],[6.19578,46.4724],[6.19691,46.47186],[6.19714,46.47176],[6.19739,46.4717],[6.19809,46.47156],[6.1982,46.47154],[6.19942,46.47134],[6.2003,46.47133],[6.20122,46.47116],[6.20144,46.47107],[6.2017,46.47093],[6.20197,46.47074],[6.20251,46.47025],[6.20273,46.4701],[6.20294,46.47001],[6.2035,46.46988],[6.20408,46.46959],[6.20467,46.46905],[6.20494,46.4689],[6.20526,46.46877],[6.20548,46.46865],[6.20559,46.46858],[6.20564,46.46854],[6.20575,46.46845],[6.20578,46.46843],[6.20627,46.46804],[6.2071,46.4675],[6.20734,46.46741],[6.20779,46.46726],[6.20789,46.46723],[6.20847,46.467],[6.2092,46.46676],[6.20944,46.46672],[6.20993,46.46667],[6.21014,46.46663],[6.21035,46.46657],[6.21079,46.46639],[6.21813,46.46584],[6.22083,46.4664],[6.22235,46.46643],[6.22307,46.46638],[6.22357,46.46625],[6.22536,46.46546],[6.22637,46.46476],[6.22751,46.46332],[6.22807,46.45937],[6.22941,46.45815],[6.22999,46.45711],[6.23057,46.45636],[6.23081,46.45583],[6.23127,46.45419],[6.23124,46.45076],[6.23167,46.44752],[6.23214,46.44689],[6.23233,46.44649],[6.23242,46.44622],[6.2327,46.44589],[6.23309,46.44568],[6.23327,46.44554],[6.23342,46.44538],[6.23359,46.44511],[6.23365,46.44497],[6.23377,46.44481],[6.23413,46.44456],[6.23649,46.4441],[6.23735,46.44472],[6.23757,46.44677],[6.23812,46.44737],[6.2445,46.45064],[6.24446,46.45236],[6.24471,46.45302],[6.24519,46.45339],[6.24533,46.45356],[6.24544,46.45377],[6.24548,46.45398],[6.24546,46.4542],[6.24516,46.45503],[6.24521,46.45537],[6.2453,46.45553],[6.24716,46.45775],[6.24786,46.46075],[6.24704,46.46174],[6.24667,46.46199],[6.24643,46.46208],[6.24604,46.46215],[6.2458,46.46221],[6.24558,46.4623],[6.24526,46.46249],[6.24493,46.46275],[6.24437,46.46301],[6.24404,46.4631],[6.24387,46.46314],[6.24376,46.46317],[6.24363,46.46322],[6.2434,46.46327],[6.24315,46.46338],[6.24266,46.46366],[6.24184,46.4646],[6.24167,46.4651],[6.24129,46.46565],[6.24093,46.46635],[6.24091,46.46653],[6.24091,46.46669],[6.2409,46.46672],[6.24083,46.46693],[6.24047,46.4674],[6.23851,46.46945],[6.23778,46.46987],[6.23758,46.46997],[6.23754,46.46998],[6.2373,46.47008],[6.2371,46.47021],[6.23694,46.47036],[6.23678,46.47068],[6.23676,46.47081],[6.23676,46.47085],[6.23676,46.47088],[6.23675,46.47096],[6.23673,46.47115],[6.23654,46.4715],[6.23555,46.47244],[6.23467,46.47275],[6.23428,46.47277],[6.23424,46.47277],[6.2341,46.47277],[6.23373,46.47279],[6.23344,46.47285],[6.23332,46.47288],[6.23309,46.47297],[6.23303,46.47301],[6.23291,46.47306],[6.23274,46.47315],[6.23254,46.47323],[6.23244,46.47326],[6.23226,46.47331],[6.2321,46.47339],[6.23194,46.47347],[6.23162,46.47356],[6.2311,46.47363],[6.231,46.47365],[6.23091,46.47366],[6.23081,46.47368],[6.23061,46.47372],[6.23028,46.47384],[6.2302,46.47388],[6.23012,46.47392],[6.22998,46.47399],[6.22986,46.47405],[6.22969,46.47417],[6.22964,46.47421],[6.22961,46.47424],[6.22946,46.47435],[6.22939,46.47439],[6.22938,46.4744],[6.22933,46.47443],[6.22929,46.47446],[6.22927,46.47447],[6.22923,46.4745],[6.2292,46.47451],[6.22919,46.47453],[6.22907,46.4746],[6.22884,46.47472],[6.22861,46.4748],[6.22849,46.47485],[6.22842,46.47488],[6.2282,46.475],[6.22797,46.47517],[6.22762,46.47537],[6.22669,46.47602],[6.2263,46.47622],[6.22599,46.47632],[6.22576,46.47641],[6.22522,46.477],[6.22521,46.47718],[6.22523,46.47761],[6.22524,46.47765],[6.22528,46.47794],[6.22527,46.47816],[6.224,46.47899],[6.22352,46.47895],[6.2233,46.47889],[6.22302,46.47877],[6.22281,46.4787],[6.2221,46.47865],[6.22008,46.47923],[6.21833,46.48064],[6.21763,46.4813],[6.21761,46.48131],[6.21736,46.48154],[6.21566,46.48305],[6.21533,46.48336],[6.21516,46.4835],[6.2148,46.48376],[6.21465,46.48389],[6.21427,46.48429],[6.21403,46.4845],[6.213,46.48523],[6.21285,46.48536],[6.2124,46.48581],[6.21195,46.48628],[6.2119,46.48634],[6.21163,46.48666],[6.21142,46.48687],[6.21003,46.48799],[6.20746,46.49038],[6.2074,46.49043],[6.20719,46.49061],[6.20697,46.49077],[6.20655,46.49093],[6.20605,46.491],[6.20582,46.49105],[6.20561,46.49113],[6.20542,46.49124],[6.20521,46.49143],[6.20396,46.49264],[6.20373,46.49282],[6.20346,46.49301],[6.20344,46.49302],[6.20268,46.49358],[6.20232,46.49384],[6.2023,46.49386],[6.20147,46.49447],[6.20146,46.49448],[6.20144,46.49449],[6.20109,46.49498],[6.20112,46.49535],[6.20122,46.49552],[6.20313,46.49808],[6.20292,46.49916],[6.20266,46.49931],[6.20234,46.49946],[6.2023,46.49948],[6.20179,46.49973],[6.20177,46.49973],[6.20105,46.5001],[6.20085,46.50022],[6.2007,46.50037],[6.20058,46.50053],[6.20052,46.5009],[6.20057,46.50108],[6.2009,46.50155],[6.20106,46.50191],[6.20101,46.50225],[6.2009,46.50244],[6.20084,46.50251],[6.20083,46.50253],[6.20011,46.50347],[6.20006,46.50354],[6.19947,46.50449],[6.19864,46.50565],[6.19858,46.50573],[6.19781,46.50664],[6.1978,46.50666],[6.19732,46.50725],[6.19722,46.50741],[6.19703,46.50782],[6.19697,46.508],[6.19702,46.50838],[6.19713,46.50855],[6.19764,46.50917],[6.19772,46.50926],[6.1988,46.51027],[6.19881,46.51027],[6.19965,46.51105],[6.20712,46.51683],[6.20776,46.51999],[6.20817,46.52053],[6.20917,46.52134],[6.20949,46.52181],[6.20982,46.52214],[6.21004,46.52243],[6.21016,46.52271],[6.21014,46.52305],[6.20936,46.52368],[6.20844,46.52373],[6.20795,46.52383],[6.20774,46.52393],[6.20756,46.52405],[6.20686,46.52462],[6.20625,46.52542],[6.20201,46.52691],[6.19404,46.53042],[6.19292,46.53001],[6.19125,46.52775],[6.19018,46.52677],[6.18934,46.52588],[6.18911,46.52565],[6.1881,46.52441],[6.18757,46.52361],[6.1871,46.52301],[6.18661,46.52243],[6.18657,46.52238],[6.18649,46.52231],[6.18647,46.52228],[6.18617,46.52196],[6.18614,46.52193],[6.18576,46.52156],[6.18567,46.52147],[6.18564,46.52143],[6.18547,46.52126],[6.18544,46.52124],[6.18486,46.52063],[6.18427,46.52002],[6.18426,46.52002],[6.18323,46.51895],[6.18268,46.51836],[6.18225,46.51788],[6.18174,46.51732],[6.18163,46.51721],[6.17682,46.51325],[6.17577,46.51263],[6.17247,46.51015],[6.17146,46.50947],[6.16982,46.50895],[6.16637,46.5066],[6.16608,46.50645],[6.16601,46.50642],[6.16598,46.5064],[6.1659,46.50637],[6.16546,46.50615],[6.16544,46.50614],[6.1649,46.50586],[6.16483,46.50583],[6.16475,46.5058],[6.16464,46.50574],[6.16422,46.50553],[6.16358,46.50522],[6.16269,46.50476],[6.16263,46.50472],[6.16207,46.50441],[6.16199,46.50436],[6.16171,46.50419],[6.16049,46.50346],[6.15959,46.50294],[6.15955,46.50292],[6.15902,46.50259],[6.15896,46.50256],[6.15856,46.50229],[6.15834,46.50215],[6.15811,46.502],[6.15807,46.50197],[6.15787,46.50185],[6.15771,46.50176],[6.15296,46.49954],[6.15275,46.49924],[6.15272,46.4989],[6.15287,46.49858],[6.15304,46.4984]]]},"properties":{"bfs_nr":5703,"name":"Bassins"}},{"type":"Feature","geometry":{"type":"Polygon","coordinates":[[[6.23736,46.44463],[6.23754,46.44389],[6.2379,46.44365],[6.23815,46.44355],[6.23836,46.44346],[6.23853,46.44334],[6.23867,46.4432],[6.23886,46.44297],[6.23961,46.44238],[6.24031,46.44211],[6.24082,46.44155],[6.241,46.4414],[6.2411,46.44133],[6.2413,46.44119],[6.24144,46.44101],[6.24154,46.44084],[6.2417,46.44068],[6.24172,46.44066],[6.24176,46.44062],[6.24183,46.44052],[6.24184,46.44051],[6.24193,46.44033],[6.24198,46.44018],[6.24201,46.43979],[6.24286,46.43838],[6.24287,46.4382],[6.24285,46.43795],[6.24333,46.43697],[6.24343,46.43682],[6.24361,46.43666],[6.24368,46.4366],[6.2438,46.43647],[6.24389,46.43632],[6.24394,46.43616],[6.24394,46.436],[6.24392,46.43553],[6.24394,46.43529],[6.24414,46.43493],[6.24528,46.43405],[6.24567,46.43385],[6.24586,46.4338],[6.24608,46.43372],[6.24628,46.43362],[6.24644,46.4335],[6.24657,46.43335],[6.24668,46.43314],[6.2468,46.43298],[6.24738,46.43264],[6.24815,46.43259],[6.24893,46.43275],[6.25276,46.43388],[6.25377,46.43418],[6.25594,46.435],[6.25866,46.43636],[6.26001,46.43735],[6.26721,46.43973],[6.26732,46.4406],[6.26699,46.44097],[6.26689,46.4411],[6.26687,46.44112],[6.26686,46.44114],[6.26679,46.44121],[6.26536,46.44264],[6.26532,46.44267],[6.26513,46.4429],[6.26482,46.44339],[6.26475,46.44352],[6.2647,46.44378],[6.26422,46.44455],[6.26387,46.44534],[6.26335,46.44729],[6.26499,46.44849],[6.26449,46.45015],[6.26449,46.45033],[6.26455,46.45051],[6.26466,46.45068],[6.26479,46.45081],[6.26552,46.45146],[6.2657,46.45159],[6.2658,46.45167],[6.26584,46.4517],[6.26676,46.45231],[6.26714,46.45272],[6.26785,46.45424],[6.26769,46.45483],[6.26603,46.45701],[6.26587,46.45719],[6.2655,46.45741],[6.2648,46.45752],[6.26351,46.45722],[6.26324,46.45722],[6.26298,46.45726],[6.26273,46.45733],[6.26251,46.45744],[6.2622,46.45774],[6.26142,46.45887],[6.26022,46.45923],[6.25823,46.45915],[6.25667,46.46018],[6.25249,46.45994],[6.2504,46.46018],[6.24942,46.46064],[6.24779,46.46],[6.24726,46.4578],[6.24543,46.45565],[6.24521,46.4553],[6.24518,46.45511],[6.24545,46.45436],[6.2455,46.454],[6.24547,46.45385],[6.24543,46.45373],[6.24534,46.45356],[6.2452,46.4534],[6.2447,46.45295],[6.24457,46.45217],[6.24484,46.45134],[6.24457,46.45067],[6.2377,46.4469],[6.23736,46.44463]]]},"properties":{"bfs_nr":5704,"name":"Begnins"}},{"type":"Feature","geometry":{"type":"Polygon","coordinates":[[[6.15769,46.35302],[6.15916,46.35116],[6.15955,46.34956],[6.16345,46.34784],[6.16633,46.34863],[6.16837,46.3476],[6.17017,46.3478],[6.17147,46.34931],[6.17369,46.34937],[6.1752,46.35065],[6.17678,46.35057],[6.18321,46.34649],[6.18417,46.3462],[6.18606,46.34681],[6.18683,46.34666],[6.18875,46.34577],[6.19044,46.34498],[6.19045,46.34498],[6.19153,46.34447],[6.19229,46.34429],[6.1932,46.34453],[6.19452,46.3476],[6.1939,46.34866],[6.19118,46.34871],[6.18911,46.34981],[6.18608,46.3496],[6.18361,46.35048],[6.18004,46.35283],[6.17537,46.35381],[6.17306,46.35468],[6.1714,46.35782],[6.17193,46.35864],[6.175,46.35964],[6.17549,46.36042],[6.1743,46.3616],[6.17402,46.36238],[6.17376,46.36269],[6.17352,46.36284],[6.16985,46.36472],[6.16951,46.36489],[6.16785,46.3647],[6.16161,46.36003],[6.15966,46.35776],[6.15769,46.35302]]]},"properties":{"bfs_nr":5705,"name":"Bogis-Bossey"}},{"type":"Feature","geometry":{"type":"Polygon","coordinates":[[[6.16902,46.38592],[6.1682,46.38531],[6.16786,46.38503],[6.16758,46.38475],[6.16744,46.38457],[6.16736,46.38441],[6.16734,46.38407],[6.1675,46.38376],[6.16767,46.38359],[6.17037,46.38141],[6.17077,46.38115],[6.17232,46.38],[6.17331,46.37825],[6.1726,46.37712],[6.17269,46.37679],[6.1728,46.37664],[6.17298,46.37647],[6.17446,46.37535],[6.17447,46.37534],[6.1771,46.37339],[6.17738,46.37307],[6.17745,46.37269],[6.17736,46.37183],[6.17901,46.37113],[6.1821,46.37265],[6.18389,46.37402],[6.18627,46.37473],[6.18696,46.37528],[6.18728,46.37599],[6.18699,46.37668],[6.18675,46.37684],[6.18656,46.37695],[6.18642,46.37702],[6.18641,46.37702],[6.18629,46.37707],[6.18624,46.3771],[6.1859,46.37724],[6.18507,46.37761],[6.18491,46.37767],[6.18488,46.37768],[6.18465,46.37775],[6.18427,46.37799],[6.18413,46.37815],[6.18402,46.37849],[6.18403,46.37867],[6.18422,46.37901],[6.18438,46.37915],[6.18457,46.37926],[6.1848,46.37935],[6.18505,46.3794],[6.18524,46.37943],[6.18552,46.37949],[6.18713,46.38042],[6.19101,46.38117],[6.19088,46.38233],[6.18819,46.3844],[6.18779,46.38511],[6.18658,46.38569],[6.18536,46.38543],[6.17992,46.38705],[6.17884,46.38689],[6.17807,46.38697],[6.17765,46.38719],[6.17595,46.38857],[6.17551,46.38892],[6.17484,46.38923],[6.17433,46.38926],[6.17386,46.38915],[6.17347,46.38893],[6.17296,46.38835],[6.17231,46.38786],[6.16902,46.38592]]]},"properties":{"bfs_nr":5706,"name":"Borex"}},{"type":"Feature","geometry":{"type":"Polygon","coordinates":[[[6.13818,46.33622],[6.1383,46.33528],[6.1408,46.33428],[6.14185,46.33377],[6.14244,46.33334],[6.14419,46.33233],[6.14444,46.33221],[6.14491,46.3321],[6.1454,46.33213],[6.14563,46.33219],[6.14603,46.33239],[6.14633,46.3327],[6.14643,46.33279],[6.14656,46.3329],[6.14674,46.33302],[6.1481,46.33378],[6.14831,46.33387],[6.14856,46.33394],[6.14881,46.33397],[6.14907,46.33397],[6.14933,46.33393],[6.14956,46.33385],[6.14977,46.33375],[6.14995,46.33361],[6.15041,46.33318],[6.15091,46.33288],[6.15476,46.33122],[6.15578,46.3312],[6.15825,46.33309],[6.15969,46.33301],[6.16016,46.33314],[6.16036,46.33325],[6.16057,46.33341],[6.16059,46.33344],[6.1612,46.33402],[6.16223,46.335],[6.16224,46.335],[6.16377,46.33642],[6.1638,46.33645],[6.16417,46.33676],[6.1642,46.33679],[6.16535,46.3377],[6.16581,46.33821],[6.16584,46.33858],[6.16566,46.33893],[6.16511,46.33934],[6.16497,46.3395],[6.16487,46.33967],[6.16483,46.33986],[6.16485,46.34004],[6.16492,46.34022],[6.16557,46.34138],[6.1656,46.34142],[6.16589,46.34188],[6.16591,46.34191],[6.16624,46.34238],[6.16626,46.3424],[6.1668,46.3431],[6.16866,46.34572],[6.16851,46.34675],[6.16651,46.34794],[6.16325,46.34775],[6.15875,46.3499],[6.15636,46.34899],[6.15246,46.34687],[6.15082,46.34431],[6.14897,46.34265],[6.14545,46.34094],[6.1411,46.34044],[6.13929,46.33872],[6.13818,46.33622]]]},"properties":{"bfs_nr":5707,"name":"Chavannes-de-Bogis"}},{"type":"Feature","geometry":{"type":"Polygon","coordinates":[[[6.12555,46.31866],[6.12655,46.31639],[6.12822,46.3153],[6.12863,46.31407],[6.13044,46.31249],[6.13334,46.31073],[6.13489,46.30877],[6.13908,46.30636],[6.14057,46.30625],[6.14125,46.30713],[6.14122,46.3081],[6.14122,46.30811],[6.14122,46.30834],[6.14122,46.30836],[6.14123,46.30856],[6.14125,46.30871],[6.14129,46.30884],[6.14132,46.30893],[6.14146,46.30924],[6.14147,46.30928],[6.14166,46.30965],[6.14176,46.30981],[6.14192,46.30996],[6.14299,46.31086],[6.14345,46.31179],[6.14372,46.31358],[6.14373,46.3138],[6.14373,46.31391],[6.14373,46.31398],[6.1437,46.31414],[6.14363,46.31447],[6.14353,46.31477],[6.14353,46.31479],[6.14346,46.31502],[6.14346,46.31534],[6.14359,46.31564],[6.1437,46.31617],[6.14384,46.31656],[6.14408,46.31699],[6.14571,46.31784],[6.14648,46.3194],[6.14692,46.32015],[6.14693,46.32016],[6.14715,46.32054],[6.14714,46.32131],[6.14655,46.3218],[6.14633,46.32208],[6.14618,46.32222],[6.14596,46.32236],[6.1417,46.3246],[6.14142,46.32472],[6.1409,46.32481],[6.14037,46.32474],[6.13993,46.32454],[6.13946,46.32415],[6.13926,46.32404],[6.13923,46.32402],[6.13898,46.32387],[6.13883,46.32377],[6.13866,46.32364],[6.13854,46.32355],[6.13812,46.32319],[6.13791,46.32308],[6.13766,46.323],[6.1374,46.32296],[6.13713,46.32296],[6.13687,46.323],[6.13662,46.32307],[6.1364,46.32318],[6.13597,46.32344],[6.13594,46.32346],[6.13463,46.32423],[6.13445,46.32432],[6.13416,46.32445],[6.13381,46.32458],[6.13356,46.32465],[6.1333,46.32468],[6.13254,46.32469],[6.12721,46.32126],[6.12555,46.31866]]]},"properties":{"bfs_nr":5708,"name":"Chavannes-des-Bois"}},{"type":"Feature","geometry":{"type":"Polygon","coordinates":[[[6.10126,46.42486],[6.11262,46.42448],[6.11287,46.42446],[6.11312,46.4244],[6.11333,46.4243],[6.11352,46.42421],[6.11354,46.4242],[6.11407,46.42391],[6.11409,46.4239],[6.11533,46.4232],[6.11805,46.42172],[6.1192,46.42117],[6.12069,46.42045],[6.12083,46.42037],[6.12447,46.41802],[6.12622,46.4169],[6.12624,46.41689],[6.13063,46.41393],[6.13078,46.41381],[6.13097,46.41354],[6.13205,46.41104],[6.13245,46.40931],[6.13253,46.40909],[6.1328,46.40879],[6.13304,46.40864],[6.13511,46.40762],[6.14019,46.40473],[6.14685,46.40125],[6.14793,46.39906],[6.14828,46.39865],[6.14873,46.39831],[6.14898,46.39815],[6.14946,46.39801],[6.14998,46.398],[6.15046,46.39814],[6.15151,46.39899],[6.15241,46.39926],[6.15396,46.39899],[6.15443,46.39908],[6.15509,46.39948],[6.15603,46.39978],[6.15766,46.39908],[6.15885,46.3972],[6.15913,46.39579],[6.16146,46.39507],[6.16185,46.39488],[6.16391,46.3934],[6.16536,46.39215],[6.16916,46.38948],[6.16951,46.38902],[6.16933,46.38778],[6.17142,46.38737],[6.1737,46.38911],[6.17418,46.38928],[6.17444,46.38931],[6.1767,46.38904],[6.17765,46.38958],[6.17777,46.38965],[6.17787,46.3897],[6.17791,46.38972],[6.17832,46.38991],[6.17842,46.38996],[6.17857,46.39004],[6.17871,46.39012],[6.17882,46.3902],[6.17895,46.39029],[6.17905,46.39036],[6.17918,46.39048],[6.17936,46.39067],[6.17957,46.39093],[6.17962,46.39099],[6.17978,46.39115],[6.17987,46.39124],[6.18003,46.39137],[6.18015,46.39145],[6.18037,46.39159],[6.18042,46.39162],[6.18108,46.39202],[6.18123,46.39215],[6.18139,46.39236],[6.18151,46.39259],[6.18154,46.39265],[6.18158,46.39271],[6.18167,46.39284],[6.1818,46.39297],[6.18186,46.39301],[6.1819,46.39304],[6.18503,46.39561],[6.18612,46.3964],[6.18624,46.39656],[6.18631,46.39673],[6.1863,46.39708],[6.18622,46.39725],[6.18609,46.3974],[6.18523,46.398],[6.18505,46.39813],[6.18493,46.3983],[6.18485,46.39847],[6.18482,46.39866],[6.18493,46.39901],[6.18524,46.39931],[6.18614,46.39991],[6.18636,46.40024],[6.18637,46.40059],[6.18618,46.40092],[6.18598,46.4011],[6.18445,46.40219],[6.17793,46.40416],[6.17537,46.40406],[6.17249,46.40464],[6.17198,46.40445],[6.17108,46.40409],[6.17097,46.40404],[6.1708,46.40399],[6.17056,46.40394],[6.1703,46.40392],[6.17005,46.40394],[6.1698,46.40399],[6.16958,46.40408],[6.16938,46.40419],[6.16925,46.40428],[6.1692,46.40432],[6.16865,46.40476],[6.16864,46.40477],[6.16803,46.40527],[6.16746,46.40579],[6.16591,46.40724],[6.16571,46.40752],[6.16519,46.40866],[6.16424,46.41028],[6.16434,46.41162],[6.1642,46.41196],[6.16319,46.41288],[6.16019,46.4181],[6.15716,46.42055],[6.15661,46.42076],[6.15613,46.42079],[6.15534,46.42064],[6.15513,46.42056],[6.15479,46.42048],[6.15452,46.42044],[6.15426,46.42042],[6.15377,46.42048],[6.15063,46.4209],[6.14585,46.42277],[6.14506,46.42321],[6.14393,46.42396],[6.14387,46.424],[6.14336,46.42439],[6.14324,46.42449],[6.14298,46.42475],[6.14274,46.42495],[6.14245,46.42515],[6.14239,46.42519],[6.14191,46.42549],[6.14188,46.42551],[6.14166,46.42564],[6.14138,46.42577],[6.14069,46.42606],[6.14036,46.42617],[6.13935,46.42628],[6.1391,46.42636],[6.13867,46.42653],[6.13836,46.42663],[6.13796,46.42674],[6.13744,46.42682],[6.13677,46.42685],[6.13625,46.42684],[6.13559,46.42675],[6.13518,46.42666],[6.13484,46.42656],[6.1346,46.42647],[6.13443,46.42638],[6.13397,46.42603],[6.13352,46.42585],[6.13326,46.42582],[6.133,46.42582],[6.13275,46.42585],[6.13251,46.42592],[6.1323,46.42602],[6.13223,46.42606],[6.1322,46.42607],[6.13091,46.42685],[6.13067,46.42694],[6.13014,46.427],[6.12962,46.42691],[6.12814,46.4262],[6.12767,46.42614],[6.12744,46.42615],[6.12721,46.42619],[6.12011,46.4282],[6.11809,46.42893],[6.11787,46.42901],[6.11744,46.42921],[6.1161,46.42993],[6.1158,46.43005],[6.11508,46.43029],[6.1148,46.43036],[6.11457,46.43038],[6.1141,46.43035],[6.11348,46.43016],[6.11301,46.43012],[6.11278,46.43015],[6.11255,46.43021],[6.11235,46.43029],[6.11217,46.43039],[6.11117,46.43111],[6.11098,46.43127],[6.11085,46.43147],[6.11057,46.43201],[6.11044,46.43215],[6.11023,46.43229],[6.10933,46.43282],[6.10925,46.43287],[6.10654,46.4343],[6.10628,46.43441],[6.10606,46.43447],[6.10513,46.43442],[6.10473,46.43421],[6.10461,46.4341],[6.10449,46.43396],[6.10341,46.43242],[6.10341,46.43241],[6.10307,46.43191],[6.10302,46.43184],[6.10272,46.43132],[6.10223,46.43062],[6.10148,46.4293],[6.1014,46.42912],[6.10098,46.42791],[6.09997,46.42587],[6.10126,46.42486]]]},"properties":{"bfs_nr":5709,"name":"Ch\u00e9serex"}},{"type":"Feature","geometry":{"type":"Polygon","coordinates":[[[6.22395,46.42581],[6.22414,46.42428],[6.22534,46.42234],[6.22396,46.42136],[6.22368,46.42087],[6.22349,46.41952],[6.22396,46.41724],[6.22472,46.41681],[6.22572,46.41679],[6.22651,46.41698],[6.22753,46.41736],[6.22812,46.41764],[6.22878,46.41777],[6.22971,46.41768],[6.23063,46.41707],[6.2308,46.41696],[6.231,46.41688],[6.23147,46.41663],[6.2317,46.41654],[6.23202,46.41649],[6.23259,46.41649],[6.23337,46.41647],[6.2336,46.41645],[6.23371,46.41644],[6.23379,46.41642],[6.23393,46.4164],[6.23485,46.41619],[6.23553,46.41626],[6.23628,46.41655],[6.23666,46.41667],[6.23802,46.41708],[6.23834,46.4172],[6.23856,46.41724],[6.23878,46.41726],[6.24081,46.41762],[6.24097,46.41764],[6.2412,46.41766],[6.24142,46.41764],[6.24233,46.41745],[6.24347,46.41742],[6.246,46.41633],[6.24978,46.41657],[6.25005,46.41688],[6.25015,46.41714],[6.25024,46.41732],[6.25056,46.41761],[6.25078,46.41771],[6.25091,46.41776],[6.25125,46.418],[6.25144,46.41831],[6.25145,46.41936],[6.25108,46.422],[6.25089,46.42229],[6.25035,46.42265],[6.24953,46.42326],[6.24948,46.42329],[6.2493,46.42343],[6.24908,46.42376],[6.24905,46.42395],[6.24909,46.42435],[6.24904,46.42455],[6.24901,46.42465],[6.24899,46.42474],[6.24898,46.425],[6.24909,46.42563],[6.24909,46.42588],[6.24713,46.42752],[6.24594,46.42875],[6.24568,46.4289],[6.24554,46.42896],[6.24544,46.429],[6.24532,46.42906],[6.24394,46.42975],[6.24356,46.43004],[6.24345,46.43022],[6.24338,46.43039],[6.24328,46.43057],[6.24285,46.43125],[6.2428,46.43149],[6.2428,46.43164],[6.24275,46.43189],[6.24147,46.43315],[6.24014,46.43369],[6.23979,46.43379],[6.23941,46.43383],[6.23934,46.43383],[6.23903,46.43382],[6.2388,46.43378],[6.23837,46.43361],[6.2382,46.43349],[6.23798,46.43319],[6.23806,46.43189],[6.23806,46.43171],[6.23801,46.43153],[6.2379,46.43136],[6.23776,46.43121],[6.23757,46.43109],[6.23735,46.43099],[6.23688,46.43083],[6.23598,46.43052],[6.23596,46.43052],[6.23537,46.43031],[6.23402,46.42946],[6.2336,46.42926],[6.23284,46.42921],[6.23191,46.42958],[6.23142,46.42968],[6.23117,46.42968],[6.23085,46.42964],[6.2303,46.42951],[6.22938,46.42931],[6.2291,46.42923],[6.2289,46.42913],[6.22825,46.42881],[6.22624,46.42832],[6.2243,46.42743],[6.22372,46.42681],[6.22395,46.42581]]]},"properties":{"bfs_nr":5710,"name":"Coinsins"}},{"type":"Feature","geometry":{"type":"Polygon","coordinates":[[[6.13297,46.32614],[6.13274,46.32528],[6.13332,46.32475],[6.13396,46.32453],[6.13412,46.32447],[6.13448,46.32431],[6.1346,46.32424],[6.13595,46.32346],[6.13662,46.32308],[6.13713,46.32297],[6.1374,46.32297],[6.1379,46.32308],[6.13812,46.32319],[6.13856,46.32356],[6.13864,46.32362],[6.13886,46.32379],[6.13896,46.32386],[6.13925,46.32403],[6.13926,46.32404],[6.1394,46.32412],[6.13992,46.32454],[6.14012,46.32466],[6.14036,46.32475],[6.14062,46.32481],[6.14089,46.32482],[6.14116,46.3248],[6.14141,46.32473],[6.14164,46.32464],[6.14626,46.3222],[6.14711,46.32147],[6.14731,46.32098],[6.14722,46.32064],[6.14693,46.32016],[6.14692,46.32014],[6.14654,46.3195],[6.14646,46.31932],[6.14642,46.31923],[6.14588,46.31814],[6.14558,46.3174],[6.14585,46.31675],[6.14717,46.31619],[6.14808,46.31594],[6.14809,46.31594],[6.14904,46.31568],[6.14908,46.31567],[6.15049,46.31525],[6.1505,46.31525],[6.15159,46.31492],[6.1541,46.31406],[6.15444,46.31404],[6.15464,46.31404],[6.15499,46.31406],[6.15521,46.31409],[6.15545,46.31413],[6.15622,46.3143],[6.15729,46.3145],[6.15939,46.31474],[6.16117,46.31374],[6.16211,46.31338],[6.16259,46.31319],[6.16268,46.31316],[6.16312,46.313],[6.1632,46.31297],[6.16375,46.3128],[6.16386,46.31277],[6.16487,46.3125],[6.16541,46.31242],[6.16589,46.31248],[6.16631,46.31266],[6.16668,46.31295],[6.1669,46.31307],[6.16902,46.31328],[6.1712,46.31284],[6.17302,46.31383],[6.17353,46.31395],[6.17379,46.31395],[6.17406,46.31392],[6.17419,46.31389],[6.17446,46.31382],[6.17619,46.31343],[6.17686,46.31336],[6.17709,46.31331],[6.17799,46.31303],[6.17831,46.31296],[6.17953,46.31322],[6.1818,46.31547],[6.1839,46.31801],[6.18388,46.31917],[6.1854,46.32096],[6.18527,46.3215],[6.18495,46.32178],[6.18448,46.322],[6.1843,46.32212],[6.18415,46.32227],[6.18406,46.32243],[6.18401,46.32261],[6.18401,46.32278],[6.18405,46.32481],[6.17911,46.3271],[6.17879,46.32897],[6.17738,46.32992],[6.17654,46.33053],[6.17643,46.3306],[6.17585,46.33097],[6.17583,46.33098],[6.17534,46.33128],[6.17508,46.33141],[6.17484,46.33148],[6.17432,46.33153],[6.17407,46.33149],[6.17361,46.33132],[6.17221,46.33019],[6.17157,46.32991],[6.17131,46.32988],[6.17106,46.32988],[6.17081,46.32992],[6.17057,46.33],[6.17036,46.3301],[6.17019,46.33023],[6.16973,46.33078],[6.16947,46.33095],[6.16688,46.33238],[6.16671,46.33248],[6.16569,46.33325],[6.16471,46.33356],[6.16334,46.33435],[6.16181,46.33447],[6.1616,46.33436],[6.16137,46.33419],[6.1612,46.33402],[6.16118,46.33401],[6.16059,46.33344],[6.16057,46.33342],[6.16047,46.33332],[6.16029,46.33318],[6.16007,46.33307],[6.15929,46.33294],[6.15826,46.33303],[6.15578,46.33119],[6.15476,46.33122],[6.15085,46.33291],[6.15045,46.33315],[6.14977,46.33374],[6.14932,46.33392],[6.14881,46.33397],[6.14832,46.33387],[6.14805,46.33375],[6.14679,46.33305],[6.14652,46.33287],[6.14646,46.33282],[6.14631,46.33267],[6.14603,46.33239],[6.14564,46.33218],[6.1454,46.33212],[6.14516,46.33209],[6.14491,46.3321],[6.14467,46.33214],[6.14444,46.3322],[6.14423,46.3323],[6.14217,46.33349],[6.14185,46.33374],[6.14106,46.33414],[6.13986,46.33409],[6.13904,46.33336],[6.13737,46.33289],[6.13639,46.33196],[6.13668,46.33078],[6.13562,46.32878],[6.13297,46.32614]]]},"properties":{"bfs_nr":5711,"name":"Commugny"}},{"type":"Feature","geometry":{"type":"Polygon","coordinates":[[[6.17925,46.32821],[6.17926,46.32703],[6.18415,46.32477],[6.18475,46.32381],[6.18408,46.32299],[6.18401,46.32263],[6.18406,46.32246],[6.18415,46.32229],[6.18429,46.32214],[6.18475,46.32188],[6.18558,46.32157],[6.1861,46.32122],[6.18619,46.32045],[6.18438,46.31936],[6.18409,46.31839],[6.18348,46.31715],[6.18058,46.31414],[6.18131,46.31327],[6.18435,46.31213],[6.18489,46.31183],[6.18505,46.31168],[6.18522,46.31138],[6.18544,46.31115],[6.18566,46.311],[6.18622,46.31076],[6.18697,46.31049],[6.21047,46.30194],[6.21231,46.30233],[6.21953,46.31186],[6.22298,46.31687],[6.22295,46.31776],[6.22261,46.31802],[6.22234,46.31813],[6.20021,46.32543],[6.19729,46.32643],[6.1959,46.32656],[6.19463,46.32701],[6.18937,46.32822],[6.18116,46.33022],[6.17934,46.32948],[6.17925,46.32821]]]},"properties":{"bfs_nr":5712,"name":"Coppet"}},{"type":"Feature","geometry":{"type":"Polygon","coordinates":[[[6.18143,46.36517],[6.18169,46.36379],[6.18406,46.36271],[6.18716,46.36052],[6.18897,46.36035],[6.19517,46.36077],[6.19723,46.3605],[6.1984,46.35935],[6.19845,46.35798],[6.20024,46.35572],[6.202,46.35488],[6.20499,46.35524],[6.20751,46.35497],[6.21325,46.35297],[6.2402,46.34407],[6.24202,46.34452],[6.25231,46.35947],[6.2524,46.36016],[6.25217,46.36046],[6.2518,46.36067],[6.25153,46.36076],[6.22711,46.3665],[6.22656,46.36674],[6.22437,46.36841],[6.22194,46.37013],[6.22149,46.37062],[6.22102,46.37088],[6.21532,46.3728],[6.21336,46.37324],[6.21102,46.3737],[6.21065,46.37375],[6.20925,46.37383],[6.20892,46.37383],[6.20867,46.37379],[6.2079,46.37332],[6.20779,46.3731],[6.20739,46.37201],[6.20727,46.37142],[6.20719,46.37125],[6.20706,46.3711],[6.20689,46.37096],[6.20669,46.37085],[6.20646,46.37077],[6.20621,46.37072],[6.20595,46.37071],[6.2057,46.37073],[6.20545,46.37079],[6.20341,46.37145],[6.2026,46.37153],[6.20159,46.37098],[6.19934,46.36789],[6.19817,46.36764],[6.19499,46.36837],[6.1937,46.36925],[6.19382,46.37053],[6.19364,46.37073],[6.19356,46.37079],[6.19346,46.37088],[6.19329,46.371],[6.19305,46.37114],[6.19282,46.37123],[6.19232,46.3713],[6.19182,46.37124],[6.19134,46.37102],[6.18898,46.36939],[6.18857,46.3692],[6.18808,46.36913],[6.18646,46.36902],[6.18572,46.36809],[6.18561,46.36796],[6.18511,46.36745],[6.18505,46.36739],[6.18426,46.36671],[6.18143,46.36517]]]},"properties":{"bfs_nr":5713,"name":"Crans (VD)"}},{"type":"Feature","geometry":{"type":"Polygon","coordinates":[[[6.15839,46.3809],[6.16022,46.37872],[6.16113,46.37535],[6.16591,46.37191],[6.16967,46.36791],[6.16987,46.36526],[6.16994,46.36487],[6.1702,46.36457],[6.17044,46.36442],[6.17369,46.36275],[6.17492,46.3626],[6.17836,46.36373],[6.17887,46.36507],[6.17779,46.36586],[6.17756,46.366],[6.17721,46.36616],[6.17691,46.36623],[6.17658,46.36627],[6.17612,46.36629],[6.176,46.3663],[6.17595,46.3663],[6.17569,46.36635],[6.17545,46.36643],[6.1753,46.3665],[6.17526,46.36652],[6.1745,46.36688],[6.17416,46.36712],[6.17394,46.3676],[6.17415,46.36844],[6.17356,46.36948],[6.17394,46.37012],[6.17719,46.37255],[6.1772,46.37322],[6.17709,46.37337],[6.1769,46.37354],[6.17446,46.37535],[6.17261,46.37675],[6.1723,46.37753],[6.1729,46.37889],[6.17244,46.37939],[6.17225,46.37994],[6.17214,46.3801],[6.17194,46.38029],[6.17097,46.381],[6.17065,46.3812],[6.17053,46.38129],[6.16763,46.38362],[6.16749,46.38376],[6.16739,46.38391],[6.16733,46.38407],[6.16735,46.38441],[6.16743,46.38457],[6.16755,46.38472],[6.16787,46.38504],[6.16806,46.38521],[6.16877,46.38577],[6.16894,46.38611],[6.16758,46.38741],[6.16652,46.38744],[6.16596,46.38724],[6.16573,46.38719],[6.16548,46.38717],[6.16523,46.38718],[6.16499,46.38723],[6.16477,46.38731],[6.16457,46.38742],[6.16282,46.38826],[6.16153,46.38787],[6.1609,46.38596],[6.16037,46.38516],[6.15976,46.38314],[6.15839,46.3809]]]},"properties":{"bfs_nr":5714,"name":"Crassier"}},{"type":"Feature","geometry":{"type":"Polygon","coordinates":[[[6.2155,46.40414],[6.21628,46.40369],[6.21661,46.40234],[6.21741,46.40171],[6.22055,46.40126],[6.22146,46.40133],[6.22239,46.40154],[6.22292,46.40153],[6.2234,46.40136],[6.22359,46.40123],[6.2251,46.39999],[6.22511,46.39998],[6.22606,46.39918],[6.22627,46.39903],[6.22651,46.39891],[6.22694,46.39876],[6.22714,46.39868],[6.22743,46.39859],[6.22767,46.39855],[6.22792,46.39854],[6.22841,46.39863],[6.22881,46.39884],[6.23005,46.39992],[6.23076,46.40008],[6.23125,46.40003],[6.23148,46.39996],[6.23168,46.39985],[6.23357,46.39867],[6.23401,46.39845],[6.23444,46.39811],[6.23566,46.39733],[6.23686,46.39727],[6.23837,46.39856],[6.23835,46.40003],[6.23931,46.4013],[6.23894,46.40247],[6.23897,46.40285],[6.23927,46.40338],[6.23954,46.40362],[6.24005,46.40388],[6.24089,46.40454],[6.24155,46.40564],[6.24292,46.40768],[6.24303,46.40781],[6.24317,46.40792],[6.24376,46.40826],[6.24401,46.40854],[6.24411,46.40886],[6.24389,46.41034],[6.24442,46.41107],[6.24576,46.4114],[6.24615,46.4116],[6.2463,46.41173],[6.24647,46.41204],[6.24647,46.41238],[6.24641,46.41254],[6.24627,46.41272],[6.24542,46.41365],[6.24531,46.41381],[6.24524,46.41398],[6.24522,46.41416],[6.24526,46.41433],[6.24534,46.4145],[6.24546,46.41466],[6.2457,46.41488],[6.24586,46.41507],[6.24556,46.41613],[6.24314,46.41736],[6.24226,46.41746],[6.24142,46.41764],[6.24095,46.41764],[6.2406,46.41757],[6.2399,46.41734],[6.23947,46.41726],[6.23874,46.41725],[6.23851,46.41722],[6.23786,46.41702],[6.23664,46.41667],[6.23608,46.41647],[6.23558,46.41625],[6.23489,46.41618],[6.23397,46.41639],[6.23375,46.41643],[6.23342,46.41646],[6.23312,46.41648],[6.23267,46.41648],[6.2322,46.41645],[6.23181,46.41651],[6.23156,46.41658],[6.23134,46.41668],[6.23111,46.41681],[6.2307,46.41701],[6.2297,46.41768],[6.22855,46.41769],[6.22761,46.41735],[6.22704,46.41717],[6.22654,46.41698],[6.22586,46.41676],[6.2248,46.41668],[6.22416,46.41698],[6.22391,46.41729],[6.22367,46.4179],[6.22348,46.41934],[6.22348,46.41949],[6.22356,46.42],[6.22356,46.42022],[6.22165,46.42092],[6.21523,46.41847],[6.21469,46.41724],[6.21746,46.41616],[6.21783,46.41592],[6.21796,46.41576],[6.21806,46.41542],[6.21804,46.41524],[6.21786,46.41492],[6.21731,46.41419],[6.21733,46.41384],[6.2183,46.41289],[6.21841,46.41135],[6.21862,46.41119],[6.21873,46.41112],[6.2189,46.41099],[6.21903,46.41083],[6.21915,46.41049],[6.21907,46.41015],[6.2188,46.40985],[6.21687,46.4084],[6.21671,46.40828],[6.21447,46.40694],[6.21425,46.40678],[6.21412,46.40663],[6.21398,46.4063],[6.21416,46.40576],[6.21527,46.40437],[6.2155,46.40414]]]},"properties":{"bfs_nr":5715,"name":"Duillier"}},{"type":"Feature","geometry":{"type":"Polygon","coordinates":[[[6.18874,46.38397],[6.19314,46.3806],[6.19421,46.37992],[6.19464,46.3795],[6.19505,46.37888],[6.19529,46.37814],[6.19641,46.37745],[6.19765,46.37767],[6.20029,46.37794],[6.20129,46.37772],[6.20177,46.37727],[6.20288,46.37662],[6.20367,46.37633],[6.20398,46.37605],[6.20269,46.37263],[6.20315,46.37155],[6.20539,46.37081],[6.20593,46.37072],[6.20642,46.37077],[6.20685,46.37094],[6.20702,46.37107],[6.20724,46.37137],[6.20739,46.37199],[6.20781,46.37315],[6.2079,46.37332],[6.20803,46.37348],[6.20821,46.37361],[6.20866,46.37379],[6.20892,46.37383],[6.20918,46.37383],[6.21072,46.37374],[6.21096,46.37371],[6.21252,46.3734],[6.21361,46.37349],[6.21413,46.3739],[6.21436,46.37433],[6.21496,46.37505],[6.21492,46.37538],[6.21482,46.37557],[6.21415,46.37657],[6.21431,46.37835],[6.21292,46.37934],[6.21278,46.38074],[6.21324,46.38202],[6.21363,46.38251],[6.21386,46.38307],[6.21414,46.38352],[6.21418,46.38359],[6.21427,46.3837],[6.21439,46.38383],[6.21454,46.38397],[6.21457,46.38399],[6.21492,46.38428],[6.21502,46.38435],[6.21608,46.3851],[6.21626,46.38541],[6.21628,46.38557],[6.2162,46.3859],[6.21595,46.38618],[6.21484,46.38679],[6.21406,46.387],[6.21145,46.38695],[6.20959,46.38846],[6.20938,46.38861],[6.20896,46.38877],[6.20817,46.38897],[6.20766,46.38933],[6.20667,46.38951],[6.20617,46.38939],[6.20596,46.38927],[6.20579,46.38913],[6.20551,46.38872],[6.20504,46.38769],[6.20494,46.38752],[6.20461,46.38725],[6.20439,46.38716],[6.2039,46.38706],[6.2034,46.3871],[6.20022,46.38831],[6.19991,46.3884],[6.19965,46.38843],[6.19912,46.38839],[6.19866,46.3882],[6.19843,46.38802],[6.19467,46.38432],[6.19263,46.38424],[6.1907,46.38564],[6.18869,46.3852],[6.18874,46.38397]]]},"properties":{"bfs_nr":5716,"name":"Eysins"}},{"type":"Feature","geometry":{"type":"Polygon","coordinates":[[[6.16322,46.33442],[6.16544,46.33337],[6.16583,46.33319],[6.16635,46.33284],[6.16671,46.3325],[6.16694,46.33235],[6.16916,46.33113],[6.16958,46.33092],[6.16975,46.33078],[6.17019,46.33023],[6.17037,46.3301],[6.17081,46.32993],[6.17131,46.32988],[6.17156,46.32991],[6.17225,46.33023],[6.17342,46.3312],[6.1736,46.33133],[6.17382,46.33143],[6.17406,46.3315],[6.17432,46.33153],[6.17484,46.33149],[6.17508,46.33141],[6.17529,46.33131],[6.17584,46.33098],[6.17585,46.33097],[6.17645,46.33059],[6.17652,46.33054],[6.17736,46.32993],[6.17788,46.32964],[6.18107,46.33025],[6.19469,46.327],[6.19724,46.32661],[6.20022,46.32543],[6.22234,46.31813],[6.22416,46.31857],[6.23173,46.32958],[6.23109,46.33084],[6.20492,46.33953],[6.2028,46.33921],[6.19813,46.34136],[6.19445,46.34308],[6.19386,46.34337],[6.19313,46.34372],[6.19045,46.34498],[6.19044,46.34498],[6.18874,46.34577],[6.18716,46.34651],[6.18683,46.34662],[6.18655,46.34667],[6.18516,46.34647],[6.18226,46.34414],[6.18044,46.34398],[6.17525,46.34642],[6.17257,46.34464],[6.17265,46.34193],[6.17055,46.34109],[6.1678,46.34251],[6.16637,46.34239],[6.16619,46.34226],[6.16602,46.34207],[6.16592,46.34192],[6.16588,46.34187],[6.1656,46.34143],[6.16557,46.34137],[6.16495,46.34027],[6.16486,46.33975],[6.16501,46.33945],[6.1655,46.33908],[6.16567,46.33893],[6.16579,46.33876],[6.16585,46.33858],[6.16581,46.33821],[6.16535,46.3377],[6.16421,46.3368],[6.16416,46.33676],[6.16381,46.33646],[6.16376,46.33642],[6.16301,46.33571],[6.16285,46.33553],[6.16272,46.3352],[6.16322,46.33442]]]},"properties":{"bfs_nr":5717,"name":"Founex"}},{"type":"Feature","geometry":{"type":"Polygon","coordinates":[[[6.19961,46.43821],[6.20046,46.43778],[6.20064,46.43766],[6.20079,46.43752],[6.20267,46.4352],[6.20302,46.43358],[6.20412,46.43284],[6.20467,46.43227],[6.20508,46.43198],[6.20556,46.43185],[6.20632,46.43191],[6.20693,46.43217],[6.20717,46.43226],[6.20743,46.43231],[6.2077,46.43232],[6.20797,46.43229],[6.20846,46.43212],[6.21055,46.43097],[6.21073,46.43086],[6.21087,46.43073],[6.21097,46.43058],[6.21103,46.43042],[6.21102,46.43009],[6.21096,46.42994],[6.21091,46.42986],[6.21084,46.42972],[6.21078,46.42957],[6.21075,46.42947],[6.21071,46.42933],[6.21067,46.42898],[6.21068,46.42877],[6.21074,46.4286],[6.21143,46.42808],[6.21518,46.42678],[6.21704,46.42683],[6.21952,46.42611],[6.22197,46.42388],[6.22407,46.4248],[6.22362,46.4267],[6.22413,46.42745],[6.22623,46.42832],[6.22884,46.42919],[6.23031,46.42951],[6.23087,46.42964],[6.23107,46.42968],[6.23154,46.42972],[6.23201,46.42964],[6.23301,46.42928],[6.23393,46.42943],[6.23532,46.4303],[6.23596,46.43052],[6.23598,46.43052],[6.23688,46.43083],[6.23729,46.43097],[6.23756,46.43109],[6.2379,46.43136],[6.23805,46.43171],[6.23793,46.43285],[6.23797,46.43319],[6.2382,46.43349],[6.23837,46.43362],[6.23857,46.43372],[6.23879,46.43379],[6.23903,46.43383],[6.23928,46.43384],[6.23952,46.43383],[6.24002,46.4338],[6.24109,46.43423],[6.24174,46.43612],[6.24163,46.43637],[6.24136,46.43667],[6.24089,46.43705],[6.24072,46.43722],[6.24052,46.43754],[6.24039,46.4381],[6.24032,46.4383],[6.24023,46.43846],[6.24005,46.43863],[6.23974,46.43891],[6.23949,46.43961],[6.23938,46.43988],[6.23918,46.44023],[6.23909,46.44036],[6.23892,46.44058],[6.23872,46.44079],[6.23867,46.44083],[6.2384,46.44102],[6.23756,46.4415],[6.23663,46.44204],[6.23656,46.44208],[6.23626,46.44229],[6.23614,46.44236],[6.23544,46.44276],[6.23517,46.44289],[6.23478,46.44304],[6.23472,46.44307],[6.23417,46.44327],[6.23402,46.44331],[6.23331,46.44352],[6.23327,46.44353],[6.23278,46.44367],[6.23245,46.44373],[6.23127,46.4436],[6.22817,46.44214],[6.22769,46.44193],[6.22758,46.44189],[6.22719,46.44176],[6.22666,46.44162],[6.2251,46.44143],[6.22463,46.44139],[6.22393,46.44133],[6.22377,46.44133],[6.2234,46.44133],[6.22272,46.44129],[6.22267,46.44129],[6.2225,46.44128],[6.22176,46.44128],[6.22016,46.44171],[6.21957,46.44322],[6.22041,46.445],[6.22042,46.44614],[6.21896,46.44708],[6.21466,46.44707],[6.21063,46.44612],[6.2079,46.44575],[6.20738,46.44534],[6.20666,46.44435],[6.20439,46.44198],[6.20414,46.44162],[6.20401,46.44146],[6.20383,46.44133],[6.20361,46.44122],[6.20337,46.44115],[6.20259,46.44095],[6.20157,46.44035],[6.20105,46.44021],[6.20058,46.44005],[6.20028,46.43996],[6.20004,46.43988],[6.19986,46.43981],[6.19979,46.43978],[6.1997,46.43975],[6.19946,46.43961],[6.19916,46.43933],[6.19961,46.43821]]]},"properties":{"bfs_nr":5718,"name":"Genolier"}},{"type":"Feature","geometry":{"type":"Polygon","coordinates":[[[6.07588,46.43152],[6.07968,46.42996],[6.08193,46.4292],[6.08377,46.42846],[6.08425,46.42835],[6.08475,46.42837],[6.08544,46.42862],[6.08703,46.42881],[6.08737,46.42891],[6.08802,46.4292],[6.08821,46.42934],[6.08967,46.43057],[6.09088,46.43119],[6.09114,46.43123],[6.0914,46.43123],[6.09166,46.43119],[6.0919,46.43111],[6.09337,46.43054],[6.0934,46.43052],[6.09354,46.43046],[6.09361,46.43044],[6.09411,46.43025],[6.09428,46.43016],[6.09581,46.42932],[6.0962,46.42912],[6.09624,46.4291],[6.09638,46.42902],[6.09657,46.42889],[6.09682,46.42855],[6.09678,46.428],[6.09606,46.42613],[6.09848,46.42517],[6.09984,46.42572],[6.10146,46.42927],[6.10224,46.43063],[6.10306,46.4319],[6.10341,46.43242],[6.10342,46.43242],[6.10451,46.43399],[6.1046,46.4341],[6.10475,46.43423],[6.10513,46.43442],[6.10606,46.43448],[6.10629,46.43442],[6.10649,46.43433],[6.10927,46.43286],[6.10932,46.43283],[6.11027,46.43227],[6.11044,46.43215],[6.11057,46.43201],[6.11067,46.43186],[6.11098,46.43128],[6.11122,46.43107],[6.11213,46.43042],[6.11256,46.43021],[6.11301,46.43013],[6.11348,46.43017],[6.1141,46.43035],[6.11457,46.43039],[6.1148,46.43036],[6.11503,46.4303],[6.11585,46.43004],[6.11605,46.42996],[6.11686,46.42956],[6.11749,46.42918],[6.11782,46.42903],[6.11814,46.42891],[6.1195,46.4285],[6.12011,46.4282],[6.12496,46.4269],[6.12571,46.42685],[6.12667,46.42638],[6.12708,46.42624],[6.12738,46.42617],[6.12812,46.4262],[6.12938,46.42682],[6.12961,46.42692],[6.12987,46.42698],[6.13014,46.42701],[6.13041,46.42699],[6.13067,46.42694],[6.13092,46.42685],[6.13112,46.42673],[6.13125,46.42665],[6.13225,46.42605],[6.13251,46.42592],[6.133,46.42582],[6.13326,46.42582],[6.13443,46.42638],[6.1346,46.42647],[6.13479,46.42654],[6.13525,46.42668],[6.13552,46.42674],[6.13633,46.42685],[6.13668,46.42686],[6.13753,46.42681],[6.13788,46.42676],[6.13842,46.42662],[6.13862,46.42655],[6.13904,46.42639],[6.13936,46.42629],[6.14036,46.42617],[6.14062,46.42609],[6.14143,46.42575],[6.14161,46.42566],[6.14188,46.4255],[6.14191,46.42549],[6.1424,46.42518],[6.14244,46.42515],[6.14278,46.42492],[6.14294,46.42479],[6.14321,46.42452],[6.14339,46.42436],[6.14505,46.42322],[6.1459,46.42274],[6.15063,46.42091],[6.15166,46.42095],[6.15253,46.42081],[6.15371,46.4205],[6.15426,46.42042],[6.15458,46.42045],[6.15498,46.42052],[6.15537,46.42066],[6.15597,46.4208],[6.15625,46.4208],[6.15657,46.42077],[6.15717,46.42056],[6.16023,46.41807],[6.16324,46.41283],[6.16421,46.41196],[6.16434,46.41162],[6.16425,46.41028],[6.1652,46.40865],[6.16569,46.40756],[6.16594,46.40721],[6.16804,46.40526],[6.16864,46.40477],[6.16866,46.40475],[6.16919,46.40433],[6.16927,46.40428],[6.16934,46.40422],[6.16957,46.40409],[6.17,46.40395],[6.17023,46.40392],[6.17047,46.40393],[6.1707,46.40396],[6.17092,46.40403],[6.17103,46.40408],[6.17161,46.4043],[6.17242,46.40465],[6.17372,46.40464],[6.1755,46.40408],[6.17797,46.40418],[6.18304,46.40266],[6.18801,46.40354],[6.1883,46.40354],[6.18836,46.40353],[6.18856,46.40351],[6.18888,46.40349],[6.18905,46.40349],[6.19021,46.40355],[6.1917,46.40354],[6.19234,46.40371],[6.19252,46.40382],[6.1927,46.40398],[6.19295,46.40429],[6.1931,46.40455],[6.19315,46.40477],[6.19315,46.40516],[6.19322,46.40534],[6.19335,46.40551],[6.19352,46.40565],[6.19576,46.40717],[6.19619,46.4078],[6.19613,46.40813],[6.19568,46.40856],[6.19549,46.40867],[6.19436,46.40933],[6.19295,46.41019],[6.19145,46.41115],[6.18899,46.41311],[6.18864,46.4137],[6.18813,46.41424],[6.18652,46.41613],[6.18459,46.41846],[6.18403,46.41924],[6.18391,46.41938],[6.18323,46.42009],[6.1826,46.42083],[6.18246,46.42097],[6.18224,46.42116],[6.18206,46.42131],[6.18174,46.42149],[6.18154,46.42159],[6.18111,46.42174],[6.18041,46.4219],[6.17916,46.42197],[6.17878,46.422],[6.17861,46.42203],[6.17823,46.42211],[6.17792,46.4222],[6.17762,46.42233],[6.17715,46.42257],[6.17638,46.42284],[6.17363,46.42426],[6.17333,46.42438],[6.17301,46.42446],[6.17153,46.42468],[6.17147,46.42469],[6.17145,46.42469],[6.17113,46.42471],[6.17088,46.42469],[6.16805,46.42436],[6.16296,46.42725],[6.16185,46.42765],[6.16028,46.4283],[6.16025,46.42832],[6.15871,46.429],[6.15865,46.42903],[6.15792,46.42932],[6.15781,46.42937],[6.15729,46.42955],[6.15726,46.42955],[6.15673,46.42974],[6.15668,46.42975],[6.15602,46.43],[6.15594,46.43003],[6.15553,46.43016],[6.15487,46.43037],[6.15421,46.43062],[6.15377,46.43082],[6.15345,46.43091],[6.15313,46.43096],[6.15261,46.43098],[6.15238,46.43101],[6.15166,46.43114],[6.15164,46.43114],[6.15106,46.43126],[6.15101,46.43127],[6.15084,46.4313],[6.15058,46.43139],[6.14766,46.43323],[6.14736,46.43339],[6.14609,46.43392],[6.14607,46.43393],[6.1448,46.43445],[6.14478,46.43445],[6.14287,46.43521],[6.14281,46.43524],[6.14218,46.43547],[6.14184,46.4356],[6.14158,46.43568],[6.14136,46.43572],[6.14108,46.43573],[6.13935,46.43572],[6.13864,46.43572],[6.13862,46.43572],[6.13778,46.43571],[6.13773,46.43571],[6.13566,46.43575],[6.13508,46.43576],[6.13504,46.43577],[6.13489,46.43577],[6.13423,46.4359],[6.13404,46.436],[6.13395,46.43605],[6.13347,46.43631],[6.13344,46.43633],[6.13308,46.43652],[6.13188,46.43718],[6.13185,46.43719],[6.13141,46.43743],[6.13118,46.43754],[6.13093,46.43761],[6.13063,46.43768],[6.13044,46.43772],[6.12972,46.43783],[6.12905,46.43792],[6.12883,46.43794],[6.12831,46.43797],[6.12826,46.43797],[6.12787,46.438],[6.12769,46.43802],[6.12622,46.43829],[6.1259,46.43833],[6.12502,46.43841],[6.12455,46.43842],[6.12316,46.43867],[6.12101,46.43886],[6.11843,46.43921],[6.11784,46.43931],[6.11703,46.43939],[6.11628,46.43951],[6.11579,46.43947],[6.11524,46.43927],[6.11471,46.43921],[6.11418,46.4393],[6.11395,46.4394],[6.11367,46.43954],[6.11352,46.43963],[6.11273,46.44017],[6.11121,46.44123],[6.11028,46.44187],[6.11025,46.44189],[6.1098,46.44222],[6.10916,46.44272],[6.10863,46.44298],[6.10817,46.44329],[6.10771,46.4437],[6.10653,46.44426],[6.10562,46.44441],[6.10541,46.44447],[6.10508,46.44459],[6.10505,46.4446],[6.10494,46.44464],[6.10473,46.44474],[6.10464,46.44479],[6.10446,46.44492],[6.10435,46.44501],[6.10427,46.44509],[6.10416,46.44521],[6.10404,46.44535],[6.10395,46.44544],[6.1039,46.44549],[6.10366,46.44564],[6.1032,46.44581],[6.10287,46.44585],[6.10255,46.44586],[6.10164,46.44582],[6.10141,46.44584],[6.10137,46.44585],[6.10082,46.44595],[6.10054,46.44603],[6.10032,46.44612],[6.09749,46.44722],[6.09658,46.44665],[6.09592,46.44628],[6.09542,46.44603],[6.09455,46.44554],[6.09411,46.44536],[6.09394,46.4453],[6.09359,46.44524],[6.09326,46.4452],[6.0928,46.44518],[6.0925,46.44514],[6.09216,46.44508],[6.09206,46.44505],[6.09203,46.44504],[6.09187,46.445],[6.09144,46.44483],[6.09074,46.44434],[6.09051,46.44421],[6.09036,46.44415],[6.09004,46.44399],[6.08978,46.44387],[6.08971,46.44383],[6.08948,46.44372],[6.08926,46.44358],[6.08908,46.44348],[6.08862,46.44322],[6.0883,46.44295],[6.08726,46.44027],[6.08348,46.43915],[6.07555,46.43294],[6.07588,46.43152]]]},"properties":{"bfs_nr":5719,"name":"Gingins"}},{"type":"Feature","geometry":{"type":"Polygon","coordinates":[[[6.16755,46.44584],[6.16662,46.44492],[6.16663,46.44457],[6.16683,46.44425],[6.16742,46.44393],[6.173,46.4426],[6.17663,46.44008],[6.17664,46.43974],[6.17647,46.43934],[6.17646,46.43917],[6.17656,46.43884],[6.17715,46.43827],[6.17815,46.43759],[6.17927,46.43609],[6.18082,46.43507],[6.18211,46.43485],[6.18235,46.43478],[6.18256,46.43467],[6.18274,46.43454],[6.18481,46.43319],[6.18805,46.43027],[6.19293,46.42885],[6.19364,46.42848],[6.19454,46.42831],[6.19605,46.42839],[6.19628,46.42838],[6.19679,46.4283],[6.19731,46.42826],[6.19758,46.42823],[6.20117,46.4267],[6.20426,46.42463],[6.20444,46.4245],[6.2046,46.42437],[6.20493,46.42405],[6.20524,46.42357],[6.20645,46.42242],[6.20719,46.42131],[6.20768,46.42106],[6.20805,46.42085],[6.20826,46.42075],[6.20846,46.42061],[6.20889,46.42027],[6.20906,46.42009],[6.20977,46.41932],[6.21305,46.41815],[6.21525,46.41848],[6.21852,46.41986],[6.22266,46.42129],[6.22257,46.4233],[6.21959,46.42597],[6.21561,46.42663],[6.21138,46.4281],[6.21074,46.4286],[6.21068,46.42877],[6.21066,46.42894],[6.21067,46.42905],[6.21068,46.42912],[6.21072,46.42936],[6.21074,46.42944],[6.21079,46.42959],[6.21083,46.42969],[6.21092,46.42987],[6.21093,46.42989],[6.21102,46.43009],[6.21102,46.43042],[6.21096,46.43058],[6.21072,46.43086],[6.21051,46.431],[6.20851,46.43209],[6.2077,46.43232],[6.20717,46.43226],[6.20632,46.4319],[6.20556,46.43184],[6.20508,46.43198],[6.20471,46.43223],[6.20282,46.43369],[6.20265,46.43503],[6.20177,46.43595],[6.20131,46.43661],[6.20092,46.43733],[6.20079,46.43752],[6.20064,46.43766],[6.20041,46.4378],[6.19945,46.4383],[6.19869,46.4385],[6.19734,46.4382],[6.19596,46.43809],[6.19286,46.43753],[6.19072,46.43731],[6.18982,46.43769],[6.18943,46.43825],[6.18922,46.43848],[6.18883,46.43884],[6.18882,46.43885],[6.18841,46.43922],[6.18836,46.43927],[6.18805,46.4396],[6.18803,46.43961],[6.18784,46.43981],[6.18773,46.43991],[6.18743,46.44016],[6.1873,46.4403],[6.18721,46.44044],[6.18698,46.44091],[6.18697,46.44092],[6.18681,46.44126],[6.18675,46.44152],[6.18674,46.44168],[6.18675,46.4418],[6.18679,46.442],[6.18683,46.44262],[6.18684,46.44293],[6.18684,46.4434],[6.18681,46.44363],[6.1866,46.44397],[6.18619,46.44433],[6.18607,46.44446],[6.18596,46.4446],[6.18582,46.44477],[6.18548,46.44518],[6.18512,46.44563],[6.18495,46.44587],[6.18483,46.44603],[6.18477,46.44611],[6.18469,46.4462],[6.18451,46.44641],[6.18436,46.44654],[6.18426,46.44663],[6.18352,46.44722],[6.18308,46.44748],[6.18219,46.4478],[6.18115,46.44773],[6.18042,46.44715],[6.17955,46.44656],[6.17872,46.4461],[6.17774,46.44565],[6.17734,46.44548],[6.17706,46.44539],[6.17652,46.44524],[6.17607,46.44517],[6.17481,46.44517],[6.17328,46.44557],[6.1729,46.44562],[6.17269,46.44562],[6.17216,46.44559],[6.172,46.44558],[6.1719,46.44558],[6.17168,46.4456],[6.17001,46.44579],[6.16979,46.44585],[6.1691,46.44614],[6.16858,46.44621],[6.16831,46.44619],[6.16783,46.44603],[6.16755,46.44584]]]},"properties":{"bfs_nr":5720,"name":"Givrins"}},{"type":"Feature","geometry":{"type":"Polygon","coordinates":[[[6.25403,46.43425],[6.25343,46.43298],[6.25495,46.43093],[6.25524,46.43064],[6.25638,46.42977],[6.25644,46.42972],[6.25657,46.42961],[6.25671,46.42946],[6.25684,46.42894],[6.25668,46.42861],[6.25653,46.42846],[6.2565,46.42844],[6.25637,46.42827],[6.25626,46.42791],[6.25629,46.42773],[6.25635,46.4276],[6.2564,46.42744],[6.25645,46.42692],[6.25634,46.4266],[6.25623,46.42646],[6.25609,46.42632],[6.25595,46.42599],[6.256,46.42564],[6.25617,46.42537],[6.25624,46.42522],[6.25627,46.42506],[6.25582,46.42351],[6.25566,46.42336],[6.25551,46.42324],[6.25539,46.42309],[6.25527,46.42275],[6.25536,46.4224],[6.25547,46.42226],[6.25548,46.42223],[6.2555,46.42221],[6.25559,46.42206],[6.25563,46.42191],[6.25568,46.42165],[6.25568,46.42163],[6.2557,46.42154],[6.2557,46.42125],[6.25603,46.41938],[6.25636,46.41885],[6.25678,46.41863],[6.25726,46.41853],[6.2575,46.41845],[6.25788,46.41822],[6.25801,46.41806],[6.25805,46.418],[6.25808,46.41796],[6.25853,46.4172],[6.25855,46.41716],[6.25872,46.41683],[6.25894,46.41641],[6.25901,46.41601],[6.25894,46.41555],[6.25887,46.41533],[6.25877,46.41515],[6.2582,46.41461],[6.25797,46.41446],[6.25775,46.41431],[6.25761,46.41417],[6.25758,46.41334],[6.26118,46.41181],[6.26381,46.41029],[6.26574,46.4089],[6.26713,46.40692],[6.26936,46.40589],[6.27142,46.40422],[6.27245,46.40236],[6.2724,46.40108],[6.27261,46.40074],[6.27541,46.39777],[6.27619,46.39696],[6.27777,46.39531],[6.27784,46.39524],[6.29214,46.38224],[6.29405,46.38206],[6.32429,46.39797],[6.32481,46.39894],[6.32472,46.39911],[6.32455,46.39929],[6.29695,46.4244],[6.29647,46.42473],[6.2955,46.42503],[6.29497,46.42542],[6.29468,46.42639],[6.2925,46.42779],[6.29204,46.42837],[6.29174,46.42939],[6.291,46.42981],[6.28845,46.4298],[6.28695,46.42942],[6.28507,46.42841],[6.28433,46.42812],[6.28379,46.42805],[6.28325,46.42812],[6.2817,46.42836],[6.28135,46.42845],[6.28073,46.42869],[6.2806,46.42875],[6.27777,46.43003],[6.27602,46.43044],[6.27411,46.43167],[6.27401,46.43337],[6.26963,46.43905],[6.26924,46.43924],[6.26895,46.43932],[6.2663,46.43933],[6.25988,46.43725],[6.25867,46.43637],[6.25593,46.43499],[6.25403,46.43425]]]},"properties":{"bfs_nr":5721,"name":"Gland"}},{"type":"Feature","geometry":{"type":"Polygon","coordinates":[[[6.17685,46.38784],[6.1775,46.38732],[6.17771,46.38717],[6.17838,46.38698],[6.17969,46.38714],[6.18546,46.3855],[6.18729,46.38662],[6.18785,46.38695],[6.18895,46.38746],[6.19186,46.38892],[6.19455,46.39071],[6.19666,46.3933],[6.20158,46.39878],[6.20475,46.39965],[6.20594,46.40099],[6.20573,46.40279],[6.20486,46.40464],[6.2042,46.40518],[6.20374,46.40528],[6.20325,46.40525],[6.20225,46.40491],[6.20201,46.40485],[6.20175,46.40482],[6.2015,46.40482],[6.20124,46.40486],[6.20101,46.40494],[6.2008,46.40504],[6.20062,46.40517],[6.19755,46.40745],[6.19594,46.40729],[6.19358,46.40569],[6.19338,46.40553],[6.19326,46.40538],[6.19316,46.40474],[6.19312,46.4046],[6.19309,46.40452],[6.19298,46.40434],[6.19282,46.40412],[6.19277,46.40406],[6.19266,46.40395],[6.19252,46.40382],[6.19234,46.4037],[6.1919,46.40356],[6.19167,46.40353],[6.18903,46.40349],[6.18893,46.40349],[6.18882,46.40349],[6.18861,46.4035],[6.18835,46.40353],[6.18801,46.40353],[6.1855,46.40274],[6.18513,46.40193],[6.18531,46.40161],[6.18603,46.40107],[6.18619,46.40093],[6.18631,46.40077],[6.18638,46.40059],[6.1864,46.40041],[6.18636,46.40024],[6.18628,46.40007],[6.18615,46.39991],[6.18598,46.39978],[6.18529,46.39934],[6.18494,46.39901],[6.18483,46.39866],[6.18485,46.39847],[6.18506,46.39814],[6.18593,46.39754],[6.1861,46.3974],[6.18622,46.39725],[6.1863,46.39708],[6.18632,46.39673],[6.18625,46.39656],[6.18613,46.3964],[6.18598,46.39626],[6.18484,46.39542],[6.18312,46.39399],[6.18184,46.39299],[6.18166,46.39283],[6.18156,46.39268],[6.18143,46.39243],[6.1814,46.39237],[6.18137,46.39232],[6.18125,46.39216],[6.18111,46.39204],[6.18105,46.39199],[6.18097,46.39194],[6.1808,46.39183],[6.18044,46.39163],[6.18036,46.39158],[6.18018,46.39147],[6.18001,46.39135],[6.1799,46.39126],[6.17976,46.39113],[6.17934,46.39065],[6.17927,46.39057],[6.17916,46.39046],[6.17907,46.39038],[6.17893,46.39028],[6.17884,46.39021],[6.17869,46.39011],[6.17859,46.39005],[6.1784,46.38995],[6.17834,46.38992],[6.17781,46.38967],[6.17762,46.38956],[6.17729,46.38934],[6.17703,46.38919],[6.17665,46.38888],[6.17651,46.38836],[6.17666,46.38803],[6.17685,46.38784]]]},"properties":{"bfs_nr":5722,"name":"Grens"}},{"type":"Feature","geometry":{"type":"Polygon","coordinates":[[[6.14153,46.30446],[6.15073,46.30092],[6.15374,46.29908],[6.15968,46.29769],[6.16732,46.29516],[6.17047,46.29472],[6.19754,46.28487],[6.19938,46.28526],[6.20638,46.29452],[6.20581,46.29579],[6.18221,46.30438],[6.18194,46.30446],[6.1817,46.30449],[6.18122,46.30452],[6.18046,46.30468],[6.1792,46.30523],[6.17888,46.30555],[6.17838,46.30581],[6.17777,46.30592],[6.1771,46.30591],[6.17679,46.30596],[6.17586,46.30631],[6.17447,46.30635],[6.1736,46.30662],[6.17331,46.30686],[6.17303,46.30734],[6.17293,46.30796],[6.17278,46.30827],[6.1726,46.30844],[6.17255,46.30848],[6.17227,46.30867],[6.1722,46.30872],[6.17204,46.30885],[6.17186,46.30897],[6.16901,46.30898],[6.16776,46.3083],[6.16369,46.30841],[6.16119,46.31009],[6.15876,46.31091],[6.1577,46.31089],[6.15689,46.31103],[6.15626,46.31102],[6.15587,46.31107],[6.1554,46.31112],[6.15522,46.31112],[6.15485,46.3111],[6.15449,46.31102],[6.15384,46.3108],[6.15359,46.31071],[6.15344,46.31064],[6.15331,46.31059],[6.15323,46.31056],[6.153,46.3105],[6.15274,46.31047],[6.15249,46.31047],[6.15207,46.31053],[6.15154,46.31056],[6.15127,46.31055],[6.15084,46.31049],[6.15078,46.31048],[6.1504,46.31037],[6.15013,46.31032],[6.14932,46.3104],[6.14741,46.31106],[6.14573,46.31168],[6.14316,46.31089],[6.14195,46.30999],[6.14178,46.30983],[6.14163,46.3096],[6.14148,46.30929],[6.14145,46.30923],[6.14133,46.30895],[6.14128,46.30882],[6.14126,46.30874],[6.14123,46.30853],[6.14122,46.30837],[6.14122,46.30833],[6.14122,46.30811],[6.14122,46.30809],[6.14125,46.30711],[6.14081,46.30551],[6.14153,46.30446]]]},"properties":{"bfs_nr":5723,"name":"Mies"}},{"type":"Feature","geometry":{"type":"Polygon","coordinates":[[[6.20854,46.40171],[6.21199,46.40152],[6.21379,46.39976],[6.21112,46.39654],[6.21068,46.39557],[6.21062,46.39534],[6.21062,46.39511],[6.21063,46.39495],[6.21061,46.39474],[6.21064,46.39457],[6.21085,46.39426],[6.21211,46.39324],[6.21287,46.39268],[6.21391,46.39216],[6.21429,46.39203],[6.2149,46.39187],[6.21622,46.39132],[6.21647,46.3901],[6.21447,46.38813],[6.21453,46.38698],[6.21579,46.38629],[6.21598,46.38617],[6.21612,46.38603],[6.21623,46.38587],[6.21629,46.3857],[6.2163,46.38552],[6.21617,46.38518],[6.21586,46.3849],[6.21505,46.38437],[6.2149,46.38426],[6.21458,46.384],[6.21454,46.38396],[6.21443,46.38386],[6.21425,46.38367],[6.2142,46.3836],[6.21413,46.3835],[6.21391,46.38315],[6.21372,46.38259],[6.2133,46.38206],[6.21293,46.38105],[6.21297,46.37936],[6.21494,46.37806],[6.2143,46.37704],[6.21435,46.37628],[6.21491,46.37544],[6.21503,46.37513],[6.21498,46.3748],[6.21491,46.37293],[6.21851,46.37185],[6.22044,46.37109],[6.22137,46.37076],[6.22159,46.37066],[6.22716,46.36648],[6.25226,46.36059],[6.25357,46.36074],[6.26699,46.36781],[6.26754,46.36843],[6.26742,46.36895],[6.26725,46.36913],[6.24784,46.38678],[6.24749,46.38702],[6.24716,46.38721],[6.24707,46.38726],[6.24664,46.38747],[6.24663,46.38748],[6.24626,46.38766],[6.246,46.38776],[6.24542,46.38792],[6.24375,46.38882],[6.24279,46.38907],[6.24175,46.38951],[6.24155,46.38961],[6.24125,46.38989],[6.24116,46.39005],[6.24103,46.39065],[6.24031,46.39139],[6.23885,46.39189],[6.23607,46.39704],[6.2337,46.39859],[6.23173,46.39982],[6.23147,46.39995],[6.23125,46.40003],[6.23076,46.40008],[6.23005,46.39991],[6.22878,46.39881],[6.22838,46.39862],[6.22791,46.39854],[6.22766,46.39855],[6.22742,46.39859],[6.2272,46.39866],[6.22692,46.39876],[6.22662,46.39887],[6.22656,46.39889],[6.22646,46.39893],[6.22627,46.39903],[6.2261,46.39914],[6.22511,46.39998],[6.22509,46.4],[6.22364,46.4012],[6.2234,46.40136],[6.22292,46.40152],[6.22239,46.40154],[6.22128,46.40128],[6.22049,46.40122],[6.21865,46.40141],[6.21744,46.40164],[6.21685,46.40185],[6.2164,46.40225],[6.21612,46.40375],[6.21552,46.40412],[6.21539,46.40424],[6.21529,46.40436],[6.2137,46.40603],[6.21274,46.4061],[6.21119,46.40558],[6.2105,46.40507],[6.21028,46.40423],[6.2095,46.40379],[6.20747,46.40329],[6.207,46.40267],[6.20854,46.40171]]]},"properties":{"bfs_nr":5724,"name":"Nyon"}},{"type":"Feature","geometry":{"type":"Polygon","coordinates":[[[6.23655,46.39623],[6.23848,46.39334],[6.23888,46.39189],[6.24039,46.3914],[6.24108,46.39095],[6.2412,46.39008],[6.24141,46.38974],[6.24185,46.38947],[6.24257,46.38919],[6.24332,46.38906],[6.24514,46.38821],[6.24533,46.38813],[6.2456,46.38798],[6.24663,46.38747],[6.24664,46.38747],[6.24708,46.38725],[6.24715,46.38722],[6.24755,46.38699],[6.24779,46.38683],[6.26725,46.36913],[6.26916,46.36895],[6.29188,46.38092],[6.29243,46.38171],[6.2923,46.38205],[6.29214,46.38224],[6.27783,46.39525],[6.27778,46.3953],[6.27619,46.39696],[6.27618,46.39696],[6.2754,46.39778],[6.27273,46.40061],[6.27268,46.40065],[6.27253,46.40081],[6.27227,46.40118],[6.27214,46.40247],[6.27081,46.40341],[6.26971,46.40544],[6.26686,46.40676],[6.26462,46.40854],[6.26365,46.41029],[6.26049,46.41209],[6.25569,46.41344],[6.25555,46.41357],[6.2554,46.41389],[6.25539,46.41397],[6.25536,46.41424],[6.25518,46.41458],[6.25432,46.41498],[6.25338,46.41503],[6.25313,46.41509],[6.25291,46.41518],[6.25272,46.4153],[6.25257,46.41541],[6.25236,46.41551],[6.25153,46.4157],[6.25022,46.4155],[6.24683,46.41583],[6.24647,46.41563],[6.24634,46.41551],[6.2455,46.41469],[6.24534,46.4145],[6.24523,46.41416],[6.24531,46.41381],[6.24546,46.41362],[6.2463,46.41269],[6.24641,46.41254],[6.24648,46.41238],[6.2465,46.41221],[6.24648,46.41204],[6.24641,46.41188],[6.2463,46.41173],[6.24615,46.4116],[6.24597,46.41149],[6.24399,46.41048],[6.24422,46.40856],[6.24388,46.4083],[6.24317,46.40792],[6.24303,46.4078],[6.2429,46.40764],[6.24156,46.40566],[6.24149,46.40554],[6.24099,46.40454],[6.24075,46.40426],[6.23965,46.40365],[6.23935,46.40339],[6.23903,46.40275],[6.23908,46.40241],[6.23948,46.40165],[6.23864,46.39883],[6.23655,46.39623]]]},"properties":{"bfs_nr":5725,"name":"Prangins"}},{"type":"Feature","geometry":{"type":"Polygon","coordinates":[[[6.07366,46.42816],[6.07049,46.4254],[6.06443,46.41719],[6.06497,46.41595],[6.06784,46.41486],[6.08245,46.41216],[6.0968,46.40921],[6.09928,46.40735],[6.1001,46.40475],[6.10334,46.40196],[6.10552,46.39965],[6.10923,46.39936],[6.11113,46.39839],[6.11402,46.3992],[6.11828,46.3972],[6.13163,46.39003],[6.13481,46.38863],[6.14641,46.38031],[6.14966,46.37766],[6.15317,46.37749],[6.1548,46.37826],[6.15714,46.37814],[6.15748,46.38031],[6.15954,46.38301],[6.16035,46.38527],[6.16093,46.38613],[6.16136,46.38825],[6.16254,46.38854],[6.16323,46.3883],[6.16453,46.38745],[6.16477,46.38731],[6.16523,46.38719],[6.16573,46.38719],[6.16596,46.38724],[6.16683,46.38759],[6.16805,46.38776],[6.16926,46.38856],[6.1693,46.38927],[6.16918,46.38943],[6.16897,46.38961],[6.16532,46.39218],[6.16388,46.39342],[6.16233,46.39454],[6.1621,46.39467],[6.16167,46.39481],[6.16005,46.3951],[6.15894,46.39589],[6.15852,46.39746],[6.15629,46.39957],[6.15526,46.39953],[6.15455,46.39911],[6.15408,46.39895],[6.15356,46.39893],[6.15245,46.39919],[6.15152,46.39896],[6.15047,46.39814],[6.14998,46.398],[6.14972,46.39798],[6.14945,46.398],[6.1492,46.39806],[6.14897,46.39815],[6.14877,46.39827],[6.14823,46.39868],[6.14795,46.39901],[6.14685,46.40125],[6.14018,46.40474],[6.13299,46.40867],[6.13279,46.40879],[6.13264,46.40893],[6.13252,46.40909],[6.13246,46.40926],[6.13203,46.41107],[6.13099,46.4135],[6.13078,46.41381],[6.13059,46.41396],[6.12625,46.41688],[6.12622,46.4169],[6.12447,46.41803],[6.12446,46.41803],[6.12087,46.42035],[6.12066,46.42047],[6.11806,46.42171],[6.11534,46.42319],[6.1141,46.42389],[6.11407,46.42391],[6.11355,46.42419],[6.11351,46.42421],[6.11339,46.42428],[6.11311,46.42439],[6.11287,46.42445],[6.11256,46.42448],[6.10069,46.42488],[6.0995,46.42492],[6.09725,46.42545],[6.09606,46.42613],[6.09677,46.428],[6.09681,46.42855],[6.09656,46.42888],[6.09632,46.42905],[6.09624,46.42909],[6.0962,46.42912],[6.09582,46.42932],[6.09433,46.43014],[6.09406,46.43026],[6.0936,46.43044],[6.09355,46.43046],[6.09341,46.43052],[6.09336,46.43054],[6.09196,46.43109],[6.09166,46.43118],[6.0914,46.43122],[6.09088,46.43119],[6.08964,46.43053],[6.08817,46.42931],[6.08802,46.4292],[6.08784,46.42911],[6.08731,46.42889],[6.08703,46.4288],[6.08673,46.42876],[6.08545,46.42862],[6.08495,46.42841],[6.08448,46.42832],[6.08399,46.42836],[6.08376,46.42842],[6.0819,46.42921],[6.0799,46.42985],[6.07598,46.43142],[6.07429,46.43063],[6.07366,46.42816]]]},"properties":{"bfs_nr":5726,"name":"La Rippe"}},{"type":"Feature","geometry":{"type":"Polygon","coordinates":[[[6.07291,46.46477],[6.07386,46.46311],[6.07351,46.46035],[6.07626,46.45803],[6.07656,46.45702],[6.07476,46.45408],[6.07502,46.45305],[6.07875,46.45029],[6.08408,46.4476],[6.08657,46.44342],[6.08834,46.44308],[6.08928,46.44361],[6.08943,46.44369],[6.08972,46.44384],[6.08977,46.44386],[6.09005,46.44399],[6.09037,46.44415],[6.09044,46.44419],[6.09079,46.44438],[6.09131,46.44475],[6.09148,46.44486],[6.09179,46.44498],[6.09203,46.44504],[6.09206,46.44505],[6.09222,46.44509],[6.09244,46.44513],[6.09284,46.44518],[6.0935,46.44523],[6.09399,46.44532],[6.09449,46.44552],[6.09544,46.44604],[6.09651,46.44661],[6.09707,46.44704],[6.09749,46.44722],[6.09891,46.44708],[6.10058,46.44602],[6.10088,46.44594],[6.10137,46.44585],[6.10164,46.44582],[6.10247,46.44587],[6.1029,46.44585],[6.10317,46.44582],[6.10366,46.44565],[6.10386,46.44552],[6.1039,46.44549],[6.10394,46.44545],[6.10408,46.44531],[6.10421,46.44518],[6.1044,46.44497],[6.10469,46.44477],[6.10499,46.44462],[6.10557,46.44444],[6.10646,46.44431],[6.10766,46.44375],[6.10821,46.44326],[6.10916,46.44272],[6.10981,46.44221],[6.11025,46.44189],[6.11029,46.44186],[6.11274,46.44016],[6.11349,46.43965],[6.11371,46.43952],[6.11388,46.43944],[6.11415,46.43932],[6.11512,46.43926],[6.11567,46.43945],[6.11593,46.43951],[6.1162,46.43952],[6.11647,46.43949],[6.12617,46.4383],[6.12765,46.43803],[6.12792,46.438],[6.12825,46.43797],[6.12833,46.43797],[6.12887,46.43794],[6.12901,46.43792],[6.12973,46.43783],[6.12978,46.43782],[6.13047,46.43771],[6.1306,46.43769],[6.13098,46.4376],[6.13119,46.43754],[6.13137,46.43746],[6.13187,46.43719],[6.13188,46.43718],[6.13249,46.43684],[6.13309,46.43652],[6.13311,46.4365],[6.13346,46.43632],[6.13347,46.43631],[6.13396,46.43604],[6.13423,46.4359],[6.13495,46.43577],[6.13504,46.43577],[6.13508,46.43576],[6.13565,46.43575],[6.13568,46.43575],[6.13772,46.43571],[6.13779,46.43571],[6.13863,46.43572],[6.13934,46.43572],[6.13936,46.43572],[6.14114,46.43573],[6.14136,46.43572],[6.14158,46.43568],[6.14179,46.43562],[6.14218,46.43547],[6.14282,46.43523],[6.14286,46.43522],[6.14479,46.43445],[6.14608,46.43393],[6.14609,46.43392],[6.14741,46.43337],[6.14762,46.43326],[6.15058,46.43139],[6.15091,46.43129],[6.151,46.43127],[6.15107,46.43125],[6.15164,46.43114],[6.15167,46.43114],[6.15232,46.43102],[6.15265,46.43098],[6.15307,46.43096],[6.1533,46.43094],[6.15345,46.43092],[6.15352,46.4309],[6.15372,46.43085],[6.15391,46.43077],[6.15427,46.4306],[6.15484,46.43038],[6.15554,46.43016],[6.15558,46.43015],[6.15595,46.43002],[6.15601,46.43],[6.15667,46.42976],[6.15674,46.42973],[6.15728,46.42955],[6.15729,46.42955],[6.15783,46.42936],[6.1579,46.42933],[6.15866,46.42902],[6.1587,46.429],[6.16024,46.42832],[6.16029,46.4283],[6.16184,46.42766],[6.16303,46.42722],[6.16805,46.42436],[6.17101,46.42472],[6.1713,46.42471],[6.17148,46.42469],[6.17152,46.42468],[6.17307,46.42445],[6.17334,46.42438],[6.17357,46.42429],[6.17608,46.423],[6.17707,46.42267],[6.17785,46.42223],[6.17831,46.42209],[6.17907,46.422],[6.17998,46.4223],[6.18023,46.42262],[6.18022,46.42355],[6.17997,46.42462],[6.17986,46.425],[6.17976,46.4254],[6.17976,46.42542],[6.1797,46.42566],[6.17959,46.42591],[6.17939,46.42613],[6.17917,46.42634],[6.17896,46.4265],[6.17872,46.42666],[6.17855,46.42681],[6.17785,46.42724],[6.17741,46.42754],[6.17723,46.42769],[6.17689,46.42806],[6.17658,46.42843],[6.17626,46.4287],[6.1756,46.4291],[6.17537,46.42922],[6.17495,46.42934],[6.17466,46.42936],[6.17281,46.42939],[6.17214,46.42961],[6.17176,46.43004],[6.17172,46.43021],[6.17173,46.43038],[6.17178,46.43055],[6.17188,46.43071],[6.17199,46.43083],[6.17336,46.43206],[6.17411,46.43265],[6.17608,46.43547],[6.17724,46.43736],[6.17648,46.439],[6.17645,46.43917],[6.17647,46.43934],[6.17662,46.44008],[6.17297,46.4426],[6.16742,46.44393],[6.16683,46.44425],[6.1667,46.44441],[6.16662,46.44457],[6.16659,46.44475],[6.16661,46.44492],[6.16668,46.44509],[6.1668,46.44525],[6.16761,46.44592],[6.16781,46.44604],[6.16804,46.44614],[6.16829,46.4462],[6.16856,46.44622],[6.16883,46.44621],[6.16909,46.44615],[6.16979,46.44585],[6.1703,46.44576],[6.17121,46.44569],[6.17175,46.4456],[6.172,46.44558],[6.1722,46.44559],[6.17243,46.4456],[6.17273,46.44562],[6.17286,46.44562],[6.17307,46.44561],[6.17329,46.44559],[6.17484,46.44517],[6.17657,46.44526],[6.17738,46.44552],[6.17781,46.44568],[6.18056,46.44729],[6.18079,46.44767],[6.18081,46.44821],[6.17843,46.44981],[6.17815,46.45011],[6.17809,46.45063],[6.1783,46.45095],[6.17866,46.4512],[6.18,46.45184],[6.18155,46.45319],[6.18166,46.45392],[6.18152,46.45413],[6.18138,46.45428],[6.18125,46.45442],[6.1812,46.45447],[6.17875,46.45561],[6.17799,46.45568],[6.17758,46.45568],[6.17644,46.45561],[6.17627,46.45561],[6.17575,46.45563],[6.17549,46.45561],[6.17516,46.45557],[6.17506,46.45555],[6.17501,46.45554],[6.17477,46.4555],[6.17452,46.45549],[6.17428,46.45551],[6.17404,46.45554],[6.17382,46.4556],[6.17354,46.45568],[6.17327,46.45574],[6.17283,46.45583],[6.17252,46.45591],[6.17122,46.45643],[6.17112,46.45647],[6.16937,46.4573],[6.16931,46.45733],[6.16811,46.45785],[6.16781,46.45796],[6.16756,46.458],[6.16703,46.45799],[6.1649,46.45739],[6.16384,46.45703],[6.16334,46.45694],[6.16259,46.45706],[6.1612,46.45794],[6.15961,46.45792],[6.15834,46.45825],[6.15796,46.4585],[6.15783,46.45866],[6.15775,46.45883],[6.15772,46.45901],[6.1574,46.46012],[6.15697,46.46031],[6.15641,46.46038],[6.15091,46.46038],[6.13814,46.46335],[6.13785,46.4634],[6.13714,46.46333],[6.13552,46.46264],[6.13516,46.46249],[6.13461,46.46229],[6.13431,46.46221],[6.13397,46.46218],[6.13367,46.4622],[6.13294,46.4623],[6.13268,46.46232],[6.13248,46.46231],[6.13237,46.46231],[6.13226,46.46231],[6.13206,46.46231],[6.13165,46.46234],[6.13121,46.46229],[6.13044,46.46199],[6.12945,46.46176],[6.12853,46.46146],[6.12841,46.46142],[6.12772,46.46115],[6.1272,46.46097],[6.12694,46.46091],[6.12667,46.46088],[6.12642,46.46089],[6.12631,46.4609],[6.12589,46.46094],[6.12567,46.46097],[6.12337,46.4617],[6.12171,46.46185],[6.12146,46.46191],[6.12122,46.462],[6.12044,46.46253],[6.11977,46.46272],[6.1193,46.4627],[6.11832,46.46239],[6.11761,46.46231],[6.1171,46.46242],[6.11645,46.46311],[6.11657,46.46361],[6.11685,46.46395],[6.11691,46.46413],[6.11691,46.46471],[6.11687,46.46493],[6.11651,46.46583],[6.11681,46.4666],[6.11627,46.46823],[6.11546,46.46944],[6.11429,46.47069],[6.1135,46.47095],[6.1085,46.47163],[6.10074,46.47359],[6.0991,46.47486],[6.09862,46.47585],[6.09857,46.47601],[6.09854,46.47614],[6.09854,46.47616],[6.09836,46.47716],[6.0983,46.47734],[6.09819,46.47759],[6.09817,46.47823],[6.09821,46.47863],[6.09817,46.47898],[6.09801,46.4795],[6.09801,46.47952],[6.09794,46.47971],[6.09784,46.47993],[6.09775,46.48009],[6.0976,46.48028],[6.09725,46.48053],[6.09557,46.4804],[6.08557,46.47366],[6.07696,46.46744],[6.07348,46.46577],[6.07291,46.46477]]]},"properties":{"bfs_nr":5727,"name":"Saint-Cergue"}},{"type":"Feature","geometry":{"type":"Polygon","coordinates":[[[6.19007,46.38621],[6.19259,46.38427],[6.1947,46.38435],[6.19847,46.38806],[6.19865,46.3882],[6.19887,46.38831],[6.19911,46.38839],[6.19938,46.38843],[6.19965,46.38844],[6.19992,46.3884],[6.20016,46.38833],[6.2034,46.3871],[6.2039,46.38706],[6.20461,46.38726],[6.20493,46.38752],[6.20506,46.38773],[6.20552,46.38874],[6.20568,46.38902],[6.2058,46.38917],[6.20596,46.38931],[6.20661,46.38956],[6.20735,46.38952],[6.20904,46.38892],[6.21132,46.38706],[6.21345,46.38713],[6.21644,46.39006],[6.21621,46.39132],[6.21397,46.39213],[6.21345,46.39236],[6.21333,46.39242],[6.21283,46.39271],[6.21213,46.39322],[6.21077,46.3943],[6.21053,46.39476],[6.2106,46.39527],[6.21066,46.39553],[6.21114,46.39657],[6.21378,46.39976],[6.21199,46.40151],[6.20703,46.40156],[6.20624,46.40117],[6.20536,46.40029],[6.20494,46.39972],[6.20455,46.3995],[6.20143,46.39861],[6.19664,46.39329],[6.19477,46.39085],[6.19187,46.38892],[6.18984,46.38791],[6.1896,46.38776],[6.18933,46.38744],[6.18942,46.38673],[6.19007,46.38621]]]},"properties":{"bfs_nr":5728,"name":"Signy-Avenex"}},{"type":"Feature","geometry":{"type":"Polygon","coordinates":[[[6.14354,46.31525],[6.14349,46.31505],[6.14352,46.3148],[6.14362,46.31448],[6.14371,46.31412],[6.14373,46.31401],[6.14373,46.31389],[6.14373,46.31382],[6.14372,46.31365],[6.14372,46.3136],[6.14366,46.31318],[6.14365,46.31296],[6.14436,46.31223],[6.14922,46.31043],[6.1501,46.31033],[6.15043,46.3104],[6.15059,46.31044],[6.15091,46.31051],[6.1512,46.31055],[6.15163,46.31056],[6.15199,46.31055],[6.15267,46.31047],[6.15296,46.3105],[6.15329,46.31058],[6.15363,46.31073],[6.15379,46.31079],[6.15456,46.31104],[6.15484,46.31111],[6.15514,46.31112],[6.15548,46.31112],[6.15615,46.31104],[6.15667,46.31106],[6.15733,46.311],[6.15832,46.31108],[6.15879,46.31097],[6.16112,46.31014],[6.16366,46.30853],[6.16752,46.30832],[6.16917,46.30912],[6.17129,46.30923],[6.17202,46.30895],[6.17252,46.3085],[6.17269,46.30837],[6.17284,46.30822],[6.17299,46.30788],[6.17307,46.30742],[6.17343,46.30682],[6.17382,46.30657],[6.17439,46.30643],[6.17586,46.30633],[6.17667,46.30601],[6.17711,46.30592],[6.1778,46.30593],[6.17805,46.3059],[6.17881,46.3057],[6.17921,46.30554],[6.18203,46.30444],[6.20581,46.29579],[6.20765,46.29619],[6.21104,46.30066],[6.21106,46.30155],[6.21073,46.30182],[6.21047,46.30194],[6.18697,46.31049],[6.1862,46.31077],[6.18584,46.31091],[6.1856,46.31102],[6.18538,46.31119],[6.18522,46.31136],[6.18493,46.31175],[6.1812,46.3133],[6.17842,46.31292],[6.17817,46.31297],[6.17738,46.31322],[6.17707,46.31329],[6.17658,46.31335],[6.17443,46.31383],[6.17413,46.3139],[6.17383,46.31394],[6.17358,46.31394],[6.17311,46.31384],[6.17169,46.31275],[6.16977,46.31305],[6.167,46.31305],[6.16659,46.31286],[6.16621,46.31259],[6.16598,46.31249],[6.16572,46.31243],[6.16546,46.31241],[6.16493,46.31248],[6.16384,46.31277],[6.16377,46.3128],[6.16319,46.31298],[6.16313,46.313],[6.16267,46.31316],[6.16113,46.31374],[6.15936,46.31473],[6.15751,46.31451],[6.15698,46.3144],[6.1562,46.31429],[6.15541,46.31412],[6.15525,46.31409],[6.15493,46.31405],[6.1547,46.31404],[6.15439,46.31404],[6.15417,46.31405],[6.15404,46.31407],[6.15381,46.31411],[6.15335,46.31424],[6.15218,46.31471],[6.15157,46.31493],[6.15049,46.31525],[6.15048,46.31526],[6.14909,46.31567],[6.14903,46.31568],[6.14808,46.31594],[6.14715,46.3162],[6.14547,46.31684],[6.14445,46.31683],[6.14402,46.31661],[6.14376,46.3163],[6.14354,46.31525]]]},"properties":{"bfs_nr":5729,"name":"Tannay"}},{"type":"Feature","geometry":{"type":"Polygon","coordinates":[[[6.17381,46.43237],[6.17203,46.43086],[6.17185,46.43067],[6.17176,46.4305],[6.17173,46.43031],[6.17279,46.4294],[6.17472,46.42936],[6.17495,46.42934],[6.17517,46.4293],[6.17537,46.42922],[6.17556,46.42913],[6.17629,46.42867],[6.17655,46.42846],[6.17719,46.42773],[6.17746,46.4275],[6.17783,46.42725],[6.17864,46.4268],[6.1788,46.42667],[6.17905,46.42644],[6.17913,46.42637],[6.17944,46.42609],[6.17959,46.42591],[6.17968,46.42571],[6.17976,46.42541],[6.17976,46.4254],[6.17986,46.425],[6.17997,46.42461],[6.18021,46.42357],[6.18041,46.42232],[6.18063,46.42201],[6.181,46.42179],[6.18133,46.42168],[6.18147,46.42162],[6.1818,46.42147],[6.18201,46.42134],[6.18214,46.42124],[6.18222,46.42118],[6.18249,46.42094],[6.18258,46.42085],[6.18324,46.42009],[6.18393,46.41936],[6.18401,46.41926],[6.18458,46.41847],[6.18651,46.41614],[6.18814,46.41424],[6.18917,46.41324],[6.18944,46.41276],[6.19146,46.41115],[6.19294,46.4102],[6.19385,46.40965],[6.19437,46.40933],[6.19678,46.40793],[6.1981,46.40713],[6.19904,46.40648],[6.19999,46.40572],[6.20054,46.40525],[6.20078,46.40506],[6.20099,46.40495],[6.20123,46.40487],[6.20148,46.40483],[6.20174,46.40482],[6.202,46.40485],[6.20302,46.40519],[6.20325,46.40525],[6.20349,46.40528],[6.20374,46.40528],[6.20398,46.40525],[6.20421,46.40519],[6.20484,46.40468],[6.20639,46.40321],[6.20929,46.40374],[6.2102,46.40431],[6.21043,46.40513],[6.21099,46.40551],[6.21379,46.40653],[6.21669,46.40827],[6.21876,46.40981],[6.21906,46.41015],[6.21914,46.41049],[6.21902,46.41083],[6.21889,46.41098],[6.21868,46.41115],[6.21824,46.41143],[6.21795,46.41171],[6.21702,46.41351],[6.21719,46.4142],[6.21781,46.41486],[6.21802,46.41523],[6.21802,46.41557],[6.21782,46.41589],[6.21746,46.41614],[6.21379,46.41704],[6.21269,46.41825],[6.21053,46.41888],[6.20937,46.41954],[6.20893,46.42014],[6.20855,46.42053],[6.20794,46.42089],[6.20769,46.42105],[6.20712,46.42132],[6.20622,46.42262],[6.20515,46.42361],[6.20443,46.42451],[6.20409,46.42471],[6.20345,46.42497],[6.20236,46.42563],[6.2012,46.42665],[6.19766,46.42819],[6.19733,46.42825],[6.19693,46.42828],[6.19628,46.42837],[6.19599,46.42837],[6.19533,46.42829],[6.19439,46.4283],[6.19374,46.4284],[6.18805,46.43026],[6.18487,46.4331],[6.18355,46.43371],[6.18265,46.43461],[6.18222,46.43481],[6.18197,46.43486],[6.1816,46.43489],[6.18103,46.43499],[6.18081,46.43507],[6.17925,46.43608],[6.17834,46.43677],[6.1771,46.43672],[6.17608,46.43546],[6.1752,46.43416],[6.17408,46.43262],[6.17381,46.43237]]]},"properties":{"bfs_nr":5730,"name":"Tr\u00e9lex"}},{"type":"Feature","geometry":{"type":"Polygon","coordinates":[[[6.2492,46.47726],[6.24917,46.47802],[6.24909,46.47807],[6.24929,46.47824],[6.24935,46.47836],[6.24944,46.47846],[6.24946,46.4785],[6.24948,46.47855],[6.24895,46.4797],[6.24881,46.47991],[6.24839,46.48016],[6.24515,46.48106],[6.24494,46.481],[6.24485,46.48096],[6.24454,46.48093],[6.24323,46.48091],[6.24267,46.48104],[6.24246,46.48116],[6.24246,46.48124],[6.24209,46.48141],[6.24199,46.48148],[6.24197,46.4815],[6.24194,46.48156],[6.24024,46.48247],[6.23761,46.48261],[6.23758,46.48261],[6.23756,46.48259],[6.23752,46.48257],[6.23639,46.48246],[6.23606,46.48246],[6.23591,46.48248],[6.2359,46.48249],[6.23588,46.48251],[6.23555,46.48247],[6.23504,46.48237],[6.2338,46.48195],[6.23378,46.4819],[6.23376,46.48188],[6.23358,46.48181],[6.23342,46.48177],[6.23335,46.48176],[6.23332,46.48175],[6.23293,46.48159],[6.23291,46.48156],[6.23288,46.48154],[6.2328,46.48151],[6.23268,46.48144],[6.23199,46.48106],[6.23103,46.48067],[6.22996,46.48055],[6.22934,46.48069],[6.22826,46.48095],[6.22784,46.48113],[6.22669,46.4816],[6.21891,46.48338],[6.21597,46.48371],[6.21291,46.48719],[6.20972,46.49215],[6.20935,46.49257],[6.20694,46.49528],[6.20568,46.49669],[6.20373,46.49888],[6.20089,46.49507],[6.20096,46.49484],[6.20146,46.49447],[6.20231,46.49385],[6.20268,46.49358],[6.20345,46.49301],[6.20377,46.49279],[6.20386,46.49273],[6.20453,46.49208],[6.20523,46.49141],[6.2057,46.49093],[6.20647,46.49123],[6.20699,46.49079],[6.20743,46.4904],[6.20803,46.48983],[6.20876,46.48914],[6.21005,46.48797],[6.21063,46.48749],[6.21099,46.48721],[6.21154,46.48677],[6.21192,46.48631],[6.21241,46.4858],[6.21291,46.48529],[6.21417,46.48441],[6.21472,46.48382],[6.21525,46.48344],[6.21565,46.48306],[6.21637,46.48242],[6.21736,46.48154],[6.21762,46.48131],[6.21835,46.48062],[6.22014,46.47915],[6.22265,46.47849],[6.22343,46.47909],[6.22358,46.4792],[6.2254,46.47858],[6.22535,46.47847],[6.22531,46.47822],[6.22528,46.47797],[6.22524,46.47763],[6.22514,46.47649],[6.2256,46.47643],[6.22582,46.47637],[6.22588,46.47635],[6.22598,46.47633],[6.22603,46.47633],[6.22649,46.47615],[6.22799,46.47516],[6.22814,46.47512],[6.2282,46.47505],[6.2282,46.47497],[6.22821,46.47496],[6.22858,46.47481],[6.22868,46.47482],[6.22908,46.47464],[6.2291,46.47459],[6.22912,46.47456],[6.22919,46.47453],[6.22925,46.47448],[6.22933,46.47443],[6.22942,46.47438],[6.22952,46.47431],[6.22957,46.47427],[6.22964,46.47422],[6.22968,46.47418],[6.22974,46.47413],[6.22983,46.47405],[6.2299,46.47404],[6.2301,46.47393],[6.23023,46.47386],[6.23042,46.47378],[6.23065,46.4737],[6.2308,46.47369],[6.23089,46.47367],[6.23098,46.47365],[6.23125,46.47361],[6.23161,46.47356],[6.23166,46.47356],[6.23201,46.47355],[6.23215,46.47337],[6.23223,46.47332],[6.2323,46.47329],[6.23237,46.4733],[6.23256,46.47326],[6.23282,46.47315],[6.23284,46.47312],[6.2329,46.47308],[6.23297,46.47301],[6.23313,46.47295],[6.23319,46.47294],[6.23324,46.47293],[6.23334,46.47292],[6.23337,46.47288],[6.23348,46.47283],[6.23358,46.4728],[6.23392,46.47277],[6.23413,46.47277],[6.2342,46.47279],[6.23497,46.47275],[6.2355,46.47252],[6.2366,46.47148],[6.2368,46.47119],[6.23678,46.471],[6.23675,46.47097],[6.23675,46.47096],[6.23677,46.47094],[6.23682,46.47092],[6.23684,46.47089],[6.23683,46.47087],[6.23679,46.47085],[6.23679,46.47084],[6.23676,46.47083],[6.23675,46.47069],[6.23688,46.47029],[6.2372,46.4701],[6.23725,46.47008],[6.23727,46.47008],[6.23732,46.47008],[6.23749,46.47002],[6.2377,46.47],[6.23865,46.46942],[6.241,46.46685],[6.24093,46.4668],[6.24091,46.46676],[6.2409,46.4667],[6.24091,46.46667],[6.24097,46.46656],[6.24098,46.46651],[6.24093,46.46644],[6.24093,46.46643],[6.24092,46.46642],[6.24091,46.46639],[6.24101,46.46616],[6.24186,46.46447],[6.24267,46.46364],[6.24335,46.46328],[6.24339,46.46328],[6.24343,46.46328],[6.2437,46.46321],[6.24379,46.46317],[6.24384,46.46315],[6.24389,46.46315],[6.24398,46.46312],[6.2441,46.4631],[6.24439,46.46301],[6.24466,46.46288],[6.24496,46.46284],[6.2455,46.46246],[6.24554,46.46241],[6.24559,46.4623],[6.24564,46.46223],[6.24593,46.46215],[6.24599,46.46214],[6.24603,46.46217],[6.24629,46.46219],[6.24642,46.46215],[6.24653,46.46227],[6.2469,46.46216],[6.24803,46.4609],[6.24853,46.46145],[6.24852,46.46173],[6.2487,46.46196],[6.24884,46.46222],[6.24886,46.46224],[6.2489,46.46229],[6.2489,46.46236],[6.24889,46.46242],[6.24891,46.4625],[6.24903,46.46258],[6.24909,46.46266],[6.24912,46.46269],[6.24922,46.46289],[6.24915,46.46337],[6.24912,46.46345],[6.24908,46.46351],[6.24903,46.46357],[6.24891,46.4638],[6.2488,46.46408],[6.24904,46.46612],[6.24796,46.46819],[6.24784,46.46851],[6.2479,46.46917],[6.24809,46.46937],[6.24816,46.46942],[6.24825,46.46947],[6.24835,46.4696],[6.24841,46.46987],[6.2484,46.4699],[6.24836,46.46994],[6.24831,46.47001],[6.24827,46.47018],[6.24832,46.47033],[6.24835,46.47037],[6.24836,46.47039],[6.24828,46.47058],[6.24826,46.4706],[6.24822,46.47064],[6.24815,46.47073],[6.24815,46.47078],[6.24813,46.47084],[6.24806,46.47089],[6.248,46.47093],[6.24799,46.47119],[6.24782,46.47153],[6.24828,46.47293],[6.24849,46.47313],[6.24868,46.47325],[6.24877,46.47329],[6.24887,46.47341],[6.24937,46.47465],[6.24923,46.475],[6.24911,46.47505],[6.24894,46.47508],[6.2492,46.47726]]]},"properties":{"bfs_nr":5731,"name":"Le Vaud"}},{"type":"Feature","geometry":{"type":"Polygon","coordinates":[[[6.2416,46.43308],[6.24279,46.4319],[6.2428,46.43137],[6.24291,46.43112],[6.24334,46.43049],[6.24353,46.43003],[6.24378,46.42983],[6.24538,46.42903],[6.24549,46.42898],[6.24585,46.42882],[6.24608,46.42866],[6.24913,46.42588],[6.24903,46.42521],[6.24896,46.42487],[6.24902,46.4246],[6.2491,46.42438],[6.24914,46.4242],[6.24912,46.42399],[6.24904,46.42388],[6.24896,46.42379],[6.24862,46.42357],[6.24895,46.42358],[6.24922,46.42347],[6.2494,46.42336],[6.25059,46.4225],[6.2512,46.42252],[6.25146,46.41931],[6.25148,46.41837],[6.25139,46.41777],[6.25004,46.41756],[6.25046,46.41644],[6.25054,46.41569],[6.25258,46.41578],[6.25293,46.41548],[6.25281,46.41534],[6.25282,46.41523],[6.25294,46.41501],[6.25318,46.4149],[6.25336,46.41496],[6.25331,46.41499],[6.25328,46.41506],[6.25336,46.41513],[6.25404,46.415],[6.25595,46.41506],[6.25539,46.41414],[6.25538,46.41399],[6.25543,46.4135],[6.25554,46.41351],[6.25611,46.41355],[6.25664,46.41369],[6.25734,46.41412],[6.25769,46.41431],[6.25813,46.41455],[6.25851,46.41486],[6.25873,46.4151],[6.25884,46.41523],[6.25893,46.41548],[6.25903,46.41615],[6.25899,46.41632],[6.25854,46.41718],[6.25807,46.41798],[6.25791,46.41822],[6.25766,46.41856],[6.2576,46.41856],[6.25708,46.41816],[6.25667,46.41809],[6.25621,46.41839],[6.25565,46.42155],[6.2557,46.42156],[6.25561,46.42203],[6.25551,46.4222],[6.25525,46.42249],[6.25503,46.42269],[6.2548,46.42301],[6.25545,46.4233],[6.25618,46.42362],[6.25651,46.42514],[6.25646,46.42518],[6.25596,46.42546],[6.25577,46.4256],[6.25553,46.42573],[6.25533,46.4258],[6.25555,46.42607],[6.2559,46.4263],[6.25666,46.42674],[6.25643,46.42746],[6.25606,46.42765],[6.25563,46.42793],[6.25601,46.42815],[6.25681,46.42867],[6.25728,46.429],[6.25642,46.42975],[6.25509,46.43075],[6.25505,46.4308],[6.25276,46.43388],[6.24853,46.43264],[6.24737,46.43231],[6.24655,46.43163],[6.24585,46.43223],[6.2463,46.4325],[6.24656,46.43321],[6.24656,46.43332],[6.24657,46.4334],[6.24659,46.43347],[6.24659,46.43358],[6.2464,46.43372],[6.24599,46.43377],[6.24584,46.43377],[6.24575,46.43376],[6.24573,46.43373],[6.24548,46.43376],[6.24389,46.43501],[6.24392,46.43599],[6.24394,46.43609],[6.24405,46.43631],[6.24396,46.43646],[6.24373,46.43658],[6.24366,46.43661],[6.24356,46.43665],[6.24332,46.43678],[6.24262,46.43767],[6.24258,46.43801],[6.2428,46.43816],[6.24287,46.43821],[6.24291,46.43825],[6.24293,46.43829],[6.24295,46.43844],[6.24188,46.44045],[6.2418,46.44057],[6.24167,46.44071],[6.24163,46.44074],[6.24149,46.44086],[6.24144,46.44099],[6.24135,46.44116],[6.24123,46.44126],[6.24112,46.44131],[6.2409,46.44144],[6.24049,46.44183],[6.23962,46.44221],[6.23874,46.44308],[6.23867,46.44319],[6.23866,46.44327],[6.23852,46.44342],[6.23813,46.44356],[6.23806,46.44358],[6.23801,46.44358],[6.23752,46.44371],[6.23699,46.444],[6.23522,46.4441],[6.23369,46.44467],[6.23349,46.44498],[6.23357,46.44514],[6.23341,46.44539],[6.23337,46.44546],[6.23333,46.44553],[6.23328,46.44557],[6.23329,46.44562],[6.23314,46.44567],[6.23308,46.44566],[6.23305,46.44565],[6.23288,46.44561],[6.23253,46.44587],[6.23238,46.44622],[6.23235,46.44641],[6.23219,46.44636],[6.23208,46.44587],[6.23201,46.44586],[6.23201,46.44581],[6.23198,46.4455],[6.23196,46.44519],[6.23194,46.44481],[6.23185,46.44422],[6.23197,46.44387],[6.23236,46.44378],[6.23329,46.44353],[6.23409,46.44329],[6.23475,46.44305],[6.23532,46.44283],[6.2362,46.44233],[6.2366,46.44206],[6.23757,46.4415],[6.23855,46.44094],[6.23884,46.44069],[6.23914,46.44029],[6.23945,46.43975],[6.23965,46.43897],[6.24022,46.43849],[6.24036,46.43827],[6.24048,46.43761],[6.24056,46.43745],[6.24079,46.43713],[6.24153,46.43652],[6.24179,46.43613],[6.24112,46.43419],[6.2416,46.43308]]]},"properties":{"bfs_nr":5732,"name":"Vich"}},{"type":"Feature","geometry":{"type":"Polygon","coordinates":[[[6.44701,46.76141],[6.45255,46.76133],[6.45278,46.76131],[6.453,46.76126],[6.45321,46.76119],[6.46351,46.75687],[6.46372,46.75676],[6.46441,46.75632],[6.46458,46.75619],[6.46889,46.75244],[6.47134,46.75129],[6.47211,46.74972],[6.47461,46.74869],[6.47542,46.74789],[6.47522,46.74643],[6.47656,46.74577],[6.48111,46.74638],[6.48139,46.74639],[6.48239,46.74628],[6.48492,46.74622],[6.48536,46.74605],[6.48619,46.74496],[6.48663,46.74476],[6.48768,46.74456],[6.49068,46.74426],[6.49171,46.74468],[6.49231,46.74576],[6.49374,46.74771],[6.49505,46.7489],[6.49448,46.75079],[6.4946,46.75212],[6.4955,46.75278],[6.49816,46.75662],[6.49983,46.75793],[6.49897,46.75912],[6.49397,46.7608],[6.49376,46.76089],[6.49343,46.76113],[6.49315,46.76147],[6.49298,46.76159],[6.49256,46.76176],[6.49144,46.76178],[6.49075,46.76198],[6.48988,46.76276],[6.48845,46.76325],[6.48777,46.76346],[6.48773,46.76347],[6.48727,46.76361],[6.48726,46.76361],[6.48672,46.76379],[6.4867,46.76379],[6.48593,46.76403],[6.48515,46.76429],[6.48513,46.76429],[6.48424,46.76457],[6.48423,46.76458],[6.48266,46.76506],[6.48262,46.76508],[6.48232,46.76515],[6.48206,46.76517],[6.48107,46.7649],[6.47869,46.76327],[6.47464,46.76171],[6.47416,46.76157],[6.47363,46.76157],[6.47338,46.76163],[6.47315,46.76172],[6.47295,46.76183],[6.47239,46.76224],[6.46959,46.76443],[6.46935,46.76471],[6.46923,46.7651],[6.46909,46.76532],[6.46884,46.76563],[6.4688,46.76567],[6.46826,46.76629],[6.46807,46.76646],[6.46789,46.76658],[6.46769,46.76666],[6.46673,46.76672],[6.46645,46.76664],[6.46525,46.76622],[6.46518,46.7662],[6.46382,46.76568],[6.4638,46.76567],[6.463,46.76537],[6.46287,46.76533],[6.46196,46.76508],[6.46192,46.76507],[6.46075,46.76477],[6.46052,46.76472],[6.45953,46.76455],[6.45859,46.76449],[6.45827,46.76444],[6.45796,46.76436],[6.45761,46.76422],[6.45737,46.76412],[6.45656,46.7637],[6.45596,46.7635],[6.45381,46.76349],[6.45357,46.76352],[6.45333,46.76359],[6.45313,46.76369],[6.45295,46.76381],[6.4528,46.76393],[6.45265,46.76409],[6.45238,46.76445],[6.45233,46.76452],[6.45231,46.76455],[6.45224,46.76472],[6.45223,46.76506],[6.4523,46.76522],[6.45284,46.76617],[6.45297,46.76634],[6.45314,46.76649],[6.45431,46.76734],[6.45289,46.77025],[6.4528,46.77049],[6.45243,46.77297],[6.45115,46.77382],[6.44867,46.77312],[6.44011,46.76772],[6.44,46.7664],[6.44138,46.76531],[6.44203,46.76481],[6.44351,46.76364],[6.44352,46.76363],[6.44595,46.76175],[6.44619,46.7616],[6.44701,46.76141]]]},"properties":{"bfs_nr":5741,"name":"L'Abergement"}},{"type":"Feature","geometry":{"type":"Polygon","coordinates":[[[6.48586,46.72107],[6.48747,46.71949],[6.48817,46.71884],[6.48845,46.71856],[6.48859,46.71839],[6.48894,46.7173],[6.4913,46.71676],[6.4919,46.71569],[6.49152,46.71528],[6.4914,46.71515],[6.4913,46.71496],[6.49122,46.71474],[6.49117,46.71452],[6.49124,46.71418],[6.49135,46.71402],[6.49152,46.71386],[6.49193,46.71365],[6.49223,46.71357],[6.4933,46.71338],[6.49332,46.71337],[6.49495,46.71309],[6.49531,46.71306],[6.49593,46.71313],[6.4967,46.71309],[6.49782,46.7129],[6.49829,46.71275],[6.49863,46.71248],[6.4988,46.71215],[6.49918,46.71098],[6.50174,46.71012],[6.50426,46.70992],[6.50574,46.70882],[6.5083,46.70913],[6.50875,46.70901],[6.50967,46.70865],[6.51,46.70856],[6.51057,46.70847],[6.51101,46.70826],[6.5113,46.70795],[6.51138,46.70758],[6.51121,46.70548],[6.51119,46.70524],[6.51121,46.70503],[6.51152,46.70456],[6.5124,46.70426],[6.5129,46.7043],[6.51372,46.70464],[6.5139,46.70471],[6.51417,46.70478],[6.5144,46.70483],[6.51478,46.70489],[6.51523,46.70493],[6.5158,46.70496],[6.5164,46.70497],[6.5186,46.7068],[6.52182,46.70703],[6.52171,46.70866],[6.52358,46.71287],[6.52369,46.71325],[6.52448,46.71753],[6.5239,46.71925],[6.52403,46.72009],[6.52529,46.72201],[6.52492,46.72598],[6.52328,46.72635],[6.52213,46.7273],[6.52052,46.72761],[6.51995,46.72735],[6.51917,46.72709],[6.51861,46.72691],[6.51831,46.7268],[6.51807,46.72672],[6.51781,46.72668],[6.51757,46.72667],[6.5173,46.72662],[6.51709,46.72654],[6.51689,46.72645],[6.51666,46.72628],[6.51639,46.72613],[6.5161,46.72603],[6.51556,46.72598],[6.5153,46.72601],[6.51506,46.72607],[6.51484,46.72616],[6.51466,46.72627],[6.51425,46.72658],[6.51407,46.72667],[6.514,46.7267],[6.5137,46.72681],[6.51346,46.72688],[6.51327,46.72695],[6.51295,46.72704],[6.51066,46.72704],[6.50917,46.72725],[6.50843,46.72719],[6.50763,46.72699],[6.50743,46.72695],[6.50678,46.72688],[6.50651,46.7268],[6.5059,46.72652],[6.50469,46.72619],[6.50316,46.72652],[6.50263,46.72686],[6.50214,46.72704],[6.50182,46.72708],[6.50173,46.72708],[6.50155,46.72708],[6.50126,46.72708],[6.50088,46.72705],[6.50062,46.727],[6.50038,46.72693],[6.49983,46.72672],[6.49937,46.72665],[6.49914,46.72666],[6.49812,46.72685],[6.49738,46.72708],[6.49494,46.7284],[6.49373,46.72857],[6.49263,46.72822],[6.49162,46.7281],[6.48979,46.72809],[6.48901,46.72764],[6.4871,46.72464],[6.48686,46.72367],[6.48559,46.72164],[6.48586,46.72107]]]},"properties":{"bfs_nr":5742,"name":"Agiez"}},{"type":"Feature","geometry":{"type":"Polygon","coordinates":[[[6.48885,46.6723],[6.49235,46.6705],[6.49767,46.66964],[6.49866,46.66989],[6.50163,46.6731],[6.50247,46.6735],[6.50298,46.67351],[6.50323,46.67346],[6.50346,46.67337],[6.50367,46.67326],[6.50451,46.67272],[6.50496,46.67259],[6.50521,46.67257],[6.50569,46.67263],[6.50611,46.67281],[6.5064,46.67308],[6.5065,46.67329],[6.50693,46.67443],[6.5067,46.67555],[6.5077,46.67756],[6.50848,46.6781],[6.50957,46.67811],[6.5105,46.67828],[6.51066,46.67831],[6.51106,46.67835],[6.51182,46.6784],[6.5134,46.67843],[6.51414,46.67857],[6.51426,46.67859],[6.51462,46.67868],[6.5166,46.67949],[6.5177,46.68125],[6.51833,46.68207],[6.51857,46.68229],[6.5191,46.6827],[6.52008,46.68334],[6.52052,46.68384],[6.52084,46.68423],[6.52098,46.68442],[6.5212,46.6847],[6.52146,46.68497],[6.52159,46.68514],[6.52171,46.68528],[6.52174,46.68532],[6.52178,46.68539],[6.52186,46.68551],[6.52187,46.68552],[6.52189,46.68556],[6.52193,46.68562],[6.52227,46.6861],[6.52308,46.68706],[6.52324,46.68719],[6.52364,46.68737],[6.52387,46.68743],[6.52411,46.68745],[6.52459,46.6874],[6.52516,46.68722],[6.52565,46.68713],[6.52675,46.68705],[6.52711,46.68706],[6.52921,46.68783],[6.53007,46.68827],[6.53018,46.68832],[6.53058,46.68848],[6.53068,46.68852],[6.53111,46.68866],[6.5313,46.68871],[6.53293,46.68893],[6.53478,46.68878],[6.53531,46.6887],[6.53654,46.68858],[6.53687,46.68857],[6.53737,46.68867],[6.53759,46.68876],[6.53809,46.68943],[6.53836,46.69067],[6.53987,46.69111],[6.54729,46.68973],[6.54807,46.68973],[6.54891,46.6903],[6.54897,46.69046],[6.54899,46.69067],[6.5488,46.69332],[6.54867,46.69519],[6.54863,46.69539],[6.54844,46.69569],[6.54761,46.69607],[6.53676,46.69785],[6.53628,46.69799],[6.53608,46.69811],[6.5358,46.69842],[6.5354,46.69954],[6.53501,46.69975],[6.53472,46.69982],[6.53284,46.7002],[6.53215,46.70052],[6.5314,46.70144],[6.53114,46.70169],[6.53057,46.70211],[6.53056,46.70212],[6.52937,46.70298],[6.52931,46.70303],[6.5291,46.70316],[6.52907,46.70318],[6.52878,46.70339],[6.52877,46.7034],[6.52762,46.70422],[6.52554,46.70575],[6.52374,46.70631],[6.51918,46.70679],[6.51726,46.70535],[6.5164,46.70497],[6.51577,46.70496],[6.51526,46.70493],[6.51476,46.70488],[6.51446,46.70484],[6.51411,46.70477],[6.51406,46.70475],[6.51366,46.7046],[6.51346,46.7045],[6.51264,46.70417],[6.51181,46.7036],[6.51135,46.70311],[6.51118,46.70289],[6.51115,46.70286],[6.511,46.70266],[6.51095,46.70258],[6.51089,46.70249],[6.51084,46.70238],[6.51046,46.70154],[6.51019,46.70098],[6.50987,46.70016],[6.50963,46.69976],[6.50892,46.69909],[6.50866,46.69892],[6.50774,46.69845],[6.50764,46.6984],[6.50745,46.69832],[6.50714,46.69822],[6.50645,46.69803],[6.50606,46.69784],[6.50504,46.69757],[6.50427,46.69614],[6.50401,46.69586],[6.50361,46.69566],[6.50287,46.69557],[6.50261,46.69552],[6.50231,46.69542],[6.50221,46.69538],[6.50187,46.6952],[6.5017,46.69511],[6.50136,46.69489],[6.50098,46.69452],[6.501,46.69358],[6.50162,46.69306],[6.50264,46.69274],[6.503,46.6923],[6.50302,46.69197],[6.50278,46.69124],[6.50253,46.69094],[6.50218,46.69073],[6.50199,46.69058],[6.50144,46.69008],[6.50136,46.69],[6.50118,46.6898],[6.50092,46.6895],[6.50084,46.68939],[6.50074,46.68925],[6.50055,46.68889],[6.50027,46.68769],[6.49958,46.68589],[6.49971,46.6851],[6.49966,46.68434],[6.49937,46.68352],[6.49913,46.6829],[6.50014,46.68167],[6.50023,46.68131],[6.49997,46.68047],[6.49951,46.67821],[6.49799,46.67753],[6.49717,46.67789],[6.49642,46.67853],[6.49546,46.67859],[6.49437,46.67801],[6.49394,46.67787],[6.49271,46.67789],[6.49246,46.67788],[6.49217,46.67782],[6.49074,46.67742],[6.49048,46.67733],[6.49014,46.67711],[6.49001,46.67698],[6.4899,46.67679],[6.48988,46.67672],[6.48987,46.6767],[6.48966,46.67616],[6.48965,46.67614],[6.48942,46.67563],[6.48935,46.67542],[6.48918,46.67452],[6.48916,46.67443],[6.48898,46.6739],[6.48892,46.67378],[6.48879,46.67355],[6.48877,46.67351],[6.48864,46.67331],[6.48854,46.67311],[6.48885,46.6723]]]},"properties":{"bfs_nr":5743,"name":"Arnex-sur-Orbe"}},{"type":"Feature","geometry":{"type":"Polygon","coordinates":[[[6.38621,46.7318],[6.38681,46.7312],[6.38879,46.73055],[6.39003,46.73044],[6.39027,46.73038],[6.39048,46.7303],[6.39067,46.73019],[6.39098,46.72992],[6.39142,46.7295],[6.39193,46.72898],[6.39205,46.72882],[6.39223,46.72852],[6.39229,46.7284],[6.39293,46.72688],[6.39496,46.72444],[6.39646,46.72369],[6.39725,46.72264],[6.39768,46.72245],[6.3987,46.72225],[6.39894,46.72221],[6.39918,46.72221],[6.39958,46.72225],[6.39975,46.72226],[6.40006,46.72226],[6.40038,46.72228],[6.40046,46.72229],[6.40098,46.72234],[6.40141,46.72236],[6.40264,46.72275],[6.40314,46.72281],[6.4034,46.72279],[6.40364,46.72273],[6.40403,46.72262],[6.40415,46.72258],[6.40451,46.72244],[6.40454,46.72243],[6.40468,46.72237],[6.40489,46.72226],[6.40602,46.7207],[6.40675,46.72015],[6.40703,46.7198],[6.40737,46.71916],[6.40773,46.7189],[6.4082,46.71876],[6.40902,46.71875],[6.40931,46.71878],[6.40996,46.7189],[6.40997,46.71891],[6.411,46.71909],[6.41115,46.71911],[6.41138,46.71913],[6.41148,46.71915],[6.41243,46.71927],[6.41246,46.71927],[6.41367,46.71945],[6.41434,46.71953],[6.41468,46.71963],[6.41561,46.71999],[6.41623,46.72017],[6.41904,46.72173],[6.42127,46.72151],[6.42175,46.72178],[6.42215,46.72193],[6.42238,46.72205],[6.42263,46.72222],[6.42284,46.72235],[6.4231,46.72243],[6.42337,46.72248],[6.42365,46.72249],[6.42432,46.72245],[6.42529,46.72258],[6.42565,46.72267],[6.42606,46.7228],[6.4263,46.72289],[6.42655,46.723],[6.42676,46.72311],[6.42714,46.72333],[6.42716,46.72334],[6.42759,46.7236],[6.42773,46.72368],[6.42794,46.72377],[6.42827,46.72388],[6.43056,46.72411],[6.43073,46.72427],[6.43127,46.72493],[6.43131,46.72499],[6.43165,46.72533],[6.43173,46.72541],[6.43196,46.7256],[6.43202,46.72566],[6.43206,46.72569],[6.4321,46.72574],[6.43218,46.7258],[6.43261,46.72614],[6.43287,46.72629],[6.43373,46.7267],[6.43388,46.72686],[6.43405,46.7271],[6.43442,46.72742],[6.43484,46.72803],[6.4358,46.7288],[6.43589,46.72915],[6.43552,46.73019],[6.43546,46.73038],[6.43544,46.73048],[6.4351,46.73197],[6.435,46.73224],[6.43397,46.73411],[6.4339,46.73423],[6.43364,46.73459],[6.4335,46.73475],[6.43336,46.7349],[6.43279,46.73551],[6.43278,46.73552],[6.43226,46.73606],[6.43223,46.73609],[6.432,46.73634],[6.43194,46.73641],[6.43153,46.73681],[6.43119,46.73722],[6.43058,46.73815],[6.43057,46.73816],[6.43022,46.73867],[6.43008,46.73884],[6.42975,46.73906],[6.4295,46.73916],[6.42945,46.73917],[6.42943,46.73918],[6.42622,46.74016],[6.42551,46.74037],[6.42426,46.74075],[6.42425,46.74075],[6.42263,46.74126],[6.42127,46.74183],[6.42097,46.74211],[6.4203,46.74479],[6.41971,46.74614],[6.41899,46.74698],[6.41869,46.74766],[6.41848,46.74817],[6.41784,46.74903],[6.41775,46.74918],[6.41769,46.74934],[6.41753,46.75015],[6.41747,46.75053],[6.41741,46.75091],[6.41738,46.75121],[6.41726,46.75179],[6.41555,46.75241],[6.40386,46.75012],[6.40145,46.75062],[6.39933,46.74952],[6.39493,46.74826],[6.38908,46.74381],[6.3887,46.74312],[6.39129,46.74098],[6.39185,46.73869],[6.38931,46.73498],[6.38645,46.73287],[6.38621,46.7318]]]},"properties":{"bfs_nr":5744,"name":"Ballaigues"}},{"type":"Feature","geometry":{"type":"Polygon","coordinates":[[[6.44254,46.80828],[6.43948,46.80621],[6.43736,46.80484],[6.43533,46.80219],[6.43569,46.80099],[6.45759,46.78921],[6.45799,46.78812],[6.4517,46.77835],[6.452,46.77596],[6.45279,46.77055],[6.4539,46.7685],[6.4553,46.76791],[6.45639,46.76851],[6.45694,46.76941],[6.45695,46.76942],[6.45753,46.77032],[6.45896,46.77199],[6.45946,46.77238],[6.45993,46.77251],[6.46045,46.7725],[6.46102,46.77241],[6.46113,46.77239],[6.46274,46.77204],[6.46332,46.77199],[6.46382,46.77209],[6.46409,46.77222],[6.4658,46.7732],[6.4668,46.77366],[6.46699,46.77376],[6.46856,46.77468],[6.46899,46.77485],[6.46948,46.7749],[6.46972,46.77488],[6.46996,46.77482],[6.47103,46.77437],[6.472,46.77448],[6.47536,46.77613],[6.47909,46.77522],[6.48293,46.77484],[6.48506,46.77442],[6.48648,46.77418],[6.48878,46.77377],[6.49037,46.77348],[6.49053,46.77344],[6.49224,46.77295],[6.49409,46.77241],[6.49535,46.77202],[6.49734,46.77148],[6.49755,46.77141],[6.50129,46.76984],[6.5049,46.76901],[6.50605,46.7685],[6.50935,46.76772],[6.50965,46.76767],[6.51014,46.76768],[6.51038,46.76774],[6.51078,46.76794],[6.51097,46.7681],[6.51243,46.76966],[6.5125,46.76973],[6.5139,46.77095],[6.51407,46.77107],[6.51427,46.77117],[6.51449,46.77124],[6.51473,46.77128],[6.51521,46.77127],[6.51566,46.77113],[6.51695,46.77057],[6.51745,46.7705],[6.51771,46.77052],[6.51818,46.77066],[6.51838,46.77077],[6.51858,46.77095],[6.51934,46.77163],[6.51981,46.77177],[6.52007,46.77178],[6.52033,46.77177],[6.52058,46.77172],[6.52081,46.77163],[6.52276,46.77073],[6.52403,46.77063],[6.52445,46.77082],[6.52473,46.7711],[6.52484,46.77144],[6.52483,46.77182],[6.52489,46.772],[6.525,46.77217],[6.52517,46.77232],[6.52656,46.77335],[6.52657,46.77336],[6.528,46.77441],[6.52819,46.77452],[6.52841,46.77461],[6.52864,46.77466],[6.52889,46.77469],[6.52938,46.77464],[6.53164,46.77448],[6.53507,46.77611],[6.53515,46.77712],[6.53653,46.77836],[6.53767,46.77862],[6.53875,46.77932],[6.53922,46.77946],[6.54056,46.77947],[6.54289,46.78166],[6.54412,46.78238],[6.54445,46.78289],[6.54494,46.78326],[6.54539,46.78338],[6.54666,46.78337],[6.54917,46.7853],[6.54916,46.78683],[6.54921,46.78721],[6.54931,46.78738],[6.54947,46.78754],[6.54981,46.7878],[6.55,46.78799],[6.55037,46.78906],[6.55101,46.78961],[6.55166,46.79132],[6.54965,46.79357],[6.54918,46.79482],[6.54735,46.79585],[6.54582,46.7959],[6.54521,46.79624],[6.54471,46.79676],[6.54451,46.79715],[6.544,46.79822],[6.54285,46.79859],[6.5414,46.7996],[6.53967,46.80143],[6.53351,46.80274],[6.5319,46.80303],[6.5317,46.80307],[6.53137,46.80317],[6.53134,46.80318],[6.53108,46.80326],[6.53087,46.80335],[6.53068,46.80346],[6.53053,46.80359],[6.53042,46.80374],[6.5297,46.80498],[6.52958,46.80515],[6.52914,46.80567],[6.52875,46.80622],[6.52805,46.80704],[6.52763,46.80724],[6.52731,46.80731],[6.52569,46.80754],[6.52535,46.80757],[6.52502,46.80754],[6.52416,46.80742],[6.5241,46.80741],[6.52273,46.80718],[6.52248,46.80713],[6.5137,46.80477],[6.50129,46.80233],[6.50084,46.8022],[6.49814,46.80113],[6.49371,46.79989],[6.49342,46.79979],[6.49051,46.79857],[6.49031,46.79847],[6.49013,46.79835],[6.48842,46.797],[6.48838,46.79697],[6.48828,46.79688],[6.48808,46.79675],[6.48785,46.79665],[6.48295,46.79494],[6.48292,46.79494],[6.47572,46.79235],[6.47571,46.79234],[6.47257,46.79124],[6.4723,46.79117],[6.47109,46.79096],[6.47108,46.79096],[6.46848,46.79052],[6.46822,46.79049],[6.46796,46.7905],[6.46771,46.79055],[6.46747,46.79063],[6.46726,46.79074],[6.46709,46.79088],[6.46639,46.79154],[6.46391,46.79193],[6.46364,46.79197],[6.46317,46.79217],[6.46299,46.79231],[6.45979,46.79552],[6.4582,46.79724],[6.44989,46.80494],[6.44879,46.80572],[6.44768,46.80741],[6.44503,46.80901],[6.44453,46.80921],[6.44402,46.80926],[6.44353,46.80917],[6.44312,46.80895],[6.44273,46.80844],[6.44254,46.80828]]]},"properties":{"bfs_nr":5745,"name":"Baulmes"}},{"type":"Feature","geometry":{"type":"Polygon","coordinates":[[[6.54861,46.69606],[6.54862,46.6959],[6.5488,46.69332],[6.54881,46.69332],[6.54907,46.68939],[6.54908,46.68937],[6.5494,46.68587],[6.5497,46.68273],[6.54993,46.68024],[6.5507,46.67707],[6.55092,46.67424],[6.55058,46.67159],[6.55211,46.66974],[6.55073,46.66624],[6.55061,46.66567],[6.5509,46.66503],[6.55152,46.66475],[6.55291,46.6646],[6.55572,46.66398],[6.55833,46.66503],[6.56125,46.66513],[6.56226,46.66575],[6.56271,46.66588],[6.56295,46.6659],[6.56343,46.66584],[6.56365,46.66576],[6.56418,46.66547],[6.56714,46.66337],[6.5692,46.66295],[6.57102,46.66116],[6.57301,46.66035],[6.5735,46.66033],[6.57445,46.66051],[6.57469,46.66062],[6.57488,46.66076],[6.57506,46.66097],[6.57529,46.66132],[6.57545,46.66146],[6.57564,46.66158],[6.57587,46.66166],[6.57611,46.66172],[6.57637,46.66174],[6.57722,46.66176],[6.57777,46.66185],[6.57945,46.66225],[6.58061,46.66357],[6.58269,46.66479],[6.58255,46.66758],[6.58353,46.66858],[6.58458,46.67031],[6.58494,46.67118],[6.58498,46.67126],[6.58526,46.67175],[6.58544,46.67198],[6.58552,46.67205],[6.58555,46.67207],[6.58603,46.67248],[6.58625,46.67267],[6.58633,46.67274],[6.58656,46.67291],[6.58658,46.67291],[6.58678,46.67306],[6.58727,46.67336],[6.58759,46.67588],[6.58638,46.67823],[6.58565,46.6809],[6.58327,46.68236],[6.58288,46.68279],[6.58275,46.6831],[6.58264,46.68362],[6.58192,46.68481],[6.58186,46.68497],[6.58186,46.68529],[6.58203,46.68566],[6.58198,46.68621],[6.58149,46.68682],[6.58134,46.68859],[6.57912,46.68976],[6.57811,46.69072],[6.57713,46.69209],[6.57697,46.69227],[6.57676,46.69243],[6.57633,46.69269],[6.57632,46.6927],[6.57551,46.69318],[6.57547,46.69321],[6.57454,46.69382],[6.57406,46.69418],[6.57378,46.69432],[6.57284,46.69466],[6.57081,46.69636],[6.57066,46.6965],[6.57028,46.69693],[6.57012,46.69708],[6.56997,46.69718],[6.56974,46.69729],[6.5695,46.69736],[6.56898,46.69739],[6.56709,46.69671],[6.56432,46.69743],[6.56266,46.69724],[6.55217,46.6992],[6.55185,46.69924],[6.55135,46.69919],[6.55091,46.69902],[6.5506,46.69874],[6.55048,46.69854],[6.5501,46.69756],[6.55001,46.69739],[6.54861,46.69606]]]},"properties":{"bfs_nr":5746,"name":"Bavois"}},{"type":"Feature","geometry":{"type":"Polygon","coordinates":[[[6.47835,46.70508],[6.47837,46.70468],[6.4784,46.70451],[6.47874,46.7033],[6.48219,46.70153],[6.4837,46.69988],[6.48392,46.69953],[6.48406,46.69873],[6.48486,46.69828],[6.48683,46.69836],[6.48807,46.69775],[6.4888,46.69767],[6.48984,46.69762],[6.48988,46.69762],[6.49005,46.69761],[6.49013,46.6976],[6.49054,46.69756],[6.4906,46.69755],[6.49126,46.69746],[6.49131,46.69745],[6.49158,46.6974],[6.49182,46.69735],[6.49203,46.69726],[6.49221,46.69715],[6.49237,46.69702],[6.49248,46.69687],[6.49255,46.69671],[6.49173,46.69439],[6.49232,46.69383],[6.49403,46.69351],[6.49608,46.69354],[6.49796,46.6888],[6.50047,46.68879],[6.50073,46.68923],[6.50085,46.68941],[6.5009,46.68948],[6.50119,46.68981],[6.50122,46.68986],[6.50137,46.69001],[6.50142,46.69006],[6.50217,46.69075],[6.5025,46.69098],[6.50278,46.69129],[6.503,46.69212],[6.50255,46.69275],[6.50171,46.69301],[6.50127,46.69323],[6.501,46.69354],[6.50085,46.6942],[6.50097,46.69455],[6.50128,46.69484],[6.50172,46.69512],[6.50184,46.69519],[6.50223,46.69538],[6.5023,46.69541],[6.50239,46.69546],[6.50259,46.69553],[6.50368,46.69571],[6.50499,46.69756],[6.50611,46.69797],[6.50748,46.69834],[6.50761,46.69839],[6.50777,46.69847],[6.50858,46.69888],[6.50894,46.69911],[6.50981,46.70006],[6.51018,46.70096],[6.51046,46.70154],[6.51073,46.70215],[6.51074,46.70216],[6.51084,46.7024],[6.51088,46.70247],[6.51096,46.70259],[6.51099,46.70265],[6.51103,46.7027],[6.51114,46.70289],[6.51108,46.70371],[6.51121,46.70548],[6.51121,46.70549],[6.51137,46.7075],[6.51117,46.70808],[6.5108,46.70834],[6.50999,46.70855],[6.50977,46.70861],[6.50929,46.7088],[6.509,46.70889],[6.5085,46.70893],[6.50739,46.70888],[6.50672,46.70871],[6.50505,46.70877],[6.5037,46.7096],[6.49951,46.71062],[6.49879,46.71102],[6.49848,46.71253],[6.49814,46.71278],[6.49793,46.71286],[6.49764,46.71293],[6.49694,46.71305],[6.49665,46.71308],[6.49642,46.71308],[6.49539,46.71301],[6.49331,46.71338],[6.4933,46.71338],[6.49214,46.71359],[6.4919,46.71365],[6.49168,46.71374],[6.49149,46.71386],[6.49134,46.714],[6.49123,46.71416],[6.49117,46.71433],[6.49116,46.7145],[6.4912,46.71467],[6.4913,46.71496],[6.49131,46.71498],[6.49144,46.71531],[6.49174,46.71585],[6.49112,46.71676],[6.48855,46.71636],[6.48847,46.71615],[6.48843,46.71599],[6.48838,46.71585],[6.4883,46.71572],[6.48787,46.71516],[6.48779,46.71506],[6.48767,46.71495],[6.48748,46.7148],[6.48726,46.71469],[6.487,46.71461],[6.48673,46.71457],[6.48567,46.71447],[6.48461,46.71416],[6.4843,46.71399],[6.48406,46.71382],[6.48399,46.71376],[6.48395,46.71372],[6.48343,46.71322],[6.48301,46.71284],[6.48287,46.71262],[6.48277,46.71241],[6.48272,46.71226],[6.48266,46.71206],[6.48266,46.71162],[6.48284,46.71122],[6.48279,46.71071],[6.48302,46.70971],[6.48299,46.70948],[6.48287,46.70915],[6.48222,46.70803],[6.4812,46.70656],[6.48085,46.70633],[6.48041,46.70621],[6.47917,46.70599],[6.47856,46.70565],[6.47844,46.70549],[6.47837,46.70531],[6.47835,46.70508]]]},"properties":{"bfs_nr":5747,"name":"Bofflens"}},{"type":"Feature","geometry":{"type":"Polygon","coordinates":[[[6.45099,46.71872],[6.45153,46.71838],[6.45175,46.71811],[6.45196,46.71765],[6.45207,46.71749],[6.45241,46.71723],[6.45264,46.71714],[6.45289,46.71708],[6.45317,46.71705],[6.45448,46.71744],[6.45553,46.71737],[6.45606,46.71704],[6.45621,46.71681],[6.45627,46.71665],[6.45634,46.71621],[6.45618,46.71474],[6.45721,46.7141],[6.45766,46.71348],[6.45799,46.71209],[6.4591,46.71182],[6.45991,46.712],[6.46099,46.71208],[6.46148,46.71206],[6.46193,46.71191],[6.46237,46.71151],[6.46215,46.70917],[6.4614,46.70746],[6.46281,46.70567],[6.46294,46.70551],[6.46302,46.70533],[6.46335,46.70439],[6.46495,46.70176],[6.46553,46.7013],[6.46658,46.70119],[6.46772,46.70147],[6.46986,46.70255],[6.47107,46.70252],[6.47298,46.70196],[6.47331,46.70202],[6.47508,46.70249],[6.47734,46.70279],[6.47857,46.70369],[6.47839,46.70454],[6.47837,46.70465],[6.47835,46.70518],[6.47836,46.70536],[6.47843,46.70553],[6.47889,46.70594],[6.47936,46.70609],[6.48047,46.70623],[6.4809,46.70638],[6.48134,46.70677],[6.48301,46.70968],[6.48284,46.7103],[6.48277,46.71068],[6.48275,46.71127],[6.48261,46.71163],[6.48262,46.71194],[6.48272,46.71229],[6.48276,46.71239],[6.48289,46.71267],[6.48299,46.71282],[6.48395,46.71372],[6.48399,46.71375],[6.4841,46.71385],[6.48426,46.71397],[6.48442,46.71407],[6.48457,46.71415],[6.48477,46.71424],[6.4851,46.71435],[6.48562,46.71447],[6.487,46.71461],[6.48748,46.7148],[6.48771,46.71498],[6.48789,46.71519],[6.48828,46.71569],[6.48838,46.71585],[6.48844,46.71603],[6.48854,46.71645],[6.48856,46.71662],[6.48852,46.71714],[6.48868,46.7181],[6.48856,46.71842],[6.48582,46.72111],[6.48558,46.72164],[6.4857,46.72201],[6.48687,46.72372],[6.48713,46.72491],[6.48651,46.72564],[6.48302,46.72574],[6.48217,46.7256],[6.48163,46.72561],[6.47876,46.72576],[6.47865,46.72577],[6.47848,46.7258],[6.47792,46.72593],[6.47633,46.72633],[6.47541,46.72646],[6.47496,46.72653],[6.47368,46.72686],[6.47319,46.72687],[6.47253,46.72666],[6.47214,46.72623],[6.47206,46.72533],[6.47168,46.72486],[6.47071,46.72461],[6.46997,46.72478],[6.46582,46.72586],[6.46571,46.72589],[6.4655,46.72594],[6.46538,46.72596],[6.46508,46.72601],[6.46486,46.72604],[6.46454,46.72606],[6.46408,46.72607],[6.46402,46.72607],[6.46365,46.72608],[6.46343,46.72607],[6.46318,46.72605],[6.46292,46.72602],[6.46265,46.72597],[6.46257,46.72595],[6.46012,46.72538],[6.45797,46.72492],[6.45777,46.72489],[6.45713,46.72483],[6.45682,46.72482],[6.4565,46.72484],[6.45603,46.72484],[6.45581,46.72485],[6.45551,46.72488],[6.45548,46.72488],[6.45485,46.72496],[6.45464,46.72496],[6.45459,46.72496],[6.45355,46.72497],[6.45184,46.72506],[6.44997,46.72432],[6.44952,46.72316],[6.44961,46.72194],[6.44958,46.72138],[6.44958,46.72123],[6.44969,46.72021],[6.44969,46.7202],[6.44973,46.71972],[6.44979,46.7195],[6.45001,46.71918],[6.45099,46.71872]]]},"properties":{"bfs_nr":5748,"name":"Bretonni\u00e8res"}},{"type":"Feature","geometry":{"type":"Polygon","coordinates":[[[6.54037,46.69729],[6.54685,46.6962],[6.54795,46.69632],[6.55001,46.6976],[6.55026,46.69796],[6.5505,46.69858],[6.55059,46.69874],[6.55073,46.69889],[6.5509,46.69902],[6.55111,46.69912],[6.55135,46.6992],[6.5516,46.69924],[6.55185,46.69924],[6.5521,46.69921],[6.56209,46.69734],[6.56408,46.6975],[6.56691,46.69694],[6.56842,46.69737],[6.5694,46.69743],[6.56984,46.69726],[6.56997,46.69718],[6.57013,46.69708],[6.57025,46.69696],[6.57063,46.69653],[6.57085,46.69633],[6.57267,46.69493],[6.57321,46.69473],[6.57341,46.69461],[6.57414,46.69412],[6.57456,46.69381],[6.57546,46.69321],[6.57553,46.69317],[6.57632,46.69269],[6.57633,46.69269],[6.57681,46.6924],[6.57697,46.69227],[6.57711,46.69213],[6.57936,46.68968],[6.58125,46.6889],[6.58204,46.68617],[6.58208,46.68579],[6.58189,46.68499],[6.58207,46.68467],[6.58235,46.68439],[6.5827,46.68387],[6.58283,46.68353],[6.58286,46.68285],[6.58317,46.68247],[6.58376,46.6822],[6.58537,46.68214],[6.58582,46.68232],[6.58603,46.68249],[6.58702,46.68343],[6.58703,46.68344],[6.58771,46.68407],[6.58849,46.68469],[6.58857,46.68509],[6.58825,46.68645],[6.58665,46.68996],[6.58669,46.69032],[6.58678,46.69049],[6.58693,46.69064],[6.58712,46.69077],[6.58771,46.69111],[6.58792,46.69121],[6.58855,46.69144],[6.58902,46.69155],[6.58951,46.69153],[6.58995,46.69138],[6.59241,46.68965],[6.5953,46.69],[6.59639,46.68984],[6.59666,46.68983],[6.59694,46.68986],[6.5972,46.68993],[6.59762,46.69016],[6.59797,46.69049],[6.59895,46.69075],[6.60013,46.69069],[6.60083,46.69084],[6.60219,46.69089],[6.6027,46.69083],[6.60336,46.69052],[6.60665,46.69016],[6.60762,46.69085],[6.60916,46.69112],[6.61072,46.69216],[6.6112,46.69233],[6.61173,46.69237],[6.61368,46.69236],[6.61592,46.69229],[6.61755,46.69382],[6.61967,46.69421],[6.62062,46.6947],[6.62084,46.69476],[6.62107,46.6948],[6.62131,46.6948],[6.62154,46.69477],[6.62252,46.69463],[6.62302,46.69467],[6.62438,46.69532],[6.62591,46.69487],[6.62616,46.69422],[6.6257,46.6933],[6.62554,46.6929],[6.62549,46.69273],[6.62546,46.69251],[6.62549,46.69229],[6.62582,46.69119],[6.62604,46.69082],[6.62801,46.69049],[6.62883,46.69071],[6.62917,46.69098],[6.6293,46.69119],[6.62975,46.69216],[6.63015,46.69292],[6.63023,46.6931],[6.63033,46.69345],[6.63034,46.69349],[6.63046,46.69398],[6.63059,46.69466],[6.63063,46.6948],[6.63076,46.69511],[6.63078,46.69514],[6.63091,46.69542],[6.63101,46.69557],[6.6312,46.69575],[6.63206,46.6964],[6.63221,46.69703],[6.63213,46.69749],[6.63234,46.69887],[6.63223,46.69974],[6.63064,46.70039],[6.62736,46.70012],[6.6261,46.69928],[6.62346,46.69961],[6.62041,46.70108],[6.62009,46.70129],[6.61987,46.70161],[6.61984,46.70178],[6.61991,46.70213],[6.62,46.70233],[6.62018,46.70269],[6.62025,46.70282],[6.62183,46.70527],[6.62173,46.7056],[6.62145,46.70589],[6.6208,46.70613],[6.6183,46.70586],[6.61668,46.70449],[6.61567,46.7043],[6.61542,46.70424],[6.61463,46.70402],[6.61441,46.70395],[6.61423,46.70388],[6.61396,46.7038],[6.61367,46.70376],[6.61214,46.70369],[6.61212,46.70369],[6.61149,46.70367],[6.6112,46.70368],[6.61092,46.70374],[6.60933,46.70418],[6.6089,46.70432],[6.60871,46.70443],[6.60856,46.70455],[6.60844,46.70469],[6.60821,46.70516],[6.60748,46.70585],[6.6073,46.70638],[6.60693,46.70725],[6.60688,46.70745],[6.60682,46.70837],[6.60683,46.70856],[6.6069,46.70874],[6.60708,46.70906],[6.6072,46.70922],[6.60784,46.70992],[6.60832,46.7105],[6.60858,46.71094],[6.60869,46.71132],[6.60859,46.71165],[6.60819,46.71209],[6.60779,46.71229],[6.60705,46.71236],[6.60582,46.71208],[6.60508,46.71206],[6.60255,46.71361],[6.60082,46.7137],[6.598,46.71432],[6.59701,46.71435],[6.59463,46.71319],[6.5939,46.71317],[6.59268,46.71368],[6.59134,46.71464],[6.5897,46.716],[6.58492,46.7187],[6.58477,46.71885],[6.58463,46.71919],[6.58463,46.71937],[6.58469,46.71954],[6.58479,46.7197],[6.58494,46.71985],[6.58526,46.72011],[6.58542,46.72021],[6.58633,46.72057],[6.58671,46.72085],[6.58689,46.72117],[6.58688,46.72151],[6.58679,46.72172],[6.58549,46.72368],[6.58549,46.7246],[6.58525,46.72519],[6.58517,46.72547],[6.58515,46.7257],[6.58516,46.72583],[6.58521,46.72602],[6.58545,46.72634],[6.58709,46.72756],[6.58926,46.7298],[6.59094,46.73137],[6.59134,46.7322],[6.59189,46.73306],[6.59287,46.73431],[6.59253,46.7353],[6.58831,46.7368],[6.586,46.7379],[6.58519,46.73833],[6.58408,46.73884],[6.58407,46.73885],[6.58312,46.73928],[6.58303,46.73931],[6.58255,46.73951],[6.5825,46.73953],[6.58159,46.73987],[6.58142,46.73995],[6.57844,46.7415],[6.57741,46.7417],[6.57692,46.74158],[6.57667,46.74144],[6.57659,46.74139],[6.57505,46.74046],[6.57503,46.74044],[6.57427,46.73996],[6.57426,46.73995],[6.57404,46.73981],[6.57399,46.73978],[6.57395,46.73975],[6.57372,46.73957],[6.57349,46.73932],[6.5731,46.73878],[6.57069,46.73547],[6.56855,46.73251],[6.56806,46.73215],[6.56745,46.73198],[6.56705,46.73176],[6.56687,46.73157],[6.56599,46.73047],[6.56587,46.73027],[6.56581,46.72993],[6.56657,46.72871],[6.56618,46.72809],[6.5654,46.72757],[6.56531,46.7275],[6.56518,46.72739],[6.5651,46.72731],[6.56502,46.72723],[6.56497,46.72716],[6.56494,46.72712],[6.56401,46.72589],[6.56363,46.72545],[6.56212,46.72376],[6.56094,46.72246],[6.55741,46.71855],[6.55739,46.71853],[6.55694,46.71806],[6.55693,46.71805],[6.55661,46.71772],[6.55645,46.71759],[6.55627,46.71748],[6.55606,46.7174],[6.55583,46.71735],[6.55559,46.71733],[6.55535,46.71733],[6.55511,46.71737],[6.55321,46.7178],[6.55282,46.71805],[6.55258,46.71818],[6.55213,46.7183],[6.55165,46.7183],[6.5512,46.71818],[6.55084,46.71795],[6.55058,46.71764],[6.5503,46.71733],[6.55023,46.71726],[6.54991,46.71698],[6.54981,46.7169],[6.54943,46.71663],[6.54939,46.7166],[6.54893,46.7163],[6.54892,46.7163],[6.54229,46.71204],[6.54216,46.71195],[6.54189,46.71174],[6.5417,46.71157],[6.54153,46.71138],[6.54138,46.71119],[6.54125,46.71098],[6.54114,46.71077],[6.54105,46.7105],[6.541,46.71033],[6.54094,46.70997],[6.54094,46.70995],[6.53932,46.69831],[6.54037,46.69729]]]},"properties":{"bfs_nr":5749,"name":"Chavornay"}},{"type":"Feature","geometry":{"type":"Polygon","coordinates":[[[6.43072,46.72295],[6.43149,46.72234],[6.43151,46.72233],[6.43209,46.72189],[6.43227,46.72177],[6.43286,46.72142],[6.43324,46.7212],[6.4333,46.72117],[6.43357,46.72099],[6.43361,46.72097],[6.43406,46.72066],[6.43433,46.72053],[6.43457,46.72046],[6.4356,46.72052],[6.43913,46.72309],[6.43939,46.72348],[6.43956,46.72365],[6.44255,46.72587],[6.44275,46.72599],[6.44324,46.72614],[6.44351,46.72616],[6.44377,46.72614],[6.45099,46.72513],[6.45112,46.72511],[6.45358,46.72497],[6.4546,46.72496],[6.45463,46.72496],[6.45494,46.72496],[6.4552,46.72493],[6.45557,46.72487],[6.45608,46.72484],[6.45657,46.72484],[6.45728,46.72484],[6.45772,46.72489],[6.45802,46.72493],[6.45997,46.72535],[6.46056,46.72552],[6.46203,46.72584],[6.46205,46.72585],[6.46258,46.72596],[6.46264,46.72597],[6.46296,46.72602],[6.46313,46.72604],[6.46346,46.72607],[6.46361,46.72608],[6.46403,46.72607],[6.46407,46.72607],[6.46458,46.72606],[6.46471,46.72605],[6.4649,46.72604],[6.46504,46.72602],[6.4654,46.72595],[6.46548,46.72594],[6.46573,46.72588],[6.4658,46.72587],[6.46995,46.72478],[6.47073,46.72473],[6.47154,46.7251],[6.47189,46.72601],[6.47238,46.7266],[6.47282,46.72682],[6.47335,46.7269],[6.47362,46.72688],[6.47388,46.72682],[6.47499,46.72653],[6.47638,46.72633],[6.47867,46.72577],[6.47921,46.72575],[6.48007,46.72581],[6.48125,46.72577],[6.4821,46.72564],[6.48296,46.72574],[6.48521,46.72569],[6.48877,46.72816],[6.49256,46.72822],[6.49394,46.72887],[6.49609,46.73254],[6.49657,46.73297],[6.49759,46.73342],[6.50336,46.73859],[6.50363,46.73897],[6.50363,46.73935],[6.50353,46.73957],[6.50262,46.74102],[6.50226,46.74157],[6.50206,46.7419],[6.50013,46.74493],[6.49959,46.74537],[6.49911,46.74549],[6.49853,46.74547],[6.4971,46.74524],[6.49681,46.74517],[6.49538,46.74422],[6.4922,46.74326],[6.4895,46.74357],[6.48661,46.74474],[6.48619,46.74492],[6.4859,46.74518],[6.48498,46.74619],[6.48228,46.74628],[6.48142,46.74639],[6.48078,46.74629],[6.47945,46.74598],[6.47841,46.74595],[6.47732,46.74512],[6.47699,46.74197],[6.47632,46.7388],[6.47625,46.73863],[6.47481,46.73588],[6.47446,46.73552],[6.47199,46.73395],[6.47132,46.73372],[6.46999,46.73357],[6.46974,46.73356],[6.4695,46.73358],[6.46926,46.73364],[6.46904,46.73372],[6.46517,46.73556],[6.46372,46.73643],[6.46351,46.7365],[6.46325,46.73656],[6.4608,46.73693],[6.46049,46.73695],[6.46025,46.73694],[6.45978,46.73682],[6.45804,46.73609],[6.44762,46.73674],[6.44719,46.73664],[6.44696,46.73653],[6.44592,46.73596],[6.44566,46.73577],[6.44546,46.73555],[6.445,46.73486],[6.44499,46.73484],[6.44476,46.73448],[6.44473,46.73443],[6.44412,46.73336],[6.44366,46.73224],[6.44291,46.73107],[6.44278,46.73091],[6.44261,46.73078],[6.44217,46.73059],[6.44091,46.73039],[6.44039,46.73031],[6.44007,46.73024],[6.43948,46.73018],[6.43835,46.72982],[6.43738,46.72939],[6.43657,46.72917],[6.43604,46.72888],[6.43485,46.72803],[6.43445,46.72744],[6.43387,46.72681],[6.43372,46.72666],[6.43352,46.72654],[6.43293,46.72632],[6.43255,46.72609],[6.4322,46.72581],[6.43206,46.7257],[6.43199,46.72563],[6.43175,46.72543],[6.43163,46.72531],[6.43126,46.72492],[6.43042,46.72387],[6.43041,46.72331],[6.43052,46.72314],[6.43072,46.72295]]]},"properties":{"bfs_nr":5750,"name":"Les Cl\u00e9es"}},{"type":"Feature","geometry":{"type":"MultiPolygon","coordinates":[[[[6.46253,46.67379],[6.46384,46.67111],[6.46787,46.66993],[6.46906,46.66997],[6.47209,46.6721],[6.47219,46.67279],[6.47154,46.67332],[6.47023,46.67353],[6.46707,46.67453],[6.46398,46.675],[6.46253,46.67379]]],[[[6.47316,46.68385],[6.47271,46.68358],[6.47251,46.68324],[6.47248,46.68306],[6.47252,46.68284],[6.47264,46.68248],[6.47286,46.68188],[6.47289,46.6818],[6.47313,46.6808],[6.47332,46.68036],[6.47457,46.67842],[6.47519,46.67781],[6.47575,46.67744],[6.47595,46.67734],[6.47617,46.67725],[6.47742,46.67695],[6.47803,46.67668],[6.47843,46.67655],[6.47844,46.67654],[6.47896,46.67636],[6.479,46.67635],[6.47987,46.67601],[6.4799,46.676],[6.4801,46.67593],[6.48019,46.67589],[6.48133,46.67538],[6.48134,46.67538],[6.48181,46.67517],[6.48185,46.67515],[6.48424,46.67401],[6.48472,46.67375],[6.48652,46.67282],[6.48835,46.67303],[6.48866,46.67335],[6.48876,46.6735],[6.4888,46.67356],[6.48891,46.67375],[6.48899,46.67393],[6.48915,46.67441],[6.48919,46.67454],[6.48936,46.67545],[6.48941,46.6756],[6.48964,46.67613],[6.48966,46.67617],[6.48987,46.6767],[6.48988,46.67672],[6.48992,46.67683],[6.49001,46.67698],[6.49013,46.67712],[6.49029,46.67724],[6.49048,46.67734],[6.49069,46.67741],[6.49251,46.67791],[6.4938,46.67794],[6.49511,46.67853],[6.49557,46.67865],[6.4961,46.67865],[6.49671,46.67845],[6.49732,46.67792],[6.49801,46.67767],[6.49955,46.67847],[6.49997,46.68049],[6.50013,46.68106],[6.50005,46.68141],[6.49927,46.68203],[6.49901,46.68273],[6.49937,46.68353],[6.49965,46.68431],[6.49967,46.68482],[6.49911,46.6854],[6.49809,46.68585],[6.49784,46.68632],[6.49851,46.68781],[6.49767,46.68883],[6.49628,46.69298],[6.49268,46.69351],[6.49169,46.69403],[6.49166,46.69472],[6.49255,46.69671],[6.49236,46.69702],[6.49203,46.69726],[6.49181,46.69734],[6.49152,46.69741],[6.49132,46.69745],[6.49124,46.69746],[6.49061,46.69755],[6.49053,46.69756],[6.49015,46.6976],[6.49003,46.69761],[6.48983,46.69762],[6.48835,46.69769],[6.48797,46.69776],[6.48675,46.69835],[6.48365,46.69765],[6.48288,46.69759],[6.48216,46.69758],[6.48188,46.69753],[6.48156,46.69741],[6.48115,46.69722],[6.48095,46.69711],[6.48084,46.69704],[6.48066,46.69695],[6.48022,46.69668],[6.47995,46.69656],[6.47928,46.69633],[6.47911,46.69628],[6.47885,46.69622],[6.47782,46.69601],[6.47724,46.69585],[6.47719,46.69583],[6.47709,46.69581],[6.47706,46.6958],[6.4767,46.69571],[6.47662,46.69569],[6.47602,46.69555],[6.47588,46.6955],[6.47569,46.69544],[6.4754,46.69532],[6.47516,46.69519],[6.47507,46.69513],[6.47494,46.69504],[6.47487,46.69499],[6.4747,46.69488],[6.47459,46.69482],[6.47436,46.6947],[6.47341,46.69425],[6.47336,46.69326],[6.47476,46.69249],[6.47495,46.69221],[6.47514,46.69195],[6.4752,46.69187],[6.47553,46.69128],[6.47554,46.69127],[6.47589,46.69063],[6.47607,46.69024],[6.47612,46.69005],[6.47612,46.68983],[6.47606,46.68966],[6.47595,46.68949],[6.47555,46.689],[6.47541,46.68875],[6.47533,46.68856],[6.47531,46.68851],[6.47525,46.68833],[6.47519,46.6882],[6.47504,46.68795],[6.47494,46.6878],[6.47483,46.68761],[6.47489,46.68655],[6.47458,46.6856],[6.47419,46.68489],[6.47407,46.68471],[6.47382,46.68435],[6.47363,46.68413],[6.47316,46.68385]]]]},"properties":{"bfs_nr":5752,"name":"Croy"}},{"type":"Feature","geometry":{"type":"Polygon","coordinates":[[[6.39146,46.67489],[6.39076,46.67251],[6.39072,46.67229],[6.39082,46.67195],[6.39235,46.67142],[6.39719,46.6721],[6.40331,46.67443],[6.41491,46.67916],[6.41522,46.67926],[6.41879,46.67995],[6.4188,46.67995],[6.42098,46.68035],[6.42099,46.68036],[6.42278,46.68068],[6.42302,46.68071],[6.42349,46.68068],[6.42372,46.68061],[6.42624,46.67972],[6.42652,46.67961],[6.42661,46.67957],[6.42664,46.67955],[6.427,46.67937],[6.42746,46.67914],[6.42804,46.67889],[6.42934,46.67825],[6.43069,46.67755],[6.43172,46.6771],[6.43201,46.67699],[6.43348,46.67657],[6.43465,46.67627],[6.43661,46.67575],[6.43662,46.67575],[6.43745,46.67552],[6.43746,46.67552],[6.43842,46.67526],[6.43844,46.67525],[6.43892,46.67512],[6.43908,46.6751],[6.4393,46.67504],[6.43951,46.67497],[6.4397,46.67486],[6.43985,46.67474],[6.44019,46.6744],[6.44075,46.67381],[6.44187,46.67266],[6.4419,46.67264],[6.44223,46.67227],[6.44235,46.6721],[6.44242,46.67192],[6.44243,46.67173],[6.44239,46.67154],[6.44229,46.67137],[6.4417,46.67004],[6.44264,46.66873],[6.44192,46.66778],[6.44149,46.66731],[6.44137,46.66696],[6.44147,46.6666],[6.44231,46.66583],[6.44257,46.66412],[6.44259,46.66377],[6.44239,46.66286],[6.44343,46.66197],[6.44597,46.66221],[6.44662,46.66391],[6.44651,46.66425],[6.44624,46.66455],[6.44608,46.66489],[6.44608,46.66507],[6.44613,46.66525],[6.44619,46.66537],[6.44679,46.66661],[6.44674,46.66759],[6.44691,46.66835],[6.44816,46.67063],[6.45415,46.67478],[6.45464,46.67544],[6.4548,46.67561],[6.45501,46.67577],[6.45556,46.67612],[6.45599,46.6763],[6.45648,46.67635],[6.45697,46.67628],[6.45739,46.67608],[6.45809,46.67553],[6.46059,46.67462],[6.46177,46.67516],[6.46276,46.6772],[6.46227,46.67827],[6.4595,46.67984],[6.45958,46.68133],[6.46196,46.68174],[6.46263,46.68232],[6.46295,46.68315],[6.46291,46.68347],[6.46283,46.68363],[6.46254,46.68389],[6.46235,46.68399],[6.46209,46.68409],[6.46074,46.68446],[6.45976,46.68485],[6.45731,46.68468],[6.45545,46.68615],[6.45512,46.68735],[6.45511,46.68742],[6.4551,46.68752],[6.45514,46.68806],[6.45528,46.68857],[6.45505,46.68921],[6.45501,46.68954],[6.45518,46.69146],[6.45474,46.69205],[6.4538,46.69253],[6.45307,46.69275],[6.45239,46.6931],[6.45176,46.69361],[6.45079,46.69375],[6.44987,46.69399],[6.44963,46.69404],[6.44932,46.69406],[6.44727,46.69402],[6.4447,46.69459],[6.44151,46.69395],[6.44012,46.69424],[6.43823,46.69362],[6.4374,46.69343],[6.43677,46.6933],[6.43675,46.69329],[6.43635,46.69321],[6.43612,46.69318],[6.43567,46.69321],[6.43545,46.69326],[6.43515,46.69335],[6.43492,46.69345],[6.43472,46.69357],[6.43456,46.69373],[6.434,46.69446],[6.43324,46.6949],[6.43283,46.69506],[6.43237,46.69511],[6.43209,46.69509],[6.43192,46.69506],[6.43161,46.69499],[6.43142,46.69496],[6.43068,46.69464],[6.43043,46.69458],[6.43017,46.69456],[6.42991,46.69457],[6.42965,46.69462],[6.42942,46.6947],[6.42809,46.69529],[6.42782,46.69539],[6.42758,46.69544],[6.42709,46.69544],[6.42606,46.69478],[6.42602,46.69457],[6.42599,46.69426],[6.42596,46.69409],[6.42588,46.69393],[6.42559,46.69366],[6.42518,46.69348],[6.4247,46.69341],[6.42446,46.69342],[6.42433,46.69344],[6.42415,46.69347],[6.42373,46.69357],[6.42345,46.69359],[6.42311,46.69357],[6.42278,46.69353],[6.42228,46.69348],[6.42204,46.69343],[6.42177,46.69332],[6.41924,46.69209],[6.41921,46.69207],[6.4185,46.69172],[6.41662,46.6908],[6.41642,46.69072],[6.41621,46.69066],[6.41599,46.69063],[6.41527,46.69059],[6.41523,46.69058],[6.41283,46.69047],[6.41162,46.69039],[6.41067,46.69028],[6.40937,46.69013],[6.4089,46.69014],[6.40845,46.6902],[6.4077,46.69009],[6.40702,46.68957],[6.4064,46.68931],[6.40591,46.68929],[6.40522,46.68944],[6.40433,46.68945],[6.40203,46.68993],[6.40137,46.68967],[6.40117,46.6895],[6.40099,46.68931],[6.4008,46.68904],[6.40054,46.68856],[6.40051,46.68851],[6.40036,46.68826],[6.40033,46.68823],[6.40019,46.68803],[6.40014,46.68796],[6.39991,46.6877],[6.39989,46.68768],[6.39968,46.68745],[6.39964,46.68741],[6.39946,46.68724],[6.3994,46.68718],[6.39903,46.68688],[6.39852,46.68641],[6.39845,46.68635],[6.39824,46.68619],[6.39815,46.68611],[6.3979,46.6859],[6.39787,46.68587],[6.39731,46.68535],[6.39715,46.68517],[6.39698,46.68408],[6.39686,46.68393],[6.39683,46.6839],[6.39656,46.6836],[6.39652,46.68354],[6.39639,46.68339],[6.39634,46.68331],[6.39625,46.68312],[6.39622,46.68294],[6.39624,46.68277],[6.39679,46.68216],[6.39703,46.68184],[6.39707,46.68166],[6.39706,46.68147],[6.39699,46.6813],[6.39688,46.68113],[6.39684,46.6811],[6.3968,46.68105],[6.39643,46.68069],[6.39577,46.68007],[6.39535,46.67968],[6.39529,46.67963],[6.39493,46.67934],[6.39491,46.67933],[6.39416,46.67876],[6.39396,46.67858],[6.39384,46.67739],[6.39362,46.67707],[6.39163,46.6752],[6.39154,46.67507],[6.39146,46.67489]]]},"properties":{"bfs_nr":5754,"name":"Juriens"}},{"type":"Feature","geometry":{"type":"Polygon","coordinates":[[[6.41728,46.75196],[6.4173,46.75164],[6.41737,46.75122],[6.41741,46.75091],[6.41747,46.75053],[6.41747,46.7505],[6.41753,46.75016],[6.41754,46.75014],[6.41769,46.74938],[6.41775,46.74918],[6.41787,46.74899],[6.41846,46.74823],[6.41886,46.74728],[6.41908,46.74697],[6.41958,46.74644],[6.42032,46.74473],[6.42101,46.7421],[6.42131,46.74182],[6.42266,46.74125],[6.42426,46.74075],[6.42551,46.74037],[6.42624,46.74015],[6.42944,46.73918],[6.42946,46.73917],[6.42956,46.73914],[6.42975,46.73906],[6.42993,46.73896],[6.43008,46.73884],[6.43019,46.73871],[6.43057,46.73815],[6.43058,46.73814],[6.43118,46.73724],[6.43155,46.73679],[6.43195,46.7364],[6.43199,46.73635],[6.43223,46.73609],[6.43226,46.73605],[6.43278,46.73551],[6.43279,46.7355],[6.43335,46.7349],[6.43353,46.73473],[6.43362,46.73462],[6.43391,46.73421],[6.43396,46.73413],[6.43503,46.7322],[6.43509,46.73202],[6.43544,46.73047],[6.43554,46.73015],[6.43573,46.72981],[6.43718,46.72935],[6.43835,46.72983],[6.43922,46.73012],[6.43945,46.73018],[6.44007,46.73025],[6.44044,46.73034],[6.44095,46.73039],[6.44212,46.73059],[6.44239,46.73068],[6.4428,46.73094],[6.44296,46.73114],[6.44364,46.7322],[6.44385,46.73275],[6.44413,46.73338],[6.44473,46.73444],[6.44476,46.73448],[6.44499,46.73485],[6.445,46.73486],[6.44549,46.7356],[6.44565,46.73578],[6.44586,46.73593],[6.447,46.73656],[6.44719,46.73665],[6.44762,46.73675],[6.45795,46.7361],[6.45969,46.7368],[6.46018,46.73695],[6.46045,46.73696],[6.46072,46.73694],[6.4633,46.73655],[6.46352,46.7365],[6.46372,46.73643],[6.4639,46.73634],[6.46521,46.73554],[6.46899,46.73374],[6.46926,46.73364],[6.46974,46.73356],[6.47005,46.73358],[6.47125,46.73371],[6.47204,46.73398],[6.4744,46.73548],[6.47483,46.73593],[6.47633,46.73885],[6.47725,46.74458],[6.47524,46.74596],[6.47476,46.7484],[6.47205,46.74973],[6.47146,46.75089],[6.4689,46.75242],[6.46461,46.75615],[6.46436,46.75635],[6.46377,46.75673],[6.46345,46.75689],[6.45326,46.76117],[6.453,46.76126],[6.45278,46.7613],[6.4525,46.76133],[6.44694,46.76141],[6.44619,46.76159],[6.44599,46.76172],[6.44351,46.76364],[6.44203,46.76481],[6.44059,46.76594],[6.44036,46.76608],[6.44015,46.76618],[6.43917,46.76623],[6.43802,46.76386],[6.43812,46.76173],[6.43043,46.75687],[6.4245,46.75443],[6.418,46.75286],[6.41728,46.75196]]]},"properties":{"bfs_nr":5755,"name":"Lignerolle"}},{"type":"Feature","geometry":{"type":"Polygon","coordinates":[[[6.4948,46.7298],[6.49492,46.72852],[6.49743,46.72707],[6.49809,46.72687],[6.49852,46.72682],[6.49921,46.72667],[6.50062,46.72701],[6.50083,46.72704],[6.50103,46.72707],[6.50121,46.72708],[6.50158,46.72708],[6.5017,46.72708],[6.50188,46.72707],[6.50214,46.72704],[6.50465,46.72621],[6.50658,46.72683],[6.50681,46.72689],[6.50749,46.72696],[6.50797,46.72708],[6.50819,46.72716],[6.50887,46.72725],[6.50917,46.72726],[6.50948,46.72722],[6.51073,46.72705],[6.51179,46.72712],[6.51245,46.72711],[6.51267,46.72709],[6.51282,46.72706],[6.51294,46.72704],[6.513,46.72703],[6.51322,46.72696],[6.51349,46.72687],[6.51375,46.72679],[6.51395,46.72672],[6.5141,46.72665],[6.51421,46.7266],[6.51432,46.72654],[6.51446,46.72645],[6.51475,46.72622],[6.51499,46.72611],[6.51528,46.72602],[6.51556,46.72598],[6.51609,46.72603],[6.51637,46.72612],[6.51658,46.72623],[6.51675,46.72636],[6.51679,46.72638],[6.517,46.72651],[6.51725,46.72661],[6.51753,46.72666],[6.51796,46.72671],[6.51819,46.72676],[6.51856,46.7269],[6.51916,46.72708],[6.52001,46.72739],[6.52087,46.72803],[6.52098,46.72835],[6.52065,46.72941],[6.52183,46.73261],[6.52204,46.73292],[6.52294,46.73354],[6.52337,46.73459],[6.52346,46.73475],[6.52359,46.7349],[6.52376,46.73503],[6.52396,46.73513],[6.52443,46.73525],[6.52564,46.73542],[6.52602,46.73569],[6.52616,46.7359],[6.52686,46.73774],[6.52594,46.73836],[6.52478,46.73844],[6.52434,46.73858],[6.52415,46.73869],[6.524,46.73882],[6.52389,46.73897],[6.52381,46.73913],[6.52379,46.7393],[6.52381,46.74005],[6.52356,46.74036],[6.52333,46.74051],[6.52199,46.74124],[6.52198,46.74125],[6.52168,46.74141],[6.52162,46.74144],[6.52094,46.74183],[6.52046,46.74194],[6.51994,46.74192],[6.51964,46.74184],[6.51749,46.74109],[6.51703,46.741],[6.51603,46.74115],[6.51562,46.74116],[6.51516,46.74112],[6.51511,46.74111],[6.51487,46.74105],[6.51463,46.74099],[6.51438,46.74094],[6.51427,46.74092],[6.51399,46.74091],[6.51372,46.74094],[6.51346,46.741],[6.51323,46.7411],[6.51303,46.74123],[6.51251,46.74174],[6.51232,46.74186],[6.51204,46.74196],[6.51022,46.74252],[6.51015,46.74254],[6.5101,46.74255],[6.51005,46.74256],[6.50928,46.7428],[6.50926,46.74281],[6.50911,46.74285],[6.50882,46.74291],[6.50833,46.74292],[6.50788,46.74281],[6.50751,46.74259],[6.50703,46.74203],[6.50685,46.7419],[6.50664,46.7418],[6.5064,46.74173],[6.50589,46.74169],[6.50351,46.74179],[6.50279,46.74113],[6.5029,46.74058],[6.50356,46.73953],[6.50364,46.73935],[6.50367,46.73916],[6.50363,46.73897],[6.50354,46.73879],[6.5034,46.73863],[6.50038,46.7359],[6.49724,46.7331],[6.49625,46.73264],[6.49516,46.73082],[6.4948,46.7298]]]},"properties":{"bfs_nr":5756,"name":"Montcherand"}},{"type":"Feature","geometry":{"type":"Polygon","coordinates":[[[6.52281,46.7272],[6.52314,46.72664],[6.52483,46.72612],[6.52526,46.72572],[6.52529,46.72197],[6.52404,46.72007],[6.52449,46.71758],[6.52371,46.71338],[6.52351,46.71271],[6.52193,46.70917],[6.52187,46.70894],[6.52187,46.70875],[6.52205,46.7084],[6.52265,46.70804],[6.52473,46.70765],[6.52522,46.7072],[6.52516,46.70639],[6.52555,46.70574],[6.52763,46.70422],[6.52877,46.70339],[6.52878,46.70338],[6.52906,46.70319],[6.52911,46.70316],[6.52932,46.70302],[6.52936,46.70299],[6.53056,46.70211],[6.53057,46.70211],[6.53119,46.70165],[6.53295,46.7002],[6.53328,46.70011],[6.53479,46.69981],[6.53504,46.69974],[6.53527,46.69964],[6.53546,46.6995],[6.53569,46.69916],[6.53641,46.69797],[6.53691,46.69783],[6.53827,46.6977],[6.53935,46.69854],[6.54094,46.70996],[6.54094,46.70998],[6.54101,46.71036],[6.54104,46.71048],[6.54115,46.7108],[6.54122,46.71094],[6.5414,46.71123],[6.5415,46.71135],[6.54173,46.7116],[6.54186,46.71171],[6.54218,46.71197],[6.54227,46.71202],[6.54893,46.7163],[6.54938,46.71659],[6.54944,46.71663],[6.54978,46.71688],[6.54994,46.717],[6.55021,46.71725],[6.55032,46.71735],[6.55056,46.71762],[6.55085,46.71797],[6.55123,46.7182],[6.55147,46.71828],[6.55172,46.71832],[6.55198,46.71832],[6.55223,46.71829],[6.55247,46.71823],[6.55269,46.71814],[6.55294,46.71801],[6.55402,46.71777],[6.55484,46.71746],[6.55511,46.71737],[6.55535,46.71734],[6.55583,46.71735],[6.55626,46.71749],[6.55645,46.71759],[6.55664,46.71775],[6.55694,46.71805],[6.55695,46.71807],[6.55739,46.71853],[6.55741,46.71856],[6.56363,46.72544],[6.56402,46.7259],[6.56494,46.72713],[6.56496,46.72715],[6.56503,46.72723],[6.56506,46.72727],[6.56511,46.72733],[6.56516,46.72737],[6.5652,46.72741],[6.56528,46.72749],[6.56532,46.72751],[6.56538,46.72756],[6.56574,46.7278],[6.56607,46.72812],[6.56615,46.72864],[6.56568,46.73009],[6.56724,46.73204],[6.56888,46.73297],[6.57069,46.73547],[6.5731,46.73879],[6.57352,46.73937],[6.57368,46.73953],[6.57385,46.73967],[6.57393,46.73974],[6.57399,46.73978],[6.57403,46.73981],[6.57426,46.73995],[6.57427,46.73996],[6.57504,46.74045],[6.57506,46.74046],[6.57659,46.7414],[6.57662,46.74141],[6.57695,46.74162],[6.57697,46.74164],[6.57842,46.74251],[6.5793,46.74307],[6.58055,46.74479],[6.57848,46.74502],[6.57837,46.74497],[6.57621,46.74395],[6.57221,46.74207],[6.57219,46.74207],[6.57102,46.7415],[6.56874,46.74043],[6.56571,46.739],[6.56496,46.73884],[6.56445,46.73891],[6.56386,46.73926],[6.56084,46.74257],[6.56079,46.74262],[6.56075,46.74266],[6.5607,46.7427],[6.55815,46.74507],[6.55794,46.74523],[6.55728,46.74545],[6.55678,46.74544],[6.55655,46.74539],[6.55627,46.74529],[6.55007,46.74239],[6.54984,46.7423],[6.54959,46.74225],[6.54933,46.74223],[6.54907,46.74225],[6.54882,46.74231],[6.54859,46.74239],[6.54823,46.74265],[6.54661,46.74424],[6.54293,46.74615],[6.5377,46.74773],[6.53744,46.74771],[6.53712,46.74764],[6.53652,46.74747],[6.5362,46.74735],[6.53593,46.74723],[6.53582,46.74717],[6.53547,46.74699],[6.53532,46.7469],[6.53504,46.74671],[6.5349,46.74661],[6.53471,46.74646],[6.53456,46.74632],[6.53431,46.74605],[6.53419,46.74591],[6.53402,46.74566],[6.53373,46.74519],[6.53371,46.74515],[6.5335,46.74476],[6.53338,46.7446],[6.5328,46.74426],[6.53203,46.74409],[6.53136,46.74377],[6.53115,46.74372],[6.53092,46.7437],[6.53001,46.74366],[6.52957,46.74365],[6.52927,46.74363],[6.52904,46.74358],[6.52864,46.7434],[6.52835,46.74314],[6.52824,46.74261],[6.52846,46.74121],[6.52847,46.74104],[6.52842,46.74088],[6.52745,46.73841],[6.52733,46.73812],[6.52614,46.73586],[6.52602,46.73569],[6.52585,46.73554],[6.52565,46.73542],[6.5254,46.73533],[6.52376,46.73503],[6.52346,46.73475],[6.52336,46.73455],[6.52295,46.73346],[6.52274,46.73316],[6.52173,46.73232],[6.52072,46.72952],[6.52281,46.7272]]]},"properties":{"bfs_nr":5757,"name":"Orbe"}},{"type":"Feature","geometry":{"type":"Polygon","coordinates":[[[6.39915,46.67134],[6.39931,46.67124],[6.40107,46.66997],[6.40429,46.66892],[6.40514,46.66899],[6.40676,46.66805],[6.40703,46.66796],[6.40782,46.6677],[6.40814,46.66763],[6.4092,46.66752],[6.40946,46.66743],[6.40988,46.66728],[6.40997,46.66724],[6.41018,46.66715],[6.41022,46.66713],[6.41051,46.66699],[6.41054,46.66698],[6.41102,46.66676],[6.41103,46.66676],[6.41204,46.66629],[6.41833,46.66357],[6.4234,46.6615],[6.42649,46.66018],[6.4266,46.66014],[6.42787,46.65967],[6.42793,46.65965],[6.4301,46.65876],[6.43246,46.6578],[6.43377,46.65726],[6.43519,46.65726],[6.43893,46.65948],[6.44055,46.66066],[6.44071,46.66076],[6.44089,46.66084],[6.44214,46.66133],[6.44258,46.66225],[6.44232,46.66273],[6.44252,46.66366],[6.44201,46.66489],[6.4422,46.66568],[6.44145,46.66654],[6.44133,46.66687],[6.44135,46.66704],[6.44151,46.66736],[6.44215,46.66856],[6.44108,46.6702],[6.44228,46.67137],[6.44242,46.67173],[6.44235,46.6721],[6.4422,46.67231],[6.4419,46.67263],[6.44187,46.67267],[6.44074,46.67381],[6.4402,46.67439],[6.43971,46.67484],[6.43932,46.67502],[6.43915,46.67506],[6.43843,46.67525],[6.43841,46.67526],[6.43746,46.67552],[6.43745,46.67552],[6.43662,46.67575],[6.4366,46.67575],[6.43466,46.67626],[6.43462,46.67627],[6.43407,46.67641],[6.43404,46.67642],[6.43346,46.67657],[6.43196,46.67701],[6.43177,46.67708],[6.43067,46.67755],[6.42931,46.67827],[6.42805,46.67888],[6.42748,46.67914],[6.42699,46.67938],[6.42655,46.6796],[6.42626,46.67971],[6.42624,46.67972],[6.42377,46.6806],[6.42349,46.68067],[6.42302,46.68071],[6.42272,46.68067],[6.42097,46.68035],[6.4188,46.67995],[6.41878,46.67994],[6.41531,46.67927],[6.41484,46.67913],[6.40332,46.67443],[6.39931,46.67289],[6.39915,46.67134]]]},"properties":{"bfs_nr":5758,"name":"La Praz"}},{"type":"Feature","geometry":{"type":"Polygon","coordinates":[[[6.40633,46.70341],[6.40982,46.70333],[6.41161,46.70388],[6.41236,46.70397],[6.41358,46.70394],[6.41455,46.70447],[6.4149,46.70477],[6.41527,46.70518],[6.41545,46.7053],[6.41567,46.7054],[6.41606,46.70554],[6.41609,46.70555],[6.418,46.70623],[6.41824,46.70631],[6.4185,46.70634],[6.41876,46.70635],[6.41902,46.70631],[6.41949,46.70614],[6.41967,46.70601],[6.42,46.70572],[6.42012,46.70559],[6.42278,46.70224],[6.42444,46.7018],[6.42546,46.70224],[6.42569,46.70232],[6.42595,46.70237],[6.42621,46.70239],[6.42647,46.70237],[6.42694,46.70222],[6.42714,46.70211],[6.4273,46.70196],[6.42741,46.7018],[6.42829,46.70056],[6.42841,46.70026],[6.4285,46.69977],[6.42877,46.69938],[6.42933,46.699],[6.43115,46.69814],[6.43234,46.69815],[6.43255,46.69824],[6.43299,46.69854],[6.43349,46.69895],[6.43382,46.69916],[6.43403,46.69928],[6.43428,46.69936],[6.4344,46.69939],[6.43461,46.69943],[6.43493,46.69947],[6.43546,46.69953],[6.43616,46.69972],[6.43766,46.69997],[6.43964,46.7011],[6.44269,46.70049],[6.44296,46.70043],[6.44309,46.7004],[6.44335,46.70033],[6.44351,46.70027],[6.44382,46.70015],[6.44411,46.70005],[6.44443,46.69997],[6.44508,46.69986],[6.44555,46.69976],[6.44684,46.69999],[6.44757,46.70001],[6.45072,46.69988],[6.45213,46.69973],[6.45362,46.69938],[6.45396,46.69932],[6.45427,46.69928],[6.45459,46.69927],[6.4549,46.69929],[6.45541,46.69937],[6.45584,46.69948],[6.45748,46.70006],[6.45872,46.7006],[6.45897,46.70076],[6.45904,46.70079],[6.45944,46.701],[6.46092,46.70165],[6.46381,46.70178],[6.46434,46.7027],[6.46333,46.70442],[6.46294,46.70551],[6.46281,46.70567],[6.4626,46.70584],[6.462,46.70629],[6.46108,46.70772],[6.46198,46.70882],[6.46236,46.71152],[6.46185,46.71193],[6.46108,46.71207],[6.45895,46.71172],[6.45787,46.71213],[6.45754,46.7136],[6.45624,46.7144],[6.45603,46.71491],[6.4562,46.71681],[6.45597,46.71709],[6.45537,46.71737],[6.45343,46.71704],[6.45294,46.71706],[6.45264,46.71712],[6.45243,46.7172],[6.45225,46.71731],[6.4521,46.71744],[6.45198,46.71758],[6.4516,46.7182],[6.45035,46.71864],[6.4498,46.71917],[6.44977,46.71933],[6.44969,46.7202],[6.44969,46.72022],[6.44958,46.72125],[6.44952,46.72319],[6.44988,46.72441],[6.4495,46.72519],[6.44909,46.72537],[6.44879,46.72543],[6.44384,46.72613],[6.44351,46.72615],[6.44324,46.72613],[6.44276,46.72598],[6.44251,46.72583],[6.43964,46.72371],[6.43947,46.72355],[6.43919,46.72314],[6.4373,46.72162],[6.4393,46.71912],[6.43919,46.71841],[6.43343,46.71336],[6.43138,46.71173],[6.43059,46.71136],[6.42332,46.70957],[6.42222,46.70934],[6.42183,46.70928],[6.4212,46.70922],[6.4211,46.70921],[6.42079,46.70917],[6.4205,46.70912],[6.42027,46.70907],[6.4186,46.7088],[6.41798,46.70865],[6.41766,46.70852],[6.41752,46.70845],[6.41745,46.70841],[6.41678,46.70805],[6.41675,46.70803],[6.41627,46.70776],[6.41608,46.70766],[6.41587,46.7076],[6.41564,46.70756],[6.41537,46.70753],[6.41505,46.70748],[6.41412,46.70726],[6.4141,46.70726],[6.41355,46.70713],[6.41336,46.70707],[6.40812,46.70565],[6.40611,46.70483],[6.40573,46.70402],[6.40633,46.70341]]]},"properties":{"bfs_nr":5759,"name":"Premier"}},{"type":"Feature","geometry":{"type":"Polygon","coordinates":[[[6.45233,46.76452],[6.45262,46.76413],[6.45285,46.7639],[6.45311,46.7637],[6.45353,46.76354],[6.45596,46.7635],[6.4574,46.76414],[6.45756,46.76421],[6.45802,46.76438],[6.45827,46.76445],[6.45853,46.76448],[6.45957,46.76456],[6.46049,46.76471],[6.46076,46.76477],[6.46284,46.76532],[6.46303,46.76539],[6.46381,46.76567],[6.46383,46.76568],[6.4652,46.7662],[6.46524,46.76622],[6.46651,46.76666],[6.46674,46.76673],[6.46722,46.76676],[6.46769,46.76667],[6.4679,46.76658],[6.46808,46.76646],[6.46823,46.76633],[6.46881,46.76567],[6.46884,46.76564],[6.46939,46.76495],[6.46987,46.76422],[6.47316,46.76172],[6.47363,46.76158],[6.47415,46.76158],[6.47469,46.76174],[6.47688,46.76277],[6.47869,46.76328],[6.47997,46.76421],[6.48112,46.76493],[6.48206,46.76518],[6.48232,46.76515],[6.48256,46.7651],[6.48266,46.76507],[6.48267,46.76506],[6.48424,46.76458],[6.48514,46.76429],[6.48594,46.76403],[6.48597,46.76402],[6.48671,46.76379],[6.48726,46.76361],[6.48728,46.76361],[6.48772,46.76347],[6.48778,46.76345],[6.48842,46.76326],[6.4898,46.76281],[6.49022,46.76261],[6.49063,46.76215],[6.4912,46.76185],[6.49226,46.76182],[6.49272,46.76174],[6.49292,46.76165],[6.49325,46.76142],[6.49377,46.76089],[6.49406,46.76077],[6.49563,46.76025],[6.49677,46.75996],[6.49902,46.75915],[6.50209,46.76066],[6.50435,46.76081],[6.50479,46.76064],[6.50511,46.76037],[6.50521,46.76021],[6.50526,46.76004],[6.50528,46.75985],[6.50543,46.75934],[6.50548,46.75847],[6.50564,46.75809],[6.50588,46.75782],[6.50618,46.75736],[6.50643,46.75713],[6.50705,46.75675],[6.50744,46.7564],[6.50814,46.75616],[6.51117,46.75636],[6.51622,46.75803],[6.51648,46.7581],[6.51675,46.75812],[6.51703,46.75811],[6.52018,46.75774],[6.52194,46.75686],[6.52344,46.75556],[6.52476,46.75566],[6.52553,46.75599],[6.52649,46.7562],[6.52766,46.75666],[6.52993,46.75646],[6.5308,46.75568],[6.5322,46.75556],[6.53244,46.75554],[6.53267,46.75548],[6.53288,46.7554],[6.53307,46.75529],[6.53369,46.75472],[6.5339,46.7546],[6.53421,46.7545],[6.5346,46.7544],[6.53471,46.75437],[6.53589,46.75412],[6.53627,46.75406],[6.53679,46.75401],[6.53746,46.75386],[6.53841,46.75408],[6.54065,46.7553],[6.54126,46.75569],[6.54145,46.7558],[6.54156,46.75585],[6.54157,46.75586],[6.5431,46.75654],[6.54448,46.75775],[6.54593,46.75869],[6.54698,46.7595],[6.54842,46.76052],[6.54943,46.76132],[6.54977,46.76184],[6.54949,46.7625],[6.54737,46.76365],[6.54627,46.76508],[6.54516,46.77047],[6.54363,46.77193],[6.54297,46.77351],[6.54236,46.77405],[6.54139,46.77419],[6.54047,46.77454],[6.53998,46.77463],[6.53967,46.77462],[6.53743,46.77441],[6.53676,46.77447],[6.53386,46.77529],[6.53146,46.77438],[6.52938,46.77464],[6.52889,46.77468],[6.52841,46.7746],[6.52819,46.77452],[6.52796,46.77437],[6.52656,46.77336],[6.52655,46.77335],[6.52521,46.77235],[6.52503,46.77219],[6.52485,46.77189],[6.52485,46.77134],[6.52479,46.77117],[6.52468,46.771],[6.52452,46.77085],[6.52409,46.77064],[6.52357,46.77055],[6.52282,46.77071],[6.52086,46.77161],[6.52058,46.77171],[6.52007,46.77178],[6.51838,46.77077],[6.51819,46.77065],[6.51796,46.77057],[6.51771,46.77051],[6.51745,46.77049],[6.51719,46.77051],[6.51694,46.77056],[6.51671,46.77065],[6.51521,46.77126],[6.51473,46.77127],[6.51449,46.77123],[6.51407,46.77106],[6.51386,46.77091],[6.51252,46.76974],[6.51241,46.76964],[6.51094,46.76807],[6.51078,46.76793],[6.51059,46.76782],[6.51038,46.76774],[6.51014,46.76768],[6.5099,46.76766],[6.50965,46.76766],[6.50941,46.7677],[6.50561,46.76861],[6.50135,46.76982],[6.4976,46.77139],[6.49729,46.7715],[6.49533,46.77202],[6.4941,46.77241],[6.49057,46.77343],[6.49033,46.77348],[6.48879,46.77377],[6.48873,46.77378],[6.48793,46.77392],[6.48648,46.77418],[6.48507,46.77442],[6.48288,46.77485],[6.47903,46.77522],[6.47536,46.77613],[6.472,46.77448],[6.47102,46.77436],[6.46972,46.77487],[6.46947,46.7749],[6.46899,46.77485],[6.46851,46.77465],[6.46838,46.77457],[6.46696,46.77374],[6.46404,46.77219],[6.46382,46.77209],[6.46358,46.77202],[6.46332,46.77198],[6.46306,46.77199],[6.4628,46.77202],[6.46115,46.77239],[6.46099,46.77242],[6.4606,46.77248],[6.46029,46.7725],[6.45978,46.77244],[6.45935,46.77226],[6.45852,46.7712],[6.45778,46.77059],[6.45749,46.77026],[6.45695,46.76941],[6.45694,46.7694],[6.45638,46.76849],[6.45574,46.76779],[6.45315,46.76648],[6.45297,46.76634],[6.45282,46.76613],[6.45232,46.76526],[6.45224,46.76506],[6.45224,46.76472],[6.45233,46.76452]]]},"properties":{"bfs_nr":5760,"name":"Rances"}},{"type":"Feature","geometry":{"type":"Polygon","coordinates":[[[6.42713,46.69572],[6.42936,46.69473],[6.43011,46.69456],[6.43059,46.69462],[6.43145,46.69498],[6.43169,46.69503],[6.43185,46.69505],[6.43195,46.69507],[6.43208,46.69509],[6.43214,46.6951],[6.4324,46.69512],[6.43265,46.6951],[6.4329,46.69505],[6.43313,46.69497],[6.434,46.69447],[6.43492,46.69345],[6.43521,46.69333],[6.43567,46.69321],[6.43612,46.69319],[6.4364,46.69322],[6.43818,46.6936],[6.43865,46.69378],[6.43963,46.69435],[6.44172,46.6941],[6.4444,46.69467],[6.44734,46.69402],[6.44951,46.69406],[6.45125,46.69385],[6.4521,46.69349],[6.45247,46.69306],[6.45372,46.69259],[6.45517,46.69195],[6.45557,46.69132],[6.4553,46.69068],[6.45524,46.69005],[6.45505,46.68964],[6.45506,46.68927],[6.4553,46.68862],[6.45511,46.6874],[6.45521,46.68707],[6.45525,46.68696],[6.45537,46.68647],[6.45563,46.68616],[6.45756,46.68539],[6.46005,46.68562],[6.46107,46.68452],[6.46236,46.68399],[6.46255,46.68389],[6.46271,46.68377],[6.46283,46.68363],[6.46292,46.68347],[6.46296,46.68331],[6.46296,46.68314],[6.46291,46.68298],[6.46247,46.68196],[6.46113,46.68098],[6.46092,46.67923],[6.46257,46.67809],[6.46284,46.67742],[6.46185,46.67451],[6.46043,46.67451],[6.45794,46.6756],[6.45688,46.67626],[6.4561,46.6763],[6.45563,46.67614],[6.45498,46.67575],[6.45378,46.67436],[6.44816,46.67062],[6.44741,46.66905],[6.4469,46.66832],[6.44679,46.66661],[6.44653,46.66593],[6.44638,46.66565],[6.4463,46.66554],[6.44617,46.66533],[6.44617,46.66532],[6.4461,46.66509],[6.44616,46.66472],[6.44655,46.6642],[6.44684,46.66366],[6.44821,46.66329],[6.45016,46.66449],[6.45138,46.66501],[6.45187,46.66544],[6.45253,46.66576],[6.45289,46.666],[6.45335,46.66636],[6.45358,46.66651],[6.45384,46.66664],[6.45399,46.66671],[6.45457,46.66694],[6.45503,46.66729],[6.45616,46.66783],[6.45716,46.66911],[6.45729,46.66923],[6.45742,46.66933],[6.45762,46.66946],[6.45786,46.66956],[6.45915,46.67002],[6.45932,46.67014],[6.45949,46.6703],[6.4598,46.67067],[6.46046,46.67104],[6.46331,46.67188],[6.46225,46.67402],[6.46366,46.67506],[6.46647,46.67468],[6.46929,46.674],[6.4706,46.67357],[6.47156,46.67339],[6.47198,46.67317],[6.47224,46.67285],[6.47231,46.67249],[6.47215,46.67215],[6.46989,46.67031],[6.46988,46.66963],[6.47064,46.66912],[6.47254,46.66869],[6.47399,46.66852],[6.47477,46.66857],[6.47967,46.67276],[6.48305,46.6733],[6.4834,46.6741],[6.48321,46.67441],[6.48306,46.67455],[6.48282,46.67469],[6.48186,46.67515],[6.4818,46.67518],[6.48133,46.67538],[6.48021,46.67588],[6.48007,46.67594],[6.47986,46.67601],[6.47901,46.67634],[6.47895,46.67636],[6.47844,46.67654],[6.47843,46.67655],[6.47799,46.6767],[6.47742,46.67694],[6.47671,46.6771],[6.47655,46.67714],[6.47613,46.67727],[6.47595,46.67733],[6.47579,46.67742],[6.47564,46.67751],[6.47559,46.67754],[6.47514,46.67784],[6.47459,46.67837],[6.47331,46.68039],[6.47314,46.68077],[6.47289,46.68178],[6.47286,46.6819],[6.47263,46.68249],[6.47262,46.68252],[6.4725,46.6829],[6.47247,46.68306],[6.47249,46.68323],[6.47255,46.68339],[6.47278,46.68367],[6.47366,46.68416],[6.47404,46.68466],[6.47421,46.68494],[6.4743,46.68519],[6.47459,46.68567],[6.47483,46.68762],[6.47491,46.68777],[6.47517,46.68816],[6.47526,46.68837],[6.47532,46.68852],[6.47533,46.68855],[6.47543,46.6888],[6.47552,46.68896],[6.47565,46.68914],[6.47569,46.68919],[6.47591,46.68945],[6.47605,46.68966],[6.47611,46.68984],[6.47611,46.69003],[6.47588,46.69065],[6.47554,46.69127],[6.47553,46.6913],[6.47521,46.69185],[6.47513,46.69197],[6.47495,46.69221],[6.4746,46.69252],[6.47271,46.69329],[6.47299,46.69426],[6.4734,46.69445],[6.47399,46.69457],[6.47443,46.69474],[6.47456,46.6948],[6.47473,46.6949],[6.47496,46.69505],[6.47509,46.69515],[6.47518,46.69521],[6.47535,46.6953],[6.47555,46.69538],[6.47566,46.69543],[6.4759,46.69551],[6.476,46.69554],[6.47614,46.69558],[6.47623,46.6956],[6.47661,46.69569],[6.47672,46.69571],[6.47706,46.6958],[6.47725,46.69585],[6.4778,46.69601],[6.47833,46.69613],[6.47906,46.69627],[6.47932,46.69634],[6.47987,46.69653],[6.48014,46.69665],[6.48053,46.69692],[6.48083,46.69706],[6.48112,46.6972],[6.48162,46.69744],[6.48187,46.69753],[6.48215,46.69759],[6.48319,46.6977],[6.48382,46.69821],[6.48392,46.69942],[6.48227,46.70132],[6.47993,46.70253],[6.47799,46.70288],[6.47324,46.70201],[6.47298,46.70195],[6.47271,46.70194],[6.47219,46.70202],[6.47071,46.7024],[6.46842,46.7018],[6.46745,46.70131],[6.46657,46.70112],[6.46092,46.70165],[6.46011,46.70125],[6.45992,46.70117],[6.45937,46.70096],[6.45906,46.7008],[6.45896,46.70074],[6.45865,46.70057],[6.45751,46.70007],[6.45675,46.69979],[6.45578,46.69946],[6.45548,46.69939],[6.45484,46.69928],[6.45459,46.69926],[6.45433,46.69927],[6.4539,46.69932],[6.45368,46.69936],[6.45091,46.69984],[6.44606,46.69968],[6.4456,46.69972],[6.44501,46.69987],[6.4444,46.69998],[6.44426,46.70001],[6.44406,46.70006],[6.44386,46.70013],[6.44355,46.70025],[6.44331,46.70034],[6.44312,46.70039],[6.44293,46.70044],[6.44273,46.70048],[6.44228,46.70054],[6.44179,46.70056],[6.43966,46.7011],[6.43769,46.69997],[6.43546,46.69952],[6.43488,46.69947],[6.43467,46.69944],[6.43435,46.69938],[6.43404,46.69928],[6.43353,46.69898],[6.43321,46.6987],[6.43269,46.6983],[6.43243,46.69808],[6.43103,46.69764],[6.42739,46.69736],[6.42713,46.69572]]]},"properties":{"bfs_nr":5761,"name":"Romainm\u00f4tier-Envy"}},{"type":"Feature","geometry":{"type":"Polygon","coordinates":[[[6.49255,46.74485],[6.493,46.7442],[6.49537,46.74423],[6.4964,46.74499],[6.49681,46.74518],[6.49704,46.74523],[6.49859,46.74548],[6.49885,46.74551],[6.49911,46.7455],[6.49936,46.74545],[6.49959,46.74537],[6.5001,46.74497],[6.50206,46.74259],[6.50306,46.74261],[6.50363,46.74296],[6.50377,46.74316],[6.50439,46.74437],[6.50471,46.74497],[6.50474,46.74501],[6.50491,46.74537],[6.50492,46.74538],[6.50537,46.74627],[6.50537,46.74629],[6.50647,46.74833],[6.50657,46.7486],[6.50709,46.75103],[6.50685,46.75173],[6.50599,46.75229],[6.5062,46.7534],[6.50854,46.75442],[6.50843,46.75524],[6.50712,46.7566],[6.50655,46.75697],[6.50618,46.75734],[6.50567,46.75789],[6.50538,46.75874],[6.50539,46.75929],[6.50531,46.75969],[6.50526,46.76],[6.5052,46.76021],[6.5051,46.76037],[6.50479,46.76064],[6.50435,46.7608],[6.50209,46.76065],[6.50026,46.75928],[6.5001,46.75813],[6.49806,46.75639],[6.49539,46.75248],[6.49464,46.75179],[6.49548,46.74891],[6.49524,46.74847],[6.49365,46.74759],[6.49249,46.746],[6.49255,46.74485]]]},"properties":{"bfs_nr":5762,"name":"Sergey"}},{"type":"Feature","geometry":{"type":"Polygon","coordinates":[[[6.50483,46.74182],[6.50591,46.74171],[6.50665,46.74182],[6.50704,46.74204],[6.50751,46.74259],[6.50787,46.74281],[6.50809,46.74288],[6.50833,46.74293],[6.50858,46.74294],[6.50882,46.74292],[6.50905,46.74287],[6.50927,46.7428],[6.50928,46.7428],[6.51004,46.74257],[6.51011,46.74255],[6.51016,46.74253],[6.51021,46.74252],[6.5121,46.74195],[6.51232,46.74186],[6.51251,46.74175],[6.51311,46.74119],[6.51353,46.74099],[6.51402,46.74092],[6.51433,46.74093],[6.51469,46.741],[6.51491,46.74106],[6.51507,46.7411],[6.51524,46.74113],[6.51555,46.74116],[6.51646,46.74119],[6.51697,46.74111],[6.51782,46.74121],[6.5197,46.74186],[6.51994,46.74192],[6.5202,46.74195],[6.52046,46.74194],[6.52071,46.7419],[6.52095,46.74183],[6.52116,46.74173],[6.5216,46.74145],[6.5217,46.7414],[6.52198,46.74124],[6.522,46.74124],[6.52338,46.74048],[6.52358,46.74034],[6.52373,46.74018],[6.52383,46.74001],[6.52388,46.73982],[6.52386,46.73902],[6.52397,46.73886],[6.52412,46.73872],[6.52431,46.7386],[6.52477,46.73845],[6.52746,46.73872],[6.52841,46.74083],[6.52846,46.74104],[6.52846,46.74125],[6.52823,46.74265],[6.52826,46.74298],[6.52835,46.74314],[6.52847,46.74328],[6.52863,46.74341],[6.52882,46.74351],[6.52904,46.74359],[6.52927,46.74363],[6.52951,46.74365],[6.53003,46.74366],[6.53082,46.74369],[6.53115,46.74373],[6.53223,46.74422],[6.53292,46.74437],[6.53329,46.74457],[6.53343,46.7447],[6.53356,46.74488],[6.53371,46.74516],[6.53373,46.74518],[6.53402,46.74567],[6.53405,46.74572],[6.53421,46.74593],[6.53429,46.74603],[6.53458,46.74634],[6.53468,46.74643],[6.53492,46.74663],[6.53501,46.74669],[6.53534,46.74691],[6.53545,46.74697],[6.53583,46.74718],[6.53591,46.74722],[6.53625,46.74737],[6.53647,46.74745],[6.53719,46.74766],[6.53744,46.74772],[6.5377,46.74773],[6.54289,46.74617],[6.54672,46.74418],[6.5482,46.74269],[6.54883,46.74231],[6.54933,46.74224],[6.54984,46.74231],[6.55013,46.74241],[6.55633,46.74531],[6.55654,46.74539],[6.55678,46.74544],[6.55728,46.74545],[6.55774,46.74533],[6.55794,46.74523],[6.55811,46.7451],[6.56071,46.7427],[6.56074,46.74267],[6.5608,46.74261],[6.56083,46.74258],[6.56382,46.7393],[6.56445,46.73892],[6.56496,46.73884],[6.56576,46.73902],[6.56874,46.74043],[6.57102,46.7415],[6.57104,46.74151],[6.5722,46.74207],[6.57221,46.74207],[6.57731,46.74447],[6.57755,46.74461],[6.57789,46.74504],[6.57774,46.74569],[6.57742,46.74595],[6.57716,46.74606],[6.57266,46.74762],[6.57263,46.74763],[6.57257,46.74765],[6.57256,46.74765],[6.57255,46.74766],[6.57251,46.74767],[6.57248,46.74768],[6.57238,46.74772],[6.57231,46.74774],[6.5723,46.74774],[6.5693,46.74879],[6.56696,46.7496],[6.56614,46.74989],[6.56514,46.75023],[6.56514,46.75024],[6.56315,46.75093],[6.55909,46.75234],[6.55879,46.75242],[6.55853,46.75245],[6.55801,46.75241],[6.55778,46.75233],[6.55751,46.7522],[6.55708,46.75193],[6.55703,46.7519],[6.55528,46.75074],[6.55422,46.75004],[6.55401,46.74992],[6.55351,46.7498],[6.55324,46.74979],[6.55272,46.74988],[6.55209,46.75021],[6.55159,46.75039],[6.55085,46.75039],[6.55041,46.75023],[6.54995,46.74991],[6.549,46.74972],[6.54852,46.74981],[6.54831,46.74991],[6.54813,46.75],[6.54813,46.75001],[6.54803,46.75006],[6.5479,46.75014],[6.54788,46.75015],[6.54714,46.75055],[6.5462,46.75107],[6.54578,46.7513],[6.54569,46.75135],[6.54534,46.75164],[6.54522,46.75219],[6.54533,46.75305],[6.54442,46.75386],[6.54424,46.75418],[6.54422,46.75436],[6.54425,46.75453],[6.54433,46.75469],[6.54445,46.75485],[6.54461,46.75498],[6.54592,46.75596],[6.54602,46.7563],[6.54593,46.75665],[6.54559,46.757],[6.54518,46.75719],[6.54419,46.7572],[6.54315,46.75657],[6.54157,46.75585],[6.54154,46.75584],[6.5415,46.75582],[6.54122,46.75566],[6.54066,46.7553],[6.5382,46.75396],[6.53774,46.7538],[6.53697,46.75381],[6.53642,46.75401],[6.53595,46.75411],[6.53469,46.75438],[6.53461,46.75439],[6.53414,46.75451],[6.5339,46.7546],[6.53369,46.75471],[6.53306,46.75529],[6.53267,46.75548],[6.5322,46.75556],[6.53099,46.75552],[6.52917,46.75638],[6.52695,46.75631],[6.52627,46.75607],[6.52545,46.75595],[6.52477,46.75566],[6.52391,46.75548],[6.52273,46.75565],[6.52206,46.75652],[6.521,46.75707],[6.5205,46.75755],[6.52008,46.75773],[6.51978,46.75779],[6.5171,46.7581],[6.51675,46.75812],[6.51648,46.75809],[6.51616,46.75801],[6.50946,46.7557],[6.50913,46.75444],[6.50767,46.75373],[6.50733,46.75326],[6.50728,46.75193],[6.50656,46.74855],[6.50649,46.74837],[6.50538,46.7463],[6.50536,46.74627],[6.50491,46.74538],[6.50491,46.74536],[6.50473,46.745],[6.50472,46.74497],[6.50439,46.74437],[6.50396,46.74352],[6.50396,46.74351],[6.50372,46.74306],[6.50483,46.74182]]]},"properties":{"bfs_nr":5763,"name":"Valeyres-sous-Rances"}},{"type":"Feature","geometry":{"type":"Polygon","coordinates":[[[6.30861,46.69789],[6.32304,46.69221],[6.32856,46.68963],[6.33705,46.68527],[6.33817,46.68514],[6.33839,46.68513],[6.33889,46.68512],[6.33893,46.68512],[6.34133,46.68512],[6.34158,46.68511],[6.34971,46.68409],[6.35332,46.68515],[6.35362,46.68547],[6.35383,46.68565],[6.3539,46.68571],[6.35417,46.68586],[6.35522,46.68637],[6.35577,46.68679],[6.35933,46.68854],[6.3621,46.69046],[6.36208,46.69195],[6.36256,46.69254],[6.36494,46.69398],[6.36743,46.69542],[6.36759,46.69551],[6.36886,46.6961],[6.36919,46.69621],[6.37031,46.69646],[6.37075,46.69656],[6.37077,46.69656],[6.37091,46.69659],[6.37486,46.69692],[6.37512,46.69693],[6.37583,46.69693],[6.37618,46.6969],[6.37658,46.69682],[6.3767,46.6968],[6.37977,46.69626],[6.38026,46.69638],[6.38138,46.69679],[6.38166,46.69692],[6.38201,46.69721],[6.38213,46.69743],[6.38246,46.69822],[6.38264,46.69882],[6.38264,46.69885],[6.38286,46.6995],[6.38288,46.69954],[6.38289,46.69957],[6.38298,46.69973],[6.3831,46.69987],[6.38327,46.69999],[6.38347,46.7001],[6.38369,46.70017],[6.38417,46.70023],[6.38519,46.7],[6.38616,46.69966],[6.38726,46.6993],[6.38737,46.69926],[6.3885,46.6988],[6.38867,46.69871],[6.3894,46.69829],[6.39021,46.69785],[6.39047,46.69774],[6.39093,46.69764],[6.39141,46.69767],[6.39185,46.69781],[6.39279,46.69847],[6.39286,46.69852],[6.39323,46.69875],[6.39327,46.69877],[6.39372,46.69903],[6.39392,46.69913],[6.39479,46.69946],[6.39491,46.6995],[6.39574,46.69974],[6.396,46.69984],[6.39889,46.70095],[6.39972,46.70153],[6.39992,46.70163],[6.40029,46.7018],[6.40055,46.70195],[6.40087,46.70219],[6.40106,46.7023],[6.40136,46.70244],[6.40142,46.70247],[6.40432,46.70373],[6.40507,46.70437],[6.40712,46.7053],[6.40809,46.70565],[6.41339,46.70708],[6.41352,46.70712],[6.41411,46.70726],[6.41413,46.70727],[6.4151,46.70749],[6.41531,46.70752],[6.41558,46.70755],[6.41586,46.7076],[6.41608,46.70767],[6.41632,46.70778],[6.41677,46.70804],[6.41679,46.70805],[6.41746,46.70842],[6.41751,46.70844],[6.41771,46.70854],[6.41793,46.70863],[6.418,46.70866],[6.41816,46.7087],[6.41864,46.7088],[6.42074,46.70916],[6.42112,46.70921],[6.42119,46.70922],[6.4218,46.70928],[6.42224,46.70934],[6.4235,46.70962],[6.43059,46.71136],[6.43341,46.71335],[6.43918,46.71841],[6.43929,46.71912],[6.43738,46.72074],[6.43512,46.7204],[6.43458,46.72044],[6.43434,46.72052],[6.43412,46.72063],[6.434,46.7207],[6.43395,46.72073],[6.43362,46.72096],[6.43356,46.721],[6.43331,46.72116],[6.43322,46.72121],[6.43287,46.72141],[6.43224,46.72179],[6.43212,46.72187],[6.4315,46.72234],[6.43149,46.72235],[6.43054,46.72308],[6.43005,46.72349],[6.42877,46.72391],[6.42831,46.72388],[6.42786,46.72373],[6.42777,46.72369],[6.42756,46.72358],[6.42715,46.72334],[6.42714,46.72333],[6.42672,46.72309],[6.42658,46.72302],[6.42626,46.72287],[6.4261,46.72281],[6.42559,46.72265],[6.42535,46.72259],[6.42473,46.72249],[6.42432,46.72245],[6.42317,46.72245],[6.42294,46.72238],[6.42274,46.72229],[6.42256,46.72217],[6.42242,46.72207],[6.42231,46.72201],[6.42125,46.72145],[6.41904,46.72172],[6.41624,46.72016],[6.41558,46.71998],[6.41491,46.71971],[6.41463,46.71961],[6.4144,46.71955],[6.41428,46.71952],[6.4141,46.71949],[6.41375,46.71946],[6.41365,46.71944],[6.41245,46.71927],[6.41243,46.71927],[6.41146,46.71914],[6.41096,46.71909],[6.40996,46.7189],[6.40995,46.7189],[6.40915,46.71876],[6.40887,46.71873],[6.40827,46.71873],[6.40801,46.71878],[6.40776,46.71887],[6.40755,46.71899],[6.40738,46.71914],[6.40726,46.7193],[6.40677,46.72011],[6.40601,46.7207],[6.40489,46.72226],[6.40463,46.72239],[6.40454,46.72242],[6.4045,46.72244],[6.40418,46.72257],[6.404,46.72263],[6.4037,46.72272],[6.4034,46.72278],[6.40314,46.7228],[6.40264,46.72274],[6.40141,46.72236],[6.40044,46.72229],[6.40039,46.72228],[6.40002,46.72226],[6.39983,46.72226],[6.39925,46.7222],[6.39902,46.7222],[6.39879,46.72222],[6.39774,46.72241],[6.39731,46.72256],[6.39689,46.72296],[6.39647,46.72366],[6.39508,46.72424],[6.39291,46.72687],[6.3923,46.72837],[6.39208,46.72878],[6.39189,46.72902],[6.39143,46.72949],[6.39137,46.72955],[6.39134,46.72957],[6.39121,46.72968],[6.39112,46.72977],[6.39095,46.72995],[6.39065,46.7302],[6.39047,46.73031],[6.39003,46.73044],[6.38879,46.73055],[6.38782,46.73073],[6.38566,46.73148],[6.38089,46.73059],[6.37843,46.73043],[6.37516,46.73105],[6.37186,46.7306],[6.37132,46.72894],[6.37164,46.72485],[6.37113,46.72409],[6.36766,46.72338],[6.36381,46.72201],[6.36067,46.72254],[6.3593,46.72208],[6.35746,46.71992],[6.35359,46.71786],[6.35191,46.7149],[6.34908,46.71429],[6.34139,46.7102],[6.3324,46.70783],[6.32749,46.70635],[6.32466,46.70629],[6.31561,46.70265],[6.30855,46.69947],[6.30861,46.69789]]]},"properties":{"bfs_nr":5764,"name":"Vallorbe"}},{"type":"Feature","geometry":{"type":"Polygon","coordinates":[[[6.34971,46.67436],[6.34943,46.67318],[6.34995,46.66987],[6.35149,46.6694],[6.35407,46.67033],[6.35609,46.67102],[6.35615,46.67105],[6.35635,46.67112],[6.35639,46.67114],[6.3568,46.67128],[6.35703,46.67134],[6.35727,46.67138],[6.35752,46.67138],[6.35776,46.67135],[6.3582,46.67119],[6.36139,46.66988],[6.36343,46.66889],[6.3635,46.66885],[6.36478,46.66813],[6.36494,46.66802],[6.36507,46.66789],[6.36511,46.66786],[6.36597,46.66689],[6.36688,46.66586],[6.36753,46.66545],[6.36807,46.66538],[6.36841,46.66542],[6.37183,46.66603],[6.37198,46.66606],[6.37236,46.66615],[6.37239,46.66616],[6.37281,46.66626],[6.37287,46.66627],[6.37559,46.66685],[6.37594,46.66695],[6.37926,46.66814],[6.38231,46.66933],[6.38238,46.66935],[6.38297,46.66955],[6.38316,46.6696],[6.3878,46.6706],[6.38954,46.67097],[6.39052,46.67171],[6.39147,46.67492],[6.39153,46.67507],[6.39163,46.6752],[6.39341,46.67702],[6.39338,46.67805],[6.39364,46.67837],[6.39395,46.67861],[6.39443,46.67896],[6.39492,46.67933],[6.39494,46.67935],[6.39528,46.67962],[6.39537,46.67969],[6.39683,46.68108],[6.39696,46.68126],[6.39703,46.68143],[6.39702,46.68177],[6.39682,46.68208],[6.39627,46.68262],[6.3962,46.68294],[6.39623,46.68311],[6.39631,46.68326],[6.39633,46.6833],[6.39638,46.68337],[6.39652,46.68355],[6.39656,46.68359],[6.39674,46.6838],[6.39689,46.68401],[6.3969,46.68469],[6.39717,46.68522],[6.39787,46.68587],[6.3979,46.68589],[6.39816,46.68613],[6.39822,46.68618],[6.39843,46.68634],[6.39854,46.68643],[6.39905,46.68689],[6.39938,46.68717],[6.39947,46.68725],[6.39963,46.6874],[6.39969,46.68746],[6.40013,46.68795],[6.40021,46.68805],[6.40033,46.68822],[6.40036,46.68827],[6.4005,46.68849],[6.40055,46.68857],[6.40082,46.68909],[6.40095,46.68927],[6.4012,46.68954],[6.40136,46.68968],[6.40203,46.68993],[6.40394,46.68954],[6.4051,46.68947],[6.40589,46.68934],[6.40684,46.68955],[6.40733,46.68999],[6.40794,46.69024],[6.40842,46.69026],[6.40902,46.69015],[6.40925,46.69014],[6.40955,46.69015],[6.41165,46.6904],[6.41281,46.69047],[6.41593,46.69063],[6.41621,46.69067],[6.41642,46.69072],[6.41667,46.69082],[6.41851,46.69172],[6.41853,46.69173],[6.41923,46.69208],[6.41924,46.69209],[6.42182,46.69335],[6.42204,46.69343],[6.42227,46.69349],[6.42283,46.69353],[6.42319,46.69358],[6.42346,46.6936],[6.42374,46.69358],[6.42439,46.69343],[6.4247,46.69341],[6.42518,46.69348],[6.42559,46.69366],[6.42587,46.69393],[6.42595,46.69409],[6.426,46.6943],[6.42611,46.69575],[6.42614,46.6961],[6.42709,46.69728],[6.42958,46.69845],[6.42875,46.69938],[6.42849,46.69977],[6.42836,46.70037],[6.42767,46.70134],[6.42729,46.70196],[6.42694,46.70222],[6.42646,46.70236],[6.42621,46.70239],[6.4257,46.70232],[6.42444,46.7018],[6.42281,46.7022],[6.42015,46.70556],[6.41997,46.70575],[6.41971,46.70597],[6.41948,46.70613],[6.41876,46.70634],[6.41824,46.7063],[6.41794,46.70621],[6.41749,46.70603],[6.4161,46.70556],[6.41605,46.70554],[6.41572,46.70542],[6.41547,46.70531],[6.4153,46.7052],[6.41486,46.70472],[6.41462,46.70452],[6.41399,46.70411],[6.41321,46.70376],[6.41146,46.70382],[6.40983,46.70332],[6.40705,46.70316],[6.40463,46.70382],[6.40271,46.70298],[6.40198,46.70271],[6.40143,46.70247],[6.40135,46.70243],[6.40111,46.70232],[6.40083,46.70216],[6.40051,46.70193],[6.40034,46.70183],[6.40019,46.70175],[6.40013,46.70172],[6.39997,46.70166],[6.39973,46.70152],[6.39895,46.70097],[6.39596,46.69982],[6.39579,46.69976],[6.39494,46.69951],[6.39476,46.69945],[6.39398,46.69915],[6.39367,46.699],[6.39328,46.69878],[6.39322,46.69874],[6.39288,46.69853],[6.39277,46.69846],[6.39185,46.69781],[6.39141,46.69766],[6.39117,46.69763],[6.39093,46.69764],[6.39069,46.69767],[6.39047,46.69773],[6.39026,46.69782],[6.3894,46.69829],[6.38871,46.69869],[6.38845,46.69882],[6.3874,46.69925],[6.38724,46.69931],[6.38616,46.69966],[6.38521,46.69999],[6.38417,46.70022],[6.38369,46.70017],[6.38327,46.69999],[6.38298,46.69973],[6.38287,46.69953],[6.38286,46.69949],[6.38265,46.69886],[6.38263,46.69881],[6.38246,46.6982],[6.38211,46.69738],[6.38201,46.69721],[6.38186,46.69705],[6.38167,46.69692],[6.38144,46.69681],[6.38021,46.69636],[6.37977,46.69626],[6.37856,46.6963],[6.37815,46.69637],[6.37728,46.69664],[6.37672,46.69679],[6.37626,46.69688],[6.37574,46.69693],[6.37519,46.69693],[6.3748,46.69691],[6.37282,46.69664],[6.37135,46.69662],[6.37082,46.69657],[6.37076,46.69656],[6.37073,46.69655],[6.37033,46.69647],[6.3703,46.69646],[6.36928,46.69623],[6.36878,46.69606],[6.36763,46.69553],[6.36739,46.6954],[6.36489,46.69396],[6.36243,46.69237],[6.36254,46.69099],[6.36209,46.69042],[6.35941,46.68857],[6.35698,46.6873],[6.35589,46.68683],[6.35537,46.68643],[6.3542,46.68588],[6.35398,46.68576],[6.35381,46.68563],[6.35365,46.68547],[6.35345,46.68519],[6.35327,46.68504],[6.35096,46.68429],[6.35066,46.684],[6.35002,46.68297],[6.3499,46.68275],[6.34985,46.68251],[6.34979,46.68155],[6.34981,46.68135],[6.34987,46.68119],[6.35017,46.68075],[6.35024,46.68044],[6.35029,46.67929],[6.35029,46.67807],[6.34971,46.67436]]]},"properties":{"bfs_nr":5765,"name":"Vaulion"}},{"type":"Feature","geometry":{"type":"Polygon","coordinates":[[[6.52875,46.80622],[6.52915,46.80566],[6.5296,46.80512],[6.52968,46.80501],[6.5304,46.80378],[6.53054,46.8036],[6.53087,46.80335],[6.53114,46.80325],[6.53195,46.80302],[6.53354,46.80274],[6.53972,46.80142],[6.54133,46.80069],[6.5417,46.79951],[6.54279,46.79867],[6.54398,46.79828],[6.54451,46.79788],[6.54467,46.79686],[6.54529,46.7962],[6.54573,46.796],[6.54692,46.79598],[6.54769,46.79576],[6.54958,46.79461],[6.55023,46.79342],[6.5535,46.79231],[6.55693,46.79294],[6.56161,46.7961],[6.56435,46.7959],[6.56625,46.79618],[6.56683,46.79646],[6.56733,46.79658],[6.56765,46.79658],[6.56792,46.79655],[6.56818,46.79647],[6.5684,46.79637],[6.5691,46.79581],[6.56952,46.79564],[6.57034,46.79549],[6.57173,46.79544],[6.57288,46.79668],[6.57137,46.79958],[6.56948,46.80123],[6.5692,46.80173],[6.56923,46.80209],[6.56954,46.80254],[6.57095,46.80376],[6.57198,46.80443],[6.5724,46.80499],[6.57238,46.80532],[6.57229,46.80552],[6.57217,46.8057],[6.57211,46.80583],[6.57178,46.80666],[6.57176,46.80672],[6.57158,46.80736],[6.57148,46.80773],[6.57138,46.80796],[6.5712,46.80818],[6.56917,46.81012],[6.56894,46.8103],[6.56866,46.81044],[6.56678,46.81118],[6.56636,46.81144],[6.56411,46.81364],[6.56356,46.81474],[6.56311,46.81535],[6.56284,46.81562],[6.56191,46.81636],[6.55888,46.81891],[6.55866,46.81906],[6.55845,46.81915],[6.55748,46.81921],[6.55649,46.81876],[6.55458,46.81645],[6.55387,46.81586],[6.55373,46.81562],[6.55362,46.81534],[6.55356,46.81514],[6.55356,46.81498],[6.55368,46.81467],[6.554,46.81431],[6.55408,46.81415],[6.55412,46.81398],[6.55411,46.81381],[6.55405,46.81365],[6.55375,46.81321],[6.55135,46.81115],[6.5463,46.80822],[6.54584,46.80807],[6.54559,46.80804],[6.54533,46.80804],[6.54068,46.80813],[6.5396,46.80817],[6.53957,46.80818],[6.53731,46.8083],[6.53679,46.80833],[6.53672,46.80833],[6.5361,46.80835],[6.53584,46.80835],[6.53236,46.80833],[6.53209,46.80833],[6.53182,46.80829],[6.53043,46.80802],[6.53009,46.80793],[6.5298,46.80779],[6.52887,46.8072],[6.52875,46.80622]]]},"properties":{"bfs_nr":5766,"name":"Vuiteboeuf"}},{"type":"Feature","geometry":{"type":"Polygon","coordinates":[[[6.71041,46.59796],[6.71027,46.59774],[6.7102,46.59749],[6.71012,46.59672],[6.71011,46.59669],[6.70999,46.5951],[6.71018,46.59453],[6.71101,46.59412],[6.71327,46.59401],[6.71405,46.59333],[6.71405,46.59204],[6.71605,46.58964],[6.71571,46.58773],[6.71572,46.58669],[6.71598,46.58639],[6.71782,46.58562],[6.71893,46.58478],[6.71953,46.5846],[6.72103,46.58441],[6.72109,46.5844],[6.72285,46.58411],[6.72309,46.58406],[6.72331,46.58397],[6.7235,46.58385],[6.72366,46.58372],[6.72377,46.58356],[6.72384,46.58339],[6.72385,46.58322],[6.72382,46.58226],[6.72384,46.58204],[6.72392,46.58186],[6.72421,46.58156],[6.72464,46.58136],[6.72516,46.5813],[6.72567,46.58138],[6.72636,46.58187],[6.7271,46.58287],[6.72808,46.58344],[6.72859,46.58356],[6.72914,46.58353],[6.73059,46.58314],[6.73296,46.58348],[6.73533,46.58467],[6.73636,46.58751],[6.7367,46.58817],[6.7378,46.58926],[6.73862,46.59052],[6.73895,46.59078],[6.73964,46.59097],[6.74013,46.59093],[6.74037,46.59086],[6.74057,46.59077],[6.74129,46.59036],[6.74154,46.59018],[6.74211,46.58964],[6.74412,46.58982],[6.74468,46.59078],[6.74453,46.59251],[6.745,46.59381],[6.74369,46.5967],[6.74362,46.59694],[6.74361,46.59703],[6.7436,46.5971],[6.74361,46.59755],[6.74361,46.59756],[6.74362,46.59798],[6.74365,46.59818],[6.74382,46.59852],[6.74386,46.59916],[6.74383,46.59957],[6.74381,46.59972],[6.74375,46.59999],[6.74343,46.60072],[6.7434,46.60091],[6.74344,46.60111],[6.74385,46.60229],[6.74386,46.60232],[6.74447,46.60387],[6.74461,46.6041],[6.74491,46.60444],[6.74525,46.60488],[6.74531,46.60495],[6.74572,46.60538],[6.74574,46.6054],[6.74589,46.60555],[6.74599,46.60566],[6.74612,46.60582],[6.74615,46.60585],[6.74632,46.60608],[6.74663,46.60647],[6.74702,46.60709],[6.74742,46.60794],[6.7474,46.60828],[6.74561,46.60927],[6.74592,46.61202],[6.74477,46.61307],[6.74445,46.61331],[6.74424,46.61364],[6.74424,46.61399],[6.74491,46.61681],[6.74862,46.62177],[6.74777,46.62292],[6.74636,46.62298],[6.74546,46.62327],[6.74515,46.62331],[6.74491,46.62332],[6.74443,46.62323],[6.74416,46.62311],[6.74277,46.62238],[6.74206,46.6222],[6.74156,46.62225],[6.74057,46.62252],[6.73963,46.62295],[6.73802,46.62264],[6.73685,46.62108],[6.73594,46.62056],[6.73458,46.61882],[6.73348,46.61799],[6.73291,46.61698],[6.73213,46.6166],[6.73168,46.61619],[6.73127,46.61585],[6.73114,46.61572],[6.73089,46.61537],[6.73018,46.61462],[6.72876,46.61324],[6.72513,46.61264],[6.72302,46.61006],[6.72196,46.60966],[6.72105,46.60919],[6.71988,46.60869],[6.71762,46.60835],[6.71642,46.60774],[6.71556,46.6059],[6.71386,46.60391],[6.71473,46.6012],[6.71439,46.60052],[6.71462,46.59957],[6.71458,46.59903],[6.71444,46.59874],[6.71434,46.59859],[6.71419,46.59844],[6.714,46.59833],[6.71378,46.59824],[6.71354,46.59818],[6.71304,46.59815],[6.7117,46.59842],[6.71041,46.59796]]]},"properties":{"bfs_nr":5785,"name":"Corcelles-le-Jorat"}},{"type":"Feature","geometry":{"type":"Polygon","coordinates":[[[6.8629,46.55895],[6.86279,46.55831],[6.86288,46.55811],[6.86327,46.55749],[6.86406,46.55616],[6.8648,46.55524],[6.8649,46.55509],[6.86495,46.55493],[6.86497,46.55477],[6.86494,46.5546],[6.86487,46.55445],[6.864,46.55302],[6.86398,46.55228],[6.86591,46.55144],[6.86622,46.54674],[6.86782,46.54401],[6.86954,46.54358],[6.87521,46.54663],[6.87605,46.5478],[6.87793,46.54848],[6.87837,46.54954],[6.88447,46.55458],[6.88699,46.55706],[6.88884,46.55798],[6.89084,46.55787],[6.89398,46.55966],[6.89674,46.56027],[6.89914,46.55973],[6.90158,46.56089],[6.90147,46.56203],[6.8992,46.56469],[6.89944,46.56678],[6.90081,46.56924],[6.90032,46.57001],[6.89758,46.57037],[6.8923,46.56797],[6.88789,46.56724],[6.88667,46.5653],[6.88674,46.5634],[6.88508,46.56234],[6.88375,46.56272],[6.87988,46.56642],[6.87847,46.56666],[6.87581,46.56549],[6.87402,46.56576],[6.87195,46.56809],[6.8681,46.56712],[6.86735,46.56643],[6.86594,46.56574],[6.86525,46.56551],[6.86491,46.56524],[6.86481,46.56508],[6.86475,46.5649],[6.86474,46.56473],[6.86479,46.56455],[6.86546,46.56387],[6.86718,46.56325],[6.86716,46.56239],[6.86409,46.5604],[6.86357,46.56002],[6.86333,46.55973],[6.8629,46.55895]]]},"properties":{"bfs_nr":5790,"name":"Maracon"}},{"type":"Feature","geometry":{"type":"Polygon","coordinates":[[[6.70797,46.5813],[6.70798,46.5813],[6.708,46.5813],[6.70858,46.58128],[6.70862,46.58127],[6.70931,46.58126],[6.70932,46.58126],[6.71073,46.58121],[6.71079,46.58121],[6.71191,46.58113],[6.71192,46.58113],[6.7143,46.58097],[6.71643,46.5808],[6.71824,46.58065],[6.71826,46.58065],[6.71887,46.58059],[6.71911,46.58055],[6.71935,46.58048],[6.71973,46.58025],[6.71992,46.57941],[6.71966,46.57905],[6.71915,46.57828],[6.71903,46.57805],[6.71878,46.57735],[6.71874,46.57715],[6.71867,46.57691],[6.71863,46.57663],[6.71874,46.57593],[6.71855,46.57529],[6.71847,46.57514],[6.71803,46.57462],[6.71807,46.57344],[6.71958,46.57297],[6.72106,46.57327],[6.7215,46.57346],[6.72178,46.57354],[6.72212,46.57362],[6.72232,46.57365],[6.72282,46.57369],[6.72317,46.57377],[6.72342,46.57381],[6.72342,46.57382],[6.7236,46.57383],[6.72371,46.57384],[6.72382,46.57385],[6.72541,46.57383],[6.72639,46.57351],[6.72679,46.57302],[6.7285,46.57126],[6.72894,46.57078],[6.72912,46.57061],[6.72931,46.5705],[6.73024,46.57033],[6.73049,46.57037],[6.73092,46.57053],[6.73119,46.57074],[6.732,46.57165],[6.73228,46.57188],[6.7331,46.57233],[6.73335,46.57243],[6.73361,46.57248],[6.73654,46.5728],[6.7378,46.57272],[6.74189,46.57323],[6.74436,46.57485],[6.74459,46.57513],[6.74466,46.57532],[6.74472,46.57551],[6.74476,46.57564],[6.74479,46.57574],[6.74481,46.57597],[6.74476,46.57639],[6.74507,46.5769],[6.74714,46.57816],[6.74775,46.57909],[6.74822,46.57949],[6.749,46.58071],[6.74954,46.58116],[6.74997,46.58178],[6.75003,46.58212],[6.74984,46.58272],[6.74974,46.5834],[6.74983,46.58378],[6.75035,46.58434],[6.75055,46.58519],[6.75036,46.58639],[6.75082,46.58703],[6.75094,46.5874],[6.75083,46.58776],[6.75013,46.58859],[6.74991,46.59004],[6.7482,46.59076],[6.74518,46.58941],[6.74234,46.58916],[6.74114,46.58881],[6.74007,46.5882],[6.73905,46.58794],[6.7355,46.58476],[6.73384,46.58379],[6.73285,46.58337],[6.73144,46.58303],[6.73054,46.58307],[6.72937,46.58343],[6.72881,46.58351],[6.72809,46.58335],[6.72731,46.58289],[6.72619,46.58164],[6.72582,46.58139],[6.72535,46.58127],[6.72484,46.58128],[6.72437,46.58142],[6.72402,46.58167],[6.72383,46.582],[6.72382,46.58218],[6.72385,46.58317],[6.72383,46.58339],[6.72365,46.58371],[6.7235,46.58385],[6.72309,46.58405],[6.72279,46.58412],[6.72111,46.5844],[6.72101,46.58441],[6.71946,46.58461],[6.71893,46.58477],[6.71786,46.58558],[6.71638,46.58618],[6.71597,46.58639],[6.71572,46.58669],[6.71571,46.58771],[6.71604,46.58965],[6.71387,46.59222],[6.71358,46.5937],[6.71143,46.5941],[6.71005,46.59331],[6.71023,46.59157],[6.71021,46.59095],[6.70958,46.58885],[6.7094,46.58845],[6.7086,46.58724],[6.70859,46.58723],[6.70818,46.58658],[6.70817,46.58656],[6.7077,46.58581],[6.70758,46.58553],[6.70722,46.58433],[6.70667,46.5822],[6.70722,46.58147],[6.70767,46.58133],[6.70797,46.5813]]]},"properties":{"bfs_nr":5792,"name":"Montpreveyres"}},{"type":"Feature","geometry":{"type":"MultiPolygon","coordinates":[[[[6.73847,46.59027],[6.7378,46.58921],[6.73807,46.5884],[6.74022,46.5883],[6.74143,46.58918],[6.74168,46.58965],[6.74162,46.58999],[6.74138,46.59028],[6.74116,46.59043],[6.74063,46.59074],[6.74036,46.59086],[6.74012,46.59093],[6.73961,46.59096],[6.73847,46.59027]]],[[[6.74342,46.60095],[6.74346,46.60067],[6.74374,46.60002],[6.74382,46.5997],[6.74383,46.59959],[6.74386,46.59922],[6.74386,46.59917],[6.74385,46.59861],[6.74381,46.5984],[6.74364,46.59806],[6.74361,46.59786],[6.74361,46.59755],[6.74361,46.59754],[6.7436,46.59712],[6.74361,46.59701],[6.74361,46.59699],[6.74372,46.59665],[6.74476,46.59524],[6.74505,46.59377],[6.74453,46.59251],[6.74476,46.59077],[6.7461,46.59008],[6.74948,46.59171],[6.74978,46.5926],[6.75062,46.59323],[6.75096,46.59438],[6.7513,46.5948],[6.75309,46.59653],[6.75485,46.59763],[6.75618,46.59825],[6.75715,46.5986],[6.7581,46.59885],[6.75902,46.5997],[6.75912,46.59986],[6.75919,46.60007],[6.75952,46.60195],[6.75895,46.60347],[6.75908,46.60426],[6.76011,46.60543],[6.76053,46.60759],[6.76186,46.60958],[6.76422,46.61222],[6.7644,46.61407],[6.76511,46.61595],[6.76466,46.617],[6.76492,46.61749],[6.7663,46.61846],[6.76656,46.61969],[6.76587,46.62084],[6.76579,46.62102],[6.76576,46.62121],[6.76592,46.62202],[6.76582,46.623],[6.76565,46.6233],[6.7651,46.62377],[6.76443,46.62487],[6.76331,46.62542],[6.7624,46.62681],[6.76149,46.62732],[6.76011,46.62835],[6.75991,46.62869],[6.75986,46.6291],[6.76041,46.63006],[6.75954,46.63104],[6.75554,46.63024],[6.75437,46.6269],[6.75265,46.62635],[6.75203,46.62594],[6.75134,46.62519],[6.75098,46.62463],[6.75076,46.62395],[6.74858,46.62167],[6.74494,46.61685],[6.74482,46.61485],[6.7443,46.61408],[6.74426,46.61374],[6.74454,46.61327],[6.74507,46.61295],[6.74584,46.61265],[6.74618,46.61221],[6.74574,46.60957],[6.7472,46.6086],[6.7474,46.60829],[6.74743,46.60795],[6.74707,46.60717],[6.74662,46.60644],[6.74633,46.60609],[6.74614,46.60585],[6.74612,46.60582],[6.74598,46.60564],[6.74591,46.60556],[6.74574,46.6054],[6.74572,46.60537],[6.74532,46.60497],[6.74523,46.60486],[6.7449,46.60444],[6.74466,46.60415],[6.74445,46.60381],[6.74386,46.60232],[6.74385,46.60229],[6.74347,46.60121],[6.74342,46.60095]]]]},"properties":{"bfs_nr":5798,"name":"Ropraz"}},{"type":"Feature","geometry":{"type":"Polygon","coordinates":[[[6.74336,46.5731],[6.74727,46.56904],[6.75421,46.565],[6.75782,46.56409],[6.75878,46.56431],[6.75969,46.56543],[6.75982,46.56557],[6.75999,46.5657],[6.76018,46.5658],[6.76041,46.56588],[6.76065,46.56592],[6.76089,46.56593],[6.76114,46.56592],[6.76137,46.56586],[6.76175,46.56575],[6.76185,46.56572],[6.76269,46.56541],[6.76326,46.56527],[6.76619,46.56414],[6.76974,46.56311],[6.77532,46.56172],[6.77656,46.56202],[6.77927,46.56402],[6.78292,46.56637],[6.78328,46.56666],[6.78374,46.56688],[6.7846,46.56696],[6.78635,46.5668],[6.78662,46.56683],[6.78687,46.56689],[6.78709,46.56699],[6.78729,46.56712],[6.78747,46.56732],[6.78874,46.56896],[6.78926,46.56933],[6.7904,46.56946],[6.79137,46.57003],[6.79161,46.57052],[6.79215,46.57134],[6.79277,46.57299],[6.7961,46.57709],[6.79619,46.57966],[6.79892,46.58213],[6.79797,46.58346],[6.79654,46.58345],[6.79608,46.58332],[6.79573,46.58308],[6.79554,46.58277],[6.79548,46.58207],[6.79551,46.58145],[6.7955,46.58128],[6.79546,46.58111],[6.79537,46.58095],[6.79524,46.5808],[6.79463,46.5805],[6.79349,46.58045],[6.79288,46.58067],[6.79191,46.58145],[6.79134,46.58241],[6.78666,46.58391],[6.78614,46.58451],[6.78593,46.5847],[6.78588,46.58473],[6.78564,46.58487],[6.78518,46.585],[6.78487,46.58503],[6.78384,46.58504],[6.7835,46.58501],[6.78301,46.58487],[6.78175,46.58441],[6.78009,46.58444],[6.7798,46.58447],[6.77953,46.58454],[6.77929,46.58465],[6.77803,46.58536],[6.77778,46.58547],[6.77733,46.58558],[6.77708,46.58558],[6.77679,46.58555],[6.77636,46.58548],[6.77607,46.58541],[6.77485,46.58457],[6.77418,46.58346],[6.77528,46.58034],[6.77529,46.5786],[6.77468,46.57792],[6.77319,46.57704],[6.77201,46.57667],[6.77133,46.5762],[6.77095,46.57551],[6.77045,46.57521],[6.76994,46.57511],[6.76942,46.57516],[6.76918,46.57523],[6.76897,46.57534],[6.76879,46.57548],[6.76866,46.57563],[6.76815,46.5764],[6.76798,46.57666],[6.76783,46.57685],[6.76748,46.57709],[6.76664,46.57739],[6.76499,46.57835],[6.762,46.5783],[6.75622,46.57952],[6.75402,46.57879],[6.75332,46.57871],[6.75179,46.57897],[6.75155,46.57904],[6.75132,46.57913],[6.75069,46.57948],[6.74975,46.57979],[6.74927,46.57982],[6.74841,46.57954],[6.74772,46.57899],[6.74716,46.57809],[6.74495,46.5767],[6.74481,46.57587],[6.7448,46.57577],[6.74477,46.57568],[6.74476,46.57565],[6.74466,46.57527],[6.74459,46.57509],[6.74336,46.5731]]]},"properties":{"bfs_nr":5799,"name":"Servion"}},{"type":"Feature","geometry":{"type":"Polygon","coordinates":[[[6.78096,46.61471],[6.78188,46.61458],[6.78232,46.61445],[6.78267,46.61423],[6.78299,46.61356],[6.78394,46.61275],[6.78438,46.61143],[6.78405,46.60907],[6.78285,46.60666],[6.78344,46.6057],[6.78753,46.60496],[6.78803,46.6046],[6.78817,46.60428],[6.7879,46.60193],[6.78765,46.60151],[6.78761,46.60117],[6.78774,46.60085],[6.78803,46.60059],[6.79066,46.59961],[6.79098,46.59952],[6.793,46.59911],[6.79363,46.59901],[6.7939,46.599],[6.79422,46.59902],[6.79535,46.59921],[6.79831,46.59986],[6.80135,46.6006],[6.80203,46.60094],[6.80387,46.60894],[6.80215,46.61508],[6.80288,46.61626],[6.8025,46.61866],[6.80348,46.62176],[6.80194,46.62519],[6.80206,46.62705],[6.80034,46.62977],[6.79815,46.63074],[6.79694,46.63339],[6.79828,46.63602],[6.79896,46.63959],[6.80142,46.64365],[6.80339,46.64517],[6.79806,46.6485],[6.79619,46.64907],[6.7958,46.65047],[6.79532,46.65108],[6.79509,46.65126],[6.79479,46.65148],[6.79443,46.65167],[6.79422,46.65174],[6.79372,46.65182],[6.79369,46.65182],[6.79324,46.65181],[6.79299,46.65177],[6.79257,46.6516],[6.79024,46.65012],[6.78901,46.64711],[6.78785,46.64536],[6.78868,46.64438],[6.78869,46.64367],[6.78823,46.64303],[6.78803,46.64266],[6.78784,46.64234],[6.7878,46.64216],[6.78778,46.64166],[6.78719,46.64091],[6.7874,46.6393],[6.7873,46.63883],[6.78752,46.63816],[6.78753,46.63779],[6.78698,46.63536],[6.78728,46.63404],[6.78725,46.63372],[6.78712,46.63346],[6.78705,46.63328],[6.78702,46.63316],[6.787,46.63286],[6.787,46.63278],[6.7871,46.63235],[6.78711,46.63219],[6.78705,46.63127],[6.78684,46.63044],[6.78706,46.62965],[6.78832,46.62851],[6.78757,46.62583],[6.78545,46.62326],[6.78508,46.62128],[6.78456,46.62077],[6.78397,46.62047],[6.78362,46.62041],[6.78301,46.62028],[6.78258,46.62016],[6.78227,46.62005],[6.78196,46.61997],[6.78158,46.61989],[6.78118,46.61969],[6.78092,46.6194],[6.78083,46.6192],[6.78057,46.61829],[6.77994,46.61597],[6.77989,46.61581],[6.78096,46.61471]]]},"properties":{"bfs_nr":5803,"name":"Vulliens"}},{"type":"Feature","geometry":{"type":"Polygon","coordinates":[[[6.69855,46.63213],[6.69943,46.62823],[6.70002,46.6273],[6.70019,46.62537],[6.70072,46.62426],[6.70063,46.62356],[6.70176,46.62232],[6.70062,46.61874],[6.70188,46.61696],[6.70198,46.61481],[6.704,46.6136],[6.70625,46.61168],[6.70691,46.61027],[6.70695,46.60969],[6.70634,46.60824],[6.70528,46.60633],[6.70499,46.6053],[6.70527,46.6046],[6.70624,46.60422],[6.70648,46.60411],[6.70667,46.60396],[6.70691,46.60373],[6.70693,46.60372],[6.70745,46.60324],[6.70753,46.60317],[6.7082,46.60264],[6.70821,46.60263],[6.70941,46.60169],[6.70967,46.60153],[6.71129,46.60065],[6.71163,46.60041],[6.71185,46.60006],[6.71226,46.59834],[6.71305,46.59816],[6.71359,46.59819],[6.71384,46.59826],[6.71406,46.59837],[6.71424,46.59851],[6.71438,46.59867],[6.71453,46.59943],[6.71425,46.60038],[6.71465,46.60112],[6.71385,46.60391],[6.71608,46.60752],[6.71717,46.60824],[6.71759,46.60841],[6.7193,46.60861],[6.72054,46.60898],[6.72312,46.61022],[6.72512,46.61265],[6.72875,46.61324],[6.73124,46.61583],[6.73139,46.61596],[6.73145,46.61601],[6.73165,46.61616],[6.73209,46.61657],[6.73269,46.61701],[6.73344,46.61826],[6.73452,46.61879],[6.73589,46.62058],[6.73704,46.62136],[6.7384,46.6237],[6.73943,46.63053],[6.73936,46.63112],[6.73883,46.63172],[6.73875,46.6319],[6.73872,46.63208],[6.73875,46.63226],[6.73883,46.63243],[6.73895,46.63259],[6.73913,46.63273],[6.74002,46.63334],[6.74126,46.63533],[6.7413,46.63879],[6.74404,46.63997],[6.7475,46.64246],[6.75293,46.6488],[6.7541,46.6494],[6.75793,46.64943],[6.76141,46.65114],[6.76134,46.65245],[6.76055,46.6529],[6.76039,46.65302],[6.76005,46.65332],[6.7599,46.65349],[6.75981,46.65367],[6.75978,46.65387],[6.75978,46.65398],[6.75978,46.65399],[6.75979,46.65449],[6.75979,46.65474],[6.75967,46.65506],[6.75769,46.65669],[6.75644,46.65671],[6.75595,46.65681],[6.75486,46.65687],[6.75444,46.65684],[6.75393,46.6569],[6.7516,46.65729],[6.75076,46.65753],[6.75015,46.6579],[6.74943,46.65896],[6.74928,46.65945],[6.74903,46.65977],[6.74863,46.65999],[6.748,46.66017],[6.74691,46.66069],[6.74479,46.66127],[6.73728,46.66175],[6.73482,46.66233],[6.7343,46.66247],[6.73399,46.6625],[6.73239,46.66253],[6.73083,46.66264],[6.73059,46.66262],[6.72995,46.66241],[6.72975,46.66226],[6.7295,46.66203],[6.72932,46.6619],[6.72912,46.6618],[6.72888,46.66173],[6.72863,46.66169],[6.72789,46.66177],[6.72579,46.66248],[6.72554,46.66255],[6.72533,46.66258],[6.72506,46.66259],[6.72406,46.66256],[6.7238,46.66257],[6.72318,46.66267],[6.72245,46.66255],[6.72207,46.66232],[6.72159,46.66174],[6.71967,46.66132],[6.71668,46.65985],[6.71649,46.6597],[6.71636,46.65957],[6.7163,46.65952],[6.71622,46.65942],[6.71614,46.65933],[6.71602,46.65914],[6.71595,46.65881],[6.71646,46.65791],[6.71648,46.65739],[6.71391,46.65562],[6.71361,46.65522],[6.71318,46.65427],[6.71287,46.65371],[6.71287,46.65349],[6.71283,46.65328],[6.71264,46.65293],[6.71252,46.65278],[6.71217,46.65254],[6.71172,46.65241],[6.71147,46.65239],[6.71054,46.65242],[6.7097,46.65248],[6.70942,46.65252],[6.70848,46.65277],[6.70755,46.65254],[6.70656,46.65178],[6.70623,46.6514],[6.70585,46.65112],[6.70556,46.65068],[6.70501,46.6503],[6.70445,46.6492],[6.70502,46.64822],[6.70698,46.64687],[6.7078,46.64608],[6.70779,46.64532],[6.70655,46.64341],[6.70656,46.64223],[6.70561,46.63992],[6.70465,46.63865],[6.70232,46.63686],[6.70002,46.63597],[6.6989,46.63492],[6.69855,46.63213]]]},"properties":{"bfs_nr":5804,"name":"Jorat-Menthue"}},{"type":"Feature","geometry":{"type":"Polygon","coordinates":[[[6.77897,46.56031],[6.78116,46.55903],[6.78117,46.55903],[6.78157,46.5588],[6.78163,46.55876],[6.78167,46.55874],[6.78172,46.5587],[6.78482,46.55682],[6.78509,46.55669],[6.7891,46.55641],[6.78956,46.55627],[6.79003,46.55588],[6.79013,46.55554],[6.7902,46.55416],[6.79041,46.55399],[6.79045,46.55396],[6.79112,46.5535],[6.79113,46.55349],[6.7935,46.55189],[6.79376,46.55174],[6.79426,46.55139],[6.79624,46.55027],[6.79668,46.55009],[6.80371,46.54792],[6.80471,46.54754],[6.80562,46.54712],[6.80683,46.54687],[6.80721,46.54676],[6.80736,46.54673],[6.8075,46.5467],[6.8076,46.54667],[6.80775,46.54664],[6.80794,46.54658],[6.81004,46.54584],[6.81024,46.54576],[6.81198,46.54484],[6.81216,46.54472],[6.81231,46.54459],[6.81242,46.54443],[6.81239,46.54376],[6.81182,46.54184],[6.81176,46.54167],[6.81165,46.54151],[6.81106,46.54082],[6.80986,46.53967],[6.80966,46.53939],[6.80952,46.53897],[6.80952,46.53878],[6.80962,46.5379],[6.80912,46.53677],[6.8091,46.53673],[6.80894,46.53639],[6.80892,46.53635],[6.80874,46.53602],[6.8087,46.53595],[6.80859,46.5358],[6.80854,46.53574],[6.80784,46.53489],[6.80775,46.53467],[6.8077,46.53446],[6.80768,46.53442],[6.80764,46.5342],[6.80763,46.53418],[6.80756,46.53379],[6.80751,46.53365],[6.80743,46.53351],[6.80736,46.53342],[6.80731,46.5333],[6.80728,46.53323],[6.80718,46.533],[6.8069,46.53249],[6.80657,46.53182],[6.80655,46.53177],[6.80647,46.53163],[6.80642,46.53151],[6.80639,46.53146],[6.80639,46.53145],[6.80633,46.53136],[6.80624,46.53126],[6.80604,46.53109],[6.80499,46.53039],[6.80495,46.52955],[6.80694,46.52886],[6.81028,46.52662],[6.81257,46.52685],[6.81686,46.53145],[6.8186,46.53659],[6.82269,46.54021],[6.8245,46.54013],[6.82613,46.53798],[6.83094,46.53749],[6.83606,46.53781],[6.83901,46.53839],[6.84159,46.53835],[6.84522,46.53922],[6.85038,46.54096],[6.85338,46.54151],[6.8551,46.54113],[6.85712,46.53731],[6.85964,46.53557],[6.85887,46.53373],[6.85891,46.53132],[6.86067,46.53082],[6.86199,46.5317],[6.86235,46.53454],[6.86385,46.53598],[6.86464,46.53846],[6.86766,46.54129],[6.86791,46.54357],[6.86605,46.5464],[6.8657,46.54972],[6.86356,46.55056],[6.86315,46.55163],[6.86484,46.55441],[6.86496,46.55477],[6.86489,46.55509],[6.86407,46.55614],[6.86286,46.55815],[6.86278,46.55831],[6.86275,46.55847],[6.86282,46.5588],[6.86302,46.55919],[6.86335,46.55977],[6.86355,46.56],[6.86426,46.56057],[6.86639,46.56194],[6.86651,46.56293],[6.86569,46.5635],[6.86487,46.5644],[6.86478,46.56456],[6.86473,46.56472],[6.86473,46.56489],[6.86477,46.56506],[6.86499,46.56536],[6.86535,46.56558],[6.86615,46.56589],[6.86745,46.56716],[6.8704,46.5678],[6.87149,46.57005],[6.86794,46.57491],[6.86588,46.57589],[6.86511,46.57723],[6.85891,46.58001],[6.8572,46.58019],[6.85282,46.5817],[6.85059,46.58134],[6.84795,46.5835],[6.84234,46.58215],[6.83998,46.57916],[6.83749,46.57773],[6.837,46.57659],[6.83448,46.57543],[6.82933,46.57642],[6.82726,46.57778],[6.82371,46.57815],[6.82205,46.58033],[6.82077,46.58337],[6.8178,46.58457],[6.81461,46.58472],[6.81302,46.58322],[6.81166,46.58067],[6.81136,46.57904],[6.80923,46.57869],[6.80737,46.57769],[6.80465,46.57737],[6.80236,46.57494],[6.79928,46.57412],[6.79571,46.575],[6.79437,46.57475],[6.79267,46.57267],[6.79226,46.57137],[6.79163,46.57048],[6.79135,46.56994],[6.79105,46.56968],[6.79029,46.56937],[6.78916,46.5692],[6.78878,46.56898],[6.78861,46.5688],[6.78743,46.56726],[6.78728,46.56711],[6.78709,46.56698],[6.78686,46.56688],[6.78661,46.56681],[6.78608,46.56679],[6.78549,46.56688],[6.7843,46.56693],[6.78354,46.56675],[6.77924,46.564],[6.77669,46.56187],[6.77897,46.56031]]]},"properties":{"bfs_nr":5805,"name":"Oron"}},{"type":"Feature","geometry":{"type":"Polygon","coordinates":[[[6.74955,46.58078],[6.74974,46.57991],[6.7507,46.5795],[6.75152,46.57905],[6.752,46.57896],[6.75244,46.57894],[6.75314,46.57876],[6.75391,46.57879],[6.75488,46.57942],[6.75614,46.57955],[6.76205,46.5783],[6.765,46.57836],[6.76762,46.57703],[6.76781,46.57689],[6.76795,46.57672],[6.76815,46.5764],[6.76862,46.57569],[6.76878,46.5755],[6.76915,46.57526],[6.76938,46.57519],[6.76988,46.57513],[6.7706,46.57531],[6.77094,46.57557],[6.77115,46.57604],[6.77162,46.57653],[6.77486,46.57816],[6.77519,46.57897],[6.77462,46.58204],[6.7741,46.58312],[6.77427,46.5841],[6.7757,46.5854],[6.77619,46.58553],[6.77664,46.58554],[6.77696,46.58558],[6.77723,46.58559],[6.7775,46.58556],[6.77775,46.58549],[6.77798,46.58539],[6.77924,46.58468],[6.77954,46.58454],[6.77981,46.58448],[6.78016,46.58444],[6.78146,46.58444],[6.78275,46.58497],[6.78336,46.58504],[6.78493,46.58503],[6.78518,46.58501],[6.78542,46.58495],[6.78565,46.58487],[6.78584,46.58476],[6.78644,46.58434],[6.78679,46.58401],[6.78722,46.58378],[6.79153,46.5824],[6.79188,46.58165],[6.79278,46.58082],[6.79346,46.5805],[6.79539,46.58101],[6.79548,46.58122],[6.79551,46.58149],[6.79548,46.58208],[6.7955,46.5826],[6.79553,46.58277],[6.79561,46.58293],[6.79573,46.58308],[6.79589,46.58321],[6.79608,46.58332],[6.79654,46.58346],[6.79813,46.58357],[6.7991,46.58502],[6.79863,46.58624],[6.79982,46.58868],[6.8001,46.59083],[6.80104,46.59268],[6.80014,46.5938],[6.79863,46.59885],[6.79718,46.59959],[6.79459,46.59905],[6.79403,46.59899],[6.79387,46.59899],[6.79368,46.59901],[6.79347,46.59903],[6.79335,46.59905],[6.79301,46.59911],[6.79093,46.59954],[6.79071,46.59959],[6.78877,46.60027],[6.78822,46.60049],[6.78803,46.60059],[6.78786,46.60071],[6.78773,46.60085],[6.78764,46.60101],[6.7876,46.60117],[6.78764,46.60151],[6.7879,46.60194],[6.78793,46.6033],[6.78813,46.60432],[6.78753,46.60491],[6.78312,46.60576],[6.7826,46.60614],[6.78266,46.60768],[6.78392,46.60927],[6.78397,46.6121],[6.78286,46.61341],[6.78258,46.61421],[6.78222,46.61446],[6.78169,46.6146],[6.78057,46.61477],[6.77866,46.61599],[6.77628,46.61611],[6.77488,46.6161],[6.77462,46.61612],[6.77436,46.61617],[6.77413,46.61625],[6.77313,46.61668],[6.77106,46.61764],[6.76947,46.61847],[6.76798,46.61898],[6.7668,46.61886],[6.76596,46.6181],[6.76497,46.6175],[6.7652,46.61642],[6.76504,46.61486],[6.76425,46.61224],[6.76186,46.60949],[6.76089,46.60758],[6.76078,46.60612],[6.75908,46.60417],[6.75955,46.60306],[6.75954,46.60195],[6.75928,46.60055],[6.75928,46.60054],[6.75914,46.59983],[6.75911,46.59969],[6.75862,46.59906],[6.75825,46.59883],[6.75754,46.59869],[6.75642,46.59829],[6.75381,46.59695],[6.75295,46.59553],[6.75137,46.59472],[6.75081,46.59345],[6.75061,46.59314],[6.74991,46.59248],[6.75019,46.58856],[6.75077,46.58786],[6.75087,46.58772],[6.75094,46.5874],[6.75062,46.58522],[6.75037,46.58433],[6.74991,46.58384],[6.74982,46.58349],[6.74988,46.58268],[6.75005,46.58226],[6.75006,46.58192],[6.74955,46.58078]]]},"properties":{"bfs_nr":5806,"name":"Jorat-M\u00e9zi\u00e8res"}},{"type":"Feature","geometry":{"type":"Polygon","coordinates":[[[6.77277,46.75206],[6.77324,46.75122],[6.77626,46.74966],[6.779,46.75068],[6.78254,46.74899],[6.78638,46.74809],[6.78713,46.74857],[6.78742,46.74917],[6.78779,46.74945],[6.78817,46.74959],[6.78878,46.74982],[6.78893,46.74988],[6.78915,46.75001],[6.78958,46.75028],[6.78971,46.75036],[6.79049,46.75096],[6.79086,46.75123],[6.79291,46.75256],[6.79453,46.75392],[6.79572,46.75541],[6.79677,46.75654],[6.79459,46.75883],[6.7954,46.76037],[6.79792,46.76219],[6.7976,46.76499],[6.79614,46.76682],[6.79453,46.7672],[6.78833,46.77111],[6.78716,46.77088],[6.78643,46.77024],[6.7858,46.76994],[6.78514,46.76953],[6.78482,46.76927],[6.78445,46.76867],[6.78423,46.76815],[6.78191,46.76676],[6.77909,46.76393],[6.77854,46.76153],[6.77757,46.76063],[6.77685,46.75746],[6.77584,46.75593],[6.77389,46.75449],[6.77337,46.75417],[6.77319,46.75409],[6.7731,46.75403],[6.77309,46.75403],[6.77307,46.75401],[6.7728,46.75385],[6.77266,46.75373],[6.77248,46.75356],[6.77238,46.75341],[6.77231,46.75308],[6.7727,46.75239],[6.77277,46.75206]]]},"properties":{"bfs_nr":5812,"name":"Champtauroz"}},{"type":"Feature","geometry":{"type":"Polygon","coordinates":[[[6.89475,46.88475],[6.89554,46.88396],[6.89915,46.88321],[6.9035,46.87991],[6.90813,46.87924],[6.91362,46.88224],[6.91638,46.88348],[6.91742,46.88388],[6.91765,46.88398],[6.91785,46.8841],[6.91867,46.88489],[6.91895,46.88584],[6.91929,46.88614],[6.92056,46.88688],[6.92163,46.88946],[6.92551,46.89207],[6.924,46.89535],[6.92886,46.89801],[6.92945,46.89991],[6.92678,46.90109],[6.92139,46.90558],[6.89708,46.92482],[6.8952,46.92495],[6.8668,46.91015],[6.86655,46.90882],[6.89159,46.88683],[6.89475,46.88475]]]},"properties":{"bfs_nr":5813,"name":"Chevroux"}},{"type":"Feature","geometry":{"type":"Polygon","coordinates":[[[6.94366,46.83603],[6.94385,46.8358],[6.94391,46.83572],[6.94418,46.83542],[6.94461,46.83499],[6.94462,46.83498],[6.94489,46.83472],[6.94498,46.83463],[6.94521,46.83444],[6.94554,46.83419],[6.94728,46.83301],[6.94732,46.83298],[6.94756,46.8328],[6.94758,46.83279],[6.94782,46.8326],[6.94784,46.83258],[6.94806,46.83241],[6.94815,46.83236],[6.94857,46.83209],[6.94862,46.83206],[6.94876,46.83196],[6.94886,46.83188],[6.94898,46.83179],[6.94903,46.83174],[6.94912,46.83166],[6.94914,46.83163],[6.9498,46.83096],[6.95073,46.82993],[6.95085,46.82976],[6.95093,46.8294],[6.95064,46.82889],[6.9496,46.8282],[6.94955,46.82816],[6.94937,46.82803],[6.94935,46.82802],[6.94917,46.82788],[6.9491,46.82783],[6.94869,46.82748],[6.94855,46.82734],[6.94844,46.82719],[6.94843,46.82716],[6.94834,46.82695],[6.94854,46.82629],[6.94974,46.82561],[6.95111,46.82415],[6.95129,46.824],[6.95167,46.82375],[6.95191,46.82348],[6.95231,46.82322],[6.954,46.82222],[6.95527,46.82178],[6.95547,46.82167],[6.95564,46.82154],[6.95586,46.82123],[6.95613,46.81988],[6.9586,46.81995],[6.9611,46.82397],[6.96447,46.82751],[6.96583,46.82774],[6.96873,46.82615],[6.97044,46.82592],[6.97327,46.8245],[6.97513,46.82304],[6.98011,46.82284],[6.98407,46.822],[6.98542,46.8235],[6.98925,46.8262],[6.98989,46.82837],[6.99187,46.83015],[6.99279,46.83248],[6.99206,46.83318],[6.98861,46.83393],[6.98636,46.83524],[6.98668,46.83695],[6.98411,46.83938],[6.98797,46.84196],[6.98749,46.84366],[6.98504,46.84613],[6.98169,46.84596],[6.98003,46.84662],[6.9801,46.84824],[6.97766,46.85011],[6.97786,46.85194],[6.97878,46.85293],[6.97824,46.85543],[6.98,46.85738],[6.97981,46.85855],[6.9775,46.86015],[6.97717,46.86104],[6.97862,46.86428],[6.97795,46.86539],[6.97605,46.86574],[6.97449,46.86741],[6.97158,46.86826],[6.964,46.86501],[6.96304,46.86489],[6.96197,46.86527],[6.96148,46.86531],[6.96124,46.86528],[6.96095,46.8652],[6.95431,46.86294],[6.95109,46.86189],[6.95083,46.86178],[6.9505,46.86154],[6.95032,46.86123],[6.95029,46.86045],[6.95051,46.85936],[6.95082,46.85817],[6.95097,46.85774],[6.95102,46.85741],[6.95114,46.85716],[6.9516,46.85646],[6.95197,46.85583],[6.95281,46.85489],[6.95417,46.85284],[6.95461,46.85244],[6.95517,46.85184],[6.95529,46.8517],[6.95533,46.85165],[6.95538,46.85157],[6.95545,46.85146],[6.95548,46.85141],[6.95552,46.85128],[6.95554,46.85123],[6.95556,46.85106],[6.95554,46.85089],[6.95546,46.8507],[6.95534,46.85051],[6.95531,46.85048],[6.95518,46.85035],[6.95499,46.85021],[6.95485,46.85014],[6.9547,46.85007],[6.95463,46.85004],[6.95149,46.84823],[6.95142,46.84814],[6.95125,46.84791],[6.95122,46.84787],[6.95101,46.84755],[6.951,46.84754],[6.95012,46.84616],[6.95001,46.84598],[6.94995,46.84585],[6.94984,46.84566],[6.94954,46.8452],[6.94926,46.84481],[6.94905,46.84448],[6.94903,46.84446],[6.9489,46.84425],[6.94889,46.84422],[6.94876,46.84401],[6.94875,46.84398],[6.94824,46.84304],[6.94805,46.84274],[6.94803,46.84271],[6.94786,46.84246],[6.94783,46.84242],[6.94766,46.84219],[6.94762,46.84214],[6.94743,46.84193],[6.94622,46.84071],[6.94615,46.84061],[6.94607,46.84047],[6.94601,46.84037],[6.94574,46.83978],[6.9453,46.83909],[6.94349,46.83663],[6.94353,46.83625],[6.94366,46.83603]]]},"properties":{"bfs_nr":5816,"name":"Corcelles-pr\u00e8s-Payerne"}},{"type":"Feature","geometry":{"type":"Polygon","coordinates":[[[6.89333,46.8639],[6.89426,46.86293],[6.89791,46.86165],[6.91144,46.86547],[6.91334,46.86536],[6.91528,46.86355],[6.91803,46.86285],[6.91941,46.86113],[6.92395,46.85918],[6.92684,46.8552],[6.92979,46.85431],[6.93147,46.85465],[6.93542,46.85717],[6.93557,46.85725],[6.9387,46.85874],[6.93871,46.85874],[6.93987,46.8593],[6.93995,46.85934],[6.93998,46.85936],[6.94021,46.85946],[6.94074,46.85955],[6.94246,46.85962],[6.94353,46.85961],[6.94383,46.85962],[6.94446,46.85969],[6.94468,46.85974],[6.94579,46.86009],[6.94946,46.86136],[6.95031,46.86163],[6.9543,46.86294],[6.95433,46.86295],[6.96176,46.86548],[6.96369,46.86608],[6.96257,46.86857],[6.96021,46.87112],[6.95845,46.87102],[6.95636,46.87222],[6.95466,46.87426],[6.95128,46.87537],[6.95079,46.87797],[6.94857,46.87923],[6.94559,46.88294],[6.94221,46.88387],[6.94162,46.88578],[6.93939,46.88708],[6.93889,46.88905],[6.93613,46.88926],[6.9334,46.8921],[6.92967,46.89296],[6.92663,46.89265],[6.92396,46.89058],[6.92172,46.88946],[6.92076,46.887],[6.91947,46.88621],[6.91899,46.88518],[6.91799,46.88421],[6.91788,46.88412],[6.91782,46.88407],[6.91766,46.88398],[6.91166,46.88111],[6.91135,46.87994],[6.91297,46.87867],[6.92005,46.8722],[6.91979,46.87095],[6.91675,46.86974],[6.91571,46.8685],[6.91271,46.86746],[6.91114,46.86783],[6.90905,46.86926],[6.90521,46.86853],[6.90116,46.86656],[6.89898,46.8669],[6.8938,46.86524],[6.89333,46.8639]]]},"properties":{"bfs_nr":5817,"name":"Grandcour"}},{"type":"Feature","geometry":{"type":"Polygon","coordinates":[[[6.86728,46.73257],[6.86923,46.73158],[6.8701,46.73108],[6.87037,46.73096],[6.87087,46.73086],[6.87113,46.73086],[6.87161,46.73097],[6.87183,46.73107],[6.88106,46.74021],[6.88141,46.74045],[6.88162,46.74053],[6.8821,46.7406],[6.88235,46.74059],[6.88258,46.74055],[6.88281,46.74048],[6.8836,46.74005],[6.8841,46.73993],[6.88437,46.73992],[6.8847,46.73996],[6.88504,46.74003],[6.88506,46.74003],[6.88664,46.74035],[6.88669,46.74036],[6.88683,46.74039],[6.88709,46.74043],[6.88736,46.74043],[6.88762,46.7404],[6.88787,46.74033],[6.88809,46.74022],[6.88879,46.73959],[6.8891,46.73909],[6.88904,46.73801],[6.88928,46.73766],[6.88976,46.7373],[6.88994,46.7372],[6.89038,46.73707],[6.89104,46.73704],[6.89222,46.73685],[6.89368,46.73653],[6.89535,46.73673],[6.89676,46.73776],[6.89782,46.73955],[6.89798,46.73975],[6.899,46.74068],[6.89929,46.74118],[6.89908,46.74285],[6.897,46.74362],[6.89657,46.74377],[6.89639,46.74389],[6.89625,46.74403],[6.89615,46.74419],[6.89609,46.74435],[6.89608,46.74452],[6.89612,46.74469],[6.8962,46.74485],[6.89732,46.74652],[6.89735,46.74766],[6.89687,46.7481],[6.89662,46.74841],[6.89642,46.74861],[6.8945,46.74957],[6.89356,46.75033],[6.89151,46.75052],[6.89035,46.75088],[6.88877,46.75174],[6.88789,46.75299],[6.88693,46.75341],[6.88645,46.75346],[6.8862,46.75344],[6.88575,46.75331],[6.88556,46.75321],[6.88536,46.75305],[6.8821,46.74982],[6.88208,46.74979],[6.87844,46.74601],[6.86693,46.73384],[6.86728,46.73257]]]},"properties":{"bfs_nr":5819,"name":"Henniez"}},{"type":"Feature","geometry":{"type":"Polygon","coordinates":[[[6.95862,46.88071],[6.95975,46.87835],[6.96251,46.87684],[6.96463,46.87411],[6.96484,46.87269],[6.96871,46.86814],[6.97007,46.8677],[6.97196,46.86841],[6.97423,46.86771],[6.97612,46.86577],[6.97709,46.86561],[6.98112,46.86687],[6.98568,46.87011],[6.9863,46.87137],[6.98843,46.87322],[6.98757,46.8749],[6.98066,46.88178],[6.97774,46.8841],[6.97578,46.88461],[6.97492,46.886],[6.97303,46.88706],[6.97136,46.88669],[6.9701,46.88475],[6.96682,46.88356],[6.96356,46.88297],[6.96145,46.88313],[6.95877,46.88169],[6.95862,46.88071]]]},"properties":{"bfs_nr":5821,"name":"Missy"}},{"type":"Feature","geometry":{"type":"Polygon","coordinates":[[[6.90525,46.82587],[6.90509,46.82436],[6.90732,46.82059],[6.90888,46.8191],[6.90892,46.81527],[6.91052,46.81224],[6.90652,46.80757],[6.90538,46.80674],[6.90564,46.80549],[6.91039,46.80357],[6.9119,46.80355],[6.91527,46.80649],[6.91553,46.8079],[6.91874,46.81011],[6.92042,46.81012],[6.92221,46.80886],[6.92663,46.80881],[6.93155,46.80547],[6.93059,46.80308],[6.92759,46.80159],[6.92628,46.79873],[6.92178,46.79719],[6.91857,46.79091],[6.91672,46.78907],[6.91648,46.78765],[6.9185,46.78628],[6.91859,46.78428],[6.91835,46.78298],[6.91865,46.78237],[6.92113,46.78167],[6.92242,46.78224],[6.92502,46.7831],[6.92529,46.78318],[6.92604,46.78333],[6.92627,46.78341],[6.92654,46.78354],[6.92696,46.78371],[6.92715,46.78377],[6.92734,46.78381],[6.92805,46.78391],[6.9282,46.78392],[6.92884,46.78397],[6.9289,46.78397],[6.92925,46.78402],[6.93174,46.78609],[6.93412,46.78696],[6.93437,46.78702],[6.93464,46.78705],[6.93491,46.78704],[6.93517,46.78699],[6.93689,46.78615],[6.93722,46.78473],[6.9392,46.78272],[6.94021,46.7826],[6.9433,46.78412],[6.94607,46.78416],[6.94869,46.78297],[6.9504,46.78342],[6.9518,46.78536],[6.95605,46.78707],[6.95743,46.78808],[6.95667,46.79063],[6.9563,46.79373],[6.9582,46.7952],[6.96024,46.79756],[6.96301,46.79969],[6.96519,46.80077],[6.96596,46.80268],[6.96388,46.80464],[6.96412,46.80561],[6.96236,46.80749],[6.96058,46.80854],[6.9584,46.81082],[6.9587,46.81222],[6.9566,46.81458],[6.95912,46.81777],[6.95608,46.8199],[6.95587,46.821],[6.95577,46.82136],[6.95564,46.82152],[6.95547,46.82166],[6.95446,46.82198],[6.95212,46.82317],[6.95142,46.82383],[6.9504,46.82489],[6.95011,46.82522],[6.94991,46.8254],[6.94812,46.82644],[6.94823,46.82694],[6.94851,46.82729],[6.94866,46.82745],[6.94911,46.82783],[6.94916,46.82787],[6.94936,46.82802],[6.94937,46.82803],[6.94956,46.82817],[6.94959,46.8282],[6.95046,46.82879],[6.9508,46.82926],[6.95085,46.82944],[6.95078,46.82982],[6.95063,46.83004],[6.94979,46.83098],[6.94915,46.83163],[6.94912,46.83166],[6.94905,46.83173],[6.94897,46.8318],[6.94889,46.83186],[6.94874,46.83198],[6.94835,46.83222],[6.9483,46.83225],[6.94813,46.83237],[6.94808,46.8324],[6.94783,46.83259],[6.94758,46.83278],[6.94755,46.8328],[6.94733,46.83297],[6.94727,46.83301],[6.94552,46.8342],[6.94522,46.83443],[6.94497,46.83465],[6.94491,46.8347],[6.94462,46.83499],[6.94461,46.83499],[6.94418,46.83543],[6.94415,46.83546],[6.9439,46.83574],[6.94386,46.83578],[6.94363,46.83607],[6.94352,46.83625],[6.94349,46.83663],[6.94621,46.84069],[6.94634,46.84086],[6.94639,46.84093],[6.94659,46.84114],[6.94744,46.84194],[6.94761,46.84213],[6.94767,46.8422],[6.94782,46.8424],[6.94787,46.84247],[6.94875,46.84399],[6.94876,46.84401],[6.94889,46.84423],[6.9489,46.84424],[6.94904,46.84447],[6.94905,46.84448],[6.94927,46.84482],[6.94977,46.84555],[6.94994,46.84587],[6.94994,46.84588],[6.95012,46.84617],[6.95013,46.84617],[6.951,46.84754],[6.95101,46.84755],[6.95122,46.84787],[6.95125,46.84791],[6.95143,46.84816],[6.95148,46.84822],[6.95163,46.84839],[6.95168,46.84844],[6.95208,46.84881],[6.95319,46.84947],[6.95429,46.8499],[6.95461,46.85003],[6.95481,46.85012],[6.95532,46.85049],[6.95545,46.85068],[6.95553,46.85087],[6.95555,46.85108],[6.95553,46.85126],[6.95546,46.85144],[6.95537,46.8516],[6.95431,46.85265],[6.95195,46.85585],[6.95161,46.85644],[6.9513,46.85691],[6.95101,46.85736],[6.95093,46.85751],[6.95013,46.8606],[6.94832,46.86096],[6.9458,46.86009],[6.94464,46.85973],[6.94446,46.85969],[6.94427,46.85966],[6.94378,46.85961],[6.94358,46.85961],[6.94022,46.85945],[6.93989,46.85931],[6.9387,46.85874],[6.93561,46.85727],[6.93538,46.85715],[6.93144,46.85463],[6.92994,46.85289],[6.92017,46.84787],[6.9108,46.83937],[6.90739,46.83403],[6.907,46.82885],[6.90525,46.82587]]]},"properties":{"bfs_nr":5822,"name":"Payerne"}},{"type":"Feature","geometry":{"type":"Polygon","coordinates":[[[6.91086,46.77152],[6.91098,46.77096],[6.91126,46.7707],[6.91217,46.77028],[6.91407,46.76968],[6.91414,46.76965],[6.9148,46.76941],[6.91521,46.76918],[6.91463,46.76718],[6.91609,46.76557],[6.91612,46.76491],[6.91491,46.76333],[6.9152,46.76253],[6.9175,46.76196],[6.91818,46.76077],[6.92042,46.7602],[6.9229,46.76196],[6.93098,46.7695],[6.93315,46.77065],[6.93331,46.77179],[6.93183,46.77292],[6.9326,46.77444],[6.93205,46.77549],[6.93749,46.77936],[6.93871,46.78185],[6.93851,46.78331],[6.93715,46.78456],[6.9369,46.78602],[6.93519,46.78698],[6.93471,46.78704],[6.93423,46.78699],[6.93395,46.78689],[6.93317,46.78654],[6.93171,46.78605],[6.92925,46.78402],[6.92897,46.78398],[6.92883,46.78397],[6.92882,46.78397],[6.92823,46.78393],[6.92801,46.7839],[6.92739,46.78381],[6.92715,46.78376],[6.92692,46.78369],[6.9268,46.78364],[6.92656,46.78353],[6.92625,46.78333],[6.92579,46.7832],[6.92519,46.78314],[6.92266,46.78232],[6.92104,46.78155],[6.91869,46.78231],[6.91837,46.7826],[6.91794,46.78352],[6.91611,46.78362],[6.91235,46.78154],[6.91173,46.78073],[6.91099,46.77971],[6.90853,46.77626],[6.90842,46.77606],[6.90839,46.77572],[6.90854,46.77539],[6.90886,46.77513],[6.90912,46.77501],[6.91083,46.77439],[6.91103,46.7743],[6.91135,46.77404],[6.91145,46.77389],[6.91152,46.77355],[6.91149,46.77338],[6.91086,46.77152]]]},"properties":{"bfs_nr":5827,"name":"Trey"}},{"type":"Feature","geometry":{"type":"Polygon","coordinates":[[[6.78928,46.7706],[6.79484,46.76722],[6.79707,46.76732],[6.79812,46.76357],[6.80012,46.76288],[6.80073,46.76321],[6.80111,46.76346],[6.80125,46.76355],[6.80153,46.76373],[6.80154,46.76374],[6.80164,46.76381],[6.80173,46.76387],[6.80191,46.76401],[6.80211,46.76418],[6.80226,46.76429],[6.80456,46.76576],[6.80646,46.76714],[6.80987,46.76985],[6.81064,46.77017],[6.8114,46.77097],[6.81148,46.77122],[6.81148,46.77146],[6.81135,46.77214],[6.81175,46.77272],[6.81398,46.77467],[6.81723,46.77627],[6.81726,46.77751],[6.81326,46.77872],[6.81279,46.78066],[6.80989,46.78311],[6.80569,46.78503],[6.80293,46.78477],[6.79922,46.78384],[6.79495,46.78094],[6.79441,46.77944],[6.7941,46.77918],[6.79312,46.77857],[6.79278,46.77775],[6.79172,46.77681],[6.79139,46.77569],[6.78954,46.77344],[6.78928,46.7706]]]},"properties":{"bfs_nr":5828,"name":"Treytorrens (Payerne)"}},{"type":"Feature","geometry":{"type":"Polygon","coordinates":[[[6.89357,46.75079],[6.89454,46.74959],[6.89605,46.74892],[6.89623,46.74878],[6.89667,46.74839],[6.8975,46.74757],[6.89743,46.74668],[6.89623,46.7449],[6.89612,46.74469],[6.89609,46.74451],[6.89611,46.74433],[6.8963,46.744],[6.89646,46.74386],[6.89666,46.74374],[6.89714,46.7436],[6.89833,46.74354],[6.89933,46.74304],[6.89938,46.74112],[6.89916,46.74083],[6.89804,46.7398],[6.89779,46.73949],[6.89715,46.73841],[6.89706,46.7382],[6.89706,46.73785],[6.89727,46.73752],[6.89945,46.73651],[6.90093,46.73657],[6.9016,46.73638],[6.90192,46.73612],[6.90218,46.73557],[6.90236,46.73538],[6.90255,46.73525],[6.90274,46.73516],[6.9039,46.73485],[6.90417,46.73476],[6.90467,46.73453],[6.90588,46.73385],[6.90678,46.73304],[6.90709,46.73286],[6.9075,46.73266],[6.90799,46.73239],[6.90857,46.73047],[6.90947,46.72987],[6.91141,46.7298],[6.91189,46.72996],[6.91263,46.73069],[6.91296,46.73095],[6.91318,46.73104],[6.91366,46.73114],[6.91417,46.7311],[6.91479,46.7308],[6.91512,46.7304],[6.9155,46.73014],[6.9158,46.73004],[6.91763,46.72957],[6.91766,46.72956],[6.91789,46.72951],[6.91813,46.72943],[6.91833,46.72933],[6.91851,46.7292],[6.91864,46.72904],[6.91916,46.72811],[6.92019,46.72726],[6.9204,46.72711],[6.92176,46.72671],[6.9222,46.72653],[6.9225,46.72625],[6.9233,46.7254],[6.92493,46.72567],[6.93046,46.73021],[6.93558,46.73323],[6.93631,46.73396],[6.93536,46.73584],[6.9364,46.73845],[6.93948,46.74161],[6.94082,46.74506],[6.93979,46.74574],[6.93741,46.74975],[6.9348,46.75071],[6.93118,46.75363],[6.9293,46.75405],[6.92419,46.75224],[6.92105,46.75148],[6.9198,46.75172],[6.91729,46.75408],[6.91435,46.75358],[6.91127,46.75399],[6.91014,46.75215],[6.90919,46.75191],[6.90693,46.75244],[6.90472,46.75259],[6.90182,46.75315],[6.90118,46.75343],[6.89993,46.75445],[6.89842,46.75457],[6.89745,46.75421],[6.89684,46.75402],[6.89639,46.75383],[6.89606,46.75365],[6.89509,46.75317],[6.89479,46.75292],[6.89368,46.7517],[6.89357,46.75079]]]},"properties":{"bfs_nr":5830,"name":"Villarzel"}},{"type":"Feature","geometry":{"type":"MultiPolygon","coordinates":[[[[6.86134,46.71908],[6.86374,46.71908],[6.8657,46.71778],[6.86747,46.7179],[6.86765,46.71807],[6.86794,46.71839],[6.86832,46.71879],[6.86853,46.71898],[6.86864,46.71906],[6.86874,46.71912],[6.86911,46.71931],[6.87016,46.71964],[6.87072,46.72005],[6.87109,46.72035],[6.87179,46.72057],[6.87609,46.72046],[6.87722,46.72094],[6.87822,46.7208],[6.87915,46.71994],[6.88066,46.71971],[6.88113,46.71962],[6.88152,46.71941],[6.88225,46.71876],[6.8825,46.71844],[6.88289,46.71816],[6.8832,46.71805],[6.88391,46.71794],[6.88395,46.71793],[6.884,46.71792],[6.88425,46.71787],[6.88445,46.71781],[6.88511,46.71754],[6.88699,46.71721],[6.88722,46.71716],[6.88744,46.71707],[6.88779,46.71682],[6.8879,46.71667],[6.88797,46.71651],[6.88828,46.71556],[6.88901,46.71508],[6.89041,46.71503],[6.89178,46.71461],[6.89235,46.71399],[6.89234,46.71291],[6.89335,46.71235],[6.89387,46.7118],[6.89416,46.70978],[6.89729,46.70872],[6.89831,46.70889],[6.90107,46.71144],[6.90423,46.71382],[6.90718,46.71493],[6.91151,46.71792],[6.91492,46.71857],[6.91675,46.71982],[6.91787,46.71978],[6.92051,46.72141],[6.9224,46.72597],[6.92197,46.72658],[6.9208,46.72695],[6.92039,46.72711],[6.92023,46.72722],[6.91912,46.72814],[6.9185,46.72919],[6.91812,46.72943],[6.91783,46.72952],[6.91763,46.72957],[6.91566,46.73008],[6.91544,46.73015],[6.91508,46.73036],[6.9142,46.73103],[6.91342,46.73106],[6.91294,46.73091],[6.91188,46.72986],[6.911,46.72958],[6.90944,46.72959],[6.90855,46.73036],[6.90799,46.73238],[6.90748,46.73267],[6.90703,46.73289],[6.90681,46.73302],[6.9067,46.73311],[6.90655,46.73325],[6.90609,46.73367],[6.90492,46.73439],[6.90462,46.73455],[6.90423,46.73473],[6.90382,46.73487],[6.90296,46.73508],[6.90274,46.73515],[6.90254,46.73525],[6.90237,46.73536],[6.90229,46.73544],[6.90211,46.73562],[6.90174,46.73625],[6.90086,46.73657],[6.89944,46.73645],[6.8987,46.73657],[6.89724,46.73735],[6.89532,46.73669],[6.89339,46.73643],[6.89035,46.73706],[6.88992,46.73719],[6.88968,46.73729],[6.88918,46.73762],[6.8889,46.73811],[6.88909,46.73902],[6.88881,46.73956],[6.88814,46.74016],[6.88775,46.74035],[6.88728,46.74043],[6.88704,46.74042],[6.88664,46.74035],[6.88505,46.74003],[6.88503,46.74003],[6.88463,46.73995],[6.88436,46.73992],[6.88409,46.73992],[6.88358,46.74005],[6.88258,46.74055],[6.8821,46.7406],[6.88163,46.74053],[6.88103,46.74017],[6.87183,46.73107],[6.87162,46.73097],[6.87138,46.7309],[6.87113,46.73086],[6.87087,46.73086],[6.87061,46.73089],[6.87037,46.73096],[6.87016,46.73106],[6.86868,46.73184],[6.86692,46.73134],[6.86603,46.72984],[6.8675,46.72775],[6.86363,46.72492],[6.86314,46.72394],[6.86192,46.7228],[6.86202,46.72148],[6.8619,46.72109],[6.86169,46.72081],[6.86105,46.72023],[6.86134,46.71908]]],[[[6.78442,46.73743],[6.78508,46.73631],[6.78766,46.73564],[6.79219,46.73616],[6.79592,46.73583],[6.79727,46.7345],[6.79875,46.73433],[6.80429,46.73646],[6.80661,46.73568],[6.8115,46.73759],[6.81455,46.73755],[6.81615,46.73902],[6.81584,46.74075],[6.82107,46.74446],[6.82195,46.74673],[6.82644,46.74996],[6.82668,46.75179],[6.82854,46.75247],[6.82926,46.75373],[6.82865,46.75488],[6.82934,46.75606],[6.8316,46.75712],[6.83684,46.76111],[6.83957,46.76218],[6.84449,46.76512],[6.84432,46.76655],[6.84772,46.7699],[6.84638,46.77178],[6.84768,46.7735],[6.85164,46.77305],[6.85603,46.77069],[6.85704,46.76799],[6.85998,46.76618],[6.85962,46.76376],[6.86047,46.76299],[6.86368,46.7631],[6.86535,46.76246],[6.86712,46.76047],[6.86965,46.75853],[6.87471,46.75715],[6.87654,46.75605],[6.87672,46.75343],[6.87975,46.75199],[6.88183,46.75047],[6.88317,46.75088],[6.8854,46.75308],[6.88556,46.75321],[6.88575,46.75332],[6.8862,46.75345],[6.88645,46.75347],[6.88669,46.75345],[6.88693,46.75341],[6.88715,46.75333],[6.88817,46.75291],[6.88909,46.75159],[6.89035,46.75088],[6.89159,46.75068],[6.89402,46.75208],[6.89484,46.75297],[6.89505,46.75315],[6.89519,46.75323],[6.89604,46.75364],[6.89646,46.75387],[6.89676,46.75399],[6.89853,46.75463],[6.89948,46.75471],[6.90046,46.7542],[6.90116,46.75345],[6.90196,46.75313],[6.90442,46.75273],[6.90674,46.75266],[6.90912,46.75194],[6.91013,46.75219],[6.91045,46.75336],[6.90947,46.75445],[6.90995,46.75561],[6.90849,46.7576],[6.91151,46.76096],[6.91426,46.76263],[6.91611,46.76491],[6.91605,46.76558],[6.91421,46.76729],[6.91483,46.76853],[6.91476,46.76924],[6.91443,46.76952],[6.91415,46.76965],[6.91279,46.77007],[6.91213,46.77029],[6.91119,46.77072],[6.9109,46.77103],[6.91085,46.77158],[6.91151,46.77355],[6.91135,46.77404],[6.91103,46.77429],[6.91077,46.77441],[6.90907,46.77503],[6.90886,46.77513],[6.90868,46.77525],[6.90854,46.77539],[6.90844,46.77555],[6.90838,46.77572],[6.90838,46.77589],[6.90842,46.77606],[6.90851,46.77622],[6.91059,46.77915],[6.91061,46.77998],[6.90797,46.78261],[6.90683,46.78296],[6.90474,46.78177],[6.90078,46.78171],[6.89903,46.77979],[6.89515,46.77893],[6.89296,46.77755],[6.8877,46.77812],[6.88073,46.77581],[6.87685,46.7761],[6.87291,46.77826],[6.87043,46.77861],[6.86381,46.78113],[6.86223,46.78306],[6.86383,46.78467],[6.85963,46.78758],[6.8528,46.78543],[6.85138,46.78548],[6.84992,46.78412],[6.85055,46.78309],[6.84842,46.78108],[6.84727,46.78084],[6.84428,46.77897],[6.84265,46.77913],[6.83995,46.78046],[6.83876,46.77989],[6.83804,46.77831],[6.83578,46.77593],[6.83247,46.77479],[6.82873,46.77623],[6.82752,46.77595],[6.82633,46.77441],[6.82474,46.77395],[6.82206,46.77602],[6.81939,46.77694],[6.81428,46.77469],[6.81154,46.77241],[6.81149,46.77122],[6.81143,46.77102],[6.81138,46.77093],[6.81131,46.77082],[6.81069,46.77007],[6.80966,46.76965],[6.80645,46.76713],[6.80526,46.76624],[6.80455,46.76576],[6.80231,46.76432],[6.80207,46.76415],[6.80189,46.76399],[6.80184,46.76395],[6.80172,46.76386],[6.80166,46.76382],[6.80153,46.76374],[6.80153,46.76373],[6.80124,46.76354],[6.8011,46.76345],[6.80075,46.76322],[6.79984,46.76267],[6.79963,46.7625],[6.79574,46.7605],[6.79486,46.75889],[6.79712,46.75704],[6.79684,46.75637],[6.79586,46.7555],[6.79558,46.75503],[6.79451,46.7539],[6.79293,46.75257],[6.7921,46.752],[6.79097,46.75128],[6.79049,46.75095],[6.78969,46.75035],[6.7896,46.75029],[6.78912,46.74998],[6.78897,46.7499],[6.7889,46.74987],[6.7888,46.74983],[6.78772,46.74939],[6.78713,46.7485],[6.78544,46.74683],[6.78491,46.74573],[6.78442,46.73743]]]]},"properties":{"bfs_nr":5831,"name":"Valbroye"}},{"type":"Feature","geometry":{"type":"Polygon","coordinates":[[[7.01513,46.43275],[7.01593,46.42982],[7.01595,46.42968],[7.01614,46.42622],[7.01628,46.42353],[7.01771,46.42262],[7.02286,46.4228],[7.02305,46.4228],[7.02324,46.42278],[7.02491,46.42249],[7.02545,46.42246],[7.03317,46.42314],[7.03359,46.42322],[7.03627,46.42402],[7.03651,46.42407],[7.03996,46.42457],[7.04158,46.42446],[7.04263,46.42465],[7.0429,46.42471],[7.04311,46.42478],[7.04325,46.42482],[7.04352,46.42495],[7.04371,46.42507],[7.04392,46.42529],[7.04408,46.42542],[7.04427,46.42553],[7.04448,46.42561],[7.04471,46.42567],[7.04496,46.42569],[7.06635,46.42619],[7.0666,46.42618],[7.06685,46.42614],[7.06707,46.42606],[7.07152,46.4242],[7.0717,46.42411],[7.07186,46.424],[7.07199,46.42387],[7.07208,46.42372],[7.07243,46.42307],[7.07269,46.42259],[7.07272,46.42253],[7.07274,46.4225],[7.07277,46.42246],[7.07295,46.42212],[7.07303,46.422],[7.07325,46.42169],[7.07378,46.42099],[7.07388,46.42079],[7.0739,46.42074],[7.07547,46.41685],[7.07548,46.41685],[7.07562,46.41649],[7.07566,46.4163],[7.07542,46.4152],[7.0759,46.41338],[7.07605,46.41309],[7.07613,46.41297],[7.07622,46.41279],[7.07566,46.4095],[7.07677,46.40575],[7.07706,46.40513],[7.07783,46.4047],[7.07834,46.40466],[7.07888,46.40479],[7.08035,46.40534],[7.08093,46.4057],[7.08691,46.41185],[7.0948,46.41591],[7.09487,46.41595],[7.09584,46.41639],[7.09608,46.41648],[7.09635,46.41653],[7.09662,46.41654],[7.09723,46.41645],[7.09988,46.41592],[7.10077,46.41572],[7.10218,46.41543],[7.10226,46.41542],[7.10377,46.41503],[7.10385,46.41501],[7.10524,46.41458],[7.10863,46.41329],[7.10876,46.41324],[7.10934,46.41297],[7.10971,46.41284],[7.11025,46.4127],[7.11028,46.41269],[7.11436,46.41154],[7.11481,46.41146],[7.117,46.41123],[7.11703,46.41123],[7.11709,46.41122],[7.11733,46.41118],[7.11776,46.41102],[7.11794,46.41089],[7.11807,46.41075],[7.11816,46.41059],[7.11829,46.4103],[7.11833,46.41015],[7.11908,46.4081],[7.12447,46.40584],[7.12472,46.40572],[7.12563,46.40514],[7.12601,46.40469],[7.12588,46.40334],[7.13013,46.3952],[7.13245,46.39324],[7.13513,46.3888],[7.13519,46.38871],[7.13637,46.38618],[7.13641,46.38606],[7.13761,46.38129],[7.13881,46.38051],[7.14251,46.38023],[7.14647,46.38196],[7.14709,46.38213],[7.14977,46.38219],[7.15036,46.38229],[7.15199,46.38279],[7.15222,46.38284],[7.15245,46.38286],[7.15268,46.38286],[7.15297,46.38283],[7.15319,46.3828],[7.15457,46.38254],[7.15545,46.38262],[7.15565,46.38264],[7.15585,46.38263],[7.15805,46.38244],[7.15814,46.38243],[7.16402,46.38164],[7.16423,46.3816],[7.16443,46.38153],[7.1668,46.38058],[7.16768,46.38044],[7.17073,46.38063],[7.17104,46.38062],[7.17133,46.38057],[7.1746,46.37966],[7.17802,46.37981],[7.17858,46.37977],[7.17883,46.37969],[7.18155,46.37858],[7.18175,46.37847],[7.18192,46.37835],[7.18417,46.37631],[7.18468,46.37581],[7.18636,46.37554],[7.19101,46.37703],[7.192,46.37818],[7.19344,46.379],[7.19423,46.38306],[7.19504,46.38501],[7.19832,46.38919],[7.1984,46.39056],[7.20076,46.39278],[7.20206,46.39561],[7.2038,46.39735],[7.20458,46.40019],[7.20777,46.40337],[7.20764,46.40609],[7.20696,46.40838],[7.20724,46.41016],[7.20944,46.41679],[7.20693,46.41911],[7.20621,46.42092],[7.20344,46.42225],[7.20045,46.42589],[7.19901,46.42937],[7.1972,46.43046],[7.19277,46.434],[7.19258,46.435],[7.19495,46.4406],[7.19496,46.44063],[7.19621,46.44336],[7.19643,46.44381],[7.19641,46.44415],[7.19621,46.4446],[7.19613,46.44515],[7.1958,46.44554],[7.19568,46.44589],[7.19574,46.44631],[7.19621,46.44716],[7.19741,46.44823],[7.19716,46.45032],[7.19717,46.45068],[7.19739,46.4512],[7.19801,46.45231],[7.1982,46.45255],[7.19847,46.45279],[7.19926,46.45345],[7.19936,46.45378],[7.19928,46.45411],[7.19884,46.45451],[7.19823,46.45473],[7.19689,46.45536],[7.19499,46.45609],[7.18596,46.46259],[7.18562,46.46337],[7.18662,46.46421],[7.18677,46.46434],[7.18695,46.46466],[7.18697,46.46483],[7.18693,46.46504],[7.18631,46.46708],[7.18615,46.4674],[7.18517,46.46878],[7.18473,46.46959],[7.18459,46.46979],[7.18306,46.47158],[7.18009,46.47667],[7.18003,46.47719],[7.1801,46.47736],[7.18023,46.47752],[7.1804,46.47765],[7.1806,46.47776],[7.18121,46.47804],[7.18168,46.47828],[7.18183,46.47836],[7.18209,46.47853],[7.1823,46.47869],[7.18251,46.47902],[7.18252,46.4794],[7.18237,46.47972],[7.18206,46.48005],[7.18151,46.48243],[7.18094,46.48281],[7.18068,46.48314],[7.18064,46.48352],[7.18069,46.48372],[7.18071,46.48379],[7.18072,46.48386],[7.18073,46.48387],[7.18075,46.48396],[7.18082,46.48415],[7.18085,46.48421],[7.18094,46.48435],[7.18108,46.48458],[7.18136,46.48503],[7.18147,46.48525],[7.18307,46.48785],[7.18474,46.48912],[7.18483,46.49141],[7.18409,46.49334],[7.18436,46.49431],[7.1844,46.49452],[7.18438,46.49469],[7.18422,46.495],[7.18404,46.49517],[7.18328,46.49582],[7.18307,46.49602],[7.18267,46.49649],[7.18201,46.49692],[7.18102,46.49724],[7.17941,46.49811],[7.17811,46.49888],[7.1776,46.49931],[7.17699,46.49956],[7.17534,46.4997],[7.17475,46.49999],[7.17377,46.50092],[7.16989,46.50219],[7.16878,46.50337],[7.16877,46.50684],[7.16936,46.50873],[7.16929,46.50908],[7.16899,46.50943],[7.1661,46.51166],[7.16578,46.51217],[7.16583,46.51253],[7.16594,46.5127],[7.1661,46.51286],[7.17109,46.51678],[7.17516,46.52234],[7.17535,46.52291],[7.17519,46.52326],[7.17479,46.52357],[7.17363,46.52424],[7.17202,46.52596],[7.17179,46.52823],[7.17022,46.53157],[7.16878,46.53173],[7.16477,46.52966],[7.16333,46.52855],[7.15891,46.52693],[7.15309,46.52731],[7.14838,46.52837],[7.14487,46.52636],[7.14359,46.522],[7.1372,46.51327],[7.13628,46.50883],[7.13525,46.50754],[7.13118,46.5048],[7.12726,46.50351],[7.12302,46.49894],[7.11797,46.49746],[7.11283,46.4954],[7.11031,46.49479],[7.10867,46.4931],[7.10663,46.49201],[7.10521,46.48923],[7.1008,46.48685],[7.10118,46.48586],[7.10471,46.48357],[7.10487,46.48345],[7.10499,46.48331],[7.10507,46.48316],[7.10512,46.483],[7.10521,46.48235],[7.10522,46.48218],[7.10514,46.4815],[7.10513,46.48084],[7.10529,46.48005],[7.10544,46.47974],[7.10582,46.47921],[7.10592,46.47902],[7.10604,46.47867],[7.10605,46.47866],[7.10702,46.47604],[7.10706,46.47586],[7.10698,46.4755],[7.10686,46.47534],[7.10669,46.47519],[7.10649,46.47507],[7.10626,46.47499],[7.10441,46.47389],[7.10522,46.47272],[7.10518,46.47225],[7.10514,46.47203],[7.10502,46.47173],[7.10485,46.47139],[7.10477,46.47125],[7.10402,46.46972],[7.10338,46.46921],[7.10316,46.46879],[7.10287,46.46852],[7.10216,46.46817],[7.10154,46.46778],[7.1013,46.46765],[7.10103,46.46748],[7.10101,46.46747],[7.10083,46.46729],[7.10065,46.46697],[7.10088,46.46619],[7.10065,46.46554],[7.09614,46.46199],[7.09248,46.45846],[7.09053,46.45762],[7.08866,46.45703],[7.08791,46.45698],[7.08681,46.45717],[7.08655,46.45714],[7.08631,46.45707],[7.08583,46.45687],[7.08482,46.45667],[7.08355,46.45589],[7.08264,46.45568],[7.08229,46.45556],[7.08193,46.45537],[7.08124,46.45521],[7.08101,46.45512],[7.08083,46.45502],[7.08078,46.455],[7.08066,46.45492],[7.08038,46.45471],[7.08017,46.45452],[7.07979,46.45404],[7.07829,46.45342],[7.07588,46.45275],[7.07341,46.4517],[7.07267,46.45086],[7.07248,46.45072],[7.07225,46.45061],[7.07138,46.45029],[7.07064,46.45007],[7.07037,46.44997],[7.07018,46.44986],[7.0699,46.44961],[7.06924,46.44933],[7.06642,46.44882],[7.06614,46.44875],[7.06594,46.44867],[7.06561,46.44843],[7.06549,46.44829],[7.06541,46.44809],[7.06516,46.44728],[7.06509,46.44712],[7.06497,46.44697],[7.06482,46.44684],[7.06354,46.44591],[7.06316,46.44572],[7.06002,46.44469],[7.05976,46.44462],[7.05949,46.4446],[7.05921,46.44461],[7.05829,46.44471],[7.05794,46.44468],[7.05513,46.4442],[7.0548,46.44412],[7.0545,46.44398],[7.04779,46.4402],[7.04637,46.4401],[7.04405,46.44093],[7.04317,46.44168],[7.04276,46.44191],[7.04244,46.44199],[7.03831,46.44273],[7.03801,46.44276],[7.03771,46.44276],[7.03762,46.44275],[7.03732,46.44271],[7.03688,46.44254],[7.03671,46.44242],[7.03635,46.44206],[7.03578,46.44163],[7.03535,46.44123],[7.0349,46.44084],[7.03472,46.4407],[7.03424,46.44042],[7.03381,46.44022],[7.03342,46.44005],[7.03317,46.43992],[7.03296,46.43975],[7.03289,46.43968],[7.03281,46.4396],[7.03249,46.43924],[7.03227,46.43906],[7.03192,46.43883],[7.03187,46.4388],[7.03137,46.43851],[7.03122,46.43841],[7.03089,46.43818],[7.03069,46.43806],[7.03045,46.43797],[7.02862,46.43744],[7.02811,46.43741],[7.02763,46.43751],[7.0271,46.43789],[7.02676,46.43844],[7.02504,46.44012],[7.0238,46.44025],[7.02094,46.43906],[7.01944,46.43804],[7.01793,46.43662],[7.01737,46.43573],[7.01674,46.43534],[7.01541,46.43394],[7.01517,46.43324],[7.0151,46.43294],[7.01513,46.43275]]]},"properties":{"bfs_nr":5841,"name":"Ch\u00e2teau-d'Oex"}},{"type":"Feature","geometry":{"type":"Polygon","coordinates":[[[7.01785,46.44707],[7.01794,46.44633],[7.01827,46.44605],[7.01874,46.44589],[7.01926,46.44587],[7.01996,46.44605],[7.02018,46.44608],[7.02046,46.44609],[7.02075,46.44608],[7.02101,46.44605],[7.02125,46.44598],[7.02147,46.44589],[7.02166,46.44577],[7.02181,46.44562],[7.02191,46.44546],[7.02196,46.44528],[7.02197,46.4451],[7.02186,46.4446],[7.02269,46.44313],[7.02349,46.44258],[7.02355,46.44254],[7.0237,46.44241],[7.0238,46.4423],[7.02383,46.44227],[7.02394,46.44213],[7.02405,46.44196],[7.02459,46.44053],[7.02519,46.44008],[7.02687,46.43833],[7.02728,46.4378],[7.02791,46.43748],[7.02868,46.43747],[7.03039,46.43796],[7.03068,46.43807],[7.03134,46.43849],[7.03185,46.43879],[7.0322,46.43901],[7.03254,46.43929],[7.03282,46.43961],[7.03287,46.43967],[7.033,46.43979],[7.03317,46.43992],[7.03337,46.44003],[7.0342,46.4404],[7.03467,46.44067],[7.03494,46.44087],[7.0358,46.44165],[7.03629,46.44202],[7.0367,46.44242],[7.03688,46.44255],[7.03709,46.44264],[7.03731,46.44271],[7.03756,46.44275],[7.03777,46.44276],[7.03801,46.44277],[7.03825,46.44274],[7.04247,46.44198],[7.04274,46.44192],[7.04317,46.44169],[7.04411,46.44091],[7.04631,46.44012],[7.04784,46.44023],[7.05455,46.44401],[7.05479,46.44412],[7.05506,46.44419],[7.05801,46.44469],[7.05829,46.44472],[7.05857,46.4447],[7.05914,46.44462],[7.05949,46.4446],[7.05976,46.44463],[7.06009,46.44471],[7.06311,46.4457],[7.06478,46.44681],[7.06497,46.44697],[7.06508,46.44712],[7.06517,46.44732],[7.06542,46.44813],[7.06549,46.44829],[7.0656,46.44844],[7.06575,46.44857],[7.06593,46.44867],[7.06614,46.44876],[7.06637,46.44881],[7.06888,46.44926],[7.06998,46.44984],[7.07024,46.44995],[7.07134,46.45028],[7.07216,46.45059],[7.07242,46.4507],[7.07275,46.45096],[7.07296,46.45135],[7.0734,46.45172],[7.07582,46.45274],[7.07937,46.45389],[7.07973,46.45425],[7.08007,46.45445],[7.08042,46.45475],[7.08061,46.45489],[7.08073,46.45497],[7.08116,46.45527],[7.08157,46.45543],[7.08188,46.45548],[7.08241,46.45563],[7.08294,46.45576],[7.08352,46.45588],[7.08482,46.45668],[7.08628,46.45709],[7.0866,46.45716],[7.08684,46.45718],[7.08708,46.45717],[7.08856,46.45703],[7.09018,46.45752],[7.09246,46.45846],[7.09874,46.46459],[7.10055,46.46548],[7.10061,46.4668],[7.10069,46.46713],[7.1008,46.46728],[7.10095,46.46742],[7.10107,46.46751],[7.10316,46.46881],[7.10346,46.46944],[7.10404,46.46993],[7.10429,46.47062],[7.10474,46.47122],[7.10487,46.47142],[7.10511,46.47198],[7.10519,46.47231],[7.10516,46.47274],[7.10435,46.47385],[7.1052,46.4748],[7.10606,46.47496],[7.10635,46.47504],[7.10656,46.47513],[7.10688,46.47539],[7.10698,46.47555],[7.10705,46.47589],[7.107,46.4761],[7.10604,46.47867],[7.10593,46.47897],[7.10579,46.47925],[7.10541,46.47977],[7.1053,46.48002],[7.10515,46.48064],[7.10513,46.4808],[7.10514,46.48151],[7.10521,46.48214],[7.10521,46.48239],[7.10512,46.48296],[7.10507,46.48316],[7.10486,46.48345],[7.10467,46.4836],[7.10112,46.4859],[7.09824,46.48824],[7.09482,46.48802],[7.08942,46.487],[7.08651,46.48779],[7.08265,46.48778],[7.07788,46.48876],[7.07294,46.48666],[7.06988,46.48706],[7.06653,46.4887],[7.06506,46.48876],[7.06133,46.48737],[7.05885,46.4851],[7.05458,46.48283],[7.05124,46.48191],[7.04879,46.48035],[7.04761,46.47888],[7.04379,46.47651],[7.04185,46.47597],[7.03842,46.47425],[7.02866,46.46697],[7.0268,46.46427],[7.0247,46.46321],[7.02072,46.45985],[7.02101,46.45723],[7.01981,46.4526],[7.01785,46.44707]]]},"properties":{"bfs_nr":5842,"name":"Rossini\u00e8re"}},{"type":"Feature","geometry":{"type":"Polygon","coordinates":[[[7.16879,46.50592],[7.16899,46.50331],[7.17053,46.50207],[7.17287,46.50134],[7.17399,46.50083],[7.17493,46.49993],[7.17701,46.49956],[7.17725,46.4995],[7.17746,46.49941],[7.17764,46.49929],[7.17812,46.49889],[7.17981,46.49802],[7.18088,46.49732],[7.18185,46.49702],[7.18266,46.49652],[7.18408,46.49514],[7.18422,46.49501],[7.18433,46.49485],[7.18439,46.49469],[7.18441,46.49452],[7.18494,46.49169],[7.18478,46.48908],[7.18304,46.48773],[7.18274,46.48692],[7.18182,46.48575],[7.18146,46.48522],[7.18124,46.4848],[7.18106,46.48455],[7.181,46.48445],[7.18093,46.48434],[7.18086,46.48423],[7.18081,46.48413],[7.1808,46.4841],[7.18074,46.48392],[7.18072,46.48386],[7.1807,46.48377],[7.18069,46.48372],[7.18068,46.4837],[7.18067,46.48365],[7.18066,46.48342],[7.18111,46.48279],[7.18199,46.48231],[7.18239,46.48075],[7.1822,46.48008],[7.18251,46.47946],[7.18253,46.47937],[7.18255,46.47919],[7.18251,46.47901],[7.18243,46.47885],[7.1823,46.47869],[7.18213,46.47856],[7.18181,46.47835],[7.18171,46.47829],[7.18132,46.47809],[7.18123,46.47805],[7.18065,46.47779],[7.1804,46.47765],[7.18023,46.47751],[7.18003,46.47719],[7.18012,46.47663],[7.18309,46.47155],[7.18461,46.46975],[7.18471,46.46962],[7.18519,46.46876],[7.18619,46.46735],[7.18629,46.46714],[7.18694,46.465],[7.18697,46.46483],[7.18695,46.46466],[7.18689,46.46449],[7.186,46.46255],[7.19496,46.45612],[7.19693,46.45535],[7.19876,46.45457],[7.19914,46.45432],[7.19927,46.45417],[7.19938,46.45382],[7.19936,46.45364],[7.19928,46.45347],[7.19916,46.45331],[7.19889,46.45303],[7.19819,46.45252],[7.19791,46.45201],[7.19748,46.45132],[7.19718,46.45061],[7.19751,46.44953],[7.19743,46.4482],[7.19622,46.44714],[7.19576,46.44633],[7.19578,46.44561],[7.19602,46.44533],[7.1963,46.44488],[7.19654,46.44413],[7.19643,46.44364],[7.1963,46.44348],[7.19617,46.44327],[7.19547,46.44175],[7.19541,46.44154],[7.1954,46.44137],[7.19553,46.44105],[7.19676,46.44048],[7.19874,46.44031],[7.20155,46.4408],[7.20562,46.43918],[7.21345,46.43961],[7.21875,46.44134],[7.22221,46.44195],[7.22498,46.44412],[7.22681,46.44957],[7.22666,46.45187],[7.23074,46.45398],[7.23067,46.45466],[7.22748,46.45728],[7.2289,46.45903],[7.22967,46.46132],[7.22908,46.46249],[7.23083,46.466],[7.23076,46.4667],[7.22733,46.47239],[7.22503,46.47737],[7.22453,46.48623],[7.22526,46.4867],[7.23137,46.48773],[7.23505,46.48806],[7.23593,46.48887],[7.23555,46.49268],[7.23425,46.49418],[7.2353,46.49548],[7.23985,46.49655],[7.24115,46.49722],[7.24254,46.4995],[7.24451,46.50153],[7.24522,46.50544],[7.24629,46.50607],[7.24666,46.5091],[7.24791,46.51042],[7.24832,46.5126],[7.24744,46.51455],[7.2489,46.51778],[7.2489,46.52128],[7.24799,46.5224],[7.24792,46.52534],[7.24672,46.52935],[7.24687,46.53069],[7.24487,46.53329],[7.24584,46.53548],[7.24584,46.53789],[7.24443,46.54011],[7.24276,46.54115],[7.23715,46.54691],[7.23708,46.55242],[7.23548,46.55333],[7.23214,46.55124],[7.23072,46.55109],[7.22535,46.54912],[7.22324,46.54768],[7.22146,46.54464],[7.21781,46.54181],[7.21429,46.53787],[7.21304,46.53735],[7.21001,46.53424],[7.20802,46.53333],[7.20686,46.53373],[7.20122,46.53984],[7.20037,46.54196],[7.19361,46.54602],[7.19172,46.54602],[7.18259,46.53859],[7.17701,46.53595],[7.17309,46.53348],[7.17131,46.53288],[7.17044,46.53163],[7.17178,46.52841],[7.17205,46.52592],[7.17504,46.52342],[7.1752,46.52326],[7.1753,46.5231],[7.17536,46.52291],[7.17536,46.52273],[7.1752,46.52238],[7.17115,46.51683],[7.16614,46.51289],[7.16595,46.5127],[7.16584,46.51253],[7.16579,46.51217],[7.16615,46.51163],[7.16888,46.50952],[7.16918,46.5093],[7.16939,46.50901],[7.16925,46.50761],[7.16879,46.50592]]]},"properties":{"bfs_nr":5843,"name":"Rougemont"}},{"type":"Feature","geometry":{"type":"Polygon","coordinates":[[[6.37802,46.46679],[6.37938,46.46556],[6.37945,46.46542],[6.37956,46.46512],[6.37957,46.46506],[6.37958,46.46504],[6.3796,46.46496],[6.3796,46.46493],[6.37963,46.46482],[6.37967,46.46472],[6.37968,46.46468],[6.3797,46.46462],[6.37971,46.46459],[6.39424,46.41258],[6.39584,46.41183],[6.42384,46.41557],[6.4249,46.41623],[6.42493,46.41656],[6.42488,46.41673],[6.42477,46.41692],[6.39163,46.45951],[6.39149,46.46007],[6.39156,46.46025],[6.39166,46.46044],[6.39169,46.46049],[6.39182,46.4607],[6.39188,46.46077],[6.39207,46.46101],[6.39215,46.46109],[6.39276,46.46167],[6.39285,46.46174],[6.39302,46.4619],[6.39307,46.46195],[6.39312,46.46202],[6.3932,46.46212],[6.39329,46.46224],[6.39345,46.46252],[6.39366,46.46288],[6.39378,46.46304],[6.3948,46.46361],[6.39518,46.464],[6.39554,46.46421],[6.39576,46.46428],[6.39599,46.46432],[6.39623,46.46433],[6.39638,46.46432],[6.39669,46.4643],[6.39706,46.46428],[6.39755,46.4643],[6.39783,46.46437],[6.39824,46.46456],[6.39866,46.46496],[6.39905,46.46518],[6.39929,46.46525],[6.39954,46.46528],[6.40015,46.46529],[6.40063,46.4654],[6.40144,46.4664],[6.40202,46.46679],[6.40371,46.46698],[6.40469,46.46779],[6.40493,46.46788],[6.40522,46.46794],[6.40552,46.46803],[6.4057,46.4681],[6.40578,46.46814],[6.40593,46.46822],[6.40619,46.4684],[6.4063,46.46848],[6.4064,46.46858],[6.40653,46.46875],[6.40663,46.46907],[6.40607,46.47007],[6.40586,46.4705],[6.40583,46.47058],[6.40583,46.47061],[6.40582,46.47064],[6.40578,46.47085],[6.40582,46.47106],[6.4059,46.47124],[6.40596,46.47134],[6.40599,46.47138],[6.40603,46.47145],[6.40613,46.47156],[6.40646,46.47191],[6.40677,46.47221],[6.40695,46.47269],[6.40644,46.47389],[6.40706,46.47521],[6.40672,46.47661],[6.40687,46.47691],[6.40713,46.47716],[6.40732,46.47746],[6.40728,46.47795],[6.40677,46.4787],[6.40637,46.47939],[6.40544,46.4797],[6.40323,46.47898],[6.40163,46.47714],[6.39634,46.47578],[6.39196,46.47522],[6.385,46.47437],[6.38413,46.47401],[6.38405,46.47273],[6.38391,46.47239],[6.38378,46.47225],[6.3836,46.47212],[6.38339,46.47202],[6.38316,46.47195],[6.38225,46.47172],[6.38181,46.47143],[6.38051,46.4703],[6.37907,46.4693],[6.37802,46.46679]]]},"properties":{"bfs_nr":5851,"name":"Allaman"}},{"type":"Feature","geometry":{"type":"Polygon","coordinates":[[[6.29954,46.43819],[6.2999,46.43732],[6.30299,46.4361],[6.30571,46.43414],[6.30658,46.43312],[6.30831,46.43248],[6.30894,46.43237],[6.30952,46.43202],[6.33469,46.40428],[6.33614,46.40384],[6.35176,46.40594],[6.35264,46.40632],[6.35285,46.40697],[6.35279,46.40714],[6.35265,46.40733],[6.32041,46.44384],[6.32032,46.44393],[6.32005,46.44418],[6.31976,46.44441],[6.31966,46.44448],[6.31832,46.44553],[6.31751,46.44621],[6.31698,46.44687],[6.3164,46.44717],[6.31408,46.44643],[6.31385,46.44638],[6.3136,46.44636],[6.31335,46.44637],[6.31311,46.44642],[6.31289,46.44649],[6.31269,46.4466],[6.31195,46.44705],[6.31144,46.44717],[6.31003,46.44702],[6.30877,46.44648],[6.30855,46.44639],[6.3083,46.44633],[6.30805,46.44631],[6.30755,46.44637],[6.30488,46.44744],[6.30001,46.4454],[6.29941,46.44433],[6.30023,46.44328],[6.30039,46.44294],[6.30088,46.44132],[6.30086,46.44115],[6.3008,46.44098],[6.30069,46.44082],[6.29954,46.43934],[6.29954,46.43819]]]},"properties":{"bfs_nr":5852,"name":"Bursinel"}},{"type":"Feature","geometry":{"type":"Polygon","coordinates":[[[6.27234,46.45964],[6.27304,46.45896],[6.27308,46.45841],[6.27352,46.45793],[6.27477,46.45718],[6.27499,46.457],[6.27606,46.45592],[6.27679,46.45528],[6.27692,46.45514],[6.27706,46.45484],[6.2771,46.45454],[6.27732,46.45418],[6.27743,46.45394],[6.27756,46.45343],[6.27776,46.45313],[6.27837,46.4527],[6.27901,46.45214],[6.27938,46.45191],[6.27995,46.45134],[6.28108,46.45003],[6.28185,46.4491],[6.28231,46.44869],[6.28294,46.44837],[6.28309,46.44825],[6.28588,46.44539],[6.28601,46.44523],[6.28609,46.44506],[6.28612,46.44488],[6.28602,46.44452],[6.28541,46.44375],[6.28672,46.44135],[6.28678,46.43969],[6.29042,46.43894],[6.29318,46.43778],[6.29414,46.43647],[6.29493,46.43599],[6.29586,46.43593],[6.29677,46.43621],[6.29826,46.43697],[6.29932,46.43911],[6.30081,46.44104],[6.30086,46.44121],[6.30086,46.44139],[6.30071,46.44172],[6.30021,46.4422],[6.30016,46.44308],[6.29997,46.44361],[6.29702,46.44722],[6.29523,46.44947],[6.29503,46.45014],[6.29484,46.45053],[6.29471,46.45076],[6.29436,46.45119],[6.29407,46.45146],[6.29334,46.45198],[6.29259,46.45238],[6.29238,46.45267],[6.29234,46.453],[6.29244,46.4533],[6.29243,46.45387],[6.29235,46.45406],[6.29196,46.45453],[6.29119,46.45512],[6.29027,46.45601],[6.28753,46.45986],[6.28477,46.46209],[6.28175,46.46503],[6.27949,46.46907],[6.27844,46.46948],[6.27635,46.46944],[6.27608,46.46939],[6.27579,46.46928],[6.27563,46.46919],[6.27547,46.46907],[6.27526,46.46889],[6.27519,46.46883],[6.27497,46.4686],[6.27448,46.46808],[6.27434,46.46789],[6.27426,46.46769],[6.2742,46.46748],[6.27417,46.4673],[6.27418,46.46712],[6.27426,46.46685],[6.27444,46.4665],[6.27463,46.46602],[6.27467,46.46585],[6.27465,46.46537],[6.27483,46.46499],[6.2752,46.46463],[6.27533,46.46431],[6.27529,46.46398],[6.2752,46.46383],[6.27427,46.46251],[6.27426,46.46249],[6.27385,46.46194],[6.2722,46.46121],[6.2717,46.46024],[6.27234,46.45964]]]},"properties":{"bfs_nr":5853,"name":"Bursins"}},{"type":"Feature","geometry":{"type":"Polygon","coordinates":[[[6.24791,46.46868],[6.24804,46.4682],[6.24863,46.46751],[6.24913,46.46638],[6.24887,46.46412],[6.24899,46.46369],[6.24906,46.46357],[6.24907,46.46354],[6.2491,46.46349],[6.24915,46.46336],[6.24919,46.46306],[6.24918,46.46289],[6.24912,46.46272],[6.2491,46.46268],[6.24904,46.46257],[6.24896,46.46247],[6.24892,46.46236],[6.24888,46.46227],[6.24887,46.46225],[6.24879,46.46205],[6.24898,46.46141],[6.25069,46.46032],[6.25239,46.46002],[6.25398,46.46035],[6.25715,46.46018],[6.25803,46.45938],[6.26054,46.45923],[6.26143,46.45887],[6.26217,46.45778],[6.26269,46.45735],[6.26292,46.45728],[6.26341,46.45722],[6.26417,46.4574],[6.26984,46.46011],[6.27149,46.46055],[6.27246,46.4615],[6.27356,46.46187],[6.27393,46.46209],[6.2741,46.46228],[6.27426,46.4625],[6.27428,46.46252],[6.27515,46.46375],[6.27526,46.46395],[6.27529,46.46429],[6.27472,46.46508],[6.27464,46.46538],[6.27466,46.46585],[6.27461,46.46607],[6.27445,46.46647],[6.27436,46.46664],[6.27434,46.46669],[6.27428,46.46682],[6.27422,46.46698],[6.27419,46.46708],[6.27417,46.46716],[6.27416,46.4673],[6.27419,46.46745],[6.27427,46.46773],[6.27434,46.46789],[6.27445,46.46805],[6.27498,46.46861],[6.27501,46.46865],[6.2752,46.46884],[6.27525,46.46888],[6.2755,46.4691],[6.27563,46.4692],[6.27583,46.4693],[6.27608,46.46939],[6.27832,46.4698],[6.28062,46.46992],[6.28169,46.47011],[6.28224,46.47049],[6.28244,46.47058],[6.2829,46.47071],[6.28329,46.47092],[6.28343,46.47105],[6.28359,46.47137],[6.28361,46.47154],[6.28358,46.4717],[6.28358,46.47193],[6.28365,46.47244],[6.28246,46.47422],[6.28239,46.47441],[6.28237,46.47451],[6.28236,46.47466],[6.28243,46.47574],[6.28236,46.47657],[6.28224,46.477],[6.28221,46.47726],[6.28229,46.47814],[6.28258,46.47876],[6.28249,46.47926],[6.27997,46.48184],[6.27982,46.4824],[6.28014,46.48426],[6.28004,46.48461],[6.27934,46.48587],[6.27932,46.48591],[6.27873,46.48688],[6.27862,46.48703],[6.27848,46.48717],[6.27799,46.48758],[6.27758,46.48793],[6.27736,46.48809],[6.27614,46.48825],[6.27569,46.48808],[6.27547,46.48792],[6.27438,46.48698],[6.27422,46.48682],[6.27414,46.48669],[6.27407,46.4865],[6.27315,46.48281],[6.27257,46.4822],[6.26922,46.48073],[6.26898,46.48065],[6.26873,46.4806],[6.26847,46.48059],[6.26821,46.48061],[6.26796,46.48068],[6.26731,46.48089],[6.26719,46.48093],[6.26569,46.48162],[6.26479,46.48184],[6.26288,46.48185],[6.26255,46.48182],[6.26223,46.48176],[6.26129,46.48146],[6.26098,46.48133],[6.26085,46.48127],[6.26054,46.48107],[6.26037,46.48094],[6.26027,46.48086],[6.26011,46.48072],[6.25992,46.48057],[6.25968,46.48047],[6.25942,46.4804],[6.25919,46.48035],[6.25885,46.4803],[6.25809,46.48015],[6.25772,46.48007],[6.25744,46.47999],[6.25724,46.4799],[6.25678,46.47958],[6.25642,46.47945],[6.2562,46.47934],[6.25597,46.4792],[6.25586,46.47913],[6.25496,46.47848],[6.25485,46.47841],[6.25438,46.47815],[6.25429,46.4781],[6.25414,46.47802],[6.25391,46.47794],[6.25366,46.47788],[6.24956,46.47731],[6.24914,46.4764],[6.24911,46.47525],[6.24918,46.47507],[6.24923,46.47497],[6.24931,46.47471],[6.24885,46.47346],[6.24872,46.47329],[6.24869,46.47326],[6.24847,46.47304],[6.24791,46.47154],[6.24805,46.47097],[6.2481,46.47089],[6.24826,46.4706],[6.24833,46.47043],[6.24834,46.47025],[6.24834,46.47011],[6.24835,46.47008],[6.24837,46.46988],[6.24834,46.46968],[6.24824,46.4695],[6.24817,46.46943],[6.24801,46.46922],[6.24791,46.46868]]]},"properties":{"bfs_nr":5854,"name":"Burtigny"}},{"type":"Feature","geometry":{"type":"Polygon","coordinates":[[[6.28006,46.42901],[6.28056,46.42876],[6.28077,46.42867],[6.28126,46.42848],[6.2818,46.42834],[6.28315,46.42814],[6.28383,46.4281],[6.28433,46.42819],[6.2853,46.42864],[6.28637,46.42929],[6.28848,46.43002],[6.29085,46.42987],[6.29138,46.4297],[6.29175,46.42943],[6.29198,46.42908],[6.29266,46.42777],[6.29539,46.42647],[6.29575,46.42512],[6.29626,46.42486],[6.29691,46.42446],[6.29704,46.42433],[6.29707,46.42429],[6.32455,46.39929],[6.32647,46.39911],[6.33444,46.40333],[6.33475,46.40377],[6.33474,46.4041],[6.33468,46.40426],[6.33454,46.40444],[6.30971,46.43181],[6.30952,46.43198],[6.3091,46.43219],[6.30747,46.43277],[6.30676,46.43289],[6.30576,46.43348],[6.30517,46.43451],[6.3028,46.43615],[6.29995,46.43725],[6.29661,46.43604],[6.29591,46.43591],[6.29514,46.43591],[6.29469,46.43603],[6.29433,46.43625],[6.29287,46.43758],[6.29012,46.43751],[6.28929,46.43701],[6.28883,46.43645],[6.28838,46.43609],[6.28796,46.43548],[6.28749,46.43494],[6.28746,46.43461],[6.28801,46.43311],[6.28712,46.43195],[6.2862,46.43173],[6.28478,46.43184],[6.28438,46.43203],[6.2836,46.43254],[6.28289,46.4327],[6.2824,46.43264],[6.28198,46.43245],[6.28177,46.43229],[6.2796,46.43013],[6.28006,46.42901]]]},"properties":{"bfs_nr":5855,"name":"Dully"}},{"type":"Feature","geometry":{"type":"Polygon","coordinates":[[[6.27984,46.48246],[6.28,46.48181],[6.28195,46.47987],[6.28591,46.48021],[6.28934,46.47977],[6.29116,46.47963],[6.29187,46.47954],[6.29219,46.47952],[6.29315,46.47952],[6.29361,46.47958],[6.2946,46.4798],[6.29462,46.4798],[6.2963,46.48015],[6.29678,46.48019],[6.29843,46.47961],[6.30455,46.47902],[6.30648,46.47934],[6.30725,46.47893],[6.30736,46.47878],[6.30745,46.47861],[6.3075,46.47846],[6.30775,46.47772],[6.3078,46.47721],[6.30802,46.47691],[6.30895,46.47611],[6.30929,46.47588],[6.30956,46.47576],[6.31071,46.47546],[6.31203,46.47492],[6.31258,46.4745],[6.31402,46.47238],[6.31411,46.47195],[6.31414,46.47126],[6.31573,46.46821],[6.31749,46.46579],[6.31797,46.46521],[6.31826,46.4649],[6.31855,46.46459],[6.31877,46.4644],[6.31922,46.46414],[6.31954,46.464],[6.3201,46.46386],[6.32057,46.46361],[6.321,46.46348],[6.32162,46.46343],[6.32275,46.46351],[6.32373,46.46348],[6.32767,46.46672],[6.32625,46.4695],[6.32642,46.47109],[6.32634,46.47144],[6.32603,46.47189],[6.32533,46.47348],[6.32507,46.47386],[6.32499,46.47399],[6.32491,46.47419],[6.32484,46.47446],[6.32468,46.47476],[6.32464,46.47492],[6.32454,46.47541],[6.32446,46.47574],[6.32448,46.47654],[6.32442,46.47696],[6.32417,46.47743],[6.32415,46.47758],[6.32417,46.47774],[6.3243,46.47827],[6.3243,46.47828],[6.32444,46.47885],[6.32445,46.47886],[6.32463,46.47963],[6.32469,46.47979],[6.3248,46.47995],[6.32508,46.48027],[6.32509,46.48028],[6.32514,46.48033],[6.32529,46.48047],[6.32547,46.48058],[6.3259,46.48076],[6.32624,46.48102],[6.32641,46.48136],[6.32616,46.4821],[6.32617,46.4826],[6.32844,46.48346],[6.32903,46.48492],[6.32917,46.48506],[6.32956,46.48526],[6.33057,46.48561],[6.33082,46.48572],[6.33114,46.48596],[6.33131,46.48627],[6.33131,46.4866],[6.33017,46.4882],[6.33003,46.48852],[6.33007,46.48886],[6.33016,46.48902],[6.33029,46.48917],[6.33078,46.4896],[6.33095,46.48973],[6.33216,46.48992],[6.3345,46.48954],[6.33564,46.49055],[6.33568,46.4909],[6.33537,46.49137],[6.33497,46.49159],[6.33364,46.49188],[6.33275,46.49212],[6.33067,46.49243],[6.32987,46.49276],[6.32815,46.49471],[6.32802,46.49485],[6.32793,46.49501],[6.32789,46.49518],[6.32794,46.49551],[6.32816,46.49581],[6.32872,46.49612],[6.32918,46.49624],[6.3297,46.49624],[6.33001,46.49627],[6.33071,46.4964],[6.33103,46.4965],[6.33126,46.49661],[6.33146,46.49676],[6.33159,46.49692],[6.33171,46.49728],[6.3316,46.49764],[6.33122,46.49804],[6.33079,46.49824],[6.32859,46.49773],[6.32812,46.49765],[6.32702,46.49766],[6.32686,46.49767],[6.3267,46.49768],[6.32598,46.49779],[6.32579,46.49783],[6.32572,46.49785],[6.32549,46.49791],[6.32533,46.49796],[6.32502,46.49808],[6.32465,46.49821],[6.32434,46.49829],[6.32408,46.49831],[6.32342,46.49829],[6.32117,46.49858],[6.32012,46.49877],[6.31973,46.49881],[6.31966,46.49881],[6.31953,46.49881],[6.31926,46.49881],[6.31915,46.49881],[6.31904,46.49882],[6.31885,46.49883],[6.31863,46.49887],[6.31858,46.49887],[6.31789,46.49898],[6.31758,46.49898],[6.31685,46.49877],[6.31602,46.49772],[6.31464,46.49674],[6.31228,46.49558],[6.30939,46.4953],[6.30832,46.49404],[6.30836,46.49386],[6.30845,46.49369],[6.30906,46.49327],[6.31118,46.4924],[6.31144,46.49208],[6.31149,46.49191],[6.31149,46.49173],[6.31134,46.49138],[6.31119,46.49123],[6.311,46.49111],[6.31078,46.49101],[6.31066,46.49097],[6.31058,46.49094],[6.31043,46.4909],[6.31037,46.49088],[6.30972,46.49071],[6.30853,46.49047],[6.3082,46.49034],[6.30819,46.49033],[6.30804,46.49024],[6.30766,46.48999],[6.30706,46.48963],[6.30625,46.4891],[6.30435,46.48881],[6.30311,46.48801],[6.30287,46.48792],[6.30261,46.48786],[6.30234,46.48785],[6.30207,46.48787],[6.30181,46.48793],[6.30158,46.48802],[6.29958,46.48904],[6.29837,46.48991],[6.29787,46.49023],[6.29749,46.49042],[6.29597,46.49074],[6.29549,46.49071],[6.29487,46.49045],[6.29429,46.48985],[6.29414,46.48977],[6.29381,46.48954],[6.29379,46.48953],[6.29329,46.48921],[6.29328,46.48921],[6.29309,46.48909],[6.29256,46.48876],[6.29256,46.48875],[6.29224,46.48856],[6.29223,46.48855],[6.29201,46.48841],[6.29155,46.48813],[6.29112,46.48786],[6.29026,46.48764],[6.28886,46.48796],[6.28838,46.48793],[6.28728,46.48754],[6.2863,46.48741],[6.28599,46.48735],[6.28556,46.48716],[6.2854,46.48703],[6.28501,46.48649],[6.28472,46.48626],[6.28338,46.48548],[6.28068,46.48464],[6.27984,46.48246]]]},"properties":{"bfs_nr":5856,"name":"Essertines-sur-Rolle"}},{"type":"Feature","geometry":{"type":"Polygon","coordinates":[[[6.27975,46.46866],[6.28172,46.46509],[6.28476,46.46217],[6.2872,46.4603],[6.28898,46.45826],[6.29023,46.45611],[6.29194,46.45456],[6.29228,46.45416],[6.29241,46.45397],[6.29246,46.45376],[6.29248,46.45342],[6.29239,46.45276],[6.29257,46.45246],[6.29335,46.45201],[6.29412,46.45142],[6.29432,46.45124],[6.2949,46.45052],[6.29527,46.4499],[6.29552,46.44911],[6.29838,46.44561],[6.3001,46.44544],[6.30488,46.44744],[6.3061,46.44739],[6.30713,46.44656],[6.30756,46.44637],[6.30805,46.44632],[6.30854,46.44639],[6.30882,46.4465],[6.31012,46.44714],[6.31131,46.44728],[6.31178,46.44716],[6.31289,46.4465],[6.31335,46.44638],[6.31384,46.44638],[6.3143,46.44651],[6.31544,46.44717],[6.3164,46.44718],[6.31894,46.44604],[6.32135,46.44755],[6.3227,46.44817],[6.32363,46.44868],[6.32385,46.44883],[6.32409,46.44915],[6.32413,46.4495],[6.32397,46.44984],[6.32322,46.45048],[6.3231,46.45063],[6.32303,46.4508],[6.32301,46.45097],[6.32303,46.45114],[6.32322,46.45146],[6.32372,46.45198],[6.32376,46.45233],[6.32346,46.4528],[6.32241,46.4535],[6.32147,46.45468],[6.32133,46.45483],[6.32076,46.45524],[6.32063,46.4554],[6.32055,46.45557],[6.32051,46.45574],[6.32053,46.45592],[6.3206,46.45609],[6.32072,46.45625],[6.32189,46.45717],[6.3222,46.45749],[6.32229,46.45783],[6.32192,46.45845],[6.32137,46.45878],[6.3182,46.4618],[6.31747,46.46215],[6.31746,46.46216],[6.31678,46.46248],[6.31674,46.4625],[6.31668,46.46253],[6.31661,46.46257],[6.31656,46.4626],[6.31651,46.46263],[6.31642,46.46269],[6.31563,46.46325],[6.3152,46.46345],[6.31032,46.4642],[6.30927,46.46421],[6.30865,46.46452],[6.30882,46.4662],[6.30834,46.46695],[6.30797,46.46756],[6.30785,46.46792],[6.30836,46.4697],[6.30614,46.47201],[6.30551,46.47232],[6.30535,46.47245],[6.30519,46.47262],[6.30506,46.47275],[6.30456,46.47317],[6.30443,46.4733],[6.30433,46.47346],[6.30427,46.47362],[6.30426,46.47378],[6.3043,46.47395],[6.30448,46.47458],[6.30392,46.4755],[6.30385,46.47567],[6.30382,46.47585],[6.30381,46.4764],[6.30375,46.47663],[6.30365,46.4768],[6.3032,46.47724],[6.30304,46.47771],[6.30279,46.47896],[6.30202,46.47921],[6.2979,46.47967],[6.29675,46.48008],[6.29625,46.48012],[6.29593,46.48008],[6.29461,46.4798],[6.29459,46.47979],[6.29353,46.47956],[6.29323,46.47952],[6.29297,46.47951],[6.29286,46.47951],[6.29214,46.47952],[6.29193,46.47953],[6.2894,46.47977],[6.28593,46.4802],[6.28399,46.47995],[6.28272,46.47888],[6.28229,46.47814],[6.28223,46.47716],[6.28237,46.47652],[6.28243,46.47574],[6.28238,46.47446],[6.28247,46.47422],[6.28279,46.4738],[6.28326,46.47305],[6.28366,46.47248],[6.28367,46.47232],[6.28359,46.47199],[6.28358,46.47179],[6.28362,46.47145],[6.28357,46.47127],[6.28348,46.4711],[6.28333,46.47095],[6.28315,46.47082],[6.28293,46.47072],[6.28247,46.47059],[6.2821,46.4704],[6.28178,46.47015],[6.28155,46.47004],[6.28129,46.46997],[6.28059,46.4699],[6.27998,46.46964],[6.27975,46.46866]]]},"properties":{"bfs_nr":5857,"name":"Gilly"}},{"type":"Feature","geometry":{"type":"Polygon","coordinates":[[[6.26368,46.44628],[6.26387,46.44547],[6.26426,46.44453],[6.26461,46.44403],[6.26472,46.44379],[6.26478,46.4435],[6.26488,46.4433],[6.26513,46.4429],[6.26525,46.44275],[6.26529,46.44271],[6.26678,46.44122],[6.26681,46.44118],[6.26693,46.44106],[6.26702,46.44097],[6.26727,46.44069],[6.26847,46.43956],[6.26938,46.4392],[6.2696,46.43908],[6.26977,46.43893],[6.27021,46.43846],[6.27066,46.43773],[6.27404,46.43334],[6.27411,46.4317],[6.27608,46.43042],[6.2795,46.43011],[6.28181,46.43232],[6.28197,46.43245],[6.28217,46.43256],[6.2824,46.43264],[6.28264,46.43269],[6.28289,46.4327],[6.2836,46.43255],[6.28429,46.43212],[6.28473,46.43199],[6.28584,46.43181],[6.28721,46.43211],[6.28788,46.43313],[6.28737,46.43475],[6.28748,46.43508],[6.28793,46.4355],[6.28826,46.43594],[6.28848,46.43621],[6.28919,46.43699],[6.28977,46.4374],[6.29003,46.43799],[6.28943,46.43872],[6.28631,46.43979],[6.2855,46.44078],[6.28084,46.4436],[6.27919,46.44385],[6.27823,46.4444],[6.27802,46.44451],[6.2773,46.44493],[6.27666,46.44597],[6.2756,46.44681],[6.27391,46.44842],[6.27253,46.44991],[6.27169,46.45089],[6.27106,46.45188],[6.27015,46.45378],[6.27013,46.45415],[6.27041,46.45481],[6.27037,46.45514],[6.27026,46.45533],[6.2683,46.45807],[6.26814,46.45825],[6.26777,46.45848],[6.26682,46.45858],[6.26589,46.4572],[6.2677,46.45481],[6.26788,46.45443],[6.26786,46.4541],[6.26712,46.4527],[6.26678,46.45233],[6.26585,46.4517],[6.26579,46.45166],[6.26571,46.4516],[6.26552,46.45145],[6.26481,46.45083],[6.26463,46.45064],[6.26454,46.45048],[6.2645,46.4503],[6.26456,46.44996],[6.2651,46.44866],[6.26368,46.44628]]]},"properties":{"bfs_nr":5858,"name":"Luins"}},{"type":"Feature","geometry":{"type":"Polygon","coordinates":[[[6.32432,46.47717],[6.32442,46.47698],[6.32448,46.47655],[6.32462,46.47501],[6.3247,46.47477],[6.32486,46.47444],[6.32497,46.47405],[6.3253,46.47354],[6.32602,46.47192],[6.32635,46.47147],[6.32646,46.47113],[6.32625,46.46951],[6.32768,46.46672],[6.32607,46.46526],[6.32725,46.46426],[6.3306,46.46559],[6.33652,46.46746],[6.33786,46.46716],[6.33825,46.46648],[6.33806,46.46575],[6.33808,46.46528],[6.33812,46.46506],[6.3382,46.4649],[6.33849,46.46461],[6.33891,46.46443],[6.33941,46.46437],[6.34155,46.46435],[6.34277,46.46347],[6.3435,46.46344],[6.34379,46.4635],[6.34545,46.46417],[6.34671,46.46407],[6.34728,46.46344],[6.3476,46.46314],[6.34782,46.46304],[6.34833,46.46293],[6.34867,46.46293],[6.34908,46.46297],[6.3493,46.46299],[6.34947,46.46302],[6.34962,46.46304],[6.35061,46.46314],[6.35151,46.4642],[6.35132,46.4645],[6.3512,46.46471],[6.35117,46.46477],[6.35102,46.46502],[6.35096,46.46514],[6.35066,46.46573],[6.35044,46.46631],[6.35043,46.4665],[6.35055,46.46736],[6.34943,46.46901],[6.34867,46.46956],[6.34617,46.47054],[6.34574,46.47086],[6.34565,46.47098],[6.34551,46.47123],[6.3455,46.47125],[6.34547,46.47129],[6.34545,46.47133],[6.34541,46.47142],[6.34537,46.47154],[6.34536,46.47199],[6.34518,46.47282],[6.34501,46.47318],[6.34495,46.4737],[6.34528,46.47533],[6.34507,46.47619],[6.34424,46.47702],[6.34287,46.47924],[6.3428,46.4796],[6.34294,46.47994],[6.34326,46.48023],[6.34372,46.4804],[6.34593,46.48069],[6.34625,46.48147],[6.34465,46.48386],[6.3408,46.48667],[6.34065,46.4868],[6.34048,46.48691],[6.34044,46.48693],[6.34009,46.48709],[6.33994,46.48714],[6.33939,46.48726],[6.3388,46.48735],[6.33838,46.48752],[6.33733,46.48833],[6.33634,46.4895],[6.33354,46.48943],[6.33096,46.48973],[6.33074,46.48957],[6.33033,46.4892],[6.33016,46.48902],[6.33007,46.48886],[6.33003,46.48852],[6.3312,46.48685],[6.33135,46.48651],[6.33134,46.48633],[6.33129,46.48616],[6.33119,46.48599],[6.33104,46.48585],[6.33085,46.48572],[6.33063,46.48563],[6.32945,46.4852],[6.32912,46.48493],[6.32896,46.4846],[6.3289,46.48377],[6.3284,46.48337],[6.32617,46.4826],[6.32638,46.48171],[6.32641,46.48136],[6.32625,46.48102],[6.32591,46.48076],[6.32547,46.48057],[6.32529,46.48046],[6.32511,46.4803],[6.3251,46.48029],[6.32507,46.48026],[6.32483,46.47998],[6.3247,46.47979],[6.32462,46.47959],[6.32445,46.47886],[6.3243,46.47828],[6.3243,46.47827],[6.32418,46.47779],[6.32416,46.4776],[6.32418,46.47744],[6.32432,46.47717]]]},"properties":{"bfs_nr":5859,"name":"Mont-sur-Rolle"}},{"type":"Feature","geometry":{"type":"Polygon","coordinates":[[[6.34311,46.47897],[6.34509,46.47621],[6.3453,46.4756],[6.34528,46.47462],[6.34503,46.47409],[6.34505,46.47319],[6.34524,46.47274],[6.34538,46.47201],[6.34543,46.47138],[6.34545,46.47134],[6.34548,46.47128],[6.3455,46.47124],[6.34551,46.47122],[6.34564,46.47101],[6.34574,46.47086],[6.34627,46.47051],[6.34867,46.46956],[6.34939,46.46904],[6.34956,46.46888],[6.34995,46.46831],[6.35048,46.46763],[6.35057,46.4673],[6.35044,46.46656],[6.35049,46.46624],[6.35054,46.46614],[6.3507,46.46565],[6.35094,46.46517],[6.35106,46.46499],[6.35115,46.46483],[6.35117,46.46477],[6.35126,46.4646],[6.35139,46.46444],[6.35152,46.4643],[6.35162,46.46416],[6.35172,46.46087],[6.36629,46.40884],[6.36788,46.40809],[6.39316,46.41147],[6.39424,46.41258],[6.37971,46.46458],[6.37971,46.4646],[6.37968,46.46467],[6.37967,46.46469],[6.37963,46.46479],[6.37962,46.46483],[6.3796,46.46492],[6.3796,46.46496],[6.37956,46.46512],[6.37948,46.46535],[6.37936,46.46558],[6.37902,46.46588],[6.37728,46.46668],[6.37678,46.46709],[6.37642,46.46731],[6.37601,46.46747],[6.37567,46.46768],[6.37519,46.46784],[6.37466,46.46786],[6.37365,46.46769],[6.37317,46.46773],[6.37257,46.46791],[6.37161,46.4685],[6.37145,46.46862],[6.37131,46.46875],[6.37116,46.46906],[6.3711,46.46944],[6.37077,46.4701],[6.37072,46.4705],[6.37107,46.47142],[6.37104,46.47187],[6.37074,46.47235],[6.36969,46.47319],[6.36816,46.47505],[6.36742,46.47675],[6.3644,46.47643],[6.36286,46.4769],[6.36155,46.47693],[6.36033,46.47671],[6.35975,46.47654],[6.35949,46.47651],[6.35898,46.47656],[6.35777,46.47713],[6.35727,46.47716],[6.35703,46.47712],[6.35656,46.47697],[6.35627,46.47683],[6.35603,46.47665],[6.35514,46.47586],[6.35301,46.47469],[6.35054,46.47505],[6.35009,46.47549],[6.3495,46.47699],[6.34923,46.47738],[6.34911,46.47781],[6.34901,46.47799],[6.34882,46.47828],[6.34868,46.47843],[6.34827,46.47875],[6.34787,46.47933],[6.3475,46.47962],[6.34718,46.47991],[6.34678,46.48016],[6.34439,46.48042],[6.3436,46.48033],[6.3432,46.48011],[6.34289,46.47947],[6.34311,46.47897]]]},"properties":{"bfs_nr":5860,"name":"Perroy"}},{"type":"Feature","geometry":{"type":"Polygon","coordinates":[[[6.32,46.44424],[6.32033,46.44392],[6.32039,46.44386],[6.35316,46.40676],[6.35461,46.40632],[6.36521,46.40774],[6.36629,46.40884],[6.35171,46.46092],[6.35038,46.46308],[6.34966,46.46304],[6.34943,46.46302],[6.34927,46.46299],[6.34912,46.46297],[6.34859,46.46293],[6.34833,46.46292],[6.34809,46.46295],[6.34785,46.46301],[6.34764,46.46311],[6.34544,46.46412],[6.34386,46.46352],[6.34373,46.46348],[6.34349,46.46343],[6.34324,46.46341],[6.34274,46.46347],[6.34232,46.46366],[6.34151,46.46435],[6.33938,46.46436],[6.33912,46.46437],[6.33886,46.46443],[6.33863,46.46452],[6.33843,46.46464],[6.33826,46.46478],[6.33815,46.46495],[6.33808,46.46513],[6.338,46.46682],[6.33643,46.46742],[6.33058,46.46558],[6.32868,46.46465],[6.32465,46.46329],[6.32379,46.46282],[6.32298,46.46218],[6.3227,46.462],[6.32194,46.46156],[6.32172,46.46145],[6.32163,46.46142],[6.32137,46.46135],[6.32088,46.46123],[6.32038,46.46101],[6.32011,46.46],[6.32208,46.45832],[6.32227,46.458],[6.3223,46.45783],[6.32228,46.45765],[6.32221,46.45749],[6.32194,46.4572],[6.32072,46.45625],[6.32054,46.45592],[6.32055,46.45557],[6.32076,46.45524],[6.32134,46.45483],[6.32145,46.45471],[6.32238,46.45354],[6.32348,46.4528],[6.32372,46.45251],[6.32379,46.45218],[6.32369,46.45186],[6.32308,46.45119],[6.32304,46.45101],[6.32305,46.45082],[6.32323,46.45048],[6.32398,46.44984],[6.32414,46.4495],[6.32414,46.44932],[6.3241,46.44915],[6.324,46.44898],[6.32386,46.44883],[6.32368,46.4487],[6.32325,46.44846],[6.32272,46.44818],[6.32131,46.44752],[6.31893,46.44585],[6.32,46.44424]]]},"properties":{"bfs_nr":5861,"name":"Rolle"}},{"type":"Feature","geometry":{"type":"Polygon","coordinates":[[[6.30332,46.47841],[6.30308,46.47791],[6.3032,46.47724],[6.30366,46.4768],[6.30376,46.47663],[6.3038,46.47645],[6.30382,46.4763],[6.30382,46.47623],[6.30386,46.47567],[6.30393,46.4755],[6.3044,46.47495],[6.30449,46.47458],[6.30427,46.47378],[6.30433,46.47346],[6.30443,46.47331],[6.3046,46.47314],[6.3051,46.47272],[6.3053,46.47258],[6.30587,46.47234],[6.30851,46.46958],[6.30793,46.46819],[6.30787,46.46787],[6.30801,46.4675],[6.30896,46.46612],[6.30889,46.46497],[6.30958,46.46445],[6.31086,46.46414],[6.31534,46.46343],[6.31554,46.46331],[6.31564,46.46325],[6.31641,46.4627],[6.31659,46.46258],[6.31669,46.46252],[6.31673,46.46251],[6.31679,46.46248],[6.31746,46.46215],[6.31747,46.46215],[6.31794,46.46193],[6.31813,46.46185],[6.31833,46.46176],[6.31921,46.46112],[6.32027,46.46108],[6.3213,46.46133],[6.32168,46.46144],[6.32199,46.46159],[6.32256,46.46194],[6.32281,46.46278],[6.32215,46.46332],[6.32137,46.46341],[6.32095,46.46348],[6.32067,46.46357],[6.31949,46.46401],[6.31928,46.4641],[6.31886,46.46434],[6.31874,46.46442],[6.31858,46.46455],[6.31854,46.46459],[6.31852,46.46461],[6.31837,46.46478],[6.31815,46.46498],[6.31804,46.46505],[6.31792,46.46517],[6.3157,46.46809],[6.31414,46.47125],[6.31407,46.47206],[6.31395,46.4724],[6.3136,46.47293],[6.31325,46.47329],[6.31262,46.47443],[6.31207,46.47488],[6.31076,46.47544],[6.30956,46.47574],[6.30919,46.47592],[6.30867,46.47633],[6.30797,46.4769],[6.30777,46.47724],[6.30775,46.47769],[6.30759,46.47813],[6.30743,46.47863],[6.3073,46.47883],[6.30714,46.47897],[6.30622,46.47925],[6.30332,46.47841]]]},"properties":{"bfs_nr":5862,"name":"Tartegnin"}},{"type":"Feature","geometry":{"type":"Polygon","coordinates":[[[6.26813,46.4583],[6.27029,46.45529],[6.27038,46.45514],[6.27042,46.45481],[6.27016,46.45403],[6.27031,46.45351],[6.27102,46.45253],[6.27117,46.45179],[6.27166,46.45094],[6.27254,46.44991],[6.27314,46.44949],[6.27395,46.44838],[6.27676,46.44592],[6.27715,46.44522],[6.27738,46.44491],[6.2776,46.44475],[6.27802,46.44451],[6.27814,46.44444],[6.27816,46.44444],[6.27824,46.4444],[6.27875,46.4441],[6.27903,46.44397],[6.28091,46.44364],[6.28393,46.44176],[6.28569,46.44208],[6.2854,46.44381],[6.28602,46.4446],[6.28609,46.44493],[6.28598,46.44526],[6.28414,46.44717],[6.28293,46.44837],[6.2823,46.44869],[6.28187,46.44908],[6.28,46.45128],[6.27932,46.45194],[6.27906,46.4521],[6.27873,46.45236],[6.27829,46.45275],[6.27785,46.45303],[6.27768,46.45318],[6.27757,46.45336],[6.27738,46.454],[6.27712,46.45446],[6.27705,46.45468],[6.27701,46.45493],[6.27692,46.45512],[6.27673,46.45534],[6.27605,46.45593],[6.27504,46.45696],[6.27471,46.45721],[6.27296,46.45827],[6.27267,46.45853],[6.27249,46.45926],[6.26993,46.46013],[6.26805,46.45905],[6.26813,46.4583]]]},"properties":{"bfs_nr":5863,"name":"Vinzel"}},{"type":"Feature","geometry":{"type":"Polygon","coordinates":[[[6.25774,46.61232],[6.26375,46.60731],[6.26606,46.60523],[6.27086,46.60135],[6.27102,46.60119],[6.27112,46.60102],[6.27117,46.60083],[6.27146,46.59817],[6.27152,46.59795],[6.27175,46.59764],[6.27198,46.59748],[6.27277,46.59702],[6.27279,46.59701],[6.27385,46.59642],[6.27386,46.59642],[6.27475,46.59591],[6.27476,46.5959],[6.27547,46.59549],[6.27551,46.59546],[6.27645,46.59495],[6.27649,46.59493],[6.27732,46.59443],[6.27735,46.59442],[6.27781,46.59415],[6.27782,46.59415],[6.27862,46.59369],[6.27895,46.59354],[6.28064,46.59295],[6.28197,46.59248],[6.28209,46.59243],[6.28261,46.59219],[6.28263,46.59219],[6.28327,46.59189],[6.28373,46.59167],[6.28406,46.59155],[6.28425,46.59146],[6.28441,46.59136],[6.28727,46.58951],[6.2905,46.5903],[6.29217,46.58854],[6.29324,46.58782],[6.29345,46.58768],[6.29372,46.58754],[6.29488,46.58702],[6.29491,46.587],[6.29627,46.58641],[6.29675,46.58627],[6.29785,46.58612],[6.29877,46.58636],[6.29939,46.58739],[6.29981,46.58798],[6.29998,46.58817],[6.30098,46.58912],[6.30075,46.59017],[6.29847,46.59193],[6.29785,46.59252],[6.29768,46.59318],[6.29787,46.5935],[6.29803,46.59363],[6.29935,46.59454],[6.29938,46.59456],[6.29982,46.59488],[6.29992,46.59494],[6.30009,46.59504],[6.30044,46.59529],[6.30136,46.59592],[6.30139,46.59594],[6.30198,46.59632],[6.30204,46.59636],[6.3027,46.59683],[6.30274,46.59685],[6.30339,46.59728],[6.30343,46.59731],[6.30403,46.59773],[6.30405,46.59774],[6.30558,46.59875],[6.30559,46.59876],[6.30661,46.59945],[6.3067,46.59951],[6.30737,46.59995],[6.3074,46.59996],[6.3078,46.60024],[6.30783,46.60026],[6.30812,46.60045],[6.30816,46.60047],[6.30926,46.60121],[6.30928,46.60122],[6.31111,46.60247],[6.31114,46.60248],[6.31167,46.60283],[6.31172,46.60286],[6.31228,46.60319],[6.3123,46.6032],[6.31272,46.60344],[6.31278,46.60347],[6.31367,46.60392],[6.32031,46.60705],[6.33277,46.61568],[6.33317,46.6162],[6.33315,46.61657],[6.33306,46.61674],[6.33273,46.61703],[6.3325,46.61714],[6.33199,46.61729],[6.33161,46.61742],[6.33146,46.61747],[6.33042,46.61776],[6.3304,46.61776],[6.32951,46.61802],[6.32948,46.61803],[6.32921,46.61812],[6.32881,46.61821],[6.32722,46.61849],[6.327,46.61857],[6.32681,46.61868],[6.32665,46.61881],[6.32653,46.61896],[6.32645,46.61912],[6.32641,46.61929],[6.32643,46.61946],[6.32659,46.61978],[6.32816,46.62169],[6.3315,46.62543],[6.33231,46.62631],[6.33296,46.62703],[6.33403,46.62818],[6.33491,46.62911],[6.33492,46.62912],[6.33579,46.63001],[6.33604,46.63029],[6.33623,46.63046],[6.33648,46.63059],[6.33708,46.63084],[6.33711,46.63085],[6.3379,46.63116],[6.33811,46.63123],[6.33846,46.63128],[6.3388,46.63137],[6.33924,46.63153],[6.33942,46.63161],[6.34005,46.6319],[6.34019,46.63196],[6.34178,46.63251],[6.34295,46.63298],[6.3439,46.63331],[6.34416,46.63343],[6.34448,46.63368],[6.34461,46.63387],[6.34489,46.63442],[6.34524,46.63481],[6.34806,46.63582],[6.34816,46.6362],[6.34815,46.63703],[6.34809,46.63773],[6.34805,46.63792],[6.34733,46.63866],[6.34721,46.63883],[6.34688,46.63949],[6.34655,46.64076],[6.34652,46.64091],[6.3465,46.64186],[6.3465,46.64194],[6.34656,46.64256],[6.34661,46.64275],[6.34671,46.64292],[6.34875,46.64489],[6.34912,46.64565],[6.34971,46.64863],[6.34838,46.6536],[6.34813,46.65565],[6.34882,46.657],[6.34816,46.65938],[6.34822,46.65975],[6.34827,46.65995],[6.3485,46.66077],[6.34852,46.66102],[6.34851,46.66128],[6.34848,46.66149],[6.34831,46.66182],[6.34799,46.66332],[6.34805,46.66366],[6.3483,46.66411],[6.34843,46.66458],[6.34876,46.66541],[6.34963,46.66724],[6.35006,46.66904],[6.34942,46.67322],[6.3497,46.67432],[6.34998,46.67673],[6.35029,46.67812],[6.35024,46.6804],[6.35017,46.68075],[6.34986,46.68119],[6.3498,46.68135],[6.34979,46.68151],[6.34986,46.68258],[6.34988,46.68272],[6.35005,46.68306],[6.35009,46.68325],[6.34989,46.68377],[6.34952,46.68404],[6.34928,46.68412],[6.34896,46.68419],[6.34163,46.6851],[6.34128,46.68512],[6.33891,46.68512],[6.33889,46.68512],[6.33835,46.68513],[6.33713,46.68509],[6.3348,46.68336],[6.3336,46.68305],[6.33153,46.68132],[6.3304,46.68057],[6.33018,46.6804],[6.33005,46.68024],[6.32994,46.67988],[6.33017,46.67929],[6.33019,46.67896],[6.33013,46.67879],[6.33002,46.67864],[6.32988,46.6785],[6.32716,46.67637],[6.32712,46.67633],[6.32299,46.67287],[6.32279,46.67268],[6.32083,46.67026],[6.3207,46.67005],[6.32064,46.66971],[6.32078,46.66937],[6.32092,46.66922],[6.32115,46.66906],[6.32219,46.66848],[6.32307,46.66822],[6.32406,46.66807],[6.32483,46.66754],[6.32514,46.66724],[6.32691,46.6658],[6.32706,46.66565],[6.32716,46.66548],[6.32721,46.6653],[6.32721,46.66511],[6.32715,46.66493],[6.32704,46.66477],[6.32688,46.66462],[6.3085,46.65054],[6.30834,46.65043],[6.27262,46.6309],[6.26149,46.6255],[6.25177,46.61836],[6.25157,46.61818],[6.25146,46.61802],[6.25138,46.61767],[6.25169,46.61713],[6.25419,46.61491],[6.25431,46.61481],[6.25594,46.61363],[6.25716,46.61275],[6.25733,46.61263],[6.2576,46.61244],[6.25774,46.61232]]]},"properties":{"bfs_nr":5871,"name":"L'Abbaye"}},{"type":"Feature","geometry":{"type":"Polygon","coordinates":[[[6.12164,46.58387],[6.11493,46.57985],[6.11107,46.57679],[6.11144,46.57581],[6.12755,46.56478],[6.15577,46.54594],[6.15667,46.54529],[6.15989,46.54291],[6.16248,46.54061],[6.16362,46.53983],[6.16381,46.53973],[6.16445,46.53947],[6.16462,46.53937],[6.16476,46.53925],[6.16595,46.53799],[6.16644,46.53766],[6.16749,46.5372],[6.16768,46.5371],[6.16784,46.53698],[6.16997,46.535],[6.17101,46.53417],[6.17252,46.53347],[6.17303,46.53331],[6.17476,46.53302],[6.17517,46.53298],[6.17762,46.53292],[6.17784,46.5329],[6.17806,46.53285],[6.18017,46.53227],[6.18045,46.53221],[6.18092,46.5322],[6.18115,46.53224],[6.18141,46.53233],[6.18207,46.53259],[6.18227,46.53266],[6.18248,46.5327],[6.18269,46.53272],[6.18457,46.53276],[6.18478,46.53275],[6.18538,46.53266],[6.18587,46.53269],[6.18611,46.53276],[6.18637,46.53288],[6.18813,46.53386],[6.18816,46.53387],[6.18828,46.53394],[6.1885,46.53403],[6.18874,46.53409],[6.19142,46.53327],[6.19325,46.53114],[6.19635,46.52947],[6.20207,46.52689],[6.20464,46.52609],[6.20639,46.52537],[6.2069,46.52463],[6.20708,46.52445],[6.20771,46.52396],[6.20815,46.5238],[6.20864,46.52376],[6.2107,46.52432],[6.21121,46.52514],[6.21189,46.5256],[6.21236,46.52568],[6.21261,46.52567],[6.21284,46.52563],[6.22064,46.52373],[6.22229,46.52415],[6.22726,46.53008],[6.22759,46.53067],[6.22921,46.53233],[6.23009,46.53308],[6.23026,46.53334],[6.2304,46.5335],[6.23087,46.53395],[6.23104,46.53413],[6.23136,46.53456],[6.23149,46.53471],[6.23268,46.53576],[6.23285,46.53594],[6.23296,46.53613],[6.2332,46.53669],[6.23366,46.53772],[6.23367,46.53773],[6.23428,46.53901],[6.23436,46.53914],[6.23525,46.54034],[6.23544,46.54053],[6.2367,46.54153],[6.237,46.54189],[6.23791,46.54366],[6.2399,46.54482],[6.24103,46.54623],[6.24272,46.54766],[6.2428,46.54772],[6.24354,46.54826],[6.24377,46.5484],[6.24404,46.54849],[6.24432,46.54856],[6.24452,46.54864],[6.245,46.54896],[6.24545,46.54919],[6.24566,46.54927],[6.24718,46.54977],[6.24737,46.54984],[6.24775,46.55],[6.248,46.55013],[6.24821,46.55029],[6.24854,46.55061],[6.24873,46.55085],[6.24884,46.5511],[6.2489,46.55123],[6.24899,46.55135],[6.24933,46.55171],[6.24935,46.55173],[6.24986,46.55226],[6.2511,46.55333],[6.25301,46.55484],[6.25321,46.55498],[6.2535,46.55514],[6.25373,46.55529],[6.25428,46.55571],[6.25432,46.55574],[6.25523,46.55647],[6.25546,46.55662],[6.25684,46.55731],[6.25686,46.55731],[6.25765,46.55769],[6.25783,46.55777],[6.25802,46.55782],[6.2619,46.55863],[6.2626,46.55907],[6.26281,46.55917],[6.26324,46.55936],[6.26429,46.55986],[6.26483,46.56001],[6.26839,46.56042],[6.26873,46.56049],[6.26919,46.5607],[6.26951,46.56107],[6.27517,46.57257],[6.27526,46.57271],[6.27539,46.57284],[6.27555,46.57296],[6.2801,46.57566],[6.28809,46.58093],[6.28829,46.58104],[6.28852,46.58112],[6.28876,46.58116],[6.28902,46.58118],[6.29076,46.58115],[6.29226,46.58102],[6.29341,46.58128],[6.29788,46.58583],[6.29635,46.58638],[6.29489,46.58701],[6.29488,46.58702],[6.29367,46.58756],[6.29349,46.58766],[6.29327,46.5878],[6.29325,46.58781],[6.29206,46.58861],[6.2916,46.58883],[6.28889,46.58857],[6.28642,46.5899],[6.28441,46.59136],[6.28425,46.59146],[6.28401,46.59157],[6.28326,46.59189],[6.28262,46.59219],[6.28261,46.5922],[6.28212,46.59242],[6.28194,46.59249],[6.27889,46.59356],[6.27867,46.59366],[6.27854,46.59373],[6.27851,46.59375],[6.27782,46.59415],[6.2778,46.59416],[6.27734,46.59442],[6.27732,46.59443],[6.2765,46.59492],[6.27644,46.59496],[6.27551,46.59547],[6.27547,46.59549],[6.27476,46.59591],[6.27474,46.59592],[6.27386,46.59642],[6.27384,46.59643],[6.27278,46.59702],[6.27276,46.59703],[6.27193,46.5975],[6.27175,46.59763],[6.27161,46.59778],[6.27151,46.59795],[6.27147,46.59813],[6.27118,46.60079],[6.27112,46.60102],[6.27101,46.60119],[6.27082,46.60139],[6.26605,46.60524],[6.26376,46.6073],[6.2614,46.60919],[6.25938,46.61092],[6.25854,46.61154],[6.25778,46.61229],[6.25756,46.61247],[6.25594,46.61363],[6.25429,46.61483],[6.25421,46.61489],[6.25165,46.61716],[6.25138,46.61767],[6.25145,46.61802],[6.25157,46.61819],[6.25173,46.61833],[6.2605,46.62477],[6.26023,46.6262],[6.2545,46.62863],[6.25288,46.62915],[6.25165,46.62842],[6.25143,46.62833],[6.25119,46.62827],[6.25094,46.62824],[6.25068,46.62825],[6.25044,46.62829],[6.25021,46.62837],[6.24998,46.62846],[6.24995,46.62847],[6.24764,46.62938],[6.24729,46.62954],[6.24682,46.62965],[6.24652,46.62966],[6.24499,46.62962],[6.24467,46.62959],[6.24421,46.62944],[6.24398,46.6293],[6.24252,46.6282],[6.2419,46.62795],[6.24119,46.62795],[6.24096,46.62801],[6.24076,46.6281],[6.24058,46.62821],[6.2394,46.6291],[6.23888,46.62945],[6.23842,46.62978],[6.23841,46.62979],[6.23744,46.63048],[6.23742,46.63049],[6.23703,46.63077],[6.23702,46.63078],[6.23629,46.6313],[6.23591,46.63157],[6.23567,46.63177],[6.23561,46.63182],[6.23551,46.63189],[6.23549,46.6319],[6.23441,46.63269],[6.23437,46.63272],[6.23301,46.6338],[6.233,46.63381],[6.23241,46.63428],[6.2308,46.63557],[6.23079,46.63557],[6.23001,46.6362],[6.22937,46.63673],[6.22936,46.63674],[6.22787,46.63794],[6.22725,46.63845],[6.22723,46.63846],[6.22702,46.63863],[6.227,46.63864],[6.22662,46.63896],[6.22661,46.63896],[6.22588,46.63956],[6.22422,46.6409],[6.22415,46.64095],[6.22389,46.64115],[6.22007,46.64423],[6.21842,46.64447],[6.2173,46.64361],[6.21699,46.64204],[6.21379,46.64128],[6.21266,46.63993],[6.20781,46.6359],[6.20607,46.63538],[6.20384,46.63602],[6.20048,46.63482],[6.20014,46.63316],[6.19737,46.63028],[6.19621,46.62856],[6.1935,46.62672],[6.18528,46.62339],[6.18309,46.62128],[6.18011,46.62031],[6.17919,46.6191],[6.17968,46.61801],[6.17855,46.61556],[6.17171,46.61254],[6.16578,46.61025],[6.16152,46.60994],[6.15774,46.60753],[6.15367,46.60381],[6.14827,46.60226],[6.14206,46.59823],[6.13933,46.59746],[6.1298,46.59153],[6.12636,46.58977],[6.12384,46.58729],[6.12164,46.58387]]]},"properties":{"bfs_nr":5872,"name":"Le Chenit"}},{"type":"Feature","geometry":{"type":"Polygon","coordinates":[[[6.22362,46.64618],[6.22022,46.64521],[6.21996,46.64456],[6.2203,46.64405],[6.22421,46.64091],[6.22588,46.63956],[6.22662,46.63896],[6.22701,46.63864],[6.22703,46.63862],[6.22724,46.63845],[6.22725,46.63845],[6.22788,46.63794],[6.22937,46.63673],[6.23001,46.63621],[6.23002,46.6362],[6.2308,46.63557],[6.2308,46.63556],[6.23242,46.63428],[6.23242,46.63427],[6.233,46.6338],[6.23301,46.6338],[6.23436,46.63273],[6.23442,46.63269],[6.2355,46.6319],[6.23551,46.63189],[6.23562,46.63181],[6.23566,46.63178],[6.23593,46.63156],[6.2363,46.6313],[6.23703,46.63077],[6.23743,46.63048],[6.23744,46.63047],[6.23841,46.62979],[6.23842,46.62978],[6.23888,46.62946],[6.23939,46.62911],[6.24017,46.62853],[6.24054,46.62825],[6.24076,46.6281],[6.24119,46.62795],[6.2419,46.62795],[6.24402,46.62933],[6.24421,46.62944],[6.24443,46.62953],[6.24467,46.62959],[6.24492,46.62962],[6.24659,46.62967],[6.24688,46.62965],[6.24715,46.6296],[6.2474,46.6295],[6.2477,46.62935],[6.24996,46.62847],[6.24998,46.62846],[6.25015,46.62839],[6.25044,46.6283],[6.25069,46.62825],[6.25119,46.62827],[6.25143,46.62833],[6.25262,46.62914],[6.25362,46.62919],[6.26085,46.62594],[6.26239,46.62597],[6.27263,46.63091],[6.30829,46.65041],[6.30853,46.65056],[6.32684,46.66458],[6.32715,46.66493],[6.32721,46.6653],[6.32706,46.66564],[6.32687,46.66583],[6.32487,46.66746],[6.32425,46.66785],[6.3229,46.66813],[6.32204,46.66855],[6.3211,46.66909],[6.32092,46.66922],[6.32078,46.66937],[6.32068,46.66953],[6.32064,46.66971],[6.32064,46.66988],[6.3207,46.67006],[6.3208,46.67022],[6.32282,46.67271],[6.32295,46.67284],[6.32713,46.67634],[6.32715,46.67636],[6.32984,46.67847],[6.33002,46.67864],[6.33018,46.67896],[6.32996,46.6797],[6.32993,46.67988],[6.32996,46.68007],[6.33004,46.68024],[6.33017,46.6804],[6.33035,46.68054],[6.33156,46.68134],[6.33353,46.68317],[6.33628,46.68455],[6.33619,46.68564],[6.32854,46.68964],[6.32295,46.69224],[6.32076,46.69294],[6.30709,46.6985],[6.30606,46.69835],[6.29752,46.69449],[6.29498,46.69427],[6.29231,46.69306],[6.28168,46.69034],[6.27914,46.68761],[6.27584,46.68564],[6.26984,46.68288],[6.26914,46.68036],[6.26998,46.67883],[6.26787,46.67756],[6.26698,46.67603],[6.25323,46.66726],[6.24227,46.66081],[6.23821,46.65764],[6.23262,46.65426],[6.23075,46.65152],[6.22769,46.64832],[6.22362,46.64618]]]},"properties":{"bfs_nr":5873,"name":"Le Lieu"}},{"type":"Feature","geometry":{"type":"Polygon","coordinates":[[[6.79783,46.4824],[6.79905,46.48023],[6.79912,46.4789],[6.79892,46.47768],[6.7997,46.47671],[6.79909,46.47463],[6.79902,46.4727],[6.79894,46.47239],[6.79879,46.47208],[6.78378,46.43542],[6.78472,46.43425],[6.79665,46.43192],[6.79833,46.43257],[6.81345,46.46947],[6.81383,46.47227],[6.81568,46.47347],[6.81669,46.47342],[6.81737,46.47343],[6.81764,46.47338],[6.81826,46.47314],[6.81861,46.47297],[6.81878,46.47292],[6.81955,46.47273],[6.81958,46.47272],[6.81984,46.47265],[6.82002,46.47259],[6.82066,46.47234],[6.82139,46.47221],[6.82248,46.47217],[6.82338,46.47247],[6.82423,46.47307],[6.82536,46.47324],[6.82658,46.47395],[6.83002,46.47328],[6.83191,46.47392],[6.83589,46.47364],[6.83751,46.47403],[6.83872,46.47404],[6.83987,46.47503],[6.83927,46.4759],[6.83915,46.47635],[6.8392,46.47669],[6.83907,46.47765],[6.83899,46.47801],[6.83901,46.47819],[6.83983,46.48011],[6.84188,46.48171],[6.84208,46.48228],[6.84248,46.48306],[6.84245,46.48349],[6.84213,46.48399],[6.84202,46.4842],[6.84193,46.48449],[6.84195,46.48502],[6.84138,46.48682],[6.84062,46.48772],[6.8408,46.48826],[6.84126,46.48873],[6.84149,46.48917],[6.84201,46.4898],[6.8421,46.4901],[6.84207,46.49038],[6.84191,46.49096],[6.84189,46.49102],[6.84182,46.49123],[6.84164,46.49177],[6.84145,46.49237],[6.84137,46.49274],[6.84113,46.49306],[6.84059,46.4934],[6.83904,46.49446],[6.83886,46.49461],[6.83863,46.49487],[6.83838,46.49511],[6.83831,46.49518],[6.83815,46.49537],[6.83803,46.49555],[6.83798,46.49567],[6.83794,46.49576],[6.83782,46.49612],[6.83713,46.49739],[6.83677,46.4983],[6.83651,46.49926],[6.83493,46.50145],[6.83298,46.50323],[6.83221,46.50734],[6.83078,46.5119],[6.82922,46.51239],[6.82501,46.51212],[6.82242,46.51111],[6.82212,46.51106],[6.82181,46.51105],[6.82007,46.51115],[6.81856,46.51088],[6.81821,46.51068],[6.81791,46.51044],[6.81748,46.51019],[6.81746,46.51017],[6.81712,46.50996],[6.81707,46.50993],[6.81685,46.50978],[6.81667,46.50964],[6.81675,46.50776],[6.81612,46.50562],[6.81337,46.50336],[6.81063,46.49969],[6.80913,46.49953],[6.80864,46.49939],[6.80827,46.49913],[6.808,46.49876],[6.80728,46.49721],[6.80732,46.49613],[6.80711,46.4955],[6.80709,46.49515],[6.80709,46.495],[6.80707,46.4948],[6.80708,46.4947],[6.80708,46.49468],[6.80712,46.49435],[6.80716,46.49416],[6.80732,46.49369],[6.80735,46.49348],[6.80735,46.49284],[6.80743,46.4926],[6.80755,46.49242],[6.8095,46.49043],[6.8076,46.48901],[6.80845,46.48601],[6.80839,46.48565],[6.80813,46.48534],[6.80794,46.48522],[6.80771,46.48513],[6.80747,46.48507],[6.80721,46.48504],[6.80658,46.48507],[6.806,46.485],[6.80549,46.485],[6.80489,46.48492],[6.80253,46.48417],[6.80156,46.48438],[6.80138,46.4845],[6.80125,46.48462],[6.80103,46.48477],[6.80102,46.48478],[6.80069,46.48497],[6.80044,46.48509],[6.80022,46.48515],[6.79975,46.4852],[6.79919,46.48511],[6.79853,46.48466],[6.79783,46.4824]]]},"properties":{"bfs_nr":5882,"name":"Chardonne"}},{"type":"Feature","geometry":{"type":"Polygon","coordinates":[[[6.81351,46.46961],[6.79834,46.43258],[6.79828,46.43236],[6.79844,46.43185],[6.79928,46.43141],[6.81497,46.42835],[6.81665,46.429],[6.83226,46.46706],[6.83235,46.46722],[6.83248,46.46736],[6.83265,46.46749],[6.8329,46.46761],[6.83325,46.46771],[6.83467,46.46798],[6.8359,46.46867],[6.83886,46.46989],[6.84119,46.47114],[6.84042,46.47353],[6.83949,46.47401],[6.83784,46.474],[6.83533,46.47352],[6.83217,46.47383],[6.83077,46.47322],[6.8272,46.47347],[6.82456,46.47311],[6.82316,46.47225],[6.82266,46.47215],[6.8214,46.47221],[6.82078,46.4723],[6.82056,46.47236],[6.82007,46.47257],[6.8198,46.47266],[6.81958,46.47272],[6.81954,46.47273],[6.81879,46.47292],[6.81874,46.47293],[6.81869,46.47294],[6.81867,46.47295],[6.81864,46.47296],[6.81862,46.47297],[6.81853,46.473],[6.81815,46.47314],[6.8178,46.4733],[6.81731,46.47342],[6.81659,46.47342],[6.81601,46.47343],[6.81551,46.47332],[6.814,46.4722],[6.81351,46.46961]]]},"properties":{"bfs_nr":5883,"name":"Corseaux"}},{"type":"Feature","geometry":{"type":"Polygon","coordinates":[[[6.83736,46.46761],[6.83817,46.46736],[6.83916,46.46745],[6.84152,46.46855],[6.84174,46.46857],[6.84215,46.46859],[6.84262,46.46863],[6.84435,46.46869],[6.84491,46.46876],[6.84532,46.46894],[6.84622,46.46957],[6.84689,46.46983],[6.84716,46.47004],[6.84736,46.47026],[6.84752,46.47053],[6.84783,46.47091],[6.84799,46.47107],[6.84821,46.4712],[6.84913,46.47166],[6.85283,46.47302],[6.8568,46.47655],[6.85868,46.47908],[6.86101,46.47946],[6.86268,46.48044],[6.86507,46.48126],[6.86634,46.48128],[6.86729,46.48177],[6.86833,46.48354],[6.87093,46.48499],[6.87134,46.48515],[6.87192,46.48528],[6.87236,46.48551],[6.87294,46.4859],[6.87375,46.48636],[6.87481,46.48709],[6.87652,46.48943],[6.87695,46.49004],[6.87772,46.4905],[6.87796,46.49087],[6.87823,46.49126],[6.87834,46.4914],[6.8785,46.49156],[6.87857,46.49162],[6.87892,46.4919],[6.87923,46.49214],[6.87937,46.49228],[6.87958,46.49259],[6.87972,46.49272],[6.88021,46.49301],[6.88151,46.49524],[6.88179,46.4955],[6.88219,46.49568],[6.88332,46.49607],[6.8835,46.49625],[6.88367,46.49658],[6.88382,46.49713],[6.88434,46.49775],[6.88445,46.49818],[6.88457,46.49836],[6.88483,46.49857],[6.88561,46.49897],[6.88587,46.49927],[6.88604,46.49985],[6.88617,46.50004],[6.88707,46.50094],[6.88721,46.50106],[6.88739,46.50117],[6.88816,46.50156],[6.88838,46.50182],[6.88852,46.50194],[6.8887,46.50208],[6.8889,46.5022],[6.89125,46.50343],[6.89249,46.50482],[6.89304,46.50516],[6.89338,46.50546],[6.89369,46.50566],[6.89588,46.507],[6.89501,46.50925],[6.89596,46.51276],[6.89723,46.51428],[6.89718,46.51849],[6.89506,46.51916],[6.88169,46.51257],[6.87974,46.51041],[6.87789,46.50932],[6.87439,46.50642],[6.87233,46.50424],[6.86957,46.50232],[6.86616,46.50054],[6.8647,46.49839],[6.86295,46.49427],[6.86154,46.49356],[6.85852,46.49325],[6.85761,46.49254],[6.85749,46.48915],[6.85694,46.48859],[6.85606,46.48832],[6.8558,46.48822],[6.85545,46.48798],[6.85533,46.48784],[6.85524,46.48765],[6.85519,46.48745],[6.85528,46.48686],[6.85528,46.48672],[6.85526,46.48658],[6.85514,46.4862],[6.85503,46.48599],[6.8539,46.48375],[6.85367,46.48343],[6.85327,46.4832],[6.85234,46.48292],[6.852,46.48264],[6.85184,46.48224],[6.85162,46.48117],[6.8504,46.47921],[6.84805,46.47806],[6.84576,46.47738],[6.84487,46.47725],[6.8444,46.47713],[6.84394,46.47687],[6.84356,46.47644],[6.84247,46.47573],[6.84064,46.47506],[6.84027,46.47442],[6.84194,46.47228],[6.84152,46.47116],[6.83887,46.4699],[6.83702,46.4691],[6.83677,46.46799],[6.83736,46.46761]]]},"properties":{"bfs_nr":5884,"name":"Corsier-sur-Vevey"}},{"type":"Feature","geometry":{"type":"Polygon","coordinates":[[[6.83697,46.49779],[6.83783,46.49608],[6.83801,46.4956],[6.83819,46.49532],[6.8383,46.4952],[6.8384,46.49509],[6.83918,46.49436],[6.84057,46.49342],[6.84113,46.49307],[6.84138,46.49274],[6.84146,46.49234],[6.84164,46.49176],[6.84182,46.49123],[6.84182,46.49121],[6.84189,46.49101],[6.84191,46.49097],[6.84208,46.49033],[6.84211,46.49012],[6.84208,46.48995],[6.84201,46.4898],[6.84191,46.48966],[6.84153,46.48921],[6.8413,46.48869],[6.84069,46.48788],[6.84172,46.48664],[6.84172,46.48592],[6.84199,46.48495],[6.84197,46.48449],[6.84206,46.48412],[6.84218,46.48392],[6.84244,46.48361],[6.84252,46.48324],[6.84248,46.48303],[6.84189,46.48171],[6.83984,46.48011],[6.83978,46.47922],[6.83957,46.47873],[6.83916,46.47835],[6.83903,46.478],[6.83923,46.47722],[6.83989,46.47597],[6.84145,46.47545],[6.84311,46.47621],[6.84375,46.47676],[6.84415,46.47702],[6.84436,46.47713],[6.8446,46.4772],[6.84806,46.47808],[6.85039,46.47922],[6.85158,46.48113],[6.85185,46.48229],[6.852,46.48264],[6.85215,46.4828],[6.85234,46.48293],[6.85256,46.48303],[6.85322,46.4832],[6.85376,46.4836],[6.85386,46.48414],[6.85373,46.48468],[6.855,46.48594],[6.85516,46.48625],[6.85524,46.48654],[6.85528,46.48672],[6.8552,46.48728],[6.85519,46.48745],[6.85522,46.48762],[6.85525,46.48768],[6.85532,46.48784],[6.85545,46.48799],[6.8556,46.48811],[6.85579,46.48822],[6.85601,46.4883],[6.85692,46.48859],[6.85746,46.48916],[6.85723,46.49279],[6.85628,46.49312],[6.84913,46.49337],[6.84773,46.49393],[6.84635,46.49589],[6.84465,46.49666],[6.84263,46.49647],[6.83953,46.49845],[6.83742,46.49877],[6.83698,46.49835],[6.83697,46.49779]]]},"properties":{"bfs_nr":5885,"name":"Jongny"}},{"type":"Feature","geometry":{"type":"Polygon","coordinates":[[[6.87821,46.44592],[6.87763,46.44564],[6.87746,46.4455],[6.8773,46.4453],[6.85986,46.41683],[6.86059,46.41559],[6.87916,46.41015],[6.88023,46.41013],[6.92339,46.42102],[6.92543,46.42162],[6.92583,46.42173],[6.92649,46.42184],[6.92701,46.42197],[6.92867,46.42263],[6.9296,46.42322],[6.93177,46.42347],[6.93339,46.42412],[6.93382,46.42426],[6.93463,46.42433],[6.93558,46.42458],[6.93669,46.42471],[6.94005,46.42577],[6.94131,46.42676],[6.94638,46.42836],[6.9469,46.42847],[6.94743,46.42843],[6.94871,46.42814],[6.94912,46.42818],[6.94989,46.42833],[6.95062,46.4287],[6.95106,46.42912],[6.95148,46.42938],[6.95175,46.42945],[6.95406,46.43021],[6.95759,46.43061],[6.95802,46.43073],[6.95863,46.43111],[6.95886,46.43123],[6.95921,46.43136],[6.96033,46.43203],[6.96054,46.43211],[6.96077,46.43217],[6.96134,46.43224],[6.96237,46.43247],[6.96407,46.43266],[6.96616,46.43363],[6.96797,46.43393],[6.96912,46.43428],[6.96953,46.43439],[6.96977,46.43442],[6.97001,46.43442],[6.9703,46.4344],[6.97041,46.4344],[6.9707,46.43443],[6.97096,46.43445],[6.97162,46.43453],[6.972,46.43453],[6.97207,46.43453],[6.9735,46.43436],[6.97367,46.43433],[6.9763,46.43377],[6.97679,46.43361],[6.97731,46.43355],[6.97928,46.43447],[6.9807,46.4359],[6.98352,46.43775],[6.98475,46.44059],[6.98803,46.44379],[6.99192,46.44864],[6.99095,46.45098],[6.98929,46.45321],[6.98443,46.45677],[6.98299,46.45851],[6.98019,46.45918],[6.97908,46.46107],[6.97867,46.46416],[6.97892,46.46656],[6.97817,46.46845],[6.97878,46.47056],[6.97777,46.47273],[6.9753,46.47299],[6.97502,46.47303],[6.97476,46.4731],[6.97434,46.47333],[6.97368,46.47355],[6.97101,46.47412],[6.96945,46.47449],[6.96909,46.47471],[6.96783,46.47624],[6.96758,46.47638],[6.96689,46.47671],[6.96674,46.47677],[6.96617,46.47699],[6.96581,46.47718],[6.96478,46.47848],[6.96465,46.47897],[6.96466,46.4791],[6.96476,46.47961],[6.96481,46.47976],[6.9649,46.4799],[6.96514,46.48023],[6.96532,46.48058],[6.96558,46.48156],[6.96603,46.48217],[6.96639,46.48332],[6.9664,46.48406],[6.9664,46.48416],[6.96637,46.48456],[6.96636,46.48461],[6.96631,46.48497],[6.96625,46.48519],[6.96615,46.48535],[6.96583,46.48563],[6.96532,46.48581],[6.9637,46.48614],[6.96318,46.48618],[6.96272,46.4861],[6.96252,46.48602],[6.96231,46.48589],[6.96098,46.4846],[6.96042,46.4842],[6.96022,46.48393],[6.96015,46.48374],[6.96007,46.48334],[6.95999,46.48269],[6.95924,46.48208],[6.95535,46.48068],[6.95225,46.48022],[6.95054,46.48061],[6.95003,46.48059],[6.94978,46.4806],[6.94951,46.48063],[6.94945,46.48064],[6.94774,46.48089],[6.94739,46.48087],[6.94681,46.48078],[6.94241,46.48022],[6.93843,46.48054],[6.93545,46.47993],[6.93466,46.47994],[6.93433,46.47989],[6.93359,46.4796],[6.93266,46.4793],[6.93175,46.47904],[6.93155,46.47899],[6.93132,46.47896],[6.92929,46.47866],[6.92766,46.47813],[6.92622,46.47732],[6.92539,46.47423],[6.92555,46.47183],[6.92667,46.47011],[6.92694,46.46941],[6.92697,46.4689],[6.92657,46.46772],[6.92581,46.46647],[6.92554,46.46475],[6.92529,46.46407],[6.92514,46.46389],[6.92417,46.46321],[6.92374,46.46305],[6.92279,46.46291],[6.92016,46.46265],[6.9197,46.46269],[6.9187,46.46291],[6.91815,46.46282],[6.91693,46.4625],[6.91607,46.46175],[6.91541,46.46143],[6.91464,46.46133],[6.91291,46.46071],[6.91171,46.46073],[6.91085,46.46034],[6.91025,46.46017],[6.90999,46.46014],[6.90973,46.46015],[6.90912,46.46023],[6.90888,46.4603],[6.90787,46.46067],[6.9073,46.46068],[6.9057,46.46039],[6.9045,46.46069],[6.90247,46.46068],[6.90054,46.45977],[6.89976,46.45887],[6.89934,46.45868],[6.89824,46.45836],[6.89762,46.45829],[6.89583,46.45662],[6.89329,46.45617],[6.8921,46.45537],[6.89057,46.45511],[6.88739,46.45535],[6.88601,46.45456],[6.88432,46.45218],[6.88451,46.45142],[6.88453,46.45109],[6.88437,46.45078],[6.8839,46.45031],[6.88331,46.44996],[6.88283,46.44944],[6.88044,46.44849],[6.87969,46.44706],[6.87939,46.44673],[6.87889,46.44646],[6.87853,46.44611],[6.87838,46.446],[6.87821,46.44592]]]},"properties":{"bfs_nr":5886,"name":"Montreux"}},{"type":"Feature","geometry":{"type":"Polygon","coordinates":[[[6.8521,46.4565],[6.83269,46.42479],[6.83259,46.42458],[6.83257,46.4244],[6.83341,46.42355],[6.85807,46.41633],[6.85986,46.41683],[6.87733,46.44534],[6.87745,46.4455],[6.87762,46.44564],[6.87783,46.44575],[6.87815,46.44589],[6.87836,46.446],[6.87888,46.44646],[6.87938,46.44674],[6.8801,46.44816],[6.88059,46.44869],[6.8828,46.44946],[6.8833,46.44997],[6.88393,46.45034],[6.88435,46.45079],[6.88451,46.4511],[6.88431,46.45218],[6.88492,46.45339],[6.88451,46.45419],[6.88221,46.45505],[6.88198,46.45514],[6.88179,46.45525],[6.88164,46.45539],[6.88146,46.45572],[6.88144,46.45589],[6.88149,46.45696],[6.88143,46.45732],[6.88141,46.45738],[6.8814,46.45741],[6.88139,46.45744],[6.88134,46.45754],[6.88132,46.45757],[6.88114,46.45778],[6.88037,46.45849],[6.88005,46.45873],[6.87927,46.45935],[6.87919,46.45941],[6.87881,46.45977],[6.8788,46.45978],[6.87846,46.46011],[6.87842,46.46016],[6.87819,46.46042],[6.8781,46.46054],[6.87653,46.46337],[6.87515,46.46366],[6.87399,46.46314],[6.87067,46.46272],[6.87014,46.46281],[6.8693,46.46314],[6.86829,46.46334],[6.86808,46.4634],[6.86788,46.46349],[6.86757,46.46372],[6.86732,46.464],[6.86714,46.46412],[6.86692,46.46422],[6.86667,46.46428],[6.86641,46.46431],[6.86615,46.46431],[6.86564,46.46421],[6.86556,46.4642],[6.8655,46.46419],[6.86547,46.46418],[6.86518,46.46414],[6.86443,46.46402],[6.86413,46.46394],[6.86391,46.46385],[6.86357,46.4636],[6.86286,46.46226],[6.86203,46.4601],[6.85766,46.45931],[6.85728,46.45892],[6.85704,46.45869],[6.85699,46.45864],[6.85694,46.4586],[6.85686,46.45854],[6.85682,46.45851],[6.85656,46.45833],[6.8564,46.45822],[6.85638,46.45821],[6.85624,46.45812],[6.85619,46.45809],[6.85611,46.45805],[6.85609,46.45804],[6.85584,46.4579],[6.85563,46.45777],[6.85534,46.45753],[6.85512,46.45742],[6.85462,46.45731],[6.85387,46.45732],[6.8536,46.45727],[6.85328,46.4572],[6.85288,46.45706],[6.85269,46.45698],[6.85243,46.45684],[6.85226,46.4567],[6.8521,46.4565]]]},"properties":{"bfs_nr":5889,"name":"La Tour-de-Peilz"}},{"type":"Feature","geometry":{"type":"Polygon","coordinates":[[[6.83285,46.46759],[6.83265,46.46748],[6.83235,46.46722],[6.83224,46.46702],[6.81665,46.429],[6.8166,46.42878],[6.81666,46.42844],[6.8176,46.42784],[6.82098,46.42717],[6.8309,46.42428],[6.83269,46.42478],[6.85182,46.45604],[6.85213,46.45654],[6.85226,46.45671],[6.85243,46.45685],[6.85264,46.45696],[6.85295,46.45709],[6.85321,46.45718],[6.85372,46.4573],[6.854,46.45734],[6.85498,46.4574],[6.8554,46.4576],[6.85562,46.45777],[6.85575,46.45785],[6.8561,46.45804],[6.85612,46.45805],[6.85617,46.45808],[6.85625,46.45813],[6.85657,46.45833],[6.8568,46.4585],[6.85687,46.45855],[6.85693,46.45859],[6.85699,46.45864],[6.85705,46.4587],[6.85719,46.45884],[6.85746,46.45918],[6.85764,46.45933],[6.86129,46.46001],[6.86224,46.46116],[6.86267,46.46354],[6.86252,46.46369],[6.86227,46.46384],[6.86196,46.46399],[6.86097,46.46444],[6.86068,46.46455],[6.86018,46.46461],[6.8592,46.46449],[6.85897,46.46447],[6.85867,46.46445],[6.85848,46.46443],[6.85836,46.46442],[6.85833,46.46442],[6.85782,46.46437],[6.85757,46.46432],[6.85732,46.46429],[6.85706,46.4643],[6.85658,46.46441],[6.85606,46.46479],[6.85585,46.46512],[6.85539,46.46555],[6.85523,46.46574],[6.85518,46.4658],[6.85507,46.466],[6.85499,46.46618],[6.85492,46.46643],[6.85474,46.46677],[6.85466,46.46686],[6.85454,46.46697],[6.85452,46.46698],[6.85451,46.46699],[6.85443,46.46704],[6.85417,46.46722],[6.85394,46.46734],[6.8537,46.46745],[6.85338,46.46773],[6.85324,46.46826],[6.85422,46.47071],[6.8523,46.47238],[6.85134,46.47229],[6.85056,46.4719],[6.84917,46.47161],[6.84825,46.47122],[6.848,46.47107],[6.84765,46.47069],[6.84743,46.47032],[6.84727,46.47014],[6.84679,46.46971],[6.84585,46.46925],[6.84532,46.4689],[6.84486,46.46872],[6.84458,46.46868],[6.84429,46.46868],[6.84421,46.46868],[6.84276,46.46864],[6.84251,46.46862],[6.84235,46.4686],[6.84179,46.46858],[6.84152,46.46855],[6.83917,46.46744],[6.83817,46.46735],[6.83793,46.46742],[6.83676,46.46782],[6.83622,46.46808],[6.8357,46.46818],[6.83517,46.46813],[6.83467,46.46796],[6.83335,46.46772],[6.83285,46.46759]]]},"properties":{"bfs_nr":5890,"name":"Vevey"}},{"type":"Feature","geometry":{"type":"Polygon","coordinates":[[[6.92482,46.42134],[6.92426,46.42118],[6.92352,46.42104],[6.92337,46.42101],[6.88581,46.41154],[6.88553,46.41145],[6.88532,46.41134],[6.88502,46.41106],[6.8862,46.40978],[6.93085,46.40829],[6.93169,46.40825],[6.93198,46.40821],[6.93224,46.40813],[6.93294,46.40789],[6.93404,46.40778],[6.93449,46.40782],[6.93479,46.40791],[6.93491,46.40794],[6.93506,46.40797],[6.93525,46.40802],[6.93545,46.40808],[6.93587,46.40817],[6.93626,46.40829],[6.93762,46.40858],[6.93947,46.41009],[6.93967,46.41022],[6.93987,46.41033],[6.93992,46.41036],[6.94042,46.41065],[6.94044,46.41066],[6.94098,46.41097],[6.94101,46.41099],[6.94111,46.41105],[6.94141,46.41126],[6.94186,46.41155],[6.9421,46.41174],[6.94336,46.41319],[6.94366,46.41345],[6.94396,46.41359],[6.94431,46.41371],[6.94483,46.4139],[6.9455,46.41414],[6.94558,46.41417],[6.94566,46.41419],[6.94571,46.4142],[6.94594,46.41427],[6.94685,46.41455],[6.94792,46.41493],[6.94812,46.41499],[6.94867,46.4151],[6.94911,46.41531],[6.95004,46.41615],[6.95251,46.41814],[6.95253,46.41815],[6.95355,46.41895],[6.95379,46.41909],[6.95953,46.42181],[6.96348,46.42376],[6.96689,46.42575],[6.96987,46.42684],[6.97029,46.42705],[6.97146,46.42788],[6.97176,46.42816],[6.97237,46.4289],[6.97239,46.42893],[6.97348,46.43034],[6.97363,46.4305],[6.97383,46.43063],[6.9757,46.43163],[6.97619,46.43179],[6.97699,46.43176],[6.97959,46.43107],[6.97996,46.43103],[6.98034,46.43105],[6.98087,46.43114],[6.98111,46.43122],[6.98779,46.43396],[6.9914,46.43418],[6.9917,46.43421],[6.99192,46.43427],[6.99219,46.43437],[6.99435,46.43539],[6.99437,46.4354],[6.99666,46.43645],[6.99686,46.43652],[6.99707,46.43657],[6.9983,46.43678],[6.99832,46.43678],[7.00339,46.43759],[7.00362,46.43761],[7.00725,46.43772],[7.01131,46.43829],[7.01909,46.44169],[7.01947,46.44186],[7.01948,46.44187],[7.02166,46.44281],[7.02228,46.44338],[7.02185,46.4446],[7.02196,46.44528],[7.0218,46.44562],[7.02146,46.44589],[7.02101,46.44604],[7.02069,46.44608],[7.02051,46.44609],[7.02024,46.44608],[7.01993,46.44604],[7.0193,46.44585],[7.0188,46.44583],[7.01833,46.44594],[7.01796,46.44617],[7.01731,46.44731],[7.0158,46.44755],[7.01226,46.44659],[7.00825,46.44495],[7.00259,46.44338],[7.00107,46.44249],[6.99292,46.43892],[6.98862,46.43806],[6.98389,46.43784],[6.98067,46.43588],[6.97925,46.43444],[6.97793,46.43367],[6.97747,46.43354],[6.97673,46.43358],[6.97633,46.43375],[6.97605,46.43382],[6.97372,46.43432],[6.97346,46.43437],[6.97211,46.43452],[6.97159,46.43452],[6.97108,46.43444],[6.97051,46.43441],[6.97046,46.4344],[6.97035,46.4344],[6.9703,46.4344],[6.96997,46.4344],[6.96986,46.4344],[6.9696,46.43439],[6.96766,46.43381],[6.96615,46.43359],[6.96417,46.43266],[6.96258,46.43249],[6.96146,46.43225],[6.9607,46.43215],[6.96023,46.43196],[6.95931,46.43136],[6.95875,46.43117],[6.95818,46.4308],[6.95774,46.43062],[6.9539,46.43014],[6.95148,46.42934],[6.95106,46.4291],[6.95061,46.42866],[6.94986,46.42828],[6.94885,46.42813],[6.9486,46.42813],[6.94814,46.42819],[6.9473,46.42842],[6.94678,46.42841],[6.94561,46.42791],[6.9447,46.42777],[6.94333,46.42715],[6.94131,46.42671],[6.94008,46.42575],[6.93651,46.42454],[6.93473,46.42423],[6.93371,46.42419],[6.93283,46.42375],[6.93175,46.42345],[6.9296,46.42322],[6.92865,46.42261],[6.92842,46.4225],[6.928,46.42236],[6.92741,46.42213],[6.92693,46.42194],[6.92482,46.42134]]]},"properties":{"bfs_nr":5891,"name":"Veytaux"}},{"type":"Feature","geometry":{"type":"Polygon","coordinates":[[[6.8534,46.46837],[6.85348,46.46777],[6.85378,46.46747],[6.85396,46.46736],[6.85409,46.46727],[6.85444,46.46704],[6.85459,46.46693],[6.85479,46.46673],[6.85489,46.46653],[6.85502,46.46618],[6.85505,46.46605],[6.85522,46.46576],[6.8559,46.4651],[6.85612,46.46478],[6.85663,46.46443],[6.85709,46.46432],[6.85733,46.46431],[6.85773,46.46436],[6.85849,46.46444],[6.85924,46.4645],[6.85992,46.46459],[6.86018,46.46461],[6.86043,46.4646],[6.86068,46.46455],[6.86091,46.46447],[6.86198,46.46399],[6.86226,46.46385],[6.86252,46.46374],[6.86322,46.46366],[6.86416,46.46396],[6.86436,46.464],[6.86519,46.46415],[6.86553,46.46419],[6.86566,46.46422],[6.8659,46.46427],[6.86615,46.46431],[6.8664,46.46432],[6.86665,46.4643],[6.86689,46.46424],[6.86711,46.46415],[6.8673,46.46403],[6.86766,46.46366],[6.86784,46.46352],[6.86807,46.46342],[6.86939,46.46312],[6.87057,46.46279],[6.87378,46.46311],[6.87535,46.46378],[6.87647,46.46345],[6.87728,46.4624],[6.8781,46.46054],[6.87821,46.46039],[6.8784,46.46017],[6.87848,46.4601],[6.8788,46.45978],[6.87882,46.45976],[6.87918,46.45943],[6.87929,46.45933],[6.88002,46.45875],[6.88044,46.45845],[6.88106,46.45787],[6.88124,46.45769],[6.8813,46.4576],[6.88133,46.45755],[6.88135,46.45753],[6.88138,46.45746],[6.8814,46.45741],[6.88141,46.45739],[6.88144,46.45731],[6.88146,46.45726],[6.88149,46.45702],[6.88144,46.45594],[6.88146,46.45572],[6.88164,46.45539],[6.88199,46.45514],[6.88226,46.45503],[6.88271,46.45489],[6.88346,46.45464],[6.88417,46.45436],[6.88526,46.45425],[6.88727,46.45535],[6.89237,46.45567],[6.89357,46.45636],[6.89537,46.45656],[6.89737,46.45837],[6.89866,46.45851],[6.89946,46.45874],[6.89998,46.45914],[6.90053,46.45976],[6.90119,46.46014],[6.90252,46.4607],[6.90756,46.46072],[6.90794,46.46066],[6.90839,46.46055],[6.90951,46.46018],[6.91002,46.46015],[6.91047,46.46024],[6.91212,46.46102],[6.91534,46.46148],[6.91652,46.46243],[6.91833,46.46289],[6.9188,46.46294],[6.91904,46.46291],[6.91977,46.46273],[6.92278,46.46293],[6.92379,46.46309],[6.92457,46.46351],[6.92507,46.46393],[6.92532,46.46426],[6.9255,46.4649],[6.92545,46.46537],[6.9258,46.46649],[6.92661,46.46791],[6.92694,46.4692],[6.92673,46.46994],[6.92555,46.47177],[6.92535,46.47424],[6.92623,46.4774],[6.92775,46.47823],[6.92932,46.47869],[6.93037,46.47888],[6.93097,46.47895],[6.93147,46.47899],[6.93242,46.47923],[6.93366,46.47963],[6.93425,46.47987],[6.93439,46.4799],[6.93466,46.47994],[6.93837,46.48054],[6.94317,46.48031],[6.94746,46.48088],[6.94774,46.48089],[6.94803,46.48087],[6.94888,46.48073],[6.94944,46.48064],[6.94961,46.48062],[6.95001,46.48061],[6.95072,46.48071],[6.9521,46.48047],[6.95518,46.48066],[6.95919,46.48206],[6.96016,46.48378],[6.96021,46.48393],[6.9603,46.48407],[6.96042,46.4842],[6.96102,46.48464],[6.96214,46.48575],[6.96228,46.48588],[6.96235,46.48592],[6.96255,46.48604],[6.96278,46.48613],[6.96302,46.48618],[6.96328,46.4862],[6.96354,46.48618],[6.96538,46.4858],[6.96562,46.48573],[6.96583,46.48563],[6.96602,46.4855],[6.96616,46.48536],[6.96626,46.48519],[6.96631,46.48502],[6.96636,46.4846],[6.96637,46.48457],[6.9664,46.48414],[6.9664,46.48407],[6.96638,46.48326],[6.96604,46.48217],[6.96559,46.48155],[6.96547,46.4811],[6.9653,46.48052],[6.96518,46.48028],[6.96481,46.47976],[6.96475,46.47957],[6.96467,46.47914],[6.96466,46.47897],[6.9648,46.47846],[6.96577,46.47728],[6.96607,46.47704],[6.96631,46.47693],[6.96677,46.47676],[6.96686,46.47672],[6.96764,46.47636],[6.96783,46.47625],[6.96913,46.47472],[6.96975,46.47442],[6.97055,46.4743],[6.97117,46.47409],[6.97245,46.47383],[6.97371,46.47354],[6.97433,46.47335],[6.97486,46.47308],[6.97534,46.473],[6.97628,46.47308],[6.97804,46.47348],[6.98039,46.47467],[6.98037,46.47553],[6.97516,46.47909],[6.97377,46.48148],[6.9738,46.48294],[6.97279,46.48434],[6.97267,46.49027],[6.97144,46.49124],[6.96983,46.49126],[6.96591,46.4931],[6.96276,46.4966],[6.95626,46.49951],[6.95563,46.50057],[6.95351,46.5018],[6.95074,46.50221],[6.9478,46.50134],[6.94413,46.50126],[6.94226,46.50182],[6.94042,46.50128],[6.93609,46.50106],[6.93399,46.50157],[6.9302,46.50478],[6.92724,46.50505],[6.92507,46.50763],[6.92002,46.50877],[6.91679,46.51032],[6.91318,46.51126],[6.91197,46.51269],[6.91025,46.51244],[6.90547,46.51266],[6.90405,46.51314],[6.90173,46.51289],[6.89975,46.51049],[6.89698,46.50899],[6.89587,46.50663],[6.89513,46.50598],[6.8945,46.50572],[6.89383,46.50564],[6.89338,46.50545],[6.89297,46.50509],[6.8925,46.50481],[6.89135,46.50347],[6.88891,46.5022],[6.88861,46.502],[6.88841,46.50182],[6.88824,46.50161],[6.88793,46.50139],[6.88744,46.50118],[6.88723,46.50106],[6.88702,46.50088],[6.88608,46.49989],[6.88589,46.49925],[6.88557,46.49893],[6.88466,46.4984],[6.88449,46.49811],[6.88427,46.49743],[6.88357,46.4963],[6.88343,46.49616],[6.88327,46.49604],[6.88282,46.49581],[6.88175,46.49546],[6.88147,46.49515],[6.88127,46.49447],[6.88022,46.49297],[6.87958,46.49255],[6.87941,46.49232],[6.87927,46.49218],[6.87921,46.49212],[6.87911,46.49205],[6.879,46.49196],[6.87879,46.49179],[6.87878,46.49179],[6.87873,46.49174],[6.87847,46.49153],[6.87838,46.49144],[6.8782,46.49122],[6.87767,46.4904],[6.87675,46.48974],[6.87657,46.48871],[6.87496,46.48707],[6.8723,46.48546],[6.872,46.48531],[6.87185,46.48526],[6.87135,46.48512],[6.87098,46.48492],[6.8705,46.48447],[6.86869,46.48363],[6.86707,46.48145],[6.86617,46.48121],[6.86515,46.48125],[6.86268,46.48043],[6.86113,46.47948],[6.85867,46.47904],[6.85886,46.47713],[6.85754,46.47471],[6.85417,46.47213],[6.85445,46.47071],[6.8534,46.46837]]]},"properties":{"bfs_nr":5892,"name":"Blonay - Saint-L\u00e9gier"}},{"type":"Feature","geometry":{"type":"Polygon","coordinates":[[[6.61343,46.73494],[6.61404,46.73457],[6.6142,46.73445],[6.61433,46.73431],[6.61447,46.734],[6.61444,46.73367],[6.61411,46.73273],[6.61483,46.73114],[6.6208,46.72519],[6.62147,46.72473],[6.6217,46.72441],[6.62175,46.72423],[6.62173,46.72405],[6.62153,46.72309],[6.62124,46.72232],[6.62116,46.72159],[6.62121,46.72118],[6.62121,46.72114],[6.62133,46.71925],[6.62132,46.71909],[6.62127,46.71894],[6.62094,46.71823],[6.62094,46.71822],[6.62056,46.7174],[6.62053,46.71734],[6.61996,46.71637],[6.61981,46.71611],[6.6217,46.71411],[6.62431,46.71361],[6.62464,46.71357],[6.62492,46.71357],[6.62518,46.71362],[6.62542,46.7137],[6.62564,46.71382],[6.62607,46.71419],[6.62647,46.71439],[6.6267,46.71444],[6.62695,46.71446],[6.62719,46.71446],[6.62743,46.71442],[6.6293,46.71401],[6.62982,46.71408],[6.63026,46.7143],[6.6306,46.71479],[6.63069,46.71513],[6.63119,46.71598],[6.63124,46.71651],[6.63217,46.7178],[6.63329,46.71887],[6.63538,46.72027],[6.63491,46.72242],[6.63489,46.72366],[6.63553,46.72685],[6.63514,46.72822],[6.63523,46.73209],[6.63601,46.73307],[6.63632,46.73548],[6.63697,46.73668],[6.63701,46.73731],[6.63656,46.73827],[6.63631,46.73856],[6.63439,46.73913],[6.63401,46.73978],[6.63435,46.74089],[6.635,46.74233],[6.63506,46.74253],[6.63503,46.74287],[6.63482,46.74317],[6.63446,46.74339],[6.6322,46.74381],[6.63163,46.74411],[6.63138,46.74458],[6.63143,46.74521],[6.63131,46.74553],[6.63085,46.74603],[6.63086,46.74668],[6.63132,46.74747],[6.63129,46.74764],[6.6311,46.74795],[6.63091,46.74812],[6.63016,46.74865],[6.62982,46.74894],[6.62893,46.74957],[6.62894,46.75209],[6.63303,46.75419],[6.63345,46.75559],[6.63383,46.75603],[6.63444,46.7564],[6.6346,46.75655],[6.6347,46.75672],[6.63476,46.75691],[6.63475,46.7571],[6.63469,46.75728],[6.63455,46.75749],[6.63327,46.75895],[6.63306,46.75914],[6.63159,46.75945],[6.6302,46.76005],[6.62945,46.76013],[6.62844,46.75976],[6.62686,46.76],[6.62438,46.76209],[6.62415,46.76225],[6.6237,46.76241],[6.62319,46.76244],[6.6227,46.76234],[6.62243,46.76221],[6.62201,46.76197],[6.62177,46.7618],[6.62157,46.76164],[6.62149,46.76157],[6.6211,46.76121],[6.62092,46.76107],[6.62077,46.76099],[6.62008,46.76065],[6.61993,46.76057],[6.61958,46.76036],[6.61935,46.7602],[6.61823,46.75936],[6.61715,46.7588],[6.61679,46.75864],[6.61646,46.75846],[6.6162,46.75823],[6.61612,46.75814],[6.61603,46.75803],[6.61569,46.75756],[6.61553,46.75739],[6.61508,46.75701],[6.61489,46.75688],[6.614,46.75638],[6.61394,46.75554],[6.61587,46.75235],[6.62078,46.74865],[6.62082,46.74811],[6.6206,46.74778],[6.62041,46.74765],[6.62005,46.74749],[6.61918,46.74721],[6.61898,46.74714],[6.6188,46.74706],[6.6187,46.74701],[6.61853,46.74693],[6.61841,46.74686],[6.61834,46.74682],[6.6176,46.74635],[6.6174,46.74619],[6.61727,46.74605],[6.61714,46.74572],[6.61726,46.74472],[6.6171,46.74436],[6.61675,46.74408],[6.61573,46.7436],[6.61455,46.74327],[6.61404,46.74212],[6.61508,46.74127],[6.61541,46.74052],[6.61501,46.73953],[6.61571,46.73865],[6.61575,46.73831],[6.61541,46.73762],[6.61529,46.73749],[6.61498,46.73725],[6.61454,46.73686],[6.61392,46.7366],[6.6137,46.7365],[6.61348,46.73637],[6.61325,46.73622],[6.61301,46.73592],[6.61295,46.73558],[6.61308,46.73525],[6.61321,46.7351],[6.61343,46.73494]]]},"properties":{"bfs_nr":5902,"name":"Belmont-sur-Yverdon"}},{"type":"Feature","geometry":{"type":"Polygon","coordinates":[[[6.69846,46.73432],[6.70185,46.73309],[6.70207,46.73299],[6.70225,46.73287],[6.70239,46.73272],[6.70249,46.73256],[6.70254,46.73239],[6.70255,46.73221],[6.7025,46.73204],[6.7023,46.73159],[6.70224,46.73118],[6.70322,46.72986],[6.70327,46.72781],[6.70315,46.72744],[6.70278,46.72699],[6.70235,46.72627],[6.70235,46.72626],[6.7018,46.72537],[6.70161,46.72516],[6.70123,46.72482],[6.70089,46.72399],[6.70109,46.722],[6.70098,46.72047],[6.7011,46.72012],[6.70142,46.71982],[6.70207,46.71946],[6.70412,46.71862],[6.7057,46.71725],[6.70851,46.71678],[6.70874,46.71671],[6.70894,46.71661],[6.70991,46.71593],[6.7109,46.71572],[6.71249,46.71639],[6.71507,46.71676],[6.71634,46.7173],[6.71687,46.71771],[6.7174,46.71793],[6.71826,46.71848],[6.7187,46.71868],[6.71895,46.71873],[6.71921,46.71875],[6.71939,46.71874],[6.72375,46.71837],[6.72555,46.71889],[6.72874,46.7193],[6.73035,46.7189],[6.73233,46.72042],[6.73129,46.72247],[6.73118,46.72281],[6.73106,46.72502],[6.73129,46.72723],[6.73084,46.72779],[6.73011,46.72813],[6.72962,46.72851],[6.72866,46.72885],[6.72707,46.72916],[6.72565,46.72922],[6.72479,46.72984],[6.7253,46.73195],[6.72175,46.73415],[6.71853,46.73441],[6.71676,46.73536],[6.71492,46.73771],[6.71259,46.73814],[6.71033,46.73893],[6.70962,46.73887],[6.70864,46.73844],[6.70831,46.73815],[6.70818,46.7378],[6.70824,46.73744],[6.70819,46.73711],[6.7081,46.73696],[6.70797,46.73682],[6.7078,46.73667],[6.70672,46.7359],[6.70607,46.73572],[6.70314,46.73582],[6.69941,46.73664],[6.69853,46.73623],[6.69775,46.73534],[6.69846,46.73432]]]},"properties":{"bfs_nr":5903,"name":"Bioley-Magnoux"}},{"type":"Feature","geometry":{"type":"Polygon","coordinates":[[[6.58533,46.77757],[6.58499,46.77661],[6.58523,46.77629],[6.58563,46.77606],[6.58626,46.77589],[6.58665,46.77566],[6.58679,46.77552],[6.58827,46.77252],[6.58882,46.77091],[6.58885,46.76888],[6.59265,46.76738],[6.5941,46.76748],[6.59793,46.76891],[6.59852,46.76931],[6.59862,46.77023],[6.59879,46.77055],[6.59913,46.77081],[6.60146,46.772],[6.60535,46.775],[6.60913,46.777],[6.60983,46.77724],[6.6104,46.77747],[6.61118,46.77789],[6.61187,46.77826],[6.6119,46.77828],[6.61274,46.77875],[6.61276,46.77876],[6.61312,46.77895],[6.61373,46.77945],[6.61455,46.77986],[6.6156,46.78142],[6.61368,46.78268],[6.61312,46.7837],[6.61193,46.78434],[6.61003,46.78417],[6.60949,46.78419],[6.60848,46.78437],[6.60802,46.78446],[6.60801,46.78446],[6.60659,46.78474],[6.60386,46.78537],[6.60344,46.78547],[6.60295,46.78561],[6.60225,46.78585],[6.60186,46.78594],[6.60184,46.78594],[6.60153,46.78597],[6.60142,46.78597],[6.60126,46.78597],[6.59873,46.7859],[6.59872,46.7859],[6.59709,46.78584],[6.59707,46.78584],[6.59633,46.78581],[6.59632,46.78581],[6.59604,46.78578],[6.59549,46.78566],[6.59304,46.78543],[6.59248,46.7853],[6.59161,46.78462],[6.58984,46.78423],[6.58929,46.78361],[6.58941,46.78307],[6.5903,46.78232],[6.59036,46.78183],[6.58917,46.78029],[6.58695,46.77913],[6.58533,46.77757]]]},"properties":{"bfs_nr":5904,"name":"Chamblon"}},{"type":"Feature","geometry":{"type":"Polygon","coordinates":[[[6.53541,46.77641],[6.53547,46.77486],[6.53749,46.77442],[6.5399,46.77464],[6.54069,46.77454],[6.54123,46.7743],[6.5421,46.7742],[6.54275,46.7739],[6.54521,46.77044],[6.54585,46.76778],[6.54695,46.76716],[6.54806,46.76733],[6.54967,46.76755],[6.55025,46.76761],[6.5505,46.76766],[6.5507,46.76772],[6.55092,46.76778],[6.55175,46.76811],[6.55252,46.76839],[6.55298,46.76854],[6.55336,46.76876],[6.55359,46.76905],[6.55358,46.77046],[6.55384,46.77109],[6.55439,46.77225],[6.5545,46.77238],[6.55494,46.77281],[6.5551,46.77294],[6.55788,46.7748],[6.55842,46.77511],[6.55928,46.77612],[6.56001,46.77633],[6.56054,46.77628],[6.56208,46.77578],[6.56445,46.77433],[6.56769,46.77511],[6.5704,46.77504],[6.5709,46.77492],[6.57158,46.77454],[6.57186,46.77444],[6.57251,46.77417],[6.57254,46.77416],[6.57304,46.77397],[6.57305,46.77396],[6.57354,46.77377],[6.57406,46.77357],[6.57433,46.77348],[6.57479,46.77343],[6.57558,46.77341],[6.5771,46.77303],[6.57875,46.77342],[6.57934,46.77371],[6.57957,46.77401],[6.57963,46.77422],[6.57966,46.77443],[6.57978,46.7753],[6.57978,46.77533],[6.5798,46.77548],[6.57982,46.77553],[6.57992,46.77591],[6.57995,46.77614],[6.57951,46.77717],[6.57978,46.77767],[6.58257,46.78014],[6.58319,46.78044],[6.58395,46.78046],[6.58535,46.78017],[6.58654,46.77959],[6.58915,46.78028],[6.59031,46.78195],[6.58937,46.78306],[6.58923,46.7836],[6.58939,46.78393],[6.58993,46.78429],[6.59101,46.78472],[6.59093,46.78636],[6.59183,46.78833],[6.5937,46.7896],[6.5934,46.79077],[6.59352,46.79154],[6.59352,46.79172],[6.59345,46.79194],[6.59291,46.79306],[6.59254,46.79518],[6.58927,46.79775],[6.58811,46.79788],[6.58578,46.79693],[6.58529,46.79695],[6.58506,46.797],[6.58485,46.79708],[6.58466,46.79719],[6.5845,46.79732],[6.58439,46.79747],[6.58428,46.79764],[6.58421,46.7978],[6.58401,46.7984],[6.58391,46.79876],[6.58294,46.79965],[6.58351,46.80098],[6.58333,46.80182],[6.5826,46.8023],[6.57851,46.80263],[6.57715,46.8032],[6.57602,46.80384],[6.57524,46.80384],[6.57274,46.80337],[6.57138,46.80344],[6.57011,46.80304],[6.56938,46.80229],[6.56952,46.80133],[6.57178,46.79936],[6.573,46.79656],[6.572,46.7953],[6.5699,46.79549],[6.56942,46.7956],[6.56904,46.79583],[6.5684,46.79636],[6.56792,46.79654],[6.56763,46.79658],[6.56734,46.79657],[6.56684,46.79645],[6.56617,46.79611],[6.5656,46.79517],[6.56339,46.79449],[6.5605,46.79509],[6.5577,46.79316],[6.55499,46.79238],[6.55307,46.79226],[6.55167,46.79091],[6.55078,46.7886],[6.55062,46.78844],[6.5501,46.78803],[6.54959,46.78763],[6.5494,46.78745],[6.54924,46.78712],[6.54927,46.78677],[6.54964,46.78617],[6.54945,46.78552],[6.54739,46.78373],[6.54656,46.78332],[6.54521,46.78331],[6.54445,46.78285],[6.544,46.78202],[6.54289,46.78144],[6.54049,46.77936],[6.53911,46.77934],[6.53861,46.77921],[6.53761,46.77855],[6.53725,46.77837],[6.53651,46.77824],[6.53562,46.77754],[6.53541,46.77641]]]},"properties":{"bfs_nr":5905,"name":"Champvent"}},{"type":"Feature","geometry":{"type":"Polygon","coordinates":[[[6.76377,46.77738],[6.76337,46.77593],[6.76428,46.77538],[6.76682,46.77466],[6.76791,46.77456],[6.76878,46.77426],[6.76921,46.77418],[6.76994,46.77421],[6.77073,46.77445],[6.77245,46.77474],[6.77271,46.77476],[6.77349,46.77469],[6.77397,46.77453],[6.77432,46.77426],[6.77466,46.77283],[6.77372,46.77165],[6.77364,46.77096],[6.77408,46.77007],[6.77666,46.76875],[6.77831,46.7687],[6.77954,46.76907],[6.78004,46.76908],[6.78028,46.76904],[6.7805,46.76896],[6.78094,46.76878],[6.78141,46.76853],[6.78191,46.76834],[6.78251,46.76805],[6.78428,46.76839],[6.7846,46.76906],[6.78484,46.76932],[6.78511,46.76952],[6.78761,46.77131],[6.78912,46.77192],[6.78967,46.774],[6.79107,46.7753],[6.7913,46.77644],[6.79246,46.77802],[6.79287,46.77845],[6.79388,46.77908],[6.79411,46.77941],[6.79414,46.78025],[6.7945,46.78066],[6.79718,46.78259],[6.79689,46.7834],[6.79304,46.78571],[6.79004,46.78825],[6.78346,46.79253],[6.7808,46.79207],[6.77724,46.78929],[6.77333,46.78902],[6.77261,46.78855],[6.77253,46.78838],[6.77249,46.78816],[6.77249,46.78812],[6.77249,46.78788],[6.77252,46.78766],[6.7727,46.78709],[6.77264,46.78617],[6.77262,46.78605],[6.77247,46.78544],[6.7724,46.78528],[6.77229,46.78512],[6.77214,46.78499],[6.77195,46.78487],[6.77173,46.78478],[6.7715,46.78473],[6.77125,46.7847],[6.77063,46.78468],[6.77031,46.78464],[6.76939,46.78404],[6.76865,46.78166],[6.76377,46.77738]]]},"properties":{"bfs_nr":5907,"name":"Chavannes-le-Ch\u00eane"}},{"type":"Feature","geometry":{"type":"Polygon","coordinates":[[[6.76066,46.76497],[6.7608,46.76485],[6.7651,46.76048],[6.76994,46.7569],[6.77251,46.75653],[6.77435,46.75704],[6.77689,46.7582],[6.77746,46.76137],[6.77847,46.76201],[6.77909,46.76402],[6.78211,46.76699],[6.78171,46.76838],[6.78148,46.76848],[6.78124,46.76861],[6.78087,46.76881],[6.78062,46.76891],[6.78032,46.76901],[6.77979,46.76906],[6.77927,46.76895],[6.77841,46.76862],[6.77719,46.76853],[6.7746,46.76948],[6.77393,46.77013],[6.77345,46.77124],[6.77372,46.77169],[6.77448,46.77262],[6.77435,46.77409],[6.77369,46.77461],[6.7728,46.77475],[6.77072,46.77443],[6.77001,46.77421],[6.76941,46.77417],[6.76915,46.77418],[6.76889,46.77422],[6.76469,46.77512],[6.7638,46.77477],[6.76355,46.77426],[6.76362,46.77376],[6.76347,46.77297],[6.76338,46.77271],[6.76306,46.77238],[6.76214,46.77181],[6.76202,46.77116],[6.76222,46.77086],[6.76265,46.77055],[6.76279,46.77041],[6.76289,46.77026],[6.76295,46.77009],[6.76296,46.76992],[6.76285,46.76957],[6.76286,46.76923],[6.76304,46.76852],[6.76306,46.76833],[6.76303,46.76815],[6.76293,46.76797],[6.76279,46.76781],[6.7626,46.76768],[6.76239,46.76755],[6.76064,46.76627],[6.76045,46.7661],[6.76027,46.76579],[6.76028,46.76545],[6.76066,46.76497]]]},"properties":{"bfs_nr":5908,"name":"Ch\u00eane-P\u00e2quier"}},{"type":"Feature","geometry":{"type":"Polygon","coordinates":[[[6.66411,46.78206],[6.66467,46.78178],[6.66511,46.7816],[6.6653,46.78147],[6.66555,46.78115],[6.66559,46.78079],[6.66542,46.78044],[6.66526,46.7803],[6.66506,46.78017],[6.66483,46.78008],[6.66384,46.7798],[6.66363,46.77969],[6.66346,46.77956],[6.66325,46.77924],[6.66466,46.77782],[6.66477,46.77764],[6.66483,46.77748],[6.66485,46.77734],[6.66485,46.77721],[6.66485,46.77716],[6.66484,46.7766],[6.6649,46.77644],[6.66503,46.77625],[6.66564,46.77551],[6.66573,46.77536],[6.66579,46.7752],[6.66581,46.77504],[6.66578,46.77488],[6.66566,46.77449],[6.66567,46.77427],[6.66573,46.77406],[6.66583,46.7739],[6.66616,46.77363],[6.66662,46.77347],[6.66713,46.77345],[6.66767,46.77357],[6.66868,46.77396],[6.66919,46.77427],[6.67004,46.77467],[6.6736,46.77604],[6.67458,46.77656],[6.67483,46.77667],[6.67494,46.77671],[6.675,46.77672],[6.67502,46.77673],[6.67517,46.77678],[6.67523,46.7768],[6.67531,46.77683],[6.67535,46.77684],[6.67545,46.77688],[6.67548,46.77689],[6.6757,46.77697],[6.67588,46.77702],[6.6763,46.77719],[6.67632,46.7772],[6.67641,46.77724],[6.67665,46.77731],[6.6769,46.77736],[6.67715,46.77736],[6.67765,46.77728],[6.68008,46.77658],[6.68102,46.77675],[6.68167,46.77713],[6.69038,46.78063],[6.69096,46.78309],[6.69458,46.78542],[6.69717,46.78674],[6.69824,46.78709],[6.69988,46.78861],[6.70345,46.78977],[6.70635,46.79139],[6.70685,46.79289],[6.71161,46.79554],[6.71185,46.79553],[6.71224,46.79547],[6.71336,46.79537],[6.71362,46.79539],[6.71429,46.79564],[6.71456,46.79589],[6.71475,46.79605],[6.71501,46.79622],[6.7152,46.79632],[6.71543,46.79643],[6.71555,46.79648],[6.71583,46.79658],[6.71661,46.79693],[6.71713,46.79711],[6.71749,46.79735],[6.71817,46.79844],[6.72045,46.79945],[6.72108,46.79963],[6.72175,46.79998],[6.72194,46.80011],[6.72217,46.80044],[6.72219,46.80081],[6.7221,46.80104],[6.72162,46.80195],[6.72005,46.80587],[6.7178,46.80714],[6.71107,46.82006],[6.71093,46.82026],[6.71037,46.82061],[6.70987,46.8207],[6.70937,46.82065],[6.70908,46.82055],[6.69956,46.81659],[6.69292,46.81382],[6.6549,46.79797],[6.65464,46.79784],[6.65434,46.79756],[6.65431,46.79684],[6.65992,46.78614],[6.66009,46.78589],[6.66278,46.78286],[6.66411,46.78206]]]},"properties":{"bfs_nr":5909,"name":"Cheseaux-Nor\u00e9az"}},{"type":"Feature","geometry":{"type":"Polygon","coordinates":[[[6.67714,46.74565],[6.67893,46.74473],[6.68064,46.74243],[6.68374,46.74074],[6.6852,46.74051],[6.68727,46.73975],[6.68981,46.74134],[6.69024,46.74156],[6.69163,46.74173],[6.69189,46.74184],[6.69282,46.74231],[6.69389,46.74278],[6.69393,46.7428],[6.69408,46.74286],[6.69411,46.74288],[6.69422,46.74291],[6.69431,46.74295],[6.69458,46.74303],[6.69465,46.74305],[6.6951,46.74316],[6.69547,46.74324],[6.69623,46.74337],[6.69652,46.74346],[6.69691,46.74369],[6.69743,46.74413],[6.69827,46.74449],[6.70322,46.74495],[6.70505,46.74473],[6.70778,46.74715],[6.71017,46.74829],[6.71106,46.74922],[6.71199,46.74973],[6.71261,46.75032],[6.71279,46.75085],[6.71246,46.75151],[6.71193,46.75298],[6.71267,46.75461],[6.71286,46.75476],[6.71298,46.75484],[6.71309,46.75491],[6.71323,46.755],[6.71389,46.75536],[6.714,46.75541],[6.71408,46.75545],[6.71411,46.75546],[6.71418,46.75549],[6.71478,46.75571],[6.71498,46.75583],[6.71517,46.756],[6.71519,46.75601],[6.71521,46.75604],[6.71533,46.75618],[6.71541,46.75635],[6.71549,46.75686],[6.71556,46.75704],[6.71567,46.75719],[6.71581,46.75732],[6.71709,46.75878],[6.71812,46.75947],[6.71831,46.75957],[6.7188,46.75978],[6.71896,46.75987],[6.71905,46.75991],[6.71915,46.75995],[6.71929,46.76],[6.71951,46.76007],[6.71953,46.76008],[6.71981,46.76017],[6.72013,46.76029],[6.72046,46.76051],[6.7205,46.76054],[6.72067,46.7607],[6.72081,46.76084],[6.72091,46.761],[6.72099,46.76115],[6.72104,46.76125],[6.72106,46.7613],[6.72111,46.76141],[6.72115,46.76151],[6.72115,46.76153],[6.72124,46.76177],[6.72127,46.76189],[6.72133,46.76219],[6.72148,46.7625],[6.72252,46.76403],[6.72278,46.76435],[6.72298,46.76448],[6.72322,46.76458],[6.72358,46.76471],[6.72413,46.76525],[6.72403,46.76598],[6.72408,46.76629],[6.72437,46.76684],[6.72457,46.76711],[6.72488,46.76754],[6.72499,46.76774],[6.72504,46.76795],[6.72509,46.76873],[6.72504,46.76889],[6.72494,46.76907],[6.72475,46.76932],[6.72469,46.76941],[6.7243,46.77006],[6.72403,46.7704],[6.72402,46.77042],[6.72389,46.77059],[6.72382,46.77072],[6.72371,46.77095],[6.72366,46.77109],[6.72364,46.77118],[6.72362,46.77137],[6.72376,46.77173],[6.7244,46.77258],[6.72379,46.7744],[6.72311,46.77487],[6.7209,46.77521],[6.72064,46.77518],[6.72034,46.7751],[6.71856,46.77446],[6.71852,46.77444],[6.71765,46.77411],[6.71747,46.77403],[6.717,46.7738],[6.71657,46.77357],[6.71585,46.77336],[6.71528,46.77311],[6.71492,46.77297],[6.71409,46.77255],[6.7132,46.77209],[6.71306,46.77203],[6.70935,46.77202],[6.70837,46.77122],[6.70746,46.77056],[6.70743,46.77054],[6.70733,46.77046],[6.70713,46.77035],[6.70673,46.77017],[6.7066,46.77011],[6.70536,46.76957],[6.70549,46.76769],[6.70547,46.76751],[6.7054,46.76734],[6.70528,46.76718],[6.70482,46.76682],[6.70465,46.76672],[6.70169,46.7655],[6.70018,46.765],[6.69971,46.76485],[6.69893,46.76463],[6.69873,46.76456],[6.69622,46.7635],[6.69605,46.76334],[6.69602,46.76331],[6.696,46.76328],[6.69599,46.76327],[6.69586,46.76308],[6.69559,46.76244],[6.6953,46.76221],[6.69506,46.76208],[6.69455,46.76185],[6.69404,46.76172],[6.69224,46.76178],[6.69166,46.76142],[6.69148,46.76111],[6.69133,46.76089],[6.69112,46.76067],[6.69098,46.7605],[6.69081,46.76026],[6.69076,46.76015],[6.69075,46.76014],[6.6907,46.76003],[6.69058,46.75986],[6.69047,46.75962],[6.69037,46.75943],[6.68991,46.7587],[6.68895,46.75756],[6.6887,46.75727],[6.68828,46.75685],[6.68753,46.75508],[6.68689,46.75444],[6.68655,46.75307],[6.68606,46.75265],[6.68326,46.74916],[6.68323,46.74913],[6.68267,46.74838],[6.68265,46.74837],[6.68257,46.74827],[6.68207,46.74764],[6.68205,46.74761],[6.68069,46.74716],[6.67931,46.74773],[6.67809,46.74754],[6.677,46.74673],[6.67714,46.74565]]]},"properties":{"bfs_nr":5910,"name":"Cronay"}},{"type":"Feature","geometry":{"type":"Polygon","coordinates":[[[6.67145,46.77414],[6.67163,46.77248],[6.67313,46.77154],[6.6755,46.77192],[6.67721,46.77149],[6.67782,46.76909],[6.67781,46.76828],[6.67833,46.76783],[6.67977,46.76714],[6.68153,46.76681],[6.68195,46.76602],[6.68146,46.76544],[6.67988,46.7645],[6.67973,46.76414],[6.67973,46.76396],[6.6798,46.76378],[6.68216,46.76242],[6.68264,46.762],[6.68272,46.76165],[6.68268,46.76147],[6.68259,46.76131],[6.68246,46.76115],[6.68194,46.76064],[6.68213,46.75914],[6.68158,46.75827],[6.68163,46.75794],[6.68186,46.75764],[6.68203,46.75752],[6.68228,46.7574],[6.68257,46.75729],[6.68258,46.75729],[6.68421,46.75666],[6.6845,46.75658],[6.68474,46.75654],[6.68523,46.75656],[6.68683,46.75745],[6.68903,46.75769],[6.68922,46.75788],[6.68986,46.75864],[6.69017,46.75919],[6.69034,46.75939],[6.69049,46.75967],[6.69058,46.75986],[6.69063,46.75994],[6.69078,46.76019],[6.6908,46.76025],[6.69084,46.7603],[6.69095,46.76046],[6.69115,46.76071],[6.69127,46.76085],[6.69138,46.76097],[6.6915,46.76116],[6.69169,46.76154],[6.69201,46.76182],[6.69408,46.76182],[6.69457,46.76188],[6.695,46.76205],[6.69533,46.76224],[6.69563,46.76256],[6.69575,46.76293],[6.69587,46.76313],[6.696,46.76328],[6.69602,46.7633],[6.69608,46.76338],[6.69622,46.7635],[6.69639,46.76361],[6.69669,46.76376],[6.6977,46.76414],[6.69834,46.76442],[6.69876,46.76458],[6.69889,46.76462],[6.70161,46.76548],[6.70387,46.76647],[6.70464,46.76672],[6.70517,46.76709],[6.70542,46.7674],[6.70548,46.76772],[6.70535,46.76957],[6.70576,46.76981],[6.70656,46.7701],[6.70676,46.77018],[6.70708,46.77033],[6.70737,46.7705],[6.70833,46.77119],[6.70882,46.77166],[6.70956,46.77219],[6.70983,46.77297],[6.7106,46.77367],[6.71082,46.774],[6.71084,46.77449],[6.71101,46.77496],[6.71098,46.77532],[6.71065,46.7764],[6.71085,46.77778],[6.70907,46.78022],[6.70561,46.78061],[6.70418,46.77909],[6.70272,46.77814],[6.70202,46.77799],[6.70111,46.77823],[6.70023,46.77897],[6.69863,46.77899],[6.69808,46.77863],[6.69726,46.77813],[6.69708,46.77803],[6.69573,46.77751],[6.69524,46.77742],[6.69451,46.77753],[6.6943,46.77763],[6.69413,46.77775],[6.69389,46.77806],[6.69384,46.77823],[6.69384,46.7784],[6.69389,46.77857],[6.69412,46.77888],[6.69482,46.77963],[6.69462,46.78094],[6.69251,46.78148],[6.68197,46.77725],[6.68116,46.77674],[6.68072,46.77661],[6.68007,46.77658],[6.67934,46.77664],[6.6769,46.77735],[6.67665,46.77731],[6.67636,46.77722],[6.67629,46.77719],[6.67583,46.77701],[6.67553,46.7769],[6.67545,46.77687],[6.67539,46.77685],[6.67533,46.77683],[6.67522,46.7768],[6.67516,46.77677],[6.67507,46.77675],[6.675,46.77672],[6.67493,46.7767],[6.67489,46.77669],[6.67452,46.77653],[6.67335,46.77589],[6.67153,46.77512],[6.67145,46.77414]]]},"properties":{"bfs_nr":5911,"name":"Cuarny"}},{"type":"Feature","geometry":{"type":"Polygon","coordinates":[[[6.74201,46.74067],[6.74434,46.73829],[6.74445,46.73812],[6.74454,46.73772],[6.74495,46.73645],[6.74556,46.73545],[6.7461,46.73473],[6.74623,46.73458],[6.74722,46.73358],[6.74723,46.73357],[6.7477,46.7331],[6.74791,46.73293],[6.74811,46.73283],[6.74858,46.7327],[6.74996,46.73312],[6.75282,46.73657],[6.75838,46.73745],[6.75997,46.73928],[6.76512,46.74292],[6.76806,46.74436],[6.77269,46.75091],[6.77284,46.75131],[6.77275,46.75213],[6.77226,46.75308],[6.77232,46.75332],[6.77242,46.75351],[6.77259,46.75368],[6.77293,46.75395],[6.77376,46.75448],[6.77465,46.75535],[6.77425,46.75631],[6.77091,46.75657],[6.76999,46.75687],[6.76244,46.76227],[6.76022,46.76087],[6.75933,46.7607],[6.7589,46.76051],[6.7587,46.76035],[6.75736,46.75901],[6.75544,46.75803],[6.75488,46.75627],[6.7542,46.75584],[6.75342,46.75496],[6.75294,46.75455],[6.75223,46.75388],[6.75214,46.7538],[6.75034,46.75236],[6.74973,46.75206],[6.74939,46.75183],[6.7488,46.75153],[6.74866,46.75145],[6.74832,46.75123],[6.74793,46.75094],[6.74774,46.75076],[6.74757,46.75042],[6.74751,46.74977],[6.74328,46.74405],[6.74324,46.74288],[6.74182,46.74163],[6.74201,46.74067]]]},"properties":{"bfs_nr":5912,"name":"D\u00e9moret"}},{"type":"Feature","geometry":{"type":"Polygon","coordinates":[[[6.69099,46.74161],[6.68978,46.7413],[6.68957,46.73994],[6.69192,46.73951],[6.69337,46.73884],[6.69374,46.73858],[6.69393,46.73823],[6.6939,46.73786],[6.69323,46.7372],[6.69304,46.73669],[6.69316,46.73635],[6.6937,46.73594],[6.69575,46.73506],[6.697,46.73497],[6.69857,46.73627],[6.69941,46.73664],[6.70017,46.73658],[6.7031,46.73584],[6.70608,46.73573],[6.70679,46.73595],[6.70723,46.73631],[6.70755,46.7365],[6.70794,46.73679],[6.70809,46.73697],[6.70821,46.73731],[6.70813,46.73772],[6.70821,46.73808],[6.70849,46.73839],[6.7095,46.73902],[6.71023,46.73908],[6.71146,46.7388],[6.71277,46.7382],[6.71427,46.73818],[6.71561,46.73735],[6.71664,46.73594],[6.71851,46.73452],[6.72126,46.73435],[6.7227,46.73379],[6.72542,46.73204],[6.72547,46.72955],[6.72833,46.72897],[6.72944,46.7286],[6.7297,46.72847],[6.73115,46.72769],[6.73384,46.72756],[6.73433,46.72869],[6.73443,46.72887],[6.73459,46.72904],[6.73499,46.72935],[6.7358,46.72982],[6.73605,46.72991],[6.7366,46.72996],[6.73909,46.72996],[6.73947,46.73017],[6.73971,46.73046],[6.74009,46.73117],[6.74106,46.73164],[6.74171,46.73227],[6.74195,46.73255],[6.74209,46.73279],[6.74211,46.73282],[6.74243,46.73328],[6.74244,46.73329],[6.7426,46.73352],[6.74272,46.73372],[6.74302,46.73444],[6.74495,46.73638],[6.74454,46.73775],[6.74445,46.73808],[6.74434,46.73825],[6.74401,46.73852],[6.74323,46.73887],[6.7412,46.74126],[6.73828,46.74204],[6.73789,46.74229],[6.73764,46.7428],[6.73774,46.74316],[6.73836,46.74379],[6.73888,46.74476],[6.7392,46.74642],[6.73901,46.74725],[6.73879,46.74744],[6.73859,46.74755],[6.7383,46.74766],[6.73801,46.74774],[6.73773,46.7478],[6.7375,46.74782],[6.73625,46.74788],[6.73551,46.74829],[6.73533,46.74842],[6.73518,46.74858],[6.73509,46.74875],[6.73505,46.74894],[6.73506,46.74912],[6.73526,46.74947],[6.73647,46.75038],[6.73734,46.75098],[6.73755,46.75116],[6.73775,46.75151],[6.73776,46.75169],[6.73763,46.75205],[6.73749,46.7522],[6.73726,46.75237],[6.73572,46.75327],[6.7353,46.75373],[6.73534,46.75427],[6.73619,46.75557],[6.73598,46.75589],[6.73576,46.75606],[6.73432,46.75698],[6.73416,46.75711],[6.73394,46.75742],[6.73391,46.75759],[6.73392,46.75777],[6.73409,46.75809],[6.73464,46.75844],[6.73589,46.75886],[6.73614,46.75916],[6.7362,46.75934],[6.73592,46.76],[6.7352,46.76047],[6.73496,46.76079],[6.73491,46.76096],[6.73492,46.76115],[6.73498,46.76132],[6.73596,46.76222],[6.73612,46.76287],[6.73561,46.76366],[6.73585,46.7643],[6.73668,46.76513],[6.7367,46.76582],[6.73567,46.76653],[6.73417,46.77071],[6.73151,46.77179],[6.72689,46.77299],[6.72636,46.77298],[6.72512,46.77258],[6.72393,46.77184],[6.72364,46.77132],[6.72366,46.7711],[6.72372,46.77091],[6.7238,46.77075],[6.72391,46.77056],[6.72431,46.77004],[6.72476,46.7693],[6.72496,46.76903],[6.72505,46.76889],[6.7251,46.76873],[6.7251,46.76858],[6.72509,46.76837],[6.72504,46.7679],[6.72499,46.76774],[6.72491,46.76758],[6.72457,46.76711],[6.72441,46.76689],[6.72415,46.76638],[6.72433,46.76559],[6.72417,46.76505],[6.72381,46.76478],[6.72358,46.76468],[6.7233,46.7646],[6.72286,46.76439],[6.7226,46.76412],[6.7225,46.76379],[6.7225,46.76339],[6.72235,46.76306],[6.72178,46.76265],[6.72137,46.76225],[6.72124,46.76179],[6.72115,46.76152],[6.72115,46.76151],[6.72111,46.76139],[6.72107,46.76132],[6.72103,46.76124],[6.72099,46.76114],[6.72097,46.7611],[6.7209,46.76097],[6.72081,46.76084],[6.7207,46.76072],[6.72049,46.76054],[6.72047,46.76052],[6.72041,46.76047],[6.72017,46.76031],[6.71987,46.76018],[6.71954,46.76008],[6.7195,46.76007],[6.71933,46.76002],[6.71911,46.75993],[6.71875,46.75976],[6.71835,46.75959],[6.71813,46.75947],[6.71718,46.75798],[6.71683,46.75773],[6.71621,46.75752],[6.71591,46.75737],[6.71572,46.75722],[6.71549,46.75686],[6.71543,46.75641],[6.71539,46.75631],[6.71533,46.75618],[6.71524,46.75606],[6.71522,46.75604],[6.71519,46.75601],[6.71515,46.75597],[6.71499,46.75582],[6.71478,46.7557],[6.71455,46.75561],[6.71442,46.75558],[6.71414,46.75548],[6.71407,46.75545],[6.71387,46.75535],[6.7132,46.75498],[6.71311,46.75492],[6.71294,46.75481],[6.71267,46.7546],[6.71194,46.75296],[6.71279,46.75105],[6.71283,46.75068],[6.71265,46.75034],[6.71199,46.74973],[6.7114,46.74935],[6.71027,46.74815],[6.70778,46.74714],[6.70595,46.74475],[6.69844,46.74442],[6.69686,46.74352],[6.69663,46.74346],[6.69616,46.74335],[6.69603,46.74333],[6.6955,46.74325],[6.69508,46.74316],[6.69466,46.74305],[6.69457,46.74302],[6.69434,46.74295],[6.69419,46.7429],[6.69412,46.74288],[6.69407,46.74286],[6.69394,46.74281],[6.69387,46.74278],[6.6918,46.74179],[6.69157,46.74169],[6.69131,46.74163],[6.69099,46.74161]]]},"properties":{"bfs_nr":5913,"name":"Donneloye"}},{"type":"Feature","geometry":{"type":"Polygon","coordinates":[[[6.57885,46.74129],[6.58138,46.73997],[6.58163,46.73986],[6.5825,46.73953],[6.58254,46.73951],[6.58305,46.73931],[6.58311,46.73928],[6.58407,46.73884],[6.58408,46.73884],[6.58521,46.73832],[6.5883,46.73681],[6.58949,46.73653],[6.59061,46.73605],[6.59376,46.7366],[6.59462,46.73738],[6.59489,46.73755],[6.59513,46.73767],[6.59535,46.73775],[6.59559,46.7378],[6.59583,46.73782],[6.59608,46.73781],[6.59632,46.73777],[6.59654,46.7377],[6.59674,46.7376],[6.59691,46.73748],[6.59704,46.73733],[6.59713,46.73718],[6.59718,46.73701],[6.59718,46.73661],[6.59751,46.73596],[6.59811,46.73561],[6.60067,46.73491],[6.60382,46.73548],[6.60628,46.73501],[6.60895,46.73388],[6.60966,46.73315],[6.61048,46.73271],[6.61209,46.73236],[6.61304,46.73253],[6.61407,46.73329],[6.61437,46.73362],[6.61444,46.73397],[6.6144,46.73415],[6.61431,46.73431],[6.61417,46.73446],[6.61395,46.73462],[6.61338,46.73497],[6.61321,46.7351],[6.61307,46.73524],[6.61298,46.73541],[6.61294,46.73558],[6.61295,46.73575],[6.613,46.73592],[6.6131,46.73608],[6.61325,46.73622],[6.61343,46.73635],[6.61413,46.73674],[6.61459,46.73696],[6.61521,46.73745],[6.61566,46.73832],[6.61489,46.73953],[6.61527,46.74041],[6.61501,46.74125],[6.61392,46.74203],[6.61431,46.74321],[6.61563,46.74358],[6.61681,46.74415],[6.61725,46.74475],[6.61714,46.74572],[6.61726,46.74605],[6.61739,46.7462],[6.61756,46.74632],[6.61835,46.74682],[6.6184,46.74685],[6.61856,46.74694],[6.61867,46.747],[6.61882,46.74707],[6.61887,46.74709],[6.61901,46.74715],[6.61914,46.7472],[6.62019,46.74756],[6.62054,46.74783],[6.62067,46.74853],[6.62038,46.74889],[6.6161,46.75198],[6.61416,46.75517],[6.61401,46.75537],[6.61364,46.75562],[6.61315,46.75575],[6.61169,46.75569],[6.61089,46.75614],[6.60859,46.75914],[6.60841,46.75933],[6.60775,46.75962],[6.60722,46.75965],[6.60672,46.75952],[6.60646,46.75939],[6.60252,46.75685],[6.60252,46.75684],[6.60162,46.75628],[6.60161,46.75627],[6.60003,46.75524],[6.60001,46.75523],[6.59912,46.75468],[6.59909,46.75466],[6.5984,46.75425],[6.59836,46.75423],[6.59776,46.75389],[6.59752,46.75374],[6.59738,46.75359],[6.59723,46.75324],[6.5973,46.75284],[6.59768,46.75204],[6.59914,46.74896],[6.59919,46.74879],[6.5992,46.74861],[6.59915,46.74844],[6.59906,46.74827],[6.59874,46.748],[6.59854,46.7479],[6.59777,46.7476],[6.59748,46.74751],[6.59717,46.74748],[6.59625,46.74746],[6.59621,46.74746],[6.5951,46.74746],[6.59401,46.74749],[6.59198,46.74766],[6.59118,46.74728],[6.57968,46.74324],[6.57854,46.74255],[6.57885,46.74129]]]},"properties":{"bfs_nr":5914,"name":"Ependes (VD)"}},{"type":"Feature","geometry":{"type":"Polygon","coordinates":[[[6.5454,46.75235],[6.54535,46.75173],[6.5456,46.75143],[6.54583,46.75127],[6.54621,46.75107],[6.54714,46.75055],[6.54789,46.75014],[6.5479,46.75013],[6.54804,46.75006],[6.54813,46.75001],[6.54814,46.75],[6.54826,46.74993],[6.54853,46.74982],[6.549,46.74972],[6.5504,46.75023],[6.55085,46.75039],[6.55135,46.75043],[6.55159,46.75039],[6.55204,46.75023],[6.55273,46.74989],[6.55324,46.74979],[6.55401,46.74993],[6.55427,46.75007],[6.55704,46.75191],[6.55707,46.75192],[6.55756,46.75223],[6.55777,46.75234],[6.55801,46.75241],[6.55827,46.75245],[6.55853,46.75246],[6.55879,46.75243],[6.55903,46.75236],[6.56057,46.75183],[6.56316,46.75093],[6.56514,46.75023],[6.5723,46.74774],[6.57232,46.74774],[6.57238,46.74772],[6.57248,46.74768],[6.57251,46.74767],[6.57255,46.74766],[6.57257,46.74765],[6.57258,46.74765],[6.57263,46.74763],[6.57265,46.74762],[6.57725,46.74603],[6.58053,46.74488],[6.58277,46.74434],[6.59005,46.74689],[6.59054,46.74828],[6.58991,46.74868],[6.58835,46.74978],[6.5833,46.75353],[6.58307,46.75377],[6.58282,46.754],[6.58141,46.75504],[6.57845,46.7572],[6.57712,46.75817],[6.57604,46.75897],[6.57603,46.75898],[6.57562,46.75927],[6.57518,46.75959],[6.57513,46.75963],[6.5749,46.75981],[6.57489,46.75982],[6.57476,46.75993],[6.57473,46.75996],[6.57466,46.76001],[6.57458,46.76009],[6.57394,46.7608],[6.57393,46.76082],[6.5736,46.7612],[6.57347,46.7614],[6.57342,46.76161],[6.57329,46.76336],[6.57328,46.76348],[6.57263,46.76505],[6.57443,46.76795],[6.57594,46.76953],[6.57609,46.77299],[6.57486,46.77326],[6.57446,46.77341],[6.57353,46.77377],[6.57353,46.77378],[6.57305,46.77397],[6.57304,46.77397],[6.57253,46.77417],[6.57224,46.77429],[6.57189,46.7744],[6.57183,46.77441],[6.57163,46.77449],[6.57102,46.77484],[6.57025,46.77497],[6.56965,46.77487],[6.56818,46.77502],[6.56512,46.7742],[6.56412,46.77438],[6.56198,46.77579],[6.56015,46.77624],[6.55904,46.77583],[6.55841,46.77505],[6.55824,46.77495],[6.55802,46.77486],[6.55775,46.77471],[6.55514,46.77297],[6.55491,46.77278],[6.55453,46.77241],[6.5544,46.77225],[6.55384,46.77109],[6.55371,46.77055],[6.55386,46.77001],[6.5536,46.76904],[6.5535,46.76889],[6.55336,46.76874],[6.55319,46.76862],[6.55298,46.76853],[6.5525,46.76838],[6.55176,46.76811],[6.55158,46.76804],[6.55141,46.76796],[6.55089,46.76777],[6.55074,46.76773],[6.55046,46.76765],[6.55031,46.76762],[6.55019,46.7676],[6.54963,46.76755],[6.5481,46.76734],[6.54786,46.76729],[6.54784,46.76729],[6.54735,46.76713],[6.54681,46.76672],[6.54642,46.76518],[6.54737,46.76365],[6.5495,46.76251],[6.54978,46.76184],[6.54947,46.76135],[6.5484,46.7605],[6.54699,46.75951],[6.54541,46.75828],[6.54531,46.75732],[6.54581,46.7568],[6.54593,46.75665],[6.546,46.75648],[6.54603,46.7563],[6.54592,46.75596],[6.54563,46.75566],[6.54466,46.75501],[6.54446,46.75484],[6.54426,46.75453],[6.54425,46.75418],[6.54442,46.75386],[6.54541,46.75301],[6.5454,46.75235]]]},"properties":{"bfs_nr":5919,"name":"Mathod"}},{"type":"Feature","geometry":{"type":"Polygon","coordinates":[[[6.73437,46.75695],[6.73581,46.75603],[6.73598,46.75589],[6.73611,46.75574],[6.73619,46.75557],[6.73547,46.75443],[6.73531,46.75373],[6.73577,46.75324],[6.73731,46.75234],[6.7375,46.7522],[6.73764,46.75205],[6.73773,46.75187],[6.73777,46.75169],[6.73776,46.7515],[6.73768,46.75133],[6.73756,46.75116],[6.73739,46.75102],[6.73527,46.74946],[6.73507,46.74912],[6.73509,46.74875],[6.73533,46.74842],[6.73591,46.74809],[6.73735,46.74792],[6.73854,46.74759],[6.73877,46.74751],[6.73913,46.74727],[6.73938,46.74665],[6.73898,46.74451],[6.73878,46.74415],[6.73796,46.74336],[6.73778,46.74284],[6.73806,46.74222],[6.74019,46.74158],[6.74226,46.74211],[6.74309,46.74398],[6.7473,46.74955],[6.74741,46.75045],[6.74766,46.75073],[6.74819,46.75114],[6.74829,46.75122],[6.74868,46.75146],[6.74878,46.75151],[6.74918,46.75172],[6.75,46.75239],[6.75056,46.75263],[6.75133,46.75318],[6.75212,46.75378],[6.75225,46.7539],[6.75296,46.75457],[6.75345,46.755],[6.75419,46.75586],[6.75487,46.75634],[6.75522,46.75827],[6.75574,46.75886],[6.75738,46.75917],[6.75781,46.75945],[6.75905,46.7607],[6.75939,46.76093],[6.76103,46.76145],[6.7624,46.7629],[6.76214,46.76348],[6.76082,46.76483],[6.76045,46.76513],[6.76027,46.76545],[6.76024,46.76562],[6.76027,46.76579],[6.76033,46.76595],[6.76044,46.7661],[6.7606,46.76624],[6.76244,46.76759],[6.76278,46.76783],[6.76302,46.76816],[6.76305,46.76835],[6.76303,46.76858],[6.7629,46.76908],[6.7629,46.76909],[6.76283,46.76925],[6.76282,46.76943],[6.76291,46.77018],[6.76271,46.77048],[6.76222,46.77086],[6.76201,46.77116],[6.76199,46.77149],[6.76214,46.77181],[6.76245,46.77208],[6.76314,46.77247],[6.76341,46.7728],[6.76358,46.77384],[6.76346,46.77521],[6.76299,46.77577],[6.76164,46.77625],[6.76087,46.77666],[6.76033,46.77712],[6.75899,46.77772],[6.75752,46.77772],[6.75673,46.77785],[6.75524,46.77866],[6.75285,46.77888],[6.75233,46.7788],[6.75205,46.77868],[6.75176,46.77854],[6.75153,46.77844],[6.75102,46.77836],[6.74914,46.77838],[6.74889,46.77833],[6.74846,46.77813],[6.74701,46.77666],[6.7437,46.77392],[6.74236,46.77362],[6.73874,46.77128],[6.73692,46.77091],[6.7353,46.76968],[6.73579,46.76647],[6.73671,46.76582],[6.73668,46.76513],[6.73589,46.7643],[6.73586,46.76359],[6.73633,46.76289],[6.736,46.76222],[6.73498,46.76132],[6.73492,46.76097],[6.7352,46.76047],[6.73592,46.76001],[6.73616,46.75969],[6.73621,46.75934],[6.73615,46.75916],[6.73605,46.759],[6.7359,46.75885],[6.73571,46.75873],[6.73549,46.75864],[6.73464,46.75844],[6.73391,46.75759],[6.73395,46.75742],[6.73416,46.75711],[6.73437,46.75695]]]},"properties":{"bfs_nr":5921,"name":"Molondin"}},{"type":"Feature","geometry":{"type":"Polygon","coordinates":[[[6.59174,46.78674],[6.59313,46.78544],[6.59594,46.78579],[6.59632,46.78581],[6.59708,46.78584],[6.5971,46.78584],[6.59872,46.7859],[6.59873,46.7859],[6.60128,46.78597],[6.60139,46.78597],[6.60159,46.78596],[6.60179,46.78595],[6.60193,46.78593],[6.60219,46.78587],[6.60239,46.78581],[6.60248,46.78578],[6.60292,46.78562],[6.60383,46.78538],[6.60492,46.78515],[6.6066,46.78474],[6.60802,46.78446],[6.60803,46.78446],[6.60846,46.78438],[6.60858,46.78436],[6.6088,46.78433],[6.60944,46.78429],[6.61012,46.7842],[6.61216,46.78439],[6.61291,46.78431],[6.61377,46.78274],[6.61684,46.78096],[6.6191,46.78088],[6.62002,46.78127],[6.62021,46.78256],[6.62231,46.78445],[6.62463,46.78523],[6.62489,46.78534],[6.62522,46.78558],[6.62539,46.78589],[6.62539,46.78623],[6.62512,46.78666],[6.62398,46.78782],[6.62378,46.78817],[6.62376,46.78836],[6.6238,46.78854],[6.62389,46.78872],[6.62423,46.78901],[6.6277,46.79109],[6.62798,46.79143],[6.62845,46.7918],[6.62859,46.7919],[6.62867,46.79195],[6.62872,46.79198],[6.6299,46.79267],[6.62935,46.79409],[6.6283,46.79424],[6.62763,46.79442],[6.62755,46.79445],[6.62741,46.7945],[6.62731,46.79454],[6.62716,46.79461],[6.6257,46.79541],[6.6235,46.79551],[6.61934,46.79457],[6.61275,46.7948],[6.61144,46.79542],[6.61002,46.79729],[6.60841,46.79764],[6.60684,46.7975],[6.60597,46.79758],[6.60298,46.79806],[6.60194,46.79782],[6.60099,46.79777],[6.60002,46.79753],[6.59722,46.79719],[6.5941,46.79737],[6.59232,46.79651],[6.59299,46.79289],[6.59381,46.79118],[6.5939,46.79078],[6.59426,46.79018],[6.59373,46.7893],[6.59198,46.7884],[6.59174,46.78674]]]},"properties":{"bfs_nr":5922,"name":"Montagny-pr\u00e8s-Yverdon"}},{"type":"Feature","geometry":{"type":"Polygon","coordinates":[[[6.67742,46.71377],[6.67769,46.71221],[6.67918,46.71157],[6.68165,46.71051],[6.68166,46.71051],[6.68622,46.70854],[6.68983,46.70628],[6.69176,46.7062],[6.69352,46.70808],[6.69339,46.70906],[6.69387,46.70975],[6.69502,46.71058],[6.69557,46.71161],[6.69695,46.71224],[6.69889,46.71063],[6.69881,46.709],[6.69934,46.70828],[6.69956,46.70758],[6.69956,46.70686],[6.70024,46.70557],[6.70401,46.70441],[6.70592,46.70488],[6.70667,46.70681],[6.70685,46.70714],[6.70743,46.70768],[6.70789,46.70831],[6.70896,46.70898],[6.70889,46.7108],[6.70929,46.71129],[6.7094,46.71144],[6.70947,46.71163],[6.70953,46.71192],[6.7096,46.71207],[6.70962,46.71229],[6.70956,46.71256],[6.70931,46.71292],[6.70923,46.71328],[6.7097,46.71552],[6.70949,46.71617],[6.70895,46.7166],[6.70854,46.71677],[6.70807,46.71683],[6.70751,46.71678],[6.70681,46.71684],[6.70529,46.71729],[6.70382,46.71873],[6.7022,46.71933],[6.70134,46.71986],[6.70107,46.72015],[6.70097,46.72048],[6.70089,46.72403],[6.70123,46.72482],[6.70155,46.72511],[6.70183,46.72543],[6.70235,46.72626],[6.70236,46.72628],[6.7024,46.72635],[6.70249,46.72656],[6.70249,46.72692],[6.70169,46.72757],[6.69717,46.72723],[6.69193,46.72588],[6.69063,46.72532],[6.6875,46.72223],[6.68527,46.71865],[6.68398,46.71799],[6.68343,46.71718],[6.68262,46.71666],[6.68143,46.71629],[6.67997,46.7161],[6.67948,46.71585],[6.67788,46.71439],[6.67742,46.71377]]]},"properties":{"bfs_nr":5923,"name":"Oppens"}},{"type":"Feature","geometry":{"type":"Polygon","coordinates":[[[6.56462,46.81314],[6.56632,46.81148],[6.56684,46.81116],[6.56872,46.81041],[6.56895,46.8103],[6.56913,46.81016],[6.57124,46.80814],[6.57138,46.80797],[6.57147,46.80778],[6.57158,46.80736],[6.57176,46.80673],[6.57179,46.80664],[6.5721,46.80586],[6.57219,46.80567],[6.57235,46.80541],[6.57242,46.8053],[6.57252,46.8049],[6.57254,46.80412],[6.57554,46.80388],[6.57603,46.80384],[6.57646,46.80369],[6.57851,46.80263],[6.58114,46.8025],[6.5833,46.80223],[6.58483,46.80236],[6.58685,46.8032],[6.58757,46.80327],[6.5885,46.80296],[6.58905,46.80251],[6.59006,46.80216],[6.59255,46.80248],[6.59305,46.80318],[6.59531,46.80443],[6.59518,46.80673],[6.59449,46.80753],[6.59507,46.80849],[6.59619,46.80912],[6.59633,46.80945],[6.59632,46.80976],[6.59647,46.81027],[6.59646,46.81053],[6.59613,46.81228],[6.59605,46.81253],[6.59542,46.81386],[6.59569,46.81578],[6.59296,46.8181],[6.59207,46.81945],[6.59195,46.81979],[6.59197,46.81997],[6.59203,46.82014],[6.59214,46.82029],[6.5923,46.82043],[6.59249,46.82055],[6.59271,46.82064],[6.59417,46.82111],[6.59446,46.82123],[6.59481,46.8215],[6.59491,46.82166],[6.59483,46.82236],[6.59257,46.82365],[6.58961,46.82325],[6.58744,46.82246],[6.5872,46.8224],[6.58695,46.82237],[6.58644,46.82241],[6.586,46.82258],[6.58459,46.82321],[6.58264,46.82293],[6.58165,46.82295],[6.58056,46.82234],[6.58003,46.82176],[6.57984,46.8216],[6.5796,46.82147],[6.57927,46.82133],[6.57923,46.82131],[6.579,46.82122],[6.5788,46.82116],[6.57794,46.82094],[6.57735,46.82081],[6.57645,46.82023],[6.57628,46.81953],[6.57652,46.81909],[6.5764,46.81843],[6.57588,46.81807],[6.57345,46.81716],[6.57266,46.81706],[6.57114,46.81723],[6.57031,46.81669],[6.57024,46.81578],[6.56988,46.81535],[6.56924,46.81511],[6.56681,46.81475],[6.56517,46.81453],[6.56462,46.81314]]]},"properties":{"bfs_nr":5924,"name":"Orges"}},{"type":"Feature","geometry":{"type":"Polygon","coordinates":[[[6.66697,46.71552],[6.6669,46.71316],[6.66751,46.71283],[6.66958,46.71225],[6.67399,46.71163],[6.67472,46.71186],[6.67543,46.71236],[6.67655,46.71293],[6.67784,46.71435],[6.67862,46.71513],[6.67937,46.71583],[6.67978,46.71606],[6.68321,46.71707],[6.684,46.71804],[6.68548,46.71899],[6.68787,46.72292],[6.69032,46.7254],[6.69373,46.72661],[6.69694,46.72734],[6.70072,46.72786],[6.70251,46.72915],[6.70185,46.73081],[6.70225,46.73148],[6.70254,46.73221],[6.70249,46.73256],[6.70206,46.73299],[6.7018,46.73311],[6.69773,46.73459],[6.69625,46.73484],[6.69359,46.73599],[6.69308,46.7364],[6.69298,46.73675],[6.693,46.73693],[6.69321,46.73727],[6.69386,46.73792],[6.69368,46.73861],[6.69195,46.7394],[6.68893,46.73853],[6.68785,46.73929],[6.68463,46.74055],[6.68283,46.73988],[6.68157,46.73716],[6.68159,46.73605],[6.6807,46.73434],[6.68063,46.73422],[6.68059,46.73417],[6.68051,46.73408],[6.67925,46.73285],[6.67925,46.73284],[6.67866,46.73227],[6.67808,46.7319],[6.67789,46.73172],[6.67541,46.72872],[6.67534,46.72862],[6.67461,46.72755],[6.67429,46.72726],[6.67354,46.72704],[6.67277,46.72706],[6.67146,46.7268],[6.671,46.72637],[6.66879,46.72233],[6.66868,46.72117],[6.66741,46.7194],[6.66674,46.71888],[6.66659,46.71868],[6.66593,46.71765],[6.66591,46.71761],[6.66585,46.71751],[6.66576,46.71729],[6.66577,46.71693],[6.66664,46.71621],[6.66691,46.71589],[6.66697,46.7157],[6.66697,46.71552]]]},"properties":{"bfs_nr":5925,"name":"Orzens"}},{"type":"Feature","geometry":{"type":"Polygon","coordinates":[[[6.65246,46.75821],[6.65285,46.75675],[6.65314,46.75666],[6.65344,46.75662],[6.65381,46.75662],[6.65411,46.75659],[6.65454,46.7565],[6.65498,46.75626],[6.65565,46.75526],[6.65575,46.75388],[6.65786,46.7515],[6.65955,46.74907],[6.66058,46.74836],[6.66178,46.7479],[6.66258,46.74786],[6.66377,46.74833],[6.66431,46.74836],[6.66516,46.74815],[6.66574,46.74781],[6.666,46.7475],[6.66662,46.74641],[6.66818,46.74612],[6.67207,46.74359],[6.67282,46.74343],[6.67334,46.74351],[6.67377,46.74373],[6.67396,46.74392],[6.6747,46.74479],[6.67671,46.74655],[6.67743,46.74707],[6.6782,46.74808],[6.68083,46.74761],[6.68183,46.74766],[6.68223,46.74788],[6.68241,46.74806],[6.68257,46.74827],[6.68266,46.74837],[6.68267,46.74839],[6.68324,46.74913],[6.68326,46.74915],[6.68615,46.75276],[6.68601,46.75395],[6.68648,46.75542],[6.68595,46.756],[6.68554,46.75616],[6.68257,46.75729],[6.68256,46.75729],[6.68221,46.75743],[6.682,46.75754],[6.68182,46.75767],[6.68168,46.75782],[6.68159,46.75799],[6.68155,46.75816],[6.68159,46.75994],[6.68184,46.76058],[6.68259,46.76131],[6.68271,46.76165],[6.68263,46.762],[6.68027,46.76334],[6.67991,46.7636],[6.67979,46.76375],[6.67973,46.76393],[6.67971,46.7641],[6.67983,46.76445],[6.68013,46.76474],[6.68126,46.76536],[6.68153,46.76617],[6.67809,46.76795],[6.67774,46.76821],[6.67755,46.76872],[6.67741,46.77018],[6.67623,46.77119],[6.67331,46.77139],[6.6711,46.77244],[6.67057,46.77248],[6.6703,46.77244],[6.67,46.77235],[6.6675,46.77138],[6.66738,46.77133],[6.66724,46.77127],[6.66696,46.77116],[6.66674,46.77105],[6.66632,46.77072],[6.66588,46.77052],[6.66276,46.76966],[6.65922,46.76915],[6.65607,46.76633],[6.65318,46.76432],[6.65272,46.76408],[6.65225,46.7639],[6.65199,46.76373],[6.65181,46.76358],[6.65179,46.76356],[6.65098,46.76286],[6.65056,46.7625],[6.65039,46.76232],[6.65026,46.76198],[6.65033,46.76164],[6.65058,46.76133],[6.65103,46.7611],[6.65276,46.7605],[6.65296,46.76041],[6.65314,46.7603],[6.65328,46.76016],[6.65339,46.76001],[6.65346,46.75985],[6.65348,46.75969],[6.65345,46.75952],[6.65338,46.75936],[6.65323,46.75904],[6.65317,46.75893],[6.6531,46.75881],[6.65301,46.75869],[6.65246,46.75821]]]},"properties":{"bfs_nr":5926,"name":"Pomy"}},{"type":"Feature","geometry":{"type":"Polygon","coordinates":[[[6.74798,46.78267],[6.74765,46.78211],[6.74773,46.78176],[6.74784,46.7816],[6.74804,46.78142],[6.74838,46.78116],[6.74868,46.78098],[6.74904,46.7808],[6.74934,46.78068],[6.7496,46.78063],[6.74987,46.78061],[6.75015,46.78063],[6.7504,46.78069],[6.75064,46.78079],[6.75127,46.78122],[6.75151,46.78131],[6.75178,46.78137],[6.75205,46.78139],[6.75243,46.78136],[6.7529,46.78124],[6.75415,46.78071],[6.75489,46.77891],[6.75656,46.77809],[6.75756,46.77777],[6.75877,46.77778],[6.7594,46.77765],[6.76033,46.77717],[6.76107,46.7766],[6.76212,46.77635],[6.76304,46.77664],[6.76404,46.77777],[6.76802,46.78112],[6.76822,46.78252],[6.7696,46.78435],[6.77027,46.78465],[6.77054,46.78467],[6.77119,46.7847],[6.7715,46.78473],[6.77173,46.78479],[6.77213,46.78499],[6.7724,46.78528],[6.77248,46.78549],[6.77262,46.78602],[6.77264,46.7862],[6.77269,46.78703],[6.77251,46.78769],[6.77249,46.78783],[6.77249,46.78813],[6.77249,46.78815],[6.77249,46.78821],[6.77252,46.78838],[6.7726,46.78855],[6.77273,46.78871],[6.77333,46.78903],[6.77555,46.78931],[6.77862,46.79388],[6.78592,46.79795],[6.78688,46.79953],[6.78528,46.80145],[6.78352,46.80243],[6.77985,46.80095],[6.77601,46.80204],[6.77397,46.80089],[6.77343,46.80016],[6.77347,46.79933],[6.77327,46.79838],[6.77295,46.79808],[6.77207,46.79747],[6.77202,46.79743],[6.77195,46.79739],[6.7716,46.79719],[6.77135,46.79702],[6.77124,46.79692],[6.77091,46.79659],[6.77046,46.79607],[6.77019,46.79584],[6.76966,46.79556],[6.76894,46.79506],[6.76822,46.79481],[6.76812,46.79478],[6.768,46.79475],[6.76758,46.79466],[6.76734,46.7946],[6.76711,46.79451],[6.76635,46.79414],[6.76621,46.79407],[6.76556,46.7937],[6.76543,46.79361],[6.76486,46.79322],[6.76467,46.79307],[6.76439,46.7928],[6.76419,46.79258],[6.76405,46.79239],[6.76341,46.79149],[6.76312,46.79061],[6.76236,46.79024],[6.76108,46.79001],[6.75926,46.79002],[6.75818,46.78969],[6.75758,46.78949],[6.75696,46.7893],[6.75691,46.78928],[6.75611,46.78903],[6.75608,46.78902],[6.75554,46.78884],[6.7555,46.78882],[6.75479,46.78857],[6.75474,46.78855],[6.75404,46.78828],[6.75401,46.78827],[6.75377,46.78817],[6.75353,46.78805],[6.75323,46.7878],[6.75267,46.7872],[6.75183,46.78687],[6.75143,46.78662],[6.7503,46.78597],[6.74968,46.78562],[6.74856,46.78503],[6.74829,46.78472],[6.74822,46.7845],[6.74816,46.78414],[6.74814,46.78399],[6.74814,46.78358],[6.74817,46.78303],[6.74798,46.78267]]]},"properties":{"bfs_nr":5928,"name":"Rovray"}},{"type":"Feature","geometry":{"type":"Polygon","coordinates":[[[6.58491,46.71872],[6.58996,46.71594],[6.59156,46.71454],[6.59291,46.71362],[6.59387,46.71323],[6.59687,46.71433],[6.59739,46.71445],[6.59794,46.71442],[6.59885,46.71419],[6.59974,46.7143],[6.60203,46.71393],[6.60512,46.71237],[6.60612,46.71218],[6.60705,46.71236],[6.60755,46.71235],[6.60779,46.71229],[6.60801,46.7122],[6.6082,46.71209],[6.60835,46.71195],[6.6086,46.71165],[6.60867,46.71149],[6.60869,46.71132],[6.60867,46.71115],[6.6086,46.71098],[6.6083,46.71047],[6.60785,46.70992],[6.60723,46.70926],[6.60706,46.70902],[6.60693,46.70878],[6.60684,46.70856],[6.60682,46.70832],[6.60688,46.70751],[6.60696,46.7072],[6.60731,46.70637],[6.60743,46.70604],[6.60753,46.70584],[6.60817,46.70527],[6.60844,46.70469],[6.60856,46.70455],[6.6089,46.70433],[6.61085,46.70376],[6.6112,46.70369],[6.61157,46.70367],[6.61212,46.70369],[6.61215,46.70369],[6.6136,46.70376],[6.61396,46.70381],[6.61459,46.70401],[6.61547,46.70426],[6.61567,46.7043],[6.61667,46.70449],[6.61876,46.70646],[6.62045,46.70752],[6.62113,46.70862],[6.62122,46.70877],[6.62135,46.7089],[6.62166,46.70916],[6.62193,46.70949],[6.62201,46.70979],[6.62245,46.71078],[6.62252,46.71123],[6.62187,46.71235],[6.62204,46.71366],[6.61978,46.7161],[6.61999,46.71641],[6.62052,46.71732],[6.62057,46.71741],[6.62094,46.71823],[6.62125,46.71891],[6.62131,46.71909],[6.62132,46.71929],[6.62121,46.72114],[6.62121,46.72118],[6.62116,46.72162],[6.62123,46.72227],[6.62154,46.72311],[6.62172,46.72398],[6.62173,46.72421],[6.6216,46.72455],[6.62146,46.7247],[6.6209,46.72509],[6.6148,46.73117],[6.61334,46.73219],[6.61244,46.73225],[6.61045,46.73271],[6.60983,46.73292],[6.60622,46.73501],[6.60383,46.73546],[6.6008,46.73485],[6.59838,46.73535],[6.5976,46.73577],[6.59718,46.73661],[6.59713,46.73717],[6.59691,46.73747],[6.59654,46.7377],[6.59608,46.73781],[6.59559,46.7378],[6.59535,46.73775],[6.59508,46.73764],[6.59496,46.73758],[6.59472,46.73745],[6.59456,46.73731],[6.59289,46.73432],[6.59097,46.7314],[6.5905,46.73078],[6.59028,46.73057],[6.58923,46.72976],[6.58723,46.72767],[6.58522,46.72601],[6.58516,46.72579],[6.58516,46.72576],[6.58519,46.72541],[6.58531,46.72503],[6.58563,46.72441],[6.58562,46.72362],[6.58682,46.72166],[6.5869,46.72149],[6.58693,46.72131],[6.5869,46.72113],[6.58682,46.72095],[6.58652,46.72065],[6.58608,46.72046],[6.58542,46.72021],[6.58523,46.72008],[6.58499,46.71989],[6.58481,46.71971],[6.58465,46.71938],[6.58477,46.71888],[6.58491,46.71872]]]},"properties":{"bfs_nr":5929,"name":"Suchy"}},{"type":"Feature","geometry":{"type":"Polygon","coordinates":[[[6.57327,46.76367],[6.57329,46.76336],[6.57341,46.76167],[6.57348,46.7614],[6.57364,46.76115],[6.57393,46.76081],[6.57395,46.76079],[6.57457,46.76011],[6.57468,46.75999],[6.57472,46.75996],[6.57476,46.75992],[6.5749,46.75981],[6.57491,46.7598],[6.57512,46.75963],[6.57519,46.75958],[6.57562,46.75927],[6.57563,46.75927],[6.57603,46.75898],[6.57604,46.75897],[6.57712,46.75817],[6.57845,46.7572],[6.58031,46.75585],[6.58142,46.75504],[6.58142,46.75503],[6.58309,46.75381],[6.58356,46.75334],[6.58988,46.7487],[6.5906,46.74827],[6.59146,46.74791],[6.59398,46.7475],[6.59512,46.74746],[6.5962,46.74746],[6.59709,46.74748],[6.59747,46.74752],[6.59783,46.74762],[6.59848,46.74787],[6.59874,46.748],[6.59905,46.74827],[6.59919,46.74861],[6.59918,46.74878],[6.59912,46.749],[6.59768,46.75204],[6.59728,46.75289],[6.59723,46.75306],[6.59722,46.75324],[6.59727,46.75342],[6.59737,46.75359],[6.59752,46.75374],[6.5977,46.75387],[6.59836,46.75423],[6.5984,46.75425],[6.59909,46.75466],[6.59913,46.75468],[6.60002,46.75524],[6.60004,46.75525],[6.60162,46.75627],[6.60162,46.75628],[6.6017,46.75632],[6.60191,46.75649],[6.60204,46.75664],[6.60216,46.75697],[6.60196,46.75751],[6.5968,46.76356],[6.59661,46.76374],[6.59642,46.76386],[6.59595,46.76401],[6.59508,46.76403],[6.5944,46.76423],[6.59409,46.7645],[6.59291,46.76698],[6.58875,46.76891],[6.58879,46.77095],[6.58825,46.77252],[6.58692,46.77491],[6.5868,46.77537],[6.58656,46.77568],[6.58562,46.77606],[6.58522,46.77629],[6.58499,46.77661],[6.58495,46.77697],[6.58517,46.77741],[6.58661,46.77903],[6.58555,46.78004],[6.58337,46.78038],[6.58265,46.78017],[6.58242,46.78001],[6.57996,46.77782],[6.57978,46.77763],[6.57965,46.77729],[6.57997,46.77653],[6.57999,46.77616],[6.57982,46.77555],[6.5798,46.77546],[6.57978,46.77533],[6.57977,46.7753],[6.57966,46.77443],[6.57965,46.77442],[6.57958,46.77389],[6.57865,46.77312],[6.57772,46.77294],[6.57637,46.77166],[6.57621,46.76981],[6.57286,46.76532],[6.57327,46.76367]]]},"properties":{"bfs_nr":5930,"name":"Susc\u00e9vaz"}},{"type":"Feature","geometry":{"type":"Polygon","coordinates":[[[6.59333,46.7663],[6.59409,46.76453],[6.59492,46.7641],[6.59575,46.76408],[6.59621,46.76398],[6.59659,46.76378],[6.59673,46.76364],[6.60166,46.75786],[6.60302,46.75739],[6.60351,46.75751],[6.60376,46.75765],[6.60697,46.75971],[6.60725,46.76085],[6.60601,46.7625],[6.60486,46.76409],[6.60472,46.76444],[6.60474,46.76463],[6.60481,46.76481],[6.60493,46.76498],[6.6051,46.76512],[6.60531,46.76524],[6.60774,46.76655],[6.60795,46.76742],[6.60847,46.76816],[6.6086,46.76832],[6.60879,46.76845],[6.60901,46.76856],[6.61099,46.76932],[6.611,46.76933],[6.61131,46.76945],[6.61135,46.76946],[6.61172,46.76959],[6.61175,46.7696],[6.61339,46.77018],[6.61537,46.77089],[6.61539,46.7709],[6.61597,46.7711],[6.61603,46.77112],[6.6167,46.77133],[6.61673,46.77134],[6.61762,46.77159],[6.61763,46.77159],[6.61918,46.77202],[6.62055,46.77305],[6.62066,46.77338],[6.62059,46.77372],[6.62046,46.77392],[6.61723,46.77771],[6.61726,46.77868],[6.61794,46.78016],[6.6161,46.78092],[6.61452,46.77973],[6.61382,46.77943],[6.61333,46.77907],[6.61277,46.77877],[6.61273,46.77875],[6.61189,46.77827],[6.61118,46.77789],[6.61025,46.77739],[6.60671,46.7757],[6.60162,46.77208],[6.59929,46.77089],[6.59905,46.77074],[6.59878,46.77042],[6.59871,46.76946],[6.5981,46.76897],[6.59399,46.76744],[6.59333,46.7663]]]},"properties":{"bfs_nr":5931,"name":"Treycovagnes"}},{"type":"Feature","geometry":{"type":"Polygon","coordinates":[[[6.65657,46.73163],[6.6567,46.73154],[6.65701,46.73134],[6.65716,46.73121],[6.65728,46.73107],[6.65736,46.73092],[6.6574,46.7306],[6.65738,46.73047],[6.65731,46.73006],[6.65714,46.72894],[6.65714,46.72892],[6.65714,46.72887],[6.65713,46.72881],[6.65713,46.72861],[6.65717,46.72845],[6.65738,46.72816],[6.65757,46.72801],[6.65784,46.72784],[6.65997,46.72646],[6.66044,46.72584],[6.6608,46.72547],[6.66186,46.72455],[6.66201,46.72444],[6.66231,46.72423],[6.66234,46.72421],[6.66235,46.7242],[6.66291,46.72381],[6.66355,46.72336],[6.66478,46.7225],[6.66479,46.72249],[6.6648,46.72248],[6.66486,46.72244],[6.66534,46.72213],[6.66552,46.72203],[6.66598,46.72179],[6.66616,46.72168],[6.66669,46.72132],[6.66816,46.72141],[6.67109,46.72653],[6.67152,46.72693],[6.67194,46.72708],[6.67353,46.7271],[6.67424,46.72728],[6.67468,46.72765],[6.67535,46.72864],[6.6754,46.7287],[6.6781,46.73197],[6.67841,46.73222],[6.67876,46.7324],[6.67895,46.73256],[6.67926,46.73285],[6.68048,46.73405],[6.68061,46.73419],[6.68072,46.73437],[6.68142,46.73572],[6.68145,46.73705],[6.68304,46.74057],[6.68276,46.74125],[6.68069,46.74238],[6.67945,46.74373],[6.67682,46.74568],[6.67563,46.74553],[6.67393,46.74387],[6.67377,46.74372],[6.67357,46.7436],[6.67334,46.7435],[6.67309,46.74344],[6.67282,46.74342],[6.67255,46.74344],[6.67206,46.74358],[6.66911,46.74532],[6.66734,46.74517],[6.66711,46.74416],[6.66702,46.74384],[6.66676,46.74355],[6.66632,46.74322],[6.66503,46.74225],[6.66297,46.74198],[6.66255,46.74182],[6.66238,46.7417],[6.6622,46.74153],[6.66173,46.74096],[6.65936,46.73806],[6.65923,46.73786],[6.65917,46.7375],[6.65974,46.73653],[6.65945,46.73581],[6.65637,46.73282],[6.65657,46.73163]]]},"properties":{"bfs_nr":5932,"name":"Ursins"}},{"type":"Feature","geometry":{"type":"Polygon","coordinates":[[[6.58359,46.80134],[6.58428,46.79969],[6.58406,46.79864],[6.58403,46.79844],[6.58407,46.7982],[6.58419,46.79783],[6.5843,46.7976],[6.58451,46.79732],[6.58485,46.79709],[6.58529,46.79695],[6.58578,46.79694],[6.5881,46.79788],[6.58927,46.79776],[6.59129,46.79699],[6.59406,46.79738],[6.59716,46.79732],[6.60228,46.79805],[6.60283,46.79811],[6.6035,46.79803],[6.60456,46.79806],[6.60662,46.79752],[6.60858,46.79765],[6.61001,46.79742],[6.61084,46.79692],[6.61152,46.79542],[6.61298,46.79482],[6.61929,46.79459],[6.62091,46.79524],[6.62104,46.7974],[6.62037,46.79934],[6.62044,46.79983],[6.62043,46.80013],[6.6204,46.80031],[6.62035,46.80046],[6.62028,46.80062],[6.62015,46.80081],[6.61998,46.80103],[6.61973,46.80131],[6.61958,46.80151],[6.61934,46.80183],[6.61854,46.80219],[6.61806,46.8022],[6.61751,46.8021],[6.61726,46.80209],[6.61678,46.80217],[6.61656,46.80225],[6.61637,46.80236],[6.61621,46.80249],[6.61609,46.80264],[6.61602,46.80281],[6.61563,46.80407],[6.61526,46.80456],[6.61485,46.80475],[6.61437,46.80482],[6.61412,46.80481],[6.61382,46.80476],[6.61031,46.80387],[6.60912,46.80397],[6.60858,46.80453],[6.60815,46.80591],[6.60805,46.80613],[6.60791,46.80629],[6.60751,46.80654],[6.60673,46.80666],[6.6064,46.80662],[6.60467,46.80624],[6.60465,46.80624],[6.60176,46.80559],[6.59828,46.80482],[6.59681,46.80487],[6.59429,46.80378],[6.59261,46.80223],[6.59008,46.80205],[6.58877,46.80257],[6.58809,46.80306],[6.58661,46.80307],[6.58377,46.80188],[6.58359,46.80134]]]},"properties":{"bfs_nr":5933,"name":"Valeyres-sous-Montagny"}},{"type":"Feature","geometry":{"type":"Polygon","coordinates":[[[6.64081,46.74471],[6.64188,46.74319],[6.6441,46.74304],[6.64532,46.74261],[6.64614,46.74215],[6.64629,46.74203],[6.64914,46.73924],[6.64968,46.73837],[6.65038,46.73596],[6.65058,46.73566],[6.65078,46.7355],[6.65079,46.73549],[6.65083,46.73547],[6.65294,46.73405],[6.6531,46.73395],[6.65334,46.73378],[6.65456,46.73297],[6.65481,46.73283],[6.65529,46.7327],[6.65627,46.73285],[6.65955,46.73616],[6.65898,46.73731],[6.65915,46.7378],[6.65925,46.73793],[6.65976,46.73855],[6.65984,46.73865],[6.66103,46.7401],[6.66174,46.74096],[6.66245,46.74184],[6.66323,46.74226],[6.66466,46.74222],[6.66514,46.74237],[6.66539,46.74252],[6.66661,46.74344],[6.6668,46.74361],[6.66697,46.74393],[6.66696,46.74516],[6.66677,46.74567],[6.66594,46.74645],[6.66595,46.74743],[6.6656,46.74787],[6.66494,46.7482],[6.66379,46.74827],[6.66248,46.74774],[6.66194,46.74774],[6.66053,46.74831],[6.65928,46.74924],[6.65785,46.75145],[6.65577,46.75356],[6.65552,46.75504],[6.65494,46.75612],[6.65461,46.7564],[6.65439,46.7565],[6.65415,46.75657],[6.65389,46.7566],[6.65365,46.7566],[6.65323,46.75663],[6.65267,46.75673],[6.6522,46.75671],[6.64915,46.75585],[6.64744,46.75384],[6.64323,46.75059],[6.64176,46.75029],[6.64128,46.7499],[6.64117,46.74956],[6.64153,46.74878],[6.64156,46.74865],[6.64159,46.74848],[6.64155,46.74815],[6.6415,46.74807],[6.64134,46.7477],[6.6413,46.74747],[6.64128,46.74741],[6.64126,46.74732],[6.64126,46.74731],[6.64121,46.7471],[6.64121,46.74692],[6.64121,46.74691],[6.6412,46.74672],[6.64097,46.74624],[6.64081,46.74471]]]},"properties":{"bfs_nr":5934,"name":"Valeyres-sous-Ursins"}},{"type":"Feature","geometry":{"type":"Polygon","coordinates":[[[6.69224,46.78364],[6.69169,46.78226],[6.69471,46.78108],[6.69508,46.77976],[6.69414,46.77888],[6.69386,46.77841],[6.6939,46.77807],[6.69412,46.77777],[6.6943,46.77765],[6.6957,46.77751],[6.6963,46.77777],[6.6975,46.77827],[6.69806,46.77862],[6.69863,46.779],[6.69931,46.77917],[6.70024,46.77898],[6.70192,46.7781],[6.70372,46.77883],[6.70442,46.77989],[6.70368,46.78111],[6.70431,46.78407],[6.70284,46.7858],[6.70438,46.7871],[6.70434,46.78869],[6.70295,46.78957],[6.69989,46.78861],[6.69937,46.78802],[6.69829,46.7871],[6.69786,46.78681],[6.69431,46.78524],[6.69224,46.78364]]]},"properties":{"bfs_nr":5935,"name":"Villars-Epeney"}},{"type":"Feature","geometry":{"type":"Polygon","coordinates":[[[6.55877,46.81899],[6.5589,46.8189],[6.55892,46.81888],[6.55963,46.81828],[6.56192,46.81635],[6.5629,46.81558],[6.56397,46.81459],[6.56485,46.81451],[6.56682,46.81476],[6.56907,46.81509],[6.56977,46.81533],[6.57016,46.81593],[6.57021,46.81665],[6.5711,46.81723],[6.57179,46.81735],[6.57316,46.81714],[6.57582,46.81805],[6.57639,46.81843],[6.57651,46.81909],[6.57613,46.81973],[6.57658,46.82065],[6.57702,46.82081],[6.57765,46.82089],[6.57875,46.82115],[6.57905,46.82124],[6.57928,46.82134],[6.57953,46.82144],[6.57983,46.8216],[6.58007,46.82181],[6.58053,46.82235],[6.58119,46.82285],[6.58163,46.82299],[6.58263,46.82295],[6.58454,46.82322],[6.5853,46.82308],[6.58605,46.82259],[6.58674,46.82239],[6.58724,46.82242],[6.58975,46.82331],[6.59178,46.8237],[6.59151,46.82514],[6.58867,46.82577],[6.58811,46.82722],[6.58608,46.82811],[6.58491,46.83013],[6.58334,46.83071],[6.58299,46.83109],[6.57883,46.83555],[6.578,46.83598],[6.5775,46.83599],[6.57726,46.83595],[6.57697,46.83586],[6.56852,46.83244],[6.56821,46.83232],[6.56816,46.8323],[6.56776,46.83213],[6.56751,46.83199],[6.56722,46.8317],[6.56712,46.83136],[6.56729,46.83046],[6.56729,46.83032],[6.56726,46.83014],[6.56703,46.82981],[6.56582,46.82848],[6.5656,46.82753],[6.56505,46.82682],[6.56495,46.82667],[6.56475,46.82631],[6.56464,46.82616],[6.56449,46.82602],[6.56387,46.82555],[6.56386,46.82555],[6.56259,46.82462],[6.56248,46.82453],[6.56219,46.82427],[6.56215,46.82424],[6.56149,46.82361],[6.56136,46.82347],[6.56123,46.82331],[6.56111,46.82313],[6.56076,46.8225],[6.56065,46.82234],[6.56024,46.82189],[6.56009,46.82174],[6.55986,46.82153],[6.55968,46.82132],[6.55964,46.82128],[6.55945,46.82108],[6.55894,46.82058],[6.55845,46.81983],[6.55877,46.81899]]]},"properties":{"bfs_nr":5937,"name":"Vugelles-La Mothe"}},{"type":"Feature","geometry":{"type":"Polygon","coordinates":[[[6.60749,46.76623],[6.60537,46.76527],[6.6051,46.76512],[6.60481,46.76481],[6.60473,46.76444],[6.60489,46.76404],[6.60601,46.76251],[6.60755,46.76045],[6.60793,46.76],[6.60851,46.75925],[6.6107,46.75638],[6.61207,46.75587],[6.61489,46.75688],[6.61548,46.75735],[6.61572,46.7576],[6.61604,46.75805],[6.6161,46.75813],[6.61624,46.75827],[6.61642,46.75843],[6.6165,46.75849],[6.61673,46.75861],[6.61717,46.75881],[6.61819,46.75934],[6.61938,46.76023],[6.61954,46.76034],[6.61995,46.76059],[6.62005,46.76064],[6.62074,46.76097],[6.62089,46.76105],[6.62114,46.76125],[6.6215,46.76158],[6.62156,46.76163],[6.62181,46.76183],[6.62196,46.76194],[6.62248,46.76224],[6.6227,46.76234],[6.62293,46.76241],[6.62319,46.76245],[6.62345,46.76245],[6.6237,46.76242],[6.62394,46.76235],[6.62416,46.76225],[6.62434,46.76212],[6.62679,46.76006],[6.62934,46.76015],[6.63015,46.76008],[6.63081,46.7598],[6.63196,46.75974],[6.63296,46.75931],[6.63459,46.75744],[6.6347,46.75728],[6.63476,46.75711],[6.63478,46.75693],[6.63474,46.75676],[6.63452,46.75644],[6.63421,46.75623],[6.63389,46.75577],[6.63343,46.75431],[6.63133,46.75331],[6.62919,46.74949],[6.63097,46.74808],[6.63113,46.74793],[6.63125,46.74776],[6.63132,46.74758],[6.63133,46.7474],[6.63129,46.74721],[6.63102,46.74662],[6.63147,46.74579],[6.6315,46.74545],[6.63138,46.74458],[6.6322,46.74381],[6.63387,46.74357],[6.63436,46.74346],[6.63477,46.74324],[6.63503,46.74292],[6.63508,46.74256],[6.63503,46.74239],[6.63404,46.73985],[6.63454,46.73911],[6.6358,46.73892],[6.63714,46.74015],[6.63973,46.74138],[6.64086,46.74275],[6.64071,46.74444],[6.64098,46.74631],[6.64118,46.74676],[6.64119,46.74698],[6.6412,46.74702],[6.64122,46.74716],[6.64128,46.74739],[6.6413,46.74748],[6.64133,46.74765],[6.64134,46.7477],[6.64135,46.74775],[6.64154,46.7482],[6.64157,46.74846],[6.64156,46.74867],[6.64149,46.74887],[6.6412,46.74932],[6.64115,46.74955],[6.64117,46.74973],[6.64135,46.75006],[6.64194,46.75041],[6.64297,46.75068],[6.64435,46.75149],[6.64769,46.75415],[6.64915,46.75585],[6.65044,46.75658],[6.65124,46.75813],[6.65239,46.75839],[6.65283,46.75858],[6.653,46.75871],[6.65316,46.75891],[6.65324,46.75907],[6.65336,46.75932],[6.65345,46.75952],[6.65345,46.75985],[6.65328,46.76016],[6.65296,46.76041],[6.6527,46.76052],[6.65097,46.76112],[6.65057,46.76133],[6.65042,46.76147],[6.65032,46.76163],[6.65026,46.76181],[6.65026,46.76198],[6.6503,46.76215],[6.65039,46.76232],[6.65052,46.76247],[6.65079,46.76271],[6.65088,46.76278],[6.65089,46.76278],[6.651,46.76287],[6.6518,46.76357],[6.65181,46.76358],[6.65226,46.76396],[6.65341,46.7645],[6.65641,46.76683],[6.65771,46.76852],[6.65923,46.76929],[6.66248,46.76968],[6.66409,46.77004],[6.66504,46.77038],[6.66579,46.77051],[6.66623,46.77068],[6.6666,46.77096],[6.66675,46.77106],[6.66694,46.77115],[6.66748,46.77137],[6.67057,46.77258],[6.67117,46.77383],[6.66943,46.77429],[6.66889,46.77404],[6.66761,46.77355],[6.66713,46.77344],[6.66662,46.77347],[6.66638,46.77353],[6.66616,46.77363],[6.66597,46.77375],[6.66583,46.7739],[6.66572,46.77406],[6.66567,46.77423],[6.66565,46.77433],[6.66565,46.77451],[6.66577,46.77484],[6.6658,46.77504],[6.66573,46.77536],[6.66561,46.77555],[6.66499,46.77628],[6.66489,46.77644],[6.66484,46.7766],[6.66482,46.77677],[6.66485,46.7773],[6.66482,46.7775],[6.66476,46.77766],[6.66462,46.77785],[6.66336,46.77859],[6.66323,46.77926],[6.66345,46.77957],[6.66362,46.7797],[6.66382,46.7798],[6.66405,46.77988],[6.66504,46.78017],[6.66539,46.78043],[6.66557,46.78096],[6.66543,46.7813],[6.6651,46.78158],[6.66464,46.78179],[6.66414,46.78203],[6.66282,46.78283],[6.66006,46.78593],[6.65994,46.7861],[6.65431,46.79683],[6.65417,46.79703],[6.65402,46.79717],[6.65361,46.79738],[6.65312,46.79746],[6.6528,46.79745],[6.63717,46.79586],[6.63689,46.79581],[6.63648,46.79566],[6.63604,46.7954],[6.63415,46.79482],[6.63275,46.79423],[6.63003,46.79272],[6.62964,46.79244],[6.62909,46.79218],[6.62868,46.79196],[6.62842,46.79175],[6.62798,46.79125],[6.62428,46.78904],[6.6239,46.78872],[6.62377,46.78836],[6.62402,46.78778],[6.62516,46.78662],[6.62539,46.78623],[6.6254,46.78589],[6.62533,46.78573],[6.62522,46.78558],[6.62507,46.78545],[6.62489,46.78534],[6.62468,46.78525],[6.62233,46.7843],[6.6204,46.78241],[6.62039,46.78153],[6.61973,46.78099],[6.61871,46.78068],[6.61744,46.77874],[6.61745,46.77745],[6.62049,46.77388],[6.6206,46.77372],[6.62067,46.77338],[6.62055,46.77305],[6.61923,46.77203],[6.61763,46.77159],[6.61761,46.77159],[6.61674,46.77134],[6.61669,46.77132],[6.61604,46.77113],[6.61595,46.7711],[6.61538,46.7709],[6.61536,46.77089],[6.61339,46.77018],[6.61338,46.77018],[6.61174,46.76959],[6.61136,46.76946],[6.6113,46.76944],[6.611,46.76933],[6.61098,46.76932],[6.60906,46.76858],[6.60879,46.76845],[6.60861,46.76832],[6.60844,46.76812],[6.60818,46.76775],[6.60807,46.76754],[6.60803,46.76737],[6.60799,46.76665],[6.60749,46.76623]]]},"properties":{"bfs_nr":5938,"name":"Yverdon-les-Bains"}},{"type":"Feature","geometry":{"type":"Polygon","coordinates":[[[6.70308,46.7859],[6.70444,46.78414],[6.70501,46.78118],[6.70912,46.78026],[6.71103,46.77763],[6.71102,46.77497],[6.71086,46.77455],[6.71087,46.7741],[6.71074,46.77377],[6.71026,46.77299],[6.7113,46.77206],[6.71282,46.77207],[6.71327,46.77216],[6.71352,46.77226],[6.7141,46.77255],[6.71411,46.77255],[6.7151,46.77306],[6.71762,46.7741],[6.71853,46.77444],[6.71856,46.77446],[6.72044,46.77513],[6.72148,46.77539],[6.72407,46.77484],[6.72438,46.7732],[6.72662,46.77301],[6.72689,46.773],[6.72715,46.77295],[6.72875,46.77258],[6.73157,46.77177],[6.73452,46.77061],[6.73928,46.77173],[6.74261,46.77381],[6.74407,46.77422],[6.7472,46.77685],[6.74831,46.77802],[6.74847,46.77816],[6.74868,46.77827],[6.74891,46.77835],[6.74916,46.7784],[6.75104,46.77838],[6.75155,46.77846],[6.75184,46.77858],[6.75308,46.7792],[6.75358,46.77945],[6.75382,46.77959],[6.75373,46.78088],[6.75201,46.78139],[6.75149,46.7813],[6.75127,46.78121],[6.75065,46.78079],[6.75044,46.7807],[6.75019,46.78063],[6.74994,46.7806],[6.74968,46.78061],[6.74943,46.78065],[6.7492,46.78072],[6.74863,46.781],[6.74843,46.78113],[6.74798,46.78146],[6.74783,46.7816],[6.74772,46.78175],[6.74763,46.78208],[6.74817,46.78308],[6.74814,46.78367],[6.74814,46.78402],[6.74815,46.78412],[6.74823,46.78454],[6.74829,46.78472],[6.7484,46.78489],[6.74856,46.78504],[6.74875,46.78516],[6.74923,46.7854],[6.7497,46.78563],[6.75145,46.78664],[6.75182,46.78688],[6.75237,46.7871],[6.75338,46.78801],[6.7534,46.78802],[6.75403,46.78827],[6.75405,46.78828],[6.75475,46.78855],[6.75478,46.78856],[6.7555,46.78882],[6.75553,46.78883],[6.75608,46.78902],[6.75611,46.78903],[6.75692,46.78929],[6.75695,46.7893],[6.75756,46.78948],[6.75817,46.78969],[6.75922,46.79002],[6.76281,46.79046],[6.76323,46.79128],[6.76407,46.79242],[6.76416,46.79255],[6.7644,46.79281],[6.76446,46.79287],[6.7647,46.79309],[6.76482,46.79319],[6.76545,46.79363],[6.76554,46.79368],[6.76623,46.79408],[6.76633,46.79413],[6.76716,46.79453],[6.76733,46.7946],[6.76753,46.79465],[6.76817,46.79479],[6.7686,46.79494],[6.76893,46.79506],[6.76958,46.79552],[6.76981,46.79565],[6.77019,46.79584],[6.77048,46.7961],[6.7709,46.79657],[6.77126,46.79694],[6.77133,46.797],[6.77139,46.79705],[6.77156,46.79717],[6.77194,46.79738],[6.77205,46.79745],[6.77215,46.79752],[6.77234,46.79766],[6.77274,46.79793],[6.77293,46.7981],[6.77313,46.79842],[6.77322,46.79983],[6.77336,46.80018],[6.77381,46.80067],[6.77397,46.80089],[6.77413,46.80103],[6.77576,46.80197],[6.77564,46.80326],[6.76728,46.80882],[6.74247,46.82742],[6.74102,46.82769],[6.71187,46.82144],[6.71157,46.82135],[6.71117,46.82112],[6.71099,46.82022],[6.71778,46.80719],[6.72005,46.80587],[6.72161,46.80196],[6.72214,46.80098],[6.72221,46.8008],[6.72223,46.80061],[6.72219,46.80043],[6.72209,46.80025],[6.72195,46.8001],[6.72176,46.79996],[6.72104,46.79958],[6.72035,46.79936],[6.71955,46.79893],[6.7186,46.7986],[6.71794,46.79801],[6.71755,46.79739],[6.7172,46.79713],[6.71647,46.79686],[6.71606,46.79666],[6.71525,46.79635],[6.71496,46.79619],[6.71481,46.79608],[6.71452,46.79585],[6.7143,46.79564],[6.71362,46.79538],[6.71336,46.79536],[6.7131,46.79538],[6.71155,46.79549],[6.70701,46.7929],[6.7065,46.7913],[6.70437,46.78808],[6.70441,46.78682],[6.70308,46.7859]]]},"properties":{"bfs_nr":5939,"name":"Yvonand"}}]}