{"type":"FeatureCollection","features":[{"type":"Feature","geometry":{"type":"Polygon","coordinates":[[[6.03013,46.18704],[6.02975,46.18656],[6.02974,46.18622],[6.02991,46.18591],[6.03049,46.18555],[6.03377,46.18441],[6.03387,46.18438],[6.03894,46.18221],[6.03948,46.18207],[6.04,46.18209],[6.04024,46.18215],[6.04052,46.18227],[6.04156,46.18283],[6.04202,46.18312],[6.04213,46.1832],[6.04257,46.18353],[6.04323,46.18399],[6.04332,46.18405],[6.04358,46.18421],[6.04366,46.18425],[6.04376,46.1843],[6.04388,46.18436],[6.04431,46.18454],[6.0447,46.18473],[6.04521,46.18482],[6.04607,46.18476],[6.04694,46.18465],[6.04719,46.18459],[6.04741,46.18449],[6.04759,46.18436],[6.04774,46.18421],[6.0478,46.18412],[6.0479,46.18399],[6.04799,46.1839],[6.04805,46.18383],[6.04808,46.18378],[6.04812,46.18375],[6.04812,46.18374],[6.04821,46.18363],[6.04836,46.18336],[6.04864,46.1831],[6.04897,46.1829],[6.04949,46.18268],[6.05034,46.18259],[6.05088,46.18266],[6.05196,46.18261],[6.05272,46.18249],[6.05364,46.18257],[6.0541,46.18269],[6.05461,46.1831],[6.05553,46.18435],[6.05569,46.18473],[6.05564,46.18507],[6.0554,46.18538],[6.05522,46.1855],[6.05467,46.18574],[6.05435,46.186],[6.05419,46.18631],[6.05418,46.18648],[6.05421,46.18665],[6.05428,46.18681],[6.0544,46.18696],[6.05456,46.18709],[6.05474,46.18719],[6.05549,46.18757],[6.05837,46.18951],[6.05896,46.19012],[6.0595,46.19057],[6.05983,46.19101],[6.06017,46.19159],[6.06017,46.19206],[6.05993,46.19239],[6.05953,46.19262],[6.05903,46.19273],[6.0587,46.19272],[6.05836,46.1927],[6.05806,46.19269],[6.05796,46.19269],[6.05765,46.1927],[6.05755,46.1927],[6.05725,46.19273],[6.05715,46.19274],[6.05685,46.19278],[6.05675,46.19279],[6.05646,46.19285],[6.05636,46.19287],[6.05605,46.19295],[6.05601,46.19296],[6.0545,46.19339],[6.05443,46.19341],[6.05416,46.19348],[6.05401,46.19351],[6.05376,46.19356],[6.05361,46.19358],[6.05336,46.19362],[6.05321,46.19363],[6.05295,46.19365],[6.0528,46.19366],[6.05254,46.19367],[6.05239,46.19367],[6.05209,46.19366],[6.05202,46.19365],[6.05096,46.19359],[6.05092,46.19359],[6.05043,46.19357],[6.05035,46.19357],[6.04988,46.19357],[6.0498,46.19357],[6.04933,46.19359],[6.04925,46.1936],[6.04879,46.19364],[6.04871,46.19365],[6.04824,46.19372],[6.04817,46.19373],[6.04769,46.19382],[6.04765,46.19383],[6.0472,46.19392],[6.04716,46.19393],[6.04706,46.19395],[6.04699,46.19397],[6.04691,46.19399],[6.04684,46.19401],[6.04676,46.19404],[6.04669,46.19406],[6.04662,46.19409],[6.04655,46.19412],[6.04648,46.19415],[6.04642,46.19418],[6.04634,46.19423],[6.0463,46.19424],[6.04259,46.19627],[6.04253,46.1963],[6.04251,46.19632],[6.04239,46.19637],[6.04226,46.19642],[6.04213,46.19647],[6.04199,46.1965],[6.04185,46.19653],[6.04175,46.19655],[6.04154,46.19658],[6.04149,46.19659],[6.04135,46.19662],[6.04124,46.19664],[6.04114,46.19667],[6.04103,46.1967],[6.04093,46.19673],[6.04083,46.19677],[6.04073,46.1968],[6.04064,46.19685],[6.04055,46.19689],[6.04046,46.19694],[6.04035,46.197],[6.04031,46.19703],[6.03878,46.198],[6.03874,46.19802],[6.03866,46.19807],[6.03863,46.19809],[6.03855,46.19813],[6.03852,46.19815],[6.03844,46.1982],[6.03841,46.19821],[6.03832,46.19826],[6.03829,46.19828],[6.03823,46.19831],[6.03816,46.19835],[6.03777,46.19853],[6.03765,46.19858],[6.03727,46.19873],[6.03715,46.19878],[6.03675,46.19891],[6.03662,46.19895],[6.03621,46.19907],[6.03608,46.1991],[6.03566,46.19919],[6.03553,46.19922],[6.035,46.19931],[6.03427,46.19941],[6.03419,46.19942],[6.03401,46.19944],[6.03384,46.19946],[6.0337,46.19946],[6.03353,46.19947],[6.03339,46.19947],[6.03322,46.19946],[6.03308,46.19945],[6.03291,46.19943],[6.03277,46.19941],[6.0326,46.19939],[6.03247,46.19936],[6.03178,46.19916],[6.03125,46.19895],[6.03059,46.19859],[6.03015,46.19824],[6.02919,46.19735],[6.02914,46.19731],[6.02896,46.19712],[6.02888,46.19702],[6.02874,46.19686],[6.02867,46.19675],[6.02855,46.19658],[6.02849,46.19647],[6.02835,46.19618],[6.0282,46.1957],[6.02818,46.19557],[6.02815,46.19534],[6.02815,46.1952],[6.02821,46.19462],[6.02832,46.19426],[6.02837,46.19413],[6.02855,46.19379],[6.02871,46.19355],[6.02875,46.19349],[6.03086,46.19068],[6.03088,46.19064],[6.03103,46.19042],[6.03108,46.19034],[6.03118,46.19013],[6.03122,46.19005],[6.03129,46.18983],[6.03131,46.18974],[6.03136,46.18953],[6.03137,46.18944],[6.03138,46.18922],[6.03138,46.18913],[6.03136,46.18891],[6.03135,46.18882],[6.0313,46.1886],[6.03127,46.18852],[6.03119,46.1883],[6.03115,46.18822],[6.03105,46.18802],[6.031,46.18795],[6.03087,46.18776],[6.03082,46.18768],[6.03066,46.1875],[6.03059,46.18743],[6.03042,46.18727],[6.03034,46.1872],[6.03014,46.18704],[6.03013,46.18704]]]},"properties":{"bfs_nr":6601,"name":"Aire-la-Ville"}},{"type":"Feature","geometry":{"type":"Polygon","coordinates":[[[6.19874,46.28443],[6.19572,46.28045],[6.19561,46.28024],[6.19556,46.28007],[6.19561,46.27972],[6.19603,46.27929],[6.1963,46.27917],[6.21626,46.2719],[6.21678,46.27159],[6.21712,46.27121],[6.21752,46.27095],[6.21796,46.27079],[6.21854,46.27031],[6.21939,46.27],[6.22011,46.26994],[6.22069,46.2698],[6.22132,46.26952],[6.22152,46.26937],[6.22231,46.26855],[6.22265,46.26814],[6.22312,46.26789],[6.22401,46.26765],[6.22501,46.26728],[6.22543,46.26704],[6.22575,46.26653],[6.22622,46.26611],[6.22669,46.26597],[6.22721,46.26596],[6.22797,46.26623],[6.22847,46.26649],[6.22897,46.26661],[6.22924,46.26661],[6.23491,46.26621],[6.23517,46.26617],[6.23563,46.266],[6.23614,46.26563],[6.23757,46.26484],[6.23776,46.26474],[6.23782,46.26471],[6.23833,46.26441],[6.23849,46.2643],[6.23872,46.26402],[6.23889,46.26361],[6.23918,46.26334],[6.23985,46.26301],[6.24023,46.26264],[6.2406,46.26242],[6.24106,46.26231],[6.24137,46.2623],[6.2421,46.26233],[6.24212,46.26233],[6.24308,46.26237],[6.24434,46.26236],[6.24459,46.2623],[6.24496,46.2622],[6.24574,46.26192],[6.24615,46.26179],[6.24638,46.26172],[6.24649,46.2617],[6.2467,46.26166],[6.24681,46.26165],[6.2469,46.26163],[6.24721,46.26158],[6.24791,46.26166],[6.24834,46.26188],[6.24913,46.26244],[6.24934,46.26278],[6.24933,46.26315],[6.24922,46.26337],[6.24315,46.27244],[6.24262,46.27286],[6.24187,46.27315],[6.24084,46.27376],[6.24036,46.2741],[6.23985,46.27453],[6.2392,46.27485],[6.23897,46.27505],[6.23825,46.27582],[6.23803,46.2764],[6.23799,46.27702],[6.23787,46.2776],[6.23806,46.27796],[6.23843,46.27837],[6.23857,46.27888],[6.23864,46.27958],[6.23847,46.2802],[6.23815,46.28078],[6.23816,46.28133],[6.23829,46.28169],[6.23843,46.28186],[6.23884,46.2821],[6.2393,46.28225],[6.23997,46.28276],[6.24049,46.28302],[6.2409,46.28342],[6.24139,46.28375],[6.24164,46.28408],[6.24176,46.28459],[6.24218,46.285],[6.24287,46.28531],[6.24316,46.28562],[6.24325,46.28599],[6.24311,46.28634],[6.24295,46.28652],[6.24239,46.28692],[6.24217,46.28703],[6.24031,46.28781],[6.2401,46.28788],[6.23989,46.28797],[6.2386,46.28861],[6.23799,46.28898],[6.23788,46.28905],[6.23759,46.2892],[6.23755,46.28922],[6.23687,46.28957],[6.23681,46.2896],[6.23656,46.28972],[6.23621,46.2899],[6.23602,46.28997],[6.21131,46.29898],[6.21101,46.29906],[6.21076,46.2991],[6.21026,46.29906],[6.20964,46.29877],[6.20947,46.29859],[6.19874,46.28443]]]},"properties":{"bfs_nr":6602,"name":"Ani\u00e8res"}},{"type":"Feature","geometry":{"type":"Polygon","coordinates":[[[5.97633,46.16074],[5.97711,46.16006],[5.97807,46.15937],[5.97888,46.15892],[5.97979,46.15864],[5.98022,46.15843],[5.98088,46.15828],[5.98223,46.15832],[5.98283,46.15847],[5.98363,46.15843],[5.98412,46.15821],[5.98463,46.15809],[5.98517,46.15813],[5.98617,46.15851],[5.98671,46.15887],[5.98706,46.15919],[5.98728,46.15946],[5.98728,46.15947],[5.98764,46.15993],[5.98767,46.15996],[5.9881,46.16046],[5.98821,46.16058],[5.98835,46.16068],[5.98868,46.16088],[5.98899,46.16105],[5.98918,46.16117],[5.98979,46.1617],[5.98989,46.16179],[5.99014,46.16206],[5.99022,46.16216],[5.99033,46.16229],[5.99039,46.16238],[5.9908,46.16303],[5.99092,46.16324],[5.99102,46.16339],[5.99109,46.16347],[5.99117,46.16354],[5.99169,46.16402],[5.99176,46.16408],[5.99183,46.16413],[5.992,46.16424],[5.99219,46.16433],[5.99241,46.16439],[5.99263,46.16442],[5.99286,46.16443],[5.99322,46.16442],[5.99353,46.16443],[5.99375,46.16442],[5.99382,46.16441],[5.9941,46.16437],[5.99429,46.16431],[5.9944,46.16427],[5.99461,46.16418],[5.99466,46.16416],[5.99474,46.16411],[5.99483,46.16405],[5.995,46.16392],[5.99514,46.1638],[5.9955,46.16346],[5.99591,46.16322],[5.9964,46.16298],[5.99707,46.16281],[5.99733,46.16279],[5.9975,46.16278],[5.99773,46.16278],[5.99813,46.16282],[5.99817,46.16283],[5.99868,46.16289],[5.99879,46.1629],[5.99883,46.16291],[5.9989,46.16292],[5.99911,46.16294],[6.00004,46.16293],[6.00053,46.16297],[6.00127,46.16282],[6.00147,46.1627],[6.00174,46.16251],[6.00186,46.16241],[6.00189,46.16238],[6.00222,46.16209],[6.0025,46.16186],[6.00333,46.1615],[6.00372,46.16127],[6.00411,46.16075],[6.00416,46.16042],[6.00393,46.15994],[6.00384,46.15961],[6.00404,46.15914],[6.00452,46.15876],[6.00491,46.15842],[6.00542,46.15809],[6.00586,46.15797],[6.00634,46.15797],[6.00684,46.1581],[6.0077,46.15847],[6.00773,46.15848],[6.00843,46.15876],[6.0088,46.1589],[6.00911,46.15904],[6.00916,46.15906],[6.01051,46.15961],[6.01055,46.15962],[6.01191,46.16021],[6.01307,46.16071],[6.01308,46.16071],[6.01393,46.16106],[6.01395,46.16107],[6.01416,46.16116],[6.01421,46.16118],[6.01488,46.16146],[6.0164,46.16209],[6.01641,46.16209],[6.01693,46.1623],[6.0192,46.16328],[6.01946,46.16343],[6.01976,46.16373],[6.01982,46.16428],[6.01961,46.16475],[6.01957,46.16512],[6.01964,46.16542],[6.0196,46.16575],[6.01931,46.1662],[6.01892,46.16742],[6.01868,46.16781],[6.01826,46.1688],[6.01779,46.16931],[6.01749,46.16957],[6.01703,46.17006],[6.01641,46.17045],[6.01537,46.17093],[6.01481,46.17134],[6.01421,46.1717],[6.01363,46.17195],[6.01338,46.17209],[6.01292,46.17241],[6.01236,46.17302],[6.01225,46.17321],[6.01208,46.17374],[6.01196,46.17431],[6.01174,46.1746],[6.01142,46.1752],[6.01133,46.17569],[6.01096,46.17637],[6.01064,46.17662],[6.0102,46.17677],[6.00948,46.17676],[6.0092,46.17668],[6.00674,46.17578],[6.00671,46.17577],[6.00652,46.1757],[6.00646,46.17568],[6.00629,46.17563],[6.00623,46.17562],[6.00605,46.17557],[6.00576,46.17551],[6.00547,46.17545],[6.00543,46.17544],[6.00524,46.17541],[6.00515,46.1754],[6.00498,46.17538],[6.0049,46.17537],[6.00473,46.17536],[6.00464,46.17535],[6.00438,46.17535],[6.00421,46.17535],[6.00412,46.17535],[6.00395,46.17536],[6.00386,46.17537],[6.00367,46.17539],[6.00363,46.1754],[6.00283,46.17551],[6.00282,46.17551],[6.0025,46.17555],[6.00247,46.17556],[6.00215,46.17561],[6.00212,46.17561],[6.0018,46.17567],[6.00178,46.17567],[6.00145,46.17574],[6.00143,46.17574],[6.00052,46.17592],[5.9997,46.17609],[5.99967,46.17609],[5.9995,46.17613],[5.99947,46.17614],[5.9993,46.17618],[5.99927,46.17619],[5.9991,46.17623],[5.99907,46.17624],[5.9989,46.17628],[5.99888,46.17629],[5.99868,46.17634],[5.9986,46.17636],[5.99843,46.1764],[5.99834,46.17642],[5.99818,46.17645],[5.99809,46.17646],[5.99789,46.17649],[5.99786,46.1765],[5.99411,46.17705],[5.99403,46.17706],[5.99388,46.17708],[5.99361,46.1771],[5.99347,46.1771],[5.99335,46.17711],[5.9932,46.1771],[5.99308,46.1771],[5.99294,46.17709],[5.99282,46.17708],[5.99267,46.17706],[5.99255,46.17705],[5.9923,46.177],[5.9918,46.17686],[5.99092,46.17645],[5.99043,46.17606],[5.98996,46.17543],[5.98937,46.17425],[5.98913,46.17365],[5.98885,46.17197],[5.98869,46.17159],[5.98822,46.17119],[5.98776,46.17105],[5.98726,46.17105],[5.98679,46.17117],[5.9863,46.17157],[5.9861,46.17207],[5.98578,46.17258],[5.9853,46.17303],[5.9847,46.1734],[5.98418,46.17364],[5.98378,46.17376],[5.98323,46.1738],[5.98257,46.17366],[5.98205,46.17334],[5.98181,46.17301],[5.98101,46.17138],[5.9809,46.17091],[5.981,46.17021],[5.98098,46.1699],[5.98039,46.16704],[5.98008,46.16625],[5.97975,46.1658],[5.97669,46.16233],[5.97622,46.16164],[5.97612,46.16141],[5.97614,46.16103],[5.97633,46.16074]]]},"properties":{"bfs_nr":6603,"name":"Avully"}},{"type":"Feature","geometry":{"type":"Polygon","coordinates":[[[5.98322,46.14522],[5.98292,46.14483],[5.98277,46.14407],[5.98288,46.14374],[5.98335,46.14337],[5.9838,46.14324],[5.98434,46.14324],[5.98511,46.14334],[5.98557,46.14325],[5.98629,46.14297],[5.98702,46.14292],[5.9875,46.14303],[5.98789,46.14326],[5.9885,46.1435],[5.98905,46.1436],[5.98933,46.14359],[5.99019,46.14342],[5.99069,46.14345],[5.99196,46.14387],[5.99281,46.144],[5.99342,46.14424],[5.99389,46.14432],[5.99437,46.14427],[5.99486,46.1441],[5.99557,46.14397],[5.99626,46.14378],[5.99664,46.14361],[5.99698,46.14332],[5.99768,46.14305],[5.99882,46.14295],[5.99972,46.14299],[6.00018,46.14287],[6.00118,46.14241],[6.00165,46.1423],[6.00239,46.14222],[6.00285,46.14206],[6.00336,46.14198],[6.00412,46.14199],[6.00465,46.14208],[6.00511,46.14225],[6.00571,46.14232],[6.00658,46.14221],[6.00706,46.14229],[6.0076,46.14255],[6.00814,46.14272],[6.00883,46.14272],[6.00914,46.14264],[6.00968,46.14237],[6.01013,46.14226],[6.01119,46.14215],[6.01227,46.14215],[6.01299,46.14224],[6.01376,46.14253],[6.01417,46.14262],[6.01472,46.14284],[6.01544,46.14287],[6.01593,46.14278],[6.01687,46.14281],[6.01733,46.14278],[6.01767,46.14267],[6.01857,46.14223],[6.01887,46.14214],[6.01971,46.14207],[6.02017,46.14198],[6.02078,46.14167],[6.02127,46.14156],[6.02206,46.14161],[6.02273,46.14148],[6.0234,46.14113],[6.02389,46.14105],[6.02438,46.14111],[6.02524,46.14148],[6.02563,46.14184],[6.02568,46.14192],[6.02583,46.14212],[6.02604,46.14235],[6.02626,46.1425],[6.02639,46.14256],[6.02668,46.1427],[6.02684,46.14281],[6.02701,46.14298],[6.0272,46.14312],[6.02742,46.14324],[6.02746,46.14325],[6.0277,46.1434],[6.02829,46.14384],[6.02833,46.14386],[6.02902,46.14434],[6.02912,46.1444],[6.02956,46.14465],[6.02961,46.14467],[6.03371,46.14677],[6.03373,46.14678],[6.0343,46.14706],[6.0347,46.14734],[6.03488,46.14767],[6.03486,46.14802],[6.03465,46.14835],[6.03391,46.14887],[6.0335,46.1493],[6.03335,46.14941],[6.03313,46.14952],[6.03043,46.15064],[6.03013,46.15074],[6.02962,46.15079],[6.02902,46.15073],[6.02836,46.15086],[6.02756,46.15118],[6.02706,46.15131],[6.02581,46.15183],[6.02509,46.15207],[6.02502,46.15209],[6.0243,46.15231],[6.02325,46.15263],[6.0231,46.15267],[6.02251,46.15281],[6.02243,46.15283],[6.02207,46.1529],[6.02186,46.15296],[6.02162,46.15304],[6.02159,46.15305],[6.02131,46.15316],[6.02093,46.15326],[6.0205,46.15331],[6.02,46.15334],[6.01986,46.15334],[6.01968,46.15335],[6.01921,46.15337],[6.01851,46.1534],[6.01826,46.15342],[6.01781,46.15357],[6.01762,46.15369],[6.01736,46.15398],[6.01729,46.15432],[6.01732,46.1545],[6.0174,46.15466],[6.01769,46.15511],[6.01786,46.15538],[6.01815,46.15585],[6.01816,46.15587],[6.0184,46.15624],[6.01841,46.15626],[6.01881,46.15683],[6.0192,46.15729],[6.01932,46.15747],[6.01964,46.1581],[6.02,46.15897],[6.02005,46.15922],[6.02007,46.15961],[6.02007,46.15963],[6.02008,46.15979],[6.02003,46.16012],[6.02,46.16027],[6.01999,46.16034],[6.01998,46.16042],[6.01997,46.16049],[6.01997,46.16065],[6.01998,46.16078],[6.02005,46.16111],[6.02007,46.16198],[6.01998,46.16237],[6.01971,46.16266],[6.01906,46.16291],[6.01856,46.16292],[6.01804,46.16278],[6.01695,46.16231],[6.01641,46.16209],[6.01639,46.16208],[6.01487,46.16146],[6.01485,46.16145],[6.0142,46.16117],[6.01417,46.16116],[6.01394,46.16107],[6.01392,46.16106],[6.01308,46.16071],[6.01306,46.1607],[6.01192,46.16022],[6.01191,46.16021],[6.01054,46.15962],[6.01051,46.15961],[6.00917,46.15906],[6.0091,46.15903],[6.0087,46.15885],[6.00851,46.15878],[6.0084,46.15874],[6.00832,46.15872],[6.00774,46.15849],[6.00769,46.15847],[6.00635,46.1579],[6.00521,46.15733],[6.00414,46.15693],[6.00353,46.15672],[6.00337,46.15666],[6.0032,46.15658],[6.00309,46.15653],[6.00301,46.15649],[6.0025,46.1562],[6.00222,46.15608],[6.00086,46.15556],[6.00017,46.15532],[5.99926,46.15505],[5.99913,46.15502],[5.99875,46.1549],[5.99818,46.15474],[5.99658,46.1543],[5.99533,46.15399],[5.99526,46.15397],[5.99473,46.15382],[5.9947,46.15381],[5.99433,46.1537],[5.99427,46.15369],[5.99379,46.15357],[5.99331,46.15347],[5.99231,46.15332],[5.99189,46.15326],[5.99128,46.15316],[5.99115,46.15313],[5.99102,46.15309],[5.99067,46.15297],[5.99049,46.15289],[5.99022,46.15276],[5.99005,46.15268],[5.98988,46.15261],[5.98958,46.15251],[5.98936,46.15242],[5.98899,46.15223],[5.98803,46.152],[5.98733,46.1519],[5.987,46.15178],[5.98653,46.15155],[5.98648,46.15153],[5.98645,46.15151],[5.98623,46.15137],[5.98597,46.1511],[5.9859,46.15094],[5.98587,46.15073],[5.98587,46.15031],[5.98557,46.14971],[5.98531,46.1494],[5.98504,46.14912],[5.98489,46.149],[5.98461,46.14877],[5.98448,46.14859],[5.98438,46.14835],[5.98384,46.14597],[5.9837,46.14567],[5.98322,46.14522]]]},"properties":{"bfs_nr":6604,"name":"Avusy"}},{"type":"Feature","geometry":{"type":"Polygon","coordinates":[[[6.09284,46.15131],[6.09343,46.15067],[6.09364,46.15011],[6.09387,46.14977],[6.09481,46.14919],[6.09505,46.14902],[6.09584,46.14818],[6.09798,46.14467],[6.09814,46.14447],[6.09852,46.14422],[6.09901,46.14409],[6.09994,46.14411],[6.10152,46.14422],[6.10196,46.14418],[6.10299,46.14429],[6.10451,46.14422],[6.1058,46.14405],[6.10629,46.14386],[6.10668,46.14353],[6.10743,46.14314],[6.10796,46.14307],[6.10891,46.14326],[6.10944,46.14327],[6.10993,46.14313],[6.11028,46.14294],[6.11073,46.14283],[6.11164,46.14282],[6.11243,46.14284],[6.11364,46.14294],[6.11443,46.14304],[6.11631,46.14288],[6.11695,46.14281],[6.11826,46.14273],[6.11946,46.14264],[6.12035,46.14271],[6.12157,46.14248],[6.12323,46.14207],[6.12407,46.14178],[6.12517,46.14133],[6.1263,46.1407],[6.127,46.14048],[6.12835,46.14032],[6.12966,46.14033],[6.13027,46.14038],[6.13087,46.14052],[6.13158,46.14095],[6.13206,46.1411],[6.13258,46.14111],[6.13318,46.14099],[6.13374,46.14103],[6.1354,46.14137],[6.1357,46.14146],[6.1361,46.1417],[6.13634,46.14202],[6.13643,46.14231],[6.13673,46.14277],[6.13701,46.14305],[6.13751,46.14337],[6.13933,46.14441],[6.14037,46.14477],[6.14057,46.14488],[6.14143,46.14563],[6.14212,46.14586],[6.14288,46.14579],[6.14347,46.14555],[6.14445,46.14529],[6.14524,46.14533],[6.14574,46.14557],[6.14635,46.14605],[6.14654,46.14638],[6.14652,46.14673],[6.14631,46.14705],[6.14574,46.14741],[6.1454,46.14769],[6.14523,46.14799],[6.14497,46.14826],[6.14455,46.14854],[6.14406,46.14896],[6.14234,46.1498],[6.14182,46.14987],[6.14138,46.15],[6.14096,46.15017],[6.14051,46.15038],[6.13947,46.15068],[6.13907,46.1509],[6.13893,46.15105],[6.13883,46.15121],[6.13878,46.15138],[6.13878,46.15156],[6.13897,46.15217],[6.13904,46.15258],[6.13904,46.15262],[6.13917,46.1532],[6.13919,46.15335],[6.1392,46.15342],[6.1392,46.15352],[6.13919,46.15367],[6.13915,46.15404],[6.13914,46.1544],[6.1391,46.15461],[6.13892,46.15492],[6.13859,46.15516],[6.13815,46.1553],[6.13767,46.15532],[6.13711,46.15521],[6.13682,46.15519],[6.13592,46.15532],[6.13541,46.15543],[6.13513,46.15544],[6.13461,46.15534],[6.13438,46.15524],[6.13414,46.15507],[6.1338,46.15477],[6.13375,46.15472],[6.13363,46.15461],[6.1332,46.15435],[6.13212,46.15409],[6.13109,46.15382],[6.13085,46.15378],[6.13052,46.15373],[6.13034,46.1537],[6.13009,46.15365],[6.12993,46.15362],[6.12934,46.15346],[6.12912,46.15341],[6.12868,46.15339],[6.12762,46.15357],[6.12712,46.15354],[6.12668,46.15337],[6.12615,46.15298],[6.12555,46.15272],[6.12519,46.15247],[6.12454,46.15216],[6.12408,46.15202],[6.12357,46.15202],[6.1229,46.15226],[6.12262,46.15255],[6.12242,46.15293],[6.12207,46.15321],[6.12177,46.15333],[6.11965,46.15399],[6.11878,46.15427],[6.11847,46.15435],[6.11779,46.15436],[6.11733,46.15446],[6.11669,46.15471],[6.11643,46.15484],[6.11602,46.15504],[6.11586,46.1551],[6.1157,46.15515],[6.11533,46.15524],[6.11518,46.15529],[6.11496,46.15538],[6.11491,46.1554],[6.11473,46.15548],[6.11458,46.15559],[6.11398,46.15614],[6.11324,46.15636],[6.11233,46.15638],[6.11189,46.15652],[6.11125,46.15682],[6.11124,46.15683],[6.10988,46.15746],[6.10976,46.15752],[6.10947,46.15763],[6.10936,46.15768],[6.10858,46.15806],[6.10818,46.15818],[6.10769,46.15834],[6.10765,46.15835],[6.10722,46.1585],[6.10693,46.15858],[6.10668,46.15861],[6.1062,46.15857],[6.10597,46.15851],[6.10559,46.15829],[6.10542,46.15811],[6.10538,46.15806],[6.10535,46.15803],[6.10397,46.15617],[6.10365,46.15589],[6.10295,46.15569],[6.10244,46.15572],[6.1022,46.15579],[6.10199,46.15589],[6.10193,46.15593],[6.10189,46.15595],[6.10176,46.15603],[6.10168,46.15608],[6.10151,46.15617],[6.10134,46.15629],[6.10099,46.15669],[6.10079,46.15685],[6.10023,46.15714],[6.0995,46.15725],[6.09901,46.15715],[6.09862,46.15693],[6.09845,46.15676],[6.09838,46.15666],[6.09824,46.15649],[6.09811,46.15632],[6.09801,46.15617],[6.09788,46.15599],[6.09735,46.15545],[6.0972,46.15534],[6.09691,46.15514],[6.09638,46.15489],[6.09577,46.15457],[6.09545,46.15438],[6.09519,46.15421],[6.09494,46.15401],[6.09481,46.15389],[6.09471,46.15379],[6.09467,46.15376],[6.09412,46.1533],[6.09371,46.15298],[6.09355,46.15288],[6.09282,46.15249],[6.09251,46.15199],[6.09258,46.15162],[6.09284,46.15131]]]},"properties":{"bfs_nr":6605,"name":"Bardonnex"}},{"type":"Feature","geometry":{"type":"Polygon","coordinates":[[[6.12105,46.25514],[6.12089,46.25478],[6.12095,46.25443],[6.12123,46.25402],[6.12151,46.25379],[6.12206,46.25347],[6.12301,46.25312],[6.12388,46.25257],[6.12409,46.25222],[6.12414,46.25168],[6.12433,46.25127],[6.12432,46.25075],[6.12446,46.25042],[6.12477,46.25008],[6.12514,46.24926],[6.12533,46.24871],[6.12584,46.24796],[6.12616,46.24765],[6.12658,46.24747],[6.1273,46.24743],[6.12778,46.24755],[6.12831,46.24758],[6.12902,46.24735],[6.12952,46.24696],[6.12995,46.24681],[6.13044,46.24678],[6.13091,46.24688],[6.13116,46.247],[6.13137,46.24711],[6.13141,46.24713],[6.13163,46.24725],[6.13169,46.24728],[6.13191,46.24737],[6.13197,46.2474],[6.13243,46.24758],[6.13246,46.24759],[6.13301,46.2478],[6.13373,46.24808],[6.13579,46.24884],[6.13608,46.24894],[6.13626,46.249],[6.13688,46.24914],[6.13716,46.24923],[6.13741,46.24929],[6.13754,46.24933],[6.13774,46.2494],[6.13797,46.24949],[6.13809,46.24954],[6.13838,46.24967],[6.13845,46.2497],[6.13881,46.24989],[6.13909,46.25006],[6.13926,46.25016],[6.13942,46.25023],[6.13947,46.25026],[6.14014,46.25054],[6.14016,46.25055],[6.14039,46.25064],[6.14052,46.25069],[6.14079,46.25077],[6.14082,46.25078],[6.14097,46.25082],[6.14111,46.25086],[6.1413,46.25088],[6.14156,46.2509],[6.14182,46.25087],[6.14207,46.25081],[6.14229,46.25072],[6.14249,46.2506],[6.14283,46.25032],[6.14306,46.25013],[6.14321,46.25],[6.1439,46.24953],[6.14396,46.24949],[6.14433,46.24927],[6.14474,46.24902],[6.14483,46.24897],[6.14576,46.24849],[6.14655,46.24813],[6.14687,46.24803],[6.14716,46.24797],[6.14765,46.24776],[6.14793,46.24752],[6.14821,46.24733],[6.14841,46.24724],[6.14876,46.2471],[6.14917,46.24693],[6.1493,46.24686],[6.15007,46.24644],[6.15056,46.24633],[6.15162,46.24636],[6.15186,46.24636],[6.15209,46.24634],[6.15232,46.24628],[6.15252,46.24619],[6.15335,46.24576],[6.1539,46.24558],[6.17213,46.2422],[6.17244,46.24216],[6.17317,46.24228],[6.17355,46.24251],[6.17379,46.24286],[6.17684,46.25077],[6.17688,46.25116],[6.17672,46.25149],[6.17639,46.25176],[6.17588,46.25193],[6.1565,46.25552],[6.15547,46.25582],[6.15425,46.25634],[6.15315,46.25684],[6.15301,46.25692],[6.15297,46.25695],[6.15232,46.25732],[6.15227,46.25735],[6.15201,46.25749],[6.15197,46.25752],[6.15181,46.25759],[6.15175,46.25762],[6.15146,46.25776],[6.15133,46.25782],[6.1509,46.25798],[6.15081,46.25801],[6.15051,46.25811],[6.15028,46.25819],[6.15013,46.25822],[6.14987,46.2583],[6.14549,46.25965],[6.14495,46.25985],[6.14444,46.26013],[6.14405,46.26038],[6.14388,46.26051],[6.14376,46.26066],[6.14367,46.26083],[6.14364,46.261],[6.14365,46.26117],[6.14371,46.26134],[6.14402,46.26176],[6.1441,46.26207],[6.14391,46.26288],[6.14387,46.26304],[6.14382,46.2633],[6.14382,46.26335],[6.14379,46.26366],[6.14378,46.26372],[6.14379,46.26428],[6.14381,46.26449],[6.14382,46.2647],[6.14377,46.26503],[6.1437,46.26528],[6.14361,46.26545],[6.1435,46.26566],[6.14345,46.26574],[6.14317,46.26617],[6.14315,46.26619],[6.14264,46.26693],[6.14185,46.26812],[6.14168,46.26833],[6.14154,46.26847],[6.14142,46.26863],[6.14131,46.26898],[6.14133,46.26916],[6.14141,46.26934],[6.14169,46.2698],[6.1417,46.2698],[6.14229,46.27075],[6.14241,46.27115],[6.14231,46.2715],[6.14201,46.2718],[6.14157,46.27199],[6.14106,46.27204],[6.14056,46.27195],[6.14028,46.27183],[6.13856,46.27091],[6.13855,46.27091],[6.13772,46.27045],[6.13264,46.26774],[6.13154,46.26716],[6.13153,46.26715],[6.12951,46.26607],[6.1291,46.26585],[6.12486,46.26358],[6.12277,46.26245],[6.12276,46.26244],[6.1208,46.2614],[6.12057,46.26125],[6.12026,46.26079],[6.12029,46.26044],[6.12053,46.2601],[6.12199,46.25869],[6.12224,46.25824],[6.12206,46.25763],[6.12207,46.25729],[6.12227,46.25694],[6.12233,46.2566],[6.12208,46.25613],[6.12166,46.25583],[6.12105,46.25514]]]},"properties":{"bfs_nr":6606,"name":"Bellevue"}},{"type":"Feature","geometry":{"type":"Polygon","coordinates":[[[6.03927,46.16996],[6.03932,46.16992],[6.03997,46.16946],[6.04048,46.16914],[6.0406,46.16905],[6.04249,46.16748],[6.04277,46.16721],[6.04326,46.16687],[6.04408,46.16621],[6.0442,46.16607],[6.04428,46.16593],[6.04457,46.16526],[6.04457,46.16525],[6.04467,46.16499],[6.045,46.16456],[6.04516,46.16421],[6.04509,46.16372],[6.04513,46.16325],[6.04503,46.16286],[6.04519,46.16221],[6.0451,46.16183],[6.04481,46.16143],[6.04475,46.16107],[6.0449,46.16073],[6.04526,46.16041],[6.04825,46.15823],[6.04882,46.15786],[6.04899,46.15772],[6.04912,46.15757],[6.0492,46.1574],[6.04924,46.15722],[6.04915,46.15687],[6.04883,46.15646],[6.04874,46.15612],[6.04883,46.15579],[6.04897,46.1556],[6.04988,46.15462],[6.05047,46.15426],[6.05094,46.15418],[6.05142,46.15423],[6.05184,46.15439],[6.05218,46.15469],[6.05272,46.15542],[6.05274,46.15544],[6.0529,46.15564],[6.05295,46.1557],[6.05308,46.15583],[6.05311,46.15587],[6.05326,46.156],[6.05333,46.15606],[6.05354,46.15623],[6.05357,46.15625],[6.05383,46.15644],[6.05389,46.15648],[6.05409,46.15662],[6.05413,46.15664],[6.05438,46.15679],[6.05444,46.15682],[6.0547,46.15696],[6.05475,46.15698],[6.05502,46.15711],[6.05507,46.15713],[6.05556,46.15734],[6.05559,46.15735],[6.06037,46.15927],[6.06061,46.15935],[6.06115,46.15939],[6.06166,46.15927],[6.06188,46.15916],[6.06286,46.15854],[6.06287,46.15854],[6.06339,46.15821],[6.06341,46.15819],[6.06473,46.15732],[6.06615,46.15651],[6.06617,46.1565],[6.06756,46.15567],[6.06783,46.15555],[6.0679,46.15551],[6.06793,46.1555],[6.06803,46.15544],[6.07169,46.15308],[6.07172,46.15306],[6.07206,46.15282],[6.0722,46.15271],[6.07239,46.15247],[6.07288,46.1516],[6.07293,46.1515],[6.073,46.1513],[6.07301,46.15128],[6.07309,46.15107],[6.07339,46.15069],[6.07379,46.15047],[6.07428,46.15038],[6.07478,46.15042],[6.07522,46.15059],[6.07553,46.15087],[6.07565,46.15107],[6.07612,46.15228],[6.07617,46.15242],[6.07631,46.15303],[6.07632,46.15307],[6.07655,46.15383],[6.07657,46.15393],[6.07661,46.15413],[6.07662,46.15422],[6.07667,46.15476],[6.07667,46.15477],[6.07681,46.15657],[6.07681,46.15658],[6.07685,46.157],[6.07686,46.15703],[6.07698,46.15889],[6.0769,46.16006],[6.07705,46.16039],[6.07737,46.16066],[6.0778,46.16082],[6.07849,46.16099],[6.07927,46.16148],[6.07977,46.16162],[6.08037,46.16166],[6.08082,46.16181],[6.08198,46.16268],[6.08218,46.16286],[6.08234,46.16321],[6.08227,46.16376],[6.08249,46.16426],[6.08284,46.16451],[6.08357,46.16484],[6.08397,46.16512],[6.08417,46.16545],[6.08408,46.16597],[6.08379,46.16626],[6.08336,46.16645],[6.08288,46.16652],[6.08213,46.16675],[6.08183,46.16695],[6.0814,46.16735],[6.08082,46.16781],[6.08028,46.16802],[6.07868,46.16918],[6.07825,46.16933],[6.07736,46.16931],[6.07688,46.16938],[6.07645,46.16957],[6.07615,46.16987],[6.07605,46.17023],[6.07616,46.17058],[6.07634,46.17079],[6.07675,46.17147],[6.07676,46.17182],[6.0763,46.17281],[6.07608,46.1732],[6.07604,46.17328],[6.07599,46.17343],[6.07594,46.1736],[6.07595,46.17378],[6.076,46.17396],[6.07611,46.17412],[6.07626,46.17427],[6.07644,46.17439],[6.07721,46.1748],[6.0777,46.17503],[6.07856,46.17554],[6.07892,46.17587],[6.07905,46.17622],[6.07887,46.17674],[6.07883,46.17711],[6.07901,46.17746],[6.07938,46.17772],[6.07954,46.17779],[6.07983,46.17789],[6.08011,46.17796],[6.08049,46.17804],[6.08053,46.17805],[6.08068,46.17808],[6.08077,46.1781],[6.08138,46.17818],[6.08189,46.17822],[6.08356,46.17832],[6.08483,46.17838],[6.08485,46.17838],[6.08633,46.17843],[6.08635,46.17843],[6.08682,46.17844],[6.08763,46.17844],[6.08811,46.17857],[6.08848,46.17881],[6.08869,46.17913],[6.08873,46.17935],[6.08873,46.17938],[6.08873,46.17946],[6.08872,46.17955],[6.08869,46.17984],[6.08861,46.18027],[6.08855,46.18078],[6.08854,46.18088],[6.08847,46.18116],[6.08847,46.18142],[6.08856,46.18198],[6.08857,46.18213],[6.08856,46.1823],[6.08855,46.18237],[6.08852,46.1825],[6.08836,46.18296],[6.08808,46.18385],[6.08802,46.18404],[6.0875,46.18473],[6.08712,46.18514],[6.08699,46.18526],[6.08684,46.18541],[6.08659,46.18567],[6.08657,46.1857],[6.08625,46.18601],[6.08621,46.18605],[6.08589,46.18635],[6.08587,46.18637],[6.08567,46.18654],[6.08561,46.1866],[6.08533,46.18682],[6.08531,46.18684],[6.08507,46.18697],[6.08489,46.1871],[6.08465,46.18742],[6.08407,46.18883],[6.08404,46.18889],[6.08399,46.189],[6.08394,46.18909],[6.08379,46.18934],[6.08372,46.1895],[6.08371,46.18984],[6.08388,46.19015],[6.0842,46.1904],[6.08455,46.19054],[6.0854,46.19107],[6.08566,46.1914],[6.08577,46.19175],[6.08596,46.19205],[6.08628,46.19229],[6.08703,46.19254],[6.08787,46.193],[6.0881,46.1933],[6.08815,46.19363],[6.08802,46.19396],[6.08772,46.19429],[6.08756,46.1945],[6.08751,46.19456],[6.08725,46.19498],[6.08721,46.19505],[6.0871,46.19527],[6.08704,46.19542],[6.087,46.19562],[6.08698,46.19577],[6.08699,46.19597],[6.08701,46.19612],[6.08707,46.19632],[6.08713,46.19647],[6.08723,46.19665],[6.08733,46.19679],[6.08747,46.19696],[6.08761,46.19708],[6.08779,46.19723],[6.08795,46.19734],[6.08822,46.19749],[6.08831,46.19753],[6.08975,46.19821],[6.08984,46.19825],[6.08996,46.19832],[6.09007,46.1984],[6.09017,46.19848],[6.09026,46.19856],[6.09033,46.19865],[6.0904,46.19874],[6.09045,46.19884],[6.09051,46.19904],[6.09053,46.19915],[6.09053,46.19926],[6.09052,46.19933],[6.09039,46.20038],[6.09038,46.2004],[6.09037,46.20056],[6.09037,46.2006],[6.09036,46.20075],[6.09037,46.20098],[6.09038,46.20114],[6.09039,46.20117],[6.09041,46.20133],[6.09042,46.20137],[6.09045,46.20153],[6.09045,46.20155],[6.09059,46.20212],[6.0906,46.20213],[6.09064,46.20228],[6.09064,46.2023],[6.09069,46.20245],[6.09069,46.20247],[6.09074,46.20262],[6.09075,46.20264],[6.0908,46.20279],[6.09081,46.20281],[6.09087,46.20296],[6.09088,46.20298],[6.09094,46.20314],[6.09095,46.20315],[6.09191,46.20532],[6.09233,46.20626],[6.09233,46.20628],[6.09237,46.20635],[6.09238,46.20638],[6.09242,46.20645],[6.09243,46.20648],[6.09247,46.20654],[6.09249,46.20657],[6.09253,46.20663],[6.09255,46.20666],[6.0926,46.20673],[6.09262,46.20675],[6.09267,46.20682],[6.09268,46.20684],[6.09347,46.20778],[6.09352,46.20785],[6.09356,46.20791],[6.09361,46.20799],[6.09363,46.20802],[6.09368,46.2081],[6.09375,46.20825],[6.09379,46.20835],[6.09381,46.20843],[6.09384,46.20856],[6.09386,46.20875],[6.09385,46.20894],[6.09363,46.20956],[6.09355,46.20968],[6.09345,46.20982],[6.09312,46.21021],[6.09309,46.21024],[6.093,46.21033],[6.09291,46.21043],[6.09247,46.21077],[6.09226,46.21089],[6.09203,46.21099],[6.09188,46.21105],[6.09164,46.21114],[6.09138,46.2112],[6.09112,46.21126],[6.09085,46.21129],[6.09058,46.21131],[6.09047,46.21131],[6.09031,46.21131],[6.09005,46.2113],[6.08995,46.21129],[6.08969,46.21126],[6.08954,46.21123],[6.08929,46.21117],[6.0892,46.21115],[6.08896,46.21107],[6.08882,46.21101],[6.0886,46.21092],[6.08849,46.21086],[6.08843,46.21083],[6.08741,46.21026],[6.08738,46.21024],[6.08718,46.21013],[6.08713,46.2101],[6.08695,46.20999],[6.0869,46.20996],[6.08672,46.20984],[6.08667,46.20981],[6.08646,46.20965],[6.08629,46.20953],[6.08625,46.20949],[6.08608,46.20936],[6.08606,46.20934],[6.08502,46.20847],[6.085,46.20845],[6.08483,46.2083],[6.08479,46.20827],[6.08463,46.20812],[6.0846,46.20809],[6.08444,46.20793],[6.08441,46.2079],[6.08425,46.20775],[6.08422,46.20772],[6.08408,46.20756],[6.08405,46.20752],[6.0839,46.20735],[6.08389,46.20734],[6.08181,46.20484],[6.0818,46.20482],[6.0817,46.2047],[6.08167,46.20467],[6.08156,46.20455],[6.08154,46.20453],[6.08142,46.20441],[6.08139,46.20439],[6.08127,46.20427],[6.08124,46.20425],[6.08111,46.20414],[6.08108,46.20411],[6.08093,46.20399],[6.08092,46.20398],[6.0799,46.2032],[6.07987,46.20318],[6.07972,46.20307],[6.07965,46.20302],[6.07951,46.20294],[6.07944,46.2029],[6.07929,46.20282],[6.07897,46.20267],[6.07881,46.20261],[6.07872,46.20258],[6.07856,46.20252],[6.07846,46.2025],[6.07827,46.20244],[6.07817,46.20242],[6.07797,46.20238],[6.07786,46.20236],[6.07766,46.20234],[6.07756,46.20232],[6.07735,46.20231],[6.07724,46.2023],[6.07703,46.2023],[6.07693,46.2023],[6.07669,46.2023],[6.07664,46.20231],[6.07472,46.20242],[6.07403,46.20242],[6.07295,46.20226],[6.0722,46.20202],[6.07195,46.20191],[6.07157,46.20173],[6.07152,46.20171],[6.07141,46.20165],[6.07132,46.2016],[6.07123,46.20156],[6.07115,46.2015],[6.07107,46.20145],[6.07083,46.20128],[6.07076,46.20123],[6.07069,46.20117],[6.07057,46.20106],[6.0703,46.2008],[6.07027,46.20077],[6.06993,46.20042],[6.06987,46.20036],[6.06957,46.20002],[6.06952,46.19996],[6.06925,46.19961],[6.0692,46.19954],[6.06895,46.19918],[6.06891,46.19912],[6.06869,46.19875],[6.06866,46.19868],[6.06845,46.19827],[6.06844,46.19826],[6.06835,46.19807],[6.06834,46.19805],[6.0677,46.19665],[6.06769,46.19664],[6.06765,46.19656],[6.06764,46.19654],[6.0676,46.19646],[6.06759,46.19644],[6.06755,46.19636],[6.06754,46.19634],[6.06749,46.19626],[6.06748,46.19624],[6.06743,46.19616],[6.06741,46.19614],[6.06737,46.19607],[6.06734,46.19603],[6.06704,46.19565],[6.06698,46.19557],[6.06665,46.19523],[6.06657,46.19516],[6.06619,46.19484],[6.0661,46.19478],[6.06568,46.19449],[6.06558,46.19443],[6.06512,46.19418],[6.06501,46.19412],[6.0645,46.19389],[6.06442,46.19386],[6.06419,46.19377],[6.06414,46.19376],[6.06389,46.19367],[6.06384,46.19366],[6.06358,46.19358],[6.06353,46.19356],[6.06327,46.1935],[6.06321,46.19348],[6.06295,46.19343],[6.06289,46.19341],[6.06261,46.19336],[6.06258,46.19336],[6.06093,46.19306],[6.06053,46.19286],[6.06027,46.19256],[6.06018,46.19222],[6.06024,46.19191],[6.06017,46.19152],[6.05957,46.1906],[6.05903,46.19014],[6.05856,46.18964],[6.05545,46.18754],[6.05479,46.18722],[6.05456,46.18708],[6.05429,46.18681],[6.05418,46.18648],[6.0542,46.18631],[6.05436,46.186],[6.05467,46.18575],[6.05522,46.18551],[6.0554,46.18538],[6.05554,46.18524],[6.05564,46.18508],[6.0557,46.1849],[6.0557,46.18473],[6.05565,46.18455],[6.05556,46.18439],[6.05451,46.18295],[6.05404,46.18259],[6.05335,46.18245],[6.05241,46.1825],[6.05185,46.18244],[6.05141,46.18225],[6.05103,46.18179],[6.05103,46.18143],[6.05124,46.18098],[6.05124,46.18063],[6.05152,46.17942],[6.0514,46.17894],[6.05086,46.17833],[6.05063,46.178],[6.05001,46.17735],[6.04956,46.1765],[6.0491,46.17596],[6.04896,46.17582],[6.04853,46.17557],[6.04848,46.17554],[6.04836,46.17545],[6.04825,46.17537],[6.04804,46.17512],[6.04789,46.17498],[6.04771,46.17487],[6.04722,46.17461],[6.04718,46.17459],[6.04715,46.17457],[6.0471,46.17455],[6.04681,46.17443],[6.04664,46.17436],[6.04644,46.17431],[6.04634,46.17427],[6.04613,46.17421],[6.04609,46.1742],[6.04554,46.17402],[6.04542,46.17398],[6.04517,46.1739],[6.04482,46.17381],[6.04443,46.17361],[6.04379,46.17291],[6.04305,46.17229],[6.04268,46.17211],[6.04247,46.17206],[6.04235,46.17204],[6.04234,46.17204],[6.04181,46.17195],[6.04139,46.17188],[6.04125,46.17185],[6.04072,46.17174],[6.04066,46.17173],[6.04031,46.17165],[6.04012,46.17159],[6.03958,46.1714],[6.03932,46.17127],[6.03914,46.17114],[6.03892,46.17082],[6.0389,46.17047],[6.03908,46.17013],[6.03927,46.16996]]]},"properties":{"bfs_nr":6607,"name":"Bernex"}},{"type":"Feature","geometry":{"type":"Polygon","coordinates":[[[6.12792,46.18644],[6.12805,46.18615],[6.12812,46.18582],[6.12812,46.18579],[6.12816,46.18552],[6.12816,46.18551],[6.12819,46.18531],[6.12819,46.18529],[6.12824,46.18473],[6.12824,46.18472],[6.12827,46.18419],[6.12827,46.18418],[6.12836,46.18249],[6.1286,46.18197],[6.12895,46.18173],[6.1294,46.1816],[6.13011,46.18159],[6.1306,46.18148],[6.13113,46.18108],[6.13125,46.18073],[6.13125,46.18042],[6.1312,46.17995],[6.13122,46.17898],[6.1312,46.17857],[6.13122,46.17849],[6.13125,46.17797],[6.13125,46.17756],[6.13142,46.17698],[6.13165,46.17669],[6.13203,46.17648],[6.13278,46.17635],[6.13346,46.17607],[6.13443,46.17513],[6.13455,46.175],[6.13467,46.17482],[6.13476,46.17449],[6.13499,46.17412],[6.13514,46.17398],[6.13587,46.17369],[6.13598,46.17365],[6.13627,46.17352],[6.13637,46.17346],[6.13651,46.17341],[6.13673,46.1733],[6.13692,46.17316],[6.13722,46.17272],[6.13754,46.17246],[6.13822,46.17226],[6.13871,46.17229],[6.13924,46.17244],[6.13966,46.17266],[6.14075,46.17347],[6.14135,46.17375],[6.14168,46.17402],[6.1426,46.17474],[6.14299,46.17512],[6.14325,46.1754],[6.14327,46.17542],[6.14347,46.17562],[6.14371,46.1758],[6.14396,46.17595],[6.14404,46.17601],[6.14405,46.17601],[6.1451,46.17679],[6.14528,46.1769],[6.14573,46.17705],[6.14598,46.17707],[6.14623,46.17706],[6.14669,46.17695],[6.14733,46.17662],[6.14809,46.17651],[6.14859,46.17662],[6.14922,46.17691],[6.14971,46.17734],[6.14993,46.17746],[6.15049,46.17761],[6.15138,46.17766],[6.15181,46.17782],[6.15219,46.17815],[6.15267,46.17912],[6.15296,46.17942],[6.15363,46.17981],[6.15388,46.1803],[6.15417,46.18251],[6.1545,46.18453],[6.15449,46.18489],[6.15444,46.18511],[6.15434,46.18536],[6.15426,46.18551],[6.15405,46.1858],[6.1539,46.18595],[6.15354,46.18623],[6.15328,46.18636],[6.15287,46.18649],[6.15266,46.18654],[6.15251,46.18657],[6.15238,46.18659],[6.15211,46.18663],[6.15187,46.18664],[6.15168,46.18665],[6.15103,46.18666],[6.14993,46.18674],[6.1499,46.18674],[6.14889,46.1868],[6.14884,46.18681],[6.14837,46.18685],[6.14801,46.18686],[6.14749,46.18684],[6.14745,46.18684],[6.14671,46.1868],[6.1467,46.1868],[6.14604,46.18676],[6.14477,46.18681],[6.14404,46.18692],[6.1438,46.18697],[6.14363,46.18702],[6.14351,46.18706],[6.14297,46.18727],[6.14261,46.18747],[6.14209,46.18788],[6.14197,46.18799],[6.14173,46.18835],[6.14159,46.1885],[6.1414,46.18862],[6.14093,46.18878],[6.14042,46.1888],[6.13977,46.18871],[6.13949,46.18872],[6.13904,46.18878],[6.1389,46.18879],[6.13876,46.18879],[6.13852,46.1888],[6.13849,46.1888],[6.13848,46.18881],[6.13825,46.18882],[6.13821,46.18882],[6.13802,46.18883],[6.13798,46.18883],[6.13779,46.18884],[6.13758,46.18884],[6.13734,46.18887],[6.13692,46.18901],[6.13659,46.18924],[6.13628,46.18955],[6.13581,46.19003],[6.1356,46.19021],[6.13517,46.1904],[6.13466,46.19046],[6.13416,46.19038],[6.13388,46.19026],[6.13331,46.18996],[6.13218,46.18939],[6.13135,46.18919],[6.13114,46.18913],[6.1309,46.18903],[6.1304,46.18878],[6.13038,46.18877],[6.13035,46.18875],[6.13032,46.18873],[6.1303,46.18872],[6.13028,46.18871],[6.12992,46.18853],[6.1294,46.18826],[6.129,46.188],[6.12837,46.18776],[6.12787,46.18738],[6.12774,46.18705],[6.12775,46.18683],[6.12792,46.18644]]]},"properties":{"bfs_nr":6608,"name":"Carouge (GE)"}},{"type":"Feature","geometry":{"type":"Polygon","coordinates":[[[6.01129,46.17597],[6.01146,46.17524],[6.01163,46.1749],[6.01203,46.17431],[6.01212,46.17366],[6.01231,46.17316],[6.01291,46.17244],[6.01332,46.17214],[6.01353,46.172],[6.01375,46.1719],[6.01416,46.17175],[6.01501,46.17124],[6.01537,46.17097],[6.01648,46.17044],[6.01716,46.17],[6.01754,46.16955],[6.01815,46.16899],[6.0184,46.16867],[6.01862,46.16803],[6.019,46.16735],[6.01923,46.16668],[6.01931,46.1663],[6.01971,46.16573],[6.01987,46.16527],[6.01991,46.1649],[6.0201,46.16459],[6.02044,46.16435],[6.02113,46.16419],[6.02161,46.16425],[6.02189,46.16434],[6.02303,46.16482],[6.02451,46.16542],[6.02526,46.16572],[6.02528,46.16573],[6.02621,46.16608],[6.02623,46.16609],[6.02665,46.16624],[6.0267,46.16626],[6.02845,46.16694],[6.02846,46.16695],[6.02962,46.16738],[6.02969,46.16741],[6.03221,46.16823],[6.03223,46.16823],[6.03409,46.16885],[6.03413,46.16887],[6.03479,46.16906],[6.03482,46.16907],[6.0355,46.16927],[6.03599,46.16943],[6.03633,46.16956],[6.03647,46.16963],[6.03676,46.16976],[6.03687,46.16982],[6.03707,46.16993],[6.03734,46.1701],[6.03793,46.17044],[6.03836,46.17079],[6.03912,46.17121],[6.03925,46.17127],[6.03963,46.17142],[6.03973,46.17146],[6.04015,46.1716],[6.04028,46.17164],[6.04067,46.17173],[6.04071,46.17174],[6.04127,46.17186],[6.04136,46.17188],[6.04179,46.17195],[6.04182,46.17195],[6.04234,46.17204],[6.04236,46.17204],[6.04237,46.17204],[6.04265,46.17211],[6.04304,46.1723],[6.04378,46.17292],[6.04446,46.17372],[6.04505,46.17402],[6.04572,46.1741],[6.04601,46.17417],[6.04609,46.1742],[6.04612,46.17421],[6.04632,46.17427],[6.04656,46.17435],[6.04674,46.1744],[6.04692,46.17447],[6.04707,46.17454],[6.04718,46.17459],[6.04723,46.17461],[6.04762,46.17482],[6.04784,46.17496],[6.04823,46.17535],[6.04826,46.17537],[6.0483,46.1754],[6.04837,46.17546],[6.0484,46.17549],[6.04847,46.17555],[6.04896,46.17585],[6.04912,46.176],[6.04966,46.17676],[6.04988,46.17732],[6.05029,46.17788],[6.05104,46.17868],[6.05117,46.17891],[6.05126,46.17931],[6.05117,46.17972],[6.0512,46.18035],[6.05111,46.18095],[6.05086,46.18148],[6.05078,46.18179],[6.05048,46.18222],[6.05012,46.18247],[6.04941,46.18267],[6.04883,46.18297],[6.0487,46.18306],[6.04855,46.18317],[6.04837,46.18333],[6.04821,46.18361],[6.0481,46.18377],[6.04802,46.18384],[6.04798,46.18389],[6.04795,46.18393],[6.04789,46.18399],[6.04789,46.184],[6.04783,46.18408],[6.0478,46.18412],[6.04765,46.1843],[6.04748,46.18443],[6.04706,46.18461],[6.04682,46.18466],[6.04605,46.18471],[6.04536,46.1846],[6.04443,46.18456],[6.04411,46.18445],[6.04391,46.18437],[6.04373,46.18429],[6.04356,46.1842],[6.04334,46.18406],[6.04321,46.18398],[6.04256,46.18352],[6.04211,46.18318],[6.04204,46.18313],[6.04166,46.18289],[6.04158,46.18284],[6.04047,46.18224],[6.04025,46.18215],[6.04,46.18208],[6.03974,46.18205],[6.03948,46.18206],[6.03899,46.18219],[6.0339,46.18436],[6.03375,46.18442],[6.02953,46.18588],[6.02874,46.18599],[6.02826,46.18588],[6.02801,46.18575],[6.02419,46.1835],[6.02417,46.18348],[6.02403,46.1834],[6.02401,46.18339],[6.02392,46.18334],[6.02389,46.18333],[6.02365,46.1832],[6.0236,46.18318],[6.02336,46.18307],[6.02331,46.18304],[6.02306,46.18294],[6.02301,46.18292],[6.02275,46.18282],[6.0227,46.1828],[6.02244,46.18271],[6.02239,46.18269],[6.02211,46.1826],[6.02208,46.18259],[6.01909,46.1817],[6.01902,46.18168],[6.01876,46.18159],[6.01862,46.18154],[6.01841,46.18145],[6.01827,46.18139],[6.01807,46.1813],[6.01794,46.18123],[6.01776,46.18112],[6.01764,46.18104],[6.01746,46.18092],[6.01735,46.18084],[6.0172,46.18071],[6.0171,46.18062],[6.01695,46.18048],[6.01686,46.18039],[6.01672,46.18022],[6.01668,46.18017],[6.01563,46.17882],[6.0156,46.17879],[6.01555,46.17872],[6.01551,46.17869],[6.01546,46.17863],[6.01542,46.17859],[6.01536,46.17854],[6.01533,46.17851],[6.01528,46.17846],[6.01527,46.17845],[6.01482,46.17808],[6.0148,46.17806],[6.01472,46.178],[6.01468,46.17797],[6.01461,46.17792],[6.01456,46.17789],[6.01449,46.17784],[6.01444,46.17781],[6.01437,46.17777],[6.01431,46.17774],[6.01424,46.1777],[6.01405,46.17761],[6.01391,46.17755],[6.01382,46.17752],[6.01376,46.1775],[6.01367,46.17747],[6.01361,46.17745],[6.01352,46.17742],[6.01317,46.17734],[6.01193,46.17708],[6.0114,46.17675],[6.01123,46.17644],[6.01129,46.17597]]]},"properties":{"bfs_nr":6609,"name":"Cartigny"}},{"type":"Feature","geometry":{"type":"MultiPolygon","coordinates":[[[[6.1686,46.34207],[6.16886,46.34192],[6.17042,46.34116],[6.17094,46.34099],[6.17145,46.34097],[6.17192,46.3411],[6.17229,46.34134],[6.17253,46.34184],[6.17239,46.34276],[6.17218,46.34326],[6.17216,46.34374],[6.17221,46.34413],[6.17237,46.34448],[6.1728,46.34485],[6.17352,46.34532],[6.17372,46.34552],[6.17395,46.34592],[6.17432,46.34624],[6.17475,46.34639],[6.17525,46.34643],[6.17572,46.34633],[6.17652,46.34589],[6.177,46.34537],[6.17748,46.34514],[6.17791,46.34502],[6.1801,46.34415],[6.18062,46.3441],[6.18124,46.34416],[6.18178,46.34413],[6.18225,46.34423],[6.18268,46.34446],[6.18345,46.34508],[6.18373,46.3454],[6.18381,46.34573],[6.1837,46.34606],[6.18338,46.34637],[6.18213,46.34723],[6.18166,46.34764],[6.18091,46.348],[6.1769,46.35049],[6.17617,46.35074],[6.17543,46.35066],[6.17502,46.35046],[6.17477,46.35016],[6.17461,46.34981],[6.17431,46.34953],[6.17388,46.34935],[6.17312,46.34932],[6.1727,46.34944],[6.1722,46.34949],[6.1717,46.3494],[6.1713,46.34918],[6.17111,46.349],[6.16975,46.34723],[6.16858,46.34561],[6.16728,46.34378],[6.16714,46.34323],[6.16729,46.3429],[6.16767,46.34261],[6.1686,46.34207]]],[[[6.17333,46.35459],[6.17473,46.35412],[6.17531,46.35385],[6.1801,46.35282],[6.18051,46.35267],[6.18289,46.35139],[6.18326,46.3511],[6.18364,46.35054],[6.18407,46.35032],[6.18595,46.34965],[6.18625,46.34957],[6.18676,46.34954],[6.18725,46.34965],[6.18811,46.34995],[6.18859,46.34997],[6.18905,46.34986],[6.1901,46.34931],[6.19057,46.34911],[6.19109,46.34879],[6.19154,46.34868],[6.19221,46.34869],[6.19294,46.34882],[6.19362,46.34876],[6.19402,46.34862],[6.19438,46.34836],[6.19457,46.34803],[6.19454,46.34767],[6.19336,46.34437],[6.19331,46.34415],[6.1934,46.34379],[6.19367,46.34349],[6.19447,46.34308],[6.19809,46.34138],[6.19851,46.34121],[6.20128,46.33989],[6.20258,46.33932],[6.20309,46.33925],[6.2036,46.33933],[6.20415,46.33953],[6.20462,46.33958],[6.2056,46.33944],[6.20604,46.33931],[6.20657,46.33896],[6.20686,46.33884],[6.23109,46.33084],[6.23164,46.33074],[6.23214,46.33079],[6.23274,46.3311],[6.23291,46.33129],[6.24085,46.34282],[6.24099,46.3432],[6.24092,46.34354],[6.24066,46.34384],[6.2402,46.34407],[6.21291,46.35308],[6.21205,46.3535],[6.21148,46.35359],[6.21088,46.35377],[6.21006,46.35396],[6.20949,46.35425],[6.20857,46.35459],[6.20814,46.3547],[6.20767,46.3549],[6.20722,46.35501],[6.20649,46.35503],[6.20583,46.35517],[6.20473,46.35521],[6.20428,46.35518],[6.20353,46.35495],[6.20266,46.35481],[6.20189,46.35488],[6.20037,46.35556],[6.19991,46.35595],[6.19974,46.35644],[6.19944,46.35685],[6.19895,46.35731],[6.19821,46.35829],[6.1981,46.3586],[6.19825,46.35923],[6.19815,46.35959],[6.19779,46.36013],[6.19745,46.3604],[6.19693,46.36056],[6.19612,46.36069],[6.19515,46.36077],[6.19372,46.36079],[6.19226,46.36074],[6.19109,46.36063],[6.18985,46.36045],[6.18895,46.36035],[6.18812,46.36033],[6.18724,46.36047],[6.18686,46.36061],[6.18598,46.36124],[6.18555,46.36177],[6.18417,46.36264],[6.1837,46.36284],[6.18298,46.36322],[6.18177,46.36376],[6.1811,46.36413],[6.18064,46.36432],[6.18017,46.36438],[6.17971,46.36431],[6.17839,46.36374],[6.1768,46.36317],[6.17617,46.36304],[6.17494,46.36256],[6.1746,46.36224],[6.1745,46.36204],[6.17447,46.36169],[6.17466,46.36135],[6.17521,46.36091],[6.17545,46.3606],[6.1755,46.36025],[6.17534,46.35991],[6.17501,46.35964],[6.17388,46.35923],[6.17223,46.35875],[6.17194,46.35863],[6.17158,46.35836],[6.17141,46.35782],[6.172,46.35621],[6.17261,46.35513],[6.17293,46.35478],[6.17333,46.35459]]]]},"properties":{"bfs_nr":6610,"name":"C\u00e9ligny"}},{"type":"Feature","geometry":{"type":"Polygon","coordinates":[[[5.95647,46.13165],[5.95668,46.13005],[5.95673,46.12984],[5.95712,46.12942],[5.95778,46.1292],[5.9585,46.12927],[5.95971,46.12976],[5.96036,46.13012],[5.96074,46.13042],[5.96144,46.13067],[5.96197,46.13065],[5.96465,46.13021],[5.96523,46.13009],[5.96601,46.1301],[5.96644,46.13021],[5.96702,46.13051],[5.96751,46.1309],[5.96798,46.1311],[5.9686,46.13123],[5.96899,46.13141],[5.9693,46.1317],[5.96992,46.13198],[5.97131,46.13212],[5.97174,46.13212],[5.9726,46.13194],[5.97308,46.13194],[5.97358,46.1321],[5.9743,46.1324],[5.97553,46.13272],[5.97657,46.1331],[5.97733,46.1335],[5.97763,46.13376],[5.97896,46.13539],[5.97927,46.13565],[5.98072,46.13651],[5.98161,46.13717],[5.98192,46.13751],[5.982,46.13773],[5.9822,46.13871],[5.98259,46.14035],[5.98275,46.14082],[5.98267,46.14119],[5.98243,46.14157],[5.98239,46.1419],[5.9826,46.14336],[5.98287,46.14479],[5.98314,46.14516],[5.98369,46.14567],[5.98385,46.14601],[5.98439,46.14841],[5.98447,46.14861],[5.98461,46.14878],[5.9849,46.149],[5.98507,46.14916],[5.98532,46.14941],[5.98586,46.1504],[5.98587,46.15078],[5.9859,46.15094],[5.98597,46.1511],[5.98608,46.15124],[5.98622,46.15138],[5.9864,46.15149],[5.98649,46.15153],[5.98653,46.15155],[5.98706,46.15181],[5.98732,46.1519],[5.98799,46.152],[5.98889,46.15222],[5.98927,46.1524],[5.98984,46.15259],[5.99008,46.1527],[5.99039,46.15285],[5.99052,46.15291],[5.99064,46.15296],[5.99082,46.15302],[5.99089,46.15305],[5.99104,46.1531],[5.99113,46.15312],[5.9915,46.15322],[5.99232,46.15332],[5.99328,46.15346],[5.9938,46.15357],[5.99425,46.15368],[5.99434,46.15371],[5.99471,46.15382],[5.99473,46.15382],[5.99527,46.15397],[5.99532,46.15399],[5.99657,46.1543],[5.99765,46.1546],[5.99819,46.15474],[5.99874,46.1549],[5.99921,46.15504],[5.99935,46.15507],[5.9997,46.15518],[6.0002,46.15533],[6.00221,46.15608],[6.00302,46.1565],[6.00308,46.15652],[6.00323,46.1566],[6.00334,46.15665],[6.00346,46.15669],[6.00352,46.15671],[6.00472,46.15717],[6.00514,46.15761],[6.00518,46.15797],[6.00502,46.1583],[6.00449,46.15878],[6.00397,46.15919],[6.00379,46.1595],[6.00379,46.15984],[6.00393,46.16012],[6.00397,46.16047],[6.00381,46.1608],[6.00339,46.16132],[6.00309,46.16157],[6.00243,46.16188],[6.00223,46.16204],[6.00203,46.16226],[6.0019,46.16237],[6.00185,46.16242],[6.00177,46.16248],[6.00156,46.16263],[6.00153,46.16265],[6.00126,46.16281],[6.00052,46.16297],[5.99999,46.16292],[5.99911,46.16294],[5.99885,46.16292],[5.99861,46.16287],[5.99805,46.1628],[5.99788,46.16279],[5.99767,46.16278],[5.99753,46.16278],[5.99742,46.16278],[5.99715,46.1628],[5.99689,46.16285],[5.9964,46.16298],[5.99574,46.16331],[5.99552,46.16344],[5.99537,46.16355],[5.99521,46.16372],[5.99504,46.16389],[5.99479,46.16408],[5.99476,46.1641],[5.99465,46.16416],[5.99435,46.16429],[5.99433,46.1643],[5.99414,46.16436],[5.99377,46.16442],[5.99348,46.16442],[5.99315,46.16441],[5.99298,46.16441],[5.99272,46.16442],[5.99247,46.16439],[5.99224,46.16433],[5.99202,46.16424],[5.99179,46.1641],[5.99178,46.16409],[5.99168,46.16401],[5.99118,46.16356],[5.99108,46.16345],[5.99105,46.16342],[5.9909,46.16321],[5.9908,46.16304],[5.99038,46.16237],[5.99034,46.16231],[5.99021,46.16214],[5.99015,46.16207],[5.98987,46.16177],[5.98981,46.16171],[5.98934,46.1613],[5.98925,46.16122],[5.98915,46.16115],[5.98902,46.16107],[5.98866,46.16087],[5.98839,46.1607],[5.98822,46.16058],[5.98808,46.16044],[5.98767,46.15996],[5.98764,46.15992],[5.98728,46.15947],[5.98728,46.15946],[5.98692,46.15902],[5.98663,46.15877],[5.98618,46.15851],[5.98534,46.15817],[5.98472,46.158],[5.98426,46.15799],[5.98382,46.1581],[5.9834,46.15828],[5.98294,46.15836],[5.98241,46.15832],[5.98089,46.15827],[5.98004,46.15836],[5.97901,46.15879],[5.97861,46.15893],[5.9778,46.15949],[5.9768,46.15996],[5.9761,46.16008],[5.97541,46.15993],[5.97507,46.15968],[5.97475,46.15921],[5.97463,46.15857],[5.97454,46.15837],[5.97369,46.15697],[5.97318,46.15621],[5.97258,46.15547],[5.97185,46.15472],[5.96923,46.15226],[5.96877,46.15171],[5.96746,46.14968],[5.96729,46.14933],[5.9668,46.148],[5.96649,46.14764],[5.96558,46.14685],[5.96518,46.14639],[5.96473,46.14567],[5.9642,46.14454],[5.96404,46.14385],[5.96404,46.14337],[5.96431,46.14218],[5.96445,46.14177],[5.96482,46.14121],[5.96572,46.14013],[5.96624,46.13924],[5.96644,46.13859],[5.96639,46.13822],[5.96615,46.13773],[5.96546,46.13682],[5.96506,46.13652],[5.96405,46.136],[5.96342,46.13577],[5.96222,46.13544],[5.95889,46.13421],[5.95831,46.13398],[5.95745,46.1335],[5.95664,46.13291],[5.95633,46.13255],[5.95627,46.13218],[5.95647,46.13165]]]},"properties":{"bfs_nr":6611,"name":"Chancy"}},{"type":"Feature","geometry":{"type":"Polygon","coordinates":[[[6.16752,46.18929],[6.1676,46.18908],[6.16761,46.18868],[6.1678,46.18761],[6.168,46.1872],[6.16875,46.18658],[6.16945,46.18582],[6.16953,46.18571],[6.16987,46.18522],[6.16991,46.18515],[6.1701,46.18478],[6.17012,46.18474],[6.17028,46.18438],[6.17068,46.18383],[6.1709,46.18347],[6.17093,46.18339],[6.17117,46.18285],[6.1712,46.18277],[6.17135,46.18228],[6.17137,46.18217],[6.17151,46.18103],[6.17151,46.181],[6.17155,46.1805],[6.17155,46.18039],[6.17149,46.17988],[6.17149,46.17978],[6.17148,46.17936],[6.17135,46.17891],[6.17105,46.17855],[6.17028,46.1779],[6.17012,46.17779],[6.16949,46.17749],[6.16912,46.17708],[6.16906,46.17675],[6.16922,46.17637],[6.1694,46.17618],[6.16967,46.176],[6.16993,46.17588],[6.17044,46.17575],[6.17099,46.17568],[6.17137,46.17569],[6.17158,46.1757],[6.17194,46.17575],[6.17231,46.17583],[6.17247,46.17587],[6.17317,46.17607],[6.17334,46.17612],[6.17431,46.17647],[6.17599,46.17714],[6.17607,46.17718],[6.1766,46.17741],[6.17681,46.17752],[6.17702,46.17764],[6.17722,46.17778],[6.17739,46.17795],[6.17792,46.17861],[6.17803,46.17873],[6.1783,46.17897],[6.17848,46.17909],[6.17872,46.17924],[6.17893,46.17933],[6.17926,46.17946],[6.17945,46.17953],[6.17966,46.17956],[6.17997,46.1796],[6.18023,46.17962],[6.18081,46.17957],[6.18133,46.17965],[6.18207,46.18006],[6.1826,46.18027],[6.18278,46.18041],[6.18305,46.1808],[6.18372,46.18138],[6.18393,46.18181],[6.18396,46.18214],[6.1837,46.18263],[6.1832,46.18299],[6.18307,46.18313],[6.18285,46.18353],[6.18277,46.18377],[6.18272,46.1842],[6.18287,46.18455],[6.18323,46.18494],[6.1834,46.18524],[6.18347,46.18579],[6.18341,46.18618],[6.18347,46.18651],[6.18414,46.1873],[6.1844,46.18771],[6.18501,46.18833],[6.1852,46.18847],[6.18565,46.18869],[6.18592,46.18893],[6.18615,46.18934],[6.18665,46.19014],[6.18669,46.1905],[6.18636,46.19126],[6.18603,46.19153],[6.18547,46.19187],[6.18527,46.1922],[6.18527,46.19256],[6.18563,46.19304],[6.18617,46.19384],[6.18673,46.19415],[6.18721,46.19422],[6.18783,46.19419],[6.18896,46.19437],[6.18924,46.19447],[6.18942,46.19455],[6.18947,46.19457],[6.1895,46.19458],[6.18955,46.1946],[6.18968,46.19465],[6.18976,46.19468],[6.18983,46.1947],[6.18991,46.19472],[6.18997,46.19473],[6.19005,46.19475],[6.19064,46.19485],[6.19095,46.19493],[6.19118,46.19502],[6.19153,46.1953],[6.19164,46.19547],[6.19169,46.19584],[6.19155,46.1963],[6.1917,46.19687],[6.19198,46.19719],[6.19239,46.19741],[6.19301,46.19784],[6.19324,46.1981],[6.19362,46.19898],[6.19364,46.1993],[6.19383,46.19962],[6.19419,46.19988],[6.19488,46.20013],[6.19553,46.20061],[6.19635,46.20154],[6.19705,46.20197],[6.19752,46.20207],[6.19826,46.2021],[6.19915,46.20233],[6.19951,46.20258],[6.19989,46.20295],[6.20034,46.20312],[6.20085,46.20321],[6.20125,46.2034],[6.20153,46.20368],[6.20164,46.20401],[6.20156,46.20434],[6.20124,46.20474],[6.20112,46.20507],[6.20121,46.20583],[6.20139,46.20643],[6.20126,46.20676],[6.20095,46.20702],[6.20047,46.20729],[6.20007,46.20759],[6.19964,46.20783],[6.19917,46.20792],[6.19868,46.20788],[6.19807,46.20764],[6.1979,46.20758],[6.19756,46.20749],[6.19515,46.20691],[6.19261,46.20592],[6.19257,46.20591],[6.19186,46.20566],[6.19161,46.20559],[6.19105,46.20557],[6.19079,46.20562],[6.19021,46.20587],[6.18989,46.20596],[6.18954,46.20601],[6.18949,46.20602],[6.18899,46.20613],[6.18868,46.20617],[6.18842,46.20617],[6.18794,46.20607],[6.18773,46.20598],[6.1875,46.20582],[6.18736,46.2057],[6.18733,46.20568],[6.18728,46.20563],[6.18722,46.20558],[6.18673,46.2052],[6.18668,46.20517],[6.18652,46.20506],[6.18633,46.20495],[6.18586,46.20481],[6.18536,46.20481],[6.18512,46.20486],[6.18471,46.20497],[6.18319,46.20526],[6.18252,46.20539],[6.18248,46.2054],[6.18215,46.20547],[6.18212,46.20548],[6.18185,46.20554],[6.18182,46.20555],[6.18147,46.20564],[6.18146,46.20564],[6.18107,46.20575],[6.18077,46.2058],[6.18004,46.20574],[6.17964,46.20555],[6.17936,46.20527],[6.17926,46.20494],[6.17932,46.2046],[6.17927,46.20428],[6.17907,46.20399],[6.17815,46.20334],[6.1779,46.2032],[6.17771,46.20306],[6.17669,46.20215],[6.17667,46.20213],[6.17632,46.2018],[6.1763,46.20179],[6.175,46.20055],[6.17469,46.20018],[6.17459,46.19984],[6.17468,46.19944],[6.17464,46.19909],[6.17447,46.19855],[6.17443,46.19846],[6.17438,46.19836],[6.17432,46.19826],[6.17409,46.19792],[6.17387,46.19762],[6.17385,46.19759],[6.17346,46.19702],[6.17312,46.19656],[6.17244,46.19578],[6.17198,46.19528],[6.17176,46.19491],[6.17177,46.19456],[6.17209,46.19405],[6.17214,46.19369],[6.17181,46.19318],[6.17065,46.19229],[6.17063,46.19228],[6.16937,46.19128],[6.16841,46.1906],[6.16823,46.19048],[6.16806,46.19037],[6.168,46.19033],[6.1679,46.19026],[6.16768,46.19008],[6.16755,46.18991],[6.16747,46.18953],[6.16752,46.18929]]]},"properties":{"bfs_nr":6612,"name":"Ch\u00eane-Bougeries"}},{"type":"Feature","geometry":{"type":"Polygon","coordinates":[[[6.18569,46.19287],[6.18562,46.19237],[6.18594,46.19192],[6.18623,46.19171],[6.18653,46.19133],[6.18671,46.19066],[6.18699,46.19035],[6.18763,46.19009],[6.18845,46.19004],[6.18884,46.19006],[6.1895,46.19023],[6.19022,46.19053],[6.1908,46.19066],[6.19139,46.19091],[6.19191,46.19101],[6.19243,46.19096],[6.1932,46.19071],[6.19419,46.19061],[6.19489,46.19038],[6.19563,46.19034],[6.1961,46.19048],[6.19649,46.19074],[6.19699,46.19092],[6.19763,46.19096],[6.19831,46.19118],[6.19862,46.19147],[6.19888,46.19211],[6.19994,46.19523],[6.20002,46.19539],[6.20014,46.19554],[6.20031,46.19568],[6.20073,46.19586],[6.20097,46.19591],[6.20131,46.19595],[6.20171,46.196],[6.20201,46.19606],[6.20223,46.19614],[6.20259,46.19638],[6.20279,46.1967],[6.2028,46.19704],[6.20271,46.19733],[6.20278,46.19768],[6.20304,46.19802],[6.20361,46.19843],[6.20404,46.19861],[6.20429,46.19873],[6.20446,46.19885],[6.20459,46.19899],[6.20474,46.19948],[6.20458,46.20002],[6.20468,46.20035],[6.20511,46.20091],[6.20515,46.20125],[6.20508,46.20147],[6.20461,46.20242],[6.20448,46.20263],[6.20413,46.20295],[6.20401,46.2031],[6.20391,46.20343],[6.20399,46.20376],[6.20428,46.20414],[6.20442,46.20453],[6.20472,46.20496],[6.20479,46.20516],[6.20492,46.20577],[6.20494,46.20597],[6.20494,46.20776],[6.20491,46.208],[6.20482,46.20818],[6.20421,46.20874],[6.20354,46.20896],[6.20304,46.20894],[6.20259,46.20879],[6.20224,46.20857],[6.20193,46.20827],[6.20175,46.20785],[6.20148,46.20749],[6.20139,46.20714],[6.20162,46.20654],[6.2016,46.2062],[6.20136,46.20567],[6.20138,46.20484],[6.20173,46.20426],[6.20181,46.20393],[6.2016,46.20345],[6.20126,46.2032],[6.20049,46.20295],[6.20008,46.20274],[6.19979,46.20248],[6.19937,46.2023],[6.19814,46.20204],[6.19764,46.20203],[6.19698,46.20188],[6.19653,46.20158],[6.19597,46.20093],[6.19574,46.20047],[6.19525,46.20011],[6.19454,46.19988],[6.19417,46.19965],[6.19395,46.19933],[6.19383,46.19898],[6.1936,46.19872],[6.19328,46.19807],[6.19303,46.19779],[6.19219,46.19727],[6.19193,46.19697],[6.19164,46.19644],[6.19162,46.19611],[6.19171,46.19578],[6.19164,46.19543],[6.19153,46.19527],[6.19137,46.19513],[6.19118,46.19501],[6.19096,46.19492],[6.19072,46.19486],[6.18994,46.19472],[6.18981,46.19469],[6.18966,46.19464],[6.18948,46.19457],[6.18941,46.19454],[6.1891,46.19441],[6.18884,46.19432],[6.18762,46.19407],[6.18697,46.19408],[6.18651,46.19396],[6.18614,46.19373],[6.18589,46.1934],[6.18569,46.19287]]]},"properties":{"bfs_nr":6613,"name":"Ch\u00eane-Bourg"}},{"type":"Feature","geometry":{"type":"Polygon","coordinates":[[[6.20244,46.23231],[6.20301,46.23179],[6.20342,46.23155],[6.20388,46.23145],[6.20433,46.23141],[6.20482,46.23125],[6.20516,46.23097],[6.20537,46.23066],[6.20569,46.23007],[6.20569,46.23006],[6.20574,46.22996],[6.20589,46.22979],[6.20647,46.22916],[6.20801,46.22817],[6.20873,46.22776],[6.20925,46.22758],[6.20995,46.22708],[6.21015,46.22695],[6.21028,46.22688],[6.21045,46.22679],[6.21061,46.22672],[6.21076,46.22666],[6.21085,46.22662],[6.21105,46.22655],[6.21123,46.22647],[6.21169,46.22625],[6.21206,46.2261],[6.21236,46.22602],[6.21287,46.22598],[6.2137,46.22616],[6.21398,46.22618],[6.21425,46.22615],[6.21465,46.22608],[6.21498,46.22605],[6.21557,46.22605],[6.21575,46.22604],[6.21582,46.22603],[6.21602,46.226],[6.2162,46.22596],[6.21689,46.22574],[6.21709,46.22565],[6.2172,46.2256],[6.21725,46.22557],[6.21732,46.22553],[6.21746,46.22545],[6.21775,46.22524],[6.21791,46.22511],[6.21809,46.2248],[6.21812,46.22463],[6.21811,46.22446],[6.21804,46.2243],[6.21768,46.22361],[6.21767,46.2236],[6.21738,46.22309],[6.21738,46.22308],[6.21713,46.22265],[6.21681,46.22212],[6.21679,46.2217],[6.2169,46.22145],[6.21742,46.22065],[6.21761,46.22042],[6.21786,46.22022],[6.21826,46.21984],[6.21829,46.21981],[6.21865,46.21945],[6.21868,46.21941],[6.21901,46.21904],[6.21924,46.21883],[6.21967,46.21851],[6.21981,46.21835],[6.2199,46.21817],[6.21993,46.21798],[6.2199,46.2178],[6.21987,46.21767],[6.21986,46.21765],[6.21984,46.2176],[6.2196,46.21688],[6.21958,46.2168],[6.21956,46.21673],[6.21954,46.21662],[6.21953,46.21656],[6.21952,46.21641],[6.21953,46.21626],[6.21955,46.21615],[6.21958,46.21585],[6.21959,46.21578],[6.21959,46.21567],[6.21958,46.21558],[6.21957,46.21549],[6.21954,46.21539],[6.21947,46.21514],[6.21942,46.21503],[6.21925,46.21469],[6.21915,46.21446],[6.21924,46.21394],[6.21973,46.21355],[6.2202,46.21342],[6.22078,46.21344],[6.22111,46.21352],[6.2216,46.21379],[6.22426,46.216],[6.22541,46.21705],[6.22576,46.21728],[6.22621,46.2174],[6.22645,46.21742],[6.2267,46.2174],[6.22696,46.21736],[6.22758,46.2173],[6.22821,46.21702],[6.22878,46.21635],[6.22918,46.21616],[6.23008,46.21599],[6.23102,46.21575],[6.23174,46.21578],[6.23233,46.21607],[6.2326,46.21643],[6.2329,46.21666],[6.23335,46.21688],[6.23363,46.21717],[6.23395,46.21812],[6.23401,46.21847],[6.23424,46.21915],[6.23447,46.2195],[6.23543,46.22019],[6.23618,46.22041],[6.23692,46.22082],[6.2375,46.22094],[6.23799,46.22115],[6.23845,46.22144],[6.23881,46.22174],[6.24039,46.22353],[6.24075,46.2238],[6.24124,46.22394],[6.24181,46.22399],[6.24242,46.22424],[6.24267,46.22453],[6.24292,46.22537],[6.24295,46.2256],[6.24268,46.22612],[6.24227,46.22636],[6.24196,46.22645],[6.24088,46.22667],[6.24066,46.22671],[6.23905,46.22704],[6.23835,46.22735],[6.23816,46.22744],[6.23789,46.22751],[6.23697,46.2277],[6.23673,46.22777],[6.23652,46.22787],[6.23634,46.22799],[6.2362,46.22814],[6.2361,46.2283],[6.23605,46.22848],[6.23604,46.22891],[6.23592,46.22947],[6.23624,46.23182],[6.23626,46.23199],[6.23636,46.23266],[6.2364,46.23281],[6.23647,46.23294],[6.23671,46.23331],[6.23682,46.23352],[6.23685,46.23369],[6.23677,46.23404],[6.23666,46.23419],[6.23632,46.23445],[6.23605,46.23456],[6.23308,46.23552],[6.2328,46.23559],[6.23256,46.23562],[6.23209,46.23558],[6.23167,46.23542],[6.2315,46.23531],[6.22988,46.23422],[6.22967,46.23404],[6.22949,46.23389],[6.22887,46.23346],[6.2278,46.23286],[6.2273,46.23273],[6.22665,46.23271],[6.22576,46.23248],[6.22536,46.23229],[6.2252,46.23217],[6.22505,46.23198],[6.22474,46.2315],[6.22448,46.23123],[6.22394,46.23092],[6.22345,46.23053],[6.223,46.2304],[6.22222,46.23043],[6.22178,46.23055],[6.2213,46.23091],[6.22106,46.23132],[6.22068,46.23158],[6.22045,46.23166],[6.22012,46.23172],[6.22007,46.23173],[6.22005,46.23173],[6.21949,46.23179],[6.21945,46.23179],[6.21927,46.23181],[6.21897,46.23182],[6.21874,46.23179],[6.21828,46.23165],[6.21755,46.23135],[6.21726,46.2313],[6.21676,46.23125],[6.21664,46.23124],[6.21645,46.23124],[6.21619,46.23125],[6.21595,46.23129],[6.21571,46.23137],[6.21551,46.23148],[6.21534,46.23161],[6.21521,46.23177],[6.21513,46.23194],[6.2151,46.23211],[6.21512,46.23229],[6.21519,46.23246],[6.21537,46.23275],[6.21553,46.2331],[6.21556,46.23321],[6.21557,46.23322],[6.21567,46.23361],[6.21568,46.23366],[6.21577,46.23407],[6.21588,46.2345],[6.216,46.23491],[6.216,46.23508],[6.21585,46.23541],[6.21572,46.23555],[6.21534,46.23577],[6.21441,46.23599],[6.2137,46.23628],[6.21327,46.23654],[6.21298,46.23682],[6.21257,46.23702],[6.21208,46.23709],[6.21177,46.23708],[6.21142,46.23701],[6.21118,46.23695],[6.21082,46.23684],[6.21077,46.23682],[6.21034,46.23668],[6.21007,46.23657],[6.20963,46.23631],[6.20904,46.23607],[6.2081,46.23571],[6.20755,46.23559],[6.20583,46.2355],[6.20539,46.23547],[6.20512,46.2354],[6.20431,46.2351],[6.20412,46.235],[6.20392,46.23485],[6.20312,46.23409],[6.20226,46.23332],[6.20212,46.23282],[6.20244,46.23231]]]},"properties":{"bfs_nr":6614,"name":"Choulex"}},{"type":"Feature","geometry":{"type":"Polygon","coordinates":[[[6.104,46.27958],[6.10388,46.27939],[6.10384,46.27902],[6.10401,46.27868],[6.10436,46.27841],[6.1049,46.27811],[6.10524,46.27767],[6.10577,46.2771],[6.10618,46.27687],[6.10699,46.27663],[6.10729,46.27643],[6.10758,46.2761],[6.10804,46.27526],[6.10839,46.27497],[6.10881,46.27481],[6.10972,46.27459],[6.11048,46.27422],[6.1111,46.27395],[6.11182,46.27344],[6.11234,46.27296],[6.11251,46.27261],[6.11237,46.27208],[6.11203,46.2718],[6.11102,46.27121],[6.11079,46.27105],[6.11057,46.27072],[6.11055,46.27036],[6.11074,46.27002],[6.11163,46.26936],[6.11229,46.26857],[6.11351,46.26766],[6.11468,46.26661],[6.1149,46.26645],[6.11535,46.26628],[6.11629,46.26621],[6.1174,46.26585],[6.11862,46.26537],[6.11903,46.26513],[6.11926,46.26481],[6.11929,46.26444],[6.11911,46.2641],[6.11862,46.26358],[6.11857,46.26324],[6.1187,46.26292],[6.11968,46.262],[6.1199,46.26184],[6.12033,46.26166],[6.12108,46.26164],[6.12132,46.26171],[6.12159,46.26182],[6.12276,46.26245],[6.12277,46.26245],[6.12487,46.26358],[6.12487,46.26359],[6.12911,46.26585],[6.12951,46.26607],[6.13154,46.26716],[6.13155,46.26716],[6.13264,46.26774],[6.13265,46.26774],[6.13772,46.27045],[6.13773,46.27046],[6.13856,46.27091],[6.14066,46.27204],[6.14112,46.27244],[6.14121,46.27279],[6.14124,46.27367],[6.14122,46.27396],[6.14117,46.27411],[6.14109,46.27428],[6.141,46.27442],[6.14076,46.27473],[6.14051,46.27506],[6.14045,46.27522],[6.14043,46.27538],[6.14046,46.27555],[6.14053,46.27571],[6.14156,46.27756],[6.14164,46.27797],[6.1415,46.27832],[6.14117,46.2786],[6.1407,46.27877],[6.14018,46.27879],[6.13968,46.2787],[6.13916,46.27869],[6.13867,46.27882],[6.1383,46.27908],[6.1381,46.27931],[6.138,46.27961],[6.138,46.28007],[6.13781,46.2804],[6.13745,46.28065],[6.13698,46.28078],[6.13617,46.28073],[6.13566,46.28076],[6.1351,46.28093],[6.13459,46.28126],[6.13418,46.28145],[6.13345,46.28152],[6.13304,46.28146],[6.13251,46.28151],[6.13207,46.28171],[6.13177,46.28201],[6.13169,46.28218],[6.13165,46.28237],[6.13158,46.28259],[6.13152,46.28272],[6.13138,46.28292],[6.13137,46.28293],[6.1312,46.2831],[6.13091,46.28331],[6.13071,46.28359],[6.13052,46.28429],[6.13053,46.28446],[6.13082,46.28522],[6.13107,46.28551],[6.1315,46.28585],[6.1317,46.28621],[6.13171,46.28654],[6.13181,46.28687],[6.13216,46.28742],[6.13242,46.28773],[6.13338,46.28827],[6.13364,46.2886],[6.13368,46.289],[6.13344,46.28947],[6.13317,46.29041],[6.13289,46.29095],[6.13278,46.29139],[6.13249,46.2917],[6.13223,46.29185],[6.12611,46.29461],[6.126,46.29466],[6.12228,46.29676],[6.12203,46.29687],[6.12158,46.29697],[6.12111,46.29696],[6.12068,46.29682],[6.11975,46.29634],[6.11942,46.29609],[6.11924,46.29577],[6.11924,46.29537],[6.11912,46.29504],[6.11864,46.29467],[6.11775,46.29449],[6.1168,46.29418],[6.11652,46.29414],[6.11596,46.29419],[6.11509,46.29445],[6.11459,46.29449],[6.11423,46.29444],[6.11355,46.2942],[6.1131,46.29378],[6.11299,46.29335],[6.11278,46.29304],[6.11217,46.29241],[6.11171,46.29165],[6.11146,46.29138],[6.10983,46.29017],[6.10901,46.28947],[6.10868,46.28926],[6.10757,46.28879],[6.1072,46.28857],[6.10616,46.28782],[6.105,46.28721],[6.10458,46.28688],[6.10437,46.28656],[6.10389,46.28614],[6.10341,46.28544],[6.10335,46.2851],[6.10347,46.28477],[6.10376,46.2845],[6.10443,46.2841],[6.10463,46.28377],[6.10472,46.28337],[6.1049,46.28305],[6.10492,46.28272],[6.10472,46.2821],[6.10472,46.28162],[6.10453,46.28063],[6.10418,46.27985],[6.104,46.27958]]]},"properties":{"bfs_nr":6615,"name":"Collex-Bossy"}},{"type":"Feature","geometry":{"type":"Polygon","coordinates":[[[6.17449,46.241],[6.1923,46.23782],[6.19252,46.23776],[6.19272,46.23768],[6.19375,46.23698],[6.19452,46.23667],[6.19516,46.23651],[6.19597,46.23646],[6.19618,46.2364],[6.19638,46.23633],[6.1966,46.23622],[6.19679,46.23612],[6.19714,46.23592],[6.19737,46.23576],[6.19741,46.23572],[6.19801,46.23515],[6.19829,46.23491],[6.19854,46.23475],[6.19901,46.23451],[6.19905,46.23449],[6.1996,46.23419],[6.19962,46.23418],[6.19999,46.23397],[6.20067,46.23354],[6.20093,46.23341],[6.20117,46.23334],[6.20168,46.2333],[6.20217,46.2334],[6.20262,46.23366],[6.20313,46.2341],[6.20396,46.23489],[6.20412,46.23501],[6.20431,46.23511],[6.20512,46.2354],[6.20537,46.23547],[6.20564,46.2355],[6.20584,46.2355],[6.20747,46.23559],[6.20816,46.23573],[6.20903,46.23606],[6.20954,46.23629],[6.2099,46.23651],[6.21018,46.23662],[6.21077,46.23682],[6.21081,46.23684],[6.21122,46.23696],[6.21138,46.237],[6.21162,46.23705],[6.21176,46.23707],[6.21224,46.23713],[6.21359,46.23719],[6.21426,46.23745],[6.21454,46.23776],[6.21467,46.23827],[6.21465,46.23845],[6.21432,46.23986],[6.21434,46.24021],[6.21447,46.24071],[6.21433,46.24105],[6.21395,46.24147],[6.21384,46.24179],[6.21392,46.24212],[6.21402,46.24228],[6.2141,46.24236],[6.21422,46.24253],[6.21424,46.24255],[6.21534,46.24387],[6.21783,46.24685],[6.21812,46.24729],[6.2183,46.24767],[6.21872,46.24812],[6.21949,46.24858],[6.22099,46.24985],[6.22138,46.25018],[6.22156,46.25032],[6.22164,46.2504],[6.22182,46.25051],[6.22203,46.25061],[6.2225,46.2507],[6.22299,46.25066],[6.22343,46.2505],[6.22396,46.25015],[6.22444,46.25002],[6.22495,46.25003],[6.2252,46.25008],[6.22542,46.25017],[6.22564,46.25031],[6.2258,46.25045],[6.22597,46.25075],[6.22601,46.25098],[6.22605,46.25112],[6.2261,46.25125],[6.22613,46.2513],[6.22621,46.25147],[6.22624,46.25153],[6.22626,46.25156],[6.22637,46.25176],[6.22706,46.25271],[6.22711,46.25321],[6.22676,46.25366],[6.22598,46.25395],[6.22558,46.25419],[6.22536,46.25453],[6.22527,46.25489],[6.22503,46.25519],[6.22485,46.25531],[6.22459,46.25543],[6.22397,46.25566],[6.22395,46.25566],[6.22367,46.25577],[6.223,46.25611],[6.22264,46.25637],[6.22239,46.25671],[6.22185,46.25716],[6.22161,46.25761],[6.22112,46.2581],[6.22105,46.25832],[6.22096,46.25864],[6.22044,46.25977],[6.22033,46.25996],[6.22003,46.26022],[6.21983,46.26031],[6.21961,46.26038],[6.21922,46.26045],[6.21859,46.26058],[6.21814,46.26071],[6.21724,46.26097],[6.21703,46.26105],[6.21688,46.2611],[6.21677,46.26113],[6.21664,46.26119],[6.21661,46.2612],[6.21636,46.26131],[6.21602,46.26143],[6.21569,46.26155],[6.21546,46.26163],[6.21511,46.26173],[6.21486,46.26182],[6.21383,46.26231],[6.2135,46.26254],[6.21325,46.26287],[6.21301,46.26339],[6.21272,46.2637],[6.21235,46.26392],[6.21173,46.26418],[6.21098,46.2647],[6.2108,46.26481],[6.21009,46.26516],[6.2096,46.26554],[6.20931,46.26568],[6.1911,46.27231],[6.19056,46.27243],[6.19006,46.27239],[6.18962,46.27222],[6.18944,46.2721],[6.18927,46.27192],[6.18401,46.26497],[6.18066,46.26055],[6.18051,46.26027],[6.17719,46.25168],[6.17352,46.24216],[6.17347,46.24194],[6.17354,46.24159],[6.17379,46.24129],[6.17419,46.24107],[6.17449,46.241]]]},"properties":{"bfs_nr":6616,"name":"Collonge-Bellerive"}},{"type":"Feature","geometry":{"type":"Polygon","coordinates":[[[6.1667,46.22447],[6.16594,46.2225],[6.1659,46.22241],[6.16275,46.21663],[6.16241,46.21607],[6.16232,46.21586],[6.16229,46.21569],[6.16238,46.21535],[6.16249,46.2152],[6.16283,46.21495],[6.1631,46.21484],[6.17143,46.21219],[6.17184,46.21198],[6.17211,46.21168],[6.17218,46.21133],[6.17212,46.21073],[6.17231,46.21042],[6.17264,46.21013],[6.17276,46.20997],[6.17284,46.2096],[6.17269,46.20924],[6.17225,46.20875],[6.17209,46.20862],[6.17199,46.20856],[6.17183,46.20844],[6.17118,46.2079],[6.171,46.20771],[6.1709,46.20755],[6.17084,46.20733],[6.17081,46.20714],[6.17081,46.20692],[6.17096,46.20659],[6.17127,46.20633],[6.1717,46.20616],[6.17219,46.20612],[6.17244,46.20615],[6.17315,46.20635],[6.17391,46.20634],[6.17435,46.20616],[6.17466,46.20588],[6.17477,46.20536],[6.17456,46.20491],[6.17453,46.20458],[6.17463,46.20428],[6.17463,46.20391],[6.17441,46.20357],[6.1741,46.20329],[6.17393,46.20294],[6.17397,46.20257],[6.17422,46.20225],[6.17499,46.20182],[6.17548,46.20173],[6.17599,46.20177],[6.17643,46.20195],[6.17665,46.20211],[6.17668,46.20214],[6.17669,46.20215],[6.17794,46.20327],[6.17877,46.20378],[6.17913,46.2041],[6.17925,46.20444],[6.17916,46.2049],[6.17923,46.20525],[6.17969,46.20567],[6.18015,46.20582],[6.18067,46.20583],[6.18091,46.20579],[6.18146,46.20564],[6.18148,46.20564],[6.18181,46.20555],[6.18186,46.20554],[6.18215,46.20547],[6.18248,46.2054],[6.18253,46.20539],[6.1832,46.20526],[6.18383,46.20514],[6.18473,46.20497],[6.18536,46.20482],[6.18586,46.20482],[6.18633,46.20495],[6.18657,46.20509],[6.18674,46.20521],[6.1872,46.20557],[6.18729,46.20564],[6.18734,46.20568],[6.18736,46.2057],[6.18755,46.20586],[6.18773,46.20598],[6.18794,46.20608],[6.18842,46.20618],[6.18868,46.20618],[6.18893,46.20614],[6.1894,46.20604],[6.1899,46.20595],[6.19004,46.20594],[6.19032,46.20588],[6.19093,46.20564],[6.19145,46.20559],[6.1917,46.20562],[6.19201,46.20571],[6.19256,46.2059],[6.19262,46.20593],[6.19434,46.20659],[6.19491,46.20699],[6.19505,46.20732],[6.195,46.20766],[6.19488,46.20786],[6.19396,46.20907],[6.19394,46.2091],[6.19087,46.21294],[6.19073,46.21309],[6.19051,46.2133],[6.19038,46.21346],[6.19026,46.21382],[6.19036,46.21418],[6.19061,46.21453],[6.19069,46.21481],[6.19069,46.21519],[6.19061,46.21548],[6.19052,46.21562],[6.19037,46.21578],[6.19012,46.21601],[6.18992,46.21616],[6.18974,46.21628],[6.18896,46.21687],[6.18882,46.21703],[6.18874,46.2172],[6.1887,46.21737],[6.18871,46.21755],[6.18878,46.21773],[6.18889,46.21789],[6.18905,46.21803],[6.18935,46.21826],[6.1896,46.21853],[6.18963,46.21858],[6.18969,46.21867],[6.18978,46.21887],[6.18981,46.21904],[6.18974,46.21937],[6.1895,46.21966],[6.18867,46.22014],[6.18848,46.22027],[6.18834,46.22042],[6.18824,46.22059],[6.1882,46.22078],[6.18821,46.22096],[6.18827,46.22114],[6.18838,46.2213],[6.18857,46.22152],[6.1886,46.22156],[6.18876,46.22172],[6.18881,46.22177],[6.18928,46.22219],[6.1893,46.2222],[6.19035,46.22309],[6.19227,46.22473],[6.19343,46.22573],[6.19579,46.22774],[6.19646,46.2283],[6.19718,46.22892],[6.19719,46.22892],[6.19863,46.23017],[6.19864,46.23017],[6.2004,46.23167],[6.20041,46.23168],[6.20097,46.23217],[6.20113,46.23235],[6.20128,46.23284],[6.20114,46.23317],[6.20079,46.23347],[6.20022,46.23381],[6.19996,46.23398],[6.19961,46.23418],[6.1996,46.23419],[6.19906,46.23449],[6.199,46.23452],[6.19849,46.23478],[6.19832,46.23489],[6.19821,46.23497],[6.19802,46.23515],[6.19748,46.23565],[6.19734,46.23577],[6.19714,46.23592],[6.19646,46.23628],[6.19617,46.23639],[6.19592,46.23645],[6.1957,46.23646],[6.19524,46.23647],[6.19464,46.23661],[6.1938,46.23694],[6.19267,46.23769],[6.19247,46.23777],[6.1922,46.23783],[6.17447,46.241],[6.17366,46.24099],[6.17323,46.24081],[6.17293,46.24054],[6.17282,46.24033],[6.1667,46.22447]]]},"properties":{"bfs_nr":6617,"name":"Cologny"}},{"type":"Feature","geometry":{"type":"Polygon","coordinates":[[[6.07604,46.17329],[6.07627,46.17286],[6.07646,46.17257],[6.07677,46.17182],[6.07675,46.17147],[6.07656,46.17105],[6.07646,46.1705],[6.07659,46.17016],[6.0769,46.16988],[6.07734,46.1697],[6.0778,46.16964],[6.07827,46.16949],[6.07963,46.16852],[6.08004,46.16833],[6.08062,46.16819],[6.08113,46.16785],[6.08137,46.16743],[6.08173,46.16706],[6.08206,46.16682],[6.0825,46.16665],[6.083,46.16662],[6.08355,46.16674],[6.0847,46.16714],[6.08524,46.16716],[6.08574,46.16704],[6.08613,46.16677],[6.08713,46.16576],[6.0874,46.16521],[6.08736,46.16466],[6.08754,46.16433],[6.08789,46.16407],[6.08835,46.16393],[6.08886,46.16392],[6.08933,46.16405],[6.08958,46.16419],[6.09133,46.16537],[6.09148,46.16546],[6.09462,46.167],[6.09483,46.16709],[6.09507,46.16714],[6.09532,46.16717],[6.09581,46.16711],[6.09624,46.16693],[6.09641,46.1668],[6.09655,46.16667],[6.09677,46.1665],[6.09722,46.16632],[6.09773,46.16627],[6.09823,46.16638],[6.0985,46.1665],[6.102,46.1685],[6.10345,46.16916],[6.1037,46.16931],[6.10399,46.16961],[6.10408,46.16997],[6.10395,46.17033],[6.1038,46.1705],[6.10339,46.17075],[6.1029,46.17086],[6.10237,46.17088],[6.10174,46.17111],[6.1015,46.17131],[6.10124,46.1715],[6.10041,46.17203],[6.10025,46.17214],[6.10004,46.17243],[6.09999,46.17259],[6.1,46.17289],[6.09979,46.17335],[6.09927,46.17374],[6.09911,46.17395],[6.09902,46.17433],[6.09912,46.17487],[6.09893,46.17556],[6.09847,46.17601],[6.09791,46.17623],[6.0974,46.17629],[6.09666,46.17617],[6.09614,46.1762],[6.0955,46.17649],[6.0951,46.17701],[6.09498,46.1774],[6.09471,46.17769],[6.094,46.17803],[6.09367,46.17835],[6.09325,46.17908],[6.09322,46.1794],[6.09332,46.17964],[6.09341,46.18036],[6.09319,46.18084],[6.09266,46.18121],[6.09242,46.18153],[6.09239,46.18188],[6.0925,46.18218],[6.09252,46.18252],[6.09222,46.18312],[6.09189,46.18337],[6.09149,46.18353],[6.09113,46.18376],[6.091,46.18391],[6.09058,46.18451],[6.09027,46.18483],[6.08999,46.18535],[6.08972,46.18571],[6.08965,46.18587],[6.08966,46.18622],[6.08973,46.18638],[6.08992,46.18671],[6.09005,46.18696],[6.09008,46.18701],[6.09018,46.1872],[6.0902,46.18722],[6.09032,46.18744],[6.09037,46.18779],[6.09005,46.18871],[6.08996,46.18886],[6.0898,46.18902],[6.08885,46.18985],[6.08869,46.19005],[6.08858,46.19021],[6.08813,46.19064],[6.08758,46.19124],[6.08717,46.19144],[6.08668,46.19153],[6.08619,46.19148],[6.08576,46.1913],[6.08478,46.19061],[6.08422,46.19034],[6.0838,46.18994],[6.08375,46.18945],[6.08384,46.18925],[6.08395,46.18908],[6.08398,46.18902],[6.08405,46.18888],[6.08406,46.18884],[6.08461,46.18751],[6.08485,46.18717],[6.08506,46.18701],[6.08519,46.18693],[6.08529,46.18685],[6.08532,46.18683],[6.08562,46.18659],[6.08566,46.18655],[6.08588,46.18636],[6.08589,46.18635],[6.08622,46.18605],[6.08625,46.18602],[6.08657,46.18569],[6.08659,46.18568],[6.08679,46.18547],[6.08728,46.18504],[6.08804,46.18411],[6.08811,46.18393],[6.08813,46.18379],[6.08817,46.18357],[6.08836,46.18297],[6.08849,46.1826],[6.08851,46.18255],[6.08853,46.18248],[6.08855,46.18239],[6.08856,46.18228],[6.08857,46.18221],[6.08857,46.18211],[6.08857,46.182],[6.08853,46.18176],[6.08848,46.18149],[6.08849,46.18109],[6.08854,46.18086],[6.08855,46.18079],[6.08861,46.18027],[6.08868,46.17985],[6.08872,46.17953],[6.08873,46.17947],[6.08873,46.17937],[6.08873,46.17934],[6.08873,46.1793],[6.0887,46.17913],[6.08852,46.17882],[6.08819,46.17858],[6.08798,46.1785],[6.08751,46.17841],[6.08706,46.17844],[6.08695,46.17844],[6.08679,46.17844],[6.08634,46.17843],[6.08632,46.17843],[6.08486,46.17838],[6.08482,46.17838],[6.08357,46.17832],[6.08353,46.17832],[6.08322,46.1783],[6.0819,46.17823],[6.08136,46.17818],[6.0808,46.1781],[6.08065,46.17808],[6.08048,46.17804],[6.08005,46.17795],[6.07975,46.17786],[6.07964,46.17782],[6.07937,46.1777],[6.07904,46.17743],[6.07888,46.17709],[6.07893,46.17674],[6.07908,46.17645],[6.07907,46.17608],[6.07884,46.17574],[6.07865,46.1756],[6.07757,46.17495],[6.07739,46.17486],[6.07733,46.17484],[6.07703,46.1747],[6.0765,46.17442],[6.07628,46.17428],[6.07614,46.17415],[6.07597,46.17384],[6.07595,46.17367],[6.07598,46.17346],[6.07604,46.17329]]]},"properties":{"bfs_nr":6618,"name":"Confignon"}},{"type":"Feature","geometry":{"type":"Polygon","coordinates":[[[6.20992,46.26534],[6.21019,46.26511],[6.21067,46.26488],[6.21083,46.26479],[6.2113,46.2645],[6.21172,46.2642],[6.21273,46.26376],[6.21294,46.26365],[6.21336,46.26322],[6.21371,46.26252],[6.21397,46.26226],[6.21474,46.26188],[6.2153,46.26169],[6.2155,46.26162],[6.21572,46.26154],[6.21604,46.26143],[6.21611,46.2614],[6.21637,46.2613],[6.21675,46.26114],[6.21691,46.26109],[6.21705,46.26104],[6.21729,46.26096],[6.21811,46.26071],[6.21847,46.26062],[6.21918,46.26046],[6.21948,46.26041],[6.21974,46.26035],[6.21996,46.26026],[6.22016,46.26013],[6.22032,46.25998],[6.22042,46.25981],[6.22109,46.25836],[6.22122,46.25802],[6.22152,46.25771],[6.22204,46.25732],[6.22231,46.25692],[6.22281,46.2565],[6.22304,46.25617],[6.22341,46.25591],[6.22357,46.25584],[6.22384,46.25571],[6.22395,46.25566],[6.22398,46.25565],[6.22518,46.25521],[6.22571,46.25485],[6.226,46.2544],[6.22638,46.25416],[6.22686,46.25403],[6.22736,46.25402],[6.22789,46.25408],[6.2283,46.25425],[6.22917,46.25497],[6.22958,46.25547],[6.22974,46.25564],[6.22995,46.25578],[6.23049,46.25606],[6.23072,46.25615],[6.23096,46.25621],[6.23122,46.25624],[6.23174,46.25618],[6.23282,46.25591],[6.23335,46.25593],[6.23402,46.25622],[6.23443,46.25666],[6.23461,46.25678],[6.23482,46.25688],[6.23506,46.25695],[6.23531,46.25698],[6.24113,46.25734],[6.24142,46.25733],[6.24171,46.25728],[6.24222,46.2571],[6.24269,46.25701],[6.24302,46.25693],[6.24333,46.25683],[6.24438,46.25639],[6.24488,46.25633],[6.24559,46.25649],[6.24598,46.25678],[6.2466,46.25746],[6.2473,46.25839],[6.24732,46.25841],[6.24797,46.25922],[6.24818,46.25953],[6.2484,46.25977],[6.24875,46.26025],[6.2488,46.26076],[6.24861,46.26107],[6.24804,46.26139],[6.24697,46.26162],[6.24677,46.26165],[6.24667,46.26167],[6.24653,46.26169],[6.24634,46.26173],[6.24619,46.26177],[6.24579,46.2619],[6.24575,46.26192],[6.24501,46.26218],[6.2447,46.26227],[6.24465,46.26229],[6.24434,46.26235],[6.24305,46.26237],[6.24211,46.26233],[6.2421,46.26233],[6.24118,46.2623],[6.24105,46.2623],[6.24074,46.26233],[6.24015,46.26254],[6.23947,46.26317],[6.23899,46.26344],[6.23874,46.26372],[6.23864,46.26403],[6.2384,46.26434],[6.23818,46.2645],[6.23784,46.2647],[6.23774,46.26475],[6.23758,46.26483],[6.23608,46.26566],[6.23562,46.26599],[6.23517,46.26617],[6.23484,46.26622],[6.22931,46.2666],[6.22897,46.2666],[6.22847,46.26649],[6.22801,46.26625],[6.22759,46.26605],[6.22736,46.26597],[6.22658,46.26592],[6.2261,46.26608],[6.22575,46.26635],[6.22519,46.26706],[6.22481,46.26731],[6.22406,46.26761],[6.22314,46.26787],[6.22262,46.26815],[6.22217,46.26868],[6.22163,46.26924],[6.22115,46.26958],[6.22057,46.2698],[6.21998,46.26991],[6.21921,46.26999],[6.21882,46.27012],[6.21835,46.27039],[6.21795,46.27069],[6.21748,46.27088],[6.217,46.27118],[6.21656,46.27169],[6.21636,46.27183],[6.21607,46.27197],[6.1963,46.27917],[6.196,46.27925],[6.1955,46.27929],[6.19502,46.27918],[6.19463,46.27896],[6.19446,46.27877],[6.19053,46.27359],[6.19041,46.27338],[6.19036,46.27321],[6.19042,46.27286],[6.19066,46.27256],[6.1911,46.27231],[6.20945,46.26563],[6.20963,46.26555],[6.20992,46.26534]]]},"properties":{"bfs_nr":6619,"name":"Corsier (GE)"}},{"type":"Feature","geometry":{"type":"Polygon","coordinates":[[[5.96438,46.19786],[5.96419,46.19744],[5.96426,46.19711],[5.96451,46.19681],[5.96496,46.19658],[5.9719,46.19417],[5.97589,46.19289],[5.98171,46.19111],[5.98212,46.19091],[5.98246,46.19046],[5.98254,46.18989],[5.98278,46.18959],[5.98366,46.189],[5.9839,46.1889],[5.98506,46.18863],[5.98787,46.18796],[5.9886,46.18775],[5.98909,46.18773],[5.98973,46.18782],[5.99022,46.18776],[5.99064,46.18759],[5.99193,46.18675],[5.99222,46.18644],[5.99249,46.18566],[5.99263,46.18548],[5.99295,46.18487],[5.99317,46.18459],[5.9934,46.18413],[5.99361,46.18391],[5.99454,46.18332],[5.99484,46.183],[5.9949,46.18282],[5.99489,46.18193],[5.99466,46.1814],[5.9939,46.18064],[5.99355,46.18038],[5.99276,46.17952],[5.99228,46.17913],[5.99167,46.17888],[5.99135,46.17865],[5.99107,46.17817],[5.99103,46.17781],[5.99121,46.17746],[5.99156,46.1772],[5.99231,46.17703],[5.99264,46.17706],[5.9927,46.17707],[5.99279,46.17708],[5.99296,46.17709],[5.99306,46.1771],[5.99323,46.17711],[5.99332,46.17711],[5.99349,46.1771],[5.99359,46.1771],[5.99376,46.17709],[5.99386,46.17708],[5.99405,46.17706],[5.99409,46.17705],[5.99787,46.1765],[5.99789,46.17649],[5.9981,46.17646],[5.99816,46.17645],[5.99836,46.17641],[5.99842,46.1764],[5.99861,46.17636],[5.99867,46.17634],[5.99889,46.17629],[5.9989,46.17628],[5.99907,46.17624],[5.99911,46.17623],[5.99926,46.17619],[5.99931,46.17618],[5.99947,46.17614],[5.99951,46.17613],[5.99967,46.17609],[5.99971,46.17608],[6.00052,46.17592],[6.00144,46.17574],[6.00146,46.17574],[6.00177,46.17568],[6.00181,46.17567],[6.00211,46.17561],[6.00216,46.17561],[6.00246,46.17556],[6.0025,46.17555],[6.00282,46.17551],[6.00284,46.1755],[6.00362,46.1754],[6.00368,46.17539],[6.00384,46.17537],[6.00397,46.17536],[6.00475,46.17536],[6.00488,46.17537],[6.005,46.17538],[6.00513,46.17539],[6.00526,46.17541],[6.00575,46.1755],[6.00607,46.17557],[6.00621,46.17561],[6.0063,46.17564],[6.00645,46.17568],[6.00654,46.17571],[6.0067,46.17576],[6.00674,46.17578],[6.00899,46.17661],[6.00956,46.17698],[6.00972,46.17729],[6.00972,46.17778],[6.00967,46.17801],[6.00921,46.17947],[6.00918,46.17955],[6.00914,46.17963],[6.00882,46.18023],[6.00875,46.18042],[6.00874,46.18062],[6.0088,46.18081],[6.00922,46.18173],[6.00938,46.18196],[6.00976,46.18235],[6.01001,46.18276],[6.01021,46.18349],[6.01024,46.18373],[6.01019,46.18397],[6.00995,46.18466],[6.00981,46.18491],[6.0096,46.18513],[6.00905,46.18556],[6.00904,46.18556],[6.00889,46.18569],[6.00753,46.18661],[6.00725,46.18689],[6.00718,46.18704],[6.00695,46.18769],[6.00685,46.18839],[6.00677,46.18865],[6.00661,46.1889],[6.00603,46.18952],[6.00588,46.18976],[6.00526,46.1913],[6.00518,46.19145],[6.00455,46.19251],[6.00435,46.19277],[6.00368,46.19344],[6.00312,46.19405],[6.00259,46.19481],[6.0025,46.19497],[6.00246,46.19515],[6.00247,46.19533],[6.00253,46.1955],[6.00264,46.19567],[6.00345,46.1966],[6.00366,46.19696],[6.00376,46.19733],[6.00366,46.19771],[6.00349,46.19792],[6.00204,46.19933],[6.00191,46.19949],[6.00183,46.19966],[6.00169,46.2001],[6.00161,46.20028],[6.00143,46.20061],[6.00129,46.20081],[6.00114,46.20095],[6.0009,46.20109],[5.99997,46.20155],[5.99913,46.20213],[5.99874,46.20234],[5.99541,46.20373],[5.99519,46.20385],[5.99488,46.20416],[5.9948,46.20435],[5.99417,46.20691],[5.9941,46.2071],[5.99388,46.20737],[5.99336,46.20772],[5.99309,46.20818],[5.99313,46.20852],[5.99334,46.20882],[5.99371,46.20905],[5.99422,46.20924],[5.99466,46.20969],[5.99472,46.21011],[5.99477,46.21027],[5.99487,46.21042],[5.99531,46.21097],[5.99544,46.21119],[5.99548,46.21158],[5.99539,46.21182],[5.99526,46.21205],[5.99509,46.21228],[5.99501,46.21243],[5.99496,46.21259],[5.995,46.21292],[5.99508,46.21307],[5.99521,46.21322],[5.99592,46.2139],[5.99616,46.2142],[5.99629,46.21442],[5.99641,46.21474],[5.9965,46.21522],[5.99673,46.21595],[5.99711,46.21634],[5.99781,46.21664],[5.99851,46.21701],[5.99876,46.21729],[5.99883,46.21745],[5.99886,46.21766],[5.99885,46.21791],[5.99879,46.21833],[5.99859,46.21896],[5.99866,46.21933],[5.99894,46.21964],[5.99948,46.21996],[5.99971,46.22027],[5.9997,46.2208],[5.99942,46.22124],[5.99914,46.22149],[5.99854,46.22187],[5.99808,46.22209],[5.99748,46.22227],[5.99614,46.22237],[5.99566,46.2225],[5.99519,46.22253],[5.99462,46.22246],[5.99413,46.2225],[5.99319,46.22276],[5.99266,46.22277],[5.99212,46.22261],[5.9914,46.22228],[5.99099,46.222],[5.9908,46.22166],[5.99082,46.2213],[5.9911,46.22075],[5.99134,46.22014],[5.99181,46.21968],[5.99267,46.21917],[5.99303,46.21884],[5.99352,46.21797],[5.99362,46.21732],[5.99341,46.21684],[5.9932,46.21611],[5.99279,46.21566],[5.99233,46.21549],[5.99157,46.21549],[5.99094,46.21571],[5.99006,46.21591],[5.98953,46.21607],[5.98867,46.21615],[5.98811,46.21638],[5.98734,46.21664],[5.9864,46.21678],[5.98588,46.21679],[5.98526,46.2169],[5.98445,46.21689],[5.98376,46.21693],[5.98302,46.21686],[5.98253,46.2169],[5.98118,46.21716],[5.98069,46.21715],[5.98002,46.21706],[5.97926,46.21713],[5.97881,46.21706],[5.97848,46.21693],[5.9749,46.21514],[5.97452,46.21487],[5.97329,46.21363],[5.97171,46.21141],[5.9716,46.21121],[5.97033,46.20846],[5.96955,46.20699],[5.96948,46.20679],[5.96958,46.20627],[5.97001,46.2057],[5.97021,46.20536],[5.97076,46.2049],[5.97117,46.20443],[5.97184,46.20404],[5.97249,46.20373],[5.97282,46.20349],[5.97299,46.20325],[5.97309,46.2029],[5.97298,46.20255],[5.97269,46.20226],[5.97206,46.20198],[5.97158,46.20169],[5.97068,46.20151],[5.97024,46.20135],[5.96944,46.20086],[5.96918,46.20061],[5.96839,46.20015],[5.96763,46.20002],[5.96661,46.19979],[5.96573,46.19948],[5.96553,46.19936],[5.96491,46.19882],[5.9647,46.19852],[5.96456,46.19812],[5.96438,46.19786]]]},"properties":{"bfs_nr":6620,"name":"Dardagny"}},{"type":"Feature","geometry":{"type":"Polygon","coordinates":[[[6.11068,46.20365],[6.11092,46.20228],[6.11121,46.20172],[6.11125,46.20135],[6.1113,46.20087],[6.1113,46.20085],[6.11133,46.20046],[6.11133,46.20042],[6.11133,46.20034],[6.11132,46.20022],[6.1113,46.2001],[6.11129,46.19987],[6.11136,46.19909],[6.11147,46.19842],[6.11161,46.19779],[6.11173,46.19745],[6.11185,46.1973],[6.11219,46.19706],[6.11263,46.19692],[6.11287,46.1969],[6.11317,46.19691],[6.11594,46.19719],[6.11678,46.19713],[6.11705,46.19714],[6.11735,46.19718],[6.11754,46.1972],[6.11811,46.19726],[6.12023,46.19748],[6.12048,46.19749],[6.12095,46.19741],[6.12135,46.19722],[6.12162,46.19694],[6.12184,46.19645],[6.12217,46.19619],[6.12262,46.19603],[6.1233,46.19593],[6.12384,46.19595],[6.12437,46.19609],[6.12488,46.19633],[6.12547,46.19648],[6.12595,46.19648],[6.12641,46.19636],[6.12676,46.19613],[6.12697,46.19582],[6.12707,46.19546],[6.12725,46.19513],[6.12781,46.19461],[6.12791,46.19426],[6.1279,46.19069],[6.12789,46.19037],[6.12788,46.19019],[6.12787,46.18997],[6.12784,46.18975],[6.12782,46.18953],[6.1278,46.18936],[6.1278,46.18933],[6.1278,46.18931],[6.12781,46.1891],[6.12796,46.18878],[6.12827,46.18853],[6.12869,46.18837],[6.12917,46.18833],[6.12964,46.18841],[6.1299,46.18852],[6.13028,46.18871],[6.13029,46.18872],[6.1303,46.18873],[6.13035,46.18875],[6.13039,46.18877],[6.13041,46.18878],[6.13127,46.18922],[6.13171,46.18936],[6.13223,46.18945],[6.13254,46.18958],[6.13393,46.19029],[6.13416,46.19038],[6.13466,46.19046],[6.13492,46.19045],[6.13517,46.1904],[6.1354,46.19032],[6.13561,46.19021],[6.13578,46.19007],[6.13585,46.19],[6.13587,46.18997],[6.13614,46.1897],[6.13629,46.18955],[6.13656,46.18927],[6.13692,46.18901],[6.13735,46.18887],[6.13764,46.18884],[6.1378,46.18883],[6.13785,46.18883],[6.13799,46.18883],[6.13826,46.18881],[6.13848,46.18881],[6.13849,46.1888],[6.13852,46.1888],[6.13877,46.18879],[6.1389,46.18879],[6.13891,46.18879],[6.13925,46.18877],[6.13943,46.18876],[6.13984,46.18874],[6.14053,46.18882],[6.14079,46.18881],[6.14105,46.18877],[6.14128,46.18869],[6.14149,46.18858],[6.14167,46.18844],[6.1418,46.18828],[6.14195,46.18803],[6.14214,46.18785],[6.14257,46.1875],[6.14302,46.18725],[6.14348,46.18707],[6.14374,46.18699],[6.1441,46.18691],[6.14473,46.18682],[6.14607,46.18676],[6.14671,46.1868],[6.14672,46.1868],[6.14746,46.18684],[6.14749,46.18684],[6.14807,46.18686],[6.14831,46.18685],[6.14882,46.18681],[6.14891,46.1868],[6.14991,46.18674],[6.14994,46.18674],[6.15099,46.18666],[6.15171,46.18665],[6.15184,46.18665],[6.15216,46.18662],[6.15234,46.1866],[6.15253,46.18657],[6.15263,46.18655],[6.15294,46.18647],[6.15321,46.18639],[6.15336,46.18632],[6.1535,46.18625],[6.15361,46.18619],[6.15385,46.186],[6.15409,46.18576],[6.15424,46.18556],[6.15436,46.18532],[6.15443,46.18515],[6.1545,46.18483],[6.15451,46.18459],[6.15439,46.18384],[6.15417,46.18252],[6.15385,46.18006],[6.15392,46.17963],[6.15419,46.17919],[6.15469,46.1786],[6.15507,46.17831],[6.15527,46.1782],[6.1554,46.17814],[6.15569,46.17801],[6.15592,46.17794],[6.15607,46.1779],[6.15631,46.17785],[6.15655,46.17781],[6.1568,46.17779],[6.15746,46.1778],[6.15799,46.1779],[6.15823,46.17798],[6.1586,46.17813],[6.15892,46.17831],[6.15919,46.17853],[6.15927,46.17861],[6.1594,46.17875],[6.15953,46.17896],[6.15955,46.179],[6.15965,46.17936],[6.15971,46.18049],[6.15973,46.18061],[6.1598,46.18095],[6.15984,46.18107],[6.16,46.18144],[6.16006,46.18156],[6.16131,46.18349],[6.16191,46.18427],[6.16202,46.18444],[6.16221,46.18481],[6.16234,46.18521],[6.16238,46.18543],[6.16238,46.18562],[6.16227,46.18625],[6.16227,46.18642],[6.16228,46.18655],[6.16234,46.18688],[6.16236,46.18697],[6.16237,46.18701],[6.16247,46.18721],[6.16263,46.18739],[6.16288,46.1876],[6.16308,46.18774],[6.16321,46.18781],[6.16332,46.18787],[6.16345,46.18793],[6.16369,46.18801],[6.16383,46.18804],[6.16397,46.18808],[6.16429,46.18813],[6.16467,46.18817],[6.16481,46.18817],[6.16494,46.18818],[6.16515,46.18817],[6.1655,46.18814],[6.16565,46.18812],[6.16604,46.18804],[6.16657,46.18806],[6.16704,46.18822],[6.16738,46.1885],[6.16754,46.18886],[6.16755,46.18917],[6.16746,46.18953],[6.16747,46.18972],[6.16755,46.18991],[6.16767,46.19008],[6.16785,46.19023],[6.16801,46.19034],[6.16805,46.19036],[6.16822,46.19047],[6.16842,46.19061],[6.16897,46.19102],[6.1694,46.19131],[6.17064,46.19228],[6.17065,46.19229],[6.17155,46.19298],[6.17174,46.19316],[6.17193,46.19366],[6.17181,46.194],[6.17162,46.19425],[6.17155,46.19458],[6.17177,46.19505],[6.17244,46.19577],[6.17311,46.19654],[6.17347,46.19702],[6.17385,46.19759],[6.17387,46.19762],[6.17408,46.19791],[6.1741,46.19793],[6.1743,46.19823],[6.17439,46.19838],[6.17447,46.19858],[6.17452,46.19872],[6.17453,46.19913],[6.17438,46.19956],[6.17446,46.19995],[6.17459,46.20012],[6.17521,46.20079],[6.17533,46.20112],[6.17527,46.20145],[6.17503,46.20175],[6.1741,46.2023],[6.1738,46.20281],[6.17386,46.20317],[6.17413,46.20353],[6.17425,46.20386],[6.17416,46.20436],[6.17426,46.20472],[6.17463,46.20527],[6.17463,46.20563],[6.17425,46.2061],[6.17355,46.20633],[6.17304,46.20631],[6.17244,46.20615],[6.17219,46.20612],[6.1717,46.20616],[6.17147,46.20623],[6.17126,46.20632],[6.17109,46.20645],[6.17095,46.20659],[6.17081,46.20692],[6.17081,46.2071],[6.17084,46.20737],[6.17089,46.20755],[6.17099,46.20772],[6.17114,46.20786],[6.17185,46.20846],[6.17218,46.20884],[6.17258,46.20916],[6.17281,46.20966],[6.17272,46.21],[6.1724,46.21033],[6.17193,46.21067],[6.17166,46.21095],[6.17156,46.21129],[6.17158,46.21166],[6.17142,46.21201],[6.17107,46.21228],[6.17078,46.21239],[6.16304,46.21486],[6.16282,46.21495],[6.16264,46.21506],[6.16248,46.2152],[6.16237,46.21535],[6.1623,46.21552],[6.16228,46.21569],[6.16231,46.21586],[6.16238,46.21603],[6.16275,46.21664],[6.16589,46.22239],[6.16635,46.22356],[6.1664,46.22377],[6.16633,46.22412],[6.16608,46.22442],[6.16568,46.22463],[6.16539,46.22471],[6.14952,46.22766],[6.14899,46.2278],[6.14848,46.22807],[6.14789,46.22821],[6.14731,46.22829],[6.14717,46.22831],[6.14697,46.22836],[6.14666,46.22846],[6.14588,46.22877],[6.14569,46.22888],[6.14555,46.22898],[6.14484,46.22942],[6.14458,46.22955],[6.14435,46.22963],[6.14384,46.22967],[6.14309,46.22949],[6.14263,46.22942],[6.14217,46.22947],[6.14098,46.22977],[6.14066,46.22985],[6.14036,46.22991],[6.14012,46.22992],[6.13964,46.22984],[6.13924,46.22965],[6.13897,46.22941],[6.13838,46.22912],[6.13789,46.22908],[6.13721,46.22925],[6.13688,46.22949],[6.13659,46.23006],[6.13645,46.23024],[6.1363,46.23037],[6.13612,46.23047],[6.13591,46.23055],[6.13569,46.2306],[6.13479,46.23067],[6.13434,46.23081],[6.13415,46.23092],[6.13367,46.23129],[6.13322,46.23146],[6.13271,46.23149],[6.13221,46.23138],[6.13195,46.23126],[6.13115,46.23075],[6.13044,46.23025],[6.12976,46.22959],[6.12964,46.22951],[6.12921,46.22923],[6.12913,46.22917],[6.129,46.22908],[6.12879,46.22889],[6.12862,46.22853],[6.12851,46.22801],[6.12799,46.22758],[6.12756,46.22745],[6.1267,46.22736],[6.12614,46.22712],[6.12565,46.22697],[6.12525,46.22671],[6.12478,46.22627],[6.12442,46.22604],[6.12396,46.22592],[6.12328,46.22592],[6.12281,46.22583],[6.12242,46.22563],[6.12206,46.22515],[6.12169,46.2248],[6.12014,46.22372],[6.12001,46.22362],[6.11994,46.22356],[6.11981,46.22347],[6.11884,46.22286],[6.11869,46.22273],[6.11817,46.22239],[6.11786,46.22214],[6.11748,46.22193],[6.11685,46.22172],[6.11641,46.2215],[6.11577,46.22121],[6.11574,46.2212],[6.11547,46.22107],[6.11544,46.22105],[6.11503,46.22084],[6.11499,46.22082],[6.11491,46.22078],[6.11467,46.22062],[6.11452,46.22047],[6.11436,46.22012],[6.11443,46.21975],[6.11512,46.21875],[6.11567,46.21812],[6.11587,46.21792],[6.11616,46.21765],[6.11637,46.21749],[6.1165,46.2174],[6.11675,46.21725],[6.11678,46.21724],[6.11693,46.21715],[6.11704,46.21708],[6.11716,46.21703],[6.11726,46.21698],[6.11792,46.21669],[6.11822,46.21641],[6.11834,46.21608],[6.11828,46.21574],[6.11786,46.21513],[6.11646,46.2132],[6.11637,46.21304],[6.11623,46.21276],[6.1161,46.21258],[6.11607,46.21255],[6.11587,46.2123],[6.11584,46.21227],[6.11573,46.21214],[6.11571,46.21212],[6.11552,46.21193],[6.1155,46.21191],[6.11504,46.21145],[6.11488,46.21102],[6.11465,46.21069],[6.1143,46.21042],[6.11348,46.20956],[6.11326,46.2094],[6.11289,46.20905],[6.11286,46.20902],[6.1125,46.20865],[6.11245,46.2086],[6.11236,46.20848],[6.11227,46.20835],[6.11215,46.20815],[6.11211,46.20808],[6.11206,46.20799],[6.11202,46.20792],[6.11193,46.2078],[6.11159,46.2073],[6.11158,46.20728],[6.11118,46.20673],[6.11068,46.20609],[6.11039,46.20577],[6.11027,46.20545],[6.11028,46.20525],[6.1105,46.20413],[6.11068,46.20365]]]},"properties":{"bfs_nr":6621,"name":"Gen\u00e8ve"}},{"type":"Feature","geometry":{"type":"Polygon","coordinates":[[[6.14183,46.26816],[6.14265,46.26693],[6.14316,46.26618],[6.14317,46.26617],[6.14346,46.26573],[6.14349,46.26567],[6.14361,46.26545],[6.14368,46.26531],[6.1437,46.26528],[6.14371,46.26524],[6.14376,46.26507],[6.14381,46.26476],[6.14382,46.26471],[6.14382,46.26467],[6.14378,46.26374],[6.14379,46.26364],[6.14381,46.26337],[6.14387,46.26305],[6.14391,46.26287],[6.14411,46.26207],[6.14402,46.26176],[6.14372,46.26134],[6.14366,46.26117],[6.14368,46.26083],[6.14389,46.26051],[6.1441,46.26035],[6.14439,46.26016],[6.14491,46.25988],[6.14551,46.25964],[6.14971,46.25835],[6.14985,46.25832],[6.1501,46.25825],[6.15012,46.25824],[6.15053,46.25811],[6.15057,46.25809],[6.15083,46.25801],[6.15089,46.25799],[6.15135,46.25781],[6.15144,46.25777],[6.15176,46.25762],[6.1518,46.2576],[6.15197,46.25751],[6.15201,46.2575],[6.15228,46.25735],[6.15231,46.25733],[6.15298,46.25694],[6.15301,46.25693],[6.1531,46.25687],[6.15427,46.25633],[6.15546,46.25582],[6.15657,46.25551],[6.17588,46.25193],[6.17644,46.2519],[6.17692,46.25201],[6.1773,46.25224],[6.17754,46.25259],[6.18052,46.26032],[6.18063,46.2605],[6.18338,46.26414],[6.1835,46.26434],[6.18349,46.26486],[6.18325,46.26517],[6.1828,46.26541],[6.16956,46.27023],[6.16903,46.27037],[6.1689,46.2704],[6.16602,46.27134],[6.16235,46.27252],[6.16218,46.27257],[6.16212,46.27258],[6.15811,46.27368],[6.1578,46.27374],[6.15728,46.27373],[6.15697,46.27366],[6.15407,46.27272],[6.15355,46.27263],[6.15329,46.27264],[6.15165,46.27285],[6.15117,46.27298],[6.15096,46.2731],[6.14828,46.27496],[6.14804,46.2751],[6.14758,46.27524],[6.14709,46.27524],[6.14685,46.27519],[6.14657,46.2751],[6.1465,46.27506],[6.14612,46.27489],[6.14603,46.27484],[6.14291,46.27317],[6.14253,46.27287],[6.14237,46.27253],[6.14241,46.27218],[6.14266,46.27174],[6.14257,46.27121],[6.14169,46.26979],[6.14144,46.26938],[6.14134,46.26916],[6.14131,46.26898],[6.14142,46.26863],[6.14158,46.26843],[6.14171,46.2683],[6.14183,46.26816]]]},"properties":{"bfs_nr":6622,"name":"Genthod"}},{"type":"Feature","geometry":{"type":"Polygon","coordinates":[[[6.10183,46.23645],[6.10222,46.23609],[6.10251,46.23581],[6.1031,46.23548],[6.1036,46.23528],[6.10403,46.23514],[6.10407,46.23513],[6.10435,46.23504],[6.10456,46.23495],[6.10489,46.2347],[6.10507,46.23439],[6.10517,46.23382],[6.10586,46.23249],[6.10605,46.23223],[6.10716,46.231],[6.10801,46.23002],[6.10813,46.22951],[6.10833,46.22911],[6.10913,46.22818],[6.1093,46.22784],[6.10928,46.22744],[6.1094,46.22707],[6.10969,46.22674],[6.11139,46.22533],[6.11226,46.22463],[6.11407,46.22326],[6.11427,46.22313],[6.115,46.22277],[6.11566,46.2226],[6.11652,46.22252],[6.11696,46.22238],[6.11748,46.2223],[6.11824,46.22247],[6.11861,46.22271],[6.11977,46.22345],[6.12012,46.22371],[6.12127,46.2245],[6.12148,46.22468],[6.12167,46.22502],[6.12173,46.22543],[6.12194,46.22574],[6.12229,46.22597],[6.12274,46.22609],[6.12323,46.22609],[6.12374,46.22601],[6.12426,46.22605],[6.1247,46.22623],[6.12525,46.22673],[6.12545,46.22702],[6.12579,46.22725],[6.12647,46.22746],[6.12707,46.22777],[6.12745,46.22786],[6.12789,46.22807],[6.12832,46.22857],[6.12845,46.22867],[6.12914,46.22918],[6.1292,46.22922],[6.12963,46.2295],[6.12981,46.22964],[6.13026,46.23012],[6.13116,46.23075],[6.1316,46.23104],[6.13182,46.23121],[6.13203,46.23152],[6.13201,46.23204],[6.1319,46.2322],[6.13171,46.23238],[6.13078,46.23315],[6.13063,46.2333],[6.13047,46.23363],[6.13046,46.2338],[6.1305,46.23398],[6.13059,46.23414],[6.13072,46.23429],[6.1309,46.23443],[6.13203,46.23515],[6.13207,46.23518],[6.13228,46.2353],[6.13234,46.23533],[6.13249,46.2354],[6.13299,46.23559],[6.13326,46.2357],[6.13332,46.23572],[6.13371,46.2359],[6.13373,46.2359],[6.13449,46.23624],[6.13454,46.23626],[6.13468,46.23633],[6.13492,46.23646],[6.13519,46.23674],[6.13526,46.2369],[6.13528,46.23724],[6.13511,46.23755],[6.13494,46.23772],[6.134,46.23846],[6.13364,46.23878],[6.1336,46.23882],[6.13349,46.23893],[6.1334,46.23903],[6.13316,46.23933],[6.13248,46.23977],[6.1322,46.24001],[6.13189,46.24057],[6.13178,46.24075],[6.13162,46.24095],[6.13136,46.24126],[6.13107,46.24162],[6.13099,46.24172],[6.13086,46.24195],[6.13003,46.24314],[6.13,46.24317],[6.12976,46.2435],[6.1297,46.24356],[6.12959,46.24369],[6.12949,46.24383],[6.1294,46.24403],[6.12932,46.24425],[6.12906,46.24455],[6.1286,46.24495],[6.12845,46.24531],[6.12841,46.2457],[6.12846,46.24621],[6.12834,46.24656],[6.12803,46.24685],[6.12758,46.24703],[6.12683,46.24714],[6.12642,46.24733],[6.12597,46.24777],[6.12524,46.24883],[6.1251,46.24935],[6.12485,46.24987],[6.12455,46.25014],[6.12414,46.25031],[6.12366,46.25036],[6.12298,46.25021],[6.12274,46.25008],[6.12114,46.24898],[6.12075,46.24853],[6.12062,46.24801],[6.12033,46.2477],[6.10972,46.24048],[6.10907,46.24024],[6.10858,46.24024],[6.10812,46.24036],[6.10756,46.24068],[6.1071,46.2408],[6.10661,46.2408],[6.10616,46.24067],[6.10248,46.23831],[6.10224,46.23812],[6.10173,46.23747],[6.10156,46.23715],[6.10167,46.23664],[6.10183,46.23645]]]},"properties":{"bfs_nr":6623,"name":"Le Grand-Saconnex"}},{"type":"Feature","geometry":{"type":"Polygon","coordinates":[[[6.2465,46.25556],[6.25244,46.25301],[6.25264,46.2529],[6.25281,46.25277],[6.25294,46.25261],[6.25305,46.25227],[6.25297,46.25192],[6.25285,46.25176],[6.2527,46.25162],[6.25211,46.25119],[6.25175,46.25087],[6.25112,46.25045],[6.25091,46.25028],[6.25079,46.25012],[6.25068,46.24978],[6.25071,46.2496],[6.25078,46.24943],[6.25106,46.24914],[6.25126,46.24903],[6.25148,46.24894],[6.25173,46.24889],[6.25198,46.24888],[6.25259,46.24892],[6.2533,46.24878],[6.25367,46.24854],[6.2539,46.24805],[6.25386,46.24776],[6.25393,46.2474],[6.2542,46.2471],[6.2547,46.24681],[6.25524,46.24647],[6.25542,46.24637],[6.25544,46.24636],[6.25564,46.24627],[6.25573,46.24622],[6.25587,46.24616],[6.25607,46.24606],[6.25623,46.24594],[6.25636,46.24579],[6.25645,46.24564],[6.25649,46.24547],[6.25648,46.2453],[6.25644,46.24514],[6.25634,46.24493],[6.25628,46.2447],[6.25634,46.24434],[6.25661,46.24402],[6.25721,46.24367],[6.25754,46.24331],[6.25819,46.24289],[6.25862,46.24276],[6.25941,46.24263],[6.25984,46.24259],[6.26072,46.24258],[6.26119,46.24263],[6.26214,46.24299],[6.26251,46.24319],[6.26276,46.24348],[6.26283,46.24381],[6.26283,46.24429],[6.26317,46.24523],[6.26325,46.24539],[6.26338,46.24554],[6.26354,46.24567],[6.26374,46.24577],[6.26396,46.24585],[6.2642,46.2459],[6.26444,46.24591],[6.26463,46.24591],[6.2649,46.24589],[6.26515,46.24583],[6.26538,46.24574],[6.26817,46.24434],[6.26827,46.24429],[6.26847,46.24417],[6.26853,46.24413],[6.26873,46.24399],[6.26889,46.24386],[6.26956,46.24318],[6.26977,46.243],[6.27022,46.24281],[6.27074,46.24275],[6.271,46.24278],[6.27168,46.24298],[6.27188,46.24302],[6.27294,46.2432],[6.27348,46.24334],[6.27526,46.24391],[6.27616,46.24415],[6.27675,46.24425],[6.27915,46.24476],[6.2795,46.24481],[6.27991,46.24486],[6.28035,46.24492],[6.28056,46.24498],[6.28074,46.24504],[6.28098,46.24516],[6.28188,46.24569],[6.28367,46.24664],[6.28467,46.24726],[6.28482,46.24737],[6.28496,46.24747],[6.28503,46.24753],[6.28515,46.24764],[6.28528,46.24777],[6.28539,46.24792],[6.28549,46.24807],[6.28551,46.2481],[6.28662,46.24995],[6.28676,46.25015],[6.28688,46.25029],[6.2871,46.25049],[6.28727,46.25062],[6.28808,46.25102],[6.28828,46.25123],[6.28835,46.25132],[6.28838,46.25136],[6.28855,46.25157],[6.28861,46.25164],[6.28909,46.25212],[6.28909,46.25213],[6.28962,46.25265],[6.29023,46.25339],[6.29114,46.2542],[6.29132,46.25441],[6.29148,46.25463],[6.29149,46.25464],[6.29162,46.25481],[6.29175,46.25495],[6.29203,46.25519],[6.2921,46.25525],[6.29217,46.2553],[6.29234,46.25541],[6.29254,46.25552],[6.29303,46.25564],[6.2935,46.25564],[6.2942,46.25581],[6.29453,46.25605],[6.29472,46.25637],[6.29474,46.257],[6.29457,46.2574],[6.29415,46.25783],[6.29401,46.2582],[6.29414,46.25949],[6.29439,46.25981],[6.29499,46.26022],[6.2954,46.2608],[6.29576,46.26115],[6.29611,46.2618],[6.29615,46.26202],[6.29607,46.26243],[6.29612,46.26278],[6.29633,46.26316],[6.29634,46.2635],[6.29601,46.26395],[6.2957,46.26414],[6.29516,46.26431],[6.29462,46.26431],[6.29413,46.26416],[6.29287,46.26354],[6.29237,46.26339],[6.29201,46.26319],[6.29154,46.26264],[6.29137,46.26205],[6.28987,46.26005],[6.2897,46.25988],[6.28832,46.25881],[6.28671,46.25746],[6.2864,46.25728],[6.28497,46.25664],[6.28471,46.2565],[6.28442,46.25619],[6.28433,46.25583],[6.28459,46.25529],[6.28463,46.25476],[6.2844,46.25444],[6.28378,46.25413],[6.28186,46.2537],[6.28104,46.25356],[6.28053,46.2534],[6.27949,46.25291],[6.27908,46.25263],[6.27889,46.25229],[6.27882,46.25188],[6.27842,46.25144],[6.27799,46.25127],[6.27753,46.25121],[6.27651,46.25096],[6.27514,46.25058],[6.27491,46.25048],[6.27428,46.25009],[6.27362,46.24985],[6.27309,46.24955],[6.27263,46.24937],[6.27153,46.24911],[6.27073,46.24878],[6.26982,46.24852],[6.26897,46.24853],[6.26833,46.24836],[6.26792,46.24814],[6.26742,46.24804],[6.26667,46.24816],[6.26628,46.2484],[6.26577,46.24905],[6.26473,46.24969],[6.26411,46.25015],[6.26317,46.25079],[6.26286,46.25097],[6.26231,46.25113],[6.26133,46.25132],[6.26094,46.25153],[6.26069,46.25183],[6.26063,46.25218],[6.26088,46.25273],[6.26147,46.25419],[6.26144,46.25452],[6.26103,46.25498],[6.25901,46.25629],[6.25136,46.26122],[6.25111,46.26135],[6.25063,46.26148],[6.25013,46.26146],[6.24967,46.26131],[6.24933,46.26105],[6.24896,46.26045],[6.24859,46.26003],[6.24829,46.25958],[6.24798,46.25924],[6.24732,46.25841],[6.2473,46.25838],[6.24659,46.25744],[6.24593,46.25668],[6.24587,46.25615],[6.24608,46.25583],[6.2465,46.25556]]]},"properties":{"bfs_nr":6624,"name":"Gy"}},{"type":"Feature","geometry":{"type":"Polygon","coordinates":[[[6.21167,46.3015],[6.21073,46.30026],[6.21061,46.30005],[6.21057,46.29971],[6.21072,46.29937],[6.21104,46.2991],[6.21131,46.29898],[6.23605,46.28996],[6.23618,46.28991],[6.23625,46.28988],[6.23629,46.28986],[6.23657,46.28972],[6.23682,46.2896],[6.23686,46.28958],[6.23755,46.28922],[6.23758,46.28921],[6.2379,46.28904],[6.23797,46.28899],[6.23863,46.28859],[6.23974,46.28804],[6.24016,46.28787],[6.24134,46.28737],[6.24145,46.28733],[6.24156,46.28728],[6.2423,46.28697],[6.24248,46.28688],[6.24295,46.28652],[6.2435,46.28605],[6.24388,46.2856],[6.24428,46.28536],[6.24476,46.28522],[6.2454,46.28519],[6.24603,46.28524],[6.24651,46.28541],[6.24685,46.28569],[6.2472,46.28613],[6.2482,46.28668],[6.24851,46.28694],[6.24867,46.28722],[6.24895,46.28749],[6.24957,46.28773],[6.25039,46.2878],[6.25104,46.288],[6.25141,46.28822],[6.25169,46.28868],[6.25167,46.28908],[6.25192,46.28973],[6.2524,46.29022],[6.2525,46.29059],[6.25241,46.29098],[6.25222,46.29128],[6.25189,46.29152],[6.25097,46.29186],[6.25066,46.2921],[6.2505,46.29241],[6.25043,46.29276],[6.25019,46.29307],[6.24951,46.2934],[6.2489,46.29385],[6.24862,46.29417],[6.24852,46.29446],[6.24855,46.29483],[6.24885,46.29524],[6.24901,46.29558],[6.24897,46.29593],[6.24873,46.29625],[6.24823,46.29669],[6.24812,46.29702],[6.24818,46.29736],[6.24813,46.29774],[6.24824,46.29812],[6.24847,46.29838],[6.24863,46.29871],[6.2485,46.29923],[6.24783,46.29976],[6.24758,46.30008],[6.24757,46.30062],[6.24807,46.30118],[6.24818,46.30151],[6.2481,46.30185],[6.24775,46.30229],[6.24712,46.30259],[6.24643,46.30267],[6.2454,46.30299],[6.24492,46.3033],[6.24449,46.30345],[6.24402,46.30349],[6.24338,46.30343],[6.24311,46.30346],[6.24261,46.30364],[6.24191,46.30418],[6.24143,46.3044],[6.22074,46.31148],[6.21996,46.31158],[6.21928,46.31137],[6.21893,46.31107],[6.21167,46.3015]]]},"properties":{"bfs_nr":6625,"name":"Hermance"}},{"type":"Feature","geometry":{"type":"Polygon","coordinates":[[[6.24328,46.23223],[6.24306,46.23136],[6.24303,46.23115],[6.24305,46.23099],[6.24323,46.23068],[6.24376,46.23035],[6.24404,46.23028],[6.24519,46.23008],[6.24679,46.22975],[6.24704,46.22968],[6.24726,46.22957],[6.24745,46.22944],[6.24759,46.22928],[6.24768,46.22911],[6.24772,46.22892],[6.24771,46.22874],[6.24763,46.22856],[6.24743,46.2282],[6.24742,46.22817],[6.24715,46.22775],[6.24705,46.22752],[6.24702,46.22734],[6.24714,46.22698],[6.24745,46.22668],[6.24772,46.22654],[6.24794,46.22646],[6.248,46.22643],[6.24813,46.22637],[6.24822,46.22632],[6.24833,46.22626],[6.24841,46.22622],[6.24851,46.22615],[6.2486,46.22609],[6.24868,46.22603],[6.24876,46.22596],[6.24882,46.2259],[6.2489,46.22581],[6.24897,46.22573],[6.24901,46.22568],[6.24985,46.22442],[6.25005,46.22414],[6.25026,46.22379],[6.25077,46.22301],[6.25115,46.22246],[6.25116,46.22244],[6.25118,46.22241],[6.25136,46.22222],[6.25153,46.22209],[6.25175,46.22199],[6.25198,46.22191],[6.2525,46.22188],[6.25299,46.22198],[6.25408,46.22249],[6.25486,46.22281],[6.25525,46.22309],[6.25571,46.22325],[6.25622,46.22327],[6.25749,46.22303],[6.25803,46.2231],[6.25871,46.22343],[6.25911,46.22354],[6.26031,46.22363],[6.26094,46.22355],[6.26152,46.2236],[6.26218,46.22379],[6.26286,46.22381],[6.26331,46.22389],[6.26366,46.22402],[6.26417,46.22407],[6.26476,46.22403],[6.26537,46.22388],[6.26574,46.22385],[6.26631,46.22385],[6.26651,46.22384],[6.2667,46.2238],[6.26697,46.22374],[6.26709,46.22371],[6.26814,46.2234],[6.26847,46.22333],[6.26901,46.22333],[6.26927,46.22339],[6.26956,46.22352],[6.26961,46.22354],[6.27038,46.22393],[6.27109,46.22426],[6.27171,46.2244],[6.2726,46.22483],[6.27337,46.22509],[6.27382,46.22514],[6.27479,46.22501],[6.27541,46.22507],[6.27596,46.22519],[6.27644,46.22519],[6.27723,46.2249],[6.27773,46.2248],[6.27823,46.22485],[6.27867,46.22503],[6.27917,46.22541],[6.27939,46.22552],[6.27964,46.22559],[6.2799,46.22562],[6.28017,46.22562],[6.28051,46.22556],[6.28093,46.22548],[6.28102,46.22546],[6.28222,46.22518],[6.28335,46.22495],[6.28358,46.22492],[6.2838,46.22491],[6.28385,46.2249],[6.28468,46.22486],[6.28499,46.22486],[6.28524,46.2249],[6.2857,46.22506],[6.28624,46.22513],[6.28685,46.22509],[6.28719,46.22513],[6.28752,46.2252],[6.28776,46.22526],[6.28781,46.22527],[6.28811,46.22534],[6.28816,46.22535],[6.28826,46.22537],[6.28855,46.2254],[6.28876,46.2254],[6.28897,46.22537],[6.2891,46.22534],[6.28936,46.22527],[6.28959,46.22516],[6.29006,46.22489],[6.29009,46.22487],[6.29026,46.22476],[6.29091,46.2243],[6.29163,46.2241],[6.29215,46.22415],[6.29344,46.22459],[6.29444,46.22504],[6.29486,46.22531],[6.2956,46.22593],[6.29632,46.22683],[6.29853,46.22941],[6.30047,46.23201],[6.30216,46.23446],[6.30278,46.23523],[6.30354,46.23595],[6.30487,46.23713],[6.30541,46.23769],[6.30647,46.23896],[6.30664,46.23925],[6.30756,46.24043],[6.30838,46.24147],[6.30889,46.24213],[6.30955,46.24288],[6.31013,46.24381],[6.31019,46.24412],[6.31002,46.24509],[6.30982,46.2454],[6.30932,46.24592],[6.30917,46.24652],[6.30887,46.24699],[6.30873,46.24754],[6.30904,46.24837],[6.30928,46.24958],[6.3092,46.24991],[6.30894,46.25019],[6.30792,46.25074],[6.30695,46.25102],[6.30658,46.25129],[6.30641,46.25164],[6.30645,46.25201],[6.30717,46.253],[6.30767,46.25345],[6.30784,46.25379],[6.30784,46.25438],[6.30804,46.25475],[6.30836,46.25504],[6.30859,46.25554],[6.30851,46.2559],[6.30822,46.25621],[6.30778,46.25642],[6.30745,46.25648],[6.30678,46.25648],[6.30628,46.25633],[6.30573,46.25603],[6.30533,46.25588],[6.30465,46.25577],[6.30414,46.25554],[6.30316,46.255],[6.30244,46.25482],[6.30196,46.2548],[6.30149,46.2549],[6.30056,46.25524],[6.30028,46.25528],[6.29937,46.25531],[6.2986,46.25524],[6.29781,46.2554],[6.29621,46.25559],[6.29569,46.25552],[6.29527,46.25535],[6.29477,46.25525],[6.29425,46.25529],[6.29359,46.25552],[6.29312,46.25558],[6.29265,46.25552],[6.29243,46.25544],[6.29219,46.25531],[6.29205,46.25521],[6.29179,46.25498],[6.2916,46.25478],[6.29149,46.25464],[6.29148,46.25462],[6.2913,46.25437],[6.29117,46.25423],[6.29062,46.25373],[6.29026,46.25342],[6.28964,46.25267],[6.28909,46.25212],[6.28908,46.25211],[6.28862,46.25165],[6.28854,46.25156],[6.28838,46.25137],[6.28834,46.25131],[6.28814,46.25104],[6.28802,46.2509],[6.28768,46.25069],[6.28712,46.25046],[6.2869,46.2503],[6.28661,46.24993],[6.2855,46.24809],[6.28549,46.24807],[6.28538,46.2479],[6.2853,46.2478],[6.28526,46.24775],[6.28517,46.24766],[6.28502,46.24752],[6.28497,46.24748],[6.2848,46.24735],[6.28469,46.24727],[6.28421,46.24697],[6.28419,46.24696],[6.28366,46.24664],[6.28187,46.24569],[6.28094,46.24513],[6.28076,46.24504],[6.28058,46.24498],[6.28039,46.24493],[6.28026,46.24491],[6.28017,46.24489],[6.27993,46.24486],[6.27913,46.24475],[6.27673,46.24425],[6.2762,46.24415],[6.27524,46.24391],[6.27347,46.24334],[6.27299,46.24321],[6.27193,46.24303],[6.27164,46.24296],[6.271,46.24278],[6.27074,46.24275],[6.27047,46.24276],[6.27022,46.2428],[6.26998,46.24289],[6.26977,46.243],[6.2696,46.24314],[6.26892,46.24382],[6.26869,46.24402],[6.26855,46.24412],[6.26846,46.24418],[6.26815,46.24435],[6.26543,46.24571],[6.26514,46.24583],[6.26489,46.24589],[6.26457,46.24591],[6.2645,46.24591],[6.2642,46.24589],[6.26396,46.24585],[6.26355,46.24567],[6.26326,46.24539],[6.26316,46.24519],[6.26292,46.24453],[6.26287,46.24431],[6.26289,46.24413],[6.26298,46.2438],[6.2629,46.24344],[6.26242,46.24301],[6.26186,46.24283],[6.2613,46.24258],[6.26079,46.2425],[6.25997,46.24256],[6.25932,46.24264],[6.25851,46.24278],[6.25806,46.2429],[6.25759,46.24293],[6.25713,46.24284],[6.25674,46.24264],[6.25646,46.24232],[6.25608,46.24168],[6.25571,46.24142],[6.25506,46.2412],[6.2547,46.24094],[6.25455,46.24074],[6.25418,46.24013],[6.25392,46.23972],[6.2539,46.2397],[6.25379,46.23951],[6.25375,46.23944],[6.25366,46.23928],[6.25362,46.2392],[6.25355,46.23904],[6.25346,46.23887],[6.25316,46.2386],[6.25295,46.2385],[6.25249,46.23839],[6.25199,46.2384],[6.24985,46.23898],[6.2493,46.23905],[6.24882,46.23899],[6.24824,46.23866],[6.24809,46.23847],[6.24713,46.23689],[6.24685,46.2366],[6.24644,46.23641],[6.24564,46.23635],[6.244,46.23679],[6.24352,46.2368],[6.24307,46.23669],[6.24271,46.23647],[6.24258,46.23633],[6.24247,46.23613],[6.24171,46.23437],[6.24165,46.23416],[6.24165,46.23399],[6.24178,46.23366],[6.24208,46.2334],[6.24276,46.23312],[6.2431,46.23288],[6.24328,46.23257],[6.2433,46.2324],[6.24328,46.23223]]]},"properties":{"bfs_nr":6626,"name":"Jussy"}},{"type":"Feature","geometry":{"type":"Polygon","coordinates":[[[6.01772,46.15515],[6.01767,46.15509],[6.01742,46.1547],[6.01732,46.1545],[6.01729,46.15432],[6.01737,46.15398],[6.01763,46.15369],[6.01826,46.15343],[6.01998,46.15334],[6.02051,46.15331],[6.02082,46.15328],[6.02097,46.15325],[6.02124,46.15318],[6.02181,46.15298],[6.02213,46.15289],[6.02245,46.15283],[6.0225,46.15281],[6.02312,46.15267],[6.02323,46.15264],[6.0243,46.15231],[6.02431,46.15231],[6.02503,46.15209],[6.02508,46.15207],[6.02583,46.15182],[6.02689,46.15139],[6.02741,46.15128],[6.02834,46.1509],[6.02885,46.15085],[6.02946,46.15091],[6.03011,46.15078],[6.03317,46.1495],[6.03335,46.14941],[6.0335,46.1493],[6.03391,46.14887],[6.03447,46.14852],[6.03496,46.1484],[6.03571,46.14849],[6.03612,46.14871],[6.03642,46.14919],[6.03642,46.14937],[6.03641,46.14939],[6.03639,46.14957],[6.03642,46.14975],[6.03663,46.15009],[6.03681,46.15023],[6.03801,46.15099],[6.03822,46.1511],[6.03869,46.15122],[6.03894,46.15123],[6.03935,46.15122],[6.03987,46.15133],[6.0401,46.15143],[6.04014,46.15145],[6.04022,46.15149],[6.04056,46.15164],[6.0408,46.15177],[6.04099,46.1519],[6.04111,46.15199],[6.04116,46.15203],[6.04119,46.15204],[6.04125,46.15209],[6.04135,46.15216],[6.04137,46.15217],[6.04166,46.15239],[6.0418,46.15252],[6.04196,46.15264],[6.04258,46.15286],[6.04281,46.15288],[6.04305,46.15287],[6.04347,46.15282],[6.04363,46.1528],[6.04454,46.15261],[6.04464,46.15258],[6.04476,46.15255],[6.04503,46.15245],[6.04567,46.15213],[6.04579,46.15207],[6.0459,46.15199],[6.04601,46.15191],[6.0461,46.15183],[6.04634,46.15159],[6.04638,46.15154],[6.047,46.15087],[6.04718,46.1507],[6.04758,46.1505],[6.04805,46.15041],[6.04853,46.15046],[6.04896,46.15062],[6.0493,46.15092],[6.04959,46.15134],[6.04959,46.15187],[6.04913,46.15311],[6.04909,46.15343],[6.04922,46.15374],[6.04959,46.15415],[6.0497,46.15468],[6.04963,46.15485],[6.04948,46.15505],[6.04894,46.15563],[6.04883,46.15579],[6.04876,46.15595],[6.04873,46.15612],[6.04876,46.1563],[6.04883,46.15646],[6.04914,46.15687],[6.04923,46.15722],[6.0492,46.1574],[6.04898,46.15772],[6.04877,46.15789],[6.04826,46.15821],[6.04524,46.16042],[6.04467,46.16091],[6.04452,46.16124],[6.04455,46.16158],[6.04486,46.16202],[6.04494,46.16235],[6.04492,46.1627],[6.04506,46.16303],[6.04509,46.16346],[6.04493,46.16387],[6.04495,46.16432],[6.04487,46.16463],[6.04473,46.16486],[6.04457,46.16525],[6.04456,46.16527],[6.04431,46.16587],[6.04418,46.16609],[6.04398,46.16628],[6.04332,46.16682],[6.04281,46.16717],[6.04251,46.16744],[6.04239,46.16757],[6.04063,46.16903],[6.04045,46.16916],[6.03999,46.16945],[6.03932,46.16993],[6.0393,46.16994],[6.0392,46.17001],[6.03876,46.17024],[6.0383,46.17032],[6.0376,46.17022],[6.03735,46.1701],[6.03706,46.16992],[6.037,46.16989],[6.03685,46.16981],[6.03678,46.16977],[6.03645,46.16961],[6.03635,46.16957],[6.03598,46.16943],[6.03552,46.16927],[6.03483,46.16908],[6.03478,46.16906],[6.03414,46.16887],[6.03408,46.16885],[6.03221,46.16823],[6.02971,46.16742],[6.0296,46.16738],[6.02846,46.16694],[6.02843,46.16694],[6.02669,46.16626],[6.02666,46.16624],[6.02622,46.16608],[6.0262,46.16608],[6.02527,46.16573],[6.02524,46.16571],[6.0245,46.16542],[6.02449,46.16542],[6.02375,46.16512],[6.02304,46.16483],[6.02302,46.16482],[6.02159,46.16421],[6.02074,46.16381],[6.02045,46.16352],[6.02014,46.16254],[6.02008,46.16216],[6.02005,46.16099],[6.02004,46.16089],[6.01997,46.16054],[6.01998,46.1604],[6.02,46.16025],[6.02006,46.16003],[6.02007,46.15995],[6.02008,46.15984],[6.02007,46.15962],[6.02007,46.15961],[6.02005,46.15918],[6.02001,46.159],[6.02,46.15896],[6.01988,46.15867],[6.01965,46.15812],[6.0193,46.15744],[6.01922,46.15732],[6.01913,46.1572],[6.01907,46.15714],[6.0188,46.15681],[6.01842,46.15627],[6.0184,46.15624],[6.01816,46.15588],[6.01814,46.15584],[6.01787,46.15539],[6.01785,46.15534],[6.01781,46.15528],[6.01772,46.15515]]]},"properties":{"bfs_nr":6627,"name":"Laconnex"}},{"type":"Feature","geometry":{"type":"Polygon","coordinates":[[[6.10347,46.19659],[6.10386,46.19624],[6.10456,46.19532],[6.10616,46.19332],[6.10631,46.19299],[6.10634,46.19251],[6.10645,46.19228],[6.10684,46.19172],[6.10735,46.1912],[6.10748,46.19089],[6.10776,46.19057],[6.10808,46.19035],[6.1083,46.19005],[6.10844,46.18962],[6.1087,46.18914],[6.10871,46.18881],[6.10843,46.18835],[6.1083,46.188],[6.10839,46.18764],[6.10869,46.18725],[6.10885,46.18693],[6.10888,46.1864],[6.10908,46.18605],[6.10983,46.18524],[6.11042,46.18479],[6.11071,46.18443],[6.11077,46.18407],[6.11063,46.18372],[6.11029,46.18333],[6.10987,46.18248],[6.10976,46.18187],[6.10983,46.18128],[6.10987,46.18108],[6.10993,46.18092],[6.11003,46.18071],[6.11009,46.18059],[6.1102,46.1804],[6.11088,46.17987],[6.11198,46.17861],[6.11216,46.17808],[6.11201,46.17772],[6.11177,46.17749],[6.11106,46.17704],[6.11067,46.17654],[6.11059,46.1762],[6.11069,46.17586],[6.11132,46.17524],[6.11242,46.17452],[6.11294,46.17438],[6.11332,46.1742],[6.11419,46.17361],[6.11469,46.17338],[6.11522,46.17333],[6.11573,46.17343],[6.11601,46.17355],[6.11647,46.17381],[6.11665,46.1739],[6.11684,46.17396],[6.11705,46.174],[6.11725,46.17401],[6.11734,46.17402],[6.11743,46.17402],[6.11747,46.17402],[6.11753,46.17401],[6.11835,46.17398],[6.11937,46.17397],[6.12003,46.17376],[6.12033,46.17349],[6.12069,46.17291],[6.12099,46.17262],[6.12132,46.17245],[6.12203,46.17215],[6.12228,46.17205],[6.1225,46.17196],[6.12335,46.17159],[6.12385,46.17152],[6.12436,46.1716],[6.12523,46.17197],[6.12547,46.17203],[6.12572,46.17205],[6.12597,46.17204],[6.12622,46.17199],[6.12644,46.17191],[6.12664,46.17181],[6.12739,46.17134],[6.12786,46.17117],[6.12978,46.17031],[6.1302,46.17015],[6.13123,46.16983],[6.13239,46.16941],[6.1331,46.1694],[6.13353,46.16953],[6.13386,46.16977],[6.13423,46.17019],[6.13489,46.17077],[6.13553,46.17104],[6.13594,46.17108],[6.13641,46.1712],[6.13678,46.17145],[6.13698,46.17177],[6.13699,46.17212],[6.13685,46.1725],[6.13679,46.17302],[6.13653,46.17335],[6.13629,46.1735],[6.13614,46.17357],[6.13585,46.17368],[6.13523,46.17388],[6.13491,46.17415],[6.13476,46.17443],[6.13467,46.17479],[6.13456,46.17499],[6.1344,46.17516],[6.13397,46.17557],[6.13376,46.17573],[6.13336,46.17591],[6.13227,46.17599],[6.13166,46.17626],[6.13141,46.17655],[6.13121,46.17749],[6.13125,46.17788],[6.13124,46.17814],[6.13117,46.17858],[6.13122,46.179],[6.1312,46.17997],[6.13121,46.18032],[6.13105,46.18066],[6.1305,46.18102],[6.13,46.18111],[6.12948,46.18112],[6.12901,46.18124],[6.12864,46.18148],[6.12839,46.18197],[6.12827,46.18419],[6.12827,46.1842],[6.12824,46.18472],[6.12824,46.18474],[6.12819,46.18528],[6.12819,46.18531],[6.12816,46.18551],[6.12816,46.18554],[6.12812,46.18579],[6.12812,46.18583],[6.12811,46.18587],[6.12805,46.18605],[6.12781,46.18652],[6.12771,46.18703],[6.12766,46.18724],[6.12764,46.18745],[6.12776,46.18803],[6.12776,46.18863],[6.12777,46.18895],[6.12778,46.18913],[6.1278,46.18934],[6.1278,46.18936],[6.12782,46.18954],[6.12784,46.18974],[6.12784,46.18976],[6.12786,46.18996],[6.12787,46.18998],[6.12788,46.19019],[6.12789,46.19037],[6.1279,46.19052],[6.1279,46.19069],[6.1279,46.1907],[6.12791,46.1937],[6.12788,46.1939],[6.12771,46.19421],[6.12711,46.19475],[6.12687,46.19541],[6.1268,46.19578],[6.12657,46.19609],[6.12618,46.19631],[6.12543,46.19642],[6.12495,46.19631],[6.12428,46.19603],[6.12365,46.1959],[6.12341,46.1959],[6.12256,46.196],[6.12189,46.19628],[6.12163,46.1966],[6.1214,46.19706],[6.12106,46.19731],[6.12085,46.19739],[6.12037,46.19747],[6.12007,46.19746],[6.1181,46.19726],[6.11754,46.1972],[6.11735,46.19718],[6.11696,46.19713],[6.11629,46.19709],[6.11575,46.19715],[6.11548,46.19714],[6.11311,46.1969],[6.11287,46.19689],[6.11263,46.19692],[6.11239,46.19697],[6.11218,46.19706],[6.112,46.19717],[6.11184,46.1973],[6.11173,46.19745],[6.11161,46.19778],[6.11147,46.19843],[6.11136,46.19909],[6.11131,46.19966],[6.1113,46.19968],[6.11129,46.1999],[6.1113,46.20006],[6.11132,46.20019],[6.11133,46.20037],[6.11133,46.20041],[6.11133,46.20046],[6.1113,46.20086],[6.1113,46.20087],[6.11127,46.20115],[6.11122,46.20135],[6.11108,46.20161],[6.11095,46.20196],[6.11071,46.20226],[6.11009,46.20254],[6.10959,46.20257],[6.10912,46.20248],[6.10886,46.20236],[6.10857,46.20219],[6.10853,46.20217],[6.10839,46.20209],[6.10833,46.20205],[6.10821,46.20198],[6.10816,46.20194],[6.10804,46.20186],[6.10798,46.20182],[6.10786,46.20173],[6.10783,46.20171],[6.10714,46.20116],[6.10712,46.20114],[6.10706,46.2011],[6.10701,46.20106],[6.10698,46.20103],[6.10693,46.20098],[6.1069,46.20095],[6.10683,46.20088],[6.10677,46.20082],[6.10674,46.20078],[6.10672,46.20076],[6.1067,46.20073],[6.10668,46.20071],[6.10666,46.20067],[6.10663,46.20063],[6.10633,46.20019],[6.10623,46.20006],[6.1062,46.20002],[6.10611,46.19992],[6.10608,46.19988],[6.10598,46.19978],[6.10582,46.19962],[6.10384,46.19783],[6.10383,46.19782],[6.10358,46.1976],[6.10343,46.19742],[6.10331,46.19709],[6.10347,46.19659]]]},"properties":{"bfs_nr":6628,"name":"Lancy"}},{"type":"Feature","geometry":{"type":"Polygon","coordinates":[[[6.21424,46.24134],[6.21449,46.24107],[6.21458,46.24072],[6.21438,46.24022],[6.21434,46.23977],[6.21466,46.23841],[6.21467,46.23827],[6.21466,46.23813],[6.21448,46.23751],[6.21419,46.23718],[6.21403,46.23685],[6.21407,46.2365],[6.2143,46.23618],[6.21468,46.23596],[6.21534,46.23577],[6.21572,46.23555],[6.21586,46.23541],[6.21596,46.23525],[6.21601,46.23508],[6.21601,46.23491],[6.21587,46.23448],[6.21577,46.23408],[6.21568,46.23365],[6.21567,46.23362],[6.21556,46.23321],[6.21553,46.23311],[6.21552,46.23307],[6.2155,46.23303],[6.21545,46.2329],[6.21536,46.23272],[6.21516,46.23239],[6.21511,46.23206],[6.21516,46.23189],[6.21538,46.23159],[6.21575,46.23136],[6.21621,46.23125],[6.21652,46.23124],[6.21679,46.23125],[6.21719,46.23129],[6.21754,46.23135],[6.21832,46.23167],[6.21874,46.2318],[6.21897,46.23182],[6.21921,46.23182],[6.21946,46.23179],[6.21949,46.23179],[6.22006,46.23173],[6.22008,46.23173],[6.22079,46.23165],[6.22101,46.23161],[6.22157,46.23134],[6.222,46.23092],[6.22245,46.23074],[6.22322,46.23072],[6.22368,46.23088],[6.22415,46.2312],[6.22454,46.23138],[6.22488,46.23171],[6.22529,46.23234],[6.22542,46.23251],[6.22581,46.23275],[6.22627,46.23289],[6.22672,46.23295],[6.22724,46.23289],[6.22772,46.23293],[6.22821,46.2331],[6.22873,46.23339],[6.2293,46.23377],[6.22969,46.23409],[6.23086,46.23488],[6.23133,46.23535],[6.23193,46.23563],[6.23265,46.23565],[6.23287,46.23559],[6.23611,46.23454],[6.23633,46.23445],[6.23652,46.23434],[6.23667,46.2342],[6.23678,46.23404],[6.23684,46.23387],[6.23686,46.23369],[6.23682,46.23352],[6.23674,46.23335],[6.23649,46.23298],[6.2364,46.2328],[6.23635,46.23262],[6.23625,46.23183],[6.23603,46.23025],[6.23597,46.2298],[6.23609,46.2292],[6.23605,46.22848],[6.2362,46.22814],[6.23634,46.22799],[6.23674,46.22777],[6.23703,46.22769],[6.2384,46.22741],[6.23909,46.22709],[6.23956,46.22693],[6.24068,46.2267],[6.24086,46.22667],[6.24091,46.22666],[6.24218,46.22641],[6.24279,46.22637],[6.24327,46.22647],[6.24375,46.2265],[6.24493,46.22628],[6.24552,46.22624],[6.24602,46.22636],[6.2464,46.2266],[6.24657,46.2268],[6.24695,46.22742],[6.24741,46.22816],[6.24761,46.22852],[6.2477,46.22874],[6.24768,46.22911],[6.24744,46.22944],[6.24704,46.22967],[6.24673,46.22976],[6.24521,46.23007],[6.245,46.23011],[6.24484,46.23013],[6.24398,46.23029],[6.24376,46.23035],[6.24355,46.23044],[6.24322,46.23068],[6.24305,46.23099],[6.24302,46.23115],[6.24304,46.23132],[6.24326,46.23214],[6.24328,46.23237],[6.24317,46.23271],[6.24287,46.233],[6.24213,46.23331],[6.24179,46.23358],[6.24163,46.23393],[6.24162,46.23411],[6.24167,46.23428],[6.24248,46.23617],[6.24258,46.23633],[6.24271,46.23647],[6.24307,46.23669],[6.24352,46.2368],[6.24401,46.23679],[6.24543,46.23642],[6.24602,46.2364],[6.24673,46.23657],[6.24719,46.23698],[6.24812,46.23851],[6.24824,46.23866],[6.24859,46.23891],[6.24881,46.23899],[6.2493,46.23906],[6.24979,46.23899],[6.25199,46.23841],[6.25247,46.23839],[6.25313,46.23859],[6.25344,46.23886],[6.25355,46.23905],[6.25363,46.23922],[6.25365,46.23927],[6.25375,46.23945],[6.25378,46.2395],[6.25391,46.23971],[6.25392,46.23972],[6.25418,46.24012],[6.25458,46.24078],[6.25469,46.24094],[6.25506,46.2412],[6.25571,46.24143],[6.25607,46.24169],[6.2565,46.24245],[6.2565,46.24278],[6.25633,46.24309],[6.25604,46.24337],[6.2559,46.2437],[6.25596,46.24404],[6.25642,46.2451],[6.25648,46.2453],[6.25648,46.24547],[6.25635,46.24579],[6.25607,46.24606],[6.25582,46.24619],[6.25572,46.24623],[6.25565,46.24626],[6.25544,46.24636],[6.25539,46.24639],[6.25527,46.24646],[6.25473,46.2468],[6.25455,46.24689],[6.2543,46.24701],[6.2541,46.24713],[6.25373,46.24759],[6.25373,46.24807],[6.25347,46.24854],[6.25311,46.24876],[6.25266,46.24888],[6.25186,46.24887],[6.25162,46.2489],[6.25139,46.24896],[6.25118,46.24905],[6.251,46.24917],[6.25085,46.24931],[6.25075,46.24946],[6.25068,46.24963],[6.25067,46.2498],[6.2507,46.24997],[6.25078,46.25013],[6.2509,46.25028],[6.25107,46.25041],[6.25131,46.25058],[6.2515,46.25073],[6.25184,46.25107],[6.25214,46.25123],[6.25234,46.25136],[6.25266,46.25159],[6.25285,46.25177],[6.25296,46.25192],[6.25305,46.25227],[6.25293,46.25261],[6.25264,46.25289],[6.25239,46.25303],[6.24571,46.2559],[6.24486,46.25615],[6.2434,46.2568],[6.24294,46.25695],[6.24281,46.25698],[6.24244,46.25704],[6.24224,46.25708],[6.24167,46.25728],[6.2414,46.25733],[6.24106,46.25733],[6.23538,46.25699],[6.23506,46.25695],[6.23483,46.25688],[6.23443,46.25666],[6.23402,46.25622],[6.23335,46.25592],[6.23282,46.25591],[6.2318,46.25616],[6.23122,46.25623],[6.23072,46.25615],[6.23001,46.25581],[6.22975,46.25563],[6.22954,46.25542],[6.22914,46.25492],[6.22898,46.25476],[6.22858,46.25444],[6.22832,46.25404],[6.22819,46.25367],[6.22795,46.25334],[6.22696,46.25253],[6.22654,46.25199],[6.22638,46.25173],[6.22634,46.25167],[6.22629,46.2516],[6.2262,46.25144],[6.22613,46.25131],[6.2261,46.25124],[6.22608,46.25119],[6.22602,46.251],[6.22599,46.25075],[6.22582,46.25046],[6.22561,46.25028],[6.22543,46.25016],[6.22522,46.25008],[6.22499,46.25002],[6.22474,46.24999],[6.22426,46.25003],[6.22383,46.25019],[6.22351,46.25043],[6.22309,46.25062],[6.22259,46.25069],[6.2221,46.25061],[6.22188,46.25053],[6.22169,46.25042],[6.22134,46.25012],[6.22119,46.25001],[6.22099,46.24985],[6.22098,46.24984],[6.21919,46.24832],[6.21864,46.24801],[6.21831,46.24767],[6.21808,46.24719],[6.21795,46.247],[6.21534,46.24387],[6.21424,46.24255],[6.21422,46.24252],[6.21412,46.24239],[6.21399,46.24219],[6.21394,46.24184],[6.21424,46.24134]]]},"properties":{"bfs_nr":6629,"name":"Meinier"}},{"type":"Feature","geometry":{"type":"Polygon","coordinates":[[[6.0472,46.23092],[6.04745,46.23082],[6.048,46.23054],[6.0482,46.23048],[6.04886,46.23026],[6.04894,46.23023],[6.04973,46.22991],[6.05033,46.22973],[6.05253,46.22929],[6.05327,46.22921],[6.05349,46.22916],[6.05369,46.22908],[6.05387,46.22897],[6.05556,46.2278],[6.05562,46.22775],[6.05771,46.22609],[6.05773,46.22608],[6.05882,46.22524],[6.05887,46.2252],[6.05893,46.22515],[6.05897,46.22513],[6.05941,46.22478],[6.05955,46.22469],[6.06118,46.22365],[6.06128,46.22358],[6.06219,46.22287],[6.0623,46.22279],[6.06281,46.22238],[6.06294,46.22229],[6.06367,46.2218],[6.0637,46.22178],[6.06486,46.22096],[6.06709,46.21937],[6.06793,46.21863],[6.06901,46.2178],[6.06971,46.21761],[6.07021,46.21765],[6.07044,46.21772],[6.07069,46.21785],[6.07108,46.21808],[6.07129,46.21819],[6.07153,46.21826],[6.07177,46.2183],[6.07203,46.2183],[6.07228,46.21827],[6.07252,46.21821],[6.07274,46.21812],[6.07325,46.21776],[6.07372,46.2176],[6.07423,46.21758],[6.07472,46.2177],[6.07537,46.21813],[6.07559,46.21864],[6.07536,46.21915],[6.07496,46.21951],[6.0748,46.21986],[6.07486,46.22022],[6.07513,46.22054],[6.07574,46.22092],[6.07616,46.22135],[6.07656,46.22155],[6.0768,46.2216],[6.07704,46.22163],[6.07764,46.22165],[6.07766,46.22165],[6.07816,46.22165],[6.07819,46.22165],[6.07841,46.22165],[6.07846,46.22165],[6.07891,46.22164],[6.07897,46.22164],[6.07935,46.22162],[6.0794,46.22161],[6.07988,46.22157],[6.07992,46.22157],[6.08036,46.22152],[6.08054,46.22149],[6.08137,46.22132],[6.08145,46.2213],[6.08165,46.22124],[6.08172,46.22122],[6.08195,46.22115],[6.08201,46.22113],[6.08217,46.22107],[6.08222,46.22106],[6.08239,46.22099],[6.08244,46.22097],[6.08309,46.2207],[6.08336,46.22061],[6.08384,46.22055],[6.08431,46.22062],[6.08452,46.2207],[6.08528,46.22122],[6.08567,46.22178],[6.08604,46.22199],[6.08647,46.22211],[6.08704,46.22249],[6.0872,46.22284],[6.08717,46.22342],[6.08722,46.2236],[6.08732,46.22377],[6.08747,46.22392],[6.08766,46.22405],[6.08789,46.22415],[6.08814,46.22421],[6.08841,46.22424],[6.08867,46.22423],[6.08893,46.22418],[6.0894,46.22405],[6.08941,46.22405],[6.09054,46.22375],[6.09055,46.22375],[6.09128,46.22355],[6.09129,46.22355],[6.09336,46.22297],[6.09338,46.22297],[6.09483,46.22258],[6.09484,46.22258],[6.09711,46.22196],[6.09712,46.22196],[6.10116,46.22085],[6.10184,46.22062],[6.10216,46.22053],[6.10278,46.22041],[6.10331,46.22037],[6.10376,46.22045],[6.10397,46.22054],[6.10435,46.22081],[6.10502,46.22131],[6.10503,46.22132],[6.10553,46.22169],[6.10559,46.22173],[6.10685,46.22255],[6.10752,46.22278],[6.10845,46.2228],[6.1089,46.22295],[6.10937,46.22322],[6.11017,46.22343],[6.11057,46.22372],[6.11087,46.2242],[6.11129,46.22459],[6.11141,46.22492],[6.11125,46.22541],[6.11108,46.22559],[6.10962,46.2268],[6.10945,46.22698],[6.10905,46.22752],[6.10901,46.22807],[6.10892,46.22839],[6.10813,46.22935],[6.10797,46.22964],[6.10788,46.23013],[6.1077,46.23037],[6.10747,46.23062],[6.10731,46.23082],[6.10718,46.23097],[6.10715,46.231],[6.10601,46.23227],[6.10589,46.23245],[6.10513,46.23391],[6.10502,46.23428],[6.10478,46.2347],[6.10443,46.23498],[6.10414,46.23511],[6.10408,46.23513],[6.10402,46.23515],[6.10372,46.23524],[6.10362,46.23527],[6.10328,46.2354],[6.10313,46.23546],[6.10268,46.23569],[6.1024,46.23587],[6.10226,46.236],[6.10208,46.23622],[6.10116,46.23709],[6.10096,46.23736],[6.10087,46.23777],[6.10064,46.2381],[6.1004,46.23827],[6.09902,46.23909],[6.09545,46.24161],[6.09415,46.24259],[6.09388,46.24275],[6.09326,46.24299],[6.09248,46.24362],[6.09214,46.24397],[6.0909,46.24496],[6.0904,46.24522],[6.08885,46.24576],[6.08846,46.24597],[6.08815,46.24625],[6.08773,46.24647],[6.08723,46.24654],[6.08672,46.24648],[6.08592,46.24627],[6.08541,46.24631],[6.08483,46.24652],[6.08433,46.2466],[6.08383,46.24654],[6.08341,46.24635],[6.0829,46.24591],[6.08218,46.24568],[6.08117,46.24567],[6.07997,46.24547],[6.07948,46.24533],[6.07885,46.24496],[6.07841,46.2446],[6.07796,46.24439],[6.0775,46.24433],[6.07701,46.24433],[6.07651,46.2442],[6.07576,46.24375],[6.0753,46.24362],[6.07456,46.24352],[6.07391,46.24321],[6.07368,46.24289],[6.07359,46.2423],[6.07335,46.242],[6.07275,46.24172],[6.07195,46.24169],[6.07144,46.24161],[6.07093,46.24142],[6.06961,46.24133],[6.06913,46.24144],[6.06852,46.24175],[6.06807,46.24186],[6.06748,46.24191],[6.06703,46.24205],[6.06648,46.24253],[6.06599,46.24287],[6.06522,46.24376],[6.0648,46.24418],[6.06414,46.24473],[6.06391,46.24505],[6.06355,46.24532],[6.06285,46.24549],[6.06236,46.24544],[6.06151,46.24514],[6.06052,46.24501],[6.05995,46.2447],[6.0586,46.24351],[6.05797,46.2428],[6.05726,46.24227],[6.0559,46.24165],[6.05477,46.24061],[6.05421,46.24023],[6.05357,46.23965],[6.05244,46.23856],[6.05205,46.23795],[6.05183,46.23769],[6.05138,46.23698],[6.05076,46.23577],[6.05036,46.23522],[6.04982,46.23471],[6.04939,46.23419],[6.04852,46.23351],[6.04806,46.23322],[6.04753,46.23304],[6.04712,46.23279],[6.04695,46.23258],[6.04655,46.23191],[6.04663,46.23137],[6.04694,46.23106],[6.0472,46.23092]]]},"properties":{"bfs_nr":6630,"name":"Meyrin"}},{"type":"Feature","geometry":{"type":"Polygon","coordinates":[[[6.08734,46.19155],[6.08811,46.19067],[6.08851,46.1903],[6.08868,46.19011],[6.08878,46.18994],[6.08893,46.18979],[6.08992,46.18892],[6.09014,46.18863],[6.09039,46.18775],[6.09034,46.1874],[6.09024,46.18723],[6.09012,46.18708],[6.09008,46.18702],[6.09004,46.18695],[6.08992,46.18669],[6.08977,46.18644],[6.08968,46.18625],[6.08971,46.18577],[6.09074,46.18428],[6.09091,46.18409],[6.09128,46.18386],[6.0919,46.18358],[6.09216,46.18328],[6.09264,46.1823],[6.09263,46.18165],[6.09284,46.18132],[6.09356,46.1808],[6.09371,46.18044],[6.09355,46.17988],[6.09343,46.17921],[6.09349,46.17869],[6.09376,46.17839],[6.0944,46.17813],[6.0948,46.17789],[6.09533,46.1772],[6.09543,46.17688],[6.09582,46.17645],[6.09624,46.17628],[6.09673,46.17623],[6.09755,46.17631],[6.09808,46.17619],[6.09859,46.17596],[6.09898,46.17554],[6.09921,46.17505],[6.09954,46.17481],[6.09999,46.17467],[6.10071,46.17469],[6.10175,46.17505],[6.10265,46.17527],[6.10287,46.17532],[6.10309,46.17533],[6.1056,46.17534],[6.10678,46.17529],[6.10732,46.17535],[6.10759,46.17545],[6.10778,46.17553],[6.10786,46.17556],[6.10815,46.17566],[6.1082,46.17568],[6.10894,46.17592],[6.10936,46.17604],[6.10972,46.17623],[6.11005,46.17657],[6.11058,46.17691],[6.11105,46.17738],[6.11155,46.17762],[6.11197,46.17807],[6.112,46.17843],[6.11194,46.17861],[6.1118,46.17882],[6.11114,46.17957],[6.11097,46.17973],[6.11051,46.17999],[6.11022,46.18031],[6.11019,46.18037],[6.11003,46.1807],[6.11002,46.18074],[6.10996,46.18086],[6.10993,46.18091],[6.10992,46.18095],[6.10988,46.18106],[6.10984,46.18124],[6.10983,46.18127],[6.10975,46.18178],[6.10974,46.18192],[6.10985,46.18244],[6.11007,46.18311],[6.11025,46.1834],[6.11057,46.1837],[6.11075,46.18406],[6.11069,46.18443],[6.11025,46.18491],[6.10933,46.18534],[6.10898,46.18564],[6.10851,46.18642],[6.10847,46.18679],[6.10855,46.18712],[6.10846,46.18748],[6.10819,46.18785],[6.1081,46.18821],[6.10822,46.18856],[6.10855,46.18905],[6.10855,46.18939],[6.10826,46.18987],[6.10784,46.19019],[6.10743,46.19074],[6.10726,46.19113],[6.10706,46.19139],[6.10628,46.19252],[6.10616,46.19284],[6.10616,46.19321],[6.1061,46.19336],[6.10599,46.19354],[6.10468,46.19517],[6.10453,46.19533],[6.10426,46.19551],[6.1039,46.19587],[6.10372,46.19599],[6.10306,46.19618],[6.10258,46.19615],[6.10197,46.19589],[6.10178,46.19572],[6.10106,46.19491],[6.10093,46.19476],[6.1008,46.19462],[6.10065,46.19447],[6.10051,46.19433],[6.10023,46.19407],[6.09969,46.19357],[6.09966,46.19355],[6.09952,46.19343],[6.09947,46.19339],[6.09933,46.19329],[6.09928,46.19325],[6.09913,46.19315],[6.09907,46.19312],[6.09892,46.19303],[6.09886,46.19299],[6.0987,46.19291],[6.09863,46.19288],[6.09846,46.1928],[6.0984,46.19277],[6.09828,46.19273],[6.09823,46.19271],[6.09811,46.19267],[6.09806,46.19265],[6.09793,46.19261],[6.09788,46.19259],[6.09775,46.19256],[6.0977,46.19254],[6.09756,46.19251],[6.09751,46.1925],[6.09737,46.19247],[6.09732,46.19246],[6.0972,46.19243],[6.09715,46.19243],[6.09702,46.19241],[6.09698,46.1924],[6.09595,46.19226],[6.09564,46.19223],[6.09559,46.19222],[6.09532,46.1922],[6.09527,46.19219],[6.095,46.19218],[6.09495,46.19217],[6.09468,46.19217],[6.09463,46.19217],[6.09436,46.19216],[6.09397,46.19217],[6.09338,46.19221],[6.09327,46.19222],[6.0927,46.19229],[6.0926,46.1923],[6.09204,46.1924],[6.09194,46.19242],[6.09139,46.19255],[6.09129,46.19258],[6.09076,46.19274],[6.09067,46.19278],[6.09013,46.19298],[6.09009,46.19299],[6.08986,46.19309],[6.08955,46.19319],[6.08929,46.19323],[6.08875,46.19319],[6.08783,46.19285],[6.08739,46.19259],[6.08717,46.19227],[6.08721,46.19175],[6.08734,46.19155]]]},"properties":{"bfs_nr":6631,"name":"Onex"}},{"type":"Feature","geometry":{"type":"Polygon","coordinates":[[[6.07553,46.1506],[6.0754,46.15011],[6.07563,46.14959],[6.076,46.14934],[6.07676,46.1492],[6.07708,46.14924],[6.08165,46.15007],[6.09141,46.15187],[6.092,46.15208],[6.09307,46.15266],[6.09351,46.15288],[6.09382,46.15307],[6.09411,46.15329],[6.09452,46.15364],[6.09468,46.15377],[6.09486,46.15393],[6.09491,46.15398],[6.09521,46.15423],[6.09523,46.15424],[6.09533,46.15431],[6.09584,46.15462],[6.09604,46.15473],[6.09659,46.15499],[6.09722,46.15536],[6.09757,46.15568],[6.09782,46.15594],[6.09785,46.15598],[6.09798,46.15612],[6.09803,46.1562],[6.09805,46.15624],[6.09813,46.15635],[6.09821,46.15646],[6.09838,46.15666],[6.09846,46.15678],[6.0985,46.15684],[6.09861,46.15702],[6.09875,46.15746],[6.09877,46.15785],[6.0991,46.15867],[6.09925,46.15922],[6.09938,46.15938],[6.0995,46.1595],[6.10021,46.16009],[6.10073,46.1606],[6.10152,46.1615],[6.10165,46.16168],[6.10174,46.16201],[6.10165,46.16233],[6.1014,46.16261],[6.1011,46.16279],[6.10089,46.16293],[6.09901,46.16448],[6.09899,46.16449],[6.09754,46.16572],[6.09733,46.16594],[6.09644,46.16677],[6.09623,46.16693],[6.09581,46.16711],[6.09532,46.16716],[6.09484,46.16708],[6.09457,46.16698],[6.09152,46.16548],[6.09129,46.16534],[6.08931,46.164],[6.0889,46.16382],[6.08842,46.16375],[6.08794,46.16381],[6.08752,46.16399],[6.08686,46.16462],[6.0867,46.16497],[6.08624,46.16539],[6.08577,46.16553],[6.08501,46.16548],[6.08472,46.16538],[6.08312,46.16464],[6.08288,46.16449],[6.0826,46.1642],[6.0825,46.16385],[6.08255,46.16337],[6.08223,46.16287],[6.08065,46.16165],[6.0802,46.16142],[6.07928,46.16133],[6.07885,46.16119],[6.07795,46.16058],[6.07741,46.16031],[6.0771,46.16004],[6.07695,46.15971],[6.07698,46.15891],[6.07686,46.15703],[6.07685,46.15701],[6.07681,46.15658],[6.07681,46.15656],[6.07667,46.15476],[6.07662,46.15421],[6.07661,46.15414],[6.07657,46.15391],[6.07655,46.15384],[6.07632,46.15309],[6.0763,46.15302],[6.07616,46.1524],[6.07613,46.1523],[6.07562,46.15101],[6.07553,46.1506]]]},"properties":{"bfs_nr":6632,"name":"Perly-Certoux"}},{"type":"Feature","geometry":{"type":"Polygon","coordinates":[[[6.09824,46.16513],[6.09899,46.16449],[6.09902,46.16447],[6.10084,46.16297],[6.10115,46.16276],[6.10141,46.16261],[6.10166,46.16233],[6.10174,46.16201],[6.10172,46.16184],[6.10166,46.16168],[6.10155,46.16153],[6.10072,46.16059],[6.10024,46.16011],[6.09959,46.15957],[6.09945,46.15945],[6.09929,46.15925],[6.09895,46.15815],[6.09905,46.1578],[6.09935,46.1575],[6.10014,46.15719],[6.10077,46.15686],[6.10101,46.1567],[6.10116,46.15658],[6.10147,46.15622],[6.10168,46.15608],[6.10169,46.15607],[6.10174,46.15604],[6.10194,46.15592],[6.1022,46.15579],[6.10244,46.15573],[6.10295,46.15569],[6.10365,46.15589],[6.104,46.15621],[6.10536,46.15804],[6.10537,46.15806],[6.10545,46.15815],[6.10558,46.15829],[6.10597,46.15851],[6.10619,46.15858],[6.10644,46.15861],[6.10668,46.15861],[6.10693,46.15858],[6.10716,46.15852],[6.10764,46.15836],[6.10769,46.15834],[6.10816,46.15819],[6.10858,46.15806],[6.10934,46.15769],[6.1095,46.15762],[6.10978,46.15751],[6.10986,46.15747],[6.11124,46.15683],[6.11126,46.15682],[6.11136,46.15677],[6.11165,46.15666],[6.11217,46.15659],[6.11284,46.15657],[6.11398,46.15614],[6.11459,46.15559],[6.11474,46.15549],[6.11495,46.15538],[6.11514,46.15531],[6.11537,46.15523],[6.11573,46.15514],[6.11588,46.15509],[6.11599,46.15505],[6.11606,46.15502],[6.11613,46.15498],[6.11656,46.15477],[6.11686,46.15466],[6.11713,46.15461],[6.11804,46.15452],[6.11964,46.154],[6.11966,46.15399],[6.12235,46.15315],[6.12279,46.15292],[6.12327,46.15244],[6.12393,46.15221],[6.12443,46.15221],[6.12485,46.15232],[6.12559,46.15274],[6.12614,46.15299],[6.12657,46.15334],[6.12704,46.15354],[6.12758,46.15359],[6.12858,46.15342],[6.12919,46.15345],[6.12953,46.15351],[6.12995,46.15362],[6.13006,46.15365],[6.13037,46.15371],[6.13114,46.15384],[6.13211,46.15409],[6.13322,46.15436],[6.13367,46.15465],[6.13376,46.15473],[6.13379,46.15476],[6.13419,46.15511],[6.13438,46.15525],[6.13461,46.15535],[6.13487,46.15542],[6.13514,46.15545],[6.13541,46.15544],[6.13674,46.1552],[6.13723,46.15525],[6.13785,46.15541],[6.13831,46.15541],[6.1388,46.15549],[6.13921,46.15569],[6.13948,46.15598],[6.1397,46.15664],[6.13965,46.1571],[6.13954,46.15738],[6.13933,46.15776],[6.13929,46.15781],[6.13908,46.15814],[6.13906,46.15818],[6.13884,46.1585],[6.13883,46.15852],[6.13876,46.15862],[6.1387,46.15872],[6.13865,46.15884],[6.13859,46.15899],[6.13858,46.15909],[6.13857,46.15911],[6.13855,46.15925],[6.13854,46.15934],[6.13854,46.15944],[6.13854,46.1595],[6.13855,46.15962],[6.13856,46.15969],[6.1388,46.16102],[6.13881,46.1612],[6.1389,46.16176],[6.13909,46.16312],[6.13915,46.16335],[6.13931,46.16373],[6.13946,46.16418],[6.13958,46.16448],[6.13972,46.165],[6.13999,46.16586],[6.13999,46.16588],[6.14002,46.16595],[6.14004,46.16602],[6.14017,46.16641],[6.14024,46.16663],[6.14021,46.16715],[6.13999,46.16743],[6.13874,46.16824],[6.13827,46.16839],[6.13774,46.1684],[6.13671,46.16812],[6.13542,46.16803],[6.13467,46.16822],[6.13391,46.16884],[6.1312,46.16984],[6.13005,46.17019],[6.1298,46.1703],[6.12964,46.17038],[6.12816,46.17104],[6.12791,46.17113],[6.12757,46.17123],[6.12734,46.17135],[6.12669,46.17178],[6.12644,46.17191],[6.12597,46.17203],[6.12547,46.17202],[6.12523,46.17197],[6.12436,46.17159],[6.12385,46.17152],[6.12334,46.17159],[6.12311,46.17167],[6.12273,46.17186],[6.12249,46.17197],[6.12204,46.17215],[6.12142,46.17241],[6.12097,46.17257],[6.12061,46.17286],[6.12005,46.1736],[6.11968,46.17384],[6.11921,46.17396],[6.11836,46.17398],[6.11754,46.17401],[6.11746,46.17402],[6.11745,46.17402],[6.11729,46.17401],[6.11707,46.174],[6.11684,46.17395],[6.11665,46.17389],[6.11643,46.17379],[6.11595,46.17352],[6.11573,46.17342],[6.11548,46.17335],[6.11522,46.17332],[6.11469,46.17338],[6.11424,46.17358],[6.11349,46.17405],[6.11294,46.1742],[6.11257,46.17438],[6.11128,46.17527],[6.11071,46.17576],[6.11004,46.17599],[6.1095,46.176],[6.10918,46.17597],[6.10887,46.1759],[6.10821,46.17568],[6.10813,46.17566],[6.10788,46.17556],[6.10776,46.17552],[6.10754,46.17542],[6.10732,46.17535],[6.10684,46.17529],[6.10626,46.1753],[6.10558,46.17534],[6.10315,46.17533],[6.10287,46.17531],[6.1026,46.17526],[6.10171,46.17504],[6.10104,46.1748],[6.10017,46.17443],[6.09987,46.17416],[6.09973,46.17383],[6.09979,46.17348],[6.10001,46.17307],[6.10002,46.17263],[6.10014,46.17229],[6.10049,46.17198],[6.10129,46.17147],[6.10164,46.17124],[6.10231,46.17106],[6.10299,46.17101],[6.1034,46.17084],[6.10382,46.17049],[6.10396,46.17033],[6.10405,46.17016],[6.10409,46.16997],[6.10407,46.16979],[6.104,46.16961],[6.10388,46.16945],[6.10371,46.1693],[6.1035,46.16919],[6.10198,46.16848],[6.09842,46.16646],[6.09806,46.16616],[6.09792,46.16582],[6.09796,46.16548],[6.09806,46.16531],[6.09824,46.16513]]]},"properties":{"bfs_nr":6633,"name":"Plan-les-Ouates"}},{"type":"Feature","geometry":{"type":"Polygon","coordinates":[[[6.12916,46.24446],[6.12932,46.24425],[6.12947,46.24387],[6.12967,46.24362],[6.13001,46.24317],[6.13003,46.24314],[6.13087,46.24194],[6.13098,46.24175],[6.13109,46.24159],[6.13162,46.24095],[6.13163,46.24093],[6.1318,46.24072],[6.13188,46.2406],[6.13221,46.24002],[6.13252,46.23975],[6.13302,46.23944],[6.13321,46.23929],[6.13335,46.23913],[6.13354,46.23888],[6.13365,46.23877],[6.13399,46.23847],[6.13498,46.23769],[6.13512,46.23755],[6.13522,46.2374],[6.13528,46.23724],[6.1353,46.23707],[6.13527,46.2369],[6.13519,46.23674],[6.13492,46.23646],[6.13473,46.23635],[6.13453,46.23626],[6.1345,46.23624],[6.13372,46.2359],[6.13371,46.23589],[6.13331,46.23572],[6.13327,46.23571],[6.13296,46.23558],[6.1325,46.2354],[6.13237,46.23534],[6.13224,46.23528],[6.13208,46.23518],[6.13202,46.23515],[6.13092,46.23444],[6.13071,46.23428],[6.1305,46.23398],[6.13047,46.23364],[6.13062,46.23332],[6.1308,46.23314],[6.13173,46.23236],[6.13219,46.23205],[6.13304,46.2318],[6.13342,46.23156],[6.13412,46.23094],[6.13434,46.23081],[6.13479,46.23067],[6.13572,46.2306],[6.13595,46.23054],[6.13617,46.23045],[6.13636,46.23033],[6.13658,46.23016],[6.13725,46.22992],[6.13776,46.22993],[6.13846,46.23016],[6.13895,46.23021],[6.13939,46.23015],[6.1402,46.22997],[6.14025,46.22996],[6.14097,46.22977],[6.14098,46.22977],[6.1415,46.22964],[6.14182,46.22959],[6.14208,46.22958],[6.14258,46.22967],[6.14334,46.22991],[6.14388,46.22989],[6.14455,46.2296],[6.14546,46.22903],[6.14657,46.2285],[6.14706,46.22834],[6.14734,46.22828],[6.14793,46.2282],[6.14865,46.22805],[6.14947,46.22769],[6.1498,46.2276],[6.16539,46.22471],[6.1657,46.22467],[6.1662,46.22472],[6.16663,46.2249],[6.16694,46.22517],[6.16705,46.22538],[6.17309,46.24104],[6.17314,46.24126],[6.17307,46.2416],[6.17282,46.24191],[6.17242,46.24212],[6.17213,46.2422],[6.15384,46.24559],[6.1534,46.24574],[6.15257,46.24617],[6.15231,46.24627],[6.15186,46.24636],[6.15156,46.24636],[6.15081,46.24632],[6.15056,46.24632],[6.15007,46.24644],[6.14933,46.24685],[6.14913,46.24694],[6.14837,46.24726],[6.14821,46.24733],[6.14806,46.24742],[6.14771,46.24768],[6.1473,46.2479],[6.14692,46.248],[6.14671,46.24806],[6.14637,46.24821],[6.14632,46.24823],[6.14577,46.24849],[6.14482,46.24898],[6.14475,46.24901],[6.14436,46.24925],[6.14433,46.24926],[6.14395,46.2495],[6.14391,46.24953],[6.14354,46.24977],[6.14352,46.24979],[6.14318,46.25002],[6.14308,46.25011],[6.14282,46.25034],[6.14253,46.25056],[6.14229,46.25071],[6.14207,46.25081],[6.14156,46.25089],[6.14126,46.25088],[6.14112,46.25086],[6.14094,46.25081],[6.14083,46.25078],[6.14078,46.25077],[6.14055,46.2507],[6.14036,46.25063],[6.13931,46.25018],[6.13905,46.25003],[6.13884,46.24991],[6.13843,46.2497],[6.13839,46.24968],[6.13807,46.24953],[6.13799,46.2495],[6.13771,46.24938],[6.13757,46.24934],[6.13712,46.24921],[6.13685,46.24913],[6.13631,46.24901],[6.13604,46.24893],[6.13583,46.24885],[6.13561,46.24877],[6.13518,46.24858],[6.13474,46.24845],[6.13374,46.24809],[6.133,46.24779],[6.13246,46.24759],[6.13242,46.24758],[6.13199,46.24741],[6.13189,46.24737],[6.13171,46.24728],[6.13161,46.24724],[6.13142,46.24714],[6.13136,46.2471],[6.13089,46.24685],[6.13025,46.2465],[6.12942,46.24596],[6.12896,46.24558],[6.12878,46.24505],[6.12893,46.24469],[6.12916,46.24446]]]},"properties":{"bfs_nr":6634,"name":"Pregny-Chamb\u00e9sy"}},{"type":"Feature","geometry":{"type":"Polygon","coordinates":[[[6.23478,46.21953],[6.23469,46.219],[6.23502,46.21854],[6.23542,46.21834],[6.23694,46.218],[6.23773,46.21806],[6.23855,46.21852],[6.23904,46.21864],[6.23957,46.21862],[6.23981,46.21855],[6.24072,46.21822],[6.24091,46.21815],[6.24169,46.21794],[6.24198,46.21788],[6.24246,46.21788],[6.24298,46.21797],[6.24352,46.21791],[6.24412,46.21776],[6.24414,46.21776],[6.24445,46.21767],[6.24448,46.21766],[6.24476,46.21758],[6.24498,46.2175],[6.24534,46.21725],[6.24569,46.21676],[6.246,46.21653],[6.24625,46.21642],[6.24652,46.21633],[6.24663,46.21628],[6.24673,46.21624],[6.24692,46.21613],[6.24708,46.21601],[6.24721,46.21586],[6.24729,46.21571],[6.24733,46.21554],[6.24732,46.21537],[6.24727,46.21521],[6.24669,46.21435],[6.24625,46.21373],[6.24617,46.21364],[6.24606,46.21347],[6.24553,46.21277],[6.2455,46.21272],[6.24547,46.21269],[6.24543,46.21265],[6.24542,46.21263],[6.24534,46.21257],[6.24528,46.21252],[6.24525,46.21249],[6.24519,46.21245],[6.24152,46.21002],[6.24131,46.20985],[6.24111,46.20953],[6.24107,46.20931],[6.24106,46.20902],[6.24108,46.20879],[6.24129,46.20844],[6.24147,46.2083],[6.24174,46.20815],[6.24289,46.20767],[6.2435,46.20745],[6.24354,46.20743],[6.2446,46.20702],[6.24517,46.20671],[6.24575,46.20651],[6.24618,46.20623],[6.2465,46.20584],[6.24724,46.2054],[6.24777,46.20525],[6.24829,46.20527],[6.24875,46.20543],[6.2492,46.20584],[6.24981,46.20627],[6.25089,46.20679],[6.25159,46.20717],[6.25196,46.20743],[6.25258,46.20795],[6.25307,46.20841],[6.25405,46.20914],[6.25507,46.20946],[6.25589,46.20999],[6.25674,46.21023],[6.25746,46.21038],[6.25819,46.2106],[6.25951,46.21104],[6.25996,46.21126],[6.2612,46.21174],[6.26241,46.21214],[6.26292,46.21242],[6.26334,46.21258],[6.2638,46.21264],[6.2647,46.21286],[6.26559,46.21317],[6.26615,46.2135],[6.26685,46.21369],[6.2674,46.21372],[6.26802,46.21358],[6.26851,46.21352],[6.26906,46.21361],[6.27034,46.21412],[6.27085,46.21427],[6.27181,46.21445],[6.27295,46.21472],[6.27403,46.21485],[6.27528,46.21508],[6.27661,46.2154],[6.27726,46.21569],[6.27816,46.21632],[6.2794,46.21708],[6.28146,46.21828],[6.28221,46.21866],[6.28445,46.21997],[6.2861,46.22083],[6.28775,46.22172],[6.28838,46.22215],[6.28912,46.22284],[6.28938,46.22302],[6.29025,46.22341],[6.29055,46.22368],[6.29068,46.224],[6.29064,46.22434],[6.29042,46.22464],[6.29021,46.22479],[6.2901,46.22486],[6.29005,46.22489],[6.28964,46.22512],[6.28936,46.22526],[6.28903,46.22535],[6.28902,46.22536],[6.28876,46.22539],[6.28858,46.2254],[6.28819,46.22536],[6.28817,46.22535],[6.2881,46.22534],[6.28783,46.22528],[6.28774,46.22526],[6.2875,46.22519],[6.28726,46.22515],[6.28681,46.22503],[6.28615,46.22499],[6.28534,46.22483],[6.2851,46.22484],[6.28388,46.2249],[6.28372,46.2249],[6.2834,46.22494],[6.28224,46.22518],[6.28104,46.22546],[6.28092,46.22548],[6.28017,46.22561],[6.27991,46.22561],[6.2794,46.22551],[6.27918,46.2254],[6.27864,46.22499],[6.27843,46.22488],[6.27792,46.22477],[6.27715,46.22488],[6.27669,46.22509],[6.27596,46.22517],[6.27522,46.22503],[6.27479,46.22501],[6.27384,46.22513],[6.27339,46.22509],[6.27253,46.2248],[6.27178,46.22439],[6.27102,46.22421],[6.27072,46.22409],[6.27036,46.22392],[6.2695,46.22349],[6.26927,46.22339],[6.26901,46.22333],[6.26874,46.2233],[6.26847,46.22332],[6.2682,46.22338],[6.26711,46.22371],[6.26694,46.22375],[6.26675,46.22379],[6.26651,46.22384],[6.26626,46.22385],[6.2656,46.22385],[6.26527,46.22388],[6.26496,46.22394],[6.264,46.22402],[6.26316,46.22384],[6.26278,46.22379],[6.26234,46.22378],[6.26209,46.22374],[6.26162,46.2236],[6.26097,46.2235],[6.2603,46.22359],[6.25928,46.22355],[6.25876,46.22343],[6.25803,46.22308],[6.25755,46.223],[6.25685,46.22305],[6.25616,46.2232],[6.25565,46.22317],[6.2552,46.223],[6.25476,46.2227],[6.25402,46.22245],[6.25295,46.22195],[6.25246,46.22186],[6.25196,46.22191],[6.25173,46.22198],[6.25152,46.22208],[6.25135,46.22221],[6.25122,46.22236],[6.25116,46.22245],[6.25115,46.22247],[6.25077,46.22302],[6.25026,46.22379],[6.25006,46.22412],[6.24984,46.22444],[6.24901,46.22566],[6.24896,46.22574],[6.24892,46.22578],[6.2488,46.22592],[6.24865,46.22605],[6.24849,46.22617],[6.24831,46.22627],[6.24807,46.2264],[6.2478,46.2265],[6.24732,46.22657],[6.24683,46.2265],[6.24604,46.2262],[6.24556,46.22617],[6.24439,46.22637],[6.24392,46.22634],[6.24331,46.22608],[6.24298,46.2256],[6.24269,46.22447],[6.24248,46.22413],[6.24209,46.22387],[6.24159,46.22374],[6.24101,46.22372],[6.24055,46.22357],[6.24036,46.22345],[6.24017,46.22328],[6.23876,46.22168],[6.23852,46.22148],[6.23757,46.22089],[6.2371,46.2207],[6.23646,46.22054],[6.23582,46.22015],[6.23535,46.21998],[6.23494,46.21973],[6.23478,46.21953]]]},"properties":{"bfs_nr":6635,"name":"Presinge"}},{"type":"Feature","geometry":{"type":"Polygon","coordinates":[[[6.2172,46.20974],[6.21728,46.20925],[6.21733,46.20901],[6.21735,46.20891],[6.2174,46.20879],[6.21755,46.2085],[6.21761,46.2084],[6.21769,46.20829],[6.21774,46.20824],[6.21779,46.20818],[6.21785,46.20812],[6.21794,46.20803],[6.21804,46.20795],[6.21813,46.20787],[6.21823,46.2078],[6.21826,46.20777],[6.22155,46.20538],[6.22157,46.20536],[6.22163,46.20531],[6.22168,46.20527],[6.22174,46.20521],[6.22178,46.20518],[6.22194,46.20503],[6.22199,46.20497],[6.22216,46.20478],[6.22218,46.20476],[6.22226,46.20466],[6.22234,46.20455],[6.22242,46.20441],[6.22251,46.20427],[6.2226,46.20412],[6.22281,46.20357],[6.22362,46.20248],[6.22379,46.20229],[6.22419,46.20206],[6.22468,46.20196],[6.22519,46.202],[6.22593,46.20221],[6.22656,46.20222],[6.22705,46.20231],[6.22745,46.20252],[6.22785,46.20303],[6.22839,46.20334],[6.22911,46.20346],[6.22953,46.20362],[6.22983,46.20388],[6.23005,46.20422],[6.23038,46.20445],[6.23107,46.20467],[6.23159,46.20497],[6.23239,46.20572],[6.23277,46.20595],[6.23416,46.20638],[6.23501,46.20637],[6.23559,46.20646],[6.23627,46.20643],[6.23672,46.20632],[6.23758,46.20595],[6.23882,46.20526],[6.23927,46.20515],[6.24054,46.20516],[6.24082,46.20513],[6.24146,46.20491],[6.24197,46.20484],[6.24247,46.20489],[6.24338,46.20481],[6.24406,46.20485],[6.24452,46.20502],[6.24484,46.2053],[6.24498,46.20565],[6.24497,46.20588],[6.24479,46.20667],[6.24456,46.20696],[6.24439,46.20708],[6.24415,46.20719],[6.24354,46.20743],[6.24349,46.20745],[6.24286,46.20768],[6.24169,46.20818],[6.24147,46.20829],[6.24129,46.20844],[6.24115,46.2086],[6.24108,46.20878],[6.24105,46.20897],[6.24107,46.20936],[6.2411,46.20953],[6.24131,46.20985],[6.24147,46.20999],[6.24518,46.21244],[6.24527,46.21251],[6.24533,46.21255],[6.24543,46.21265],[6.24549,46.21271],[6.24554,46.21278],[6.24584,46.21318],[6.24595,46.21336],[6.24603,46.21354],[6.24644,46.214],[6.24726,46.21521],[6.24732,46.21554],[6.2472,46.21586],[6.24692,46.21613],[6.24668,46.21626],[6.24666,46.21627],[6.24649,46.21634],[6.2462,46.21644],[6.246,46.21652],[6.24569,46.21676],[6.24533,46.21725],[6.24498,46.2175],[6.2447,46.2176],[6.24449,46.21766],[6.24444,46.21768],[6.24413,46.21776],[6.24411,46.21776],[6.24373,46.21786],[6.24343,46.21792],[6.24256,46.21783],[6.24211,46.21784],[6.2419,46.21789],[6.24088,46.21816],[6.24075,46.2182],[6.23993,46.2185],[6.23963,46.21859],[6.23911,46.21862],[6.23842,46.2184],[6.238,46.21812],[6.23751,46.21797],[6.23697,46.21798],[6.23574,46.21826],[6.23501,46.21832],[6.23454,46.21825],[6.23414,46.21805],[6.23387,46.21777],[6.23352,46.21679],[6.23322,46.2165],[6.23279,46.21629],[6.23233,46.21593],[6.23186,46.21573],[6.23132,46.21569],[6.23105,46.21573],[6.23005,46.21599],[6.2288,46.2162],[6.22856,46.21629],[6.22817,46.21656],[6.22799,46.21685],[6.22769,46.21713],[6.22725,46.21731],[6.22701,46.21735],[6.22695,46.21736],[6.22676,46.21739],[6.22645,46.21741],[6.22621,46.2174],[6.22576,46.21727],[6.22537,46.21701],[6.22427,46.21601],[6.22128,46.21353],[6.2209,46.21331],[6.22043,46.21316],[6.21995,46.21286],[6.21962,46.21251],[6.21922,46.2118],[6.21897,46.21156],[6.21735,46.21031],[6.2172,46.20996],[6.2172,46.20974]]]},"properties":{"bfs_nr":6636,"name":"Puplinge"}},{"type":"Feature","geometry":{"type":"Polygon","coordinates":[[[5.99415,46.20697],[5.99479,46.2044],[5.99488,46.20416],[5.9952,46.20385],[5.99547,46.2037],[5.99881,46.20231],[5.99907,46.20217],[6.00001,46.20153],[6.00095,46.20107],[6.00114,46.20095],[6.0013,46.20081],[6.00141,46.20065],[6.00162,46.20025],[6.00168,46.20013],[6.00181,46.1997],[6.00192,46.19949],[6.00208,46.1993],[6.00353,46.19788],[6.00367,46.19771],[6.00377,46.19733],[6.00373,46.19713],[6.00364,46.19689],[6.0035,46.19666],[6.00267,46.1957],[6.00253,46.1955],[6.00247,46.19533],[6.0025,46.19498],[6.00261,46.19477],[6.0031,46.19408],[6.00369,46.19343],[6.00439,46.19273],[6.00453,46.19256],[6.0052,46.19143],[6.00525,46.19132],[6.00586,46.18979],[6.00606,46.18949],[6.00665,46.18885],[6.00678,46.18865],[6.00685,46.18844],[6.00696,46.18765],[6.00716,46.18709],[6.00726,46.18689],[6.00757,46.18658],[6.00889,46.18568],[6.00965,46.18509],[6.00982,46.18491],[6.00993,46.18471],[6.01021,46.18392],[6.01025,46.18373],[6.01023,46.18353],[6.01,46.18272],[6.0098,46.18239],[6.00943,46.18201],[6.00919,46.18166],[6.00882,46.18086],[6.00875,46.18062],[6.00876,46.18042],[6.00885,46.18018],[6.00915,46.17962],[6.00918,46.17955],[6.0092,46.17949],[6.00969,46.17797],[6.00976,46.17764],[6.00998,46.17732],[6.01059,46.17701],[6.0111,46.17697],[6.01142,46.177],[6.01316,46.17734],[6.01354,46.17743],[6.0136,46.17744],[6.01369,46.17747],[6.01375,46.17749],[6.01384,46.17752],[6.01389,46.17754],[6.0143,46.17773],[6.01443,46.1778],[6.01455,46.17788],[6.01462,46.17793],[6.01473,46.17801],[6.01479,46.17806],[6.01482,46.17808],[6.01527,46.17845],[6.01529,46.17847],[6.01532,46.1785],[6.01537,46.17854],[6.01541,46.17858],[6.01547,46.17864],[6.0155,46.17868],[6.01556,46.17873],[6.01559,46.17878],[6.01563,46.17883],[6.01668,46.18018],[6.01671,46.18021],[6.01688,46.1804],[6.01694,46.18047],[6.01711,46.18064],[6.01718,46.1807],[6.01737,46.18085],[6.01744,46.18091],[6.01766,46.18105],[6.01774,46.18111],[6.01796,46.18124],[6.01805,46.18128],[6.01829,46.1814],[6.01838,46.18144],[6.01864,46.18155],[6.01874,46.18159],[6.01903,46.18168],[6.01908,46.1817],[6.02208,46.18259],[6.02238,46.18269],[6.02245,46.18271],[6.02276,46.18282],[6.023,46.18291],[6.02307,46.18294],[6.02359,46.18318],[6.02366,46.18321],[6.02388,46.18332],[6.02393,46.18335],[6.024,46.18339],[6.02403,46.1834],[6.02417,46.18348],[6.0242,46.1835],[6.02871,46.18617],[6.02976,46.18679],[6.03003,46.18697],[6.03016,46.18706],[6.03043,46.18728],[6.03058,46.18742],[6.03068,46.18752],[6.0308,46.18767],[6.03089,46.18778],[6.03099,46.18793],[6.03106,46.18804],[6.03114,46.1882],[6.0312,46.18832],[6.03126,46.1885],[6.0313,46.18863],[6.03134,46.1888],[6.03136,46.18893],[6.03137,46.18942],[6.03135,46.18955],[6.03132,46.18972],[6.03122,46.19002],[6.03117,46.19015],[6.03109,46.19032],[6.03102,46.19044],[6.03089,46.19063],[6.03085,46.19069],[6.02874,46.1935],[6.02871,46.19354],[6.02854,46.19381],[6.02849,46.19389],[6.02836,46.19415],[6.02833,46.19424],[6.02824,46.1945],[6.02821,46.19459],[6.02816,46.19486],[6.02815,46.19495],[6.02814,46.19523],[6.02815,46.19532],[6.02818,46.19559],[6.02819,46.19568],[6.02825,46.1959],[6.02827,46.19598],[6.02836,46.1962],[6.02839,46.19627],[6.0285,46.19649],[6.02854,46.19656],[6.02868,46.19677],[6.02873,46.19684],[6.02889,46.19704],[6.02895,46.19711],[6.02915,46.19731],[6.02918,46.19735],[6.02958,46.19772],[6.02983,46.19808],[6.02985,46.19844],[6.02966,46.19877],[6.0293,46.19903],[6.02856,46.19918],[6.02788,46.19911],[6.02684,46.19917],[6.02635,46.19932],[6.02582,46.19958],[6.02471,46.19978],[6.02379,46.20001],[6.02234,46.20003],[6.02114,46.2002],[6.02038,46.2001],[6.01986,46.20011],[6.01933,46.20022],[6.01838,46.20018],[6.01716,46.20023],[6.01673,46.20035],[6.0161,46.20073],[6.01576,46.20118],[6.01541,46.20149],[6.01523,46.20178],[6.01491,46.20207],[6.0146,46.20224],[6.0141,46.20238],[6.0136,46.2026],[6.01276,46.2031],[6.01244,46.20343],[6.01205,46.20365],[6.01132,46.20375],[6.01101,46.20371],[6.01065,46.20363],[6.01036,46.20355],[6.01012,46.20346],[6.0096,46.2034],[6.00909,46.20349],[6.00866,46.20371],[6.00841,46.20403],[6.00835,46.2044],[6.00847,46.20471],[6.00875,46.20497],[6.00914,46.20519],[6.00942,46.20547],[6.00953,46.20581],[6.00945,46.20615],[6.00932,46.20634],[6.00807,46.20776],[6.00786,46.20832],[6.00768,46.20864],[6.00734,46.20888],[6.00665,46.20904],[6.00616,46.20899],[6.00588,46.2089],[6.00431,46.20825],[6.0043,46.20824],[6.00238,46.20744],[6.00179,46.20731],[6.00077,46.20727],[6.00024,46.20733],[5.99961,46.20768],[5.99927,46.20814],[5.99885,46.20837],[5.99858,46.20844],[5.99808,46.20846],[5.99733,46.20829],[5.99686,46.20827],[5.99662,46.20831],[5.99641,46.20838],[5.99625,46.20844],[5.99616,46.20848],[5.99604,46.20853],[5.99589,46.20862],[5.99578,46.20869],[5.99567,46.20875],[5.99558,46.2088],[5.99512,46.20898],[5.99466,46.20902],[5.99412,46.20892],[5.99371,46.20871],[5.99345,46.2084],[5.99338,46.20805],[5.99351,46.20771],[5.99397,46.2073],[5.99409,46.20714],[5.99415,46.20697]]]},"properties":{"bfs_nr":6637,"name":"Russin"}},{"type":"Feature","geometry":{"type":"Polygon","coordinates":[[[5.99516,46.21221],[5.99524,46.21209],[5.99542,46.21177],[5.99549,46.21158],[5.9955,46.21139],[5.99545,46.21119],[5.99534,46.21101],[5.99493,46.21049],[5.99479,46.21027],[5.99475,46.20984],[5.99487,46.20938],[5.99512,46.20908],[5.99534,46.20893],[5.99569,46.20874],[5.99577,46.2087],[5.99586,46.20864],[5.99608,46.20852],[5.99633,46.20841],[5.9966,46.20833],[5.99706,46.20828],[5.99729,46.2083],[5.99785,46.20845],[5.99812,46.20848],[5.9984,46.20847],[5.99887,46.20841],[5.9991,46.20833],[5.99948,46.20807],[5.99984,46.20761],[6.00021,46.20739],[6.00067,46.20729],[6.00171,46.20731],[6.00245,46.20747],[6.0043,46.20824],[6.00431,46.20825],[6.00629,46.20907],[6.00687,46.20932],[6.00736,46.2094],[6.00787,46.20935],[6.0083,46.20916],[6.00859,46.20887],[6.00868,46.20834],[6.0084,46.20772],[6.00847,46.20736],[6.00861,46.20715],[6.00935,46.2063],[6.00947,46.20613],[6.00953,46.20594],[6.00954,46.20574],[6.00949,46.20557],[6.00939,46.2054],[6.00924,46.20525],[6.00876,46.20491],[6.00855,46.2046],[6.00853,46.20426],[6.0087,46.20394],[6.00902,46.20369],[6.0097,46.20351],[6.01025,46.20355],[6.01114,46.20374],[6.01138,46.20377],[6.01211,46.20368],[6.0125,46.20347],[6.01295,46.20304],[6.01364,46.20264],[6.01458,46.20233],[6.015,46.2021],[6.01522,46.20188],[6.01549,46.20145],[6.01595,46.20111],[6.01624,46.2008],[6.01713,46.20034],[6.01738,46.20027],[6.01849,46.20019],[6.01918,46.20027],[6.01986,46.20024],[6.02043,46.20033],[6.02098,46.20031],[6.02147,46.20018],[6.02231,46.20007],[6.02372,46.20004],[6.02441,46.19988],[6.02492,46.19981],[6.02602,46.19955],[6.02659,46.19926],[6.02703,46.19916],[6.02794,46.19914],[6.02844,46.19919],[6.0292,46.19941],[6.03035,46.1995],[6.03074,46.19949],[6.0315,46.19929],[6.03203,46.19927],[6.03263,46.19939],[6.03274,46.19941],[6.03294,46.19943],[6.03305,46.19945],[6.03324,46.19946],[6.03336,46.19947],[6.03356,46.19947],[6.03367,46.19947],[6.03387,46.19946],[6.03398,46.19945],[6.0342,46.19942],[6.03426,46.19941],[6.03501,46.19931],[6.03505,46.1993],[6.03555,46.19922],[6.03564,46.1992],[6.0361,46.1991],[6.03619,46.19907],[6.03664,46.19895],[6.03673,46.19892],[6.03717,46.19877],[6.03725,46.19874],[6.03767,46.19857],[6.03775,46.19854],[6.03817,46.19834],[6.03822,46.19832],[6.03831,46.19827],[6.03833,46.19826],[6.03844,46.1982],[6.03855,46.19813],[6.03865,46.19808],[6.03866,46.19807],[6.03874,46.19802],[6.03877,46.198],[6.0403,46.19703],[6.04043,46.19695],[6.04057,46.19688],[6.04061,46.19686],[6.04076,46.1968],[6.04096,46.19672],[6.04122,46.19665],[6.04138,46.19661],[6.04155,46.19658],[6.04176,46.19655],[6.04181,46.19654],[6.04188,46.19653],[6.04197,46.19651],[6.04202,46.1965],[6.04211,46.19647],[6.04215,46.19646],[6.04224,46.19643],[6.04228,46.19641],[6.04236,46.19638],[6.04241,46.19636],[6.04249,46.19633],[6.04254,46.1963],[6.04258,46.19628],[6.0463,46.19425],[6.0464,46.19419],[6.0465,46.19414],[6.04654,46.19413],[6.04664,46.19409],[6.04682,46.19402],[6.04697,46.19398],[6.04708,46.19395],[6.04715,46.19393],[6.04721,46.19392],[6.04815,46.19373],[6.04869,46.19366],[6.04881,46.19364],[6.04923,46.1936],[6.04978,46.19357],[6.0499,46.19357],[6.05033,46.19357],[6.05045,46.19357],[6.05091,46.19359],[6.05097,46.19359],[6.05203,46.19365],[6.05208,46.19366],[6.05242,46.19367],[6.05252,46.19367],[6.05283,46.19366],[6.05293,46.19366],[6.05323,46.19363],[6.05333,46.19362],[6.05364,46.19358],[6.05374,46.19356],[6.05403,46.19351],[6.05413,46.19349],[6.05444,46.19341],[6.05449,46.19339],[6.05599,46.19297],[6.05606,46.19295],[6.05634,46.19288],[6.05648,46.19285],[6.05673,46.1928],[6.05688,46.19277],[6.05712,46.19274],[6.05727,46.19272],[6.05753,46.1927],[6.05768,46.1927],[6.05793,46.19269],[6.05808,46.19269],[6.05834,46.1927],[6.05874,46.19273],[6.05925,46.19279],[6.06258,46.19336],[6.06288,46.19341],[6.06297,46.19343],[6.0632,46.19348],[6.06328,46.1935],[6.06351,46.19356],[6.0636,46.19358],[6.06382,46.19365],[6.06391,46.19368],[6.06412,46.19375],[6.06421,46.19378],[6.0644,46.19385],[6.06452,46.1939],[6.06498,46.19411],[6.06514,46.19419],[6.0657,46.19451],[6.06608,46.19476],[6.06621,46.19486],[6.06696,46.19555],[6.06706,46.19567],[6.06733,46.19601],[6.06738,46.19609],[6.06741,46.19613],[6.06743,46.19616],[6.06747,46.19623],[6.06749,46.19626],[6.06755,46.19636],[6.06759,46.19643],[6.0676,46.19646],[6.06764,46.19654],[6.06766,46.19656],[6.06769,46.19664],[6.0677,46.19666],[6.06835,46.19806],[6.06835,46.19807],[6.06845,46.19827],[6.06845,46.19828],[6.06866,46.19869],[6.06869,46.19873],[6.06892,46.19913],[6.06895,46.19917],[6.06921,46.19955],[6.06924,46.1996],[6.06953,46.19997],[6.06956,46.20001],[6.06988,46.20037],[6.06992,46.20041],[6.07028,46.20078],[6.07029,46.20079],[6.07057,46.20106],[6.0706,46.20108],[6.0707,46.20118],[6.07075,46.20122],[6.07084,46.20129],[6.07089,46.20133],[6.07105,46.20144],[6.07116,46.20151],[6.07122,46.20155],[6.07133,46.20161],[6.07139,46.20164],[6.07153,46.20171],[6.07156,46.20173],[6.07192,46.2019],[6.07218,46.20204],[6.07246,46.20233],[6.07257,46.20266],[6.07248,46.20301],[6.07191,46.20385],[6.07177,46.20416],[6.07177,46.20452],[6.07207,46.20506],[6.07213,46.20521],[6.07215,46.20545],[6.07216,46.20556],[6.07217,46.2056],[6.07219,46.20566],[6.07221,46.20571],[6.07224,46.20579],[6.07226,46.20584],[6.0723,46.2059],[6.0724,46.20606],[6.07246,46.20616],[6.07264,46.20637],[6.07311,46.20709],[6.07323,46.20729],[6.07329,46.20742],[6.07331,46.20751],[6.07332,46.20773],[6.07317,46.2081],[6.07288,46.20838],[6.07221,46.20887],[6.07177,46.20902],[6.0709,46.20909],[6.0705,46.20925],[6.0702,46.2095],[6.06956,46.21032],[6.06946,46.21047],[6.0694,46.21063],[6.06938,46.2108],[6.06941,46.21096],[6.06948,46.21112],[6.06959,46.21127],[6.06974,46.2114],[6.06992,46.21151],[6.07044,46.21177],[6.0705,46.2118],[6.07158,46.21228],[6.07226,46.21267],[6.0725,46.2129],[6.07263,46.21302],[6.07266,46.21305],[6.07273,46.2131],[6.07318,46.21344],[6.07339,46.21378],[6.07331,46.21432],[6.07301,46.21462],[6.07274,46.21476],[6.07185,46.21513],[6.07179,46.21515],[6.07164,46.21521],[6.07122,46.21538],[6.071,46.2155],[6.06947,46.21647],[6.06915,46.21677],[6.06904,46.21714],[6.06906,46.21747],[6.0689,46.21782],[6.06871,46.21801],[6.06792,46.21864],[6.06706,46.21939],[6.06486,46.22096],[6.0637,46.22178],[6.06366,46.22181],[6.06291,46.2223],[6.06283,46.22236],[6.06221,46.22286],[6.0613,46.22357],[6.06116,46.22367],[6.05953,46.2247],[6.05943,46.22477],[6.05898,46.22512],[6.05893,46.22516],[6.05886,46.22521],[6.05883,46.22523],[6.05772,46.22609],[6.0577,46.2261],[6.05563,46.22774],[6.05554,46.22781],[6.05391,46.22894],[6.05369,46.22907],[6.05327,46.22921],[6.05259,46.22928],[6.05028,46.22974],[6.04976,46.2299],[6.04896,46.23022],[6.04884,46.23026],[6.04837,46.23042],[6.04797,46.23055],[6.04767,46.23071],[6.0474,46.23084],[6.04694,46.23104],[6.04692,46.23104],[6.04609,46.23141],[6.04217,46.23329],[6.03886,46.23519],[6.0346,46.23794],[6.03414,46.23815],[6.03366,46.23821],[6.03296,46.23806],[6.03218,46.23757],[6.03035,46.23657],[6.02998,46.2363],[6.02941,46.23577],[6.02879,46.23531],[6.02779,46.23483],[6.02704,46.23435],[6.0265,46.23417],[6.02607,46.23397],[6.02561,46.23344],[6.02502,46.23314],[6.024,46.23305],[6.0235,46.23293],[6.02296,46.23268],[6.02203,46.23244],[6.02104,46.23228],[6.02042,46.23213],[6.01984,46.23185],[6.01863,46.2316],[6.01768,46.23157],[6.01714,46.2316],[6.01661,46.23154],[6.01616,46.23133],[6.01562,46.23077],[6.01518,46.23054],[6.0143,46.23043],[6.01366,46.23013],[6.01339,46.22963],[6.01338,46.2293],[6.01319,46.22895],[6.01274,46.22866],[6.0122,46.22852],[6.01135,46.22853],[6.01063,46.2283],[6.01031,46.22799],[6.00985,46.22736],[6.00916,46.2269],[6.00823,46.22646],[6.00752,46.22624],[6.00718,46.22599],[6.00698,46.22548],[6.00704,46.22455],[6.00681,46.22409],[6.00628,46.22377],[6.0054,46.22359],[6.00477,46.2234],[6.00336,46.22266],[6.00272,46.22209],[6.00177,46.22073],[6.00137,46.22046],[5.99931,46.21982],[5.99888,46.21958],[5.99865,46.21928],[5.9986,46.21894],[5.99878,46.21837],[5.99885,46.21788],[5.99886,46.21779],[5.99886,46.21761],[5.99883,46.21745],[5.99877,46.21729],[5.99851,46.21701],[5.99785,46.21665],[5.99712,46.21634],[5.99673,46.21595],[5.99649,46.21519],[5.9964,46.21469],[5.99632,46.21448],[5.99613,46.21415],[5.99597,46.21395],[5.99525,46.21325],[5.99508,46.21306],[5.995,46.21289],[5.99498,46.21254],[5.99516,46.21221]]]},"properties":{"bfs_nr":6638,"name":"Satigny"}},{"type":"Feature","geometry":{"type":"Polygon","coordinates":[[[6.07434,46.14909],[6.07467,46.14939],[6.07385,46.15022],[6.07347,46.15055],[6.07307,46.15106],[6.07302,46.15126],[6.07291,46.15155],[6.07236,46.15252],[6.07225,46.15267],[6.07215,46.15276],[6.0717,46.15307],[6.06794,46.1555],[6.0679,46.15547],[6.06616,46.1565],[6.06467,46.15735],[6.0634,46.1582],[6.06286,46.15854],[6.06132,46.15951],[6.06115,46.15959],[6.05558,46.15735],[6.05504,46.15712],[6.05472,46.15697],[6.05441,46.15681],[6.05411,46.15663],[6.05386,46.15646],[6.05355,46.15624],[6.05329,46.15603],[6.0531,46.15585],[6.05292,46.15567],[6.05273,46.15543],[6.05101,46.15315],[6.05058,46.15262],[6.05019,46.15206],[6.04837,46.14971],[6.04831,46.14971],[6.04753,46.15031],[6.04727,46.15057],[6.04636,46.15157],[6.04606,46.15187],[6.04585,46.15203],[6.04573,46.1521],[6.04491,46.15251],[6.04459,46.15259],[6.04355,46.15281],[6.04228,46.15296],[6.04207,46.15277],[6.04153,46.15227],[6.04125,46.1521],[6.04125,46.15206],[6.0412,46.15204],[6.04116,46.15203],[6.0409,46.15183],[6.04066,46.15169],[6.04014,46.15145],[6.03989,46.1513],[6.03955,46.15108],[6.03918,46.1509],[6.03908,46.15095],[6.03857,46.15135],[6.03619,46.14983],[6.0364,46.14956],[6.03652,46.14937],[6.03697,46.14848],[6.03687,46.14831],[6.03562,46.1477],[6.03372,46.14678],[6.02958,46.14466],[6.02906,46.14437],[6.02831,46.14385],[6.02745,46.14321],[6.02742,46.14313],[6.02728,46.14315],[6.02715,46.14314],[6.02707,46.14309],[6.02712,46.143],[6.02696,46.14277],[6.02658,46.14255],[6.02648,46.14254],[6.02647,46.14258],[6.02637,46.14257],[6.02603,46.14237],[6.02574,46.14205],[6.02576,46.14201],[6.02566,46.14179],[6.02528,46.14148],[6.02434,46.14105],[6.02376,46.14055],[6.0239,46.14038],[6.02525,46.14041],[6.02575,46.14033],[6.02619,46.14012],[6.02729,46.14003],[6.02788,46.1402],[6.02803,46.14038],[6.02845,46.14044],[6.02849,46.14021],[6.02831,46.14012],[6.02823,46.13974],[6.02855,46.13979],[6.02881,46.13966],[6.02904,46.13938],[6.02929,46.13938],[6.02965,46.13961],[6.02995,46.13951],[6.02985,46.13921],[6.03048,46.13907],[6.03091,46.13945],[6.03149,46.13947],[6.0317,46.13922],[6.03155,46.13889],[6.03167,46.13867],[6.0314,46.13807],[6.0316,46.13805],[6.03199,46.13839],[6.03275,46.13877],[6.03298,46.13873],[6.03303,46.13859],[6.03285,46.1383],[6.03248,46.13792],[6.03291,46.13771],[6.03339,46.13798],[6.03367,46.13786],[6.03344,46.13754],[6.03341,46.13726],[6.03365,46.1371],[6.03359,46.13679],[6.03343,46.13662],[6.03367,46.13653],[6.03434,46.13688],[6.03463,46.13668],[6.03428,46.13616],[6.03436,46.13589],[6.03466,46.13558],[6.03494,46.13472],[6.03539,46.13433],[6.03547,46.13482],[6.0356,46.13513],[6.03589,46.13608],[6.03598,46.13608],[6.03619,46.13683],[6.03684,46.13773],[6.03717,46.13806],[6.03797,46.13863],[6.0393,46.13964],[6.03967,46.13979],[6.04074,46.13989],[6.04116,46.14005],[6.04204,46.1408],[6.04248,46.14141],[6.04282,46.14124],[6.04491,46.14009],[6.04508,46.13997],[6.0469,46.14176],[6.04761,46.1422],[6.04704,46.14257],[6.04755,46.14413],[6.04852,46.14712],[6.05226,46.15134],[6.06067,46.15118],[6.07234,46.14994],[6.07434,46.14909]]]},"properties":{"bfs_nr":6639,"name":"Soral"}},{"type":"Feature","geometry":{"type":"Polygon","coordinates":[[[6.18296,46.18335],[6.18319,46.18301],[6.18366,46.1827],[6.18402,46.18225],[6.18407,46.18193],[6.18392,46.18127],[6.18371,46.18096],[6.18337,46.18071],[6.18313,46.18042],[6.18305,46.18009],[6.18316,46.17976],[6.18344,46.17948],[6.18385,46.1793],[6.18459,46.17917],[6.18486,46.17911],[6.18541,46.1789],[6.18592,46.17885],[6.18662,46.17904],[6.18695,46.1793],[6.18711,46.17964],[6.18711,46.17994],[6.18737,46.18046],[6.18848,46.18124],[6.18918,46.18138],[6.18977,46.18132],[6.19075,46.18137],[6.19144,46.18161],[6.1918,46.18197],[6.19214,46.18218],[6.1928,46.18242],[6.19332,46.18277],[6.19378,46.18296],[6.19477,46.18381],[6.19518,46.18401],[6.19567,46.18408],[6.19615,46.18403],[6.19674,46.18383],[6.19733,46.18376],[6.19782,46.18383],[6.19823,46.18401],[6.19848,46.18423],[6.19874,46.18463],[6.1988,46.18514],[6.1989,46.18532],[6.19925,46.18561],[6.19995,46.18597],[6.20079,46.18659],[6.20138,46.18687],[6.20177,46.18734],[6.20181,46.18782],[6.20197,46.18816],[6.2024,46.18869],[6.20273,46.18896],[6.20357,46.18922],[6.20409,46.18949],[6.20454,46.18989],[6.20468,46.19025],[6.20475,46.19081],[6.20522,46.19152],[6.20561,46.19177],[6.20723,46.1924],[6.20794,46.19248],[6.20874,46.19273],[6.20913,46.19279],[6.20996,46.19282],[6.21064,46.19279],[6.2111,46.19288],[6.21204,46.1934],[6.21273,46.194],[6.21313,46.19419],[6.21383,46.1943],[6.21443,46.19455],[6.21557,46.19489],[6.21592,46.19511],[6.21613,46.19541],[6.21621,46.19588],[6.21643,46.19655],[6.21682,46.19711],[6.21714,46.19746],[6.21749,46.19797],[6.21816,46.19839],[6.21866,46.19854],[6.21964,46.19851],[6.22032,46.19864],[6.22123,46.19903],[6.22154,46.19933],[6.22164,46.1997],[6.22166,46.20019],[6.22209,46.20064],[6.22341,46.20116],[6.22374,46.20143],[6.22389,46.20176],[6.22385,46.20211],[6.22374,46.20232],[6.22249,46.20399],[6.22243,46.20435],[6.22234,46.20454],[6.22224,46.20469],[6.22216,46.20479],[6.222,46.20496],[6.22193,46.20504],[6.22179,46.20517],[6.22174,46.20522],[6.22169,46.20526],[6.22161,46.20532],[6.22158,46.20535],[6.22154,46.20538],[6.21826,46.20778],[6.21824,46.20779],[6.21813,46.20788],[6.21811,46.20789],[6.21802,46.20796],[6.21796,46.20802],[6.21789,46.20808],[6.21786,46.20812],[6.21778,46.20819],[6.21775,46.20823],[6.21768,46.20831],[6.21765,46.20835],[6.2176,46.20841],[6.21756,46.20848],[6.21751,46.20855],[6.21749,46.20859],[6.21745,46.20867],[6.21742,46.20873],[6.21739,46.2088],[6.21737,46.20885],[6.21735,46.20892],[6.21733,46.20899],[6.21721,46.20942],[6.21695,46.20973],[6.21654,46.20994],[6.21603,46.21003],[6.21531,46.21006],[6.21488,46.21021],[6.21457,46.21047],[6.21436,46.2108],[6.21407,46.21105],[6.21393,46.21114],[6.21389,46.21115],[6.21304,46.21156],[6.21274,46.21168],[6.2125,46.21173],[6.21201,46.21174],[6.21155,46.21162],[6.21118,46.21143],[6.21093,46.2113],[6.21068,46.2112],[6.21038,46.21112],[6.2101,46.21102],[6.20979,46.21092],[6.20949,46.21084],[6.2081,46.21063],[6.20735,46.21057],[6.20675,46.21049],[6.206,46.21032],[6.20588,46.21029],[6.20571,46.21025],[6.20531,46.2101],[6.20515,46.21005],[6.20489,46.20997],[6.20463,46.20985],[6.20445,46.20973],[6.20421,46.20943],[6.20414,46.20909],[6.20427,46.20876],[6.20482,46.20818],[6.20491,46.208],[6.20494,46.20781],[6.20494,46.20594],[6.20493,46.20581],[6.2047,46.20475],[6.20474,46.20443],[6.20465,46.20405],[6.20423,46.20353],[6.20417,46.20319],[6.20428,46.20287],[6.20447,46.20265],[6.20458,46.20248],[6.20518,46.20125],[6.20525,46.2009],[6.20512,46.20057],[6.20488,46.20026],[6.2048,46.19992],[6.20489,46.19945],[6.20477,46.19912],[6.20448,46.19884],[6.2043,46.19873],[6.20412,46.19864],[6.20365,46.19844],[6.20347,46.19833],[6.20323,46.19804],[6.20315,46.19771],[6.20319,46.1973],[6.20282,46.19648],[6.20248,46.1962],[6.20201,46.19604],[6.20186,46.19602],[6.2016,46.19599],[6.20104,46.19592],[6.20073,46.19586],[6.20031,46.19567],[6.20015,46.19554],[6.20002,46.19539],[6.19992,46.19519],[6.19887,46.1921],[6.19864,46.19145],[6.19845,46.19115],[6.19811,46.19092],[6.19768,46.19079],[6.19715,46.19076],[6.1967,46.19065],[6.19625,46.19041],[6.19579,46.19028],[6.19529,46.19027],[6.19484,46.19038],[6.19418,46.19061],[6.1932,46.1907],[6.19247,46.19094],[6.19197,46.19099],[6.19148,46.19091],[6.19058,46.19057],[6.19001,46.19043],[6.18954,46.19025],[6.18914,46.19012],[6.18884,46.19005],[6.18853,46.19004],[6.18771,46.19007],[6.18722,46.19004],[6.18676,46.18991],[6.18641,46.18968],[6.18615,46.18933],[6.18601,46.189],[6.18575,46.18874],[6.18529,46.18849],[6.18471,46.18799],[6.18436,46.18744],[6.18365,46.18659],[6.18355,46.18626],[6.18358,46.18585],[6.18348,46.18532],[6.1833,46.18492],[6.18322,46.18438],[6.1829,46.18389],[6.18288,46.18355],[6.18296,46.18335]]]},"properties":{"bfs_nr":6640,"name":"Th\u00f4nex"}},{"type":"Feature","geometry":{"type":"Polygon","coordinates":[[[6.13892,46.15197],[6.13878,46.15156],[6.13879,46.15138],[6.13894,46.15105],[6.13947,46.15069],[6.14044,46.15042],[6.14133,46.15002],[6.1418,46.14989],[6.14228,46.14984],[6.14253,46.14976],[6.14302,46.14948],[6.14406,46.14897],[6.14448,46.14862],[6.14518,46.14832],[6.14554,46.14812],[6.14602,46.148],[6.14653,46.14802],[6.14718,46.1483],[6.14736,46.14849],[6.1484,46.14978],[6.1489,46.15013],[6.14939,46.15029],[6.14983,46.15051],[6.15076,46.15089],[6.15136,46.15118],[6.1537,46.15214],[6.15411,46.15224],[6.15633,46.15254],[6.15682,46.15259],[6.1574,46.15273],[6.15774,46.15295],[6.15807,46.15329],[6.15848,46.1535],[6.15972,46.15389],[6.16138,46.15449],[6.16381,46.15535],[6.16715,46.15663],[6.16829,46.15706],[6.16888,46.15717],[6.17059,46.15719],[6.17216,46.15735],[6.17367,46.15768],[6.17419,46.15788],[6.1745,46.15818],[6.17461,46.15854],[6.1745,46.15893],[6.17427,46.1592],[6.17371,46.1597],[6.17341,46.16005],[6.17321,46.16024],[6.1728,46.16045],[6.1723,46.16053],[6.17198,46.16052],[6.1684,46.1601],[6.16813,46.16009],[6.16774,46.16008],[6.16517,46.15978],[6.16511,46.15977],[6.16456,46.1597],[6.16428,46.15965],[6.16403,46.15963],[6.16352,46.15969],[6.16309,46.15988],[6.16031,46.16174],[6.1596,46.16216],[6.15764,46.16347],[6.15747,46.1636],[6.15735,46.16375],[6.15724,46.16409],[6.15732,46.16443],[6.15763,46.165],[6.15747,46.1655],[6.15715,46.16576],[6.15694,46.16586],[6.15649,46.16599],[6.1563,46.16607],[6.15576,46.1664],[6.15502,46.16655],[6.15449,46.16649],[6.154,46.16651],[6.15347,46.16669],[6.15289,46.16697],[6.15281,46.16702],[6.15263,46.16712],[6.15244,46.1672],[6.15233,46.16725],[6.1523,46.16727],[6.15209,46.16736],[6.15202,46.1674],[6.15192,46.16745],[6.15161,46.16762],[6.1503,46.16822],[6.14942,46.16866],[6.14902,46.1688],[6.1488,46.16883],[6.14854,46.16883],[6.1483,46.16881],[6.14827,46.1688],[6.14789,46.16876],[6.14724,46.16859],[6.14675,46.16859],[6.14611,46.1687],[6.14478,46.16871],[6.14396,46.16857],[6.14267,46.16851],[6.14192,46.1683],[6.14136,46.16822],[6.14096,46.16805],[6.14067,46.16778],[6.14037,46.16703],[6.14016,46.16641],[6.14005,46.16605],[6.14004,46.16601],[6.14002,46.16595],[6.14,46.16588],[6.13999,46.16585],[6.13972,46.16502],[6.1397,46.16493],[6.13964,46.16468],[6.13957,46.16446],[6.1393,46.16372],[6.13916,46.16337],[6.13909,46.1631],[6.1389,46.16177],[6.1389,46.1617],[6.13889,46.16165],[6.13888,46.16158],[6.13882,46.16122],[6.1388,46.16086],[6.13856,46.15971],[6.13855,46.1596],[6.13854,46.15952],[6.13854,46.15936],[6.13855,46.15923],[6.13859,46.15903],[6.13866,46.1588],[6.13869,46.15874],[6.13877,46.1586],[6.13884,46.15849],[6.13906,46.15818],[6.13908,46.15815],[6.1393,46.1578],[6.13932,46.15776],[6.13956,46.15733],[6.13964,46.15715],[6.13973,46.15681],[6.1397,46.1565],[6.13956,46.15617],[6.13928,46.155],[6.13915,46.1546],[6.13915,46.15402],[6.13919,46.15366],[6.1392,46.15362],[6.1392,46.1535],[6.1392,46.15343],[6.13919,46.15332],[6.13918,46.15323],[6.13905,46.15263],[6.13903,46.15257],[6.13897,46.15213],[6.13892,46.15197]]]},"properties":{"bfs_nr":6641,"name":"Troinex"}},{"type":"Feature","geometry":{"type":"Polygon","coordinates":[[[6.18872,46.22011],[6.1895,46.21966],[6.18975,46.21937],[6.18981,46.2192],[6.18982,46.21904],[6.18979,46.21887],[6.18971,46.21871],[6.18962,46.21857],[6.1896,46.21854],[6.18956,46.21848],[6.1894,46.21831],[6.18923,46.21816],[6.18912,46.21807],[6.18897,46.21795],[6.18884,46.21781],[6.18871,46.21749],[6.18876,46.21716],[6.18898,46.21686],[6.19009,46.21604],[6.19041,46.21575],[6.19053,46.21562],[6.19062,46.21548],[6.19067,46.21532],[6.1908,46.2147],[6.19074,46.21435],[6.19052,46.21404],[6.19042,46.21368],[6.19054,46.21332],[6.19085,46.21297],[6.19395,46.20908],[6.19396,46.20907],[6.19498,46.20772],[6.19535,46.20741],[6.19582,46.20724],[6.19634,46.20722],[6.19665,46.20727],[6.19729,46.20745],[6.19761,46.20753],[6.19785,46.20757],[6.19807,46.20764],[6.19845,46.20783],[6.19889,46.20795],[6.19936,46.20795],[6.20005,46.20772],[6.20054,46.20763],[6.20104,46.20768],[6.20147,46.20786],[6.20193,46.20832],[6.20213,46.2085],[6.20262,46.20883],[6.20339,46.20908],[6.20395,46.20937],[6.20421,46.20963],[6.20463,46.20988],[6.20494,46.20999],[6.20509,46.21003],[6.20565,46.21023],[6.20592,46.2103],[6.20615,46.21036],[6.2068,46.2105],[6.20697,46.21052],[6.20736,46.21057],[6.20814,46.21064],[6.20942,46.21083],[6.20987,46.21094],[6.21043,46.21114],[6.21066,46.21121],[6.21078,46.21124],[6.211,46.21133],[6.21115,46.21141],[6.21156,46.21163],[6.21202,46.21175],[6.21251,46.21174],[6.21275,46.21168],[6.21297,46.2116],[6.2139,46.21115],[6.21393,46.21114],[6.21396,46.21112],[6.2141,46.21104],[6.21425,46.21092],[6.21455,46.2106],[6.21494,46.21039],[6.21568,46.21029],[6.21616,46.21039],[6.21655,46.21062],[6.21683,46.2111],[6.21672,46.21198],[6.21676,46.21232],[6.21699,46.21263],[6.21731,46.21285],[6.21848,46.21378],[6.21913,46.21449],[6.21941,46.21501],[6.21947,46.21517],[6.21954,46.21537],[6.21957,46.21552],[6.21959,46.21569],[6.21958,46.21586],[6.21955,46.21615],[6.21953,46.21629],[6.21952,46.21638],[6.21952,46.21646],[6.21953,46.21654],[6.21954,46.21664],[6.21955,46.21671],[6.21958,46.21681],[6.21959,46.21687],[6.21983,46.21757],[6.21986,46.21766],[6.21988,46.21775],[6.21991,46.21798],[6.21988,46.21817],[6.21966,46.21851],[6.21927,46.2188],[6.21914,46.21891],[6.21903,46.21901],[6.21868,46.2194],[6.21864,46.21945],[6.21829,46.21981],[6.21826,46.21984],[6.218,46.22008],[6.21774,46.22029],[6.21759,46.22042],[6.21748,46.22055],[6.21687,46.2215],[6.21678,46.22169],[6.2168,46.2221],[6.21687,46.22224],[6.21711,46.22262],[6.21713,46.22265],[6.21738,46.22308],[6.21739,46.22309],[6.21767,46.2236],[6.21768,46.22363],[6.21802,46.22426],[6.2181,46.22446],[6.21812,46.22463],[6.2179,46.22511],[6.21771,46.22527],[6.21749,46.22543],[6.21729,46.22555],[6.21714,46.22563],[6.21683,46.22575],[6.21625,46.22594],[6.21602,46.226],[6.21578,46.22604],[6.21553,46.22605],[6.21523,46.22604],[6.21515,46.22605],[6.21492,46.22605],[6.21471,46.22607],[6.21427,46.22613],[6.21382,46.22609],[6.21321,46.22594],[6.21262,46.22595],[6.21238,46.226],[6.21212,46.22608],[6.21164,46.22626],[6.21127,46.22645],[6.211,46.22657],[6.21084,46.22663],[6.21078,46.22665],[6.21061,46.22672],[6.21057,46.22674],[6.21042,46.22681],[6.21031,46.22686],[6.21006,46.227],[6.20927,46.22756],[6.20876,46.22773],[6.20801,46.22817],[6.20657,46.22908],[6.20641,46.2292],[6.2058,46.22988],[6.20568,46.23007],[6.20542,46.23056],[6.20529,46.23075],[6.20497,46.231],[6.20455,46.23115],[6.20406,46.23121],[6.20355,46.23137],[6.20335,46.23151],[6.20263,46.23209],[6.20218,46.23227],[6.20166,46.23232],[6.20095,46.23211],[6.20072,46.23195],[6.20039,46.23167],[6.19864,46.23017],[6.19863,46.23017],[6.19719,46.22892],[6.19578,46.22774],[6.19343,46.22573],[6.19227,46.22473],[6.19035,46.22309],[6.18931,46.22221],[6.18928,46.22218],[6.18883,46.22178],[6.18874,46.2217],[6.18856,46.22151],[6.18842,46.22134],[6.18828,46.22114],[6.18821,46.22078],[6.18825,46.2206],[6.18849,46.22027],[6.18872,46.22011]]]},"properties":{"bfs_nr":6642,"name":"Vandoeuvres"}},{"type":"Feature","geometry":{"type":"Polygon","coordinates":[[[6.06998,46.2098],[6.07015,46.20958],[6.07053,46.20933],[6.07102,46.2092],[6.07157,46.20917],[6.07203,46.20901],[6.07222,46.20889],[6.07289,46.20837],[6.07318,46.20809],[6.07328,46.20791],[6.07333,46.20773],[6.07332,46.20754],[6.07329,46.20744],[6.07328,46.2074],[6.07324,46.20731],[6.07321,46.20725],[6.07318,46.2072],[6.07311,46.2071],[6.07254,46.20623],[6.07243,46.20609],[6.07231,46.20593],[6.07231,46.20592],[6.07226,46.20582],[6.07225,46.20581],[6.0722,46.20569],[6.07217,46.20559],[6.07215,46.20545],[6.07215,46.20504],[6.0719,46.20457],[6.07182,46.2042],[6.07191,46.20389],[6.07222,46.2035],[6.0726,46.20329],[6.07308,46.20317],[6.07364,46.20294],[6.07408,46.20264],[6.07455,46.20246],[6.07489,46.20241],[6.07663,46.20231],[6.0769,46.2023],[6.07706,46.2023],[6.07722,46.2023],[6.07737,46.20231],[6.07768,46.20234],[6.07784,46.20236],[6.07799,46.20239],[6.07829,46.20245],[6.07844,46.20249],[6.07858,46.20253],[6.07895,46.20266],[6.07931,46.20283],[6.07942,46.20289],[6.07953,46.20295],[6.07964,46.20301],[6.07974,46.20308],[6.07986,46.20317],[6.07991,46.20321],[6.08092,46.20398],[6.08094,46.204],[6.08107,46.20411],[6.08112,46.20414],[6.08123,46.20424],[6.08127,46.20428],[6.08138,46.20438],[6.08142,46.20442],[6.08153,46.20452],[6.08157,46.20456],[6.08167,46.20467],[6.0817,46.20471],[6.0818,46.20483],[6.08182,46.20485],[6.0839,46.20735],[6.08391,46.20736],[6.08406,46.20753],[6.08407,46.20755],[6.08423,46.20772],[6.08425,46.20774],[6.08441,46.20791],[6.08443,46.20793],[6.0846,46.20809],[6.08462,46.20811],[6.0848,46.20827],[6.08482,46.20829],[6.08501,46.20846],[6.08502,46.20847],[6.08607,46.20935],[6.08608,46.20936],[6.08625,46.2095],[6.08628,46.20952],[6.08646,46.20966],[6.08649,46.20968],[6.08668,46.20981],[6.08671,46.20983],[6.08691,46.20996],[6.08694,46.20998],[6.08714,46.2101],[6.08717,46.21012],[6.08739,46.21025],[6.08741,46.21026],[6.08844,46.21083],[6.08848,46.21085],[6.08862,46.21093],[6.08871,46.21097],[6.08884,46.21102],[6.08894,46.21106],[6.08907,46.21111],[6.08917,46.21114],[6.08931,46.21118],[6.08942,46.2112],[6.08956,46.21124],[6.08967,46.21125],[6.08982,46.21128],[6.08992,46.21129],[6.09008,46.2113],[6.09018,46.21131],[6.09033,46.21131],[6.09045,46.21131],[6.09061,46.21131],[6.09072,46.2113],[6.09088,46.21129],[6.09099,46.21128],[6.09115,46.21125],[6.09126,46.21123],[6.09141,46.2112],[6.09152,46.21117],[6.09166,46.21113],[6.09177,46.21109],[6.09191,46.21104],[6.09201,46.211],[6.09214,46.21094],[6.09224,46.2109],[6.09236,46.21083],[6.09245,46.21078],[6.09257,46.2107],[6.09265,46.21065],[6.09275,46.21056],[6.09283,46.2105],[6.09292,46.21042],[6.09299,46.21035],[6.09309,46.21023],[6.09311,46.21021],[6.09345,46.20981],[6.09348,46.20977],[6.09357,46.20966],[6.09362,46.20958],[6.09368,46.20948],[6.09372,46.2094],[6.09379,46.20921],[6.09384,46.20902],[6.09385,46.20892],[6.09386,46.20883],[6.09386,46.20873],[6.09385,46.20864],[6.09383,46.20853],[6.09381,46.20845],[6.09378,46.20834],[6.09376,46.20827],[6.09374,46.20823],[6.09373,46.2082],[6.09369,46.20811],[6.09366,46.20806],[6.09364,46.20803],[6.09361,46.20798],[6.09359,46.20794],[6.09355,46.2079],[6.09353,46.20786],[6.09349,46.20781],[6.09347,46.20779],[6.09269,46.20684],[6.09266,46.20681],[6.09262,46.20676],[6.09259,46.20672],[6.09256,46.20667],[6.09253,46.20663],[6.0925,46.20658],[6.09247,46.20654],[6.09244,46.20649],[6.09241,46.20644],[6.09236,46.20635],[6.09234,46.20629],[6.09232,46.20626],[6.09095,46.20315],[6.09094,46.20313],[6.09088,46.20298],[6.09087,46.20296],[6.09081,46.20282],[6.0908,46.20279],[6.09075,46.20265],[6.09074,46.20262],[6.09069,46.20248],[6.09068,46.20245],[6.09064,46.2023],[6.09063,46.20228],[6.0906,46.20212],[6.09059,46.20211],[6.09046,46.20155],[6.09045,46.20152],[6.09042,46.20138],[6.09041,46.20132],[6.09039,46.20118],[6.09038,46.20113],[6.09037,46.20099],[6.09036,46.20074],[6.09037,46.20061],[6.09037,46.20055],[6.09038,46.2004],[6.09039,46.20037],[6.09052,46.19932],[6.09053,46.19928],[6.09053,46.19924],[6.09053,46.19916],[6.09053,46.19913],[6.09052,46.19905],[6.09051,46.19903],[6.09049,46.19895],[6.09048,46.19893],[6.09045,46.19885],[6.09044,46.19883],[6.0904,46.19875],[6.09039,46.19873],[6.09034,46.19866],[6.09032,46.19864],[6.09027,46.19857],[6.09025,46.19855],[6.09018,46.19848],[6.09016,46.19847],[6.09008,46.19841],[6.09006,46.19839],[6.08998,46.19833],[6.08995,46.19832],[6.08986,46.19827],[6.08981,46.19824],[6.08976,46.19822],[6.08833,46.19755],[6.08819,46.19748],[6.088,46.19736],[6.08775,46.1972],[6.08764,46.19711],[6.08744,46.19692],[6.08736,46.19682],[6.08721,46.19661],[6.08715,46.1965],[6.08706,46.19628],[6.08702,46.19616],[6.08699,46.19593],[6.08698,46.19581],[6.08701,46.19558],[6.08703,46.19546],[6.08712,46.19524],[6.0872,46.19507],[6.08726,46.19496],[6.0875,46.19458],[6.08757,46.19448],[6.0877,46.19432],[6.08786,46.19414],[6.08798,46.19403],[6.08832,46.19378],[6.0889,46.19348],[6.08915,46.19338],[6.09008,46.193],[6.09014,46.19297],[6.09064,46.19278],[6.09078,46.19274],[6.09127,46.19259],[6.09141,46.19255],[6.09191,46.19243],[6.09206,46.1924],[6.09257,46.19231],[6.09273,46.19228],[6.09325,46.19222],[6.09341,46.19221],[6.09437,46.19216],[6.09494,46.19217],[6.09501,46.19218],[6.09526,46.19219],[6.09533,46.1922],[6.09697,46.1924],[6.09714,46.19242],[6.09721,46.19244],[6.09738,46.19247],[6.0975,46.19249],[6.09758,46.19251],[6.09768,46.19254],[6.09776,46.19256],[6.09787,46.19259],[6.09794,46.19261],[6.09805,46.19265],[6.09812,46.19267],[6.09822,46.19271],[6.0983,46.19273],[6.09838,46.19277],[6.09848,46.19281],[6.09861,46.19287],[6.09871,46.19292],[6.09884,46.19299],[6.09894,46.19304],[6.09915,46.19316],[6.09926,46.19324],[6.09935,46.1933],[6.09946,46.19338],[6.09954,46.19345],[6.09966,46.19355],[6.09969,46.19358],[6.10023,46.19407],[6.10037,46.1942],[6.10052,46.19434],[6.10053,46.19435],[6.10065,46.19447],[6.10067,46.19449],[6.10079,46.19461],[6.10081,46.19463],[6.10092,46.19475],[6.10094,46.19477],[6.10106,46.1949],[6.10106,46.19491],[6.10214,46.19612],[6.10282,46.19685],[6.10331,46.19734],[6.10358,46.1976],[6.10383,46.19783],[6.10384,46.19784],[6.10581,46.19961],[6.10599,46.19979],[6.10607,46.19987],[6.10612,46.19993],[6.10663,46.20064],[6.10666,46.20068],[6.10668,46.2007],[6.1067,46.20073],[6.10672,46.20075],[6.10675,46.20079],[6.10676,46.20081],[6.10678,46.20083],[6.10682,46.20087],[6.10686,46.20091],[6.10689,46.20094],[6.10694,46.20099],[6.10697,46.20102],[6.10702,46.20106],[6.10706,46.20109],[6.10713,46.20115],[6.10714,46.20116],[6.10784,46.20171],[6.10786,46.20172],[6.10799,46.20183],[6.10803,46.20185],[6.10817,46.20195],[6.1082,46.20197],[6.10834,46.20206],[6.10838,46.20209],[6.10854,46.20218],[6.10856,46.20219],[6.109,46.20244],[6.10925,46.20256],[6.11001,46.20279],[6.11053,46.20319],[6.11064,46.20355],[6.11052,46.20401],[6.11032,46.20499],[6.11026,46.20534],[6.11026,46.20551],[6.11037,46.20583],[6.11083,46.20629],[6.11119,46.20675],[6.11158,46.20729],[6.1116,46.20731],[6.11193,46.2078],[6.11201,46.20791],[6.11207,46.20801],[6.11211,46.2081],[6.11214,46.20814],[6.11228,46.20836],[6.1123,46.20839],[6.11237,46.2085],[6.11244,46.20858],[6.11245,46.2086],[6.11249,46.20864],[6.11287,46.20902],[6.11289,46.20904],[6.11411,46.21023],[6.11455,46.21075],[6.11479,46.21127],[6.1155,46.2119],[6.1157,46.21211],[6.11574,46.21215],[6.11583,46.21226],[6.11588,46.21231],[6.11613,46.21262],[6.11622,46.21278],[6.11635,46.21305],[6.11786,46.21512],[6.11829,46.21586],[6.11829,46.21622],[6.11791,46.21669],[6.11725,46.21698],[6.11718,46.21702],[6.11702,46.21709],[6.11695,46.21714],[6.11676,46.21724],[6.11675,46.21725],[6.11649,46.21741],[6.11645,46.21743],[6.11633,46.21751],[6.11619,46.21762],[6.11586,46.21793],[6.11568,46.21812],[6.11515,46.21871],[6.11442,46.21975],[6.11436,46.21993],[6.11436,46.22012],[6.11441,46.2203],[6.11451,46.22047],[6.11467,46.22062],[6.11486,46.22075],[6.115,46.22083],[6.11502,46.22084],[6.11544,46.22105],[6.11547,46.22106],[6.11549,46.22107],[6.11589,46.22136],[6.11608,46.22169],[6.11606,46.22204],[6.11585,46.22236],[6.11548,46.2226],[6.11508,46.22274],[6.11448,46.22297],[6.11431,46.22308],[6.11305,46.22403],[6.11283,46.22418],[6.11239,46.22432],[6.11191,46.22435],[6.11124,46.22416],[6.11011,46.22335],[6.10969,46.22315],[6.10915,46.22303],[6.10851,46.22267],[6.10806,46.22255],[6.10722,46.22256],[6.10672,46.22243],[6.10646,46.22229],[6.1056,46.22174],[6.10551,46.22168],[6.10503,46.22132],[6.10502,46.22131],[6.10438,46.22083],[6.10422,46.2207],[6.10415,46.22064],[6.10396,46.22053],[6.10375,46.22044],[6.10351,46.22039],[6.10327,46.22036],[6.10302,46.22037],[6.10281,46.2204],[6.10211,46.22054],[6.10189,46.2206],[6.10113,46.22086],[6.09711,46.22196],[6.09483,46.22258],[6.09336,46.22298],[6.09128,46.22355],[6.09127,46.22355],[6.09055,46.22375],[6.09053,46.22375],[6.0894,46.22405],[6.08899,46.22416],[6.08867,46.22422],[6.08841,46.22423],[6.08789,46.22415],[6.08748,46.22392],[6.08722,46.2236],[6.08717,46.22342],[6.08724,46.22265],[6.08719,46.22247],[6.08673,46.22201],[6.08606,46.22174],[6.08472,46.22081],[6.08453,46.2207],[6.08431,46.22062],[6.08408,46.22057],[6.08384,46.22055],[6.0836,46.22056],[6.08336,46.2206],[6.08314,46.22067],[6.0828,46.22082],[6.08246,46.22096],[6.08238,46.221],[6.08223,46.22105],[6.08216,46.22108],[6.08202,46.22113],[6.08193,46.22116],[6.08173,46.22122],[6.08164,46.22125],[6.08147,46.22129],[6.08135,46.22132],[6.08059,46.22148],[6.08031,46.22153],[6.07987,46.22158],[6.07941,46.22161],[6.07934,46.22162],[6.07898,46.22164],[6.0789,46.22164],[6.07847,46.22165],[6.0784,46.22165],[6.0782,46.22165],[6.07815,46.22165],[6.07767,46.22165],[6.07763,46.22165],[6.07715,46.22163],[6.07684,46.2216],[6.0764,46.22146],[6.07606,46.22121],[6.07582,46.22092],[6.07532,46.22064],[6.07499,46.22018],[6.07501,46.21984],[6.0752,46.21952],[6.07559,46.21918],[6.07574,46.21887],[6.07564,46.21837],[6.07536,46.2181],[6.07472,46.2177],[6.07423,46.21758],[6.07397,46.21757],[6.07371,46.2176],[6.07347,46.21766],[6.07325,46.21776],[6.07273,46.21811],[6.07228,46.21827],[6.07178,46.2183],[6.0713,46.21818],[6.07104,46.21806],[6.07068,46.21784],[6.07066,46.21783],[6.07011,46.2175],[6.0699,46.21735],[6.06967,46.21705],[6.06962,46.21671],[6.06988,46.21625],[6.07095,46.21553],[6.07129,46.21536],[6.07184,46.21513],[6.0728,46.21473],[6.07301,46.21462],[6.07332,46.21432],[6.0734,46.21378],[6.07319,46.21344],[6.07301,46.2133],[6.07285,46.21319],[6.07271,46.21308],[6.07263,46.21301],[6.07252,46.21291],[6.07244,46.21283],[6.07239,46.21278],[6.07227,46.21266],[6.07158,46.21229],[6.07051,46.2118],[6.07043,46.21177],[6.06997,46.21153],[6.06974,46.2114],[6.06948,46.21112],[6.06939,46.2108],[6.06946,46.21047],[6.06959,46.21029],[6.06998,46.2098]]]},"properties":{"bfs_nr":6643,"name":"Vernier"}},{"type":"Feature","geometry":{"type":"Polygon","coordinates":[[[6.11897,46.30241],[6.11912,46.3019],[6.11939,46.30156],[6.11998,46.30107],[6.12041,46.3009],[6.12087,46.3008],[6.12128,46.30059],[6.12151,46.30033],[6.12175,46.29982],[6.12175,46.29927],[6.1214,46.29882],[6.12098,46.29853],[6.12074,46.29821],[6.12071,46.29784],[6.12089,46.2975],[6.12126,46.29724],[6.12184,46.297],[6.12598,46.29468],[6.12614,46.29459],[6.13261,46.29168],[6.13299,46.29142],[6.13324,46.29088],[6.13334,46.29023],[6.13356,46.28982],[6.13366,46.28943],[6.13382,46.28912],[6.13385,46.28878],[6.13375,46.28842],[6.13345,46.28812],[6.13264,46.2877],[6.13231,46.28741],[6.13204,46.28676],[6.13194,46.28621],[6.13179,46.28587],[6.1313,46.28548],[6.13101,46.28494],[6.13069,46.28454],[6.13058,46.2842],[6.13073,46.28356],[6.13121,46.28309],[6.13133,46.28298],[6.13141,46.28289],[6.1315,46.28275],[6.13154,46.28268],[6.13158,46.2826],[6.13161,46.28253],[6.13172,46.28233],[6.13221,46.28197],[6.13266,46.28185],[6.1332,46.2818],[6.13371,46.28163],[6.13449,46.28145],[6.13523,46.28106],[6.13599,46.281],[6.13647,46.28113],[6.13704,46.28145],[6.13754,46.28155],[6.13831,46.28144],[6.13884,46.28111],[6.13901,46.28079],[6.13908,46.28025],[6.13932,46.27994],[6.13972,46.27972],[6.14021,46.27962],[6.14088,46.27963],[6.14138,46.27953],[6.14193,46.27915],[6.14207,46.2788],[6.142,46.27844],[6.14146,46.27736],[6.14046,46.27555],[6.14045,46.27522],[6.14052,46.27506],[6.14101,46.27439],[6.14108,46.2743],[6.14111,46.27425],[6.14116,46.27414],[6.14118,46.27408],[6.14121,46.27399],[6.1413,46.27376],[6.14179,46.27334],[6.14229,46.27321],[6.14281,46.27322],[6.14335,46.2734],[6.14605,46.27485],[6.14611,46.27488],[6.14651,46.27507],[6.14655,46.27509],[6.14662,46.27512],[6.14685,46.2752],[6.14709,46.27524],[6.14758,46.27524],[6.14804,46.27511],[6.14823,46.27499],[6.15092,46.27313],[6.15117,46.27299],[6.15172,46.27284],[6.15322,46.27265],[6.15355,46.27264],[6.15413,46.27274],[6.15703,46.27368],[6.15727,46.27374],[6.15754,46.27376],[6.1578,46.27375],[6.15805,46.2737],[6.16211,46.27259],[6.16221,46.27256],[6.16232,46.27253],[6.16602,46.27134],[6.16884,46.27042],[6.16948,46.27026],[6.1828,46.26541],[6.18335,46.26529],[6.18385,46.26533],[6.18429,46.2655],[6.18464,46.26581],[6.1899,46.27275],[6.19509,46.27961],[6.19811,46.28359],[6.19823,46.2838],[6.19827,46.28415],[6.19812,46.28448],[6.1978,46.28475],[6.19754,46.28487],[6.17052,46.2947],[6.17005,46.29481],[6.16728,46.29516],[6.16685,46.29526],[6.16528,46.29577],[6.15971,46.29768],[6.15737,46.29826],[6.15367,46.29909],[6.15316,46.2993],[6.15079,46.30088],[6.15044,46.30106],[6.14954,46.30143],[6.14444,46.30338],[6.14205,46.30427],[6.1413,46.30454],[6.14092,46.30474],[6.14068,46.30501],[6.14057,46.30531],[6.14033,46.30563],[6.1401,46.30579],[6.1361,46.30801],[6.13482,46.30881],[6.13459,46.309],[6.13364,46.31009],[6.13353,46.31042],[6.1331,46.31088],[6.13006,46.31272],[6.12978,46.31296],[6.12963,46.31322],[6.12911,46.31372],[6.12862,46.31405],[6.12834,46.31432],[6.12822,46.31465],[6.12822,46.31503],[6.12803,46.31536],[6.12767,46.31562],[6.12738,46.31572],[6.12577,46.3162],[6.12524,46.31623],[6.12454,46.31599],[6.12405,46.31547],[6.12329,46.31499],[6.123,46.31469],[6.12287,46.31443],[6.12259,46.31417],[6.12217,46.31392],[6.12158,46.3134],[6.12078,46.31301],[6.12047,46.31275],[6.12033,46.31243],[6.12028,46.31204],[6.12004,46.31149],[6.12006,46.31096],[6.1199,46.31055],[6.1199,46.31016],[6.12005,46.3098],[6.11991,46.30919],[6.11988,46.30807],[6.12008,46.30774],[6.12055,46.30728],[6.12071,46.30672],[6.12064,46.30625],[6.12028,46.30572],[6.1202,46.30536],[6.12026,46.30504],[6.12018,46.30473],[6.11996,46.30438],[6.1199,46.304],[6.1197,46.30366],[6.11906,46.30317],[6.1189,46.30282],[6.11897,46.30241]]]},"properties":{"bfs_nr":6644,"name":"Versoix"}},{"type":"Feature","geometry":{"type":"Polygon","coordinates":[[[6.13935,46.17165],[6.14028,46.16977],[6.14052,46.1692],[6.141,46.1688],[6.14183,46.16855],[6.14232,46.16849],[6.14287,46.16857],[6.14396,46.16861],[6.14467,46.16874],[6.1458,46.16874],[6.1469,46.16864],[6.14735,46.16866],[6.14791,46.16879],[6.14851,46.16883],[6.14879,46.16883],[6.14906,46.16879],[6.14931,46.16871],[6.15156,46.16766],[6.15223,46.1673],[6.15226,46.16729],[6.15231,46.16726],[6.15243,46.1672],[6.15259,46.16713],[6.15279,46.16704],[6.15301,46.16692],[6.15328,46.16683],[6.15378,46.16677],[6.15443,46.16687],[6.15498,46.16683],[6.15563,46.16652],[6.15609,46.16619],[6.15649,46.16599],[6.15698,46.16585],[6.1572,46.16575],[6.15752,46.16547],[6.15766,46.16512],[6.15759,46.16476],[6.1573,46.16432],[6.15729,46.16395],[6.15736,46.16377],[6.15749,46.16361],[6.1577,46.16343],[6.15958,46.16217],[6.16005,46.16193],[6.1605,46.16161],[6.16305,46.15991],[6.16353,46.15969],[6.16403,46.15964],[6.16516,46.15978],[6.16813,46.16013],[6.16878,46.16015],[6.17204,46.16053],[6.1723,46.16054],[6.1728,46.16045],[6.17303,46.16036],[6.17322,46.16024],[6.17337,46.16009],[6.17374,46.15968],[6.17432,46.15919],[6.17507,46.15886],[6.17553,46.15875],[6.17624,46.15882],[6.17739,46.15937],[6.17782,46.15969],[6.17835,46.16028],[6.17866,46.16051],[6.17974,46.16108],[6.18342,46.1629],[6.18529,46.16394],[6.18566,46.16418],[6.18777,46.16574],[6.18844,46.16622],[6.18864,46.16653],[6.18866,46.16691],[6.18799,46.16998],[6.18708,46.17379],[6.18686,46.1742],[6.1864,46.17476],[6.18627,46.17526],[6.18627,46.17552],[6.18644,46.17644],[6.1864,46.17677],[6.1862,46.17734],[6.18626,46.17775],[6.18622,46.17809],[6.186,46.1784],[6.18496,46.17906],[6.18449,46.17918],[6.18342,46.17933],[6.18167,46.17942],[6.18054,46.17959],[6.18023,46.17961],[6.17991,46.17959],[6.17971,46.17957],[6.17946,46.17952],[6.17921,46.17945],[6.17898,46.17936],[6.17867,46.17921],[6.17853,46.17912],[6.17826,46.17893],[6.17807,46.17876],[6.17789,46.17858],[6.17736,46.17792],[6.17723,46.17778],[6.17706,46.17767],[6.17677,46.1775],[6.17664,46.17743],[6.17606,46.17717],[6.17601,46.17715],[6.1743,46.17647],[6.17425,46.17645],[6.17331,46.17611],[6.1732,46.17608],[6.17244,46.17586],[6.17234,46.17584],[6.17188,46.17574],[6.17164,46.17571],[6.17132,46.17568],[6.17114,46.17568],[6.17089,46.17568],[6.17053,46.17573],[6.17014,46.17581],[6.16993,46.17588],[6.16974,46.17596],[6.16962,46.17603],[6.16943,46.17616],[6.16937,46.1762],[6.16921,46.17637],[6.16906,46.17675],[6.16911,46.17708],[6.16949,46.17749],[6.17012,46.17779],[6.17031,46.17793],[6.17102,46.17853],[6.17135,46.17891],[6.17148,46.17941],[6.17149,46.1798],[6.17149,46.17986],[6.17154,46.18036],[6.17155,46.18053],[6.17151,46.18104],[6.17138,46.18215],[6.17134,46.18231],[6.17116,46.18287],[6.17071,46.1838],[6.17055,46.18401],[6.17045,46.18412],[6.17031,46.18433],[6.17013,46.18472],[6.1701,46.18479],[6.16992,46.18513],[6.16985,46.18523],[6.16943,46.18584],[6.16878,46.18655],[6.16798,46.18718],[6.16742,46.18749],[6.16664,46.18783],[6.16586,46.18807],[6.16542,46.18814],[6.16521,46.18816],[6.16488,46.18818],[6.16485,46.18817],[6.16464,46.18816],[6.16432,46.18813],[6.16375,46.18802],[6.1634,46.1879],[6.16335,46.18788],[6.16318,46.1878],[6.16314,46.18777],[6.16284,46.18757],[6.16268,46.18743],[6.16248,46.18721],[6.16236,46.18697],[6.16227,46.18629],[6.16231,46.18605],[6.16236,46.18589],[6.16239,46.18568],[6.16238,46.1854],[6.16235,46.18525],[6.16228,46.18498],[6.16223,46.18484],[6.162,46.18441],[6.16193,46.1843],[6.1613,46.18347],[6.16008,46.18159],[6.15999,46.18142],[6.15985,46.1811],[6.1598,46.18092],[6.15971,46.18046],[6.15969,46.17987],[6.15964,46.1793],[6.15957,46.17906],[6.15951,46.17892],[6.15942,46.17879],[6.15937,46.17872],[6.15929,46.17863],[6.15916,46.1785],[6.15902,46.17839],[6.15887,46.17827],[6.15866,46.17815],[6.15847,46.17807],[6.15828,46.17799],[6.1579,46.17788],[6.15755,46.17781],[6.15732,46.17778],[6.15713,46.17777],[6.15692,46.17778],[6.15677,46.17779],[6.15667,46.1778],[6.15653,46.17781],[6.15642,46.17783],[6.15628,46.17785],[6.15618,46.17787],[6.15604,46.17791],[6.15595,46.17793],[6.15581,46.17797],[6.15572,46.17801],[6.15559,46.17805],[6.1555,46.17809],[6.15537,46.17815],[6.15529,46.17819],[6.15517,46.17825],[6.15509,46.1783],[6.15498,46.17836],[6.15484,46.17847],[6.15447,46.17878],[6.15403,46.17897],[6.15325,46.17899],[6.15279,46.17883],[6.15245,46.17855],[6.15217,46.17811],[6.15173,46.17776],[6.15131,46.1776],[6.15075,46.17754],[6.15015,46.17732],[6.14945,46.17679],[6.14903,46.17659],[6.14841,46.17643],[6.14792,46.17642],[6.14746,46.17653],[6.14669,46.17695],[6.14598,46.17707],[6.14573,46.17704],[6.14529,46.1769],[6.14505,46.17676],[6.14405,46.17601],[6.14403,46.176],[6.14387,46.17588],[6.14373,46.17576],[6.14362,46.17568],[6.14349,46.1756],[6.14329,46.17544],[6.14327,46.17542],[6.14325,46.1754],[6.14298,46.17511],[6.14295,46.17508],[6.1428,46.17493],[6.14262,46.17476],[6.1417,46.17404],[6.14156,46.17392],[6.14128,46.17365],[6.14111,46.17352],[6.14033,46.17315],[6.13946,46.17249],[6.13928,46.17218],[6.13935,46.17165]]]},"properties":{"bfs_nr":6645,"name":"Veyrier"}}]}