{"type":"FeatureCollection","features":[{"type":"Feature","geometry":{"type":"Polygon","coordinates":[[[7.19207,47.348],[7.19613,47.3465],[7.19629,47.34644],[7.19718,47.34618],[7.19793,47.34597],[7.19818,47.34588],[7.20011,47.34499],[7.20119,47.34475],[7.20245,47.34426],[7.20324,47.34393],[7.20419,47.3436],[7.20464,47.34348],[7.20518,47.3434],[7.20554,47.34333],[7.20582,47.34331],[7.20642,47.34339],[7.20693,47.34337],[7.20777,47.34299],[7.20995,47.34208],[7.21046,47.34184],[7.21097,47.34167],[7.21252,47.34134],[7.21347,47.34118],[7.214,47.34116],[7.21487,47.34129],[7.21587,47.34117],[7.21748,47.34106],[7.21769,47.34104],[7.2179,47.341],[7.2181,47.34093],[7.22009,47.3401],[7.2206,47.33996],[7.22153,47.33995],[7.22182,47.33997],[7.22221,47.34001],[7.22251,47.34007],[7.22294,47.34024],[7.22343,47.34063],[7.22364,47.34073],[7.22387,47.34081],[7.22434,47.34092],[7.22471,47.341],[7.22493,47.34106],[7.2251,47.34112],[7.2254,47.34123],[7.22563,47.34135],[7.22603,47.34167],[7.22638,47.34203],[7.22657,47.34229],[7.22752,47.34399],[7.22824,47.34507],[7.22877,47.34582],[7.22897,47.34647],[7.22945,47.34706],[7.23032,47.34843],[7.23057,47.34934],[7.23083,47.34967],[7.23181,47.35021],[7.23369,47.35105],[7.23412,47.35133],[7.23477,47.35196],[7.23491,47.35212],[7.23509,47.35235],[7.2351,47.35237],[7.2352,47.35251],[7.23537,47.35284],[7.23544,47.35308],[7.23556,47.35331],[7.23601,47.35415],[7.23675,47.35494],[7.23687,47.3551],[7.23718,47.35558],[7.23742,47.35609],[7.23755,47.35623],[7.23771,47.35636],[7.23802,47.35655],[7.23809,47.35659],[7.23873,47.35695],[7.23875,47.35697],[7.23916,47.35718],[7.23939,47.35728],[7.24064,47.35771],[7.24151,47.35808],[7.24262,47.35845],[7.24366,47.35884],[7.24515,47.35947],[7.24566,47.35973],[7.24634,47.36002],[7.24739,47.36071],[7.248,47.36165],[7.24826,47.36196],[7.24916,47.36325],[7.24966,47.36384],[7.25013,47.36463],[7.25013,47.365],[7.24991,47.36534],[7.24969,47.36551],[7.24914,47.36585],[7.24899,47.36597],[7.24886,47.3661],[7.24879,47.3662],[7.24877,47.36622],[7.24763,47.36765],[7.24759,47.3677],[7.24686,47.36853],[7.24683,47.36856],[7.2461,47.36945],[7.24587,47.37001],[7.24603,47.371],[7.24634,47.37162],[7.24661,47.37224],[7.2467,47.37239],[7.24763,47.37365],[7.24791,47.37399],[7.24802,47.37434],[7.24791,47.37469],[7.24742,47.37521],[7.24729,47.37536],[7.24721,47.37552],[7.24718,47.37569],[7.2472,47.37586],[7.24726,47.37603],[7.24736,47.37618],[7.24751,47.37632],[7.2477,47.37644],[7.24791,47.37653],[7.24839,47.37662],[7.24902,47.37659],[7.25003,47.37659],[7.25091,47.37671],[7.25133,47.37691],[7.2516,47.37721],[7.25168,47.37755],[7.25157,47.37789],[7.25106,47.37828],[7.24899,47.37884],[7.2489,47.37886],[7.24741,47.37933],[7.24729,47.37938],[7.24583,47.37997],[7.24558,47.38005],[7.24518,47.38016],[7.24392,47.38047],[7.24337,47.38054],[7.24216,47.38059],[7.23859,47.38106],[7.23494,47.38162],[7.22991,47.38254],[7.22837,47.38277],[7.22739,47.3831],[7.22523,47.3836],[7.22468,47.38358],[7.22408,47.38341],[7.22258,47.38327],[7.2222,47.38319],[7.22186,47.38306],[7.22073,47.38248],[7.22052,47.38236],[7.22039,47.38224],[7.22025,47.38208],[7.22005,47.38178],[7.22,47.3817],[7.21982,47.38137],[7.21976,47.38125],[7.21954,47.38071],[7.21937,47.38011],[7.21935,47.37988],[7.21939,47.3796],[7.21927,47.37926],[7.21899,47.37896],[7.21885,47.37874],[7.21878,47.3786],[7.21866,47.37842],[7.21849,47.37826],[7.21821,47.37806],[7.2182,47.37805],[7.21757,47.37758],[7.21748,47.37751],[7.21694,47.37704],[7.21692,47.37703],[7.21587,47.37611],[7.21579,47.37604],[7.21512,47.37536],[7.21499,47.37525],[7.21484,47.37514],[7.2148,47.37512],[7.21406,47.37461],[7.21403,47.37459],[7.21244,47.37358],[7.21202,47.37312],[7.21199,47.37278],[7.21207,47.37255],[7.2121,47.37239],[7.2121,47.3723],[7.21208,47.37207],[7.21211,47.37189],[7.2122,47.37155],[7.21221,47.37142],[7.21222,47.37142],[7.21225,47.37112],[7.21233,47.37093],[7.21251,47.37071],[7.21276,47.37048],[7.2129,47.37032],[7.21301,47.36995],[7.21284,47.36941],[7.21227,47.36851],[7.21218,47.3684],[7.21176,47.36794],[7.21143,47.3676],[7.21127,47.3674],[7.21107,47.36708],[7.21082,47.36682],[7.20976,47.36601],[7.20922,47.36564],[7.209,47.36546],[7.20832,47.3648],[7.20781,47.36435],[7.20717,47.36389],[7.20709,47.36384],[7.20658,47.36352],[7.20623,47.36337],[7.20549,47.36315],[7.20544,47.36313],[7.20456,47.36285],[7.20452,47.36283],[7.20429,47.36276],[7.20404,47.36265],[7.20386,47.36254],[7.20368,47.36238],[7.20353,47.36222],[7.20336,47.36208],[7.20278,47.36168],[7.20259,47.36157],[7.20237,47.36149],[7.20188,47.36141],[7.20139,47.36146],[7.20116,47.36153],[7.20107,47.36157],[7.20083,47.36163],[7.2003,47.36164],[7.19982,47.36151],[7.19944,47.36127],[7.19928,47.36107],[7.19904,47.36074],[7.19894,47.36059],[7.19872,47.36019],[7.19862,47.35997],[7.19856,47.35975],[7.19848,47.35956],[7.19817,47.35909],[7.19813,47.35902],[7.19741,47.35773],[7.19731,47.35754],[7.19722,47.35732],[7.19719,47.35723],[7.197,47.35658],[7.19698,47.35652],[7.19683,47.35615],[7.19681,47.35611],[7.19668,47.35585],[7.19663,47.35575],[7.19649,47.35556],[7.19644,47.35547],[7.19614,47.35493],[7.19602,47.35464],[7.19594,47.35449],[7.19521,47.35383],[7.19496,47.35371],[7.19483,47.35366],[7.19454,47.35352],[7.19434,47.35338],[7.19416,47.35318],[7.19147,47.34923],[7.19137,47.34903],[7.19133,47.34886],[7.1915,47.34837],[7.19207,47.348]]]},"properties":{"bfs_nr":6702,"name":"Bo\u00e9court"}},{"type":"Feature","geometry":{"type":"Polygon","coordinates":[[[7.22326,47.4044],[7.22325,47.40431],[7.22325,47.4043],[7.22317,47.40159],[7.22317,47.40143],[7.22334,47.40019],[7.22347,47.39981],[7.22418,47.39861],[7.22425,47.39845],[7.22485,47.3964],[7.22485,47.39639],[7.22556,47.39403],[7.22566,47.3938],[7.22755,47.39061],[7.22901,47.38835],[7.22902,47.38832],[7.22993,47.38681],[7.22999,47.38665],[7.23002,47.38649],[7.22995,47.38617],[7.22985,47.38602],[7.22961,47.38581],[7.22947,47.38564],[7.2292,47.38526],[7.22912,47.38514],[7.22893,47.38477],[7.22879,47.38457],[7.22812,47.38409],[7.22788,47.38359],[7.22796,47.38324],[7.22824,47.38295],[7.22866,47.38275],[7.2299,47.38254],[7.23491,47.38162],[7.2386,47.38106],[7.24211,47.3806],[7.24347,47.38054],[7.24383,47.38049],[7.2452,47.38016],[7.24527,47.38014],[7.24562,47.38004],[7.24579,47.37998],[7.24726,47.37939],[7.24744,47.37933],[7.24902,47.37883],[7.25177,47.37813],[7.2522,47.37794],[7.25286,47.37751],[7.25333,47.37741],[7.25411,47.37752],[7.25665,47.37838],[7.25696,47.37846],[7.25963,47.37886],[7.26201,47.379],[7.26673,47.37964],[7.26692,47.37966],[7.2695,47.37975],[7.26961,47.37975],[7.27207,47.37969],[7.2727,47.37977],[7.27356,47.37996],[7.27429,47.37995],[7.27436,47.37995],[7.27594,47.37988],[7.27596,47.37988],[7.27764,47.37981],[7.27771,47.37981],[7.27851,47.3798],[7.27864,47.37979],[7.28092,47.3796],[7.28093,47.3796],[7.28199,47.37951],[7.2833,47.37947],[7.28647,47.37973],[7.28921,47.38008],[7.28953,47.38015],[7.28977,47.38023],[7.29014,47.38049],[7.29033,47.38083],[7.2903,47.38119],[7.2902,47.38139],[7.29015,47.38151],[7.2901,47.38168],[7.29007,47.38181],[7.29007,47.38195],[7.29012,47.38228],[7.29011,47.38288],[7.29014,47.3831],[7.29036,47.38374],[7.29049,47.38396],[7.29174,47.38552],[7.2919,47.3857],[7.29209,47.38583],[7.29232,47.38594],[7.29356,47.38639],[7.29531,47.38716],[7.29589,47.38762],[7.2979,47.39072],[7.29806,47.3911],[7.29817,47.39175],[7.29814,47.39214],[7.2979,47.39246],[7.2975,47.39268],[7.29726,47.39275],[7.29663,47.39283],[7.29457,47.39317],[7.2943,47.3932],[7.29402,47.3932],[7.28442,47.39258],[7.28429,47.39257],[7.28315,47.39257],[7.28313,47.39257],[7.28257,47.39257],[7.28222,47.39255],[7.28124,47.39242],[7.28073,47.3924],[7.28046,47.39243],[7.27999,47.3926],[7.27923,47.39313],[7.27784,47.39416],[7.27762,47.39437],[7.27636,47.39608],[7.27635,47.39609],[7.2758,47.39684],[7.27566,47.39721],[7.27569,47.39761],[7.27554,47.39792],[7.27541,47.39806],[7.2752,47.39821],[7.27494,47.39834],[7.27448,47.39845],[7.27402,47.39849],[7.27376,47.39856],[7.27352,47.39867],[7.27333,47.39881],[7.27318,47.39898],[7.27304,47.39917],[7.27297,47.39926],[7.27291,47.39932],[7.27276,47.39947],[7.27261,47.39962],[7.27245,47.39972],[7.27234,47.39979],[7.27193,47.40009],[7.27185,47.40014],[7.27153,47.40034],[7.27085,47.40105],[7.2701,47.40156],[7.26997,47.40168],[7.26942,47.40223],[7.26923,47.40255],[7.26877,47.40394],[7.26866,47.40454],[7.2686,47.40477],[7.26835,47.40509],[7.26793,47.40531],[7.26762,47.40539],[7.26699,47.40551],[7.26563,47.40585],[7.26523,47.40607],[7.26409,47.40698],[7.26344,47.40755],[7.2632,47.40772],[7.26272,47.40789],[7.26238,47.40793],[7.26164,47.40797],[7.26125,47.40797],[7.26072,47.40793],[7.26067,47.40792],[7.25987,47.40784],[7.25976,47.40783],[7.25862,47.40768],[7.25861,47.40767],[7.25826,47.40763],[7.25794,47.40761],[7.25737,47.40764],[7.25719,47.40765],[7.25677,47.40771],[7.25635,47.40777],[7.25601,47.40779],[7.25575,47.40785],[7.25552,47.40794],[7.25532,47.40806],[7.25458,47.40861],[7.25439,47.40873],[7.25413,47.40886],[7.25398,47.40899],[7.25361,47.40945],[7.25344,47.40959],[7.25262,47.41017],[7.2526,47.41018],[7.25204,47.41056],[7.2516,47.41079],[7.25132,47.41089],[7.25094,47.411],[7.25049,47.41109],[7.25016,47.41114],[7.2499,47.41114],[7.24964,47.4111],[7.24924,47.41097],[7.24913,47.41095],[7.24863,47.41082],[7.24847,47.41077],[7.24809,47.4106],[7.24793,47.41051],[7.24727,47.41022],[7.2469,47.41011],[7.24665,47.41002],[7.24619,47.40981],[7.2459,47.40965],[7.24577,47.40956],[7.24507,47.40935],[7.24441,47.40937],[7.24341,47.40927],[7.24207,47.40937],[7.24127,47.40922],[7.2403,47.40907],[7.24025,47.40906],[7.23992,47.40901],[7.23967,47.40898],[7.23935,47.40899],[7.23886,47.40911],[7.23865,47.40921],[7.23811,47.40954],[7.23769,47.40982],[7.23657,47.41048],[7.23611,47.4106],[7.23537,47.41055],[7.2349,47.41039],[7.23458,47.41031],[7.23416,47.41025],[7.23375,47.41024],[7.23219,47.41034],[7.23188,47.41033],[7.23142,47.4102],[7.23104,47.41],[7.23062,47.40962],[7.23017,47.40934],[7.22978,47.40902],[7.22937,47.40871],[7.22909,47.40845],[7.22887,47.40829],[7.22821,47.40792],[7.22755,47.4075],[7.22747,47.40744],[7.22706,47.40714],[7.22644,47.40678],[7.22582,47.40638],[7.22567,47.40627],[7.22539,47.40604],[7.22526,47.40595],[7.22481,47.40568],[7.22478,47.40566],[7.22422,47.40534],[7.22365,47.40505],[7.22337,47.40478],[7.2233,47.40461],[7.22326,47.4044]]]},"properties":{"bfs_nr":6703,"name":"Bourrignon"}},{"type":"Feature","geometry":{"type":"Polygon","coordinates":[[[7.33286,47.31343],[7.33245,47.31309],[7.33234,47.31276],[7.33241,47.31242],[7.33254,47.31223],[7.33385,47.3107],[7.33402,47.31039],[7.33426,47.30953],[7.33465,47.3087],[7.3347,47.30855],[7.33473,47.3084],[7.33505,47.30687],[7.33543,47.30633],[7.33589,47.30612],[7.33728,47.30594],[7.33798,47.30577],[7.33937,47.30566],[7.33999,47.30576],[7.34101,47.30566],[7.34235,47.30565],[7.34308,47.30554],[7.34343,47.30552],[7.3439,47.30555],[7.34486,47.30539],[7.34551,47.30535],[7.34721,47.30555],[7.34811,47.30577],[7.34849,47.306],[7.34871,47.3063],[7.34876,47.30663],[7.34845,47.30722],[7.3484,47.30741],[7.34842,47.3076],[7.34859,47.30844],[7.34866,47.30862],[7.34895,47.30894],[7.34916,47.30906],[7.3494,47.30914],[7.34967,47.3092],[7.35087,47.30937],[7.35207,47.30971],[7.35273,47.30986],[7.35334,47.30997],[7.35373,47.31008],[7.35428,47.31027],[7.35431,47.31028],[7.35478,47.31043],[7.35524,47.31057],[7.35543,47.31067],[7.35573,47.31093],[7.35587,47.31125],[7.35586,47.31146],[7.35581,47.31186],[7.35577,47.31252],[7.35575,47.31342],[7.3558,47.31358],[7.35589,47.31373],[7.35602,47.31386],[7.35661,47.31437],[7.35679,47.31456],[7.35689,47.31474],[7.35694,47.31497],[7.35699,47.31566],[7.35699,47.31568],[7.35702,47.31628],[7.35702,47.31629],[7.35705,47.31679],[7.35705,47.31691],[7.35685,47.31977],[7.35675,47.32013],[7.35563,47.32239],[7.35556,47.32267],[7.35556,47.32316],[7.35553,47.32339],[7.35533,47.3242],[7.35533,47.32631],[7.35514,47.32803],[7.35489,47.33108],[7.35466,47.33221],[7.35464,47.33228],[7.35461,47.3324],[7.35447,47.33298],[7.35446,47.33301],[7.35411,47.33428],[7.3541,47.33432],[7.35389,47.33498],[7.35367,47.33538],[7.3533,47.33564],[7.3528,47.33578],[7.35188,47.33573],[7.35165,47.33573],[7.35137,47.33576],[7.35114,47.33579],[7.35091,47.33586],[7.35067,47.33597],[7.35048,47.33609],[7.35024,47.3364],[7.35018,47.33675],[7.35025,47.33709],[7.35013,47.33744],[7.35,47.3376],[7.34982,47.33773],[7.34956,47.33787],[7.34914,47.33804],[7.34877,47.33816],[7.34865,47.33819],[7.34851,47.33822],[7.34824,47.33825],[7.34773,47.33825],[7.34693,47.33846],[7.3466,47.33849],[7.34597,47.3385],[7.3459,47.33851],[7.34507,47.33856],[7.34501,47.33856],[7.34435,47.33859],[7.34429,47.33859],[7.34352,47.3386],[7.34202,47.33864],[7.34193,47.33864],[7.34097,47.33863],[7.34095,47.33863],[7.33988,47.33861],[7.33836,47.33869],[7.3367,47.33869],[7.33624,47.33857],[7.33587,47.33834],[7.33565,47.33804],[7.33553,47.33742],[7.33564,47.33709],[7.33632,47.33632],[7.33642,47.3355],[7.33621,47.33519],[7.33584,47.33489],[7.33559,47.33437],[7.33549,47.3327],[7.33549,47.33193],[7.33512,47.33119],[7.335,47.32876],[7.33484,47.32786],[7.33487,47.32735],[7.33491,47.32661],[7.33491,47.32569],[7.33514,47.32512],[7.33552,47.32416],[7.33556,47.324],[7.33575,47.32231],[7.33575,47.32228],[7.33581,47.32135],[7.33582,47.32134],[7.33584,47.32099],[7.33589,47.32078],[7.3361,47.32047],[7.33647,47.32024],[7.33706,47.32002],[7.33739,47.31977],[7.33756,47.31945],[7.3376,47.31846],[7.33757,47.31827],[7.33749,47.31809],[7.33735,47.31792],[7.33725,47.31782],[7.3372,47.31778],[7.33662,47.31727],[7.33553,47.31605],[7.33547,47.31598],[7.33458,47.31482],[7.33452,47.31474],[7.33448,47.31469],[7.33442,47.31462],[7.33424,47.31444],[7.33407,47.3143],[7.33365,47.31401],[7.33304,47.31354],[7.33286,47.31343]]]},"properties":{"bfs_nr":6704,"name":"Ch\u00e2tillon (JU)"}},{"type":"Feature","geometry":{"type":"Polygon","coordinates":[[[7.43817,47.34323],[7.43837,47.34295],[7.44047,47.34037],[7.44074,47.3399],[7.44085,47.33977],[7.44087,47.33974],[7.44106,47.3395],[7.44107,47.33948],[7.44122,47.33928],[7.44124,47.33925],[7.44163,47.33865],[7.44186,47.33831],[7.44187,47.33829],[7.44205,47.33802],[7.44209,47.33795],[7.44213,47.33786],[7.44216,47.3378],[7.44219,47.33772],[7.44221,47.33767],[7.44223,47.33761],[7.44225,47.33751],[7.44235,47.33658],[7.44262,47.33598],[7.44269,47.33551],[7.44316,47.33461],[7.44323,47.33425],[7.44306,47.33343],[7.44322,47.33296],[7.44319,47.33244],[7.4434,47.33196],[7.4437,47.33168],[7.44419,47.33147],[7.44488,47.33127],[7.4451,47.33114],[7.44539,47.33092],[7.44565,47.33078],[7.4459,47.33067],[7.44621,47.33059],[7.44648,47.3305],[7.4467,47.33037],[7.44713,47.33001],[7.44756,47.32947],[7.44773,47.32933],[7.44844,47.32889],[7.44912,47.32871],[7.44984,47.3288],[7.45023,47.32901],[7.45067,47.32945],[7.45083,47.32956],[7.45102,47.32965],[7.45123,47.32972],[7.45239,47.33],[7.45327,47.33039],[7.45364,47.33051],[7.45397,47.33058],[7.45484,47.3307],[7.45531,47.33078],[7.45576,47.33091],[7.45621,47.33108],[7.45642,47.33115],[7.45661,47.3312],[7.45675,47.33123],[7.45866,47.33153],[7.46021,47.33174],[7.46064,47.33186],[7.46068,47.33188],[7.46167,47.33212],[7.46205,47.33225],[7.46326,47.33277],[7.46344,47.33289],[7.46369,47.33318],[7.46376,47.33352],[7.46364,47.33385],[7.46351,47.334],[7.4633,47.33416],[7.46281,47.33446],[7.46265,47.33458],[7.46253,47.33471],[7.46244,47.33486],[7.46239,47.33501],[7.46227,47.3356],[7.46225,47.33573],[7.46236,47.33643],[7.46259,47.33752],[7.46282,47.33837],[7.4629,47.33887],[7.46291,47.33919],[7.46293,47.33957],[7.46298,47.33976],[7.46307,47.34008],[7.46317,47.34081],[7.46304,47.34112],[7.46275,47.34139],[7.46188,47.34173],[7.46155,47.34201],[7.46141,47.34236],[7.46148,47.34271],[7.46174,47.34303],[7.46245,47.34362],[7.46294,47.34454],[7.46317,47.34483],[7.46354,47.34505],[7.46445,47.34529],[7.4648,47.34554],[7.46498,47.34586],[7.46497,47.34621],[7.46435,47.34694],[7.46396,47.34718],[7.46291,47.34742],[7.46246,47.34763],[7.4623,47.34778],[7.46218,47.34795],[7.46212,47.34813],[7.46206,47.34858],[7.46219,47.34891],[7.4625,47.34918],[7.46357,47.34954],[7.46391,47.3498],[7.4641,47.35029],[7.46399,47.35062],[7.46371,47.3509],[7.46277,47.35141],[7.46244,47.35192],[7.46247,47.3524],[7.46273,47.35282],[7.46276,47.35355],[7.46285,47.35389],[7.46312,47.35418],[7.46353,47.35438],[7.46377,47.35443],[7.46402,47.35446],[7.46464,47.35447],[7.46465,47.35447],[7.46552,47.35449],[7.46607,47.35457],[7.46647,47.35477],[7.46663,47.3549],[7.46682,47.35521],[7.46677,47.35571],[7.46632,47.35625],[7.46595,47.35647],[7.46548,47.35659],[7.46517,47.3566],[7.46085,47.35653],[7.4606,47.35654],[7.46036,47.35658],[7.46014,47.35665],[7.45994,47.35675],[7.45977,47.35687],[7.45964,47.35701],[7.45954,47.35717],[7.4595,47.35733],[7.45946,47.35756],[7.45938,47.35791],[7.45937,47.35795],[7.45932,47.35813],[7.45931,47.35816],[7.45928,47.35826],[7.45925,47.35835],[7.4592,47.35845],[7.45914,47.35856],[7.45904,47.35869],[7.45896,47.35879],[7.45787,47.35992],[7.4576,47.3606],[7.45736,47.36093],[7.45707,47.36122],[7.45697,47.36141],[7.45694,47.36162],[7.45694,47.36166],[7.45694,47.36173],[7.45686,47.36315],[7.45688,47.36332],[7.45705,47.36364],[7.45759,47.36399],[7.45855,47.36422],[7.45896,47.36444],[7.45921,47.36475],[7.45926,47.36492],[7.45926,47.36515],[7.45902,47.36688],[7.45885,47.36775],[7.45885,47.36777],[7.45881,47.36805],[7.4588,47.36815],[7.45881,47.36874],[7.4588,47.3689],[7.4587,47.36955],[7.45869,47.36956],[7.45859,47.37017],[7.45849,47.37072],[7.45808,47.37115],[7.45758,47.37134],[7.45672,47.37154],[7.45582,47.37185],[7.45475,47.37232],[7.45426,47.37271],[7.4536,47.37294],[7.45311,47.37294],[7.45265,47.37281],[7.45241,47.37268],[7.45238,47.37266],[7.45231,47.37262],[7.44966,47.37115],[7.44945,47.37101],[7.44927,47.37084],[7.44874,47.37021],[7.44867,47.37011],[7.44835,47.36966],[7.44803,47.3692],[7.44793,47.36903],[7.44774,47.36863],[7.44751,47.3683],[7.44738,47.36809],[7.44718,47.36764],[7.44715,47.36758],[7.44666,47.36632],[7.44663,47.36621],[7.44654,47.36589],[7.44642,47.36552],[7.44625,47.36513],[7.44618,47.36491],[7.44615,47.36473],[7.44614,47.36453],[7.44615,47.36427],[7.44614,47.36418],[7.44609,47.36397],[7.44598,47.36372],[7.44598,47.36371],[7.44578,47.36327],[7.44572,47.36309],[7.44566,47.36284],[7.4456,47.36268],[7.4455,47.36253],[7.44541,47.36243],[7.4454,47.36242],[7.44529,47.36229],[7.44519,47.36213],[7.44513,47.362],[7.44509,47.3616],[7.44505,47.36135],[7.44466,47.36033],[7.44464,47.36026],[7.44457,47.36004],[7.44431,47.3592],[7.44427,47.35892],[7.44428,47.35586],[7.4441,47.35541],[7.44373,47.35509],[7.4436,47.35492],[7.44343,47.35465],[7.4433,47.35443],[7.44328,47.35439],[7.44272,47.35326],[7.44221,47.35224],[7.44176,47.35135],[7.44148,47.35102],[7.44093,47.35069],[7.44036,47.34989],[7.43993,47.34948],[7.43943,47.3485],[7.43948,47.34803],[7.43965,47.34773],[7.43966,47.34723],[7.43948,47.34692],[7.43868,47.34646],[7.43839,47.34617],[7.43827,47.34584],[7.43865,47.34474],[7.43851,47.34438],[7.43805,47.3438],[7.43807,47.34344],[7.43817,47.34323]]]},"properties":{"bfs_nr":6706,"name":"Courchapoix"}},{"type":"Feature","geometry":{"type":"Polygon","coordinates":[[[7.35052,47.3093],[7.34973,47.3092],[7.34941,47.30914],[7.34896,47.30893],[7.34867,47.30862],[7.34858,47.30839],[7.34843,47.30764],[7.34841,47.30741],[7.34846,47.30723],[7.34884,47.30668],[7.34917,47.30638],[7.34959,47.30621],[7.35007,47.30616],[7.35061,47.30624],[7.3522,47.30678],[7.35521,47.30746],[7.35597,47.30752],[7.35871,47.30824],[7.3602,47.30861],[7.36163,47.30859],[7.36303,47.30885],[7.36418,47.30915],[7.36504,47.30928],[7.367,47.31003],[7.36845,47.3107],[7.36902,47.31086],[7.3707,47.31165],[7.37169,47.31221],[7.37254,47.31253],[7.37307,47.31281],[7.37411,47.31324],[7.37471,47.31355],[7.37619,47.31406],[7.37715,47.31447],[7.37828,47.31474],[7.379,47.31473],[7.37999,47.31425],[7.38055,47.31405],[7.38187,47.31398],[7.38276,47.31401],[7.38322,47.31392],[7.38411,47.31361],[7.38471,47.3135],[7.38635,47.31363],[7.3868,47.31362],[7.38772,47.31343],[7.38881,47.31338],[7.39003,47.3134],[7.39054,47.31325],[7.39135,47.31321],[7.3932,47.31348],[7.39355,47.3135],[7.39609,47.3134],[7.3975,47.31319],[7.39855,47.31324],[7.39946,47.3132],[7.40062,47.31297],[7.40205,47.31277],[7.40342,47.31276],[7.40445,47.31265],[7.4053,47.31263],[7.40589,47.31271],[7.40641,47.31288],[7.40762,47.31293],[7.40866,47.31321],[7.41004,47.31337],[7.4111,47.31334],[7.41155,47.31317],[7.41197,47.31274],[7.4125,47.31171],[7.41309,47.31016],[7.41345,47.30991],[7.41465,47.30954],[7.41616,47.30925],[7.41732,47.3093],[7.41826,47.30915],[7.41927,47.30886],[7.41982,47.30862],[7.42137,47.30729],[7.42182,47.30713],[7.42266,47.30715],[7.42556,47.30771],[7.42625,47.30771],[7.42855,47.30729],[7.42993,47.30729],[7.43204,47.30745],[7.43404,47.30776],[7.43578,47.30796],[7.43892,47.30827],[7.44039,47.30852],[7.44111,47.3086],[7.44171,47.30876],[7.44209,47.30903],[7.44227,47.30937],[7.44229,47.3096],[7.44162,47.31651],[7.44131,47.31981],[7.44128,47.32095],[7.44129,47.32103],[7.44129,47.3211],[7.44131,47.32121],[7.44132,47.3214],[7.44115,47.32211],[7.4411,47.32351],[7.44094,47.32448],[7.44075,47.32504],[7.44034,47.32649],[7.44028,47.32665],[7.44024,47.32679],[7.44019,47.3271],[7.44012,47.32727],[7.44,47.32743],[7.43964,47.32769],[7.43936,47.32779],[7.43917,47.32785],[7.43913,47.32786],[7.43803,47.32817],[7.43776,47.32822],[7.43528,47.32865],[7.4351,47.32869],[7.43281,47.32934],[7.43158,47.32975],[7.43115,47.32985],[7.42981,47.33007],[7.42789,47.33049],[7.42751,47.33054],[7.42712,47.33053],[7.42657,47.33048],[7.42653,47.33047],[7.4251,47.33031],[7.4248,47.3303],[7.42321,47.33036],[7.42296,47.33036],[7.42272,47.33035],[7.42269,47.33035],[7.42239,47.33034],[7.42234,47.33034],[7.42202,47.33034],[7.42191,47.33034],[7.42158,47.33036],[7.42134,47.33039],[7.4209,47.33053],[7.42074,47.33061],[7.42072,47.33062],[7.42039,47.33078],[7.42031,47.33081],[7.4201,47.33091],[7.41962,47.33106],[7.4185,47.33129],[7.41759,47.33154],[7.41642,47.33189],[7.41628,47.33193],[7.41504,47.33243],[7.41472,47.33257],[7.41443,47.33267],[7.41365,47.33271],[7.41318,47.33257],[7.41293,47.33242],[7.41173,47.33154],[7.41152,47.33142],[7.41129,47.33132],[7.41102,47.33127],[7.41075,47.33125],[7.41048,47.33127],[7.41022,47.33133],[7.40982,47.33145],[7.40957,47.33153],[7.40919,47.33178],[7.40898,47.33212],[7.40896,47.33255],[7.40892,47.33272],[7.4088,47.33292],[7.40864,47.33313],[7.40851,47.33328],[7.40834,47.33342],[7.40814,47.33355],[7.40806,47.3336],[7.40786,47.33373],[7.40698,47.3343],[7.40605,47.33468],[7.4055,47.3348],[7.40499,47.33476],[7.40469,47.33468],[7.40407,47.33445],[7.40406,47.33444],[7.40343,47.33421],[7.40342,47.33421],[7.4018,47.33359],[7.40158,47.33352],[7.40007,47.33317],[7.39996,47.33314],[7.39934,47.33297],[7.3993,47.33296],[7.39857,47.33274],[7.39848,47.33271],[7.39826,47.33264],[7.39777,47.3326],[7.39707,47.33277],[7.39674,47.33301],[7.39656,47.33327],[7.3964,47.33345],[7.3953,47.33442],[7.39529,47.33443],[7.39477,47.33488],[7.39469,47.33496],[7.394,47.33573],[7.3937,47.33615],[7.39365,47.33632],[7.39357,47.33686],[7.39357,47.33689],[7.39352,47.33715],[7.39319,47.33813],[7.3931,47.33831],[7.39284,47.33878],[7.39274,47.33893],[7.39252,47.33917],[7.39242,47.3393],[7.39156,47.34115],[7.39157,47.34151],[7.39172,47.34189],[7.39171,47.34231],[7.39166,47.34247],[7.39156,47.34262],[7.39129,47.3429],[7.39059,47.34387],[7.39039,47.34434],[7.39,47.34478],[7.38996,47.34483],[7.38991,47.34489],[7.38988,47.34493],[7.38984,47.34499],[7.3898,47.34504],[7.38972,47.34517],[7.3897,47.34521],[7.38958,47.34543],[7.38948,47.34562],[7.38946,47.34567],[7.3893,47.34595],[7.38928,47.34597],[7.38882,47.34674],[7.3888,47.34677],[7.38852,47.34721],[7.38849,47.34725],[7.38844,47.34732],[7.3884,47.34738],[7.38833,47.34746],[7.38738,47.34853],[7.38706,47.34895],[7.38637,47.34995],[7.38623,47.35007],[7.38601,47.3502],[7.38519,47.35061],[7.38518,47.35061],[7.38379,47.35129],[7.38377,47.3513],[7.38366,47.35136],[7.38337,47.35146],[7.38313,47.35152],[7.38261,47.35153],[7.38213,47.3514],[7.38129,47.35088],[7.38108,47.35077],[7.38084,47.35069],[7.38058,47.35064],[7.38004,47.35066],[7.37956,47.35082],[7.37688,47.35225],[7.37669,47.35238],[7.37654,47.35253],[7.37643,47.35269],[7.37638,47.35287],[7.37643,47.35322],[7.37678,47.35375],[7.37683,47.35412],[7.37666,47.35446],[7.3763,47.35473],[7.37582,47.35488],[7.37548,47.35491],[7.37447,47.35492],[7.37416,47.35491],[7.3737,47.35479],[7.37287,47.35416],[7.37242,47.35402],[7.37183,47.35393],[7.37125,47.35363],[7.37097,47.35322],[7.37066,47.3529],[7.37028,47.3527],[7.3696,47.35251],[7.36916,47.35228],[7.3687,47.35217],[7.36821,47.35219],[7.36776,47.35232],[7.36717,47.35286],[7.36658,47.3533],[7.36636,47.35338],[7.36613,47.35344],[7.36554,47.35355],[7.36528,47.35362],[7.36464,47.35394],[7.36433,47.35422],[7.36408,47.35459],[7.36373,47.35524],[7.36321,47.3556],[7.36243,47.35572],[7.36115,47.35566],[7.35903,47.35482],[7.35851,47.3544],[7.35836,47.35394],[7.358,47.35341],[7.35794,47.35324],[7.35796,47.3529],[7.35817,47.35245],[7.35815,47.35212],[7.35796,47.35171],[7.35795,47.35052],[7.35785,47.35016],[7.35731,47.34974],[7.35633,47.34944],[7.35591,47.34911],[7.35522,47.34874],[7.35486,47.34819],[7.35453,47.3479],[7.35407,47.34772],[7.35337,47.34763],[7.35232,47.34723],[7.35188,47.34681],[7.35183,47.34646],[7.35221,47.34542],[7.3522,47.345],[7.35268,47.34408],[7.35324,47.34329],[7.35426,47.34162],[7.35429,47.34097],[7.35436,47.34075],[7.35438,47.34068],[7.35451,47.33996],[7.35452,47.33982],[7.3545,47.33968],[7.35415,47.33846],[7.35385,47.3377],[7.3536,47.33694],[7.35356,47.33655],[7.35379,47.33531],[7.35389,47.33497],[7.3541,47.33431],[7.35411,47.33429],[7.35446,47.33301],[7.35447,47.33298],[7.35461,47.33241],[7.35464,47.33227],[7.35465,47.33222],[7.35489,47.33106],[7.35514,47.32804],[7.35533,47.32632],[7.35534,47.32415],[7.35554,47.32335],[7.35565,47.32236],[7.35677,47.32007],[7.35684,47.31983],[7.35705,47.31689],[7.35705,47.31681],[7.35702,47.31629],[7.35702,47.31628],[7.35699,47.31565],[7.35694,47.31492],[7.3569,47.31474],[7.3568,47.31456],[7.35665,47.31441],[7.35606,47.31389],[7.3559,47.31372],[7.35576,47.31342],[7.35577,47.31251],[7.35581,47.31187],[7.35587,47.31142],[7.35587,47.31125],[7.35583,47.31109],[7.35574,47.31093],[7.35561,47.31079],[7.35544,47.31067],[7.35524,47.31057],[7.35502,47.31049],[7.35476,47.31042],[7.35432,47.31028],[7.35427,47.31026],[7.35367,47.31006],[7.35341,47.30999],[7.35205,47.3097],[7.35081,47.30935],[7.35052,47.3093]]]},"properties":{"bfs_nr":6708,"name":"Courrendlin"}},{"type":"Feature","geometry":{"type":"Polygon","coordinates":[[[7.36083,47.37184],[7.36084,47.37156],[7.36121,47.37077],[7.36142,47.37029],[7.36153,47.36998],[7.36169,47.36967],[7.36174,47.36954],[7.36187,47.36902],[7.36188,47.36892],[7.36195,47.36817],[7.36195,47.36815],[7.36197,47.36774],[7.3621,47.3673],[7.36214,47.36706],[7.36213,47.36679],[7.36212,47.3667],[7.36195,47.36573],[7.36193,47.36551],[7.36194,47.36543],[7.36199,47.36517],[7.36203,47.36506],[7.36221,47.36476],[7.36236,47.36461],[7.36275,47.36439],[7.36349,47.36429],[7.36398,47.36439],[7.36445,47.36457],[7.3647,47.36462],[7.36497,47.36463],[7.36523,47.36461],[7.36548,47.36456],[7.36571,47.36447],[7.36607,47.3642],[7.36675,47.36333],[7.36688,47.36287],[7.36681,47.3624],[7.36656,47.36176],[7.36662,47.36125],[7.36658,47.36108],[7.3665,47.36092],[7.36583,47.35994],[7.36583,47.35993],[7.36486,47.35855],[7.36484,47.35852],[7.36351,47.35678],[7.3634,47.35658],[7.36335,47.35624],[7.36341,47.35603],[7.36386,47.355],[7.36427,47.35431],[7.36459,47.35407],[7.36559,47.35357],[7.36617,47.35343],[7.36635,47.35339],[7.36646,47.35335],[7.36657,47.3533],[7.36667,47.35325],[7.36698,47.35305],[7.36731,47.35276],[7.36771,47.35255],[7.3682,47.35247],[7.3687,47.35251],[7.36933,47.35269],[7.36994,47.35273],[7.37043,47.35284],[7.37081,47.35308],[7.37116,47.35359],[7.3717,47.35393],[7.3723,47.35407],[7.37273,47.35425],[7.37315,47.35464],[7.3736,47.35485],[7.37415,47.35493],[7.37555,47.35491],[7.37582,47.35489],[7.37607,47.35483],[7.37631,47.35474],[7.37651,47.35461],[7.37667,47.35446],[7.37678,47.3543],[7.37684,47.35412],[7.37684,47.35393],[7.37679,47.35375],[7.37644,47.35322],[7.37644,47.35269],[7.37669,47.35238],[7.37693,47.35222],[7.3795,47.35085],[7.38004,47.35066],[7.38058,47.35064],[7.38108,47.35077],[7.38134,47.35091],[7.38192,47.35129],[7.38212,47.3514],[7.38236,47.35148],[7.38261,47.35153],[7.38313,47.35152],[7.38337,47.35147],[7.3836,47.35138],[7.38378,47.3513],[7.38379,47.35129],[7.38518,47.35061],[7.38519,47.35061],[7.38606,47.35018],[7.38623,47.35007],[7.38638,47.34995],[7.38707,47.34894],[7.38834,47.34745],[7.38836,47.34743],[7.3884,47.34737],[7.38843,47.34733],[7.38849,47.34724],[7.38851,47.34722],[7.3888,47.34677],[7.38881,47.34675],[7.38929,47.34597],[7.3893,47.34595],[7.38946,47.34566],[7.38948,47.34563],[7.38957,47.34544],[7.38959,47.34542],[7.38969,47.34522],[7.38973,47.34516],[7.3898,47.34505],[7.38985,47.34497],[7.38992,47.34488],[7.39033,47.34442],[7.39074,47.3439],[7.39092,47.34341],[7.39167,47.34249],[7.39173,47.34233],[7.39175,47.34217],[7.39172,47.34186],[7.39156,47.34115],[7.39243,47.3393],[7.39254,47.33915],[7.39265,47.33904],[7.39271,47.33896],[7.39276,47.3389],[7.39282,47.33881],[7.39312,47.33828],[7.39318,47.33816],[7.39353,47.33712],[7.39371,47.33615],[7.39401,47.33572],[7.39467,47.33499],[7.3948,47.33486],[7.39529,47.33442],[7.3953,47.33442],[7.39667,47.33321],[7.3972,47.33279],[7.39768,47.33265],[7.39821,47.33266],[7.39852,47.33272],[7.39932,47.33296],[7.39934,47.33297],[7.39998,47.33315],[7.40005,47.33317],[7.40152,47.33351],[7.40185,47.33361],[7.40343,47.33421],[7.40406,47.33445],[7.40407,47.33445],[7.40481,47.33472],[7.40508,47.33484],[7.4055,47.33527],[7.40555,47.33562],[7.4054,47.33595],[7.40485,47.33645],[7.40432,47.33678],[7.40418,47.33689],[7.40408,47.33702],[7.40319,47.3383],[7.40275,47.33897],[7.40263,47.33909],[7.40252,47.33923],[7.40239,47.33943],[7.40223,47.33972],[7.40218,47.3398],[7.40205,47.34],[7.40202,47.34005],[7.40165,47.34067],[7.40108,47.34111],[7.40086,47.34148],[7.4008,47.34173],[7.40056,47.34283],[7.40054,47.3429],[7.40045,47.3432],[7.40043,47.34334],[7.4004,47.34372],[7.4004,47.34376],[7.4004,47.34426],[7.40041,47.34439],[7.40046,47.34452],[7.40072,47.34511],[7.40079,47.34535],[7.40078,47.34555],[7.40069,47.34579],[7.40036,47.34643],[7.40037,47.34674],[7.40034,47.34692],[7.40012,47.3478],[7.39992,47.34869],[7.39985,47.34888],[7.3992,47.34948],[7.399,47.34982],[7.39899,47.35001],[7.39901,47.35037],[7.39906,47.35057],[7.39928,47.35097],[7.39985,47.35252],[7.39989,47.35275],[7.39987,47.35294],[7.3998,47.35311],[7.39925,47.35365],[7.39901,47.35398],[7.39898,47.35417],[7.399,47.35436],[7.39908,47.35465],[7.39915,47.35481],[7.3996,47.35521],[7.40005,47.35536],[7.40094,47.35539],[7.40168,47.35516],[7.40208,47.35489],[7.40337,47.35428],[7.40389,47.35419],[7.40443,47.35426],[7.40507,47.35448],[7.40607,47.35516],[7.40643,47.35552],[7.40681,47.35574],[7.4073,47.35585],[7.4093,47.35602],[7.41001,47.35595],[7.41049,47.35574],[7.41108,47.35562],[7.41345,47.35548],[7.41376,47.35548],[7.41424,47.35558],[7.41445,47.35567],[7.41477,47.35592],[7.41503,47.35646],[7.41568,47.35752],[7.41581,47.35767],[7.41597,47.35781],[7.41601,47.35784],[7.41624,47.35803],[7.41641,47.35821],[7.41657,47.35851],[7.41657,47.35897],[7.41684,47.35945],[7.41702,47.35957],[7.41728,47.35973],[7.4174,47.3598],[7.41779,47.35999],[7.41801,47.36012],[7.41901,47.36064],[7.41921,47.36076],[7.41938,47.36089],[7.41979,47.3613],[7.41981,47.36132],[7.42015,47.36166],[7.4202,47.36171],[7.42109,47.3625],[7.42112,47.36252],[7.42223,47.36343],[7.42377,47.36487],[7.42465,47.36585],[7.42467,47.36586],[7.42532,47.36661],[7.42541,47.36672],[7.42578,47.36726],[7.42582,47.3673],[7.42635,47.36815],[7.42667,47.36911],[7.42681,47.37074],[7.42685,47.37093],[7.42696,47.37111],[7.42747,47.37177],[7.42753,47.37185],[7.42782,47.37228],[7.42803,47.37264],[7.42812,47.37276],[7.42896,47.37376],[7.4291,47.37389],[7.42926,47.374],[7.42945,47.37409],[7.42966,47.37415],[7.43067,47.37442],[7.43138,47.37472],[7.43154,47.37479],[7.43197,47.37501],[7.43216,47.37511],[7.43235,47.3752],[7.43271,47.37539],[7.43332,47.37578],[7.43377,47.37611],[7.43448,47.3767],[7.4345,47.37672],[7.43496,47.37712],[7.43499,47.37714],[7.43534,47.37746],[7.43592,47.37794],[7.4361,47.37812],[7.43637,47.37866],[7.43643,47.37906],[7.43627,47.3794],[7.43593,47.37967],[7.43546,47.37982],[7.43469,47.37981],[7.43379,47.37949],[7.43331,47.37944],[7.43121,47.37947],[7.42748,47.37948],[7.4249,47.37956],[7.42297,47.37971],[7.42003,47.37986],[7.41817,47.38002],[7.41372,47.38045],[7.41327,47.38061],[7.41285,47.38103],[7.41279,47.38137],[7.41305,47.38185],[7.41579,47.38436],[7.41605,47.38473],[7.41595,47.38533],[7.41482,47.38705],[7.41389,47.38856],[7.41368,47.38916],[7.41339,47.38947],[7.41294,47.38968],[7.41203,47.38979],[7.41145,47.38997],[7.41085,47.39003],[7.41051,47.39001],[7.41016,47.38998],[7.40986,47.38999],[7.40957,47.39004],[7.40904,47.39023],[7.4088,47.39029],[7.40852,47.39034],[7.40844,47.39036],[7.40818,47.3904],[7.40795,47.39042],[7.40738,47.39046],[7.40634,47.39046],[7.40409,47.39076],[7.4036,47.3909],[7.40332,47.39103],[7.40316,47.39112],[7.40289,47.39135],[7.40229,47.39214],[7.40211,47.39233],[7.4017,47.39255],[7.4012,47.39265],[7.40087,47.39265],[7.39972,47.39257],[7.39925,47.39242],[7.3989,47.39217],[7.39853,47.39154],[7.39785,47.3911],[7.39758,47.3908],[7.3975,47.39045],[7.39762,47.39011],[7.39792,47.38983],[7.39813,47.38972],[7.39842,47.38963],[7.39872,47.38956],[7.39914,47.38948],[7.39937,47.38942],[7.39976,47.38923],[7.39991,47.3891],[7.40002,47.38895],[7.40012,47.38862],[7.4001,47.38846],[7.39999,47.38803],[7.39992,47.38786],[7.3998,47.3877],[7.39921,47.38736],[7.3987,47.38729],[7.3977,47.38739],[7.3974,47.38744],[7.39691,47.38757],[7.39687,47.38758],[7.39659,47.38766],[7.39635,47.38775],[7.39614,47.38788],[7.39597,47.38803],[7.39592,47.38809],[7.39589,47.38812],[7.39577,47.38827],[7.39563,47.38842],[7.39545,47.38856],[7.39532,47.38865],[7.39511,47.38882],[7.39489,47.38894],[7.39468,47.38908],[7.39431,47.38939],[7.39379,47.38986],[7.39325,47.39044],[7.39282,47.39077],[7.39258,47.39102],[7.39222,47.39127],[7.39174,47.3914],[7.39123,47.3914],[7.39048,47.39121],[7.38988,47.39098],[7.38967,47.39091],[7.38959,47.39089],[7.38935,47.39084],[7.3891,47.39083],[7.38885,47.39085],[7.38806,47.39104],[7.38736,47.39101],[7.38638,47.39067],[7.38595,47.39063],[7.38457,47.39061],[7.38426,47.39058],[7.384,47.39053],[7.38347,47.39034],[7.38297,47.39028],[7.38248,47.39035],[7.38169,47.39068],[7.38144,47.39074],[7.38095,47.39078],[7.38074,47.39079],[7.38051,47.39078],[7.37998,47.39074],[7.37945,47.39064],[7.37907,47.39044],[7.37833,47.38969],[7.37812,47.38956],[7.37773,47.38938],[7.37747,47.38929],[7.37717,47.38921],[7.37695,47.38916],[7.3758,47.38899],[7.37537,47.38889],[7.37487,47.38873],[7.37458,47.38867],[7.37345,47.38865],[7.37272,47.3886],[7.37192,47.3886],[7.37179,47.38861],[7.3711,47.38865],[7.37088,47.38868],[7.37039,47.38877],[7.37004,47.38881],[7.36943,47.38884],[7.36916,47.38885],[7.36878,47.38883],[7.36834,47.38878],[7.36779,47.38868],[7.36757,47.38862],[7.36754,47.38861],[7.36704,47.38839],[7.36675,47.38808],[7.36661,47.38714],[7.36635,47.38687],[7.36596,47.38658],[7.36318,47.3842],[7.36307,47.38409],[7.36181,47.38277],[7.36164,47.38254],[7.36098,47.38141],[7.36089,47.38119],[7.36083,47.38082],[7.36073,47.38066],[7.3606,47.38051],[7.36014,47.3801],[7.35991,47.37979],[7.35989,47.37975],[7.35978,47.37941],[7.35977,47.3793],[7.35977,47.37907],[7.35977,47.37901],[7.35983,47.37879],[7.35993,47.37853],[7.36008,47.37825],[7.36039,47.37792],[7.3608,47.3776],[7.36136,47.37725],[7.36203,47.37661],[7.36215,47.37603],[7.36202,47.37498],[7.36176,47.37416],[7.36138,47.37339],[7.36131,47.37322],[7.36117,47.37264],[7.36087,47.37205],[7.36083,47.37184]]]},"properties":{"bfs_nr":6709,"name":"Courroux"}},{"type":"Feature","geometry":{"type":"Polygon","coordinates":[[[7.2965,47.34385],[7.29748,47.34215],[7.29776,47.34183],[7.29815,47.34163],[7.29883,47.34145],[7.2992,47.34121],[7.29941,47.3409],[7.29965,47.34021],[7.3002,47.33888],[7.30026,47.33864],[7.30068,47.33832],[7.30082,47.33798],[7.30075,47.33763],[7.3005,47.33733],[7.30034,47.33688],[7.30045,47.33652],[7.3008,47.33616],[7.30096,47.3358],[7.30119,47.33402],[7.3016,47.33149],[7.3016,47.33136],[7.30148,47.32849],[7.30144,47.32786],[7.30144,47.32778],[7.30144,47.32759],[7.30142,47.32743],[7.30105,47.3265],[7.30115,47.32602],[7.30114,47.32568],[7.30113,47.32561],[7.30108,47.32526],[7.30104,47.32492],[7.30103,47.32479],[7.30104,47.3246],[7.30106,47.32443],[7.30108,47.32435],[7.3011,47.32421],[7.30099,47.32359],[7.30083,47.32114],[7.30083,47.32108],[7.30083,47.3205],[7.30079,47.31986],[7.30081,47.31881],[7.3007,47.31717],[7.30072,47.31573],[7.30036,47.31307],[7.2996,47.31062],[7.29956,47.3104],[7.29958,47.31022],[7.29966,47.31005],[7.29978,47.30989],[7.29995,47.30975],[7.3002,47.30961],[7.30056,47.30945],[7.30076,47.30937],[7.30094,47.30931],[7.3013,47.30921],[7.30149,47.30917],[7.3017,47.30914],[7.30268,47.30904],[7.30433,47.30889],[7.3062,47.30869],[7.30815,47.30855],[7.30935,47.30841],[7.31009,47.30829],[7.31032,47.30826],[7.31152,47.30816],[7.31172,47.30815],[7.31308,47.30812],[7.31331,47.3081],[7.31455,47.30793],[7.31457,47.30793],[7.31594,47.30774],[7.31599,47.30774],[7.3177,47.30755],[7.31988,47.30745],[7.32007,47.30743],[7.3209,47.3073],[7.32098,47.30729],[7.32284,47.30694],[7.32446,47.30679],[7.3246,47.30678],[7.32644,47.30647],[7.32645,47.30647],[7.32704,47.30637],[7.32751,47.30633],[7.32826,47.30632],[7.32834,47.30632],[7.33022,47.30622],[7.33027,47.30622],[7.33211,47.30607],[7.33386,47.30599],[7.33436,47.3061],[7.33489,47.30648],[7.33502,47.30683],[7.33501,47.30705],[7.33473,47.3084],[7.33471,47.30852],[7.33463,47.30874],[7.33424,47.30956],[7.33403,47.31035],[7.33382,47.31073],[7.33288,47.31182],[7.33287,47.31183],[7.33245,47.31233],[7.33229,47.31265],[7.33232,47.313],[7.33271,47.31344],[7.3331,47.31362],[7.33335,47.31378],[7.33367,47.31403],[7.33403,47.31427],[7.33427,47.31448],[7.33439,47.31459],[7.33457,47.31481],[7.33548,47.31599],[7.33552,47.31604],[7.33664,47.31729],[7.33674,47.31739],[7.33719,47.31777],[7.33731,47.31788],[7.33748,47.31809],[7.33756,47.31827],[7.33759,47.31851],[7.33753,47.31938],[7.33732,47.3197],[7.33696,47.31994],[7.33633,47.32017],[7.336,47.32046],[7.33586,47.32082],[7.33582,47.32135],[7.33581,47.32135],[7.33575,47.32228],[7.33575,47.32232],[7.33556,47.32396],[7.3355,47.3242],[7.3349,47.32572],[7.33485,47.32603],[7.33491,47.32648],[7.33491,47.32664],[7.33483,47.32791],[7.335,47.32879],[7.33511,47.33117],[7.33548,47.33193],[7.33549,47.33269],[7.33559,47.3344],[7.33539,47.33495],[7.33486,47.33541],[7.33473,47.33577],[7.33483,47.33613],[7.33528,47.33658],[7.33544,47.33692],[7.33544,47.33756],[7.33559,47.33826],[7.33503,47.33979],[7.33486,47.34043],[7.33497,47.3411],[7.33491,47.34149],[7.33468,47.34251],[7.33462,47.34282],[7.33461,47.34286],[7.33458,47.34299],[7.33454,47.3431],[7.33452,47.34317],[7.33443,47.34336],[7.334,47.34379],[7.33375,47.34436],[7.33367,47.34475],[7.3336,47.3452],[7.33354,47.34572],[7.33354,47.34573],[7.33347,47.34637],[7.33338,47.34714],[7.33338,47.34716],[7.33325,47.348],[7.33319,47.34831],[7.3329,47.34903],[7.3328,47.34923],[7.33267,47.34937],[7.3325,47.3495],[7.33208,47.34967],[7.33184,47.34972],[7.33152,47.34974],[7.3315,47.34974],[7.33147,47.34974],[7.33145,47.34974],[7.33138,47.34974],[7.33137,47.34975],[7.3313,47.34975],[7.33122,47.34976],[7.33106,47.34979],[7.33088,47.34983],[7.33077,47.34986],[7.33052,47.34995],[7.3303,47.35007],[7.32897,47.3509],[7.32871,47.35099],[7.32858,47.35102],[7.32849,47.35103],[7.32839,47.35105],[7.32787,47.35106],[7.32778,47.35106],[7.32761,47.35108],[7.32747,47.35111],[7.3274,47.35112],[7.32735,47.35113],[7.32726,47.35116],[7.32723,47.35117],[7.32714,47.3512],[7.32711,47.35121],[7.32703,47.35125],[7.327,47.35126],[7.32691,47.3513],[7.32689,47.35132],[7.32681,47.35136],[7.32673,47.35141],[7.32627,47.35171],[7.32625,47.35173],[7.32573,47.35206],[7.32572,47.35206],[7.32535,47.3523],[7.32529,47.35234],[7.32516,47.35244],[7.325,47.35258],[7.32482,47.35292],[7.32481,47.3531],[7.32485,47.35328],[7.32494,47.35345],[7.32508,47.3536],[7.32588,47.3543],[7.32669,47.35508],[7.32703,47.35551],[7.3271,47.35586],[7.32697,47.3562],[7.32679,47.35639],[7.32659,47.35657],[7.32648,47.35665],[7.32578,47.35717],[7.32571,47.35722],[7.32543,47.3574],[7.32519,47.35754],[7.32471,47.35777],[7.32453,47.35785],[7.32414,47.35799],[7.3231,47.35832],[7.32296,47.35836],[7.32233,47.35852],[7.32224,47.35855],[7.3219,47.35862],[7.3218,47.35864],[7.3207,47.35882],[7.31998,47.35891],[7.31984,47.35892],[7.31863,47.35901],[7.31854,47.35901],[7.31844,47.35902],[7.31811,47.35901],[7.31785,47.35897],[7.3174,47.35878],[7.31722,47.35864],[7.31701,47.35831],[7.31697,47.35808],[7.31696,47.35729],[7.31688,47.35659],[7.31681,47.35643],[7.31654,47.35615],[7.31636,47.35604],[7.31591,47.35589],[7.31502,47.35582],[7.31458,47.35568],[7.31373,47.35513],[7.31323,47.35503],[7.31242,47.35513],[7.31178,47.35513],[7.31047,47.3549],[7.31002,47.35468],[7.30969,47.35418],[7.30966,47.35379],[7.30949,47.35348],[7.30909,47.35311],[7.30895,47.35238],[7.30878,47.35207],[7.30838,47.35177],[7.30786,47.35161],[7.30704,47.35155],[7.30607,47.35166],[7.30559,47.35166],[7.30523,47.3516],[7.3051,47.35159],[7.30474,47.35155],[7.30462,47.35154],[7.3042,47.35147],[7.30399,47.35143],[7.30353,47.35134],[7.30227,47.35104],[7.30045,47.3506],[7.30016,47.35051],[7.29783,47.34964],[7.29757,47.34952],[7.29726,47.34926],[7.29689,47.34855],[7.29691,47.34815],[7.29727,47.34715],[7.29738,47.3469],[7.29745,47.34672],[7.29746,47.34669],[7.29766,47.34611],[7.29766,47.3461],[7.2977,47.34597],[7.29773,47.34581],[7.29772,47.34564],[7.29756,47.34533],[7.29724,47.34508],[7.29677,47.34485],[7.29641,47.3444],[7.29641,47.34406],[7.2965,47.34385]]]},"properties":{"bfs_nr":6710,"name":"Court\u00e9telle"}},{"type":"Feature","geometry":{"type":"Polygon","coordinates":[[[7.2901,47.38203],[7.29008,47.38186],[7.29011,47.38163],[7.2902,47.38142],[7.29046,47.38109],[7.29089,47.38068],[7.29105,47.37996],[7.29123,47.37964],[7.29143,47.37948],[7.29172,47.37927],[7.29173,47.37927],[7.29274,47.37853],[7.29335,47.3781],[7.29337,47.37809],[7.29365,47.37788],[7.2937,47.37785],[7.29418,47.37752],[7.29434,47.37739],[7.29474,47.37699],[7.29477,47.37696],[7.29521,47.37649],[7.29523,47.37647],[7.2962,47.37536],[7.29663,47.37494],[7.2973,47.37425],[7.29762,47.374],[7.29861,47.3734],[7.29865,47.37337],[7.299,47.37314],[7.29901,47.37313],[7.29942,47.37285],[7.29946,47.37282],[7.30111,47.37177],[7.30223,47.3711],[7.30235,47.37097],[7.30245,47.37084],[7.30278,47.37025],[7.30284,47.37009],[7.30286,47.36993],[7.30287,47.36946],[7.3029,47.36923],[7.30308,47.36853],[7.30317,47.36832],[7.3033,47.36816],[7.30366,47.36791],[7.30414,47.36778],[7.30519,47.36781],[7.30571,47.36771],[7.30621,47.3675],[7.30697,47.3674],[7.30739,47.36725],[7.3077,47.36702],[7.30791,47.3668],[7.30796,47.36674],[7.30822,47.36641],[7.30834,47.36625],[7.30847,47.36614],[7.30867,47.36601],[7.30929,47.36571],[7.3098,47.36555],[7.31071,47.36546],[7.31137,47.36526],[7.31139,47.36526],[7.31177,47.36514],[7.31204,47.36503],[7.31231,47.36489],[7.31323,47.36439],[7.31354,47.36411],[7.31366,47.36376],[7.31375,47.36307],[7.31407,47.36265],[7.31417,47.36233],[7.31422,47.36152],[7.31423,47.36033],[7.31411,47.35983],[7.31416,47.35926],[7.31409,47.3589],[7.31384,47.35851],[7.31371,47.35759],[7.31363,47.35733],[7.3134,47.35687],[7.31351,47.35634],[7.31382,47.35606],[7.31453,47.35583],[7.31591,47.3559],[7.31635,47.35604],[7.3168,47.35643],[7.31687,47.35659],[7.31697,47.35746],[7.31697,47.35813],[7.317,47.35831],[7.31708,47.35849],[7.31722,47.35864],[7.31739,47.35878],[7.31785,47.35897],[7.31811,47.35901],[7.31838,47.35902],[7.31856,47.35901],[7.31862,47.35901],[7.31986,47.35892],[7.31995,47.35891],[7.32072,47.35882],[7.32124,47.35874],[7.3213,47.35873],[7.32182,47.35864],[7.32189,47.35862],[7.32226,47.35854],[7.32232,47.35853],[7.32298,47.35836],[7.32307,47.35833],[7.32416,47.35798],[7.32424,47.35796],[7.32456,47.35783],[7.32468,47.35778],[7.32523,47.35752],[7.3254,47.35743],[7.32572,47.35721],[7.32577,47.35718],[7.3265,47.35664],[7.32657,47.35658],[7.32683,47.35636],[7.32697,47.35621],[7.32706,47.35604],[7.32711,47.35586],[7.32704,47.35551],[7.32671,47.3551],[7.32592,47.35434],[7.32512,47.35364],[7.32495,47.35345],[7.32482,47.3531],[7.32483,47.35292],[7.325,47.35259],[7.3252,47.35241],[7.32528,47.35235],[7.32537,47.35229],[7.32572,47.35206],[7.32574,47.35205],[7.32626,47.35172],[7.32628,47.35171],[7.32672,47.35142],[7.3269,47.35131],[7.32701,47.35125],[7.32713,47.35121],[7.32725,47.35117],[7.32738,47.35113],[7.32747,47.35111],[7.32761,47.35108],[7.32778,47.35106],[7.32815,47.35106],[7.32829,47.35105],[7.32838,47.35105],[7.32841,47.35104],[7.32848,47.35104],[7.3285,47.35103],[7.32859,47.35102],[7.32868,47.351],[7.32876,47.35098],[7.32897,47.3509],[7.32973,47.35046],[7.33058,47.34994],[7.33088,47.34983],[7.33111,47.34978],[7.3312,47.34977],[7.33131,47.34975],[7.33138,47.34975],[7.33146,47.34974],[7.33154,47.34974],[7.33162,47.34974],[7.33186,47.34972],[7.3321,47.34967],[7.33232,47.3496],[7.33251,47.3495],[7.33268,47.34937],[7.3328,47.34923],[7.33299,47.3489],[7.33356,47.34851],[7.33441,47.34842],[7.33951,47.34889],[7.33981,47.34894],[7.34023,47.3491],[7.34041,47.34922],[7.34064,47.34951],[7.34074,47.35005],[7.34113,47.3505],[7.34157,47.35068],[7.34207,47.35076],[7.34376,47.35107],[7.34406,47.35115],[7.34457,47.35129],[7.34524,47.35142],[7.34594,47.35164],[7.34678,47.35179],[7.34686,47.35181],[7.3469,47.35181],[7.34717,47.35183],[7.34769,47.35176],[7.34793,47.35167],[7.34813,47.35155],[7.3483,47.35141],[7.35022,47.34932],[7.3508,47.34896],[7.35164,47.3487],[7.35194,47.34845],[7.35219,47.34808],[7.35252,47.34784],[7.3532,47.34766],[7.35403,47.34772],[7.35446,47.34788],[7.35478,47.34813],[7.35503,47.34858],[7.35532,47.34885],[7.35592,47.34927],[7.35631,47.34946],[7.3571,47.3497],[7.3576,47.35004],[7.35786,47.35039],[7.35795,47.35075],[7.35793,47.35182],[7.35808,47.35248],[7.35792,47.35285],[7.35792,47.35325],[7.35798,47.35341],[7.35822,47.35375],[7.35844,47.35449],[7.35885,47.35493],[7.35995,47.35532],[7.36048,47.35558],[7.36101,47.35568],[7.36226,47.35573],[7.36271,47.35588],[7.36306,47.35612],[7.3633,47.35649],[7.36484,47.35852],[7.36487,47.35856],[7.36583,47.35993],[7.36584,47.35995],[7.36647,47.36088],[7.36657,47.36108],[7.36661,47.36125],[7.3665,47.36202],[7.36687,47.36287],[7.36674,47.36333],[7.36607,47.36419],[7.36574,47.36444],[7.36553,47.36453],[7.36505,47.36462],[7.36456,47.36459],[7.36386,47.36434],[7.3636,47.36429],[7.36333,47.36427],[7.3628,47.36436],[7.36237,47.36459],[7.36218,47.36479],[7.36205,47.36501],[7.36198,47.36522],[7.36194,47.36539],[7.36193,47.36554],[7.36194,47.36569],[7.36211,47.36668],[7.36213,47.36681],[7.36213,47.36699],[7.36207,47.36736],[7.36198,47.36769],[7.36195,47.36816],[7.36195,47.36818],[7.36189,47.3689],[7.36186,47.36904],[7.36174,47.3695],[7.36167,47.36971],[7.36151,47.37002],[7.36148,47.3701],[7.36147,47.37013],[7.36141,47.37032],[7.36122,47.37075],[7.36116,47.37086],[7.361,47.37113],[7.36083,47.37156],[7.36082,47.3717],[7.36083,47.37188],[7.36087,47.37205],[7.36118,47.3727],[7.36124,47.37297],[7.36132,47.37325],[7.36136,47.37336],[7.36175,47.37414],[7.36202,47.375],[7.36214,47.37597],[7.36202,47.37661],[7.36132,47.37727],[7.36078,47.37762],[7.36067,47.37769],[7.36032,47.37797],[7.36012,47.37819],[7.36002,47.37835],[7.35994,47.3785],[7.35982,47.37882],[7.35978,47.37897],[7.35976,47.37911],[7.35976,47.37926],[7.35979,47.37947],[7.35986,47.37969],[7.35994,47.37984],[7.36009,47.38005],[7.36025,47.3802],[7.3603,47.38025],[7.3605,47.38042],[7.36067,47.38061],[7.36077,47.38078],[7.3609,47.38127],[7.36166,47.38258],[7.36178,47.38274],[7.36309,47.38411],[7.36316,47.38418],[7.36598,47.3866],[7.36637,47.38692],[7.36655,47.38726],[7.36652,47.38762],[7.36631,47.38802],[7.3658,47.38847],[7.36533,47.38877],[7.36511,47.38908],[7.36513,47.3896],[7.36557,47.39002],[7.36715,47.39067],[7.36776,47.39114],[7.36815,47.3919],[7.36897,47.39286],[7.36904,47.39322],[7.36888,47.39356],[7.36832,47.39394],[7.36741,47.39408],[7.36722,47.39412],[7.36709,47.39415],[7.36701,47.39417],[7.36666,47.39426],[7.36626,47.39434],[7.36608,47.39437],[7.36582,47.39438],[7.36556,47.39437],[7.36531,47.39435],[7.36526,47.39435],[7.36447,47.39426],[7.36425,47.39422],[7.36378,47.39413],[7.36327,47.39411],[7.36263,47.39423],[7.36207,47.39438],[7.36174,47.39451],[7.36159,47.39459],[7.3613,47.39472],[7.36121,47.39476],[7.36085,47.39485],[7.36014,47.39494],[7.35939,47.39529],[7.35892,47.39542],[7.35802,47.39541],[7.35697,47.3956],[7.35653,47.39562],[7.35642,47.39562],[7.35633,47.39563],[7.35616,47.39564],[7.35575,47.39573],[7.35529,47.39578],[7.35494,47.39578],[7.35473,47.39578],[7.35461,47.39578],[7.35431,47.39577],[7.35382,47.39575],[7.35355,47.39572],[7.35318,47.39566],[7.35254,47.39551],[7.35248,47.3955],[7.35213,47.39543],[7.35211,47.39543],[7.35157,47.39533],[7.35137,47.39531],[7.35103,47.39528],[7.35092,47.39528],[7.35044,47.39527],[7.34982,47.39529],[7.34932,47.39522],[7.34905,47.39522],[7.34894,47.39522],[7.34874,47.39524],[7.34868,47.39525],[7.34796,47.39532],[7.34759,47.39537],[7.34712,47.39547],[7.3464,47.39548],[7.34607,47.39551],[7.34561,47.39553],[7.3455,47.39552],[7.34533,47.39551],[7.34526,47.39551],[7.3446,47.3954],[7.34445,47.39539],[7.3444,47.39539],[7.34398,47.39536],[7.34389,47.39536],[7.34349,47.39536],[7.34337,47.39535],[7.34311,47.39534],[7.34295,47.39533],[7.34269,47.3953],[7.34253,47.39529],[7.3413,47.39525],[7.34062,47.39526],[7.34053,47.39525],[7.34035,47.39524],[7.34017,47.39522],[7.34012,47.39521],[7.33978,47.39517],[7.33955,47.39516],[7.33926,47.39515],[7.33914,47.39515],[7.33893,47.39514],[7.33874,47.39513],[7.33827,47.39508],[7.33737,47.39502],[7.33723,47.39502],[7.33707,47.39502],[7.33682,47.39504],[7.33633,47.39504],[7.33617,47.39505],[7.33567,47.39507],[7.33543,47.39508],[7.33517,47.39506],[7.33494,47.39503],[7.33434,47.39498],[7.33383,47.39488],[7.3337,47.39485],[7.33338,47.39478],[7.33331,47.39476],[7.33303,47.39471],[7.3329,47.39469],[7.33262,47.39466],[7.33251,47.39465],[7.33222,47.39464],[7.33209,47.39464],[7.33142,47.39464],[7.33075,47.39466],[7.33013,47.39466],[7.32965,47.39469],[7.3292,47.39466],[7.32841,47.39468],[7.32716,47.39462],[7.32708,47.39462],[7.32677,47.39459],[7.32664,47.39459],[7.32652,47.39459],[7.32634,47.39459],[7.3256,47.39465],[7.32539,47.39466],[7.32496,47.39466],[7.32451,47.39463],[7.32422,47.39458],[7.32414,47.39456],[7.32405,47.39455],[7.32357,47.39447],[7.32354,47.39446],[7.32194,47.39422],[7.32155,47.39417],[7.32104,47.39409],[7.32092,47.39407],[7.32057,47.39407],[7.31995,47.3941],[7.31956,47.39409],[7.31946,47.39409],[7.31904,47.39407],[7.31888,47.39407],[7.31883,47.39407],[7.31869,47.39408],[7.31806,47.39413],[7.31727,47.39424],[7.31654,47.39421],[7.31509,47.39421],[7.31436,47.39433],[7.31354,47.3946],[7.31295,47.39468],[7.31132,47.39509],[7.31095,47.3952],[7.3109,47.39522],[7.31051,47.39535],[7.31024,47.39542],[7.31009,47.39547],[7.30954,47.39581],[7.30931,47.39592],[7.30899,47.39601],[7.30896,47.39602],[7.30867,47.39606],[7.30837,47.39606],[7.30832,47.39606],[7.30819,47.39605],[7.30744,47.39599],[7.30699,47.39598],[7.30648,47.39588],[7.30621,47.39575],[7.30586,47.39556],[7.30568,47.39545],[7.30505,47.39497],[7.30463,47.39481],[7.30415,47.39475],[7.30343,47.3948],[7.30295,47.3947],[7.30201,47.39424],[7.30079,47.39369],[7.29897,47.39296],[7.29842,47.39259],[7.29826,47.39223],[7.29805,47.39103],[7.29794,47.39078],[7.29586,47.38758],[7.29537,47.38719],[7.29353,47.38638],[7.29239,47.38596],[7.2921,47.38583],[7.29191,47.3857],[7.29176,47.38553],[7.29172,47.3855],[7.29053,47.38402],[7.29034,47.38368],[7.29016,47.38315],[7.29011,47.38282],[7.29012,47.38223],[7.2901,47.38203]]]},"properties":{"bfs_nr":6711,"name":"Del\u00e9mont"}},{"type":"Feature","geometry":{"type":"Polygon","coordinates":[[[7.24745,47.37518],[7.24793,47.37468],[7.24804,47.37433],[7.24794,47.37397],[7.24781,47.37381],[7.24759,47.3736],[7.24672,47.37243],[7.24659,47.3722],[7.24634,47.37161],[7.24605,47.37105],[7.24588,47.37001],[7.24615,47.3694],[7.24683,47.36856],[7.24686,47.36852],[7.24759,47.36769],[7.24762,47.36766],[7.24878,47.36621],[7.24879,47.36619],[7.24884,47.36614],[7.24899,47.36597],[7.24918,47.36583],[7.24996,47.36534],[7.25038,47.36513],[7.25085,47.36502],[7.25132,47.36496],[7.25234,47.36485],[7.2524,47.36484],[7.25326,47.36476],[7.25329,47.36476],[7.25376,47.3647],[7.25384,47.36469],[7.25481,47.36455],[7.2552,47.36448],[7.25553,47.36443],[7.25566,47.36441],[7.25578,47.36438],[7.2561,47.3643],[7.2563,47.36424],[7.25657,47.36414],[7.2566,47.36412],[7.2569,47.364],[7.2571,47.3639],[7.25798,47.36336],[7.25801,47.36334],[7.25842,47.3631],[7.25849,47.36306],[7.25882,47.36289],[7.25905,47.36278],[7.25932,47.36262],[7.25964,47.36236],[7.25966,47.36234],[7.25999,47.36207],[7.26014,47.3619],[7.26059,47.3613],[7.26059,47.36129],[7.26088,47.36092],[7.26101,47.36077],[7.26118,47.36063],[7.26206,47.36004],[7.26288,47.35966],[7.26308,47.35955],[7.26325,47.35942],[7.26395,47.35881],[7.26482,47.3584],[7.26561,47.35774],[7.26612,47.35742],[7.26723,47.35693],[7.26803,47.35679],[7.26826,47.3567],[7.26895,47.35639],[7.26912,47.3563],[7.27037,47.3555],[7.27053,47.35537],[7.27074,47.35507],[7.27084,47.35452],[7.27113,47.35341],[7.27118,47.35329],[7.27155,47.3524],[7.2718,47.35194],[7.27195,47.35174],[7.27211,47.3516],[7.2728,47.35122],[7.27343,47.35053],[7.27436,47.34986],[7.27512,47.34939],[7.27533,47.34928],[7.27556,47.34919],[7.27614,47.34902],[7.27792,47.34861],[7.27918,47.34836],[7.27938,47.34831],[7.27958,47.34823],[7.28056,47.34776],[7.28066,47.3477],[7.28181,47.34702],[7.28203,47.34691],[7.28288,47.34669],[7.28346,47.34666],[7.28431,47.34644],[7.28576,47.34643],[7.28731,47.34651],[7.28732,47.34651],[7.28762,47.34653],[7.28792,47.34655],[7.28894,47.34671],[7.28918,47.34675],[7.29073,47.34713],[7.29107,47.34724],[7.2925,47.34781],[7.29264,47.34786],[7.29525,47.34864],[7.29722,47.34941],[7.30021,47.35053],[7.3004,47.35059],[7.30228,47.35104],[7.30356,47.35135],[7.30416,47.35147],[7.30461,47.35153],[7.30478,47.35156],[7.30506,47.3516],[7.30535,47.35163],[7.30584,47.35171],[7.30686,47.35162],[7.30754,47.35171],[7.30801,47.35186],[7.30847,47.35229],[7.30858,47.35258],[7.30909,47.35338],[7.30959,47.35391],[7.30974,47.35441],[7.31002,47.3547],[7.31045,47.3549],[7.31129,47.35508],[7.31227,47.35549],[7.31269,47.35579],[7.31292,47.35609],[7.31359,47.35727],[7.31372,47.35765],[7.31384,47.35872],[7.31411,47.35933],[7.31408,47.36011],[7.31422,47.36066],[7.31419,47.36121],[7.31421,47.36144],[7.31422,47.36161],[7.3142,47.36187],[7.31415,47.36212],[7.31383,47.36254],[7.31372,47.36286],[7.31367,47.3637],[7.31352,47.36409],[7.3132,47.36438],[7.31273,47.36462],[7.31249,47.36478],[7.31227,47.36491],[7.3121,47.365],[7.3117,47.36516],[7.31139,47.36526],[7.31136,47.36527],[7.31103,47.36536],[7.31073,47.36543],[7.31008,47.36545],[7.30953,47.36559],[7.30894,47.36586],[7.30885,47.36591],[7.30857,47.36606],[7.3084,47.36618],[7.30826,47.36631],[7.30816,47.36645],[7.30809,47.36658],[7.30797,47.36672],[7.3079,47.36681],[7.30784,47.36687],[7.30765,47.36704],[7.30747,47.36715],[7.30703,47.36729],[7.30608,47.36743],[7.30526,47.36776],[7.30414,47.36778],[7.30366,47.36791],[7.30346,47.36802],[7.30329,47.36816],[7.30317,47.36831],[7.30309,47.36848],[7.30306,47.36859],[7.30305,47.36862],[7.30289,47.36927],[7.30287,47.36942],[7.30286,47.36989],[7.30284,47.37009],[7.30276,47.37029],[7.30247,47.37081],[7.30235,47.37097],[7.30222,47.37109],[7.30112,47.37176],[7.29946,47.37283],[7.29943,47.37285],[7.29901,47.37313],[7.29899,47.37315],[7.29866,47.37336],[7.2986,47.3734],[7.29756,47.37403],[7.29735,47.3742],[7.2969,47.37465],[7.29662,47.37494],[7.2962,47.37537],[7.29523,47.37646],[7.2952,47.3765],[7.29477,47.37696],[7.29474,47.37699],[7.29437,47.37736],[7.29414,47.37755],[7.29369,47.37785],[7.29366,47.37788],[7.29337,47.37809],[7.29334,47.37811],[7.29274,47.37854],[7.29173,47.37927],[7.29171,47.37928],[7.29093,47.37983],[7.29044,47.38007],[7.28959,47.38013],[7.28658,47.37974],[7.28649,47.37973],[7.28324,47.37947],[7.28201,47.3795],[7.28093,47.3796],[7.28092,47.3796],[7.27868,47.37979],[7.27848,47.3798],[7.2777,47.37981],[7.27765,47.37981],[7.27595,47.37988],[7.27438,47.37995],[7.27427,47.37995],[7.27385,47.37995],[7.2735,47.37993],[7.27324,47.37988],[7.27235,47.37969],[7.26964,47.37975],[7.26947,47.37975],[7.26697,47.37966],[7.26668,47.37964],[7.26197,47.379],[7.25958,47.37886],[7.25703,47.37847],[7.25658,47.37836],[7.25245,47.37695],[7.25042,47.37661],[7.25011,47.37659],[7.24925,47.37658],[7.24839,47.37662],[7.24791,47.37652],[7.24752,47.37632],[7.24726,47.37603],[7.24719,47.37569],[7.2473,47.37536],[7.24745,47.37518]]]},"properties":{"bfs_nr":6712,"name":"Develier"}},{"type":"Feature","geometry":{"type":"Polygon","coordinates":[[[7.31437,47.42033],[7.31538,47.41949],[7.31547,47.41941],[7.31666,47.41856],[7.31732,47.41808],[7.31733,47.41807],[7.31767,47.41781],[7.31792,47.41766],[7.31842,47.4175],[7.32015,47.41747],[7.32035,47.41746],[7.3209,47.41739],[7.32091,47.41739],[7.32283,47.41716],[7.32387,47.41705],[7.32493,47.41695],[7.32494,47.41694],[7.32813,47.41661],[7.32857,47.4166],[7.33017,47.41667],[7.33117,47.41678],[7.33212,47.41684],[7.33225,47.41685],[7.33285,47.41685],[7.33299,47.41684],[7.33356,47.4168],[7.33426,47.4168],[7.33454,47.41682],[7.33534,47.41691],[7.33545,47.41691],[7.33639,47.41696],[7.33714,47.41709],[7.3374,47.4171],[7.33768,47.41709],[7.33821,47.41705],[7.33894,47.41702],[7.33932,47.41701],[7.33947,47.41699],[7.34064,47.41684],[7.34367,47.41656],[7.34387,47.41654],[7.34456,47.4164],[7.3451,47.41636],[7.3454,47.4164],[7.34688,47.41667],[7.34712,47.4167],[7.34736,47.4167],[7.34847,47.41663],[7.34849,47.41663],[7.34886,47.4166],[7.34915,47.41655],[7.34942,47.41646],[7.34991,47.41619],[7.35018,47.41609],[7.35036,47.41604],[7.35134,47.41581],[7.35166,47.41576],[7.35242,47.41571],[7.35291,47.41576],[7.35314,47.41576],[7.35338,47.41574],[7.35492,47.41547],[7.35629,47.41528],[7.35704,47.4154],[7.35743,47.41563],[7.35768,47.41599],[7.35791,47.41673],[7.35794,47.41772],[7.35777,47.41805],[7.35742,47.41831],[7.35689,47.41847],[7.35561,47.41871],[7.3552,47.41884],[7.35343,47.41973],[7.35264,47.42025],[7.3522,47.42062],[7.35104,47.42104],[7.34985,47.42129],[7.34928,47.42162],[7.34868,47.4224],[7.34825,47.42273],[7.34683,47.42323],[7.34615,47.42341],[7.34554,47.42379],[7.34429,47.42438],[7.34378,47.42502],[7.34341,47.42575],[7.34305,47.42597],[7.34189,47.42636],[7.34148,47.42657],[7.34115,47.42702],[7.34106,47.42803],[7.34082,47.42847],[7.34079,47.42889],[7.34064,47.42922],[7.3401,47.42959],[7.33962,47.42969],[7.33855,47.42967],[7.33804,47.42978],[7.33751,47.43003],[7.33658,47.43011],[7.33231,47.43022],[7.33183,47.43035],[7.33072,47.43087],[7.32897,47.43146],[7.32739,47.43177],[7.32664,47.43167],[7.32609,47.43131],[7.32594,47.43098],[7.32596,47.43049],[7.32589,47.42995],[7.32565,47.42962],[7.32523,47.42938],[7.32466,47.42922],[7.32426,47.42897],[7.32374,47.42848],[7.32303,47.42817],[7.32248,47.42772],[7.32183,47.42728],[7.32176,47.42724],[7.32139,47.427],[7.32125,47.42688],[7.32103,47.42665],[7.32086,47.42647],[7.32047,47.42614],[7.32028,47.42578],[7.32013,47.42514],[7.31979,47.42456],[7.31977,47.42402],[7.31974,47.42386],[7.31967,47.4237],[7.31956,47.42356],[7.31941,47.42343],[7.31923,47.42332],[7.31908,47.42326],[7.31853,47.42304],[7.31835,47.42298],[7.31758,47.42279],[7.31691,47.42244],[7.31674,47.42236],[7.31637,47.42222],[7.31604,47.42208],[7.31595,47.42205],[7.3156,47.42192],[7.31456,47.42164],[7.3141,47.42121],[7.31404,47.42086],[7.31437,47.42033]]]},"properties":{"bfs_nr":6713,"name":"Ederswiler"}},{"type":"Feature","geometry":{"type":"Polygon","coordinates":[[[7.48649,47.34498],[7.48674,47.34292],[7.48663,47.34225],[7.48671,47.34131],[7.48664,47.34062],[7.48701,47.3397],[7.48714,47.33657],[7.48733,47.33626],[7.48767,47.33601],[7.48811,47.33587],[7.48949,47.3358],[7.49094,47.33581],[7.49203,47.33586],[7.49281,47.33582],[7.4936,47.33595],[7.49431,47.33594],[7.49526,47.33599],[7.49633,47.33607],[7.49738,47.33621],[7.49793,47.3363],[7.49843,47.33628],[7.49866,47.33622],[7.49888,47.33613],[7.49906,47.33601],[7.49921,47.33588],[7.50076,47.33415],[7.50127,47.33376],[7.50141,47.3336],[7.50164,47.33327],[7.50222,47.33242],[7.50314,47.33149],[7.50564,47.32871],[7.50597,47.32827],[7.50639,47.328],[7.50808,47.32724],[7.5087,47.32707],[7.51318,47.32653],[7.5132,47.32653],[7.5194,47.32584],[7.51962,47.3258],[7.51984,47.32574],[7.52635,47.32322],[7.52714,47.32309],[7.52784,47.32326],[7.52832,47.32371],[7.52991,47.32662],[7.53039,47.32761],[7.53119,47.32874],[7.53208,47.3301],[7.53268,47.33051],[7.53341,47.3312],[7.53412,47.33306],[7.53418,47.33352],[7.53476,47.3346],[7.5351,47.33483],[7.53714,47.33575],[7.53993,47.3371],[7.54143,47.33763],[7.54252,47.33813],[7.54539,47.33963],[7.54786,47.34051],[7.54924,47.3408],[7.54967,47.34102],[7.54993,47.34134],[7.54998,47.34171],[7.54984,47.34211],[7.54987,47.34268],[7.55021,47.34311],[7.55104,47.34374],[7.55151,47.34451],[7.55153,47.34487],[7.55134,47.34521],[7.55097,47.34546],[7.54972,47.34599],[7.54845,47.3464],[7.54732,47.3466],[7.54584,47.34707],[7.54516,47.34737],[7.54472,47.34748],[7.54309,47.34773],[7.54215,47.34778],[7.54158,47.34772],[7.54053,47.34747],[7.53943,47.34759],[7.53899,47.34776],[7.53858,47.3482],[7.53824,47.34902],[7.53787,47.34947],[7.53733,47.34985],[7.53683,47.35],[7.53629,47.35],[7.53464,47.34954],[7.53386,47.34935],[7.5332,47.34928],[7.53237,47.34913],[7.53142,47.34898],[7.53122,47.34895],[7.53096,47.3489],[7.53053,47.34879],[7.53031,47.34875],[7.52994,47.3487],[7.52962,47.34869],[7.52935,47.3487],[7.52896,47.34868],[7.52895,47.34868],[7.52868,47.34864],[7.52817,47.34855],[7.52776,47.34846],[7.52734,47.3483],[7.52697,47.34812],[7.52678,47.34805],[7.52642,47.34793],[7.52628,47.34789],[7.52593,47.3478],[7.52575,47.34777],[7.52549,47.34774],[7.52492,47.34776],[7.52405,47.34762],[7.52355,47.34769],[7.52294,47.34791],[7.5226,47.34798],[7.52115,47.34814],[7.52099,47.34815],[7.52016,47.34819],[7.51887,47.34829],[7.51801,47.34843],[7.51671,47.34855],[7.51628,47.3487],[7.51611,47.34881],[7.51593,47.34895],[7.51564,47.34915],[7.51563,47.34916],[7.51542,47.34931],[7.51419,47.3504],[7.51382,47.35068],[7.51355,47.35091],[7.5133,47.35109],[7.51316,47.35118],[7.51304,47.35125],[7.51294,47.3513],[7.51273,47.3514],[7.51249,47.35147],[7.51218,47.35161],[7.51132,47.3521],[7.5108,47.3523],[7.51026,47.35236],[7.51001,47.35241],[7.50977,47.3525],[7.50969,47.35254],[7.50945,47.35266],[7.50911,47.35284],[7.5084,47.35309],[7.50796,47.35336],[7.50757,47.35354],[7.50732,47.35361],[7.50672,47.35368],[7.50626,47.3537],[7.50566,47.35367],[7.50537,47.35368],[7.50475,47.35374],[7.50437,47.35375],[7.50412,47.35377],[7.50281,47.35403],[7.50259,47.35405],[7.5023,47.35404],[7.50189,47.354],[7.50164,47.35395],[7.50134,47.35386],[7.50102,47.35377],[7.50093,47.35376],[7.50021,47.35367],[7.50019,47.35367],[7.49994,47.35364],[7.49964,47.35358],[7.49796,47.35318],[7.49793,47.35317],[7.49747,47.35303],[7.4964,47.35257],[7.49554,47.3522],[7.49461,47.35187],[7.49324,47.3514],[7.49319,47.35138],[7.49301,47.35133],[7.49287,47.35129],[7.49275,47.35126],[7.49271,47.35124],[7.49254,47.3512],[7.49252,47.3512],[7.4924,47.35117],[7.49237,47.35117],[7.49213,47.35112],[7.49203,47.3511],[7.49188,47.35107],[7.49127,47.35102],[7.49055,47.35086],[7.48969,47.35076],[7.48923,47.35059],[7.48862,47.3502],[7.4883,47.34974],[7.48815,47.34928],[7.4878,47.349],[7.48765,47.34892],[7.48701,47.34866],[7.48676,47.34852],[7.48646,47.34824],[7.48634,47.3479],[7.48637,47.34763],[7.48657,47.34726],[7.48687,47.34696],[7.487,47.34661],[7.48692,47.34625],[7.48652,47.34581],[7.48639,47.34545],[7.48649,47.34498]]]},"properties":{"bfs_nr":6715,"name":"Mervelier"}},{"type":"Feature","geometry":{"type":"Polygon","coordinates":[[[7.30105,47.39655],[7.30082,47.39628],[7.30064,47.396],[7.30063,47.39597],[7.30036,47.39551],[7.30027,47.3953],[7.30028,47.39494],[7.30067,47.39448],[7.30112,47.39429],[7.30165,47.39424],[7.30216,47.39434],[7.30347,47.39499],[7.30394,47.39509],[7.30461,47.39506],[7.30533,47.39523],[7.30583,47.39554],[7.30627,47.39579],[7.3065,47.39589],[7.30675,47.39596],[7.30702,47.39599],[7.30753,47.396],[7.30821,47.39606],[7.3083,47.39606],[7.30843,47.39607],[7.30867,47.39606],[7.3089,47.39603],[7.30908,47.39599],[7.30929,47.39593],[7.30949,47.39585],[7.31007,47.39548],[7.31047,47.39536],[7.31089,47.39522],[7.31096,47.3952],[7.31127,47.39511],[7.3116,47.39504],[7.31166,47.39502],[7.31195,47.39495],[7.31295,47.39468],[7.31351,47.39461],[7.31376,47.39454],[7.31428,47.39436],[7.31515,47.39421],[7.31651,47.39421],[7.31727,47.39425],[7.31812,47.39413],[7.31836,47.39411],[7.31865,47.39408],[7.31885,47.39407],[7.31908,47.39407],[7.31948,47.39409],[7.31955,47.39409],[7.31999,47.3941],[7.32048,47.39407],[7.32098,47.39408],[7.32159,47.39418],[7.32197,47.39422],[7.32353,47.39446],[7.32403,47.39454],[7.32416,47.39457],[7.32427,47.39459],[7.32446,47.39463],[7.32455,47.39464],[7.32466,47.39465],[7.32499,47.39466],[7.32512,47.39467],[7.32542,47.39466],[7.32557,47.39466],[7.32629,47.3946],[7.32657,47.39459],[7.32715,47.39462],[7.32843,47.39468],[7.32923,47.39467],[7.32965,47.39469],[7.33019,47.39466],[7.33077,47.39466],[7.33206,47.39464],[7.33225,47.39464],[7.33249,47.39465],[7.33286,47.39469],[7.33306,47.39472],[7.33329,47.39476],[7.33339,47.39478],[7.33392,47.39491],[7.33426,47.39497],[7.33451,47.395],[7.33497,47.39503],[7.33521,47.39506],[7.33539,47.39508],[7.33546,47.39508],[7.33563,47.39508],[7.33615,47.39505],[7.3365,47.39504],[7.33694,47.39505],[7.33729,47.39502],[7.33782,47.39505],[7.33824,47.39508],[7.33877,47.39513],[7.33889,47.39514],[7.33916,47.39515],[7.33924,47.39515],[7.33949,47.39516],[7.33984,47.39518],[7.34013,47.39521],[7.34016,47.39522],[7.34038,47.39524],[7.3405,47.39525],[7.34066,47.39526],[7.34079,47.39526],[7.34133,47.39525],[7.34249,47.39529],[7.34273,47.3953],[7.34297,47.39533],[7.34308,47.39534],[7.34339,47.39535],[7.34347,47.39536],[7.34387,47.39536],[7.344,47.39536],[7.34438,47.39538],[7.34453,47.3954],[7.34495,47.39546],[7.3452,47.3955],[7.34536,47.39552],[7.34547,47.39552],[7.34568,47.39553],[7.34715,47.39547],[7.34757,47.39537],[7.34798,47.39532],[7.34835,47.39528],[7.34867,47.39525],[7.34885,47.39523],[7.34915,47.39522],[7.34977,47.3953],[7.35047,47.39528],[7.35089,47.39528],[7.35106,47.39529],[7.35132,47.3953],[7.35162,47.39534],[7.35212,47.39543],[7.35215,47.39544],[7.35247,47.3955],[7.35255,47.39551],[7.35322,47.39566],[7.35335,47.39569],[7.35359,47.39572],[7.35378,47.39574],[7.35432,47.39577],[7.35437,47.39577],[7.35463,47.39578],[7.35471,47.39578],[7.35491,47.39578],[7.35523,47.39578],[7.35535,47.39578],[7.3557,47.39575],[7.3562,47.39564],[7.35637,47.39562],[7.35665,47.39562],[7.35726,47.39562],[7.35775,47.39572],[7.35839,47.39625],[7.35839,47.39677],[7.35812,47.39715],[7.35796,47.39745],[7.3577,47.39806],[7.35736,47.39831],[7.35667,47.39847],[7.35618,47.39845],[7.35479,47.39857],[7.35346,47.39884],[7.35256,47.39891],[7.35201,47.39893],[7.35185,47.39894],[7.3516,47.39896],[7.35058,47.39911],[7.35026,47.39917],[7.34994,47.39926],[7.3497,47.39932],[7.34948,47.39936],[7.349,47.39943],[7.34825,47.39959],[7.34747,47.39961],[7.34588,47.39973],[7.34525,47.39979],[7.34477,47.39983],[7.34432,47.39983],[7.34388,47.39982],[7.34344,47.39984],[7.34336,47.39984],[7.34298,47.39988],[7.3425,47.39995],[7.34022,47.39992],[7.33989,47.39999],[7.33948,47.40006],[7.33907,47.40007],[7.33794,47.4],[7.33676,47.40011],[7.3357,47.4],[7.33467,47.39994],[7.33433,47.39993],[7.33388,47.39994],[7.33364,47.3999],[7.33335,47.39988],[7.33311,47.39987],[7.33287,47.39985],[7.33278,47.39985],[7.33261,47.39983],[7.33235,47.39979],[7.33207,47.39973],[7.33183,47.39971],[7.33125,47.39973],[7.33081,47.39967],[7.33066,47.39966],[7.33046,47.39964],[7.33025,47.39964],[7.32985,47.39965],[7.32964,47.39965],[7.32937,47.39966],[7.32911,47.39969],[7.32847,47.39969],[7.32727,47.39978],[7.32666,47.39975],[7.32609,47.39976],[7.32572,47.3998],[7.32531,47.39986],[7.32474,47.39986],[7.32465,47.39986],[7.32458,47.39987],[7.3245,47.39988],[7.32441,47.39989],[7.32423,47.39991],[7.32408,47.39993],[7.32365,47.39997],[7.32342,47.39997],[7.32308,47.39995],[7.32213,47.39982],[7.3215,47.39993],[7.32072,47.39995],[7.32015,47.3999],[7.31991,47.3999],[7.3197,47.39991],[7.31888,47.40002],[7.31835,47.40002],[7.31783,47.40008],[7.31756,47.40009],[7.31731,47.40007],[7.31707,47.40001],[7.31647,47.39985],[7.31593,47.39986],[7.3152,47.40011],[7.31453,47.40023],[7.31376,47.40029],[7.3132,47.4003],[7.31299,47.40028],[7.31282,47.40026],[7.31216,47.40016],[7.31168,47.40012],[7.31099,47.40009],[7.31022,47.39998],[7.30998,47.39998],[7.30937,47.39999],[7.30798,47.40003],[7.30786,47.40004],[7.30772,47.40005],[7.30712,47.40016],[7.30561,47.40037],[7.30454,47.40044],[7.30351,47.40067],[7.30255,47.40069],[7.30209,47.40057],[7.3016,47.40018],[7.30148,47.39984],[7.3015,47.39963],[7.30159,47.39928],[7.3016,47.39917],[7.30162,47.39871],[7.30179,47.39806],[7.30157,47.39737],[7.30126,47.397],[7.30105,47.39655]]]},"properties":{"bfs_nr":6716,"name":"Mettembert"}},{"type":"Feature","geometry":{"type":"Polygon","coordinates":[[[7.29949,47.41179],[7.29949,47.41178],[7.29959,47.4117],[7.30007,47.41137],[7.30008,47.41136],[7.30027,47.41122],[7.3014,47.41025],[7.30166,47.40992],[7.30172,47.40972],[7.30185,47.40862],[7.30186,47.40836],[7.30184,47.40756],[7.3018,47.40715],[7.30167,47.40625],[7.30166,47.40618],[7.30163,47.40567],[7.30161,47.40545],[7.30144,47.40514],[7.30111,47.4049],[7.30065,47.40468],[7.30035,47.40441],[7.30023,47.40408],[7.3003,47.4037],[7.30048,47.40252],[7.30076,47.40183],[7.30116,47.40147],[7.3019,47.40114],[7.30229,47.40089],[7.30279,47.40074],[7.30347,47.40069],[7.30454,47.40044],[7.30545,47.4004],[7.30634,47.4003],[7.30663,47.40023],[7.30695,47.40019],[7.3078,47.40004],[7.30801,47.40003],[7.31004,47.39998],[7.31088,47.40008],[7.3117,47.40012],[7.31214,47.40016],[7.31285,47.40026],[7.31296,47.40027],[7.31331,47.4003],[7.31367,47.4003],[7.31417,47.40027],[7.31555,47.4001],[7.31615,47.39994],[7.31669,47.39994],[7.31732,47.40009],[7.31755,47.4001],[7.31778,47.40009],[7.31897,47.40001],[7.3193,47.39998],[7.31947,47.39995],[7.31988,47.3999],[7.32015,47.3999],[7.3207,47.39996],[7.32159,47.39996],[7.32218,47.3999],[7.32294,47.39997],[7.32314,47.39998],[7.32372,47.39997],[7.32401,47.39994],[7.32421,47.39991],[7.32448,47.39988],[7.32461,47.39987],[7.32518,47.39988],[7.32542,47.39987],[7.3257,47.39981],[7.32588,47.39978],[7.32613,47.39978],[7.32673,47.39977],[7.32707,47.3998],[7.3285,47.39972],[7.32903,47.39973],[7.32948,47.39968],[7.32987,47.39965],[7.3302,47.39964],[7.33051,47.39965],[7.33117,47.39975],[7.332,47.39973],[7.33247,47.39982],[7.33279,47.39985],[7.33285,47.39985],[7.33315,47.39987],[7.33325,47.39988],[7.33353,47.39989],[7.33365,47.39991],[7.33396,47.39995],[7.33451,47.39994],[7.33528,47.4],[7.33603,47.40004],[7.33666,47.40015],[7.3372,47.40015],[7.33797,47.40001],[7.33914,47.40007],[7.33942,47.40007],[7.33954,47.40006],[7.33982,47.40001],[7.34022,47.39993],[7.34275,47.39995],[7.34311,47.39988],[7.34336,47.39984],[7.34382,47.39982],[7.3444,47.39984],[7.3447,47.39984],[7.34527,47.39979],[7.34592,47.39973],[7.34724,47.39966],[7.34775,47.39976],[7.34816,47.39999],[7.34842,47.40036],[7.34902,47.40182],[7.3491,47.40197],[7.34927,47.4022],[7.34941,47.40235],[7.34958,47.40248],[7.34978,47.40258],[7.35079,47.403],[7.35121,47.40312],[7.3515,47.40323],[7.35241,47.40369],[7.35525,47.40527],[7.35653,47.4063],[7.35683,47.40658],[7.35684,47.40659],[7.35806,47.40772],[7.35807,47.40773],[7.35983,47.40932],[7.36002,47.40953],[7.36038,47.41002],[7.36039,47.41003],[7.36089,47.41068],[7.36179,47.41183],[7.36216,47.41252],[7.36267,47.41367],[7.36268,47.41421],[7.36229,47.41464],[7.36156,47.41486],[7.35924,47.41512],[7.35872,47.41511],[7.35822,47.41499],[7.35718,47.41504],[7.35591,47.41532],[7.35493,47.41546],[7.35347,47.41572],[7.35318,47.41575],[7.35294,47.41575],[7.35247,47.4157],[7.3517,47.41574],[7.35145,47.41579],[7.35033,47.41605],[7.3502,47.41608],[7.35012,47.4161],[7.34991,47.41618],[7.34942,47.41646],[7.34915,47.41655],[7.34879,47.4166],[7.34849,47.41663],[7.34845,47.41663],[7.34742,47.4167],[7.34712,47.4167],[7.34683,47.41666],[7.34534,47.41638],[7.3451,47.41636],[7.34486,47.41636],[7.34462,47.41639],[7.34392,47.41653],[7.34361,47.41657],[7.34067,47.41684],[7.33951,47.41699],[7.33928,47.41701],[7.33896,47.41702],[7.33852,47.41703],[7.33817,47.41705],[7.33763,47.41709],[7.33711,47.41707],[7.33649,47.41697],[7.33548,47.41692],[7.33531,47.4169],[7.33449,47.41681],[7.33431,47.4168],[7.33377,47.41679],[7.3336,47.4168],[7.33303,47.41684],[7.33281,47.41685],[7.33208,47.41684],[7.3302,47.41667],[7.3285,47.41659],[7.32821,47.4166],[7.32494,47.41694],[7.32283,47.41716],[7.32091,47.41739],[7.32089,47.41739],[7.32039,47.41745],[7.3201,47.41747],[7.31869,47.41748],[7.31842,47.4175],[7.31816,47.41756],[7.31792,47.41765],[7.31772,47.41778],[7.31733,47.41807],[7.31731,47.41808],[7.31667,47.41855],[7.31665,47.41856],[7.31546,47.41942],[7.31539,47.41947],[7.31403,47.42061],[7.31328,47.42095],[7.31273,47.42096],[7.3124,47.4209],[7.31158,47.42067],[7.31147,47.42065],[7.31113,47.42058],[7.3109,47.42055],[7.31065,47.42054],[7.31041,47.42057],[7.30998,47.42071],[7.30943,47.42108],[7.30919,47.42122],[7.30874,47.42136],[7.30824,47.42137],[7.30719,47.42113],[7.30681,47.4209],[7.30664,47.42072],[7.30633,47.4203],[7.30625,47.42018],[7.30618,47.42006],[7.30541,47.41898],[7.30503,47.41848],[7.30492,47.41829],[7.30487,47.41796],[7.30531,47.41727],[7.30539,47.41692],[7.30527,47.4165],[7.30531,47.41597],[7.3053,47.41551],[7.30521,47.41503],[7.30527,47.4146],[7.30516,47.41426],[7.30486,47.41397],[7.30443,47.41378],[7.30276,47.41355],[7.30004,47.41323],[7.2996,47.41306],[7.29943,47.41294],[7.2992,47.41263],[7.29916,47.41229],[7.29931,47.41197],[7.29949,47.41179]]]},"properties":{"bfs_nr":6718,"name":"Movelier"}},{"type":"Feature","geometry":{"type":"Polygon","coordinates":[[[7.23459,47.41481],[7.23479,47.41425],[7.23482,47.41412],[7.23483,47.41399],[7.23474,47.4129],[7.23475,47.41269],[7.2348,47.41254],[7.23578,47.41113],[7.23611,47.41081],[7.23682,47.41034],[7.23771,47.40981],[7.23813,47.40953],[7.2386,47.40924],[7.23887,47.40911],[7.23938,47.40899],[7.23967,47.40898],[7.23998,47.40902],[7.24026,47.40907],[7.2403,47.40907],[7.24124,47.40922],[7.24181,47.40934],[7.24207,47.40938],[7.24337,47.40927],[7.24436,47.40938],[7.24515,47.40938],[7.24564,47.40953],[7.24595,47.4097],[7.24674,47.41006],[7.24722,47.41021],[7.24765,47.41039],[7.24799,47.41054],[7.24815,47.41063],[7.2484,47.41075],[7.24869,47.41084],[7.24892,47.41091],[7.24939,47.41107],[7.24987,47.41116],[7.25013,47.41115],[7.25037,47.41112],[7.25101,47.41099],[7.25126,47.41091],[7.25168,47.41076],[7.25198,47.4106],[7.25261,47.41017],[7.25262,47.41016],[7.25348,47.40956],[7.25361,47.40945],[7.25399,47.40899],[7.25448,47.40869],[7.25523,47.40813],[7.25547,47.40798],[7.25594,47.40783],[7.25622,47.4078],[7.25642,47.40777],[7.2568,47.4077],[7.25715,47.40766],[7.25741,47.40763],[7.25786,47.40762],[7.25834,47.40764],[7.25978,47.40783],[7.25985,47.40784],[7.26068,47.40792],[7.26071,47.40793],[7.26131,47.40797],[7.26158,47.40798],[7.26245,47.40793],[7.26269,47.4079],[7.26312,47.40776],[7.26331,47.40766],[7.2634,47.40758],[7.2641,47.40697],[7.26511,47.40617],[7.26562,47.4059],[7.26693,47.40553],[7.26769,47.40538],[7.26794,47.40532],[7.26816,47.40522],[7.26835,47.40509],[7.2685,47.40494],[7.26861,47.40478],[7.26866,47.4046],[7.26876,47.40398],[7.26921,47.40259],[7.26946,47.4022],[7.26991,47.40174],[7.27011,47.40157],[7.27081,47.4011],[7.2716,47.4003],[7.27187,47.40013],[7.27191,47.4001],[7.27231,47.39981],[7.27252,47.39968],[7.27273,47.39951],[7.27292,47.39931],[7.27296,47.39927],[7.27305,47.39915],[7.27315,47.39903],[7.27331,47.39884],[7.27368,47.3986],[7.27416,47.39848],[7.27463,47.39844],[7.27489,47.39837],[7.27512,47.39826],[7.2754,47.3981],[7.27546,47.39805],[7.27578,47.39784],[7.27608,47.39754],[7.27617,47.39717],[7.27608,47.39682],[7.27611,47.39647],[7.27622,47.39626],[7.27635,47.39608],[7.27636,47.39608],[7.27758,47.39442],[7.2779,47.39411],[7.27925,47.39312],[7.2799,47.39268],[7.28034,47.39248],[7.2808,47.3924],[7.28126,47.39242],[7.28228,47.39255],[7.28251,47.39257],[7.28314,47.39257],[7.28315,47.39257],[7.28426,47.39257],[7.28445,47.39258],[7.29408,47.39321],[7.2943,47.39321],[7.29452,47.39318],[7.29658,47.39284],[7.29735,47.39277],[7.29793,47.3928],[7.29839,47.39297],[7.29891,47.39347],[7.29981,47.39463],[7.30019,47.39522],[7.30063,47.39597],[7.30064,47.39599],[7.30085,47.39632],[7.30106,47.3966],[7.30122,47.3971],[7.30164,47.39759],[7.30178,47.39806],[7.30163,47.39866],[7.3016,47.39914],[7.30158,47.39931],[7.30132,47.4004],[7.30118,47.40113],[7.30102,47.40147],[7.30072,47.40188],[7.30061,47.4021],[7.30048,47.40251],[7.30032,47.40359],[7.30027,47.40377],[7.30021,47.40393],[7.30026,47.40429],[7.30036,47.40446],[7.3007,47.40474],[7.30123,47.40499],[7.3016,47.40546],[7.30163,47.40568],[7.30166,47.40619],[7.30167,47.40624],[7.3018,47.40714],[7.30185,47.40795],[7.30182,47.40845],[7.30184,47.40868],[7.30172,47.40967],[7.30165,47.40993],[7.30135,47.41029],[7.30096,47.41061],[7.30054,47.41097],[7.30045,47.41106],[7.30023,47.41125],[7.30008,47.41136],[7.30006,47.41137],[7.29958,47.41172],[7.29951,47.41177],[7.29945,47.41182],[7.29931,47.41196],[7.29921,47.41212],[7.29916,47.41229],[7.29915,47.41246],[7.2992,47.41263],[7.29929,47.41279],[7.29943,47.41294],[7.2996,47.41306],[7.30004,47.41324],[7.30274,47.41355],[7.30442,47.41378],[7.30486,47.41397],[7.30515,47.41426],[7.30526,47.4146],[7.30517,47.41525],[7.30527,47.41557],[7.3053,47.41591],[7.30513,47.41673],[7.30464,47.41743],[7.3046,47.41775],[7.30473,47.41807],[7.30483,47.41821],[7.30541,47.41899],[7.30611,47.41996],[7.30627,47.42023],[7.30667,47.42076],[7.30681,47.4209],[7.30698,47.42103],[7.30719,47.42113],[7.30742,47.4212],[7.308,47.42134],[7.30824,47.42138],[7.30849,47.42138],[7.30874,47.42136],[7.30898,47.4213],[7.30919,47.42122],[7.30938,47.42111],[7.30998,47.42071],[7.31042,47.42057],[7.3109,47.42055],[7.31119,47.42059],[7.31144,47.42064],[7.31161,47.42068],[7.31242,47.4209],[7.31281,47.42106],[7.3133,47.42137],[7.31388,47.42155],[7.31525,47.42184],[7.31566,47.42195],[7.31593,47.42204],[7.31606,47.42209],[7.31638,47.42222],[7.31669,47.42234],[7.31695,47.42246],[7.31758,47.42279],[7.31835,47.42298],[7.31905,47.42324],[7.31932,47.42338],[7.31964,47.42367],[7.31973,47.42384],[7.31977,47.42407],[7.31978,47.42455],[7.32012,47.42515],[7.32029,47.42582],[7.32046,47.42614],[7.32121,47.42685],[7.32144,47.42704],[7.32175,47.42724],[7.32255,47.42779],[7.32303,47.42818],[7.32372,47.42848],[7.32448,47.4292],[7.32515,47.42942],[7.3257,47.42973],[7.3259,47.43003],[7.32595,47.43064],[7.3258,47.43181],[7.32596,47.4328],[7.32571,47.43328],[7.32562,47.43379],[7.32531,47.43426],[7.32521,47.43469],[7.3253,47.43505],[7.32594,47.43561],[7.3265,47.43622],[7.32712,47.43662],[7.3279,47.43763],[7.32795,47.43814],[7.32771,47.43881],[7.32749,47.43914],[7.32685,47.43947],[7.32631,47.43951],[7.32548,47.43944],[7.32494,47.43931],[7.32401,47.43887],[7.32353,47.43877],[7.32278,47.43885],[7.32221,47.43884],[7.32096,47.43854],[7.32046,47.43852],[7.31971,47.43874],[7.31918,47.43881],[7.31778,47.43867],[7.31638,47.43877],[7.31546,47.4387],[7.31423,47.43854],[7.31353,47.43824],[7.31256,47.43801],[7.3104,47.43815],[7.30964,47.43839],[7.30895,47.43853],[7.30796,47.43886],[7.30714,47.43897],[7.30639,47.43895],[7.30572,47.43884],[7.30499,47.43887],[7.30332,47.43875],[7.30247,47.43855],[7.3021,47.43834],[7.30136,47.43753],[7.30083,47.43682],[7.30045,47.4365],[7.29961,47.43616],[7.29857,47.43603],[7.29783,47.43583],[7.29642,47.4357],[7.29594,47.43555],[7.29559,47.43529],[7.29505,47.43458],[7.29424,47.43415],[7.29365,47.43371],[7.29292,47.43347],[7.29242,47.43345],[7.29142,47.43365],[7.28997,47.4343],[7.28891,47.43468],[7.28841,47.43478],[7.28785,47.43477],[7.28732,47.43489],[7.28686,47.43511],[7.28631,47.4352],[7.28514,47.43516],[7.28456,47.43518],[7.28343,47.43508],[7.28185,47.4347],[7.28147,47.43449],[7.28101,47.43395],[7.28062,47.43328],[7.28006,47.43289],[7.27967,47.43272],[7.27861,47.43258],[7.27815,47.43243],[7.2775,47.43181],[7.27659,47.43139],[7.27477,47.43047],[7.2739,47.42991],[7.27274,47.42877],[7.27234,47.42851],[7.27195,47.4281],[7.27135,47.4277],[7.26975,47.42704],[7.26922,47.42695],[7.26827,47.42691],[7.26761,47.42673],[7.2666,47.42674],[7.26587,47.42668],[7.26387,47.42613],[7.26265,47.42588],[7.26156,47.42574],[7.26047,47.42551],[7.25923,47.42534],[7.25664,47.42471],[7.25527,47.42447],[7.25339,47.42381],[7.25238,47.42338],[7.2512,47.42313],[7.25076,47.4229],[7.2496,47.42163],[7.24929,47.42139],[7.24813,47.42093],[7.24683,47.42052],[7.24531,47.42051],[7.24487,47.42036],[7.2444,47.41999],[7.24399,47.4198],[7.24337,47.41966],[7.24288,47.4194],[7.24205,47.41904],[7.24109,47.41851],[7.24032,47.41795],[7.23934,47.41711],[7.23897,47.41688],[7.23831,47.41671],[7.23723,47.41662],[7.23649,47.41631],[7.23581,47.41609],[7.23506,47.41578],[7.23462,47.41536],[7.23454,47.41502],[7.23459,47.41481]]]},"properties":{"bfs_nr":6719,"name":"Pleigne"}},{"type":"Feature","geometry":{"type":"Polygon","coordinates":[[[7.33335,47.34741],[7.33338,47.34716],[7.33338,47.34714],[7.33347,47.34636],[7.33354,47.34573],[7.33354,47.34571],[7.33358,47.34541],[7.33362,47.34525],[7.33367,47.34472],[7.3338,47.34427],[7.33434,47.34368],[7.33455,47.34308],[7.33457,47.34301],[7.33461,47.34285],[7.33461,47.34283],[7.33468,47.34252],[7.33468,47.3425],[7.3349,47.34149],[7.33491,47.34146],[7.33504,47.34099],[7.33493,47.34032],[7.33516,47.33943],[7.33539,47.3391],[7.33573,47.33887],[7.33648,47.33872],[7.33838,47.33869],[7.33991,47.33861],[7.34096,47.33863],[7.34098,47.33863],[7.34195,47.33864],[7.342,47.33864],[7.34352,47.3386],[7.3443,47.33859],[7.34434,47.33859],[7.34502,47.33856],[7.34506,47.33856],[7.34588,47.33851],[7.34599,47.3385],[7.34731,47.33847],[7.34762,47.33844],[7.348,47.33832],[7.34828,47.33826],[7.3485,47.33822],[7.34862,47.3382],[7.34883,47.33815],[7.34908,47.33807],[7.34965,47.33783],[7.34985,47.33773],[7.35002,47.3376],[7.35016,47.33745],[7.35028,47.33712],[7.35022,47.33669],[7.35029,47.33636],[7.35053,47.33607],[7.35071,47.33595],[7.35114,47.33579],[7.35143,47.33575],[7.35188,47.33573],[7.35274,47.33588],[7.35323,47.33613],[7.35349,47.33646],[7.35358,47.33687],[7.35385,47.33772],[7.35416,47.33848],[7.35449,47.33964],[7.35452,47.33982],[7.35451,47.33999],[7.35438,47.34066],[7.35436,47.34077],[7.35428,47.34103],[7.35426,47.34162],[7.35323,47.3433],[7.35263,47.34416],[7.35215,47.34496],[7.35208,47.34571],[7.35184,47.34635],[7.35179,47.34669],[7.35217,47.34729],[7.35227,47.34768],[7.35208,47.34822],[7.35155,47.34869],[7.35087,47.34887],[7.35033,47.3492],[7.34833,47.35137],[7.34813,47.35155],[7.34769,47.35176],[7.34717,47.35183],[7.34685,47.3518],[7.34677,47.35179],[7.34619,47.35169],[7.34592,47.35162],[7.34557,47.3515],[7.34381,47.35108],[7.34204,47.35076],[7.34162,47.35068],[7.341,47.35034],[7.3408,47.35],[7.34073,47.34956],[7.3405,47.34925],[7.34012,47.34901],[7.33988,47.34894],[7.33963,47.3489],[7.33454,47.34843],[7.33423,47.34838],[7.33362,47.34809],[7.33339,47.34779],[7.33335,47.34741]]]},"properties":{"bfs_nr":6721,"name":"Rossemaison"}},{"type":"Feature","geometry":{"type":"Polygon","coordinates":[[[7.12542,47.29105],[7.12559,47.2905],[7.12592,47.29024],[7.12637,47.29008],[7.12662,47.29005],[7.12694,47.29005],[7.12796,47.29012],[7.12802,47.29013],[7.1293,47.29025],[7.13009,47.29026],[7.13051,47.2903],[7.13145,47.29047],[7.13165,47.29049],[7.13189,47.29051],[7.13193,47.29051],[7.13217,47.29053],[7.1322,47.29053],[7.1329,47.29056],[7.13296,47.29056],[7.13331,47.29056],[7.13353,47.29055],[7.13418,47.29049],[7.13446,47.29043],[7.13473,47.29034],[7.13512,47.29016],[7.13542,47.29005],[7.13568,47.28999],[7.13622,47.29],[7.13671,47.29016],[7.13741,47.29056],[7.13819,47.29133],[7.13828,47.29152],[7.13831,47.29172],[7.13827,47.29194],[7.13814,47.29236],[7.13811,47.29251],[7.13812,47.29267],[7.13817,47.29283],[7.13827,47.29297],[7.13854,47.29333],[7.13869,47.29348],[7.13888,47.29361],[7.13911,47.2937],[7.13983,47.29389],[7.1401,47.294],[7.14081,47.29438],[7.14139,47.29451],[7.14225,47.29455],[7.1425,47.29455],[7.14274,47.29452],[7.14297,47.29445],[7.14318,47.29436],[7.14336,47.29424],[7.1435,47.2941],[7.1436,47.29395],[7.14366,47.29378],[7.14367,47.29361],[7.14356,47.29329],[7.1433,47.29294],[7.14322,47.29253],[7.14334,47.29201],[7.14328,47.29175],[7.14339,47.29102],[7.14363,47.2907],[7.14403,47.29047],[7.14539,47.29],[7.14573,47.28987],[7.1464,47.28959],[7.14712,47.28953],[7.14762,47.28962],[7.14816,47.28963],[7.14867,47.2895],[7.14888,47.28938],[7.14895,47.28933],[7.14904,47.28926],[7.14933,47.28902],[7.14966,47.28878],[7.1498,47.28867],[7.14991,47.28854],[7.14996,47.28846],[7.15002,47.28835],[7.1501,47.28814],[7.15018,47.28793],[7.15022,47.28785],[7.15035,47.28766],[7.15067,47.2874],[7.15092,47.28729],[7.15178,47.28698],[7.15236,47.28685],[7.15289,47.28689],[7.15364,47.28717],[7.15444,47.28739],[7.15479,47.28768],[7.15511,47.28839],[7.15515,47.28882],[7.15495,47.28917],[7.15473,47.28936],[7.15432,47.28962],[7.15404,47.2899],[7.15392,47.29023],[7.15393,47.2904],[7.15399,47.29057],[7.1541,47.29072],[7.15424,47.29086],[7.15443,47.29098],[7.1556,47.29163],[7.15585,47.29194],[7.15589,47.2928],[7.15612,47.29314],[7.15653,47.29338],[7.15707,47.29354],[7.15771,47.29399],[7.15817,47.29419],[7.15872,47.29425],[7.15899,47.29422],[7.15957,47.29411],[7.16056,47.29395],[7.1606,47.29395],[7.16133,47.29381],[7.16163,47.29373],[7.16217,47.29355],[7.1629,47.29354],[7.16335,47.29368],[7.16415,47.29406],[7.16527,47.29415],[7.16635,47.29418],[7.16776,47.29429],[7.16877,47.29453],[7.17048,47.29439],[7.17355,47.29411],[7.1744,47.2942],[7.17487,47.29446],[7.1759,47.29538],[7.1763,47.29583],[7.17652,47.29619],[7.17668,47.29677],[7.17681,47.29767],[7.17682,47.2977],[7.17713,47.29924],[7.17721,47.29944],[7.17734,47.29962],[7.17753,47.29977],[7.17812,47.30015],[7.17826,47.30025],[7.17863,47.30055],[7.17864,47.30056],[7.17931,47.3011],[7.17934,47.30113],[7.18154,47.3028],[7.18328,47.30425],[7.18352,47.3044],[7.18437,47.30483],[7.18466,47.30494],[7.18525,47.30511],[7.18574,47.30544],[7.18601,47.30581],[7.18594,47.30663],[7.18597,47.30689],[7.18597,47.30691],[7.18609,47.30756],[7.18618,47.30822],[7.18654,47.30883],[7.18715,47.30942],[7.1874,47.30961],[7.18753,47.30969],[7.18776,47.30983],[7.18779,47.30985],[7.18839,47.31018],[7.18861,47.31028],[7.18923,47.3105],[7.1895,47.31057],[7.18979,47.3106],[7.19049,47.31062],[7.19106,47.31071],[7.19147,47.31091],[7.1918,47.31139],[7.19178,47.31174],[7.19155,47.31206],[7.19133,47.31222],[7.19071,47.3126],[7.18999,47.31308],[7.18977,47.3132],[7.18953,47.3133],[7.18932,47.31337],[7.18915,47.31341],[7.18858,47.31356],[7.18838,47.31365],[7.18821,47.31376],[7.18791,47.31398],[7.18716,47.31451],[7.18713,47.31453],[7.18712,47.31453],[7.18692,47.31464],[7.18669,47.31473],[7.18494,47.31532],[7.1844,47.31545],[7.18427,47.31547],[7.18397,47.31549],[7.18387,47.3155],[7.18358,47.31553],[7.1829,47.31563],[7.18263,47.31564],[7.18201,47.3157],[7.18022,47.31568],[7.17969,47.31574],[7.17869,47.31613],[7.17822,47.31637],[7.17719,47.31664],[7.1762,47.31696],[7.1756,47.31721],[7.175,47.31735],[7.1744,47.31743],[7.17398,47.31742],[7.17357,47.31737],[7.17348,47.31736],[7.17309,47.31731],[7.1729,47.31728],[7.17262,47.31723],[7.17234,47.31716],[7.1717,47.31677],[7.17126,47.31659],[7.17075,47.31653],[7.17025,47.3166],[7.16967,47.31695],[7.16939,47.3173],[7.16901,47.31753],[7.16853,47.31765],[7.16803,47.31763],[7.16757,47.31749],[7.16635,47.31679],[7.16525,47.31629],[7.16427,47.31566],[7.16383,47.31551],[7.16333,47.31548],[7.1625,47.3156],[7.162,47.31553],[7.16172,47.31543],[7.16073,47.315],[7.16054,47.3149],[7.16036,47.31478],[7.16003,47.3145],[7.15919,47.31403],[7.15839,47.31351],[7.15764,47.31295],[7.1566,47.31156],[7.15661,47.31124],[7.15679,47.31085],[7.15684,47.31068],[7.15685,47.3105],[7.1568,47.31033],[7.15671,47.31016],[7.15657,47.31002],[7.15618,47.30979],[7.15588,47.3097],[7.15569,47.30964],[7.15557,47.30961],[7.15464,47.30937],[7.15447,47.3093],[7.15431,47.30925],[7.15415,47.30921],[7.15375,47.30913],[7.15371,47.30912],[7.15358,47.3091],[7.15317,47.30897],[7.15282,47.30886],[7.15258,47.30881],[7.15257,47.30881],[7.15228,47.30877],[7.15181,47.30867],[7.15176,47.30866],[7.15133,47.30856],[7.15102,47.30847],[7.15062,47.30823],[7.1504,47.3079],[7.15037,47.30772],[7.15046,47.30736],[7.15061,47.30717],[7.15103,47.30681],[7.15117,47.30666],[7.15126,47.30651],[7.15131,47.30634],[7.15131,47.30617],[7.15127,47.306],[7.15118,47.30584],[7.15104,47.30569],[7.15086,47.30554],[7.1508,47.30549],[7.15054,47.3053],[7.15042,47.30522],[7.15005,47.305],[7.14947,47.30469],[7.14852,47.30401],[7.1475,47.30332],[7.14698,47.3031],[7.14637,47.30255],[7.14587,47.30225],[7.14561,47.30197],[7.14549,47.30156],[7.14527,47.30126],[7.1451,47.30114],[7.14469,47.30097],[7.14392,47.30075],[7.14281,47.30023],[7.14226,47.30012],[7.14107,47.30003],[7.1404,47.29986],[7.13972,47.29971],[7.13938,47.29966],[7.13895,47.29963],[7.13864,47.29962],[7.13816,47.29962],[7.1373,47.29979],[7.13681,47.29977],[7.13629,47.29965],[7.13543,47.29951],[7.13523,47.29945],[7.13483,47.29926],[7.13454,47.29916],[7.13417,47.29906],[7.13414,47.29905],[7.13325,47.29884],[7.13303,47.29881],[7.13254,47.29875],[7.13233,47.29872],[7.13228,47.29871],[7.13169,47.29864],[7.13094,47.29833],[7.12936,47.29791],[7.12882,47.29756],[7.12849,47.29673],[7.12814,47.29645],[7.12765,47.29628],[7.12704,47.29621],[7.12663,47.29606],[7.12617,47.29573],[7.12593,47.29559],[7.12558,47.29542],[7.12503,47.29521],[7.1247,47.29495],[7.12452,47.29464],[7.12454,47.2943],[7.1249,47.29385],[7.12551,47.29339],[7.12565,47.29303],[7.12556,47.29266],[7.12519,47.29217],[7.12515,47.29182],[7.12542,47.29105]]]},"properties":{"bfs_nr":6722,"name":"Saulcy"}},{"type":"Feature","geometry":{"type":"Polygon","coordinates":[[[7.3496,47.39934],[7.34966,47.39932],[7.34999,47.39925],[7.35022,47.39919],[7.35038,47.39915],[7.35066,47.3991],[7.35101,47.39907],[7.35168,47.39895],[7.35252,47.39892],[7.35353,47.39885],[7.35484,47.39856],[7.35585,47.3986],[7.3564,47.39875],[7.35692,47.39876],[7.35742,47.39863],[7.3578,47.39838],[7.35803,47.39787],[7.35799,47.39748],[7.35816,47.3971],[7.35853,47.3968],[7.35925,47.39642],[7.35956,47.39598],[7.35963,47.39558],[7.35985,47.39526],[7.36024,47.39501],[7.36106,47.39481],[7.36136,47.3947],[7.36155,47.39461],[7.36166,47.39455],[7.36216,47.39436],[7.36327,47.39411],[7.36384,47.39415],[7.36429,47.39423],[7.36443,47.39425],[7.36527,47.39435],[7.3653,47.39435],[7.36561,47.39438],[7.36582,47.39439],[7.36603,47.39437],[7.36633,47.39434],[7.3666,47.39428],[7.36712,47.39414],[7.36736,47.3941],[7.36793,47.39404],[7.36841,47.39393],[7.36893,47.39354],[7.36906,47.39321],[7.36899,47.39286],[7.36828,47.39203],[7.36775,47.39101],[7.36735,47.39075],[7.36577,47.39009],[7.36543,47.38981],[7.36528,47.38928],[7.36545,47.38894],[7.36584,47.38865],[7.36638,47.38847],[7.36692,47.38847],[7.36775,47.38867],[7.36841,47.3888],[7.3687,47.38883],[7.3692,47.38885],[7.36939,47.38885],[7.3701,47.38881],[7.37033,47.38878],[7.37083,47.38869],[7.37115,47.38865],[7.37176,47.38861],[7.37195,47.3886],[7.37269,47.3886],[7.3735,47.38865],[7.37461,47.38868],[7.37493,47.38875],[7.37544,47.38891],[7.37572,47.38898],[7.37689,47.38915],[7.37741,47.38927],[7.37779,47.38941],[7.37832,47.38969],[7.37907,47.39044],[7.37945,47.39064],[7.37992,47.39074],[7.38055,47.39078],[7.3807,47.39079],[7.38103,47.39078],[7.38136,47.39075],[7.38149,47.39073],[7.38169,47.39068],[7.38249,47.39036],[7.38297,47.39029],[7.38346,47.39035],[7.38399,47.39053],[7.38421,47.39057],[7.38433,47.39059],[7.38452,47.39061],[7.38513,47.39064],[7.38526,47.39064],[7.38589,47.39063],[7.38635,47.39067],[7.38734,47.39101],[7.38758,47.39105],[7.38806,47.39104],[7.38885,47.39085],[7.38935,47.39085],[7.38963,47.3909],[7.39044,47.3912],[7.39106,47.39137],[7.39131,47.39142],[7.39181,47.39143],[7.39228,47.39131],[7.39265,47.39107],[7.3929,47.39074],[7.39331,47.3904],[7.39384,47.38982],[7.39433,47.38938],[7.39462,47.38913],[7.39481,47.389],[7.39518,47.38879],[7.39556,47.38849],[7.39575,47.3883],[7.39594,47.38807],[7.39615,47.38788],[7.39635,47.38776],[7.39665,47.38765],[7.39687,47.38758],[7.39691,47.38757],[7.39733,47.38746],[7.39778,47.38738],[7.3987,47.38729],[7.39921,47.38736],[7.3998,47.3877],[7.39992,47.38786],[7.4,47.38808],[7.40012,47.38862],[7.40002,47.38895],[7.39991,47.38909],[7.39936,47.38942],[7.39869,47.38956],[7.39857,47.38959],[7.39836,47.38964],[7.39812,47.38972],[7.39792,47.38983],[7.39774,47.38996],[7.39761,47.39011],[7.39753,47.39028],[7.39749,47.39045],[7.39751,47.39063],[7.39758,47.3908],[7.39785,47.3911],[7.39836,47.39144],[7.39865,47.392],[7.39891,47.3923],[7.39933,47.39251],[7.39984,47.3926],[7.40093,47.39265],[7.4012,47.39266],[7.40146,47.39262],[7.4017,47.39256],[7.40192,47.39246],[7.40211,47.39233],[7.40226,47.39218],[7.40287,47.39138],[7.40316,47.39112],[7.40355,47.39092],[7.40416,47.39075],[7.40629,47.39047],[7.40731,47.39047],[7.40799,47.39042],[7.40814,47.3904],[7.40845,47.39035],[7.40851,47.39034],[7.40885,47.39028],[7.40905,47.39023],[7.40957,47.39004],[7.40986,47.38999],[7.41023,47.38999],[7.41084,47.39004],[7.41142,47.39003],[7.41228,47.38985],[7.41281,47.38988],[7.41328,47.39006],[7.4136,47.39035],[7.41374,47.39074],[7.41393,47.39335],[7.41411,47.39379],[7.41406,47.39413],[7.41382,47.39444],[7.41342,47.39466],[7.41263,47.39481],[7.4117,47.39472],[7.41084,47.39471],[7.41033,47.39476],[7.40877,47.39507],[7.40742,47.39506],[7.40637,47.3951],[7.40524,47.3953],[7.40427,47.39579],[7.40342,47.39613],[7.40128,47.39679],[7.40083,47.39685],[7.39997,47.39686],[7.39944,47.39692],[7.399,47.39713],[7.39871,47.39744],[7.39779,47.3991],[7.3974,47.40018],[7.39679,47.4015],[7.39614,47.40277],[7.39586,47.4031],[7.39547,47.40331],[7.39499,47.40341],[7.3939,47.40335],[7.39164,47.40303],[7.38951,47.40302],[7.38882,47.40316],[7.38846,47.40337],[7.38767,47.40428],[7.38726,47.40504],[7.38615,47.40743],[7.38522,47.40896],[7.38461,47.41028],[7.38434,47.41137],[7.38415,47.4119],[7.38384,47.41221],[7.38304,47.41246],[7.37963,47.41277],[7.37818,47.41311],[7.37635,47.41392],[7.37548,47.4141],[7.37407,47.41411],[7.37151,47.41385],[7.36987,47.41389],[7.3681,47.41401],[7.36436,47.41452],[7.36381,47.41453],[7.36336,47.41441],[7.36299,47.41419],[7.36275,47.41386],[7.36215,47.41251],[7.36181,47.41186],[7.36119,47.41105],[7.36091,47.41071],[7.36088,47.41067],[7.36039,47.41003],[7.36038,47.41001],[7.36,47.40949],[7.35987,47.40935],[7.35807,47.40773],[7.35805,47.40771],[7.35684,47.40659],[7.35682,47.40658],[7.35651,47.40628],[7.3552,47.40523],[7.3524,47.40368],[7.35234,47.40365],[7.35141,47.40319],[7.35122,47.40311],[7.35092,47.40303],[7.35068,47.40295],[7.34983,47.4026],[7.34958,47.40248],[7.34941,47.40235],[7.34925,47.40217],[7.34913,47.402],[7.349,47.40178],[7.34849,47.40052],[7.34843,47.40029],[7.34851,47.39993],[7.34899,47.3995],[7.3496,47.39934]]]},"properties":{"bfs_nr":6724,"name":"Soyhi\u00e8res"}},{"type":"Feature","geometry":{"type":"Polygon","coordinates":[[[7.13858,47.29964],[7.13878,47.29962],[7.1393,47.29966],[7.13981,47.29973],[7.14112,47.30005],[7.14219,47.30012],[7.14281,47.30023],[7.14392,47.30075],[7.14482,47.30102],[7.14501,47.30112],[7.14531,47.30138],[7.1455,47.30188],[7.14579,47.30221],[7.14637,47.30255],[7.14685,47.30305],[7.1476,47.30339],[7.14855,47.30403],[7.14902,47.3044],[7.14949,47.3047],[7.15039,47.3052],[7.15057,47.30532],[7.15078,47.30547],[7.151,47.30566],[7.15117,47.30584],[7.15126,47.306],[7.15131,47.30634],[7.15116,47.30666],[7.15099,47.30684],[7.15067,47.30712],[7.15058,47.30719],[7.15046,47.30736],[7.15038,47.30753],[7.15036,47.30772],[7.15039,47.3079],[7.15048,47.30807],[7.15062,47.30823],[7.1508,47.30837],[7.15102,47.30847],[7.15126,47.30855],[7.15177,47.30866],[7.1518,47.30867],[7.15233,47.30878],[7.15282,47.30886],[7.15323,47.309],[7.15351,47.30908],[7.15373,47.30913],[7.15375,47.30913],[7.1541,47.3092],[7.15434,47.30926],[7.15472,47.3094],[7.15572,47.30965],[7.15602,47.30974],[7.15631,47.30986],[7.15667,47.31014],[7.15678,47.31031],[7.15683,47.31049],[7.15683,47.31068],[7.15676,47.3109],[7.1566,47.31125],[7.15659,47.31157],[7.15759,47.31291],[7.15833,47.31348],[7.15923,47.31406],[7.16008,47.31455],[7.1604,47.3148],[7.16053,47.3149],[7.16069,47.31498],[7.16182,47.31548],[7.16204,47.31555],[7.16252,47.31562],[7.16362,47.3155],[7.1643,47.31568],[7.1653,47.31632],[7.16632,47.31677],[7.1676,47.31751],[7.16809,47.31766],[7.16862,47.31766],[7.16912,47.31752],[7.16949,47.31726],[7.16976,47.31691],[7.17036,47.31661],[7.17085,47.31656],[7.17156,47.31672],[7.17228,47.31715],[7.17253,47.31722],[7.17293,47.31729],[7.17306,47.31731],[7.17345,47.31736],[7.17373,47.3174],[7.174,47.31743],[7.17451,47.31744],[7.17473,47.31741],[7.17518,47.31732],[7.1756,47.31722],[7.17626,47.31694],[7.17715,47.31665],[7.17814,47.3164],[7.18016,47.3157],[7.18132,47.31572],[7.18206,47.3157],[7.18266,47.31564],[7.18296,47.31562],[7.18318,47.3156],[7.18351,47.31554],[7.18422,47.31548],[7.1845,47.31544],[7.18486,47.31535],[7.18674,47.31472],[7.18692,47.31465],[7.18709,47.31455],[7.18713,47.31452],[7.18715,47.31451],[7.18792,47.31398],[7.18817,47.31378],[7.18838,47.31365],[7.18858,47.31356],[7.18918,47.31341],[7.18929,47.31338],[7.18958,47.31328],[7.18977,47.31321],[7.18995,47.31311],[7.1907,47.3126],[7.19138,47.31219],[7.19156,47.31206],[7.19178,47.31174],[7.19181,47.31139],[7.19148,47.31091],[7.19106,47.3107],[7.19055,47.31062],[7.1895,47.31056],[7.18916,47.31047],[7.18867,47.3103],[7.18834,47.31015],[7.1878,47.30986],[7.18775,47.30983],[7.18756,47.30971],[7.18738,47.30959],[7.18721,47.30946],[7.18651,47.30875],[7.18618,47.30819],[7.18609,47.30758],[7.18597,47.30692],[7.18597,47.30688],[7.18595,47.30672],[7.18595,47.30651],[7.18606,47.30618],[7.18604,47.30582],[7.18581,47.30549],[7.18549,47.30521],[7.18506,47.30501],[7.18452,47.30489],[7.18428,47.30479],[7.18359,47.30444],[7.18323,47.30421],[7.18143,47.30271],[7.17935,47.30113],[7.17931,47.3011],[7.17864,47.30055],[7.17863,47.30054],[7.17824,47.30024],[7.17815,47.30017],[7.17758,47.2998],[7.17735,47.29961],[7.17721,47.29943],[7.17712,47.29919],[7.17682,47.29771],[7.17681,47.29766],[7.17668,47.29676],[7.1766,47.29642],[7.1765,47.29613],[7.17626,47.29554],[7.17636,47.2952],[7.17662,47.29492],[7.17703,47.29472],[7.17752,47.29464],[7.17882,47.29475],[7.17979,47.29478],[7.18043,47.29489],[7.18347,47.29504],[7.18511,47.2952],[7.18564,47.29518],[7.1874,47.29486],[7.18815,47.29485],[7.19109,47.2953],[7.19205,47.29551],[7.19465,47.29582],[7.19742,47.29591],[7.20027,47.29572],[7.20142,47.29568],[7.20307,47.29559],[7.20582,47.29548],[7.20739,47.29515],[7.20785,47.29497],[7.20817,47.29468],[7.20829,47.29432],[7.2082,47.29397],[7.20792,47.29366],[7.20711,47.29303],[7.20665,47.29244],[7.20644,47.29205],[7.20649,47.29169],[7.20704,47.29105],[7.20829,47.29006],[7.20945,47.28929],[7.20994,47.28909],[7.21077,47.28906],[7.21154,47.28929],[7.21361,47.28981],[7.21481,47.28995],[7.21544,47.28991],[7.21656,47.28971],[7.2173,47.28944],[7.22255,47.28831],[7.22372,47.28814],[7.232,47.2882],[7.23271,47.28806],[7.23359,47.28767],[7.23592,47.28691],[7.23759,47.28644],[7.23889,47.28593],[7.23976,47.28569],[7.24185,47.28538],[7.24261,47.28524],[7.24408,47.28528],[7.24626,47.28526],[7.24924,47.28542],[7.2524,47.28519],[7.2531,47.28518],[7.25703,47.2855],[7.25779,47.28572],[7.25811,47.28599],[7.2583,47.28639],[7.25883,47.28682],[7.25935,47.28694],[7.26013,47.28702],[7.26109,47.2872],[7.26316,47.28707],[7.26453,47.28678],[7.26799,47.28579],[7.27095,47.28519],[7.27345,47.28474],[7.2749,47.28463],[7.27571,47.28438],[7.27759,47.28419],[7.27898,47.28422],[7.27947,47.28428],[7.28137,47.28463],[7.28412,47.28507],[7.28522,47.28516],[7.28567,47.28531],[7.28644,47.28572],[7.28718,47.28576],[7.28793,47.2856],[7.28922,47.28561],[7.29058,47.28568],[7.2921,47.28583],[7.29268,47.28599],[7.29468,47.28635],[7.29641,47.28657],[7.29781,47.28694],[7.30077,47.28746],[7.30137,47.28754],[7.30214,47.28777],[7.30271,47.2878],[7.3035,47.28771],[7.30435,47.28777],[7.30536,47.28774],[7.30624,47.28789],[7.30691,47.28794],[7.3085,47.28837],[7.30897,47.28858],[7.30972,47.28906],[7.3107,47.28929],[7.3132,47.28963],[7.31648,47.29029],[7.3168,47.29038],[7.31703,47.29048],[7.31727,47.29065],[7.31802,47.29133],[7.31916,47.29245],[7.31916,47.29246],[7.32069,47.29395],[7.32072,47.29398],[7.32118,47.29438],[7.32126,47.29445],[7.32252,47.29542],[7.32267,47.29552],[7.32284,47.2956],[7.32381,47.296],[7.32384,47.29601],[7.32505,47.29648],[7.32508,47.29649],[7.32619,47.29694],[7.32634,47.29701],[7.32738,47.29752],[7.32739,47.29753],[7.32845,47.29806],[7.33128,47.29942],[7.33155,47.29959],[7.33172,47.29975],[7.33186,47.29999],[7.33246,47.30145],[7.33257,47.30163],[7.33273,47.30179],[7.33284,47.30188],[7.33287,47.3019],[7.33314,47.3021],[7.33316,47.30212],[7.33453,47.3031],[7.33594,47.30444],[7.33621,47.30498],[7.33601,47.30548],[7.33564,47.30574],[7.33517,47.30588],[7.33212,47.30607],[7.33029,47.30622],[7.3302,47.30622],[7.32836,47.30632],[7.32824,47.30632],[7.32743,47.30633],[7.32712,47.30635],[7.32645,47.30647],[7.32643,47.30647],[7.32463,47.30677],[7.32442,47.3068],[7.32279,47.30694],[7.32101,47.30728],[7.32087,47.30731],[7.32012,47.30742],[7.31983,47.30745],[7.31767,47.30755],[7.31754,47.30756],[7.31598,47.30774],[7.31595,47.30774],[7.31456,47.30793],[7.31337,47.30809],[7.31303,47.30812],[7.31168,47.30815],[7.31155,47.30816],[7.31028,47.30827],[7.30812,47.30855],[7.30618,47.30869],[7.30433,47.30889],[7.30267,47.30904],[7.30212,47.30909],[7.30208,47.3091],[7.30167,47.30915],[7.30153,47.30917],[7.30124,47.30922],[7.30099,47.30929],[7.30072,47.30938],[7.30059,47.30943],[7.30036,47.30954],[7.30028,47.30957],[7.30007,47.30966],[7.29988,47.30977],[7.29974,47.30991],[7.29963,47.31006],[7.29957,47.31023],[7.29955,47.31039],[7.29958,47.31056],[7.30037,47.31309],[7.30072,47.31571],[7.3007,47.31718],[7.30081,47.31883],[7.30079,47.31988],[7.30083,47.32113],[7.30099,47.32362],[7.30109,47.32421],[7.30104,47.32457],[7.30103,47.32464],[7.30103,47.32467],[7.30103,47.32481],[7.30103,47.3249],[7.30108,47.32526],[7.30113,47.32559],[7.30114,47.3257],[7.30115,47.32596],[7.30109,47.3263],[7.30105,47.3265],[7.30142,47.32743],[7.30144,47.32763],[7.30144,47.3278],[7.30144,47.32785],[7.30148,47.32848],[7.30148,47.3285],[7.3016,47.33133],[7.30159,47.33152],[7.30119,47.33403],[7.30105,47.33514],[7.30076,47.33566],[7.3003,47.33602],[7.30013,47.33637],[7.3001,47.33711],[7.30044,47.33779],[7.30019,47.33892],[7.29941,47.34079],[7.29885,47.34119],[7.29796,47.34151],[7.29767,47.34181],[7.29646,47.34391],[7.29639,47.34409],[7.29637,47.34428],[7.29641,47.34446],[7.2965,47.34463],[7.29684,47.34493],[7.29734,47.34517],[7.2977,47.34564],[7.29772,47.34582],[7.29768,47.34604],[7.29766,47.3461],[7.29766,47.34612],[7.29746,47.34668],[7.29745,47.34673],[7.29738,47.34689],[7.29727,47.34714],[7.29698,47.34794],[7.29688,47.34815],[7.29658,47.34843],[7.2959,47.34867],[7.29538,47.34866],[7.29507,47.34859],[7.29267,47.34787],[7.29247,47.3478],[7.29101,47.34722],[7.29079,47.34715],[7.28914,47.34675],[7.28898,47.34671],[7.28787,47.34655],[7.28767,47.34653],[7.28732,47.34651],[7.28729,47.34651],[7.28572,47.34643],[7.28391,47.34641],[7.28223,47.34684],[7.28203,47.34691],[7.28185,47.347],[7.28069,47.34769],[7.28053,47.34777],[7.27962,47.34821],[7.27938,47.34831],[7.27912,47.34837],[7.2779,47.34862],[7.27619,47.349],[7.27551,47.34921],[7.27532,47.34928],[7.27516,47.34936],[7.27446,47.34979],[7.27438,47.34984],[7.27336,47.35058],[7.27278,47.35114],[7.27217,47.35145],[7.27192,47.35173],[7.27159,47.35229],[7.27155,47.35238],[7.27117,47.35331],[7.27114,47.35339],[7.27083,47.35454],[7.27074,47.35507],[7.27053,47.35537],[7.27033,47.35552],[7.26916,47.35627],[7.2689,47.35642],[7.26832,47.35668],[7.26802,47.35678],[7.26722,47.35693],[7.26616,47.3574],[7.26557,47.35777],[7.26482,47.3584],[7.26395,47.3588],[7.26329,47.35939],[7.26308,47.35955],[7.26235,47.35988],[7.26211,47.36001],[7.26115,47.36066],[7.26101,47.36076],[7.2609,47.36089],[7.26059,47.3613],[7.26058,47.3613],[7.26018,47.36186],[7.25994,47.3621],[7.25967,47.36234],[7.25964,47.36236],[7.25937,47.36257],[7.25898,47.36281],[7.25884,47.36288],[7.25848,47.36307],[7.25843,47.3631],[7.25801,47.36335],[7.25798,47.36336],[7.25715,47.36387],[7.25684,47.36403],[7.25661,47.36412],[7.25656,47.36414],[7.25635,47.36422],[7.25605,47.36432],[7.25581,47.36437],[7.25563,47.36441],[7.25522,47.36447],[7.2548,47.36455],[7.25386,47.36469],[7.25374,47.36471],[7.25329,47.36475],[7.25325,47.36476],[7.25239,47.36484],[7.25235,47.36484],[7.25152,47.36494],[7.25121,47.36495],[7.25073,47.36488],[7.25031,47.36469],[7.25,47.36438],[7.24964,47.36382],[7.24919,47.36328],[7.2474,47.36071],[7.24723,47.36058],[7.2463,47.36],[7.24522,47.35949],[7.24367,47.35885],[7.2426,47.35844],[7.24155,47.35809],[7.24068,47.35772],[7.23945,47.3573],[7.23911,47.35716],[7.23876,47.35697],[7.23873,47.35695],[7.23811,47.3566],[7.238,47.35654],[7.23776,47.35639],[7.23755,47.35623],[7.23743,47.35608],[7.2372,47.35561],[7.23685,47.35508],[7.23677,47.35497],[7.23602,47.35413],[7.2356,47.35337],[7.23542,47.35302],[7.23535,47.35278],[7.23524,47.35256],[7.23509,47.35236],[7.23508,47.35235],[7.23489,47.35209],[7.2348,47.35199],[7.23409,47.3513],[7.23375,47.35107],[7.23265,47.35057],[7.23184,47.35023],[7.23084,47.34967],[7.23059,47.34934],[7.23033,47.34845],[7.22942,47.34701],[7.22898,47.34647],[7.22878,47.34582],[7.22753,47.344],[7.22655,47.34224],[7.22642,47.34207],[7.22601,47.34165],[7.22563,47.34135],[7.22545,47.34125],[7.22527,47.34118],[7.22514,47.34113],[7.22489,47.34105],[7.22474,47.34101],[7.22433,47.34092],[7.22392,47.34082],[7.22364,47.34073],[7.22344,47.34063],[7.22294,47.34024],[7.22274,47.34014],[7.22251,47.34006],[7.22227,47.34002],[7.22177,47.33997],[7.22158,47.33995],[7.22085,47.33995],[7.2206,47.33996],[7.22014,47.34008],[7.21816,47.3409],[7.21781,47.34101],[7.21743,47.34106],[7.21536,47.34121],[7.21456,47.34107],[7.21403,47.34109],[7.21243,47.34136],[7.21092,47.34168],[7.21051,47.34181],[7.20993,47.34208],[7.20849,47.34268],[7.20776,47.34292],[7.20722,47.34295],[7.20663,47.34288],[7.20593,47.343],[7.20524,47.34334],[7.20456,47.34349],[7.20426,47.34358],[7.20329,47.34391],[7.20284,47.34408],[7.2025,47.34424],[7.20142,47.34465],[7.20087,47.34475],[7.20016,47.34497],[7.19823,47.34586],[7.19787,47.34599],[7.19719,47.34618],[7.19627,47.34645],[7.19615,47.34649],[7.1917,47.34814],[7.19112,47.34826],[7.19058,47.34821],[7.18908,47.34764],[7.18897,47.34759],[7.18816,47.34734],[7.18769,47.3472],[7.18761,47.34718],[7.18723,47.34709],[7.18705,47.34703],[7.18695,47.34699],[7.18663,47.34688],[7.1853,47.34653],[7.18455,47.34641],[7.18416,47.34632],[7.18385,47.3462],[7.18346,47.34602],[7.18337,47.34597],[7.1833,47.34593],[7.18319,47.34587],[7.18295,47.34572],[7.18271,47.34554],[7.18252,47.3454],[7.18215,47.34518],[7.18187,47.345],[7.18187,47.34499],[7.18177,47.34494],[7.18167,47.3449],[7.18149,47.34478],[7.18098,47.34417],[7.18088,47.34408],[7.18072,47.34394],[7.18065,47.34385],[7.18052,47.34366],[7.18051,47.34365],[7.18046,47.34357],[7.17987,47.34277],[7.17972,47.34261],[7.17931,47.34225],[7.17929,47.34224],[7.1784,47.34147],[7.17788,47.34101],[7.17776,47.34086],[7.17765,47.34073],[7.17749,47.34056],[7.1769,47.34006],[7.17676,47.33995],[7.17656,47.33982],[7.17645,47.33974],[7.17629,47.33963],[7.17621,47.33956],[7.17591,47.33931],[7.17465,47.33833],[7.17459,47.33828],[7.17441,47.33816],[7.1742,47.33799],[7.17407,47.33781],[7.17399,47.33768],[7.17383,47.33753],[7.17363,47.33737],[7.17359,47.33733],[7.1732,47.33699],[7.17285,47.33671],[7.17216,47.33603],[7.17114,47.33492],[7.17096,47.33468],[7.17094,47.33465],[7.17076,47.33444],[7.17017,47.33391],[7.16944,47.3334],[7.16925,47.33329],[7.16915,47.33324],[7.16896,47.33312],[7.1684,47.33272],[7.16829,47.33266],[7.16807,47.33257],[7.16766,47.33244],[7.16695,47.33215],[7.16578,47.33185],[7.16568,47.33182],[7.1655,47.33179],[7.16542,47.33177],[7.16505,47.33171],[7.16439,47.33154],[7.1641,47.33144],[7.16373,47.3312],[7.16352,47.33088],[7.16349,47.33071],[7.1635,47.33053],[7.16349,47.33033],[7.16329,47.32997],[7.16311,47.32982],[7.16304,47.32978],[7.16282,47.32966],[7.16274,47.32962],[7.16254,47.32951],[7.16228,47.32932],[7.16206,47.32912],[7.16136,47.32857],[7.16125,47.32843],[7.16121,47.32836],[7.16115,47.32825],[7.16107,47.32814],[7.16106,47.32812],[7.16095,47.32801],[7.16059,47.32771],[7.16048,47.3276],[7.16028,47.3274],[7.16025,47.32737],[7.15968,47.32682],[7.15939,47.32661],[7.1591,47.32647],[7.15895,47.32642],[7.15863,47.32627],[7.15836,47.32607],[7.15811,47.32582],[7.158,47.32571],[7.15784,47.32551],[7.15759,47.32522],[7.15753,47.32516],[7.15742,47.32505],[7.15731,47.32494],[7.15713,47.32479],[7.15691,47.32468],[7.15682,47.32464],[7.15665,47.32453],[7.1565,47.32441],[7.15634,47.3242],[7.15628,47.32412],[7.15616,47.32401],[7.15556,47.32355],[7.15475,47.32327],[7.15449,47.32326],[7.15407,47.32331],[7.15358,47.3233],[7.15298,47.32311],[7.15253,47.32281],[7.15195,47.32211],[7.15136,47.32129],[7.15085,47.32046],[7.15019,47.31984],[7.14957,47.31917],[7.14935,47.31882],[7.14852,47.31779],[7.14777,47.31718],[7.14754,47.31703],[7.14675,47.31663],[7.14628,47.31644],[7.14508,47.31618],[7.14456,47.31614],[7.14365,47.3162],[7.14291,47.31607],[7.14253,47.31583],[7.14237,47.31564],[7.14194,47.31491],[7.14194,47.31424],[7.14181,47.3139],[7.14149,47.31353],[7.14105,47.31281],[7.14089,47.31204],[7.14123,47.31109],[7.14153,47.31079],[7.14228,47.31052],[7.14301,47.31011],[7.14358,47.30986],[7.14407,47.30947],[7.14417,47.30913],[7.14408,47.30879],[7.14291,47.30677],[7.14209,47.30542],[7.14206,47.30537],[7.14188,47.30505],[7.14187,47.30502],[7.14169,47.30472],[7.14157,47.30457],[7.14141,47.30443],[7.14042,47.30374],[7.14027,47.30365],[7.13885,47.30293],[7.138,47.30254],[7.13757,47.30225],[7.13737,47.30191],[7.13736,47.30167],[7.13744,47.30052],[7.13757,47.30014],[7.13787,47.29987],[7.13858,47.29964]]]},"properties":{"bfs_nr":6729,"name":"Haute-Sorne"}},{"type":"Feature","geometry":{"type":"Polygon","coordinates":[[[7.399,47.35021],[7.39902,47.34999],[7.39922,47.34964],[7.39956,47.34939],[7.39987,47.34893],[7.40012,47.3478],[7.40042,47.34663],[7.40046,47.34624],[7.40071,47.34574],[7.40079,47.34555],[7.4008,47.34535],[7.40074,47.34516],[7.40047,47.34456],[7.40042,47.34439],[7.4004,47.34422],[7.40042,47.34338],[7.40046,47.34317],[7.40054,47.34289],[7.40056,47.34284],[7.40079,47.34179],[7.40087,47.34156],[7.40099,47.34139],[7.40139,47.34105],[7.40171,47.34062],[7.40201,47.34007],[7.40206,47.33999],[7.40219,47.33979],[7.40222,47.33973],[7.40235,47.3395],[7.40268,47.33907],[7.40318,47.33831],[7.4032,47.33829],[7.40405,47.33705],[7.40419,47.33689],[7.40433,47.33678],[7.40479,47.33649],[7.40537,47.33601],[7.40665,47.33458],[7.40699,47.33429],[7.40813,47.33356],[7.40838,47.33339],[7.40851,47.33328],[7.40862,47.33317],[7.40889,47.33281],[7.40903,47.33247],[7.40904,47.3321],[7.40925,47.33177],[7.40964,47.33152],[7.41016,47.33135],[7.41048,47.33128],[7.41102,47.33127],[7.41152,47.33142],[7.41178,47.33157],[7.41297,47.33245],[7.41317,47.33257],[7.41365,47.33272],[7.41443,47.33267],[7.41467,47.33259],[7.41505,47.33242],[7.41625,47.33195],[7.41646,47.33188],[7.41758,47.33154],[7.41853,47.33129],[7.4197,47.33104],[7.42002,47.33094],[7.42032,47.33081],[7.42037,47.33078],[7.42073,47.33061],[7.42075,47.3306],[7.42085,47.33055],[7.42134,47.33039],[7.42165,47.33035],[7.42189,47.33034],[7.42204,47.33034],[7.42233,47.33034],[7.42241,47.33034],[7.42268,47.33035],[7.42272,47.33035],[7.423,47.33036],[7.42316,47.33037],[7.42473,47.33031],[7.42517,47.33032],[7.42655,47.33048],[7.42657,47.33048],[7.4272,47.33054],[7.42751,47.33055],[7.42781,47.3305],[7.42984,47.33006],[7.43123,47.32984],[7.43151,47.32977],[7.43283,47.32933],[7.43506,47.3287],[7.43533,47.32864],[7.43781,47.32822],[7.43799,47.32818],[7.43913,47.32786],[7.43916,47.32785],[7.43943,47.32777],[7.43967,47.32768],[7.43989,47.32755],[7.44005,47.32739],[7.44016,47.32721],[7.44022,47.32702],[7.44025,47.32678],[7.44034,47.3265],[7.44074,47.32507],[7.44093,47.32454],[7.44117,47.32339],[7.44115,47.32216],[7.44132,47.3214],[7.44131,47.32124],[7.44129,47.32113],[7.44129,47.32102],[7.44128,47.32097],[7.44129,47.32085],[7.4413,47.32074],[7.4413,47.3206],[7.44132,47.32033],[7.44131,47.3198],[7.44162,47.31651],[7.44229,47.30952],[7.44234,47.30931],[7.44273,47.30888],[7.4434,47.30866],[7.44453,47.3086],[7.44566,47.30847],[7.44766,47.30837],[7.44941,47.3081],[7.45052,47.30787],[7.45149,47.30773],[7.45206,47.30758],[7.45375,47.3073],[7.45522,47.30723],[7.45591,47.30711],[7.45781,47.30695],[7.45956,47.30667],[7.46064,47.30675],[7.46241,47.3068],[7.46486,47.30706],[7.46667,47.3073],[7.46795,47.30732],[7.46896,47.3071],[7.46958,47.30703],[7.47093,47.30702],[7.47179,47.30706],[7.47383,47.30696],[7.4755,47.30709],[7.47638,47.30693],[7.47765,47.30627],[7.47794,47.30595],[7.47826,47.30541],[7.47861,47.30515],[7.4808,47.30432],[7.48179,47.30413],[7.48274,47.30372],[7.48415,47.30317],[7.48469,47.30302],[7.48586,47.30234],[7.48686,47.30221],[7.48765,47.30201],[7.48826,47.30197],[7.49017,47.30205],[7.49119,47.30225],[7.4929,47.30246],[7.49395,47.30272],[7.4945,47.30276],[7.49502,47.30264],[7.49567,47.3023],[7.49615,47.30221],[7.49664,47.30224],[7.49722,47.30243],[7.49759,47.30266],[7.49792,47.30303],[7.49875,47.30346],[7.49979,47.30392],[7.50012,47.30415],[7.50119,47.30452],[7.50192,47.30466],[7.50292,47.30518],[7.50519,47.30568],[7.50585,47.30601],[7.50647,47.30621],[7.50767,47.30691],[7.50805,47.30706],[7.50899,47.30728],[7.50975,47.30734],[7.51022,47.30749],[7.5111,47.30793],[7.512,47.30847],[7.51327,47.30904],[7.51464,47.30952],[7.51598,47.31028],[7.51656,47.31067],[7.51758,47.31118],[7.51859,47.31164],[7.52059,47.31283],[7.52128,47.31329],[7.52209,47.31372],[7.5235,47.31426],[7.52535,47.31481],[7.52737,47.31533],[7.52849,47.31574],[7.52918,47.3159],[7.52998,47.31629],[7.53496,47.31718],[7.54129,47.31827],[7.54513,47.31899],[7.54786,47.31939],[7.55043,47.31982],[7.55083,47.31992],[7.55526,47.32136],[7.55573,47.3216],[7.55605,47.32208],[7.55601,47.32243],[7.55577,47.32275],[7.55538,47.32297],[7.55441,47.32318],[7.55394,47.32317],[7.55233,47.32272],[7.55075,47.32223],[7.55019,47.32215],[7.54898,47.3221],[7.54789,47.32169],[7.5473,47.32157],[7.54369,47.32141],[7.54215,47.32138],[7.53818,47.32136],[7.53696,47.32119],[7.53592,47.32113],[7.53436,47.32121],[7.53222,47.32105],[7.53127,47.32118],[7.52994,47.32171],[7.52941,47.32198],[7.52891,47.32236],[7.5284,47.32261],[7.52749,47.32278],[7.51989,47.32572],[7.51962,47.3258],[7.51934,47.32585],[7.51319,47.32653],[7.51318,47.32654],[7.50863,47.32708],[7.50814,47.32721],[7.50633,47.32802],[7.50597,47.32827],[7.50562,47.32874],[7.50315,47.33148],[7.50218,47.33246],[7.50164,47.33326],[7.50131,47.3337],[7.50082,47.33408],[7.49924,47.33584],[7.49906,47.33601],[7.49866,47.33621],[7.49793,47.3363],[7.49742,47.33622],[7.49631,47.33607],[7.49528,47.33599],[7.49426,47.33594],[7.49373,47.33593],[7.49278,47.33582],[7.49196,47.33585],[7.49096,47.33581],[7.48946,47.3358],[7.48817,47.33586],[7.48792,47.33591],[7.48769,47.33599],[7.4875,47.3361],[7.48733,47.33624],[7.48721,47.33639],[7.48714,47.33656],[7.48702,47.33959],[7.48662,47.34068],[7.48661,47.34104],[7.48668,47.34138],[7.48669,47.34156],[7.48662,47.34236],[7.48657,47.34281],[7.48669,47.34317],[7.48669,47.34337],[7.48653,47.34463],[7.48646,47.34489],[7.48628,47.34529],[7.4862,47.34609],[7.48647,47.34678],[7.48648,47.34716],[7.48635,47.34773],[7.48633,47.3479],[7.48637,47.34808],[7.48645,47.34824],[7.48658,47.3484],[7.48675,47.34853],[7.48696,47.34863],[7.4875,47.34886],[7.48778,47.349],[7.48795,47.34915],[7.48816,47.34949],[7.48816,47.34993],[7.48831,47.35028],[7.48864,47.35056],[7.48911,47.35073],[7.4898,47.35081],[7.49077,47.35108],[7.49161,47.35108],[7.49214,47.35112],[7.49236,47.35117],[7.4924,47.35117],[7.49252,47.3512],[7.49256,47.35121],[7.4927,47.35124],[7.49276,47.35126],[7.49286,47.35128],[7.49302,47.35133],[7.49318,47.35138],[7.49326,47.3514],[7.49555,47.35221],[7.4964,47.35257],[7.49641,47.35257],[7.49764,47.3531],[7.49781,47.35316],[7.49825,47.35325],[7.49969,47.3536],[7.49989,47.35363],[7.5002,47.35367],[7.50021,47.35367],[7.50095,47.35376],[7.5014,47.35388],[7.50163,47.35396],[7.50184,47.35399],[7.5019,47.354],[7.50195,47.35401],[7.50214,47.35403],[7.50218,47.35403],[7.50236,47.35405],[7.50259,47.35406],[7.50281,47.35404],[7.50414,47.35379],[7.50444,47.35377],[7.50535,47.35368],[7.50569,47.35367],[7.50628,47.3537],[7.50693,47.35368],[7.50722,47.35365],[7.5075,47.35358],[7.50775,47.35347],[7.50803,47.35332],[7.50846,47.35308],[7.50912,47.35284],[7.50964,47.35256],[7.5099,47.35246],[7.51012,47.3524],[7.51066,47.35234],[7.51113,47.35221],[7.51133,47.3521],[7.51139,47.35206],[7.51213,47.35164],[7.51236,47.35152],[7.51264,47.35143],[7.51289,47.35133],[7.51306,47.35124],[7.51314,47.35119],[7.51335,47.35106],[7.51351,47.35095],[7.51384,47.35066],[7.51417,47.35042],[7.51497,47.34974],[7.51525,47.34946],[7.51546,47.34928],[7.51594,47.34894],[7.51607,47.34884],[7.51629,47.34871],[7.51671,47.34856],[7.51809,47.34843],[7.51895,47.34828],[7.52015,47.3482],[7.52102,47.34815],[7.52112,47.34814],[7.52267,47.34797],[7.52294,47.34792],[7.52356,47.3477],[7.5241,47.34763],[7.5249,47.34777],[7.5255,47.34776],[7.52572,47.34777],[7.526,47.34782],[7.52624,47.34788],[7.52645,47.34794],[7.52674,47.34803],[7.52702,47.34815],[7.52736,47.34831],[7.52761,47.34841],[7.52775,47.34846],[7.52787,47.3485],[7.52815,47.34856],[7.52872,47.34865],[7.5289,47.34868],[7.52903,47.34869],[7.52929,47.3487],[7.52954,47.34869],[7.53002,47.34871],[7.53058,47.34881],[7.53073,47.34885],[7.531,47.34891],[7.53117,47.34894],[7.53143,47.34898],[7.53236,47.34912],[7.53326,47.34929],[7.53374,47.34935],[7.53474,47.34957],[7.53635,47.35004],[7.53696,47.35037],[7.53731,47.35084],[7.5376,47.35162],[7.53792,47.35207],[7.53871,47.35279],[7.53931,47.35316],[7.53961,47.35347],[7.54015,47.35431],[7.54109,47.35534],[7.54132,47.35583],[7.54125,47.35614],[7.54088,47.35664],[7.54007,47.35883],[7.53984,47.35935],[7.53957,47.3597],[7.53918,47.35992],[7.5387,47.36003],[7.53545,47.35989],[7.53449,47.35977],[7.53398,47.35986],[7.53334,47.36031],[7.53296,47.36095],[7.53275,47.36166],[7.53253,47.362],[7.53212,47.36225],[7.53115,47.36252],[7.53029,47.36286],[7.52941,47.36294],[7.52855,47.36278],[7.52778,47.36278],[7.52692,47.36297],[7.52534,47.36353],[7.5246,47.36375],[7.52325,47.36428],[7.52222,47.36491],[7.52189,47.36522],[7.52174,47.36593],[7.52189,47.36645],[7.52273,47.36754],[7.52356,47.3685],[7.52391,47.36911],[7.52438,47.36964],[7.5245,47.37],[7.52447,47.37087],[7.52433,47.37142],[7.5241,47.3717],[7.52351,47.37198],[7.52263,47.37212],[7.52168,47.37204],[7.52114,47.37207],[7.52046,47.37197],[7.51933,47.37201],[7.51835,47.37222],[7.51742,47.37229],[7.51656,47.37225],[7.51616,47.37217],[7.5147,47.37218],[7.51386,47.37225],[7.51225,47.37217],[7.51047,47.3722],[7.50995,47.37213],[7.50811,47.37214],[7.50677,47.37204],[7.50613,47.37209],[7.50497,47.37208],[7.50299,47.37201],[7.50233,47.37195],[7.50084,47.372],[7.49957,47.37192],[7.49865,47.37178],[7.49709,47.37128],[7.49507,47.37077],[7.49433,47.37063],[7.48762,47.36971],[7.4869,47.36973],[7.48522,47.37008],[7.48411,47.37019],[7.48284,47.37059],[7.48214,47.37065],[7.48142,47.37081],[7.48024,47.37116],[7.47952,47.37132],[7.47891,47.37134],[7.47777,47.37129],[7.47645,47.37096],[7.47587,47.37095],[7.47457,47.37067],[7.47341,47.37073],[7.47248,47.37061],[7.47169,47.37036],[7.47058,47.37023],[7.46806,47.37013],[7.46746,47.37014],[7.46657,47.37027],[7.46604,47.37041],[7.4654,47.37045],[7.46422,47.3703],[7.46324,47.37031],[7.46153,47.37054],[7.46051,47.37082],[7.45997,47.3709],[7.45926,47.37076],[7.45889,47.37054],[7.45868,47.37023],[7.45864,47.37007],[7.45864,47.36986],[7.45869,47.36955],[7.4587,47.36955],[7.4588,47.36887],[7.45881,47.36876],[7.4588,47.36818],[7.45881,47.36802],[7.45886,47.36774],[7.45902,47.36687],[7.45928,47.36502],[7.45926,47.36485],[7.45919,47.36469],[7.45894,47.36441],[7.45855,47.36421],[7.45759,47.36399],[7.45705,47.36364],[7.45688,47.36332],[7.45686,47.36311],[7.45694,47.36172],[7.45697,47.36149],[7.45712,47.36119],[7.45743,47.36085],[7.45763,47.36054],[7.45787,47.35992],[7.45897,47.35878],[7.45902,47.35872],[7.45906,47.35867],[7.45913,47.35858],[7.45915,47.35854],[7.45919,47.35848],[7.45921,47.35844],[7.45924,47.35838],[7.45926,47.35833],[7.45928,47.35828],[7.45932,47.35816],[7.45932,47.35813],[7.45937,47.35794],[7.45938,47.35791],[7.45946,47.35755],[7.45949,47.35737],[7.45955,47.35717],[7.45964,47.35701],[7.45994,47.35675],[7.46014,47.35666],[7.4606,47.35654],[7.46091,47.35653],[7.46524,47.3566],[7.46549,47.35659],[7.46595,47.35647],[7.46627,47.3563],[7.46645,47.35617],[7.46686,47.35567],[7.46691,47.35535],[7.46679,47.35503],[7.46667,47.35488],[7.46632,47.35465],[7.46588,47.35452],[7.46563,47.3545],[7.46465,47.35447],[7.46463,47.35447],[7.46409,47.35446],[7.46377,47.35443],[7.46313,47.35418],[7.46286,47.35389],[7.46276,47.35351],[7.46276,47.35249],[7.46268,47.35196],[7.46281,47.35165],[7.46332,47.3512],[7.4641,47.35081],[7.46434,47.35051],[7.46441,47.35018],[7.46415,47.3497],[7.46355,47.34939],[7.46279,47.34925],[7.46238,47.34902],[7.46208,47.34852],[7.46219,47.34797],[7.46246,47.34765],[7.46291,47.34744],[7.46398,47.34724],[7.4644,47.34708],[7.46511,47.34648],[7.46535,47.34616],[7.46539,47.3458],[7.46505,47.34531],[7.46462,47.3451],[7.46382,47.34498],[7.46336,47.3448],[7.46304,47.34451],[7.46281,47.34392],[7.46229,47.34323],[7.46192,47.34257],[7.46192,47.34222],[7.46212,47.34189],[7.46304,47.34128],[7.46319,47.34093],[7.46319,47.34076],[7.46307,47.34004],[7.46299,47.3398],[7.46293,47.33952],[7.46291,47.33921],[7.46291,47.3391],[7.46291,47.33904],[7.4629,47.3389],[7.46282,47.33839],[7.46268,47.33783],[7.4626,47.33754],[7.46236,47.33644],[7.46226,47.33571],[7.46228,47.33554],[7.46238,47.33505],[7.46244,47.33486],[7.46266,47.33458],[7.46334,47.33413],[7.46351,47.334],[7.46364,47.33385],[7.46373,47.33369],[7.46376,47.33352],[7.46375,47.33335],[7.4637,47.33318],[7.46359,47.33303],[7.46344,47.33289],[7.46326,47.33277],[7.46199,47.33223],[7.46174,47.33214],[7.46069,47.33188],[7.46063,47.33186],[7.46014,47.33172],[7.45986,47.33167],[7.45868,47.33153],[7.45679,47.33123],[7.45648,47.33116],[7.45616,47.33106],[7.45569,47.33088],[7.45539,47.3308],[7.45498,47.33072],[7.45487,47.3307],[7.45405,47.33059],[7.45357,47.33049],[7.45338,47.33043],[7.45311,47.33031],[7.4525,47.33003],[7.45128,47.32973],[7.45102,47.32965],[7.45067,47.32945],[7.45021,47.32898],[7.44978,47.32877],[7.44953,47.32871],[7.449,47.32869],[7.44874,47.32874],[7.44829,47.32894],[7.44775,47.32929],[7.44754,47.32947],[7.44706,47.33005],[7.44665,47.33037],[7.44627,47.33056],[7.44587,47.33068],[7.4457,47.33075],[7.44554,47.33083],[7.44548,47.33086],[7.4453,47.33097],[7.44476,47.33128],[7.44429,47.3314],[7.44365,47.33168],[7.44334,47.33196],[7.44317,47.33234],[7.44314,47.33286],[7.44298,47.33345],[7.4432,47.33426],[7.44313,47.33461],[7.44262,47.33561],[7.44261,47.33583],[7.44229,47.33673],[7.44225,47.33748],[7.44222,47.33764],[7.44218,47.33774],[7.44213,47.33788],[7.4421,47.33793],[7.44204,47.33803],[7.44187,47.3383],[7.44186,47.33832],[7.44124,47.33924],[7.44121,47.33929],[7.44107,47.33949],[7.44105,47.33951],[7.44087,47.33974],[7.44085,47.33978],[7.44056,47.34012],[7.44047,47.34025],[7.44028,47.3406],[7.43837,47.34296],[7.43823,47.34315],[7.43805,47.34341],[7.43798,47.34353],[7.43788,47.34386],[7.43808,47.34434],[7.43839,47.34465],[7.43851,47.34499],[7.43841,47.34538],[7.43791,47.34629],[7.43782,47.34662],[7.43792,47.34695],[7.43819,47.34723],[7.43871,47.34755],[7.4393,47.34832],[7.44001,47.34965],[7.44051,47.35012],[7.44094,47.35077],[7.44161,47.35127],[7.44189,47.35161],[7.4422,47.35224],[7.44272,47.35326],[7.44329,47.35439],[7.44343,47.35468],[7.44379,47.3553],[7.44407,47.35555],[7.44425,47.35586],[7.44428,47.35608],[7.44427,47.35897],[7.44429,47.35916],[7.44457,47.36005],[7.44458,47.36006],[7.44464,47.36028],[7.44466,47.36032],[7.44504,47.36132],[7.44511,47.36196],[7.44513,47.362],[7.44518,47.36213],[7.44527,47.36226],[7.44541,47.36242],[7.44541,47.36243],[7.44547,47.3625],[7.4456,47.36268],[7.44567,47.36289],[7.44572,47.36312],[7.44577,47.36324],[7.44598,47.36371],[7.44598,47.36372],[7.44607,47.36392],[7.44614,47.36422],[7.44614,47.36457],[7.44614,47.3647],[7.44619,47.36495],[7.44623,47.36509],[7.44641,47.3655],[7.44655,47.36591],[7.44663,47.36622],[7.44665,47.3663],[7.44715,47.36759],[7.44717,47.36763],[7.4474,47.36813],[7.44801,47.36917],[7.44835,47.36965],[7.44836,47.36966],[7.44868,47.37013],[7.44873,47.3702],[7.4493,47.37088],[7.44944,47.37101],[7.44962,47.37113],[7.45229,47.37261],[7.4524,47.37268],[7.45288,47.37298],[7.4531,47.37316],[7.45331,47.37351],[7.45329,47.37389],[7.45292,47.37441],[7.45234,47.37472],[7.44861,47.37583],[7.44701,47.37651],[7.44664,47.37675],[7.44525,47.37807],[7.44454,47.37843],[7.44345,47.37876],[7.44158,47.37974],[7.44071,47.38006],[7.4402,47.3801],[7.43944,47.37989],[7.43631,47.37821],[7.43599,47.378],[7.43577,47.37781],[7.43574,47.37779],[7.43532,47.37745],[7.43498,47.37714],[7.43496,47.37713],[7.43449,47.37671],[7.43447,47.3767],[7.43376,47.3761],[7.43335,47.3758],[7.43266,47.37536],[7.43241,47.37522],[7.43213,47.37509],[7.43199,47.37501],[7.43152,47.37478],[7.43141,47.37473],[7.43061,47.3744],[7.43037,47.37433],[7.42945,47.37408],[7.4291,47.37388],[7.42893,47.37372],[7.42814,47.37279],[7.42801,47.37261],[7.42783,47.37229],[7.42752,47.37183],[7.42748,47.37178],[7.42699,47.37115],[7.42686,47.37093],[7.4268,47.37069],[7.42666,47.36908],[7.42638,47.36819],[7.42581,47.3673],[7.42579,47.36726],[7.4254,47.3667],[7.42534,47.36663],[7.42466,47.36586],[7.42465,47.36585],[7.42375,47.36485],[7.42225,47.36345],[7.42113,47.36253],[7.42108,47.36249],[7.42021,47.36172],[7.42014,47.36165],[7.41979,47.36129],[7.41935,47.36087],[7.41921,47.36076],[7.41906,47.36066],[7.41816,47.3602],[7.41786,47.36002],[7.41776,47.35996],[7.41721,47.35969],[7.41694,47.35949],[7.41672,47.35917],[7.4167,47.35862],[7.41653,47.35829],[7.41638,47.35815],[7.41625,47.35805],[7.41602,47.35785],[7.41596,47.35781],[7.41585,47.3577],[7.41569,47.35752],[7.41549,47.35714],[7.41506,47.35651],[7.41481,47.35596],[7.41467,47.35581],[7.41449,47.35568],[7.41427,47.35558],[7.41403,47.35551],[7.41378,47.35548],[7.41352,47.35547],[7.41049,47.35566],[7.40959,47.35592],[7.40914,47.35599],[7.40884,47.35598],[7.40797,47.35591],[7.40763,47.35586],[7.40739,47.35578],[7.40699,47.35553],[7.40662,47.35507],[7.40597,47.35462],[7.40558,47.35445],[7.40426,47.35415],[7.40371,47.35417],[7.40322,47.35433],[7.40258,47.35464],[7.40189,47.35499],[7.4016,47.35515],[7.40086,47.35534],[7.40007,47.35529],[7.39961,47.35515],[7.39914,47.35475],[7.39905,47.35454],[7.39902,47.35445],[7.399,47.35423],[7.3991,47.35389],[7.39977,47.35324],[7.39991,47.35293],[7.39991,47.35277],[7.39988,47.35261],[7.39918,47.35069],[7.39903,47.35036],[7.399,47.35021]]]},"properties":{"bfs_nr":6730,"name":"Val Terbi"}},{"type":"Feature","geometry":{"type":"Polygon","coordinates":[[[7.00087,47.26457],[7.00114,47.26407],[7.0012,47.26367],[7.00161,47.26289],[7.00193,47.2626],[7.00239,47.26242],[7.00365,47.26227],[7.00425,47.26209],[7.00573,47.26179],[7.00633,47.26143],[7.00651,47.26108],[7.00663,47.26043],[7.007,47.26008],[7.00731,47.25967],[7.00806,47.25918],[7.0086,47.25903],[7.00914,47.25873],[7.00998,47.25792],[7.01022,47.25771],[7.01034,47.2576],[7.01041,47.25753],[7.01045,47.25747],[7.01082,47.25697],[7.01083,47.25695],[7.01128,47.25631],[7.01129,47.2563],[7.01167,47.25574],[7.01235,47.25518],[7.01252,47.25502],[7.01272,47.2548],[7.0129,47.25467],[7.01337,47.25449],[7.01416,47.25448],[7.01482,47.25474],[7.01595,47.25501],[7.01687,47.25533],[7.01761,47.25531],[7.01812,47.25541],[7.01911,47.25577],[7.01963,47.25604],[7.02011,47.25612],[7.02035,47.25611],[7.02134,47.25593],[7.02239,47.25605],[7.02264,47.25604],[7.02289,47.256],[7.02313,47.25594],[7.02331,47.25589],[7.0238,47.25573],[7.02458,47.25551],[7.02481,47.25538],[7.02498,47.25526],[7.025,47.25525],[7.02511,47.25517],[7.02529,47.255],[7.02575,47.25447],[7.02576,47.25446],[7.02593,47.25425],[7.02693,47.2533],[7.02749,47.25288],[7.02808,47.25266],[7.02842,47.2525],[7.0286,47.2524],[7.02908,47.25207],[7.02926,47.25192],[7.02938,47.25175],[7.02946,47.25157],[7.02951,47.25093],[7.02986,47.25009],[7.02987,47.25008],[7.02999,47.24988],[7.03029,47.24962],[7.03127,47.24934],[7.03167,47.24915],[7.03276,47.24838],[7.0332,47.24816],[7.03367,47.24808],[7.03415,47.24812],[7.03543,47.24861],[7.03611,47.24885],[7.03673,47.24905],[7.03803,47.24958],[7.03834,47.24968],[7.03867,47.24976],[7.03902,47.24981],[7.04016,47.25012],[7.04042,47.25015],[7.04067,47.25014],[7.04093,47.2501],[7.04116,47.25003],[7.04155,47.24979],[7.04226,47.24916],[7.04314,47.2485],[7.04322,47.24844],[7.04339,47.24833],[7.04343,47.2483],[7.04374,47.24807],[7.04382,47.248],[7.04445,47.24758],[7.04494,47.24749],[7.04557,47.24748],[7.04606,47.24735],[7.04643,47.24711],[7.04669,47.24675],[7.04703,47.24648],[7.04774,47.24629],[7.0485,47.24634],[7.04935,47.24666],[7.04961,47.24671],[7.05014,47.24671],[7.0504,47.24665],[7.05064,47.24658],[7.05074,47.24655],[7.05125,47.24636],[7.05128,47.24635],[7.05215,47.24601],[7.05218,47.246],[7.05235,47.24593],[7.05258,47.24586],[7.05292,47.24577],[7.05297,47.24575],[7.0533,47.24565],[7.0535,47.24558],[7.05371,47.24549],[7.05414,47.24532],[7.05426,47.24527],[7.05447,47.24518],[7.05466,47.24505],[7.0548,47.24491],[7.0549,47.24475],[7.05495,47.24457],[7.05495,47.2444],[7.05492,47.24412],[7.05488,47.24395],[7.05465,47.24364],[7.05414,47.24332],[7.0538,47.24287],[7.05381,47.24253],[7.05415,47.24209],[7.05488,47.24174],[7.05531,47.24141],[7.05577,47.24124],[7.05629,47.24122],[7.05678,47.24132],[7.05717,47.24155],[7.05767,47.24238],[7.05843,47.24295],[7.05885,47.24341],[7.05931,47.24408],[7.05964,47.24438],[7.06008,47.24478],[7.06021,47.24487],[7.06084,47.24529],[7.06099,47.24538],[7.0613,47.24553],[7.06142,47.24559],[7.06186,47.24576],[7.0628,47.24605],[7.06349,47.24653],[7.0637,47.2469],[7.06395,47.24781],[7.06381,47.24829],[7.06344,47.24867],[7.06329,47.24902],[7.06328,47.24946],[7.06314,47.25008],[7.06313,47.25046],[7.0632,47.25065],[7.06333,47.25081],[7.0635,47.25096],[7.06382,47.25117],[7.06407,47.25147],[7.06414,47.25181],[7.06401,47.25214],[7.0635,47.25252],[7.06259,47.25267],[7.06192,47.25295],[7.06166,47.25327],[7.06161,47.25363],[7.06176,47.25397],[7.06233,47.25434],[7.0631,47.25453],[7.06456,47.25509],[7.06546,47.25538],[7.06581,47.25561],[7.06601,47.25591],[7.06603,47.25624],[7.06596,47.25644],[7.06512,47.25817],[7.0651,47.25822],[7.06469,47.25897],[7.06453,47.25918],[7.06436,47.25933],[7.06367,47.25967],[7.06319,47.26006],[7.06249,47.26043],[7.06086,47.26195],[7.06036,47.26263],[7.05946,47.26319],[7.05923,47.26328],[7.05844,47.26334],[7.05784,47.26317],[7.05731,47.26314],[7.05647,47.26332],[7.05574,47.26332],[7.05524,47.26342],[7.05483,47.26364],[7.05452,47.26396],[7.05437,47.26411],[7.05428,47.26419],[7.05308,47.26515],[7.05305,47.26517],[7.05252,47.26562],[7.05244,47.26569],[7.05223,47.26592],[7.05206,47.2661],[7.05188,47.26627],[7.05127,47.26654],[7.05054,47.26655],[7.05014,47.26646],[7.0496,47.26648],[7.04911,47.26665],[7.04888,47.26681],[7.04845,47.26719],[7.04837,47.26726],[7.04816,47.26743],[7.04807,47.26749],[7.04795,47.26758],[7.04742,47.26801],[7.0469,47.26824],[7.04523,47.2694],[7.04482,47.26961],[7.04416,47.26979],[7.0438,47.27002],[7.04271,47.27105],[7.0427,47.27107],[7.04245,47.27129],[7.04223,47.27145],[7.04202,47.27156],[7.04154,47.27168],[7.04103,47.27166],[7.04018,47.27139],[7.03965,47.27135],[7.03913,47.27145],[7.03891,47.27155],[7.03872,47.27168],[7.03817,47.27219],[7.03752,47.27245],[7.03603,47.27333],[7.03555,47.27341],[7.03507,47.27336],[7.0346,47.27318],[7.03263,47.27207],[7.0324,47.272],[7.03165,47.27197],[7.03119,47.27211],[7.03084,47.27235],[7.03061,47.27289],[7.03068,47.27321],[7.03093,47.27349],[7.03171,47.27401],[7.03277,47.27461],[7.03308,47.27477],[7.03324,47.27488],[7.03333,47.27493],[7.03399,47.27529],[7.03438,47.27547],[7.03512,47.27582],[7.03553,47.27604],[7.03567,47.2761],[7.03603,47.2763],[7.03641,47.27654],[7.03673,47.2767],[7.03758,47.27706],[7.03802,47.27731],[7.03853,47.27755],[7.03921,47.27784],[7.03961,47.27827],[7.03966,47.27861],[7.03952,47.27893],[7.03935,47.27911],[7.03889,47.27951],[7.03839,47.27998],[7.03826,47.28014],[7.03817,47.28032],[7.03817,47.28068],[7.03838,47.28102],[7.03889,47.2814],[7.03918,47.28172],[7.03927,47.28206],[7.03916,47.28239],[7.03842,47.28328],[7.03802,47.28351],[7.03751,47.28361],[7.03724,47.28361],[7.03692,47.28356],[7.03686,47.28355],[7.03657,47.28346],[7.03645,47.28342],[7.03629,47.28336],[7.03619,47.28331],[7.03604,47.28324],[7.03584,47.28316],[7.03538,47.28308],[7.03462,47.28314],[7.03415,47.28309],[7.03277,47.28258],[7.03221,47.28242],[7.03175,47.28239],[7.03094,47.28221],[7.03026,47.28212],[7.02999,47.28211],[7.02947,47.28221],[7.02866,47.28251],[7.02817,47.28252],[7.02723,47.28235],[7.02548,47.28189],[7.02359,47.28122],[7.02257,47.28079],[7.02227,47.28064],[7.02203,47.28056],[7.02091,47.28022],[7.02051,47.28012],[7.02001,47.28001],[7.0196,47.27996],[7.01918,47.27986],[7.01909,47.27984],[7.01887,47.27979],[7.01863,47.27973],[7.01828,47.27958],[7.01818,47.27952],[7.0179,47.27941],[7.0177,47.27935],[7.01763,47.27933],[7.01717,47.27921],[7.01596,47.27893],[7.01456,47.27867],[7.01417,47.27845],[7.01378,47.27795],[7.01341,47.2777],[7.01318,47.27762],[7.01305,47.27758],[7.01289,47.27753],[7.01251,47.2774],[7.01237,47.27736],[7.01185,47.27723],[7.01169,47.27719],[7.01059,47.27683],[7.00968,47.27664],[7.00888,47.27639],[7.00793,47.2762],[7.00671,47.276],[7.00557,47.27583],[7.00515,47.27564],[7.00496,47.27548],[7.00472,47.2752],[7.00388,47.27431],[7.00371,47.27408],[7.00366,47.274],[7.00356,47.27379],[7.00348,47.27354],[7.00345,47.27341],[7.00344,47.27333],[7.00341,47.27323],[7.00327,47.27282],[7.00325,47.27276],[7.0032,47.27255],[7.00319,47.27255],[7.0031,47.27219],[7.00306,47.27209],[7.0032,47.27157],[7.00352,47.27129],[7.00402,47.27109],[7.0044,47.27081],[7.00484,47.27032],[7.00505,47.27019],[7.00528,47.27007],[7.00544,47.26999],[7.00561,47.26992],[7.00587,47.26983],[7.00608,47.26974],[7.00652,47.26933],[7.0066,47.26899],[7.00656,47.26882],[7.00636,47.26851],[7.00572,47.26799],[7.00534,47.26754],[7.00467,47.26692],[7.0043,47.26669],[7.00343,47.26632],[7.00319,47.26624],[7.00309,47.26622],[7.00296,47.26619],[7.00259,47.26612],[7.0022,47.26604],[7.00196,47.26597],[7.00168,47.26589],[7.00115,47.26563],[7.00083,47.26533],[7.00076,47.26478],[7.00087,47.26457]]]},"properties":{"bfs_nr":6741,"name":"Le B\u00e9mont (JU)"}},{"type":"Feature","geometry":{"type":"Polygon","coordinates":[[[6.8413,47.17012],[6.8418,47.16957],[6.84213,47.16903],[6.84282,47.16817],[6.84378,47.16714],[6.84452,47.16684],[6.84656,47.16633],[6.84743,47.16603],[6.84813,47.1659],[6.84863,47.16589],[6.84996,47.16618],[6.85114,47.16622],[6.85209,47.16644],[6.85288,47.1667],[6.8535,47.16672],[6.85556,47.16627],[6.85641,47.16581],[6.85718,47.16569],[6.85805,47.16571],[6.85912,47.16552],[6.86002,47.16569],[6.86086,47.16569],[6.86135,47.16581],[6.86189,47.16625],[6.86322,47.16829],[6.86351,47.16857],[6.87033,47.17304],[6.87075,47.17323],[6.87124,47.1733],[6.87195,47.17316],[6.87231,47.17292],[6.87252,47.17261],[6.87508,47.16566],[6.87678,47.16112],[6.87712,47.16067],[6.87954,47.15874],[6.87979,47.15845],[6.87986,47.15812],[6.87966,47.15486],[6.87982,47.15435],[6.88037,47.15398],[6.88194,47.15336],[6.88236,47.1531],[6.88258,47.15273],[6.88283,47.15181],[6.88319,47.15123],[6.88356,47.151],[6.88429,47.15086],[6.88478,47.15093],[6.88557,47.15116],[6.88638,47.15118],[6.88724,47.15133],[6.88792,47.1516],[6.8889,47.15225],[6.89001,47.15277],[6.89221,47.15373],[6.89348,47.15398],[6.89478,47.15402],[6.89601,47.1543],[6.89808,47.1552],[6.89854,47.15532],[6.90024,47.15557],[6.90483,47.15681],[6.90548,47.15715],[6.90607,47.1577],[6.90706,47.15804],[6.90754,47.15845],[6.90775,47.15897],[6.90828,47.15935],[6.90877,47.15945],[6.90949,47.15947],[6.90997,47.15962],[6.91098,47.16035],[6.9116,47.1609],[6.91325,47.16221],[6.9139,47.16267],[6.9144,47.16288],[6.91589,47.16335],[6.91652,47.16374],[6.91701,47.16434],[6.91746,47.16452],[6.91927,47.16499],[6.92372,47.16685],[6.92966,47.16927],[6.93007,47.16948],[6.93499,47.17294],[6.93697,47.17391],[6.93745,47.17427],[6.93808,47.17501],[6.93826,47.17533],[6.93971,47.17971],[6.93991,47.18002],[6.94037,47.18038],[6.94057,47.18069],[6.94051,47.1812],[6.94026,47.18158],[6.94024,47.18198],[6.94067,47.18349],[6.94088,47.18383],[6.94142,47.18435],[6.94183,47.1846],[6.94359,47.185],[6.94413,47.18519],[6.94445,47.18549],[6.94458,47.18585],[6.94439,47.18637],[6.94305,47.18846],[6.94255,47.18889],[6.94194,47.18907],[6.94152,47.18935],[6.93993,47.19096],[6.93968,47.1912],[6.93954,47.19138],[6.93938,47.19152],[6.93786,47.19224],[6.93753,47.19247],[6.93658,47.19338],[6.93618,47.19364],[6.93591,47.19374],[6.93585,47.19376],[6.93521,47.19395],[6.9352,47.19396],[6.92902,47.19593],[6.92809,47.19624],[6.92804,47.19625],[6.92493,47.1972],[6.92492,47.19721],[6.92348,47.19766],[6.92328,47.19774],[6.92311,47.19784],[6.92305,47.19788],[6.92304,47.19788],[6.92083,47.19938],[6.91993,47.19998],[6.91961,47.20016],[6.9194,47.20025],[6.91936,47.20027],[6.91919,47.20034],[6.91912,47.20037],[6.919,47.20043],[6.91893,47.20046],[6.91885,47.20051],[6.91872,47.20059],[6.91851,47.20075],[6.91841,47.20083],[6.91821,47.20101],[6.91813,47.2011],[6.91769,47.20162],[6.91735,47.20186],[6.91721,47.202],[6.91707,47.20216],[6.91699,47.20228],[6.91668,47.20278],[6.91633,47.20304],[6.91587,47.20318],[6.91536,47.20319],[6.91488,47.20307],[6.91326,47.20218],[6.91152,47.20139],[6.91103,47.2013],[6.91078,47.2013],[6.9103,47.2014],[6.91009,47.2015],[6.90991,47.20162],[6.90938,47.20208],[6.90838,47.20326],[6.90776,47.20355],[6.90726,47.20359],[6.90695,47.20355],[6.90685,47.20353],[6.90659,47.20347],[6.9064,47.2034],[6.90594,47.20314],[6.90571,47.20306],[6.90546,47.20301],[6.90521,47.203],[6.90495,47.20302],[6.9042,47.20313],[6.90404,47.20316],[6.90279,47.20346],[6.90251,47.20355],[6.90171,47.20407],[6.90151,47.20415],[6.90124,47.20422],[6.8974,47.20499],[6.89726,47.20501],[6.89483,47.20538],[6.89452,47.2054],[6.89405,47.20535],[6.89363,47.20519],[6.89346,47.20507],[6.89329,47.20489],[6.8932,47.20477],[6.89318,47.20474],[6.89306,47.20458],[6.89269,47.20432],[6.89245,47.20424],[6.8922,47.20419],[6.89167,47.20419],[6.89142,47.20424],[6.89119,47.20433],[6.89072,47.20456],[6.89018,47.20472],[6.88965,47.20472],[6.88808,47.2042],[6.8871,47.20411],[6.88661,47.20397],[6.88606,47.20372],[6.88528,47.20324],[6.88485,47.20286],[6.88462,47.20253],[6.88338,47.20143],[6.88301,47.2012],[6.88106,47.20065],[6.88043,47.20025],[6.88,47.19933],[6.87992,47.19871],[6.8796,47.19822],[6.87923,47.1973],[6.87875,47.19648],[6.87863,47.19595],[6.87791,47.1951],[6.8772,47.19442],[6.87655,47.19401],[6.87584,47.1934],[6.87518,47.19258],[6.87474,47.19165],[6.87453,47.19135],[6.87409,47.19098],[6.87384,47.19043],[6.8736,47.18856],[6.87388,47.18763],[6.87414,47.18708],[6.87433,47.18615],[6.87427,47.18581],[6.87379,47.18534],[6.87286,47.18507],[6.8718,47.18488],[6.87126,47.18487],[6.86918,47.18512],[6.86858,47.18528],[6.86804,47.18534],[6.86756,47.18526],[6.86716,47.18507],[6.86629,47.18447],[6.86597,47.18401],[6.86566,47.18313],[6.86557,47.18231],[6.86514,47.1815],[6.86453,47.18087],[6.86399,47.18044],[6.86262,47.17981],[6.86133,47.17953],[6.86036,47.17897],[6.85918,47.17866],[6.85856,47.17836],[6.85681,47.17766],[6.85565,47.17725],[6.85448,47.17689],[6.85335,47.17665],[6.85225,47.17601],[6.85121,47.17554],[6.84981,47.17498],[6.84846,47.17461],[6.84734,47.17413],[6.84638,47.1736],[6.84559,47.17325],[6.84392,47.17275],[6.84306,47.17237],[6.84234,47.17212],[6.84101,47.17112],[6.84093,47.1706],[6.8413,47.17012]]]},"properties":{"bfs_nr":6742,"name":"Les Bois"}},{"type":"Feature","geometry":{"type":"Polygon","coordinates":[[[6.97396,47.20522],[6.97398,47.2048],[6.9742,47.20449],[6.9751,47.20406],[6.9753,47.20393],[6.97586,47.20348],[6.97602,47.20331],[6.97613,47.20313],[6.97617,47.20293],[6.97625,47.20133],[6.97652,47.20078],[6.97721,47.20022],[6.97731,47.19986],[6.9772,47.19951],[6.97668,47.19911],[6.97592,47.19888],[6.97532,47.19835],[6.97533,47.19785],[6.97556,47.19755],[6.97629,47.19707],[6.97705,47.19614],[6.97714,47.19561],[6.97662,47.19477],[6.97662,47.1946],[6.97668,47.19438],[6.9767,47.19432],[6.97724,47.19327],[6.97728,47.1932],[6.97805,47.19193],[6.97821,47.19173],[6.97856,47.19149],[6.97929,47.19133],[6.98021,47.19142],[6.98053,47.19142],[6.98191,47.19134],[6.98215,47.19131],[6.98239,47.19125],[6.98278,47.19104],[6.9831,47.19059],[6.98317,47.18963],[6.98324,47.18947],[6.98352,47.18918],[6.98371,47.18907],[6.98417,47.18894],[6.98467,47.18893],[6.98546,47.18915],[6.98614,47.18948],[6.9876,47.19004],[6.98806,47.19012],[6.98854,47.19008],[6.98925,47.18987],[6.98975,47.18983],[6.991,47.1897],[6.99373,47.18936],[6.99429,47.18936],[6.99474,47.18949],[6.9951,47.18973],[6.99532,47.19007],[6.9962,47.19268],[6.9964,47.19298],[6.99695,47.19329],[6.99741,47.19337],[7.00288,47.19359],[7.00905,47.19385],[7.01261,47.19431],[7.01486,47.19459],[7.02287,47.19563],[7.02317,47.19569],[7.02379,47.19604],[7.02695,47.19909],[7.03015,47.20215],[7.03038,47.20243],[7.03246,47.20597],[7.03496,47.20987],[7.03679,47.21333],[7.0369,47.21349],[7.04093,47.21805],[7.04388,47.2214],[7.04408,47.22175],[7.04407,47.22208],[7.04385,47.22263],[7.04386,47.2231],[7.04406,47.22339],[7.04626,47.22549],[7.0465,47.22586],[7.04642,47.22639],[7.04612,47.22669],[7.04569,47.22691],[7.04536,47.22709],[7.04512,47.2272],[7.04504,47.22723],[7.0448,47.22731],[7.04376,47.22761],[7.04315,47.22769],[7.04191,47.22751],[7.04135,47.22756],[7.0411,47.22764],[7.03942,47.22836],[7.03935,47.22839],[7.03716,47.22946],[7.03697,47.22958],[7.03681,47.22972],[7.0367,47.22988],[7.03612,47.23084],[7.03576,47.23109],[7.03527,47.23123],[7.03421,47.23133],[7.03367,47.23167],[7.0334,47.23203],[7.03303,47.23226],[7.03231,47.23239],[7.03118,47.23237],[7.03059,47.23255],[7.03004,47.23259],[7.02893,47.23238],[7.0279,47.23225],[7.02603,47.23212],[7.02477,47.23196],[7.02421,47.23197],[7.02371,47.23213],[7.02289,47.23271],[7.02244,47.23286],[7.02194,47.23289],[7.02147,47.23278],[7.02108,47.23257],[7.0205,47.23174],[7.02049,47.23108],[7.02037,47.23073],[7.01984,47.23014],[7.01881,47.22945],[7.01832,47.22925],[7.01729,47.22854],[7.01705,47.22841],[7.01678,47.22832],[7.01592,47.22808],[7.01409,47.22732],[7.01362,47.2272],[7.01297,47.22716],[7.0125,47.22699],[7.01216,47.2267],[7.01202,47.22635],[7.01203,47.22594],[7.01208,47.22577],[7.01217,47.22561],[7.01232,47.22545],[7.0127,47.22514],[7.01318,47.22447],[7.01329,47.22396],[7.01311,47.22363],[7.01253,47.22328],[7.01188,47.22315],[7.01075,47.22272],[7.01024,47.2223],[7.01018,47.22176],[7.01041,47.22143],[7.01114,47.22101],[7.01189,47.2204],[7.01209,47.22006],[7.01209,47.2197],[7.01187,47.21937],[7.01149,47.2191],[7.01088,47.21886],[7.01022,47.21841],[7.00952,47.21827],[7.00904,47.21832],[7.00862,47.21849],[7.00829,47.21877],[7.008,47.21924],[7.00764,47.21952],[7.00714,47.21967],[7.00591,47.21967],[7.00538,47.21979],[7.00503,47.21998],[7.0046,47.22013],[7.00436,47.22016],[7.00331,47.2201],[7.00274,47.21999],[7.00221,47.21994],[7.00111,47.21993],[7.00048,47.22003],[6.99912,47.22009],[6.99863,47.21999],[6.99824,47.21977],[6.99799,47.21946],[6.99785,47.21889],[6.99759,47.2186],[6.99679,47.21828],[6.99642,47.21807],[6.9959,47.21734],[6.99563,47.21654],[6.99528,47.21625],[6.99452,47.21605],[6.99352,47.21612],[6.99302,47.216],[6.99254,47.21578],[6.99182,47.21569],[6.99135,47.21579],[6.99045,47.21627],[6.98959,47.21639],[6.989,47.21628],[6.98833,47.21597],[6.9878,47.2159],[6.98684,47.21607],[6.98598,47.216],[6.98552,47.21581],[6.98509,47.2155],[6.98464,47.21535],[6.98404,47.21528],[6.98337,47.21504],[6.98284,47.21498],[6.98232,47.21506],[6.98183,47.21525],[6.98097,47.2153],[6.98049,47.21517],[6.98012,47.21492],[6.97992,47.21459],[6.97997,47.21394],[6.98073,47.21239],[6.98106,47.21187],[6.98117,47.21159],[6.98121,47.21143],[6.98123,47.21117],[6.98127,47.21098],[6.98139,47.21075],[6.98145,47.21057],[6.98145,47.21039],[6.9814,47.2102],[6.9813,47.21003],[6.98115,47.20988],[6.98095,47.20975],[6.98072,47.20965],[6.98047,47.20957],[6.98028,47.20952],[6.97905,47.2092],[6.97742,47.20861],[6.97731,47.20857],[6.97666,47.20829],[6.9766,47.20826],[6.97629,47.20812],[6.97571,47.20786],[6.97567,47.20785],[6.97481,47.20745],[6.97467,47.20738],[6.97427,47.20716],[6.9742,47.20712],[6.97411,47.20708],[6.97385,47.20693],[6.9735,47.20643],[6.97355,47.20606],[6.97389,47.20554],[6.97396,47.20522]]]},"properties":{"bfs_nr":6743,"name":"Les Breuleux"}},{"type":"Feature","geometry":{"type":"MultiPolygon","coordinates":[[[[6.99139,47.28853],[6.99197,47.28861],[6.9924,47.28879],[6.99279,47.28923],[6.99277,47.28975],[6.99255,47.29008],[6.99192,47.29039],[6.9914,47.29043],[6.99058,47.29023],[6.99011,47.28998],[6.98986,47.28967],[6.98987,47.28913],[6.99032,47.2887],[6.99106,47.28851],[6.99139,47.28853]]],[[[6.99391,47.29327],[6.99415,47.29289],[6.99419,47.2927],[6.99422,47.29186],[6.99422,47.29146],[6.99449,47.29101],[6.99535,47.29047],[6.99608,47.28995],[6.99629,47.28961],[6.9964,47.28908],[6.99664,47.28877],[6.9979,47.28802],[6.99842,47.28791],[6.99941,47.28808],[6.9999,47.28809],[7.00036,47.28799],[7.00074,47.28778],[7.00114,47.28718],[7.00111,47.28684],[7.00088,47.2864],[7.00046,47.28589],[7.0004,47.28554],[7.00053,47.28491],[7.00038,47.28446],[7.00046,47.28411],[7.00073,47.28382],[7.00114,47.28361],[7.00164,47.28353],[7.00192,47.28354],[7.00217,47.28358],[7.00277,47.28372],[7.00311,47.28383],[7.00371,47.28408],[7.00377,47.28411],[7.00431,47.2843],[7.00445,47.28434],[7.005,47.28449],[7.00569,47.28471],[7.00584,47.28476],[7.00638,47.28497],[7.00644,47.28499],[7.00763,47.2854],[7.0081,47.28556],[7.00812,47.28557],[7.00845,47.28567],[7.00852,47.2857],[7.00915,47.28592],[7.00991,47.28625],[7.01138,47.28666],[7.01249,47.28701],[7.0125,47.28702],[7.01307,47.28719],[7.01314,47.28721],[7.01364,47.28734],[7.01369,47.28735],[7.01432,47.2875],[7.01477,47.28758],[7.01559,47.28771],[7.01635,47.28782],[7.01701,47.28796],[7.01741,47.28802],[7.01766,47.28808],[7.01815,47.28817],[7.01871,47.28831],[7.01905,47.2884],[7.01981,47.28853],[7.01996,47.28855],[7.02027,47.28858],[7.02035,47.2886],[7.02065,47.28868],[7.02105,47.28885],[7.0213,47.28891],[7.02181,47.28891],[7.02229,47.28878],[7.0225,47.28867],[7.02266,47.28854],[7.02279,47.28838],[7.0229,47.2882],[7.02309,47.28797],[7.02351,47.28739],[7.0251,47.28514],[7.02532,47.28472],[7.02578,47.28433],[7.02596,47.28406],[7.02607,47.28379],[7.02609,47.28373],[7.02621,47.28332],[7.0263,47.28312],[7.02658,47.28283],[7.02699,47.28264],[7.02748,47.28256],[7.02865,47.28269],[7.02912,47.28259],[7.03006,47.28221],[7.03084,47.2822],[7.03173,47.28242],[7.03237,47.28247],[7.0342,47.28313],[7.03473,47.28317],[7.03522,47.28312],[7.0359,47.2832],[7.03616,47.2833],[7.03632,47.28337],[7.03642,47.28341],[7.03661,47.28348],[7.03681,47.28353],[7.03698,47.28357],[7.03724,47.28361],[7.03751,47.28361],[7.03777,47.28358],[7.03802,47.28351],[7.03824,47.28341],[7.03843,47.28328],[7.03885,47.28282],[7.03929,47.28258],[7.04054,47.28239],[7.04189,47.28254],[7.04215,47.28255],[7.0424,47.28252],[7.04286,47.28238],[7.04334,47.28206],[7.04402,47.28185],[7.04452,47.28187],[7.04503,47.28204],[7.04962,47.28433],[7.04987,47.28447],[7.05021,47.28471],[7.05042,47.28489],[7.05054,47.28504],[7.05063,47.28539],[7.0506,47.28557],[7.05023,47.28627],[7.05024,47.28662],[7.05043,47.28694],[7.0508,47.28718],[7.05102,47.28726],[7.05138,47.28737],[7.05161,47.28742],[7.05186,47.28744],[7.0521,47.28743],[7.05256,47.28732],[7.05309,47.28702],[7.05353,47.28688],[7.05402,47.28687],[7.05449,47.28697],[7.05532,47.28742],[7.05572,47.28758],[7.05618,47.28763],[7.05727,47.2876],[7.05819,47.28797],[7.05881,47.2881],[7.05979,47.28868],[7.06064,47.28942],[7.0612,47.28999],[7.06145,47.29013],[7.06168,47.29023],[7.06176,47.29026],[7.06293,47.29068],[7.06362,47.29088],[7.06373,47.29091],[7.06413,47.29104],[7.0642,47.29106],[7.06467,47.29119],[7.06487,47.29125],[7.06553,47.29153],[7.06578,47.29168],[7.06604,47.2919],[7.0664,47.29213],[7.06701,47.29233],[7.06777,47.2926],[7.06799,47.29269],[7.06849,47.29292],[7.06883,47.2931],[7.06891,47.29313],[7.06954,47.29341],[7.06969,47.29346],[7.07008,47.29358],[7.0702,47.29362],[7.0705,47.29374],[7.07088,47.29395],[7.07201,47.29431],[7.07228,47.29438],[7.07279,47.29447],[7.07369,47.29456],[7.07439,47.29479],[7.07467,47.29506],[7.07498,47.29558],[7.0749,47.29609],[7.07428,47.29691],[7.07414,47.29748],[7.07403,47.29767],[7.07374,47.29793],[7.07354,47.29803],[7.07309,47.29815],[7.07285,47.29816],[7.0722,47.29813],[7.07151,47.29825],[7.0708,47.2985],[7.07033,47.29854],[7.07003,47.29851],[7.06993,47.29849],[7.0699,47.29849],[7.06929,47.29838],[7.06911,47.29834],[7.06906,47.29833],[7.06883,47.29826],[7.06784,47.29783],[7.06762,47.29776],[7.0672,47.29766],[7.06714,47.29764],[7.06655,47.29752],[7.06633,47.29748],[7.06609,47.29748],[7.06558,47.29756],[7.06463,47.29785],[7.06409,47.29784],[7.06284,47.29746],[7.0623,47.29737],[7.06038,47.29731],[7.0602,47.29731],[7.05804,47.29745],[7.05751,47.29744],[7.05667,47.29735],[7.0562,47.29742],[7.0549,47.29777],[7.05464,47.29786],[7.05371,47.2983],[7.05364,47.29833],[7.05252,47.2988],[7.0523,47.29888],[7.05182,47.29904],[7.05149,47.29911],[7.05115,47.29914],[7.05095,47.29914],[7.05067,47.29913],[7.04982,47.29896],[7.0497,47.29893],[7.04954,47.29891],[7.0493,47.29887],[7.04863,47.29874],[7.04843,47.29869],[7.04792,47.29854],[7.04762,47.29848],[7.04656,47.29836],[7.04585,47.29831],[7.04531,47.29821],[7.04442,47.29794],[7.0431,47.29764],[7.04287,47.2976],[7.04263,47.29759],[7.04209,47.2976],[7.04164,47.29758],[7.04125,47.29753],[7.04119,47.29753],[7.0404,47.29741],[7.04025,47.29738],[7.04015,47.29736],[7.03969,47.29723],[7.03848,47.29674],[7.03669,47.2961],[7.03636,47.296],[7.03516,47.29555],[7.03362,47.29491],[7.03278,47.29447],[7.03104,47.29404],[7.02924,47.29351],[7.02898,47.29346],[7.02843,47.29346],[7.02738,47.29371],[7.02706,47.29376],[7.02673,47.29376],[7.02601,47.29372],[7.02435,47.29379],[7.0241,47.29384],[7.02389,47.29389],[7.02332,47.29403],[7.02287,47.29416],[7.02262,47.29425],[7.02203,47.29454],[7.02141,47.295],[7.02121,47.29532],[7.02113,47.29564],[7.02108,47.29585],[7.0211,47.29603],[7.02123,47.29654],[7.02112,47.29686],[7.02064,47.29725],[7.02036,47.29735],[7.02007,47.29743],[7.01959,47.29752],[7.01886,47.29759],[7.01857,47.2976],[7.01718,47.2976],[7.0162,47.29755],[7.01386,47.29751],[7.01365,47.2975],[7.01165,47.29733],[7.01163,47.29733],[7.01026,47.29722],[7.00975,47.29725],[7.0093,47.29741],[7.00897,47.29767],[7.00869,47.29809],[7.00863,47.29871],[7.00842,47.29905],[7.00772,47.29941],[7.00556,47.29994],[7.00439,47.30013],[7.00365,47.30002],[7.0028,47.29959],[7.0021,47.29908],[7.00178,47.29877],[7.00097,47.29772],[6.9995,47.29655],[6.99811,47.29569],[6.99715,47.29522],[6.99602,47.29475],[6.99556,47.29462],[6.99461,47.29455],[6.99402,47.29425],[6.9938,47.29396],[6.9938,47.29346],[6.99391,47.29327]]]]},"properties":{"bfs_nr":6745,"name":"Les Enfers"}},{"type":"Feature","geometry":{"type":"Polygon","coordinates":[[[7.07898,47.25954],[7.07907,47.25901],[7.07913,47.25879],[7.0798,47.25716],[7.07983,47.25706],[7.07995,47.25654],[7.07996,47.25646],[7.08004,47.2558],[7.08004,47.25578],[7.08008,47.25551],[7.08008,47.25544],[7.0801,47.25459],[7.08008,47.25401],[7.08029,47.25281],[7.08044,47.25228],[7.08046,47.2521],[7.08045,47.25161],[7.08044,47.2515],[7.0802,47.25034],[7.0802,47.25032],[7.08012,47.2499],[7.08007,47.24974],[7.07976,47.24901],[7.07944,47.24744],[7.07952,47.24695],[7.07987,47.24586],[7.07995,47.2453],[7.07989,47.24424],[7.08015,47.24377],[7.08052,47.24354],[7.08099,47.24342],[7.08167,47.24344],[7.08226,47.24366],[7.08337,47.24448],[7.08409,47.24494],[7.08478,47.24511],[7.08527,47.24507],[7.08571,47.24491],[7.08695,47.24374],[7.08718,47.24331],[7.08716,47.24267],[7.08734,47.24234],[7.08796,47.24183],[7.0881,47.2415],[7.08805,47.24116],[7.08764,47.24074],[7.08668,47.24033],[7.08636,47.24005],[7.08623,47.23971],[7.08643,47.23916],[7.08798,47.23745],[7.08837,47.23717],[7.08914,47.23701],[7.0949,47.23705],[7.09569,47.23719],[7.09605,47.23743],[7.09628,47.23778],[7.09642,47.23849],[7.09722,47.23949],[7.09797,47.24008],[7.09896,47.24093],[7.09978,47.24153],[7.10105,47.24231],[7.10225,47.24282],[7.10307,47.24304],[7.10367,47.24309],[7.10472,47.24298],[7.10551,47.2428],[7.10638,47.24245],[7.10723,47.24232],[7.10772,47.24234],[7.10848,47.24247],[7.10941,47.2425],[7.10991,47.24245],[7.11104,47.24198],[7.11162,47.24197],[7.11376,47.24252],[7.11445,47.24264],[7.11522,47.2427],[7.11582,47.24286],[7.11782,47.24354],[7.11854,47.24368],[7.11947,47.24398],[7.12047,47.24409],[7.12178,47.24435],[7.12319,47.24446],[7.12446,47.24468],[7.12761,47.245],[7.12891,47.24502],[7.12993,47.24495],[7.13162,47.24467],[7.13263,47.24444],[7.13347,47.24445],[7.13619,47.24399],[7.13724,47.24375],[7.13771,47.24355],[7.13844,47.24339],[7.139,47.24334],[7.13948,47.24343],[7.13988,47.24364],[7.14018,47.24396],[7.14086,47.24428],[7.14175,47.24435],[7.14277,47.24453],[7.14406,47.24462],[7.14606,47.24517],[7.14732,47.24543],[7.148,47.24567],[7.14885,47.24589],[7.14961,47.24617],[7.15103,47.24658],[7.15179,47.24701],[7.15338,47.2476],[7.15417,47.24778],[7.15456,47.24799],[7.1548,47.2483],[7.15481,47.24881],[7.1547,47.24901],[7.15336,47.25083],[7.15307,47.25111],[7.15054,47.25291],[7.15027,47.2532],[7.15017,47.25353],[7.15038,47.25402],[7.15109,47.25448],[7.15132,47.25478],[7.15137,47.25511],[7.15123,47.25544],[7.15093,47.2557],[7.14984,47.25611],[7.14798,47.25623],[7.14628,47.25607],[7.14536,47.25592],[7.14429,47.25583],[7.14377,47.25592],[7.14319,47.2563],[7.14304,47.25665],[7.14322,47.25888],[7.14361,47.25936],[7.14407,47.25956],[7.14558,47.25981],[7.14601,47.26002],[7.14642,47.26064],[7.14737,47.26155],[7.14759,47.26204],[7.14749,47.26237],[7.14703,47.26294],[7.14611,47.26441],[7.14575,47.26521],[7.14583,47.26561],[7.14615,47.26599],[7.14751,47.26713],[7.14765,47.26745],[7.14763,47.26807],[7.14745,47.2684],[7.1471,47.26865],[7.14637,47.26882],[7.14468,47.26866],[7.14338,47.26856],[7.14336,47.26856],[7.14238,47.26849],[7.14231,47.26848],[7.14118,47.26844],[7.1397,47.26851],[7.13749,47.26837],[7.13645,47.26827],[7.13527,47.26821],[7.13522,47.26821],[7.13474,47.26819],[7.13471,47.26819],[7.13433,47.26817],[7.13415,47.26816],[7.13361,47.2681],[7.13354,47.2681],[7.13277,47.268],[7.13265,47.26798],[7.13152,47.26778],[7.13123,47.26771],[7.13058,47.26752],[7.13024,47.26746],[7.12856,47.26729],[7.12838,47.26727],[7.12827,47.26725],[7.128,47.26719],[7.12775,47.26709],[7.12764,47.26705],[7.12712,47.26682],[7.12711,47.26681],[7.12694,47.26674],[7.12692,47.26673],[7.12644,47.26654],[7.12626,47.26647],[7.12615,47.26644],[7.12595,47.2664],[7.12564,47.26635],[7.12493,47.26628],[7.1245,47.26621],[7.12402,47.2661],[7.12395,47.26609],[7.1237,47.26604],[7.12348,47.26601],[7.12342,47.26601],[7.12295,47.26594],[7.12276,47.26589],[7.12267,47.26586],[7.12214,47.26571],[7.12193,47.26567],[7.12167,47.26562],[7.12067,47.26542],[7.12055,47.26539],[7.11966,47.26517],[7.11948,47.26512],[7.11892,47.26493],[7.1189,47.26492],[7.11798,47.26461],[7.11795,47.2646],[7.11763,47.26449],[7.11744,47.26441],[7.11712,47.26427],[7.11636,47.26395],[7.11612,47.26387],[7.11569,47.26377],[7.11529,47.26363],[7.11505,47.26354],[7.11493,47.26348],[7.11473,47.2634],[7.11449,47.26328],[7.11342,47.26257],[7.11319,47.26248],[7.11252,47.26232],[7.11206,47.26215],[7.11152,47.26211],[7.11124,47.26214],[7.11099,47.26221],[7.11076,47.26232],[7.11053,47.26245],[7.11047,47.26249],[7.11025,47.26264],[7.11009,47.26276],[7.1099,47.26294],[7.1097,47.2631],[7.10928,47.26328],[7.10881,47.26334],[7.10832,47.26329],[7.10745,47.26305],[7.10696,47.26308],[7.10673,47.26315],[7.10653,47.26324],[7.10631,47.26335],[7.10618,47.26343],[7.10599,47.26356],[7.10595,47.26359],[7.10549,47.26393],[7.10497,47.26427],[7.10477,47.26442],[7.1045,47.26468],[7.10433,47.26488],[7.1041,47.26529],[7.10399,47.26545],[7.10388,47.26559],[7.1037,47.26589],[7.10355,47.26611],[7.10334,47.2664],[7.10315,47.26665],[7.10298,47.26682],[7.10262,47.26704],[7.1015,47.26729],[7.10083,47.26758],[7.1001,47.26768],[7.09962,47.26759],[7.09873,47.26714],[7.09845,47.26703],[7.09668,47.26645],[7.09552,47.26611],[7.09527,47.26608],[7.09502,47.26608],[7.09477,47.26612],[7.09453,47.26619],[7.09414,47.26642],[7.09272,47.26763],[7.09167,47.26863],[7.09102,47.26898],[7.09051,47.26903],[7.09002,47.26895],[7.08979,47.26887],[7.08955,47.26872],[7.08908,47.26838],[7.08895,47.2683],[7.08814,47.26785],[7.08813,47.26784],[7.0869,47.26718],[7.08678,47.26711],[7.08649,47.26693],[7.08647,47.26691],[7.08556,47.26631],[7.08554,47.2663],[7.0851,47.26603],[7.08508,47.26601],[7.085,47.26596],[7.0848,47.2658],[7.08459,47.26551],[7.08454,47.26503],[7.08425,47.2646],[7.08377,47.26428],[7.08318,47.26342],[7.08275,47.26306],[7.08274,47.26305],[7.08168,47.26219],[7.08076,47.26146],[7.08068,47.2614],[7.08063,47.26135],[7.08054,47.26127],[7.08051,47.26125],[7.08043,47.2612],[7.08004,47.26088],[7.07964,47.26056],[7.07955,47.26049],[7.07943,47.26038],[7.07932,47.26029],[7.07913,47.26011],[7.07898,47.25976],[7.07898,47.25954]]]},"properties":{"bfs_nr":6748,"name":"Les Genevez (JU)"}},{"type":"Feature","geometry":{"type":"Polygon","coordinates":[[[7.10021,47.26819],[7.10056,47.26785],[7.10122,47.26742],[7.10262,47.26704],[7.10299,47.26682],[7.10312,47.26668],[7.10335,47.2664],[7.10358,47.26607],[7.10368,47.26593],[7.10409,47.26531],[7.1043,47.26494],[7.10455,47.26463],[7.10473,47.26446],[7.10504,47.26423],[7.10547,47.26395],[7.10615,47.26345],[7.10635,47.26333],[7.10641,47.26329],[7.10669,47.26318],[7.10693,47.26311],[7.10769,47.26313],[7.1085,47.26339],[7.10905,47.26338],[7.10954,47.26324],[7.10975,47.26311],[7.11006,47.26279],[7.11029,47.26261],[7.11046,47.2625],[7.11066,47.26238],[7.11094,47.26225],[7.11118,47.26218],[7.11171,47.26214],[7.11314,47.26247],[7.11355,47.26266],[7.11448,47.26329],[7.11468,47.26338],[7.11496,47.26349],[7.11509,47.26355],[7.11525,47.26362],[7.11576,47.2638],[7.11621,47.26391],[7.11645,47.26399],[7.11711,47.26426],[7.11747,47.26442],[7.1176,47.26447],[7.11797,47.26461],[7.11799,47.26461],[7.11891,47.26493],[7.11892,47.26493],[7.11951,47.26513],[7.11963,47.26516],[7.12057,47.2654],[7.12065,47.26542],[7.12169,47.26563],[7.12187,47.26566],[7.12219,47.26573],[7.12268,47.26587],[7.12274,47.26588],[7.12302,47.26595],[7.12334,47.266],[7.12343,47.26601],[7.12375,47.26605],[7.12448,47.26621],[7.12499,47.2663],[7.1257,47.26636],[7.12621,47.26646],[7.12649,47.26655],[7.12692,47.26673],[7.12695,47.26674],[7.12711,47.26681],[7.12713,47.26682],[7.12765,47.26705],[7.12767,47.26706],[7.1278,47.26712],[7.128,47.26719],[7.12822,47.26724],[7.12841,47.26727],[7.12853,47.26729],[7.13015,47.26745],[7.13066,47.26754],[7.13128,47.26773],[7.13147,47.26777],[7.13267,47.26798],[7.13275,47.26799],[7.13355,47.2681],[7.13359,47.2681],[7.13418,47.26816],[7.1343,47.26817],[7.13472,47.26819],[7.13474,47.26819],[7.1352,47.26821],[7.13528,47.26821],[7.13643,47.26827],[7.13752,47.26837],[7.13977,47.26851],[7.14124,47.26844],[7.1423,47.26848],[7.14239,47.26849],[7.14336,47.26856],[7.14339,47.26856],[7.14468,47.26866],[7.14472,47.26867],[7.14583,47.26877],[7.14589,47.26878],[7.14881,47.26911],[7.14906,47.26918],[7.15005,47.26968],[7.15061,47.26991],[7.1524,47.27032],[7.15281,47.27045],[7.15447,47.27116],[7.15575,47.27146],[7.15724,47.2715],[7.15861,47.27169],[7.1604,47.27208],[7.16117,47.27243],[7.16205,47.27277],[7.16292,47.27302],[7.16508,47.2735],[7.16646,47.27388],[7.16801,47.27441],[7.16836,47.27469],[7.16852,47.27503],[7.16849,47.27572],[7.1687,47.27679],[7.16848,47.27831],[7.16797,47.27985],[7.16788,47.28059],[7.16791,47.28135],[7.16808,47.28174],[7.16823,47.28266],[7.16873,47.28335],[7.16946,47.28382],[7.16966,47.28414],[7.16961,47.28465],[7.16909,47.2854],[7.16854,47.28573],[7.16806,47.28581],[7.16648,47.28582],[7.16591,47.28599],[7.16549,47.28623],[7.16524,47.28654],[7.16475,47.28846],[7.16484,47.28878],[7.16528,47.28918],[7.16777,47.29041],[7.16806,47.29069],[7.16818,47.29102],[7.1681,47.29136],[7.16766,47.29177],[7.16589,47.29244],[7.1649,47.29274],[7.16327,47.29313],[7.1617,47.2937],[7.16126,47.29383],[7.16061,47.29394],[7.16055,47.29395],[7.15956,47.29411],[7.15947,47.29413],[7.1589,47.29416],[7.15843,47.29406],[7.15788,47.29375],[7.15656,47.29338],[7.15602,47.29298],[7.15589,47.29262],[7.15589,47.29195],[7.15579,47.29179],[7.15564,47.29164],[7.15545,47.29152],[7.15448,47.291],[7.15425,47.29086],[7.154,47.29056],[7.15393,47.29023],[7.15404,47.2899],[7.15478,47.28932],[7.15496,47.28918],[7.15509,47.28901],[7.15516,47.28882],[7.15513,47.28844],[7.1548,47.28748],[7.15439,47.28705],[7.15395,47.28688],[7.15287,47.28676],[7.15232,47.2868],[7.15207,47.28687],[7.15087,47.28731],[7.15066,47.2874],[7.15048,47.28752],[7.15034,47.28766],[7.15024,47.28781],[7.15021,47.28788],[7.15019,47.28792],[7.15011,47.28812],[7.1501,47.28813],[7.15007,47.28819],[7.14993,47.28851],[7.1498,47.28867],[7.14963,47.28881],[7.14931,47.28903],[7.14907,47.28924],[7.14892,47.28935],[7.14866,47.28949],[7.14816,47.28963],[7.14759,47.28961],[7.14713,47.28952],[7.14689,47.28951],[7.14641,47.28959],[7.14542,47.28999],[7.14492,47.29014],[7.14435,47.29034],[7.14405,47.29041],[7.14348,47.29076],[7.1433,47.29109],[7.14322,47.29163],[7.14321,47.29261],[7.14329,47.29297],[7.14356,47.2933],[7.14367,47.29361],[7.14365,47.29378],[7.14349,47.2941],[7.14335,47.29424],[7.14297,47.29445],[7.1425,47.29455],[7.14219,47.29455],[7.14159,47.29452],[7.1413,47.29448],[7.14108,47.29443],[7.13998,47.29394],[7.13977,47.29387],[7.13966,47.29383],[7.13914,47.2937],[7.1389,47.2936],[7.1387,47.29347],[7.1385,47.29327],[7.13829,47.29301],[7.13818,47.29282],[7.13812,47.29251],[7.13815,47.29232],[7.13829,47.2919],[7.13832,47.29172],[7.13829,47.29152],[7.1382,47.29133],[7.13727,47.29039],[7.1365,47.29002],[7.13598,47.28995],[7.13572,47.28997],[7.13546,47.29002],[7.13523,47.29011],[7.13446,47.29043],[7.1341,47.29049],[7.13359,47.29055],[7.13326,47.29056],[7.13297,47.29056],[7.13289,47.29056],[7.13221,47.29053],[7.13216,47.29053],[7.13194,47.29051],[7.13187,47.29051],[7.1317,47.2905],[7.1314,47.29046],[7.13093,47.29037],[7.13088,47.29036],[7.13044,47.29029],[7.13016,47.29027],[7.12926,47.29025],[7.12801,47.29013],[7.12797,47.29012],[7.12677,47.29003],[7.12627,47.29006],[7.12582,47.29022],[7.12548,47.29047],[7.12522,47.29103],[7.12493,47.29131],[7.12427,47.29154],[7.12378,47.29154],[7.12326,47.29139],[7.12323,47.29138],[7.12317,47.29135],[7.12267,47.29116],[7.12264,47.29115],[7.12214,47.29095],[7.12211,47.29094],[7.12137,47.29067],[7.12126,47.29062],[7.12106,47.29054],[7.12075,47.29044],[7.12035,47.29035],[7.12004,47.29026],[7.11969,47.29015],[7.11925,47.29003],[7.11868,47.28985],[7.11845,47.28979],[7.11796,47.28977],[7.11772,47.28981],[7.11749,47.28987],[7.11728,47.28996],[7.1171,47.29008],[7.11638,47.29065],[7.11541,47.29182],[7.11483,47.29212],[7.11435,47.29219],[7.11387,47.29213],[7.11359,47.29203],[7.1121,47.2914],[7.11209,47.29139],[7.11128,47.29105],[7.11064,47.29083],[7.10929,47.29027],[7.10808,47.28969],[7.10804,47.28967],[7.10768,47.2895],[7.10748,47.28942],[7.1069,47.28924],[7.10604,47.28892],[7.10599,47.2889],[7.1057,47.28878],[7.10547,47.28871],[7.10417,47.28838],[7.10377,47.28815],[7.10349,47.28766],[7.10366,47.28715],[7.10415,47.28648],[7.10453,47.28623],[7.10504,47.2861],[7.10571,47.28606],[7.10621,47.28589],[7.10656,47.28559],[7.10686,47.28503],[7.10722,47.28469],[7.10735,47.28434],[7.10728,47.28399],[7.107,47.28368],[7.10637,47.28333],[7.10548,47.28302],[7.10541,47.28299],[7.10429,47.28255],[7.10406,47.28244],[7.10387,47.28231],[7.10366,47.28211],[7.10354,47.28196],[7.10343,47.28179],[7.10331,47.28132],[7.10343,47.28096],[7.10398,47.28048],[7.10416,47.28018],[7.10422,47.27997],[7.10424,47.27988],[7.10425,47.2797],[7.10419,47.27952],[7.10391,47.27887],[7.104,47.27839],[7.10426,47.27812],[7.10514,47.27762],[7.10561,47.27743],[7.10655,47.27719],[7.10688,47.27691],[7.10703,47.27638],[7.10672,47.2756],[7.10619,47.2749],[7.10615,47.27485],[7.10597,47.27459],[7.10592,47.27451],[7.10574,47.27419],[7.10544,47.27376],[7.10514,47.27327],[7.10505,47.27315],[7.10489,47.27297],[7.10476,47.27285],[7.10443,47.27257],[7.10422,47.27241],[7.10397,47.27224],[7.10357,47.27179],[7.10207,47.27057],[7.10155,47.27],[7.10087,47.26962],[7.10069,47.26948],[7.10035,47.26914],[7.10019,47.26894],[7.10011,47.26877],[7.10021,47.26819]]]},"properties":{"bfs_nr":6750,"name":"Lajoux (JU)"}},{"type":"Feature","geometry":{"type":"Polygon","coordinates":[[[7.03067,47.27275],[7.03082,47.27244],[7.03116,47.27216],[7.03163,47.272],[7.03241,47.27202],[7.03264,47.27209],[7.03469,47.27323],[7.03515,47.2734],[7.03541,47.27344],[7.03593,47.2734],[7.03638,47.27323],[7.03754,47.27245],[7.03823,47.27216],[7.03866,47.27177],[7.03901,47.27152],[7.03971,47.27136],[7.04021,47.27141],[7.041,47.27166],[7.04154,47.27168],[7.04203,47.27156],[7.04224,47.27146],[7.04241,47.27133],[7.0427,47.27106],[7.04272,47.27105],[7.04369,47.27013],[7.04412,47.26985],[7.04469,47.2697],[7.04508,47.26951],[7.04691,47.26825],[7.04742,47.26801],[7.04777,47.26772],[7.04798,47.26755],[7.04809,47.26748],[7.04814,47.26744],[7.04838,47.26725],[7.04844,47.2672],[7.04878,47.2669],[7.04921,47.26663],[7.04969,47.26652],[7.0509,47.26664],[7.0514,47.26655],[7.05182,47.26634],[7.05211,47.26608],[7.05232,47.26582],[7.05241,47.26572],[7.05254,47.2656],[7.05308,47.26515],[7.05395,47.26446],[7.05397,47.26444],[7.05429,47.26418],[7.05435,47.26412],[7.05451,47.26397],[7.05475,47.26375],[7.05517,47.26353],[7.05568,47.26345],[7.05635,47.26346],[7.05726,47.26323],[7.05777,47.26322],[7.05836,47.26335],[7.05892,47.26336],[7.05919,47.26331],[7.05943,47.26322],[7.05984,47.26298],[7.06038,47.26279],[7.06078,47.26253],[7.06105,47.26189],[7.06129,47.26154],[7.06213,47.26076],[7.06253,47.26051],[7.06303,47.26032],[7.06355,47.25993],[7.06422,47.25962],[7.0645,47.25932],[7.0651,47.25822],[7.06512,47.25818],[7.06598,47.2564],[7.06604,47.25624],[7.06601,47.25591],[7.06593,47.25575],[7.06581,47.25561],[7.06565,47.25548],[7.06546,47.25537],[7.06525,47.25529],[7.06452,47.25507],[7.06354,47.25467],[7.06313,47.25425],[7.06307,47.25391],[7.06321,47.25358],[7.06351,47.25331],[7.06452,47.25303],[7.06492,47.25283],[7.06519,47.25254],[7.06528,47.2522],[7.06518,47.25186],[7.06471,47.25147],[7.06381,47.2511],[7.06353,47.25095],[7.06335,47.25081],[7.06321,47.25064],[7.06314,47.25045],[7.06314,47.25006],[7.06329,47.24941],[7.06339,47.24881],[7.06383,47.24828],[7.06396,47.24794],[7.06396,47.24777],[7.06369,47.24686],[7.0635,47.24653],[7.0628,47.24604],[7.06146,47.2456],[7.06127,47.24552],[7.06103,47.2454],[7.0608,47.24527],[7.06024,47.2449],[7.06006,47.24475],[7.05983,47.24456],[7.05957,47.24421],[7.0596,47.24369],[7.06004,47.24326],[7.06076,47.24308],[7.0619,47.24327],[7.06365,47.24338],[7.0642,47.24349],[7.06496,47.24374],[7.06729,47.24398],[7.06824,47.24406],[7.06883,47.24418],[7.06982,47.24455],[7.07297,47.24553],[7.07423,47.24594],[7.07582,47.24651],[7.07881,47.24752],[7.07928,47.24777],[7.07954,47.24808],[7.07977,47.24906],[7.08005,47.2497],[7.08013,47.24994],[7.0802,47.25033],[7.0802,47.25034],[7.08043,47.25147],[7.08046,47.25205],[7.08042,47.25233],[7.08029,47.25279],[7.08008,47.25397],[7.0801,47.2546],[7.08008,47.25542],[7.08007,47.25553],[7.08004,47.2558],[7.07997,47.25644],[7.07995,47.25655],[7.07984,47.25703],[7.07979,47.25718],[7.07913,47.25878],[7.07912,47.25882],[7.0791,47.25888],[7.07907,47.25899],[7.07899,47.2595],[7.07898,47.25952],[7.07896,47.25972],[7.07901,47.25991],[7.07911,47.26009],[7.07928,47.26026],[7.07962,47.26055],[7.08004,47.26088],[7.08006,47.2609],[7.08044,47.26121],[7.08065,47.26137],[7.0807,47.26141],[7.08075,47.26145],[7.08168,47.26219],[7.08169,47.2622],[7.08274,47.26305],[7.08275,47.26306],[7.08278,47.26308],[7.08295,47.26325],[7.08305,47.2634],[7.08314,47.26375],[7.08339,47.26409],[7.08413,47.26465],[7.08436,47.26547],[7.08464,47.26573],[7.08509,47.26602],[7.0851,47.26603],[7.08553,47.2663],[7.08556,47.26632],[7.08648,47.26692],[7.0865,47.26693],[7.0868,47.26712],[7.08688,47.26717],[7.08813,47.26785],[7.08815,47.26785],[7.08891,47.26828],[7.08911,47.2684],[7.08971,47.26884],[7.08994,47.26894],[7.09019,47.26901],[7.09045,47.26904],[7.09098,47.269],[7.09162,47.26867],[7.09273,47.26762],[7.0941,47.26645],[7.09453,47.2662],[7.09502,47.26609],[7.09552,47.26611],[7.09667,47.26644],[7.09829,47.26698],[7.09881,47.26718],[7.09969,47.26767],[7.09995,47.26796],[7.10004,47.26874],[7.10024,47.26903],[7.10072,47.26951],[7.10086,47.26962],[7.10155,47.27],[7.10209,47.2706],[7.10361,47.27184],[7.10397,47.27224],[7.10416,47.27237],[7.10473,47.27282],[7.10492,47.273],[7.10503,47.27312],[7.10516,47.27331],[7.10545,47.27377],[7.10575,47.27421],[7.10593,47.27453],[7.10596,47.27458],[7.10615,47.27486],[7.10618,47.2749],[7.10668,47.27555],[7.10695,47.2763],[7.10686,47.27664],[7.10638,47.27705],[7.10554,47.27738],[7.10426,47.27811],[7.10399,47.27839],[7.10391,47.27887],[7.10418,47.27948],[7.10424,47.2797],[7.10424,47.27991],[7.10423,47.27995],[7.10413,47.28015],[7.104,47.28032],[7.10346,47.28071],[7.10328,47.28103],[7.10328,47.28136],[7.10342,47.2818],[7.10351,47.28193],[7.10369,47.28214],[7.10384,47.28229],[7.1039,47.28234],[7.10406,47.28244],[7.10425,47.28253],[7.10542,47.28299],[7.10592,47.28325],[7.10623,47.28372],[7.10619,47.28407],[7.10596,47.28438],[7.10544,47.28469],[7.10518,47.28497],[7.10503,47.28551],[7.10479,47.28582],[7.10424,47.28616],[7.10381,47.28661],[7.10308,47.28686],[7.10231,47.28687],[7.10183,47.28697],[7.10145,47.28719],[7.10121,47.2875],[7.10108,47.28796],[7.10077,47.28832],[7.10057,47.28867],[7.10004,47.28938],[7.09987,47.28957],[7.0997,47.2897],[7.09949,47.2898],[7.099,47.28992],[7.09849,47.2899],[7.09767,47.28966],[7.09732,47.28942],[7.0971,47.28893],[7.0972,47.28859],[7.09768,47.28794],[7.0978,47.28769],[7.09779,47.28735],[7.09744,47.2869],[7.09707,47.28667],[7.09683,47.28633],[7.0969,47.28569],[7.09686,47.28536],[7.09664,47.28506],[7.09585,47.28464],[7.095,47.28441],[7.09353,47.28378],[7.09312,47.2834],[7.09271,47.28318],[7.0922,47.2831],[7.09168,47.28315],[7.09124,47.28333],[7.09076,47.28374],[7.09051,47.28389],[7.09027,47.28399],[7.09,47.28405],[7.08973,47.28407],[7.08945,47.28405],[7.08746,47.28365],[7.08721,47.28364],[7.08698,47.28366],[7.08669,47.28366],[7.08654,47.28366],[7.08615,47.28362],[7.08514,47.28355],[7.08434,47.28333],[7.08392,47.28305],[7.08302,47.28267],[7.08265,47.28254],[7.0826,47.28252],[7.08218,47.28239],[7.08202,47.28234],[7.08187,47.28231],[7.08108,47.28217],[7.08038,47.28195],[7.0801,47.2819],[7.07983,47.28188],[7.07956,47.28189],[7.0793,47.28193],[7.07895,47.28203],[7.07889,47.28204],[7.07875,47.28208],[7.07857,47.28215],[7.07841,47.28223],[7.07827,47.28232],[7.07798,47.28252],[7.07782,47.28265],[7.07769,47.2828],[7.07761,47.28296],[7.07758,47.28313],[7.07759,47.2833],[7.07776,47.28363],[7.07791,47.28377],[7.0781,47.28388],[7.07831,47.28397],[7.07905,47.28424],[7.07954,47.28455],[7.07979,47.28466],[7.08096,47.2849],[7.08219,47.28529],[7.08454,47.28599],[7.08502,47.28622],[7.08538,47.2867],[7.08527,47.28722],[7.0849,47.28754],[7.08334,47.28847],[7.08301,47.28875],[7.08288,47.2891],[7.08282,47.29003],[7.08304,47.29038],[7.08427,47.29125],[7.08447,47.29157],[7.08449,47.29191],[7.08431,47.29224],[7.08412,47.29241],[7.08309,47.29303],[7.08287,47.29319],[7.08266,47.29348],[7.08262,47.29379],[7.0827,47.29428],[7.08296,47.29507],[7.08268,47.29583],[7.08276,47.29633],[7.08304,47.29661],[7.08323,47.29672],[7.08345,47.29681],[7.08379,47.29691],[7.0838,47.29691],[7.0841,47.297],[7.08481,47.29726],[7.08498,47.29731],[7.0858,47.29762],[7.08748,47.29838],[7.08833,47.29869],[7.08912,47.29893],[7.0907,47.2995],[7.09132,47.29959],[7.09149,47.29965],[7.09191,47.29978],[7.09192,47.29978],[7.09233,47.2999],[7.0924,47.29992],[7.09285,47.30003],[7.09329,47.30019],[7.09368,47.30042],[7.09388,47.30057],[7.094,47.3007],[7.09418,47.30083],[7.09462,47.30102],[7.0956,47.30116],[7.096,47.30137],[7.09626,47.30167],[7.09665,47.30278],[7.09692,47.30307],[7.09756,47.30332],[7.09859,47.3034],[7.09935,47.30354],[7.10091,47.3037],[7.10117,47.30376],[7.10141,47.30385],[7.10161,47.30397],[7.10177,47.30412],[7.10188,47.30429],[7.10194,47.30447],[7.10194,47.30466],[7.10184,47.30525],[7.10169,47.30566],[7.10165,47.30591],[7.10166,47.30606],[7.10167,47.30615],[7.10172,47.30646],[7.10171,47.30705],[7.10166,47.30737],[7.10157,47.30763],[7.10147,47.30784],[7.10078,47.30856],[7.10058,47.30924],[7.1003,47.30953],[7.09987,47.30972],[7.09928,47.30984],[7.09886,47.31003],[7.09858,47.31031],[7.09846,47.31064],[7.09853,47.31106],[7.09841,47.31149],[7.09746,47.3131],[7.09706,47.31338],[7.09675,47.31348],[7.09591,47.3137],[7.09554,47.31376],[7.09516,47.31376],[7.09072,47.31347],[7.08824,47.31354],[7.08632,47.31364],[7.08631,47.31364],[7.08525,47.3137],[7.08518,47.3137],[7.08337,47.31375],[7.08332,47.31375],[7.08232,47.3138],[7.08229,47.3138],[7.08195,47.31379],[7.08144,47.31366],[7.08093,47.31325],[7.08083,47.31289],[7.0809,47.31207],[7.0805,47.31125],[7.08022,47.31087],[7.07929,47.3099],[7.0787,47.30941],[7.078,47.30886],[7.07776,47.3087],[7.07741,47.30838],[7.07698,47.30807],[7.07627,47.30769],[7.07603,47.30743],[7.07573,47.30717],[7.07556,47.30698],[7.07531,47.3065],[7.07522,47.3064],[7.07495,47.3061],[7.07494,47.30608],[7.07484,47.30591],[7.0746,47.30538],[7.07449,47.30521],[7.07433,47.30505],[7.07413,47.30492],[7.07389,47.30483],[7.07363,47.30477],[7.07335,47.30474],[7.07277,47.30474],[7.07188,47.30456],[7.07125,47.30445],[7.0708,47.30427],[7.0705,47.30399],[7.07039,47.30378],[7.07026,47.30343],[7.07022,47.30327],[7.07022,47.30307],[7.07024,47.30286],[7.07012,47.30251],[7.06999,47.30235],[7.06974,47.30212],[7.06962,47.30199],[7.06949,47.30186],[7.06932,47.30175],[7.06881,47.30147],[7.06879,47.30146],[7.06797,47.30102],[7.06729,47.30069],[7.06616,47.30024],[7.06593,47.30013],[7.06563,47.29989],[7.06551,47.29972],[7.06519,47.29912],[7.06518,47.29911],[7.06498,47.29874],[7.0649,47.29852],[7.06502,47.29799],[7.06535,47.29771],[7.06581,47.29753],[7.06633,47.2975],[7.06666,47.29754],[7.06753,47.29774],[7.06785,47.29785],[7.0683,47.29808],[7.0689,47.29829],[7.06914,47.29835],[7.06926,47.29837],[7.06991,47.29849],[7.06993,47.29849],[7.07017,47.29853],[7.07043,47.29856],[7.07068,47.29855],[7.0716,47.29824],[7.07217,47.29813],[7.07287,47.29816],[7.07312,47.29815],[7.07337,47.29809],[7.0736,47.29801],[7.07379,47.2979],[7.07396,47.29777],[7.07408,47.29761],[7.07416,47.29744],[7.07428,47.29691],[7.07456,47.29658],[7.0751,47.29615],[7.07535,47.2956],[7.07563,47.29532],[7.07629,47.29509],[7.07703,47.29502],[7.07749,47.29484],[7.07781,47.29455],[7.07825,47.29392],[7.07829,47.29386],[7.07858,47.29335],[7.07864,47.29319],[7.07867,47.29302],[7.07864,47.29286],[7.07857,47.2927],[7.07831,47.29241],[7.07753,47.2919],[7.07732,47.29181],[7.07684,47.29171],[7.0766,47.2917],[7.07635,47.29173],[7.07612,47.29179],[7.07571,47.29193],[7.07555,47.29199],[7.0752,47.29215],[7.07509,47.2922],[7.07486,47.29229],[7.07467,47.29239],[7.07437,47.29255],[7.07389,47.29267],[7.07268,47.29267],[7.07243,47.29273],[7.07203,47.29295],[7.07155,47.29342],[7.07112,47.2936],[7.07061,47.29367],[7.07036,47.29364],[7.07005,47.29358],[7.06973,47.29348],[7.0695,47.29339],[7.06893,47.29314],[7.06881,47.29309],[7.0685,47.29293],[7.06795,47.29267],[7.06781,47.29261],[7.0665,47.29214],[7.06598,47.29175],[7.0658,47.29166],[7.06518,47.29137],[7.06505,47.29132],[7.06484,47.29124],[7.0647,47.2912],[7.06422,47.29107],[7.06411,47.29103],[7.06371,47.2909],[7.06364,47.29088],[7.0629,47.29067],[7.06178,47.29026],[7.06167,47.29022],[7.06151,47.29016],[7.06121,47.28999],[7.06066,47.28944],[7.05955,47.28847],[7.05884,47.28806],[7.05801,47.28787],[7.05696,47.28743],[7.056,47.28748],[7.05527,47.28737],[7.05445,47.28695],[7.05395,47.28684],[7.05343,47.28688],[7.05297,47.28704],[7.05259,47.28727],[7.05212,47.28741],[7.05186,47.28742],[7.0516,47.28741],[7.05129,47.28734],[7.05079,47.28717],[7.05043,47.28693],[7.05024,47.28661],[7.05023,47.28627],[7.0506,47.28557],[7.05064,47.28539],[7.05061,47.28521],[7.05054,47.28504],[7.05042,47.28488],[7.05026,47.28475],[7.04983,47.28445],[7.04967,47.28435],[7.04494,47.28199],[7.04446,47.28184],[7.04419,47.28182],[7.04367,47.28189],[7.04322,47.28209],[7.04265,47.28244],[7.04212,47.28254],[7.04178,47.28252],[7.04127,47.28247],[7.04035,47.28234],[7.03989,47.28222],[7.03954,47.28199],[7.03918,47.28162],[7.03838,47.28102],[7.03817,47.28068],[7.03826,47.28014],[7.03843,47.27995],[7.03888,47.27952],[7.03939,47.27908],[7.03953,47.27893],[7.03962,47.27877],[7.03967,47.27861],[7.03962,47.27827],[7.03922,47.27784],[7.03833,47.27745],[7.038,47.27726],[7.03734,47.27693],[7.03646,47.27657],[7.03597,47.27627],[7.03573,47.27613],[7.03551,47.27603],[7.03513,47.27583],[7.03442,47.27548],[7.03397,47.27528],[7.03335,47.27494],[7.03322,47.27486],[7.03303,47.27474],[7.03293,47.27468],[7.03168,47.27399],[7.03086,47.27341],[7.03067,47.27309],[7.03067,47.27275]]]},"properties":{"bfs_nr":6751,"name":"Montfaucon"}},{"type":"Feature","geometry":{"type":"MultiPolygon","coordinates":[[[[6.95285,47.18665],[6.95297,47.18637],[6.95294,47.18573],[6.95315,47.1854],[6.95441,47.18454],[6.95471,47.18425],[6.95482,47.18391],[6.95472,47.18356],[6.95434,47.18292],[6.95456,47.18235],[6.95543,47.1814],[6.95582,47.18111],[6.95629,47.18097],[6.9568,47.18096],[6.95823,47.1813],[6.95923,47.18164],[6.96034,47.18195],[6.96201,47.18207],[6.96338,47.18191],[6.9663,47.18143],[6.96685,47.18139],[6.96924,47.18145],[6.97015,47.18132],[6.97057,47.18117],[6.97128,47.18048],[6.97225,47.17977],[6.97298,47.17894],[6.97356,47.17835],[6.9739,47.1779],[6.97535,47.17645],[6.97645,47.17567],[6.97683,47.17525],[6.97739,47.17496],[6.9785,47.17479],[6.97938,47.1747],[6.98039,47.17439],[6.9809,47.17442],[6.9814,47.17461],[6.98329,47.17563],[6.98467,47.17618],[6.98555,47.17658],[6.98623,47.17719],[6.98648,47.17811],[6.98769,47.17933],[6.9885,47.18007],[6.989,47.18063],[6.98972,47.18154],[6.99009,47.18219],[6.98999,47.1831],[6.99017,47.18344],[6.99089,47.1841],[6.99191,47.18524],[6.99305,47.18621],[6.9938,47.18656],[6.99428,47.1869],[6.99448,47.18721],[6.99457,47.1879],[6.99473,47.18846],[6.99463,47.18881],[6.99434,47.18912],[6.99357,47.18938],[6.99099,47.1897],[6.98991,47.18981],[6.98964,47.18982],[6.98925,47.18982],[6.9884,47.19004],[6.98765,47.19002],[6.98622,47.18951],[6.98554,47.18918],[6.98512,47.18903],[6.98468,47.18892],[6.98418,47.18893],[6.98372,47.18906],[6.98353,47.18917],[6.98337,47.1893],[6.98325,47.18945],[6.98317,47.18961],[6.98313,47.18978],[6.98309,47.19059],[6.98278,47.19104],[6.98238,47.19125],[6.98215,47.19131],[6.98185,47.19135],[6.98061,47.19142],[6.98013,47.19141],[6.97929,47.19133],[6.97879,47.1914],[6.97856,47.19148],[6.97836,47.19159],[6.9782,47.19173],[6.97808,47.19189],[6.97728,47.19321],[6.97725,47.19326],[6.9767,47.19433],[6.97668,47.19438],[6.97652,47.19474],[6.97648,47.1949],[6.97652,47.19523],[6.97679,47.19588],[6.97666,47.19622],[6.97624,47.19667],[6.9759,47.1973],[6.97549,47.19759],[6.97526,47.19789],[6.97526,47.19841],[6.97568,47.19884],[6.9761,47.19901],[6.97659,47.19943],[6.97667,47.19978],[6.97629,47.20066],[6.97617,47.20288],[6.97612,47.20313],[6.97602,47.20331],[6.97581,47.20352],[6.97578,47.20354],[6.97556,47.20369],[6.97438,47.20404],[6.97401,47.20433],[6.973,47.20563],[6.97231,47.20587],[6.97179,47.20586],[6.97127,47.20569],[6.97092,47.20547],[6.97062,47.20532],[6.97003,47.20507],[6.96988,47.20501],[6.96959,47.20491],[6.96929,47.20482],[6.9688,47.20463],[6.96829,47.20446],[6.96814,47.20442],[6.96646,47.20394],[6.96584,47.20368],[6.96502,47.20339],[6.96416,47.20304],[6.96401,47.20298],[6.9639,47.20295],[6.96381,47.20293],[6.9632,47.20277],[6.96268,47.20258],[6.96248,47.20249],[6.96246,47.20248],[6.96225,47.20239],[6.96146,47.20214],[6.96069,47.20196],[6.959,47.20169],[6.95888,47.20167],[6.95853,47.20163],[6.95848,47.20163],[6.95783,47.20155],[6.95771,47.20154],[6.95729,47.20147],[6.95705,47.20141],[6.95682,47.20134],[6.95657,47.20124],[6.95644,47.20118],[6.95607,47.201],[6.95597,47.20095],[6.95534,47.20061],[6.95532,47.20059],[6.95488,47.20034],[6.95487,47.20034],[6.95451,47.20014],[6.95326,47.19953],[6.95233,47.19909],[6.95203,47.19882],[6.95194,47.19865],[6.95191,47.19831],[6.95221,47.19766],[6.9525,47.1974],[6.95299,47.19715],[6.95466,47.19586],[6.95518,47.19532],[6.95615,47.19449],[6.95625,47.19438],[6.95655,47.19403],[6.95659,47.19399],[6.95677,47.19375],[6.95678,47.19373],[6.95697,47.19348],[6.95708,47.19326],[6.95783,47.19137],[6.95789,47.19109],[6.95785,47.19081],[6.95773,47.19046],[6.95754,47.19015],[6.95718,47.18973],[6.95702,47.18929],[6.95674,47.18897],[6.95653,47.18884],[6.95629,47.18875],[6.95496,47.18837],[6.95491,47.18836],[6.95356,47.188],[6.95328,47.18791],[6.95308,47.18781],[6.9527,47.18738],[6.95266,47.18705],[6.95285,47.18665]]],[[[6.95654,47.23698],[6.958,47.23679],[6.95825,47.23674],[6.96071,47.23607],[6.96119,47.23599],[6.96371,47.23585],[6.96439,47.23591],[6.96518,47.2361],[6.96544,47.23614],[6.96572,47.23615],[6.96624,47.23604],[6.96683,47.23565],[6.96727,47.23544],[6.9678,47.23538],[6.96833,47.23546],[6.96993,47.23614],[6.97049,47.23636],[6.97102,47.23664],[6.97132,47.23678],[6.97144,47.23682],[6.97264,47.23724],[6.97275,47.23728],[6.97299,47.23735],[6.97325,47.23738],[6.97377,47.23735],[6.97422,47.23718],[6.97441,47.23705],[6.97454,47.23691],[6.97463,47.23677],[6.97469,47.23662],[6.97481,47.23606],[6.9748,47.23553],[6.97486,47.23535],[6.97501,47.23513],[6.97569,47.23447],[6.97617,47.23408],[6.97642,47.23379],[6.97654,47.23295],[6.97632,47.23248],[6.97572,47.23196],[6.97525,47.23159],[6.97512,47.23145],[6.97484,47.23093],[6.97473,47.23061],[6.97472,47.23051],[6.97471,47.23041],[6.9747,47.23021],[6.97475,47.22988],[6.97481,47.22974],[6.97506,47.22931],[6.97512,47.22877],[6.97532,47.22843],[6.97612,47.2278],[6.97636,47.22749],[6.97635,47.22697],[6.97611,47.22666],[6.97529,47.22616],[6.97515,47.22601],[6.975,47.22567],[6.97506,47.22531],[6.97532,47.225],[6.97574,47.22478],[6.97599,47.22472],[6.97652,47.22471],[6.97713,47.22482],[6.97741,47.22483],[6.97768,47.2248],[6.97794,47.22473],[6.97817,47.22462],[6.97837,47.22448],[6.97925,47.22372],[6.97947,47.22343],[6.97964,47.2228],[6.97955,47.22227],[6.97975,47.22175],[6.98025,47.22125],[6.98065,47.22096],[6.98085,47.22061],[6.98074,47.22006],[6.98033,47.21963],[6.98026,47.21892],[6.98014,47.21853],[6.98018,47.21795],[6.98049,47.21733],[6.98089,47.21605],[6.98131,47.21554],[6.98178,47.21535],[6.98279,47.21518],[6.98382,47.21532],[6.98427,47.21548],[6.98469,47.2158],[6.9851,47.21598],[6.98581,47.21609],[6.98739,47.2161],[6.98791,47.21621],[6.98877,47.2166],[6.98928,47.21663],[6.99014,47.21643],[6.99096,47.21632],[6.99148,47.21636],[6.99194,47.21653],[6.99262,47.21707],[6.99327,47.21731],[6.99383,47.2174],[6.99479,47.21739],[6.99526,47.21749],[6.99565,47.21769],[6.9959,47.21798],[6.99603,47.21862],[6.99631,47.21895],[6.99678,47.21925],[6.99725,47.21983],[6.99766,47.22003],[6.99815,47.22012],[6.99922,47.22011],[7.0008,47.22003],[7.00105,47.21999],[7.00235,47.21996],[7.0034,47.22012],[7.00423,47.22018],[7.00471,47.22012],[7.00493,47.22005],[7.00548,47.21978],[7.00595,47.2197],[7.00715,47.21967],[7.00764,47.21952],[7.008,47.21925],[7.00825,47.21888],[7.00857,47.21862],[7.00902,47.21846],[7.00952,47.21843],[7.01,47.21852],[7.01127,47.21935],[7.01159,47.21983],[7.01146,47.22035],[7.01089,47.22077],[7.01036,47.22091],[7.00977,47.22126],[7.0096,47.2216],[7.00963,47.22196],[7.01006,47.22241],[7.01074,47.22272],[7.01271,47.22351],[7.01304,47.22377],[7.0132,47.22409],[7.01318,47.22443],[7.0127,47.22514],[7.01231,47.22545],[7.01217,47.22558],[7.01208,47.22573],[7.012,47.22603],[7.012,47.22647],[7.01204,47.22664],[7.01227,47.22694],[7.01265,47.22717],[7.01356,47.22738],[7.01413,47.2274],[7.01461,47.22753],[7.01594,47.22809],[7.01645,47.22826],[7.01686,47.22835],[7.01734,47.22857],[7.01825,47.22923],[7.01876,47.22944],[7.01949,47.22992],[7.02009,47.2305],[7.02023,47.23098],[7.02006,47.23144],[7.02008,47.23194],[7.01995,47.2323],[7.01951,47.23277],[7.01942,47.23312],[7.01947,47.23351],[7.01934,47.23384],[7.01905,47.23411],[7.01838,47.23433],[7.01775,47.23433],[7.01727,47.23442],[7.01687,47.23463],[7.01641,47.23508],[7.0162,47.23524],[7.01618,47.23525],[7.01602,47.23534],[7.01562,47.23555],[7.01525,47.23575],[7.01505,47.23587],[7.01466,47.2363],[7.01436,47.23672],[7.01417,47.23692],[7.01378,47.23737],[7.01314,47.23767],[7.01243,47.23769],[7.01188,47.23778],[7.01165,47.23788],[7.01128,47.23817],[7.01086,47.2387],[7.01075,47.23889],[7.01065,47.23931],[7.01044,47.23962],[7.00979,47.24009],[7.00905,47.24082],[7.00821,47.24117],[7.00709,47.24185],[7.00664,47.24198],[7.00562,47.24212],[7.0051,47.24249],[7.00443,47.2435],[7.00328,47.24472],[7.00282,47.24539],[7.00221,47.24566],[7.00124,47.24585],[7.00075,47.24615],[7.00053,47.24625],[7.00021,47.24633],[6.99838,47.24666],[6.99799,47.24674],[6.99751,47.24674],[6.99687,47.24665],[6.99656,47.24666],[6.99486,47.2469],[6.99464,47.24691],[6.99441,47.24694],[6.99419,47.247],[6.99381,47.2472],[6.99319,47.24766],[6.99225,47.24783],[6.99098,47.24822],[6.99066,47.24846],[6.99056,47.2486],[6.98992,47.2497],[6.98979,47.24988],[6.98947,47.25012],[6.98894,47.25036],[6.98793,47.25107],[6.98779,47.25117],[6.98766,47.25129],[6.98728,47.25169],[6.98619,47.25239],[6.986,47.25253],[6.98573,47.25292],[6.98558,47.25307],[6.98533,47.25323],[6.98486,47.25347],[6.98471,47.25354],[6.98467,47.25356],[6.98438,47.25366],[6.98388,47.25371],[6.98338,47.25363],[6.98296,47.25343],[6.98256,47.253],[6.98206,47.25272],[6.98161,47.25262],[6.98072,47.25255],[6.98021,47.25234],[6.97973,47.25224],[6.97892,47.25234],[6.97855,47.25252],[6.97806,47.25266],[6.97771,47.25268],[6.97735,47.25264],[6.97669,47.25247],[6.97592,47.25231],[6.9749,47.25199],[6.97474,47.25193],[6.9746,47.25188],[6.97442,47.2518],[6.97396,47.25159],[6.97372,47.25153],[6.97321,47.2515],[6.97245,47.25159],[6.9718,47.25175],[6.97126,47.25178],[6.97099,47.25174],[6.97075,47.25166],[6.97026,47.25138],[6.96979,47.251],[6.96966,47.25083],[6.96947,47.2503],[6.96909,47.24991],[6.96856,47.24951],[6.96838,47.24921],[6.96834,47.24833],[6.96819,47.24791],[6.96771,47.24729],[6.96756,47.24705],[6.96664,47.24494],[6.9666,47.24484],[6.96637,47.24412],[6.96633,47.24388],[6.96633,47.24382],[6.96632,47.24366],[6.96629,47.24349],[6.96609,47.24318],[6.96593,47.24306],[6.96574,47.24295],[6.96534,47.24276],[6.96532,47.24275],[6.96394,47.24214],[6.96368,47.242],[6.96225,47.2411],[6.96195,47.24095],[6.95984,47.24023],[6.95963,47.24018],[6.95709,47.23964],[6.95705,47.23963],[6.95693,47.23961],[6.95661,47.23951],[6.95621,47.23925],[6.95604,47.23905],[6.95544,47.23807],[6.9555,47.23754],[6.95579,47.23724],[6.95654,47.23698]]]]},"properties":{"bfs_nr":6753,"name":"Muriaux"}},{"type":"Feature","geometry":{"type":"Polygon","coordinates":[[[6.89083,47.20451],[6.8914,47.20426],[6.89212,47.20419],[6.89236,47.20423],[6.89296,47.20451],[6.89313,47.20469],[6.89332,47.20493],[6.89345,47.20507],[6.89362,47.20519],[6.89404,47.20535],[6.89452,47.20541],[6.89477,47.20539],[6.89729,47.20501],[6.89738,47.205],[6.9013,47.20421],[6.90151,47.20416],[6.90171,47.20407],[6.90251,47.20356],[6.90286,47.20344],[6.904,47.20317],[6.90424,47.20312],[6.90489,47.20303],[6.90521,47.203],[6.90546,47.20302],[6.90594,47.20314],[6.9064,47.2034],[6.90659,47.20347],[6.9068,47.20352],[6.90701,47.20356],[6.90726,47.20359],[6.90776,47.20355],[6.90838,47.20327],[6.90937,47.2021],[6.91009,47.2015],[6.9103,47.20141],[6.91103,47.2013],[6.91151,47.20139],[6.91329,47.2022],[6.91488,47.20308],[6.91536,47.2032],[6.91562,47.20321],[6.91587,47.20318],[6.91611,47.20313],[6.91633,47.20304],[6.91653,47.20292],[6.91668,47.20279],[6.91698,47.20231],[6.91713,47.20209],[6.91733,47.2019],[6.91764,47.20169],[6.9181,47.20113],[6.91824,47.20098],[6.91838,47.20085],[6.91853,47.20073],[6.91869,47.20061],[6.91889,47.20049],[6.91902,47.20042],[6.91921,47.20033],[6.91937,47.20026],[6.91939,47.20025],[6.91966,47.20013],[6.91988,47.20002],[6.92084,47.19938],[6.92084,47.19937],[6.92304,47.19788],[6.92306,47.19787],[6.92307,47.19786],[6.92329,47.19774],[6.92353,47.19765],[6.92492,47.19721],[6.92495,47.1972],[6.92805,47.19625],[6.92808,47.19624],[6.92901,47.19594],[6.92903,47.19593],[6.9352,47.19396],[6.93522,47.19395],[6.93584,47.19376],[6.93591,47.19374],[6.93605,47.1937],[6.9363,47.19361],[6.93652,47.19348],[6.9375,47.1925],[6.93791,47.19222],[6.93961,47.19144],[6.94006,47.19108],[6.94024,47.19069],[6.9404,47.19048],[6.94125,47.18962],[6.94166,47.18934],[6.94263,47.18899],[6.94288,47.18872],[6.94467,47.18597],[6.94526,47.18564],[6.94603,47.18559],[6.94634,47.18566],[6.95138,47.18712],[6.95257,47.18774],[6.9549,47.18835],[6.95613,47.18871],[6.95643,47.18882],[6.95664,47.18894],[6.95692,47.18926],[6.95706,47.18961],[6.95755,47.19017],[6.95785,47.1908],[6.95781,47.19135],[6.95708,47.19325],[6.95694,47.19352],[6.95678,47.19373],[6.95676,47.19376],[6.95659,47.19398],[6.95655,47.19404],[6.95628,47.19435],[6.95612,47.19451],[6.95516,47.19534],[6.95471,47.19581],[6.95302,47.19713],[6.95249,47.1974],[6.9522,47.19766],[6.95196,47.19814],[6.9519,47.19831],[6.9519,47.19848],[6.95194,47.19865],[6.95202,47.19882],[6.95233,47.19909],[6.95327,47.19953],[6.95406,47.19993],[6.95438,47.20007],[6.95454,47.20015],[6.95487,47.20034],[6.95489,47.20035],[6.95533,47.2006],[6.95535,47.20061],[6.95599,47.20096],[6.95605,47.20099],[6.95647,47.20119],[6.95655,47.20123],[6.95687,47.20136],[6.95705,47.20142],[6.95724,47.20146],[6.95773,47.20154],[6.95781,47.20155],[6.95849,47.20163],[6.95903,47.20169],[6.96076,47.20198],[6.96219,47.20238],[6.96265,47.20256],[6.96329,47.2028],[6.96354,47.20287],[6.96396,47.20297],[6.9642,47.20305],[6.96505,47.2034],[6.96581,47.20367],[6.96651,47.20396],[6.9681,47.20441],[6.96833,47.20447],[6.96878,47.20463],[6.96925,47.20481],[6.96985,47.205],[6.97006,47.20508],[6.97034,47.20521],[6.97056,47.2053],[6.97079,47.20541],[6.97093,47.20549],[6.97124,47.20567],[6.97258,47.20635],[6.97309,47.20659],[6.97418,47.20711],[6.97429,47.20717],[6.97469,47.20739],[6.97478,47.20744],[6.97569,47.20786],[6.97571,47.20787],[6.97628,47.20812],[6.97661,47.20827],[6.97665,47.20829],[6.97732,47.20857],[6.9774,47.2086],[6.97873,47.2091],[6.9794,47.20931],[6.98023,47.20951],[6.98066,47.20964],[6.98111,47.20986],[6.98137,47.21015],[6.98144,47.21032],[6.98145,47.21049],[6.98142,47.21066],[6.9813,47.21091],[6.98123,47.21113],[6.98121,47.21139],[6.98115,47.21163],[6.98109,47.21181],[6.98087,47.21216],[6.98075,47.21234],[6.97996,47.21398],[6.97989,47.21425],[6.97993,47.21487],[6.98017,47.21527],[6.98066,47.21566],[6.98082,47.21597],[6.9808,47.21634],[6.98051,47.21716],[6.98025,47.21745],[6.98002,47.21797],[6.98,47.21884],[6.97982,47.21927],[6.97981,47.21981],[6.97929,47.22062],[6.9793,47.22099],[6.97953,47.22138],[6.97961,47.22172],[6.97938,47.22254],[6.97951,47.22306],[6.97944,47.2234],[6.97935,47.22359],[6.97916,47.2238],[6.97841,47.22445],[6.97817,47.22462],[6.97794,47.22472],[6.97741,47.22482],[6.97713,47.22481],[6.97652,47.2247],[6.97626,47.22469],[6.97599,47.22472],[6.97574,47.22478],[6.97532,47.22499],[6.97505,47.22531],[6.97499,47.22567],[6.97514,47.22601],[6.97529,47.22616],[6.97574,47.22647],[6.97601,47.22685],[6.97603,47.22727],[6.97571,47.22772],[6.97528,47.22796],[6.97487,47.22841],[6.97482,47.22885],[6.97495,47.2293],[6.97492,47.22949],[6.97483,47.22969],[6.97476,47.22985],[6.97473,47.22993],[6.9747,47.23015],[6.97471,47.23043],[6.97472,47.23049],[6.97474,47.23066],[6.9749,47.23112],[6.97501,47.23138],[6.97514,47.23153],[6.97569,47.23193],[6.97614,47.23238],[6.97628,47.2327],[6.97609,47.23334],[6.9761,47.23387],[6.97595,47.23422],[6.97508,47.23506],[6.97502,47.23512],[6.97484,47.23532],[6.97474,47.23547],[6.97465,47.23578],[6.97474,47.23622],[6.97473,47.23645],[6.9747,47.23658],[6.97463,47.23677],[6.97454,47.23691],[6.97441,47.23704],[6.97422,47.23717],[6.97376,47.23734],[6.97325,47.23738],[6.97299,47.23734],[6.97269,47.23725],[6.97265,47.23724],[6.97147,47.23683],[6.9713,47.23676],[6.97115,47.2367],[6.97061,47.23641],[6.96992,47.23614],[6.96826,47.23541],[6.96746,47.23534],[6.96696,47.23548],[6.96637,47.23591],[6.96562,47.23612],[6.96535,47.23611],[6.96502,47.23606],[6.96432,47.23589],[6.96378,47.23584],[6.96114,47.23599],[6.96075,47.23605],[6.95831,47.23672],[6.95794,47.2368],[6.95674,47.23695],[6.95644,47.23697],[6.95614,47.23695],[6.95536,47.23686],[6.95485,47.23686],[6.95375,47.23705],[6.95291,47.23698],[6.95218,47.23676],[6.95181,47.23668],[6.95086,47.23657],[6.9506,47.23656],[6.9501,47.23664],[6.94942,47.23691],[6.94891,47.23696],[6.94777,47.23666],[6.94728,47.23641],[6.94703,47.23609],[6.94693,47.23523],[6.94667,47.23494],[6.94628,47.23474],[6.9451,47.23462],[6.94361,47.23467],[6.94309,47.23454],[6.9427,47.23428],[6.9421,47.23333],[6.94182,47.23265],[6.94109,47.23178],[6.94072,47.23154],[6.93997,47.23127],[6.9393,47.23082],[6.93878,47.23066],[6.93763,47.23057],[6.93687,47.23059],[6.93558,47.23071],[6.93352,47.2307],[6.93244,47.23055],[6.93102,47.23014],[6.93046,47.22993],[6.92931,47.22923],[6.9287,47.22901],[6.92784,47.2286],[6.92729,47.22803],[6.92707,47.22702],[6.92725,47.22592],[6.92717,47.22558],[6.9265,47.2247],[6.92565,47.22402],[6.92519,47.22348],[6.92424,47.22257],[6.92387,47.22216],[6.92292,47.22157],[6.92227,47.22128],[6.92143,47.22073],[6.92099,47.22058],[6.92038,47.22051],[6.9194,47.22029],[6.91796,47.21985],[6.9162,47.21915],[6.91366,47.21848],[6.91286,47.21845],[6.9119,47.21862],[6.91086,47.21845],[6.91014,47.21825],[6.90979,47.21804],[6.90924,47.21739],[6.90862,47.21677],[6.90805,47.21604],[6.90752,47.21514],[6.90712,47.2147],[6.90543,47.21377],[6.90469,47.21357],[6.90339,47.21298],[6.90207,47.21245],[6.90129,47.21204],[6.90012,47.211],[6.89915,47.21034],[6.89841,47.20991],[6.89788,47.20969],[6.89739,47.20939],[6.89616,47.20876],[6.89484,47.20837],[6.89371,47.20798],[6.89227,47.20729],[6.89186,47.20702],[6.89053,47.20586],[6.89026,47.2055],[6.89023,47.20514],[6.89041,47.2048],[6.89083,47.20451]]]},"properties":{"bfs_nr":6754,"name":"Le Noirmont"}},{"type":"Feature","geometry":{"type":"Polygon","coordinates":[[[6.94072,47.28589],[6.94089,47.28513],[6.94107,47.28489],[6.94196,47.2841],[6.9426,47.28364],[6.94283,47.28334],[6.94344,47.28288],[6.94442,47.28223],[6.94536,47.28106],[6.94544,47.28067],[6.94533,47.28025],[6.94534,47.27976],[6.94519,47.27908],[6.94541,47.27863],[6.94615,47.27763],[6.94672,47.27714],[6.94702,47.27671],[6.94824,47.27519],[6.9491,47.2737],[6.94942,47.27332],[6.95,47.27235],[6.95062,47.27172],[6.9512,47.27087],[6.9519,47.27011],[6.95201,47.26977],[6.95202,47.26915],[6.95181,47.26859],[6.95156,47.26822],[6.95051,47.26708],[6.95031,47.26675],[6.95013,47.26599],[6.9505,47.26508],[6.9507,47.2643],[6.95141,47.26313],[6.95157,47.26275],[6.95169,47.26201],[6.95141,47.26103],[6.95114,47.25972],[6.95029,47.2584],[6.95007,47.25769],[6.94964,47.25661],[6.94944,47.25632],[6.94848,47.25562],[6.94792,47.25508],[6.94692,47.25437],[6.94671,47.25402],[6.94673,47.25365],[6.94703,47.25314],[6.9472,47.25186],[6.94742,47.25056],[6.94777,47.25005],[6.9485,47.2495],[6.94905,47.24898],[6.95073,47.24801],[6.95186,47.24748],[6.95226,47.24721],[6.95328,47.24612],[6.95428,47.24485],[6.9549,47.24441],[6.95553,47.24404],[6.95573,47.24372],[6.95574,47.24337],[6.95554,47.24304],[6.95507,47.24267],[6.95444,47.24238],[6.95386,47.24223],[6.95309,47.24218],[6.95209,47.24191],[6.9516,47.24168],[6.95064,47.24105],[6.95011,47.24051],[6.94924,47.23987],[6.94829,47.23935],[6.9471,47.23898],[6.94583,47.23871],[6.94427,47.23829],[6.94359,47.23807],[6.94311,47.23782],[6.94286,47.23749],[6.94282,47.23713],[6.94303,47.23644],[6.94298,47.23547],[6.94313,47.23513],[6.94346,47.23486],[6.94393,47.2347],[6.9452,47.23463],[6.94569,47.23475],[6.94607,47.23497],[6.9463,47.23529],[6.94636,47.23583],[6.94672,47.23631],[6.94715,47.23651],[6.94847,47.23689],[6.94899,47.23698],[6.94953,47.23692],[6.95014,47.23667],[6.95067,47.23658],[6.95172,47.23667],[6.95226,47.23679],[6.95291,47.23699],[6.9537,47.23709],[6.95429,47.23735],[6.95467,47.23769],[6.95522,47.23797],[6.95555,47.23829],[6.95607,47.23909],[6.9562,47.23926],[6.95661,47.23951],[6.95686,47.23959],[6.95706,47.23963],[6.95708,47.23964],[6.95958,47.24016],[6.95989,47.24025],[6.96187,47.24093],[6.96232,47.24114],[6.96372,47.24202],[6.96389,47.24212],[6.96532,47.24276],[6.96535,47.24277],[6.96569,47.24292],[6.96593,47.24306],[6.96628,47.24349],[6.96632,47.2437],[6.96633,47.24382],[6.96633,47.24392],[6.96636,47.24408],[6.96661,47.24486],[6.96663,47.24493],[6.96758,47.24709],[6.96768,47.24725],[6.96815,47.24787],[6.96834,47.24838],[6.96837,47.24927],[6.96854,47.24957],[6.96912,47.25],[6.96939,47.2506],[6.96965,47.25092],[6.97029,47.2514],[6.97058,47.25159],[6.97077,47.25169],[6.97098,47.25176],[6.97145,47.25183],[6.97193,47.25177],[6.97251,47.25159],[6.97321,47.25151],[6.97392,47.25159],[6.97457,47.25187],[6.97477,47.25194],[6.97488,47.25198],[6.97597,47.25233],[6.97665,47.25247],[6.97717,47.2526],[6.97733,47.25264],[6.97741,47.25265],[6.97771,47.25268],[6.97801,47.25267],[6.97863,47.25259],[6.97912,47.25242],[6.97978,47.25233],[6.98026,47.25239],[6.98101,47.25269],[6.98212,47.2529],[6.98275,47.25345],[6.98317,47.25368],[6.98369,47.25378],[6.98423,47.25373],[6.98447,47.25364],[6.98474,47.25353],[6.98484,47.25348],[6.98563,47.25308],[6.98575,47.25301],[6.98608,47.25275],[6.98625,47.25245],[6.9866,47.25213],[6.98728,47.2517],[6.98764,47.25132],[6.98779,47.25117],[6.98797,47.25105],[6.98843,47.25078],[6.98925,47.25046],[6.98971,47.25006],[6.9905,47.2487],[6.99081,47.24837],[6.99123,47.24817],[6.99148,47.24811],[6.99268,47.24801],[6.99336,47.24771],[6.99374,47.24728],[6.99409,47.24706],[6.99458,47.24693],[6.99643,47.24668],[6.99698,47.24667],[6.99781,47.24683],[6.99833,47.24677],[6.99873,47.24662],[6.99904,47.24654],[7.00042,47.24629],[7.00067,47.24623],[7.00124,47.24594],[7.00175,47.24581],[7.00248,47.24583],[7.00299,47.24575],[7.00341,47.24553],[7.00374,47.24505],[7.00369,47.24455],[7.00378,47.24422],[7.00446,47.24346],[7.00509,47.24252],[7.00543,47.24226],[7.0059,47.24212],[7.00644,47.24208],[7.00694,47.24195],[7.00777,47.24146],[7.00877,47.24129],[7.00924,47.24114],[7.00969,47.24073],[7.0098,47.24027],[7.01001,47.23996],[7.01045,47.23962],[7.01066,47.23931],[7.01075,47.23889],[7.01122,47.23825],[7.01156,47.23796],[7.01199,47.23779],[7.01277,47.23776],[7.01326,47.23769],[7.01382,47.23736],[7.01432,47.23678],[7.01465,47.23632],[7.01505,47.23589],[7.01605,47.23533],[7.01616,47.23527],[7.01624,47.23521],[7.01638,47.23511],[7.01701,47.23459],[7.01775,47.23442],[7.01861,47.23446],[7.01914,47.23432],[7.01952,47.23406],[7.0201,47.2335],[7.02054,47.2333],[7.02131,47.23326],[7.02216,47.23341],[7.02266,47.23336],[7.02309,47.23318],[7.02339,47.2329],[7.02381,47.23227],[7.02424,47.23206],[7.02474,47.23198],[7.02606,47.23212],[7.02789,47.23225],[7.02897,47.23239],[7.03041,47.23268],[7.03092,47.23265],[7.03192,47.23241],[7.03245,47.23245],[7.03299,47.23239],[7.03362,47.23203],[7.03403,47.23162],[7.03447,47.23144],[7.03526,47.23136],[7.03571,47.23122],[7.03617,47.23082],[7.03667,47.22992],[7.03682,47.22972],[7.03721,47.22944],[7.03933,47.2284],[7.04104,47.22767],[7.04135,47.22756],[7.04191,47.22751],[7.04315,47.22769],[7.0437,47.22763],[7.04484,47.2273],[7.045,47.22725],[7.04516,47.22718],[7.04579,47.22688],[7.04656,47.22679],[7.04753,47.22711],[7.05035,47.22799],[7.05112,47.2281],[7.05229,47.22843],[7.05308,47.22859],[7.05499,47.22928],[7.05544,47.22949],[7.05647,47.23014],[7.05789,47.23086],[7.05818,47.23117],[7.0582,47.23173],[7.05798,47.23215],[7.0575,47.23426],[7.05716,47.23487],[7.05705,47.23546],[7.05639,47.2368],[7.05633,47.23751],[7.0565,47.23782],[7.05694,47.23818],[7.05715,47.2385],[7.05716,47.23886],[7.0568,47.2394],[7.05666,47.24026],[7.05649,47.24058],[7.0561,47.24087],[7.05536,47.24126],[7.05466,47.24178],[7.05378,47.2421],[7.05351,47.24238],[7.05341,47.24272],[7.05361,47.2432],[7.05395,47.24345],[7.05467,47.24381],[7.05489,47.2441],[7.05495,47.24436],[7.05495,47.24457],[7.05489,47.24474],[7.05465,47.24505],[7.05447,47.24517],[7.0542,47.24529],[7.05415,47.24531],[7.05368,47.2455],[7.05355,47.24555],[7.05325,47.24567],[7.05298,47.24575],[7.0529,47.24577],[7.05254,47.24587],[7.05239,47.24592],[7.05217,47.246],[7.05215,47.24601],[7.05129,47.24635],[7.05125,47.24636],[7.05077,47.24654],[7.05062,47.24659],[7.05046,47.24663],[7.05017,47.2467],[7.04943,47.24667],[7.04873,47.24637],[7.04798,47.24623],[7.04748,47.24627],[7.04704,47.24643],[7.04672,47.24669],[7.04647,47.24702],[7.04611,47.24726],[7.04565,47.24739],[7.04496,47.2474],[7.04449,47.2475],[7.04411,47.24771],[7.04395,47.24787],[7.04369,47.24811],[7.04344,47.24829],[7.04337,47.24834],[7.04321,47.24845],[7.04316,47.24849],[7.04224,47.24917],[7.04158,47.24976],[7.04116,47.25002],[7.04067,47.25014],[7.04016,47.25012],[7.03929,47.24987],[7.03821,47.24963],[7.03778,47.24945],[7.0367,47.24904],[7.03609,47.24885],[7.03546,47.24862],[7.03527,47.24855],[7.03479,47.24833],[7.03416,47.24812],[7.03367,47.24808],[7.0332,47.24816],[7.0328,47.24835],[7.03202,47.24887],[7.03157,47.24901],[7.03089,47.24908],[7.03045,47.24925],[7.03005,47.24967],[7.02987,47.25008],[7.02986,47.25009],[7.02948,47.251],[7.02945,47.25146],[7.02935,47.25179],[7.02923,47.25194],[7.02903,47.25211],[7.02864,47.25237],[7.0284,47.25251],[7.02803,47.25264],[7.02788,47.25268],[7.02765,47.25277],[7.02744,47.2529],[7.02696,47.25328],[7.02596,47.25422],[7.02575,47.25446],[7.02574,47.25448],[7.02533,47.25496],[7.02506,47.2552],[7.025,47.25525],[7.02497,47.25527],[7.02486,47.25535],[7.02458,47.2555],[7.02376,47.25574],[7.02335,47.25588],[7.02309,47.25596],[7.02301,47.25597],[7.02266,47.25603],[7.02237,47.25603],[7.02136,47.25591],[7.02035,47.2561],[7.01981,47.25606],[7.01956,47.25599],[7.01906,47.25573],[7.018,47.25533],[7.01731,47.25516],[7.01669,47.25517],[7.01617,47.25508],[7.01566,47.25489],[7.01491,47.25475],[7.01427,47.25449],[7.01379,47.25443],[7.0133,47.25449],[7.01308,47.25456],[7.01288,47.25467],[7.01271,47.2548],[7.01263,47.25488],[7.01247,47.25507],[7.01231,47.25521],[7.01194,47.25547],[7.0117,47.25571],[7.01129,47.25631],[7.01128,47.25631],[7.01083,47.25696],[7.01081,47.25698],[7.01046,47.25746],[7.01041,47.25752],[7.01032,47.25762],[7.01024,47.2577],[7.01,47.2579],[7.00953,47.25835],[7.00931,47.25852],[7.00849,47.2588],[7.00807,47.25902],[7.0073,47.25966],[7.00663,47.26027],[7.0064,47.26105],[7.00618,47.26136],[7.00581,47.26159],[7.00511,47.26187],[7.00367,47.26223],[7.0022,47.26244],[7.00177,47.26269],[7.00162,47.26285],[7.00112,47.26375],[7.00099,47.26434],[7.00063,47.26498],[7.00071,47.26533],[7.00097,47.26563],[7.00154,47.26589],[7.00199,47.26599],[7.00219,47.26603],[7.00222,47.26604],[7.00262,47.26613],[7.00312,47.26623],[7.00349,47.26635],[7.00424,47.26667],[7.0047,47.26696],[7.00531,47.26752],[7.00577,47.26805],[7.00634,47.26851],[7.00658,47.26899],[7.0065,47.26932],[7.00607,47.26973],[7.00567,47.2699],[7.00541,47.27001],[7.0053,47.27006],[7.005,47.27022],[7.00485,47.27031],[7.00432,47.27082],[7.0034,47.27127],[7.00311,47.27155],[7.00301,47.27204],[7.00314,47.27235],[7.00319,47.27253],[7.0032,47.27255],[7.00325,47.27277],[7.00327,47.27281],[7.0034,47.2732],[7.00344,47.27335],[7.00345,47.27343],[7.00348,47.27352],[7.00358,47.27383],[7.00364,47.27396],[7.00373,47.27412],[7.00384,47.27427],[7.0047,47.27518],[7.00485,47.27536],[7.00493,47.27547],[7.00498,47.27551],[7.00514,47.27564],[7.00557,47.27583],[7.00673,47.276],[7.00792,47.2762],[7.00892,47.27641],[7.00971,47.27665],[7.0105,47.27681],[7.01162,47.27717],[7.01233,47.27735],[7.01254,47.27741],[7.01292,47.27754],[7.01322,47.27766],[7.01357,47.27792],[7.01409,47.27851],[7.01455,47.27869],[7.01568,47.27894],[7.01609,47.279],[7.01641,47.27908],[7.01698,47.27917],[7.01721,47.27922],[7.01782,47.27939],[7.01824,47.27956],[7.01834,47.27961],[7.01858,47.27971],[7.01864,47.27973],[7.01882,47.27978],[7.01904,47.27983],[7.01932,47.2799],[7.0195,47.27996],[7.01978,47.28003],[7.02041,47.2801],[7.02101,47.28026],[7.02139,47.28041],[7.02211,47.28059],[7.02262,47.28082],[7.02353,47.2812],[7.0245,47.28157],[7.02568,47.28196],[7.02607,47.2822],[7.02633,47.28269],[7.02631,47.28292],[7.02626,47.28315],[7.02609,47.28372],[7.02606,47.2838],[7.02601,47.28393],[7.02588,47.28417],[7.02535,47.28464],[7.02507,47.28517],[7.02384,47.2869],[7.02353,47.28736],[7.02351,47.28739],[7.02283,47.28832],[7.02267,47.28851],[7.02251,47.28865],[7.02208,47.28884],[7.02157,47.2889],[7.02107,47.28883],[7.02049,47.28863],[7.02037,47.2886],[7.02034,47.28859],[7.02009,47.28855],[7.0195,47.28847],[7.01935,47.28844],[7.01899,47.28838],[7.01873,47.28832],[7.01862,47.28829],[7.01833,47.28821],[7.01819,47.28817],[7.01776,47.28809],[7.01622,47.28779],[7.01554,47.2877],[7.01478,47.28759],[7.0143,47.28749],[7.0137,47.28736],[7.01363,47.28734],[7.01316,47.28722],[7.01306,47.28719],[7.0125,47.28702],[7.01248,47.28701],[7.01136,47.28666],[7.00986,47.28623],[7.00918,47.28593],[7.00851,47.28569],[7.00846,47.28568],[7.00812,47.28557],[7.00808,47.28556],[7.00764,47.2854],[7.00762,47.2854],[7.00645,47.285],[7.00637,47.28497],[7.00581,47.28475],[7.00572,47.28472],[7.00498,47.28449],[7.00449,47.28435],[7.00428,47.28429],[7.0037,47.28408],[7.00305,47.28381],[7.00283,47.28374],[7.00234,47.28362],[7.00228,47.2836],[7.00212,47.28357],[7.00202,47.28355],[7.00135,47.28339],[7.00061,47.28341],[7,47.28369],[6.99974,47.28397],[6.99964,47.28433],[6.99976,47.28469],[7.00019,47.28531],[7.00012,47.28588],[7.00043,47.28651],[7.00045,47.28701],[7.00023,47.28732],[6.99964,47.28762],[6.99864,47.28764],[6.99794,47.28774],[6.99756,47.28795],[6.99723,47.28831],[6.99661,47.28864],[6.99599,47.28874],[6.99453,47.28868],[6.99409,47.28855],[6.99332,47.28819],[6.99254,47.28812],[6.99138,47.28846],[6.99036,47.28859],[6.98984,47.28897],[6.9897,47.28931],[6.98987,47.28982],[6.99002,47.28996],[6.99042,47.29018],[6.99159,47.29059],[6.9929,47.29068],[6.99359,47.29082],[6.99394,47.29105],[6.99415,47.29135],[6.99422,47.29188],[6.99419,47.29265],[6.99414,47.29289],[6.99378,47.29345],[6.99347,47.2938],[6.99339,47.29429],[6.99384,47.295],[6.99386,47.29535],[6.99368,47.29567],[6.99332,47.29594],[6.99261,47.29622],[6.99175,47.29647],[6.99029,47.29674],[6.9892,47.29675],[6.98848,47.29671],[6.98792,47.2966],[6.98698,47.29619],[6.98531,47.29576],[6.98376,47.29543],[6.9823,47.29533],[6.98137,47.29543],[6.97934,47.29635],[6.97886,47.29645],[6.97746,47.29639],[6.97678,47.29627],[6.97618,47.29591],[6.97599,47.29551],[6.97594,47.29507],[6.97601,47.29452],[6.97627,47.29362],[6.9762,47.29328],[6.97596,47.29283],[6.97535,47.29214],[6.97495,47.29186],[6.97368,47.29134],[6.97288,47.29127],[6.97236,47.29137],[6.97071,47.29196],[6.96983,47.29236],[6.96935,47.29252],[6.96843,47.29266],[6.9678,47.29258],[6.96624,47.29228],[6.96457,47.29184],[6.96267,47.29146],[6.96194,47.2914],[6.96002,47.29142],[6.95923,47.29158],[6.95852,47.29193],[6.95796,47.29208],[6.95657,47.29229],[6.95335,47.29224],[6.95219,47.29215],[6.9507,47.29194],[6.94967,47.29166],[6.94889,47.29156],[6.94822,47.29127],[6.947,47.2905],[6.94568,47.28948],[6.9445,47.28844],[6.94412,47.2882],[6.94121,47.2868],[6.94083,47.28648],[6.94072,47.28589]]]},"properties":{"bfs_nr":6757,"name":"Saignel\u00e9gier"}},{"type":"Feature","geometry":{"type":"MultiPolygon","coordinates":[[[[7.07181,47.29321],[7.07214,47.29289],[7.07261,47.2927],[7.07392,47.29269],[7.0744,47.29255],[7.07469,47.29238],[7.07493,47.29227],[7.07511,47.29219],[7.07518,47.29216],[7.07551,47.29201],[7.07576,47.29191],[7.07603,47.29182],[7.07633,47.29175],[7.07658,47.29172],[7.07708,47.29176],[7.07753,47.29194],[7.07842,47.29253],[7.07854,47.29268],[7.07862,47.29285],[7.07863,47.2932],[7.07855,47.29341],[7.0783,47.29384],[7.07824,47.29393],[7.07791,47.29441],[7.07775,47.29459],[7.07759,47.29472],[7.07717,47.2949],[7.07643,47.29494],[7.07518,47.29466],[7.07407,47.29451],[7.07334,47.29452],[7.07272,47.29446],[7.07203,47.29418],[7.07177,47.29389],[7.07169,47.29356],[7.07181,47.29321]]],[[[7.07804,47.28248],[7.07837,47.28226],[7.07857,47.28215],[7.0788,47.28207],[7.07923,47.28195],[7.07956,47.28189],[7.07983,47.28188],[7.0803,47.28194],[7.08116,47.28219],[7.08191,47.28232],[7.08222,47.2824],[7.08259,47.28252],[7.08266,47.28254],[7.08297,47.28266],[7.08322,47.28276],[7.08342,47.28286],[7.08393,47.28322],[7.08433,47.28339],[7.08515,47.28358],[7.08666,47.28366],[7.08709,47.28368],[7.08753,47.28369],[7.08952,47.28408],[7.08979,47.28408],[7.09005,47.28406],[7.09029,47.284],[7.09051,47.2839],[7.09071,47.28378],[7.09103,47.28355],[7.09145,47.28338],[7.09194,47.28333],[7.09263,47.28349],[7.09505,47.28442],[7.09573,47.28464],[7.09649,47.28508],[7.09675,47.28537],[7.09683,47.2857],[7.09674,47.2862],[7.097,47.28667],[7.09762,47.28713],[7.09778,47.28746],[7.09774,47.28781],[7.09718,47.28861],[7.09711,47.28877],[7.09708,47.28894],[7.09711,47.28912],[7.0973,47.28943],[7.09746,47.28957],[7.09788,47.28976],[7.09851,47.28993],[7.09876,47.28995],[7.09926,47.28989],[7.09949,47.28982],[7.0997,47.28971],[7.09987,47.28959],[7.1,47.28944],[7.10075,47.28845],[7.10137,47.28812],[7.10185,47.288],[7.10234,47.28801],[7.10455,47.28848],[7.10541,47.28869],[7.10575,47.2888],[7.106,47.2889],[7.10604,47.28891],[7.10692,47.28924],[7.10742,47.2894],[7.10773,47.28952],[7.10803,47.28967],[7.10809,47.2897],[7.10871,47.29001],[7.10927,47.29026],[7.11067,47.29084],[7.11131,47.29107],[7.11209,47.29139],[7.11211,47.2914],[7.11364,47.29205],[7.11386,47.29213],[7.11435,47.29219],[7.11483,47.29213],[7.11505,47.29205],[7.11541,47.29182],[7.11644,47.2906],[7.11706,47.29012],[7.11729,47.28997],[7.11772,47.28981],[7.11796,47.28977],[7.11845,47.2898],[7.11874,47.28987],[7.11928,47.29004],[7.11965,47.29014],[7.12009,47.29028],[7.1203,47.29034],[7.12067,47.29042],[7.12114,47.29057],[7.12128,47.29063],[7.12135,47.29066],[7.1221,47.29094],[7.12215,47.29096],[7.12265,47.29116],[7.12267,47.29117],[7.12315,47.29135],[7.12324,47.29139],[7.12411,47.29176],[7.12487,47.29217],[7.1253,47.29266],[7.12523,47.29319],[7.12495,47.29349],[7.12458,47.29368],[7.12415,47.29411],[7.12409,47.29446],[7.12423,47.29479],[7.12455,47.29507],[7.12536,47.29534],[7.12587,47.29556],[7.12622,47.29577],[7.12679,47.29619],[7.12768,47.29643],[7.12811,47.29663],[7.12838,47.29694],[7.12857,47.29746],[7.12887,47.29773],[7.12929,47.29792],[7.13094,47.29833],[7.13168,47.29864],[7.1325,47.29875],[7.13297,47.2988],[7.1333,47.29886],[7.13446,47.29914],[7.13487,47.29928],[7.1352,47.29945],[7.1354,47.29951],[7.13661,47.29973],[7.13708,47.29996],[7.13735,47.30026],[7.13741,47.30043],[7.13743,47.30065],[7.13735,47.30172],[7.13737,47.30191],[7.13756,47.30225],[7.13794,47.30251],[7.13887,47.30293],[7.14023,47.30363],[7.14046,47.30377],[7.14137,47.3044],[7.14157,47.30457],[7.14171,47.30476],[7.14189,47.30505],[7.14206,47.30538],[7.14208,47.30541],[7.14291,47.30676],[7.14402,47.30869],[7.14413,47.30906],[7.14404,47.30939],[7.14377,47.30967],[7.14259,47.31034],[7.14169,47.31062],[7.14135,47.31087],[7.14117,47.31118],[7.14103,47.31166],[7.14085,47.31195],[7.1408,47.31267],[7.14088,47.31303],[7.14126,47.31355],[7.14176,47.31408],[7.14193,47.3149],[7.14228,47.3155],[7.14245,47.31576],[7.14276,47.31602],[7.14319,47.31619],[7.14378,47.31623],[7.14438,47.31617],[7.145,47.3162],[7.14621,47.31644],[7.14678,47.31665],[7.14748,47.317],[7.14782,47.31722],[7.14847,47.31775],[7.14925,47.3187],[7.14955,47.31918],[7.15015,47.31981],[7.15085,47.32047],[7.15113,47.32096],[7.15206,47.32228],[7.15213,47.32264],[7.15184,47.32317],[7.15177,47.32333],[7.15174,47.3235],[7.15176,47.32366],[7.15208,47.32411],[7.15248,47.32432],[7.15271,47.32438],[7.15285,47.32441],[7.15309,47.32449],[7.15408,47.32512],[7.15439,47.32542],[7.15451,47.32574],[7.15444,47.32607],[7.15432,47.32626],[7.15398,47.32657],[7.15394,47.32659],[7.15375,47.32671],[7.15366,47.32675],[7.15348,47.32686],[7.15334,47.327],[7.15306,47.32734],[7.15269,47.32757],[7.15236,47.32767],[7.15213,47.32777],[7.15177,47.32805],[7.15161,47.3284],[7.15152,47.32901],[7.15149,47.32913],[7.15118,47.33024],[7.15117,47.33028],[7.15103,47.33099],[7.15087,47.33137],[7.15008,47.33254],[7.14951,47.33299],[7.149,47.3331],[7.14798,47.33306],[7.14784,47.33306],[7.14749,47.33306],[7.14734,47.33306],[7.14609,47.33301],[7.14596,47.33301],[7.14529,47.33302],[7.14456,47.33311],[7.1437,47.33326],[7.14359,47.33329],[7.1434,47.33333],[7.14328,47.33337],[7.14261,47.33361],[7.141,47.33452],[7.1408,47.33462],[7.14041,47.3348],[7.14017,47.33489],[7.13994,47.33496],[7.13991,47.33497],[7.13922,47.33519],[7.13906,47.33523],[7.13879,47.3353],[7.13864,47.33533],[7.13662,47.33571],[7.13586,47.33579],[7.13566,47.33578],[7.1354,47.33574],[7.13539,47.33574],[7.13503,47.33562],[7.13471,47.33545],[7.13443,47.33517],[7.13432,47.33499],[7.13424,47.33472],[7.13416,47.3341],[7.13416,47.334],[7.13414,47.33352],[7.13416,47.33334],[7.13421,47.33318],[7.13435,47.33287],[7.13438,47.3328],[7.13459,47.33212],[7.13471,47.33185],[7.1347,47.33185],[7.13476,47.3317],[7.13483,47.33138],[7.13484,47.33114],[7.13475,47.33065],[7.13463,47.33021],[7.1346,47.33012],[7.13453,47.32995],[7.13447,47.32984],[7.13445,47.32981],[7.13432,47.32964],[7.1339,47.32933],[7.13325,47.32905],[7.13251,47.32889],[7.1322,47.32888],[7.13195,47.32891],[7.13149,47.32894],[7.13122,47.32892],[7.13105,47.32889],[7.13088,47.32888],[7.13009,47.32884],[7.12995,47.32883],[7.1294,47.32877],[7.12937,47.32877],[7.12837,47.32866],[7.12815,47.32863],[7.1273,47.32846],[7.12715,47.32844],[7.12708,47.32843],[7.12673,47.32837],[7.12652,47.32832],[7.12611,47.32818],[7.12602,47.32814],[7.12589,47.32809],[7.12541,47.32793],[7.12478,47.32775],[7.12465,47.32772],[7.12443,47.32767],[7.1242,47.32762],[7.12383,47.3275],[7.12372,47.32746],[7.12328,47.32731],[7.12313,47.32726],[7.12292,47.32721],[7.12277,47.32718],[7.1227,47.32716],[7.12247,47.32711],[7.12225,47.32703],[7.12194,47.32691],[7.12166,47.32682],[7.11956,47.32636],[7.11947,47.32634],[7.11834,47.32605],[7.11643,47.32563],[7.11619,47.32556],[7.114,47.32486],[7.11384,47.3248],[7.11242,47.32424],[7.11223,47.32415],[7.1116,47.32383],[7.1114,47.32374],[7.11093,47.32365],[7.10936,47.32355],[7.10912,47.32353],[7.10798,47.32336],[7.10756,47.32326],[7.10585,47.32272],[7.1056,47.32262],[7.10525,47.32237],[7.10504,47.32208],[7.10498,47.32189],[7.10486,47.32124],[7.10452,47.3204],[7.1045,47.32037],[7.10438,47.32012],[7.10438,47.31977],[7.10473,47.31931],[7.10515,47.31911],[7.10603,47.31898],[7.10691,47.31914],[7.10696,47.31915],[7.10711,47.31917],[7.10713,47.31918],[7.10741,47.31919],[7.10795,47.31909],[7.10819,47.31898],[7.10822,47.31896],[7.10843,47.31889],[7.10865,47.31884],[7.10867,47.31883],[7.10891,47.31879],[7.10914,47.31872],[7.10952,47.31848],[7.10965,47.31834],[7.10982,47.31811],[7.10992,47.31791],[7.10995,47.31782],[7.11006,47.31763],[7.11013,47.31754],[7.11022,47.31719],[7.10999,47.3167],[7.10962,47.31645],[7.10914,47.31632],[7.10876,47.31628],[7.10853,47.31626],[7.1083,47.31627],[7.10827,47.31628],[7.1081,47.31627],[7.10784,47.31629],[7.10759,47.31634],[7.10733,47.31638],[7.10528,47.31627],[7.10515,47.31626],[7.10458,47.3162],[7.10451,47.31619],[7.10328,47.31604],[7.10307,47.316],[7.10219,47.31582],[7.10215,47.31581],[7.10126,47.31562],[7.10121,47.31561],[7.10047,47.31543],[7.10025,47.31539],[7.09918,47.31527],[7.09884,47.3152],[7.09859,47.31511],[7.09831,47.31495],[7.09825,47.3149],[7.09803,47.3147],[7.09788,47.31447],[7.09781,47.31431],[7.0978,47.31429],[7.09753,47.31365],[7.09746,47.31342],[7.09756,47.313],[7.09847,47.31138],[7.09858,47.31098],[7.09853,47.31066],[7.09863,47.31032],[7.09911,47.30992],[7.09988,47.30973],[7.1003,47.30953],[7.10059,47.30924],[7.10076,47.30885],[7.1014,47.30812],[7.10151,47.30783],[7.10168,47.30731],[7.10171,47.30711],[7.10173,47.30652],[7.10165,47.30597],[7.10172,47.3056],[7.10185,47.30532],[7.10196,47.30458],[7.10194,47.30441],[7.10187,47.30424],[7.10175,47.30408],[7.10159,47.30394],[7.10139,47.30383],[7.10116,47.30375],[7.10091,47.30369],[7.09952,47.30356],[7.09876,47.30341],[7.09755,47.3033],[7.09687,47.303],[7.09662,47.30267],[7.09626,47.30163],[7.09597,47.30131],[7.09575,47.30119],[7.09524,47.30105],[7.09455,47.30097],[7.09415,47.30079],[7.09392,47.30061],[7.09374,47.30046],[7.09363,47.30038],[7.09342,47.30025],[7.09322,47.30016],[7.09292,47.30005],[7.09241,47.29993],[7.09231,47.2999],[7.09192,47.29978],[7.09189,47.29977],[7.09168,47.29971],[7.09144,47.29961],[7.09125,47.29955],[7.08989,47.2992],[7.08918,47.29895],[7.08845,47.29873],[7.08821,47.29864],[7.08795,47.29854],[7.08743,47.29835],[7.0857,47.29757],[7.08429,47.29705],[7.08417,47.29701],[7.0838,47.29691],[7.08378,47.2969],[7.08356,47.29684],[7.08329,47.29674],[7.08309,47.29663],[7.08282,47.29635],[7.08271,47.29601],[7.08298,47.29537],[7.08299,47.295],[7.08266,47.29406],[7.08277,47.29343],[7.08299,47.29311],[7.08394,47.29252],[7.08408,47.29243],[7.08416,47.29238],[7.08432,47.29224],[7.08443,47.29208],[7.0845,47.29191],[7.08451,47.29174],[7.08448,47.29157],[7.08427,47.29125],[7.08311,47.29041],[7.08288,47.29008],[7.08302,47.2889],[7.08328,47.28857],[7.08495,47.28751],[7.08527,47.28723],[7.08536,47.28706],[7.08538,47.28669],[7.08519,47.28636],[7.08503,47.28622],[7.08457,47.28599],[7.0809,47.28488],[7.07999,47.28469],[7.07951,47.28453],[7.07905,47.28423],[7.07837,47.28399],[7.0781,47.28388],[7.07777,47.28362],[7.0776,47.2833],[7.07758,47.28313],[7.0777,47.2828],[7.07782,47.28265],[7.07804,47.28248]]]]},"properties":{"bfs_nr":6758,"name":"Saint-Brais"}},{"type":"Feature","geometry":{"type":"Polygon","coordinates":[[[7.00914,47.29778],[7.00952,47.29744],[7.00998,47.29728],[7.01024,47.29724],[7.01057,47.29725],[7.01163,47.29733],[7.01166,47.29733],[7.01369,47.29751],[7.01383,47.29751],[7.01618,47.29755],[7.01721,47.2976],[7.01862,47.2976],[7.01881,47.2976],[7.01967,47.29751],[7.01999,47.29745],[7.02042,47.29733],[7.02064,47.29725],[7.021,47.29701],[7.02112,47.29687],[7.02124,47.29654],[7.0211,47.29603],[7.02109,47.29587],[7.02114,47.29561],[7.02148,47.29501],[7.02204,47.29454],[7.02272,47.29422],[7.02334,47.29402],[7.02391,47.29389],[7.02404,47.29386],[7.02435,47.29379],[7.0261,47.29372],[7.02679,47.29376],[7.02706,47.29376],[7.02732,47.29372],[7.02858,47.29346],[7.02933,47.29354],[7.03107,47.29405],[7.03278,47.29448],[7.03354,47.29488],[7.03519,47.29556],[7.03631,47.29598],[7.03671,47.29611],[7.03847,47.29674],[7.03976,47.29726],[7.04007,47.29735],[7.04027,47.29739],[7.04037,47.29741],[7.0412,47.29753],[7.04124,47.29753],[7.04172,47.29759],[7.04201,47.29761],[7.04287,47.2976],[7.04316,47.29765],[7.04439,47.29793],[7.04536,47.29823],[7.04579,47.29831],[7.04754,47.29847],[7.0486,47.29873],[7.04935,47.29889],[7.04988,47.29897],[7.05067,47.29914],[7.05089,47.29915],[7.05122,47.29914],[7.05149,47.29912],[7.05175,47.29906],[7.05234,47.29887],[7.05249,47.29882],[7.05365,47.29832],[7.0537,47.2983],[7.05458,47.29789],[7.05496,47.29775],[7.05614,47.29743],[7.05667,47.29736],[7.0576,47.29745],[7.05796,47.29746],[7.06016,47.29732],[7.06043,47.29731],[7.06223,47.29736],[7.0629,47.29748],[7.06397,47.29783],[7.06446,47.29805],[7.06481,47.29842],[7.0649,47.29857],[7.06518,47.29911],[7.06519,47.29912],[7.06553,47.29976],[7.06563,47.2999],[7.06576,47.30002],[7.06592,47.30013],[7.06611,47.30022],[7.06727,47.30068],[7.06798,47.30102],[7.06927,47.30172],[7.06948,47.30186],[7.06965,47.30202],[7.06984,47.30224],[7.07009,47.30252],[7.0702,47.30316],[7.07022,47.30328],[7.07025,47.3034],[7.07041,47.30383],[7.07049,47.30399],[7.07063,47.30415],[7.0708,47.30428],[7.07101,47.30438],[7.07124,47.30446],[7.07194,47.30457],[7.07277,47.30475],[7.07363,47.30477],[7.07412,47.30493],[7.07448,47.30521],[7.07462,47.30543],[7.07479,47.30581],[7.0748,47.30583],[7.07485,47.30594],[7.07492,47.30605],[7.07498,47.30615],[7.0752,47.3064],[7.0754,47.30675],[7.07566,47.30712],[7.07579,47.30726],[7.07645,47.30788],[7.07735,47.30834],[7.07784,47.30879],[7.07844,47.30921],[7.07933,47.30995],[7.08019,47.31084],[7.08052,47.31129],[7.08079,47.31189],[7.08078,47.31252],[7.08058,47.31287],[7.08018,47.31332],[7.08013,47.31337],[7.07971,47.31379],[7.07951,47.31401],[7.07934,47.31428],[7.07922,47.31462],[7.07911,47.31482],[7.07882,47.3151],[7.0784,47.31528],[7.07791,47.31534],[7.07757,47.31532],[7.07747,47.31531],[7.07492,47.31514],[7.0743,47.31511],[7.07379,47.31521],[7.07339,47.31544],[7.07324,47.31559],[7.07314,47.31576],[7.0731,47.31594],[7.0732,47.31648],[7.07317,47.31667],[7.07307,47.31689],[7.07221,47.31827],[7.07211,47.3184],[7.07198,47.31856],[7.07181,47.31873],[7.07121,47.319],[7.07097,47.31904],[7.0709,47.31904],[7.07076,47.31905],[7.07075,47.31905],[7.07062,47.31907],[7.07051,47.31908],[7.07026,47.31909],[7.0696,47.31904],[7.06935,47.31906],[7.06911,47.31912],[7.06855,47.31944],[7.06843,47.31959],[7.06828,47.31984],[7.06811,47.32002],[7.06783,47.3202],[7.06772,47.32024],[7.06748,47.32035],[7.06718,47.32061],[7.06682,47.32087],[7.06616,47.32123],[7.06591,47.32135],[7.06568,47.32142],[7.0652,47.32146],[7.06473,47.32138],[7.06447,47.32128],[7.06433,47.32121],[7.06409,47.32114],[7.06382,47.32111],[7.06361,47.32109],[7.06312,47.32096],[7.06289,47.32092],[7.06265,47.32091],[7.0623,47.32091],[7.06204,47.32088],[7.06156,47.32071],[7.06138,47.32057],[7.06135,47.32054],[7.06114,47.32037],[7.06035,47.31986],[7.05668,47.31758],[7.0563,47.31734],[7.05587,47.31705],[7.05517,47.31687],[7.05429,47.31683],[7.05397,47.3168],[7.05373,47.3168],[7.05341,47.31681],[7.05312,47.31685],[7.05286,47.31692],[7.0524,47.31719],[7.05237,47.31723],[7.05216,47.31742],[7.05198,47.31753],[7.05177,47.31762],[7.05174,47.31763],[7.05154,47.31769],[7.05136,47.31778],[7.05087,47.31826],[7.05081,47.31844],[7.05081,47.31859],[7.05078,47.31878],[7.05059,47.31911],[7.04999,47.31943],[7.04968,47.3195],[7.04958,47.31951],[7.04939,47.31953],[7.04894,47.31956],[7.04871,47.31956],[7.04728,47.31954],[7.0471,47.31953],[7.04664,47.31949],[7.04633,47.31945],[7.04587,47.31937],[7.04541,47.31934],[7.04479,47.31947],[7.04423,47.3198],[7.04404,47.32011],[7.0441,47.32061],[7.04421,47.32076],[7.04438,47.32094],[7.04447,47.32103],[7.04448,47.32104],[7.04464,47.32121],[7.04479,47.32152],[7.04479,47.32173],[7.04472,47.3225],[7.04466,47.32273],[7.04454,47.32294],[7.04408,47.32357],[7.04351,47.32473],[7.04338,47.32493],[7.04324,47.32508],[7.04284,47.32529],[7.0426,47.32535],[7.04228,47.32539],[7.04078,47.32548],[7.03694,47.32586],[7.03649,47.32597],[7.03592,47.32627],[7.03474,47.32702],[7.03461,47.32716],[7.03447,47.32736],[7.03389,47.32771],[7.03339,47.32779],[7.0318,47.32765],[7.0311,47.32739],[7.0304,47.32691],[7.02765,47.32642],[7.02604,47.32616],[7.02318,47.32592],[7.02125,47.3257],[7.02042,47.32566],[7.01878,47.32544],[7.01801,47.32544],[7.01635,47.32537],[7.01557,47.3253],[7.01461,47.32512],[7.01353,47.32497],[7.01263,47.32476],[7.01084,47.32459],[7.01039,47.32442],[7.00998,47.32397],[7.0096,47.32124],[7.00985,47.32073],[7.01026,47.32048],[7.01084,47.32036],[7.01232,47.32025],[7.01278,47.32016],[7.01316,47.31995],[7.01354,47.31954],[7.0143,47.31828],[7.01494,47.31766],[7.01535,47.31693],[7.01556,47.31629],[7.01604,47.31531],[7.01616,47.31454],[7.01596,47.31378],[7.01574,47.31326],[7.01534,47.31262],[7.01482,47.31148],[7.01435,47.31092],[7.01381,47.30996],[7.01341,47.30941],[7.01303,47.30917],[7.01229,47.30895],[7.01148,47.30855],[7.01101,47.30807],[7.01072,47.30742],[7.01053,47.30641],[7.01049,47.30566],[7.01002,47.30419],[7.00988,47.30319],[7.00977,47.30284],[7.00925,47.30226],[7.00849,47.3016],[7.00835,47.30125],[7.00842,47.30088],[7.00869,47.30057],[7.00927,47.30024],[7.00954,47.29996],[7.00962,47.29946],[7.00941,47.29899],[7.00905,47.2985],[7.00903,47.29796],[7.00914,47.29778]]]},"properties":{"bfs_nr":6759,"name":"Soubey"}},{"type":"Feature","geometry":{"type":"Polygon","coordinates":[[[7.09995,47.43465],[7.10007,47.43387],[7.10007,47.43385],[7.10017,47.4331],[7.1002,47.43296],[7.10021,47.43293],[7.10021,47.4329],[7.10031,47.43246],[7.10033,47.43236],[7.10038,47.43192],[7.10043,47.43069],[7.10043,47.43068],[7.10056,47.42838],[7.10061,47.42813],[7.10075,47.4279],[7.10105,47.42751],[7.10272,47.42542],[7.10274,47.42538],[7.10311,47.42487],[7.10313,47.42484],[7.10372,47.42393],[7.10374,47.4239],[7.10415,47.42331],[7.10479,47.42236],[7.1048,47.42235],[7.10506,47.42196],[7.10516,47.42173],[7.10547,47.4204],[7.10563,47.41974],[7.10571,47.41954],[7.10603,47.41915],[7.10615,47.4188],[7.10614,47.4184],[7.10604,47.41808],[7.10606,47.41786],[7.10641,47.41632],[7.10661,47.41594],[7.10698,47.41568],[7.10753,47.41552],[7.10785,47.41548],[7.10801,47.41546],[7.10815,47.41545],[7.10831,47.41544],[7.10853,47.41543],[7.10904,47.4154],[7.10924,47.4154],[7.10955,47.4154],[7.10984,47.41541],[7.1103,47.41546],[7.11042,47.41547],[7.11144,47.41551],[7.11151,47.41552],[7.11259,47.41553],[7.11285,47.41554],[7.114,47.41566],[7.1145,47.41565],[7.11496,47.41551],[7.11531,47.41527],[7.11563,47.41472],[7.11621,47.41435],[7.11679,47.41425],[7.1194,47.41418],[7.11972,47.41419],[7.12018,47.4143],[7.12069,47.41449],[7.12217,47.41474],[7.12473,47.41496],[7.125,47.41496],[7.12526,47.41493],[7.12551,47.41487],[7.12573,47.41477],[7.12607,47.41449],[7.12617,47.41433],[7.12622,47.41415],[7.12629,47.41368],[7.12635,47.41347],[7.12659,47.41315],[7.127,47.41293],[7.1273,47.41285],[7.12806,47.4127],[7.12832,47.41263],[7.12854,47.41252],[7.12897,47.41215],[7.1296,47.41112],[7.12993,47.41085],[7.13039,47.41068],[7.13091,47.41065],[7.13147,47.41078],[7.13409,47.41179],[7.13456,47.4119],[7.13505,47.41188],[7.13584,47.4117],[7.13635,47.41172],[7.13704,47.41202],[7.14209,47.4159],[7.14252,47.41649],[7.14302,47.41696],[7.14316,47.41717],[7.14324,47.41735],[7.1433,47.41754],[7.14336,47.4178],[7.14342,47.41797],[7.14397,47.41902],[7.14406,47.41917],[7.14419,47.41929],[7.14496,47.41992],[7.14497,47.41994],[7.14622,47.42093],[7.14741,47.4217],[7.14776,47.42201],[7.14858,47.42296],[7.14939,47.42351],[7.14999,47.42407],[7.15038,47.42455],[7.15068,47.42479],[7.15142,47.42511],[7.15208,47.42551],[7.15232,47.42582],[7.15237,47.42618],[7.15229,47.4264],[7.15163,47.42776],[7.15162,47.42831],[7.15197,47.42884],[7.15202,47.42914],[7.15199,47.42931],[7.15144,47.43131],[7.15144,47.43133],[7.15124,47.43198],[7.15122,47.43211],[7.15119,47.43246],[7.15113,47.4327],[7.15077,47.43325],[7.1502,47.43494],[7.15019,47.43532],[7.1504,47.43566],[7.15101,47.4362],[7.15109,47.43652],[7.15098,47.43707],[7.15106,47.43739],[7.15116,47.43753],[7.15134,47.43773],[7.15136,47.43776],[7.15195,47.43848],[7.15196,47.43849],[7.15211,47.43868],[7.15223,47.43887],[7.15229,47.43921],[7.15216,47.43953],[7.15126,47.44037],[7.15082,47.44055],[7.14955,47.44071],[7.14846,47.44064],[7.14786,47.44039],[7.14741,47.44029],[7.14659,47.44025],[7.14604,47.44037],[7.14555,47.44065],[7.14507,47.44081],[7.14481,47.44083],[7.14447,47.44082],[7.14367,47.44073],[7.14364,47.44073],[7.14297,47.44064],[7.1429,47.44064],[7.14209,47.44052],[7.14206,47.44051],[7.1411,47.44036],[7.14106,47.44036],[7.14036,47.44026],[7.14034,47.44026],[7.13958,47.44017],[7.1388,47.44009],[7.13772,47.44001],[7.1375,47.44],[7.13708,47.44],[7.13662,47.43996],[7.13656,47.43996],[7.13594,47.4399],[7.13591,47.4399],[7.13556,47.43986],[7.13552,47.43985],[7.13474,47.43976],[7.13471,47.43976],[7.13434,47.43971],[7.13429,47.4397],[7.13195,47.43938],[7.13101,47.43928],[7.13074,47.43927],[7.13048,47.4393],[7.13023,47.43936],[7.13,47.43946],[7.12955,47.4399],[7.12827,47.44259],[7.12779,47.44308],[7.1275,47.4432],[7.12668,47.44346],[7.12661,47.44348],[7.12543,47.44383],[7.12526,47.44389],[7.1251,47.44397],[7.12491,47.44408],[7.12422,47.44442],[7.12419,47.44443],[7.12379,47.44462],[7.12353,47.44474],[7.12323,47.44485],[7.12297,47.44491],[7.1221,47.44483],[7.12152,47.44464],[7.12146,47.44463],[7.12116,47.44455],[7.1211,47.44453],[7.12007,47.44422],[7.1198,47.44416],[7.11952,47.44414],[7.11924,47.44416],[7.11807,47.44432],[7.11758,47.44427],[7.11736,47.4442],[7.11711,47.44407],[7.11674,47.44385],[7.11658,47.44377],[7.11641,47.44371],[7.11572,47.4435],[7.11569,47.44349],[7.11485,47.44325],[7.11467,47.44318],[7.11378,47.44284],[7.11353,47.44271],[7.11304,47.44233],[7.11235,47.44198],[7.11212,47.44188],[7.10966,47.44108],[7.10785,47.44052],[7.10753,47.44038],[7.10726,47.4402],[7.10674,47.43976],[7.10673,47.43976],[7.10563,47.43881],[7.10555,47.43874],[7.10444,47.43765],[7.10411,47.43743],[7.10263,47.43672],[7.10259,47.4367],[7.10103,47.43591],[7.10079,47.43576],[7.10035,47.43545],[7.10013,47.43526],[7.09995,47.43465]]]},"properties":{"bfs_nr":6771,"name":"Alle"}},{"type":"Feature","geometry":{"type":"Polygon","coordinates":[[[6.98612,47.49176],[6.98614,47.49124],[6.98698,47.49014],[6.98775,47.48837],[6.98854,47.48708],[6.98864,47.4867],[6.98854,47.48478],[6.98851,47.48305],[6.98859,47.48117],[6.98852,47.48087],[6.98715,47.4779],[6.98662,47.47701],[6.98649,47.47665],[6.98655,47.47625],[6.98712,47.47556],[6.98792,47.47479],[6.98834,47.47401],[6.98856,47.47319],[6.98889,47.47291],[6.99007,47.47246],[6.99134,47.47218],[6.99232,47.47175],[6.99295,47.47115],[6.99303,47.47083],[6.99284,47.47036],[6.9915,47.46892],[6.99097,47.46791],[6.99091,47.46752],[6.99117,47.46694],[6.99151,47.46666],[6.99198,47.4665],[6.99257,47.46648],[6.99475,47.4667],[6.99778,47.46703],[6.99998,47.4672],[7.00047,47.46738],[7.00084,47.46773],[7.00153,47.46875],[7.00194,47.46951],[7.00202,47.4697],[7.00204,47.4699],[7.00204,47.4707],[7.00206,47.47088],[7.00214,47.47104],[7.00265,47.4719],[7.00276,47.47205],[7.00292,47.47218],[7.00338,47.47251],[7.00361,47.47272],[7.00376,47.47296],[7.00412,47.47375],[7.00422,47.47392],[7.00436,47.47406],[7.00454,47.47419],[7.005,47.47435],[7.00525,47.47439],[7.00543,47.4744],[7.00568,47.47443],[7.00579,47.47444],[7.00654,47.47449],[7.00659,47.4745],[7.00743,47.47457],[7.00744,47.47457],[7.00848,47.47466],[7.0085,47.47466],[7.00939,47.47473],[7.00952,47.47473],[7.01065,47.47474],[7.01163,47.47484],[7.01243,47.47485],[7.01295,47.47492],[7.01439,47.47524],[7.01469,47.47533],[7.0149,47.47543],[7.01522,47.47571],[7.01532,47.47588],[7.01535,47.47623],[7.01528,47.47644],[7.01521,47.47658],[7.0152,47.47661],[7.0149,47.47718],[7.01483,47.47737],[7.01482,47.47757],[7.01497,47.47879],[7.01501,47.47895],[7.01508,47.4791],[7.0152,47.47923],[7.0159,47.47994],[7.01604,47.48005],[7.0162,47.48015],[7.01694,47.48054],[7.01696,47.48055],[7.01789,47.48101],[7.01862,47.48135],[7.01892,47.48164],[7.019,47.48181],[7.01903,47.48203],[7.01905,47.48291],[7.01911,47.48318],[7.01965,47.48437],[7.01993,47.48492],[7.01995,47.48497],[7.02032,47.4856],[7.02054,47.48596],[7.02069,47.4864],[7.02099,47.48679],[7.02121,47.48736],[7.02133,47.48752],[7.0215,47.48765],[7.02169,47.48776],[7.02192,47.48785],[7.02216,47.4879],[7.02402,47.48817],[7.02419,47.48818],[7.02578,47.48827],[7.02605,47.48827],[7.02659,47.48818],[7.02708,47.4882],[7.02752,47.48833],[7.02776,47.48847],[7.02927,47.4895],[7.02943,47.48963],[7.03026,47.49035],[7.03041,47.4905],[7.03095,47.49113],[7.03109,47.49126],[7.03211,47.49208],[7.03263,47.49249],[7.0329,47.49274],[7.03306,47.49293],[7.03318,47.49313],[7.03368,47.49374],[7.03369,47.49375],[7.03388,47.49399],[7.03406,47.49415],[7.03453,47.49451],[7.03505,47.49479],[7.03525,47.49493],[7.03544,47.49512],[7.03558,47.49529],[7.03561,47.49534],[7.03589,47.49573],[7.03594,47.49579],[7.03643,47.49658],[7.03687,47.49712],[7.03693,47.49756],[7.03673,47.49859],[7.03645,47.49891],[7.03574,47.49917],[7.03432,47.4992],[7.0339,47.4993],[7.0319,47.5],[7.03073,47.50049],[7.02926,47.50139],[7.02876,47.50153],[7.02776,47.50155],[7.02727,47.50173],[7.02634,47.50248],[7.02531,47.5038],[7.02494,47.50412],[7.02414,47.50433],[7.02166,47.50446],[7.01999,47.50437],[7.01895,47.50413],[7.01766,47.50372],[7.01646,47.50364],[7.01486,47.50333],[7.01342,47.50292],[7.0104,47.50221],[7.00675,47.50138],[7.00485,47.50101],[7.00366,47.50072],[7.00119,47.49997],[7.00058,47.49963],[7.00026,47.49913],[6.99989,47.49885],[6.99934,47.49859],[6.99591,47.49732],[6.9933,47.49651],[6.99072,47.49579],[6.98852,47.49494],[6.98809,47.49472],[6.98634,47.49352],[6.98602,47.49321],[6.98592,47.49288],[6.98619,47.4921],[6.98612,47.49176]]]},"properties":{"bfs_nr":6774,"name":"Boncourt"}},{"type":"Feature","geometry":{"type":"Polygon","coordinates":[[[6.96607,47.4375],[6.96454,47.4364],[6.96416,47.43587],[6.96419,47.43551],[6.96447,47.43515],[6.96603,47.43383],[6.96618,47.43371],[6.96807,47.43244],[6.96825,47.43229],[6.96873,47.43172],[6.96917,47.43151],[6.96981,47.43137],[6.97036,47.43099],[6.97152,47.42961],[6.97172,47.42929],[6.97213,47.42885],[6.97227,47.42865],[6.97291,47.42744],[6.97316,47.42712],[6.97377,47.42653],[6.97384,47.42646],[6.97413,47.42612],[6.97422,47.42598],[6.97435,47.42575],[6.97449,47.42555],[6.97526,47.42483],[6.97572,47.42447],[6.9759,47.4243],[6.97708,47.42284],[6.97716,47.42271],[6.97722,47.42257],[6.97746,47.42181],[6.97748,47.42158],[6.97828,47.41898],[6.97861,47.41824],[6.97889,47.41795],[6.9793,47.41776],[6.97986,47.41768],[6.98299,47.41764],[6.98541,47.41743],[6.98729,47.41751],[6.98757,47.4175],[6.98789,47.41748],[6.98834,47.41747],[6.99099,47.41772],[6.99135,47.41778],[6.99163,47.41784],[6.99183,47.41792],[6.99206,47.41805],[6.99229,47.41822],[6.99244,47.41833],[6.99332,47.41914],[6.99375,47.41935],[6.9948,47.41959],[6.99552,47.41984],[6.99601,47.4199],[6.9965,47.41982],[6.99727,47.41952],[6.99777,47.41948],[6.99907,47.41971],[6.99948,47.41993],[6.99987,47.42039],[7.00028,47.42069],[7.00057,47.42123],[7.00079,47.42308],[7.00082,47.42393],[7.00086,47.42412],[7.00096,47.4243],[7.00111,47.42447],[7.00131,47.42461],[7.00252,47.42527],[7.0027,47.42535],[7.0029,47.42542],[7.00416,47.42572],[7.00417,47.42573],[7.00532,47.426],[7.00565,47.4261],[7.0093,47.4275],[7.00954,47.42757],[7.01295,47.42833],[7.01298,47.42833],[7.0165,47.42905],[7.0205,47.42995],[7.02389,47.43067],[7.0248,47.43078],[7.02551,47.4311],[7.02581,47.4314],[7.02591,47.43175],[7.02553,47.43256],[7.02302,47.44483],[7.02312,47.4453],[7.02353,47.44579],[7.02403,47.44614],[7.02474,47.44634],[7.02529,47.44674],[7.02542,47.4471],[7.0254,47.44729],[7.0253,47.44751],[7.02267,47.45187],[7.02244,47.45214],[7.02192,47.45264],[7.02178,47.45275],[7.02007,47.45404],[7.0191,47.45481],[7.01889,47.45495],[7.01843,47.45522],[7.01828,47.45532],[7.01681,47.45651],[7.0168,47.45651],[7.01657,47.45671],[7.01639,47.45685],[7.01601,47.45729],[7.01476,47.45804],[7.01276,47.4587],[7.01186,47.45891],[7.01134,47.45904],[7.01113,47.45911],[7.01094,47.45921],[7.01064,47.45946],[7.01043,47.45974],[7.01005,47.45999],[7.00975,47.46009],[7.00916,47.46024],[7.00805,47.46055],[7.00724,47.46082],[7.00539,47.46162],[7.00512,47.46172],[7.00464,47.46179],[7.00387,47.46173],[7.00281,47.46183],[7.00213,47.46178],[7.00116,47.46178],[7.00037,47.46154],[6.99943,47.46101],[6.99842,47.46025],[6.99826,47.45995],[6.99813,47.45885],[6.99778,47.45715],[6.99789,47.45681],[6.99818,47.45652],[6.99894,47.45627],[7.00061,47.45607],[7.00127,47.45585],[7.00157,47.45559],[7.00195,47.45473],[7.00193,47.45422],[7.00151,47.45379],[6.99929,47.45257],[6.99898,47.45235],[6.99607,47.44981],[6.99561,47.44956],[6.99307,47.44871],[6.99033,47.44801],[6.988,47.44778],[6.98762,47.44778],[6.98426,47.44817],[6.98389,47.44825],[6.98155,47.44904],[6.98124,47.44912],[6.98038,47.44909],[6.97645,47.44814],[6.97525,47.44779],[6.97438,47.44773],[6.97389,47.44757],[6.97343,47.4473],[6.97275,47.44716],[6.97129,47.44713],[6.97069,47.44704],[6.97026,47.44681],[6.96997,47.44645],[6.96876,47.44373],[6.96789,47.44115],[6.96638,47.43785],[6.96607,47.4375]]]},"properties":{"bfs_nr":6778,"name":"Bure"}},{"type":"Feature","geometry":{"type":"Polygon","coordinates":[[[7.06864,47.45078],[7.06862,47.45004],[7.06874,47.44978],[7.06875,47.44975],[7.06909,47.44911],[7.06911,47.44907],[7.06952,47.44817],[7.06988,47.44705],[7.07011,47.44461],[7.07011,47.4445],[7.07007,47.44389],[7.07004,47.44374],[7.06997,47.44358],[7.06951,47.44287],[7.06949,47.44283],[7.06908,47.44213],[7.069,47.44193],[7.069,47.44158],[7.06921,47.44123],[7.06958,47.44098],[7.07007,47.44085],[7.07054,47.4408],[7.07082,47.44072],[7.07192,47.44028],[7.07415,47.43928],[7.07454,47.43921],[7.07578,47.43908],[7.07605,47.43906],[7.07674,47.43906],[7.07686,47.43906],[7.07749,47.43908],[7.0775,47.43908],[7.07785,47.43912],[7.07877,47.43943],[7.07969,47.43966],[7.08135,47.43986],[7.08305,47.44001],[7.08351,47.43997],[7.08475,47.43951],[7.08546,47.4393],[7.08547,47.4393],[7.08587,47.43917],[7.08611,47.43908],[7.08632,47.43895],[7.08693,47.43847],[7.08706,47.43836],[7.08715,47.43823],[7.08737,47.43787],[7.08741,47.43781],[7.08766,47.43731],[7.08812,47.43654],[7.08839,47.43621],[7.08894,47.43576],[7.08942,47.43556],[7.09033,47.43534],[7.09047,47.4353],[7.09182,47.43483],[7.0921,47.43476],[7.09265,47.43472],[7.09392,47.4348],[7.09413,47.43482],[7.09561,47.43502],[7.0959,47.43503],[7.09619,47.43501],[7.09646,47.43494],[7.09689,47.4348],[7.0971,47.43472],[7.09753,47.43448],[7.09806,47.43437],[7.0986,47.43442],[7.09912,47.43464],[7.09992,47.43514],[7.10083,47.43579],[7.10099,47.43588],[7.1026,47.4367],[7.10262,47.43672],[7.10407,47.43741],[7.10447,47.43768],[7.10557,47.43875],[7.10562,47.4388],[7.10674,47.43976],[7.10731,47.44024],[7.10752,47.44039],[7.10778,47.44049],[7.10965,47.44108],[7.10967,47.44109],[7.11206,47.44186],[7.11241,47.442],[7.1129,47.44229],[7.11325,47.44259],[7.11344,47.4427],[7.11376,47.44284],[7.11383,47.44287],[7.1147,47.4432],[7.11482,47.44324],[7.1157,47.44349],[7.11573,47.4435],[7.11636,47.4437],[7.11658,47.44378],[7.11677,47.44388],[7.11715,47.4441],[7.11736,47.4442],[7.11758,47.44427],[7.11807,47.44433],[7.11917,47.44417],[7.1198,47.44417],[7.12013,47.44424],[7.12111,47.44453],[7.12175,47.44472],[7.12224,47.44495],[7.12251,47.44527],[7.12257,47.44563],[7.12251,47.44585],[7.12207,47.44686],[7.12206,47.44689],[7.12188,47.44726],[7.12186,47.44732],[7.12141,47.44859],[7.12139,47.44894],[7.12166,47.4502],[7.12169,47.4503],[7.12235,47.45195],[7.12251,47.45245],[7.1226,47.45262],[7.12278,47.45291],[7.12289,47.45311],[7.12293,47.45346],[7.12319,47.45394],[7.12324,47.45428],[7.1231,47.45463],[7.12302,47.45524],[7.12298,47.45624],[7.12297,47.4563],[7.12286,47.45729],[7.12286,47.4573],[7.12277,47.45807],[7.12276,47.45812],[7.12269,47.45851],[7.12268,47.45856],[7.12205,47.46126],[7.12185,47.46164],[7.12147,47.4619],[7.12124,47.46199],[7.12071,47.46205],[7.12038,47.46203],[7.11894,47.46181],[7.11883,47.4618],[7.11858,47.46178],[7.11833,47.46179],[7.11808,47.46184],[7.11766,47.46202],[7.11736,47.46229],[7.11723,47.46262],[7.11734,47.46317],[7.11725,47.46352],[7.11696,47.46382],[7.11647,47.46411],[7.11572,47.46469],[7.11533,47.4649],[7.115,47.46505],[7.11476,47.46513],[7.11443,47.46522],[7.11387,47.46524],[7.1133,47.46515],[7.11271,47.46523],[7.11044,47.46587],[7.10962,47.46594],[7.10888,47.4658],[7.10834,47.46586],[7.10715,47.46614],[7.10639,47.46619],[7.10456,47.46681],[7.10375,47.46681],[7.10332,47.46671],[7.10247,47.46662],[7.10218,47.46664],[7.10019,47.46699],[7.0992,47.46722],[7.099,47.46726],[7.09871,47.4673],[7.09828,47.46734],[7.09751,47.46735],[7.097,47.46745],[7.09604,47.46743],[7.09471,47.46734],[7.09459,47.46733],[7.0937,47.46732],[7.09369,47.46732],[7.09269,47.46732],[7.09231,47.46735],[7.09131,47.46754],[7.09099,47.46758],[7.09067,47.46758],[7.08961,47.4675],[7.08835,47.46741],[7.08831,47.46741],[7.0854,47.46717],[7.0852,47.46715],[7.08415,47.46698],[7.08309,47.46706],[7.08171,47.46695],[7.08094,47.46698],[7.08033,47.46686],[7.07863,47.46627],[7.07658,47.4659],[7.07458,47.46526],[7.07364,47.46494],[7.07363,47.46494],[7.07291,47.4647],[7.07269,47.46464],[7.07246,47.46461],[7.07223,47.46461],[7.07168,47.46464],[7.07165,47.46464],[7.07095,47.46467],[7.07053,47.46468],[7.07004,47.46461],[7.06964,47.46441],[7.06936,47.46413],[7.06929,47.46397],[7.06925,47.46376],[7.06923,47.4628],[7.06927,47.46253],[7.06941,47.46228],[7.07046,47.4609],[7.07099,47.46016],[7.07244,47.45862],[7.07247,47.45859],[7.07318,47.45788],[7.07319,47.45787],[7.07381,47.45721],[7.07393,47.45706],[7.07478,47.45565],[7.07485,47.45509],[7.07439,47.45443],[7.07315,47.4534],[7.0724,47.45299],[7.07102,47.45241],[7.06914,47.45169],[7.06883,47.45144],[7.06864,47.45078]]]},"properties":{"bfs_nr":6781,"name":"Coeuve"}},{"type":"Feature","geometry":{"type":"Polygon","coordinates":[[[7.13644,47.41052],[7.13692,47.41003],[7.13697,47.40998],[7.13715,47.40982],[7.1372,47.40978],[7.1374,47.40962],[7.13744,47.40958],[7.13764,47.40943],[7.13767,47.40941],[7.13862,47.4087],[7.13866,47.40868],[7.13887,47.40853],[7.13905,47.40841],[7.13909,47.40838],[7.13931,47.40824],[7.13935,47.40822],[7.13955,47.4081],[7.13958,47.40808],[7.14002,47.40783],[7.1426,47.40655],[7.14293,47.40632],[7.14314,47.40585],[7.14285,47.40491],[7.14285,47.40454],[7.1431,47.40417],[7.1466,47.40082],[7.14703,47.40053],[7.14755,47.40039],[7.14799,47.40016],[7.1486,47.39969],[7.14907,47.39952],[7.15009,47.39926],[7.15062,47.39901],[7.15129,47.39885],[7.15174,47.39863],[7.1519,47.39847],[7.15211,47.39822],[7.15221,47.39808],[7.15241,47.39769],[7.15249,47.39739],[7.15243,47.39682],[7.15251,47.3966],[7.15265,47.39634],[7.15267,47.3963],[7.15322,47.39534],[7.15365,47.39458],[7.15365,47.39457],[7.1544,47.39321],[7.15531,47.39223],[7.1562,47.39156],[7.15633,47.39145],[7.15656,47.39112],[7.15731,47.39066],[7.15803,47.38987],[7.15855,47.38963],[7.15874,47.38951],[7.15965,47.38879],[7.15983,47.38861],[7.1605,47.38778],[7.16375,47.38491],[7.16437,47.38436],[7.16439,47.38434],[7.16471,47.38406],[7.16483,47.38394],[7.1653,47.3834],[7.16567,47.38318],[7.16613,47.38307],[7.16685,47.38313],[7.16712,47.38324],[7.16716,47.38326],[7.16732,47.38332],[7.16784,47.38349],[7.16818,47.38357],[7.16949,47.38375],[7.17174,47.38418],[7.17284,47.38445],[7.17287,47.38446],[7.17357,47.38461],[7.17403,47.38472],[7.17427,47.38477],[7.17452,47.38478],[7.1748,47.38481],[7.17512,47.38491],[7.17729,47.38572],[7.17818,47.38615],[7.17828,47.38619],[7.17969,47.38675],[7.18053,47.38705],[7.18138,47.38743],[7.18214,47.38785],[7.18285,47.38817],[7.18325,47.38832],[7.18358,47.38845],[7.18413,47.38873],[7.18422,47.38877],[7.18488,47.38914],[7.18499,47.3892],[7.18546,47.38941],[7.18557,47.38946],[7.18584,47.38958],[7.18602,47.38971],[7.1863,47.39019],[7.18624,47.39054],[7.18612,47.39074],[7.18545,47.39155],[7.18535,47.39171],[7.18487,47.39271],[7.18485,47.39274],[7.18414,47.39443],[7.18409,47.39476],[7.18424,47.39509],[7.18461,47.39544],[7.1848,47.39596],[7.1846,47.39666],[7.18436,47.39708],[7.18401,47.39733],[7.18335,47.39755],[7.18262,47.39801],[7.18239,47.39831],[7.18234,47.39865],[7.1828,47.39932],[7.18289,47.39952],[7.18301,47.39989],[7.18307,47.40003],[7.18382,47.40135],[7.18393,47.40174],[7.18382,47.40208],[7.18285,47.40305],[7.18219,47.40401],[7.1813,47.4056],[7.18073,47.40721],[7.18065,47.40738],[7.18016,47.40827],[7.17909,47.41021],[7.17851,47.41133],[7.17848,47.41139],[7.17785,47.41244],[7.17697,47.41325],[7.17611,47.41466],[7.17605,47.41476],[7.17536,47.41569],[7.1752,47.41587],[7.17483,47.41609],[7.17428,47.41624],[7.17385,47.41648],[7.1737,47.41664],[7.17301,47.41759],[7.17298,47.41764],[7.17234,47.41843],[7.17218,47.4186],[7.17202,47.41871],[7.1717,47.41889],[7.17117,47.4194],[7.17054,47.41984],[7.16979,47.42041],[7.16978,47.42042],[7.16904,47.42097],[7.16879,47.42113],[7.16849,47.42124],[7.16634,47.42189],[7.16626,47.42191],[7.16493,47.42226],[7.16364,47.42263],[7.16293,47.42289],[7.16234,47.42331],[7.16165,47.42368],[7.1616,47.42371],[7.16122,47.42395],[7.16095,47.42409],[7.16071,47.42419],[7.15964,47.42444],[7.1585,47.42475],[7.15824,47.42479],[7.15797,47.42482],[7.15734,47.4249],[7.1569,47.42491],[7.15676,47.42491],[7.15635,47.4249],[7.15615,47.42491],[7.15352,47.42514],[7.15209,47.42523],[7.15164,47.42515],[7.15063,47.42466],[7.14945,47.42355],[7.14859,47.42295],[7.14771,47.42195],[7.14748,47.42175],[7.1462,47.42091],[7.14497,47.41993],[7.14495,47.41992],[7.14423,47.41933],[7.14407,47.41916],[7.14395,47.41899],[7.14344,47.41802],[7.14335,47.41776],[7.14329,47.41751],[7.14325,47.41738],[7.14312,47.41709],[7.14305,47.41696],[7.14241,47.41615],[7.13657,47.41166],[7.13629,47.41135],[7.13621,47.41102],[7.13644,47.41052]]]},"properties":{"bfs_nr":6782,"name":"Cornol"}},{"type":"Feature","geometry":{"type":"Polygon","coordinates":[[[7.0233,47.44346],[7.02548,47.43276],[7.02582,47.43224],[7.02695,47.43162],[7.02875,47.43026],[7.02879,47.43022],[7.02889,47.43013],[7.02897,47.43006],[7.02903,47.43],[7.02914,47.42987],[7.02921,47.42973],[7.02926,47.42957],[7.02927,47.42941],[7.02926,47.42937],[7.02925,47.42929],[7.02919,47.42903],[7.02925,47.42869],[7.02948,47.4284],[7.02991,47.42816],[7.03176,47.4275],[7.03261,47.42738],[7.03306,47.42744],[7.03502,47.42748],[7.03529,47.42747],[7.03555,47.42742],[7.03579,47.42733],[7.036,47.42722],[7.03722,47.42642],[7.03746,47.4263],[7.0379,47.42618],[7.0382,47.42615],[7.03842,47.42615],[7.03845,47.42615],[7.03923,47.42615],[7.03951,47.42616],[7.04014,47.4263],[7.04075,47.42648],[7.04101,47.42658],[7.04151,47.42689],[7.04303,47.42796],[7.04357,47.42822],[7.0445,47.42852],[7.04465,47.42856],[7.04472,47.42858],[7.04485,47.42861],[7.04515,47.42866],[7.04534,47.42871],[7.04691,47.42918],[7.04728,47.42932],[7.04789,47.42959],[7.04791,47.4296],[7.04833,47.42978],[7.04945,47.43025],[7.04946,47.43026],[7.05053,47.43069],[7.05061,47.43072],[7.05079,47.43079],[7.05097,47.43084],[7.05112,47.43087],[7.0513,47.4309],[7.05141,47.43092],[7.05159,47.43093],[7.05184,47.43094],[7.0523,47.43094],[7.05449,47.43115],[7.0545,47.43115],[7.05539,47.43123],[7.05566,47.43124],[7.05593,47.43121],[7.05619,47.43113],[7.05661,47.43089],[7.05696,47.4304],[7.05752,47.43005],[7.05802,47.42996],[7.05852,47.43001],[7.05897,47.43019],[7.05939,47.43047],[7.06049,47.43085],[7.06101,47.43089],[7.06161,47.43079],[7.06212,47.43079],[7.06259,47.43093],[7.06345,47.43165],[7.06385,47.43245],[7.06471,47.43331],[7.06478,47.434],[7.06492,47.43432],[7.06522,47.43459],[7.06572,47.43488],[7.06587,47.43497],[7.06656,47.43527],[7.06698,47.43554],[7.06719,47.43586],[7.0672,47.43621],[7.06701,47.43653],[7.06685,47.43667],[7.06643,47.4369],[7.06617,47.43705],[7.06599,47.43718],[7.0655,47.4376],[7.06535,47.43777],[7.06526,47.43795],[7.06522,47.43814],[7.06521,47.4386],[7.06523,47.43877],[7.06531,47.43894],[7.06543,47.4391],[7.06576,47.43945],[7.06599,47.43963],[7.06665,47.44002],[7.0668,47.4401],[7.06709,47.44023],[7.06734,47.44032],[7.06812,47.44053],[7.06862,47.44074],[7.06892,47.44103],[7.06902,47.44138],[7.06897,47.44176],[7.06899,47.44193],[7.06906,47.44209],[7.06949,47.44284],[7.06951,47.44286],[7.06994,47.44355],[7.07003,47.44374],[7.07007,47.44393],[7.07011,47.44464],[7.06989,47.44702],[7.06951,47.44819],[7.06912,47.44906],[7.06909,47.44912],[7.06906,47.44916],[7.06893,47.44936],[7.06878,47.4495],[7.06837,47.44971],[7.06788,47.44979],[7.06762,47.44979],[7.06731,47.44974],[7.06673,47.44961],[7.06656,47.44956],[7.06584,47.44935],[7.06567,47.44929],[7.06536,47.44917],[7.06505,47.44903],[7.06448,47.4487],[7.06398,47.44852],[7.06221,47.44819],[7.06166,47.44794],[7.06046,47.44775],[7.06004,47.44755],[7.05949,47.44686],[7.05854,47.44633],[7.05781,47.44627],[7.05735,47.44639],[7.05683,47.44663],[7.05606,47.44671],[7.05529,47.44657],[7.05434,47.44648],[7.05423,47.44648],[7.05371,47.44646],[7.05363,47.44646],[7.0534,47.44646],[7.05324,47.44647],[7.05155,47.44662],[7.05144,47.44663],[7.04932,47.44695],[7.049,47.44698],[7.04667,47.44706],[7.04652,47.44706],[7.0452,47.44704],[7.04494,47.44702],[7.04372,47.44689],[7.04342,47.44688],[7.04259,47.44692],[7.04216,47.44699],[7.04165,47.44714],[7.04135,47.44721],[7.04127,47.44722],[7.04092,47.44725],[7.04065,47.44724],[7.04031,47.44717],[7.04014,47.44712],[7.03979,47.447],[7.03892,47.44662],[7.03594,47.44573],[7.03587,47.44571],[7.03493,47.4454],[7.03487,47.44538],[7.03311,47.44475],[7.03149,47.44429],[7.03077,47.44404],[7.0303,47.44398],[7.03006,47.44399],[7.02982,47.44404],[7.02961,47.44411],[7.02903,47.44434],[7.02856,47.44442],[7.02766,47.44436],[7.02706,47.44425],[7.02672,47.44422],[7.02652,47.44422],[7.02608,47.44419],[7.02513,47.44445],[7.02464,47.44452],[7.02414,47.44446],[7.02371,47.44428],[7.02341,47.44401],[7.0233,47.44346]]]},"properties":{"bfs_nr":6783,"name":"Courchavon"}},{"type":"Feature","geometry":{"type":"Polygon","coordinates":[[[7.08758,47.37054],[7.08729,47.37017],[7.08724,47.36981],[7.08756,47.36932],[7.08799,47.36911],[7.08879,47.36897],[7.08928,47.369],[7.09496,47.36998],[7.09547,47.37014],[7.10187,47.37301],[7.10206,47.37308],[7.10227,47.37313],[7.10234,47.37314],[7.10257,47.37322],[7.10296,47.37346],[7.10317,47.37379],[7.1032,47.37397],[7.10316,47.37422],[7.10316,47.3744],[7.10333,47.37475],[7.10392,47.37512],[7.10476,47.37529],[7.10496,47.3753],[7.10522,47.3753],[7.10551,47.37532],[7.10578,47.37537],[7.10622,47.37553],[7.10628,47.37556],[7.1065,47.37564],[7.10723,47.37571],[7.10747,47.37567],[7.1077,47.3756],[7.10826,47.37539],[7.10847,47.37528],[7.10881,47.37507],[7.10925,47.37493],[7.10973,47.3749],[7.10997,47.37493],[7.11009,47.37496],[7.1102,47.37499],[7.11061,47.37505],[7.11134,47.3752],[7.11162,47.3752],[7.11171,47.37519],[7.11206,47.37513],[7.11279,47.37496],[7.1131,47.37493],[7.1135,47.37495],[7.11396,47.37499],[7.11444,47.37504],[7.11444,47.37503],[7.11459,47.37505],[7.11513,47.375],[7.11537,47.37492],[7.11559,47.3748],[7.11603,47.37446],[7.11654,47.37421],[7.117,47.37411],[7.11748,47.37412],[7.11816,47.37439],[7.11871,47.37482],[7.11891,47.37495],[7.11915,47.37505],[7.11941,47.37511],[7.12003,47.37518],[7.12046,47.37534],[7.12081,47.37561],[7.121,47.37612],[7.12095,47.3763],[7.12091,47.37639],[7.12087,47.37647],[7.12081,47.37675],[7.12084,47.37691],[7.12085,47.37697],[7.12094,47.37715],[7.12098,47.37722],[7.12111,47.37739],[7.12125,47.37752],[7.1214,47.3777],[7.12154,47.37785],[7.12194,47.37808],[7.12271,47.37819],[7.12297,47.37816],[7.12322,47.37809],[7.12362,47.37785],[7.12377,47.3777],[7.12394,47.37748],[7.1243,47.37722],[7.12478,47.37709],[7.12495,47.37707],[7.12522,47.37703],[7.12548,47.37695],[7.12571,47.37684],[7.12611,47.37659],[7.12651,47.3764],[7.12697,47.37631],[7.12745,47.37633],[7.12794,47.37649],[7.12848,47.37676],[7.12858,47.37681],[7.12927,47.37709],[7.12957,47.37718],[7.13002,47.37727],[7.13007,47.37728],[7.13116,47.37747],[7.13235,47.37776],[7.13256,47.3778],[7.133,47.37781],[7.13349,47.37776],[7.13488,47.37773],[7.13874,47.37779],[7.13975,47.37788],[7.1402,47.37801],[7.14044,47.37815],[7.14101,47.37854],[7.14102,47.37854],[7.14174,47.37903],[7.14195,47.37914],[7.14218,47.37922],[7.14295,47.37927],[7.1432,47.37921],[7.14502,47.37868],[7.14665,47.37843],[7.14797,47.37835],[7.14803,47.37834],[7.14841,47.37831],[7.14844,47.37831],[7.14859,47.37829],[7.14877,47.37827],[7.14889,47.37825],[7.14913,47.37822],[7.14944,47.37822],[7.14976,47.37826],[7.15052,47.37842],[7.15072,47.37845],[7.15093,47.37846],[7.15116,47.37847],[7.15219,47.37853],[7.15273,47.37859],[7.15337,47.3787],[7.15405,47.37885],[7.15541,47.37924],[7.15547,47.37926],[7.15556,47.37928],[7.1558,47.37932],[7.15604,47.37934],[7.15629,47.37932],[7.15649,47.37929],[7.15662,47.37927],[7.15687,47.37922],[7.15699,47.37919],[7.15704,47.37918],[7.15735,47.37912],[7.15788,47.37912],[7.15897,47.37939],[7.15961,47.37969],[7.15994,47.3799],[7.16005,47.37997],[7.16096,47.38043],[7.16116,47.38051],[7.16156,47.38065],[7.16214,47.38084],[7.16215,47.38085],[7.16249,47.38096],[7.16272,47.38105],[7.1631,47.38127],[7.16331,47.38139],[7.1638,47.3816],[7.16506,47.38224],[7.16535,47.38251],[7.16547,47.383],[7.1653,47.38335],[7.16485,47.38391],[7.16468,47.38408],[7.16436,47.38436],[7.16375,47.3849],[7.16375,47.38491],[7.16046,47.38781],[7.15984,47.38859],[7.15959,47.38884],[7.15882,47.38944],[7.15853,47.38963],[7.15808,47.38981],[7.15738,47.39054],[7.15689,47.39078],[7.15658,47.39104],[7.15634,47.39142],[7.15614,47.39161],[7.15528,47.39226],[7.15442,47.39316],[7.15365,47.39457],[7.15364,47.39458],[7.15322,47.39533],[7.15322,47.39534],[7.15266,47.39631],[7.15265,47.39633],[7.15233,47.39694],[7.15225,47.39725],[7.15232,47.39762],[7.15224,47.39803],[7.15223,47.39804],[7.15208,47.39826],[7.15195,47.39842],[7.15177,47.39859],[7.15139,47.3988],[7.15061,47.39901],[7.15009,47.39926],[7.14901,47.39953],[7.14859,47.39969],[7.14806,47.40006],[7.1472,47.40035],[7.14685,47.40058],[7.14247,47.40477],[7.14225,47.40511],[7.14213,47.40587],[7.14222,47.40629],[7.14212,47.40661],[7.14163,47.40703],[7.14021,47.40773],[7.14003,47.40783],[7.13958,47.40808],[7.13955,47.4081],[7.13934,47.40823],[7.13931,47.40824],[7.13909,47.40839],[7.13906,47.4084],[7.13886,47.40853],[7.13884,47.40855],[7.13865,47.40868],[7.13863,47.4087],[7.13766,47.40942],[7.13764,47.40943],[7.13743,47.40959],[7.1374,47.40961],[7.13719,47.40978],[7.13716,47.40981],[7.13696,47.40999],[7.13693,47.41002],[7.13673,47.41021],[7.1367,47.41024],[7.13602,47.41097],[7.13541,47.41151],[7.13477,47.41176],[7.13403,47.41174],[7.13375,47.41166],[7.1314,47.41076],[7.13089,47.41065],[7.13035,47.41068],[7.1301,47.41076],[7.12988,47.41086],[7.12969,47.411],[7.12925,47.41154],[7.12899,47.4121],[7.12855,47.4125],[7.12831,47.41262],[7.12797,47.41271],[7.12724,47.41286],[7.127,47.41293],[7.12678,47.41302],[7.12659,47.41315],[7.12644,47.4133],[7.12634,47.41346],[7.12629,47.41364],[7.12623,47.4141],[7.12617,47.41432],[7.12606,47.41449],[7.12572,47.41477],[7.1255,47.41486],[7.12499,47.41496],[7.12466,47.41495],[7.12348,47.41484],[7.12219,47.41475],[7.12073,47.41448],[7.12033,47.4143],[7.11986,47.41418],[7.11961,47.41417],[7.11611,47.41427],[7.11538,47.41444],[7.11503,47.4147],[7.11458,47.41529],[7.11416,47.41551],[7.11365,47.4156],[7.11331,47.41559],[7.11281,47.41554],[7.11263,47.41553],[7.11152,47.41552],[7.11143,47.41551],[7.11045,47.41547],[7.11027,47.41546],[7.10979,47.41541],[7.1096,47.4154],[7.10921,47.41539],[7.10908,47.4154],[7.10818,47.41545],[7.10798,47.41546],[7.10788,47.41547],[7.10754,47.41552],[7.10707,47.41555],[7.10469,47.4154],[7.10404,47.41525],[7.10347,47.41498],[7.10293,47.41487],[7.10247,47.41475],[7.10158,47.41442],[7.10155,47.41441],[7.0966,47.41251],[7.09636,47.4124],[7.09619,47.41229],[7.09599,47.41209],[7.09595,47.41206],[7.09579,47.41192],[7.0955,47.41169],[7.09426,47.41053],[7.09401,47.4102],[7.09397,47.40987],[7.09422,47.4092],[7.09455,47.40869],[7.09508,47.40814],[7.09528,47.40779],[7.09532,47.40744],[7.09558,47.40703],[7.09564,47.40671],[7.0954,47.40614],[7.09539,47.40581],[7.09576,47.40501],[7.09577,47.40453],[7.09596,47.40419],[7.09621,47.4037],[7.09624,47.40364],[7.09626,47.40359],[7.09629,47.40348],[7.09637,47.4031],[7.09638,47.40303],[7.09647,47.40212],[7.09647,47.40208],[7.09647,47.40202],[7.09646,47.40189],[7.09646,47.40186],[7.09644,47.4018],[7.09627,47.40119],[7.09624,47.40096],[7.0963,47.40051],[7.09614,47.40016],[7.09578,47.39987],[7.09505,47.39955],[7.09435,47.39892],[7.09388,47.3986],[7.09364,47.39839],[7.09355,47.39828],[7.09343,47.39813],[7.09334,47.39798],[7.09327,47.39787],[7.09312,47.39749],[7.09307,47.39729],[7.09303,47.39702],[7.09303,47.39697],[7.09298,47.39676],[7.09293,47.39662],[7.09285,47.39648],[7.09244,47.39595],[7.09219,47.39563],[7.09177,47.39497],[7.09174,47.39491],[7.09155,47.39457],[7.09143,47.39422],[7.09138,47.3939],[7.09138,47.39368],[7.09167,47.3932],[7.09206,47.39298],[7.09275,47.39283],[7.09319,47.39261],[7.09347,47.39229],[7.09353,47.39192],[7.09304,47.39081],[7.09282,47.39052],[7.09223,47.39],[7.09215,47.38965],[7.09248,47.38885],[7.09255,47.3884],[7.09279,47.388],[7.09289,47.38778],[7.09295,47.38755],[7.09297,47.38736],[7.09296,47.3872],[7.09283,47.38656],[7.09282,47.38632],[7.09288,47.38552],[7.09304,47.38461],[7.09329,47.38381],[7.09356,47.38347],[7.09403,47.38306],[7.09432,47.38289],[7.09474,47.38271],[7.09514,47.38259],[7.0952,47.38257],[7.09545,47.38248],[7.09567,47.38237],[7.09586,47.38224],[7.096,47.38209],[7.09613,47.38192],[7.09615,47.3819],[7.09642,47.38152],[7.09651,47.38134],[7.09653,47.38098],[7.09646,47.3808],[7.09643,47.38074],[7.09624,47.38052],[7.09606,47.38036],[7.09588,47.38023],[7.09568,47.38013],[7.09541,47.38003],[7.09508,47.37986],[7.0942,47.37932],[7.09402,47.3792],[7.09327,47.3786],[7.0931,47.37844],[7.09298,47.37826],[7.09273,47.37782],[7.09262,47.37746],[7.0926,47.37734],[7.09262,47.37703],[7.09266,47.37683],[7.09267,47.37663],[7.09245,47.37604],[7.09238,47.37582],[7.09237,47.37579],[7.09237,47.37552],[7.09243,47.37528],[7.0924,47.37508],[7.09232,47.37489],[7.09217,47.37473],[7.09156,47.37415],[7.09141,47.37404],[7.09126,47.37394],[7.09091,47.37373],[7.09056,47.37338],[7.08955,47.37243],[7.08954,47.37242],[7.08852,47.37145],[7.08851,47.37144],[7.0876,47.37055],[7.08758,47.37054]]]},"properties":{"bfs_nr":6784,"name":"Courgenay"}},{"type":"Feature","geometry":{"type":"Polygon","coordinates":[[[7.00311,47.41787],[7.0036,47.41758],[7.00392,47.4172],[7.00628,47.41593],[7.00749,47.41518],[7.00806,47.41488],[7.00908,47.41418],[7.0095,47.41397],[7.00995,47.41389],[7.01106,47.41396],[7.01159,47.41387],[7.01203,47.41364],[7.01229,47.41332],[7.01255,47.4127],[7.01315,47.4123],[7.01369,47.4121],[7.01426,47.41179],[7.0145,47.41164],[7.01531,47.41094],[7.01602,47.41024],[7.01663,47.40981],[7.01725,47.40924],[7.01747,47.40904],[7.01762,47.40873],[7.01762,47.40838],[7.01782,47.40777],[7.01827,47.40723],[7.01836,47.40706],[7.01847,47.40663],[7.01876,47.4063],[7.01956,47.40569],[7.01969,47.40558],[7.02041,47.4048],[7.02093,47.4042],[7.02116,47.40399],[7.02148,47.40381],[7.02165,47.40369],[7.02179,47.40355],[7.02189,47.40339],[7.02201,47.40297],[7.02231,47.40255],[7.02244,47.40231],[7.02254,47.40198],[7.02271,47.40164],[7.02301,47.40125],[7.02312,47.40112],[7.02351,47.40072],[7.0239,47.40044],[7.02455,47.40021],[7.02565,47.39956],[7.02615,47.39939],[7.0276,47.39937],[7.02818,47.39929],[7.02874,47.39902],[7.02889,47.39888],[7.029,47.39873],[7.02907,47.39857],[7.02909,47.3984],[7.02909,47.39834],[7.02908,47.39826],[7.029,47.39768],[7.02894,47.39749],[7.02836,47.39668],[7.02817,47.39593],[7.0282,47.39552],[7.02842,47.39518],[7.02879,47.39495],[7.02927,47.39482],[7.02958,47.39481],[7.03026,47.39482],[7.03028,47.39482],[7.03067,47.39482],[7.03105,47.39485],[7.0314,47.39494],[7.03404,47.39585],[7.03445,47.39605],[7.03577,47.39693],[7.03599,47.39705],[7.03699,47.39748],[7.03779,47.39778],[7.03819,47.39807],[7.03863,47.39826],[7.03954,47.39849],[7.04052,47.39857],[7.04224,47.39892],[7.04291,47.39912],[7.04322,47.39918],[7.04344,47.3992],[7.0436,47.39921],[7.04397,47.39921],[7.04419,47.3992],[7.04476,47.3992],[7.04609,47.39933],[7.04619,47.39934],[7.04814,47.39942],[7.04866,47.39951],[7.0494,47.39996],[7.04993,47.40013],[7.05001,47.40014],[7.05101,47.40026],[7.05103,47.40027],[7.05183,47.40035],[7.05189,47.40036],[7.05236,47.4004],[7.05239,47.4004],[7.05308,47.40044],[7.05381,47.40046],[7.05485,47.40063],[7.05578,47.40086],[7.05618,47.4011],[7.0564,47.40143],[7.05634,47.40196],[7.05565,47.40268],[7.05533,47.40329],[7.05254,47.40657],[7.05238,47.40674],[7.05133,47.40763],[7.0511,47.40784],[7.0508,47.40818],[7.0506,47.40844],[7.05045,47.40867],[7.05033,47.40909],[7.04939,47.41023],[7.04937,47.41026],[7.04912,47.41058],[7.04902,47.41074],[7.04871,47.41155],[7.04838,47.41186],[7.0475,47.41249],[7.04749,47.4125],[7.04679,47.41301],[7.04663,47.41316],[7.04559,47.41432],[7.04549,47.41445],[7.04543,47.41458],[7.04536,47.41477],[7.04533,47.41494],[7.04534,47.4151],[7.04549,47.41541],[7.046,47.41603],[7.04598,47.4164],[7.04575,47.41673],[7.04503,47.41716],[7.0438,47.41774],[7.04252,47.41863],[7.04225,47.41878],[7.04172,47.41892],[7.04127,47.41893],[7.0406,47.41896],[7.0402,47.41899],[7.04006,47.41899],[7.04001,47.41899],[7.03997,47.41899],[7.03631,47.41896],[7.03629,47.41896],[7.03546,47.41896],[7.03544,47.41896],[7.03393,47.41895],[7.03386,47.41896],[7.03379,47.41896],[7.03352,47.41898],[7.03327,47.41905],[7.03269,47.41942],[7.03077,47.42178],[7.02922,47.42409],[7.02787,47.42568],[7.0273,47.42631],[7.02728,47.42633],[7.02682,47.42685],[7.02641,47.42736],[7.02606,47.42786],[7.02451,47.43012],[7.02417,47.43036],[7.02373,47.43049],[7.02295,47.43047],[7.02051,47.42995],[7.01651,47.42905],[7.01299,47.42834],[7.01294,47.42833],[7.00961,47.42759],[7.00924,47.42748],[7.0056,47.42608],[7.00538,47.42601],[7.00417,47.42573],[7.00415,47.42572],[7.00295,47.42543],[7.0027,47.42535],[7.00247,47.42525],[7.00137,47.42464],[7.00112,47.42447],[7.00087,47.42412],[7.00082,47.42388],[7.00079,47.42309],[7.00052,47.42068],[7.00068,47.42031],[7.002,47.41852],[7.00237,47.4182],[7.00311,47.41787]]]},"properties":{"bfs_nr":6785,"name":"Courtedoux"}},{"type":"Feature","geometry":{"type":"Polygon","coordinates":[[[6.9403,47.43208],[6.94015,47.43134],[6.94019,47.43089],[6.94042,47.43022],[6.94045,47.42914],[6.94066,47.42761],[6.94099,47.4241],[6.94127,47.42059],[6.94129,47.41924],[6.94144,47.41789],[6.94153,47.41562],[6.94089,47.41267],[6.94081,47.41147],[6.93903,47.40742],[6.93897,47.40703],[6.93912,47.40669],[6.93967,47.40633],[6.9407,47.40617],[6.94113,47.40598],[6.94143,47.4057],[6.9416,47.4054],[6.94192,47.40515],[6.94236,47.40499],[6.94389,47.40482],[6.94437,47.40463],[6.94487,47.40454],[6.9452,47.40455],[6.94763,47.40476],[6.94888,47.40488],[6.94902,47.40489],[6.94926,47.4049],[6.9495,47.40487],[6.94974,47.40482],[6.94995,47.40474],[6.95013,47.40463],[6.95029,47.4045],[6.9505,47.40421],[6.9507,47.40402],[6.95151,47.40341],[6.95175,47.40326],[6.95222,47.40312],[6.95274,47.40311],[6.95348,47.40337],[6.95684,47.4055],[6.95727,47.40569],[6.95803,47.40572],[6.95876,47.40546],[6.95967,47.40536],[6.96056,47.40552],[6.9627,47.4054],[6.9634,47.40557],[6.96385,47.40597],[6.96399,47.40644],[6.96421,47.40674],[6.96479,47.40709],[6.96505,47.40737],[6.96519,47.40765],[6.9654,47.40797],[6.96561,47.40828],[6.96578,47.40859],[6.96583,47.4087],[6.96608,47.40927],[6.96709,47.41091],[6.96726,47.41106],[6.96748,47.41119],[6.96875,47.41179],[6.96893,47.41187],[6.96913,47.41192],[6.9705,47.41222],[6.97139,47.41261],[6.9721,47.41262],[6.97284,47.41278],[6.97321,47.41303],[6.97342,47.41341],[6.97366,47.41432],[6.97373,47.41449],[6.97402,47.4148],[6.9749,47.4151],[6.97534,47.41534],[6.97603,47.41587],[6.97607,47.4159],[6.97816,47.41736],[6.97856,47.41787],[6.97854,47.41837],[6.9783,47.41894],[6.97799,47.41986],[6.97739,47.42185],[6.97723,47.42254],[6.97716,47.42271],[6.97706,47.42287],[6.97594,47.42425],[6.97567,47.42451],[6.97528,47.42481],[6.97464,47.42538],[6.97455,47.42548],[6.97446,47.42558],[6.97437,47.42571],[6.97424,47.42595],[6.9741,47.42615],[6.97385,47.42644],[6.97375,47.42654],[6.97311,47.42717],[6.97294,47.42738],[6.9723,47.4286],[6.97208,47.42889],[6.97164,47.42934],[6.97129,47.42988],[6.97052,47.43079],[6.97018,47.43109],[6.96898,47.43145],[6.96864,47.4317],[6.96824,47.43229],[6.96802,47.43247],[6.96615,47.43373],[6.96605,47.4338],[6.96441,47.4352],[6.96398,47.43545],[6.9635,47.43556],[6.9627,47.43547],[6.95833,47.43405],[6.95785,47.43397],[6.95736,47.43401],[6.95692,47.43417],[6.95555,47.43494],[6.95506,47.43512],[6.95457,47.43516],[6.9526,47.43486],[6.94983,47.43438],[6.94714,47.43401],[6.94435,47.43386],[6.94205,47.43389],[6.94151,47.43376],[6.94082,47.43349],[6.9404,47.4331],[6.94031,47.43274],[6.9403,47.43208]]]},"properties":{"bfs_nr":6789,"name":"Fahy"}},{"type":"Feature","geometry":{"type":"Polygon","coordinates":[[[7.01239,47.37226],[7.01276,47.37197],[7.01321,47.37182],[7.01395,47.37183],[7.01439,47.37199],[7.01513,47.37255],[7.01555,47.37276],[7.01633,47.37283],[7.01736,47.3727],[7.0178,47.37252],[7.0181,47.37223],[7.01842,47.3713],[7.01901,47.37083],[7.02004,47.37041],[7.02202,47.37012],[7.0245,47.36996],[7.02525,47.36976],[7.028,47.36937],[7.02886,47.36922],[7.02953,47.3692],[7.03072,47.3695],[7.03239,47.36969],[7.03317,47.36967],[7.03384,47.36941],[7.03426,47.36879],[7.03458,47.36851],[7.03505,47.36833],[7.0359,47.36834],[7.0382,47.36884],[7.03828,47.36885],[7.03947,47.36914],[7.03949,47.36915],[7.04056,47.3694],[7.04085,47.36944],[7.04201,47.36952],[7.04208,47.36953],[7.04468,47.36961],[7.04806,47.3699],[7.04812,47.3699],[7.04984,47.36999],[7.04998,47.37],[7.05138,47.36998],[7.05182,47.36992],[7.05203,47.36985],[7.05237,47.36971],[7.0526,47.36962],[7.05287,47.36956],[7.05323,47.36954],[7.0533,47.36954],[7.05344,47.36953],[7.05376,47.36951],[7.05377,47.36951],[7.05413,47.36948],[7.0544,47.36948],[7.05626,47.36974],[7.0565,47.36983],[7.05656,47.36985],[7.05669,47.3699],[7.05696,47.36999],[7.05724,47.3701],[7.05738,47.37015],[7.05935,47.37072],[7.0595,47.37076],[7.05992,47.37086],[7.06001,47.37087],[7.06127,47.37109],[7.06221,47.37134],[7.06296,47.37163],[7.06331,47.37172],[7.06427,47.37188],[7.06439,47.37189],[7.06453,47.37191],[7.06481,47.37192],[7.06508,47.37188],[7.06557,47.37171],[7.06576,47.37157],[7.06591,47.37141],[7.06602,47.37126],[7.06618,47.37112],[7.0666,47.37091],[7.06691,47.37084],[7.06722,47.37079],[7.06729,47.37078],[7.06754,47.37073],[7.06789,47.37063],[7.06851,47.37038],[7.06903,47.37023],[7.06941,47.37017],[7.06955,47.37016],[7.06973,47.37016],[7.0698,47.37016],[7.07104,47.37008],[7.07218,47.37008],[7.07306,47.37011],[7.07358,47.37016],[7.07389,47.37022],[7.07416,47.37025],[7.07453,47.37027],[7.07492,47.37034],[7.07519,47.37036],[7.07571,47.3703],[7.07595,47.37022],[7.07615,47.37011],[7.07653,47.36983],[7.0768,47.36972],[7.07697,47.36963],[7.07749,47.36934],[7.07814,47.36918],[7.07911,47.36918],[7.07938,47.36922],[7.07962,47.36928],[7.07984,47.36932],[7.08006,47.36933],[7.08013,47.36933],[7.08038,47.36932],[7.08073,47.36928],[7.08125,47.36926],[7.08173,47.36929],[7.08211,47.36927],[7.0824,47.36923],[7.08242,47.36923],[7.08297,47.36914],[7.08304,47.36913],[7.08328,47.36908],[7.08334,47.36907],[7.08359,47.36901],[7.08392,47.36896],[7.08452,47.36899],[7.08606,47.36938],[7.08649,47.36963],[7.08752,47.37048],[7.08761,47.37056],[7.08852,47.37144],[7.08852,47.37145],[7.08955,47.37242],[7.08955,47.37243],[7.09052,47.37334],[7.09086,47.3737],[7.09137,47.37401],[7.09159,47.37418],[7.0921,47.37466],[7.09228,47.37487],[7.09239,47.37525],[7.09235,47.37566],[7.09239,47.37586],[7.09243,47.376],[7.09266,47.37663],[7.09265,47.37688],[7.09261,47.37708],[7.0926,47.37729],[7.09262,47.37752],[7.0927,47.37776],[7.093,47.3783],[7.0931,47.37844],[7.09323,47.37857],[7.09405,47.37922],[7.09417,47.3793],[7.09513,47.37989],[7.09536,47.38],[7.09562,47.38011],[7.09588,47.38024],[7.09618,47.38046],[7.09645,47.38078],[7.09652,47.38098],[7.0965,47.38134],[7.09639,47.38156],[7.09615,47.38189],[7.09613,47.38192],[7.09603,47.38205],[7.09585,47.38224],[7.09566,47.38237],[7.09539,47.3825],[7.09521,47.38256],[7.09512,47.38259],[7.09469,47.38273],[7.09448,47.38281],[7.09427,47.38291],[7.09408,47.38303],[7.09396,47.38311],[7.09385,47.3832],[7.09352,47.38351],[7.09337,47.38369],[7.09326,47.38386],[7.09304,47.3846],[7.09287,47.38553],[7.09286,47.3856],[7.09281,47.38636],[7.09282,47.38652],[7.09295,47.38716],[7.09296,47.3874],[7.09296,47.3875],[7.09287,47.38784],[7.09281,47.38796],[7.09268,47.38817],[7.09247,47.38845],[7.09233,47.38875],[7.09233,47.38905],[7.09209,47.38973],[7.09205,47.39005],[7.09222,47.39042],[7.09313,47.39107],[7.09342,47.39169],[7.09336,47.39206],[7.0931,47.39238],[7.09266,47.39259],[7.09203,47.39276],[7.09165,47.39298],[7.09141,47.39329],[7.09136,47.39372],[7.09144,47.39428],[7.09152,47.39451],[7.09174,47.39492],[7.09176,47.39496],[7.09221,47.39566],[7.09245,47.39596],[7.09282,47.39645],[7.09293,47.39662],[7.09299,47.3968],[7.09304,47.39703],[7.09308,47.39733],[7.09311,47.39746],[7.0932,47.39772],[7.09326,47.39784],[7.09334,47.39799],[7.09337,47.39803],[7.09345,47.39816],[7.09353,47.39825],[7.09368,47.39842],[7.09396,47.39869],[7.09433,47.39922],[7.09479,47.39951],[7.09558,47.39981],[7.09604,47.40025],[7.09612,47.40067],[7.09644,47.40178],[7.09646,47.40186],[7.09647,47.40205],[7.09647,47.40213],[7.09638,47.40301],[7.09637,47.40311],[7.0963,47.40345],[7.09625,47.40362],[7.09621,47.40372],[7.09597,47.40417],[7.09591,47.40428],[7.09587,47.40434],[7.0957,47.40458],[7.0955,47.40491],[7.09524,47.40518],[7.09512,47.40555],[7.09523,47.40591],[7.09563,47.40673],[7.09553,47.40707],[7.09519,47.4075],[7.09507,47.40804],[7.09453,47.40872],[7.09399,47.40951],[7.09342,47.40981],[7.09268,47.40993],[7.09244,47.40995],[7.09214,47.40994],[7.09103,47.40981],[7.09052,47.40971],[7.08877,47.40916],[7.08866,47.40912],[7.08724,47.4086],[7.08695,47.40852],[7.08278,47.40775],[7.08255,47.40772],[7.0799,47.40756],[7.07901,47.40759],[7.07806,47.40732],[7.07755,47.40726],[7.07639,47.4073],[7.07588,47.4072],[7.07547,47.40698],[7.07517,47.40649],[7.07515,47.40612],[7.07508,47.40596],[7.07498,47.40581],[7.07483,47.40568],[7.07465,47.40557],[7.07444,47.40548],[7.07374,47.40524],[7.07373,47.40524],[7.0725,47.40483],[7.07176,47.4047],[7.07027,47.40422],[7.06978,47.40386],[7.06936,47.40368],[7.06911,47.40363],[7.06895,47.40361],[7.06791,47.40343],[7.06787,47.40342],[7.06782,47.40341],[7.06749,47.40333],[7.06725,47.40322],[7.06691,47.40292],[7.06645,47.40218],[7.06622,47.40193],[7.0654,47.40131],[7.06496,47.40114],[7.06446,47.4011],[7.06376,47.40116],[7.06325,47.40107],[7.06262,47.40072],[7.06215,47.40054],[7.06188,47.4005],[7.0615,47.40048],[7.06146,47.40047],[7.06001,47.4004],[7.05969,47.40041],[7.05863,47.40054],[7.05836,47.4006],[7.05785,47.40078],[7.05653,47.40095],[7.05603,47.40089],[7.05505,47.40067],[7.05398,47.40046],[7.05367,47.40044],[7.05304,47.40044],[7.05239,47.4004],[7.05235,47.40039],[7.05191,47.40036],[7.05181,47.40035],[7.05102,47.40026],[7.051,47.40026],[7.0506,47.40021],[7.05031,47.40016],[7.0499,47.39999],[7.04913,47.3995],[7.04823,47.39943],[7.04622,47.39934],[7.04607,47.39933],[7.04466,47.39919],[7.04429,47.39919],[7.04424,47.3992],[7.04392,47.39921],[7.04364,47.39921],[7.0434,47.39919],[7.04333,47.39919],[7.04295,47.39912],[7.04248,47.39897],[7.04043,47.39855],[7.03952,47.39848],[7.03857,47.39818],[7.03816,47.39789],[7.03696,47.39747],[7.03605,47.39707],[7.03571,47.39689],[7.03442,47.39602],[7.03408,47.39586],[7.03133,47.39492],[7.03105,47.39485],[7.03075,47.39482],[7.03028,47.39482],[7.02995,47.39479],[7.02905,47.39444],[7.02704,47.39411],[7.02666,47.39413],[7.02638,47.39417],[7.02599,47.39426],[7.02544,47.39441],[7.02519,47.39444],[7.0247,47.3944],[7.02358,47.394],[7.02226,47.39356],[7.0222,47.39353],[7.02163,47.39333],[7.02133,47.39319],[7.02108,47.393],[7.02035,47.39233],[7.02026,47.39224],[7.01955,47.39147],[7.01945,47.39134],[7.01904,47.39077],[7.01893,47.39058],[7.01886,47.39038],[7.0189,47.38984],[7.01886,47.38951],[7.01885,47.38949],[7.01869,47.38778],[7.01856,47.38681],[7.01855,47.3867],[7.01855,47.38643],[7.01856,47.38615],[7.01852,47.38368],[7.0185,47.38353],[7.01836,47.38299],[7.01835,47.38297],[7.01832,47.38287],[7.01829,47.38266],[7.01831,47.38221],[7.01815,47.38188],[7.01766,47.38119],[7.01746,47.38048],[7.01689,47.37994],[7.01677,47.37977],[7.01669,47.37954],[7.01667,47.37948],[7.01666,47.37943],[7.01661,47.37906],[7.01652,47.3786],[7.0165,47.37848],[7.01626,47.37789],[7.01598,47.37762],[7.01558,47.37744],[7.01533,47.37739],[7.01496,47.37731],[7.01482,47.37727],[7.01448,47.37715],[7.01442,47.37712],[7.01418,47.37698],[7.01376,47.37661],[7.01362,47.37651],[7.01342,47.37633],[7.01328,47.37618],[7.01307,47.3759],[7.01267,47.37513],[7.01263,47.37506],[7.01252,47.37479],[7.01246,47.3746],[7.01246,47.37444],[7.01255,47.37403],[7.01255,47.37389],[7.01252,47.37367],[7.01241,47.37336],[7.0122,47.37288],[7.01239,47.37226]]]},"properties":{"bfs_nr":6790,"name":"Fontenais"}},{"type":"Feature","geometry":{"type":"Polygon","coordinates":[[[6.90723,47.38208],[6.90743,47.38211],[6.90771,47.38213],[6.90799,47.38212],[6.90931,47.38179],[6.91045,47.38166],[6.91081,47.3816],[6.91107,47.38151],[6.91143,47.38127],[6.91173,47.38083],[6.91207,47.38057],[6.91253,47.38042],[6.91304,47.38039],[6.91335,47.38044],[6.91377,47.38055],[6.91487,47.38104],[6.91502,47.3811],[6.91521,47.38117],[6.91553,47.38125],[6.91561,47.38126],[6.9162,47.38139],[6.91627,47.38141],[6.91653,47.38146],[6.91723,47.38153],[6.91751,47.38155],[6.91821,47.38162],[6.91828,47.38163],[6.91848,47.38165],[6.91884,47.38164],[6.91924,47.38159],[6.91977,47.38164],[6.92033,47.38181],[6.92057,47.38184],[6.92111,47.38182],[6.92135,47.38183],[6.9215,47.38183],[6.92186,47.38184],[6.92189,47.38184],[6.92231,47.38184],[6.92255,47.38182],[6.92303,47.3817],[6.92368,47.38115],[6.92441,47.38066],[6.92488,47.38051],[6.92648,47.38043],[6.92731,47.38031],[6.92789,47.38012],[6.92811,47.38008],[6.9284,47.38006],[6.92902,47.38007],[6.92947,47.38008],[6.9295,47.38008],[6.92977,47.38008],[6.92996,47.38007],[6.93026,47.38004],[6.93042,47.38001],[6.93067,47.37998],[6.931,47.37997],[6.9312,47.37998],[6.93201,47.38005],[6.93232,47.38008],[6.93423,47.38033],[6.93451,47.38038],[6.9349,47.38048],[6.935,47.3805],[6.93601,47.38069],[6.93627,47.38072],[6.93681,47.38075],[6.93691,47.38075],[6.9374,47.38079],[6.93792,47.38085],[6.93813,47.38087],[6.93937,47.38088],[6.93956,47.38087],[6.9401,47.38082],[6.94035,47.38078],[6.94058,47.38071],[6.94079,47.38061],[6.94096,47.38048],[6.9411,47.38034],[6.9412,47.38017],[6.94125,47.37998],[6.94131,47.37946],[6.94162,47.37829],[6.94164,47.37693],[6.94191,47.37622],[6.94198,47.37585],[6.94185,47.37541],[6.94188,47.37483],[6.94198,47.37451],[6.94218,47.37414],[6.94232,47.37378],[6.94265,47.3734],[6.94304,47.3727],[6.94355,47.3723],[6.94459,47.37188],[6.94534,47.3718],[6.94607,47.37192],[6.94656,47.37188],[6.94685,47.37189],[6.94719,47.37195],[6.94868,47.3724],[6.94895,47.37251],[6.94904,47.37255],[6.94931,47.37264],[6.94957,47.37271],[6.94963,47.37272],[6.94974,47.37273],[6.94999,47.37276],[6.95019,47.37277],[6.95027,47.37277],[6.95033,47.37277],[6.95081,47.37277],[6.9509,47.37277],[6.95134,47.37283],[6.95187,47.37297],[6.95254,47.37322],[6.95346,47.37341],[6.95385,47.37361],[6.95411,47.3739],[6.95418,47.37439],[6.95411,47.37455],[6.95397,47.37473],[6.95378,47.37494],[6.95363,47.37508],[6.95312,47.37547],[6.95282,47.37565],[6.95217,47.37595],[6.9519,47.37613],[6.95142,47.37633],[6.9509,47.37657],[6.95073,47.37663],[6.95054,47.37671],[6.95047,47.37674],[6.95039,47.37678],[6.95029,47.37684],[6.95016,47.37691],[6.95007,47.37696],[6.94998,47.37703],[6.94961,47.37725],[6.94934,47.37748],[6.94875,47.37818],[6.94838,47.37862],[6.94838,47.37863],[6.94801,47.37907],[6.9477,47.37944],[6.94769,47.37945],[6.94747,47.37973],[6.94744,47.37977],[6.94735,47.37989],[6.94726,47.38013],[6.94726,47.38044],[6.94735,47.38064],[6.94768,47.3813],[6.94771,47.38134],[6.94775,47.38141],[6.94778,47.38146],[6.94782,47.38152],[6.94787,47.38158],[6.94793,47.38165],[6.94795,47.38168],[6.94839,47.38215],[6.94856,47.38238],[6.94864,47.38252],[6.9487,47.38266],[6.94876,47.38292],[6.94878,47.38304],[6.94879,47.38313],[6.94879,47.38327],[6.94879,47.38328],[6.94881,47.38418],[6.94881,47.3842],[6.94881,47.3843],[6.94881,47.38435],[6.9488,47.38445],[6.9488,47.38446],[6.94877,47.38487],[6.94872,47.38511],[6.94807,47.38583],[6.94799,47.38622],[6.94806,47.38679],[6.94805,47.3871],[6.94801,47.38727],[6.94799,47.38747],[6.94802,47.38776],[6.94806,47.38792],[6.94817,47.38823],[6.94828,47.38868],[6.94835,47.38886],[6.9485,47.38912],[6.94863,47.38929],[6.94921,47.38991],[6.94963,47.39014],[6.95042,47.39035],[6.95134,47.39079],[6.95225,47.39094],[6.95327,47.39125],[6.95376,47.39142],[6.954,47.39151],[6.95423,47.39163],[6.95451,47.39189],[6.95467,47.39262],[6.95491,47.39323],[6.95492,47.39356],[6.95461,47.39415],[6.95438,47.39511],[6.95437,47.39526],[6.95437,47.39556],[6.95437,47.39558],[6.95437,47.39574],[6.95439,47.39585],[6.9544,47.39592],[6.95447,47.3961],[6.95456,47.39627],[6.95468,47.39664],[6.9547,47.39684],[6.95473,47.39698],[6.95477,47.39709],[6.9548,47.3972],[6.9548,47.39722],[6.95483,47.3973],[6.95491,47.39747],[6.95522,47.39777],[6.95583,47.39809],[6.9569,47.39882],[6.95712,47.39902],[6.95731,47.39938],[6.95729,47.40045],[6.95699,47.40155],[6.95675,47.40183],[6.95546,47.40269],[6.95487,47.40319],[6.9544,47.40336],[6.9536,47.40334],[6.95312,47.40316],[6.95258,47.40307],[6.95204,47.40314],[6.95179,47.40323],[6.95158,47.40336],[6.95122,47.40362],[6.9512,47.40364],[6.95062,47.40408],[6.95049,47.40419],[6.95033,47.40443],[6.94999,47.4047],[6.94977,47.4048],[6.94952,47.40486],[6.94926,47.40489],[6.94894,47.40488],[6.94888,47.40488],[6.94763,47.40476],[6.94443,47.40448],[6.94367,47.40456],[6.94288,47.4049],[6.94229,47.40499],[6.94183,47.40517],[6.94151,47.40546],[6.94133,47.40575],[6.941,47.40601],[6.94054,47.40617],[6.93997,47.40619],[6.9368,47.40599],[6.93557,47.40586],[6.93419,47.40577],[6.932,47.40571],[6.93019,47.40572],[6.9284,47.40569],[6.92701,47.40581],[6.92569,47.40583],[6.92281,47.4057],[6.92219,47.4056],[6.92141,47.40539],[6.92089,47.40542],[6.92042,47.40558],[6.92003,47.40588],[6.91957,47.40607],[6.91904,47.40613],[6.91851,47.40603],[6.91675,47.40515],[6.91646,47.40486],[6.91639,47.40434],[6.91659,47.40402],[6.91723,47.40352],[6.91742,47.40317],[6.9174,47.4028],[6.91703,47.40186],[6.91683,47.40092],[6.91669,47.40063],[6.91572,47.39936],[6.91554,47.39889],[6.9155,47.39794],[6.91538,47.39758],[6.91505,47.39729],[6.91458,47.39711],[6.91324,47.39698],[6.91098,47.39663],[6.91046,47.39648],[6.91011,47.39623],[6.90992,47.39591],[6.90992,47.39557],[6.91044,47.39452],[6.91113,47.39401],[6.91137,47.39372],[6.91143,47.3934],[6.9112,47.39258],[6.91108,47.39182],[6.91113,47.39141],[6.91146,47.39068],[6.91194,47.39027],[6.91251,47.38994],[6.91318,47.38968],[6.91352,47.38938],[6.91365,47.38902],[6.91349,47.38817],[6.91289,47.38737],[6.91218,47.38635],[6.91187,47.38607],[6.91032,47.38513],[6.91005,47.385],[6.90768,47.38417],[6.90656,47.38385],[6.90604,47.38364],[6.90571,47.38338],[6.90556,47.38305],[6.90559,47.38271],[6.90582,47.3824],[6.90642,47.3821],[6.90723,47.38208]]]},"properties":{"bfs_nr":6792,"name":"Grandfontaine"}},{"type":"Feature","geometry":{"type":"Polygon","coordinates":[[[7.02476,47.42977],[7.02605,47.42787],[7.02623,47.42767],[7.02658,47.42744],[7.02685,47.42717],[7.02702,47.42667],[7.02715,47.42647],[7.02787,47.42568],[7.0292,47.42411],[7.03078,47.42176],[7.03265,47.41946],[7.03327,47.41905],[7.03353,47.41899],[7.03386,47.41896],[7.03394,47.41895],[7.03545,47.41896],[7.0363,47.41896],[7.03633,47.41896],[7.03998,47.41899],[7.04001,47.41899],[7.04008,47.41899],[7.04018,47.41899],[7.04058,47.41896],[7.04061,47.41896],[7.04123,47.41894],[7.04152,47.41894],[7.04179,47.41892],[7.04227,47.41878],[7.04247,47.41866],[7.04375,47.41777],[7.04507,47.41715],[7.04575,47.41673],[7.04598,47.41643],[7.04603,47.41608],[7.04588,47.41575],[7.04536,47.41513],[7.04534,47.41494],[7.04538,47.41472],[7.0455,47.41445],[7.04561,47.41429],[7.04659,47.4132],[7.04684,47.41298],[7.04749,47.4125],[7.0475,47.41249],[7.04803,47.41211],[7.04832,47.41194],[7.04847,47.41187],[7.04878,47.41162],[7.04894,47.4113],[7.049,47.41083],[7.04918,47.41051],[7.04937,47.41027],[7.0494,47.41023],[7.05005,47.40946],[7.05065,47.40882],[7.05078,47.40825],[7.05108,47.40787],[7.05134,47.40763],[7.05241,47.40671],[7.05252,47.4066],[7.05526,47.40338],[7.05564,47.40307],[7.0563,47.40279],[7.05661,47.40248],[7.0567,47.40211],[7.05663,47.40174],[7.05684,47.40122],[7.05745,47.40087],[7.05825,47.40073],[7.05874,47.40055],[7.05961,47.40042],[7.0601,47.40041],[7.06171,47.40049],[7.06207,47.40054],[7.06233,47.40062],[7.06309,47.40111],[7.06336,47.40149],[7.06409,47.40205],[7.06454,47.4022],[7.06556,47.40217],[7.06628,47.40232],[7.06664,47.40255],[7.06693,47.40298],[7.06727,47.40324],[7.06749,47.40333],[7.06773,47.4034],[7.06789,47.40343],[7.06791,47.40343],[7.06837,47.40351],[7.06891,47.40368],[7.06945,47.40423],[7.06986,47.40452],[7.07029,47.40467],[7.07138,47.40467],[7.07294,47.40498],[7.07374,47.40524],[7.07375,47.40525],[7.07437,47.40546],[7.07465,47.40558],[7.07484,47.4057],[7.07499,47.40585],[7.07515,47.4062],[7.07511,47.40683],[7.07526,47.40718],[7.07561,47.40745],[7.07608,47.40762],[7.07746,47.40766],[7.0786,47.40765],[7.07997,47.40756],[7.08249,47.40772],[7.08284,47.40776],[7.08688,47.40851],[7.0873,47.40862],[7.08868,47.40913],[7.08875,47.40915],[7.0906,47.40973],[7.09094,47.4098],[7.09256,47.40998],[7.09304,47.40999],[7.09359,47.41009],[7.09396,47.41028],[7.09552,47.41171],[7.09562,47.41178],[7.0957,47.41185],[7.09581,47.41193],[7.09592,47.41203],[7.0961,47.41221],[7.0963,47.41237],[7.09655,47.41249],[7.10156,47.41441],[7.10158,47.41442],[7.10255,47.41477],[7.1032,47.41494],[7.10378,47.41524],[7.10434,47.41537],[7.10547,47.41548],[7.10593,47.41565],[7.10625,47.41594],[7.10636,47.41651],[7.10606,47.41784],[7.10606,47.41785],[7.10598,47.41822],[7.10599,47.41868],[7.10575,47.41923],[7.10547,47.4204],[7.10547,47.42041],[7.10517,47.42167],[7.10502,47.42201],[7.1048,47.42236],[7.10479,47.42236],[7.10415,47.42331],[7.10414,47.42332],[7.10374,47.4239],[7.10373,47.42392],[7.10314,47.42483],[7.10311,47.42488],[7.10275,47.42537],[7.10271,47.42543],[7.10106,47.42751],[7.10103,47.42754],[7.10096,47.42762],[7.10094,47.42765],[7.10071,47.42794],[7.1006,47.42813],[7.10056,47.42833],[7.10043,47.43069],[7.10038,47.4319],[7.10037,47.43201],[7.10029,47.43251],[7.10028,47.4326],[7.10021,47.43289],[7.1002,47.43294],[7.10019,47.43299],[7.10017,47.43308],[7.10016,47.43315],[7.10011,47.43336],[7.09972,47.43378],[7.09929,47.43396],[7.0983,47.43399],[7.09779,47.4341],[7.09738,47.43433],[7.09703,47.43468],[7.09685,47.43479],[7.09659,47.4349],[7.09653,47.43492],[7.09619,47.435],[7.09554,47.43501],[7.09519,47.43496],[7.0941,47.43481],[7.09395,47.4348],[7.09259,47.43472],[7.0921,47.43475],[7.09188,47.43481],[7.0905,47.43528],[7.09029,47.43535],[7.08936,47.43558],[7.08893,47.43575],[7.08876,47.43588],[7.08833,47.43626],[7.08815,47.43648],[7.08765,47.43733],[7.08717,47.43819],[7.08705,47.43836],[7.08689,47.4385],[7.08637,47.43891],[7.08611,47.43907],[7.08581,47.43919],[7.08547,47.4393],[7.08545,47.4393],[7.08472,47.43952],[7.08351,47.43996],[7.08305,47.44001],[7.08138,47.43987],[7.07976,47.43967],[7.07874,47.43942],[7.07811,47.43919],[7.07785,47.43912],[7.07757,47.43908],[7.07751,47.43908],[7.07749,47.43908],[7.07684,47.43906],[7.07676,47.43906],[7.07601,47.43906],[7.07582,47.43907],[7.07445,47.43922],[7.07414,47.43928],[7.07191,47.44029],[7.07091,47.44069],[7.07063,47.44077],[7.07039,47.44082],[7.06951,47.44082],[7.06895,47.44074],[7.06741,47.44034],[7.06703,47.4402],[7.06683,47.44012],[7.06662,47.44],[7.06606,47.43967],[7.06571,47.43939],[7.06546,47.43914],[7.06531,47.43894],[7.06524,47.43877],[7.06521,47.43855],[7.06522,47.43819],[7.06527,47.43795],[7.06536,47.43777],[7.06555,47.43757],[7.06595,47.43721],[7.06622,47.43703],[7.06685,47.43667],[7.06701,47.43653],[7.06713,47.43638],[7.0672,47.43621],[7.06722,47.43603],[7.06719,47.43586],[7.06699,47.43554],[7.06662,47.4353],[7.06592,47.43499],[7.06568,47.43486],[7.06547,47.43474],[7.06526,47.43458],[7.06513,47.43445],[7.06499,47.43413],[7.0649,47.43349],[7.06415,47.43267],[7.064,47.4319],[7.06378,47.43161],[7.06225,47.43064],[7.06182,47.4305],[7.06134,47.43047],[7.06047,47.43058],[7.05996,47.43049],[7.05924,47.43004],[7.05875,47.42985],[7.05819,47.42982],[7.05743,47.42996],[7.05703,47.4302],[7.05666,47.4308],[7.05632,47.43105],[7.0561,47.43114],[7.05561,47.43123],[7.05528,47.43123],[7.0545,47.43115],[7.05448,47.43115],[7.05222,47.43094],[7.05205,47.43093],[7.05162,47.43093],[7.05135,47.43091],[7.05108,47.43086],[7.05101,47.43085],[7.05075,47.43077],[7.05063,47.43073],[7.05051,47.43068],[7.04946,47.43025],[7.04944,47.43025],[7.04833,47.42978],[7.04832,47.42978],[7.04792,47.42961],[7.04788,47.42959],[7.04727,47.42932],[7.04695,47.42919],[7.04531,47.4287],[7.04518,47.42867],[7.04509,47.42865],[7.04469,47.42857],[7.04447,47.42851],[7.04361,47.42823],[7.04299,47.42793],[7.0415,47.42688],[7.04101,47.42658],[7.04081,47.4265],[7.04012,47.42629],[7.03951,47.42616],[7.03928,47.42615],[7.03844,47.42615],[7.03842,47.42615],[7.03814,47.42615],[7.0379,47.42617],[7.03767,47.42622],[7.03745,47.4263],[7.03726,47.4264],[7.03654,47.42686],[7.03605,47.42719],[7.03579,47.42733],[7.03529,47.42746],[7.03495,47.42748],[7.03364,47.42745],[7.03335,47.42743],[7.03273,47.42731],[7.03199,47.42741],[7.03042,47.42796],[7.02995,47.4281],[7.02951,47.4283],[7.02924,47.42861],[7.02916,47.42897],[7.02924,47.42925],[7.02926,47.42939],[7.02926,47.42955],[7.02921,47.42974],[7.02912,47.42988],[7.029,47.43003],[7.02887,47.43015],[7.0288,47.43021],[7.02874,47.43026],[7.02768,47.43106],[7.02744,47.43121],[7.02696,47.43137],[7.02643,47.43138],[7.02588,47.43123],[7.02502,47.43083],[7.02472,47.43053],[7.02465,47.42999],[7.02476,47.42977]]]},"properties":{"bfs_nr":6800,"name":"Porrentruy"}},{"type":"Feature","geometry":{"type":"Polygon","coordinates":[[[7.11766,47.46346],[7.11732,47.46289],[7.1173,47.46253],[7.11749,47.4622],[7.11786,47.46194],[7.11809,47.46186],[7.11835,47.46181],[7.11861,47.46179],[7.11894,47.46181],[7.11895,47.46181],[7.12047,47.46204],[7.12073,47.46206],[7.12098,47.46205],[7.12123,47.462],[7.12166,47.46182],[7.12196,47.46154],[7.12204,47.46138],[7.12209,47.46109],[7.12268,47.45855],[7.12269,47.45852],[7.12276,47.45811],[7.12277,47.45807],[7.12286,47.45729],[7.12297,47.45629],[7.12298,47.45625],[7.12302,47.45525],[7.1231,47.45471],[7.12334,47.45432],[7.1234,47.45399],[7.12328,47.45367],[7.12303,47.45328],[7.12262,47.45266],[7.1225,47.45241],[7.12235,47.45196],[7.1217,47.45032],[7.12166,47.45017],[7.1214,47.44898],[7.12142,47.44855],[7.12185,47.44734],[7.12189,47.44724],[7.12206,47.44688],[7.12207,47.44686],[7.1227,47.44541],[7.12302,47.44502],[7.1233,47.44485],[7.12378,47.44462],[7.12379,47.44461],[7.1242,47.44442],[7.12422,47.44441],[7.12495,47.44406],[7.12529,47.44389],[7.12551,47.44381],[7.12663,47.44348],[7.12667,47.44347],[7.1271,47.44333],[7.12765,47.44317],[7.12801,47.44296],[7.12824,47.44267],[7.12953,47.43994],[7.13001,47.43946],[7.13023,47.43937],[7.13074,47.43928],[7.13194,47.43938],[7.1343,47.4397],[7.13433,47.43971],[7.13472,47.43976],[7.13474,47.43976],[7.13553,47.43986],[7.13556,47.43986],[7.13592,47.4399],[7.13595,47.4399],[7.13657,47.43996],[7.13661,47.43996],[7.13724,47.44001],[7.1375,47.44003],[7.13797,47.44003],[7.13879,47.44009],[7.13959,47.44017],[7.14034,47.44026],[7.14037,47.44027],[7.14104,47.44035],[7.14111,47.44036],[7.14207,47.44051],[7.14209,47.44052],[7.14291,47.44064],[7.14296,47.44064],[7.14365,47.44073],[7.14368,47.44073],[7.14473,47.44085],[7.14568,47.44092],[7.14617,47.44083],[7.14679,47.44058],[7.14728,47.44053],[7.14907,47.44072],[7.14946,47.44072],[7.15078,47.44059],[7.1517,47.44024],[7.15219,47.44017],[7.15268,47.44023],[7.1531,47.44041],[7.1535,47.44072],[7.15391,47.4409],[7.15457,47.44102],[7.15558,47.44132],[7.15588,47.44135],[7.15776,47.44141],[7.15836,47.44139],[7.15899,47.44131],[7.16134,47.4411],[7.16137,47.4411],[7.16198,47.44103],[7.1623,47.44102],[7.16271,47.44104],[7.1631,47.44108],[7.16358,47.44118],[7.16439,47.44141],[7.16486,47.44161],[7.16529,47.44192],[7.16578,47.44208],[7.16658,47.44222],[7.16659,47.44222],[7.16748,47.44237],[7.16821,47.44246],[7.16934,47.44278],[7.16971,47.44301],[7.16992,47.44332],[7.17005,47.44384],[7.1704,47.44424],[7.17109,47.44487],[7.172,47.44579],[7.17268,47.44679],[7.17309,47.44761],[7.17336,47.44865],[7.17351,47.44893],[7.17438,47.44997],[7.17459,47.45034],[7.17499,47.45155],[7.17565,47.45273],[7.17628,47.45395],[7.17681,47.45548],[7.17744,47.45668],[7.17796,47.45775],[7.178,47.45841],[7.17755,47.45895],[7.1774,47.45929],[7.17744,47.45964],[7.17768,47.45995],[7.17813,47.46022],[7.1786,47.46066],[7.17878,47.46099],[7.17869,47.46179],[7.17873,47.46228],[7.1789,47.46284],[7.17885,47.46336],[7.17858,47.46366],[7.17795,47.46393],[7.17715,47.46392],[7.17545,47.46357],[7.17174,47.46296],[7.17134,47.46294],[7.17021,47.46299],[7.16976,47.46297],[7.16961,47.46296],[7.16935,47.46291],[7.16909,47.46283],[7.16647,47.46188],[7.16638,47.46184],[7.16613,47.46177],[7.16586,47.46173],[7.16532,47.46177],[7.16485,47.46195],[7.16441,47.46225],[7.16337,47.46245],[7.16308,47.46244],[7.16287,47.46242],[7.16265,47.46238],[7.16207,47.46228],[7.16198,47.46226],[7.16091,47.46202],[7.15995,47.46188],[7.15947,47.46173],[7.15878,47.46141],[7.15832,47.46109],[7.15778,47.46094],[7.15695,47.46083],[7.15694,47.46083],[7.15552,47.46065],[7.15549,47.46064],[7.15353,47.46037],[7.153,47.46037],[7.15227,47.46058],[7.15174,47.46061],[7.15105,47.46051],[7.15081,47.46052],[7.15036,47.46055],[7.14999,47.46057],[7.14959,47.4606],[7.14951,47.46061],[7.14935,47.46061],[7.14917,47.46062],[7.14895,47.46061],[7.14872,47.46059],[7.14824,47.46055],[7.14786,47.46055],[7.14716,47.46045],[7.14604,47.46035],[7.1447,47.46026],[7.14426,47.46013],[7.1435,47.46007],[7.14301,47.46016],[7.1422,47.46045],[7.14116,47.46044],[7.14032,47.46054],[7.13944,47.46048],[7.13896,47.46054],[7.13816,47.46082],[7.13766,47.46085],[7.13735,47.4608],[7.13698,47.46072],[7.13679,47.46069],[7.13609,47.46061],[7.13601,47.46061],[7.13518,47.46055],[7.13514,47.46055],[7.13418,47.46047],[7.13409,47.46046],[7.13347,47.46038],[7.13337,47.46037],[7.13196,47.46015],[7.13172,47.46013],[7.13125,47.46018],[7.13103,47.46024],[7.13083,47.46033],[7.13066,47.46045],[7.13031,47.46074],[7.1297,47.46142],[7.12957,47.46154],[7.12912,47.46194],[7.12905,47.462],[7.12863,47.46233],[7.12846,47.46244],[7.12843,47.46246],[7.12802,47.46266],[7.12711,47.46301],[7.12708,47.46302],[7.12648,47.46326],[7.12637,47.46332],[7.1261,47.46345],[7.12608,47.46347],[7.12489,47.46411],[7.12482,47.46414],[7.12449,47.4643],[7.12422,47.46442],[7.12354,47.46465],[7.12348,47.46467],[7.12281,47.46488],[7.12272,47.4649],[7.1223,47.46502],[7.12227,47.46503],[7.12174,47.46517],[7.12164,47.46519],[7.1196,47.46564],[7.11881,47.46566],[7.11837,47.46552],[7.118,47.46524],[7.1176,47.46475],[7.11754,47.46441],[7.11774,47.46378],[7.11766,47.46346]]]},"properties":{"bfs_nr":6806,"name":"Vendlincourt"}},{"type":"Feature","geometry":{"type":"Polygon","coordinates":[[[7.00196,47.46955],[7.00158,47.46883],[7.00154,47.46877],[7.00056,47.46732],[6.99998,47.46578],[6.99985,47.46523],[6.99991,47.46472],[7.00047,47.46342],[7.00094,47.46252],[7.00131,47.46209],[7.00175,47.46189],[7.00282,47.46185],[7.00405,47.46175],[7.00464,47.46179],[7.00512,47.46172],[7.00534,47.46165],[7.0072,47.46084],[7.00806,47.46055],[7.00915,47.46024],[7.00986,47.46006],[7.01008,47.45999],[7.01027,47.4599],[7.01057,47.45964],[7.01078,47.45936],[7.01095,47.45922],[7.01116,47.45911],[7.01145,47.45901],[7.0127,47.45872],[7.01471,47.45807],[7.01587,47.4574],[7.01632,47.45705],[7.01645,47.45685],[7.01665,47.45664],[7.01681,47.45651],[7.01682,47.4565],[7.01824,47.45535],[7.01847,47.4552],[7.01892,47.45493],[7.01907,47.45483],[7.02007,47.45404],[7.02181,47.45273],[7.0219,47.45266],[7.02249,47.4521],[7.02264,47.45191],[7.0254,47.44736],[7.02547,47.44682],[7.02525,47.44649],[7.02453,47.44598],[7.02436,47.44564],[7.02441,47.44528],[7.02466,47.44496],[7.0258,47.44435],[7.02635,47.44425],[7.02658,47.44423],[7.02687,47.44423],[7.02715,47.44427],[7.02771,47.44437],[7.02856,47.44443],[7.02903,47.44434],[7.02965,47.4441],[7.02996,47.44402],[7.03023,47.44399],[7.03076,47.44404],[7.03145,47.44428],[7.03314,47.44476],[7.03488,47.44538],[7.03492,47.4454],[7.03588,47.44571],[7.03593,47.44573],[7.03887,47.44661],[7.03984,47.44702],[7.04007,47.44711],[7.04038,47.44719],[7.04065,47.44724],[7.04092,47.44726],[7.0412,47.44723],[7.0414,47.4472],[7.0416,47.44715],[7.04211,47.44701],[7.04265,47.44692],[7.04379,47.4469],[7.04498,47.44703],[7.04516,47.44704],[7.04655,47.44706],[7.04665,47.44706],[7.04905,47.44698],[7.04927,47.44696],[7.05141,47.44664],[7.05158,47.44662],[7.0532,47.44647],[7.05344,47.44646],[7.05361,47.44646],[7.05373,47.44646],[7.0542,47.44648],[7.05436,47.44649],[7.05498,47.44654],[7.05572,47.44668],[7.05679,47.44678],[7.05825,47.44666],[7.05871,47.44677],[7.05944,47.44735],[7.06003,47.44773],[7.06095,47.44792],[7.06157,47.44813],[7.06268,47.44828],[7.06391,47.44851],[7.06454,47.44873],[7.0651,47.44905],[7.06531,47.44915],[7.0657,47.4493],[7.06581,47.44934],[7.06659,47.44957],[7.06671,47.4496],[7.06766,47.44982],[7.06817,47.45001],[7.06849,47.45029],[7.06863,47.45068],[7.06866,47.45114],[7.06882,47.45144],[7.06914,47.45169],[7.07103,47.45242],[7.07237,47.45298],[7.0732,47.45345],[7.07434,47.45439],[7.07485,47.45509],[7.07476,47.45569],[7.07395,47.45702],[7.07378,47.45725],[7.07319,47.45787],[7.07316,47.45789],[7.07247,47.45859],[7.07245,47.45861],[7.07101,47.46014],[7.07045,47.46091],[7.06961,47.462],[7.0696,47.46201],[7.06937,47.46233],[7.06926,47.46253],[7.06923,47.46274],[7.06927,47.4647],[7.06934,47.46541],[7.06932,47.46572],[7.06917,47.46634],[7.06915,47.46641],[7.06894,47.46705],[7.06883,47.46728],[7.06817,47.46793],[7.06709,47.46915],[7.06689,47.4695],[7.067,47.47004],[7.06715,47.47019],[7.06734,47.47033],[7.06756,47.47043],[7.06788,47.47055],[7.06807,47.47061],[7.06946,47.47082],[7.06971,47.47092],[7.06998,47.47107],[7.07004,47.47112],[7.07022,47.47128],[7.07033,47.47142],[7.07057,47.47187],[7.07096,47.47215],[7.07172,47.4725],[7.07213,47.47276],[7.07248,47.47314],[7.07269,47.47327],[7.07332,47.47358],[7.07358,47.47374],[7.07374,47.47389],[7.07391,47.47425],[7.07391,47.47449],[7.07379,47.47515],[7.07381,47.47568],[7.07371,47.47606],[7.07368,47.47643],[7.07368,47.47644],[7.07366,47.47685],[7.07369,47.47704],[7.07386,47.47766],[7.07387,47.47768],[7.07397,47.47808],[7.07401,47.47834],[7.074,47.47883],[7.074,47.47893],[7.0742,47.48035],[7.07437,47.48261],[7.07439,47.48271],[7.0746,47.48363],[7.07486,47.48447],[7.0749,47.48478],[7.07486,47.48654],[7.07486,47.48655],[7.07485,47.48777],[7.07482,47.48799],[7.07442,47.48848],[7.07288,47.48952],[7.0725,47.49005],[7.07218,47.49179],[7.07188,47.49228],[7.07124,47.49257],[7.06753,47.49348],[7.06516,47.49403],[7.06296,47.49456],[7.06111,47.49525],[7.06037,47.49539],[7.05842,47.49541],[7.05792,47.49537],[7.05591,47.49504],[7.05554,47.49501],[7.05268,47.4951],[7.05221,47.49518],[7.04945,47.49604],[7.04836,47.49655],[7.04576,47.49793],[7.04479,47.49831],[7.04423,47.49836],[7.04305,47.49814],[7.04157,47.49802],[7.03796,47.49764],[7.03716,47.49735],[7.03695,47.49716],[7.03655,47.49673],[7.03641,47.49655],[7.03593,47.49578],[7.0359,47.49574],[7.03561,47.49534],[7.03558,47.4953],[7.03541,47.49509],[7.03528,47.49496],[7.03499,47.49471],[7.03481,47.49458],[7.0345,47.49445],[7.03422,47.49428],[7.03411,47.49419],[7.03385,47.49395],[7.03369,47.49375],[7.03368,47.49374],[7.03335,47.49334],[7.03319,47.49308],[7.03317,47.49303],[7.03304,47.49288],[7.03273,47.49258],[7.03265,47.49251],[7.0321,47.49208],[7.03112,47.4913],[7.03092,47.4911],[7.03039,47.49048],[7.03029,47.49038],[7.02941,47.4896],[7.0293,47.48952],[7.02772,47.48844],[7.02753,47.48833],[7.02731,47.48825],[7.02708,47.4882],[7.02683,47.48817],[7.02659,47.48818],[7.02605,47.48826],[7.02571,47.48827],[7.02423,47.48819],[7.02398,47.48816],[7.02223,47.48791],[7.02192,47.48784],[7.0215,47.48765],[7.02122,47.48736],[7.02077,47.48603],[7.02043,47.48572],[7.02027,47.48552],[7.01996,47.48498],[7.01992,47.48491],[7.01965,47.48438],[7.01962,47.48431],[7.01941,47.4838],[7.01913,47.48321],[7.01905,47.48288],[7.01904,47.48222],[7.01903,47.48198],[7.019,47.48181],[7.01892,47.48164],[7.01863,47.48135],[7.01788,47.481],[7.01697,47.48055],[7.01693,47.48053],[7.01624,47.48017],[7.01604,47.48005],[7.01587,47.47991],[7.01523,47.47927],[7.01509,47.4791],[7.01501,47.47895],[7.01497,47.47875],[7.01483,47.47762],[7.01484,47.47737],[7.01492,47.47713],[7.0152,47.47659],[7.01521,47.47658],[7.0153,47.4764],[7.01536,47.47623],[7.01537,47.47605],[7.01532,47.47587],[7.01523,47.47571],[7.01509,47.47556],[7.01491,47.47543],[7.01469,47.47533],[7.01445,47.47526],[7.0129,47.4749],[7.01248,47.47485],[7.01158,47.47483],[7.0107,47.47474],[7.00955,47.47473],[7.00935,47.47472],[7.0085,47.47466],[7.00847,47.47466],[7.00743,47.47457],[7.00742,47.47457],[7.00658,47.4745],[7.00655,47.47449],[7.00582,47.47445],[7.00566,47.47443],[7.0052,47.47437],[7.00491,47.47432],[7.0045,47.47415],[7.00421,47.47389],[7.00409,47.4737],[7.00374,47.47291],[7.00362,47.47271],[7.00343,47.47255],[7.00296,47.47221],[7.00277,47.47204],[7.00262,47.47186],[7.00216,47.47108],[7.00207,47.47088],[7.00204,47.47066],[7.00204,47.46986],[7.00202,47.4697],[7.00196,47.46955]]]},"properties":{"bfs_nr":6807,"name":"Basse-Allaine"}},{"type":"Feature","geometry":{"type":"Polygon","coordinates":[[[7.19091,47.34843],[7.19094,47.34844],[7.19438,47.35349],[7.1951,47.35376],[7.19547,47.35398],[7.196,47.35452],[7.19606,47.3548],[7.19646,47.35551],[7.19666,47.3558],[7.19682,47.35613],[7.19699,47.35655],[7.1972,47.35727],[7.19735,47.35763],[7.19815,47.35905],[7.19853,47.35965],[7.19865,47.36008],[7.19898,47.36067],[7.19943,47.36131],[7.19954,47.36158],[7.19991,47.362],[7.20043,47.3619],[7.20091,47.36168],[7.20199,47.36114],[7.20265,47.36159],[7.20345,47.36214],[7.20391,47.36263],[7.20454,47.36284],[7.20546,47.36314],[7.20642,47.36343],[7.20714,47.36386],[7.20786,47.36439],[7.2083,47.36478],[7.2091,47.36556],[7.2098,47.36604],[7.21098,47.36694],[7.21134,47.3675],[7.21175,47.36793],[7.21223,47.36846],[7.21289,47.36949],[7.2131,47.37016],[7.2122,47.37101],[7.21223,47.37144],[7.21207,47.37202],[7.21207,47.37216],[7.21213,47.37243],[7.21194,47.37282],[7.21158,47.37372],[7.21123,47.3741],[7.21074,47.37452],[7.21048,47.37481],[7.20881,47.37618],[7.20813,47.37618],[7.20769,47.37679],[7.20724,47.37686],[7.20668,47.37676],[7.2062,47.37666],[7.20555,47.37665],[7.20497,47.37668],[7.20431,47.37669],[7.20345,47.37639],[7.20284,47.37615],[7.2022,47.37582],[7.20156,47.37592],[7.19803,47.37665],[7.19609,47.3772],[7.1958,47.3773],[7.19555,47.3776],[7.19414,47.37865],[7.19378,47.37836],[7.19366,47.37827],[7.19353,47.37819],[7.19337,47.37814],[7.19249,47.37789],[7.19211,47.37784],[7.19192,47.37786],[7.19176,47.37788],[7.1916,47.37789],[7.19139,47.37788],[7.19119,47.37784],[7.19078,47.37772],[7.19059,47.37764],[7.18992,47.37734],[7.18994,47.37727],[7.18976,47.37727],[7.18963,47.37723],[7.18926,47.37717],[7.18908,47.37711],[7.1888,47.37693],[7.18842,47.37658],[7.1878,47.37625],[7.18775,47.37635],[7.18639,47.37661],[7.18589,47.3766],[7.18562,47.37725],[7.18533,47.37803],[7.18517,47.37833],[7.18499,47.37889],[7.18486,47.37974],[7.18486,47.38021],[7.1849,47.38054],[7.18482,47.38104],[7.18495,47.3817],[7.18454,47.38144],[7.18361,47.38098],[7.18272,47.38087],[7.18231,47.381],[7.18188,47.3808],[7.18029,47.38034],[7.17964,47.38006],[7.1791,47.38092],[7.17903,47.38177],[7.17844,47.38233],[7.17836,47.38299],[7.17801,47.38384],[7.17779,47.38417],[7.17743,47.38458],[7.17671,47.38549],[7.17463,47.38472],[7.17426,47.38478],[7.17285,47.38445],[7.17178,47.38419],[7.17059,47.38395],[7.16943,47.38374],[7.168,47.38355],[7.16724,47.38329],[7.16655,47.38297],[7.16589,47.3826],[7.16479,47.3821],[7.16373,47.38156],[7.1632,47.38134],[7.16273,47.38103],[7.16214,47.38084],[7.16155,47.38064],[7.16105,47.38047],[7.16,47.37994],[7.15951,47.37963],[7.15898,47.37937],[7.15775,47.37906],[7.15724,47.37907],[7.15699,47.3792],[7.15655,47.37928],[7.15599,47.37936],[7.1557,47.37932],[7.15544,47.37925],[7.15459,47.379],[7.15397,47.37883],[7.15346,47.37872],[7.15288,47.37861],[7.15227,47.37853],[7.15173,47.3785],[7.15107,47.37846],[7.15072,47.37846],[7.14998,47.3783],[7.14944,47.37819],[7.14902,47.37822],[7.14885,47.37825],[7.14868,47.37829],[7.14843,47.37831],[7.148,47.37835],[7.14677,47.37841],[7.14521,47.37862],[7.14236,47.37946],[7.14213,47.37929],[7.14101,47.37854],[7.14003,47.37787],[7.13888,47.37779],[7.13481,47.37773],[7.13326,47.37776],[7.13274,47.37786],[7.1315,47.37755],[7.13137,47.37751],[7.13005,47.37728],[7.12941,47.37715],[7.12853,47.37679],[7.12786,47.37645],[7.12738,47.37609],[7.12631,47.37646],[7.12553,47.37695],[7.12534,47.37708],[7.1249,47.37703],[7.12469,47.37697],[7.12446,47.37696],[7.12394,47.37669],[7.12375,47.37695],[7.12371,47.3776],[7.12373,47.37822],[7.12289,47.37815],[7.12287,47.37882],[7.12243,47.37906],[7.12191,47.37839],[7.12133,47.3776],[7.12103,47.37731],[7.12088,47.37707],[7.12079,47.37675],[7.12086,47.37647],[7.12127,47.37641],[7.1212,47.37606],[7.12098,47.37567],[7.12018,47.37508],[7.11936,47.37466],[7.11924,47.37494],[7.11917,47.37519],[7.11834,47.37452],[7.11789,47.37421],[7.11718,47.37383],[7.11542,47.3748],[7.11545,47.37484],[7.1155,47.37529],[7.11457,47.37505],[7.114,47.37499],[7.11338,47.37493],[7.11278,47.37494],[7.11189,47.37518],[7.11127,47.37522],[7.1102,47.37499],[7.10958,47.37473],[7.10878,47.37469],[7.10791,47.37471],[7.10811,47.37499],[7.10849,47.3753],[7.10765,47.37562],[7.10695,47.37588],[7.10674,47.37578],[7.10602,47.37543],[7.10551,47.3753],[7.10476,47.3753],[7.10413,47.37516],[7.10307,47.37505],[7.10315,47.37421],[7.10377,47.37417],[7.1052,47.37423],[7.10534,47.37381],[7.10472,47.37336],[7.10205,47.37308],[7.09523,47.37003],[7.0889,47.36893],[7.0862,47.36938],[7.08483,47.36905],[7.08405,47.3689],[7.08365,47.369],[7.08331,47.36908],[7.08301,47.36914],[7.0824,47.36923],[7.08192,47.3693],[7.08099,47.36924],[7.08026,47.36933],[7.07983,47.36933],[7.07912,47.36916],[7.07814,47.36916],[7.07747,47.36933],[7.07685,47.3697],[7.07594,47.36995],[7.07604,47.37036],[7.07529,47.37039],[7.07497,47.37035],[7.07472,47.37029],[7.07448,47.37027],[7.07402,47.37024],[7.0737,47.37018],[7.07317,47.37011],[7.07223,47.37008],[7.07113,47.37008],[7.06977,47.37016],[7.06947,47.37016],[7.06897,47.3702],[7.06865,47.3703],[7.06851,47.37034],[7.06827,47.37046],[7.06773,47.3707],[7.06726,47.37079],[7.06673,47.37087],[7.06573,47.37092],[7.06579,47.37132],[7.06583,47.37202],[7.06496,47.37195],[7.06433,47.37189],[7.06312,47.37169],[7.0621,47.3713],[7.06141,47.37111],[7.05997,47.37087],[7.05942,47.37074],[7.05879,47.37054],[7.05731,47.37013],[7.05656,47.36986],[7.05637,47.36969],[7.0544,47.36947],[7.05376,47.36951],[7.0533,47.36954],[7.05303,47.36943],[7.05268,47.36947],[7.0524,47.36969],[7.05174,47.36997],[7.04991,47.37],[7.04809,47.3699],[7.0446,47.36961],[7.04204,47.36953],[7.0407,47.36943],[7.03947,47.36914],[7.03824,47.36884],[7.03428,47.368],[7.03415,47.368],[7.03438,47.367],[7.0343,47.3658],[7.03438,47.36466],[7.03484,47.36335],[7.03641,47.36364],[7.03775,47.36373],[7.03824,47.36398],[7.03959,47.36402],[7.04004,47.36414],[7.04225,47.36421],[7.04313,47.36427],[7.04382,47.36401],[7.0445,47.36385],[7.04627,47.36299],[7.0469,47.36261],[7.04678,47.36244],[7.04819,47.3624],[7.04835,47.3622],[7.04855,47.36234],[7.04914,47.36188],[7.04939,47.36185],[7.04994,47.36143],[7.04996,47.36087],[7.05007,47.36033],[7.04994,47.35957],[7.05007,47.35898],[7.05066,47.35788],[7.05184,47.35679],[7.05194,47.3566],[7.05157,47.3558],[7.05163,47.35477],[7.05202,47.35367],[7.05247,47.35286],[7.05278,47.35187],[7.05279,47.35133],[7.05116,47.35067],[7.05052,47.34994],[7.04999,47.34868],[7.04988,47.34771],[7.05124,47.34759],[7.05225,47.34755],[7.05472,47.34751],[7.05588,47.34725],[7.05673,47.34686],[7.05789,47.34624],[7.05946,47.3455],[7.06062,47.34484],[7.0612,47.34455],[7.06239,47.34411],[7.0598,47.33974],[7.05931,47.33981],[7.05865,47.33965],[7.05834,47.33929],[7.05721,47.33909],[7.0569,47.33893],[7.05613,47.33882],[7.05549,47.33884],[7.0545,47.33843],[7.05436,47.33827],[7.05522,47.33759],[7.05503,47.33744],[7.05349,47.33692],[7.05293,47.33669],[7.05342,47.33595],[7.05366,47.33578],[7.05366,47.33542],[7.05282,47.33521],[7.05337,47.33508],[7.05358,47.33491],[7.05463,47.3347],[7.05564,47.33472],[7.05589,47.33446],[7.05622,47.33457],[7.05696,47.3344],[7.05154,47.33052],[7.04727,47.32761],[7.04564,47.3265],[7.045,47.32643],[7.04392,47.32641],[7.04328,47.32645],[7.04223,47.32665],[7.0416,47.32691],[7.03706,47.32794],[7.03562,47.32807],[7.03452,47.32832],[7.03464,47.32706],[7.03595,47.32625],[7.03658,47.3259],[7.04082,47.32547],[7.04322,47.32534],[7.04411,47.32351],[7.0447,47.32273],[7.04481,47.32151],[7.04499,47.32126],[7.04446,47.32103],[7.04401,47.32053],[7.04374,47.32017],[7.04393,47.31991],[7.04435,47.31961],[7.0454,47.31928],[7.04648,47.31948],[7.04719,47.31954],[7.04883,47.31956],[7.04948,47.31952],[7.05007,47.31945],[7.05114,47.31917],[7.05079,47.31845],[7.05086,47.31816],[7.05143,47.3177],[7.05178,47.31764],[7.0522,47.31766],[7.0524,47.31717],[7.05303,47.31679],[7.05353,47.31685],[7.05415,47.31683],[7.05552,47.31689],[7.05603,47.31712],[7.05647,47.31748],[7.05704,47.31776],[7.05756,47.31812],[7.06037,47.31987],[7.06125,47.32044],[7.06143,47.32079],[7.0614,47.32107],[7.06216,47.32109],[7.06294,47.32085],[7.06307,47.32123],[7.06328,47.32159],[7.06418,47.32109],[7.06472,47.32146],[7.0651,47.32153],[7.06573,47.32147],[7.06703,47.32075],[7.06747,47.32034],[7.06786,47.32022],[7.0684,47.31978],[7.0685,47.31954],[7.06843,47.31929],[7.06877,47.31875],[7.06912,47.31855],[7.06918,47.31887],[7.06912,47.31918],[7.06916,47.31929],[7.06938,47.31938],[7.06969,47.31977],[7.07031,47.31995],[7.0704,47.3201],[7.07073,47.31992],[7.0706,47.31922],[7.07075,47.31905],[7.0712,47.31909],[7.07144,47.31921],[7.07217,47.31834],[7.07321,47.31668],[7.07359,47.31605],[7.07293,47.31587],[7.07226,47.31561],[7.07129,47.31541],[7.07157,47.31516],[7.07299,47.31499],[7.07761,47.31532],[7.07887,47.31559],[7.07939,47.31413],[7.07971,47.31379],[7.08015,47.31335],[7.08179,47.31382],[7.0823,47.3138],[7.08335,47.31375],[7.08522,47.3137],[7.08631,47.31364],[7.08827,47.31354],[7.09062,47.31346],[7.09346,47.31364],[7.09555,47.31379],[7.09738,47.31332],[7.09781,47.3143],[7.09799,47.31471],[7.09867,47.31521],[7.10036,47.3154],[7.10124,47.31561],[7.10217,47.31582],[7.10317,47.31602],[7.10455,47.3162],[7.10522,47.31627],[7.10753,47.31642],[7.10788,47.31626],[7.10817,47.31633],[7.10853,47.31624],[7.10872,47.3163],[7.10952,47.31633],[7.11003,47.31624],[7.11025,47.3164],[7.11107,47.31637],[7.11137,47.3165],[7.11183,47.31647],[7.11122,47.3167],[7.11069,47.31704],[7.11041,47.31707],[7.11027,47.31742],[7.11006,47.3176],[7.10999,47.31774],[7.10985,47.31783],[7.1099,47.318],[7.10981,47.31813],[7.10958,47.31827],[7.10957,47.31843],[7.1096,47.31853],[7.10921,47.31874],[7.10885,47.31881],[7.10854,47.31877],[7.10818,47.31895],[7.108,47.31909],[7.1074,47.31922],[7.10732,47.31915],[7.10723,47.31914],[7.10711,47.31918],[7.10678,47.31912],[7.10643,47.31892],[7.10553,47.31904],[7.10465,47.31901],[7.10442,47.31926],[7.10385,47.31957],[7.10447,47.32029],[7.10489,47.32132],[7.10503,47.32216],[7.10548,47.3226],[7.10776,47.32333],[7.10924,47.32354],[7.1113,47.32367],[7.11232,47.3242],[7.11392,47.32483],[7.11631,47.3256],[7.11837,47.32605],[7.11951,47.32635],[7.12181,47.32685],[7.12246,47.32712],[7.12285,47.32719],[7.1232,47.32728],[7.12377,47.32748],[7.12431,47.32765],[7.12472,47.32773],[7.12545,47.32794],[7.12596,47.32812],[7.1263,47.32827],[7.1269,47.32841],[7.12723,47.32845],[7.12826,47.32865],[7.12939,47.32877],[7.13002,47.32883],[7.13096,47.32888],[7.13139,47.32894],[7.13175,47.32895],[7.13197,47.3289],[7.13225,47.32887],[7.13267,47.3289],[7.13336,47.32908],[7.13379,47.32926],[7.1342,47.32953],[7.1344,47.32972],[7.13451,47.32989],[7.13462,47.33016],[7.13476,47.33068],[7.13486,47.33126],[7.13474,47.33181],[7.13463,47.332],[7.13436,47.33283],[7.13414,47.33334],[7.13416,47.33405],[7.13426,47.33487],[7.13436,47.33508],[7.13454,47.33533],[7.13484,47.33555],[7.13519,47.33569],[7.13565,47.3358],[7.13602,47.3358],[7.13656,47.33572],[7.13872,47.33531],[7.13914,47.33521],[7.13993,47.33497],[7.14029,47.33485],[7.1409,47.33458],[7.14205,47.33392],[7.14273,47.33355],[7.14334,47.33335],[7.14364,47.33327],[7.1446,47.3331],[7.14518,47.33302],[7.14602,47.333],[7.14741,47.33306],[7.14791,47.33306],[7.14876,47.33311],[7.14955,47.33337],[7.15099,47.33119],[7.15118,47.33026],[7.15151,47.32907],[7.15171,47.32767],[7.1526,47.32781],[7.15321,47.32781],[7.15445,47.32838],[7.1564,47.3283],[7.15611,47.32824],[7.15578,47.32791],[7.15571,47.32764],[7.15446,47.32745],[7.1535,47.32711],[7.15333,47.32692],[7.15385,47.32665],[7.15418,47.32643],[7.15455,47.32598],[7.1546,47.32547],[7.153,47.3244],[7.15196,47.32428],[7.15011,47.32419],[7.14889,47.32427],[7.14928,47.32358],[7.15034,47.32349],[7.15138,47.32346],[7.15207,47.3235],[7.15254,47.32359],[7.15296,47.32313],[7.15417,47.3235],[7.15466,47.32315],[7.15557,47.32354],[7.1563,47.32412],[7.15665,47.32468],[7.15681,47.32491],[7.15713,47.32476],[7.15756,47.32519],[7.15785,47.32552],[7.15805,47.32577],[7.15869,47.32638],[7.15875,47.32635],[7.15926,47.32653],[7.1596,47.32674],[7.16027,47.32738],[7.16027,47.32739],[7.16053,47.32766],[7.16101,47.32807],[7.16116,47.32824],[7.16123,47.32843],[7.16138,47.32861],[7.16196,47.3291],[7.16288,47.32974],[7.16293,47.3297],[7.16325,47.32992],[7.16341,47.33003],[7.16362,47.33027],[7.16346,47.33055],[7.16344,47.33066],[7.16334,47.33071],[7.16285,47.33092],[7.164,47.33144],[7.16531,47.33178],[7.16561,47.3318],[7.16707,47.33218],[7.16786,47.33252],[7.16815,47.33259],[7.16852,47.33277],[7.16916,47.33327],[7.16934,47.33333],[7.17022,47.33395],[7.17087,47.33453],[7.17103,47.3348],[7.1721,47.33597],[7.17277,47.33664],[7.17361,47.33735],[7.17401,47.33767],[7.17386,47.33778],[7.17462,47.3383],[7.17594,47.33932],[7.17625,47.3396],[7.1765,47.33979],[7.17683,47.34],[7.17758,47.34064],[7.17781,47.34094],[7.17813,47.34125],[7.17838,47.34145],[7.1793,47.34225],[7.17981,47.34268],[7.18049,47.34361],[7.18058,47.34376],[7.18087,47.34411],[7.18154,47.3449],[7.18188,47.34499],[7.18243,47.34533],[7.18269,47.34553],[7.18282,47.34564],[7.18324,47.3459],[7.18342,47.346],[7.184,47.34627],[7.18434,47.34638],[7.1852,47.3465],[7.18654,47.34684],[7.187,47.34701],[7.18747,47.34716],[7.18752,47.34716],[7.18773,47.34721],[7.18815,47.34733],[7.18903,47.34761],[7.1906,47.34825],[7.19091,47.34843]]]},"properties":{"bfs_nr":6808,"name":"Clos du Doubs"}},{"type":"Feature","geometry":{"type":"Polygon","coordinates":[[[6.87931,47.35344],[6.87949,47.35303],[6.87984,47.35276],[6.88032,47.3526],[6.88209,47.35244],[6.88327,47.35244],[6.88379,47.35254],[6.88505,47.35303],[6.88639,47.35327],[6.88681,47.35344],[6.88755,47.35401],[6.88854,47.35433],[6.8892,47.35474],[6.89003,47.35509],[6.89078,47.35532],[6.89128,47.35555],[6.8917,47.35589],[6.89226,47.35608],[6.89291,47.3562],[6.89359,47.35623],[6.89404,47.35633],[6.89445,47.35654],[6.89471,47.35685],[6.8948,47.35741],[6.89498,47.35771],[6.89571,47.35832],[6.89639,47.35849],[6.89772,47.35849],[6.89814,47.35842],[6.899,47.35811],[6.89949,47.35802],[6.9,47.35806],[6.90045,47.35823],[6.9018,47.35929],[6.9028,47.35954],[6.9038,47.35951],[6.90533,47.35921],[6.90586,47.35916],[6.90712,47.35884],[6.90877,47.35866],[6.91143,47.35806],[6.91246,47.358],[6.91382,47.35774],[6.91498,47.35763],[6.9155,47.35753],[6.91592,47.35729],[6.91653,47.3565],[6.91734,47.35599],[6.91834,47.35562],[6.91936,47.35537],[6.91989,47.3553],[6.92208,47.35534],[6.92339,47.35542],[6.92415,47.35535],[6.92464,47.35539],[6.92607,47.35596],[6.92929,47.35719],[6.93083,47.35786],[6.93207,47.35806],[6.93291,47.35825],[6.9334,47.35824],[6.93385,47.35812],[6.93501,47.35763],[6.9356,47.35757],[6.93679,47.3576],[6.93806,47.35773],[6.9397,47.35783],[6.94233,47.3577],[6.94315,47.35781],[6.94399,47.35817],[6.94571,47.35905],[6.94616,47.35922],[6.94763,47.3594],[6.94837,47.35936],[6.95004,47.35952],[6.95133,47.35974],[6.95184,47.35974],[6.95299,47.35931],[6.95395,47.35932],[6.95614,47.35914],[6.95675,47.35916],[6.95842,47.35944],[6.95882,47.35947],[6.9605,47.35935],[6.96115,47.35938],[6.9618,47.35962],[6.96252,47.36],[6.96347,47.36017],[6.96418,47.36002],[6.96465,47.35971],[6.96547,47.35942],[6.96596,47.35939],[6.96704,47.35943],[6.96797,47.3596],[6.9684,47.35979],[6.96997,47.36028],[6.97064,47.36067],[6.97117,47.36076],[6.97207,47.36072],[6.97359,47.36039],[6.97437,47.36042],[6.97557,47.36097],[6.97738,47.36144],[6.97988,47.36231],[6.98094,47.36278],[6.98255,47.3633],[6.98441,47.36368],[6.98609,47.36381],[6.98755,47.36379],[6.99303,47.36338],[6.99404,47.36326],[6.99464,47.36327],[6.99563,47.36342],[6.9965,47.36366],[6.99869,47.36447],[7.00043,47.36529],[7.002,47.36616],[7.00423,47.36712],[7.00562,47.36745],[7.00622,47.36768],[7.00679,47.36805],[7.00736,47.36823],[7.00782,47.36852],[7.00815,47.36886],[7.00836,47.36932],[7.00941,47.37052],[7.01032,47.37126],[7.01104,47.37201],[7.01213,47.37291],[7.01231,47.37315],[7.0125,47.37362],[7.01255,47.37394],[7.01255,47.37397],[7.01249,47.37428],[7.01245,47.37444],[7.01246,47.3746],[7.0125,47.37475],[7.01264,47.37507],[7.01266,47.37512],[7.0131,47.37595],[7.01324,47.37614],[7.01345,47.37636],[7.01417,47.37698],[7.01437,47.37709],[7.01454,47.37717],[7.01476,47.37725],[7.01502,47.37733],[7.01556,47.37744],[7.01596,47.37762],[7.01625,47.37789],[7.01651,47.37854],[7.01652,47.37863],[7.01661,47.37907],[7.01667,47.37944],[7.01667,47.37947],[7.01673,47.37973],[7.01707,47.38029],[7.01737,47.38053],[7.01773,47.38138],[7.0181,47.38188],[7.01819,47.38242],[7.01835,47.38296],[7.01836,47.38299],[7.01849,47.38349],[7.01852,47.38372],[7.01856,47.38614],[7.01855,47.38642],[7.01855,47.38672],[7.01856,47.38679],[7.01869,47.38778],[7.01875,47.38838],[7.01886,47.3895],[7.01886,47.38952],[7.01888,47.38974],[7.01884,47.39034],[7.0189,47.39052],[7.01896,47.39064],[7.01902,47.39074],[7.01946,47.39136],[7.01953,47.39145],[7.02027,47.39226],[7.02033,47.39231],[7.02112,47.39304],[7.02132,47.39319],[7.02156,47.3933],[7.02221,47.39354],[7.02225,47.39355],[7.02356,47.39399],[7.02447,47.39433],[7.0247,47.3944],[7.02494,47.39444],[7.0252,47.39444],[7.02544,47.39441],[7.02628,47.39419],[7.02682,47.39412],[7.02728,47.39416],[7.02781,47.39434],[7.02814,47.3946],[7.02831,47.39492],[7.02808,47.39603],[7.02827,47.3969],[7.02898,47.39785],[7.02906,47.39808],[7.02909,47.39836],[7.02906,47.39857],[7.029,47.39873],[7.02874,47.39901],[7.02818,47.39929],[7.02753,47.39937],[7.02615,47.39938],[7.0257,47.39953],[7.02521,47.39979],[7.02455,47.4002],[7.02389,47.40044],[7.02354,47.40068],[7.0231,47.40114],[7.02302,47.40123],[7.02267,47.4017],[7.02255,47.40192],[7.02245,47.40225],[7.02227,47.4026],[7.02201,47.40297],[7.02187,47.40341],[7.02175,47.40359],[7.02157,47.40374],[7.02111,47.40402],[7.02097,47.40415],[7.0204,47.40481],[7.01972,47.40555],[7.01953,47.40571],[7.0187,47.40635],[7.01853,47.40652],[7.01842,47.40671],[7.01822,47.40727],[7.01774,47.40774],[7.01736,47.40848],[7.0172,47.40926],[7.01705,47.40943],[7.01687,47.40959],[7.01661,47.40978],[7.01641,47.40989],[7.01625,47.41002],[7.01552,47.41073],[7.0152,47.41097],[7.01507,47.41108],[7.01455,47.41159],[7.0142,47.41183],[7.01406,47.4119],[7.0138,47.41201],[7.01333,47.41216],[7.01239,47.41278],[7.01127,47.41366],[7.01081,47.41384],[7.00995,47.41388],[7.0095,47.41397],[7.00912,47.41415],[7.00828,47.41473],[7.00809,47.41484],[7.00776,47.41501],[7.00625,47.41594],[7.00495,47.41664],[7.00355,47.41723],[7.00319,47.41749],[7.0027,47.41802],[7.0023,47.41822],[7.00204,47.41846],[7.00141,47.41932],[7.00122,47.41952],[7.00103,47.41965],[7.00054,47.41982],[6.99971,47.4198],[6.99746,47.4194],[6.99673,47.41941],[6.99602,47.41967],[6.99522,47.4197],[6.99429,47.41946],[6.99379,47.41935],[6.99336,47.41915],[6.99305,47.41886],[6.99242,47.41831],[6.99232,47.41823],[6.99202,47.41802],[6.99184,47.41792],[6.99163,47.41784],[6.99141,47.41779],[6.99117,47.41774],[6.99103,47.41772],[6.98906,47.41752],[6.989,47.41752],[6.98826,47.41747],[6.98797,47.41747],[6.98764,47.4175],[6.98722,47.4175],[6.98548,47.41742],[6.98295,47.41764],[6.97936,47.41769],[6.97888,47.41766],[6.9782,47.41738],[6.97608,47.4159],[6.97602,47.41586],[6.9748,47.41492],[6.97396,47.41452],[6.97367,47.41422],[6.97357,47.414],[6.9734,47.41332],[6.97332,47.41314],[6.97303,47.41284],[6.97282,47.41272],[6.97232,47.41259],[6.97174,47.41255],[6.97088,47.41227],[6.96918,47.41193],[6.96894,47.41187],[6.96871,47.41177],[6.96758,47.41124],[6.96731,47.41108],[6.96702,47.41077],[6.96609,47.40929],[6.96582,47.40868],[6.96579,47.40861],[6.9656,47.40827],[6.96543,47.40796],[6.96529,47.40741],[6.96497,47.4071],[6.9644,47.4068],[6.96413,47.40649],[6.96384,47.40578],[6.96348,47.40554],[6.96277,47.40539],[6.96115,47.40547],[6.95942,47.40532],[6.95898,47.40517],[6.95647,47.40357],[6.95604,47.40306],[6.95604,47.4027],[6.95625,47.40237],[6.95696,47.40179],[6.9573,47.40041],[6.95736,47.39956],[6.95727,47.39919],[6.95715,47.39902],[6.95698,47.39888],[6.95577,47.39805],[6.95522,47.39777],[6.95492,47.39747],[6.95482,47.39725],[6.95481,47.39722],[6.9548,47.39719],[6.95477,47.39709],[6.95474,47.39701],[6.9547,47.39681],[6.95467,47.39657],[6.95459,47.39633],[6.95449,47.39614],[6.95439,47.39588],[6.95437,47.39571],[6.95437,47.39557],[6.95437,47.39555],[6.95437,47.3953],[6.95439,47.39507],[6.95457,47.3943],[6.95495,47.39373],[6.95508,47.3934],[6.95502,47.39305],[6.95471,47.39259],[6.95451,47.39189],[6.95423,47.39163],[6.95405,47.39153],[6.95395,47.39148],[6.9538,47.39143],[6.95331,47.39127],[6.95328,47.39126],[6.95217,47.39092],[6.95138,47.39078],[6.95093,47.39059],[6.95057,47.3903],[6.9501,47.39007],[6.9495,47.38995],[6.94911,47.38976],[6.94867,47.38933],[6.94847,47.38907],[6.94837,47.3889],[6.94827,47.38864],[6.94817,47.38821],[6.94808,47.38796],[6.94802,47.38772],[6.948,47.38752],[6.94802,47.38722],[6.94806,47.38705],[6.94807,47.38684],[6.94805,47.3864],[6.94822,47.38605],[6.94861,47.38567],[6.94874,47.38533],[6.94876,47.38498],[6.9488,47.38446],[6.9488,47.38444],[6.94881,47.38434],[6.94881,47.38431],[6.94881,47.38419],[6.94881,47.38418],[6.94879,47.38328],[6.94879,47.38327],[6.94879,47.38311],[6.94878,47.38305],[6.94876,47.38289],[6.94874,47.3828],[6.94869,47.38263],[6.94864,47.38251],[6.94858,47.38241],[6.94848,47.38227],[6.94841,47.38218],[6.94796,47.38168],[6.94792,47.38164],[6.94788,47.38159],[6.94781,47.3815],[6.94774,47.3814],[6.94768,47.38128],[6.94739,47.38071],[6.9473,47.38044],[6.94729,47.38008],[6.94736,47.3799],[6.94749,47.37971],[6.9475,47.37969],[6.94769,47.37945],[6.94771,47.37944],[6.94801,47.37907],[6.94802,47.37906],[6.94838,47.37862],[6.94839,47.37862],[6.94876,47.37817],[6.94908,47.37779],[6.94928,47.37759],[6.94974,47.37731],[6.95002,47.37703],[6.95025,47.37686],[6.95042,47.37677],[6.95055,47.37671],[6.95071,47.37664],[6.95094,47.37655],[6.95146,47.37631],[6.95218,47.37602],[6.95258,47.37579],[6.95309,47.37549],[6.95326,47.37538],[6.95334,47.37531],[6.95366,47.37506],[6.95376,47.37496],[6.95403,47.37467],[6.95414,47.37452],[6.95421,47.37435],[6.9542,47.37399],[6.95381,47.37354],[6.95337,47.37335],[6.95263,47.37324],[6.9519,47.37297],[6.9517,47.37291],[6.95127,47.37282],[6.95098,47.37278],[6.95074,47.37276],[6.95055,47.37276],[6.95023,47.37277],[6.94995,47.37275],[6.94963,47.37271],[6.94924,47.37262],[6.94906,47.37255],[6.94893,47.3725],[6.94845,47.37231],[6.94729,47.37198],[6.9468,47.37185],[6.94634,47.37168],[6.94524,47.3715],[6.94474,47.37154],[6.94411,47.37182],[6.94377,47.37215],[6.94332,47.37241],[6.94251,47.37323],[6.94234,47.37355],[6.94227,47.37389],[6.94216,47.37419],[6.94195,47.37456],[6.94186,47.37488],[6.94184,47.37552],[6.94196,47.37594],[6.94187,47.3763],[6.94156,47.37691],[6.94148,47.37787],[6.94157,47.37833],[6.94129,47.37952],[6.94125,47.37992],[6.94119,47.38018],[6.94109,47.38034],[6.94078,47.38061],[6.94035,47.38078],[6.94004,47.38082],[6.93961,47.38086],[6.93932,47.38088],[6.93818,47.38087],[6.93787,47.38085],[6.93739,47.38079],[6.93732,47.38078],[6.9369,47.38075],[6.93683,47.38075],[6.93634,47.38072],[6.93594,47.38068],[6.93503,47.38051],[6.93487,47.38047],[6.93447,47.38037],[6.93428,47.38033],[6.93371,47.38025],[6.93368,47.38025],[6.93231,47.38008],[6.93203,47.38005],[6.93118,47.37998],[6.9311,47.37998],[6.93094,47.37997],[6.93072,47.37998],[6.93057,47.37999],[6.93,47.38007],[6.92973,47.38008],[6.92903,47.38007],[6.92834,47.38006],[6.92811,47.38007],[6.92788,47.38011],[6.92731,47.3803],[6.92608,47.38045],[6.92445,47.3805],[6.92396,47.38062],[6.92357,47.38086],[6.92319,47.38141],[6.92259,47.38176],[6.92234,47.38181],[6.92201,47.38184],[6.9219,47.38184],[6.92185,47.38184],[6.9217,47.38184],[6.9214,47.38181],[6.92069,47.38158],[6.92014,47.3815],[6.91924,47.38156],[6.91899,47.38161],[6.91873,47.38164],[6.91842,47.38164],[6.91829,47.38163],[6.91819,47.38162],[6.91749,47.38155],[6.91722,47.38153],[6.9166,47.38146],[6.91623,47.3814],[6.91607,47.38135],[6.91572,47.38127],[6.91563,47.38126],[6.91561,47.38126],[6.91514,47.38114],[6.91505,47.38111],[6.91484,47.38102],[6.91419,47.38073],[6.91387,47.38057],[6.91364,47.3805],[6.91325,47.38042],[6.91298,47.38038],[6.91271,47.38038],[6.91219,47.38048],[6.91178,47.38072],[6.91142,47.38124],[6.91082,47.38159],[6.91036,47.38167],[6.9094,47.38177],[6.90799,47.38211],[6.90771,47.38213],[6.90736,47.3821],[6.90702,47.38204],[6.9067,47.38199],[6.90609,47.38194],[6.90534,47.38212],[6.90454,47.38255],[6.90361,47.38261],[6.90086,47.38234],[6.89882,47.38229],[6.89675,47.38219],[6.89592,47.38194],[6.89556,47.38166],[6.89539,47.38113],[6.89563,47.38039],[6.89556,47.38007],[6.89514,47.37966],[6.89369,47.37912],[6.89253,47.37855],[6.89038,47.37743],[6.8886,47.37655],[6.88713,47.37562],[6.88533,47.37438],[6.88449,47.37371],[6.88371,47.37293],[6.88359,47.37255],[6.88359,47.37209],[6.88417,47.36923],[6.88456,47.36839],[6.88484,47.36766],[6.88487,47.36735],[6.8846,47.36672],[6.88393,47.36586],[6.88374,47.36546],[6.88353,47.3642],[6.88326,47.36296],[6.88259,47.36136],[6.88239,47.36108],[6.88165,47.36036],[6.88049,47.3597],[6.8801,47.35918],[6.87995,47.35857],[6.87948,47.35794],[6.87932,47.35761],[6.87929,47.35684],[6.87942,47.35538],[6.87915,47.35388],[6.87931,47.35344]]]},"properties":{"bfs_nr":6809,"name":"Haute-Ajoie"}},{"type":"Feature","geometry":{"type":"Polygon","coordinates":[[[7.15074,47.43571],[7.1504,47.43544],[7.15024,47.43513],[7.15026,47.43475],[7.15062,47.43369],[7.15107,47.43308],[7.15117,47.43278],[7.15122,47.43215],[7.15125,47.43195],[7.15144,47.43132],[7.15144,47.43131],[7.15201,47.42926],[7.15203,47.42912],[7.15199,47.42872],[7.1517,47.42807],[7.15174,47.42753],[7.1526,47.42577],[7.15304,47.42533],[7.15377,47.42512],[7.1561,47.42492],[7.15687,47.42491],[7.15743,47.42489],[7.1577,47.42487],[7.1585,47.42475],[7.15962,47.42444],[7.1605,47.42425],[7.16071,47.4242],[7.1609,47.42411],[7.16128,47.42392],[7.16165,47.42368],[7.16205,47.42348],[7.16237,47.42329],[7.16293,47.42289],[7.16383,47.42258],[7.16497,47.42225],[7.16627,47.4219],[7.16633,47.42189],[7.16855,47.42122],[7.16879,47.42113],[7.169,47.421],[7.16979,47.42041],[7.1698,47.42041],[7.17053,47.41985],[7.17178,47.41899],[7.17216,47.41865],[7.1723,47.41848],[7.17298,47.41763],[7.17358,47.41685],[7.17394,47.41663],[7.17451,47.41647],[7.17507,47.41608],[7.17606,47.41474],[7.1761,47.41468],[7.17676,47.41359],[7.17706,47.41327],[7.17763,47.41286],[7.17848,47.41138],[7.1785,47.41134],[7.17909,47.41021],[7.18016,47.40827],[7.18067,47.40735],[7.18072,47.40724],[7.18132,47.40557],[7.18219,47.40402],[7.18288,47.40302],[7.18382,47.40208],[7.18394,47.40174],[7.18385,47.40139],[7.18309,47.40006],[7.183,47.39985],[7.1828,47.39922],[7.18268,47.39886],[7.1829,47.39826],[7.18333,47.39795],[7.18419,47.39758],[7.18448,47.39722],[7.18485,47.39586],[7.18466,47.39534],[7.18419,47.39484],[7.18419,47.3943],[7.18485,47.39275],[7.18533,47.39175],[7.18548,47.39152],[7.18615,47.39069],[7.18626,47.39053],[7.18631,47.39036],[7.18631,47.39018],[7.18617,47.38985],[7.18603,47.3897],[7.18585,47.38957],[7.18563,47.38947],[7.18541,47.38939],[7.18501,47.38921],[7.18485,47.38913],[7.18421,47.38877],[7.18415,47.38873],[7.18353,47.38843],[7.18307,47.38823],[7.18262,47.38794],[7.18199,47.38774],[7.18141,47.38745],[7.18049,47.38703],[7.17966,47.38674],[7.17831,47.3862],[7.17816,47.38614],[7.17775,47.38594],[7.1775,47.38579],[7.17722,47.38549],[7.17715,47.38513],[7.17731,47.38474],[7.17775,47.38422],[7.17783,47.38411],[7.17797,47.3839],[7.17803,47.38378],[7.17833,47.38306],[7.17837,47.38291],[7.17841,47.38261],[7.17846,47.38242],[7.17854,47.38227],[7.17868,47.38211],[7.17881,47.38197],[7.17893,47.38183],[7.17901,47.38168],[7.17905,47.38151],[7.17906,47.38135],[7.17911,47.38114],[7.17933,47.38083],[7.1797,47.3806],[7.18042,47.38047],[7.18097,47.38055],[7.18165,47.38074],[7.18191,47.38083],[7.18215,47.3809],[7.18242,47.38093],[7.18268,47.38093],[7.18286,47.38091],[7.18318,47.38093],[7.18331,47.38094],[7.18356,47.38096],[7.18429,47.3808],[7.18464,47.38055],[7.18484,47.38023],[7.18486,47.38006],[7.18487,47.37967],[7.18498,47.37898],[7.18514,47.37845],[7.18523,47.37822],[7.18531,47.37807],[7.18535,47.37798],[7.18562,47.37725],[7.18591,47.37687],[7.18636,47.37664],[7.18746,47.37641],[7.18799,47.37646],[7.18845,47.37664],[7.18867,47.37681],[7.18873,47.37687],[7.18893,47.37701],[7.18918,47.37713],[7.18945,47.3772],[7.18972,47.37727],[7.19053,47.37762],[7.19065,47.37767],[7.19074,47.3777],[7.19083,47.37773],[7.19108,47.3778],[7.19129,47.37785],[7.19151,47.37788],[7.19173,47.37788],[7.1921,47.37785],[7.19236,47.37787],[7.19267,47.37794],[7.19324,47.3781],[7.19343,47.37817],[7.19366,47.37824],[7.19415,47.37827],[7.19463,47.37819],[7.19503,47.37799],[7.19544,47.37768],[7.1955,47.37763],[7.1956,47.37755],[7.19565,47.37751],[7.19576,47.3774],[7.19598,47.37727],[7.1963,47.37715],[7.19793,47.37668],[7.20145,47.37595],[7.202,47.3759],[7.20247,47.37599],[7.20274,47.3761],[7.20278,47.37612],[7.2029,47.37617],[7.20342,47.37638],[7.20348,47.3764],[7.20401,47.37659],[7.20421,47.37664],[7.20442,47.37668],[7.20464,47.37669],[7.20492,47.37668],[7.20502,47.37668],[7.20595,47.37666],[7.20644,47.37671],[7.20686,47.37678],[7.20734,47.37675],[7.20777,47.37661],[7.20795,47.3765],[7.20811,47.37639],[7.20834,47.37629],[7.20856,47.37622],[7.20876,47.37616],[7.20893,47.37607],[7.20908,47.37596],[7.21042,47.37486],[7.21052,47.37476],[7.21081,47.37446],[7.21115,47.37417],[7.21161,47.37389],[7.21213,47.37379],[7.21267,47.37384],[7.21319,47.37406],[7.21402,47.37458],[7.21407,47.37462],[7.2148,47.37511],[7.21496,47.37522],[7.21515,47.37539],[7.21581,47.37605],[7.21586,47.3761],[7.21693,47.37704],[7.21694,47.37705],[7.21749,47.37752],[7.21755,47.37757],[7.21821,47.37805],[7.21821,47.37806],[7.21844,47.37822],[7.21865,47.37842],[7.2188,47.37865],[7.21907,47.37922],[7.21926,47.37956],[7.21931,47.37987],[7.2194,47.38028],[7.21954,47.3807],[7.21977,47.38127],[7.21981,47.38135],[7.22001,47.38171],[7.22004,47.38177],[7.22027,47.38211],[7.22038,47.38224],[7.22052,47.38236],[7.22069,47.38246],[7.22192,47.38309],[7.2222,47.3832],[7.2225,47.38326],[7.2237,47.38341],[7.22421,47.3836],[7.22472,47.38368],[7.22523,47.38363],[7.226,47.38343],[7.22658,47.38336],[7.22708,47.38344],[7.2275,47.38364],[7.22787,47.38396],[7.22878,47.38458],[7.22918,47.38524],[7.22952,47.38572],[7.22991,47.38614],[7.23001,47.38648],[7.22999,47.38665],[7.22989,47.38686],[7.22902,47.38832],[7.229,47.38835],[7.22756,47.3906],[7.22564,47.39384],[7.22557,47.39399],[7.22485,47.39639],[7.22426,47.39841],[7.22416,47.39864],[7.22344,47.39987],[7.22335,47.40012],[7.22317,47.40146],[7.22317,47.40156],[7.22325,47.40431],[7.22326,47.40443],[7.22327,47.40454],[7.22332,47.40471],[7.22343,47.40487],[7.22357,47.40501],[7.22376,47.40513],[7.22424,47.40536],[7.22522,47.40593],[7.22542,47.40607],[7.2257,47.40629],[7.2258,47.40636],[7.22646,47.40679],[7.22709,47.40716],[7.22748,47.40745],[7.22754,47.40749],[7.22823,47.40793],[7.2288,47.40826],[7.22914,47.4085],[7.2294,47.40874],[7.22975,47.409],[7.23024,47.40942],[7.23091,47.40991],[7.23121,47.4101],[7.23141,47.41021],[7.23188,47.41033],[7.23213,47.41034],[7.23227,47.41034],[7.23241,47.41034],[7.2337,47.41024],[7.23448,47.4103],[7.23502,47.41046],[7.23539,47.41071],[7.23557,47.41105],[7.23555,47.4114],[7.2348,47.41253],[7.23475,47.41269],[7.23474,47.41286],[7.23482,47.41395],[7.23482,47.41412],[7.23478,47.41428],[7.23456,47.41488],[7.23452,47.41506],[7.2346,47.4154],[7.23471,47.41556],[7.23506,47.41582],[7.23599,47.41616],[7.23643,47.41629],[7.23727,47.41665],[7.23831,47.41686],[7.23948,47.41727],[7.2403,47.41794],[7.24113,47.41853],[7.24126,47.41862],[7.24208,47.41906],[7.24283,47.41938],[7.24373,47.41989],[7.24462,47.42024],[7.24594,47.42157],[7.24626,47.42222],[7.24617,47.42327],[7.24586,47.42383],[7.24555,47.42473],[7.24571,47.42606],[7.24559,47.42657],[7.24527,47.42686],[7.24389,47.42774],[7.24339,47.42788],[7.23966,47.42843],[7.23903,47.42865],[7.23874,47.42891],[7.2378,47.43022],[7.23766,47.43059],[7.23776,47.43096],[7.23845,47.4321],[7.23875,47.43292],[7.23873,47.43344],[7.23778,47.43466],[7.23692,47.43565],[7.23571,47.43695],[7.23548,47.43715],[7.23369,47.43845],[7.23312,47.43872],[7.22928,47.43982],[7.22876,47.43991],[7.22671,47.44001],[7.2254,47.44],[7.22336,47.43976],[7.22277,47.4396],[7.22196,47.43915],[7.22107,47.43878],[7.22034,47.43854],[7.21947,47.4384],[7.21888,47.43819],[7.21817,47.43805],[7.21698,47.43764],[7.21579,47.43744],[7.21492,47.43738],[7.2132,47.43695],[7.21207,47.43663],[7.21099,47.43606],[7.2103,47.43585],[7.20956,47.43576],[7.20803,47.4353],[7.20715,47.43501],[7.2066,47.43501],[7.20609,47.43516],[7.20567,47.4354],[7.2048,47.43552],[7.20002,47.43519],[7.19973,47.4352],[7.19702,47.43543],[7.1962,47.43554],[7.19562,47.43592],[7.19542,47.43633],[7.19507,47.4374],[7.1944,47.43803],[7.19368,47.43849],[7.19229,47.43906],[7.19086,47.4394],[7.18759,47.44009],[7.18079,47.44178],[7.17762,47.44237],[7.17584,47.44289],[7.17536,47.44298],[7.1741,47.44311],[7.17357,47.44312],[7.17205,47.443],[7.1705,47.44298],[7.16992,47.44291],[7.16793,47.44239],[7.16766,47.44234],[7.16737,47.44233],[7.16706,47.4423],[7.16659,47.44222],[7.16657,47.44222],[7.1662,47.44216],[7.16592,47.44209],[7.16503,47.44159],[7.1635,47.44116],[7.16319,47.44109],[7.16265,47.44103],[7.16237,47.44101],[7.16217,47.44102],[7.16202,47.44103],[7.16138,47.4411],[7.16134,47.4411],[7.15926,47.44129],[7.15909,47.44129],[7.15887,47.4413],[7.15848,47.44137],[7.15773,47.44141],[7.15596,47.44135],[7.15559,47.44131],[7.15465,47.44103],[7.15391,47.44089],[7.1535,47.44072],[7.15317,47.4404],[7.15273,47.43947],[7.15253,47.43921],[7.15195,47.43849],[7.15194,47.43848],[7.15135,47.43775],[7.15119,47.43757],[7.15107,47.43738],[7.15099,47.43707],[7.15115,47.43635],[7.15104,47.436],[7.15074,47.43571]]]},"properties":{"bfs_nr":6810,"name":"La Baroche"}},{"type":"Feature","geometry":{"type":"Polygon","coordinates":[[[7.06712,47.46911],[7.06815,47.46796],[7.06869,47.46745],[7.06884,47.46728],[7.06893,47.4671],[7.06915,47.4664],[7.06917,47.46635],[7.06935,47.46561],[7.06939,47.46542],[7.06973,47.46499],[7.07013,47.46481],[7.07064,47.4647],[7.07101,47.46466],[7.07167,47.46464],[7.07169,47.46464],[7.07217,47.46461],[7.07246,47.46462],[7.07269,47.46465],[7.07296,47.46472],[7.07457,47.46526],[7.07664,47.46592],[7.07862,47.46628],[7.08074,47.46701],[7.08125,47.4671],[7.08212,47.46701],[7.08352,47.4671],[7.08459,47.46705],[7.08523,47.46715],[7.08537,47.46717],[7.08833,47.46741],[7.08961,47.4675],[7.08963,47.4675],[7.09074,47.46759],[7.091,47.46759],[7.09125,47.46756],[7.09222,47.46737],[7.09278,47.46732],[7.09369,47.46732],[7.09371,47.46732],[7.09456,47.46733],[7.09474,47.46734],[7.09605,47.46743],[7.097,47.46745],[7.09751,47.46736],[7.09836,47.46734],[7.09864,47.46731],[7.09903,47.46725],[7.09917,47.46722],[7.10022,47.46698],[7.10207,47.46666],[7.10292,47.46668],[7.10387,47.46694],[7.10439,47.46689],[7.10625,47.46626],[7.10701,47.46619],[7.108,47.46597],[7.1085,47.46597],[7.10938,47.46612],[7.10984,47.46605],[7.1125,47.46529],[7.11332,47.46522],[7.11408,47.4653],[7.11456,47.4652],[7.11506,47.46503],[7.11527,47.46493],[7.11568,47.46471],[7.11595,47.46459],[7.11643,47.46449],[7.11693,47.46452],[7.11757,47.46479],[7.1183,47.46558],[7.11873,47.46582],[7.11912,47.46618],[7.11981,47.46735],[7.11987,47.4675],[7.1201,47.46813],[7.12011,47.46814],[7.12037,47.46883],[7.12066,47.46953],[7.12115,47.47079],[7.12142,47.47149],[7.12143,47.4715],[7.12222,47.47344],[7.12281,47.4752],[7.12296,47.47567],[7.12307,47.47611],[7.12326,47.47645],[7.12364,47.47671],[7.12388,47.4768],[7.12415,47.47685],[7.12442,47.47686],[7.12468,47.47684],[7.12532,47.47674],[7.12647,47.47662],[7.128,47.47662],[7.12851,47.47676],[7.1289,47.47702],[7.12911,47.47742],[7.12919,47.47781],[7.12921,47.47805],[7.12905,47.47842],[7.12843,47.47894],[7.12839,47.47897],[7.12803,47.47928],[7.12795,47.47936],[7.12786,47.47946],[7.12762,47.47966],[7.12752,47.47973],[7.12739,47.47987],[7.12674,47.48057],[7.12631,47.48076],[7.1255,47.48087],[7.12483,47.4812],[7.12404,47.48236],[7.12386,47.48256],[7.12346,47.48281],[7.12293,47.48292],[7.12224,47.48294],[7.12174,47.48308],[7.12153,47.48321],[7.12125,47.48352],[7.12094,47.48406],[7.12001,47.48468],[7.11964,47.48524],[7.11896,47.48589],[7.11856,47.48617],[7.1176,47.4865],[7.11734,47.48661],[7.11701,47.48686],[7.11654,47.48773],[7.11532,47.48988],[7.11499,47.49063],[7.11454,47.49106],[7.11415,47.49158],[7.11379,47.4918],[7.11316,47.49201],[7.11283,47.49226],[7.11265,47.49257],[7.11235,47.49363],[7.11224,47.49431],[7.11182,47.49476],[7.11134,47.49493],[7.10999,47.49492],[7.10868,47.49495],[7.1067,47.49479],[7.10491,47.49471],[7.10248,47.49438],[7.10033,47.49433],[7.09977,47.4944],[7.09711,47.49512],[7.09669,47.4952],[7.09464,47.4954],[7.09384,47.49535],[7.09165,47.49478],[7.09122,47.49462],[7.08998,47.49401],[7.0887,47.49327],[7.0849,47.49158],[7.08121,47.48967],[7.07828,47.48875],[7.07564,47.48829],[7.07507,47.48796],[7.07488,47.48764],[7.07485,47.48743],[7.07486,47.48655],[7.07486,47.48653],[7.0749,47.48472],[7.07488,47.48452],[7.07459,47.48362],[7.07437,47.48259],[7.0742,47.48035],[7.074,47.47895],[7.074,47.4788],[7.07401,47.4783],[7.07399,47.47812],[7.07386,47.47767],[7.07386,47.47766],[7.0737,47.47709],[7.07366,47.4768],[7.07368,47.47644],[7.07368,47.47642],[7.0737,47.47616],[7.07374,47.47595],[7.07382,47.47572],[7.0738,47.47509],[7.07391,47.47444],[7.07392,47.47425],[7.07386,47.47406],[7.07375,47.47389],[7.07359,47.47373],[7.07338,47.47361],[7.07295,47.47338],[7.07259,47.47299],[7.0722,47.47271],[7.0711,47.47219],[7.07064,47.4716],[7.07048,47.47144],[7.07018,47.47122],[7.07017,47.47121],[7.06993,47.47104],[7.0697,47.4709],[7.06943,47.47081],[7.06807,47.47061],[7.06783,47.47053],[7.06762,47.47046],[7.06734,47.47032],[7.06701,47.47004],[7.0669,47.4695],[7.06712,47.46911]]]},"properties":{"bfs_nr":6811,"name":"Damphreux-Lugnez"}},{"type":"Feature","geometry":{"type":"Polygon","coordinates":[[[7.11227,47.4944],[7.11236,47.4936],[7.1127,47.49251],[7.11299,47.49221],[7.11386,47.49191],[7.11428,47.49167],[7.11495,47.4909],[7.11532,47.48987],[7.1163,47.48815],[7.11679,47.48771],[7.11726,47.4875],[7.11757,47.48724],[7.11778,47.48671],[7.11826,47.4863],[7.11861,47.48616],[7.11877,47.48606],[7.11955,47.48542],[7.1199,47.48487],[7.12071,47.48437],[7.12095,47.48409],[7.12121,47.4836],[7.1215,47.48326],[7.1219,47.48305],[7.12325,47.48291],[7.12369,47.48272],[7.12386,47.48259],[7.12399,47.48244],[7.12472,47.48137],[7.12509,47.48113],[7.12629,47.48089],[7.12669,47.48066],[7.12742,47.47987],[7.12766,47.47968],[7.12793,47.47938],[7.12805,47.47926],[7.12838,47.47898],[7.12844,47.47893],[7.12889,47.47858],[7.12906,47.47842],[7.12922,47.47805],[7.1292,47.47785],[7.1291,47.47737],[7.1289,47.47702],[7.12873,47.47687],[7.12852,47.47675],[7.12827,47.47667],[7.128,47.47662],[7.12675,47.4766],[7.12589,47.47667],[7.12534,47.47673],[7.12475,47.47683],[7.12442,47.47686],[7.12389,47.4768],[7.12365,47.47671],[7.12327,47.47645],[7.12306,47.47607],[7.12296,47.47565],[7.12294,47.47561],[7.12281,47.4752],[7.12222,47.47346],[7.12142,47.4715],[7.12037,47.46883],[7.1201,47.46814],[7.1201,47.46812],[7.11987,47.46748],[7.11982,47.46738],[7.11937,47.46649],[7.11939,47.46613],[7.11963,47.46581],[7.12003,47.46557],[7.12166,47.46519],[7.12172,47.46517],[7.12228,47.46502],[7.1223,47.46502],[7.12274,47.4649],[7.1228,47.46488],[7.12349,47.46466],[7.12353,47.46465],[7.12427,47.4644],[7.12445,47.46432],[7.12483,47.46414],[7.12488,47.46411],[7.12608,47.46347],[7.12634,47.46333],[7.12651,47.46325],[7.12707,47.46302],[7.12712,47.463],[7.12805,47.46265],[7.1284,47.46248],[7.12849,47.46243],[7.1286,47.46235],[7.12906,47.46199],[7.12911,47.46195],[7.1296,47.46152],[7.12969,47.46144],[7.13028,47.46077],[7.13083,47.46034],[7.13125,47.46018],[7.13172,47.46014],[7.13202,47.46016],[7.13338,47.46037],[7.13345,47.46038],[7.1341,47.46046],[7.13417,47.46046],[7.13515,47.46055],[7.13517,47.46055],[7.13599,47.46061],[7.13611,47.46062],[7.13674,47.46069],[7.13702,47.46073],[7.13746,47.46083],[7.13795,47.46097],[7.13848,47.46102],[7.139,47.46092],[7.13964,47.46064],[7.14013,47.46057],[7.14077,47.46061],[7.1422,47.46045],[7.14323,47.46012],[7.14376,47.46011],[7.14453,47.46027],[7.14602,47.46035],[7.14673,47.46041],[7.14732,47.46049],[7.14772,47.46054],[7.14799,47.46056],[7.14842,47.46057],[7.14887,47.4606],[7.14891,47.46061],[7.14905,47.46061],[7.14914,47.46062],[7.1492,47.46062],[7.14932,47.46062],[7.14952,47.46061],[7.14958,47.4606],[7.15,47.46057],[7.15038,47.46055],[7.1505,47.46054],[7.15082,47.46054],[7.15107,47.46057],[7.15207,47.46077],[7.15259,47.46068],[7.15312,47.46046],[7.15362,47.4604],[7.15393,47.46042],[7.15551,47.46065],[7.15553,47.46065],[7.15694,47.46083],[7.15695,47.46083],[7.15739,47.46089],[7.15816,47.46116],[7.15881,47.46166],[7.15928,47.46178],[7.16097,47.46203],[7.16199,47.46226],[7.16206,47.46227],[7.16269,47.46239],[7.16284,47.46241],[7.16314,47.46244],[7.16337,47.46246],[7.16441,47.46227],[7.16496,47.46192],[7.16567,47.46174],[7.16617,47.46179],[7.16647,47.46188],[7.16914,47.46285],[7.16934,47.46291],[7.16956,47.46295],[7.16983,47.46298],[7.17014,47.46299],[7.17129,47.46294],[7.17179,47.46297],[7.17543,47.46356],[7.17774,47.46404],[7.17846,47.46437],[7.1787,47.46469],[7.17882,47.46541],[7.17875,47.46575],[7.17835,47.46635],[7.17824,47.46674],[7.17759,47.46751],[7.17753,47.46785],[7.17779,47.46832],[7.1789,47.46937],[7.18037,47.47124],[7.1806,47.472],[7.18122,47.47292],[7.18173,47.47327],[7.18207,47.47367],[7.18298,47.47535],[7.18454,47.4771],[7.18473,47.47738],[7.18577,47.47954],[7.1864,47.48096],[7.18687,47.48235],[7.18706,47.48265],[7.18941,47.48502],[7.19027,47.48603],[7.19084,47.48718],[7.19089,47.48795],[7.19109,47.48846],[7.19145,47.48871],[7.19193,47.48886],[7.19302,47.48898],[7.19401,47.48893],[7.19453,47.48904],[7.19534,47.48931],[7.19654,47.48953],[7.19866,47.49002],[7.20152,47.49093],[7.20217,47.49133],[7.20233,47.49168],[7.20227,47.49205],[7.20194,47.49244],[7.20142,47.49277],[7.20108,47.49345],[7.20079,47.49375],[7.20034,47.49395],[7.19949,47.49399],[7.19709,47.49362],[7.19561,47.49353],[7.19506,47.49344],[7.19427,47.4932],[7.19283,47.49286],[7.18948,47.49222],[7.18799,47.49178],[7.18498,47.49117],[7.18215,47.49087],[7.17603,47.49041],[7.1756,47.49034],[7.17298,47.48974],[7.1704,47.48948],[7.16789,47.48941],[7.16743,47.48945],[7.16628,47.48997],[7.16549,47.49007],[7.16398,47.48998],[7.16248,47.49],[7.16209,47.49005],[7.16066,47.49037],[7.15955,47.49066],[7.15915,47.49082],[7.15689,47.49216],[7.15558,47.49306],[7.15481,47.49387],[7.15361,47.49501],[7.15266,47.49611],[7.1522,47.49645],[7.15028,47.49737],[7.14757,47.49829],[7.14525,47.49918],[7.14066,47.50114],[7.13942,47.50169],[7.138,47.50204],[7.13589,47.5024],[7.13546,47.50244],[7.13361,47.50249],[7.13047,47.50292],[7.13007,47.50302],[7.12872,47.50352],[7.12818,47.50356],[7.12744,47.50334],[7.12641,47.50251],[7.12512,47.50183],[7.1237,47.50104],[7.12271,47.50035],[7.12007,47.49885],[7.11907,47.49833],[7.11656,47.49681],[7.11557,47.49625],[7.11301,47.49529],[7.11244,47.49492],[7.11227,47.4944]]]},"properties":{"bfs_nr":6812,"name":"Basse-Vendline"}},{"type":"Feature","geometry":{"type":"Polygon","coordinates":[[[7.31537,47.2882],[7.31631,47.28824],[7.31835,47.2881],[7.31883,47.28795],[7.31941,47.28748],[7.31985,47.28729],[7.32036,47.28723],[7.32111,47.28731],[7.32362,47.2874],[7.32526,47.28768],[7.32652,47.28795],[7.32803,47.28851],[7.32855,47.28857],[7.32907,47.28849],[7.3295,47.28827],[7.33004,47.28774],[7.33048,47.28755],[7.331,47.2875],[7.33241,47.28771],[7.3336,47.288],[7.33458,47.28815],[7.33532,47.28802],[7.33571,47.28778],[7.33608,47.28723],[7.33674,47.28663],[7.33691,47.2863],[7.33713,47.28529],[7.33732,47.28491],[7.33833,47.28366],[7.33911,47.28248],[7.33947,47.28224],[7.33994,47.28211],[7.34092,47.28209],[7.34201,47.282],[7.34365,47.28194],[7.34459,47.28183],[7.34501,47.28166],[7.34545,47.28136],[7.34592,47.28122],[7.34666,47.28114],[7.34713,47.28093],[7.34767,47.28051],[7.34788,47.28],[7.34781,47.27927],[7.34827,47.27869],[7.34868,47.27851],[7.34968,47.27825],[7.3501,47.27784],[7.35019,47.27732],[7.35036,47.27699],[7.35072,47.27664],[7.35192,47.275],[7.35233,47.27458],[7.35262,47.27401],[7.3527,47.27355],[7.35288,47.27318],[7.35364,47.27272],[7.35395,47.27239],[7.35407,47.2719],[7.35387,47.27143],[7.35334,47.27109],[7.35287,47.271],[7.35221,47.27099],[7.35032,47.27102],[7.34856,47.2708],[7.34728,47.27052],[7.34638,47.27016],[7.34591,47.27005],[7.3448,47.27],[7.34358,47.27015],[7.34261,47.27006],[7.34147,47.26974],[7.33992,47.26942],[7.33918,47.26903],[7.33872,47.26865],[7.33745,47.26812],[7.33712,47.26783],[7.337,47.26748],[7.33725,47.26574],[7.33721,47.26541],[7.337,47.26507],[7.33696,47.26454],[7.33724,47.26405],[7.33736,47.26337],[7.33755,47.26306],[7.33789,47.26282],[7.33833,47.26268],[7.33889,47.26266],[7.34004,47.26275],[7.34056,47.26266],[7.34098,47.26244],[7.34123,47.26212],[7.34122,47.26148],[7.34102,47.2612],[7.34009,47.26033],[7.33971,47.26008],[7.33917,47.25992],[7.33875,47.2597],[7.33788,47.25871],[7.33782,47.25816],[7.338,47.25761],[7.33786,47.2572],[7.33789,47.25681],[7.3382,47.25586],[7.33842,47.25551],[7.33878,47.25528],[7.33929,47.25513],[7.34017,47.25502],[7.34093,47.25461],[7.34301,47.25221],[7.3432,47.25183],[7.34322,47.25131],[7.34351,47.25047],[7.34372,47.25016],[7.34437,47.24949],[7.34487,47.24881],[7.34544,47.24851],[7.34592,47.24845],[7.34641,47.24851],[7.34687,47.24871],[7.34864,47.24983],[7.34903,47.24999],[7.35022,47.25033],[7.35177,47.25103],[7.35238,47.25143],[7.35308,47.2517],[7.35352,47.252],[7.35399,47.25219],[7.35451,47.25252],[7.35524,47.25309],[7.35608,47.25338],[7.35657,47.25376],[7.3579,47.25419],[7.35862,47.25451],[7.36352,47.25599],[7.3641,47.2563],[7.36483,47.25724],[7.3652,47.25747],[7.36568,47.25758],[7.36621,47.2576],[7.36701,47.25774],[7.3682,47.25813],[7.3687,47.25818],[7.3692,47.2581],[7.36961,47.2579],[7.37068,47.25714],[7.37127,47.25698],[7.37331,47.25672],[7.3751,47.25624],[7.37644,47.25609],[7.3799,47.25593],[7.38126,47.25589],[7.38239,47.25601],[7.38309,47.25601],[7.38437,47.25627],[7.38485,47.25632],[7.38574,47.25625],[7.3865,47.25607],[7.38706,47.256],[7.38849,47.256],[7.389,47.25592],[7.3897,47.25557],[7.39041,47.25544],[7.39089,47.25552],[7.39139,47.25573],[7.3918,47.256],[7.39231,47.25681],[7.39243,47.25751],[7.39236,47.25798],[7.39242,47.25852],[7.39275,47.25941],[7.39289,47.25996],[7.3931,47.26214],[7.39324,47.26253],[7.39338,47.26399],[7.39311,47.26572],[7.39312,47.26624],[7.39344,47.26679],[7.39352,47.26713],[7.39335,47.26779],[7.39295,47.26826],[7.39222,47.26888],[7.39198,47.26947],[7.39135,47.27076],[7.39113,47.27143],[7.39012,47.27238],[7.38988,47.27298],[7.38981,47.27381],[7.38955,47.27441],[7.38951,47.2748],[7.38972,47.27516],[7.39203,47.27748],[7.39225,47.27782],[7.39214,47.27857],[7.39221,47.27922],[7.39216,47.27975],[7.39236,47.28028],[7.39233,47.28079],[7.39244,47.28123],[7.39254,47.28418],[7.39242,47.28574],[7.39223,47.28621],[7.3904,47.28856],[7.38993,47.28921],[7.3898,47.2896],[7.38976,47.29164],[7.38984,47.29196],[7.39008,47.29224],[7.3917,47.29352],[7.39465,47.29541],[7.39602,47.2965],[7.39635,47.29701],[7.39631,47.29735],[7.39591,47.29778],[7.39548,47.29796],[7.39457,47.29795],[7.39152,47.29725],[7.39025,47.29681],[7.38802,47.29639],[7.38439,47.29576],[7.38287,47.29544],[7.38237,47.2954],[7.3814,47.29567],[7.38067,47.29571],[7.37941,47.29539],[7.3785,47.29537],[7.37744,47.2956],[7.37632,47.29563],[7.37522,47.29534],[7.37483,47.29514],[7.37454,47.29484],[7.37388,47.29454],[7.37066,47.29423],[7.36929,47.29416],[7.36565,47.29383],[7.36432,47.2936],[7.36304,47.29332],[7.36168,47.29319],[7.36007,47.29298],[7.35906,47.29304],[7.35762,47.29299],[7.35715,47.2931],[7.35677,47.29333],[7.35615,47.29391],[7.35569,47.29405],[7.35519,47.29407],[7.35424,47.29385],[7.35342,47.29357],[7.3515,47.2932],[7.3506,47.29282],[7.34956,47.29266],[7.34861,47.29246],[7.34788,47.29253],[7.34652,47.29318],[7.34603,47.2936],[7.34568,47.29409],[7.3453,47.2943],[7.34458,47.2944],[7.34405,47.2943],[7.34326,47.29404],[7.34274,47.29403],[7.34225,47.29416],[7.34187,47.29442],[7.34157,47.29502],[7.34153,47.29534],[7.34166,47.29566],[7.34206,47.29611],[7.34213,47.29645],[7.34211,47.29705],[7.34237,47.2974],[7.34282,47.29763],[7.34402,47.29793],[7.34533,47.29808],[7.34695,47.29818],[7.34828,47.29846],[7.34912,47.29874],[7.34981,47.29917],[7.35009,47.29953],[7.35012,47.29989],[7.34914,47.30195],[7.34883,47.30253],[7.3487,47.30301],[7.34845,47.30462],[7.34824,47.30508],[7.34789,47.30534],[7.34742,47.30549],[7.34691,47.3055],[7.34551,47.30533],[7.34455,47.30537],[7.34382,47.30551],[7.34324,47.30552],[7.3428,47.30557],[7.34252,47.30562],[7.34171,47.30565],[7.341,47.30558],[7.34015,47.30565],[7.33948,47.30557],[7.3385,47.3057],[7.33779,47.30568],[7.33728,47.30556],[7.33684,47.30528],[7.3345,47.30308],[7.33317,47.30212],[7.33313,47.3021],[7.33288,47.30191],[7.33283,47.30187],[7.33277,47.30182],[7.33258,47.30163],[7.33244,47.3014],[7.33211,47.30059],[7.33184,47.29994],[7.33173,47.29975],[7.33156,47.29959],[7.33134,47.29945],[7.32957,47.29858],[7.32844,47.29806],[7.32738,47.29752],[7.32737,47.29752],[7.32632,47.297],[7.32621,47.29695],[7.32506,47.29649],[7.32504,47.29648],[7.32385,47.29602],[7.3238,47.296],[7.32288,47.29562],[7.32267,47.29551],[7.32249,47.29539],[7.32185,47.29489],[7.32128,47.29447],[7.32116,47.29436],[7.32073,47.29399],[7.32068,47.29394],[7.31916,47.29246],[7.31915,47.29245],[7.31802,47.29133],[7.31776,47.29109],[7.31723,47.29062],[7.31704,47.29048],[7.31681,47.29037],[7.31655,47.2903],[7.3149,47.28997],[7.3142,47.28967],[7.31396,47.28936],[7.3139,47.28902],[7.31404,47.28868],[7.31457,47.28831],[7.31537,47.2882]]]},"properties":{"bfs_nr":6831,"name":"Moutier"}}]}