{"type":"FeatureCollection","features":[{"type":"Feature","geometry":{"type":"Polygon","coordinates":[[[8.48055,47.725],[8.48076,47.72444],[8.48079,47.72438],[8.48083,47.72429],[8.48111,47.72381],[8.48111,47.7238],[8.48147,47.72316],[8.48183,47.72205],[8.48206,47.72173],[8.48212,47.7215],[8.48227,47.72086],[8.48241,47.72044],[8.48251,47.72021],[8.48257,47.7201],[8.48305,47.71938],[8.48343,47.71913],[8.48391,47.719],[8.48422,47.71898],[8.48434,47.71899],[8.48461,47.71902],[8.48547,47.71921],[8.4859,47.71927],[8.48616,47.71929],[8.48668,47.71922],[8.48691,47.71913],[8.48729,47.71888],[8.48748,47.71855],[8.4875,47.71837],[8.48749,47.71792],[8.48746,47.71776],[8.4874,47.7176],[8.48728,47.71745],[8.48714,47.71732],[8.48696,47.71721],[8.48661,47.71703],[8.48639,47.71686],[8.48625,47.7167],[8.48617,47.71653],[8.48616,47.71617],[8.48636,47.71583],[8.48672,47.71557],[8.48697,47.71529],[8.48705,47.71496],[8.48695,47.71464],[8.48663,47.71425],[8.48621,47.71356],[8.48617,47.71348],[8.4861,47.71335],[8.48602,47.71313],[8.48615,47.71262],[8.48669,47.71198],[8.48663,47.71148],[8.48652,47.71133],[8.48605,47.71081],[8.48597,47.71073],[8.48585,47.71057],[8.48578,47.71047],[8.4857,47.71034],[8.48561,47.71014],[8.4856,47.7098],[8.48581,47.70944],[8.48711,47.70804],[8.48718,47.70747],[8.48686,47.70657],[8.48678,47.70641],[8.48665,47.70626],[8.48649,47.70614],[8.48629,47.70603],[8.48591,47.70587],[8.48584,47.70583],[8.48565,47.70574],[8.48554,47.70568],[8.48535,47.70557],[8.4853,47.70554],[8.48511,47.70543],[8.485,47.70537],[8.4847,47.70523],[8.48437,47.70496],[8.48422,47.70445],[8.48431,47.70407],[8.48408,47.70332],[8.48378,47.7026],[8.48374,47.70253],[8.48344,47.702],[8.48325,47.70169],[8.48316,47.70148],[8.48315,47.70114],[8.48334,47.70082],[8.48369,47.70057],[8.48415,47.70043],[8.48472,47.70042],[8.48622,47.70058],[8.48648,47.70059],[8.48674,47.70057],[8.48699,47.70051],[8.48721,47.70042],[8.48734,47.70034],[8.48843,47.69968],[8.48886,47.69939],[8.48951,47.69905],[8.48971,47.69892],[8.48986,47.69877],[8.48997,47.69861],[8.49002,47.69843],[8.49002,47.69825],[8.48986,47.69747],[8.49006,47.69714],[8.49045,47.69689],[8.49121,47.69675],[8.49201,47.69696],[8.494,47.69798],[8.49449,47.69813],[8.49592,47.69812],[8.49667,47.69832],[8.49718,47.69831],[8.49743,47.69826],[8.49794,47.69806],[8.49869,47.69791],[8.49944,47.69753],[8.49994,47.69743],[8.50047,47.69746],[8.50143,47.69776],[8.50209,47.69824],[8.50257,47.6984],[8.50329,47.6985],[8.50373,47.69864],[8.50394,47.69876],[8.50411,47.6989],[8.50431,47.69923],[8.50434,47.69995],[8.5046,47.70028],[8.50504,47.7005],[8.50531,47.70057],[8.51451,47.70203],[8.51505,47.70219],[8.5154,47.70245],[8.51558,47.70277],[8.51555,47.70317],[8.515,47.70474],[8.51496,47.7052],[8.51474,47.70556],[8.51364,47.70676],[8.51345,47.70692],[8.51326,47.70704],[8.51252,47.70742],[8.51192,47.70798],[8.5116,47.70872],[8.51136,47.709],[8.51069,47.70942],[8.51013,47.71025],[8.5099,47.71041],[8.50961,47.71057],[8.50932,47.7107],[8.50878,47.71087],[8.50839,47.71115],[8.50807,47.71169],[8.50789,47.71196],[8.50774,47.71213],[8.50761,47.71226],[8.50752,47.71234],[8.5062,47.71343],[8.50601,47.71373],[8.506,47.71407],[8.50617,47.71438],[8.50664,47.71493],[8.50666,47.71511],[8.50664,47.71529],[8.50656,47.71546],[8.50643,47.71562],[8.50621,47.71579],[8.50491,47.71665],[8.50306,47.71827],[8.50297,47.71834],[8.50179,47.71925],[8.50154,47.71953],[8.50149,47.72002],[8.50175,47.72061],[8.50167,47.72097],[8.50156,47.72113],[8.50136,47.72131],[8.50126,47.72138],[8.50119,47.72143],[8.50098,47.72156],[8.50091,47.72161],[8.49973,47.72232],[8.49966,47.72236],[8.49851,47.72314],[8.49835,47.72327],[8.49823,47.72342],[8.49816,47.72358],[8.49813,47.72375],[8.49814,47.72392],[8.49821,47.72408],[8.49832,47.72424],[8.49847,47.72437],[8.49925,47.72496],[8.49954,47.72527],[8.49961,47.72576],[8.49943,47.72606],[8.49897,47.72645],[8.49878,47.72696],[8.4989,47.7273],[8.49941,47.72769],[8.50121,47.72821],[8.50139,47.72827],[8.50168,47.7284],[8.50175,47.72844],[8.50196,47.72855],[8.50221,47.72862],[8.50268,47.72874],[8.50291,47.72877],[8.50373,47.72887],[8.50421,47.72905],[8.50457,47.72932],[8.50544,47.72998],[8.50568,47.73012],[8.50627,47.73029],[8.50674,47.7303],[8.50741,47.73018],[8.50768,47.73017],[8.50818,47.73026],[8.50846,47.73038],[8.50876,47.73056],[8.50905,47.73089],[8.50938,47.73157],[8.50982,47.73197],[8.51048,47.73223],[8.51069,47.73228],[8.5109,47.73232],[8.51111,47.73233],[8.51181,47.73234],[8.51218,47.73231],[8.51254,47.73225],[8.51269,47.73222],[8.51339,47.73202],[8.5136,47.73193],[8.51393,47.73168],[8.51419,47.73137],[8.51437,47.73122],[8.51461,47.73103],[8.5147,47.73096],[8.51493,47.73082],[8.51515,47.73074],[8.51714,47.73028],[8.5178,47.7302],[8.5183,47.73026],[8.51853,47.73034],[8.51879,47.73047],[8.51956,47.73095],[8.51972,47.73104],[8.5199,47.73111],[8.52054,47.73131],[8.52058,47.73132],[8.52219,47.73179],[8.5228,47.7321],[8.52344,47.73261],[8.52376,47.73301],[8.5238,47.73399],[8.52331,47.73455],[8.52282,47.73472],[8.52193,47.73489],[8.5196,47.73528],[8.51935,47.73536],[8.51914,47.73547],[8.51897,47.73561],[8.51884,47.73577],[8.51877,47.73595],[8.51874,47.73613],[8.51874,47.73632],[8.51869,47.73715],[8.51855,47.73755],[8.51799,47.73794],[8.51655,47.7383],[8.51504,47.73862],[8.51458,47.73879],[8.51296,47.7397],[8.51262,47.73986],[8.51087,47.74049],[8.5101,47.74061],[8.50856,47.74027],[8.50807,47.74024],[8.50704,47.7404],[8.50572,47.74031],[8.50504,47.74004],[8.50372,47.73885],[8.50334,47.73843],[8.50318,47.73829],[8.50286,47.73805],[8.50266,47.73787],[8.50246,47.73766],[8.50231,47.73748],[8.50183,47.73676],[8.50077,47.73598],[8.50017,47.73575],[8.4999,47.7356],[8.49964,47.73542],[8.49945,47.73527],[8.49932,47.73512],[8.49909,47.73472],[8.49808,47.73385],[8.49704,47.73337],[8.49668,47.73304],[8.49592,47.73272],[8.49545,47.73237],[8.49528,47.73203],[8.49531,47.73168],[8.49562,47.73126],[8.49561,47.73059],[8.49534,47.7303],[8.49493,47.73011],[8.49462,47.73004],[8.49435,47.72996],[8.49416,47.72987],[8.49362,47.7296],[8.49276,47.72922],[8.49241,47.72911],[8.49163,47.72895],[8.49128,47.72884],[8.49098,47.72869],[8.48937,47.72768],[8.48925,47.72761],[8.48832,47.72715],[8.48811,47.72706],[8.48788,47.727],[8.48764,47.72698],[8.48716,47.72701],[8.48693,47.72707],[8.48658,47.72723],[8.4863,47.72733],[8.48626,47.72734],[8.48592,47.7274],[8.48564,47.72741],[8.48529,47.72737],[8.4851,47.72734],[8.48468,47.72723],[8.48418,47.72704],[8.48407,47.727],[8.48287,47.7265],[8.4826,47.72641],[8.4814,47.72612],[8.48071,47.72575],[8.48052,47.72541],[8.48055,47.725]]]},"properties":{"bfs_nr":2901,"name":"G\u00e4chlingen"}},{"type":"Feature","geometry":{"type":"Polygon","coordinates":[[[8.52576,47.70064],[8.5266,47.6982],[8.52726,47.69623],[8.52742,47.69584],[8.52739,47.69548],[8.52666,47.69471],[8.52662,47.69414],[8.52729,47.69224],[8.52749,47.69192],[8.52831,47.691],[8.52869,47.69078],[8.52916,47.69066],[8.52967,47.69068],[8.52997,47.69075],[8.53031,47.69085],[8.53039,47.69087],[8.53075,47.69097],[8.53101,47.69101],[8.53129,47.69102],[8.53308,47.69104],[8.53459,47.69121],[8.53462,47.69121],[8.53559,47.6913],[8.53589,47.69133],[8.53638,47.69144],[8.53702,47.69165],[8.53841,47.69233],[8.5389,47.69244],[8.53942,47.69241],[8.54011,47.69212],[8.54051,47.69175],[8.54061,47.69143],[8.54062,47.69075],[8.54088,47.69045],[8.54154,47.69018],[8.54205,47.69015],[8.54314,47.69024],[8.54341,47.69029],[8.54474,47.69061],[8.55055,47.69196],[8.55056,47.69196],[8.5523,47.69236],[8.55286,47.6924],[8.55339,47.69228],[8.55434,47.69187],[8.5558,47.69195],[8.55716,47.69166],[8.55806,47.69177],[8.5586,47.69201],[8.5597,47.6922],[8.56025,47.69234],[8.56062,47.69258],[8.56083,47.69289],[8.56094,47.69342],[8.56123,47.69373],[8.56167,47.69394],[8.56218,47.69403],[8.56262,47.69418],[8.56294,47.69443],[8.56311,47.69475],[8.56313,47.69495],[8.56309,47.69592],[8.56306,47.69681],[8.56307,47.69695],[8.56317,47.69721],[8.56319,47.698],[8.56332,47.69831],[8.56339,47.69912],[8.56324,47.69944],[8.56268,47.69988],[8.56248,47.70023],[8.56251,47.7006],[8.56254,47.7007],[8.56269,47.70104],[8.56286,47.70138],[8.56297,47.70155],[8.56333,47.70183],[8.56384,47.70199],[8.56467,47.70212],[8.56539,47.70248],[8.56571,47.70274],[8.56587,47.70324],[8.56561,47.70402],[8.56538,47.7054],[8.5644,47.70768],[8.56373,47.70979],[8.56364,47.70994],[8.56348,47.71011],[8.56328,47.71028],[8.56314,47.71039],[8.56267,47.71071],[8.56259,47.71076],[8.56052,47.71204],[8.56025,47.71228],[8.55972,47.71292],[8.55962,47.71308],[8.55956,47.71343],[8.5597,47.7139],[8.55955,47.71438],[8.55884,47.71487],[8.5583,47.7156],[8.55795,47.71583],[8.55769,47.71593],[8.55692,47.71615],[8.55687,47.71616],[8.55622,47.71634],[8.55568,47.71651],[8.55564,47.71652],[8.5552,47.71667],[8.55493,47.71679],[8.55439,47.71711],[8.55422,47.7172],[8.55394,47.71733],[8.55364,47.71744],[8.55331,47.71751],[8.55258,47.71761],[8.55219,47.71763],[8.55101,47.71762],[8.55052,47.71769],[8.5498,47.71814],[8.54974,47.71881],[8.55002,47.71925],[8.55003,47.71959],[8.54952,47.72065],[8.54895,47.72098],[8.54845,47.72106],[8.54812,47.72105],[8.54684,47.72091],[8.54682,47.7209],[8.54612,47.72082],[8.54602,47.72081],[8.54588,47.7208],[8.54571,47.7208],[8.54561,47.7208],[8.54544,47.72081],[8.54427,47.72086],[8.54346,47.72048],[8.54222,47.71855],[8.54184,47.71803],[8.54116,47.7166],[8.54057,47.71581],[8.54029,47.71556],[8.53991,47.71538],[8.53972,47.71525],[8.53954,47.71506],[8.53942,47.71491],[8.53926,47.71464],[8.53922,47.71454],[8.53915,47.71418],[8.53912,47.71396],[8.53905,47.7138],[8.53894,47.71365],[8.53879,47.71351],[8.5386,47.7134],[8.53736,47.71286],[8.53554,47.71165],[8.53536,47.71141],[8.5353,47.71131],[8.53523,47.71115],[8.53499,47.71037],[8.53491,47.70952],[8.53505,47.7092],[8.53563,47.70878],[8.53577,47.70867],[8.53627,47.70819],[8.5364,47.70804],[8.53648,47.70787],[8.53651,47.70769],[8.53649,47.70752],[8.53642,47.70735],[8.53636,47.70723],[8.53627,47.70703],[8.53617,47.70624],[8.53556,47.70528],[8.53494,47.70463],[8.53475,47.7045],[8.53452,47.7044],[8.53428,47.70433],[8.53401,47.7043],[8.53375,47.7043],[8.5331,47.70443],[8.53255,47.70443],[8.53132,47.70407],[8.53078,47.70411],[8.52971,47.7045],[8.52931,47.70458],[8.52906,47.70459],[8.5289,47.70458],[8.52835,47.70455],[8.52804,47.70451],[8.52727,47.7041],[8.52709,47.70361],[8.52736,47.70275],[8.52738,47.70242],[8.52723,47.70211],[8.52709,47.70197],[8.52671,47.70176],[8.52628,47.70161],[8.52581,47.7012],[8.52572,47.70085],[8.52576,47.70064]]]},"properties":{"bfs_nr":2903,"name":"L\u00f6hningen"}},{"type":"Feature","geometry":{"type":"Polygon","coordinates":[[[8.46571,47.68184],[8.46581,47.68167],[8.46601,47.68147],[8.46651,47.68111],[8.46674,47.68101],[8.46725,47.68092],[8.46803,47.68103],[8.46877,47.68102],[8.46959,47.68078],[8.47041,47.68074],[8.47084,47.68061],[8.47137,47.68025],[8.47191,47.68007],[8.47493,47.67951],[8.47504,47.67949],[8.4752,47.67945],[8.47526,47.67944],[8.47542,47.67939],[8.47551,47.67936],[8.47565,47.67931],[8.47586,47.67922],[8.47604,47.67911],[8.47619,47.67897],[8.47654,47.67804],[8.47698,47.67764],[8.47741,47.67749],[8.47797,47.67742],[8.47846,47.6774],[8.47871,47.67735],[8.47894,47.67726],[8.47915,47.67715],[8.47932,47.67701],[8.47952,47.67669],[8.47952,47.67633],[8.47917,47.67568],[8.47917,47.67533],[8.47936,47.67501],[8.47972,47.67476],[8.48019,47.67462],[8.48045,47.6746],[8.48101,47.67465],[8.48145,47.67466],[8.48176,47.6747],[8.48293,47.67492],[8.48296,47.67492],[8.48377,47.67506],[8.48381,47.67506],[8.48453,47.67516],[8.48474,47.6752],[8.48604,47.67543],[8.48651,47.67538],[8.48674,47.67533],[8.48696,47.67526],[8.48715,47.67516],[8.48731,47.67504],[8.48749,47.67484],[8.48758,47.67469],[8.48784,47.67407],[8.48807,47.67374],[8.48895,47.67294],[8.48958,47.6727],[8.4909,47.67269],[8.49107,47.67268],[8.49132,47.67266],[8.49156,47.6726],[8.49178,47.67251],[8.49197,47.6724],[8.49213,47.67226],[8.49224,47.6721],[8.49231,47.67194],[8.49222,47.67143],[8.49209,47.67128],[8.49193,47.67115],[8.49179,47.67105],[8.49177,47.67104],[8.49149,47.67085],[8.49124,47.67053],[8.4912,47.67017],[8.49137,47.66983],[8.49155,47.66966],[8.49232,47.66898],[8.49237,47.66894],[8.49338,47.66792],[8.49373,47.66766],[8.49464,47.66718],[8.49506,47.66701],[8.49592,47.66694],[8.49674,47.66696],[8.4985,47.66677],[8.49976,47.66675],[8.501,47.66684],[8.50229,47.66688],[8.50386,47.66701],[8.50473,47.66713],[8.50632,47.66723],[8.50788,47.66748],[8.50881,47.66768],[8.50924,47.6679],[8.50948,47.66812],[8.50984,47.66853],[8.51,47.66868],[8.51021,47.6688],[8.51044,47.66889],[8.5107,47.66895],[8.51097,47.66897],[8.51124,47.66896],[8.5115,47.6689],[8.51174,47.66881],[8.51244,47.66849],[8.51289,47.66825],[8.51337,47.66814],[8.51411,47.66822],[8.51465,47.66846],[8.51619,47.66903],[8.51668,47.6691],[8.51718,47.66903],[8.51741,47.66896],[8.51777,47.66873],[8.5179,47.66858],[8.51811,47.66818],[8.5183,47.66797],[8.51869,47.66773],[8.51899,47.66763],[8.51983,47.66744],[8.51993,47.66742],[8.5213,47.66716],[8.52261,47.66686],[8.52302,47.66665],[8.52328,47.66635],[8.52336,47.66601],[8.52324,47.66568],[8.52279,47.66516],[8.52272,47.66493],[8.52267,47.66457],[8.52266,47.66449],[8.52265,47.66433],[8.52267,47.66416],[8.52275,47.66391],[8.52297,47.66358],[8.52313,47.66337],[8.52339,47.66266],[8.52404,47.66127],[8.52422,47.66075],[8.52454,47.66046],[8.525,47.66027],[8.5258,47.66026],[8.52633,47.66041],[8.52716,47.6605],[8.528,47.66069],[8.52897,47.661],[8.53017,47.66147],[8.53128,47.66202],[8.53194,47.66243],[8.53239,47.66257],[8.53314,47.66255],[8.53357,47.66238],[8.53403,47.66184],[8.53412,47.66116],[8.53381,47.66042],[8.53394,47.65984],[8.53471,47.65924],[8.53561,47.65882],[8.53674,47.6584],[8.53937,47.65769],[8.54011,47.65775],[8.54052,47.65794],[8.54091,47.65855],[8.54078,47.65926],[8.54046,47.65995],[8.54004,47.66116],[8.53987,47.66146],[8.53917,47.66217],[8.53891,47.66278],[8.5389,47.66332],[8.53911,47.66366],[8.53959,47.66403],[8.53989,47.66465],[8.54016,47.66495],[8.54058,47.66516],[8.54215,47.66532],[8.54265,47.6655],[8.54365,47.666],[8.54697,47.66749],[8.54799,47.66761],[8.54872,47.66777],[8.54936,47.66803],[8.54967,47.66835],[8.55013,47.6693],[8.55034,47.66988],[8.55039,47.67031],[8.55007,47.67081],[8.54927,47.67128],[8.54855,47.67186],[8.54832,47.67202],[8.54754,47.67231],[8.54728,47.67243],[8.5468,47.67271],[8.54679,47.67272],[8.54581,47.67331],[8.54538,47.67362],[8.54525,47.67377],[8.54517,47.67393],[8.54514,47.67409],[8.54515,47.67426],[8.54528,47.67486],[8.54532,47.67501],[8.54541,47.67514],[8.54552,47.67527],[8.54602,47.67578],[8.5467,47.6768],[8.54793,47.67804],[8.54816,47.67838],[8.54823,47.67875],[8.54822,47.67893],[8.54818,47.67917],[8.54787,47.67957],[8.54712,47.68023],[8.54686,47.68075],[8.54653,47.68104],[8.5458,47.68126],[8.54489,47.68124],[8.54382,47.68149],[8.54343,47.68173],[8.54321,47.68205],[8.5431,47.68253],[8.54256,47.68304],[8.54235,47.68339],[8.54237,47.68376],[8.54265,47.68451],[8.54287,47.68483],[8.54338,47.68517],[8.5438,47.68571],[8.54383,47.68607],[8.54364,47.68641],[8.54327,47.68667],[8.54269,47.68685],[8.54213,47.68724],[8.54199,47.68759],[8.54196,47.68834],[8.54212,47.68904],[8.54194,47.68937],[8.5416,47.68962],[8.54114,47.68977],[8.54034,47.68979],[8.53949,47.69012],[8.53921,47.69059],[8.53924,47.69098],[8.53901,47.69146],[8.53865,47.69171],[8.53793,47.69186],[8.53743,47.6918],[8.53682,47.69157],[8.5363,47.69141],[8.53597,47.69134],[8.53564,47.69131],[8.5356,47.6913],[8.53463,47.69121],[8.53458,47.69121],[8.53304,47.69104],[8.53209,47.691],[8.53135,47.69102],[8.53101,47.69101],[8.53068,47.69095],[8.53041,47.69088],[8.53029,47.69085],[8.52991,47.69073],[8.52967,47.69067],[8.52941,47.69065],[8.52916,47.69066],[8.52868,47.69078],[8.5283,47.691],[8.52746,47.69195],[8.5273,47.69221],[8.52657,47.69429],[8.52654,47.69461],[8.52683,47.69506],[8.52735,47.69562],[8.52736,47.69595],[8.52727,47.6962],[8.52661,47.69817],[8.52657,47.69827],[8.52654,47.69837],[8.52574,47.7007],[8.52571,47.70089],[8.52573,47.70108],[8.52595,47.70142],[8.52636,47.70168],[8.52683,47.70184],[8.52718,47.7021],[8.52736,47.70243],[8.52733,47.70282],[8.527,47.70377],[8.52663,47.70423],[8.52624,47.70442],[8.52601,47.70447],[8.52571,47.7045],[8.52026,47.70472],[8.52016,47.70473],[8.51961,47.70473],[8.51829,47.7047],[8.51686,47.70477],[8.5163,47.70474],[8.51585,47.70458],[8.51542,47.70418],[8.51535,47.70384],[8.51557,47.70312],[8.51559,47.70277],[8.51552,47.7026],[8.5154,47.70245],[8.51525,47.70231],[8.51505,47.70219],[8.51458,47.70204],[8.50539,47.70058],[8.50508,47.70051],[8.50466,47.7003],[8.50439,47.7],[8.50431,47.69918],[8.5041,47.69887],[8.50393,47.69874],[8.50373,47.69864],[8.50351,47.69856],[8.50267,47.69833],[8.50216,47.69821],[8.50194,47.69811],[8.50143,47.69776],[8.50124,47.69767],[8.50042,47.69743],[8.49992,47.69741],[8.49944,47.69752],[8.499,47.69773],[8.49829,47.69789],[8.49752,47.6982],[8.49726,47.69826],[8.49672,47.69826],[8.49591,47.698],[8.49541,47.69796],[8.49426,47.69802],[8.49402,47.69796],[8.49374,47.69784],[8.49152,47.6967],[8.49102,47.69655],[8.49048,47.69654],[8.48979,47.69671],[8.48927,47.69675],[8.48825,47.69642],[8.48803,47.69636],[8.48762,47.6963],[8.48716,47.69623],[8.48711,47.69622],[8.48609,47.69603],[8.48605,47.69602],[8.4853,47.69587],[8.48505,47.6958],[8.48468,47.69568],[8.48415,47.69556],[8.48409,47.69555],[8.48325,47.69534],[8.48322,47.69534],[8.48216,47.69507],[8.48209,47.69505],[8.48112,47.69477],[8.48109,47.69476],[8.47981,47.69438],[8.47866,47.69402],[8.47803,47.69367],[8.47784,47.69335],[8.47785,47.69301],[8.47794,47.6928],[8.47814,47.69248],[8.47857,47.69196],[8.47849,47.69129],[8.47799,47.69092],[8.47512,47.68974],[8.47496,47.68967],[8.47269,47.68853],[8.47243,47.68837],[8.47069,47.68712],[8.47068,47.68712],[8.46984,47.68652],[8.46966,47.68642],[8.46945,47.68633],[8.46865,47.68605],[8.46805,47.68546],[8.46766,47.68522],[8.46685,47.68488],[8.46594,47.68419],[8.46509,47.68385],[8.46476,47.68359],[8.4646,47.68326],[8.46473,47.68276],[8.46553,47.68216],[8.46571,47.68184]]]},"properties":{"bfs_nr":2904,"name":"Neunkirch"}},{"type":"Feature","geometry":{"type":"Polygon","coordinates":[[[8.63056,47.74368],[8.63045,47.74317],[8.63077,47.7427],[8.63118,47.74249],[8.63167,47.74239],[8.63209,47.74223],[8.63231,47.74207],[8.63253,47.74192],[8.63258,47.74189],[8.63285,47.74169],[8.63287,47.74167],[8.63312,47.74147],[8.63321,47.74139],[8.63397,47.74064],[8.63452,47.74012],[8.63454,47.7401],[8.63472,47.73993],[8.63485,47.73983],[8.63623,47.73897],[8.63727,47.73859],[8.63779,47.73857],[8.6385,47.73878],[8.63893,47.73913],[8.63916,47.73929],[8.64018,47.73983],[8.64019,47.73984],[8.6412,47.74038],[8.64146,47.74056],[8.64182,47.74095],[8.6423,47.74129],[8.6425,47.74153],[8.64259,47.74171],[8.64273,47.74208],[8.64287,47.7423],[8.64295,47.74239],[8.64309,47.74253],[8.6445,47.74374],[8.64554,47.74416],[8.64601,47.74447],[8.64629,47.74461],[8.64667,47.74478],[8.64744,47.74525],[8.64792,47.74539],[8.64818,47.74541],[8.64844,47.7454],[8.64929,47.7453],[8.64964,47.74523],[8.64996,47.74513],[8.65021,47.74508],[8.65095,47.74515],[8.65231,47.7457],[8.65321,47.74633],[8.65347,47.7469],[8.65339,47.74726],[8.65306,47.74767],[8.65295,47.74819],[8.65312,47.74852],[8.65392,47.74912],[8.65406,47.74945],[8.65375,47.75033],[8.65374,47.7505],[8.65378,47.75066],[8.65386,47.75082],[8.65399,47.75097],[8.65432,47.7512],[8.65463,47.75145],[8.65498,47.75186],[8.6561,47.75369],[8.65635,47.75427],[8.65669,47.75455],[8.65743,47.75474],[8.65841,47.75488],[8.65878,47.75512],[8.65903,47.75561],[8.65892,47.75653],[8.65862,47.75717],[8.65866,47.75768],[8.65817,47.75823],[8.65766,47.75844],[8.65754,47.75848],[8.65731,47.75859],[8.65634,47.75917],[8.65531,47.75981],[8.65508,47.76012],[8.65505,47.76047],[8.65521,47.7608],[8.65576,47.76116],[8.65645,47.76131],[8.65693,47.76145],[8.65726,47.76159],[8.65778,47.76197],[8.6581,47.7623],[8.65862,47.7627],[8.65892,47.76303],[8.65899,47.76337],[8.65887,47.76371],[8.65871,47.7639],[8.65838,47.76419],[8.65826,47.7643],[8.6573,47.76502],[8.65663,47.76535],[8.65566,47.76542],[8.65503,47.76517],[8.65481,47.76497],[8.65461,47.76483],[8.65437,47.76472],[8.6541,47.76465],[8.65333,47.76457],[8.65289,47.76458],[8.65216,47.76467],[8.65095,47.76438],[8.65022,47.76445],[8.64981,47.76464],[8.64907,47.76511],[8.64856,47.76524],[8.64776,47.76517],[8.64705,47.76486],[8.64634,47.76475],[8.64555,47.76476],[8.64436,47.76453],[8.64386,47.76459],[8.64307,47.76489],[8.64231,47.76494],[8.64038,47.76423],[8.63773,47.76266],[8.63691,47.76194],[8.63618,47.76147],[8.63481,47.76072],[8.63435,47.76029],[8.63439,47.75963],[8.63485,47.75916],[8.6356,47.75862],[8.63607,47.7582],[8.63639,47.75802],[8.6368,47.75777],[8.63685,47.75774],[8.63719,47.75751],[8.63728,47.75745],[8.63788,47.75697],[8.63802,47.75683],[8.63818,47.75651],[8.63818,47.75634],[8.63815,47.75617],[8.63806,47.75601],[8.63738,47.75527],[8.63704,47.755],[8.63637,47.75425],[8.63611,47.75381],[8.6354,47.75323],[8.63456,47.7527],[8.63438,47.75257],[8.63415,47.7524],[8.63403,47.7523],[8.63388,47.75216],[8.63378,47.75206],[8.63329,47.75146],[8.63209,47.7503],[8.63169,47.74977],[8.63157,47.74958],[8.63152,47.74948],[8.63144,47.74924],[8.63143,47.74918],[8.63141,47.74903],[8.63137,47.74805],[8.63132,47.74791],[8.63092,47.74705],[8.63086,47.74688],[8.6307,47.74627],[8.6307,47.74626],[8.63052,47.74564],[8.63049,47.74548],[8.6305,47.74531],[8.63063,47.74451],[8.63064,47.74442],[8.63064,47.74399],[8.63062,47.74383],[8.63056,47.74368]]]},"properties":{"bfs_nr":2914,"name":"B\u00fcttenhardt"}},{"type":"Feature","geometry":{"type":"Polygon","coordinates":[[[8.69464,47.71726],[8.69487,47.71692],[8.69529,47.71659],[8.69549,47.71613],[8.69558,47.71539],[8.69589,47.7151],[8.69635,47.71492],[8.69759,47.71478],[8.6987,47.71498],[8.70046,47.71497],[8.70132,47.71509],[8.70185,47.715],[8.70297,47.71461],[8.70447,47.71355],[8.70474,47.71327],[8.70541,47.71209],[8.70604,47.71154],[8.70647,47.71091],[8.70663,47.71005],[8.70697,47.70958],[8.70729,47.70877],[8.70781,47.70774],[8.70863,47.70501],[8.70883,47.70442],[8.7092,47.70393],[8.71018,47.70316],[8.71152,47.702],[8.71173,47.70173],[8.71193,47.70093],[8.7118,47.69975],[8.71173,47.69757],[8.71162,47.69671],[8.71182,47.69639],[8.7125,47.69604],[8.71684,47.69492],[8.71724,47.69471],[8.71755,47.69425],[8.71759,47.69314],[8.71725,47.69247],[8.71719,47.69186],[8.71746,47.69146],[8.71786,47.69122],[8.71836,47.69111],[8.71889,47.69114],[8.72019,47.69157],[8.72147,47.69194],[8.7227,47.69222],[8.72466,47.69255],[8.72622,47.6927],[8.72679,47.69281],[8.7272,47.69305],[8.72744,47.69337],[8.72747,47.69373],[8.72688,47.69493],[8.72654,47.69645],[8.72655,47.69677],[8.72772,47.70042],[8.72849,47.70248],[8.72927,47.70403],[8.73085,47.70709],[8.73101,47.70765],[8.73089,47.70811],[8.73102,47.70857],[8.73151,47.70929],[8.73184,47.71006],[8.73183,47.71061],[8.73196,47.71128],[8.73226,47.71183],[8.73392,47.71376],[8.73484,47.7152],[8.73575,47.71596],[8.73594,47.7166],[8.73572,47.71698],[8.73534,47.71728],[8.73409,47.71803],[8.73326,47.71841],[8.73191,47.7187],[8.73109,47.71892],[8.72992,47.7191],[8.72878,47.7191],[8.72808,47.71923],[8.72599,47.71995],[8.72529,47.72011],[8.72473,47.72043],[8.7244,47.72084],[8.72378,47.72112],[8.72308,47.72119],[8.72166,47.72167],[8.72117,47.72171],[8.71978,47.72153],[8.71889,47.72155],[8.71564,47.72178],[8.7149,47.72189],[8.71444,47.72192],[8.71399,47.72192],[8.71389,47.72191],[8.7122,47.72183],[8.71145,47.72182],[8.7105,47.7215],[8.71001,47.72142],[8.70983,47.72141],[8.70918,47.72141],[8.70886,47.72143],[8.70823,47.72152],[8.70811,47.72154],[8.70758,47.7216],[8.70687,47.72169],[8.7067,47.72171],[8.7063,47.72174],[8.706,47.72177],[8.70562,47.72182],[8.70514,47.72184],[8.70369,47.72185],[8.7018,47.72203],[8.70019,47.7223],[8.69986,47.72234],[8.69893,47.72239],[8.69883,47.72239],[8.69806,47.72241],[8.69779,47.7224],[8.69752,47.72236],[8.6971,47.72227],[8.69632,47.72216],[8.69587,47.72198],[8.69548,47.72163],[8.69484,47.72073],[8.69476,47.72063],[8.69447,47.72033],[8.69442,47.72028],[8.69399,47.7199],[8.69376,47.71971],[8.69354,47.71948],[8.69323,47.71909],[8.6931,47.71889],[8.69305,47.71871],[8.69311,47.71836],[8.69355,47.71793],[8.69434,47.71759],[8.69464,47.71726]]]},"properties":{"bfs_nr":2915,"name":"D\u00f6rflingen"}},{"type":"Feature","geometry":{"type":"Polygon","coordinates":[[[8.65443,47.7493],[8.65502,47.7489],[8.65617,47.7488],[8.65698,47.74889],[8.65754,47.74884],[8.65778,47.74876],[8.658,47.74866],[8.65832,47.74847],[8.65849,47.74835],[8.65876,47.74789],[8.65873,47.74757],[8.6583,47.74685],[8.65831,47.74646],[8.65872,47.74572],[8.65901,47.74527],[8.65914,47.74511],[8.65934,47.74494],[8.65954,47.74482],[8.66013,47.74463],[8.66047,47.74456],[8.66226,47.74457],[8.66273,47.74451],[8.66375,47.74422],[8.66469,47.74442],[8.66532,47.74498],[8.66543,47.74513],[8.66552,47.74533],[8.66574,47.74612],[8.66582,47.74629],[8.66595,47.74646],[8.66613,47.7466],[8.66635,47.74671],[8.66659,47.74679],[8.66686,47.74684],[8.66713,47.74684],[8.66744,47.74683],[8.66765,47.74681],[8.66786,47.74677],[8.66927,47.74638],[8.66991,47.7463],[8.67082,47.74653],[8.67106,47.74668],[8.6711,47.74671],[8.67115,47.74675],[8.67158,47.74706],[8.67187,47.74733],[8.67207,47.74753],[8.6725,47.74775],[8.67302,47.74784],[8.67355,47.74778],[8.67425,47.74748],[8.67484,47.74702],[8.67529,47.74688],[8.67579,47.74686],[8.67609,47.7469],[8.67623,47.74693],[8.67658,47.74703],[8.6767,47.74707],[8.67699,47.74716],[8.67716,47.74722],[8.67742,47.74733],[8.67766,47.74741],[8.6782,47.74746],[8.67872,47.74736],[8.67894,47.74726],[8.67911,47.74716],[8.6794,47.74693],[8.6795,47.7468],[8.6796,47.74659],[8.67964,47.74639],[8.67958,47.74586],[8.67974,47.74553],[8.68026,47.74511],[8.68034,47.74502],[8.68044,47.74489],[8.68062,47.74461],[8.68071,47.74444],[8.68085,47.74424],[8.68119,47.74399],[8.68165,47.74383],[8.68217,47.74381],[8.68265,47.74393],[8.68318,47.7443],[8.68331,47.74463],[8.68317,47.74578],[8.68329,47.7461],[8.68357,47.74637],[8.68396,47.74656],[8.68421,47.74673],[8.68437,47.7469],[8.68449,47.74709],[8.68471,47.7476],[8.68474,47.74785],[8.68481,47.74815],[8.68486,47.74831],[8.68495,47.74846],[8.68525,47.74873],[8.68619,47.74915],[8.68679,47.74951],[8.68701,47.74968],[8.68747,47.75046],[8.68808,47.75091],[8.68852,47.75145],[8.68872,47.75175],[8.68896,47.75222],[8.68899,47.75236],[8.68892,47.75305],[8.68904,47.75351],[8.68888,47.75404],[8.68821,47.75462],[8.68778,47.75529],[8.68759,47.7555],[8.68736,47.75572],[8.6873,47.75579],[8.68692,47.75641],[8.68645,47.75677],[8.68552,47.75714],[8.68476,47.75776],[8.6847,47.75782],[8.6846,47.75794],[8.68412,47.7586],[8.68385,47.75906],[8.68383,47.7591],[8.68362,47.75943],[8.68333,47.75974],[8.68318,47.75988],[8.68254,47.76055],[8.68217,47.76095],[8.68139,47.76138],[8.68028,47.76163],[8.67916,47.76212],[8.67809,47.76267],[8.67753,47.76305],[8.67734,47.76321],[8.67697,47.76361],[8.67677,47.76379],[8.67624,47.76407],[8.67596,47.76424],[8.67578,47.76437],[8.67542,47.76467],[8.67524,47.76484],[8.67512,47.76504],[8.67488,47.76562],[8.67486,47.76567],[8.67465,47.76612],[8.67451,47.76633],[8.67431,47.76652],[8.67373,47.76696],[8.67368,47.76701],[8.67345,47.76716],[8.67317,47.76733],[8.67225,47.76777],[8.67197,47.76788],[8.67125,47.76812],[8.67107,47.76819],[8.671,47.76822],[8.67093,47.76826],[8.67033,47.76856],[8.67006,47.76864],[8.66985,47.76869],[8.66958,47.76874],[8.66917,47.76879],[8.66909,47.76881],[8.6687,47.76887],[8.6684,47.76895],[8.66811,47.76906],[8.668,47.7691],[8.66781,47.76917],[8.66762,47.76924],[8.66743,47.76929],[8.66688,47.76943],[8.66626,47.76953],[8.66622,47.76953],[8.6657,47.76961],[8.66568,47.76962],[8.6653,47.76964],[8.66461,47.76954],[8.66439,47.76945],[8.66416,47.76932],[8.66394,47.76917],[8.66375,47.76901],[8.66353,47.76855],[8.66359,47.76798],[8.6636,47.76793],[8.6636,47.76789],[8.66358,47.76772],[8.66352,47.76755],[8.66341,47.7674],[8.66327,47.76726],[8.66308,47.76715],[8.66287,47.76706],[8.66258,47.76698],[8.66221,47.76695],[8.66192,47.76695],[8.66167,47.76696],[8.66144,47.76701],[8.66096,47.76717],[8.66074,47.76722],[8.66045,47.76724],[8.66039,47.76724],[8.66005,47.76722],[8.65954,47.76708],[8.65904,47.76666],[8.65891,47.76622],[8.65867,47.7659],[8.65815,47.76552],[8.65786,47.76502],[8.65803,47.7645],[8.65836,47.76421],[8.65874,47.76386],[8.65888,47.76371],[8.65896,47.76355],[8.659,47.76337],[8.65899,47.7632],[8.65893,47.76303],[8.65867,47.76273],[8.6583,47.76245],[8.65811,47.76229],[8.65798,47.76214],[8.65749,47.76173],[8.65727,47.76158],[8.657,47.76147],[8.65686,47.76143],[8.65681,47.76141],[8.6561,47.76122],[8.65589,47.76116],[8.65533,47.76081],[8.65517,47.76048],[8.6552,47.76013],[8.65543,47.75982],[8.65614,47.7593],[8.65676,47.75894],[8.65701,47.75877],[8.65737,47.75856],[8.65822,47.75822],[8.65855,47.75794],[8.6587,47.75761],[8.65872,47.75715],[8.65903,47.75653],[8.65899,47.75601],[8.65911,47.75555],[8.65883,47.75494],[8.65837,47.75456],[8.65787,47.75439],[8.6567,47.75422],[8.65615,47.75377],[8.65496,47.75183],[8.65485,47.75169],[8.65459,47.75141],[8.65438,47.75124],[8.65399,47.75097],[8.65387,47.75082],[8.65375,47.7505],[8.65376,47.75033],[8.65386,47.75006],[8.65443,47.7493]]]},"properties":{"bfs_nr":2917,"name":"Lohn (SH)"}},{"type":"Feature","geometry":{"type":"Polygon","coordinates":[[[8.63891,47.7391],[8.63875,47.73893],[8.63862,47.73859],[8.63871,47.73823],[8.63899,47.73793],[8.63917,47.73782],[8.6398,47.73744],[8.63981,47.73743],[8.64016,47.73722],[8.64034,47.73709],[8.64048,47.73694],[8.64061,47.73659],[8.64053,47.73624],[8.64006,47.73569],[8.63991,47.73549],[8.63985,47.73531],[8.63984,47.73513],[8.63998,47.73478],[8.64056,47.7343],[8.64068,47.73414],[8.64075,47.73397],[8.64078,47.73379],[8.64074,47.73361],[8.64066,47.73344],[8.64053,47.73329],[8.64007,47.73295],[8.6399,47.73281],[8.63969,47.73259],[8.63941,47.73223],[8.63931,47.73205],[8.63922,47.73145],[8.63935,47.73053],[8.63972,47.72936],[8.64008,47.7288],[8.6403,47.72856],[8.64065,47.72825],[8.64116,47.72775],[8.64167,47.72749],[8.64283,47.72713],[8.64342,47.72662],[8.64371,47.72595],[8.64409,47.72571],[8.64467,47.72556],[8.64518,47.72557],[8.64571,47.72574],[8.64676,47.72624],[8.647,47.72638],[8.64793,47.727],[8.64799,47.72704],[8.64836,47.72725],[8.64841,47.72728],[8.64878,47.72748],[8.64892,47.72756],[8.64915,47.72771],[8.64936,47.7279],[8.64974,47.72808],[8.65069,47.72839],[8.65085,47.72845],[8.65142,47.72867],[8.65168,47.7288],[8.65198,47.72908],[8.65228,47.7297],[8.65237,47.73015],[8.65265,47.73048],[8.6539,47.73118],[8.65411,47.73129],[8.65434,47.73136],[8.6546,47.73141],[8.65486,47.73141],[8.65512,47.73139],[8.65537,47.73133],[8.65559,47.73124],[8.65613,47.73097],[8.65667,47.73065],[8.65702,47.73021],[8.65763,47.72988],[8.65841,47.72983],[8.66005,47.73018],[8.66084,47.73057],[8.66118,47.73085],[8.66139,47.73133],[8.6618,47.73205],[8.66214,47.7325],[8.66282,47.73282],[8.66336,47.73291],[8.66401,47.73322],[8.66444,47.73337],[8.66558,47.73353],[8.66691,47.73406],[8.66759,47.73453],[8.66801,47.73505],[8.66888,47.73563],[8.67001,47.7361],[8.67032,47.73618],[8.67103,47.73629],[8.67122,47.73633],[8.67141,47.73637],[8.6717,47.73646],[8.6719,47.73655],[8.67237,47.7369],[8.6728,47.73707],[8.67305,47.73711],[8.6733,47.73712],[8.67355,47.7371],[8.67461,47.73693],[8.67536,47.73702],[8.67612,47.73752],[8.6768,47.73774],[8.67731,47.73773],[8.67786,47.73759],[8.67838,47.73755],[8.67954,47.73774],[8.68017,47.73796],[8.68131,47.73857],[8.6816,47.73887],[8.68169,47.73922],[8.68158,47.73957],[8.68123,47.73991],[8.68105,47.74023],[8.68103,47.7404],[8.68113,47.74073],[8.6814,47.74101],[8.6822,47.74147],[8.68244,47.74179],[8.68248,47.74215],[8.68231,47.74248],[8.68161,47.74291],[8.6813,47.74319],[8.68094,47.74388],[8.68081,47.74424],[8.68061,47.74462],[8.68032,47.74504],[8.68016,47.74518],[8.67977,47.74546],[8.67954,47.7458],[8.67959,47.74635],[8.67953,47.74672],[8.67941,47.7469],[8.67896,47.74725],[8.67871,47.74736],[8.6782,47.74745],[8.67767,47.7474],[8.67702,47.74717],[8.67668,47.74706],[8.6766,47.74704],[8.67621,47.74693],[8.67612,47.74691],[8.676,47.74688],[8.67573,47.74684],[8.67519,47.74688],[8.67472,47.74705],[8.67435,47.74729],[8.67347,47.74758],[8.67299,47.74765],[8.67208,47.74745],[8.67164,47.7471],[8.67116,47.74676],[8.67109,47.74671],[8.67102,47.74665],[8.67083,47.74652],[8.66991,47.7463],[8.66934,47.74636],[8.66791,47.74675],[8.66765,47.74681],[8.66738,47.74683],[8.6672,47.74684],[8.66686,47.74683],[8.66635,47.74671],[8.66596,47.74645],[8.66583,47.74629],[8.66573,47.74607],[8.66548,47.74519],[8.6654,47.74496],[8.66504,47.74444],[8.66467,47.74417],[8.66417,47.74402],[8.66362,47.74402],[8.66222,47.74455],[8.66065,47.7445],[8.66037,47.74456],[8.65978,47.74473],[8.65954,47.74482],[8.65933,47.74493],[8.65916,47.74508],[8.65912,47.74512],[8.65903,47.74524],[8.65875,47.74567],[8.65872,47.74571],[8.65846,47.74616],[8.65824,47.74651],[8.65824,47.74705],[8.65857,47.7475],[8.65867,47.74786],[8.65841,47.74838],[8.65818,47.74855],[8.65778,47.74876],[8.65754,47.74883],[8.65698,47.74888],[8.65618,47.74876],[8.65579,47.74859],[8.65526,47.7481],[8.65503,47.74768],[8.65466,47.74736],[8.65383,47.74692],[8.65343,47.74647],[8.65235,47.7457],[8.65093,47.74514],[8.65038,47.74507],[8.6501,47.74509],[8.64983,47.74516],[8.64952,47.74526],[8.64922,47.74531],[8.6485,47.74539],[8.64818,47.74541],[8.64792,47.74539],[8.64744,47.74524],[8.64674,47.74481],[8.64606,47.7445],[8.64554,47.74416],[8.6445,47.74374],[8.64367,47.74299],[8.64313,47.74256],[8.64292,47.74236],[8.64291,47.74235],[8.64271,47.74202],[8.64258,47.74168],[8.64252,47.74157],[8.64247,47.74148],[8.64231,47.74129],[8.64182,47.74095],[8.64147,47.74056],[8.64126,47.74041],[8.64019,47.73983],[8.63923,47.73932],[8.63891,47.7391]]]},"properties":{"bfs_nr":2919,"name":"Stetten (SH)"}},{"type":"Feature","geometry":{"type":"Polygon","coordinates":[[[8.64655,47.79237],[8.64583,47.79087],[8.64573,47.79054],[8.64549,47.78758],[8.64563,47.78709],[8.64728,47.78553],[8.64896,47.78442],[8.64927,47.78412],[8.64982,47.78316],[8.65005,47.78146],[8.65004,47.78123],[8.64916,47.77762],[8.6484,47.77637],[8.64826,47.77598],[8.64823,47.77513],[8.64841,47.7748],[8.64898,47.77445],[8.64999,47.77432],[8.65122,47.7743],[8.65196,47.77408],[8.65233,47.77381],[8.65251,47.77347],[8.65222,47.77278],[8.64946,47.77047],[8.64918,47.7703],[8.64662,47.76911],[8.64637,47.76897],[8.64601,47.7685],[8.64603,47.76815],[8.64624,47.76782],[8.64722,47.76709],[8.64735,47.76678],[8.64735,47.76628],[8.64787,47.76572],[8.64846,47.76552],[8.64978,47.76469],[8.65028,47.76456],[8.65083,47.76457],[8.65132,47.76472],[8.65203,47.76477],[8.65289,47.76458],[8.65338,47.76458],[8.65388,47.76463],[8.65423,47.76469],[8.65448,47.76478],[8.6547,47.7649],[8.65509,47.76526],[8.65548,47.76547],[8.65619,47.76557],[8.65736,47.76538],[8.65788,47.76546],[8.65861,47.76588],[8.65881,47.76655],[8.65902,47.76687],[8.6594,47.76711],[8.66015,47.76724],[8.66051,47.76724],[8.66074,47.76722],[8.66096,47.76717],[8.66144,47.76701],[8.66168,47.76697],[8.66212,47.76695],[8.66263,47.767],[8.66287,47.76706],[8.66326,47.76726],[8.66351,47.76755],[8.66358,47.76772],[8.6636,47.76793],[8.66359,47.76799],[8.66356,47.76824],[8.66353,47.76839],[8.66352,47.76855],[8.66375,47.76901],[8.6639,47.76914],[8.6642,47.76935],[8.66439,47.76946],[8.6646,47.76954],[8.66499,47.76962],[8.66528,47.76965],[8.66558,47.76963],[8.66561,47.76963],[8.6657,47.76961],[8.66624,47.76953],[8.66627,47.76953],[8.66692,47.76942],[8.66708,47.76939],[8.66746,47.76929],[8.66759,47.76925],[8.66785,47.76916],[8.66792,47.76913],[8.66833,47.76898],[8.66878,47.76886],[8.66962,47.76874],[8.6698,47.7687],[8.67012,47.76863],[8.67033,47.76857],[8.67052,47.76848],[8.67103,47.76821],[8.67129,47.7681],[8.67202,47.76786],[8.6722,47.76779],[8.67322,47.7673],[8.67341,47.76719],[8.67369,47.767],[8.67372,47.76697],[8.67436,47.76649],[8.67452,47.76634],[8.67463,47.76617],[8.67487,47.76566],[8.67488,47.76563],[8.6751,47.76509],[8.67525,47.76484],[8.67574,47.7644],[8.67601,47.76421],[8.67622,47.76408],[8.67677,47.76379],[8.67694,47.76364],[8.6773,47.76325],[8.67758,47.76302],[8.67802,47.76272],[8.67916,47.76213],[8.68026,47.76174],[8.68132,47.76155],[8.68222,47.76098],[8.68258,47.76051],[8.68316,47.7599],[8.68339,47.7597],[8.68358,47.75949],[8.68383,47.75909],[8.68385,47.75907],[8.68411,47.75862],[8.68458,47.75797],[8.68472,47.7578],[8.6852,47.75743],[8.68538,47.75728],[8.68633,47.75693],[8.68698,47.75646],[8.68714,47.75609],[8.68734,47.75575],[8.68759,47.75549],[8.68783,47.75524],[8.68822,47.75462],[8.68889,47.7541],[8.6891,47.75376],[8.68895,47.75302],[8.68901,47.75246],[8.68898,47.75227],[8.68893,47.75213],[8.68871,47.75171],[8.68857,47.7515],[8.68807,47.75089],[8.6878,47.75064],[8.68751,47.75007],[8.68715,47.74974],[8.68683,47.74954],[8.68614,47.74912],[8.68526,47.74873],[8.68487,47.74832],[8.6848,47.74813],[8.68476,47.74794],[8.68473,47.74768],[8.68467,47.74749],[8.68447,47.74705],[8.68438,47.7469],[8.68424,47.74676],[8.68413,47.74666],[8.68399,47.74656],[8.68366,47.7464],[8.68333,47.74613],[8.68318,47.74578],[8.68332,47.74474],[8.68332,47.74338],[8.68308,47.74279],[8.68302,47.74207],[8.6827,47.74175],[8.68143,47.74101],[8.68115,47.74071],[8.68106,47.74036],[8.68118,47.74002],[8.6816,47.73956],[8.68171,47.73921],[8.68162,47.73886],[8.68133,47.73856],[8.68029,47.738],[8.67999,47.73757],[8.68012,47.73698],[8.68069,47.73652],[8.68186,47.73602],[8.68247,47.73572],[8.68288,47.73512],[8.6828,47.73446],[8.68292,47.73414],[8.6832,47.73387],[8.68339,47.73376],[8.68386,47.7336],[8.6844,47.7334],[8.68444,47.73339],[8.68508,47.73313],[8.68513,47.73311],[8.68581,47.73281],[8.68618,47.7326],[8.68643,47.7325],[8.68677,47.73243],[8.68682,47.73243],[8.6874,47.73237],[8.68769,47.73236],[8.68901,47.73236],[8.68927,47.73232],[8.68952,47.73225],[8.68973,47.73214],[8.68992,47.73201],[8.69098,47.73112],[8.69137,47.7309],[8.69174,47.73042],[8.69208,47.73017],[8.69312,47.72994],[8.69355,47.72976],[8.69386,47.72948],[8.69398,47.72898],[8.69391,47.72848],[8.69408,47.72775],[8.69386,47.72741],[8.69333,47.72689],[8.69273,47.7262],[8.69271,47.72617],[8.69259,47.72597],[8.69254,47.72562],[8.69269,47.72528],[8.69303,47.72501],[8.6935,47.72485],[8.69383,47.72481],[8.69442,47.72478],[8.69453,47.72478],[8.69574,47.72477],[8.69606,47.72474],[8.69685,47.72461],[8.69739,47.72458],[8.69823,47.72461],[8.69938,47.72478],[8.7006,47.72491],[8.70086,47.72492],[8.70135,47.72485],[8.70193,47.72453],[8.70242,47.72375],[8.70236,47.72337],[8.70254,47.72286],[8.70289,47.7226],[8.70404,47.72208],[8.70551,47.72195],[8.70627,47.72176],[8.70684,47.72169],[8.70757,47.7216],[8.70813,47.72154],[8.70821,47.72153],[8.70878,47.72144],[8.70926,47.72141],[8.7098,47.72144],[8.71063,47.72177],[8.71119,47.72188],[8.7119,47.72183],[8.71224,47.72183],[8.71309,47.72188],[8.71391,47.72191],[8.71397,47.72192],[8.71451,47.72192],[8.71482,47.7219],[8.71552,47.72181],[8.71645,47.72204],[8.71688,47.72264],[8.71682,47.72298],[8.7159,47.72452],[8.71513,47.7257],[8.71478,47.72633],[8.71392,47.72758],[8.71365,47.72786],[8.71279,47.72852],[8.71191,47.72899],[8.71138,47.72981],[8.7114,47.73017],[8.71189,47.73083],[8.71253,47.7323],[8.71301,47.73434],[8.7131,47.73454],[8.71413,47.73621],[8.71455,47.73741],[8.7146,47.73811],[8.71483,47.7386],[8.71587,47.73914],[8.71721,47.73962],[8.71975,47.74078],[8.72027,47.74118],[8.7208,47.74257],[8.72155,47.74383],[8.72174,47.74406],[8.72306,47.74517],[8.72346,47.7454],[8.72397,47.7455],[8.72449,47.74547],[8.72602,47.74517],[8.72697,47.74535],[8.72774,47.74587],[8.72825,47.74603],[8.72882,47.74602],[8.72991,47.74586],[8.73071,47.74583],[8.73451,47.74656],[8.73903,47.74655],[8.73955,47.7467],[8.73997,47.74702],[8.74051,47.74762],[8.74108,47.74807],[8.74122,47.7484],[8.74115,47.74879],[8.74085,47.7494],[8.7408,47.74977],[8.74108,47.75158],[8.74094,47.75212],[8.7402,47.75279],[8.73965,47.7531],[8.73828,47.75355],[8.73764,47.75362],[8.73663,47.75398],[8.73628,47.75417],[8.73517,47.75504],[8.73389,47.7557],[8.73331,47.75608],[8.73183,47.75679],[8.73124,47.75696],[8.73017,47.75742],[8.72979,47.75768],[8.72959,47.75802],[8.72969,47.75855],[8.73021,47.75909],[8.73034,47.75957],[8.73007,47.76003],[8.7287,47.76091],[8.72745,47.76211],[8.72679,47.76236],[8.72517,47.76266],[8.72339,47.76292],[8.72261,47.76323],[8.72153,47.76322],[8.72101,47.7633],[8.71895,47.76421],[8.71846,47.76435],[8.71665,47.76467],[8.71476,47.76521],[8.71421,47.76529],[8.71198,47.76482],[8.71154,47.7646],[8.71005,47.76356],[8.70942,47.76331],[8.70893,47.76329],[8.70744,47.76356],[8.7069,47.76353],[8.70638,47.76332],[8.70491,47.76236],[8.70453,47.76193],[8.70374,47.76146],[8.70319,47.76104],[8.70188,47.76035],[8.70137,47.76025],[8.70048,47.76021],[8.69972,47.7599],[8.69928,47.75958],[8.69866,47.75837],[8.69781,47.75715],[8.6973,47.75669],[8.69593,47.75637],[8.69546,47.75606],[8.69497,47.75589],[8.69441,47.75586],[8.69302,47.75617],[8.69174,47.75674],[8.68886,47.75828],[8.68838,47.75871],[8.68808,47.75921],[8.68779,47.76011],[8.68787,47.76046],[8.68827,47.76099],[8.6883,47.76151],[8.68762,47.76224],[8.68748,47.76261],[8.68695,47.76484],[8.68678,47.76533],[8.68584,47.76724],[8.684,47.77008],[8.68398,47.77044],[8.68416,47.77078],[8.68453,47.77104],[8.68671,47.77209],[8.68714,47.7724],[8.68789,47.77322],[8.68799,47.77358],[8.68787,47.77394],[8.6875,47.77427],[8.68636,47.77484],[8.68533,47.77542],[8.6843,47.77617],[8.68348,47.77697],[8.68318,47.77744],[8.68292,47.77846],[8.68289,47.77889],[8.68325,47.77958],[8.68331,47.78022],[8.68315,47.78074],[8.68195,47.78252],[8.68184,47.78303],[8.68206,47.78358],[8.68197,47.78407],[8.68147,47.78456],[8.68071,47.78497],[8.68037,47.78542],[8.6804,47.78601],[8.6801,47.7865],[8.67969,47.78672],[8.67886,47.78682],[8.67803,47.78657],[8.67713,47.78595],[8.67662,47.78582],[8.67581,47.7859],[8.67428,47.78669],[8.67289,47.78717],[8.67159,47.78748],[8.67099,47.78754],[8.67008,47.7874],[8.66934,47.78745],[8.66796,47.78768],[8.66739,47.78796],[8.66682,47.78861],[8.66578,47.78932],[8.66538,47.78974],[8.66502,47.79035],[8.66455,47.79061],[8.66353,47.79096],[8.6622,47.79177],[8.66166,47.79191],[8.65961,47.79209],[8.65901,47.79245],[8.65883,47.79279],[8.65886,47.79315],[8.65911,47.79348],[8.65984,47.79395],[8.66011,47.79437],[8.66026,47.79499],[8.66027,47.79621],[8.66,47.79661],[8.65922,47.79732],[8.65835,47.7983],[8.65736,47.79973],[8.65681,47.80015],[8.65605,47.80028],[8.6545,47.80011],[8.65334,47.79989],[8.65279,47.79966],[8.6518,47.79939],[8.6508,47.799],[8.64964,47.79844],[8.64923,47.79799],[8.64891,47.79727],[8.649,47.79628],[8.64885,47.79536],[8.64815,47.7949],[8.64712,47.79459],[8.64683,47.79431],[8.64659,47.7935],[8.64655,47.79237]]]},"properties":{"bfs_nr":2920,"name":"Thayngen"}},{"type":"Feature","geometry":{"type":"Polygon","coordinates":[[[8.56342,47.79242],[8.56394,47.79237],[8.56549,47.79199],[8.56863,47.79111],[8.56897,47.79103],[8.57199,47.79059],[8.57408,47.78992],[8.57467,47.78953],[8.57481,47.78898],[8.57463,47.78819],[8.57446,47.78707],[8.57465,47.78666],[8.57586,47.78522],[8.57601,47.78492],[8.57648,47.78292],[8.5771,47.78205],[8.57747,47.78182],[8.57795,47.7817],[8.5793,47.78169],[8.57987,47.78177],[8.5803,47.78197],[8.58076,47.78247],[8.58135,47.78276],[8.58184,47.78282],[8.58233,47.78275],[8.58291,47.78258],[8.5832,47.78252],[8.58345,47.7825],[8.58393,47.78255],[8.58437,47.78269],[8.58462,47.78277],[8.58467,47.78279],[8.58576,47.78308],[8.58636,47.78322],[8.5875,47.78308],[8.58783,47.78308],[8.58797,47.78309],[8.58806,47.78309],[8.58877,47.78311],[8.58957,47.78316],[8.59103,47.78338],[8.59155,47.78347],[8.59166,47.78349],[8.59217,47.78355],[8.59225,47.78356],[8.59291,47.78362],[8.59479,47.78384],[8.59601,47.78371],[8.59722,47.78377],[8.59915,47.78394],[8.60174,47.78411],[8.60202,47.78411],[8.60293,47.78405],[8.60314,47.78402],[8.60494,47.7837],[8.60543,47.7836],[8.60597,47.78361],[8.60686,47.78384],[8.60712,47.78386],[8.60739,47.78385],[8.60764,47.7838],[8.60788,47.78372],[8.60809,47.78361],[8.60826,47.78348],[8.60839,47.78332],[8.60859,47.78291],[8.60965,47.78182],[8.61057,47.78117],[8.61085,47.7808],[8.61131,47.7805],[8.61216,47.78032],[8.61267,47.7804],[8.61441,47.78113],[8.61528,47.78133],[8.61569,47.78156],[8.61594,47.78188],[8.61593,47.78241],[8.61535,47.7833],[8.6151,47.78409],[8.61512,47.78487],[8.61556,47.78647],[8.61577,47.78679],[8.61637,47.78712],[8.61792,47.78744],[8.61865,47.78766],[8.61917,47.78793],[8.62036,47.78888],[8.62054,47.7893],[8.62068,47.79085],[8.62191,47.79418],[8.62186,47.79477],[8.62155,47.79508],[8.62042,47.79559],[8.61935,47.79585],[8.61869,47.79614],[8.61845,47.79646],[8.6184,47.79681],[8.61875,47.79748],[8.6186,47.7982],[8.61817,47.79855],[8.61716,47.79909],[8.6158,47.79972],[8.61421,47.801],[8.61355,47.80132],[8.61125,47.80192],[8.60769,47.80241],[8.60462,47.80252],[8.60127,47.80296],[8.60047,47.80292],[8.59864,47.8025],[8.59797,47.80221],[8.59688,47.80144],[8.59389,47.79941],[8.59317,47.79915],[8.59262,47.79917],[8.59212,47.79933],[8.59161,47.79966],[8.59008,47.80048],[8.58903,47.80138],[8.58821,47.80215],[8.58776,47.80234],[8.58696,47.80237],[8.58665,47.8023],[8.58007,47.80017],[8.57969,47.80009],[8.57718,47.79985],[8.57643,47.79992],[8.57602,47.80012],[8.57575,47.80041],[8.57566,47.80075],[8.5758,47.80141],[8.57569,47.80176],[8.57529,47.80216],[8.57484,47.80372],[8.57378,47.80471],[8.57306,47.80593],[8.57271,47.80615],[8.57215,47.80629],[8.57095,47.80627],[8.5704,47.80632],[8.56993,47.80653],[8.56857,47.80745],[8.5681,47.8076],[8.56759,47.80762],[8.56709,47.80751],[8.56666,47.80724],[8.5658,47.80651],[8.56417,47.80559],[8.56367,47.8051],[8.56309,47.80382],[8.56259,47.80249],[8.56256,47.8014],[8.56235,47.79898],[8.56235,47.79786],[8.56249,47.79661],[8.56241,47.79514],[8.56213,47.79346],[8.56218,47.79305],[8.56264,47.7926],[8.56342,47.79242]]]},"properties":{"bfs_nr":2931,"name":"Bargen (SH)"}},{"type":"Feature","geometry":{"type":"Polygon","coordinates":[[[8.54199,47.68763],[8.54212,47.68729],[8.54283,47.68683],[8.54367,47.68663],[8.54404,47.68637],[8.54424,47.68604],[8.54422,47.68568],[8.544,47.68535],[8.54328,47.68464],[8.54279,47.68432],[8.54257,47.68402],[8.54258,47.68352],[8.54323,47.68292],[8.54343,47.68261],[8.54345,47.6821],[8.5439,47.68152],[8.54489,47.68125],[8.5458,47.68126],[8.54632,47.68115],[8.54654,47.68105],[8.54672,47.68091],[8.54687,47.68076],[8.54713,47.68023],[8.54792,47.67953],[8.54818,47.67917],[8.54822,47.67898],[8.54823,47.67868],[8.54818,47.67842],[8.54814,47.67833],[8.54799,47.67809],[8.54741,47.67747],[8.54675,47.67684],[8.54599,47.67573],[8.54585,47.67557],[8.54555,47.6753],[8.54541,47.67514],[8.54533,47.67501],[8.54527,47.67483],[8.54516,47.6743],[8.54514,47.67409],[8.54526,47.67377],[8.54538,47.67362],[8.54582,47.67331],[8.54679,47.67272],[8.54682,47.67271],[8.54722,47.67247],[8.54762,47.67229],[8.54809,47.67212],[8.54832,47.67202],[8.54851,47.6719],[8.54922,47.67132],[8.55008,47.67081],[8.55034,47.67049],[8.55039,47.67031],[8.55039,47.67012],[8.55032,47.6695],[8.55082,47.66893],[8.55178,47.66875],[8.55413,47.66933],[8.55471,47.66939],[8.55649,47.66929],[8.55723,47.66935],[8.55805,47.66956],[8.55927,47.67011],[8.56064,47.6703],[8.56267,47.67011],[8.56329,47.67015],[8.56396,47.67049],[8.56436,47.67104],[8.56469,47.67127],[8.5649,47.67136],[8.5653,47.67148],[8.56555,47.67155],[8.56582,47.67157],[8.56672,47.67154],[8.56698,47.67149],[8.56722,47.6714],[8.56829,47.67092],[8.56961,47.67061],[8.57154,47.6705],[8.57211,47.67038],[8.57333,47.66992],[8.57388,47.66987],[8.57423,47.66992],[8.57547,47.6702],[8.57661,47.67056],[8.57697,47.67071],[8.57756,47.67103],[8.57793,47.67129],[8.57835,47.67168],[8.57844,47.67175],[8.5787,47.67194],[8.57925,47.67235],[8.57933,47.6724],[8.57984,47.67273],[8.58007,47.67284],[8.5809,47.67319],[8.58092,47.67319],[8.58197,47.67363],[8.58222,47.67376],[8.58238,47.67388],[8.5826,47.67418],[8.58264,47.67451],[8.58259,47.67467],[8.58234,47.67516],[8.58232,47.67533],[8.58234,47.67589],[8.58237,47.67606],[8.58253,47.67656],[8.5826,47.67704],[8.58301,47.67825],[8.58305,47.67834],[8.58314,47.67852],[8.58318,47.67858],[8.58325,47.6787],[8.58342,47.6789],[8.58367,47.67912],[8.58375,47.67921],[8.58402,47.67951],[8.5842,47.67978],[8.58428,47.68],[8.5843,47.68025],[8.58424,47.68051],[8.5839,47.68127],[8.58389,47.68128],[8.58366,47.68184],[8.58362,47.68198],[8.58359,47.68212],[8.58353,47.68232],[8.58353,47.68233],[8.58347,47.68245],[8.58324,47.68285],[8.5829,47.68334],[8.58278,47.68354],[8.58273,47.68372],[8.58272,47.68387],[8.58276,47.68431],[8.58273,47.68506],[8.58256,47.68608],[8.58269,47.68644],[8.58301,47.68673],[8.58349,47.68691],[8.58375,47.68695],[8.5851,47.68705],[8.58543,47.68705],[8.58743,47.68694],[8.58854,47.68685],[8.58963,47.68685],[8.59005,47.68688],[8.59048,47.68694],[8.59097,47.68703],[8.59111,47.68705],[8.59207,47.68716],[8.59213,47.68716],[8.5931,47.68724],[8.59434,47.6875],[8.59447,47.68752],[8.59493,47.68759],[8.59681,47.6878],[8.59783,47.68826],[8.59836,47.68842],[8.59864,47.68855],[8.59902,47.68878],[8.59919,47.68887],[8.60016,47.68928],[8.60019,47.68929],[8.60092,47.68958],[8.60219,47.69023],[8.60274,47.69031],[8.60396,47.69037],[8.60468,47.69066],[8.60521,47.69104],[8.60545,47.69114],[8.60572,47.6912],[8.60625,47.69129],[8.60656,47.69136],[8.60678,47.69146],[8.60697,47.69157],[8.60713,47.69171],[8.6073,47.69204],[8.60719,47.69256],[8.60655,47.69313],[8.60607,47.69398],[8.60492,47.69457],[8.60468,47.69506],[8.60468,47.69543],[8.60435,47.6963],[8.604,47.69681],[8.60366,47.69842],[8.60364,47.69954],[8.60337,47.70028],[8.60314,47.70068],[8.60316,47.70103],[8.60362,47.70161],[8.6037,47.70195],[8.60358,47.70229],[8.60289,47.7028],[8.60261,47.70313],[8.60246,47.70375],[8.60206,47.70419],[8.60185,47.70429],[8.60137,47.7044],[8.60105,47.70441],[8.60044,47.70439],[8.59991,47.70432],[8.59931,47.70418],[8.59902,47.7041],[8.59873,47.704],[8.59835,47.70382],[8.59811,47.70374],[8.59785,47.70368],[8.59758,47.70367],[8.59731,47.70369],[8.59706,47.70374],[8.59682,47.70383],[8.59662,47.70396],[8.59537,47.70517],[8.59444,47.70577],[8.59442,47.70579],[8.59412,47.70599],[8.59371,47.70645],[8.59364,47.70677],[8.5938,47.70718],[8.59386,47.70752],[8.5938,47.70774],[8.59354,47.70837],[8.59353,47.70838],[8.59308,47.70943],[8.59288,47.70991],[8.59265,47.7103],[8.59258,47.71047],[8.59255,47.71065],[8.59259,47.71082],[8.59267,47.71099],[8.5928,47.71115],[8.59297,47.71128],[8.59339,47.71155],[8.59375,47.71189],[8.59385,47.71225],[8.59373,47.71261],[8.59359,47.71277],[8.59336,47.71294],[8.5929,47.71322],[8.59259,47.71338],[8.59203,47.71363],[8.59175,47.71379],[8.59076,47.71444],[8.59058,47.7146],[8.59046,47.71478],[8.59033,47.71503],[8.59028,47.71516],[8.59019,47.7155],[8.59018,47.71552],[8.59006,47.71604],[8.58999,47.71622],[8.58988,47.7164],[8.5897,47.71663],[8.58955,47.7168],[8.5895,47.71684],[8.58939,47.71694],[8.58925,47.71705],[8.58907,47.71717],[8.58819,47.71769],[8.58808,47.71776],[8.58773,47.71802],[8.58764,47.71809],[8.58761,47.71812],[8.58749,47.71826],[8.58736,47.71857],[8.5874,47.7189],[8.5875,47.71907],[8.58758,47.71919],[8.58772,47.71934],[8.58784,47.71945],[8.58799,47.71956],[8.58816,47.71966],[8.5883,47.71974],[8.58877,47.71996],[8.58896,47.7201],[8.58919,47.72044],[8.58927,47.72074],[8.5898,47.72176],[8.58984,47.72184],[8.58988,47.72241],[8.58946,47.72286],[8.58911,47.72303],[8.58781,47.72384],[8.58713,47.7241],[8.58667,47.72451],[8.58617,47.72545],[8.58616,47.72547],[8.58593,47.72588],[8.5858,47.72606],[8.58562,47.72622],[8.58515,47.72659],[8.58489,47.72675],[8.58459,47.72687],[8.58452,47.72689],[8.58426,47.72695],[8.58399,47.72699],[8.58275,47.72707],[8.58224,47.72706],[8.58099,47.72692],[8.5794,47.72679],[8.57885,47.72674],[8.57857,47.7267],[8.57779,47.72656],[8.57653,47.72631],[8.57462,47.72605],[8.57404,47.72606],[8.57261,47.7263],[8.57153,47.72667],[8.57058,47.72669],[8.56956,47.72645],[8.56744,47.72645],[8.56583,47.72628],[8.56573,47.72628],[8.56544,47.72627],[8.5644,47.72633],[8.56416,47.72636],[8.56332,47.72652],[8.5631,47.72657],[8.56189,47.72697],[8.56162,47.72708],[8.56065,47.72759],[8.56049,47.72768],[8.56035,47.72779],[8.55995,47.72816],[8.55972,47.72832],[8.55962,47.72837],[8.55862,47.72884],[8.55774,47.72909],[8.55754,47.72918],[8.55736,47.7293],[8.55722,47.72943],[8.55706,47.72966],[8.55701,47.72982],[8.55699,47.73023],[8.55693,47.73038],[8.55683,47.73055],[8.55679,47.7306],[8.55648,47.73089],[8.55552,47.73158],[8.55546,47.73163],[8.55484,47.73203],[8.5548,47.73205],[8.55461,47.73217],[8.55437,47.7323],[8.55393,47.73242],[8.55312,47.73236],[8.55267,47.73214],[8.55208,47.73168],[8.55138,47.73109],[8.55135,47.73106],[8.55075,47.73052],[8.5507,47.73047],[8.55036,47.73014],[8.55034,47.73012],[8.54999,47.72975],[8.54995,47.72972],[8.54951,47.72931],[8.54948,47.72928],[8.54876,47.72867],[8.54851,47.72848],[8.54798,47.72816],[8.54792,47.72812],[8.54763,47.72793],[8.54756,47.72788],[8.54733,47.72771],[8.54715,47.72756],[8.54614,47.72651],[8.54519,47.7253],[8.54505,47.72498],[8.54496,47.72475],[8.54449,47.72418],[8.5443,47.72387],[8.54417,47.72356],[8.54415,47.72351],[8.54406,47.72328],[8.54402,47.7231],[8.54398,47.72286],[8.54396,47.72248],[8.544,47.72176],[8.54413,47.72137],[8.54443,47.72108],[8.54488,47.72089],[8.5452,47.72084],[8.54565,47.7208],[8.54592,47.72081],[8.546,47.72081],[8.54614,47.72082],[8.54683,47.72091],[8.54684,47.72091],[8.54819,47.72106],[8.54845,47.72107],[8.5487,47.72104],[8.54895,47.72099],[8.54917,47.7209],[8.54953,47.72065],[8.54995,47.71985],[8.55057,47.71915],[8.55075,47.71881],[8.55087,47.71816],[8.55136,47.71778],[8.55183,47.71765],[8.55252,47.71761],[8.55338,47.7175],[8.55364,47.71745],[8.55388,47.71736],[8.55425,47.71719],[8.55436,47.71713],[8.55487,47.71683],[8.55527,47.71665],[8.55624,47.71633],[8.55688,47.71616],[8.55691,47.71615],[8.55801,47.71584],[8.55827,47.71576],[8.55961,47.71497],[8.55988,47.71434],[8.55957,47.71343],[8.55963,47.71308],[8.55975,47.71288],[8.56022,47.71231],[8.56057,47.71202],[8.56111,47.71169],[8.56261,47.71075],[8.56266,47.71072],[8.56316,47.71037],[8.56326,47.7103],[8.56351,47.71008],[8.56364,47.70994],[8.56374,47.70979],[8.5644,47.70769],[8.5654,47.70537],[8.56561,47.70406],[8.56589,47.7032],[8.56584,47.70286],[8.5656,47.70256],[8.56497,47.70216],[8.56448,47.70198],[8.56343,47.70182],[8.56306,47.70161],[8.56293,47.70147],[8.56281,47.70127],[8.56268,47.70101],[8.56258,47.70079],[8.56253,47.70058],[8.56258,47.70025],[8.56326,47.69961],[8.56346,47.69929],[8.56343,47.69877],[8.56352,47.6983],[8.56323,47.69758],[8.5632,47.69721],[8.56309,47.69693],[8.56306,47.6967],[8.56313,47.6949],[8.56311,47.69472],[8.56292,47.69439],[8.56276,47.69425],[8.56256,47.69414],[8.56233,47.69405],[8.56137,47.69378],[8.56104,47.6935],[8.5609,47.69297],[8.56071,47.69262],[8.56032,47.69235],[8.56008,47.69226],[8.5593,47.69213],[8.5583,47.69177],[8.55693,47.69161],[8.55645,47.69162],[8.55533,47.69189],[8.55384,47.69181],[8.55289,47.69219],[8.55211,47.69229],[8.55178,47.69224],[8.55055,47.69196],[8.55054,47.69196],[8.54585,47.69087],[8.54555,47.69078],[8.54515,47.69054],[8.5449,47.69004],[8.54497,47.68951],[8.54484,47.68916],[8.54452,47.68887],[8.54405,47.68869],[8.54267,47.68848],[8.54206,47.68798],[8.54199,47.68763]]]},"properties":{"bfs_nr":2932,"name":"Beringen"}},{"type":"Feature","geometry":{"type":"MultiPolygon","coordinates":[[[[8.53473,47.58155],[8.53511,47.58106],[8.53578,47.58052],[8.53605,47.57992],[8.53701,47.57939],[8.53789,47.57903],[8.53814,47.57872],[8.53815,47.5782],[8.5379,47.57788],[8.53716,47.57737],[8.53669,47.5767],[8.53609,47.57634],[8.53583,47.57604],[8.53577,47.57569],[8.5359,47.57535],[8.53623,47.57507],[8.53706,47.5748],[8.53915,47.57445],[8.53965,47.57447],[8.54068,47.57474],[8.54274,47.57456],[8.54326,47.57464],[8.54378,47.57484],[8.54456,47.5749],[8.54536,47.57468],[8.54598,47.57435],[8.54626,47.57402],[8.54632,47.57364],[8.54615,47.57316],[8.54622,47.57283],[8.54653,47.57233],[8.54652,47.57196],[8.54599,47.57141],[8.54552,47.57127],[8.54444,47.57114],[8.54329,47.5707],[8.54255,47.57014],[8.54249,47.56961],[8.54292,47.56912],[8.54486,47.56785],[8.54556,47.56735],[8.54624,47.56676],[8.54679,47.56618],[8.54811,47.56464],[8.54864,47.5639],[8.54945,47.56252],[8.54975,47.56182],[8.55038,47.55974],[8.55059,47.55863],[8.55059,47.55731],[8.55083,47.55639],[8.55117,47.55582],[8.55174,47.55523],[8.55424,47.55306],[8.55471,47.55274],[8.55571,47.55243],[8.55685,47.55237],[8.55807,47.5526],[8.55888,47.55298],[8.55935,47.55333],[8.56061,47.55451],[8.56146,47.55544],[8.56255,47.55676],[8.56274,47.55731],[8.56224,47.55805],[8.56215,47.55841],[8.56227,47.55876],[8.56283,47.55952],[8.56291,47.56028],[8.56314,47.56095],[8.56298,47.56129],[8.56258,47.56162],[8.56237,47.56196],[8.56238,47.56233],[8.56249,47.56256],[8.56283,47.56297],[8.56302,47.56313],[8.56347,47.56341],[8.56365,47.56358],[8.56375,47.56375],[8.56388,47.56407],[8.56491,47.56485],[8.56511,47.56528],[8.56499,47.56603],[8.56519,47.56655],[8.56582,47.56696],[8.56606,47.56726],[8.56626,47.56825],[8.56641,47.56864],[8.56635,47.569],[8.56604,47.56949],[8.56614,47.57024],[8.56648,47.57066],[8.56655,47.57091],[8.56656,47.57097],[8.56653,47.57122],[8.56645,47.57146],[8.56646,47.57165],[8.56658,47.57197],[8.56665,47.57316],[8.56726,47.57387],[8.56715,47.57452],[8.56672,47.57495],[8.56651,47.57536],[8.56607,47.57586],[8.56513,47.57632],[8.56386,47.57734],[8.56294,47.57757],[8.56216,47.57805],[8.56153,47.57829],[8.5612,47.57845],[8.55986,47.57862],[8.55943,47.5788],[8.55882,47.5795],[8.55842,47.57971],[8.55753,47.57987],[8.55416,47.58006],[8.5529,47.58016],[8.55288,47.58017],[8.55224,47.58022],[8.55199,47.58026],[8.55176,47.58033],[8.55156,47.58043],[8.55124,47.58069],[8.55109,47.58101],[8.55109,47.58118],[8.55113,47.58135],[8.55169,47.58277],[8.55168,47.58333],[8.55123,47.58375],[8.55096,47.58387],[8.54893,47.58455],[8.54889,47.58457],[8.54804,47.58488],[8.54802,47.58489],[8.54793,47.58492],[8.54774,47.585],[8.54758,47.5851],[8.54671,47.58564],[8.54644,47.58576],[8.54637,47.58579],[8.54626,47.58583],[8.54475,47.58632],[8.54397,47.58661],[8.54362,47.58669],[8.5435,47.5867],[8.54275,47.58677],[8.54267,47.58678],[8.5413,47.58687],[8.54059,47.58696],[8.53788,47.58741],[8.53673,47.58734],[8.53605,47.58705],[8.5358,47.58673],[8.53574,47.58637],[8.53623,47.58495],[8.53661,47.58454],[8.53674,47.58419],[8.53666,47.58368],[8.53638,47.58339],[8.53597,47.5832],[8.53527,47.58306],[8.53468,47.58274],[8.53445,47.58225],[8.53473,47.58155]]],[[[8.54644,47.59106],[8.54724,47.59043],[8.54725,47.59043],[8.54853,47.58939],[8.54883,47.58908],[8.55146,47.58695],[8.55147,47.58694],[8.55215,47.5864],[8.55237,47.58625],[8.55256,47.58616],[8.55302,47.58606],[8.55326,47.58605],[8.55356,47.58608],[8.55422,47.58618],[8.55483,47.58625],[8.55525,47.58639],[8.55646,47.58723],[8.55681,47.58753],[8.55716,47.58774],[8.55743,47.58785],[8.55756,47.58789],[8.55773,47.58794],[8.55784,47.58797],[8.55835,47.5881],[8.55865,47.58816],[8.55973,47.58824],[8.56016,47.58845],[8.56043,47.58877],[8.56051,47.589],[8.5607,47.58994],[8.56069,47.59039],[8.56027,47.59092],[8.56017,47.5916],[8.56055,47.5928],[8.56057,47.59318],[8.5604,47.5935],[8.55944,47.59408],[8.55913,47.59433],[8.55902,47.59447],[8.55896,47.59463],[8.55894,47.59479],[8.55895,47.59572],[8.55893,47.59592],[8.55886,47.59608],[8.55861,47.59636],[8.55776,47.59682],[8.55702,47.59693],[8.55653,47.59684],[8.55613,47.59663],[8.55587,47.59633],[8.55579,47.59595],[8.55587,47.59487],[8.55583,47.59454],[8.55554,47.59416],[8.55348,47.59329],[8.55287,47.59297],[8.55169,47.59268],[8.55069,47.59236],[8.5502,47.59233],[8.5484,47.59269],[8.54754,47.59269],[8.54692,47.59252],[8.54642,47.59228],[8.5461,47.59178],[8.54614,47.59142],[8.54625,47.59125],[8.54644,47.59106]]],[[[8.58614,47.59606],[8.58685,47.59508],[8.58721,47.59476],[8.58768,47.59458],[8.58854,47.59459],[8.5921,47.59535],[8.59319,47.59571],[8.59368,47.59612],[8.5937,47.59677],[8.5934,47.59709],[8.59193,47.5982],[8.59191,47.59822],[8.59087,47.59899],[8.59086,47.59899],[8.5906,47.59918],[8.59034,47.59934],[8.58985,47.59948],[8.58931,47.59948],[8.58882,47.59934],[8.58841,47.59904],[8.58817,47.59878],[8.58739,47.59796],[8.5873,47.59787],[8.58671,47.59739],[8.58618,47.59697],[8.586,47.59663],[8.58599,47.59645],[8.58603,47.59627],[8.58614,47.59606]]]]},"properties":{"bfs_nr":2933,"name":"Buchberg"}},{"type":"Feature","geometry":{"type":"Polygon","coordinates":[[[8.56698,47.77715],[8.56739,47.77663],[8.5675,47.77647],[8.56755,47.77629],[8.56754,47.77611],[8.56734,47.77487],[8.56733,47.77476],[8.56729,47.77382],[8.56727,47.77367],[8.56721,47.77353],[8.56705,47.77325],[8.56705,47.77323],[8.5667,47.77264],[8.56663,47.77247],[8.56659,47.77228],[8.56656,47.77176],[8.56658,47.7715],[8.5667,47.77125],[8.56695,47.77088],[8.56695,47.77087],[8.56775,47.76965],[8.56782,47.76951],[8.56786,47.76936],[8.56786,47.76921],[8.56766,47.7677],[8.56765,47.7675],[8.5677,47.76731],[8.56848,47.76528],[8.56879,47.76471],[8.56884,47.7646],[8.56899,47.7642],[8.56899,47.76418],[8.56906,47.76401],[8.5692,47.76365],[8.5693,47.76339],[8.56938,47.76319],[8.56956,47.76271],[8.56957,47.76269],[8.56995,47.76157],[8.57002,47.76136],[8.57006,47.76118],[8.57004,47.76101],[8.56944,47.75861],[8.56923,47.75763],[8.56902,47.75596],[8.56901,47.75582],[8.56905,47.75422],[8.56904,47.75327],[8.56934,47.75281],[8.57019,47.75211],[8.57123,47.75145],[8.57169,47.75125],[8.57218,47.75118],[8.57266,47.75124],[8.57294,47.75133],[8.57342,47.75153],[8.57355,47.75158],[8.57383,47.75166],[8.57396,47.7517],[8.5742,47.75176],[8.57428,47.75177],[8.57512,47.75193],[8.57525,47.75195],[8.5766,47.75209],[8.57786,47.7522],[8.57792,47.7522],[8.57882,47.75229],[8.57893,47.7523],[8.57954,47.75239],[8.5798,47.75242],[8.58033,47.75236],[8.58057,47.75228],[8.58078,47.75216],[8.58096,47.75202],[8.58109,47.75186],[8.58116,47.75169],[8.58123,47.75124],[8.58128,47.75107],[8.5813,47.75096],[8.58132,47.7507],[8.58149,47.75036],[8.58184,47.7501],[8.58213,47.74998],[8.58265,47.74982],[8.58293,47.74975],[8.58323,47.74971],[8.58434,47.74966],[8.58486,47.74969],[8.58516,47.74974],[8.5858,47.74984],[8.58602,47.74987],[8.58625,47.74987],[8.58647,47.74984],[8.58809,47.74955],[8.58906,47.74957],[8.5896,47.74943],[8.59068,47.7488],[8.5915,47.74851],[8.59229,47.74823],[8.59257,47.7481],[8.59298,47.74785],[8.59303,47.74782],[8.59446,47.74683],[8.59448,47.74682],[8.59534,47.74625],[8.59535,47.74624],[8.59603,47.74578],[8.59622,47.74567],[8.59743,47.74503],[8.5976,47.74493],[8.59773,47.74481],[8.59783,47.74468],[8.59876,47.74346],[8.59985,47.74273],[8.60099,47.74229],[8.6026,47.7416],[8.60283,47.74149],[8.60303,47.74135],[8.60317,47.74118],[8.60326,47.741],[8.60332,47.7404],[8.60368,47.73993],[8.60433,47.73957],[8.60488,47.73924],[8.60534,47.73898],[8.60564,47.73885],[8.60617,47.73875],[8.60672,47.7388],[8.60775,47.73913],[8.60825,47.73937],[8.60855,47.73969],[8.6089,47.7402],[8.60976,47.74067],[8.61006,47.74095],[8.61019,47.74127],[8.61013,47.74161],[8.61001,47.74181],[8.60934,47.74267],[8.60932,47.74318],[8.60955,47.74349],[8.60972,47.74361],[8.61016,47.74379],[8.61041,47.74383],[8.61044,47.74383],[8.61127,47.74394],[8.61147,47.74395],[8.61178,47.74396],[8.61199,47.74395],[8.61217,47.74394],[8.61232,47.74392],[8.6126,47.74389],[8.6137,47.74406],[8.61526,47.74447],[8.6155,47.74452],[8.61575,47.74454],[8.616,47.74452],[8.61624,47.74447],[8.61647,47.74439],[8.61666,47.74429],[8.61683,47.74416],[8.61695,47.74401],[8.61716,47.74363],[8.6177,47.74314],[8.61782,47.74284],[8.61793,47.74208],[8.61809,47.7417],[8.61841,47.74143],[8.61886,47.74127],[8.61912,47.74123],[8.61944,47.74123],[8.62037,47.74128],[8.62135,47.74128],[8.62266,47.74148],[8.62291,47.74153],[8.62319,47.74162],[8.62344,47.74175],[8.62361,47.74187],[8.62384,47.74216],[8.62402,47.74317],[8.62416,47.7435],[8.6243,47.74364],[8.62448,47.74377],[8.62468,47.74387],[8.62516,47.74398],[8.62542,47.74399],[8.62567,47.74396],[8.62636,47.74385],[8.62655,47.7438],[8.62674,47.74374],[8.62841,47.74304],[8.62893,47.74291],[8.62988,47.74303],[8.63048,47.74357],[8.6306,47.74381],[8.63064,47.74406],[8.63064,47.7444],[8.63063,47.74454],[8.63049,47.74534],[8.63049,47.74548],[8.63051,47.74561],[8.6307,47.74626],[8.6307,47.74628],[8.63087,47.74691],[8.63091,47.74702],[8.63137,47.74808],[8.63138,47.74832],[8.63141,47.74906],[8.63142,47.74915],[8.63145,47.74928],[8.6315,47.74944],[8.63158,47.74961],[8.63166,47.74974],[8.63211,47.75033],[8.63331,47.75149],[8.63355,47.75179],[8.6338,47.75208],[8.63387,47.75215],[8.63405,47.75232],[8.63413,47.75238],[8.63441,47.7526],[8.63453,47.75268],[8.63542,47.75324],[8.63603,47.75378],[8.63676,47.75481],[8.63738,47.75527],[8.63788,47.75584],[8.63811,47.75612],[8.63817,47.75648],[8.63802,47.75682],[8.63783,47.75701],[8.6373,47.75743],[8.63717,47.75753],[8.63679,47.75778],[8.63642,47.758],[8.63619,47.75812],[8.63604,47.75821],[8.63565,47.75858],[8.63474,47.75922],[8.63401,47.75945],[8.63347,47.75943],[8.63299,47.75926],[8.6322,47.75866],[8.63172,47.75849],[8.63119,47.75846],[8.63068,47.75858],[8.62943,47.75904],[8.62813,47.75924],[8.62751,47.75969],[8.62686,47.76072],[8.62594,47.7619],[8.62516,47.76362],[8.62475,47.76409],[8.61983,47.7674],[8.61944,47.76803],[8.61942,47.76962],[8.61953,47.76998],[8.62009,47.77083],[8.62092,47.7717],[8.62148,47.77269],[8.62196,47.77391],[8.62229,47.77502],[8.62313,47.77647],[8.62313,47.77686],[8.6229,47.77719],[8.62217,47.77753],[8.61959,47.77801],[8.619,47.77839],[8.61874,47.77936],[8.61836,47.77983],[8.61746,47.78008],[8.61641,47.78],[8.61563,47.78021],[8.6148,47.78073],[8.61382,47.78077],[8.61302,47.78038],[8.61251,47.78024],[8.61197,47.78025],[8.61147,47.78041],[8.61102,47.78065],[8.61084,47.7808],[8.61057,47.78117],[8.60965,47.78182],[8.60859,47.7829],[8.60839,47.78332],[8.60809,47.78361],[8.60764,47.7838],[8.60712,47.78386],[8.60686,47.78383],[8.60601,47.78361],[8.60577,47.78358],[8.60554,47.78358],[8.6053,47.78361],[8.6049,47.78371],[8.60319,47.78401],[8.60287,47.78405],[8.60209,47.78411],[8.60168,47.7841],[8.59911,47.78394],[8.59725,47.78377],[8.5956,47.78365],[8.5948,47.78378],[8.59427,47.78377],[8.59289,47.78362],[8.59227,47.78356],[8.59216,47.78355],[8.59169,47.7835],[8.59152,47.78347],[8.59105,47.78338],[8.58952,47.78315],[8.58879,47.78311],[8.58808,47.78309],[8.58794,47.78309],[8.58746,47.78306],[8.58694,47.78302],[8.58634,47.7831],[8.58586,47.78309],[8.58558,47.78303],[8.58468,47.78279],[8.58461,47.78277],[8.58443,47.78271],[8.58417,47.78261],[8.58394,47.78254],[8.58346,47.78249],[8.58322,47.78251],[8.58298,47.78256],[8.58277,47.78262],[8.58247,47.78268],[8.58149,47.78257],[8.58078,47.78199],[8.58035,47.78178],[8.57983,47.7817],[8.57773,47.78167],[8.57698,47.78153],[8.57413,47.78041],[8.57203,47.77993],[8.56895,47.77906],[8.56717,47.77823],[8.56688,47.77792],[8.56685,47.77737],[8.56698,47.77715]]]},"properties":{"bfs_nr":2936,"name":"Merishausen"}},{"type":"Feature","geometry":{"type":"Polygon","coordinates":[[[8.56516,47.67144],[8.56495,47.67137],[8.56469,47.67127],[8.56437,47.67103],[8.56382,47.6702],[8.56369,47.66987],[8.56347,47.66832],[8.56355,47.66786],[8.56429,47.6663],[8.56455,47.66596],[8.56493,47.66574],[8.56592,47.66559],[8.56639,47.66544],[8.56739,47.66487],[8.56864,47.66443],[8.56913,47.66439],[8.57036,47.66469],[8.57115,47.66459],[8.57194,47.66423],[8.57281,47.66368],[8.5737,47.66294],[8.57409,47.66277],[8.57583,47.6625],[8.57636,47.66235],[8.5774,47.66186],[8.57788,47.66175],[8.5786,47.66183],[8.57902,47.66203],[8.58034,47.66285],[8.58716,47.6662],[8.58739,47.66629],[8.59077,47.66733],[8.59174,47.66737],[8.59246,47.66714],[8.59341,47.66716],[8.59426,47.66756],[8.59546,47.66913],[8.59627,47.66986],[8.59761,47.67212],[8.59792,47.67243],[8.59866,47.67267],[8.60058,47.6727],[8.60308,47.6726],[8.60681,47.67213],[8.60758,47.67225],[8.60805,47.67245],[8.60899,47.67255],[8.60963,47.67281],[8.60997,47.6733],[8.61045,47.67503],[8.6108,47.67571],[8.61161,47.67662],[8.61316,47.67802],[8.61356,47.67823],[8.61405,47.67832],[8.61456,47.67828],[8.61553,47.67799],[8.61593,47.67775],[8.61664,47.67712],[8.61715,47.67617],[8.61778,47.67556],[8.6182,47.67531],[8.61884,47.67511],[8.61964,47.67505],[8.62055,47.67522],[8.62394,47.67633],[8.62516,47.67686],[8.62619,47.67766],[8.62678,47.67851],[8.62722,47.67947],[8.62737,47.68043],[8.62729,47.6809],[8.62703,47.68157],[8.62635,47.68287],[8.62411,47.68948],[8.62402,47.69001],[8.62424,47.6908],[8.6246,47.69132],[8.62464,47.69185],[8.62446,47.69226],[8.62436,47.69272],[8.62411,47.69303],[8.62379,47.69323],[8.62314,47.69352],[8.62297,47.69361],[8.62284,47.69369],[8.62266,47.69381],[8.62264,47.69382],[8.62207,47.69419],[8.62164,47.69449],[8.62123,47.69472],[8.62109,47.69477],[8.62087,47.69485],[8.62063,47.6949],[8.61985,47.69503],[8.61968,47.69507],[8.61937,47.69511],[8.61852,47.69514],[8.61808,47.69514],[8.61799,47.69514],[8.61794,47.69514],[8.61792,47.69515],[8.61775,47.69516],[8.61758,47.69519],[8.61704,47.6953],[8.61656,47.69542],[8.616,47.69544],[8.61509,47.69525],[8.61481,47.69526],[8.6148,47.69526],[8.61455,47.69528],[8.61433,47.69528],[8.61402,47.69527],[8.61393,47.69526],[8.61371,47.69525],[8.61263,47.69525],[8.61234,47.6952],[8.61207,47.69514],[8.61195,47.69512],[8.61163,47.69509],[8.61091,47.6951],[8.61075,47.6951],[8.61053,47.69509],[8.61026,47.69506],[8.60811,47.69476],[8.60725,47.69445],[8.60698,47.69418],[8.60666,47.69345],[8.60672,47.69312],[8.6072,47.69256],[8.60732,47.69206],[8.60717,47.69174],[8.60703,47.6916],[8.60685,47.69148],[8.60664,47.69138],[8.60641,47.69131],[8.60617,47.69128],[8.60616,47.69128],[8.60579,47.69121],[8.60546,47.69113],[8.60522,47.69103],[8.60469,47.69066],[8.60396,47.69036],[8.60281,47.69031],[8.6022,47.69023],[8.60097,47.6896],[8.6002,47.6893],[8.60015,47.68928],[8.59924,47.68889],[8.59898,47.68876],[8.59858,47.68852],[8.59836,47.68841],[8.59783,47.68826],[8.59681,47.6878],[8.59579,47.68767],[8.59512,47.68761],[8.59489,47.68759],[8.59451,47.68753],[8.59431,47.68749],[8.59318,47.68724],[8.59215,47.68716],[8.59205,47.68715],[8.59115,47.68706],[8.59093,47.68702],[8.59046,47.68694],[8.59039,47.68692],[8.58998,47.68687],[8.5897,47.68685],[8.58872,47.68685],[8.58858,47.68685],[8.58742,47.68694],[8.5861,47.68701],[8.58539,47.68703],[8.58491,47.68704],[8.58382,47.68696],[8.58349,47.68691],[8.58302,47.68673],[8.5827,47.68644],[8.58257,47.68608],[8.5827,47.68541],[8.58273,47.68507],[8.58276,47.68429],[8.58273,47.6839],[8.58277,47.68357],[8.58293,47.6833],[8.58324,47.68287],[8.58348,47.68243],[8.58352,47.68235],[8.58355,47.68229],[8.58359,47.68215],[8.58361,47.68202],[8.58367,47.6818],[8.58389,47.68128],[8.5839,47.68126],[8.58426,47.68046],[8.58431,47.68025],[8.5843,47.68005],[8.58427,47.67994],[8.58422,47.6798],[8.58413,47.67966],[8.58403,47.67952],[8.58374,47.6792],[8.58368,47.67914],[8.58357,47.67903],[8.58347,47.67894],[8.58322,47.67865],[8.58319,47.67859],[8.58313,47.6785],[8.58307,47.67836],[8.58301,47.67822],[8.5827,47.67731],[8.58263,47.67686],[8.58238,47.6761],[8.58234,47.67584],[8.58232,47.67537],[8.58234,47.6752],[8.5826,47.67468],[8.58265,47.67451],[8.58265,47.67435],[8.58261,47.67418],[8.58252,47.67403],[8.58239,47.67388],[8.58223,47.67376],[8.58203,47.67366],[8.58091,47.67319],[8.58013,47.67287],[8.57979,47.6727],[8.57935,47.67242],[8.57924,47.67234],[8.5787,47.67194],[8.57847,47.67177],[8.57833,47.67166],[8.57788,47.67124],[8.57763,47.67107],[8.57691,47.67068],[8.57667,47.67058],[8.5757,47.67025],[8.57552,47.67021],[8.57416,47.66991],[8.57388,47.66987],[8.57332,47.66991],[8.57218,47.67035],[8.57146,47.67051],[8.56953,47.67062],[8.56836,47.67089],[8.56702,47.67147],[8.56657,47.67154],[8.56577,47.67155],[8.56549,47.67152],[8.56516,47.67144]]]},"properties":{"bfs_nr":2937,"name":"Neuhausen am Rheinfall"}},{"type":"Feature","geometry":{"type":"Polygon","coordinates":[[[8.53925,47.58866],[8.53889,47.58836],[8.53876,47.58802],[8.53883,47.58767],[8.5391,47.58737],[8.53951,47.58716],[8.54132,47.58687],[8.54268,47.58678],[8.54274,47.58677],[8.54352,47.5867],[8.54362,47.58669],[8.54368,47.58668],[8.54393,47.58662],[8.54409,47.58657],[8.54477,47.58631],[8.54628,47.58582],[8.54635,47.5858],[8.54649,47.58575],[8.54667,47.58566],[8.54678,47.5856],[8.54687,47.58555],[8.54756,47.58511],[8.54797,47.5849],[8.54805,47.58487],[8.54894,47.58455],[8.55102,47.58385],[8.55124,47.58376],[8.55142,47.58363],[8.55168,47.58333],[8.55171,47.58281],[8.55115,47.58139],[8.55109,47.58118],[8.5511,47.58101],[8.55125,47.58069],[8.55177,47.58033],[8.55199,47.58027],[8.5523,47.58022],[8.55417,47.58006],[8.55756,47.57987],[8.56002,47.57948],[8.56069,47.57925],[8.56127,47.57852],[8.56164,47.57825],[8.56237,47.57798],[8.56308,47.57756],[8.56416,47.57729],[8.56453,47.5771],[8.56513,47.57659],[8.56566,47.57636],[8.56603,47.57607],[8.56641,47.57557],[8.56734,47.57522],[8.56774,47.57497],[8.56798,47.57446],[8.56787,47.5741],[8.56735,47.57345],[8.5672,47.57293],[8.56674,47.57232],[8.56649,47.57154],[8.56657,47.57108],[8.56656,47.57098],[8.56656,47.57094],[8.56654,47.57078],[8.56648,47.57057],[8.5662,47.57015],[8.56625,47.5696],[8.56667,47.56894],[8.56661,47.56858],[8.56624,47.56806],[8.56611,47.56739],[8.56606,47.56723],[8.56596,47.56707],[8.56576,47.56688],[8.56533,47.5666],[8.56501,47.56598],[8.56512,47.56528],[8.56495,47.56486],[8.564,47.56411],[8.56374,47.56364],[8.56358,47.56349],[8.56321,47.5632],[8.56291,47.56302],[8.56248,47.56254],[8.5624,47.56216],[8.56255,47.5618],[8.56337,47.56131],[8.56412,47.56064],[8.56505,47.56042],[8.56595,47.56069],[8.56657,47.56131],[8.56741,47.56236],[8.56784,47.56318],[8.56914,47.56611],[8.56929,47.56668],[8.56965,47.5696],[8.56986,47.57061],[8.57022,47.57157],[8.57072,47.57248],[8.57162,47.57388],[8.572,47.57435],[8.57247,47.57475],[8.57313,47.57515],[8.57403,47.5755],[8.57522,47.57573],[8.57832,47.57605],[8.57895,47.57618],[8.57976,47.57663],[8.58007,47.57706],[8.58021,47.5778],[8.58015,47.57831],[8.57991,47.57886],[8.57856,47.58105],[8.57806,47.582],[8.57744,47.58349],[8.57717,47.58457],[8.5771,47.58556],[8.57719,47.58676],[8.57736,47.58744],[8.57803,47.58886],[8.57847,47.58952],[8.57959,47.59075],[8.58025,47.59132],[8.58135,47.5921],[8.58283,47.59295],[8.58437,47.59358],[8.58591,47.59402],[8.58639,47.5942],[8.58669,47.59447],[8.5868,47.59511],[8.58613,47.59609],[8.58604,47.59623],[8.58598,47.59642],[8.58599,47.59661],[8.58605,47.59679],[8.58617,47.59696],[8.58673,47.5974],[8.58727,47.59785],[8.58741,47.59798],[8.58845,47.59908],[8.58861,47.59923],[8.58882,47.59934],[8.58905,47.59943],[8.58931,47.59949],[8.58985,47.59949],[8.59035,47.59934],[8.59055,47.59922],[8.59086,47.59899],[8.59087,47.59899],[8.59192,47.59821],[8.59193,47.5982],[8.59271,47.59762],[8.59345,47.59731],[8.59424,47.59735],[8.59486,47.5977],[8.59507,47.59826],[8.59492,47.59884],[8.59456,47.5997],[8.59431,47.60071],[8.59443,47.6018],[8.59532,47.60491],[8.59517,47.60543],[8.59461,47.6058],[8.59372,47.60597],[8.59318,47.60592],[8.59272,47.60573],[8.59241,47.60543],[8.59205,47.60434],[8.59135,47.60314],[8.59114,47.60215],[8.59065,47.60169],[8.5902,47.6015],[8.58941,47.60147],[8.5887,47.60164],[8.58807,47.60169],[8.58757,47.60161],[8.58612,47.60095],[8.58535,47.60035],[8.58448,47.59983],[8.58418,47.59943],[8.58346,47.59754],[8.58333,47.59712],[8.58289,47.59661],[8.58231,47.59631],[8.58159,47.59627],[8.57943,47.5965],[8.5779,47.59678],[8.57692,47.59676],[8.57578,47.59613],[8.57531,47.596],[8.57456,47.59604],[8.57414,47.59623],[8.57232,47.59771],[8.57158,47.5981],[8.57113,47.59818],[8.57,47.59815],[8.56869,47.5979],[8.56785,47.59768],[8.56716,47.59743],[8.56637,47.59736],[8.56587,47.5975],[8.56477,47.59801],[8.56412,47.5984],[8.56349,47.59897],[8.56283,47.59923],[8.56166,47.59914],[8.56048,47.59915],[8.55963,47.59894],[8.55829,47.5983],[8.55778,47.59796],[8.55755,47.59765],[8.55752,47.5973],[8.55783,47.59682],[8.55862,47.59636],[8.55876,47.59623],[8.55887,47.59608],[8.55893,47.59592],[8.55895,47.59576],[8.55894,47.59483],[8.55897,47.59463],[8.55913,47.59433],[8.55949,47.59406],[8.56041,47.5935],[8.56058,47.59318],[8.56057,47.59284],[8.56021,47.5916],[8.56032,47.59124],[8.56063,47.59086],[8.56072,47.59055],[8.56071,47.58998],[8.5605,47.58897],[8.56044,47.58877],[8.5602,47.58847],[8.55981,47.58825],[8.55933,47.58815],[8.55852,47.58813],[8.55786,47.58798],[8.5576,47.5879],[8.55741,47.58784],[8.55717,47.58772],[8.55524,47.58638],[8.55479,47.58624],[8.55418,47.58618],[8.5535,47.58607],[8.55326,47.58605],[8.55302,47.58606],[8.55278,47.58609],[8.55256,47.58616],[8.55236,47.58625],[8.55219,47.58637],[8.55146,47.58695],[8.54867,47.58921],[8.54851,47.58938],[8.54836,47.58952],[8.54725,47.59043],[8.54723,47.59044],[8.54632,47.59116],[8.54559,47.59148],[8.5448,47.59145],[8.5418,47.59042],[8.54119,47.59016],[8.54051,47.58971],[8.53998,47.58918],[8.53925,47.58866]]]},"properties":{"bfs_nr":2938,"name":"R\u00fcdlingen"}},{"type":"Feature","geometry":{"type":"Polygon","coordinates":[[[8.54175,47.73666],[8.54204,47.73654],[8.5424,47.73641],[8.54292,47.73628],[8.5431,47.73622],[8.54401,47.73587],[8.5447,47.73555],[8.54529,47.73503],[8.54601,47.73456],[8.54659,47.73431],[8.54969,47.73307],[8.55043,47.73293],[8.55095,47.733],[8.55226,47.73331],[8.55306,47.73323],[8.55349,47.733],[8.55399,47.7325],[8.55451,47.73223],[8.55481,47.73205],[8.55483,47.73203],[8.55547,47.73162],[8.55551,47.73159],[8.55654,47.73085],[8.55675,47.73065],[8.55685,47.73052],[8.55694,47.73038],[8.55699,47.73023],[8.55701,47.73013],[8.55703,47.72985],[8.55717,47.72951],[8.55729,47.72937],[8.55764,47.72914],[8.55857,47.72887],[8.55964,47.72836],[8.55975,47.7283],[8.55992,47.72819],[8.56,47.72812],[8.56032,47.72782],[8.56049,47.72769],[8.56069,47.72757],[8.56114,47.72735],[8.56156,47.72711],[8.56196,47.72694],[8.56304,47.72659],[8.56338,47.7265],[8.5641,47.72637],[8.56446,47.72633],[8.56542,47.72627],[8.56576,47.72628],[8.56715,47.72644],[8.56776,47.72648],[8.56802,47.72653],[8.56847,47.72675],[8.56897,47.72724],[8.56988,47.72749],[8.5708,47.72725],[8.5717,47.72662],[8.57269,47.72628],[8.57397,47.72607],[8.5747,47.72606],[8.5765,47.7263],[8.5778,47.72656],[8.57784,47.72657],[8.57862,47.72671],[8.5788,47.72674],[8.5794,47.72679],[8.58098,47.72692],[8.58232,47.72707],[8.58266,47.72707],[8.58405,47.72698],[8.58427,47.72695],[8.58447,47.7269],[8.58466,47.72685],[8.5849,47.72675],[8.5851,47.72662],[8.58566,47.72619],[8.5858,47.72606],[8.58591,47.72592],[8.58616,47.72547],[8.58617,47.72545],[8.58665,47.72456],[8.58713,47.7241],[8.58781,47.72385],[8.58899,47.72311],[8.58947,47.72287],[8.58989,47.72242],[8.58987,47.72189],[8.5898,47.72176],[8.58934,47.72087],[8.58926,47.72063],[8.58923,47.72045],[8.589,47.7201],[8.58881,47.71996],[8.58838,47.71977],[8.58811,47.71964],[8.58804,47.71959],[8.5878,47.71942],[8.58776,47.71938],[8.58755,47.71914],[8.58752,47.71911],[8.58741,47.71892],[8.58736,47.71857],[8.58749,47.71826],[8.58764,47.71809],[8.58775,47.71801],[8.58805,47.71778],[8.58822,47.71767],[8.5891,47.71715],[8.58922,47.71707],[8.58941,47.71692],[8.58948,47.71686],[8.58957,47.71677],[8.58968,47.71666],[8.58991,47.71637],[8.58999,47.71624],[8.59005,47.71607],[8.59018,47.71553],[8.59019,47.71549],[8.59027,47.71519],[8.59035,47.715],[8.59043,47.71482],[8.59059,47.7146],[8.59076,47.71445],[8.59119,47.71421],[8.59169,47.71384],[8.59211,47.7136],[8.5926,47.71338],[8.59287,47.71324],[8.59341,47.71291],[8.5936,47.71277],[8.59374,47.71261],[8.59383,47.71244],[8.59386,47.71225],[8.59376,47.71189],[8.59344,47.71158],[8.5928,47.71114],[8.59259,47.71082],[8.59258,47.71047],[8.5929,47.70989],[8.59309,47.70941],[8.59354,47.70837],[8.59354,47.70836],[8.59402,47.70721],[8.59397,47.7065],[8.59406,47.70614],[8.59418,47.70598],[8.59439,47.7058],[8.59544,47.70513],[8.59661,47.70397],[8.5968,47.70385],[8.59726,47.70371],[8.59777,47.70369],[8.59826,47.7038],[8.59866,47.70397],[8.59907,47.70412],[8.59926,47.70417],[8.6,47.70434],[8.60035,47.70438],[8.60112,47.70441],[8.60137,47.7044],[8.60162,47.70436],[8.60186,47.70429],[8.60207,47.70419],[8.60247,47.70375],[8.60263,47.70311],[8.60294,47.70277],[8.60346,47.70247],[8.60371,47.70217],[8.60372,47.70165],[8.60321,47.7009],[8.60325,47.70053],[8.60344,47.70017],[8.60366,47.6995],[8.60367,47.69842],[8.60402,47.69682],[8.60471,47.69588],[8.60484,47.69494],[8.60527,47.69451],[8.60572,47.69435],[8.60623,47.69432],[8.60716,47.69449],[8.60804,47.69475],[8.6103,47.69507],[8.61048,47.69509],[8.61078,47.6951],[8.61088,47.6951],[8.61155,47.6951],[8.61203,47.69513],[8.6124,47.69521],[8.61263,47.69525],[8.61365,47.69525],[8.61428,47.69528],[8.61459,47.69528],[8.6147,47.69527],[8.61501,47.69526],[8.61527,47.69529],[8.61577,47.69544],[8.61656,47.69547],[8.61751,47.6952],[8.61793,47.69514],[8.61809,47.69514],[8.61851,47.69514],[8.61918,47.69512],[8.61933,47.69512],[8.6195,47.6951],[8.61968,47.69507],[8.61983,47.69504],[8.62068,47.6949],[8.62087,47.69485],[8.62105,47.69479],[8.62131,47.69469],[8.62158,47.69454],[8.62208,47.69418],[8.62264,47.69382],[8.62267,47.6938],[8.62293,47.69364],[8.62318,47.6935],[8.62375,47.69325],[8.62392,47.69315],[8.62411,47.69303],[8.62437,47.69272],[8.62451,47.69222],[8.62487,47.69184],[8.62539,47.6916],[8.62626,47.69156],[8.62699,47.69178],[8.62817,47.69194],[8.63049,47.69202],[8.63222,47.69232],[8.63383,47.69253],[8.63712,47.69308],[8.6382,47.69333],[8.64017,47.69406],[8.64122,47.69438],[8.64182,47.69447],[8.6432,47.69436],[8.64481,47.69403],[8.64601,47.69359],[8.651,47.69093],[8.65163,47.69056],[8.65335,47.68941],[8.65466,47.68868],[8.65888,47.68662],[8.65973,47.68624],[8.66073,47.68588],[8.66182,47.68557],[8.66239,47.68551],[8.66289,47.68559],[8.6633,47.68579],[8.6636,47.68612],[8.66409,47.68715],[8.66403,47.68761],[8.66361,47.68803],[8.66316,47.68819],[8.66251,47.68827],[8.66119,47.68876],[8.66025,47.68921],[8.65988,47.68948],[8.65944,47.69039],[8.65954,47.6909],[8.65982,47.69118],[8.66049,47.69141],[8.66338,47.69175],[8.66525,47.69201],[8.66707,47.69207],[8.66776,47.69234],[8.66816,47.69295],[8.66846,47.69324],[8.6699,47.69372],[8.67209,47.69479],[8.6731,47.69501],[8.67369,47.69531],[8.67398,47.69581],[8.67415,47.69714],[8.67437,47.69749],[8.67479,47.69774],[8.67574,47.69808],[8.67602,47.69839],[8.67603,47.69898],[8.67374,47.70449],[8.67363,47.70469],[8.67305,47.70509],[8.66656,47.70765],[8.66614,47.70791],[8.66592,47.70828],[8.6651,47.71159],[8.66519,47.71209],[8.66566,47.71248],[8.66611,47.71262],[8.66685,47.71259],[8.66739,47.71239],[8.66896,47.7116],[8.67008,47.71122],[8.6711,47.71106],[8.67159,47.71112],[8.67204,47.71131],[8.67319,47.71222],[8.67423,47.71268],[8.67636,47.71289],[8.67724,47.71309],[8.67778,47.71308],[8.67843,47.71289],[8.67977,47.7127],[8.68056,47.7123],[8.68073,47.71164],[8.68035,47.71108],[8.68029,47.71074],[8.68058,47.71026],[8.68148,47.70971],[8.68327,47.70912],[8.68416,47.70871],[8.68586,47.70859],[8.68644,47.70864],[8.68729,47.70893],[8.68888,47.70916],[8.68954,47.70931],[8.68993,47.70952],[8.69026,47.71014],[8.68988,47.71082],[8.68985,47.71135],[8.69043,47.71189],[8.69153,47.7122],[8.69256,47.71256],[8.69548,47.71324],[8.69617,47.71357],[8.6964,47.71389],[8.69642,47.71424],[8.69624,47.71457],[8.69548,47.71517],[8.69529,47.71562],[8.69452,47.7163],[8.69438,47.71663],[8.69432,47.71732],[8.69407,47.71761],[8.69344,47.71792],[8.69314,47.71819],[8.69301,47.71852],[8.69301,47.71869],[8.69307,47.71885],[8.69316,47.71901],[8.69357,47.71952],[8.69372,47.71967],[8.694,47.71991],[8.6944,47.72026],[8.69474,47.7206],[8.69486,47.72075],[8.69551,47.72166],[8.69587,47.72199],[8.69632,47.72217],[8.69715,47.72228],[8.69757,47.72237],[8.69779,47.7224],[8.69801,47.72241],[8.69884,47.72239],[8.69891,47.72239],[8.69991,47.72234],[8.70043,47.72228],[8.70093,47.72233],[8.70137,47.7225],[8.70178,47.72293],[8.70203,47.72384],[8.70196,47.72435],[8.70168,47.72464],[8.70126,47.72483],[8.70076,47.72491],[8.70044,47.72489],[8.69941,47.72478],[8.69829,47.72462],[8.6973,47.72458],[8.69694,47.72459],[8.69656,47.72465],[8.69614,47.72472],[8.69566,47.72477],[8.69451,47.72478],[8.69444,47.72478],[8.69377,47.72481],[8.6935,47.72484],[8.69325,47.72491],[8.69303,47.725],[8.69269,47.72528],[8.69258,47.72544],[8.69253,47.72562],[8.69253,47.7258],[8.69258,47.72597],[8.69268,47.72614],[8.6927,47.72617],[8.69272,47.72619],[8.69335,47.72691],[8.69378,47.72737],[8.69389,47.72786],[8.69377,47.72829],[8.69389,47.7292],[8.69357,47.72968],[8.69291,47.72996],[8.69231,47.73004],[8.69169,47.73036],[8.69137,47.73074],[8.68996,47.73197],[8.68956,47.73222],[8.68911,47.73234],[8.6888,47.73236],[8.68764,47.73236],[8.68744,47.73237],[8.68681,47.73243],[8.68675,47.73243],[8.68646,47.73247],[8.68623,47.73251],[8.68583,47.73268],[8.68554,47.7329],[8.68527,47.73305],[8.68514,47.73311],[8.68506,47.73314],[8.68445,47.73338],[8.68439,47.73341],[8.68389,47.73359],[8.68371,47.73365],[8.68361,47.73368],[8.68339,47.73376],[8.68319,47.73387],[8.68303,47.73399],[8.68291,47.73414],[8.68283,47.7343],[8.6828,47.73446],[8.68286,47.73508],[8.68255,47.73559],[8.68211,47.73588],[8.68181,47.73604],[8.68067,47.73653],[8.68028,47.73678],[8.67992,47.73722],[8.67951,47.73746],[8.67872,47.73757],[8.67818,47.73751],[8.6779,47.73753],[8.67716,47.7377],[8.67665,47.73768],[8.67619,47.73753],[8.67563,47.7371],[8.67514,47.73692],[8.67459,47.73689],[8.6733,47.73712],[8.67281,47.73706],[8.67238,47.73689],[8.6719,47.73655],[8.67169,47.73645],[8.67147,47.73639],[8.67119,47.73632],[8.67107,47.7363],[8.6704,47.73619],[8.66999,47.73609],[8.66888,47.73563],[8.66802,47.73505],[8.6676,47.73453],[8.66692,47.73406],[8.66558,47.73353],[8.66444,47.73337],[8.66398,47.7332],[8.66299,47.73261],[8.66239,47.73243],[8.66185,47.7321],[8.66172,47.73191],[8.66155,47.73161],[8.66147,47.73141],[8.6614,47.73103],[8.66103,47.73061],[8.66013,47.73008],[8.65965,47.72993],[8.65876,47.72987],[8.6581,47.7297],[8.65753,47.72968],[8.65682,47.72992],[8.65651,47.73022],[8.65609,47.73096],[8.65583,47.73112],[8.65564,47.73121],[8.65536,47.73133],[8.65486,47.73141],[8.6546,47.7314],[8.65411,47.73128],[8.6527,47.7305],[8.65242,47.73018],[8.65216,47.72927],[8.65193,47.72896],[8.65176,47.72883],[8.65155,47.72873],[8.65082,47.72843],[8.65071,47.7284],[8.64999,47.72816],[8.64972,47.72806],[8.64929,47.72776],[8.64883,47.7275],[8.64879,47.72748],[8.64842,47.72729],[8.64835,47.72725],[8.64801,47.72705],[8.64791,47.72699],[8.64696,47.72636],[8.6468,47.72626],[8.64563,47.7257],[8.64516,47.72556],[8.64465,47.72554],[8.64352,47.72582],[8.6431,47.72624],[8.64293,47.72678],[8.64261,47.72708],[8.6414,47.72761],[8.64115,47.72774],[8.64063,47.72827],[8.64026,47.72859],[8.64011,47.72876],[8.63981,47.72919],[8.63972,47.72936],[8.63936,47.73049],[8.63921,47.73151],[8.6393,47.73205],[8.63939,47.73219],[8.63972,47.73263],[8.63986,47.73277],[8.6401,47.73298],[8.64052,47.73328],[8.64064,47.73343],[8.64077,47.73375],[8.64076,47.73392],[8.6406,47.73424],[8.64005,47.73468],[8.63993,47.73483],[8.63985,47.73499],[8.63983,47.73516],[8.63984,47.73533],[8.63991,47.7355],[8.64003,47.73565],[8.64052,47.73625],[8.6406,47.73659],[8.64047,47.73694],[8.64034,47.73709],[8.64011,47.73725],[8.63981,47.73744],[8.63979,47.73744],[8.63928,47.73775],[8.6389,47.73793],[8.63767,47.73836],[8.63629,47.73893],[8.63555,47.73937],[8.63499,47.73973],[8.63491,47.73978],[8.63482,47.73985],[8.63474,47.73992],[8.63453,47.74011],[8.63451,47.74012],[8.63397,47.74064],[8.63323,47.74137],[8.6331,47.74149],[8.63287,47.74167],[8.63284,47.74169],[8.63259,47.74188],[8.63252,47.74193],[8.63224,47.74212],[8.632,47.74225],[8.63157,47.74239],[8.62985,47.74249],[8.62943,47.74261],[8.62678,47.74372],[8.62655,47.7438],[8.6263,47.74386],[8.62573,47.74395],[8.62542,47.74398],[8.62516,47.74397],[8.62469,47.74386],[8.62448,47.74376],[8.62417,47.74349],[8.62402,47.74312],[8.62384,47.74216],[8.62361,47.74186],[8.62344,47.74174],[8.62324,47.74165],[8.62309,47.74159],[8.62291,47.74153],[8.62271,47.74149],[8.6213,47.74127],[8.62079,47.74123],[8.62026,47.74126],[8.62001,47.74126],[8.61938,47.74122],[8.61912,47.74123],[8.61886,47.74126],[8.61862,47.74133],[8.61841,47.74143],[8.61808,47.7417],[8.61793,47.74203],[8.61786,47.74253],[8.6178,47.74275],[8.61769,47.74292],[8.61719,47.74347],[8.61695,47.74401],[8.61666,47.74429],[8.61646,47.74439],[8.616,47.74451],[8.6155,47.74452],[8.6152,47.74446],[8.61368,47.74406],[8.6126,47.74389],[8.61237,47.74391],[8.61204,47.74395],[8.61173,47.74396],[8.61152,47.74395],[8.61122,47.74393],[8.61043,47.74383],[8.61013,47.74377],[8.60971,47.74359],[8.60933,47.74317],[8.60935,47.74267],[8.61004,47.74177],[8.61014,47.74161],[8.61019,47.74145],[8.6102,47.74127],[8.61015,47.7411],[8.61006,47.74094],[8.60993,47.7408],[8.60976,47.74067],[8.60891,47.7402],[8.60851,47.73963],[8.60829,47.73941],[8.60823,47.73936],[8.60804,47.73924],[8.60781,47.73915],[8.60674,47.73879],[8.60619,47.73873],[8.60591,47.73876],[8.60565,47.73883],[8.60542,47.73894],[8.60491,47.73922],[8.60488,47.73924],[8.60434,47.73956],[8.60425,47.73961],[8.60385,47.73982],[8.60368,47.73993],[8.60339,47.74024],[8.60331,47.74042],[8.60325,47.74099],[8.60316,47.74118],[8.60283,47.74148],[8.60254,47.74162],[8.60193,47.74185],[8.60103,47.74227],[8.59991,47.74268],[8.59909,47.74313],[8.59879,47.74338],[8.59818,47.74416],[8.59786,47.74465],[8.59773,47.74481],[8.59759,47.74493],[8.59739,47.74505],[8.59619,47.74569],[8.59606,47.74576],[8.59535,47.74625],[8.59534,47.74626],[8.59446,47.74684],[8.59304,47.74781],[8.59296,47.74786],[8.59263,47.74806],[8.59221,47.74826],[8.5915,47.74851],[8.59064,47.74882],[8.58959,47.74943],[8.58906,47.74956],[8.58809,47.74955],[8.58653,47.74983],[8.58625,47.74986],[8.58602,47.74987],[8.58574,47.74984],[8.58516,47.74974],[8.58481,47.74968],[8.58439,47.74966],[8.58317,47.74972],[8.58293,47.74974],[8.58271,47.7498],[8.58206,47.75001],[8.58181,47.7501],[8.58161,47.75024],[8.58145,47.7504],[8.58134,47.75057],[8.58129,47.75076],[8.58126,47.75113],[8.58121,47.75129],[8.58116,47.75169],[8.58095,47.75202],[8.58057,47.75227],[8.58033,47.75235],[8.5798,47.75241],[8.57883,47.75229],[8.57791,47.7522],[8.57787,47.7522],[8.57658,47.75209],[8.57529,47.75195],[8.57508,47.75192],[8.5743,47.75178],[8.57399,47.75171],[8.5738,47.75165],[8.57358,47.75159],[8.57339,47.75152],[8.57289,47.75131],[8.57266,47.75123],[8.57242,47.75119],[8.57218,47.75118],[8.57169,47.75124],[8.57127,47.75142],[8.57016,47.75213],[8.56962,47.75255],[8.56868,47.75276],[8.56819,47.75268],[8.56792,47.75257],[8.56561,47.75144],[8.56522,47.75118],[8.56463,47.7507],[8.56443,47.7505],[8.5641,47.7501],[8.56397,47.74993],[8.56392,47.74977],[8.5639,47.74962],[8.56393,47.74938],[8.56393,47.74919],[8.56387,47.74901],[8.56363,47.74852],[8.56356,47.74831],[8.56353,47.7482],[8.56346,47.74802],[8.56318,47.74772],[8.56244,47.7472],[8.56204,47.74701],[8.56181,47.74695],[8.56157,47.74692],[8.56132,47.74693],[8.56108,47.74696],[8.55948,47.74728],[8.55943,47.74729],[8.5587,47.74745],[8.55848,47.74751],[8.55829,47.7476],[8.5577,47.74791],[8.5574,47.74804],[8.55685,47.74813],[8.55657,47.74812],[8.55623,47.74805],[8.55525,47.74777],[8.55373,47.74747],[8.55321,47.74744],[8.55188,47.74754],[8.55169,47.74756],[8.55047,47.74777],[8.55018,47.7478],[8.54995,47.7478],[8.54886,47.74753],[8.54853,47.74727],[8.54839,47.74708],[8.54829,47.74688],[8.54789,47.74609],[8.54783,47.74598],[8.54776,47.74579],[8.54778,47.74547],[8.54786,47.74527],[8.54806,47.74495],[8.54814,47.74483],[8.54852,47.74435],[8.54862,47.74418],[8.54866,47.744],[8.54878,47.74298],[8.54877,47.74278],[8.5487,47.74259],[8.54857,47.74242],[8.54839,47.74227],[8.54663,47.74105],[8.54614,47.74083],[8.54432,47.74037],[8.54292,47.73987],[8.54199,47.73923],[8.54128,47.73848],[8.54121,47.73834],[8.54116,47.73816],[8.54109,47.73756],[8.54109,47.73735],[8.54122,47.73704],[8.54151,47.73678],[8.54175,47.73666]]]},"properties":{"bfs_nr":2939,"name":"Schaffhausen"}},{"type":"Feature","geometry":{"type":"Polygon","coordinates":[[[8.50964,47.76368],[8.50967,47.76309],[8.51005,47.76261],[8.5108,47.76108],[8.51101,47.76053],[8.51131,47.76012],[8.51178,47.7597],[8.51214,47.75947],[8.51424,47.75848],[8.5145,47.75832],[8.51521,47.75774],[8.51584,47.7575],[8.51663,47.75736],[8.51716,47.75722],[8.51824,47.75701],[8.52014,47.75646],[8.5216,47.75618],[8.52171,47.75617],[8.52248,47.75616],[8.52249,47.75616],[8.52331,47.75615],[8.52341,47.75614],[8.52357,47.75613],[8.5236,47.75613],[8.52465,47.75605],[8.52488,47.75602],[8.52502,47.756],[8.52511,47.75598],[8.52534,47.75592],[8.52554,47.75584],[8.52572,47.75573],[8.52586,47.7556],[8.52617,47.75528],[8.52825,47.75309],[8.5286,47.7528],[8.53031,47.75158],[8.53078,47.75135],[8.53128,47.75127],[8.53186,47.75134],[8.53239,47.75147],[8.53272,47.75152],[8.5337,47.7516],[8.53481,47.75168],[8.53488,47.75168],[8.53567,47.75171],[8.53638,47.75174],[8.53726,47.75177],[8.53759,47.75176],[8.53811,47.75169],[8.53822,47.75167],[8.53952,47.75142],[8.53965,47.75139],[8.54433,47.75014],[8.54514,47.74971],[8.54571,47.74955],[8.54629,47.74948],[8.54656,47.74946],[8.54757,47.74943],[8.54805,47.74931],[8.54843,47.74909],[8.54866,47.74878],[8.54878,47.7484],[8.54907,47.7481],[8.54977,47.74785],[8.55018,47.74782],[8.55164,47.74757],[8.55193,47.74753],[8.55315,47.74745],[8.55379,47.74749],[8.55521,47.74777],[8.55629,47.74807],[8.55657,47.74812],[8.55685,47.74814],[8.55713,47.74811],[8.5574,47.74805],[8.55764,47.74794],[8.55824,47.74762],[8.55848,47.74752],[8.55875,47.74744],[8.56103,47.74697],[8.56157,47.74693],[8.56204,47.74701],[8.56313,47.74769],[8.56346,47.74803],[8.56362,47.74848],[8.56386,47.74897],[8.56392,47.74915],[8.56393,47.7493],[8.5639,47.74953],[8.5639,47.74972],[8.56396,47.7499],[8.56407,47.75007],[8.56446,47.75053],[8.56459,47.75066],[8.56527,47.75123],[8.56554,47.7514],[8.56842,47.75281],[8.56899,47.75338],[8.56905,47.75423],[8.56901,47.75584],[8.56902,47.75593],[8.56924,47.75764],[8.56944,47.7586],[8.57003,47.76096],[8.57005,47.76118],[8.57001,47.7614],[8.56995,47.76157],[8.56957,47.76268],[8.56956,47.76272],[8.56938,47.76319],[8.5693,47.76339],[8.5692,47.76365],[8.56906,47.76401],[8.56899,47.76419],[8.56899,47.76421],[8.56886,47.76457],[8.56877,47.76474],[8.56849,47.76525],[8.56769,47.76735],[8.56765,47.7675],[8.56765,47.76766],[8.56785,47.76917],[8.56782,47.76951],[8.56773,47.76969],[8.56695,47.77088],[8.56694,47.77088],[8.56667,47.7713],[8.56657,47.7715],[8.56655,47.77171],[8.56659,47.77232],[8.56662,47.77247],[8.56668,47.77261],[8.56705,47.77324],[8.56706,47.77325],[8.56719,47.77349],[8.56727,47.77367],[8.5673,47.77386],[8.56733,47.77478],[8.56734,47.77485],[8.56754,47.77607],[8.56754,47.77629],[8.56749,47.77647],[8.56736,47.77667],[8.56686,47.7773],[8.56656,47.77769],[8.56603,47.77808],[8.56533,47.7782],[8.56459,47.77814],[8.56385,47.77829],[8.56348,47.77854],[8.56325,47.77904],[8.56336,47.77962],[8.56311,47.78013],[8.56272,47.78037],[8.56189,47.78057],[8.56144,47.78082],[8.56078,47.78138],[8.56016,47.7818],[8.55897,47.78234],[8.55825,47.78277],[8.55746,47.78334],[8.55655,47.78378],[8.55611,47.78391],[8.55478,47.78417],[8.55321,47.78453],[8.55265,47.78451],[8.55182,47.78422],[8.55024,47.78355],[8.54715,47.78292],[8.5459,47.78263],[8.54541,47.78245],[8.54407,47.78181],[8.54339,47.78165],[8.54166,47.78156],[8.54039,47.78126],[8.53811,47.7805],[8.53589,47.77985],[8.53545,47.77967],[8.53405,47.77885],[8.53282,47.77821],[8.5323,47.77805],[8.53066,47.77802],[8.52865,47.77789],[8.52736,47.77795],[8.52681,47.77792],[8.52638,47.77778],[8.52543,47.77693],[8.52362,47.77579],[8.52265,47.77487],[8.52186,47.77376],[8.52117,47.77234],[8.52059,47.77174],[8.52027,47.7708],[8.52018,47.77004],[8.51993,47.76962],[8.51919,47.76902],[8.51887,47.76863],[8.51868,47.76846],[8.51861,47.76841],[8.51854,47.76835],[8.51835,47.76822],[8.51805,47.76805],[8.5175,47.76783],[8.51701,47.76745],[8.51629,47.76721],[8.51574,47.76723],[8.51517,47.7674],[8.51461,47.76745],[8.51331,47.76721],[8.51231,47.76711],[8.51201,47.76707],[8.51158,47.76691],[8.51141,47.76679],[8.51117,47.76651],[8.51109,47.7663],[8.51096,47.76568],[8.51089,47.7655],[8.5106,47.76519],[8.50996,47.76483],[8.50973,47.76452],[8.50964,47.76368]]]},"properties":{"bfs_nr":2951,"name":"Beggingen"}},{"type":"Feature","geometry":{"type":"Polygon","coordinates":[[[8.45034,47.73643],[8.45041,47.7359],[8.45107,47.73426],[8.45134,47.73332],[8.45191,47.73234],[8.45249,47.73158],[8.4529,47.73085],[8.45338,47.73059],[8.45398,47.73047],[8.4551,47.73041],[8.45595,47.73045],[8.45666,47.73031],[8.45703,47.73008],[8.45731,47.72971],[8.45785,47.72937],[8.45833,47.72927],[8.45887,47.72928],[8.4596,47.72926],[8.45983,47.72925],[8.46004,47.7292],[8.46059,47.72899],[8.46103,47.72886],[8.4624,47.72858],[8.46389,47.72833],[8.46439,47.7283],[8.46596,47.72836],[8.4665,47.72844],[8.46755,47.72868],[8.46806,47.72886],[8.46929,47.72946],[8.46958,47.72957],[8.4706,47.72984],[8.47103,47.72997],[8.47106,47.72998],[8.4714,47.73007],[8.47168,47.73012],[8.47197,47.73013],[8.47213,47.73013],[8.47243,47.73009],[8.47271,47.73001],[8.47351,47.72971],[8.4751,47.7291],[8.47676,47.72853],[8.47689,47.72847],[8.47876,47.72763],[8.47895,47.72753],[8.47911,47.72741],[8.47923,47.72727],[8.47944,47.72696],[8.47969,47.72661],[8.48001,47.7263],[8.48067,47.72608],[8.48116,47.72608],[8.48254,47.7264],[8.48293,47.72653],[8.48408,47.72701],[8.48416,47.72704],[8.48475,47.72725],[8.48503,47.72733],[8.48536,47.72739],[8.48564,47.72742],[8.48592,47.72741],[8.48619,47.72736],[8.48642,47.7273],[8.48709,47.72704],[8.4876,47.72699],[8.48811,47.72707],[8.48839,47.72718],[8.48922,47.72759],[8.4894,47.7277],[8.49103,47.72873],[8.49128,47.72885],[8.49156,47.72893],[8.49232,47.72909],[8.49284,47.72925],[8.49419,47.72989],[8.49433,47.72996],[8.4949,47.73018],[8.49516,47.7303],[8.49562,47.73089],[8.49557,47.73123],[8.49533,47.73157],[8.49525,47.73206],[8.49542,47.73237],[8.49578,47.73265],[8.49641,47.73298],[8.49716,47.73356],[8.49823,47.73401],[8.49909,47.73472],[8.49931,47.73512],[8.49943,47.73525],[8.49947,47.73529],[8.4996,47.7354],[8.49994,47.73563],[8.50013,47.73574],[8.5009,47.73608],[8.50183,47.73677],[8.50233,47.73751],[8.50243,47.73763],[8.50269,47.7379],[8.50502,47.74007],[8.50572,47.74034],[8.50695,47.74044],[8.50796,47.74028],[8.50846,47.74028],[8.50957,47.74055],[8.51016,47.74064],[8.51072,47.74057],[8.51123,47.74036],[8.51268,47.73984],[8.51291,47.73973],[8.51453,47.73882],[8.5151,47.73861],[8.51657,47.7383],[8.518,47.73795],[8.51841,47.73771],[8.51855,47.73755],[8.51868,47.73719],[8.51875,47.73629],[8.51875,47.73621],[8.51876,47.73602],[8.5188,47.73585],[8.5189,47.7357],[8.51903,47.73556],[8.5192,47.73544],[8.51962,47.73527],[8.52195,47.73489],[8.52308,47.73469],[8.5236,47.73473],[8.52406,47.7349],[8.52475,47.73566],[8.52492,47.73583],[8.52514,47.73598],[8.5258,47.73631],[8.52588,47.73634],[8.5269,47.73679],[8.52702,47.73683],[8.52846,47.73733],[8.52855,47.73735],[8.52976,47.73769],[8.52979,47.7377],[8.53105,47.73803],[8.53107,47.73804],[8.53194,47.73826],[8.53529,47.73927],[8.53614,47.7396],[8.53636,47.73964],[8.53666,47.73968],[8.53698,47.7397],[8.53768,47.73968],[8.53773,47.73968],[8.53841,47.73964],[8.53887,47.73966],[8.53953,47.73972],[8.53973,47.73975],[8.54301,47.74028],[8.54393,47.74028],[8.54607,47.74082],[8.54668,47.74109],[8.54834,47.74223],[8.54857,47.74242],[8.54876,47.74278],[8.54867,47.74395],[8.54861,47.74418],[8.54848,47.74439],[8.54813,47.74485],[8.54808,47.74493],[8.54784,47.74531],[8.54777,47.74547],[8.54774,47.74563],[8.54776,47.74579],[8.54781,47.74595],[8.54789,47.74609],[8.54829,47.74688],[8.54856,47.7474],[8.54867,47.74846],[8.54857,47.74887],[8.54827,47.74917],[8.54755,47.74941],[8.54727,47.74943],[8.54651,47.74946],[8.54633,47.74947],[8.54556,47.74957],[8.54504,47.74972],[8.54416,47.75019],[8.53968,47.75138],[8.53824,47.75167],[8.53808,47.75169],[8.53767,47.75175],[8.53717,47.75177],[8.53638,47.75174],[8.53567,47.75171],[8.53489,47.75168],[8.53479,47.75168],[8.5337,47.7516],[8.5328,47.75153],[8.53231,47.75145],[8.53179,47.75132],[8.53128,47.75127],[8.53078,47.75134],[8.53036,47.75155],[8.5286,47.7528],[8.52828,47.75306],[8.52617,47.75528],[8.52589,47.75557],[8.52571,47.75573],[8.52533,47.75592],[8.52506,47.75599],[8.52463,47.75605],[8.52359,47.75613],[8.52355,47.75613],[8.52343,47.75614],[8.52329,47.75615],[8.52249,47.75616],[8.52248,47.75616],[8.52168,47.75617],[8.52155,47.75618],[8.5213,47.75622],[8.52011,47.75646],[8.51827,47.757],[8.51736,47.75716],[8.51646,47.75739],[8.51586,47.75746],[8.51514,47.75772],[8.51457,47.75827],[8.51416,47.75852],[8.5121,47.75949],[8.51181,47.75967],[8.51126,47.76015],[8.51102,47.76048],[8.51031,47.76209],[8.51002,47.76244],[8.50959,47.76274],[8.5091,47.76352],[8.50913,47.76391],[8.50956,47.76468],[8.50993,47.76495],[8.51049,47.76517],[8.5108,47.76542],[8.51098,47.76577],[8.5111,47.76634],[8.51116,47.76651],[8.51126,47.76666],[8.5114,47.7668],[8.51158,47.76691],[8.51178,47.767],[8.51201,47.76707],[8.51225,47.76711],[8.51336,47.76722],[8.51471,47.76748],[8.51585,47.76729],[8.51637,47.76729],[8.51684,47.76742],[8.51742,47.76782],[8.51813,47.7681],[8.51835,47.76823],[8.51847,47.76833],[8.51866,47.76845],[8.51881,47.76859],[8.51918,47.76905],[8.51966,47.76944],[8.51988,47.76997],[8.51975,47.77032],[8.51938,47.77064],[8.51799,47.77151],[8.51657,47.7731],[8.51617,47.7734],[8.51466,47.77419],[8.51304,47.77484],[8.51203,47.77543],[8.51152,47.77564],[8.51099,47.77569],[8.51025,47.77549],[8.50991,47.77522],[8.50937,47.77454],[8.50838,47.77421],[8.50562,47.77401],[8.505,47.77388],[8.5037,47.77339],[8.50321,47.77335],[8.50242,47.77351],[8.5016,47.77343],[8.49892,47.77262],[8.49829,47.77226],[8.49717,47.77122],[8.49623,47.77086],[8.4955,47.77077],[8.49504,47.77082],[8.49398,47.77122],[8.49224,47.77153],[8.491,47.7717],[8.49043,47.77195],[8.48959,47.77259],[8.48913,47.77275],[8.48836,47.77276],[8.48785,47.77258],[8.48654,47.77191],[8.48512,47.77144],[8.48418,47.77099],[8.48355,47.77059],[8.48282,47.76998],[8.48239,47.76948],[8.48184,47.76861],[8.48153,47.76833],[8.48092,47.76801],[8.47945,47.76738],[8.4788,47.76696],[8.4781,47.7664],[8.47668,47.76558],[8.47567,47.76515],[8.47448,47.76478],[8.4736,47.76436],[8.47305,47.76398],[8.47245,47.76339],[8.4708,47.76156],[8.46994,47.76047],[8.46901,47.75909],[8.46854,47.75826],[8.46814,47.75742],[8.46782,47.7565],[8.46743,47.75512],[8.46705,47.75425],[8.46648,47.75357],[8.46578,47.75303],[8.46503,47.75264],[8.46297,47.7517],[8.46219,47.75139],[8.46129,47.75115],[8.45864,47.75061],[8.45758,47.75027],[8.45686,47.74964],[8.45627,47.74887],[8.45601,47.74834],[8.45595,47.74743],[8.45647,47.74621],[8.45646,47.74557],[8.45622,47.74507],[8.45563,47.74438],[8.45547,47.7439],[8.45566,47.74323],[8.45561,47.7429],[8.45522,47.7425],[8.45439,47.74207],[8.45312,47.74169],[8.45252,47.74139],[8.45112,47.74039],[8.45078,47.74006],[8.45056,47.73958],[8.45006,47.73882],[8.44983,47.73812],[8.44988,47.73765],[8.45034,47.73643]]]},"properties":{"bfs_nr":2952,"name":"Schleitheim"}},{"type":"Feature","geometry":{"type":"Polygon","coordinates":[[[8.49932,47.72501],[8.49851,47.72441],[8.49833,47.72424],[8.49815,47.72392],[8.49813,47.72375],[8.49824,47.72342],[8.49836,47.72327],[8.49856,47.72311],[8.49974,47.72231],[8.50093,47.7216],[8.50097,47.72157],[8.5012,47.72142],[8.50125,47.72139],[8.50154,47.72118],[8.50169,47.72104],[8.50187,47.72039],[8.50161,47.71963],[8.50197,47.71911],[8.50299,47.71833],[8.50304,47.71828],[8.50489,47.71667],[8.50628,47.71575],[8.50644,47.71562],[8.50657,47.71547],[8.50665,47.71531],[8.50669,47.71514],[8.50667,47.71497],[8.50651,47.71465],[8.50612,47.71428],[8.50601,47.71393],[8.50621,47.71343],[8.5066,47.71311],[8.50754,47.71233],[8.5076,47.71227],[8.50777,47.7121],[8.50787,47.71199],[8.50801,47.71179],[8.5083,47.71135],[8.50846,47.71121],[8.50886,47.71099],[8.51033,47.71017],[8.51063,47.70992],[8.5109,47.70938],[8.51166,47.70883],[8.5119,47.70853],[8.512,47.70804],[8.51256,47.70741],[8.51321,47.70712],[8.51351,47.7069],[8.51467,47.70564],[8.51551,47.70506],[8.51592,47.7049],[8.51684,47.70477],[8.51832,47.7047],[8.51963,47.70473],[8.51969,47.70473],[8.52018,47.70473],[8.52024,47.70473],[8.52664,47.70447],[8.52893,47.70458],[8.52904,47.70459],[8.52911,47.70459],[8.5293,47.70458],[8.52968,47.70451],[8.53018,47.70435],[8.5307,47.70431],[8.53167,47.70459],[8.53219,47.70465],[8.53384,47.7043],[8.53434,47.70435],[8.53477,47.70452],[8.53511,47.70481],[8.5357,47.70553],[8.53603,47.70619],[8.53612,47.70685],[8.5364,47.7073],[8.53649,47.70752],[8.53651,47.70769],[8.53639,47.70803],[8.53623,47.70823],[8.53583,47.70861],[8.53561,47.70878],[8.53523,47.709],[8.53508,47.70915],[8.53491,47.70949],[8.5349,47.70967],[8.53499,47.7104],[8.53506,47.71067],[8.53524,47.71118],[8.53529,47.71129],[8.53538,47.71146],[8.53553,47.71165],[8.53742,47.7129],[8.5386,47.71341],[8.53893,47.71365],[8.53912,47.71396],[8.53915,47.71424],[8.53919,47.71448],[8.53928,47.71469],[8.53939,47.71487],[8.53958,47.71512],[8.53987,47.7154],[8.54003,47.71552],[8.54052,47.7158],[8.54118,47.71664],[8.54182,47.718],[8.54222,47.71856],[8.54366,47.72087],[8.54393,47.72122],[8.54401,47.72158],[8.54396,47.72249],[8.54397,47.72284],[8.54402,47.72313],[8.54405,47.72325],[8.54415,47.72352],[8.54416,47.72355],[8.54432,47.72392],[8.54445,47.72413],[8.54496,47.72475],[8.54506,47.72504],[8.54516,47.72525],[8.5452,47.72532],[8.54524,47.72537],[8.54615,47.72652],[8.54667,47.72709],[8.54718,47.72758],[8.5473,47.72768],[8.54757,47.72789],[8.54762,47.72792],[8.54793,47.72813],[8.54797,47.72815],[8.54848,47.72846],[8.54877,47.72867],[8.54947,47.72927],[8.54952,47.72932],[8.54994,47.72971],[8.55,47.72976],[8.55034,47.73012],[8.55036,47.73014],[8.55071,47.73048],[8.55074,47.73051],[8.55136,47.73107],[8.55138,47.73109],[8.55173,47.73139],[8.552,47.73173],[8.55205,47.73207],[8.5519,47.7324],[8.55157,47.73267],[8.55088,47.73287],[8.55029,47.73289],[8.54987,47.733],[8.54684,47.73421],[8.54648,47.73433],[8.54605,47.73454],[8.54523,47.73507],[8.54469,47.73554],[8.54399,47.73588],[8.54314,47.7362],[8.54287,47.73629],[8.54233,47.73643],[8.54209,47.73651],[8.5417,47.73668],[8.5415,47.73678],[8.54134,47.7369],[8.54122,47.73704],[8.54113,47.73719],[8.54108,47.73735],[8.54108,47.73752],[8.54109,47.73757],[8.54118,47.73828],[8.54137,47.73878],[8.54132,47.73912],[8.54092,47.73955],[8.54048,47.73973],[8.53997,47.73977],[8.53956,47.73973],[8.53879,47.73965],[8.53849,47.73964],[8.53774,47.73968],[8.53767,47.73968],[8.53706,47.7397],[8.53658,47.73967],[8.53641,47.73965],[8.53614,47.73959],[8.53524,47.73925],[8.53197,47.73827],[8.53107,47.73804],[8.53103,47.73803],[8.5298,47.7377],[8.52975,47.73769],[8.52857,47.73736],[8.52844,47.73732],[8.52705,47.73684],[8.52687,47.73678],[8.5259,47.73635],[8.52578,47.7363],[8.5252,47.73601],[8.52493,47.73583],[8.52472,47.73561],[8.52406,47.73474],[8.52388,47.73431],[8.52376,47.73301],[8.52349,47.73265],[8.52275,47.73206],[8.52226,47.73181],[8.52059,47.73133],[8.52053,47.73131],[8.51995,47.73113],[8.51972,47.73104],[8.51952,47.73093],[8.51874,47.73044],[8.51854,47.73033],[8.51831,47.73025],[8.51806,47.73021],[8.5178,47.7302],[8.51717,47.73028],[8.51515,47.73073],[8.51493,47.73082],[8.51474,47.73093],[8.51465,47.731],[8.51462,47.73103],[8.51436,47.73123],[8.51432,47.73127],[8.51404,47.73151],[8.51372,47.73182],[8.51333,47.73203],[8.51301,47.73212],[8.51284,47.73216],[8.51246,47.73226],[8.51227,47.7323],[8.51172,47.73234],[8.51116,47.73233],[8.5109,47.73231],[8.51068,47.73227],[8.51042,47.73219],[8.51022,47.73209],[8.50933,47.73141],[8.50903,47.73085],[8.50877,47.73056],[8.50858,47.73044],[8.50841,47.73035],[8.50819,47.73026],[8.50794,47.73019],[8.50768,47.73017],[8.50741,47.73017],[8.50627,47.73029],[8.50568,47.73012],[8.50539,47.72995],[8.50459,47.72934],[8.50447,47.72924],[8.5044,47.72918],[8.50422,47.72904],[8.50374,47.72886],[8.50297,47.72878],[8.50263,47.72872],[8.50236,47.72866],[8.50184,47.72848],[8.50167,47.72839],[8.50149,47.72831],[8.50124,47.72822],[8.50039,47.72795],[8.50005,47.72769],[8.49939,47.72691],[8.49928,47.72658],[8.49963,47.72584],[8.49965,47.72548],[8.49959,47.72531],[8.49932,47.72501]]]},"properties":{"bfs_nr":2953,"name":"Siblingen"}},{"type":"Feature","geometry":{"type":"Polygon","coordinates":[[[8.76977,47.70783],[8.76994,47.70731],[8.77028,47.70704],[8.77076,47.70688],[8.77144,47.70679],[8.77277,47.7064],[8.77335,47.70631],[8.77412,47.70599],[8.77463,47.70589],[8.77564,47.70585],[8.7771,47.70587],[8.77956,47.70569],[8.78087,47.70532],[8.78203,47.70509],[8.78275,47.70502],[8.78427,47.70501],[8.78642,47.70465],[8.78741,47.70458],[8.78934,47.70487],[8.79055,47.70518],[8.7915,47.70513],[8.79213,47.70481],[8.7926,47.70469],[8.79334,47.70476],[8.79375,47.70495],[8.7941,47.70539],[8.79413,47.70557],[8.79403,47.70592],[8.79373,47.70622],[8.79328,47.70642],[8.7925,47.70655],[8.79209,47.70676],[8.79194,47.70689],[8.79183,47.70705],[8.79176,47.70721],[8.7917,47.70773],[8.79165,47.70788],[8.79163,47.70809],[8.7916,47.70832],[8.7914,47.70896],[8.79158,47.71029],[8.79151,47.71142],[8.79152,47.7116],[8.7917,47.71194],[8.79206,47.7122],[8.79289,47.71255],[8.79323,47.71301],[8.79314,47.71353],[8.7924,47.71407],[8.79215,47.71437],[8.79209,47.71471],[8.7923,47.71556],[8.79244,47.71576],[8.79363,47.71704],[8.79378,47.71717],[8.79417,47.71737],[8.79465,47.71745],[8.79558,47.71732],[8.79607,47.71733],[8.79678,47.71758],[8.79876,47.71884],[8.79918,47.71932],[8.79921,47.71966],[8.79904,47.71998],[8.79865,47.72027],[8.79751,47.72085],[8.79739,47.72091],[8.79727,47.72096],[8.79705,47.72105],[8.79668,47.72118],[8.79649,47.72129],[8.79633,47.72143],[8.79621,47.72158],[8.79611,47.72192],[8.79614,47.72209],[8.79621,47.72226],[8.79633,47.72241],[8.79649,47.72255],[8.79675,47.72273],[8.79679,47.72275],[8.79695,47.72287],[8.79703,47.72293],[8.79717,47.72305],[8.79721,47.72308],[8.79738,47.72323],[8.79755,47.72339],[8.79761,47.72345],[8.79774,47.72359],[8.79778,47.72363],[8.79808,47.72398],[8.7986,47.72465],[8.79937,47.7254],[8.79949,47.72573],[8.79948,47.72595],[8.79937,47.72646],[8.79929,47.72667],[8.79919,47.72682],[8.79887,47.72707],[8.79838,47.72725],[8.7927,47.72855],[8.79215,47.72853],[8.79166,47.72836],[8.79109,47.72782],[8.7907,47.72759],[8.78995,47.72747],[8.78925,47.72755],[8.78874,47.72746],[8.78781,47.72719],[8.78711,47.7268],[8.78638,47.72665],[8.78537,47.72682],[8.78483,47.72678],[8.784,47.72635],[8.78374,47.72586],[8.78384,47.72516],[8.78345,47.72453],[8.78274,47.72417],[8.78244,47.72385],[8.78223,47.72327],[8.78118,47.72217],[8.78074,47.72195],[8.7802,47.72187],[8.77836,47.72201],[8.77787,47.72187],[8.77739,47.72146],[8.7769,47.72084],[8.77619,47.72047],[8.77573,47.72008],[8.77508,47.71938],[8.77473,47.71913],[8.77296,47.71845],[8.7722,47.71832],[8.77102,47.71843],[8.77035,47.71818],[8.77,47.71772],[8.77,47.71737],[8.77041,47.71641],[8.77082,47.71599],[8.77092,47.71564],[8.77081,47.71505],[8.77095,47.71473],[8.77199,47.71378],[8.77223,47.71346],[8.77219,47.71293],[8.77147,47.71197],[8.77125,47.71017],[8.77099,47.70983],[8.77009,47.70933],[8.76974,47.70883],[8.76977,47.70783]]]},"properties":{"bfs_nr":2961,"name":"Buch (SH)"}},{"type":"Feature","geometry":{"type":"Polygon","coordinates":[[[8.80651,47.67767],[8.80789,47.67703],[8.80858,47.67687],[8.80948,47.67686],[8.80991,47.67692],[8.81389,47.67773],[8.81511,47.67789],[8.81671,47.67783],[8.8186,47.67745],[8.81987,47.67713],[8.8219,47.67656],[8.82292,47.67624],[8.82641,47.675],[8.82721,47.67487],[8.82885,47.67484],[8.83002,47.67464],[8.83092,47.67432],[8.83286,47.67331],[8.83495,47.67243],[8.836,47.6719],[8.83648,47.67178],[8.83698,47.67179],[8.83764,47.67204],[8.8382,47.67254],[8.83878,47.67283],[8.83909,47.67313],[8.83925,47.67367],[8.83945,47.67395],[8.84013,47.67431],[8.84065,47.67437],[8.8418,47.67421],[8.84253,47.67441],[8.84312,47.67483],[8.84401,47.67501],[8.84466,47.67522],[8.84514,47.67557],[8.84668,47.67644],[8.84714,47.67661],[8.84839,47.67688],[8.84898,47.67725],[8.84992,47.67809],[8.85004,47.67822],[8.85043,47.6787],[8.85091,47.67919],[8.85119,47.67956],[8.85133,47.67981],[8.85148,47.68025],[8.85132,47.68075],[8.85075,47.6812],[8.85052,47.68172],[8.85064,47.68216],[8.85057,47.68265],[8.8509,47.68455],[8.85119,47.68524],[8.85148,47.68551],[8.85219,47.68581],[8.85263,47.68625],[8.85328,47.68765],[8.85359,47.68793],[8.85425,47.6883],[8.85479,47.68845],[8.85551,47.68878],[8.85583,47.68906],[8.85615,47.68993],[8.8567,47.69054],[8.85696,47.69126],[8.85756,47.692],[8.85762,47.69249],[8.85747,47.69282],[8.85694,47.69324],[8.85617,47.69359],[8.85564,47.69399],[8.85493,47.69437],[8.85448,47.69447],[8.85351,47.69446],[8.85284,47.69429],[8.85232,47.69427],[8.85126,47.69455],[8.85094,47.69483],[8.85081,47.69536],[8.8511,47.69614],[8.85198,47.69698],[8.85244,47.69717],[8.85298,47.69721],[8.85449,47.69706],[8.85516,47.69711],[8.85588,47.69729],[8.85693,47.69781],[8.85755,47.69821],[8.85829,47.6984],[8.85881,47.69834],[8.85965,47.6981],[8.86012,47.69788],[8.86059,47.69743],[8.86101,47.69725],[8.86199,47.69724],[8.863,47.69776],[8.86352,47.69784],[8.86404,47.69778],[8.8645,47.69759],[8.86582,47.69668],[8.86605,47.69617],[8.86593,47.69581],[8.86542,47.69488],[8.86563,47.69438],[8.86599,47.69412],[8.86646,47.69398],[8.86765,47.69393],[8.86842,47.69376],[8.86994,47.69382],[8.87077,47.69353],[8.87128,47.69348],[8.87356,47.69401],[8.87437,47.69429],[8.87487,47.69476],[8.87547,47.69591],[8.87579,47.69635],[8.87582,47.6967],[8.87567,47.69702],[8.8753,47.69732],[8.8739,47.6981],[8.87299,47.69896],[8.87227,47.6998],[8.87178,47.70003],[8.87143,47.70034],[8.87113,47.70101],[8.87068,47.70151],[8.87072,47.70217],[8.87119,47.70255],[8.87203,47.70296],[8.8724,47.70329],[8.87252,47.70365],[8.87228,47.70417],[8.87153,47.70457],[8.87098,47.70462],[8.87027,47.70454],[8.8696,47.70461],[8.8692,47.70476],[8.8686,47.70515],[8.86811,47.70527],[8.86737,47.7053],[8.86668,47.70542],[8.86431,47.70522],[8.86352,47.7049],[8.86195,47.70444],[8.86155,47.70425],[8.86101,47.70415],[8.85941,47.7042],[8.8587,47.70428],[8.85811,47.70449],[8.85755,47.70456],[8.85644,47.70453],[8.85544,47.70477],[8.85444,47.70485],[8.85337,47.70473],[8.85219,47.70421],[8.85111,47.70402],[8.85034,47.70395],[8.84947,47.70365],[8.84847,47.7034],[8.84678,47.70307],[8.84582,47.7031],[8.84498,47.70294],[8.84474,47.70287],[8.84452,47.70277],[8.84446,47.70274],[8.84427,47.70263],[8.84335,47.7017],[8.84295,47.70147],[8.84271,47.7014],[8.84235,47.70132],[8.84177,47.70123],[8.8413,47.70105],[8.84038,47.70004],[8.84019,47.69971],[8.8402,47.69935],[8.8404,47.6989],[8.84036,47.69854],[8.84011,47.69822],[8.8394,47.69769],[8.83923,47.6973],[8.8393,47.69683],[8.83958,47.69653],[8.83983,47.69639],[8.8399,47.69636],[8.8402,47.69624],[8.84061,47.69614],[8.84085,47.69607],[8.84136,47.69568],[8.84149,47.69535],[8.84142,47.69501],[8.84117,47.6947],[8.84076,47.69449],[8.83869,47.69408],[8.83863,47.69407],[8.83788,47.69394],[8.83751,47.69391],[8.83719,47.69391],[8.83669,47.6938],[8.83647,47.69371],[8.83614,47.69344],[8.83599,47.69312],[8.83602,47.69264],[8.83622,47.69194],[8.83639,47.69157],[8.8366,47.69128],[8.83662,47.69124],[8.83686,47.69087],[8.83693,47.69072],[8.83701,47.69049],[8.83703,47.69042],[8.83711,47.69009],[8.83712,47.68992],[8.83701,47.6896],[8.83654,47.68921],[8.83543,47.68881],[8.83519,47.68874],[8.83495,47.6887],[8.8347,47.6887],[8.83445,47.68872],[8.8339,47.68882],[8.83371,47.68885],[8.83336,47.68888],[8.83319,47.68891],[8.83298,47.68895],[8.83295,47.68896],[8.83235,47.68909],[8.8323,47.6891],[8.83182,47.68919],[8.83174,47.68921],[8.83164,47.68922],[8.83142,47.68927],[8.83081,47.68951],[8.83029,47.68958],[8.82977,47.6895],[8.82953,47.68941],[8.8289,47.68901],[8.82813,47.68885],[8.8272,47.68905],[8.82671,47.6891],[8.8264,47.68907],[8.82226,47.6884],[8.82146,47.68844],[8.82089,47.68862],[8.82063,47.68866],[8.8203,47.68865],[8.8189,47.68854],[8.81835,47.68843],[8.81743,47.6878],[8.81694,47.68766],[8.81586,47.68777],[8.81512,47.68768],[8.81472,47.68747],[8.81443,47.68714],[8.81384,47.68606],[8.81374,47.68564],[8.81385,47.68524],[8.8138,47.68489],[8.81357,47.68459],[8.8132,47.68437],[8.81247,47.68422],[8.81098,47.6836],[8.80986,47.68354],[8.80917,47.68336],[8.80882,47.68314],[8.80869,47.683],[8.80847,47.68262],[8.80797,47.68199],[8.80764,47.68119],[8.80753,47.68049],[8.80719,47.6798],[8.80686,47.67945],[8.80601,47.67878],[8.8059,47.67844],[8.80599,47.6781],[8.80651,47.67767]]]},"properties":{"bfs_nr":2962,"name":"Hemishofen"}},{"type":"Feature","geometry":{"type":"Polygon","coordinates":[[[8.79151,47.71138],[8.79158,47.7103],[8.79146,47.70911],[8.79169,47.70852],[8.79168,47.70836],[8.79165,47.70821],[8.79163,47.70802],[8.79167,47.70783],[8.79172,47.70768],[8.79177,47.70721],[8.79197,47.70688],[8.79214,47.70674],[8.7926,47.70654],[8.79328,47.70642],[8.79373,47.70622],[8.79403,47.70592],[8.79414,47.70557],[8.7941,47.70539],[8.79392,47.7048],[8.79401,47.70416],[8.79465,47.70365],[8.79573,47.70331],[8.79646,47.70286],[8.79706,47.70272],[8.7976,47.70232],[8.79818,47.70123],[8.79848,47.70045],[8.79855,47.69895],[8.79832,47.69843],[8.79817,47.69782],[8.79828,47.69746],[8.79858,47.69717],[8.79904,47.69698],[8.80132,47.69663],[8.80389,47.69635],[8.80512,47.69635],[8.8059,47.69643],[8.80641,47.69637],[8.80686,47.69618],[8.80823,47.69519],[8.80916,47.69438],[8.80964,47.69356],[8.80959,47.69323],[8.80919,47.69281],[8.80852,47.69242],[8.80748,47.69194],[8.80633,47.69163],[8.8054,47.69155],[8.8043,47.69176],[8.8034,47.69203],[8.80283,47.69213],[8.80098,47.69195],[8.80025,47.69172],[8.79973,47.69108],[8.79844,47.69003],[8.79741,47.68876],[8.79697,47.68827],[8.79672,47.68754],[8.7968,47.68709],[8.79661,47.68645],[8.79616,47.68576],[8.79614,47.68509],[8.79586,47.68436],[8.79517,47.68378],[8.79502,47.68354],[8.79478,47.68268],[8.79444,47.68211],[8.79375,47.68065],[8.79356,47.6801],[8.79364,47.67938],[8.79389,47.67868],[8.79458,47.67751],[8.79522,47.6768],[8.79559,47.67617],[8.7959,47.67583],[8.79633,47.67562],[8.79685,47.67555],[8.79743,47.67563],[8.79827,47.67593],[8.79887,47.67625],[8.80141,47.67774],[8.80212,47.67807],[8.80276,47.67825],[8.80353,47.67835],[8.80471,47.67833],[8.80561,47.67861],[8.80681,47.67941],[8.80721,47.67985],[8.8075,47.68043],[8.80764,47.68123],[8.80793,47.68194],[8.80871,47.68303],[8.80886,47.68318],[8.80905,47.68331],[8.80927,47.68341],[8.80978,47.68356],[8.8111,47.68365],[8.81199,47.68409],[8.81308,47.6844],[8.8135,47.68462],[8.81382,47.68511],[8.81373,47.68569],[8.81381,47.68601],[8.8153,47.68877],[8.81578,47.6892],[8.81652,47.68937],[8.81728,47.68922],[8.81817,47.68865],[8.819,47.68855],[8.82093,47.6887],[8.82143,47.68868],[8.822,47.68851],[8.82283,47.68849],[8.8274,47.68923],[8.82827,47.68918],[8.82908,47.68923],[8.8296,47.68947],[8.83007,47.68958],[8.83057,47.68957],[8.83081,47.68952],[8.83142,47.68928],[8.8317,47.68921],[8.83175,47.6892],[8.83181,47.68919],[8.83231,47.6891],[8.83234,47.68909],[8.83294,47.68896],[8.83299,47.68895],[8.83315,47.68892],[8.8334,47.68888],[8.83374,47.68884],[8.83387,47.68883],[8.83437,47.68874],[8.83468,47.6887],[8.83517,47.68875],[8.8354,47.68881],[8.83588,47.689],[8.83653,47.68921],[8.83701,47.6896],[8.83712,47.68992],[8.8371,47.69014],[8.83703,47.69041],[8.83701,47.6905],[8.83695,47.69068],[8.83684,47.69091],[8.83663,47.69123],[8.83659,47.69129],[8.83635,47.69163],[8.83623,47.69187],[8.83601,47.69267],[8.83598,47.69312],[8.83614,47.69345],[8.83629,47.69359],[8.83647,47.69371],[8.83668,47.6938],[8.83719,47.69391],[8.83741,47.69392],[8.83798,47.69396],[8.83966,47.69428],[8.84059,47.6945],[8.84116,47.69485],[8.84135,47.69535],[8.84122,47.69569],[8.84071,47.69608],[8.84039,47.69618],[8.84027,47.69621],[8.8401,47.69627],[8.83994,47.69634],[8.83978,47.69642],[8.83958,47.69653],[8.8393,47.69683],[8.83921,47.69705],[8.83917,47.69782],[8.83928,47.69817],[8.83972,47.69882],[8.83972,47.69933],[8.84026,47.7002],[8.8403,47.70055],[8.84066,47.70098],[8.84131,47.70122],[8.84241,47.70133],[8.84295,47.70147],[8.84334,47.7017],[8.84427,47.70263],[8.84442,47.70272],[8.84456,47.70279],[8.84474,47.70287],[8.84493,47.70292],[8.84558,47.70308],[8.8458,47.70311],[8.84678,47.70307],[8.8474,47.7032],[8.84779,47.7034],[8.84811,47.70401],[8.84791,47.70461],[8.84718,47.70566],[8.8468,47.7066],[8.84621,47.70723],[8.84607,47.70753],[8.84586,47.70861],[8.84579,47.7106],[8.84566,47.711],[8.84506,47.71143],[8.84357,47.712],[8.84274,47.71214],[8.8414,47.71217],[8.84063,47.71263],[8.83985,47.71292],[8.83782,47.7132],[8.83541,47.7138],[8.83435,47.71382],[8.83309,47.71415],[8.83255,47.71409],[8.83176,47.71377],[8.83041,47.71272],[8.82991,47.71209],[8.8291,47.71173],[8.82787,47.71154],[8.82572,47.71104],[8.82442,47.71098],[8.82351,47.7112],[8.82304,47.7116],[8.8226,47.7122],[8.82214,47.7124],[8.82062,47.71265],[8.82024,47.71288],[8.82002,47.71319],[8.82004,47.71371],[8.82047,47.71413],[8.82105,47.71444],[8.82202,47.71478],[8.82299,47.71561],[8.82377,47.7161],[8.82529,47.71688],[8.82572,47.71723],[8.82594,47.71781],[8.82578,47.71816],[8.82544,47.71843],[8.82497,47.71859],[8.82437,47.71862],[8.82253,47.71833],[8.82003,47.71785],[8.81921,47.71777],[8.81842,47.71797],[8.81807,47.71826],[8.81656,47.72016],[8.81511,47.7215],[8.81362,47.72279],[8.81276,47.72367],[8.81227,47.72389],[8.81047,47.72438],[8.80868,47.72459],[8.80724,47.72458],[8.80671,47.72464],[8.80609,47.72498],[8.80588,47.72532],[8.8059,47.72568],[8.80612,47.72601],[8.80651,47.72625],[8.80962,47.72748],[8.81071,47.72812],[8.81129,47.72865],[8.81141,47.729],[8.81107,47.72972],[8.81102,47.73029],[8.81066,47.73077],[8.81022,47.73097],[8.80919,47.73114],[8.80858,47.73148],[8.80815,47.73243],[8.80741,47.73354],[8.80714,47.73481],[8.8075,47.7369],[8.8072,47.7374],[8.80679,47.73762],[8.80627,47.73772],[8.80574,47.73768],[8.80486,47.73725],[8.80443,47.73685],[8.8038,47.73664],[8.80094,47.7363],[8.80039,47.73616],[8.80002,47.73592],[8.79945,47.73528],[8.79903,47.73511],[8.79773,47.7348],[8.79725,47.73461],[8.7968,47.73403],[8.79686,47.73365],[8.79835,47.73014],[8.79902,47.72904],[8.79912,47.7287],[8.79919,47.7272],[8.79931,47.72671],[8.79949,47.72591],[8.7995,47.72573],[8.79937,47.7254],[8.79861,47.72466],[8.79809,47.72399],[8.79777,47.72362],[8.79775,47.72359],[8.7976,47.72344],[8.79756,47.7234],[8.79741,47.72326],[8.79738,47.72323],[8.7972,47.72307],[8.79718,47.72306],[8.79702,47.72292],[8.79696,47.72288],[8.79679,47.72275],[8.79676,47.72273],[8.79654,47.72258],[8.79634,47.72241],[8.79614,47.7221],[8.79612,47.72193],[8.79631,47.72145],[8.79665,47.7212],[8.79724,47.72098],[8.79741,47.7209],[8.79749,47.72086],[8.7987,47.72024],[8.79904,47.71998],[8.79921,47.71966],[8.79919,47.71931],[8.79881,47.71887],[8.7967,47.71753],[8.79598,47.7173],[8.79545,47.71732],[8.7947,47.71743],[8.7942,47.71735],[8.79378,47.71715],[8.79358,47.71698],[8.79282,47.71617],[8.79267,47.71596],[8.79259,47.71558],[8.79266,47.71521],[8.79242,47.71451],[8.79253,47.71416],[8.79325,47.71343],[8.79324,47.71289],[8.79296,47.71257],[8.79276,47.71245],[8.79206,47.71219],[8.79171,47.71193],[8.79153,47.7116],[8.79151,47.71138]]]},"properties":{"bfs_nr":2963,"name":"Ramsen"}},{"type":"Feature","geometry":{"type":"Polygon","coordinates":[[[8.8378,47.6707],[8.83838,47.67026],[8.83895,47.66964],[8.83929,47.6691],[8.83952,47.66846],[8.8397,47.66701],[8.84005,47.66618],[8.84056,47.66532],[8.84123,47.66463],[8.84195,47.66427],[8.84254,47.66412],[8.84716,47.66324],[8.84828,47.66294],[8.84995,47.66219],[8.85074,47.66191],[8.85226,47.66161],[8.85325,47.66134],[8.8538,47.6611],[8.85418,47.66068],[8.85423,47.66035],[8.85368,47.65951],[8.85293,47.65884],[8.85252,47.65858],[8.85207,47.65804],[8.84965,47.65594],[8.84875,47.65503],[8.84814,47.65474],[8.84782,47.65445],[8.84765,47.65403],[8.84736,47.65372],[8.84682,47.65341],[8.84658,47.6531],[8.84653,47.65267],[8.84668,47.6523],[8.84699,47.65204],[8.84812,47.65154],[8.84868,47.6514],[8.84922,47.65142],[8.85004,47.65165],[8.85099,47.65153],[8.85214,47.65111],[8.8569,47.65027],[8.85792,47.65033],[8.85848,47.65071],[8.8593,47.65167],[8.85954,47.65239],[8.85978,47.65277],[8.86038,47.65334],[8.86066,47.65385],[8.86105,47.6542],[8.86194,47.65453],[8.86492,47.65591],[8.86582,47.65606],[8.86679,47.65599],[8.8673,47.65588],[8.87178,47.6542],[8.87258,47.65407],[8.87314,47.65418],[8.87463,47.65469],[8.8752,47.65503],[8.87541,47.65554],[8.87552,47.66004],[8.87585,47.66063],[8.87596,47.66124],[8.87499,47.66486],[8.8739,47.66846],[8.87384,47.66942],[8.87347,47.67011],[8.87305,47.67039],[8.87183,47.67093],[8.8708,47.6716],[8.86991,47.67264],[8.86843,47.67467],[8.86801,47.67562],[8.8676,47.67608],[8.86453,47.67819],[8.86336,47.67882],[8.86057,47.68029],[8.86,47.68043],[8.85924,47.68048],[8.85806,47.68036],[8.85656,47.68028],[8.85601,47.68033],[8.85376,47.68082],[8.85267,47.6809],[8.85195,47.6807],[8.85162,47.68042],[8.85149,47.68021],[8.85131,47.67977],[8.85122,47.6796],[8.85089,47.67916],[8.84994,47.67811],[8.84956,47.67774],[8.84951,47.6777],[8.84896,47.67724],[8.84839,47.67687],[8.84714,47.67661],[8.84663,47.67641],[8.8452,47.6756],[8.84409,47.67475],[8.84292,47.67445],[8.84245,47.67418],[8.84193,47.67404],[8.84074,47.67394],[8.84033,47.67371],[8.84008,47.6734],[8.83993,47.67283],[8.83966,47.67254],[8.839,47.67229],[8.83851,47.67226],[8.8378,47.67203],[8.83748,47.67174],[8.83739,47.67121],[8.8378,47.6707]]]},"properties":{"bfs_nr":2964,"name":"Stein am Rhein"}},{"type":"Feature","geometry":{"type":"Polygon","coordinates":[[[8.40525,47.69773],[8.40582,47.69684],[8.40622,47.69606],[8.40671,47.6957],[8.40908,47.69538],[8.40959,47.69522],[8.41069,47.69473],[8.41184,47.69442],[8.41222,47.69418],[8.41294,47.6935],[8.41535,47.69103],[8.41682,47.6896],[8.41808,47.68831],[8.41826,47.68804],[8.41913,47.6858],[8.42048,47.68423],[8.42108,47.68384],[8.42233,47.68371],[8.42336,47.68386],[8.42496,47.68421],[8.42608,47.68453],[8.42632,47.68458],[8.42764,47.68476],[8.4285,47.68478],[8.42959,47.68488],[8.43012,47.68507],[8.4309,47.68547],[8.43107,47.68557],[8.43128,47.68575],[8.43145,47.68596],[8.43164,47.68616],[8.43175,47.68625],[8.43191,47.68636],[8.43195,47.68639],[8.432,47.68641],[8.43228,47.68656],[8.43237,47.68661],[8.43325,47.68699],[8.43349,47.68707],[8.43374,47.68712],[8.434,47.68714],[8.43427,47.68712],[8.43452,47.68706],[8.4356,47.68641],[8.4363,47.68623],[8.4368,47.68627],[8.43703,47.68634],[8.43741,47.68656],[8.43801,47.68718],[8.43885,47.68746],[8.44002,47.68749],[8.44131,47.68728],[8.44184,47.68739],[8.44253,47.68778],[8.44295,47.68792],[8.44357,47.68797],[8.4444,47.6882],[8.44496,47.68822],[8.44566,47.68808],[8.44629,47.68753],[8.4469,47.68718],[8.44757,47.68708],[8.44858,47.68681],[8.44956,47.68678],[8.45019,47.68645],[8.45043,47.68594],[8.45006,47.68522],[8.45002,47.68485],[8.45042,47.68431],[8.45263,47.68277],[8.45279,47.68265],[8.45289,47.68256],[8.45298,47.68246],[8.45348,47.68207],[8.45349,47.68207],[8.45524,47.68076],[8.45525,47.68075],[8.45578,47.68035],[8.45613,47.68009],[8.45636,47.67995],[8.45682,47.6798],[8.45706,47.67978],[8.45756,47.67982],[8.45868,47.68021],[8.46059,47.68083],[8.46065,47.68085],[8.46072,47.68087],[8.46077,47.68089],[8.46174,47.68114],[8.46203,47.68123],[8.4624,47.68147],[8.46261,47.68178],[8.46256,47.68239],[8.46274,47.68289],[8.46328,47.68324],[8.46516,47.6839],[8.46561,47.68413],[8.46621,47.68463],[8.46729,47.68509],[8.46779,47.68565],[8.46812,47.68589],[8.4694,47.68632],[8.46966,47.68642],[8.46988,47.68655],[8.47068,47.68712],[8.47069,47.68713],[8.47247,47.6884],[8.47264,47.68851],[8.47498,47.68969],[8.47509,47.68973],[8.47784,47.69086],[8.47842,47.69129],[8.47853,47.69164],[8.47841,47.69204],[8.47791,47.69285],[8.47783,47.69303],[8.4778,47.69322],[8.47784,47.6934],[8.47793,47.69358],[8.47825,47.69387],[8.47879,47.69414],[8.47907,47.69443],[8.47916,47.69477],[8.47905,47.69511],[8.47865,47.69552],[8.47796,47.69604],[8.47752,47.69627],[8.47704,47.69636],[8.47654,47.69633],[8.47605,47.69615],[8.47491,47.69553],[8.4747,47.69544],[8.47447,47.69537],[8.47423,47.69534],[8.47373,47.69536],[8.4731,47.69562],[8.47171,47.69662],[8.47155,47.69676],[8.47144,47.69692],[8.47137,47.69709],[8.47136,47.69727],[8.47148,47.69761],[8.47174,47.69794],[8.47182,47.69827],[8.47171,47.6986],[8.47099,47.69918],[8.47081,47.69933],[8.47069,47.6995],[8.47061,47.69968],[8.4706,47.69987],[8.47064,47.70005],[8.47074,47.70023],[8.47089,47.70039],[8.47113,47.70058],[8.47125,47.70074],[8.47132,47.7009],[8.47132,47.70125],[8.47112,47.70157],[8.47091,47.70174],[8.47006,47.70231],[8.46978,47.70259],[8.46964,47.70294],[8.46953,47.7031],[8.46933,47.70328],[8.46868,47.70378],[8.46681,47.7052],[8.46669,47.70531],[8.46659,47.70543],[8.46645,47.70563],[8.46632,47.7058],[8.4661,47.70622],[8.46595,47.7069],[8.46608,47.70743],[8.46594,47.70799],[8.46538,47.70851],[8.46461,47.70876],[8.46431,47.70888],[8.46425,47.70892],[8.46418,47.70896],[8.46392,47.70913],[8.46367,47.7093],[8.46337,47.70947],[8.46239,47.70974],[8.46192,47.71003],[8.46179,47.71018],[8.4617,47.71034],[8.46166,47.71051],[8.46173,47.71085],[8.46198,47.71115],[8.46263,47.71154],[8.46294,47.712],[8.46308,47.71243],[8.46346,47.71284],[8.46359,47.71317],[8.46352,47.71385],[8.46315,47.71435],[8.46175,47.71539],[8.46159,47.71554],[8.45985,47.71753],[8.45875,47.72004],[8.45791,47.72152],[8.45789,47.72156],[8.45774,47.72174],[8.4574,47.72198],[8.45718,47.72206],[8.45689,47.72213],[8.45502,47.72244],[8.4522,47.72272],[8.44775,47.7232],[8.44659,47.72323],[8.44605,47.72319],[8.44507,47.72293],[8.44182,47.72122],[8.44143,47.72094],[8.44071,47.72021],[8.4406,47.71986],[8.44078,47.71928],[8.44062,47.71877],[8.44029,47.7185],[8.43983,47.71833],[8.43931,47.7183],[8.43796,47.71851],[8.43692,47.71833],[8.43632,47.71812],[8.4354,47.71767],[8.43463,47.71709],[8.43372,47.7162],[8.43264,47.71555],[8.43165,47.71461],[8.42949,47.71351],[8.42838,47.71284],[8.42656,47.71164],[8.42587,47.71147],[8.42474,47.71145],[8.42273,47.71068],[8.42098,47.70988],[8.42045,47.70974],[8.41988,47.70977],[8.41886,47.70998],[8.41804,47.70982],[8.4173,47.70977],[8.4168,47.70961],[8.41639,47.70929],[8.41438,47.70685],[8.4125,47.70544],[8.41085,47.70432],[8.40951,47.70334],[8.40819,47.70218],[8.40646,47.70007],[8.40515,47.69851],[8.40512,47.69795],[8.40525,47.69773]]]},"properties":{"bfs_nr":2971,"name":"Hallau"}},{"type":"Feature","geometry":{"type":"Polygon","coordinates":[[[8.45473,47.72584],[8.45439,47.72415],[8.45441,47.72376],[8.45463,47.72345],[8.45526,47.72302],[8.45587,47.72238],[8.45642,47.72221],[8.45695,47.72212],[8.45719,47.72207],[8.4574,47.72198],[8.45775,47.72174],[8.45786,47.7216],[8.45789,47.72156],[8.45791,47.72153],[8.45876,47.72002],[8.45988,47.7175],[8.46155,47.71558],[8.46179,47.71536],[8.46352,47.71408],[8.46375,47.71374],[8.46373,47.71308],[8.46342,47.71264],[8.46321,47.71191],[8.46288,47.71165],[8.46199,47.71115],[8.46174,47.71085],[8.46167,47.71051],[8.46171,47.71034],[8.46193,47.71003],[8.46239,47.70975],[8.46337,47.70948],[8.46362,47.70934],[8.46391,47.70914],[8.46394,47.70912],[8.46416,47.70898],[8.46425,47.70892],[8.46469,47.70873],[8.46539,47.70853],[8.46603,47.70817],[8.46622,47.70782],[8.46631,47.70702],[8.46618,47.70658],[8.46622,47.70617],[8.46639,47.70585],[8.46655,47.70549],[8.46669,47.70531],[8.46684,47.70517],[8.46868,47.70378],[8.46978,47.70295],[8.47017,47.70234],[8.47096,47.70171],[8.47114,47.70156],[8.47126,47.7014],[8.47134,47.70121],[8.47135,47.70103],[8.47131,47.70084],[8.47121,47.70066],[8.47106,47.70051],[8.47082,47.70031],[8.4707,47.70016],[8.47061,47.69982],[8.47071,47.69948],[8.47104,47.69915],[8.47163,47.69872],[8.47176,47.69856],[8.47183,47.69839],[8.47185,47.6982],[8.47173,47.69785],[8.47147,47.69753],[8.47141,47.69704],[8.47159,47.69674],[8.47178,47.69657],[8.47306,47.69565],[8.47373,47.69536],[8.47423,47.69534],[8.4747,47.69544],[8.4761,47.69617],[8.47654,47.69633],[8.47704,47.69637],[8.47729,47.69634],[8.47752,47.69628],[8.47774,47.69619],[8.47792,47.69607],[8.47869,47.6955],[8.47957,47.69476],[8.48006,47.69463],[8.48059,47.69463],[8.4809,47.6947],[8.4811,47.69477],[8.48113,47.69477],[8.4821,47.69505],[8.48215,47.69506],[8.48323,47.69534],[8.48325,47.69535],[8.4841,47.69555],[8.48414,47.69556],[8.4843,47.6956],[8.48498,47.69581],[8.48607,47.69602],[8.48609,47.69603],[8.48712,47.69622],[8.48815,47.6964],[8.48855,47.69659],[8.48929,47.69735],[8.48966,47.69762],[8.48989,47.69794],[8.49002,47.69831],[8.48994,47.69864],[8.48969,47.69893],[8.48864,47.6995],[8.48846,47.69962],[8.48815,47.69985],[8.48735,47.70033],[8.48712,47.70045],[8.48691,47.70052],[8.48645,47.70059],[8.48616,47.70057],[8.48466,47.70042],[8.48415,47.70043],[8.48369,47.70057],[8.48333,47.70082],[8.48315,47.70114],[8.48315,47.70148],[8.48323,47.70165],[8.48373,47.70251],[8.48379,47.70262],[8.48401,47.70314],[8.48406,47.70335],[8.48401,47.70368],[8.48366,47.70425],[8.48368,47.70461],[8.48392,47.70494],[8.48433,47.70518],[8.48495,47.70536],[8.48517,47.70547],[8.4853,47.70555],[8.48534,47.70557],[8.48555,47.70569],[8.48563,47.70573],[8.48585,47.70584],[8.4859,47.70586],[8.48624,47.70601],[8.48648,47.70614],[8.48677,47.70641],[8.48687,47.70661],[8.48717,47.70742],[8.4871,47.70804],[8.48577,47.70947],[8.48559,47.70979],[8.4856,47.71014],[8.48568,47.7103],[8.48579,47.71049],[8.48584,47.71056],[8.48598,47.71074],[8.48603,47.7108],[8.48641,47.71121],[8.48662,47.71159],[8.48651,47.71211],[8.48598,47.71278],[8.48601,47.71314],[8.48607,47.7133],[8.48617,47.71349],[8.4862,47.71355],[8.48664,47.71427],[8.48692,47.71463],[8.48699,47.7148],[8.48698,47.71515],[8.48678,47.71548],[8.48627,47.71587],[8.48611,47.7162],[8.4861,47.71637],[8.48623,47.7167],[8.48636,47.71685],[8.48653,47.71698],[8.48666,47.71706],[8.48691,47.71719],[8.48713,47.71733],[8.48728,47.71746],[8.48746,47.71776],[8.48749,47.71796],[8.4875,47.71833],[8.48748,47.71855],[8.48728,47.71888],[8.48668,47.71922],[8.48616,47.71928],[8.48583,47.71926],[8.48551,47.71921],[8.48504,47.71911],[8.48475,47.71904],[8.48466,47.71903],[8.48457,47.71901],[8.48438,47.71899],[8.48431,47.71899],[8.48417,47.71898],[8.48391,47.719],[8.48342,47.71913],[8.48322,47.71924],[8.48305,47.71938],[8.48292,47.71954],[8.48256,47.72012],[8.48252,47.72019],[8.48245,47.72036],[8.48242,47.72043],[8.48229,47.72078],[8.48228,47.72084],[8.48216,47.72133],[8.48208,47.72154],[8.48185,47.72191],[8.48162,47.72256],[8.48156,47.72288],[8.48144,47.72321],[8.48111,47.7238],[8.48111,47.72381],[8.48082,47.72431],[8.48079,47.72436],[8.48078,47.72438],[8.48076,47.72443],[8.48016,47.72593],[8.47944,47.72696],[8.47926,47.72723],[8.4791,47.72741],[8.47895,47.72753],[8.47871,47.72766],[8.47693,47.72846],[8.47672,47.72854],[8.47511,47.72909],[8.47351,47.72971],[8.47278,47.72999],[8.47243,47.73009],[8.47205,47.73013],[8.47168,47.73012],[8.47133,47.73005],[8.47107,47.72998],[8.47102,47.72996],[8.47061,47.72984],[8.46965,47.72959],[8.46923,47.72943],[8.46798,47.72882],[8.46764,47.72871],[8.46641,47.72842],[8.46605,47.72837],[8.46434,47.7283],[8.46393,47.72832],[8.46239,47.72858],[8.46232,47.72859],[8.46095,47.72888],[8.46066,47.72897],[8.46004,47.7292],[8.45982,47.72924],[8.45955,47.72926],[8.45891,47.72928],[8.45866,47.72927],[8.45735,47.72917],[8.45665,47.72884],[8.45498,47.72742],[8.45466,47.72693],[8.45473,47.72584]]]},"properties":{"bfs_nr":2972,"name":"Oberhallau"}},{"type":"Feature","geometry":{"type":"Polygon","coordinates":[[[8.40708,47.67238],[8.40787,47.67158],[8.40967,47.6691],[8.41182,47.66676],[8.4122,47.66648],[8.41265,47.66633],[8.41473,47.66617],[8.41531,47.66619],[8.41722,47.66642],[8.41958,47.66661],[8.42296,47.66682],[8.4237,47.66672],[8.42409,47.66651],[8.42493,47.66583],[8.42545,47.66555],[8.4265,47.66516],[8.42809,47.66424],[8.43186,47.66221],[8.43338,47.66089],[8.43513,47.6596],[8.43537,47.65934],[8.43625,47.65796],[8.43676,47.65753],[8.43724,47.6574],[8.43814,47.65736],[8.43885,47.65708],[8.43941,47.65652],[8.43997,47.65627],[8.44147,47.6558],[8.44298,47.65511],[8.4445,47.65422],[8.44503,47.65402],[8.44556,47.65398],[8.44721,47.65431],[8.44793,47.65465],[8.44815,47.65498],[8.44817,47.65535],[8.44778,47.6559],[8.44771,47.65643],[8.44791,47.65676],[8.44857,47.65724],[8.44873,47.65756],[8.44863,47.65806],[8.44835,47.65833],[8.4481,47.65846],[8.4462,47.65931],[8.44201,47.66115],[8.44152,47.66155],[8.44143,47.66206],[8.44169,47.66284],[8.44152,47.66318],[8.44039,47.66388],[8.44013,47.6642],[8.44008,47.66438],[8.44008,47.66456],[8.44013,47.66474],[8.44025,47.66491],[8.4404,47.66506],[8.4408,47.66536],[8.44125,47.6657],[8.44144,47.66587],[8.44155,47.66602],[8.44163,47.66635],[8.44141,47.66683],[8.44078,47.66741],[8.44073,47.66775],[8.44083,47.66848],[8.4406,47.66881],[8.44004,47.6692],[8.4399,47.66935],[8.43976,47.66968],[8.43983,47.67003],[8.44006,47.67053],[8.43999,47.67086],[8.43975,47.67115],[8.43954,47.67129],[8.43747,47.67244],[8.43704,47.67263],[8.43668,47.67286],[8.43636,47.6732],[8.43519,47.6738],[8.43417,47.6739],[8.43294,47.67421],[8.43181,47.67442],[8.43115,47.67489],[8.431,47.67526],[8.43091,47.67541],[8.43074,47.67558],[8.4299,47.6763],[8.4297,47.67644],[8.42959,47.6765],[8.42929,47.67672],[8.42874,47.67707],[8.42797,47.67765],[8.42686,47.67791],[8.42664,47.67798],[8.42645,47.67807],[8.4257,47.67849],[8.42502,47.6789],[8.42402,47.67906],[8.4233,47.67926],[8.42297,47.67952],[8.42281,47.67986],[8.42286,47.68044],[8.42286,47.68052],[8.42287,47.68066],[8.42286,47.68083],[8.4228,47.68114],[8.42255,47.6817],[8.42222,47.68211],[8.42217,47.68286],[8.42192,47.68333],[8.42155,47.68357],[8.4208,47.68371],[8.42005,47.68355],[8.41852,47.68282],[8.4182,47.68244],[8.41768,47.68132],[8.41665,47.68023],[8.41629,47.67999],[8.41459,47.6796],[8.41304,47.67939],[8.41086,47.67921],[8.40976,47.67905],[8.40878,47.67872],[8.40792,47.67808],[8.40649,47.67639],[8.4063,47.67605],[8.40572,47.6745],[8.40576,47.67388],[8.40611,47.67323],[8.40646,47.67284],[8.40708,47.67238]]]},"properties":{"bfs_nr":2973,"name":"Trasadingen"}},{"type":"Feature","geometry":{"type":"Polygon","coordinates":[[[8.42232,47.68273],[8.42228,47.68215],[8.42254,47.68178],[8.42282,47.6811],[8.42286,47.68088],[8.42287,47.68071],[8.42287,47.68067],[8.42286,47.68051],[8.42286,47.68049],[8.42287,47.68025],[8.42319,47.67976],[8.42362,47.67954],[8.42459,47.67941],[8.42523,47.67909],[8.42554,47.67866],[8.42591,47.67837],[8.42668,47.67797],[8.42694,47.6779],[8.42759,47.6778],[8.428,47.67764],[8.42876,47.67706],[8.42974,47.67643],[8.43095,47.67541],[8.43141,47.67474],[8.43182,47.67449],[8.43354,47.67407],[8.43434,47.67408],[8.43505,47.6739],[8.43659,47.67311],[8.43732,47.67252],[8.43961,47.67125],[8.43979,47.67113],[8.43994,47.67098],[8.44004,47.67082],[8.44009,47.67064],[8.44004,47.6703],[8.43981,47.66989],[8.43992,47.66935],[8.44006,47.6692],[8.44082,47.66869],[8.44105,47.66838],[8.44099,47.66742],[8.44163,47.66661],[8.44167,47.66625],[8.4415,47.66591],[8.44134,47.66576],[8.44116,47.66563],[8.44096,47.66545],[8.44045,47.6651],[8.44025,47.66491],[8.44008,47.66457],[8.44014,47.6642],[8.4404,47.66388],[8.44188,47.66307],[8.44214,47.66277],[8.44221,47.66242],[8.44193,47.66164],[8.44205,47.66131],[8.44258,47.6609],[8.44621,47.6593],[8.44832,47.65837],[8.44882,47.65796],[8.44889,47.65743],[8.44868,47.65711],[8.44812,47.65674],[8.44786,47.65645],[8.44782,47.65596],[8.44804,47.65561],[8.4486,47.6551],[8.44907,47.6549],[8.44962,47.65485],[8.45042,47.65497],[8.45191,47.6548],[8.45319,47.65477],[8.45404,47.65456],[8.45483,47.65413],[8.45656,47.65329],[8.45736,47.6531],[8.45788,47.65316],[8.45941,47.65379],[8.46035,47.65402],[8.46137,47.65475],[8.46235,47.65554],[8.46327,47.65607],[8.46378,47.65618],[8.46466,47.65619],[8.46565,47.65635],[8.46615,47.65626],[8.4667,47.65591],[8.46685,47.65524],[8.46601,47.65296],[8.46519,47.65145],[8.46446,47.65021],[8.46388,47.64882],[8.46395,47.64812],[8.46484,47.64671],[8.46527,47.64515],[8.46605,47.64387],[8.46625,47.64308],[8.46648,47.64252],[8.46701,47.6417],[8.46728,47.64141],[8.46859,47.64048],[8.46982,47.63946],[8.47025,47.63922],[8.47197,47.63865],[8.47274,47.63853],[8.47365,47.63877],[8.47451,47.63957],[8.47467,47.64022],[8.47447,47.64053],[8.4739,47.64086],[8.47278,47.64091],[8.47195,47.64117],[8.47159,47.6415],[8.4715,47.64202],[8.47169,47.64235],[8.47228,47.64269],[8.4737,47.64297],[8.47479,47.64329],[8.47732,47.64451],[8.47762,47.64482],[8.4777,47.64519],[8.47756,47.64563],[8.47726,47.64602],[8.47624,47.64653],[8.47502,47.64672],[8.47384,47.64704],[8.47332,47.64757],[8.47307,47.64836],[8.47305,47.64893],[8.47321,47.64924],[8.47365,47.64959],[8.47414,47.64976],[8.47631,47.65007],[8.47675,47.65003],[8.47903,47.64956],[8.48008,47.64924],[8.48039,47.64896],[8.48067,47.64837],[8.481,47.64801],[8.48167,47.6476],[8.48196,47.64729],[8.48204,47.64692],[8.48155,47.6461],[8.4817,47.64546],[8.48221,47.64493],[8.48273,47.64427],[8.48342,47.64401],[8.48492,47.64396],[8.4854,47.64404],[8.48663,47.64465],[8.48736,47.64484],[8.48787,47.6448],[8.48855,47.6445],[8.4889,47.64418],[8.48949,47.64327],[8.49011,47.6428],[8.49083,47.6427],[8.49161,47.64283],[8.49268,47.64279],[8.49315,47.64291],[8.49365,47.64328],[8.4938,47.6437],[8.49383,47.64433],[8.49373,47.6456],[8.49379,47.64596],[8.49406,47.64627],[8.49449,47.64649],[8.49502,47.64657],[8.49651,47.64647],[8.49845,47.64645],[8.49915,47.64669],[8.4999,47.64724],[8.50082,47.64737],[8.50325,47.64731],[8.507,47.64688],[8.50874,47.64675],[8.50926,47.64681],[8.51012,47.64713],[8.51185,47.64744],[8.51332,47.64748],[8.51395,47.64737],[8.51575,47.64692],[8.5171,47.64649],[8.51895,47.6458],[8.52041,47.64536],[8.52178,47.64502],[8.52297,47.64487],[8.52651,47.64532],[8.52957,47.64589],[8.53105,47.64584],[8.53174,47.64599],[8.53208,47.64622],[8.53292,47.64714],[8.53335,47.64798],[8.53337,47.64852],[8.53391,47.64965],[8.53385,47.64998],[8.53354,47.65042],[8.53333,47.65111],[8.53281,47.65152],[8.53182,47.6521],[8.53159,47.65277],[8.53109,47.65351],[8.53073,47.65383],[8.53017,47.65409],[8.52932,47.65483],[8.52908,47.65523],[8.52911,47.6557],[8.52962,47.65661],[8.5297,47.65693],[8.52949,47.6574],[8.52908,47.65769],[8.52834,47.65795],[8.52784,47.65843],[8.52735,47.65954],[8.52693,47.65999],[8.52602,47.66021],[8.525,47.6602],[8.52452,47.66038],[8.5242,47.66068],[8.52411,47.66085],[8.52407,47.66116],[8.524,47.66137],[8.52338,47.66268],[8.52313,47.66337],[8.52292,47.66363],[8.52277,47.66385],[8.5227,47.66403],[8.52266,47.66416],[8.52265,47.6643],[8.52266,47.6645],[8.52267,47.66456],[8.52274,47.66509],[8.5228,47.66529],[8.52324,47.66599],[8.52319,47.66633],[8.52277,47.66675],[8.52234,47.66691],[8.52126,47.66716],[8.51991,47.66742],[8.51984,47.66744],[8.51893,47.66765],[8.51869,47.66772],[8.51847,47.66783],[8.51829,47.66796],[8.51816,47.66812],[8.51809,47.66822],[8.51777,47.66872],[8.5174,47.66895],[8.51668,47.66909],[8.51619,47.66902],[8.51483,47.66852],[8.51431,47.66826],[8.51379,47.6681],[8.51302,47.66813],[8.51257,47.66831],[8.51232,47.66851],[8.51204,47.66868],[8.5118,47.66879],[8.5115,47.6689],[8.51097,47.66897],[8.51045,47.66889],[8.51001,47.66868],[8.50981,47.66849],[8.50944,47.66807],[8.50927,47.66792],[8.50922,47.66788],[8.50903,47.66777],[8.50881,47.66768],[8.5079,47.66748],[8.50628,47.66723],[8.50483,47.66714],[8.50394,47.66701],[8.50232,47.66688],[8.50098,47.66684],[8.49972,47.66675],[8.49853,47.66677],[8.49743,47.66685],[8.49674,47.66696],[8.49584,47.66693],[8.49506,47.66701],[8.49468,47.66715],[8.49369,47.66769],[8.49341,47.66789],[8.49238,47.66892],[8.49231,47.669],[8.49174,47.66949],[8.4915,47.66967],[8.49134,47.66982],[8.49122,47.66999],[8.49115,47.67035],[8.4913,47.6707],[8.49145,47.67085],[8.49188,47.67112],[8.49209,47.67128],[8.49221,47.67143],[8.4923,47.67194],[8.49212,47.67226],[8.49178,47.67251],[8.49132,47.67265],[8.49103,47.67268],[8.49004,47.67266],[8.48958,47.6727],[8.48894,47.67294],[8.48873,47.6731],[8.48804,47.67377],[8.48785,47.67404],[8.4876,47.67465],[8.48749,47.67484],[8.48715,47.67516],[8.48674,47.67533],[8.48604,47.67543],[8.48471,47.67519],[8.48456,47.67517],[8.48382,47.67506],[8.48376,47.67505],[8.48297,47.67492],[8.48292,47.67491],[8.48157,47.67466],[8.48114,47.67461],[8.48055,47.6746],[8.48028,47.67461],[8.48002,47.67465],[8.47978,47.67473],[8.47956,47.67484],[8.47938,47.67497],[8.47917,47.67531],[8.47916,47.67567],[8.47951,47.67633],[8.47951,47.67669],[8.47931,47.67701],[8.47894,47.67726],[8.47846,47.67739],[8.47761,47.67742],[8.47692,47.67764],[8.47652,47.67807],[8.47618,47.67897],[8.47586,47.67922],[8.47559,47.67933],[8.47553,47.67936],[8.4754,47.6794],[8.47527,47.67943],[8.47507,47.67948],[8.47491,47.67952],[8.47176,47.6801],[8.47148,47.68017],[8.47084,47.68048],[8.46971,47.68056],[8.46874,47.68088],[8.46825,47.68096],[8.46748,47.68087],[8.46675,47.68098],[8.46654,47.68107],[8.46636,47.68119],[8.46573,47.68169],[8.46543,47.68195],[8.46476,47.68218],[8.46425,47.68218],[8.46357,47.68194],[8.46311,47.68155],[8.4627,47.68138],[8.46079,47.68089],[8.46071,47.68087],[8.46066,47.68085],[8.46057,47.68083],[8.4587,47.68021],[8.4586,47.68018],[8.4578,47.67988],[8.45757,47.67981],[8.45706,47.67977],[8.45681,47.6798],[8.45658,47.67986],[8.45636,47.67995],[8.45617,47.68006],[8.45615,47.68008],[8.45578,47.68035],[8.45524,47.68075],[8.45524,47.68076],[8.45349,47.68207],[8.45348,47.68208],[8.45297,47.68246],[8.45276,47.68262],[8.45267,47.68271],[8.45246,47.68289],[8.45023,47.68445],[8.44994,47.68475],[8.44985,47.68509],[8.44992,47.68583],[8.44971,47.68614],[8.448,47.68688],[8.44718,47.68694],[8.44612,47.68683],[8.44528,47.68714],[8.44474,47.68767],[8.44426,47.68789],[8.44375,47.68796],[8.44301,47.68792],[8.44254,47.68778],[8.44194,47.68743],[8.44142,47.68723],[8.44094,47.68717],[8.44032,47.68723],[8.43968,47.68719],[8.43898,47.68728],[8.43846,47.68725],[8.43781,47.68696],[8.43742,47.68655],[8.43703,47.68634],[8.4368,47.68627],[8.43655,47.68623],[8.4363,47.68623],[8.43605,47.68626],[8.4356,47.68641],[8.43451,47.68706],[8.434,47.68713],[8.43349,47.68707],[8.4332,47.68697],[8.4324,47.68662],[8.43225,47.68655],[8.43195,47.68639],[8.43171,47.68622],[8.4317,47.68621],[8.43141,47.6859],[8.43131,47.68577],[8.43125,47.68571],[8.43109,47.68558],[8.43093,47.68549],[8.43007,47.68504],[8.42962,47.68489],[8.42916,47.68483],[8.42792,47.68473],[8.42766,47.68474],[8.42728,47.68471],[8.42638,47.68458],[8.42602,47.68451],[8.42494,47.68421],[8.42335,47.68386],[8.42286,47.68369],[8.42252,47.68342],[8.42232,47.68273]]]},"properties":{"bfs_nr":2974,"name":"Wilchingen"}}]}