{"type":"FeatureCollection","features":[{"type":"Feature","geometry":{"type":"Polygon","coordinates":[[[9.40111,47.53091],[9.40097,47.53004],[9.40064,47.52874],[9.4006,47.52836],[9.40074,47.52801],[9.40108,47.52773],[9.40167,47.52747],[9.40196,47.5272],[9.40222,47.52666],[9.40251,47.5264],[9.40325,47.52604],[9.40351,47.52573],[9.40357,47.52538],[9.40349,47.52491],[9.40296,47.52413],[9.40239,47.52347],[9.40226,47.52327],[9.4022,47.5231],[9.40223,47.52276],[9.40245,47.52245],[9.40283,47.52222],[9.4039,47.52193],[9.40448,47.52171],[9.40476,47.52164],[9.40537,47.52152],[9.40538,47.52152],[9.40584,47.52143],[9.4059,47.52142],[9.40602,47.52139],[9.40607,47.52138],[9.40663,47.52123],[9.40687,47.52119],[9.40709,47.52113],[9.40895,47.52038],[9.40995,47.52008],[9.41197,47.51937],[9.41234,47.5191],[9.41253,47.51858],[9.41226,47.51764],[9.41206,47.51731],[9.41144,47.51695],[9.4111,47.51668],[9.41094,47.51634],[9.41099,47.51599],[9.41109,47.51583],[9.41128,47.51564],[9.41153,47.51544],[9.41178,47.51525],[9.41182,47.51523],[9.41196,47.51511],[9.41212,47.51496],[9.41223,47.51478],[9.41228,47.51459],[9.41235,47.51396],[9.41234,47.51379],[9.41219,47.51347],[9.41205,47.51333],[9.41187,47.5132],[9.41166,47.51311],[9.41118,47.51295],[9.41065,47.51261],[9.41022,47.51245],[9.40925,47.51236],[9.40858,47.51209],[9.40831,47.51178],[9.40829,47.51125],[9.40859,47.51084],[9.40869,47.51054],[9.40857,47.51006],[9.40831,47.50965],[9.40788,47.50901],[9.40734,47.50836],[9.40717,47.5078],[9.40678,47.50734],[9.40667,47.50698],[9.4068,47.50658],[9.40704,47.50627],[9.40742,47.50597],[9.40802,47.50563],[9.40826,47.50529],[9.40829,47.50475],[9.40848,47.50437],[9.40911,47.50367],[9.40944,47.50336],[9.40987,47.5029],[9.41039,47.50251],[9.41113,47.50226],[9.41282,47.50222],[9.41341,47.50234],[9.41391,47.50235],[9.41435,47.50225],[9.41731,47.50131],[9.41744,47.50128],[9.41761,47.50124],[9.41779,47.5012],[9.418,47.50117],[9.41816,47.50116],[9.41842,47.50112],[9.41866,47.50105],[9.41906,47.50081],[9.41919,47.50066],[9.41932,47.50031],[9.41931,47.50013],[9.41924,47.49996],[9.41908,47.49966],[9.41899,47.4994],[9.41892,47.49899],[9.41868,47.49871],[9.41825,47.49843],[9.418,47.49811],[9.41796,47.49775],[9.41814,47.49741],[9.4189,47.49683],[9.42008,47.49647],[9.42065,47.49639],[9.42116,47.49647],[9.42174,47.49681],[9.42192,47.49707],[9.42266,47.49847],[9.42319,47.49929],[9.42347,47.49962],[9.42449,47.50059],[9.42503,47.50128],[9.42542,47.50153],[9.42613,47.50178],[9.42935,47.50333],[9.42961,47.50349],[9.42991,47.50385],[9.43021,47.50438],[9.4306,47.50469],[9.4316,47.50504],[9.43251,47.50517],[9.43294,47.5054],[9.43335,47.50581],[9.43375,47.50601],[9.43433,47.50615],[9.43504,47.50648],[9.43544,47.50691],[9.43547,47.50726],[9.43516,47.50797],[9.43484,47.50886],[9.43476,47.5093],[9.43474,47.51047],[9.43468,47.51093],[9.43477,47.51135],[9.43534,47.51198],[9.43575,47.51222],[9.43653,47.51255],[9.43732,47.51262],[9.43786,47.51249],[9.43839,47.51247],[9.4389,47.51258],[9.43943,47.51284],[9.44001,47.51298],[9.44042,47.51318],[9.4407,47.51347],[9.44076,47.51398],[9.44057,47.5143],[9.44008,47.51465],[9.43985,47.51498],[9.43982,47.51534],[9.44002,47.51576],[9.44006,47.5161],[9.4399,47.51651],[9.43926,47.51736],[9.43883,47.51777],[9.43777,47.51842],[9.43734,47.51886],[9.43666,47.51924],[9.43537,47.51967],[9.43502,47.51987],[9.43436,47.52041],[9.4337,47.52083],[9.43293,47.52105],[9.43239,47.52111],[9.43156,47.521],[9.43103,47.52087],[9.43055,47.52065],[9.42974,47.5205],[9.42878,47.52056],[9.42799,47.52067],[9.42755,47.52079],[9.42679,47.52112],[9.42598,47.52133],[9.42556,47.52151],[9.42476,47.52204],[9.42422,47.52257],[9.42348,47.5229],[9.42249,47.52321],[9.42207,47.52354],[9.42155,47.5246],[9.42128,47.52496],[9.42049,47.52562],[9.42007,47.52605],[9.4185,47.52694],[9.41748,47.52735],[9.41665,47.52781],[9.41626,47.52834],[9.41583,47.52862],[9.41496,47.52894],[9.41406,47.52953],[9.41352,47.52971],[9.41288,47.53022],[9.41201,47.53078],[9.4105,47.53146],[9.40966,47.532],[9.40903,47.53249],[9.40879,47.5328],[9.40837,47.53315],[9.40801,47.53369],[9.40719,47.53416],[9.40668,47.53459],[9.40622,47.5348],[9.40569,47.53487],[9.40493,47.53476],[9.40379,47.53446],[9.40283,47.53386],[9.40245,47.53312],[9.40144,47.53181],[9.4013,47.53157],[9.40126,47.53135],[9.40111,47.53091]]]},"properties":{"bfs_nr":4401,"name":"Arbon"}},{"type":"Feature","geometry":{"type":"Polygon","coordinates":[[[9.30531,47.57061],[9.3052,47.57022],[9.30522,47.57004],[9.30542,47.56971],[9.30559,47.56957],[9.30579,47.56946],[9.30602,47.56938],[9.30628,47.56933],[9.30654,47.56931],[9.3068,47.56933],[9.30705,47.56938],[9.30728,47.56947],[9.30753,47.56962],[9.30862,47.57039],[9.30901,47.57061],[9.31065,47.57127],[9.31131,47.57168],[9.31206,47.57185],[9.31258,47.57179],[9.31302,47.5716],[9.31373,47.57114],[9.31426,47.57105],[9.31479,47.57111],[9.31509,47.57122],[9.31544,47.57138],[9.31546,47.57139],[9.31587,47.57157],[9.31613,47.57172],[9.31626,47.57179],[9.31647,47.5719],[9.31697,47.57202],[9.31814,47.572],[9.31863,47.57211],[9.31905,47.57228],[9.31961,47.57235],[9.32168,47.57228],[9.32261,47.57204],[9.32311,47.57197],[9.32362,47.57204],[9.32405,47.57223],[9.32441,47.57269],[9.32447,47.57328],[9.32487,47.57376],[9.32527,47.57394],[9.32628,47.57424],[9.3271,47.57456],[9.32779,47.57462],[9.32826,47.57475],[9.32851,47.57489],[9.32889,47.57514],[9.32927,47.57542],[9.32948,47.5756],[9.32966,47.57593],[9.32963,47.57629],[9.3294,47.57662],[9.32917,47.57678],[9.32912,47.57681],[9.32907,47.57684],[9.32795,47.57745],[9.32776,47.57757],[9.32751,47.57788],[9.32746,47.57823],[9.32761,47.57857],[9.32804,47.57901],[9.32815,47.57933],[9.32807,47.57967],[9.3276,47.58023],[9.32721,47.58054],[9.32599,47.58125],[9.32543,47.58155],[9.32444,47.58209],[9.32353,47.5826],[9.32352,47.5826],[9.32268,47.58307],[9.3224,47.58319],[9.32216,47.58325],[9.32165,47.58329],[9.32139,47.58325],[9.32094,47.58308],[9.32071,47.58292],[9.3205,47.58274],[9.31982,47.58217],[9.31964,47.58198],[9.31954,47.58182],[9.31941,47.58143],[9.31914,47.58113],[9.3187,47.5809],[9.31819,47.58073],[9.31766,47.5807],[9.31706,47.5808],[9.31635,47.58082],[9.31585,47.58073],[9.31544,47.58053],[9.31517,47.58024],[9.31509,47.5799],[9.31514,47.57949],[9.315,47.57915],[9.31472,47.5788],[9.31391,47.57841],[9.31357,47.57813],[9.31342,47.57779],[9.31343,47.57752],[9.31343,47.57749],[9.31343,47.57733],[9.31339,47.57687],[9.31357,47.57634],[9.31371,47.57567],[9.31364,47.57535],[9.31318,47.5747],[9.31293,47.57419],[9.31283,47.57404],[9.3127,47.5739],[9.31171,47.57306],[9.31122,47.57289],[9.31067,47.57287],[9.3101,47.57296],[9.30922,47.5729],[9.30868,47.57273],[9.30818,47.57268],[9.3076,47.57272],[9.30686,47.57258],[9.30618,47.57214],[9.30604,47.57195],[9.30589,47.57171],[9.30571,47.57133],[9.30564,47.57119],[9.30545,47.57089],[9.30531,47.57061]]]},"properties":{"bfs_nr":4406,"name":"Dozwil"}},{"type":"Feature","geometry":{"type":"Polygon","coordinates":[[[9.3228,47.54154],[9.32251,47.54139],[9.32217,47.54093],[9.32219,47.54058],[9.32239,47.54026],[9.32305,47.53993],[9.32692,47.53889],[9.3277,47.53856],[9.3297,47.53804],[9.32993,47.53796],[9.33013,47.53785],[9.3303,47.53772],[9.33042,47.53756],[9.3305,47.5374],[9.33054,47.53722],[9.33048,47.53675],[9.33052,47.53657],[9.33061,47.5364],[9.33076,47.53624],[9.33094,47.53611],[9.33148,47.53591],[9.33206,47.53585],[9.3336,47.53564],[9.33371,47.53563],[9.33388,47.53559],[9.33397,47.53557],[9.33435,47.53548],[9.33455,47.53542],[9.33559,47.53511],[9.33652,47.53497],[9.33655,47.53497],[9.33704,47.53488],[9.33728,47.53482],[9.33751,47.53473],[9.3377,47.53462],[9.33786,47.53448],[9.33803,47.53415],[9.33801,47.53379],[9.33792,47.53363],[9.33781,47.53347],[9.33764,47.53315],[9.33757,47.53293],[9.33756,47.53276],[9.33769,47.53242],[9.338,47.53214],[9.33896,47.53174],[9.33933,47.53153],[9.33956,47.53125],[9.33982,47.53057],[9.33996,47.52981],[9.33999,47.52815],[9.34023,47.52745],[9.34021,47.5266],[9.34009,47.52625],[9.33951,47.5254],[9.33947,47.52506],[9.33962,47.52473],[9.33994,47.52447],[9.3407,47.52419],[9.34107,47.52393],[9.34125,47.52359],[9.34124,47.52298],[9.34145,47.52238],[9.34174,47.52199],[9.34229,47.52157],[9.34338,47.52105],[9.34422,47.52047],[9.34468,47.52028],[9.34523,47.52023],[9.34644,47.52036],[9.34944,47.52],[9.35069,47.51986],[9.3514,47.51961],[9.35285,47.51928],[9.35352,47.51925],[9.35477,47.51952],[9.3553,47.51949],[9.35595,47.51919],[9.35619,47.51888],[9.35624,47.51852],[9.35598,47.51703],[9.35587,47.51672],[9.3556,47.5164],[9.35513,47.51614],[9.35468,47.5156],[9.35439,47.51536],[9.35381,47.5151],[9.35326,47.51498],[9.3524,47.51505],[9.35163,47.51528],[9.35088,47.51527],[9.35044,47.51511],[9.35012,47.51485],[9.34992,47.51448],[9.34962,47.51419],[9.34895,47.51388],[9.34809,47.51361],[9.34706,47.51282],[9.34689,47.51248],[9.34703,47.51194],[9.34737,47.51166],[9.34807,47.51131],[9.34832,47.51097],[9.34834,47.5106],[9.3482,47.51013],[9.34796,47.50985],[9.34729,47.5094],[9.34701,47.50896],[9.34632,47.50822],[9.34558,47.50795],[9.34473,47.50792],[9.34427,47.50778],[9.34393,47.50753],[9.34353,47.50693],[9.34295,47.50658],[9.3422,47.50651],[9.34079,47.50682],[9.34031,47.50688],[9.3394,47.5069],[9.33893,47.5068],[9.33854,47.50659],[9.33799,47.50596],[9.33765,47.50513],[9.33753,47.50442],[9.33705,47.50381],[9.33687,47.50333],[9.33692,47.503],[9.33715,47.5027],[9.33753,47.50248],[9.33801,47.50237],[9.33874,47.50244],[9.33915,47.50264],[9.3397,47.50306],[9.3409,47.5035],[9.34133,47.5036],[9.34203,47.50357],[9.34359,47.50302],[9.345,47.50267],[9.34621,47.50212],[9.3467,47.50195],[9.34751,47.50191],[9.34824,47.50177],[9.34915,47.50148],[9.34991,47.50138],[9.35176,47.50142],[9.35217,47.50139],[9.35435,47.50097],[9.35519,47.50093],[9.3557,47.50105],[9.3561,47.5013],[9.35638,47.50194],[9.35632,47.50246],[9.35647,47.50281],[9.3568,47.50309],[9.35727,47.50326],[9.35778,47.5033],[9.3588,47.50307],[9.3597,47.50296],[9.36057,47.50276],[9.36112,47.5027],[9.36168,47.50275],[9.36224,47.50269],[9.36389,47.50208],[9.36449,47.50199],[9.36502,47.50207],[9.36546,47.50228],[9.36596,47.50279],[9.36617,47.50319],[9.3662,47.50361],[9.36651,47.50403],[9.36697,47.50434],[9.36747,47.505],[9.36785,47.50525],[9.36874,47.50559],[9.36903,47.50591],[9.36929,47.50636],[9.36939,47.50659],[9.36968,47.50761],[9.36988,47.50794],[9.37045,47.50847],[9.3706,47.50891],[9.37101,47.50931],[9.37157,47.50954],[9.37193,47.50981],[9.37227,47.51043],[9.37239,47.51059],[9.37255,47.51074],[9.37276,47.51086],[9.37299,47.51095],[9.37325,47.511],[9.37352,47.51102],[9.37399,47.51102],[9.37436,47.51099],[9.3747,47.51092],[9.3752,47.51092],[9.37611,47.51126],[9.37663,47.51135],[9.3774,47.51122],[9.37779,47.51097],[9.37808,47.51051],[9.37839,47.51024],[9.37907,47.51004],[9.38003,47.50999],[9.38058,47.5098],[9.38121,47.50972],[9.38156,47.50973],[9.38225,47.50984],[9.38317,47.50976],[9.38365,47.50985],[9.38421,47.51009],[9.38468,47.5102],[9.38584,47.51064],[9.38658,47.51122],[9.38675,47.51169],[9.387,47.51199],[9.38747,47.51231],[9.3877,47.51288],[9.38764,47.51417],[9.3876,47.51439],[9.38723,47.51483],[9.38681,47.51502],[9.38602,47.51516],[9.3854,47.51553],[9.38522,47.51588],[9.38521,47.51607],[9.38527,47.51648],[9.38527,47.51652],[9.38546,47.51742],[9.38546,47.51744],[9.38555,47.51798],[9.38556,47.51801],[9.3856,47.51826],[9.38563,47.5184],[9.38586,47.51882],[9.38596,47.51897],[9.38627,47.51921],[9.38673,47.5194],[9.38707,47.51964],[9.38752,47.52009],[9.3877,47.52041],[9.38769,47.52076],[9.38745,47.52137],[9.38747,47.52181],[9.38751,47.52203],[9.38799,47.52325],[9.38796,47.52383],[9.38754,47.5243],[9.38741,47.52467],[9.38754,47.5252],[9.38773,47.52552],[9.3883,47.52585],[9.3891,47.52603],[9.38948,47.52624],[9.38974,47.52658],[9.39009,47.52732],[9.3902,47.52749],[9.39036,47.52765],[9.39057,47.52777],[9.39081,47.52787],[9.39216,47.5283],[9.39271,47.52834],[9.39448,47.52823],[9.39509,47.52816],[9.39561,47.52814],[9.39576,47.52813],[9.39609,47.52809],[9.3963,47.52807],[9.3972,47.52778],[9.3975,47.52771],[9.39798,47.52765],[9.39826,47.52764],[9.39841,47.52763],[9.39926,47.52754],[9.39978,47.52761],[9.40021,47.52783],[9.40048,47.52813],[9.40097,47.53002],[9.40115,47.5312],[9.4012,47.53146],[9.4013,47.53164],[9.40211,47.53268],[9.40223,47.53288],[9.40239,47.53349],[9.40269,47.53379],[9.40397,47.5346],[9.40477,47.53491],[9.40507,47.53522],[9.40517,47.53558],[9.40505,47.53593],[9.40478,47.53624],[9.40443,47.53645],[9.40366,47.53664],[9.40272,47.53714],[9.40207,47.5373],[9.40167,47.53749],[9.40122,47.53788],[9.40075,47.53808],[9.4001,47.53819],[9.39914,47.53849],[9.39799,47.53901],[9.39761,47.53935],[9.39663,47.53989],[9.39566,47.54023],[9.39461,47.54086],[9.39422,47.54102],[9.39302,47.54179],[9.39238,47.54223],[9.39069,47.54316],[9.39033,47.54342],[9.38997,47.54384],[9.3895,47.54425],[9.38839,47.54501],[9.38787,47.54552],[9.38692,47.54599],[9.3865,47.54641],[9.38627,47.54723],[9.38599,47.54783],[9.38609,47.54831],[9.38634,47.54863],[9.38654,47.54916],[9.38647,47.5495],[9.38603,47.54991],[9.38532,47.55019],[9.38483,47.55053],[9.38432,47.55109],[9.38401,47.55134],[9.38349,47.55162],[9.38268,47.55183],[9.38206,47.55218],[9.38163,47.55234],[9.38082,47.55235],[9.37852,47.55195],[9.37805,47.5519],[9.37765,47.55188],[9.37736,47.55187],[9.37717,47.55184],[9.37673,47.55178],[9.37655,47.55175],[9.3764,47.55172],[9.37617,47.55166],[9.37595,47.55158],[9.37538,47.55136],[9.37535,47.55135],[9.37495,47.55119],[9.37481,47.55113],[9.37469,47.55107],[9.37417,47.55078],[9.37382,47.5504],[9.37317,47.54997],[9.37211,47.54976],[9.37175,47.54966],[9.37159,47.54961],[9.37145,47.54958],[9.37086,47.54946],[9.37043,47.54924],[9.37016,47.54892],[9.37002,47.54848],[9.36929,47.54772],[9.36895,47.54751],[9.36791,47.54723],[9.36731,47.54698],[9.36652,47.54647],[9.36614,47.54611],[9.36542,47.54572],[9.36449,47.54547],[9.36398,47.54545],[9.36366,47.54547],[9.36351,47.54549],[9.36328,47.54552],[9.36325,47.54553],[9.36303,47.54557],[9.36298,47.54558],[9.36158,47.5458],[9.36067,47.54597],[9.35907,47.5464],[9.35893,47.54644],[9.35886,47.54647],[9.35834,47.54669],[9.35793,47.54678],[9.35735,47.54687],[9.35725,47.54689],[9.35712,47.54691],[9.35591,47.54708],[9.35585,47.54708],[9.35557,47.54711],[9.35522,47.54713],[9.35517,47.54713],[9.35493,47.54712],[9.35173,47.54684],[9.34921,47.54656],[9.34841,47.54654],[9.34623,47.54659],[9.34588,47.54658],[9.34497,47.54649],[9.34458,47.54642],[9.34407,47.5463],[9.34388,47.54626],[9.34368,47.54625],[9.34281,47.54622],[9.34274,47.54622],[9.34104,47.54623],[9.34073,47.54621],[9.34049,47.54616],[9.33982,47.54591],[9.33836,47.5455],[9.33787,47.54541],[9.33736,47.54542],[9.33702,47.54539],[9.33643,47.5453],[9.33611,47.54522],[9.33524,47.5447],[9.33479,47.54457],[9.3341,47.54455],[9.33331,47.5444],[9.33189,47.54431],[9.33108,47.54413],[9.33085,47.54403],[9.32984,47.54332],[9.32941,47.54317],[9.32887,47.54311],[9.32841,47.54296],[9.32777,47.54249],[9.32725,47.54231],[9.32621,47.54228],[9.32555,47.5421],[9.32483,47.54199],[9.32422,47.54205],[9.32372,47.542],[9.32329,47.54183],[9.3228,47.54154]],[[9.35413,47.51077],[9.3541,47.51132],[9.35452,47.51177],[9.35498,47.51194],[9.3558,47.51199],[9.35633,47.51192],[9.35679,47.51172],[9.3572,47.51134],[9.35762,47.5111],[9.35819,47.51088],[9.35858,47.51065],[9.35882,47.51034],[9.35885,47.50998],[9.35871,47.50947],[9.35851,47.50903],[9.35818,47.50875],[9.35773,47.50858],[9.35721,47.50854],[9.35671,47.50864],[9.35507,47.50923],[9.35464,47.50963],[9.35439,47.51029],[9.35413,47.51077]]]},"properties":{"bfs_nr":4411,"name":"Egnach"}},{"type":"Feature","geometry":{"type":"Polygon","coordinates":[[[9.29464,47.56482],[9.29445,47.56456],[9.29442,47.56418],[9.29461,47.5629],[9.29479,47.56252],[9.29513,47.56225],[9.29553,47.56208],[9.29605,47.56167],[9.29672,47.56055],[9.2968,47.56039],[9.2968,47.56004],[9.29668,47.5598],[9.2965,47.55906],[9.29615,47.55852],[9.29606,47.55821],[9.29615,47.55785],[9.29672,47.55681],[9.29722,47.55635],[9.29769,47.5562],[9.29871,47.55608],[9.29923,47.55575],[9.29957,47.55523],[9.30017,47.55488],[9.30068,47.5548],[9.30101,47.55482],[9.30566,47.55542],[9.3057,47.55543],[9.30579,47.55544],[9.30584,47.55544],[9.30607,47.55544],[9.3063,47.55542],[9.30642,47.5554],[9.30675,47.55537],[9.3073,47.55523],[9.30817,47.55506],[9.30823,47.55505],[9.30829,47.55504],[9.30839,47.55502],[9.30847,47.55501],[9.30854,47.555],[9.30864,47.55499],[9.30888,47.55496],[9.30911,47.5549],[9.30933,47.55481],[9.30951,47.55469],[9.30965,47.55456],[9.30976,47.5544],[9.30982,47.55424],[9.30986,47.55384],[9.31002,47.55353],[9.31052,47.55305],[9.31159,47.55177],[9.31175,47.55129],[9.31168,47.55086],[9.3117,47.55016],[9.31203,47.5494],[9.31198,47.54868],[9.31203,47.54829],[9.31208,47.54816],[9.3121,47.54807],[9.31213,47.54792],[9.31215,47.54782],[9.31224,47.54681],[9.31244,47.54577],[9.31281,47.54532],[9.31411,47.54475],[9.31473,47.54459],[9.31584,47.54445],[9.31604,47.54442],[9.31611,47.5444],[9.31636,47.54432],[9.31708,47.54404],[9.31894,47.54366],[9.31993,47.54352],[9.32115,47.54331],[9.32194,47.54333],[9.32249,47.54348],[9.32297,47.5435],[9.32381,47.54343],[9.32429,47.54349],[9.32471,47.54366],[9.32509,47.54408],[9.32525,47.54489],[9.32549,47.54541],[9.32563,47.54672],[9.32539,47.54733],[9.32546,47.54768],[9.32593,47.54809],[9.32639,47.54824],[9.32691,47.54826],[9.32986,47.54799],[9.33063,47.54794],[9.33073,47.54794],[9.33145,47.54792],[9.33167,47.54791],[9.33199,47.54793],[9.33246,47.54805],[9.33282,47.54829],[9.33307,47.54877],[9.333,47.5491],[9.3325,47.54958],[9.33229,47.54987],[9.33203,47.55047],[9.332,47.55078],[9.33219,47.55178],[9.33195,47.55268],[9.33196,47.55348],[9.33186,47.55422],[9.33169,47.55477],[9.33182,47.55531],[9.33163,47.55582],[9.3312,47.55614],[9.33088,47.55657],[9.33052,47.55683],[9.33004,47.55698],[9.32972,47.557],[9.32903,47.55701],[9.32853,47.55698],[9.32838,47.55698],[9.32811,47.557],[9.32786,47.55705],[9.32762,47.55714],[9.32725,47.55741],[9.32707,47.55775],[9.32711,47.55811],[9.32729,47.55852],[9.32742,47.55909],[9.32744,47.55931],[9.32739,47.55953],[9.32702,47.56052],[9.32685,47.5611],[9.32682,47.56119],[9.32665,47.56159],[9.3266,47.56172],[9.32637,47.56212],[9.32619,47.56246],[9.32587,47.56273],[9.32518,47.56294],[9.32447,47.56295],[9.32378,47.56315],[9.32346,47.56341],[9.3233,47.5639],[9.32341,47.56422],[9.324,47.56475],[9.32446,47.56544],[9.32475,47.56601],[9.32482,47.56636],[9.32469,47.56675],[9.32473,47.56714],[9.32539,47.56817],[9.32544,47.56893],[9.32528,47.56928],[9.32487,47.56966],[9.32472,47.56995],[9.32432,47.57043],[9.32385,47.57088],[9.32345,47.57109],[9.32283,47.57127],[9.32245,47.57153],[9.32192,47.57209],[9.32143,47.57226],[9.32109,47.5723],[9.32011,47.57233],[9.31979,47.57232],[9.31954,47.57228],[9.31903,47.57209],[9.31853,47.572],[9.31793,47.57199],[9.31705,47.572],[9.31642,47.57184],[9.31593,47.5716],[9.31545,47.57138],[9.31544,47.57137],[9.315,47.57118],[9.31477,47.5711],[9.31453,47.57105],[9.31427,47.57103],[9.31377,47.5711],[9.31276,47.57164],[9.31225,47.57173],[9.31143,47.57159],[9.30924,47.5707],[9.30903,47.5706],[9.30891,47.57052],[9.30867,47.5704],[9.30843,47.57025],[9.30747,47.56958],[9.30728,47.56947],[9.30706,47.56938],[9.30682,47.56932],[9.30657,47.5693],[9.30631,47.56931],[9.30607,47.56935],[9.30584,47.56943],[9.30563,47.56953],[9.30546,47.56965],[9.30523,47.56996],[9.30519,47.57013],[9.30519,47.5703],[9.30525,47.57047],[9.30536,47.57074],[9.30567,47.57132],[9.30587,47.57166],[9.30588,47.57168],[9.30607,47.57201],[9.30629,47.57228],[9.3071,47.57281],[9.30764,47.57357],[9.30766,47.57392],[9.30748,47.57425],[9.30663,47.57491],[9.30645,47.57509],[9.30634,47.57529],[9.30628,47.57545],[9.30626,47.57549],[9.30609,47.57602],[9.30601,47.57631],[9.30594,47.57649],[9.30584,47.57662],[9.30569,47.57677],[9.30554,47.5769],[9.30524,47.5771],[9.30486,47.5773],[9.30446,47.57747],[9.30417,47.57753],[9.30383,47.57756],[9.30307,47.57757],[9.30305,47.57757],[9.3023,47.57757],[9.30227,47.57757],[9.30144,47.57756],[9.3014,47.57756],[9.3008,47.57755],[9.30048,47.57752],[9.30002,47.57737],[9.29956,47.57695],[9.29948,47.57674],[9.29909,47.57489],[9.29883,47.57408],[9.29888,47.57359],[9.29872,47.57326],[9.29839,47.57296],[9.29818,47.57263],[9.29818,47.5722],[9.29834,47.57191],[9.29896,47.57137],[9.29912,47.57105],[9.29913,47.57089],[9.2991,47.57072],[9.29902,47.57056],[9.29889,47.57041],[9.29873,47.57028],[9.29827,47.57003],[9.29811,47.5699],[9.29773,47.56941],[9.29764,47.5692],[9.29766,47.56884],[9.2979,47.56841],[9.29794,47.56809],[9.29771,47.56749],[9.29742,47.56721],[9.29701,47.56703],[9.29621,47.56695],[9.29575,47.56685],[9.29537,47.56665],[9.29512,47.56636],[9.29505,47.56616],[9.29482,47.56515],[9.29464,47.56482]]]},"properties":{"bfs_nr":4416,"name":"Hefenhofen"}},{"type":"Feature","geometry":{"type":"Polygon","coordinates":[[[9.44922,47.49945],[9.44869,47.49877],[9.44851,47.49838],[9.44858,47.49801],[9.44886,47.4977],[9.44963,47.49729],[9.44992,47.49698],[9.45002,47.49663],[9.4499,47.49628],[9.44876,47.49457],[9.44863,47.49404],[9.44893,47.49359],[9.44948,47.49322],[9.44976,47.49257],[9.45003,47.49226],[9.45077,47.49198],[9.45196,47.49184],[9.45246,47.49171],[9.45284,47.49146],[9.45305,47.49113],[9.45307,47.49072],[9.45321,47.49039],[9.45352,47.49012],[9.45427,47.4899],[9.45619,47.4897],[9.45832,47.48934],[9.45905,47.48932],[9.4596,47.48923],[9.46124,47.4887],[9.46184,47.4886],[9.46238,47.48867],[9.46309,47.48885],[9.46363,47.4888],[9.4644,47.48852],[9.46493,47.48814],[9.46506,47.4878],[9.46499,47.48745],[9.46442,47.48676],[9.46432,47.48634],[9.46446,47.48573],[9.46468,47.48542],[9.46505,47.48519],[9.46577,47.48506],[9.46626,47.48513],[9.47086,47.48707],[9.47416,47.48842],[9.47516,47.48886],[9.47557,47.48912],[9.47578,47.48942],[9.4758,47.48976],[9.47564,47.49008],[9.47532,47.49034],[9.47476,47.49058],[9.47389,47.49085],[9.47288,47.49137],[9.47202,47.49193],[9.47123,47.49235],[9.47065,47.493],[9.46976,47.49361],[9.46917,47.49388],[9.46887,47.49418],[9.46852,47.49481],[9.4674,47.49537],[9.46706,47.49578],[9.46665,47.49607],[9.46596,47.49638],[9.46529,47.49659],[9.46445,47.4967],[9.46332,47.49668],[9.46245,47.4968],[9.46179,47.49676],[9.46133,47.49685],[9.4586,47.4977],[9.45773,47.49805],[9.45727,47.49813],[9.45646,47.4985],[9.4548,47.49917],[9.45384,47.49934],[9.45344,47.49957],[9.4531,47.49997],[9.45249,47.5003],[9.4508,47.50061],[9.45026,47.50056],[9.4498,47.50038],[9.44948,47.50009],[9.44922,47.49945]]]},"properties":{"bfs_nr":4421,"name":"Horn"}},{"type":"Feature","geometry":{"type":"Polygon","coordinates":[[[9.2976,47.57874],[9.29781,47.57828],[9.29834,47.57772],[9.2988,47.57754],[9.29932,47.57749],[9.29982,47.57753],[9.30018,47.57753],[9.30077,47.57755],[9.30142,47.57756],[9.30145,47.57756],[9.30228,47.57757],[9.30231,47.57757],[9.30306,47.57757],[9.30307,47.57757],[9.3039,47.57756],[9.30417,47.57754],[9.30443,47.57748],[9.30451,47.57745],[9.30479,47.57734],[9.30529,47.57707],[9.30549,47.57694],[9.30572,47.57674],[9.30585,47.57662],[9.30594,47.57649],[9.306,47.57635],[9.30609,47.57603],[9.3061,47.57601],[9.30626,47.5755],[9.30628,47.57544],[9.30632,47.57534],[9.30646,47.57509],[9.30669,47.57487],[9.3076,47.57419],[9.30788,47.57389],[9.30819,47.5733],[9.30858,47.57306],[9.30907,47.57295],[9.31005,47.57298],[9.31096,47.57326],[9.31207,47.57349],[9.31249,47.57373],[9.31283,47.57404],[9.31295,47.57422],[9.31315,47.57466],[9.31363,47.57535],[9.3137,47.57567],[9.31358,47.5763],[9.31337,47.57692],[9.31338,47.5771],[9.31343,47.57739],[9.31342,47.57762],[9.31339,47.57789],[9.31347,47.57824],[9.31374,47.57854],[9.31477,47.57904],[9.31504,47.57952],[9.31498,47.57994],[9.31512,47.58057],[9.31538,47.58086],[9.31577,47.58106],[9.31662,47.5813],[9.31713,47.58134],[9.31789,47.58118],[9.31866,47.58124],[9.31925,47.58157],[9.31958,47.58197],[9.3198,47.58215],[9.3205,47.58275],[9.32075,47.58296],[9.32093,47.58308],[9.32139,47.58325],[9.32165,47.58329],[9.32191,47.58329],[9.32217,47.58326],[9.32241,47.58319],[9.32263,47.58309],[9.32353,47.5826],[9.32443,47.58209],[9.32445,47.58209],[9.32462,47.58199],[9.3249,47.58187],[9.32514,47.5818],[9.32565,47.58177],[9.32615,47.58188],[9.32668,47.58225],[9.32709,47.58283],[9.32805,47.58355],[9.32824,47.58373],[9.32835,47.58389],[9.32842,47.58424],[9.32816,47.58473],[9.32747,47.58525],[9.32735,47.58541],[9.32725,47.58574],[9.32739,47.58626],[9.32732,47.58677],[9.32745,47.58715],[9.32841,47.58814],[9.32862,47.58828],[9.32947,47.58867],[9.32997,47.58919],[9.33038,47.58945],[9.33058,47.58963],[9.33069,47.58978],[9.33108,47.59068],[9.33111,47.59107],[9.33091,47.59142],[9.3302,47.59185],[9.32973,47.59201],[9.32915,47.59234],[9.32772,47.59291],[9.32662,47.5934],[9.32623,47.59367],[9.32531,47.59405],[9.3248,47.59446],[9.32423,47.59468],[9.3237,47.59503],[9.32321,47.59547],[9.32245,47.5958],[9.32209,47.59608],[9.32113,47.5967],[9.32057,47.59714],[9.31915,47.59759],[9.31733,47.5988],[9.31665,47.59936],[9.3156,47.60009],[9.31488,47.60047],[9.31442,47.6006],[9.31392,47.6006],[9.31346,47.60048],[9.31233,47.59967],[9.31181,47.59952],[9.3112,47.59949],[9.31059,47.59936],[9.31002,47.5994],[9.30947,47.59954],[9.30892,47.59955],[9.30842,47.5994],[9.30816,47.59924],[9.30759,47.59882],[9.30715,47.59861],[9.30662,47.59853],[9.30606,47.59858],[9.30553,47.59855],[9.30507,47.59837],[9.30417,47.59759],[9.30328,47.5966],[9.30257,47.59582],[9.30218,47.59539],[9.30204,47.59527],[9.30198,47.59522],[9.30183,47.59512],[9.30076,47.5945],[9.30052,47.59419],[9.30047,47.59385],[9.30061,47.59351],[9.30094,47.59324],[9.30136,47.59305],[9.30145,47.59301],[9.30155,47.59296],[9.30165,47.5929],[9.30172,47.59285],[9.30282,47.59212],[9.30399,47.59133],[9.30429,47.59103],[9.30439,47.59067],[9.30436,47.5905],[9.30427,47.59032],[9.30414,47.59017],[9.30382,47.58986],[9.30318,47.58925],[9.30287,47.58896],[9.30269,47.58874],[9.30258,47.58853],[9.30213,47.5881],[9.30184,47.58789],[9.30181,47.58786],[9.30138,47.58747],[9.30117,47.58727],[9.30111,47.58721],[9.30102,47.58712],[9.30102,47.58711],[9.30101,47.5871],[9.30094,47.58703],[9.3005,47.5865],[9.30027,47.58624],[9.29988,47.58583],[9.2997,47.58567],[9.29916,47.58496],[9.29904,47.58474],[9.29885,47.58312],[9.29881,47.58295],[9.29866,47.5826],[9.29854,47.58231],[9.29848,47.5821],[9.29842,47.58178],[9.29841,47.58161],[9.29851,47.58092],[9.29843,47.58034],[9.2981,47.57973],[9.29767,47.57919],[9.2976,47.57874]]]},"properties":{"bfs_nr":4426,"name":"Kesswil"}},{"type":"Feature","geometry":{"type":"Polygon","coordinates":[[[9.366,47.50284],[9.3657,47.50251],[9.36549,47.50211],[9.36554,47.50175],[9.3658,47.50142],[9.36688,47.50081],[9.36738,47.5007],[9.36814,47.5008],[9.36867,47.50102],[9.36913,47.5011],[9.37019,47.5011],[9.37196,47.5009],[9.37242,47.50079],[9.37311,47.50051],[9.37368,47.50036],[9.37408,47.50016],[9.37435,47.49985],[9.37444,47.49948],[9.37436,47.49861],[9.3744,47.49836],[9.37424,47.49773],[9.37436,47.49698],[9.37424,47.49649],[9.37423,47.49604],[9.37404,47.49534],[9.37363,47.49482],[9.3729,47.49442],[9.37184,47.49426],[9.37055,47.49435],[9.37003,47.49428],[9.36942,47.49394],[9.36896,47.49329],[9.36872,47.4928],[9.36867,47.49246],[9.36881,47.49212],[9.36941,47.49172],[9.37162,47.49089],[9.37185,47.49078],[9.37226,47.49031],[9.37227,47.48994],[9.37206,47.4896],[9.37162,47.48927],[9.37115,47.48908],[9.37036,47.48902],[9.36983,47.48888],[9.36854,47.48822],[9.36818,47.48795],[9.36752,47.48699],[9.36702,47.48645],[9.36683,47.48608],[9.36688,47.48573],[9.36711,47.48541],[9.368,47.48497],[9.36874,47.48495],[9.37033,47.48536],[9.37078,47.48542],[9.37169,47.4854],[9.37273,47.48544],[9.37343,47.48573],[9.37409,47.48645],[9.37511,47.48701],[9.37624,47.48719],[9.37728,47.48715],[9.37786,47.48719],[9.37929,47.48715],[9.37976,47.48697],[9.38009,47.48669],[9.38023,47.48634],[9.38018,47.48593],[9.38025,47.48559],[9.38071,47.48517],[9.38185,47.48468],[9.38216,47.48442],[9.38232,47.48413],[9.38264,47.48383],[9.38351,47.48343],[9.38375,47.48325],[9.38462,47.48236],[9.38532,47.48203],[9.38583,47.48198],[9.38686,47.48208],[9.38763,47.482],[9.38845,47.48173],[9.38889,47.48146],[9.38976,47.48064],[9.39061,47.47957],[9.39117,47.47914],[9.39145,47.47884],[9.39149,47.47831],[9.39128,47.47769],[9.39148,47.47714],[9.3922,47.47661],[9.39305,47.47613],[9.39345,47.47597],[9.39472,47.47582],[9.39522,47.47583],[9.39568,47.47596],[9.39616,47.47635],[9.39648,47.47731],[9.39675,47.47759],[9.39716,47.47779],[9.3983,47.47807],[9.39907,47.47813],[9.39973,47.47839],[9.40044,47.47912],[9.40065,47.47969],[9.40059,47.48008],[9.40074,47.48045],[9.40105,47.48078],[9.40113,47.48134],[9.40073,47.48232],[9.4007,47.48267],[9.40087,47.483],[9.40148,47.4834],[9.4018,47.48371],[9.4019,47.48395],[9.40196,47.48479],[9.4018,47.48513],[9.40131,47.48557],[9.40114,47.4861],[9.4013,47.48645],[9.40166,47.48673],[9.40288,47.48715],[9.40352,47.48753],[9.40371,47.48787],[9.40373,47.48849],[9.40397,47.48882],[9.40445,47.48912],[9.40477,47.48948],[9.40541,47.4907],[9.40577,47.49125],[9.40583,47.49175],[9.40619,47.49235],[9.40625,47.49304],[9.40648,47.49334],[9.40687,47.49356],[9.40736,47.49367],[9.40786,47.49365],[9.40874,47.49343],[9.40932,47.49343],[9.40981,47.49358],[9.41018,47.49386],[9.41068,47.49469],[9.41207,47.49571],[9.41266,47.49593],[9.413,47.49622],[9.41327,47.49682],[9.41351,47.49715],[9.41392,47.49739],[9.41443,47.49749],[9.41534,47.49746],[9.41584,47.49756],[9.41626,47.49774],[9.41776,47.49821],[9.4186,47.49868],[9.41884,47.49897],[9.41892,47.49932],[9.41897,47.49946],[9.41922,47.49992],[9.4193,47.50014],[9.41931,47.50032],[9.41918,47.50067],[9.41903,47.50082],[9.41863,47.50105],[9.41838,47.50112],[9.41785,47.50119],[9.41776,47.50121],[9.41768,47.50122],[9.41759,47.50124],[9.4175,47.50126],[9.41742,47.50128],[9.41734,47.50131],[9.41451,47.5022],[9.41423,47.50227],[9.41377,47.5023],[9.41322,47.50221],[9.4123,47.5022],[9.41169,47.50205],[9.41118,47.50203],[9.41049,47.50224],[9.4101,47.50254],[9.40958,47.5032],[9.40926,47.50349],[9.40881,47.50398],[9.4081,47.50482],[9.40789,47.50534],[9.40766,47.50566],[9.40732,47.50594],[9.40694,47.50638],[9.40622,47.50741],[9.40623,47.50776],[9.40643,47.50808],[9.40681,47.50833],[9.40749,47.50864],[9.40799,47.50918],[9.40831,47.50965],[9.40841,47.50986],[9.40832,47.51039],[9.40802,47.51068],[9.40749,47.51098],[9.40717,47.51144],[9.40728,47.51196],[9.40758,47.51223],[9.40802,47.51242],[9.40852,47.51247],[9.40934,47.51239],[9.41002,47.51243],[9.41046,47.51256],[9.41106,47.51291],[9.41171,47.51313],[9.41207,47.51335],[9.4122,47.51349],[9.41234,47.5138],[9.41228,47.51455],[9.41222,47.51478],[9.41211,47.51496],[9.41191,47.51515],[9.41178,47.51526],[9.41151,47.51545],[9.41146,47.51549],[9.41115,47.51575],[9.411,47.5159],[9.41085,47.51644],[9.41105,47.51687],[9.41137,47.51722],[9.41203,47.51756],[9.41228,47.51784],[9.41252,47.51858],[9.41233,47.5191],[9.41196,47.51937],[9.40997,47.52008],[9.40872,47.52045],[9.40698,47.52115],[9.40652,47.52126],[9.40609,47.52137],[9.40601,47.52139],[9.40591,47.52141],[9.40583,47.52143],[9.40538,47.52152],[9.40536,47.52152],[9.40457,47.52167],[9.40432,47.52173],[9.40348,47.52203],[9.40282,47.52221],[9.40262,47.52232],[9.40245,47.52245],[9.40232,47.52259],[9.40223,47.52276],[9.40219,47.52293],[9.4022,47.5231],[9.40226,47.52327],[9.40236,47.52343],[9.40294,47.52411],[9.40349,47.52492],[9.4035,47.52561],[9.40311,47.52603],[9.40254,47.5263],[9.40203,47.52667],[9.40153,47.52712],[9.40105,47.52728],[9.40043,47.52731],[9.39972,47.52744],[9.39844,47.52762],[9.39822,47.52764],[9.39789,47.52766],[9.39774,47.52767],[9.39696,47.52776],[9.39618,47.52805],[9.39584,47.52812],[9.39583,47.52812],[9.39545,47.52813],[9.39531,47.52814],[9.39516,47.52815],[9.39445,47.52823],[9.39289,47.52833],[9.3924,47.52831],[9.39177,47.52817],[9.39087,47.52789],[9.39057,47.52777],[9.39021,47.52749],[9.39007,47.52728],[9.38968,47.52645],[9.38952,47.52622],[9.38888,47.52559],[9.38822,47.52522],[9.38798,47.52492],[9.38793,47.52458],[9.38817,47.52403],[9.38814,47.52365],[9.38753,47.52208],[9.38746,47.52176],[9.38746,47.52167],[9.38748,47.52147],[9.38754,47.52131],[9.38791,47.52079],[9.38793,47.52044],[9.38774,47.52011],[9.38732,47.51974],[9.38707,47.51936],[9.38674,47.51913],[9.38623,47.51894],[9.38584,47.51869],[9.3857,47.51852],[9.38563,47.51839],[9.38559,47.51821],[9.38556,47.518],[9.38555,47.51798],[9.38546,47.51743],[9.38545,47.51741],[9.38528,47.51653],[9.38527,47.51647],[9.38522,47.51612],[9.38523,47.51588],[9.3854,47.51553],[9.38602,47.51517],[9.38681,47.51502],[9.38724,47.51483],[9.38753,47.51455],[9.38761,47.51439],[9.38764,47.51421],[9.38768,47.51324],[9.38785,47.51254],[9.38769,47.51219],[9.38695,47.51157],[9.38674,47.51117],[9.38645,47.51092],[9.38563,47.51051],[9.38478,47.51021],[9.38419,47.51004],[9.38364,47.5098],[9.38315,47.50973],[9.38231,47.50982],[9.38152,47.50972],[9.3813,47.50972],[9.38075,47.50973],[9.37957,47.51001],[9.37888,47.51003],[9.37837,47.51016],[9.37799,47.51042],[9.37774,47.51069],[9.37737,47.51091],[9.3769,47.51103],[9.37641,47.51102],[9.37597,47.51091],[9.37497,47.51086],[9.37468,47.51091],[9.37453,47.51095],[9.37423,47.51101],[9.37392,47.51102],[9.37359,47.51102],[9.37325,47.511],[9.37276,47.51085],[9.37239,47.51059],[9.37225,47.51038],[9.37193,47.50978],[9.37161,47.50953],[9.37108,47.5093],[9.3706,47.50888],[9.37038,47.50815],[9.36982,47.50764],[9.36968,47.50747],[9.36958,47.50724],[9.36937,47.50655],[9.36931,47.50639],[9.3689,47.50568],[9.36878,47.50553],[9.36842,47.50527],[9.36777,47.50507],[9.36736,47.50482],[9.36686,47.50411],[9.36628,47.50351],[9.36612,47.50301],[9.366,47.50284]]]},"properties":{"bfs_nr":4431,"name":"Roggwil (TG)"}},{"type":"Feature","geometry":{"type":"Polygon","coordinates":[[[9.32643,47.56201],[9.32661,47.5617],[9.32665,47.56162],[9.32682,47.56118],[9.32684,47.56112],[9.32703,47.56051],[9.32741,47.55949],[9.32745,47.55931],[9.32743,47.55913],[9.32728,47.55845],[9.32711,47.55804],[9.32712,47.55769],[9.32749,47.55724],[9.32792,47.55705],[9.32842,47.55698],[9.32896,47.55701],[9.33013,47.557],[9.33059,47.55693],[9.33099,47.55676],[9.33167,47.55626],[9.33189,47.55598],[9.33195,47.55566],[9.33171,47.55483],[9.33178,47.55451],[9.33207,47.55397],[9.33199,47.55318],[9.332,47.55274],[9.33219,47.55217],[9.33251,47.55152],[9.33285,47.55124],[9.33333,47.55108],[9.33412,47.55111],[9.33465,47.55133],[9.33511,47.55142],[9.33595,47.55139],[9.33674,47.55111],[9.33735,47.55102],[9.33785,47.55109],[9.33838,47.55129],[9.33893,47.55138],[9.33954,47.55134],[9.34056,47.55136],[9.34137,47.55116],[9.34181,47.5511],[9.342,47.55105],[9.34225,47.55097],[9.34257,47.55091],[9.34282,47.55089],[9.34307,47.55085],[9.344,47.5507],[9.34447,47.5506],[9.34563,47.55064],[9.34615,47.55052],[9.34684,47.55026],[9.34804,47.55005],[9.34896,47.55009],[9.3501,47.55009],[9.35058,47.55002],[9.35111,47.54981],[9.35159,47.54971],[9.3525,47.5497],[9.35304,47.54979],[9.35347,47.55002],[9.35381,47.55046],[9.35384,47.55083],[9.35359,47.55143],[9.35354,47.55185],[9.3533,47.55221],[9.3532,47.55254],[9.3533,47.55287],[9.35357,47.55316],[9.35398,47.55336],[9.35494,47.55365],[9.35501,47.55367],[9.35534,47.55376],[9.35558,47.5538],[9.35752,47.55381],[9.35834,47.55367],[9.35886,47.55371],[9.35943,47.5539],[9.35968,47.55394],[9.36069,47.55381],[9.3618,47.55376],[9.36231,47.5539],[9.3631,47.55429],[9.3634,47.55458],[9.3638,47.55518],[9.36403,47.5558],[9.36456,47.55617],[9.36529,47.55628],[9.36588,47.5562],[9.36672,47.55623],[9.36738,47.5561],[9.36873,47.55595],[9.3695,47.55602],[9.37014,47.55595],[9.37068,47.55603],[9.37135,47.55622],[9.37182,47.55633],[9.3722,47.55643],[9.37228,47.55645],[9.37303,47.55661],[9.37314,47.55663],[9.37318,47.55664],[9.37333,47.55666],[9.37346,47.55666],[9.3737,47.55666],[9.37393,47.55662],[9.37513,47.55616],[9.37565,47.55608],[9.37624,47.55616],[9.37716,47.55637],[9.37778,47.55634],[9.37849,47.55617],[9.37914,47.55615],[9.38005,47.55629],[9.38051,47.55647],[9.38091,47.55692],[9.38098,47.55738],[9.3814,47.55923],[9.38164,47.56002],[9.38206,47.56076],[9.38235,47.56107],[9.38275,47.56132],[9.38352,47.5615],[9.38399,47.56174],[9.3843,47.56206],[9.3844,47.56236],[9.38438,47.56312],[9.38431,47.56349],[9.384,47.56402],[9.3833,47.56483],[9.38312,47.56527],[9.38313,47.56566],[9.38332,47.56596],[9.38368,47.56622],[9.38486,47.56677],[9.38522,47.56727],[9.38528,47.56819],[9.38538,47.56881],[9.38523,47.56914],[9.38519,47.56966],[9.38502,47.57],[9.38467,47.57026],[9.3842,47.57042],[9.38334,47.57053],[9.38231,47.57086],[9.38195,47.57111],[9.38157,47.57189],[9.38095,47.57228],[9.38015,47.57249],[9.37969,47.57252],[9.37862,47.57274],[9.37767,47.57314],[9.37724,47.57339],[9.37676,47.57378],[9.37601,47.57406],[9.37524,47.57429],[9.37454,47.57444],[9.37389,47.57448],[9.3723,47.5747],[9.37176,47.57491],[9.37095,47.57512],[9.36993,47.57566],[9.36933,47.57586],[9.36847,47.57626],[9.3678,47.57672],[9.36725,47.577],[9.36608,47.57742],[9.36513,47.57797],[9.36327,47.57869],[9.36217,47.57918],[9.36146,47.57936],[9.35986,47.58001],[9.35881,47.58032],[9.35831,47.58033],[9.35784,47.58021],[9.35733,47.57984],[9.35719,47.57918],[9.35702,47.57887],[9.35658,47.57851],[9.35572,47.57792],[9.3555,47.57762],[9.35546,47.57729],[9.35555,47.57693],[9.35547,47.57661],[9.35506,47.57621],[9.35451,47.57591],[9.35421,47.57571],[9.35242,47.5742],[9.35226,47.57403],[9.35216,47.57388],[9.35198,47.57334],[9.35164,47.57294],[9.3513,47.57272],[9.35056,47.57245],[9.34982,47.57224],[9.34897,47.57191],[9.34842,47.57154],[9.34795,47.57139],[9.34743,47.57136],[9.34694,47.57148],[9.34605,47.57198],[9.34555,47.57218],[9.34504,47.57223],[9.34479,47.5722],[9.34432,47.57205],[9.34398,47.57179],[9.34385,47.57159],[9.34355,47.57097],[9.3434,47.57081],[9.3433,47.57074],[9.34293,47.57048],[9.34133,47.56905],[9.33986,47.56811],[9.33972,47.56796],[9.33961,47.56775],[9.33938,47.56712],[9.3393,47.56697],[9.33918,47.56683],[9.33903,47.56671],[9.33885,47.5666],[9.33865,47.56652],[9.33752,47.56617],[9.33722,47.56605],[9.33603,47.56549],[9.33584,47.56539],[9.33499,47.56488],[9.33491,47.56483],[9.33435,47.56446],[9.33392,47.56427],[9.33341,47.5642],[9.33296,47.56425],[9.33249,47.56428],[9.33091,47.56424],[9.33055,47.56426],[9.32982,47.56438],[9.32938,47.56446],[9.32885,47.56445],[9.32838,47.5643],[9.32813,47.56415],[9.32766,47.56382],[9.32689,47.56335],[9.32639,47.56264],[9.32634,47.56225],[9.32643,47.56201]]]},"properties":{"bfs_nr":4436,"name":"Romanshorn"}},{"type":"Feature","geometry":{"type":"Polygon","coordinates":[[[9.32495,47.54359],[9.32487,47.54318],[9.32502,47.54283],[9.32537,47.54256],[9.32584,47.54239],[9.32712,47.54233],[9.32763,47.54246],[9.32828,47.54292],[9.32871,47.54308],[9.32938,47.54318],[9.32986,47.54336],[9.33082,47.54405],[9.33126,47.54423],[9.33199,47.54435],[9.33317,47.5444],[9.3344,47.5446],[9.33483,47.54477],[9.33526,47.54505],[9.33572,47.54519],[9.33712,47.54541],[9.33734,47.54543],[9.33794,47.54543],[9.33838,47.54551],[9.33967,47.54587],[9.34033,47.54614],[9.34061,47.54621],[9.34091,47.54623],[9.34272,47.54622],[9.34363,47.54625],[9.34387,47.54627],[9.34412,47.54631],[9.34464,47.54644],[9.3449,47.54648],[9.34593,47.54658],[9.34617,47.54659],[9.3484,47.54654],[9.34926,47.54657],[9.35172,47.54684],[9.35497,47.54713],[9.35513,47.54713],[9.35528,47.54713],[9.35551,47.54712],[9.35586,47.54708],[9.3559,47.54708],[9.35713,47.54691],[9.35801,47.54677],[9.35829,47.54671],[9.35836,47.54668],[9.35855,47.54661],[9.3589,47.54645],[9.35911,47.54639],[9.36064,47.54598],[9.36159,47.54579],[9.36299,47.54557],[9.36302,47.54557],[9.36324,47.54553],[9.36329,47.54552],[9.36353,47.54549],[9.36357,47.54548],[9.36381,47.54547],[9.36389,47.54546],[9.36419,47.54547],[9.36539,47.54579],[9.36583,47.54601],[9.36626,47.54641],[9.3673,47.54708],[9.36871,47.54751],[9.36908,47.54772],[9.36974,47.54824],[9.36999,47.54854],[9.37012,47.54893],[9.3704,47.54925],[9.37086,47.54947],[9.37155,47.54961],[9.37179,47.54967],[9.37245,47.54988],[9.373,47.54998],[9.37346,47.55018],[9.37394,47.55067],[9.37415,47.55081],[9.37455,47.55099],[9.3747,47.55107],[9.37476,47.5511],[9.37483,47.55114],[9.37492,47.55118],[9.37535,47.55135],[9.37538,47.55136],[9.37599,47.5516],[9.37613,47.55165],[9.37625,47.55168],[9.37637,47.55171],[9.37658,47.55175],[9.3767,47.55177],[9.37719,47.55185],[9.37726,47.55185],[9.37741,47.55187],[9.37855,47.55196],[9.38019,47.55226],[9.3806,47.55247],[9.38093,47.55293],[9.38091,47.55328],[9.38044,47.55402],[9.38032,47.55437],[9.38052,47.5549],[9.38057,47.55525],[9.38032,47.55574],[9.37997,47.55599],[9.3795,47.55612],[9.37872,47.55613],[9.37846,47.55617],[9.37778,47.55634],[9.37715,47.55636],[9.37618,47.55614],[9.37565,47.55608],[9.37513,47.55616],[9.37393,47.55662],[9.3737,47.55665],[9.37342,47.55666],[9.37316,47.55664],[9.373,47.55661],[9.3723,47.55645],[9.37218,47.55642],[9.3718,47.55632],[9.37133,47.55621],[9.37072,47.55604],[9.37042,47.55593],[9.37015,47.55585],[9.36959,47.55582],[9.36719,47.55612],[9.36631,47.55602],[9.36563,47.55599],[9.36513,47.55585],[9.36463,47.55543],[9.36444,47.55492],[9.36388,47.55412],[9.36346,47.55389],[9.36253,47.5537],[9.36201,47.55368],[9.36063,47.5538],[9.35984,47.55391],[9.35935,47.55386],[9.35845,47.55355],[9.35791,47.55351],[9.35705,47.5537],[9.35561,47.55379],[9.35519,47.55372],[9.35503,47.55368],[9.35492,47.55365],[9.3544,47.55349],[9.35413,47.55338],[9.35367,47.55299],[9.35357,47.55266],[9.35366,47.55233],[9.35397,47.55188],[9.35398,47.5515],[9.35385,47.55113],[9.35393,47.55051],[9.35358,47.54997],[9.35298,47.54967],[9.35249,47.54962],[9.35133,47.5497],[9.35019,47.55005],[9.34896,47.55008],[9.34804,47.55005],[9.34663,47.55029],[9.34614,47.55047],[9.34565,47.55053],[9.34499,47.55049],[9.34393,47.55071],[9.34335,47.55079],[9.34296,47.55087],[9.34272,47.55089],[9.3425,47.55092],[9.34216,47.55099],[9.34171,47.55111],[9.34118,47.55118],[9.3407,47.55131],[9.33969,47.55131],[9.33901,47.55137],[9.33852,47.55131],[9.33796,47.55109],[9.3374,47.55101],[9.33684,47.55107],[9.33578,47.55134],[9.33516,47.55129],[9.33469,47.55112],[9.33434,47.55081],[9.33421,47.55046],[9.33421,47.5501],[9.33406,47.54978],[9.33352,47.5492],[9.33344,47.54872],[9.33322,47.54832],[9.33262,47.54798],[9.33211,47.54791],[9.33187,47.54791],[9.33151,47.54791],[9.33147,47.54792],[9.33071,47.54794],[9.33064,47.54794],[9.32991,47.54799],[9.32987,47.54799],[9.32678,47.54825],[9.32629,47.54817],[9.32588,47.54797],[9.32561,47.54769],[9.32554,47.54718],[9.32566,47.54669],[9.32545,47.54511],[9.32525,47.54469],[9.32511,47.54409],[9.32495,47.54359]]]},"properties":{"bfs_nr":4441,"name":"Salmsach"}},{"type":"Feature","geometry":{"type":"Polygon","coordinates":[[[9.26449,47.56947],[9.2648,47.5688],[9.26531,47.56832],[9.26633,47.568],[9.26796,47.56784],[9.26862,47.56765],[9.26925,47.56722],[9.26973,47.56709],[9.27036,47.56707],[9.27081,47.56696],[9.27142,47.56662],[9.27217,47.56647],[9.27279,47.56651],[9.27351,47.56632],[9.27385,47.56606],[9.27421,47.56551],[9.27461,47.56527],[9.27513,47.56515],[9.27547,47.56515],[9.27609,47.56521],[9.27635,47.56522],[9.27661,47.56519],[9.27686,47.56513],[9.27709,47.56504],[9.27728,47.56492],[9.27744,47.56477],[9.27778,47.56423],[9.2781,47.56397],[9.2783,47.56388],[9.27878,47.56378],[9.27909,47.56378],[9.27976,47.56382],[9.28056,47.5639],[9.2808,47.56391],[9.28128,47.56383],[9.28191,47.56349],[9.28233,47.56333],[9.2828,47.56329],[9.28404,47.56345],[9.2843,47.56348],[9.28456,47.56346],[9.28481,47.56341],[9.28525,47.56322],[9.28642,47.56214],[9.28721,47.56172],[9.28737,47.56158],[9.28748,47.56142],[9.28755,47.56125],[9.28761,47.56101],[9.28786,47.56068],[9.28854,47.56038],[9.28928,47.56024],[9.28965,47.56003],[9.28988,47.55973],[9.29001,47.55934],[9.29027,47.55902],[9.29047,47.5589],[9.2907,47.55881],[9.29122,47.55873],[9.29228,47.55882],[9.29317,47.55867],[9.29532,47.55875],[9.29612,47.55896],[9.29656,47.5594],[9.29676,47.56017],[9.29674,47.56048],[9.29666,47.56066],[9.29622,47.56139],[9.29606,47.56159],[9.29568,47.56184],[9.29496,47.56208],[9.29452,47.56248],[9.29443,47.5628],[9.29453,47.56323],[9.29453,47.56344],[9.29436,47.56454],[9.29451,47.56505],[9.29484,47.56543],[9.29493,47.56565],[9.29507,47.56626],[9.29513,47.56643],[9.2954,47.56673],[9.29581,47.56694],[9.29659,47.56704],[9.2971,47.56717],[9.29748,47.56742],[9.29772,47.56786],[9.2977,47.56829],[9.2975,47.56869],[9.29752,47.56904],[9.29774,47.56943],[9.29797,47.56976],[9.29809,47.5699],[9.29824,47.57003],[9.29873,47.57029],[9.29901,47.57056],[9.29912,47.57089],[9.29911,47.57105],[9.29895,47.57137],[9.29839,47.57185],[9.29813,47.57216],[9.29813,47.57269],[9.29859,47.57325],[9.2987,47.57376],[9.29911,47.57511],[9.29939,47.57637],[9.29938,47.57675],[9.29902,47.57719],[9.29825,47.57765],[9.29767,47.57846],[9.29756,47.57881],[9.29732,47.57911],[9.2963,47.57979],[9.29582,47.57993],[9.29511,47.57995],[9.29414,47.57975],[9.29406,47.57973],[9.29353,47.57964],[9.29323,47.57961],[9.29294,47.57962],[9.29218,47.57972],[9.29168,47.57963],[9.29146,47.57953],[9.29112,47.5793],[9.29097,47.57917],[9.29056,47.57885],[9.29039,47.57874],[9.28996,47.57858],[9.28947,47.57854],[9.289,47.57863],[9.28832,47.57892],[9.28812,47.57903],[9.28795,47.57917],[9.28782,47.57932],[9.28767,47.57972],[9.28747,47.58006],[9.28736,47.58028],[9.28716,47.5806],[9.287,47.5808],[9.28683,47.58094],[9.2864,47.58113],[9.28582,47.5812],[9.28429,47.58123],[9.28402,47.58121],[9.28392,47.58119],[9.28355,47.58111],[9.28262,47.58084],[9.28246,47.5808],[9.28174,47.58065],[9.28131,47.58062],[9.28109,47.58064],[9.28087,47.58067],[9.28063,47.58072],[9.2804,47.5808],[9.28021,47.58091],[9.2797,47.58136],[9.27922,47.58169],[9.27878,47.58184],[9.27796,47.58192],[9.27745,47.58192],[9.27696,47.58181],[9.27609,47.58152],[9.27607,47.58152],[9.2758,47.5814],[9.27546,47.58115],[9.27529,47.58082],[9.27535,47.5802],[9.27524,47.57957],[9.27526,47.5781],[9.27517,47.57777],[9.2746,47.57727],[9.27448,47.57714],[9.27436,47.57695],[9.27409,47.57632],[9.274,47.57617],[9.27387,47.57603],[9.2737,47.57591],[9.2735,47.57581],[9.27328,47.57574],[9.27305,47.57569],[9.27281,47.57568],[9.27056,47.57569],[9.26997,47.5757],[9.26906,47.57571],[9.26875,47.5757],[9.26807,47.57548],[9.26754,47.57506],[9.2667,47.57468],[9.26528,47.57424],[9.26492,47.57398],[9.26474,47.57364],[9.26457,47.57262],[9.26471,47.57197],[9.26503,47.57129],[9.26491,47.57073],[9.26455,47.5704],[9.26435,47.57006],[9.26449,47.56947]]]},"properties":{"bfs_nr":4446,"name":"Sommeri"}},{"type":"Feature","geometry":{"type":"Polygon","coordinates":[[[9.3241,47.56481],[9.32365,47.56434],[9.32344,47.56382],[9.32369,47.56332],[9.32408,47.56308],[9.32458,47.56296],[9.32602,47.563],[9.32653,47.56315],[9.32763,47.5638],[9.32817,47.56419],[9.32837,47.56431],[9.3286,47.5644],[9.32885,47.56446],[9.32911,47.56448],[9.32938,47.56447],[9.32986,47.56437],[9.33046,47.56428],[9.331,47.56424],[9.33257,47.56428],[9.33288,47.56426],[9.33341,47.56421],[9.33392,47.56427],[9.3344,47.56449],[9.33493,47.56484],[9.33497,47.56487],[9.33587,47.56541],[9.33599,47.56548],[9.33727,47.56608],[9.33747,47.56615],[9.33859,47.56651],[9.33885,47.56661],[9.33918,47.56683],[9.33929,47.56697],[9.33939,47.56716],[9.33963,47.56779],[9.33972,47.56796],[9.33985,47.56811],[9.34137,47.56909],[9.34298,47.57052],[9.34353,47.57097],[9.34387,47.57163],[9.34398,47.57179],[9.34413,47.57193],[9.34432,47.57205],[9.34454,47.57214],[9.34479,47.57221],[9.34504,47.57223],[9.34556,47.57219],[9.346,47.57201],[9.34695,47.57148],[9.34744,47.57137],[9.34795,47.57139],[9.34841,47.57155],[9.34896,47.57192],[9.34979,47.57223],[9.35073,47.57253],[9.3511,47.5728],[9.35159,47.5733],[9.35205,47.57389],[9.35426,47.57575],[9.35446,47.57588],[9.35484,47.57609],[9.35507,47.57625],[9.35532,47.57655],[9.35537,47.57689],[9.35529,47.57731],[9.35541,47.57766],[9.35572,47.57795],[9.35612,47.5782],[9.35647,47.57852],[9.35659,47.57887],[9.3565,47.57922],[9.35628,47.57954],[9.35624,47.5799],[9.35641,47.58029],[9.35642,47.58063],[9.35625,47.58094],[9.35592,47.5812],[9.35347,47.58214],[9.35282,47.58242],[9.35008,47.58344],[9.34897,47.58377],[9.34765,47.58434],[9.34721,47.58464],[9.34645,47.5849],[9.34603,47.58515],[9.34572,47.58549],[9.34532,47.5857],[9.34478,47.5858],[9.34423,47.58579],[9.34372,47.58591],[9.3433,47.5861],[9.34219,47.5864],[9.3412,47.58693],[9.34059,47.58713],[9.34,47.5875],[9.33797,47.58826],[9.3371,47.58867],[9.33614,47.58925],[9.3347,47.58978],[9.33369,47.59021],[9.33286,47.59064],[9.33239,47.59077],[9.33164,47.59071],[9.33122,47.59052],[9.33092,47.59021],[9.33077,47.58986],[9.33059,47.58963],[9.33039,47.58945],[9.33,47.58914],[9.32943,47.5886],[9.32852,47.58819],[9.32768,47.58735],[9.32756,47.58701],[9.32753,47.58641],[9.32731,47.58587],[9.32742,47.58535],[9.32756,47.58519],[9.32814,47.58479],[9.3284,47.58447],[9.32845,47.5841],[9.32839,47.58392],[9.32828,47.58375],[9.32812,47.58361],[9.32776,47.58334],[9.32757,47.58316],[9.3274,47.58282],[9.32743,47.58246],[9.32796,47.58192],[9.32817,47.5814],[9.32804,47.58105],[9.32777,47.58073],[9.32768,47.58041],[9.32776,47.58009],[9.32823,47.5795],[9.32831,47.57918],[9.32822,47.57886],[9.32781,47.57842],[9.32769,47.57792],[9.32799,47.57745],[9.32908,47.57683],[9.32911,47.57681],[9.32922,47.57675],[9.3294,47.57662],[9.32964,47.5763],[9.32967,47.57593],[9.3296,47.57576],[9.32948,47.57559],[9.32932,47.57545],[9.32888,47.57514],[9.32885,47.57512],[9.32839,47.57481],[9.32786,47.57452],[9.32689,47.57439],[9.32657,47.57432],[9.32575,47.57408],[9.32546,47.57397],[9.32526,47.57386],[9.32466,47.57329],[9.32447,47.57298],[9.32436,47.57208],[9.32413,47.57173],[9.32415,47.57124],[9.32429,47.57096],[9.32437,47.57043],[9.32478,47.5699],[9.325,47.56957],[9.3253,47.56931],[9.32547,47.56898],[9.32542,47.5681],[9.32489,47.56722],[9.32494,47.56647],[9.3248,47.5659],[9.32441,47.56522],[9.3241,47.56481]]]},"properties":{"bfs_nr":4451,"name":"Uttwil"}},{"type":"Feature","geometry":{"type":"Polygon","coordinates":[[[9.24909,47.54167],[9.24947,47.54114],[9.24962,47.54079],[9.24995,47.54032],[9.25054,47.53993],[9.25079,47.53961],[9.2509,47.5391],[9.25113,47.53879],[9.2515,47.53857],[9.25208,47.53841],[9.2525,47.53819],[9.25276,47.53787],[9.25282,47.53756],[9.25335,47.53633],[9.25384,47.53556],[9.25392,47.53542],[9.25398,47.53525],[9.25392,47.53489],[9.25382,47.53472],[9.25367,47.53457],[9.25348,47.53445],[9.25326,47.53435],[9.25301,47.53429],[9.25239,47.53417],[9.25237,47.53417],[9.25217,47.53413],[9.25186,47.53404],[9.25164,47.53394],[9.2513,47.53367],[9.25113,47.53329],[9.25069,47.53257],[9.2507,47.53222],[9.25108,47.53175],[9.25152,47.53157],[9.25204,47.53151],[9.25236,47.53154],[9.25337,47.5317],[9.25352,47.53172],[9.25353,47.53172],[9.25377,47.53172],[9.254,47.5317],[9.2542,47.53167],[9.25457,47.53166],[9.25554,47.53175],[9.25594,47.53187],[9.25619,47.53193],[9.25632,47.53195],[9.25658,47.53197],[9.25684,47.53196],[9.25709,47.53191],[9.25747,47.53181],[9.25773,47.53178],[9.25807,47.53179],[9.25824,47.53181],[9.25853,47.53181],[9.25881,47.53178],[9.25901,47.53174],[9.25925,47.53172],[9.26029,47.53186],[9.26065,47.53199],[9.26086,47.53205],[9.2613,47.5321],[9.26247,47.53205],[9.26271,47.53199],[9.26293,47.53189],[9.26338,47.53162],[9.26389,47.53148],[9.26513,47.53139],[9.26563,47.53147],[9.2661,47.53168],[9.26637,47.53175],[9.26665,47.53179],[9.26971,47.53192],[9.26995,47.53192],[9.27018,47.53189],[9.27078,47.53163],[9.27093,47.5315],[9.27113,47.53128],[9.27186,47.53084],[9.27231,47.53065],[9.27261,47.53056],[9.27281,47.53048],[9.27474,47.52962],[9.27516,47.52946],[9.27539,47.52936],[9.27557,47.52923],[9.27572,47.52908],[9.27591,47.52884],[9.27629,47.52859],[9.27653,47.5285],[9.27677,47.52846],[9.27701,47.5284],[9.27724,47.5283],[9.27758,47.52803],[9.27774,47.5277],[9.27771,47.52723],[9.27771,47.52702],[9.27798,47.52657],[9.27815,47.52645],[9.27824,47.5264],[9.27841,47.5263],[9.27855,47.52618],[9.27866,47.52604],[9.27874,47.52589],[9.27903,47.52506],[9.27906,47.52497],[9.27917,47.52442],[9.27918,47.52427],[9.27917,47.52408],[9.27919,47.52385],[9.27954,47.52339],[9.27996,47.52318],[9.28047,47.52311],[9.28073,47.52312],[9.28104,47.52318],[9.28108,47.52319],[9.28131,47.52324],[9.28151,47.52327],[9.28157,47.52327],[9.28197,47.52332],[9.28228,47.52339],[9.28253,47.5235],[9.28274,47.52363],[9.28295,47.52384],[9.28317,47.52412],[9.28321,47.52417],[9.28324,47.52422],[9.2834,47.52436],[9.28383,47.52457],[9.28432,47.52466],[9.28482,47.52461],[9.28526,47.52445],[9.28544,47.52432],[9.28557,47.52418],[9.28633,47.52324],[9.28675,47.52301],[9.28727,47.52292],[9.2878,47.52297],[9.28831,47.52319],[9.2898,47.52413],[9.29,47.52424],[9.29023,47.52431],[9.29098,47.52435],[9.29145,47.52422],[9.29181,47.52398],[9.29193,47.52383],[9.29196,47.52378],[9.29244,47.52336],[9.29309,47.52301],[9.29361,47.5229],[9.29483,47.52281],[9.29535,47.52292],[9.29592,47.52328],[9.29634,47.52387],[9.29669,47.52413],[9.29716,47.52429],[9.29937,47.52437],[9.30058,47.52425],[9.30108,47.52431],[9.30151,47.5245],[9.30184,47.52481],[9.30255,47.52587],[9.3029,47.52613],[9.30336,47.52628],[9.30387,47.5263],[9.30452,47.52616],[9.30605,47.52594],[9.30671,47.52589],[9.30766,47.52567],[9.30827,47.52543],[9.30894,47.52504],[9.30947,47.52461],[9.30968,47.52432],[9.30985,47.52384],[9.31008,47.52353],[9.31089,47.52302],[9.31157,47.52278],[9.31209,47.52269],[9.31262,47.52275],[9.31307,47.52295],[9.3134,47.52329],[9.31355,47.52368],[9.31367,47.52456],[9.31357,47.52532],[9.31339,47.52609],[9.31292,47.52663],[9.31268,47.52719],[9.31277,47.52753],[9.31305,47.52782],[9.31376,47.52832],[9.31422,47.5285],[9.3149,47.52859],[9.31535,47.52876],[9.31577,47.5292],[9.31576,47.52981],[9.31588,47.53018],[9.31621,47.53048],[9.31694,47.53083],[9.31757,47.53139],[9.31839,47.53161],[9.31991,47.53145],[9.32093,47.53128],[9.32175,47.53136],[9.32227,47.53135],[9.32274,47.5312],[9.32308,47.53094],[9.32326,47.53061],[9.32342,47.52995],[9.32407,47.52936],[9.32463,47.52913],[9.32612,47.52891],[9.32727,47.52862],[9.32816,47.52848],[9.32865,47.52852],[9.32926,47.5288],[9.3298,47.52932],[9.33029,47.5295],[9.33118,47.52959],[9.33203,47.52951],[9.33289,47.52932],[9.3338,47.52925],[9.33499,47.529],[9.33549,47.52897],[9.33629,47.52881],[9.33731,47.52881],[9.33787,47.52895],[9.33824,47.5292],[9.33857,47.52971],[9.33897,47.53056],[9.33908,47.53111],[9.33902,47.53144],[9.33862,47.53185],[9.338,47.53213],[9.33768,47.53241],[9.33755,47.53276],[9.33756,47.53293],[9.33762,47.53311],[9.33783,47.53351],[9.33799,47.5338],[9.33801,47.53415],[9.33768,47.53462],[9.33727,47.53482],[9.33696,47.5349],[9.33656,47.53496],[9.33651,47.53497],[9.33554,47.53512],[9.33463,47.53535],[9.33429,47.53548],[9.33405,47.53556],[9.334,47.53557],[9.33386,47.5356],[9.33358,47.53565],[9.33206,47.53584],[9.33152,47.53588],[9.33106,47.53602],[9.3307,47.53626],[9.33058,47.53641],[9.3305,47.53658],[9.33047,47.53675],[9.33053,47.53722],[9.3305,47.53739],[9.33029,47.53771],[9.33012,47.53784],[9.32992,47.53795],[9.32963,47.53805],[9.3273,47.53864],[9.3269,47.53886],[9.32655,47.53899],[9.32279,47.53999],[9.32217,47.54034],[9.32196,47.54086],[9.32209,47.54122],[9.32269,47.54191],[9.32267,47.54245],[9.32222,47.54298],[9.32175,47.5432],[9.31991,47.54352],[9.31891,47.54366],[9.31696,47.54406],[9.31668,47.54415],[9.31625,47.54435],[9.31603,47.54442],[9.31579,47.54446],[9.31466,47.5446],[9.31417,47.54473],[9.31294,47.54523],[9.31261,47.54546],[9.31243,47.54576],[9.31223,47.54684],[9.31217,47.54741],[9.31215,47.54779],[9.31213,47.54794],[9.31211,47.54804],[9.31207,47.54819],[9.31201,47.54835],[9.31197,47.54862],[9.31197,47.54904],[9.31182,47.54936],[9.31147,47.54966],[9.31127,47.55],[9.31128,47.55037],[9.3115,47.55095],[9.31147,47.55186],[9.31052,47.55304],[9.31002,47.55353],[9.30985,47.55384],[9.30982,47.55424],[9.30976,47.5544],[9.3095,47.55469],[9.30911,47.55489],[9.30888,47.55496],[9.30846,47.55501],[9.30841,47.55502],[9.30834,47.55503],[9.3083,47.55503],[9.30822,47.55505],[9.30819,47.55505],[9.30696,47.5553],[9.3067,47.55535],[9.30652,47.55538],[9.30644,47.5554],[9.30636,47.55541],[9.30607,47.55544],[9.30579,47.55544],[9.30572,47.55543],[9.30565,47.55542],[9.30095,47.55481],[9.30068,47.5548],[9.30042,47.55482],[9.30016,47.55488],[9.29993,47.55496],[9.29957,47.55523],[9.29931,47.55559],[9.29894,47.55585],[9.29844,47.55599],[9.29798,47.55601],[9.29728,47.55619],[9.29683,47.5566],[9.29602,47.5581],[9.29557,47.55853],[9.29514,47.55868],[9.2946,47.55872],[9.29295,47.55864],[9.29192,47.55876],[9.29124,47.55872],[9.29075,47.55879],[9.29052,47.55887],[9.29033,47.55898],[9.29016,47.55911],[9.29004,47.55926],[9.28977,47.55985],[9.28942,47.56011],[9.28895,47.56027],[9.28844,47.56034],[9.288,47.56051],[9.2877,47.56079],[9.28761,47.56096],[9.28752,47.56131],[9.28745,47.56147],[9.28718,47.56173],[9.28645,47.56209],[9.28525,47.56322],[9.28481,47.56341],[9.2843,47.56347],[9.28273,47.56327],[9.28222,47.56333],[9.28199,47.56341],[9.28127,47.5638],[9.28076,47.5639],[9.28043,47.56389],[9.27975,47.56382],[9.27946,47.5638],[9.27902,47.56378],[9.27877,47.56378],[9.27853,47.56381],[9.2783,47.56388],[9.27809,47.56397],[9.27777,47.56422],[9.27743,47.56477],[9.27708,47.56503],[9.27661,47.56519],[9.27635,47.56521],[9.27603,47.5652],[9.27567,47.56516],[9.27515,47.56513],[9.27441,47.56511],[9.27394,47.5652],[9.27355,47.5654],[9.27318,47.56571],[9.27252,47.56592],[9.27189,47.56596],[9.2714,47.56609],[9.27103,47.56634],[9.27055,47.56685],[9.26989,47.56706],[9.26915,47.56715],[9.26874,47.56736],[9.2684,47.56764],[9.26795,47.56782],[9.26666,47.56795],[9.26606,47.56793],[9.26559,47.56777],[9.26525,47.56749],[9.26502,47.56717],[9.26461,47.56691],[9.2628,47.56634],[9.26205,47.56626],[9.26123,47.56622],[9.26073,47.56607],[9.26036,47.5658],[9.26018,47.56544],[9.26018,47.56521],[9.26025,47.56484],[9.26031,47.56465],[9.26055,47.56414],[9.26061,47.564],[9.26063,47.56385],[9.26061,47.5637],[9.2605,47.56325],[9.2605,47.56323],[9.26035,47.56273],[9.26034,47.56269],[9.26016,47.56218],[9.26011,47.56196],[9.26013,47.56173],[9.26032,47.56098],[9.26032,47.56097],[9.26046,47.56033],[9.26037,47.55984],[9.2601,47.55956],[9.2596,47.55931],[9.25927,47.55903],[9.25914,47.55869],[9.25944,47.55763],[9.25965,47.55732],[9.26019,47.5569],[9.26067,47.55618],[9.26081,47.55543],[9.26072,47.55504],[9.26082,47.55471],[9.26121,47.5543],[9.26135,47.55378],[9.26118,47.55336],[9.26084,47.55306],[9.26034,47.55287],[9.25887,47.55256],[9.25811,47.55248],[9.256,47.55236],[9.25566,47.55231],[9.2554,47.55224],[9.25498,47.552],[9.25454,47.55163],[9.25409,47.55148],[9.25359,47.55145],[9.25266,47.55152],[9.2521,47.55149],[9.25166,47.55134],[9.25132,47.55109],[9.25109,47.55042],[9.25099,47.55026],[9.25085,47.55011],[9.25067,47.54998],[9.25046,47.54988],[9.25022,47.54981],[9.25,47.54976],[9.24972,47.54967],[9.24934,47.54946],[9.24905,47.549],[9.24908,47.54867],[9.24932,47.54831],[9.2494,47.54799],[9.24939,47.54549],[9.24914,47.54496],[9.24873,47.54471],[9.24821,47.54453],[9.24785,47.54425],[9.24774,47.54408],[9.24767,47.54385],[9.24756,47.54314],[9.24756,47.54291],[9.24772,47.54257],[9.24806,47.5423],[9.24856,47.54211],[9.24909,47.54167]]]},"properties":{"bfs_nr":4461,"name":"Amriswil"}},{"type":"Feature","geometry":{"type":"Polygon","coordinates":[[[9.17869,47.5012],[9.17853,47.50101],[9.17838,47.50081],[9.1777,47.49965],[9.17767,47.49959],[9.17743,47.49911],[9.1774,47.49904],[9.17729,47.49876],[9.17723,47.49856],[9.17724,47.49834],[9.17731,47.49788],[9.1775,47.49748],[9.17786,47.49721],[9.17837,47.49706],[9.18003,47.49704],[9.18075,47.49683],[9.18108,47.49655],[9.18148,47.49553],[9.18163,47.49483],[9.18167,47.49397],[9.18188,47.49337],[9.18215,47.49294],[9.18245,47.49227],[9.18272,47.49192],[9.18311,47.4917],[9.18361,47.4916],[9.18412,47.49163],[9.18504,47.49189],[9.18579,47.49201],[9.187,47.49238],[9.18753,47.49263],[9.18857,47.49288],[9.1891,47.49289],[9.1896,47.49277],[9.1925,47.49158],[9.19291,47.49132],[9.19312,47.49096],[9.19312,47.49054],[9.19324,47.49021],[9.19353,47.48994],[9.19395,47.48976],[9.19444,47.48969],[9.19493,47.48975],[9.19586,47.49013],[9.19633,47.49026],[9.19708,47.4902],[9.19751,47.49001],[9.19802,47.48958],[9.19845,47.48936],[9.19898,47.48927],[9.19969,47.48935],[9.20025,47.48929],[9.20127,47.48893],[9.20179,47.4889],[9.20285,47.48913],[9.20338,47.48913],[9.20491,47.48884],[9.20598,47.48891],[9.20699,47.48876],[9.20722,47.48868],[9.20771,47.48829],[9.20782,47.48795],[9.20774,47.48761],[9.20748,47.48732],[9.2069,47.48697],[9.20658,47.48651],[9.20661,47.48617],[9.20683,47.48548],[9.20758,47.48463],[9.20769,47.48384],[9.20786,47.48337],[9.20789,47.48298],[9.20806,47.48263],[9.20842,47.48235],[9.20896,47.48215],[9.20933,47.48187],[9.2095,47.48132],[9.20934,47.48068],[9.20949,47.48033],[9.21008,47.47995],[9.21081,47.47981],[9.21138,47.47959],[9.21186,47.47951],[9.21259,47.47962],[9.21311,47.47998],[9.2133,47.48038],[9.21435,47.48155],[9.21471,47.48184],[9.21555,47.48217],[9.21759,47.4834],[9.21832,47.48362],[9.21885,47.48359],[9.21961,47.48336],[9.22041,47.48335],[9.22122,47.4836],[9.22213,47.484],[9.22428,47.48446],[9.22508,47.48446],[9.22676,47.48413],[9.22742,47.48391],[9.22797,47.48389],[9.2289,47.48411],[9.22959,47.48404],[9.23129,47.48354],[9.23169,47.48337],[9.23218,47.48297],[9.23227,47.48262],[9.23228,47.48177],[9.23262,47.48131],[9.23303,47.4811],[9.23359,47.48102],[9.23609,47.48095],[9.23693,47.48109],[9.23748,47.48138],[9.238,47.48148],[9.23853,47.48143],[9.23906,47.48129],[9.23978,47.48127],[9.24035,47.48117],[9.24097,47.4812],[9.24331,47.48161],[9.24382,47.48177],[9.24657,47.48306],[9.24689,47.48334],[9.24703,47.48385],[9.24684,47.4844],[9.24696,47.485],[9.24701,47.48575],[9.24688,47.48616],[9.24699,47.48712],[9.24776,47.48838],[9.24804,47.48867],[9.24875,47.48898],[9.24931,47.48947],[9.24971,47.48967],[9.25048,47.4899],[9.2518,47.49042],[9.25399,47.49149],[9.25426,47.49164],[9.25432,47.49167],[9.25443,47.49173],[9.25464,47.49181],[9.25471,47.49184],[9.2548,47.49186],[9.25493,47.4919],[9.25515,47.49197],[9.25522,47.49199],[9.25539,47.49205],[9.25615,47.49224],[9.2565,47.49237],[9.25695,47.49268],[9.2575,47.49331],[9.25815,47.49368],[9.2586,47.49405],[9.25877,47.49438],[9.25875,47.49472],[9.25867,47.49489],[9.25851,47.49508],[9.25743,47.49604],[9.25699,47.49623],[9.25637,47.49635],[9.25585,47.49664],[9.25558,47.49696],[9.25552,47.49732],[9.25573,47.49783],[9.25571,47.4982],[9.25559,47.49842],[9.25527,47.49887],[9.25506,47.49909],[9.25479,47.49926],[9.25283,47.50028],[9.25264,47.5004],[9.25238,47.5007],[9.25232,47.50087],[9.25214,47.50166],[9.25188,47.50239],[9.25128,47.50331],[9.25091,47.50361],[9.25046,47.50377],[9.24995,47.5038],[9.24946,47.50369],[9.24907,47.50347],[9.24892,47.50332],[9.2488,47.50312],[9.24857,47.50259],[9.24786,47.50139],[9.24599,47.49891],[9.24558,47.4984],[9.24525,47.49814],[9.24479,47.49798],[9.24429,47.49795],[9.24358,47.49814],[9.24317,47.49845],[9.24295,47.4986],[9.2425,47.49876],[9.24226,47.49879],[9.24183,47.49879],[9.24157,47.49882],[9.24108,47.49897],[9.24088,47.49909],[9.24072,47.49924],[9.24048,47.49967],[9.24029,47.49989],[9.23997,47.50018],[9.23976,47.50048],[9.23972,47.50064],[9.23973,47.50081],[9.23978,47.50097],[9.23987,47.50112],[9.24,47.50126],[9.24019,47.50142],[9.24031,47.50158],[9.2404,47.50192],[9.24029,47.50226],[9.24016,47.50241],[9.23996,47.50258],[9.23912,47.50313],[9.23886,47.50327],[9.23836,47.5034],[9.23757,47.50332],[9.23734,47.50323],[9.23725,47.50317],[9.23701,47.50305],[9.23674,47.50297],[9.23644,47.50293],[9.23595,47.50291],[9.23559,47.50291],[9.2353,47.50294],[9.23502,47.50297],[9.23476,47.50304],[9.23447,47.50318],[9.23408,47.50341],[9.234,47.50346],[9.23372,47.5036],[9.23292,47.50372],[9.23239,47.5036],[9.23211,47.50346],[9.23155,47.50312],[9.23134,47.50297],[9.23073,47.50246],[9.23052,47.50232],[9.23,47.50201],[9.22976,47.50183],[9.22961,47.50167],[9.22947,47.50128],[9.22923,47.50098],[9.22849,47.5006],[9.22817,47.50033],[9.22802,47.49983],[9.22828,47.49925],[9.22827,47.49889],[9.22804,47.49857],[9.22759,47.49826],[9.22732,47.49794],[9.22716,47.49739],[9.2269,47.49711],[9.22627,47.49678],[9.22582,47.49658],[9.22571,47.49654],[9.22561,47.49649],[9.22541,47.49639],[9.22529,47.49632],[9.22512,47.49621],[9.22505,47.49617],[9.22475,47.49596],[9.22469,47.49592],[9.22461,47.49586],[9.22458,47.49584],[9.2241,47.49546],[9.22408,47.49545],[9.22389,47.49532],[9.22366,47.49522],[9.2234,47.49516],[9.22313,47.49514],[9.22286,47.49515],[9.22271,47.49516],[9.22258,47.49518],[9.22234,47.49522],[9.22222,47.49525],[9.22218,47.49526],[9.22205,47.49529],[9.22191,47.49534],[9.22183,47.49537],[9.22172,47.49541],[9.22153,47.49547],[9.22144,47.4955],[9.22112,47.49559],[9.22093,47.49565],[9.22079,47.4957],[9.22059,47.49579],[9.22055,47.49581],[9.2204,47.49587],[9.2203,47.49593],[9.21991,47.49615],[9.21985,47.49619],[9.21972,47.49628],[9.21965,47.49632],[9.21959,47.49637],[9.21955,47.4964],[9.21944,47.49649],[9.21941,47.49652],[9.21928,47.49664],[9.21926,47.49665],[9.21904,47.49686],[9.21902,47.49689],[9.21836,47.49754],[9.21798,47.49787],[9.21783,47.49798],[9.21767,47.49809],[9.21759,47.49814],[9.21756,47.49816],[9.2175,47.49819],[9.21741,47.49825],[9.21698,47.49846],[9.21661,47.49862],[9.21636,47.49869],[9.2154,47.49893],[9.21476,47.49907],[9.21445,47.49916],[9.214,47.49932],[9.21383,47.49939],[9.21368,47.49948],[9.21292,47.5],[9.21266,47.50022],[9.21235,47.50088],[9.21228,47.50159],[9.21228,47.50195],[9.21228,47.50199],[9.2123,47.50231],[9.21231,47.50236],[9.21238,47.50285],[9.21239,47.5032],[9.21242,47.50339],[9.21246,47.50366],[9.21246,47.50369],[9.21242,47.50391],[9.21236,47.50413],[9.21231,47.50428],[9.21227,47.50437],[9.21216,47.50456],[9.21207,47.50468],[9.21178,47.50498],[9.21107,47.50553],[9.21103,47.50556],[9.21081,47.50572],[9.21078,47.50574],[9.21007,47.50628],[9.2097,47.50654],[9.20917,47.50695],[9.20791,47.50769],[9.20753,47.50792],[9.20706,47.50806],[9.2063,47.50803],[9.20556,47.50778],[9.2053,47.50771],[9.20476,47.50768],[9.20425,47.50781],[9.20386,47.50807],[9.20357,47.50847],[9.20294,47.50955],[9.20291,47.5099],[9.20307,47.51023],[9.20348,47.5106],[9.20364,47.51093],[9.20362,47.51127],[9.2034,47.51158],[9.20319,47.51174],[9.20265,47.51207],[9.20205,47.51253],[9.20161,47.51272],[9.20085,47.51277],[9.20011,47.51296],[9.19937,47.51349],[9.19875,47.51376],[9.19801,47.51419],[9.19755,47.5144],[9.19684,47.51448],[9.19636,47.51441],[9.19582,47.51443],[9.19514,47.5146],[9.19431,47.5146],[9.19383,47.51445],[9.19347,47.5142],[9.19321,47.51356],[9.19289,47.51311],[9.19244,47.51198],[9.1918,47.5114],[9.19152,47.511],[9.1912,47.51077],[9.19059,47.51052],[9.19015,47.51027],[9.18797,47.50945],[9.18731,47.50926],[9.18655,47.50885],[9.18584,47.5087],[9.1853,47.50844],[9.18512,47.50836],[9.18492,47.50831],[9.18478,47.50827],[9.18474,47.50826],[9.1846,47.50823],[9.18437,47.5082],[9.1828,47.50763],[9.18199,47.5075],[9.18155,47.5073],[9.18124,47.50701],[9.18069,47.50664],[9.18041,47.50629],[9.18026,47.50561],[9.18015,47.50542],[9.17966,47.50496],[9.17949,47.50448],[9.17954,47.50405],[9.17941,47.50372],[9.17885,47.50325],[9.17868,47.50294],[9.17865,47.50273],[9.17865,47.50265],[9.17866,47.50256],[9.17868,47.50239],[9.17871,47.50224],[9.17887,47.50176],[9.17888,47.50157],[9.17881,47.50137],[9.17869,47.5012]]]},"properties":{"bfs_nr":4471,"name":"Bischofszell"}},{"type":"Feature","geometry":{"type":"Polygon","coordinates":[[[9.19996,47.54012],[9.20001,47.53963],[9.20027,47.53935],[9.20076,47.53904],[9.20105,47.53871],[9.20139,47.53848],[9.20184,47.53834],[9.20248,47.53833],[9.20314,47.53849],[9.20399,47.53859],[9.20445,47.53874],[9.20497,47.53881],[9.20549,47.53874],[9.20709,47.53823],[9.2076,47.53821],[9.2084,47.53828],[9.20915,47.53815],[9.20997,47.53788],[9.21061,47.53781],[9.21119,47.5379],[9.21194,47.53813],[9.21248,47.53825],[9.21298,47.53829],[9.21371,47.5382],[9.21452,47.53821],[9.21514,47.53803],[9.21569,47.53798],[9.21679,47.53819],[9.21784,47.53831],[9.21918,47.5385],[9.21932,47.53852],[9.21955,47.53853],[9.21983,47.53853],[9.22017,47.53852],[9.22057,47.53852],[9.22084,47.5385],[9.22109,47.53845],[9.22132,47.53837],[9.22153,47.53825],[9.22169,47.53811],[9.22193,47.53784],[9.22232,47.53751],[9.22275,47.5371],[9.22338,47.53685],[9.22387,47.53677],[9.22498,47.53629],[9.22534,47.53601],[9.22551,47.53548],[9.22532,47.53494],[9.22546,47.53443],[9.22578,47.53416],[9.22622,47.53399],[9.22673,47.53395],[9.22813,47.53418],[9.22839,47.53421],[9.22864,47.53421],[9.22889,47.53417],[9.22947,47.53398],[9.2302,47.53387],[9.23134,47.53379],[9.23218,47.53381],[9.23265,47.5338],[9.23341,47.53378],[9.23367,47.53379],[9.23383,47.53381],[9.23436,47.5339],[9.23489,47.53403],[9.23514,47.53408],[9.23558,47.53414],[9.23622,47.53428],[9.23733,47.53449],[9.2375,47.53451],[9.23764,47.53451],[9.23792,47.53451],[9.23843,47.53439],[9.23866,47.53428],[9.23884,47.53413],[9.23897,47.53397],[9.23905,47.53379],[9.23929,47.53296],[9.23953,47.53266],[9.23999,47.53239],[9.24027,47.53211],[9.24047,47.53134],[9.24064,47.53099],[9.2408,47.53029],[9.24109,47.53002],[9.24152,47.52984],[9.24279,47.52977],[9.24427,47.52948],[9.24522,47.52945],[9.24572,47.52937],[9.24632,47.52938],[9.24801,47.52966],[9.24869,47.52973],[9.2491,47.52984],[9.24952,47.52999],[9.24968,47.53004],[9.2497,47.53004],[9.25,47.53014],[9.25052,47.53055],[9.25063,47.5309],[9.25046,47.53155],[9.25059,47.53237],[9.2507,47.53263],[9.25107,47.53322],[9.25127,47.53366],[9.2516,47.53394],[9.25182,47.53404],[9.25207,47.53411],[9.25238,47.53417],[9.2524,47.53417],[9.25294,47.53427],[9.25325,47.53436],[9.25366,47.53458],[9.25392,47.53489],[9.25397,47.53525],[9.25391,47.53544],[9.25336,47.5363],[9.25266,47.53788],[9.25239,47.53816],[9.2515,47.53848],[9.25108,47.53874],[9.2506,47.53957],[9.25013,47.53986],[9.24986,47.54015],[9.24943,47.54097],[9.24852,47.54185],[9.24778,47.54224],[9.24756,47.54253],[9.24752,47.54286],[9.24769,47.54402],[9.24784,47.54435],[9.24817,47.54463],[9.2488,47.54487],[9.24916,47.54511],[9.24939,47.54565],[9.2494,47.54758],[9.24917,47.54812],[9.24878,47.54855],[9.24873,47.54889],[9.24886,47.54922],[9.24917,47.54949],[9.24961,47.54967],[9.24987,47.54973],[9.25014,47.54979],[9.25043,47.54988],[9.25064,47.54997],[9.25095,47.55023],[9.2511,47.55056],[9.25114,47.55083],[9.25137,47.55117],[9.25155,47.55131],[9.25178,47.55142],[9.25203,47.55149],[9.25258,47.55153],[9.25353,47.55148],[9.25402,47.55157],[9.25442,47.55179],[9.25502,47.55222],[9.25557,47.55233],[9.25809,47.55248],[9.25892,47.55257],[9.26029,47.55289],[9.2607,47.55311],[9.26094,47.55343],[9.26098,47.55379],[9.26026,47.55494],[9.26026,47.55532],[9.26047,47.55597],[9.26021,47.55651],[9.25965,47.55695],[9.25945,47.55726],[9.25936,47.55777],[9.25914,47.5582],[9.25904,47.5591],[9.25915,47.55942],[9.25942,47.55969],[9.25992,47.55995],[9.26024,47.56023],[9.26037,47.56058],[9.26036,47.5608],[9.26032,47.56097],[9.26032,47.56099],[9.26012,47.56177],[9.2601,47.56196],[9.26014,47.56214],[9.26034,47.56268],[9.26036,47.56274],[9.26049,47.56322],[9.2605,47.56326],[9.2606,47.56366],[9.26062,47.56385],[9.26061,47.564],[9.26054,47.56418],[9.26042,47.56439],[9.2603,47.56468],[9.26026,47.56481],[9.2602,47.5651],[9.26019,47.56514],[9.26017,47.56526],[9.26018,47.56545],[9.26024,47.56563],[9.26035,47.5658],[9.26072,47.56607],[9.26122,47.56622],[9.26198,47.56627],[9.26313,47.56646],[9.26414,47.56677],[9.26463,47.56702],[9.26488,47.56735],[9.26505,47.56781],[9.26507,47.56818],[9.26479,47.5687],[9.26429,47.5695],[9.26394,47.56987],[9.26364,47.57043],[9.26355,47.57089],[9.26311,47.57169],[9.26302,47.57214],[9.26307,47.5728],[9.26273,47.57337],[9.26245,47.57365],[9.26207,47.57384],[9.2619,47.57394],[9.26162,47.57416],[9.26126,47.57445],[9.26104,47.57456],[9.26026,47.57469],[9.25974,47.57458],[9.2592,47.57433],[9.25886,47.57402],[9.25864,47.57364],[9.25834,47.57331],[9.25824,47.57294],[9.2585,47.57213],[9.2588,47.57176],[9.25893,47.57142],[9.25885,47.57107],[9.25858,47.57077],[9.25815,47.57056],[9.25764,47.57048],[9.25684,47.57056],[9.25637,47.57067],[9.25603,47.57086],[9.25542,47.57106],[9.25506,47.57126],[9.25424,47.57194],[9.25409,47.57228],[9.25424,47.5728],[9.25464,47.57315],[9.25485,47.57344],[9.25488,47.57387],[9.25471,47.5742],[9.25437,47.57447],[9.2539,47.57462],[9.25338,47.57464],[9.25289,47.57452],[9.25232,47.57419],[9.2521,47.57387],[9.25216,47.57303],[9.252,47.57271],[9.25168,47.57246],[9.25109,47.57223],[9.24955,47.57202],[9.24819,47.57177],[9.24725,47.57136],[9.24681,47.57123],[9.24535,47.57055],[9.24423,47.57024],[9.24376,47.57022],[9.24318,47.57032],[9.24268,47.57032],[9.24222,47.5702],[9.24128,47.56964],[9.24093,47.56948],[9.23912,47.56892],[9.23872,47.56868],[9.2385,47.56834],[9.23842,47.56791],[9.2382,47.56761],[9.23783,47.56739],[9.23676,47.56709],[9.2362,47.56668],[9.23572,47.56616],[9.23532,47.56596],[9.23437,47.56565],[9.23341,47.56545],[9.23251,47.56503],[9.23194,47.56458],[9.23144,47.56436],[9.23111,47.56411],[9.23093,47.56379],[9.23093,47.56346],[9.23112,47.56315],[9.2322,47.56244],[9.23244,47.56211],[9.23312,47.56152],[9.23337,47.56122],[9.23343,47.56087],[9.2333,47.56054],[9.23298,47.56026],[9.23249,47.56005],[9.23151,47.5598],[9.23098,47.55973],[9.2307,47.55964],[9.23011,47.5594],[9.22967,47.55919],[9.22895,47.55894],[9.22851,47.55868],[9.22764,47.55839],[9.22697,47.55832],[9.22651,47.55815],[9.22588,47.55761],[9.22565,47.5575],[9.22524,47.55732],[9.22481,47.55723],[9.22406,47.55719],[9.22338,47.55719],[9.22292,47.55706],[9.22238,47.55676],[9.22194,47.55665],[9.22075,47.55654],[9.21978,47.55652],[9.21932,47.55648],[9.21903,47.55644],[9.21853,47.55648],[9.21791,47.55676],[9.21736,47.5572],[9.21639,47.55751],[9.21614,47.55755],[9.2158,47.55756],[9.21537,47.55754],[9.21501,47.55751],[9.21446,47.55741],[9.21432,47.55739],[9.21381,47.55734],[9.21278,47.55737],[9.21189,47.55724],[9.21152,47.55712],[9.21112,47.55697],[9.21108,47.55695],[9.21019,47.55662],[9.20972,47.55636],[9.20948,47.55604],[9.20939,47.55538],[9.20936,47.55521],[9.20927,47.55504],[9.20898,47.55477],[9.20845,47.55442],[9.20828,47.5541],[9.20839,47.55351],[9.20835,47.55317],[9.20775,47.55249],[9.20766,47.55217],[9.20769,47.55176],[9.20754,47.55134],[9.20761,47.55099],[9.20792,47.55065],[9.20833,47.55033],[9.20873,47.54975],[9.20936,47.54906],[9.20947,47.5489],[9.20954,47.54874],[9.20956,47.54856],[9.20952,47.54839],[9.20945,47.54822],[9.20932,47.54807],[9.20916,47.54794],[9.20896,47.54783],[9.20884,47.54778],[9.20882,47.54777],[9.20805,47.54742],[9.20803,47.54741],[9.20766,47.54723],[9.20743,47.54711],[9.20728,47.54698],[9.20713,47.54681],[9.20687,47.54642],[9.20683,47.54634],[9.20669,47.54609],[9.20661,47.54598],[9.20649,47.54574],[9.20646,47.54555],[9.20672,47.54473],[9.20672,47.54436],[9.20649,47.54402],[9.20608,47.54377],[9.20053,47.54161],[9.20028,47.54149],[9.20011,47.54138],[9.19988,47.54109],[9.19982,47.54076],[9.19996,47.54012]]]},"properties":{"bfs_nr":4476,"name":"Erlen"}},{"type":"Feature","geometry":{"type":"Polygon","coordinates":[[[9.24421,47.48038],[9.24471,47.48008],[9.24537,47.47933],[9.24558,47.47898],[9.24547,47.47841],[9.24559,47.47786],[9.24622,47.47722],[9.24697,47.47603],[9.24736,47.47578],[9.24864,47.47542],[9.25012,47.47487],[9.25068,47.47475],[9.2512,47.47479],[9.25203,47.47519],[9.25254,47.47533],[9.25309,47.47532],[9.25424,47.47503],[9.25904,47.47465],[9.26005,47.47476],[9.26112,47.47473],[9.2619,47.47459],[9.26277,47.47454],[9.26374,47.47473],[9.26418,47.47489],[9.265,47.47535],[9.2654,47.47566],[9.26678,47.4765],[9.26728,47.47669],[9.26801,47.47683],[9.26981,47.47748],[9.27055,47.47768],[9.27136,47.47768],[9.27183,47.47778],[9.27221,47.47799],[9.27252,47.47834],[9.27294,47.47859],[9.27422,47.47889],[9.27492,47.4791],[9.2762,47.47924],[9.27721,47.47931],[9.27802,47.47948],[9.27861,47.4798],[9.27881,47.48011],[9.27887,47.48061],[9.27907,47.48145],[9.27954,47.48202],[9.28014,47.4825],[9.2806,47.48279],[9.28109,47.48293],[9.28163,47.48293],[9.28348,47.48243],[9.28435,47.4823],[9.28556,47.48242],[9.28627,47.4823],[9.28664,47.48208],[9.28687,47.48179],[9.28704,47.48125],[9.28743,47.48057],[9.28776,47.48022],[9.2882,47.48002],[9.28879,47.47994],[9.28926,47.47978],[9.2897,47.47951],[9.29028,47.47937],[9.29218,47.47918],[9.29343,47.47898],[9.2943,47.47892],[9.29503,47.47871],[9.29556,47.47863],[9.29618,47.47866],[9.2969,47.47846],[9.29808,47.4777],[9.29876,47.47751],[9.29924,47.47755],[9.3009,47.4779],[9.30189,47.4783],[9.30267,47.47878],[9.3039,47.47921],[9.30445,47.47956],[9.30494,47.48021],[9.30522,47.48047],[9.30577,47.48074],[9.30697,47.48119],[9.30754,47.48151],[9.30813,47.48201],[9.30843,47.48265],[9.30851,47.48325],[9.30923,47.48422],[9.30963,47.48445],[9.31061,47.48482],[9.31147,47.48507],[9.31328,47.48569],[9.3144,47.48598],[9.31494,47.48621],[9.31561,47.48674],[9.31585,47.48713],[9.31585,47.48754],[9.31599,47.48789],[9.31641,47.48834],[9.31658,47.48871],[9.31687,47.48897],[9.31763,47.48938],[9.31836,47.49007],[9.31896,47.4905],[9.31998,47.49091],[9.32031,47.49117],[9.32046,47.49151],[9.32042,47.49186],[9.31985,47.49267],[9.31933,47.49359],[9.31927,47.49417],[9.31936,47.49482],[9.31965,47.49576],[9.31995,47.49638],[9.32005,47.49699],[9.31983,47.4975],[9.31927,47.49819],[9.31857,47.49934],[9.31793,47.50005],[9.31734,47.50046],[9.31694,47.50062],[9.31605,47.50083],[9.31508,47.50076],[9.31411,47.50046],[9.31341,47.50017],[9.31252,47.49967],[9.31092,47.49858],[9.31051,47.49839],[9.31002,47.49831],[9.30952,47.49836],[9.30909,47.49853],[9.30878,47.4988],[9.30865,47.49913],[9.3087,47.49947],[9.30895,47.49982],[9.30918,47.50043],[9.30915,47.50081],[9.30892,47.50113],[9.3086,47.50136],[9.30816,47.50159],[9.30784,47.50172],[9.30768,47.50179],[9.30722,47.50204],[9.30715,47.50207],[9.30661,47.50223],[9.30629,47.50226],[9.3062,47.50225],[9.30554,47.50223],[9.30545,47.50222],[9.30535,47.50221],[9.30517,47.5022],[9.30511,47.50219],[9.30494,47.50216],[9.30488,47.50215],[9.30471,47.50211],[9.30466,47.50209],[9.30449,47.50204],[9.30444,47.50203],[9.30428,47.50197],[9.30423,47.50194],[9.30409,47.50188],[9.30381,47.50174],[9.30377,47.50172],[9.30364,47.50165],[9.3036,47.50162],[9.30347,47.50155],[9.30343,47.50153],[9.30333,47.50147],[9.30324,47.50142],[9.30315,47.50136],[9.30306,47.5013],[9.30298,47.50123],[9.3029,47.50117],[9.30283,47.5011],[9.30275,47.50104],[9.30268,47.50097],[9.30261,47.5009],[9.30255,47.50083],[9.30249,47.50075],[9.30241,47.50065],[9.30239,47.50063],[9.30232,47.50053],[9.30226,47.50044],[9.30222,47.50037],[9.30216,47.50028],[9.30213,47.50021],[9.30209,47.50011],[9.30206,47.50004],[9.30203,47.49994],[9.30202,47.49986],[9.302,47.49976],[9.30199,47.4997],[9.30198,47.49958],[9.30198,47.49955],[9.30199,47.49942],[9.30202,47.49924],[9.30216,47.49894],[9.30234,47.49869],[9.30294,47.49806],[9.30305,47.4979],[9.30312,47.49773],[9.30311,47.49738],[9.3029,47.49706],[9.30253,47.49682],[9.30205,47.49669],[9.30179,47.49668],[9.30153,47.4967],[9.30087,47.49679],[9.30072,47.49682],[9.29873,47.49729],[9.29859,47.49732],[9.29761,47.49764],[9.29738,47.4977],[9.29733,47.49771],[9.29726,47.49773],[9.29719,47.49774],[9.29713,47.49775],[9.29706,47.49776],[9.29703,47.49777],[9.29688,47.49778],[9.29687,47.49779],[9.29668,47.4978],[9.29595,47.49773],[9.29553,47.49755],[9.29532,47.49739],[9.29479,47.49691],[9.29475,47.49688],[9.29457,47.49671],[9.29439,47.49657],[9.29417,47.49646],[9.29366,47.49633],[9.29287,47.49643],[9.29189,47.49679],[9.29069,47.49741],[9.29064,47.49743],[9.28771,47.49883],[9.28766,47.49886],[9.28506,47.50002],[9.28444,47.50044],[9.28398,47.50091],[9.28391,47.50098],[9.28387,47.50104],[9.28384,47.50108],[9.28379,47.50115],[9.28376,47.50119],[9.28371,47.50127],[9.28369,47.50131],[9.28365,47.50139],[9.28363,47.50143],[9.28357,47.50155],[9.28356,47.50157],[9.28351,47.5017],[9.28345,47.50184],[9.28336,47.50211],[9.28333,47.50226],[9.28325,47.50343],[9.28327,47.50361],[9.28354,47.50485],[9.28352,47.50524],[9.28343,47.50544],[9.28315,47.50573],[9.28295,47.50584],[9.28248,47.50597],[9.28196,47.50597],[9.28146,47.50583],[9.28121,47.50569],[9.28116,47.50565],[9.28035,47.50501],[9.28011,47.50477],[9.27991,47.50452],[9.27989,47.50448],[9.27881,47.50302],[9.27874,47.50293],[9.278,47.50216],[9.2778,47.50199],[9.27648,47.50114],[9.27642,47.50111],[9.27602,47.50088],[9.27602,47.50057],[9.2757,47.50009],[9.27529,47.49987],[9.27479,47.49978],[9.27428,47.49982],[9.27365,47.50012],[9.27342,47.50043],[9.27338,47.50078],[9.27343,47.50095],[9.27345,47.50099],[9.27356,47.50116],[9.27361,47.50121],[9.27348,47.5017],[9.2732,47.502],[9.27295,47.50214],[9.27233,47.50243],[9.27207,47.50253],[9.26934,47.50344],[9.26922,47.50349],[9.26747,47.50423],[9.26579,47.50502],[9.2655,47.50513],[9.26497,47.5052],[9.26444,47.50512],[9.26414,47.50501],[9.26286,47.50437],[9.26074,47.50333],[9.2603,47.50318],[9.25981,47.50316],[9.25914,47.50335],[9.2587,47.50366],[9.25846,47.50381],[9.25798,47.50397],[9.25744,47.50398],[9.25719,47.50393],[9.25689,47.50383],[9.25514,47.50307],[9.25504,47.50302],[9.25477,47.50293],[9.25465,47.50289],[9.25403,47.50272],[9.25393,47.50269],[9.25361,47.50263],[9.25351,47.50261],[9.25324,47.50256],[9.25295,47.5025],[9.25254,47.5023],[9.25227,47.50202],[9.25217,47.50169],[9.25219,47.50148],[9.25237,47.50076],[9.25263,47.50042],[9.25289,47.50025],[9.25485,47.49923],[9.25507,47.49909],[9.25523,47.49892],[9.25599,47.49787],[9.25612,47.49754],[9.25611,47.49706],[9.25631,47.49672],[9.25668,47.49647],[9.2574,47.49611],[9.25862,47.49498],[9.25873,47.49482],[9.25879,47.49464],[9.25881,47.49446],[9.25876,47.49429],[9.25867,47.49412],[9.25853,47.49397],[9.2581,47.49365],[9.25751,47.49331],[9.25695,47.49268],[9.25651,47.49236],[9.25622,47.49226],[9.25543,47.49206],[9.25518,47.49198],[9.25512,47.49195],[9.25497,47.49191],[9.25483,47.49187],[9.2547,47.49183],[9.25438,47.4917],[9.25433,47.49168],[9.25425,47.49163],[9.25401,47.4915],[9.25175,47.4904],[9.25047,47.48989],[9.24974,47.48967],[9.24932,47.48946],[9.24864,47.48873],[9.24829,47.48845],[9.2478,47.48823],[9.24746,47.48788],[9.247,47.48712],[9.24693,47.48653],[9.24716,47.48604],[9.24718,47.4857],[9.24702,47.48537],[9.24698,47.48484],[9.24715,47.48451],[9.24755,47.48413],[9.24767,47.4838],[9.24759,47.48342],[9.24738,47.48315],[9.24693,47.48289],[9.24616,47.48276],[9.24559,47.4826],[9.24415,47.48193],[9.24374,47.48164],[9.24355,47.48131],[9.24357,47.48095],[9.24379,47.48063],[9.24421,47.48038]]]},"properties":{"bfs_nr":4486,"name":"Hauptwil-Gottshaus"}},{"type":"Feature","geometry":{"type":"Polygon","coordinates":[[[9.20726,47.50822],[9.20759,47.50791],[9.20794,47.50767],[9.2092,47.50694],[9.20956,47.50669],[9.20983,47.50645],[9.21013,47.50624],[9.21078,47.50574],[9.21082,47.50571],[9.21103,47.50556],[9.21106,47.50553],[9.21184,47.50493],[9.21203,47.50474],[9.21218,47.50453],[9.21225,47.5044],[9.21232,47.50426],[9.21236,47.50415],[9.21243,47.50387],[9.21245,47.50372],[9.21246,47.50362],[9.21239,47.50316],[9.21238,47.50287],[9.21231,47.50237],[9.2123,47.5023],[9.21228,47.50194],[9.21228,47.50161],[9.21235,47.50094],[9.21267,47.50023],[9.21294,47.49999],[9.21364,47.49951],[9.21384,47.49939],[9.21442,47.49917],[9.21479,47.49906],[9.21539,47.49893],[9.21639,47.49868],[9.21648,47.49866],[9.21667,47.4986],[9.21693,47.49849],[9.21742,47.49824],[9.21749,47.4982],[9.21757,47.49815],[9.21759,47.49814],[9.21768,47.49808],[9.21774,47.49805],[9.21786,47.49796],[9.21796,47.49789],[9.21837,47.49753],[9.21901,47.49689],[9.21925,47.49666],[9.2194,47.49653],[9.21945,47.49648],[9.21954,47.49641],[9.21964,47.49634],[9.21974,47.49626],[9.21983,47.4962],[9.21992,47.49615],[9.22028,47.49594],[9.22043,47.49586],[9.22075,47.49572],[9.22109,47.4956],[9.22142,47.49551],[9.22156,47.49546],[9.22169,47.49542],[9.22181,47.49537],[9.22193,47.49533],[9.22202,47.4953],[9.2222,47.49525],[9.2228,47.49515],[9.22313,47.49514],[9.22365,47.49523],[9.22388,47.49532],[9.22413,47.49548],[9.22459,47.49584],[9.22461,47.49586],[9.2247,47.49593],[9.22474,47.49596],[9.22506,47.49618],[9.22511,47.49621],[9.22531,47.49633],[9.22539,47.49638],[9.2255,47.49644],[9.22556,47.49647],[9.22562,47.4965],[9.2266,47.49697],[9.22687,47.49727],[9.22695,47.49762],[9.22688,47.49806],[9.22701,47.4984],[9.22767,47.49889],[9.22793,47.4992],[9.228,47.49955],[9.22793,47.4999],[9.22803,47.50023],[9.22833,47.50055],[9.22874,47.50081],[9.22902,47.50126],[9.22941,47.50166],[9.2305,47.5023],[9.23074,47.50247],[9.23137,47.503],[9.23151,47.5031],[9.23294,47.50397],[9.23348,47.50412],[9.23398,47.50416],[9.23454,47.50434],[9.23506,47.50482],[9.23511,47.50518],[9.23507,47.50531],[9.23505,47.5055],[9.23516,47.50585],[9.23529,47.50601],[9.23547,47.50615],[9.23568,47.50626],[9.23656,47.50663],[9.23715,47.50687],[9.23758,47.50713],[9.23773,47.50731],[9.23782,47.50744],[9.238,47.50759],[9.23822,47.50772],[9.23885,47.508],[9.23911,47.50829],[9.23919,47.50862],[9.23916,47.50879],[9.23916,47.50898],[9.2392,47.5091],[9.23925,47.5093],[9.23924,47.50949],[9.23895,47.51149],[9.23888,47.51199],[9.23887,47.51204],[9.23887,47.51206],[9.23884,47.51222],[9.23883,47.51225],[9.2388,47.51248],[9.23874,47.51268],[9.2386,47.51303],[9.23856,47.5131],[9.23817,47.51385],[9.23813,47.51393],[9.23803,47.51419],[9.23799,47.51426],[9.23759,47.51504],[9.23755,47.51511],[9.23754,47.51512],[9.23746,47.51531],[9.23708,47.51631],[9.23689,47.51691],[9.23686,47.5171],[9.23698,47.51747],[9.23712,47.51763],[9.23726,47.51776],[9.23744,47.51828],[9.23739,47.5185],[9.23723,47.51895],[9.23723,47.51912],[9.23728,47.51928],[9.23741,47.51958],[9.23751,47.51974],[9.23781,47.52],[9.23801,47.5201],[9.23806,47.52011],[9.23833,47.52022],[9.23853,47.52029],[9.23874,47.52033],[9.23882,47.52034],[9.23908,47.52038],[9.23931,47.52042],[9.23958,47.52049],[9.24013,47.5209],[9.24026,47.52126],[9.24023,47.52149],[9.24012,47.52199],[9.24026,47.52236],[9.24041,47.52252],[9.2406,47.52268],[9.24078,47.52301],[9.24081,47.52323],[9.24079,47.52372],[9.24076,47.52453],[9.24085,47.52487],[9.24112,47.52516],[9.24121,47.52522],[9.24139,47.52534],[9.24148,47.52539],[9.24155,47.52542],[9.24166,47.52547],[9.24185,47.5256],[9.24209,47.52591],[9.24216,47.52613],[9.24219,47.52631],[9.24224,47.52649],[9.24252,47.52682],[9.24273,47.52695],[9.24298,47.52704],[9.24382,47.52724],[9.24421,47.52745],[9.24451,47.5279],[9.24447,47.52871],[9.24413,47.52918],[9.24346,47.52945],[9.24294,47.52946],[9.24238,47.52932],[9.24188,47.52929],[9.24118,47.52949],[9.24075,47.52991],[9.2406,47.53039],[9.24033,47.53076],[9.24008,47.53126],[9.23998,47.5317],[9.23932,47.53243],[9.2392,47.5328],[9.2392,47.53317],[9.23896,47.53397],[9.23865,47.53427],[9.23843,47.53438],[9.23791,47.5345],[9.23757,47.53451],[9.23753,47.53451],[9.23736,47.53449],[9.23687,47.53439],[9.23627,47.53429],[9.23565,47.53415],[9.23521,47.53409],[9.23483,47.53401],[9.23441,47.53391],[9.2338,47.53381],[9.2337,47.5338],[9.23363,47.53379],[9.23345,47.53378],[9.23335,47.53377],[9.23323,47.53378],[9.23266,47.5338],[9.23216,47.53381],[9.23128,47.53379],[9.23016,47.53387],[9.22942,47.53398],[9.22891,47.53414],[9.22864,47.53419],[9.22836,47.53419],[9.22755,47.53408],[9.22623,47.53383],[9.22511,47.53368],[9.22467,47.53357],[9.22439,47.53344],[9.22375,47.53302],[9.22363,47.53295],[9.22355,47.53291],[9.22349,47.53288],[9.22337,47.53283],[9.22329,47.5328],[9.22314,47.53275],[9.22265,47.53262],[9.22237,47.53257],[9.22229,47.53257],[9.22185,47.53252],[9.22145,47.53245],[9.22139,47.53244],[9.22109,47.53238],[9.22092,47.53234],[9.22087,47.53232],[9.22075,47.53229],[9.22057,47.53222],[9.21865,47.53143],[9.21813,47.53124],[9.21722,47.53102],[9.21601,47.53059],[9.21479,47.53032],[9.2137,47.53026],[9.21259,47.52993],[9.21204,47.52959],[9.21164,47.52904],[9.21112,47.52875],[9.21072,47.52829],[9.21071,47.52794],[9.211,47.52729],[9.21112,47.52682],[9.21145,47.52639],[9.21204,47.52602],[9.21273,47.52582],[9.2132,47.52579],[9.21345,47.52576],[9.2137,47.5257],[9.21392,47.5256],[9.21411,47.52548],[9.21426,47.52534],[9.21436,47.52517],[9.21442,47.525],[9.21454,47.52429],[9.21455,47.52422],[9.21455,47.52417],[9.21455,47.52413],[9.21458,47.52323],[9.21458,47.52313],[9.21458,47.52295],[9.21442,47.52261],[9.21427,47.52247],[9.21407,47.52231],[9.21386,47.52218],[9.21362,47.52208],[9.21335,47.52202],[9.21306,47.522],[9.21298,47.522],[9.21288,47.52199],[9.21266,47.52196],[9.21226,47.52185],[9.21182,47.52167],[9.21165,47.52156],[9.2114,47.52127],[9.21127,47.52072],[9.21084,47.52027],[9.21038,47.5201],[9.2092,47.51986],[9.20889,47.51977],[9.20867,47.51967],[9.20812,47.51926],[9.2079,47.51897],[9.20785,47.51864],[9.20799,47.51828],[9.20831,47.51783],[9.20842,47.51762],[9.20861,47.51696],[9.20863,47.5169],[9.20868,47.51658],[9.20869,47.5165],[9.20872,47.51602],[9.20872,47.51591],[9.20862,47.51516],[9.20854,47.51493],[9.20829,47.51445],[9.20827,47.51443],[9.20759,47.51326],[9.20755,47.51319],[9.20737,47.51283],[9.20734,47.51275],[9.20701,47.51191],[9.20696,47.51178],[9.20679,47.51105],[9.20676,47.51083],[9.20677,47.50953],[9.20687,47.50897],[9.20726,47.50822]]]},"properties":{"bfs_nr":4495,"name":"Hohentannen"}},{"type":"Feature","geometry":{"type":"Polygon","coordinates":[[[9.15049,47.50371],[9.15048,47.50314],[9.15072,47.50284],[9.15095,47.50269],[9.15113,47.50259],[9.15119,47.50257],[9.15142,47.50244],[9.15143,47.50243],[9.15149,47.50239],[9.15163,47.50228],[9.15205,47.50209],[9.15256,47.502],[9.15324,47.50202],[9.15408,47.50219],[9.15479,47.50241],[9.15591,47.50247],[9.15722,47.50289],[9.15805,47.50324],[9.15931,47.50338],[9.16045,47.50369],[9.16106,47.50378],[9.16225,47.50376],[9.16272,47.50389],[9.16415,47.5046],[9.16467,47.50468],[9.16519,47.50462],[9.16564,47.50442],[9.16597,47.50412],[9.16637,47.50389],[9.1674,47.50357],[9.16801,47.50348],[9.16854,47.50357],[9.16905,47.50377],[9.16952,47.50383],[9.16998,47.50378],[9.17092,47.50354],[9.17131,47.5033],[9.17153,47.50297],[9.17148,47.50244],[9.17074,47.50113],[9.16954,47.49909],[9.1694,47.49871],[9.16945,47.49836],[9.1697,47.49805],[9.17033,47.4976],[9.17077,47.49741],[9.17172,47.4971],[9.1729,47.49629],[9.17322,47.49581],[9.17352,47.49552],[9.17396,47.49533],[9.17492,47.49529],[9.176,47.49517],[9.17669,47.49501],[9.17741,47.49509],[9.17781,47.49528],[9.17822,47.49571],[9.17831,47.49607],[9.17818,47.49642],[9.17758,47.49704],[9.17734,47.49768],[9.17723,47.49839],[9.17723,47.49856],[9.17727,47.49872],[9.1774,47.49905],[9.17743,47.4991],[9.17768,47.4996],[9.1777,47.49964],[9.1784,47.50084],[9.1785,47.50098],[9.17865,47.50115],[9.1788,47.50137],[9.17886,47.50176],[9.17873,47.50214],[9.1787,47.50226],[9.17868,47.50236],[9.17866,47.50257],[9.17865,47.50263],[9.17865,47.50296],[9.17865,47.50299],[9.17869,47.50368],[9.17885,47.504],[9.17934,47.50455],[9.17943,47.50486],[9.17982,47.50531],[9.18018,47.506],[9.18035,47.50645],[9.18062,47.50673],[9.18105,47.50695],[9.18157,47.50737],[9.18215,47.50757],[9.1826,47.50764],[9.18369,47.50796],[9.18436,47.50821],[9.18447,47.50822],[9.18484,47.50829],[9.18512,47.50837],[9.18531,47.50845],[9.18573,47.50869],[9.18666,47.50893],[9.18729,47.50926],[9.18802,47.50947],[9.18862,47.5097],[9.18974,47.51023],[9.19131,47.51086],[9.19184,47.51145],[9.19244,47.51202],[9.19287,47.51315],[9.19316,47.51357],[9.19336,47.51415],[9.19368,47.51444],[9.19414,47.51461],[9.19464,47.51465],[9.19563,47.51464],[9.19631,47.51455],[9.19723,47.51454],[9.1977,47.5144],[9.19859,47.51387],[9.19928,47.51362],[9.19971,47.51331],[9.20019,47.51316],[9.20119,47.5131],[9.20165,47.51291],[9.20267,47.51206],[9.20323,47.51171],[9.2034,47.51158],[9.20354,47.51143],[9.20362,47.51127],[9.20366,47.5111],[9.20365,47.51093],[9.20359,47.51076],[9.20349,47.5106],[9.20309,47.51023],[9.20292,47.5099],[9.20295,47.50956],[9.20358,47.5085],[9.20407,47.50806],[9.20447,47.50784],[9.20496,47.50774],[9.20547,47.50777],[9.20574,47.50784],[9.20644,47.50816],[9.20675,47.50845],[9.20688,47.50879],[9.20677,47.5095],[9.20677,47.51035],[9.20673,47.5106],[9.2067,47.51069],[9.2067,47.51085],[9.20685,47.51129],[9.20697,47.5118],[9.207,47.51189],[9.20734,47.51277],[9.20737,47.51282],[9.20756,47.51321],[9.20758,47.51325],[9.20827,47.51442],[9.20829,47.51446],[9.20851,47.51487],[9.20863,47.51522],[9.20871,47.51588],[9.20872,47.51605],[9.20869,47.51648],[9.20868,47.5166],[9.20861,47.51697],[9.20843,47.51757],[9.20827,47.51788],[9.2079,47.51841],[9.20777,47.51874],[9.20778,47.51891],[9.20794,47.51924],[9.2083,47.51953],[9.20879,47.51974],[9.20911,47.51984],[9.21016,47.52006],[9.21067,47.52023],[9.21099,47.52049],[9.21119,47.52113],[9.21139,47.52144],[9.21174,47.52167],[9.21232,47.52187],[9.2126,47.52195],[9.21269,47.52196],[9.21285,47.52198],[9.21321,47.52202],[9.2135,47.52206],[9.21392,47.52222],[9.21422,47.52243],[9.21441,47.52261],[9.21457,47.52295],[9.21458,47.52321],[9.21455,47.52414],[9.21455,47.52415],[9.21454,47.52431],[9.21443,47.52496],[9.21436,47.52516],[9.21413,47.52546],[9.21375,47.52568],[9.21329,47.52578],[9.21268,47.52582],[9.21188,47.52603],[9.21148,47.52631],[9.21099,47.52692],[9.21081,47.52758],[9.21058,47.52791],[9.20991,47.52829],[9.20944,47.52835],[9.20767,47.52814],[9.20686,47.52797],[9.2066,47.52793],[9.20608,47.52796],[9.20503,47.52823],[9.20356,47.52851],[9.2023,47.52851],[9.2012,47.52864],[9.20075,47.5288],[9.20006,47.52946],[9.1992,47.52976],[9.19859,47.53009],[9.19787,47.53023],[9.19669,47.53],[9.19556,47.53009],[9.19498,47.53022],[9.19448,47.53021],[9.19281,47.52988],[9.19216,47.52955],[9.19155,47.5294],[9.19103,47.52916],[9.18882,47.52891],[9.18767,47.52897],[9.18708,47.52908],[9.1866,47.52908],[9.18637,47.52904],[9.1861,47.52895],[9.18566,47.52877],[9.18519,47.52865],[9.1847,47.52866],[9.18425,47.52878],[9.18331,47.5292],[9.18279,47.52951],[9.18204,47.52965],[9.18131,47.52949],[9.17986,47.52857],[9.17911,47.52798],[9.17826,47.52761],[9.17778,47.52726],[9.17734,47.52709],[9.17683,47.52703],[9.17633,47.52712],[9.17576,47.52747],[9.17536,47.52792],[9.17532,47.52795],[9.17483,47.52858],[9.17475,47.52866],[9.17422,47.52923],[9.17417,47.52928],[9.17367,47.52991],[9.1736,47.52998],[9.17311,47.53051],[9.17258,47.53113],[9.17107,47.53291],[9.17104,47.53294],[9.17047,47.53357],[9.17044,47.53361],[9.16943,47.53483],[9.16938,47.5349],[9.1689,47.5354],[9.16875,47.53555],[9.16837,47.53584],[9.1678,47.53621],[9.16745,47.53638],[9.16561,47.53707],[9.16531,47.53716],[9.16506,47.5372],[9.16455,47.53717],[9.1641,47.53702],[9.16376,47.53676],[9.16358,47.53639],[9.16343,47.53578],[9.16315,47.53547],[9.16294,47.53534],[9.16271,47.53525],[9.16245,47.5352],[9.1619,47.53518],[9.1614,47.53507],[9.161,47.53484],[9.16072,47.53435],[9.16072,47.5339],[9.16055,47.53358],[9.16021,47.53333],[9.15975,47.53317],[9.15933,47.53314],[9.15866,47.53292],[9.15836,47.53265],[9.15823,47.53232],[9.15824,47.53211],[9.15829,47.53179],[9.1583,47.53162],[9.15807,47.53114],[9.15771,47.53091],[9.15749,47.53083],[9.15706,47.53071],[9.15648,47.53048],[9.15604,47.53011],[9.15594,47.52991],[9.15559,47.52889],[9.15548,47.52873],[9.15502,47.52831],[9.1549,47.52795],[9.15493,47.52771],[9.15517,47.52688],[9.15517,47.52685],[9.1554,47.52588],[9.15556,47.52551],[9.15571,47.52529],[9.15579,47.52513],[9.15576,47.52464],[9.15552,47.52434],[9.15515,47.52413],[9.1547,47.52396],[9.15462,47.52393],[9.15436,47.52385],[9.15407,47.52373],[9.15361,47.52328],[9.15356,47.52287],[9.15388,47.52236],[9.1543,47.52214],[9.15454,47.52208],[9.15466,47.52207],[9.15489,47.52202],[9.15531,47.52186],[9.15571,47.52145],[9.15577,47.52129],[9.1558,47.52115],[9.15584,47.52099],[9.15586,47.5209],[9.1559,47.52058],[9.1559,47.5204],[9.15584,47.52011],[9.15593,47.51977],[9.15599,47.51968],[9.15608,47.51951],[9.15611,47.51915],[9.15604,47.51897],[9.15594,47.51881],[9.15584,47.51829],[9.15598,47.51796],[9.1563,47.51764],[9.15642,47.51746],[9.15653,47.51723],[9.15707,47.51669],[9.15727,47.51659],[9.1575,47.51651],[9.15761,47.51648],[9.15772,47.51645],[9.15774,47.51645],[9.15775,47.51645],[9.1578,47.51643],[9.15801,47.51636],[9.15806,47.51633],[9.15806,47.51634],[9.15835,47.5162],[9.15857,47.51613],[9.15873,47.51609],[9.15891,47.51603],[9.15912,47.51594],[9.15987,47.51586],[9.16012,47.51589],[9.16022,47.51592],[9.16045,47.51598],[9.16069,47.516],[9.16094,47.516],[9.16121,47.51597],[9.162,47.51602],[9.16237,47.5161],[9.16261,47.51614],[9.16285,47.51614],[9.16309,47.51612],[9.16336,47.51608],[9.16353,47.51608],[9.16379,47.51606],[9.16446,47.51581],[9.16474,47.51552],[9.16482,47.51536],[9.16484,47.51518],[9.1648,47.51486],[9.16471,47.51468],[9.16459,47.5145],[9.1644,47.51413],[9.16428,47.514],[9.16416,47.51385],[9.16406,47.51369],[9.16406,47.51367],[9.16394,47.51349],[9.16377,47.51333],[9.16375,47.51331],[9.1636,47.51316],[9.16351,47.51302],[9.1634,47.51287],[9.16325,47.51275],[9.16307,47.51264],[9.16303,47.51262],[9.16284,47.51254],[9.16262,47.51249],[9.16239,47.51246],[9.16227,47.51245],[9.16201,47.51239],[9.16176,47.51229],[9.16159,47.51219],[9.16148,47.51212],[9.16143,47.51209],[9.16136,47.51206],[9.16122,47.51199],[9.16101,47.5119],[9.16077,47.51184],[9.16029,47.51177],[9.16002,47.51169],[9.15973,47.51156],[9.15968,47.51153],[9.15928,47.51134],[9.15901,47.5112],[9.15817,47.51097],[9.15759,47.51077],[9.15734,47.51063],[9.15719,47.5105],[9.15715,47.51047],[9.15712,47.51044],[9.15708,47.51041],[9.1569,47.51027],[9.15684,47.51022],[9.15672,47.51012],[9.15606,47.50974],[9.15584,47.50959],[9.1557,47.50945],[9.15555,47.50914],[9.15554,47.50888],[9.15549,47.50866],[9.15547,47.5086],[9.15542,47.50829],[9.15533,47.50802],[9.15533,47.50794],[9.1553,47.50778],[9.1551,47.50747],[9.15475,47.50724],[9.15453,47.50716],[9.15427,47.50708],[9.15397,47.50702],[9.15344,47.50698],[9.15296,47.50682],[9.15261,47.50655],[9.15251,47.50639],[9.15246,47.50624],[9.15237,47.50607],[9.15206,47.50577],[9.15187,47.50565],[9.15179,47.50561],[9.15165,47.50553],[9.15156,47.50549],[9.15139,47.50541],[9.15112,47.50526],[9.15082,47.50494],[9.15073,47.50471],[9.15056,47.50389],[9.15049,47.50371]]]},"properties":{"bfs_nr":4501,"name":"Kradolf-Sch\u00f6nenberg"}},{"type":"Feature","geometry":{"type":"Polygon","coordinates":[[[9.16866,47.54519],[9.16876,47.54435],[9.16906,47.5438],[9.16911,47.54354],[9.16919,47.54309],[9.16926,47.54268],[9.16935,47.54243],[9.16949,47.54225],[9.16992,47.54178],[9.17003,47.54156],[9.1702,47.5412],[9.17044,47.54071],[9.17058,47.54043],[9.17078,47.54014],[9.17123,47.53972],[9.17169,47.53941],[9.17197,47.53922],[9.17214,47.53908],[9.17226,47.53892],[9.17244,47.53859],[9.17275,47.53747],[9.17285,47.53723],[9.17413,47.535],[9.17439,47.53468],[9.17463,47.53447],[9.17493,47.53419],[9.17509,47.53401],[9.17529,47.5337],[9.1755,47.53337],[9.17558,47.53319],[9.17572,47.53276],[9.17575,47.53257],[9.17564,47.53222],[9.17534,47.53192],[9.17513,47.53181],[9.1749,47.53173],[9.17484,47.53172],[9.17411,47.53153],[9.17382,47.53143],[9.17362,47.53132],[9.17332,47.53104],[9.17321,47.53069],[9.17329,47.53035],[9.17366,47.52992],[9.17416,47.5293],[9.17423,47.52921],[9.17477,47.52865],[9.17481,47.52859],[9.17532,47.52796],[9.17539,47.52788],[9.17559,47.5277],[9.1758,47.52757],[9.17629,47.52743],[9.17682,47.52743],[9.17797,47.52779],[9.17866,47.52785],[9.1791,47.52801],[9.17983,47.52855],[9.18133,47.52951],[9.18183,47.52965],[9.18237,47.52965],[9.18286,47.5295],[9.18348,47.52912],[9.1842,47.52881],[9.1847,47.52866],[9.18519,47.52866],[9.18571,47.52879],[9.1865,47.52911],[9.18699,47.52923],[9.18799,47.52912],[9.18904,47.52912],[9.18971,47.52921],[9.19035,47.52919],[9.19085,47.52925],[9.19163,47.52969],[9.19305,47.53018],[9.19415,47.5303],[9.19468,47.5303],[9.19556,47.53009],[9.19633,47.53004],[9.19695,47.53009],[9.19784,47.53035],[9.19835,47.53033],[9.19881,47.53018],[9.19931,47.5299],[9.19984,47.52976],[9.20027,47.52956],[9.20075,47.529],[9.20115,47.52876],[9.20165,47.52865],[9.20258,47.52855],[9.20364,47.52853],[9.2041,47.52847],[9.2054,47.52815],[9.20656,47.52798],[9.20709,47.52802],[9.20761,47.52814],[9.20914,47.52835],[9.21045,47.52882],[9.21099,47.52896],[9.21136,47.52918],[9.21214,47.52985],[9.21326,47.53027],[9.21398,47.53038],[9.21456,47.53036],[9.21576,47.53055],[9.21759,47.53118],[9.21817,47.53127],[9.21866,47.53144],[9.2206,47.53224],[9.22072,47.53228],[9.22078,47.5323],[9.22085,47.53232],[9.22095,47.53235],[9.22106,47.53237],[9.2214,47.53244],[9.22144,47.53245],[9.22224,47.53259],[9.2229,47.53269],[9.2231,47.53274],[9.22331,47.53281],[9.2235,47.53289],[9.2236,47.53293],[9.22378,47.53304],[9.22435,47.53342],[9.22443,47.53347],[9.22484,47.53367],[9.22513,47.53394],[9.22526,47.53425],[9.22524,47.53477],[9.22535,47.53532],[9.22521,47.53565],[9.2249,47.53592],[9.22397,47.53646],[9.22323,47.53666],[9.22288,47.53689],[9.22242,47.53741],[9.22211,47.53767],[9.22184,47.53792],[9.22175,47.53803],[9.22154,47.53822],[9.22133,47.53834],[9.22109,47.53844],[9.22083,47.5385],[9.22048,47.53852],[9.22014,47.53852],[9.2199,47.53853],[9.21948,47.53853],[9.21935,47.53852],[9.21914,47.5385],[9.21782,47.53831],[9.21674,47.53818],[9.21527,47.53784],[9.21474,47.53783],[9.21393,47.53808],[9.213,47.5381],[9.21237,47.53817],[9.21176,47.53808],[9.21106,47.53786],[9.21025,47.53773],[9.20966,47.53776],[9.20888,47.53796],[9.20824,47.53802],[9.20773,47.53797],[9.20718,47.538],[9.20672,47.53815],[9.20591,47.53831],[9.20523,47.53861],[9.20471,47.53867],[9.20312,47.53848],[9.2026,47.53832],[9.20185,47.53828],[9.20116,47.53848],[9.20044,47.53916],[9.19973,47.53951],[9.19946,47.53985],[9.1992,47.54048],[9.19925,47.54083],[9.19948,47.54113],[9.19986,47.54135],[9.2059,47.5437],[9.20647,47.5441],[9.20661,47.54443],[9.20645,47.54555],[9.20648,47.54574],[9.20658,47.54593],[9.20687,47.54641],[9.20716,47.54684],[9.20728,47.54698],[9.20743,47.54711],[9.20761,47.54721],[9.20804,47.54741],[9.20805,47.54742],[9.20883,47.54778],[9.20885,47.54778],[9.2089,47.54781],[9.20932,47.54808],[9.20952,47.54839],[9.20955,47.54856],[9.20946,47.5489],[9.20932,47.54909],[9.20893,47.54952],[9.20847,47.54992],[9.20819,47.55039],[9.20758,47.5509],[9.2073,47.55123],[9.20725,47.5516],[9.20749,47.55244],[9.20771,47.55273],[9.20811,47.55304],[9.20829,47.55336],[9.20826,47.5542],[9.20847,47.55449],[9.20909,47.55489],[9.20935,47.55522],[9.2094,47.55545],[9.20945,47.55628],[9.20935,47.55705],[9.20921,47.55742],[9.2089,47.55769],[9.20847,47.55786],[9.20783,47.55799],[9.20718,47.55841],[9.20676,47.5586],[9.20626,47.55867],[9.20575,47.55861],[9.20498,47.55831],[9.20419,47.55828],[9.20371,47.55843],[9.20335,47.55869],[9.20306,47.55908],[9.20289,47.55954],[9.20246,47.55997],[9.20167,47.56035],[9.20134,47.5607],[9.20104,47.56119],[9.20049,47.56165],[9.19974,47.56188],[9.19876,47.56193],[9.19737,47.5617],[9.19681,47.56133],[9.19661,47.56093],[9.19611,47.56053],[9.19588,47.56045],[9.19564,47.56038],[9.19555,47.56036],[9.19489,47.56022],[9.19473,47.56018],[9.19427,47.56008],[9.19419,47.56006],[9.19415,47.56005],[9.19392,47.55998],[9.19365,47.55988],[9.19343,47.55977],[9.19308,47.55954],[9.19252,47.55897],[9.19241,47.55853],[9.19257,47.558],[9.19251,47.55765],[9.19226,47.55734],[9.19185,47.55712],[9.19025,47.5567],[9.18989,47.55647],[9.18928,47.55594],[9.18868,47.55572],[9.18834,47.55546],[9.18792,47.55495],[9.18732,47.55461],[9.18708,47.55432],[9.18695,47.55385],[9.18675,47.55329],[9.18647,47.553],[9.18605,47.55279],[9.1858,47.55274],[9.18502,47.55267],[9.18428,47.55228],[9.18383,47.55213],[9.18333,47.5521],[9.18308,47.55213],[9.18173,47.5524],[9.18151,47.55246],[9.18082,47.55275],[9.18033,47.55281],[9.18008,47.55279],[9.17956,47.55267],[9.17928,47.55264],[9.17744,47.55258],[9.1769,47.55263],[9.17644,47.55283],[9.17612,47.55307],[9.17569,47.55323],[9.17521,47.55328],[9.17491,47.55326],[9.17365,47.55306],[9.17115,47.55268],[9.17084,47.55261],[9.17041,47.5524],[9.17007,47.55191],[9.17014,47.55085],[9.17013,47.55068],[9.17009,47.55045],[9.17009,47.55012],[9.17009,47.54996],[9.1701,47.54985],[9.17011,47.54974],[9.17017,47.54938],[9.17017,47.54925],[9.17016,47.54913],[9.17012,47.54892],[9.17001,47.54868],[9.17,47.54865],[9.1699,47.54843],[9.16984,47.5483],[9.16983,47.54827],[9.16963,47.5478],[9.1696,47.54772],[9.16959,47.54768],[9.16939,47.54717],[9.16937,47.5471],[9.16934,47.54704],[9.16901,47.54641],[9.16879,47.54597],[9.16863,47.54555],[9.16866,47.54519]]]},"properties":{"bfs_nr":4506,"name":"Sulgen"}},{"type":"Feature","geometry":{"type":"Polygon","coordinates":[[[9.25114,47.5314],[9.25111,47.5304],[9.2499,47.53008],[9.24967,47.53004],[9.24898,47.5298],[9.24829,47.52964],[9.24612,47.52935],[9.24615,47.52851],[9.24546,47.52856],[9.24449,47.52852],[9.24454,47.52787],[9.24444,47.52729],[9.24407,47.52727],[9.24294,47.52702],[9.24225,47.52676],[9.24202,47.52517],[9.24201,47.52508],[9.24157,47.52539],[9.24148,47.52539],[9.24105,47.52512],[9.24074,47.52503],[9.24079,47.52372],[9.24084,47.52243],[9.24084,47.5224],[9.23999,47.52234],[9.24016,47.52174],[9.24034,47.5211],[9.2406,47.5206],[9.24015,47.52068],[9.23971,47.52047],[9.23903,47.52031],[9.23887,47.5203],[9.23878,47.52034],[9.23873,47.52033],[9.23848,47.5203],[9.23849,47.52027],[9.23855,47.5202],[9.23857,47.52009],[9.23837,47.51999],[9.23803,47.52006],[9.23804,47.5201],[9.23799,47.5201],[9.23795,47.52008],[9.2378,47.52002],[9.23754,47.52003],[9.23741,47.5196],[9.23736,47.51942],[9.23729,47.51917],[9.23713,47.51914],[9.23755,47.51809],[9.23772,47.51766],[9.23673,47.51742],[9.23687,47.51697],[9.23712,47.5162],[9.23749,47.51522],[9.23757,47.51507],[9.23801,47.51423],[9.23815,47.51389],[9.23835,47.51353],[9.23858,47.51307],[9.23878,47.51258],[9.23883,47.51225],[9.23884,47.51222],[9.23887,47.51205],[9.23931,47.50907],[9.23912,47.50897],[9.23911,47.50892],[9.23947,47.50879],[9.23944,47.50846],[9.23963,47.50833],[9.2389,47.50793],[9.23818,47.50767],[9.23794,47.50771],[9.23778,47.5074],[9.238,47.50725],[9.23761,47.50706],[9.23656,47.50663],[9.23526,47.50609],[9.23469,47.50585],[9.23479,47.50574],[9.23536,47.50504],[9.23553,47.50484],[9.23367,47.50391],[9.23393,47.50352],[9.23433,47.50329],[9.23449,47.50317],[9.23463,47.50302],[9.23481,47.50293],[9.23534,47.50295],[9.23555,47.50292],[9.23564,47.50297],[9.23569,47.50293],[9.23574,47.5029],[9.23579,47.50289],[9.23596,47.50291],[9.23614,47.50292],[9.23665,47.50297],[9.23679,47.50294],[9.23693,47.50288],[9.23743,47.50366],[9.23787,47.50398],[9.23778,47.5044],[9.23832,47.50444],[9.23938,47.50441],[9.24008,47.5045],[9.23963,47.50429],[9.23981,47.50412],[9.23861,47.50347],[9.24063,47.50213],[9.24108,47.50176],[9.23969,47.5011],[9.24,47.5008],[9.23954,47.50058],[9.24031,47.49987],[9.24095,47.49932],[9.24058,47.49912],[9.2412,47.49861],[9.2416,47.49873],[9.24226,47.49917],[9.24294,47.49864],[9.24453,47.49735],[9.24506,47.49776],[9.24598,47.4989],[9.2479,47.50143],[9.24858,47.50263],[9.24913,47.50386],[9.24941,47.50419],[9.24985,47.50442],[9.25027,47.50452],[9.25085,47.50453],[9.25151,47.50429],[9.25193,47.50369],[9.25214,47.50304],[9.25251,47.50264],[9.25297,47.50252],[9.25356,47.50262],[9.25398,47.50271],[9.25471,47.50291],[9.25509,47.50304],[9.25704,47.50389],[9.25756,47.50413],[9.25814,47.50409],[9.25916,47.50331],[9.25957,47.50303],[9.26004,47.50298],[9.26024,47.50308],[9.26286,47.50437],[9.26451,47.50519],[9.26509,47.50528],[9.26543,47.50519],[9.26749,47.50422],[9.26928,47.50346],[9.2722,47.50249],[9.27323,47.50201],[9.27383,47.50159],[9.27384,47.50131],[9.2736,47.50116],[9.27352,47.50109],[9.27346,47.50102],[9.27342,47.50093],[9.2734,47.50085],[9.27342,47.50067],[9.2738,47.50035],[9.27437,47.5003],[9.27522,47.5005],[9.27578,47.50074],[9.27645,47.50112],[9.27792,47.50206],[9.27878,47.50297],[9.2799,47.5045],[9.28021,47.5049],[9.28103,47.50554],[9.2812,47.50568],[9.28131,47.50576],[9.28143,47.50582],[9.28199,47.50598],[9.2823,47.50599],[9.28283,47.50596],[9.28339,47.50563],[9.28343,47.50554],[9.28358,47.50505],[9.28325,47.50352],[9.28333,47.50219],[9.28335,47.50213],[9.28337,47.50206],[9.28339,47.502],[9.28345,47.50185],[9.28351,47.5017],[9.28357,47.50156],[9.28364,47.50141],[9.2837,47.50129],[9.28377,47.50117],[9.28385,47.50106],[9.28394,47.50095],[9.28451,47.50037],[9.28495,47.50007],[9.28769,47.49885],[9.29067,47.49742],[9.29198,47.49675],[9.29337,47.49625],[9.29369,47.49619],[9.29418,47.49634],[9.29425,47.4964],[9.29477,47.4969],[9.29542,47.49748],[9.2956,47.49761],[9.29582,47.4977],[9.29607,47.49776],[9.29641,47.49779],[9.29659,47.4978],[9.29678,47.49779],[9.29696,47.49778],[9.29709,47.49776],[9.29723,47.49773],[9.29736,47.49771],[9.29749,47.49768],[9.29866,47.4973],[9.30079,47.49681],[9.30211,47.49661],[9.30352,47.49632],[9.30405,47.4966],[9.304,47.49692],[9.3023,47.49874],[9.30219,47.49888],[9.30211,47.49902],[9.30204,47.49917],[9.302,47.49933],[9.30198,47.49948],[9.30198,47.49964],[9.302,47.49981],[9.30205,47.49999],[9.30211,47.50016],[9.30219,47.50032],[9.30229,47.50049],[9.3024,47.50064],[9.30252,47.50079],[9.30265,47.50093],[9.30279,47.50107],[9.30294,47.5012],[9.30311,47.50133],[9.30328,47.50144],[9.30345,47.50154],[9.30362,47.50164],[9.30379,47.50173],[9.30416,47.50191],[9.30436,47.502],[9.30457,47.50207],[9.30479,47.50213],[9.30502,47.50218],[9.30526,47.50221],[9.30549,47.50222],[9.30626,47.50226],[9.30642,47.50226],[9.30659,47.50224],[9.30689,47.50218],[9.30704,47.50213],[9.30717,47.50207],[9.30776,47.50175],[9.30841,47.5015],[9.309,47.50259],[9.3092,47.50328],[9.30835,47.50367],[9.30793,47.50395],[9.30807,47.50478],[9.3084,47.50529],[9.30939,47.50579],[9.30997,47.50619],[9.31016,47.50764],[9.31122,47.50745],[9.31229,47.50714],[9.31257,47.50698],[9.31318,47.50702],[9.31411,47.50773],[9.31473,47.50701],[9.31505,47.50689],[9.31599,47.50874],[9.317,47.50864],[9.31662,47.50959],[9.31535,47.50956],[9.31409,47.50983],[9.31275,47.50999],[9.31168,47.51035],[9.31053,47.51097],[9.31003,47.51117],[9.30897,47.51205],[9.30748,47.51314],[9.30641,47.51359],[9.30484,47.51403],[9.30495,47.51472],[9.30336,47.51566],[9.30312,47.51522],[9.30282,47.51487],[9.30193,47.51412],[9.30329,47.51359],[9.30259,47.51234],[9.30139,47.51273],[9.30103,47.51245],[9.30086,47.51178],[9.30013,47.51197],[9.29937,47.51209],[9.29774,47.50917],[9.29654,47.50928],[9.29535,47.50962],[9.29468,47.50923],[9.2935,47.50869],[9.29196,47.50814],[9.29157,47.50666],[9.29024,47.507],[9.28953,47.5071],[9.28917,47.50736],[9.28875,47.50739],[9.28813,47.50732],[9.2876,47.50738],[9.28725,47.50761],[9.2864,47.50763],[9.28639,47.50678],[9.28341,47.50608],[9.28327,47.50588],[9.2828,47.50604],[9.28211,47.50604],[9.28158,47.50595],[9.28101,47.50569],[9.28093,47.50641],[9.2798,47.50631],[9.27863,47.50635],[9.27789,47.50678],[9.27654,47.50681],[9.27591,47.50678],[9.27529,47.50686],[9.27442,47.50683],[9.27425,47.50707],[9.27362,47.50701],[9.27323,47.50808],[9.27243,47.50787],[9.27157,47.50783],[9.27087,47.50973],[9.27059,47.51007],[9.26895,47.51034],[9.26837,47.51087],[9.26867,47.51116],[9.26877,47.51167],[9.26917,47.51185],[9.27016,47.51242],[9.27049,47.51213],[9.27154,47.51137],[9.27209,47.51145],[9.27244,47.512],[9.27335,47.51218],[9.27355,47.51235],[9.27346,47.5126],[9.27434,47.51267],[9.27492,47.51287],[9.27539,47.51315],[9.27593,47.51267],[9.27639,47.51263],[9.27699,47.51194],[9.27785,47.51186],[9.27797,47.51033],[9.27835,47.51008],[9.27891,47.50994],[9.27978,47.50992],[9.28037,47.51008],[9.28032,47.5106],[9.28047,47.51132],[9.28019,47.51154],[9.27962,47.5118],[9.27964,47.51231],[9.27998,47.5132],[9.27999,47.51346],[9.27948,47.51397],[9.28095,47.51429],[9.28141,47.51434],[9.28267,47.51465],[9.28252,47.51508],[9.28251,47.51559],[9.28273,47.51639],[9.28315,47.51705],[9.28398,47.51793],[9.28483,47.51851],[9.2823,47.52068],[9.29228,47.52265],[9.29348,47.52291],[9.29317,47.52294],[9.29254,47.52329],[9.29204,47.52367],[9.29189,47.52386],[9.29179,47.52407],[9.29183,47.5249],[9.29163,47.5253],[9.28798,47.52297],[9.28677,47.52263],[9.28496,47.52497],[9.28388,47.52475],[9.28337,47.52435],[9.28318,47.52415],[9.28281,47.52367],[9.28267,47.52355],[9.28244,47.52344],[9.28216,47.52335],[9.28188,47.5233],[9.28154,47.52327],[9.28119,47.52322],[9.28087,47.52314],[9.28057,47.52303],[9.28002,47.52274],[9.27913,47.52329],[9.27918,47.52435],[9.27905,47.52502],[9.2786,47.52627],[9.27802,47.52637],[9.2776,47.52635],[9.27778,47.52781],[9.27779,47.52834],[9.27586,47.52855],[9.27567,47.52928],[9.27482,47.52958],[9.27271,47.53053],[9.27206,47.53072],[9.27097,47.53133],[9.27076,47.53197],[9.26616,47.53176],[9.26613,47.53127],[9.26402,47.53146],[9.26268,47.53164],[9.26259,47.53167],[9.26274,47.53189],[9.26273,47.53189],[9.26277,47.53193],[9.26286,47.53205],[9.26082,47.53212],[9.2608,47.53189],[9.25876,47.53164],[9.2586,47.53184],[9.25689,47.53167],[9.25688,47.53203],[9.25595,47.53189],[9.25596,47.53175],[9.25381,47.53161],[9.2538,47.53174],[9.25344,47.53171],[9.25208,47.53149],[9.25199,47.53145],[9.25139,47.53139],[9.25114,47.5314]]]},"properties":{"bfs_nr":4511,"name":"Zihlschlacht-Sitterdorf"}},{"type":"Feature","geometry":{"type":"Polygon","coordinates":[[[8.7205,47.66808],[8.72078,47.66731],[8.72093,47.66666],[8.72104,47.66633],[8.72109,47.66623],[8.72113,47.66615],[8.72135,47.66574],[8.72136,47.66573],[8.72174,47.66508],[8.72193,47.66479],[8.72198,47.66446],[8.7218,47.66379],[8.72189,47.6628],[8.72211,47.66249],[8.72303,47.662],[8.72329,47.66172],[8.72338,47.66139],[8.72329,47.66106],[8.7229,47.66064],[8.72279,47.66044],[8.72264,47.66006],[8.72258,47.65991],[8.72258,47.65989],[8.72225,47.65895],[8.72223,47.65817],[8.72258,47.65772],[8.72297,47.65748],[8.72321,47.6572],[8.72328,47.65688],[8.72323,47.65583],[8.72307,47.65554],[8.72301,47.65533],[8.72281,47.6541],[8.7228,47.654],[8.7228,47.65394],[8.7228,47.6538],[8.72283,47.65363],[8.72287,47.65346],[8.72322,47.65249],[8.72337,47.65223],[8.72386,47.65185],[8.72506,47.65129],[8.72596,47.65106],[8.72651,47.65097],[8.72804,47.65093],[8.72895,47.651],[8.72969,47.65085],[8.73006,47.65061],[8.73027,47.6503],[8.73022,47.64978],[8.72982,47.64935],[8.72969,47.64901],[8.72976,47.64867],[8.73031,47.64797],[8.7304,47.64785],[8.7306,47.6475],[8.73068,47.64726],[8.73075,47.64695],[8.73073,47.64679],[8.73068,47.64664],[8.7303,47.64584],[8.73009,47.64552],[8.72956,47.64491],[8.72943,47.64472],[8.72935,47.64434],[8.7294,47.64393],[8.72958,47.64363],[8.73011,47.64331],[8.73114,47.6431],[8.73178,47.64283],[8.73204,47.64254],[8.73222,47.64212],[8.73273,47.64175],[8.73369,47.64147],[8.73429,47.64141],[8.73481,47.6415],[8.73551,47.64197],[8.73591,47.64216],[8.73639,47.64224],[8.73709,47.64214],[8.73798,47.6419],[8.73848,47.64191],[8.74064,47.64216],[8.74174,47.6424],[8.74225,47.64238],[8.74291,47.64212],[8.74318,47.64182],[8.74332,47.64138],[8.74329,47.64048],[8.74345,47.64007],[8.74381,47.63978],[8.74437,47.63961],[8.74521,47.63946],[8.74614,47.63918],[8.74667,47.63916],[8.74738,47.63938],[8.74769,47.63966],[8.74806,47.64048],[8.74826,47.64076],[8.74914,47.64122],[8.74971,47.64135],[8.751,47.64133],[8.75148,47.64146],[8.75231,47.64208],[8.7528,47.64223],[8.75334,47.64224],[8.75452,47.64216],[8.75498,47.64229],[8.75557,47.64275],[8.75598,47.64296],[8.75647,47.64305],[8.75731,47.64304],[8.75779,47.64317],[8.75841,47.64355],[8.75893,47.64416],[8.75908,47.64465],[8.75948,47.64534],[8.75982,47.64559],[8.76028,47.64574],[8.76104,47.64583],[8.76219,47.64612],[8.76267,47.64643],[8.76457,47.64839],[8.76522,47.64874],[8.76615,47.6489],[8.76712,47.64932],[8.76783,47.64983],[8.76853,47.6501],[8.76902,47.65013],[8.77078,47.64986],[8.77134,47.64983],[8.77238,47.64992],[8.77311,47.64968],[8.7736,47.64927],[8.77418,47.64892],[8.77472,47.64879],[8.77598,47.64887],[8.77643,47.649],[8.77696,47.64935],[8.77728,47.64968],[8.77753,47.65025],[8.77807,47.65081],[8.77865,47.65105],[8.77946,47.65124],[8.78102,47.6517],[8.78193,47.65216],[8.78251,47.65253],[8.78422,47.65396],[8.78577,47.65537],[8.78598,47.65593],[8.7859,47.65729],[8.78605,47.65775],[8.78644,47.65811],[8.78662,47.65852],[8.78672,47.65937],[8.78661,47.66056],[8.78668,47.66091],[8.78769,47.66292],[8.78823,47.66443],[8.78845,47.66476],[8.78885,47.66501],[8.78963,47.66513],[8.79138,47.66482],[8.79282,47.66469],[8.79331,47.66469],[8.79669,47.66496],[8.79756,47.66499],[8.79804,47.66514],[8.79852,47.66556],[8.79879,47.66683],[8.79874,47.66771],[8.79855,47.66805],[8.79817,47.66831],[8.79767,47.66845],[8.79701,47.66849],[8.79626,47.66873],[8.79594,47.66879],[8.7957,47.6688],[8.79491,47.6688],[8.79487,47.6688],[8.79464,47.6688],[8.79454,47.66881],[8.79425,47.66883],[8.79412,47.66884],[8.79379,47.66889],[8.79345,47.66892],[8.79313,47.66893],[8.79268,47.66905],[8.79141,47.66983],[8.79089,47.66996],[8.78976,47.66995],[8.78924,47.67008],[8.78872,47.67035],[8.78753,47.67066],[8.78699,47.67065],[8.7865,47.67049],[8.78602,47.67017],[8.78579,47.67008],[8.78554,47.67001],[8.78527,47.66999],[8.78478,47.67002],[8.78455,47.67002],[8.78432,47.66999],[8.78357,47.66973],[8.78308,47.6695],[8.78288,47.66941],[8.78276,47.66937],[8.78266,47.66933],[8.78252,47.6693],[8.78245,47.66928],[8.78225,47.66924],[8.78216,47.66923],[8.78191,47.66921],[8.78166,47.66923],[8.78087,47.66936],[8.78037,47.66933],[8.7794,47.66892],[8.77893,47.66884],[8.77778,47.66893],[8.77729,47.6688],[8.77665,47.66836],[8.77592,47.66816],[8.77539,47.66821],[8.7748,47.66844],[8.77439,47.66889],[8.77437,47.66925],[8.77459,47.66969],[8.77461,47.67006],[8.77437,47.67081],[8.77409,47.67114],[8.77371,47.67136],[8.77348,47.67143],[8.77313,47.6715],[8.77293,47.67155],[8.77282,47.67158],[8.7725,47.67172],[8.77224,47.67186],[8.77156,47.67208],[8.77104,47.67239],[8.77019,47.67278],[8.7699,47.6731],[8.76979,47.67359],[8.76959,47.67391],[8.7692,47.67425],[8.76905,47.67479],[8.76923,47.67514],[8.76951,47.67542],[8.76967,47.6757],[8.76976,47.67584],[8.77002,47.67614],[8.77012,47.67645],[8.77011,47.67666],[8.7701,47.6767],[8.77004,47.67688],[8.76956,47.678],[8.76928,47.67827],[8.76888,47.67846],[8.76817,47.67859],[8.7672,47.67871],[8.76591,47.67884],[8.76541,47.67904],[8.76475,47.67949],[8.76451,47.67956],[8.76419,47.6796],[8.76317,47.67967],[8.76286,47.67967],[8.76238,47.67958],[8.76198,47.67937],[8.76146,47.67881],[8.76138,47.67848],[8.76142,47.67803],[8.76111,47.67755],[8.7607,47.67732],[8.7602,47.67723],[8.75722,47.67707],[8.75716,47.67707],[8.75698,47.67705],[8.75692,47.67705],[8.75525,47.67689],[8.75451,47.67696],[8.75429,47.67704],[8.7541,47.67716],[8.75395,47.67729],[8.75383,47.67744],[8.75376,47.6776],[8.75373,47.67777],[8.75373,47.67825],[8.75369,47.67847],[8.7535,47.67878],[8.75313,47.67903],[8.75266,47.67916],[8.75234,47.67919],[8.75123,47.67919],[8.75095,47.67918],[8.75061,47.67914],[8.75009,47.67919],[8.74985,47.67927],[8.74951,47.67941],[8.7494,47.67945],[8.74922,47.6795],[8.74815,47.67975],[8.74737,47.67971],[8.74694,47.67951],[8.74658,47.67904],[8.74659,47.67864],[8.74677,47.67808],[8.74684,47.67776],[8.74698,47.67733],[8.74701,47.67716],[8.74692,47.67681],[8.74643,47.67639],[8.74594,47.67626],[8.74541,47.67626],[8.74447,47.67638],[8.74395,47.67633],[8.74327,47.67608],[8.74152,47.67557],[8.74108,47.67554],[8.74058,47.67547],[8.74022,47.67546],[8.73951,47.67522],[8.7392,47.67493],[8.73896,47.67448],[8.7386,47.67421],[8.7381,47.67406],[8.73661,47.67383],[8.7366,47.67383],[8.73506,47.6736],[8.73254,47.67322],[8.73221,47.67314],[8.73177,47.67294],[8.731,47.67282],[8.73035,47.67293],[8.72986,47.67309],[8.72963,47.67315],[8.72941,47.67318],[8.72912,47.6732],[8.72886,47.6732],[8.72613,47.67311],[8.72599,47.6731],[8.72575,47.67308],[8.72553,47.67305],[8.72521,47.67299],[8.72483,47.67287],[8.72423,47.67279],[8.7238,47.6726],[8.7235,47.67232],[8.72319,47.67176],[8.72309,47.67141],[8.72312,47.671],[8.72284,47.67053],[8.72248,47.67025],[8.72219,47.66967],[8.72166,47.66928],[8.72109,47.6691],[8.72069,47.66885],[8.72048,47.6685],[8.7205,47.66808]]]},"properties":{"bfs_nr":4536,"name":"Basadingen-Schlattingen"}},{"type":"Feature","geometry":{"type":"Polygon","coordinates":[[[8.70151,47.6901],[8.70164,47.68968],[8.7019,47.68922],[8.70197,47.68906],[8.70207,47.68871],[8.70214,47.68838],[8.70236,47.68808],[8.70294,47.68778],[8.70342,47.68772],[8.70441,47.68781],[8.70491,47.68774],[8.70514,47.68766],[8.70534,47.68755],[8.7055,47.68741],[8.70562,47.68726],[8.70566,47.6872],[8.70575,47.68701],[8.70577,47.68681],[8.70573,47.68628],[8.70544,47.68117],[8.70544,47.68116],[8.70541,47.68041],[8.70543,47.68018],[8.70552,47.67994],[8.70687,47.67699],[8.707,47.67679],[8.70734,47.67652],[8.70756,47.67642],[8.70807,47.67632],[8.7084,47.67633],[8.71007,47.67648],[8.71043,47.67654],[8.71098,47.67679],[8.71139,47.67708],[8.7115,47.67716],[8.71165,47.6773],[8.71175,47.67743],[8.71181,47.6775],[8.71187,47.67755],[8.71196,47.67764],[8.71201,47.67768],[8.71213,47.67776],[8.71218,47.67779],[8.71232,47.67787],[8.71239,47.6779],[8.71263,47.67799],[8.71316,47.67806],[8.71369,47.67798],[8.71413,47.67777],[8.71429,47.67762],[8.71447,47.67728],[8.71448,47.67712],[8.71447,47.67696],[8.71448,47.67681],[8.7145,47.67665],[8.71453,47.6765],[8.71457,47.67637],[8.71462,47.67624],[8.71471,47.67605],[8.71479,47.67592],[8.71485,47.67582],[8.71541,47.67507],[8.71684,47.67332],[8.71737,47.67265],[8.71751,47.67232],[8.71839,47.67144],[8.71888,47.67081],[8.7197,47.66952],[8.72029,47.66919],[8.72104,47.66914],[8.72171,47.66937],[8.72209,47.66981],[8.72213,47.67021],[8.72231,47.67055],[8.72276,47.67091],[8.72299,47.67124],[8.72293,47.67192],[8.7231,47.67248],[8.72341,47.67277],[8.72386,47.67296],[8.72438,47.67302],[8.72487,47.67298],[8.72516,47.673],[8.72577,47.67308],[8.72587,47.67309],[8.72601,47.6731],[8.72611,47.67311],[8.7289,47.6732],[8.72908,47.6732],[8.7293,47.67319],[8.72938,47.67318],[8.72945,47.67317],[8.72964,47.67315],[8.72982,47.6731],[8.73037,47.67294],[8.73088,47.67291],[8.73161,47.67309],[8.73223,47.67317],[8.73507,47.6736],[8.7366,47.67383],[8.73662,47.67383],[8.73784,47.67402],[8.73815,47.67408],[8.73856,47.67428],[8.73884,47.67456],[8.73919,47.67515],[8.73956,47.67537],[8.74004,47.67548],[8.74058,47.67548],[8.74113,47.67557],[8.74162,47.67562],[8.74246,47.67586],[8.74301,47.67627],[8.7435,47.67645],[8.74405,47.67649],[8.74535,47.67627],[8.74594,47.67626],[8.74642,47.6764],[8.74691,47.67681],[8.74701,47.67716],[8.74697,47.67738],[8.74684,47.67778],[8.74677,47.67807],[8.74658,47.67869],[8.74657,47.67904],[8.74664,47.67921],[8.74693,47.67951],[8.74737,47.67971],[8.74815,47.67976],[8.7484,47.6797],[8.74862,47.67965],[8.74925,47.67949],[8.74937,47.67946],[8.7496,47.67938],[8.75,47.67924],[8.7505,47.67917],[8.75105,47.6792],[8.75241,47.67919],[8.75266,47.67917],[8.75314,47.67903],[8.75334,47.67892],[8.7535,47.67879],[8.75362,47.67863],[8.7537,47.67847],[8.75373,47.67829],[8.75373,47.67781],[8.75376,47.6776],[8.75395,47.67729],[8.7543,47.67705],[8.75451,47.67696],[8.75531,47.67689],[8.75693,47.67705],[8.75697,47.67705],[8.75717,47.67707],[8.75721,47.67707],[8.76009,47.67722],[8.76084,47.6774],[8.76118,47.67765],[8.76135,47.67796],[8.76135,47.6783],[8.76118,47.67883],[8.76144,47.67935],[8.76185,47.67959],[8.76264,47.67971],[8.76438,47.67959],[8.76467,47.67955],[8.76517,47.67934],[8.7656,47.679],[8.76604,47.67884],[8.76728,47.6787],[8.76819,47.67859],[8.76888,47.67846],[8.76929,47.67827],[8.76957,47.678],[8.77005,47.67685],[8.77009,47.67673],[8.77011,47.67662],[8.77013,47.67645],[8.7701,47.67629],[8.77002,47.67614],[8.76978,47.67586],[8.76965,47.67568],[8.76947,47.67528],[8.76944,47.67512],[8.76952,47.67479],[8.76977,47.6745],[8.77023,47.6742],[8.77053,47.67388],[8.77062,47.67351],[8.77058,47.67299],[8.77084,47.67253],[8.77156,47.67209],[8.77224,47.67186],[8.77243,47.67176],[8.7729,47.67156],[8.77314,47.6715],[8.77365,47.67143],[8.77413,47.67121],[8.77446,47.6709],[8.7747,47.67048],[8.77499,47.67017],[8.77515,47.66985],[8.77517,47.66949],[8.77551,47.66901],[8.7762,47.66874],[8.77673,47.66873],[8.77765,47.66896],[8.77873,47.66894],[8.77925,47.66904],[8.77969,47.66925],[8.78043,47.66942],[8.78088,47.66941],[8.78147,47.66927],[8.78186,47.66922],[8.78224,47.66924],[8.78249,47.66929],[8.78269,47.66934],[8.78359,47.66974],[8.78407,47.66993],[8.78433,47.67],[8.78462,47.67003],[8.7849,47.67002],[8.78513,47.67],[8.78562,47.67004],[8.78604,47.67019],[8.78638,47.67043],[8.78658,47.67053],[8.7868,47.67061],[8.78705,47.67066],[8.78755,47.67066],[8.78872,47.67035],[8.78924,47.67008],[8.78976,47.66996],[8.79056,47.66998],[8.79086,47.66997],[8.79118,47.66992],[8.79142,47.66984],[8.79268,47.66905],[8.79313,47.66894],[8.7935,47.66891],[8.79373,47.6689],[8.79408,47.66885],[8.79429,47.66882],[8.79452,47.66881],[8.79467,47.6688],[8.79492,47.6688],[8.79575,47.6688],[8.79598,47.66879],[8.79619,47.66876],[8.7969,47.66859],[8.79749,47.66859],[8.7982,47.66844],[8.79855,47.6682],[8.79875,47.66789],[8.7988,47.66689],[8.79864,47.66583],[8.79876,47.66549],[8.79927,47.66511],[8.79974,47.66499],[8.80032,47.66501],[8.80181,47.66524],[8.80313,47.6653],[8.80466,47.66545],[8.80512,47.66562],[8.80544,47.6659],[8.80558,47.66641],[8.80542,47.66674],[8.80527,47.66689],[8.80504,47.66704],[8.80454,47.6673],[8.80444,47.66736],[8.80407,47.66749],[8.80285,47.66781],[8.80157,47.66826],[8.80065,47.66836],[8.80016,47.66849],[8.79978,47.66873],[8.79957,47.66905],[8.79956,47.66957],[8.79932,47.67011],[8.79933,47.67048],[8.79952,47.67128],[8.7994,47.67168],[8.79946,47.672],[8.79992,47.67296],[8.79999,47.67317],[8.8,47.67338],[8.79992,47.67414],[8.79988,47.67433],[8.79969,47.67476],[8.79965,47.67513],[8.79943,47.67546],[8.7988,47.67578],[8.79802,47.6758],[8.79678,47.67547],[8.79393,47.67496],[8.79277,47.67488],[8.79204,47.6749],[8.79105,47.67502],[8.78937,47.67531],[8.78835,47.67554],[8.7876,47.67578],[8.78382,47.67709],[8.78302,47.67737],[8.78147,47.67801],[8.77963,47.67887],[8.77806,47.6795],[8.77616,47.68016],[8.7748,47.6807],[8.77351,47.68132],[8.77289,47.68165],[8.77198,47.68223],[8.77147,47.68267],[8.77056,47.68379],[8.77013,47.68416],[8.76901,47.6849],[8.76761,47.68568],[8.76649,47.68622],[8.76491,47.68686],[8.76014,47.68861],[8.75817,47.68927],[8.75658,47.68969],[8.75572,47.68989],[8.75228,47.69059],[8.75079,47.69081],[8.74981,47.69086],[8.74523,47.69094],[8.74372,47.69102],[8.74294,47.69109],[8.74145,47.6913],[8.74035,47.69151],[8.73928,47.69177],[8.73664,47.69247],[8.73511,47.69275],[8.73385,47.69287],[8.73222,47.6929],[8.72664,47.69273],[8.72538,47.69263],[8.72399,47.69245],[8.72269,47.69222],[8.7208,47.69175],[8.71899,47.69115],[8.71784,47.69068],[8.71577,47.68989],[8.71531,47.68974],[8.71463,47.68961],[8.7141,47.68959],[8.71292,47.68964],[8.71154,47.6896],[8.71004,47.68946],[8.70889,47.68946],[8.7077,47.68956],[8.70654,47.68978],[8.70594,47.68994],[8.70492,47.6903],[8.70348,47.691],[8.70298,47.69111],[8.70222,47.69101],[8.70182,47.6908],[8.70157,47.69049],[8.70152,47.69032],[8.70151,47.6901]]]},"properties":{"bfs_nr":4545,"name":"Diessenhofen"}},{"type":"Feature","geometry":{"type":"Polygon","coordinates":[[[8.66867,47.67858],[8.66818,47.6777],[8.66804,47.67722],[8.66813,47.67686],[8.66881,47.67555],[8.66923,47.67489],[8.66954,47.67465],[8.67099,47.67411],[8.67274,47.67336],[8.67333,47.673],[8.67381,47.67282],[8.67557,47.67238],[8.67647,47.67197],[8.6768,47.67173],[8.67701,47.67128],[8.67704,47.67033],[8.6771,47.66988],[8.67751,47.66901],[8.67783,47.66874],[8.67845,47.66851],[8.67881,47.66827],[8.67906,47.66772],[8.67907,47.6668],[8.67888,47.66618],[8.67864,47.66588],[8.67767,47.66533],[8.67747,47.66502],[8.67743,47.66416],[8.67765,47.66287],[8.6778,47.66252],[8.67854,47.66187],[8.67906,47.66164],[8.67951,47.66125],[8.67959,47.66075],[8.67927,47.66006],[8.67931,47.65966],[8.67986,47.65878],[8.68045,47.65818],[8.68103,47.65786],[8.68189,47.65754],[8.68227,47.65733],[8.68252,47.65704],[8.68304,47.656],[8.68332,47.65573],[8.68421,47.65531],[8.68451,47.65501],[8.68464,47.65436],[8.68485,47.65402],[8.68549,47.65369],[8.68632,47.65357],[8.68673,47.65338],[8.68701,47.65311],[8.68809,47.65146],[8.6882,47.65103],[8.68815,47.6505],[8.68845,47.65],[8.68887,47.64977],[8.6902,47.64947],[8.69052,47.64936],[8.69205,47.64867],[8.69292,47.64836],[8.69364,47.64801],[8.69419,47.64795],[8.69506,47.64804],[8.69665,47.64793],[8.69773,47.64778],[8.6982,47.64766],[8.69869,47.64732],[8.69914,47.6471],[8.7002,47.64692],[8.70075,47.64652],[8.701,47.64597],[8.70145,47.6456],[8.70272,47.6451],[8.70301,47.64486],[8.70331,47.64437],[8.70385,47.64401],[8.7079,47.64242],[8.70875,47.64229],[8.70927,47.64239],[8.70973,47.64267],[8.7104,47.64325],[8.71147,47.64376],[8.71212,47.64394],[8.71315,47.6441],[8.7139,47.64404],[8.71432,47.64384],[8.71487,47.64336],[8.71532,47.64319],[8.71596,47.64309],[8.71637,47.64291],[8.71666,47.64264],[8.71725,47.6419],[8.71776,47.64166],[8.71886,47.64137],[8.71964,47.64143],[8.7202,47.64169],[8.72074,47.6418],[8.72185,47.64176],[8.72271,47.64184],[8.72318,47.64202],[8.72377,47.64253],[8.72468,47.64292],[8.7254,47.64297],[8.7265,47.64286],[8.72808,47.64288],[8.72857,47.64302],[8.72894,47.64328],[8.72933,47.64391],[8.72936,47.64412],[8.72935,47.64438],[8.72936,47.64455],[8.72942,47.64472],[8.72953,47.64487],[8.73007,47.6455],[8.73031,47.64587],[8.73066,47.6466],[8.73073,47.64681],[8.73073,47.64699],[8.73068,47.64721],[8.73056,47.64757],[8.73042,47.64781],[8.73029,47.648],[8.72974,47.64865],[8.72958,47.64895],[8.72954,47.6496],[8.72962,47.64992],[8.7295,47.65042],[8.7292,47.65069],[8.72852,47.65092],[8.72597,47.65099],[8.72551,47.65106],[8.72518,47.6512],[8.72384,47.65186],[8.72337,47.65221],[8.72323,47.65248],[8.72287,47.65348],[8.72285,47.65354],[8.72282,47.65365],[8.72281,47.65373],[8.7228,47.65382],[8.72279,47.65391],[8.7228,47.65401],[8.72281,47.65408],[8.72304,47.65555],[8.72323,47.65598],[8.72325,47.6569],[8.72306,47.65722],[8.72247,47.65764],[8.7222,47.65818],[8.72223,47.65889],[8.72263,47.66006],[8.72293,47.66078],[8.72304,47.66105],[8.72295,47.66158],[8.72264,47.66187],[8.72208,47.66222],[8.72187,47.66267],[8.72177,47.66429],[8.72184,47.66467],[8.72183,47.66486],[8.72173,47.66509],[8.72136,47.66574],[8.72135,47.66575],[8.72112,47.66616],[8.72109,47.66621],[8.72103,47.66635],[8.72094,47.66665],[8.72077,47.66732],[8.72049,47.6681],[8.72028,47.66855],[8.71929,47.67012],[8.71889,47.6708],[8.71838,47.67145],[8.71752,47.67228],[8.71682,47.67334],[8.7154,47.67508],[8.71537,47.67511],[8.71484,47.67584],[8.7148,47.6759],[8.71469,47.67608],[8.71463,47.67621],[8.71456,47.67639],[8.71454,47.67648],[8.71449,47.67668],[8.71448,47.67679],[8.71447,47.67698],[8.71447,47.67701],[8.71446,47.67728],[8.71429,47.67762],[8.71369,47.67798],[8.71316,47.67806],[8.71263,47.67799],[8.71234,47.67788],[8.71215,47.67778],[8.71198,47.67766],[8.71185,47.67753],[8.71174,47.67741],[8.71168,47.67735],[8.71166,47.67732],[8.71162,47.67728],[8.71152,47.67718],[8.71142,47.67709],[8.71089,47.67672],[8.71047,47.67653],[8.71022,47.67647],[8.70997,47.67645],[8.70964,47.67644],[8.70834,47.67633],[8.70807,47.67632],[8.70756,47.67642],[8.70734,47.67651],[8.70714,47.67664],[8.70699,47.67679],[8.70689,47.67695],[8.70553,47.67992],[8.70548,47.67999],[8.70542,47.68017],[8.70541,47.68036],[8.70541,47.68042],[8.70544,47.68118],[8.70573,47.68628],[8.70576,47.68676],[8.70574,47.68701],[8.70564,47.68723],[8.7055,47.68741],[8.70533,47.68754],[8.70491,47.68774],[8.70441,47.68781],[8.70336,47.68771],[8.70287,47.68777],[8.70228,47.68809],[8.70205,47.68842],[8.70202,47.6886],[8.70203,47.68866],[8.702,47.68897],[8.70198,47.68902],[8.70188,47.68926],[8.70161,47.68974],[8.70153,47.68998],[8.70145,47.69059],[8.70143,47.69077],[8.70149,47.69191],[8.70129,47.69222],[8.70088,47.69247],[8.6997,47.69292],[8.69882,47.69319],[8.69574,47.69399],[8.69453,47.69435],[8.69212,47.69517],[8.69149,47.69533],[8.69031,47.69539],[8.68931,47.69522],[8.68861,47.69494],[8.68796,47.6945],[8.68662,47.69292],[8.68594,47.69221],[8.68552,47.69185],[8.68467,47.69124],[8.68369,47.69068],[8.68227,47.69001],[8.68167,47.68968],[8.68062,47.68904],[8.67892,47.68777],[8.67828,47.68741],[8.67767,47.68716],[8.67631,47.6868],[8.67526,47.68648],[8.6723,47.68531],[8.67147,47.68505],[8.67032,47.68484],[8.66969,47.6845],[8.66949,47.68417],[8.66949,47.68361],[8.66962,47.68323],[8.6695,47.68245],[8.66969,47.6816],[8.6696,47.68094],[8.66943,47.68041],[8.66896,47.67958],[8.66867,47.67858]]]},"properties":{"bfs_nr":4546,"name":"Schlatt (TG)"}},{"type":"Feature","geometry":{"type":"Polygon","coordinates":[[[8.88289,47.47559],[8.88257,47.47523],[8.8825,47.4749],[8.88273,47.47443],[8.88308,47.47419],[8.884,47.47388],[8.88435,47.47365],[8.88456,47.47335],[8.88465,47.4727],[8.88458,47.47236],[8.88395,47.47154],[8.88386,47.47106],[8.88408,47.47044],[8.88452,47.47002],[8.88497,47.46987],[8.88548,47.46984],[8.88609,47.46992],[8.88664,47.46985],[8.88719,47.46963],[8.88775,47.46952],[8.88954,47.46937],[8.89005,47.46924],[8.89045,47.46899],[8.89066,47.46864],[8.89073,47.46813],[8.89094,47.46757],[8.89166,47.46618],[8.89213,47.46573],[8.89289,47.46545],[8.89325,47.46518],[8.89342,47.46483],[8.89343,47.46424],[8.89364,47.46392],[8.89419,47.46345],[8.89458,47.46323],[8.89505,47.46312],[8.89557,47.46312],[8.89663,47.46293],[8.89712,47.46272],[8.89846,47.46259],[8.89896,47.46238],[8.89947,47.46227],[8.90016,47.46227],[8.90041,47.46222],[8.90064,47.46215],[8.90141,47.46189],[8.90225,47.46181],[8.90354,47.46195],[8.90417,47.46224],[8.9044,47.46255],[8.90445,47.4629],[8.90434,47.46332],[8.90444,47.46367],[8.90474,47.46411],[8.90481,47.46447],[8.90486,47.46462],[8.90488,47.46466],[8.905,47.46485],[8.90516,47.46502],[8.90535,47.46529],[8.90572,47.46554],[8.90619,47.46567],[8.90696,47.46562],[8.90746,47.46545],[8.908,47.46542],[8.90828,47.46547],[8.90876,47.46566],[8.90916,47.46594],[8.90962,47.46609],[8.91013,47.46612],[8.91062,47.46601],[8.91114,47.46575],[8.91155,47.46542],[8.91201,47.46526],[8.91261,47.46516],[8.91306,47.46495],[8.91341,47.46446],[8.91338,47.4641],[8.91321,47.46369],[8.91322,47.46338],[8.91361,47.4629],[8.91405,47.4627],[8.91458,47.46264],[8.91486,47.46266],[8.91527,47.46278],[8.91583,47.46309],[8.91631,47.46321],[8.91671,47.46335],[8.91708,47.46348],[8.91756,47.46362],[8.9179,47.46378],[8.91812,47.46387],[8.91861,47.46394],[8.91988,47.46379],[8.92069,47.46392],[8.92119,47.46389],[8.92164,47.46373],[8.92197,47.46347],[8.92218,47.46286],[8.92254,47.46243],[8.92325,47.46201],[8.92349,47.46171],[8.92358,47.46127],[8.92377,47.46095],[8.92412,47.46071],[8.92458,47.46057],[8.92538,47.46052],[8.92633,47.46031],[8.92747,47.46034],[8.92842,47.46033],[8.92889,47.46047],[8.92938,47.46087],[8.92947,47.46122],[8.92934,47.46167],[8.92948,47.46229],[8.92939,47.46295],[8.92958,47.4634],[8.92944,47.464],[8.92945,47.46451],[8.92968,47.46481],[8.93006,47.46503],[8.93053,47.46514],[8.93134,47.46517],[8.93201,47.46546],[8.93266,47.46615],[8.93275,47.46651],[8.93245,47.4671],[8.93237,47.46745],[8.93248,47.46801],[8.93272,47.46835],[8.93284,47.4687],[8.93262,47.46921],[8.93225,47.46954],[8.9321,47.46987],[8.93215,47.47021],[8.93256,47.47065],[8.93307,47.47091],[8.9334,47.47121],[8.93378,47.47144],[8.93427,47.47155],[8.93522,47.47143],[8.93573,47.47145],[8.93639,47.4717],[8.93666,47.472],[8.93675,47.47234],[8.93661,47.47293],[8.93673,47.4741],[8.93659,47.47445],[8.93633,47.47474],[8.93623,47.47506],[8.93638,47.47578],[8.93668,47.47622],[8.93667,47.47676],[8.93641,47.47707],[8.93598,47.47729],[8.93528,47.47742],[8.93456,47.47741],[8.93407,47.47751],[8.93368,47.47772],[8.93354,47.47787],[8.93338,47.47814],[8.93313,47.47869],[8.93258,47.47901],[8.93191,47.47913],[8.93144,47.47934],[8.93111,47.47966],[8.93007,47.48018],[8.9298,47.48049],[8.92954,47.48127],[8.92958,47.48159],[8.92973,47.48199],[8.92996,47.48244],[8.93003,47.48271],[8.93,47.48297],[8.92986,47.48346],[8.92959,47.48377],[8.92917,47.48398],[8.92866,47.48407],[8.92816,47.48407],[8.92774,47.48413],[8.92729,47.48433],[8.92698,47.48463],[8.92683,47.48519],[8.92644,47.48562],[8.92593,47.48597],[8.92576,47.48635],[8.92574,47.48674],[8.92536,47.48722],[8.92516,47.48761],[8.92488,47.4879],[8.92446,47.4881],[8.9241,47.48819],[8.92303,47.48844],[8.92278,47.48852],[8.92238,47.48877],[8.92217,47.4891],[8.92214,47.48929],[8.92216,47.48947],[8.92236,47.4901],[8.92236,47.49012],[8.92244,47.49035],[8.92252,47.49051],[8.92264,47.49066],[8.92299,47.49089],[8.92368,47.49105],[8.92423,47.49101],[8.92476,47.49107],[8.92525,47.49127],[8.92573,47.49137],[8.9267,47.49143],[8.92712,47.49163],[8.92732,47.4918],[8.92829,47.49285],[8.92839,47.49319],[8.92836,47.4934],[8.92782,47.49519],[8.9279,47.49573],[8.92803,47.49589],[8.92821,47.49603],[8.92887,47.49644],[8.9291,47.49656],[8.92938,47.49665],[8.9307,47.49693],[8.93175,47.49721],[8.93182,47.49722],[8.93204,47.49728],[8.93219,47.49731],[8.93223,47.49731],[8.93231,47.49732],[8.93259,47.49735],[8.93329,47.49741],[8.93455,47.49757],[8.93578,47.49761],[8.93653,47.49741],[8.93707,47.49692],[8.93747,47.49672],[8.9382,47.49665],[8.93948,47.49686],[8.93977,47.49694],[8.94017,47.49714],[8.94057,47.49772],[8.9409,47.49801],[8.94162,47.49832],[8.94204,47.49876],[8.94208,47.49893],[8.94208,47.49911],[8.94202,47.49928],[8.94189,47.49948],[8.94154,47.49992],[8.94152,47.49994],[8.94108,47.50045],[8.94099,47.50054],[8.94093,47.50061],[8.94084,47.50068],[8.9405,47.50097],[8.93985,47.50161],[8.93955,47.50194],[8.93932,47.50221],[8.9393,47.50224],[8.93902,47.50255],[8.9389,47.50267],[8.93858,47.50297],[8.93856,47.50298],[8.93811,47.50337],[8.93807,47.50341],[8.9377,47.50377],[8.93757,47.50388],[8.93615,47.50496],[8.93552,47.50537],[8.9348,47.50591],[8.93295,47.50697],[8.93171,47.5076],[8.93098,47.50771],[8.93018,47.50761],[8.92967,47.5077],[8.92909,47.50806],[8.92881,47.50853],[8.92855,47.5088],[8.92819,47.50902],[8.92787,47.50917],[8.92751,47.5093],[8.92652,47.50959],[8.92592,47.50983],[8.92508,47.51023],[8.92469,47.51036],[8.92363,47.51063],[8.9222,47.51102],[8.92215,47.51104],[8.92059,47.51143],[8.92048,47.51146],[8.91782,47.51201],[8.91779,47.51202],[8.91356,47.51285],[8.91301,47.51295],[8.91254,47.51312],[8.9121,47.51356],[8.91205,47.51391],[8.91235,47.51476],[8.91225,47.51513],[8.91208,47.51534],[8.91179,47.51562],[8.91169,47.51571],[8.9116,47.51578],[8.91148,47.51587],[8.91135,47.51595],[8.911,47.51616],[8.91094,47.51619],[8.91076,47.51629],[8.91066,47.51634],[8.91055,47.51639],[8.91036,47.5165],[8.91001,47.51695],[8.90998,47.51712],[8.90998,47.51718],[8.90998,47.51721],[8.90999,47.51747],[8.91002,47.51765],[8.91015,47.51809],[8.90996,47.51889],[8.91015,47.51938],[8.91061,47.5198],[8.91076,47.52009],[8.91076,47.52041],[8.9105,47.52121],[8.91068,47.5218],[8.91068,47.52213],[8.91042,47.52265],[8.9104,47.52315],[8.90998,47.52399],[8.91001,47.52452],[8.90974,47.525],[8.90891,47.52538],[8.90856,47.52563],[8.90838,47.52594],[8.90832,47.52647],[8.90778,47.52729],[8.90779,47.52779],[8.90772,47.52879],[8.90778,47.52898],[8.90789,47.52915],[8.90806,47.5293],[8.90889,47.52991],[8.90929,47.53011],[8.90977,47.5302],[8.91051,47.53019],[8.91098,47.53031],[8.91134,47.53053],[8.91157,47.53083],[8.91184,47.53176],[8.91162,47.53231],[8.91137,47.53254],[8.91126,47.53271],[8.91119,47.53289],[8.91114,47.53305],[8.91103,47.53354],[8.91068,47.53405],[8.91058,47.53448],[8.91021,47.53532],[8.90964,47.53566],[8.90907,47.53578],[8.90873,47.53586],[8.90848,47.53594],[8.90795,47.53634],[8.90783,47.53669],[8.90792,47.53705],[8.90836,47.53759],[8.90839,47.53822],[8.90805,47.53875],[8.90769,47.53961],[8.90738,47.53991],[8.90691,47.5401],[8.90638,47.54015],[8.90586,47.54005],[8.90558,47.53992],[8.90529,47.53976],[8.90525,47.53974],[8.90492,47.53955],[8.90488,47.53952],[8.90469,47.53942],[8.90416,47.53925],[8.90357,47.53919],[8.90294,47.53891],[8.90249,47.53832],[8.9023,47.53818],[8.90208,47.53807],[8.90098,47.53764],[8.90073,47.53752],[8.90055,47.5374],[8.90019,47.53699],[8.8993,47.53653],[8.89865,47.5361],[8.89815,47.53597],[8.89759,47.53593],[8.89701,47.53579],[8.89558,47.53554],[8.89409,47.53518],[8.89332,47.53516],[8.89242,47.53532],[8.89193,47.53524],[8.89152,47.53504],[8.89104,47.53456],[8.89075,47.53423],[8.89066,47.5341],[8.89038,47.53372],[8.89029,47.53361],[8.89025,47.53358],[8.88999,47.53329],[8.8897,47.53306],[8.88946,47.53273],[8.88944,47.53237],[8.88966,47.53198],[8.89019,47.53157],[8.89029,47.53149],[8.89036,47.53143],[8.89049,47.53129],[8.89058,47.53114],[8.89062,47.53081],[8.89057,47.53064],[8.89048,47.53049],[8.89018,47.53022],[8.88917,47.52973],[8.8889,47.52947],[8.88863,47.52893],[8.88804,47.52835],[8.88803,47.52786],[8.88825,47.52756],[8.88866,47.52731],[8.88956,47.52698],[8.89053,47.52695],[8.89151,47.52679],[8.8923,47.52673],[8.89421,47.52617],[8.89481,47.5261],[8.89591,47.52592],[8.89637,47.52576],[8.8968,47.5255],[8.89747,47.52455],[8.89797,47.52414],[8.89813,47.52381],[8.89809,47.52346],[8.89725,47.52148],[8.89696,47.52098],[8.89639,47.52018],[8.89598,47.51984],[8.89572,47.5195],[8.89567,47.51917],[8.89581,47.51884],[8.8966,47.51812],[8.89683,47.51782],[8.89687,47.51747],[8.89674,47.51701],[8.89689,47.51619],[8.89668,47.51554],[8.89667,47.51513],[8.89649,47.51462],[8.89637,47.51375],[8.89641,47.51313],[8.89661,47.51276],[8.89669,47.51232],[8.89691,47.51188],[8.8973,47.51146],[8.89745,47.51113],[8.89734,47.51056],[8.8974,47.51001],[8.89732,47.50936],[8.89738,47.50803],[8.89727,47.50767],[8.89704,47.50735],[8.89692,47.50687],[8.89663,47.5064],[8.89654,47.506],[8.89695,47.50522],[8.89692,47.50484],[8.8965,47.50421],[8.89569,47.50366],[8.8954,47.50334],[8.89531,47.50292],[8.89514,47.50263],[8.89466,47.50218],[8.89375,47.50088],[8.89359,47.5007],[8.89298,47.5003],[8.89277,47.49997],[8.89269,47.49809],[8.89284,47.49776],[8.89328,47.49733],[8.89339,47.497],[8.89347,47.495],[8.89343,47.49464],[8.89352,47.49409],[8.89328,47.49215],[8.89327,47.49155],[8.89304,47.49108],[8.89304,47.49034],[8.89295,47.48932],[8.89313,47.48898],[8.89349,47.48871],[8.89397,47.48856],[8.89497,47.48852],[8.89592,47.48826],[8.8967,47.48784],[8.8969,47.48748],[8.89712,47.48664],[8.89756,47.48604],[8.89769,47.48548],[8.89741,47.48496],[8.89707,47.48473],[8.89654,47.48453],[8.89456,47.48415],[8.89325,47.48383],[8.89053,47.48304],[8.88954,47.48258],[8.88864,47.4824],[8.88795,47.4824],[8.88741,47.4823],[8.88693,47.48211],[8.8862,47.48193],[8.88563,47.48154],[8.88549,47.48118],[8.88553,47.48077],[8.88545,47.48047],[8.88506,47.47976],[8.88468,47.4792],[8.88452,47.47866],[8.88455,47.47839],[8.88484,47.4775],[8.88484,47.47713],[8.88445,47.47665],[8.88323,47.47588],[8.88289,47.47559]]]},"properties":{"bfs_nr":4551,"name":"Aadorf"}},{"type":"Feature","geometry":{"type":"Polygon","coordinates":[[[8.91724,47.58214],[8.91769,47.58111],[8.91795,47.58076],[8.91874,47.58028],[8.91937,47.57996],[8.92011,47.57965],[8.92053,47.57923],[8.92058,47.57888],[8.9203,47.57841],[8.91971,47.57801],[8.91948,47.5777],[8.91944,47.57736],[8.91959,47.57698],[8.9197,47.57662],[8.91971,47.57662],[8.92033,47.57463],[8.9206,47.57391],[8.92075,47.5733],[8.92137,47.57217],[8.92195,47.57163],[8.92207,47.57118],[8.92234,47.57071],[8.9227,47.57048],[8.9234,47.57033],[8.92371,47.57035],[8.92385,47.57036],[8.92397,47.57038],[8.92406,47.57039],[8.92416,47.57041],[8.92424,47.57043],[8.92442,47.57047],[8.92455,47.5705],[8.92482,47.57059],[8.92505,47.57065],[8.9253,47.57068],[8.92554,47.57068],[8.92579,47.57065],[8.92602,47.57059],[8.92623,47.5705],[8.92656,47.57026],[8.92667,47.5701],[8.92673,47.56994],[8.92707,47.56861],[8.92715,47.56819],[8.92739,47.56789],[8.928,47.56761],[8.92874,47.56759],[8.92929,47.56771],[8.92981,47.56769],[8.93028,47.56754],[8.9308,47.56715],[8.9311,47.5668],[8.93152,47.56658],[8.93229,47.5665],[8.93335,47.56659],[8.93338,47.5666],[8.93352,47.56662],[8.93399,47.56669],[8.9341,47.5667],[8.93509,47.5668],[8.93519,47.56681],[8.93618,47.56685],[8.93624,47.56686],[8.93634,47.56686],[8.93661,47.56684],[8.93687,47.56679],[8.93731,47.56659],[8.93761,47.56629],[8.93775,47.56602],[8.93781,47.56582],[8.93778,47.56479],[8.93781,47.56456],[8.9379,47.56438],[8.93812,47.56406],[8.93819,47.56361],[8.93838,47.56327],[8.93941,47.56254],[8.93992,47.5624],[8.94091,47.56239],[8.94135,47.56229],[8.94198,47.56201],[8.94251,47.56196],[8.9431,47.56206],[8.94429,47.56242],[8.94473,47.56265],[8.94496,47.56273],[8.94521,47.56278],[8.94547,47.56279],[8.94572,47.56277],[8.94597,47.56272],[8.9462,47.56263],[8.94692,47.56226],[8.94742,47.56219],[8.94791,47.56224],[8.9488,47.56259],[8.94929,47.56271],[8.94997,47.5627],[8.95046,47.56278],[8.95087,47.56298],[8.9514,47.56347],[8.95185,47.56364],[8.95236,47.56369],[8.95286,47.5636],[8.95352,47.56323],[8.95512,47.56276],[8.95539,47.56273],[8.95567,47.56274],[8.9567,47.56291],[8.95716,47.56306],[8.95801,47.5632],[8.9587,47.56328],[8.95891,47.56332],[8.95915,47.56341],[8.95953,47.56357],[8.95977,47.56365],[8.96062,47.56386],[8.9613,47.56408],[8.96151,47.56414],[8.96174,47.56417],[8.96272,47.56422],[8.96302,47.56418],[8.9633,47.56411],[8.96337,47.56408],[8.96346,47.56404],[8.96393,47.56383],[8.96412,47.56372],[8.96455,47.56339],[8.96504,47.56323],[8.96557,47.56322],[8.96607,47.56335],[8.96667,47.56374],[8.96688,47.56409],[8.96686,47.56446],[8.96676,47.56464],[8.96658,47.56484],[8.96616,47.5652],[8.96612,47.56523],[8.96511,47.56604],[8.96451,47.56661],[8.9643,47.56677],[8.96411,47.56687],[8.96364,47.567],[8.9634,47.56702],[8.96315,47.567],[8.96291,47.56696],[8.96256,47.56684],[8.96233,47.56678],[8.96209,47.56675],[8.96184,47.56674],[8.9616,47.56677],[8.96137,47.56683],[8.96076,47.56716],[8.96059,47.56734],[8.96045,47.56754],[8.96039,47.56764],[8.96029,47.56783],[8.96014,47.56805],[8.96005,47.56822],[8.96002,47.56839],[8.96003,47.56857],[8.9602,47.56897],[8.96018,47.56935],[8.95997,47.57018],[8.95975,47.57059],[8.9594,47.57136],[8.95884,47.57269],[8.95869,47.5733],[8.95859,47.57397],[8.95859,47.57407],[8.95862,47.57442],[8.95861,47.57479],[8.95858,47.575],[8.95851,47.57516],[8.95824,47.57544],[8.95784,47.57563],[8.95736,47.57571],[8.95675,47.57572],[8.95627,47.57584],[8.9559,47.57607],[8.95576,47.57622],[8.95568,47.57638],[8.95564,47.57655],[8.95558,47.57727],[8.95564,47.5776],[8.95587,47.57789],[8.95624,47.5781],[8.95751,47.5785],[8.95796,47.57891],[8.95805,47.57925],[8.95801,47.57947],[8.95794,47.57966],[8.95784,47.57986],[8.95755,47.58014],[8.95713,47.58033],[8.95664,47.58039],[8.9561,47.58034],[8.95561,47.58037],[8.95517,47.58051],[8.95473,47.58091],[8.95358,47.58294],[8.95351,47.58311],[8.95349,47.58329],[8.95352,47.58346],[8.95361,47.58363],[8.95374,47.58379],[8.95412,47.58403],[8.95461,47.58419],[8.95499,47.58443],[8.9552,47.58475],[8.95522,47.5851],[8.95514,47.58532],[8.95449,47.58646],[8.95434,47.58666],[8.95397,47.58692],[8.95374,47.58701],[8.95349,47.58706],[8.95322,47.58708],[8.95283,47.58705],[8.95256,47.58705],[8.95229,47.58709],[8.95204,47.58717],[8.95181,47.58727],[8.95163,47.58741],[8.95149,47.58757],[8.95131,47.58804],[8.9512,47.58861],[8.95094,47.58893],[8.95052,47.58915],[8.95,47.58924],[8.94966,47.58923],[8.94784,47.58904],[8.94595,47.58884],[8.94594,47.58884],[8.93978,47.58817],[8.93807,47.58799],[8.93528,47.58769],[8.934,47.58758],[8.93239,47.58749],[8.93231,47.58749],[8.92627,47.58744],[8.92398,47.58749],[8.92391,47.58749],[8.922,47.58749],[8.92185,47.58748],[8.92035,47.5874],[8.92012,47.58738],[8.91843,47.58715],[8.91656,47.5868],[8.91591,47.58646],[8.91567,47.58593],[8.9156,47.58444],[8.9158,47.58389],[8.91712,47.58233],[8.91724,47.58214]]]},"properties":{"bfs_nr":4561,"name":"Felben-Wellhausen"}},{"type":"Feature","geometry":{"type":"Polygon","coordinates":[[[8.83926,47.56801],[8.83926,47.56664],[8.83947,47.56612],[8.84003,47.56579],[8.84076,47.56571],[8.84141,47.56585],[8.84201,47.56618],[8.84269,47.56633],[8.84359,47.56626],[8.84408,47.56614],[8.84446,47.56591],[8.84469,47.56559],[8.84471,47.56524],[8.84454,47.56442],[8.84457,47.56402],[8.8448,47.5637],[8.8452,47.56347],[8.84603,47.56336],[8.85025,47.56361],[8.85105,47.56383],[8.8515,47.56432],[8.85224,47.56617],[8.85234,47.56634],[8.85249,47.5665],[8.85292,47.56674],[8.85345,47.56683],[8.85433,47.56687],[8.85479,47.56707],[8.85525,47.56754],[8.85567,47.56854],[8.85577,47.56871],[8.85608,47.56899],[8.8563,47.56909],[8.85653,47.56916],[8.85679,47.5692],[8.85705,47.56921],[8.8573,47.56918],[8.86388,47.56797],[8.86413,47.56791],[8.86435,47.56781],[8.86454,47.56769],[8.86469,47.56755],[8.8648,47.56739],[8.86485,47.56722],[8.86486,47.56704],[8.86482,47.56687],[8.86427,47.56545],[8.86426,47.5654],[8.86411,47.5649],[8.86411,47.56488],[8.86406,47.56469],[8.86404,47.56463],[8.86401,47.56446],[8.864,47.5644],[8.86387,47.56327],[8.86392,47.56282],[8.86384,47.56234],[8.86392,47.56182],[8.8642,47.56151],[8.86491,47.56126],[8.86547,47.56121],[8.86594,47.56103],[8.86613,47.5609],[8.86628,47.56074],[8.86692,47.55987],[8.86739,47.55941],[8.86766,47.559],[8.86775,47.55856],[8.86815,47.558],[8.86874,47.55694],[8.86907,47.55669],[8.86951,47.55653],[8.86975,47.5565],[8.87007,47.5565],[8.87108,47.55657],[8.87133,47.55657],[8.87157,47.55654],[8.8718,47.55649],[8.87202,47.5564],[8.8722,47.55628],[8.87235,47.55615],[8.87246,47.556],[8.87253,47.55584],[8.87255,47.55577],[8.87255,47.55575],[8.87277,47.55485],[8.87301,47.55424],[8.87281,47.55375],[8.87224,47.55341],[8.87143,47.55322],[8.87106,47.553],[8.87083,47.5527],[8.87078,47.55236],[8.87114,47.55177],[8.87133,47.55127],[8.87142,47.55108],[8.87154,47.55094],[8.87169,47.55081],[8.87192,47.55068],[8.87322,47.55006],[8.87374,47.54978],[8.87407,47.54969],[8.87542,47.54941],[8.87584,47.54917],[8.87609,47.54884],[8.87615,47.54836],[8.87604,47.54791],[8.87628,47.54714],[8.87629,47.54661],[8.87643,47.54628],[8.87674,47.54602],[8.87718,47.54585],[8.87768,47.5458],[8.87856,47.5459],[8.87915,47.54588],[8.87963,47.54574],[8.87999,47.54549],[8.88019,47.54517],[8.88018,47.54482],[8.87995,47.54419],[8.87978,47.54387],[8.87944,47.54362],[8.87922,47.54353],[8.87899,47.54347],[8.87852,47.54338],[8.87784,47.54329],[8.87742,47.54331],[8.87482,47.54285],[8.87313,47.54266],[8.87263,47.54251],[8.87225,47.54225],[8.87195,47.54182],[8.87137,47.54151],[8.87062,47.54135],[8.87022,47.54112],[8.86983,47.54074],[8.86948,47.54052],[8.86922,47.54019],[8.86917,47.53983],[8.86937,47.53924],[8.86924,47.53887],[8.86887,47.53833],[8.86877,47.53815],[8.86868,47.53792],[8.86849,47.53665],[8.86865,47.53629],[8.8691,47.53585],[8.87054,47.5352],[8.87092,47.53495],[8.87112,47.53462],[8.87113,47.53426],[8.87092,47.53394],[8.87055,47.53369],[8.87006,47.53354],[8.86957,47.53329],[8.86897,47.53304],[8.86863,47.53281],[8.86849,47.53264],[8.86819,47.53203],[8.86796,47.53125],[8.86807,47.53089],[8.86839,47.53059],[8.86885,47.5304],[8.87005,47.53024],[8.87171,47.52993],[8.87426,47.52934],[8.87603,47.52871],[8.8787,47.52769],[8.87922,47.52756],[8.87971,47.52757],[8.88016,47.5277],[8.88126,47.52841],[8.88201,47.52872],[8.88261,47.52905],[8.88307,47.52918],[8.88381,47.52913],[8.88423,47.52895],[8.88482,47.52858],[8.88574,47.52812],[8.88622,47.52804],[8.88671,47.52808],[8.88755,47.52837],[8.88812,47.52865],[8.88841,47.52897],[8.88871,47.52947],[8.88921,47.52977],[8.89018,47.53023],[8.89057,47.53064],[8.89061,47.53081],[8.89057,47.53114],[8.89048,47.53129],[8.89032,47.53147],[8.89016,47.53159],[8.88982,47.53183],[8.88968,47.53195],[8.88944,47.5323],[8.8894,47.53263],[8.88946,47.5328],[8.88968,47.53309],[8.88996,47.5333],[8.89008,47.53344],[8.89016,47.53351],[8.89029,47.53362],[8.8904,47.53375],[8.89065,47.53409],[8.89078,47.53429],[8.89107,47.53468],[8.89137,47.53527],[8.89202,47.53582],[8.89247,47.53601],[8.8933,47.53604],[8.8938,47.53586],[8.8944,47.53553],[8.89514,47.53546],[8.89634,47.53568],[8.89691,47.53577],[8.89801,47.53612],[8.89875,47.53629],[8.89999,47.53693],[8.90038,47.53735],[8.90073,47.53755],[8.90198,47.53803],[8.90223,47.53815],[8.90253,47.53841],[8.90287,47.53895],[8.90325,47.53919],[8.90375,47.53931],[8.90436,47.53935],[8.90461,47.53941],[8.9049,47.53953],[8.90493,47.53956],[8.90526,47.53975],[8.90528,47.53976],[8.90563,47.53995],[8.90586,47.54005],[8.90611,47.54012],[8.90638,47.54015],[8.90692,47.54011],[8.90738,47.53991],[8.90769,47.53961],[8.90793,47.53905],[8.90842,47.53838],[8.90847,47.53752],[8.90809,47.53683],[8.90809,47.53648],[8.90828,47.53616],[8.90864,47.53592],[8.90888,47.53583],[8.90971,47.53565],[8.91013,47.53544],[8.9104,47.53513],[8.91068,47.53422],[8.91091,47.53391],[8.91109,47.53338],[8.91113,47.5331],[8.91119,47.53289],[8.9113,47.53272],[8.91179,47.53222],[8.91188,47.53184],[8.91165,47.5311],[8.91159,47.53056],[8.91167,47.53016],[8.9119,47.52986],[8.91227,47.52963],[8.91274,47.52952],[8.91334,47.52952],[8.91502,47.52943],[8.91874,47.5292],[8.91946,47.52938],[8.91988,47.52964],[8.92011,47.52973],[8.92037,47.52979],[8.92064,47.52981],[8.92077,47.52981],[8.92097,47.52981],[8.92132,47.52978],[8.92181,47.52977],[8.92242,47.52984],[8.92287,47.53006],[8.92359,47.53084],[8.92373,47.53116],[8.9236,47.53165],[8.92335,47.53195],[8.92326,47.53229],[8.92329,47.53247],[8.92338,47.53264],[8.9235,47.53279],[8.92436,47.53362],[8.92496,47.53401],[8.92514,47.53421],[8.92527,47.53436],[8.92538,47.53448],[8.92544,47.53454],[8.92555,47.53464],[8.92563,47.5347],[8.92578,47.53481],[8.92583,47.53485],[8.92712,47.53571],[8.92754,47.5362],[8.92757,47.53638],[8.92757,47.5365],[8.92756,47.53655],[8.92756,47.53659],[8.92755,47.53663],[8.92756,47.53676],[8.92756,47.53678],[8.92758,47.53687],[8.92759,47.5369],[8.92763,47.53701],[8.92773,47.53723],[8.92777,47.5374],[8.92793,47.53849],[8.92794,47.53854],[8.92801,47.53885],[8.92802,47.5389],[8.92806,47.53902],[8.9281,47.53912],[8.92816,47.53923],[8.92837,47.5396],[8.92828,47.54016],[8.92765,47.5408],[8.92719,47.54139],[8.92712,47.54175],[8.92736,47.54228],[8.92741,47.54334],[8.92709,47.54428],[8.92713,47.5448],[8.92714,47.54484],[8.92715,47.54493],[8.92717,47.54503],[8.92728,47.54537],[8.9274,47.54562],[8.92755,47.54585],[8.92759,47.54591],[8.92767,47.54601],[8.92771,47.54605],[8.92781,47.54616],[8.92783,47.54619],[8.9287,47.54705],[8.92872,47.54708],[8.92917,47.54749],[8.92928,47.54758],[8.9301,47.5482],[8.9303,47.54868],[8.93019,47.5491],[8.93024,47.54944],[8.93047,47.54975],[8.93099,47.55008],[8.93238,47.55081],[8.9327,47.55102],[8.93304,47.55131],[8.93333,47.55164],[8.93369,47.5519],[8.93417,47.55204],[8.93444,47.55206],[8.93478,47.55206],[8.93499,47.55207],[8.93521,47.5521],[8.9353,47.55212],[8.93678,47.55239],[8.93728,47.55241],[8.93775,47.55232],[8.93857,47.55203],[8.93909,47.55204],[8.93957,47.55218],[8.94024,47.55261],[8.94084,47.55294],[8.94106,47.55303],[8.94145,47.55315],[8.94155,47.55318],[8.94246,47.55341],[8.9433,47.55359],[8.94361,47.55368],[8.94448,47.55408],[8.94489,47.55444],[8.94504,47.55479],[8.94497,47.55515],[8.94466,47.55568],[8.94443,47.55642],[8.94415,47.55693],[8.94396,47.55743],[8.94387,47.55761],[8.94374,47.55778],[8.94371,47.5578],[8.94351,47.55797],[8.94331,47.55808],[8.94284,47.55822],[8.94226,47.55828],[8.94161,47.55859],[8.94138,47.55892],[8.94081,47.56051],[8.94025,47.56178],[8.93996,47.56215],[8.93957,47.56238],[8.93847,47.56316],[8.9382,47.56345],[8.93806,47.56408],[8.93786,47.56439],[8.9378,47.56455],[8.93778,47.56471],[8.93779,47.56524],[8.93779,47.56551],[8.9378,47.56567],[8.93776,47.56592],[8.93752,47.56637],[8.93722,47.56663],[8.9368,47.5668],[8.93626,47.56686],[8.93617,47.56685],[8.93521,47.56681],[8.93506,47.5668],[8.93412,47.5667],[8.93397,47.56669],[8.93349,47.56661],[8.93348,47.56661],[8.93317,47.56655],[8.93257,47.56636],[8.9318,47.56636],[8.93135,47.56653],[8.9308,47.56711],[8.93037,47.56746],[8.92967,47.56769],[8.92915,47.56768],[8.92858,47.56756],[8.92806,47.56758],[8.92739,47.56785],[8.92724,47.568],[8.92707,47.56834],[8.92707,47.56854],[8.92704,47.56872],[8.92674,47.5699],[8.92666,47.5701],[8.92655,47.57025],[8.92623,47.5705],[8.92579,47.57065],[8.9253,47.57068],[8.92506,47.57065],[8.92477,47.57057],[8.92464,47.57053],[8.92453,47.5705],[8.92444,47.57047],[8.92434,47.57045],[8.92426,47.57043],[8.92414,47.57041],[8.92407,47.5704],[8.92395,47.57038],[8.92387,47.57037],[8.92347,47.57032],[8.92325,47.5703],[8.92271,47.57032],[8.92223,47.57049],[8.9217,47.57086],[8.9214,47.57135],[8.92144,47.5718],[8.92131,47.57221],[8.92072,47.57336],[8.92058,47.57395],[8.92033,47.57462],[8.91971,47.57662],[8.9197,47.57663],[8.9196,47.57694],[8.91949,47.5772],[8.91943,47.57737],[8.91948,47.57771],[8.91971,47.57802],[8.9203,47.57841],[8.92058,47.57888],[8.92052,47.57923],[8.9201,47.57965],[8.91941,47.57994],[8.91872,47.58029],[8.91794,47.58076],[8.9177,47.58106],[8.91726,47.58209],[8.91708,47.58237],[8.91577,47.58393],[8.9156,47.5844],[8.91561,47.58541],[8.91543,47.58573],[8.91486,47.58608],[8.91436,47.58616],[8.91411,47.58615],[8.9138,47.5861],[8.91206,47.58567],[8.90963,47.58509],[8.90961,47.58508],[8.90679,47.58438],[8.90395,47.58367],[8.89955,47.58257],[8.89674,47.58188],[8.89672,47.58187],[8.89384,47.58115],[8.89381,47.58114],[8.89201,47.58072],[8.89188,47.58069],[8.89062,47.58049],[8.89057,47.58048],[8.88979,47.58038],[8.88977,47.58037],[8.88769,47.58013],[8.88767,47.58013],[8.8854,47.57987],[8.88311,47.57966],[8.88268,47.57951],[8.88206,47.579],[8.88135,47.57877],[8.8716,47.57788],[8.87153,47.57787],[8.86821,47.57768],[8.86818,47.57768],[8.86484,47.57746],[8.86483,47.57746],[8.86422,47.57742],[8.86394,47.57739],[8.86315,47.5772],[8.85465,47.57662],[8.85458,47.57662],[8.8537,47.57659],[8.85364,47.57658],[8.85326,47.57658],[8.8532,47.57658],[8.853,47.57659],[8.85295,47.57659],[8.85082,47.5767],[8.84997,47.57662],[8.8489,47.57665],[8.84636,47.57684],[8.84604,47.57685],[8.84578,47.57681],[8.84532,47.57665],[8.84499,47.57639],[8.8448,47.57602],[8.84452,47.57574],[8.84433,47.57563],[8.84387,47.57549],[8.84337,47.57548],[8.84226,47.57558],[8.84176,47.57549],[8.84118,47.57515],[8.84099,47.57477],[8.84078,47.57386],[8.84056,47.57348],[8.83994,47.57287],[8.83979,47.57269],[8.83971,47.57253],[8.83974,47.57174],[8.83957,47.57142],[8.83897,47.57103],[8.83857,47.57056],[8.83819,47.56951],[8.83825,47.56918],[8.83848,47.56889],[8.83889,47.56863],[8.83917,47.56834],[8.83926,47.56801]]]},"properties":{"bfs_nr":4566,"name":"Frauenfeld"}},{"type":"Feature","geometry":{"type":"Polygon","coordinates":[[[8.82856,47.55492],[8.82956,47.55352],[8.83033,47.55257],[8.8305,47.55209],[8.83033,47.55169],[8.8303,47.5512],[8.83089,47.55033],[8.83168,47.54981],[8.83226,47.54919],[8.83247,47.54885],[8.83247,47.54848],[8.83218,47.54788],[8.83235,47.54734],[8.83288,47.54688],[8.83306,47.54657],[8.83305,47.54604],[8.83322,47.54569],[8.83381,47.54521],[8.83408,47.5449],[8.83415,47.54454],[8.83405,47.54392],[8.83421,47.54357],[8.83453,47.54321],[8.83498,47.543],[8.83586,47.54286],[8.83627,47.54265],[8.83653,47.54236],[8.83702,47.54147],[8.83733,47.54112],[8.83848,47.54022],[8.83877,47.53974],[8.8397,47.53919],[8.83994,47.53886],[8.83995,47.53811],[8.84008,47.53779],[8.84072,47.53733],[8.84099,47.53701],[8.84105,47.53665],[8.84083,47.53615],[8.84083,47.53579],[8.84111,47.53512],[8.84102,47.53447],[8.84115,47.53379],[8.8411,47.53327],[8.84132,47.53273],[8.84202,47.53237],[8.84401,47.53188],[8.84547,47.53157],[8.84698,47.53132],[8.84767,47.53125],[8.84857,47.53127],[8.84958,47.53121],[8.85004,47.53112],[8.85163,47.53111],[8.85284,47.53126],[8.8551,47.53132],[8.85587,47.53119],[8.85637,47.53088],[8.85681,47.53072],[8.85755,47.53063],[8.85804,47.53045],[8.85855,47.53036],[8.85936,47.53041],[8.86116,47.53036],[8.86337,47.53044],[8.86428,47.53049],[8.8662,47.5305],[8.86671,47.53064],[8.86715,47.53093],[8.86745,47.53132],[8.8681,47.53186],[8.86823,47.53216],[8.86836,47.53238],[8.86841,47.5325],[8.86848,47.53262],[8.86851,47.53267],[8.86863,47.53281],[8.86894,47.53303],[8.86964,47.53333],[8.87067,47.5339],[8.87093,47.5342],[8.87101,47.53454],[8.87089,47.53487],[8.87035,47.53528],[8.86897,47.53588],[8.86844,47.53629],[8.8683,47.53666],[8.8685,47.53721],[8.86869,47.53795],[8.86873,47.53807],[8.86878,47.53818],[8.86885,47.5383],[8.86916,47.53875],[8.8693,47.53911],[8.86924,47.53944],[8.86894,47.53992],[8.86894,47.54026],[8.86912,47.54058],[8.86946,47.54083],[8.87004,47.54108],[8.87045,47.54137],[8.87165,47.54173],[8.87217,47.54229],[8.87254,47.54255],[8.87302,47.54269],[8.87356,47.54271],[8.87469,47.54284],[8.87639,47.54313],[8.87723,47.5434],[8.87776,47.54345],[8.87846,47.54339],[8.87882,47.54344],[8.87924,47.54355],[8.87946,47.54365],[8.87979,47.54393],[8.87991,47.54413],[8.88006,47.54482],[8.87983,47.54532],[8.87946,47.54556],[8.87898,47.54569],[8.87822,47.54571],[8.87757,47.54565],[8.87686,47.54579],[8.87637,47.54616],[8.87624,47.54649],[8.87625,47.54706],[8.87599,47.54748],[8.87593,47.54784],[8.87612,47.54833],[8.87608,47.54884],[8.87584,47.54917],[8.87542,47.5494],[8.87395,47.54971],[8.87369,47.54978],[8.87345,47.54989],[8.87337,47.54995],[8.87305,47.55014],[8.87186,47.55071],[8.87165,47.55083],[8.87148,47.55098],[8.87137,47.55116],[8.87127,47.55134],[8.87066,47.55183],[8.87039,47.55217],[8.87041,47.55271],[8.87068,47.55302],[8.8711,47.55323],[8.87189,47.55335],[8.87237,47.5535],[8.87272,47.55376],[8.87289,47.55409],[8.87287,47.55445],[8.87255,47.55576],[8.87255,47.55578],[8.87254,47.55579],[8.87246,47.556],[8.87235,47.55615],[8.87201,47.55639],[8.8718,47.55648],[8.87133,47.55657],[8.87102,47.55657],[8.87073,47.55655],[8.86999,47.5565],[8.8696,47.5565],[8.86911,47.55663],[8.8689,47.55673],[8.8686,47.55702],[8.86842,47.55748],[8.86811,47.55781],[8.86756,47.55814],[8.86731,47.55847],[8.86734,47.55902],[8.86726,47.5594],[8.86714,47.55958],[8.86635,47.56065],[8.86618,47.56083],[8.86581,47.56106],[8.86457,47.56127],[8.86416,47.56148],[8.8639,47.56178],[8.86383,47.56195],[8.86376,47.56283],[8.86388,47.56334],[8.864,47.56441],[8.86401,47.56445],[8.86405,47.56464],[8.86406,47.56468],[8.86411,47.56489],[8.86411,47.56491],[8.86421,47.56524],[8.86425,47.56554],[8.86429,47.56569],[8.86447,47.566],[8.8648,47.56682],[8.86486,47.56704],[8.86485,47.56722],[8.86468,47.56755],[8.86453,47.56769],[8.86412,47.5679],[8.86382,47.56798],[8.85737,47.56917],[8.85705,47.5692],[8.85653,47.56916],[8.85609,47.56898],[8.85577,47.56871],[8.85566,47.5685],[8.85525,47.56748],[8.85497,47.56711],[8.85454,47.56687],[8.854,47.56678],[8.85334,47.5668],[8.85264,47.56658],[8.85233,47.56631],[8.85221,47.5661],[8.85137,47.56399],[8.85097,47.56348],[8.85088,47.56309],[8.851,47.56156],[8.85083,47.56122],[8.85048,47.56095],[8.85001,47.56079],[8.84837,47.56065],[8.84739,47.56066],[8.84615,47.56076],[8.84549,47.5607],[8.84499,47.56058],[8.84255,47.56026],[8.84157,47.55999],[8.84086,47.55955],[8.84067,47.55919],[8.84068,47.55855],[8.84025,47.55796],[8.83987,47.55776],[8.83885,47.55741],[8.83802,47.55728],[8.83542,47.55746],[8.83423,47.55761],[8.83246,47.55779],[8.83189,47.55782],[8.83047,47.55769],[8.83004,47.55751],[8.82974,47.55724],[8.82953,47.55651],[8.82928,47.55622],[8.82882,47.55596],[8.82845,47.55549],[8.82856,47.55492]]]},"properties":{"bfs_nr":4571,"name":"Gachnang"}},{"type":"Feature","geometry":{"type":"Polygon","coordinates":[[[8.9531,47.58707],[8.95327,47.58708],[8.95353,47.58706],[8.95377,47.587],[8.954,47.58691],[8.95419,47.5868],[8.95435,47.58666],[8.95447,47.5865],[8.95516,47.58527],[8.95523,47.5851],[8.95525,47.58493],[8.95521,47.58475],[8.95513,47.58458],[8.95499,47.58443],[8.95482,47.58429],[8.95461,47.58419],[8.95413,47.58402],[8.95375,47.58378],[8.95353,47.58346],[8.95351,47.58311],[8.9536,47.5829],[8.95469,47.58097],[8.9552,47.58052],[8.95593,47.58036],[8.95679,47.58041],[8.9573,47.58029],[8.95752,47.58019],[8.95783,47.57989],[8.95792,47.57972],[8.95803,47.57939],[8.95806,47.57921],[8.95804,47.57902],[8.95783,47.57868],[8.95743,47.57842],[8.95624,47.5781],[8.95587,47.57788],[8.95564,47.5776],[8.95558,47.57723],[8.95563,47.57663],[8.95568,47.57641],[8.95578,47.57624],[8.95592,47.57609],[8.95633,47.57586],[8.95684,47.57575],[8.95752,47.57574],[8.95777,47.57569],[8.95821,47.5755],[8.95838,47.57537],[8.95858,47.57505],[8.95861,47.57487],[8.95862,47.5744],[8.9586,47.57416],[8.95862,47.57392],[8.95883,47.57273],[8.95938,47.57141],[8.95974,47.57061],[8.96,47.57014],[8.96019,47.56931],[8.9602,47.56897],[8.96005,47.56859],[8.96003,47.56844],[8.96005,47.56828],[8.96011,47.56812],[8.96026,47.56788],[8.96038,47.56766],[8.96046,47.56752],[8.96056,47.56739],[8.96077,47.56716],[8.96139,47.56683],[8.96164,47.56677],[8.96191,47.56675],[8.96217,47.56676],[8.96243,47.5668],[8.96279,47.56693],[8.96304,47.56699],[8.96331,47.56702],[8.96358,47.56701],[8.96384,47.56697],[8.96408,47.56689],[8.96429,47.56678],[8.96447,47.56664],[8.96513,47.56602],[8.96612,47.56523],[8.96615,47.5652],[8.96691,47.56455],[8.96714,47.56425],[8.96715,47.56338],[8.96737,47.56305],[8.9678,47.56279],[8.96823,47.56261],[8.9683,47.56258],[8.96873,47.56237],[8.96903,47.56226],[8.96957,47.56219],[8.96984,47.56221],[8.97016,47.56228],[8.97069,47.56245],[8.9709,47.56255],[8.97109,47.5626],[8.97151,47.5627],[8.97167,47.56275],[8.97177,47.56278],[8.97211,47.56287],[8.97281,47.56315],[8.97374,47.56361],[8.97429,47.56377],[8.97475,47.56382],[8.97492,47.56384],[8.97593,47.56388],[8.97719,47.56402],[8.97836,47.56399],[8.97855,47.56398],[8.9797,47.56385],[8.98094,47.56364],[8.98142,47.56365],[8.98194,47.56375],[8.9849,47.56464],[8.98534,47.56475],[8.98571,47.56494],[8.98586,47.56507],[8.98603,47.56537],[8.98605,47.56584],[8.98579,47.56664],[8.98577,47.56688],[8.98582,47.56718],[8.98591,47.56735],[8.98605,47.56751],[8.98623,47.56764],[8.98646,47.56775],[8.98671,47.56783],[8.98697,47.56786],[8.98725,47.56786],[8.98803,47.56773],[8.98881,47.56766],[8.98896,47.56764],[8.98941,47.56756],[8.98957,47.56752],[8.98991,47.56743],[8.98992,47.56742],[8.99016,47.56736],[8.99123,47.56694],[8.99163,47.56689],[8.99209,47.56686],[8.99218,47.56686],[8.99319,47.56677],[8.99333,47.56675],[8.99387,47.56666],[8.99407,47.56662],[8.99425,47.56656],[8.99452,47.56645],[8.99483,47.56635],[8.99575,47.56629],[8.99621,47.56617],[8.99657,47.56594],[8.99678,47.56564],[8.99698,47.56488],[8.99755,47.56393],[8.9979,47.56365],[8.99849,47.56344],[8.99889,47.56318],[8.9994,47.56208],[8.99944,47.56172],[8.99979,47.56126],[9.00045,47.56101],[9.00133,47.56096],[9.00215,47.56117],[9.00268,47.56122],[9.00319,47.56113],[9.00361,47.56091],[9.00401,47.56053],[9.00445,47.56034],[9.00495,47.56028],[9.00577,47.56036],[9.00667,47.56052],[9.00727,47.56055],[9.00753,47.5606],[9.00825,47.56089],[9.0086,47.56097],[9.00934,47.56103],[9.00985,47.56116],[9.01022,47.56141],[9.01042,47.56174],[9.01046,47.56205],[9.01039,47.56302],[9.01065,47.56358],[9.01124,47.56407],[9.01155,47.56447],[9.01159,47.5648],[9.01125,47.56538],[9.01116,47.56578],[9.01132,47.56623],[9.0117,47.56673],[9.0119,47.56735],[9.01177,47.5677],[9.01145,47.56799],[9.01069,47.56827],[9.01002,47.56861],[9.00974,47.56908],[9.00988,47.56958],[9.01019,47.56985],[9.011,47.57027],[9.01117,47.57041],[9.01152,47.57073],[9.01164,47.57091],[9.01175,47.57121],[9.01179,47.57192],[9.0121,47.57255],[9.012,47.57291],[9.0117,47.57331],[9.01164,47.57366],[9.01178,47.57399],[9.0124,47.57445],[9.01291,47.57455],[9.01392,47.57453],[9.01441,47.57463],[9.01481,47.57484],[9.01557,47.57575],[9.01613,47.57607],[9.01699,47.57627],[9.01738,47.57651],[9.01763,47.57701],[9.01742,47.57786],[9.01733,47.57847],[9.01741,47.57915],[9.0177,47.57978],[9.01823,47.58026],[9.01843,47.58085],[9.01834,47.5812],[9.01806,47.5815],[9.01757,47.58172],[9.01592,47.5822],[9.01591,47.5822],[9.01469,47.58255],[9.00723,47.58469],[9.00506,47.58532],[9.00496,47.58534],[9.00025,47.5865],[8.99345,47.58817],[8.99344,47.58817],[8.99262,47.58837],[8.99131,47.58869],[8.99012,47.58898],[8.98948,47.58913],[8.98945,47.58914],[8.98882,47.58929],[8.98878,47.5893],[8.98815,47.58944],[8.98748,47.58957],[8.98745,47.58958],[8.98681,47.5897],[8.98677,47.58971],[8.98613,47.58982],[8.9861,47.58983],[8.98545,47.58994],[8.98477,47.59004],[8.9838,47.59017],[8.98319,47.59024],[8.98317,47.59024],[8.98287,47.59027],[8.98285,47.59027],[8.98256,47.5903],[8.98254,47.5903],[8.98224,47.59032],[8.98222,47.59033],[8.98192,47.59035],[8.9819,47.59035],[8.9816,47.59037],[8.98129,47.59039],[8.98097,47.59041],[8.98094,47.59041],[8.98034,47.59044],[8.9803,47.59044],[8.9797,47.59045],[8.97966,47.59046],[8.97906,47.59046],[8.97902,47.59046],[8.97842,47.59046],[8.97838,47.59046],[8.97778,47.59045],[8.97774,47.59045],[8.97713,47.59043],[8.97712,47.59043],[8.97583,47.59039],[8.9589,47.58997],[8.95888,47.58997],[8.9572,47.58992],[8.95713,47.58992],[8.95557,47.58983],[8.95547,47.58982],[8.95411,47.5897],[8.95406,47.5897],[8.95242,47.58952],[8.95212,47.58947],[8.95189,47.5894],[8.95152,47.58918],[8.95125,47.58871],[8.95131,47.58807],[8.95149,47.58759],[8.95178,47.5873],[8.95221,47.58711],[8.95245,47.58707],[8.95271,47.58705],[8.9531,47.58707]]]},"properties":{"bfs_nr":4590,"name":"H\u00fcttlingen"}},{"type":"Feature","geometry":{"type":"Polygon","coordinates":[[[8.90776,47.52842],[8.90783,47.52758],[8.90826,47.52695],[8.90839,47.52616],[8.90874,47.52572],[8.90939,47.52546],[8.90978,47.52523],[8.91005,47.52475],[8.91005,47.52439],[8.91048,47.52355],[8.91042,47.52266],[8.91071,47.52214],[8.91081,47.52179],[8.91074,47.52132],[8.91089,47.52035],[8.91064,47.51972],[8.91008,47.51918],[8.90999,47.51883],[8.91015,47.51809],[8.91004,47.51769],[8.90999,47.51742],[8.90998,47.51721],[8.90998,47.51717],[8.90998,47.51716],[8.91001,47.51695],[8.91036,47.5165],[8.91061,47.51636],[8.91068,47.51633],[8.91074,47.5163],[8.91095,47.51618],[8.91099,47.51616],[8.91137,47.51594],[8.91144,47.5159],[8.9115,47.51586],[8.91158,47.5158],[8.91171,47.5157],[8.91177,47.51564],[8.91216,47.51526],[8.91254,47.51479],[8.91268,47.51441],[8.91251,47.51383],[8.91255,47.51348],[8.9128,47.51316],[8.91321,47.51294],[8.91352,47.51286],[8.91356,47.51285],[8.91357,47.51285],[8.9178,47.51201],[8.91782,47.51201],[8.9205,47.51145],[8.92058,47.51144],[8.92216,47.51104],[8.92476,47.51035],[8.92502,47.51026],[8.92557,47.51002],[8.92657,47.50957],[8.92758,47.50928],[8.92781,47.5092],[8.92826,47.50899],[8.92852,47.50883],[8.92859,47.50877],[8.92877,47.50858],[8.92909,47.50819],[8.92974,47.50788],[8.93028,47.50785],[8.9308,47.50796],[8.93218,47.5087],[8.93248,47.50884],[8.93252,47.50886],[8.93284,47.50899],[8.93289,47.50901],[8.93325,47.50915],[8.93397,47.50944],[8.93404,47.50947],[8.93421,47.50954],[8.93426,47.50956],[8.93447,47.50966],[8.93464,47.50975],[8.93469,47.50977],[8.93531,47.51013],[8.93558,47.5103],[8.93565,47.51035],[8.93585,47.5105],[8.9359,47.51053],[8.93607,47.51067],[8.9362,47.51078],[8.93636,47.51091],[8.9364,47.51095],[8.93655,47.5111],[8.93667,47.51121],[8.9367,47.51125],[8.93719,47.51181],[8.93744,47.51218],[8.93773,47.51268],[8.9383,47.51313],[8.93849,47.51347],[8.93855,47.5139],[8.9388,47.51423],[8.93922,47.51447],[8.93973,47.51459],[8.94026,47.51482],[8.94068,47.51537],[8.94115,47.51574],[8.94241,47.5163],[8.94245,47.51632],[8.94253,47.51635],[8.94265,47.5164],[8.94271,47.51642],[8.94279,47.51644],[8.94344,47.51662],[8.94383,47.51674],[8.94451,47.51698],[8.9446,47.51701],[8.94581,47.51736],[8.94611,47.51747],[8.94647,47.51773],[8.94662,47.51793],[8.94688,47.51847],[8.94687,47.51882],[8.94666,47.51913],[8.94578,47.51974],[8.9454,47.52023],[8.94502,47.52058],[8.94461,47.5208],[8.94347,47.52093],[8.94303,47.52111],[8.94264,47.52154],[8.94262,47.52162],[8.9425,47.52189],[8.94177,47.52307],[8.94164,47.52335],[8.9406,47.52517],[8.94058,47.52521],[8.94029,47.52567],[8.94021,47.52584],[8.94018,47.52602],[8.9402,47.52619],[8.94027,47.52636],[8.94039,47.52652],[8.94056,47.52665],[8.94075,47.52677],[8.94143,47.52706],[8.94171,47.52734],[8.94185,47.52775],[8.94212,47.52808],[8.94283,47.52836],[8.94375,47.52838],[8.94524,47.52833],[8.94592,47.52853],[8.94624,47.52878],[8.94717,47.53052],[8.94717,47.53106],[8.94641,47.5322],[8.94603,47.53287],[8.94539,47.53342],[8.94485,47.53402],[8.94452,47.53457],[8.94421,47.53483],[8.9433,47.5356],[8.94284,47.53611],[8.94186,47.53663],[8.94164,47.53693],[8.94114,47.538],[8.9408,47.53828],[8.93989,47.53851],[8.93944,47.53871],[8.93908,47.53919],[8.93918,47.53973],[8.93967,47.54017],[8.94004,47.54085],[8.9399,47.54149],[8.93992,47.54183],[8.94013,47.54213],[8.94085,47.54251],[8.9414,47.54307],[8.94245,47.54365],[8.94271,47.54416],[8.94269,47.54434],[8.94259,47.54456],[8.94177,47.54594],[8.94163,47.54612],[8.9413,47.54636],[8.94087,47.5465],[8.94038,47.54659],[8.94012,47.54669],[8.94,47.54674],[8.93976,47.54686],[8.9395,47.54698],[8.93945,47.54701],[8.93922,47.54711],[8.93903,47.54718],[8.93889,47.54722],[8.93863,47.54729],[8.93782,47.54747],[8.93738,47.54766],[8.93708,47.54794],[8.9369,47.54855],[8.93708,47.54908],[8.93708,47.54941],[8.93691,47.54972],[8.93656,47.55007],[8.93643,47.55058],[8.93665,47.55118],[8.93656,47.55153],[8.93608,47.55193],[8.93535,47.55209],[8.93497,47.55207],[8.93482,47.55206],[8.93457,47.55206],[8.93426,47.55204],[8.9336,47.5518],[8.93318,47.55143],[8.93267,47.551],[8.93241,47.55082],[8.93109,47.55013],[8.93085,47.54998],[8.9306,47.54968],[8.93053,47.54933],[8.93063,47.54889],[8.93041,47.54841],[8.92931,47.5476],[8.92914,47.54746],[8.92873,47.54708],[8.92869,47.54705],[8.92784,47.5462],[8.9278,47.54615],[8.92772,47.54607],[8.92766,47.54599],[8.92761,47.54593],[8.92754,47.54583],[8.92741,47.54564],[8.92728,47.54536],[8.92715,47.5449],[8.92713,47.54479],[8.92712,47.54464],[8.92713,47.54443],[8.92742,47.5437],[8.92738,47.542],[8.92728,47.54163],[8.92732,47.54127],[8.92769,47.54076],[8.92823,47.5403],[8.92841,47.53996],[8.92838,47.53961],[8.92829,47.53944],[8.92821,47.53931],[8.92812,47.53915],[8.92805,47.539],[8.928,47.53883],[8.92794,47.53856],[8.92792,47.53848],[8.92776,47.53737],[8.92773,47.53726],[8.9277,47.53717],[8.92759,47.53688],[8.92756,47.53678],[8.92756,47.5366],[8.92756,47.53654],[8.92757,47.53648],[8.92757,47.53636],[8.92754,47.5362],[8.92714,47.53572],[8.92584,47.53485],[8.92577,47.5348],[8.92565,47.53472],[8.92553,47.53462],[8.92545,47.53455],[8.92537,47.53447],[8.92528,47.53438],[8.92514,47.5342],[8.92488,47.53382],[8.92418,47.5334],[8.92396,47.53323],[8.92355,47.53284],[8.92338,47.53263],[8.92328,47.53226],[8.92341,47.53189],[8.92382,47.53139],[8.92387,47.53107],[8.92356,47.5302],[8.92324,47.52992],[8.92278,47.52974],[8.92226,47.5297],[8.92187,47.52976],[8.92159,47.52978],[8.92129,47.52978],[8.92071,47.52981],[8.92037,47.52978],[8.91989,47.52963],[8.91947,47.52937],[8.91874,47.5292],[8.91503,47.52942],[8.91321,47.5295],[8.91244,47.52937],[8.91195,47.52938],[8.91151,47.52952],[8.91103,47.52978],[8.91031,47.52989],[8.90909,47.52979],[8.90858,47.52964],[8.90831,47.52949],[8.90811,47.52934],[8.90793,47.52917],[8.90775,47.52886],[8.90776,47.52842]]]},"properties":{"bfs_nr":4591,"name":"Matzingen"}},{"type":"Feature","geometry":{"type":"Polygon","coordinates":[[[8.74048,47.60763],[8.74151,47.60738],[8.7419,47.60717],[8.74215,47.60688],[8.74227,47.60632],[8.7422,47.60598],[8.74195,47.60557],[8.74191,47.60516],[8.74218,47.60452],[8.74299,47.60385],[8.7434,47.60336],[8.74368,47.60274],[8.74405,47.6025],[8.74479,47.60223],[8.74598,47.60148],[8.74651,47.60101],[8.74674,47.60066],[8.74704,47.60039],[8.74779,47.60004],[8.74805,47.59974],[8.74813,47.59941],[8.74792,47.59865],[8.74749,47.59815],[8.74736,47.59778],[8.74714,47.59751],[8.74672,47.59721],[8.74649,47.59689],[8.74646,47.59654],[8.74663,47.59621],[8.74704,47.59589],[8.74726,47.59556],[8.74734,47.59499],[8.74795,47.59316],[8.74804,47.59296],[8.74851,47.59258],[8.74895,47.59244],[8.74958,47.59244],[8.75465,47.5928],[8.75639,47.59289],[8.7582,47.5929],[8.76128,47.59287],[8.7626,47.59283],[8.76468,47.59264],[8.76649,47.59235],[8.76757,47.59212],[8.79663,47.58535],[8.79723,47.58529],[8.79774,47.58539],[8.7983,47.58577],[8.79843,47.58598],[8.79907,47.58755],[8.79909,47.58758],[8.79933,47.58811],[8.79934,47.58813],[8.7996,47.58872],[8.79961,47.58875],[8.79981,47.58917],[8.8001,47.5895],[8.80085,47.5898],[8.80125,47.59003],[8.80149,47.59035],[8.80155,47.59089],[8.80195,47.59142],[8.80219,47.59185],[8.80264,47.59231],[8.80303,47.593],[8.80317,47.5935],[8.80328,47.59366],[8.80376,47.59404],[8.80389,47.59418],[8.804,47.59451],[8.80399,47.59472],[8.8039,47.59518],[8.80389,47.59535],[8.80394,47.59553],[8.80435,47.59598],[8.80481,47.59615],[8.80551,47.59622],[8.80623,47.59645],[8.80687,47.59652],[8.80738,47.59664],[8.80817,47.59701],[8.8097,47.59738],[8.81024,47.59777],[8.81035,47.59834],[8.81007,47.59956],[8.80999,47.59976],[8.80974,47.60005],[8.80935,47.60026],[8.80887,47.60036],[8.80855,47.60035],[8.80822,47.60033],[8.80818,47.60033],[8.80802,47.60032],[8.80796,47.60032],[8.80781,47.60032],[8.80775,47.60032],[8.80761,47.60032],[8.80734,47.60034],[8.80664,47.60062],[8.80631,47.60111],[8.80635,47.60156],[8.80633,47.60175],[8.80621,47.6023],[8.80601,47.60268],[8.80544,47.60317],[8.80503,47.60395],[8.80504,47.60433],[8.80528,47.60467],[8.80572,47.6051],[8.8058,47.60546],[8.80547,47.60629],[8.80516,47.60656],[8.80472,47.60673],[8.80396,47.60675],[8.80331,47.60649],[8.80304,47.6062],[8.80289,47.60565],[8.80299,47.6047],[8.80281,47.60436],[8.80228,47.60392],[8.80194,47.60356],[8.80179,47.6032],[8.80191,47.60257],[8.80182,47.60222],[8.80153,47.60193],[8.8011,47.60172],[8.80058,47.60165],[8.79983,47.60181],[8.79926,47.60207],[8.79837,47.60232],[8.79757,47.60239],[8.79682,47.60257],[8.79592,47.60247],[8.79402,47.60248],[8.79352,47.60254],[8.79278,47.60275],[8.78949,47.60332],[8.78902,47.60347],[8.78867,47.60374],[8.78834,47.60414],[8.78825,47.60446],[8.78833,47.60556],[8.78858,47.60617],[8.78874,47.60681],[8.78886,47.60699],[8.78935,47.6074],[8.78962,47.60773],[8.78982,47.60822],[8.78965,47.60871],[8.78911,47.60906],[8.78862,47.60916],[8.788,47.60916],[8.7866,47.60962],[8.78542,47.6101],[8.78401,47.61086],[8.78328,47.61104],[8.78208,47.61155],[8.78144,47.61189],[8.7809,47.61206],[8.77971,47.6123],[8.77915,47.61256],[8.77855,47.61267],[8.77755,47.61268],[8.77663,47.61285],[8.77622,47.61306],[8.77589,47.61333],[8.77527,47.61367],[8.77498,47.61401],[8.77464,47.61425],[8.77374,47.61459],[8.77325,47.61464],[8.77246,47.61451],[8.77188,47.61456],[8.77039,47.6149],[8.76957,47.61512],[8.76768,47.61598],[8.76649,47.61662],[8.7642,47.61733],[8.76203,47.61809],[8.76074,47.61824],[8.7586,47.61819],[8.75812,47.61802],[8.75703,47.61728],[8.75656,47.61712],[8.75603,47.6171],[8.75553,47.61722],[8.75514,47.61746],[8.75475,47.61789],[8.75359,47.61859],[8.75296,47.61881],[8.75101,47.61966],[8.75049,47.62002],[8.74985,47.6206],[8.74948,47.62149],[8.74907,47.622],[8.74869,47.62228],[8.74824,47.62243],[8.74774,47.62246],[8.74727,47.62236],[8.74647,47.62189],[8.74597,47.62127],[8.74582,47.62061],[8.74602,47.61957],[8.74638,47.6185],[8.74647,47.61776],[8.74626,47.61711],[8.74584,47.6167],[8.74565,47.61635],[8.7457,47.61507],[8.7458,47.61453],[8.74578,47.61383],[8.74569,47.6135],[8.74523,47.6131],[8.74477,47.61296],[8.74391,47.6129],[8.74344,47.61276],[8.74308,47.61251],[8.74264,47.61208],[8.74219,47.61191],[8.7405,47.61148],[8.74015,47.6112],[8.73998,47.6108],[8.73968,47.60859],[8.73985,47.60801],[8.74048,47.60763]]]},"properties":{"bfs_nr":4601,"name":"Neunforn"}},{"type":"Feature","geometry":{"type":"Polygon","coordinates":[[[8.93934,47.51313],[8.93962,47.51249],[8.93999,47.51222],[8.94099,47.51187],[8.94178,47.51156],[8.94233,47.51144],[8.94285,47.51148],[8.94359,47.51172],[8.94407,47.51175],[8.94485,47.51159],[8.94549,47.5114],[8.94627,47.51141],[8.94703,47.51165],[8.94778,47.51167],[8.94824,47.51153],[8.9496,47.51088],[8.95025,47.51078],[8.95071,47.51062],[8.95187,47.51001],[8.9523,47.50991],[8.95378,47.50983],[8.95458,47.50999],[8.95499,47.51025],[8.95527,47.51055],[8.95585,47.51085],[8.95617,47.51111],[8.95637,47.51147],[8.95668,47.51176],[8.95732,47.51203],[8.95781,47.51242],[8.95857,47.51279],[8.95972,47.51291],[8.96038,47.51322],[8.96066,47.51359],[8.96099,47.51384],[8.96143,47.51399],[8.96192,47.51403],[8.96253,47.51399],[8.96264,47.51398],[8.96389,47.51384],[8.96418,47.51378],[8.96677,47.51304],[8.96818,47.51281],[8.96901,47.51284],[8.96946,47.51301],[8.96997,47.5131],[8.9721,47.51316],[8.97289,47.51331],[8.97331,47.51353],[8.97358,47.51383],[8.97365,47.51418],[8.97351,47.51452],[8.973,47.51492],[8.97271,47.51524],[8.97253,47.51595],[8.97229,47.51624],[8.97168,47.51652],[8.97107,47.51663],[8.97051,47.51695],[8.97031,47.51725],[8.97022,47.51776],[8.97006,47.51806],[8.96999,47.5185],[8.96983,47.51881],[8.96917,47.51924],[8.96888,47.51952],[8.96878,47.51986],[8.96872,47.52209],[8.9686,47.52248],[8.96837,47.52279],[8.96826,47.52335],[8.96799,47.52374],[8.9679,47.52407],[8.96802,47.52462],[8.96807,47.5253],[8.96831,47.52585],[8.96842,47.52604],[8.96873,47.52631],[8.9689,47.52649],[8.96905,47.5267],[8.96914,47.52681],[8.96958,47.52725],[8.96975,47.52741],[8.97015,47.52762],[8.97064,47.52771],[8.97114,47.52767],[8.97171,47.52748],[8.97221,47.52741],[8.97253,47.52743],[8.97321,47.52751],[8.97367,47.52753],[8.97394,47.52757],[8.97425,47.52768],[8.97464,47.52787],[8.97516,47.52819],[8.97602,47.5285],[8.97678,47.52894],[8.97725,47.52901],[8.9778,47.529],[8.97826,47.5291],[8.97882,47.52939],[8.97935,47.52952],[8.9803,47.52957],[8.98072,47.52976],[8.98112,47.53018],[8.98117,47.53055],[8.981,47.53089],[8.98036,47.53139],[8.97989,47.53154],[8.97819,47.53165],[8.9748,47.53231],[8.97455,47.53237],[8.97433,47.53247],[8.97414,47.5326],[8.97389,47.53292],[8.97384,47.53309],[8.97385,47.53327],[8.97388,47.53349],[8.974,47.53417],[8.974,47.5344],[8.97395,47.53458],[8.97369,47.5349],[8.97326,47.53513],[8.97294,47.53521],[8.96878,47.5359],[8.96867,47.53592],[8.96772,47.53604],[8.96744,47.53606],[8.96561,47.53611],[8.96459,47.53627],[8.96417,47.53647],[8.96369,47.53659],[8.96294,47.53702],[8.96253,47.53718],[8.96229,47.53722],[8.96199,47.53724],[8.96135,47.53723],[8.96127,47.53723],[8.96111,47.53722],[8.96093,47.53721],[8.9609,47.5372],[8.96067,47.53717],[8.96023,47.53709],[8.95996,47.53706],[8.95917,47.53719],[8.95863,47.53746],[8.9581,47.53755],[8.95727,47.53744],[8.95675,47.53748],[8.95629,47.53766],[8.95583,47.53797],[8.95535,47.53811],[8.95481,47.53812],[8.95371,47.53782],[8.95346,47.53777],[8.9532,47.53775],[8.95294,47.53776],[8.95269,47.53781],[8.95246,47.53789],[8.95226,47.538],[8.95209,47.53813],[8.95197,47.53829],[8.95189,47.53845],[8.95165,47.53918],[8.9516,47.53932],[8.95151,47.53952],[8.95123,47.53979],[8.95104,47.5399],[8.95078,47.54],[8.9505,47.54007],[8.95002,47.54008],[8.94946,47.54003],[8.94882,47.54007],[8.94809,47.53995],[8.94763,47.53994],[8.94692,47.54004],[8.94507,47.54008],[8.94422,47.54029],[8.94265,47.54048],[8.94214,47.5404],[8.94174,47.54021],[8.94095,47.5396],[8.94083,47.53911],[8.94112,47.53813],[8.94152,47.53719],[8.94193,47.53674],[8.94274,47.53631],[8.94307,47.53587],[8.9434,47.53551],[8.94387,47.53511],[8.94456,47.53466],[8.94485,47.53406],[8.94537,47.53344],[8.94603,47.53287],[8.94637,47.53226],[8.94673,47.5318],[8.94735,47.53134],[8.94751,47.53081],[8.94734,47.53046],[8.94703,47.53014],[8.94622,47.52872],[8.94583,47.52846],[8.94531,47.52833],[8.94378,47.52838],[8.94318,47.52836],[8.94248,47.52809],[8.94221,47.52777],[8.94194,47.52728],[8.94159,47.52705],[8.94076,47.52676],[8.9404,47.52651],[8.94021,47.52619],[8.94021,47.52584],[8.94031,47.52563],[8.94058,47.5252],[8.9406,47.52517],[8.94152,47.52356],[8.94175,47.52323],[8.94189,47.52288],[8.94252,47.52186],[8.94316,47.52127],[8.9438,47.52104],[8.94439,47.52101],[8.94488,47.5209],[8.9454,47.52052],[8.9456,47.52008],[8.94587,47.51979],[8.94669,47.51923],[8.94692,47.51891],[8.94694,47.51855],[8.94687,47.51838],[8.94659,47.51789],[8.94648,47.51773],[8.94631,47.51758],[8.94611,47.51747],[8.94588,47.51738],[8.94463,47.51702],[8.94449,47.51697],[8.94382,47.51674],[8.94347,47.51662],[8.94281,47.51645],[8.94269,47.51641],[8.94268,47.51641],[8.9425,47.51634],[8.94246,47.51632],[8.9424,47.5163],[8.94218,47.5162],[8.94193,47.51606],[8.94164,47.51577],[8.9413,47.51514],[8.94071,47.51484],[8.93967,47.51455],[8.93929,47.51432],[8.93904,47.51384],[8.93911,47.5135],[8.93934,47.51313]]]},"properties":{"bfs_nr":4606,"name":"Stettfurt"}},{"type":"Feature","geometry":{"type":"Polygon","coordinates":[[[8.93704,47.55119],[8.93674,47.55084],[8.93669,47.55047],[8.93713,47.54984],[8.93724,47.54945],[8.937,47.54886],[8.93699,47.54854],[8.93727,47.54787],[8.9378,47.5475],[8.93867,47.54728],[8.93884,47.54724],[8.93906,47.54716],[8.93919,47.54712],[8.93946,47.547],[8.93949,47.54699],[8.93978,47.54686],[8.93992,47.54678],[8.94032,47.54663],[8.94036,47.54661],[8.94103,47.54647],[8.94126,47.54639],[8.94146,47.54628],[8.94162,47.54614],[8.94174,47.54598],[8.94288,47.54407],[8.94298,47.54371],[8.94274,47.54306],[8.9424,47.54276],[8.9419,47.54258],[8.94124,47.54251],[8.94051,47.54228],[8.94016,47.542],[8.94001,47.54165],[8.94008,47.54129],[8.94055,47.54075],[8.94094,47.54054],[8.94181,47.54045],[8.9428,47.54062],[8.94329,47.54056],[8.94401,47.54033],[8.94475,47.5402],[8.94527,47.54018],[8.94587,47.54026],[8.94703,47.54021],[8.94768,47.54024],[8.94815,47.54018],[8.94874,47.54022],[8.9503,47.54017],[8.95055,47.54009],[8.95105,47.5399],[8.95124,47.5398],[8.95139,47.53967],[8.95151,47.53952],[8.95159,47.53936],[8.95165,47.53918],[8.95187,47.5385],[8.95197,47.53829],[8.95227,47.538],[8.9527,47.53782],[8.95295,47.53777],[8.95346,47.53777],[8.95482,47.53813],[8.95532,47.53813],[8.95556,47.53809],[8.95599,47.53792],[8.95665,47.53753],[8.95743,47.53747],[8.95807,47.53762],[8.95858,47.53767],[8.95929,47.53749],[8.95992,47.5372],[8.96044,47.53715],[8.96084,47.5372],[8.96086,47.5372],[8.96096,47.53721],[8.96108,47.53722],[8.96129,47.53723],[8.96133,47.53723],[8.96224,47.53724],[8.96262,47.53722],[8.96308,47.53708],[8.9636,47.53673],[8.96406,47.53657],[8.96457,47.53648],[8.96527,47.53619],[8.96583,47.5361],[8.96748,47.53606],[8.96768,47.53605],[8.96868,47.53592],[8.96876,47.53591],[8.973,47.53519],[8.97326,47.53513],[8.97349,47.53503],[8.97369,47.53491],[8.97395,47.53459],[8.97401,47.5344],[8.974,47.53422],[8.97388,47.53349],[8.97385,47.53332],[8.97385,47.53309],[8.9739,47.53292],[8.97415,47.5326],[8.97456,47.53238],[8.97486,47.53229],[8.97811,47.53166],[8.97963,47.53158],[8.97989,47.53155],[8.98014,47.53149],[8.98036,47.53139],[8.98099,47.53097],[8.98143,47.53082],[8.98238,47.53079],[8.98344,47.53058],[8.98392,47.53061],[8.98494,47.53095],[8.9867,47.53136],[8.9872,47.53138],[8.9876,47.53131],[8.98839,47.53135],[8.98919,47.53164],[8.98969,47.53197],[8.99007,47.53254],[8.99021,47.5327],[8.99039,47.53284],[8.99114,47.53325],[8.99191,47.53357],[8.99245,47.53366],[8.99299,47.5336],[8.99366,47.53333],[8.9943,47.53289],[8.99482,47.53276],[8.99633,47.53271],[8.99728,47.5329],[8.99799,47.53322],[8.99848,47.53328],[8.99898,47.53322],[9,47.53279],[9.00033,47.53276],[9.00058,47.53275],[9.00109,47.53278],[9.00138,47.53284],[9.00182,47.53307],[9.00218,47.53339],[9.00283,47.53362],[9.00334,47.53363],[9.0039,47.5335],[9.00443,47.53347],[9.00563,47.53369],[9.00656,47.53359],[9.00703,47.53361],[9.00752,47.53375],[9.0079,47.53403],[9.00818,47.53441],[9.00833,47.53453],[9.00851,47.53463],[9.0087,47.53471],[9.00994,47.53512],[9.01076,47.53558],[9.01121,47.53577],[9.01184,47.5359],[9.01227,47.53614],[9.01251,47.53647],[9.0128,47.53742],[9.01303,47.53785],[9.01315,47.53828],[9.01369,47.53885],[9.01383,47.53921],[9.01383,47.53988],[9.01356,47.54061],[9.01334,47.54091],[9.01286,47.5413],[9.01255,47.5418],[9.01182,47.54236],[9.01114,47.5427],[9.01083,47.54289],[9.01044,47.54308],[9.01026,47.5432],[9.01005,47.54344],[9.00968,47.5437],[9.00919,47.54383],[9.00893,47.54385],[9.00841,47.54378],[9.00774,47.5435],[9.00749,47.54345],[9.00723,47.54343],[9.00697,47.54344],[9.00672,47.54349],[9.00649,47.54357],[9.00629,47.54368],[9.00612,47.54381],[9.00599,47.54396],[9.00591,47.54413],[9.00586,47.54425],[9.00584,47.54433],[9.00583,47.54441],[9.00582,47.54448],[9.0058,47.54473],[9.00574,47.54489],[9.0055,47.54519],[9.00512,47.5454],[9.00489,47.54546],[9.0044,47.5455],[9.0038,47.54543],[9.00363,47.54542],[9.00349,47.54542],[9.00218,47.54543],[9.00217,47.54543],[9.00009,47.54546],[9.00003,47.54546],[8.99977,47.54546],[8.9995,47.54547],[8.99924,47.54553],[8.99901,47.54561],[8.9988,47.54573],[8.99863,47.54587],[8.99851,47.54604],[8.99844,47.54621],[8.99843,47.5464],[8.99856,47.54675],[8.9987,47.5469],[8.99889,47.54704],[8.99911,47.54714],[8.99935,47.54721],[8.99944,47.54723],[8.99954,47.54725],[8.99992,47.54731],[8.99999,47.54732],[9.00024,47.54737],[9.00027,47.54737],[9.00057,47.54743],[9.00085,47.54751],[9.00123,47.5477],[9.00149,47.54798],[9.00172,47.54868],[9.00193,47.54901],[9.00247,47.54951],[9.0027,47.55028],[9.00299,47.55083],[9.00333,47.5511],[9.00374,47.55131],[9.00405,47.55151],[9.00429,47.55172],[9.00439,47.55183],[9.00452,47.552],[9.0048,47.55246],[9.00485,47.55312],[9.00513,47.55373],[9.00515,47.55395],[9.00515,47.55398],[9.00512,47.55417],[9.00505,47.55435],[9.00463,47.5551],[9.00457,47.55526],[9.00443,47.55581],[9.00433,47.55604],[9.0042,47.5562],[9.00398,47.55638],[9.00318,47.5569],[9.00291,47.55715],[9.00256,47.55764],[9.00245,47.55787],[9.00198,47.55952],[9.00201,47.56008],[9.00191,47.56042],[9.00144,47.56082],[9.00098,47.56095],[9.00026,47.56101],[8.99976,47.56117],[8.9994,47.56146],[8.99889,47.56219],[8.99883,47.56278],[8.99861,47.56309],[8.99825,47.56332],[8.99737,47.56366],[8.99711,47.56395],[8.99689,47.56518],[8.99668,47.56551],[8.99605,47.56584],[8.99555,47.56595],[8.99484,47.56632],[8.99429,47.56654],[8.99406,47.56662],[8.99382,47.56667],[8.99336,47.56675],[8.99316,47.56677],[8.9922,47.56686],[8.99207,47.56687],[8.99154,47.56689],[8.99123,47.56693],[8.99093,47.56702],[8.99049,47.56722],[8.99009,47.56738],[8.98992,47.56742],[8.98989,47.56743],[8.98961,47.56751],[8.98937,47.56756],[8.989,47.56763],[8.98878,47.56766],[8.98798,47.56774],[8.98726,47.56785],[8.98699,47.56785],[8.98648,47.56774],[8.98607,47.5675],[8.98584,47.56716],[8.98579,47.56676],[8.98594,47.56631],[8.98607,47.56581],[8.98607,47.56546],[8.98602,47.56529],[8.98593,47.56512],[8.98578,47.56497],[8.98537,47.56474],[8.98483,47.56461],[8.98302,47.56407],[8.98301,47.56407],[8.98185,47.56373],[8.98151,47.56366],[8.9813,47.56364],[8.98107,47.56363],[8.98085,47.56364],[8.98048,47.56368],[8.97995,47.5638],[8.97965,47.56385],[8.9786,47.56397],[8.97832,47.56399],[8.97727,47.56401],[8.97588,47.56387],[8.97497,47.56384],[8.97465,47.56381],[8.9743,47.56374],[8.9722,47.5629],[8.972,47.56283],[8.97162,47.56274],[8.97145,47.56268],[8.97122,47.56262],[8.97092,47.56253],[8.9706,47.56241],[8.9701,47.56226],[8.96984,47.56221],[8.96957,47.56218],[8.96929,47.5622],[8.96903,47.56226],[8.96879,47.56235],[8.96832,47.56257],[8.96822,47.56262],[8.96785,47.56277],[8.96748,47.56289],[8.96703,47.563],[8.96609,47.56314],[8.96541,47.56311],[8.96489,47.56321],[8.96448,47.56339],[8.96411,47.56371],[8.96381,47.56388],[8.96348,47.56403],[8.96337,47.56408],[8.96308,47.56416],[8.96256,47.5642],[8.96208,47.56415],[8.96179,47.56416],[8.96152,47.56413],[8.96119,47.56405],[8.96065,47.56387],[8.95983,47.56366],[8.95947,47.56354],[8.95911,47.56339],[8.95891,47.56332],[8.95871,47.56328],[8.95792,47.56318],[8.95712,47.56305],[8.95679,47.56293],[8.95648,47.56285],[8.95576,47.56274],[8.95553,47.56272],[8.9553,47.56273],[8.95508,47.56276],[8.95373,47.56315],[8.95288,47.56347],[8.95215,47.56353],[8.95148,47.56332],[8.951,47.56291],[8.95048,47.5627],[8.95005,47.56262],[8.94921,47.56265],[8.94892,47.56261],[8.94792,47.56224],[8.94742,47.56218],[8.94692,47.56226],[8.9462,47.56262],[8.94597,47.56271],[8.94572,47.56276],[8.9452,47.56276],[8.94495,47.56271],[8.94472,47.56262],[8.94422,47.56234],[8.94353,47.56218],[8.94248,47.56188],[8.94161,47.56182],[8.94097,47.56153],[8.94073,47.56123],[8.94068,47.56088],[8.94125,47.55928],[8.94165,47.55879],[8.94209,47.55861],[8.94303,47.5584],[8.94336,47.55816],[8.94377,47.55774],[8.94387,47.55761],[8.94394,47.55747],[8.94414,47.55694],[8.94442,47.55647],[8.94472,47.55559],[8.94504,47.55517],[8.9451,47.55485],[8.94498,47.55452],[8.94486,47.55438],[8.94441,47.55402],[8.94356,47.55365],[8.94337,47.5536],[8.94245,47.5534],[8.94158,47.55319],[8.94143,47.55314],[8.94136,47.55312],[8.94105,47.55299],[8.94027,47.55261],[8.93998,47.55233],[8.93981,47.55205],[8.93949,47.5518],[8.93907,47.55165],[8.93791,47.55154],[8.93744,47.55143],[8.93704,47.55119]]]},"properties":{"bfs_nr":4611,"name":"Thundorf"}},{"type":"Feature","geometry":{"type":"Polygon","coordinates":[[[8.79927,47.58473],[8.80202,47.58409],[8.80246,47.58392],[8.80277,47.58366],[8.80291,47.58333],[8.80287,47.583],[8.80248,47.58257],[8.80212,47.58236],[8.80183,47.58202],[8.80153,47.58147],[8.80144,47.58106],[8.80159,47.58072],[8.80192,47.58043],[8.80246,47.58025],[8.80494,47.57975],[8.80559,47.57947],[8.80584,47.57916],[8.8059,47.57882],[8.80551,47.57773],[8.80561,47.57727],[8.80552,47.57686],[8.80506,47.5757],[8.80511,47.57535],[8.80536,47.57505],[8.80575,47.57483],[8.80698,47.57456],[8.80765,47.57425],[8.80789,47.57391],[8.80791,47.57355],[8.80762,47.57239],[8.80764,47.57198],[8.80787,47.57165],[8.80858,47.57132],[8.81364,47.57022],[8.81425,47.57016],[8.81555,47.57016],[8.8161,47.57023],[8.81652,47.57041],[8.8168,47.57068],[8.81704,47.57117],[8.81735,47.57145],[8.81779,47.57163],[8.81901,47.57169],[8.81947,47.57183],[8.81984,47.57207],[8.82057,47.57229],[8.82142,47.57228],[8.82252,47.57267],[8.82302,47.5727],[8.82398,47.57245],[8.82862,47.57141],[8.82941,47.57139],[8.82985,47.57152],[8.83031,47.57191],[8.83059,47.5726],[8.83089,47.57289],[8.83132,47.57308],[8.83183,47.57314],[8.83233,47.57307],[8.83734,47.57162],[8.83792,47.57153],[8.83843,47.5716],[8.83886,47.5718],[8.83925,47.57226],[8.83972,47.57266],[8.84052,47.57344],[8.84079,47.57391],[8.841,47.57482],[8.84118,47.57515],[8.84153,47.57541],[8.84175,47.5755],[8.84226,47.57558],[8.84327,47.57549],[8.84387,47.5755],[8.84435,47.57566],[8.8447,47.57593],[8.8449,47.57632],[8.84523,47.57663],[8.84546,47.57674],[8.84571,47.57681],[8.84599,47.57685],[8.84627,47.57685],[8.84868,47.57667],[8.84948,47.57676],[8.84988,47.57697],[8.85022,47.57742],[8.85053,47.5777],[8.85103,47.57793],[8.85121,47.57804],[8.85138,47.57818],[8.85149,47.57833],[8.85156,47.57848],[8.85159,47.57869],[8.8516,47.57908],[8.8516,47.57912],[8.85158,47.58003],[8.85156,47.58015],[8.85156,47.58026],[8.85156,47.58041],[8.85149,47.58135],[8.85147,47.5822],[8.85153,47.58253],[8.85149,47.58288],[8.85109,47.58337],[8.85059,47.58361],[8.85027,47.58386],[8.85011,47.58417],[8.85009,47.58482],[8.85038,47.58528],[8.85076,47.58549],[8.85148,47.58561],[8.85219,47.58553],[8.8532,47.58535],[8.85373,47.58539],[8.85477,47.58581],[8.85549,47.58582],[8.85599,47.58572],[8.85651,47.58567],[8.85693,47.58564],[8.85723,47.58562],[8.85742,47.58561],[8.85767,47.58562],[8.85799,47.58564],[8.85823,47.5857],[8.85866,47.5859],[8.85893,47.5862],[8.85902,47.58654],[8.8589,47.58696],[8.8589,47.58715],[8.859,47.58776],[8.85906,47.58795],[8.85918,47.58812],[8.85957,47.5884],[8.85982,47.58849],[8.8601,47.58857],[8.86022,47.58861],[8.86048,47.58872],[8.86067,47.58884],[8.86104,47.58918],[8.86121,47.58957],[8.86132,47.59042],[8.86147,47.59085],[8.86239,47.59549],[8.8627,47.5971],[8.86276,47.59726],[8.86283,47.59742],[8.86287,47.59758],[8.86292,47.59793],[8.86292,47.59815],[8.86276,47.59849],[8.86242,47.59876],[8.86195,47.59892],[8.86162,47.59896],[8.86083,47.59899],[8.86055,47.59903],[8.85943,47.59926],[8.85915,47.59934],[8.85898,47.5994],[8.8589,47.59943],[8.85832,47.59968],[8.85783,47.59991],[8.85687,47.60031],[8.85665,47.60042],[8.85647,47.60056],[8.85634,47.60072],[8.85626,47.6009],[8.85587,47.60221],[8.85578,47.60253],[8.85553,47.60284],[8.85512,47.60306],[8.85461,47.60315],[8.85302,47.60299],[8.85207,47.60311],[8.85154,47.6031],[8.851,47.60296],[8.85075,47.60292],[8.85041,47.60289],[8.84992,47.60293],[8.8495,47.60309],[8.84909,47.60344],[8.84869,47.60373],[8.84842,47.60385],[8.8481,47.60393],[8.84736,47.60404],[8.84727,47.60406],[8.84679,47.60415],[8.84673,47.60416],[8.8465,47.60423],[8.8463,47.60433],[8.84612,47.60445],[8.84599,47.6046],[8.84589,47.60475],[8.84584,47.60492],[8.84584,47.60509],[8.84592,47.60574],[8.84591,47.60597],[8.84574,47.60631],[8.84538,47.60658],[8.84489,47.60673],[8.84456,47.60676],[8.84312,47.60678],[8.8422,47.60688],[8.84159,47.60715],[8.84134,47.60744],[8.8412,47.60782],[8.84056,47.60849],[8.84047,47.60864],[8.84041,47.60879],[8.8404,47.60895],[8.84045,47.60981],[8.84042,47.61007],[8.8403,47.61031],[8.83979,47.61107],[8.8396,47.61129],[8.8394,47.61143],[8.83909,47.61157],[8.8385,47.61177],[8.83822,47.61185],[8.83797,47.61189],[8.83748,47.61186],[8.83704,47.61171],[8.83671,47.61146],[8.83657,47.61127],[8.83612,47.61046],[8.83583,47.61009],[8.83549,47.60989],[8.83315,47.60871],[8.83309,47.60868],[8.83294,47.60861],[8.83284,47.60857],[8.8327,47.60852],[8.8326,47.60849],[8.83244,47.60844],[8.83236,47.60842],[8.8322,47.60838],[8.8321,47.60836],[8.83194,47.60833],[8.83184,47.60831],[8.83167,47.60829],[8.83158,47.60828],[8.83141,47.60827],[8.83131,47.60826],[8.83114,47.60826],[8.83104,47.60826],[8.83088,47.60826],[8.83076,47.60826],[8.83059,47.60828],[8.83051,47.60829],[8.83034,47.60831],[8.83024,47.60832],[8.83007,47.60835],[8.82999,47.60837],[8.8298,47.60842],[8.82975,47.60843],[8.8296,47.60847],[8.82945,47.60851],[8.82934,47.60855],[8.82923,47.6086],[8.82908,47.60866],[8.82903,47.60868],[8.82868,47.60885],[8.82853,47.60891],[8.82809,47.60905],[8.82776,47.60914],[8.82724,47.60917],[8.82652,47.60896],[8.8262,47.60868],[8.82603,47.60832],[8.82602,47.60815],[8.82605,47.60798],[8.82613,47.60782],[8.82628,47.60764],[8.82657,47.60737],[8.82674,47.60687],[8.82661,47.60654],[8.82591,47.60586],[8.82533,47.60558],[8.82444,47.6055],[8.8238,47.60524],[8.82346,47.60488],[8.82305,47.60464],[8.82178,47.60439],[8.82141,47.60415],[8.82126,47.60396],[8.82109,47.6037],[8.82103,47.6036],[8.82097,47.60349],[8.82089,47.6033],[8.82085,47.6032],[8.82079,47.6031],[8.82073,47.60301],[8.82043,47.60263],[8.82033,47.60241],[8.82026,47.60226],[8.82013,47.60211],[8.81977,47.60186],[8.81929,47.60173],[8.81864,47.60173],[8.81811,47.60183],[8.81762,47.60181],[8.81694,47.60163],[8.81401,47.60124],[8.81371,47.60118],[8.81329,47.60099],[8.813,47.60071],[8.81292,47.60055],[8.81288,47.60034],[8.81287,47.60007],[8.81288,47.59994],[8.8129,47.59978],[8.81292,47.59969],[8.813,47.59933],[8.81298,47.599],[8.81263,47.59856],[8.81223,47.59837],[8.81143,47.59825],[8.811,47.59809],[8.81044,47.59762],[8.80994,47.59741],[8.80876,47.59714],[8.80822,47.59694],[8.80781,47.59665],[8.80732,47.5965],[8.80685,47.59648],[8.806,47.59622],[8.805,47.59613],[8.80433,47.59591],[8.80404,47.59564],[8.80391,47.59529],[8.80392,47.59508],[8.804,47.59468],[8.80401,47.59451],[8.80397,47.59434],[8.80389,47.59418],[8.80377,47.59404],[8.80337,47.59373],[8.80317,47.5934],[8.80323,47.59283],[8.80305,47.59228],[8.80246,47.59174],[8.80234,47.5914],[8.80241,47.59106],[8.80267,47.59052],[8.80257,47.59016],[8.80237,47.58988],[8.80178,47.58954],[8.80079,47.58948],[8.80031,47.58938],[8.79978,47.58903],[8.79965,47.58883],[8.79961,47.58876],[8.79959,47.58871],[8.79934,47.58812],[8.79909,47.58758],[8.79907,47.58754],[8.79838,47.58588],[8.79838,47.58534],[8.79861,47.58504],[8.79927,47.58473]]]},"properties":{"bfs_nr":4616,"name":"Uesslingen-Buch"}},{"type":"Feature","geometry":{"type":"Polygon","coordinates":[[[8.85147,47.58298],[8.85157,47.58271],[8.85147,47.58211],[8.85152,47.58138],[8.85151,47.58111],[8.85156,47.5805],[8.85157,47.58046],[8.85159,47.58023],[8.85158,47.58008],[8.8516,47.57911],[8.8516,47.57908],[8.85159,47.57864],[8.85156,47.57848],[8.85149,47.57833],[8.85139,47.57818],[8.85125,47.57804],[8.8511,47.57784],[8.85106,47.57729],[8.85131,47.57697],[8.85172,47.57673],[8.85231,47.57662],[8.85293,47.57659],[8.85319,47.57658],[8.85328,47.57658],[8.85363,47.57658],[8.85371,47.57659],[8.85457,47.57662],[8.85466,47.57662],[8.86267,47.57717],[8.86373,47.57739],[8.86483,47.57746],[8.86484,47.57746],[8.86819,47.57768],[8.86821,47.57768],[8.87152,47.57787],[8.87162,47.57788],[8.88112,47.57875],[8.88193,47.57901],[8.88229,47.57935],[8.88269,47.57958],[8.88318,47.57968],[8.88541,47.57988],[8.88768,47.58013],[8.8877,47.58013],[8.88976,47.58037],[8.8898,47.58038],[8.89056,47.58048],[8.89063,47.58049],[8.89185,47.58069],[8.89204,47.58072],[8.89385,47.58115],[8.89673,47.58187],[8.89954,47.58257],[8.89956,47.58257],[8.90396,47.58368],[8.9068,47.58438],[8.90962,47.58508],[8.90963,47.58509],[8.91206,47.58567],[8.91566,47.58655],[8.91652,47.58678],[8.91698,47.58698],[8.91727,47.58724],[8.9174,47.58756],[8.91735,47.58789],[8.91724,47.58808],[8.91638,47.58924],[8.91621,47.58942],[8.91585,47.58964],[8.91538,47.58977],[8.91496,47.59],[8.9147,47.59032],[8.91458,47.59076],[8.91439,47.59107],[8.91341,47.59177],[8.91303,47.59198],[8.91215,47.59215],[8.91171,47.59235],[8.91091,47.59304],[8.91072,47.59336],[8.91062,47.59411],[8.91035,47.5944],[8.90973,47.59479],[8.90879,47.59509],[8.90834,47.59532],[8.90745,47.59558],[8.90702,47.59589],[8.90663,47.59607],[8.90507,47.59638],[8.90435,47.5964],[8.90278,47.59669],[8.90142,47.59736],[8.90081,47.59749],[8.89997,47.59758],[8.89938,47.5978],[8.89857,47.59787],[8.89771,47.59787],[8.89722,47.59796],[8.89637,47.59823],[8.89414,47.59851],[8.89369,47.59854],[8.89318,47.59857],[8.89301,47.59858],[8.89283,47.59858],[8.89269,47.59858],[8.89232,47.59857],[8.89211,47.59856],[8.89205,47.59855],[8.89183,47.59854],[8.89181,47.59854],[8.89159,47.59851],[8.89087,47.59834],[8.89008,47.59828],[8.88963,47.59837],[8.88882,47.59864],[8.88827,47.59867],[8.88734,47.59882],[8.88684,47.59875],[8.88625,47.59842],[8.88584,47.59794],[8.88563,47.59759],[8.88528,47.59733],[8.88482,47.59718],[8.88456,47.59716],[8.88375,47.59719],[8.88325,47.59711],[8.88235,47.59678],[8.88188,47.59677],[8.88003,47.59697],[8.87993,47.59698],[8.87972,47.597],[8.87928,47.59702],[8.87882,47.59709],[8.87832,47.59731],[8.87778,47.59743],[8.87196,47.59825],[8.87034,47.59848],[8.87022,47.5985],[8.87,47.59855],[8.86946,47.59877],[8.86893,47.59888],[8.86826,47.59883],[8.86749,47.59892],[8.86556,47.59909],[8.86407,47.59911],[8.86361,47.59899],[8.86324,47.59877],[8.86302,47.59847],[8.86286,47.59751],[8.86277,47.59725],[8.86275,47.59722],[8.86269,47.59703],[8.86239,47.59549],[8.86147,47.59084],[8.8613,47.59011],[8.86134,47.58942],[8.861,47.58898],[8.86063,47.58877],[8.8603,47.58863],[8.86023,47.58861],[8.86013,47.58858],[8.85989,47.58851],[8.85957,47.5884],[8.85919,47.58812],[8.85907,47.58795],[8.85899,47.58771],[8.85898,47.58762],[8.85897,47.58741],[8.85936,47.58668],[8.85935,47.58634],[8.85899,47.58589],[8.85833,47.58564],[8.85808,47.58562],[8.85769,47.58562],[8.85767,47.58562],[8.85739,47.58561],[8.85726,47.58562],[8.85698,47.58563],[8.85694,47.58564],[8.85657,47.58567],[8.85652,47.58567],[8.85614,47.58571],[8.85583,47.58572],[8.85535,47.58564],[8.85443,47.58532],[8.85319,47.58532],[8.85213,47.58554],[8.85148,47.5856],[8.85076,47.58548],[8.85038,47.58527],[8.85009,47.58481],[8.85015,47.58424],[8.85039,47.58392],[8.85105,47.58355],[8.85132,47.5833],[8.85147,47.58298]]]},"properties":{"bfs_nr":4621,"name":"Warth-Weiningen"}},{"type":"Feature","geometry":{"type":"Polygon","coordinates":[[[9.24003,47.61364],[9.24189,47.61265],[9.24204,47.61255],[9.24218,47.61244],[9.24321,47.61138],[9.24377,47.61097],[9.24403,47.61045],[9.24402,47.61012],[9.24434,47.60961],[9.24577,47.60844],[9.2466,47.60746],[9.24671,47.6073],[9.24678,47.60713],[9.24679,47.60695],[9.24675,47.60677],[9.24666,47.60661],[9.24634,47.60633],[9.24561,47.60586],[9.24538,47.60556],[9.24533,47.6054],[9.24538,47.60506],[9.24547,47.6049],[9.24564,47.60473],[9.24621,47.60424],[9.251,47.6006],[9.25126,47.60043],[9.25163,47.6001],[9.25682,47.59577],[9.25696,47.59563],[9.25706,47.59547],[9.25711,47.5953],[9.25711,47.59512],[9.25706,47.59495],[9.25696,47.59479],[9.25682,47.59464],[9.25664,47.59452],[9.25586,47.59405],[9.25562,47.59373],[9.25557,47.59355],[9.25564,47.5932],[9.25575,47.59304],[9.25594,47.59286],[9.2577,47.59151],[9.25784,47.59139],[9.25795,47.59125],[9.25801,47.59109],[9.2585,47.58947],[9.2585,47.58911],[9.25829,47.58878],[9.25793,47.58848],[9.25777,47.58816],[9.25764,47.58736],[9.25783,47.58658],[9.258,47.58627],[9.25853,47.58593],[9.259,47.58583],[9.26018,47.58579],[9.26119,47.58596],[9.26159,47.58616],[9.26186,47.58645],[9.26217,47.58703],[9.26236,47.5872],[9.2631,47.5877],[9.26333,47.58782],[9.26359,47.58791],[9.2647,47.58804],[9.26573,47.58825],[9.26628,47.58845],[9.26736,47.58903],[9.26781,47.5894],[9.26829,47.5901],[9.26833,47.59046],[9.26822,47.59081],[9.2683,47.59115],[9.26862,47.59162],[9.26864,47.59197],[9.26851,47.59239],[9.26859,47.59275],[9.2691,47.59326],[9.26938,47.59379],[9.26966,47.59407],[9.26986,47.59417],[9.27093,47.59465],[9.27158,47.59517],[9.27195,47.59538],[9.27266,47.59549],[9.27371,47.59528],[9.27423,47.59531],[9.2747,47.59548],[9.27515,47.59584],[9.27532,47.59637],[9.27515,47.59672],[9.2746,47.59714],[9.27436,47.59767],[9.27439,47.5983],[9.27418,47.5986],[9.27398,47.59876],[9.27341,47.59912],[9.27335,47.59916],[9.27238,47.59973],[9.27221,47.59984],[9.27198,47.60013],[9.27192,47.60045],[9.27203,47.60083],[9.27182,47.60164],[9.2719,47.60196],[9.272,47.60211],[9.27288,47.60313],[9.27309,47.60369],[9.27295,47.60403],[9.27261,47.60449],[9.2726,47.60482],[9.27277,47.60513],[9.27337,47.60587],[9.27342,47.60649],[9.27354,47.60682],[9.27456,47.60765],[9.27468,47.60798],[9.27461,47.60831],[9.27434,47.60875],[9.27434,47.60911],[9.27454,47.60944],[9.27501,47.60981],[9.27521,47.61015],[9.27524,47.61033],[9.2752,47.61051],[9.27511,47.61069],[9.27497,47.61085],[9.27439,47.61125],[9.27416,47.61159],[9.27413,47.61177],[9.27415,47.61196],[9.27423,47.61214],[9.27455,47.61244],[9.27516,47.61287],[9.27538,47.61319],[9.27544,47.61385],[9.27567,47.61415],[9.27666,47.61466],[9.27808,47.61574],[9.27854,47.61596],[9.27907,47.61609],[9.27951,47.61634],[9.28018,47.6169],[9.28045,47.61723],[9.2805,47.61756],[9.28038,47.61789],[9.27926,47.61876],[9.27829,47.61914],[9.27751,47.61962],[9.27692,47.6198],[9.27634,47.62008],[9.27486,47.6206],[9.27391,47.62074],[9.27322,47.62101],[9.27268,47.62111],[9.27178,47.62152],[9.27088,47.62184],[9.27,47.62239],[9.2695,47.62275],[9.26907,47.6232],[9.26845,47.62352],[9.26798,47.62361],[9.26749,47.62357],[9.26667,47.62333],[9.26617,47.62333],[9.26494,47.62353],[9.26417,47.6234],[9.26374,47.62311],[9.26316,47.62255],[9.26312,47.62251],[9.26182,47.62138],[9.26163,47.62117],[9.26149,47.62103],[9.26037,47.62017],[9.26017,47.62004],[9.25757,47.61847],[9.25736,47.61837],[9.25662,47.61825],[9.25612,47.61833],[9.25559,47.61853],[9.25507,47.61857],[9.25456,47.61848],[9.25373,47.61806],[9.25352,47.61797],[9.25329,47.61791],[9.25305,47.61787],[9.25255,47.6179],[9.25211,47.61805],[9.25126,47.61846],[9.25101,47.61854],[9.25073,47.61857],[9.25046,47.61856],[9.25019,47.61852],[9.24994,47.61844],[9.24911,47.61796],[9.24887,47.61788],[9.2486,47.61784],[9.24832,47.61783],[9.24805,47.61786],[9.2478,47.61793],[9.24757,47.61803],[9.24705,47.61834],[9.24655,47.61848],[9.246,47.61847],[9.24574,47.61841],[9.24499,47.61807],[9.24425,47.61798],[9.24376,47.61803],[9.24325,47.61796],[9.24281,47.61776],[9.2426,47.61758],[9.24153,47.61646],[9.2415,47.61643],[9.24142,47.61634],[9.2414,47.61632],[9.24096,47.61586],[9.23966,47.61483],[9.23949,47.61448],[9.23953,47.61412],[9.24003,47.61364]]]},"properties":{"bfs_nr":4641,"name":"Altnau"}},{"type":"Feature","geometry":{"type":"Polygon","coordinates":[[[9.19798,47.62942],[9.19808,47.62907],[9.1986,47.62847],[9.19881,47.62773],[9.19907,47.62739],[9.19978,47.62706],[9.20057,47.62706],[9.20136,47.62741],[9.20206,47.62768],[9.20243,47.62789],[9.20305,47.62841],[9.20326,47.62852],[9.20375,47.62864],[9.20402,47.62865],[9.20428,47.62863],[9.20453,47.62857],[9.20475,47.62848],[9.20639,47.62767],[9.20735,47.62728],[9.20779,47.62682],[9.20789,47.62592],[9.20811,47.62561],[9.20849,47.62538],[9.20897,47.62526],[9.2098,47.6252],[9.21033,47.62498],[9.21063,47.62467],[9.21075,47.62406],[9.21096,47.62375],[9.21143,47.62342],[9.21187,47.62323],[9.21239,47.62318],[9.2129,47.62327],[9.21332,47.62348],[9.21378,47.62388],[9.21422,47.62412],[9.215,47.62423],[9.21567,47.62411],[9.21626,47.62411],[9.21659,47.62419],[9.21721,47.62439],[9.21752,47.62452],[9.21778,47.62469],[9.21825,47.62505],[9.21855,47.62539],[9.21862,47.62574],[9.21852,47.62619],[9.21862,47.62651],[9.21873,47.62666],[9.2195,47.62748],[9.21965,47.62768],[9.21974,47.62802],[9.21962,47.62836],[9.21933,47.62865],[9.21907,47.62879],[9.21745,47.62948],[9.21724,47.62959],[9.21707,47.62972],[9.21694,47.62987],[9.21686,47.63004],[9.21683,47.63021],[9.21684,47.63039],[9.21691,47.63056],[9.21703,47.63072],[9.21739,47.63111],[9.21757,47.63126],[9.21804,47.63147],[9.21875,47.63153],[9.21949,47.63171],[9.21984,47.63198],[9.22,47.63233],[9.21995,47.63269],[9.21966,47.63304],[9.21915,47.63344],[9.21892,47.63369],[9.21875,47.63383],[9.21868,47.63389],[9.21864,47.63391],[9.21856,47.63396],[9.21848,47.634],[9.21843,47.63403],[9.21834,47.63408],[9.21828,47.6341],[9.21822,47.63412],[9.21681,47.63473],[9.2166,47.63484],[9.21643,47.63497],[9.21622,47.63529],[9.2162,47.63564],[9.21627,47.63581],[9.21657,47.6362],[9.21693,47.63703],[9.21743,47.6375],[9.21802,47.6378],[9.21868,47.63841],[9.21893,47.63884],[9.21894,47.63918],[9.21861,47.63964],[9.21746,47.64039],[9.2159,47.64088],[9.21508,47.64123],[9.21475,47.64147],[9.21379,47.64243],[9.21327,47.64332],[9.21273,47.64375],[9.21249,47.64407],[9.2119,47.64463],[9.2115,47.64483],[9.21102,47.64492],[9.21001,47.6449],[9.20882,47.6446],[9.2081,47.64418],[9.2074,47.64401],[9.20684,47.64403],[9.20636,47.64395],[9.20595,47.64375],[9.20569,47.64346],[9.20555,47.64314],[9.20511,47.64167],[9.20458,47.6405],[9.20461,47.64016],[9.20487,47.63978],[9.20494,47.63943],[9.20453,47.63802],[9.20405,47.63754],[9.20347,47.6373],[9.20316,47.63703],[9.20287,47.63639],[9.20263,47.63578],[9.20234,47.63487],[9.20224,47.63462],[9.20222,47.63457],[9.2022,47.63454],[9.20216,47.63446],[9.20214,47.63443],[9.2021,47.63438],[9.20188,47.63411],[9.2018,47.634],[9.20106,47.63318],[9.2007,47.63292],[9.20014,47.6327],[9.19891,47.63186],[9.19858,47.63154],[9.19832,47.63093],[9.19805,47.63004],[9.19799,47.6297],[9.19798,47.62942]]]},"properties":{"bfs_nr":4643,"name":"Bottighofen"}},{"type":"Feature","geometry":{"type":"Polygon","coordinates":[[[9.06202,47.66948],[9.06183,47.66913],[9.06184,47.6688],[9.06203,47.66849],[9.06223,47.66833],[9.06249,47.66815],[9.06255,47.6681],[9.06265,47.66802],[9.06282,47.66785],[9.06288,47.66777],[9.06304,47.66762],[9.06404,47.66697],[9.06433,47.66682],[9.06556,47.6663],[9.06695,47.66595],[9.0675,47.66575],[9.06808,47.66568],[9.06856,47.66553],[9.06968,47.66495],[9.0698,47.66488],[9.07049,47.66442],[9.07099,47.66419],[9.07167,47.664],[9.072,47.66375],[9.07261,47.66306],[9.07279,47.66273],[9.07281,47.66255],[9.07268,47.6622],[9.07236,47.66192],[9.0719,47.66174],[9.07094,47.66154],[9.07044,47.66111],[9.07035,47.66075],[9.07065,47.66005],[9.0712,47.65966],[9.07151,47.65957],[9.07562,47.6587],[9.07624,47.65842],[9.07654,47.65796],[9.07649,47.65742],[9.07661,47.65709],[9.07688,47.65676],[9.07708,47.65618],[9.07689,47.65567],[9.07691,47.65519],[9.07739,47.65441],[9.0774,47.65406],[9.07733,47.65389],[9.07696,47.65343],[9.07689,47.65294],[9.07705,47.65263],[9.07741,47.65214],[9.07744,47.6518],[9.07734,47.65154],[9.07687,47.65103],[9.07641,47.65077],[9.07609,47.65046],[9.07581,47.65001],[9.07548,47.64975],[9.07497,47.64913],[9.07467,47.6489],[9.07402,47.64867],[9.07273,47.64845],[9.07223,47.64821],[9.0719,47.64775],[9.07199,47.64725],[9.07234,47.64688],[9.07272,47.64633],[9.07277,47.64599],[9.07261,47.64565],[9.07211,47.64517],[9.07201,47.64481],[9.07213,47.64445],[9.07258,47.64402],[9.07412,47.64285],[9.07459,47.64261],[9.0751,47.64252],[9.07543,47.64253],[9.07658,47.64265],[9.07723,47.6428],[9.07774,47.64284],[9.07799,47.64281],[9.07839,47.64273],[9.07858,47.64268],[9.07894,47.64256],[9.07917,47.64247],[9.07937,47.64234],[9.07953,47.64219],[9.07982,47.64183],[9.08021,47.64131],[9.08071,47.64103],[9.08271,47.64031],[9.08304,47.64022],[9.08332,47.64019],[9.08367,47.6402],[9.08571,47.64042],[9.08645,47.64043],[9.08676,47.64037],[9.08724,47.64022],[9.08744,47.64015],[9.08761,47.64006],[9.08821,47.6396],[9.08863,47.63943],[9.08886,47.63939],[9.08948,47.63934],[9.08974,47.63927],[9.09026,47.63903],[9.09074,47.63892],[9.09149,47.639],[9.09176,47.63911],[9.09182,47.63914],[9.09201,47.63923],[9.09215,47.63928],[9.0924,47.63937],[9.09245,47.63939],[9.09283,47.63951],[9.09308,47.63956],[9.09334,47.63959],[9.0936,47.63958],[9.09385,47.63953],[9.09409,47.63946],[9.0943,47.63935],[9.09447,47.63922],[9.0946,47.63906],[9.09467,47.63896],[9.09483,47.63877],[9.09541,47.63846],[9.09634,47.6384],[9.09685,47.63829],[9.09847,47.63765],[9.09866,47.63757],[9.09941,47.63715],[9.09968,47.63703],[9.10018,47.63692],[9.1007,47.63696],[9.10122,47.63716],[9.10169,47.63743],[9.1019,47.63753],[9.10214,47.6376],[9.10238,47.63764],[9.10264,47.63765],[9.10289,47.63762],[9.10342,47.63753],[9.10363,47.63748],[9.10384,47.6374],[9.10491,47.63691],[9.10533,47.63665],[9.10578,47.63649],[9.10629,47.63646],[9.10699,47.63666],[9.10734,47.63695],[9.10769,47.63749],[9.10774,47.63768],[9.1079,47.63858],[9.10791,47.63882],[9.10774,47.63923],[9.1072,47.64006],[9.10711,47.64027],[9.10709,47.64049],[9.1072,47.64139],[9.10711,47.64247],[9.10716,47.64277],[9.1078,47.64368],[9.10868,47.64425],[9.1092,47.6447],[9.10973,47.64532],[9.11019,47.64598],[9.11032,47.64612],[9.11048,47.64625],[9.11067,47.64635],[9.11114,47.64651],[9.1115,47.64675],[9.11166,47.64693],[9.11278,47.6486],[9.1129,47.64883],[9.11292,47.64902],[9.11288,47.64927],[9.11278,47.64956],[9.11267,47.64978],[9.11253,47.64994],[9.11211,47.65018],[9.11104,47.65045],[9.11065,47.65068],[9.1105,47.65082],[9.1101,47.65134],[9.11,47.6515],[9.10995,47.65168],[9.10996,47.65186],[9.11001,47.65215],[9.1101,47.65253],[9.11002,47.65297],[9.11019,47.65345],[9.11051,47.65371],[9.11095,47.65387],[9.11119,47.6539],[9.11297,47.65404],[9.11356,47.65417],[9.11396,47.65442],[9.11453,47.65524],[9.1147,47.65592],[9.11531,47.65693],[9.11578,47.65731],[9.11667,47.65751],[9.11712,47.65769],[9.11754,47.65798],[9.11814,47.65819],[9.11854,47.65845],[9.11913,47.65939],[9.1194,47.65968],[9.1198,47.65988],[9.12037,47.66004],[9.12076,47.66029],[9.12098,47.66068],[9.12125,47.66167],[9.12124,47.66229],[9.12135,47.66332],[9.12119,47.66366],[9.12065,47.66402],[9.12008,47.66413],[9.11749,47.66427],[9.11698,47.66438],[9.11657,47.66461],[9.11614,47.66508],[9.11573,47.66528],[9.11434,47.66562],[9.11322,47.66579],[9.11145,47.66591],[9.11012,47.66606],[9.10891,47.66608],[9.10834,47.66602],[9.10554,47.66539],[9.10428,47.66534],[9.10384,47.66545],[9.10315,47.66585],[9.10143,47.66628],[9.10081,47.66633],[9.10025,47.66644],[9.09911,47.66633],[9.09801,47.66601],[9.09747,47.66598],[9.09659,47.66605],[9.09616,47.66613],[9.09508,47.66667],[9.09326,47.668],[9.09258,47.66869],[9.09155,47.66981],[9.09136,47.67022],[9.09123,47.67123],[9.09102,47.67154],[9.08989,47.6727],[9.08964,47.67306],[9.08928,47.67334],[9.08878,47.67349],[9.08755,47.67355],[9.08667,47.67372],[9.08626,47.67387],[9.08535,47.67404],[9.08464,47.67426],[9.08388,47.67431],[9.08338,47.6744],[9.0829,47.67439],[9.08246,47.67427],[9.08212,47.67405],[9.08169,47.67356],[9.08126,47.67275],[9.08052,47.67199],[9.07983,47.67168],[9.07914,47.67153],[9.07881,47.67138],[9.07831,47.671],[9.07771,47.67075],[9.07705,47.6706],[9.07657,47.67061],[9.07507,47.67084],[9.07308,47.67173],[9.07161,47.67252],[9.07132,47.67274],[9.07078,47.67331],[9.06944,47.67434],[9.06878,47.67456],[9.06825,47.67458],[9.0676,47.67448],[9.06692,47.6742],[9.06613,47.67409],[9.06568,47.67393],[9.06535,47.67367],[9.06502,47.67313],[9.06454,47.67273],[9.06413,47.67214],[9.06389,47.67191],[9.06348,47.67128],[9.06338,47.67117],[9.06325,47.67107],[9.06321,47.67104],[9.0631,47.67095],[9.06306,47.67091],[9.06273,47.67061],[9.06264,47.67052],[9.06254,47.67041],[9.06235,47.67013],[9.06202,47.66948]]]},"properties":{"bfs_nr":4646,"name":"Ermatingen"}},{"type":"Feature","geometry":{"type":"Polygon","coordinates":[[[9.12146,47.66405],[9.12178,47.66387],[9.12239,47.66373],[9.12396,47.66378],[9.12564,47.66371],[9.13026,47.66366],[9.13085,47.66373],[9.13146,47.66407],[9.13166,47.6644],[9.13164,47.66476],[9.13142,47.66509],[9.13079,47.66541],[9.12938,47.66564],[9.12788,47.66605],[9.12637,47.66633],[9.12495,47.66638],[9.12405,47.66622],[9.12298,47.66587],[9.12163,47.66558],[9.12123,47.66537],[9.12098,47.66508],[9.1209,47.66474],[9.12102,47.66441],[9.12146,47.66405]]]},"properties":{"bfs_nr":4651,"name":"Gottlieben"}},{"type":"Feature","geometry":{"type":"Polygon","coordinates":[[[9.2619,47.5864],[9.26192,47.58619],[9.26224,47.58558],[9.26245,47.58484],[9.26246,47.58479],[9.26252,47.58446],[9.26258,47.58424],[9.26299,47.58342],[9.26334,47.58316],[9.26395,47.58283],[9.26417,47.58252],[9.26414,47.582],[9.26375,47.58143],[9.26374,47.58107],[9.26387,47.58064],[9.26385,47.58032],[9.26367,47.58],[9.26333,47.57968],[9.2632,47.57932],[9.26342,47.5788],[9.26411,47.57827],[9.26456,47.5781],[9.26508,47.57806],[9.26533,47.57809],[9.26579,47.57825],[9.26612,47.57852],[9.26623,47.57868],[9.2663,47.57889],[9.26648,47.58017],[9.26658,47.58047],[9.26681,47.58076],[9.26718,47.58098],[9.2674,47.58105],[9.26764,47.58109],[9.26789,47.5811],[9.26813,47.58108],[9.26878,47.58099],[9.26882,47.58098],[9.26969,47.58086],[9.27003,47.58084],[9.27029,47.58086],[9.27104,47.58103],[9.27162,47.58101],[9.27209,47.58085],[9.2731,47.58027],[9.27356,47.58012],[9.27433,47.58015],[9.27477,47.58034],[9.27507,47.58062],[9.27547,47.58124],[9.27589,47.58146],[9.27609,47.58152],[9.27699,47.58182],[9.27745,47.58193],[9.2779,47.58193],[9.27878,47.58184],[9.27922,47.58169],[9.27968,47.58137],[9.28023,47.58091],[9.28065,47.58072],[9.28095,47.58066],[9.28131,47.58062],[9.28179,47.58066],[9.28242,47.58079],[9.28266,47.58085],[9.28361,47.58113],[9.28385,47.58118],[9.28407,47.58121],[9.28429,47.58124],[9.28588,47.5812],[9.2864,47.58113],[9.28684,47.58094],[9.28701,47.5808],[9.28713,47.58065],[9.28737,47.58026],[9.28745,47.5801],[9.28773,47.57965],[9.28787,47.5793],[9.28816,47.57902],[9.28841,47.57888],[9.289,47.57863],[9.28947,47.57855],[9.28995,47.57859],[9.29038,47.57874],[9.2906,47.57889],[9.29117,47.57935],[9.29142,47.57952],[9.29174,47.57966],[9.29201,47.57972],[9.29258,47.57972],[9.29308,47.57963],[9.29333,47.57962],[9.29365,47.57966],[9.29404,47.57973],[9.29416,47.57975],[9.29511,47.57995],[9.29571,47.57996],[9.29628,47.5799],[9.29719,47.57973],[9.29771,47.57982],[9.29813,47.58004],[9.29839,47.58035],[9.29851,47.58087],[9.2984,47.58161],[9.29841,47.58174],[9.29848,47.58214],[9.29852,47.58228],[9.29866,47.5826],[9.29867,47.58261],[9.29879,47.58291],[9.29885,47.58317],[9.299,47.5846],[9.29904,47.58476],[9.29913,47.58491],[9.29947,47.58539],[9.29976,47.58574],[9.30007,47.58603],[9.3005,47.5865],[9.30095,47.58705],[9.301,47.58709],[9.30102,47.58712],[9.30103,47.58712],[9.30112,47.58722],[9.30116,47.58726],[9.30139,47.58747],[9.30181,47.58786],[9.30208,47.58811],[9.30239,47.58854],[9.3028,47.58889],[9.30318,47.58926],[9.30382,47.58986],[9.3041,47.59013],[9.30427,47.59033],[9.30438,47.59067],[9.30428,47.59103],[9.30395,47.59136],[9.30174,47.59284],[9.30158,47.59294],[9.30143,47.59302],[9.30125,47.5931],[9.30115,47.59314],[9.30093,47.59324],[9.30061,47.59351],[9.30046,47.59384],[9.30051,47.59419],[9.30076,47.5945],[9.30179,47.5951],[9.30201,47.59524],[9.30221,47.59543],[9.30396,47.59736],[9.30427,47.59777],[9.30521,47.59851],[9.30564,47.59868],[9.30613,47.59873],[9.30713,47.59869],[9.30758,47.59884],[9.30826,47.59931],[9.30845,47.59943],[9.30867,47.59952],[9.30941,47.5996],[9.30999,47.59949],[9.31055,47.59948],[9.31129,47.59971],[9.31245,47.59987],[9.31305,47.60024],[9.31335,47.6006],[9.31338,47.60114],[9.31311,47.60148],[9.31239,47.602],[9.31105,47.6028],[9.31017,47.60326],[9.30866,47.60394],[9.30811,47.60433],[9.30769,47.60491],[9.30734,47.60527],[9.30673,47.60563],[9.30569,47.60684],[9.3055,47.60723],[9.30501,47.60767],[9.30433,47.60791],[9.30362,47.60834],[9.30323,47.60869],[9.30277,47.60889],[9.30202,47.60901],[9.3016,47.60918],[9.30084,47.60975],[9.30037,47.61021],[9.29971,47.61073],[9.29882,47.61101],[9.29784,47.61139],[9.29736,47.61164],[9.29698,47.61212],[9.29666,47.6124],[9.2962,47.61258],[9.2954,47.61262],[9.29445,47.61255],[9.29377,47.61275],[9.29327,47.61299],[9.29256,47.61347],[9.29187,47.61366],[9.29122,47.61396],[9.29024,47.61408],[9.28957,47.61433],[9.28908,47.61445],[9.28834,47.61475],[9.28799,47.61495],[9.28736,47.61553],[9.28645,47.61603],[9.28588,47.61643],[9.28442,47.61697],[9.28367,47.61713],[9.28241,47.61718],[9.28157,47.61737],[9.28103,47.61735],[9.28032,47.61702],[9.27917,47.61606],[9.27881,47.61585],[9.27815,47.61568],[9.27793,47.61559],[9.27769,47.61544],[9.27635,47.61443],[9.27593,47.61415],[9.27572,47.61386],[9.27558,47.6132],[9.27526,47.6129],[9.2746,47.61248],[9.27424,47.61214],[9.27413,47.61177],[9.27416,47.61159],[9.27439,47.61125],[9.27497,47.61085],[9.27511,47.61071],[9.2752,47.61054],[9.27525,47.61037],[9.27524,47.6102],[9.27508,47.60987],[9.27474,47.60957],[9.27453,47.60924],[9.27453,47.60888],[9.27482,47.60843],[9.27488,47.60809],[9.27463,47.60762],[9.27415,47.60727],[9.27394,47.60695],[9.2739,47.60659],[9.27373,47.60625],[9.27294,47.60533],[9.27273,47.60477],[9.27288,47.60443],[9.27314,47.60413],[9.27322,47.60364],[9.27306,47.60333],[9.27205,47.60217],[9.27191,47.60196],[9.27184,47.6016],[9.27214,47.60103],[9.27219,47.60069],[9.27214,47.60008],[9.27238,47.59976],[9.27261,47.59959],[9.27336,47.59915],[9.2734,47.59913],[9.27424,47.59859],[9.27454,47.5983],[9.27466,47.59795],[9.2746,47.59745],[9.27477,47.59711],[9.2751,47.59683],[9.27532,47.59651],[9.27534,47.59617],[9.27517,47.59584],[9.2747,47.59546],[9.27427,47.59529],[9.27377,47.59525],[9.2728,47.59536],[9.27229,47.59526],[9.27207,47.59516],[9.26993,47.59421],[9.26966,47.59406],[9.26937,47.59375],[9.26911,47.59327],[9.26865,47.59279],[9.26858,47.59231],[9.26876,47.59194],[9.2688,47.5916],[9.26863,47.59107],[9.26865,47.59067],[9.26852,47.59035],[9.26777,47.58936],[9.26742,47.58906],[9.26623,47.58842],[9.26579,47.58827],[9.26465,47.58803],[9.2636,47.5879],[9.26334,47.58782],[9.26305,47.58766],[9.26242,47.58723],[9.26218,47.58703],[9.2619,47.5864]]]},"properties":{"bfs_nr":4656,"name":"G\u00fcttingen"}},{"type":"Feature","geometry":{"type":"Polygon","coordinates":[[[9.09908,47.59769],[9.09981,47.59565],[9.09985,47.59528],[9.10003,47.59494],[9.10039,47.59468],[9.10087,47.59453],[9.1014,47.59452],[9.10218,47.59469],[9.10358,47.59481],[9.10426,47.59478],[9.10513,47.59483],[9.10575,47.59482],[9.10623,47.59468],[9.10682,47.5942],[9.10721,47.59398],[9.10769,47.59387],[9.10901,47.59388],[9.10908,47.59388],[9.10924,47.59388],[9.10948,47.59386],[9.10992,47.59373],[9.11027,47.59351],[9.11061,47.59287],[9.11068,47.5918],[9.11054,47.59147],[9.10999,47.59059],[9.10926,47.5901],[9.10849,47.58948],[9.108,47.58892],[9.10781,47.58809],[9.10758,47.58745],[9.10782,47.58698],[9.10817,47.58674],[9.10884,47.58656],[9.10963,47.58618],[9.11024,47.58596],[9.11087,47.58563],[9.11118,47.58533],[9.11179,47.58436],[9.11216,47.5841],[9.11266,47.58397],[9.11319,47.58397],[9.11387,47.58414],[9.11448,47.58426],[9.11474,47.58429],[9.11501,47.58429],[9.11533,47.58426],[9.11537,47.58425],[9.11594,47.58419],[9.11609,47.58418],[9.1166,47.58415],[9.11698,47.58416],[9.11746,47.58421],[9.11777,47.58429],[9.11826,47.58437],[9.11897,47.58451],[9.119,47.58452],[9.11917,47.58455],[9.11935,47.58457],[9.11954,47.58458],[9.1196,47.58458],[9.1197,47.58458],[9.12019,47.58455],[9.12048,47.58451],[9.12099,47.58437],[9.12115,47.58433],[9.12134,47.5843],[9.12172,47.58427],[9.12263,47.58425],[9.1229,47.58423],[9.12339,47.58408],[9.12407,47.58364],[9.12456,47.58352],[9.12508,47.58354],[9.12681,47.58401],[9.12737,47.58422],[9.12759,47.58428],[9.12782,47.58432],[9.12886,47.58433],[9.12974,47.58454],[9.12994,47.58458],[9.13014,47.5846],[9.13056,47.58463],[9.13095,47.58461],[9.1313,47.58458],[9.13183,47.58465],[9.13227,47.58486],[9.13262,47.58534],[9.13262,47.58575],[9.13264,47.58598],[9.13273,47.58627],[9.13278,47.58643],[9.13298,47.58673],[9.13332,47.58696],[9.13439,47.58733],[9.13488,47.58741],[9.13538,47.58737],[9.13648,47.58712],[9.13715,47.58707],[9.13721,47.58706],[9.13779,47.587],[9.138,47.58697],[9.13855,47.58685],[9.13868,47.58682],[9.13911,47.58675],[9.13963,47.58672],[9.14006,47.5868],[9.14062,47.58709],[9.1411,47.58723],[9.14253,47.58723],[9.14365,47.58708],[9.14443,47.58719],[9.14483,47.58742],[9.14542,47.58816],[9.14577,47.58839],[9.14621,47.58851],[9.14681,47.58854],[9.14729,47.58865],[9.14768,47.58888],[9.14791,47.58919],[9.14805,47.59044],[9.14833,47.59073],[9.14875,47.59092],[9.14924,47.591],[9.1495,47.59099],[9.14974,47.59094],[9.15933,47.58854],[9.15991,47.58847],[9.16064,47.58864],[9.16099,47.5889],[9.16132,47.58939],[9.16194,47.58996],[9.16207,47.59011],[9.16217,47.59026],[9.16226,47.59047],[9.16233,47.59061],[9.16243,47.59076],[9.16256,47.59092],[9.16273,47.59105],[9.16294,47.59116],[9.16318,47.59124],[9.16344,47.59128],[9.1637,47.59129],[9.16397,47.59127],[9.16422,47.59121],[9.16539,47.59073],[9.16578,47.59061],[9.16599,47.59051],[9.16635,47.59029],[9.16655,47.59015],[9.1669,47.58983],[9.16758,47.58961],[9.16816,47.58963],[9.16981,47.58989],[9.17035,47.5899],[9.17105,47.58972],[9.17206,47.58956],[9.17286,47.58969],[9.17314,47.58984],[9.17511,47.5911],[9.17533,47.59127],[9.17554,47.5916],[9.17557,47.59177],[9.17554,47.592],[9.17519,47.59324],[9.1751,47.59453],[9.17519,47.59574],[9.17505,47.59636],[9.17506,47.59767],[9.17509,47.59783],[9.17516,47.59799],[9.17527,47.59814],[9.1756,47.59838],[9.17603,47.59853],[9.17694,47.59871],[9.17731,47.59896],[9.17755,47.59926],[9.17787,47.59946],[9.17861,47.59983],[9.17888,47.60008],[9.17898,47.60026],[9.17957,47.60171],[9.17958,47.60173],[9.17973,47.60208],[9.17975,47.60212],[9.17993,47.60245],[9.17995,47.60249],[9.18015,47.60282],[9.18018,47.60286],[9.1804,47.60318],[9.18042,47.60321],[9.18167,47.60488],[9.18211,47.60571],[9.18232,47.60604],[9.18261,47.60633],[9.18359,47.6068],[9.18383,47.60713],[9.18385,47.60774],[9.18409,47.60908],[9.18414,47.60962],[9.18411,47.60983],[9.18395,47.61013],[9.1835,47.61068],[9.18351,47.61146],[9.18343,47.6118],[9.18298,47.61221],[9.18213,47.61246],[9.18066,47.613],[9.18029,47.61323],[9.17989,47.61366],[9.1798,47.61385],[9.17978,47.61407],[9.17975,47.61426],[9.17924,47.61583],[9.17919,47.61594],[9.17903,47.61629],[9.17882,47.61669],[9.17882,47.61715],[9.17868,47.61751],[9.17852,47.61767],[9.17827,47.61784],[9.17756,47.61822],[9.1775,47.61825],[9.17493,47.61953],[9.17491,47.61954],[9.17378,47.62013],[9.17343,47.62032],[9.17308,47.62077],[9.17315,47.62128],[9.17365,47.62193],[9.17415,47.62224],[9.17442,47.62255],[9.17451,47.62297],[9.17475,47.62342],[9.17482,47.62358],[9.17492,47.62388],[9.17496,47.62398],[9.17509,47.62422],[9.17513,47.62428],[9.1755,47.62483],[9.17551,47.62485],[9.17578,47.62527],[9.17588,47.62548],[9.17591,47.62566],[9.17581,47.626],[9.17538,47.62646],[9.17519,47.62669],[9.17517,47.62672],[9.17492,47.62706],[9.17445,47.62751],[9.17398,47.62811],[9.1737,47.62825],[9.1734,47.62838],[9.17315,47.62846],[9.17286,47.62854],[9.17246,47.62876],[9.17232,47.62891],[9.17217,47.62924],[9.17222,47.62959],[9.17254,47.63034],[9.17299,47.63085],[9.17308,47.63139],[9.17288,47.63172],[9.17249,47.63197],[9.17072,47.63245],[9.17026,47.63266],[9.16995,47.63297],[9.16988,47.63315],[9.16989,47.63359],[9.16977,47.63391],[9.16929,47.63429],[9.1672,47.63501],[9.1667,47.63505],[9.16645,47.63502],[9.16601,47.63487],[9.16567,47.63462],[9.16556,47.63447],[9.16546,47.63424],[9.16536,47.63407],[9.16521,47.63391],[9.16501,47.63378],[9.16478,47.63367],[9.16452,47.63361],[9.16353,47.63354],[9.16329,47.63348],[9.16288,47.63329],[9.16258,47.63297],[9.16244,47.63269],[9.16241,47.63253],[9.16248,47.6322],[9.16273,47.63178],[9.16276,47.63157],[9.16271,47.63078],[9.16267,47.63059],[9.16257,47.63041],[9.16205,47.6297],[9.16168,47.62932],[9.16156,47.62918],[9.16146,47.62903],[9.16118,47.62843],[9.16107,47.62826],[9.16064,47.62786],[9.15941,47.62635],[9.15928,47.62614],[9.15922,47.62595],[9.15923,47.62577],[9.15941,47.62541],[9.15984,47.62511],[9.16018,47.62498],[9.16121,47.62476],[9.16196,47.62467],[9.16274,47.62447],[9.16327,47.62414],[9.16344,47.62383],[9.1636,47.62327],[9.16404,47.62284],[9.16419,47.62254],[9.16418,47.6222],[9.16398,47.62188],[9.16363,47.62164],[9.16316,47.6215],[9.16219,47.62147],[9.16174,47.62151],[9.15932,47.62197],[9.15915,47.622],[9.15883,47.62204],[9.15856,47.62206],[9.15719,47.62211],[9.15669,47.62218],[9.15625,47.62236],[9.15587,47.6228],[9.15575,47.62325],[9.15549,47.62354],[9.15505,47.62381],[9.15468,47.62421],[9.15431,47.62446],[9.15197,47.62561],[9.15034,47.62647],[9.15031,47.62649],[9.14899,47.62723],[9.14894,47.62726],[9.14843,47.62757],[9.1484,47.62759],[9.14707,47.62829],[9.14676,47.62842],[9.14591,47.6286],[9.1455,47.62886],[9.14516,47.6292],[9.14497,47.62957],[9.14469,47.62985],[9.14409,47.63017],[9.14355,47.63076],[9.14318,47.63102],[9.1427,47.63117],[9.14205,47.6312],[9.14157,47.63132],[9.14118,47.63155],[9.14087,47.63195],[9.13998,47.63275],[9.13931,47.633],[9.13894,47.63303],[9.13866,47.63307],[9.13837,47.63311],[9.13814,47.63311],[9.13775,47.63307],[9.13732,47.63298],[9.13699,47.63291],[9.13422,47.63249],[9.13368,47.63249],[9.1314,47.63279],[9.12761,47.6333],[9.12731,47.63332],[9.12684,47.63327],[9.1259,47.63291],[9.12466,47.63266],[9.12426,47.63263],[9.12329,47.63264],[9.12295,47.63262],[9.12268,47.63257],[9.12238,47.63246],[9.12108,47.63185],[9.12098,47.6318],[9.12076,47.63164],[9.12035,47.63124],[9.12026,47.63111],[9.12022,47.63105],[9.11972,47.63019],[9.11961,47.62983],[9.11963,47.62963],[9.11984,47.62878],[9.11986,47.62867],[9.11987,47.62858],[9.11987,47.62853],[9.11987,47.62844],[9.11986,47.62839],[9.11981,47.62819],[9.11964,47.6277],[9.11962,47.62765],[9.11961,47.6276],[9.11954,47.62705],[9.11945,47.6268],[9.11904,47.62607],[9.11903,47.62605],[9.11898,47.62596],[9.11894,47.62591],[9.11888,47.62582],[9.11885,47.62578],[9.11879,47.6257],[9.11875,47.62566],[9.11865,47.62555],[9.11809,47.62498],[9.11758,47.62467],[9.11705,47.62455],[9.11661,47.62434],[9.11633,47.62404],[9.11622,47.62363],[9.11632,47.6233],[9.11696,47.62279],[9.1172,47.62248],[9.11724,47.62213],[9.11694,47.62165],[9.11675,47.62153],[9.11635,47.62131],[9.11516,47.62062],[9.11493,47.62047],[9.11483,47.62039],[9.11426,47.62013],[9.113,47.61938],[9.11261,47.61916],[9.11148,47.61849],[9.11142,47.61845],[9.11136,47.61841],[9.11107,47.61819],[9.11103,47.61815],[9.10947,47.61732],[9.10896,47.61689],[9.10883,47.61657],[9.10906,47.61592],[9.109,47.6154],[9.1083,47.61462],[9.10758,47.61401],[9.10695,47.61372],[9.10592,47.61341],[9.10545,47.61306],[9.10518,47.61235],[9.10484,47.61172],[9.10381,47.61101],[9.10362,47.61067],[9.10358,47.61019],[9.10326,47.6096],[9.10287,47.60915],[9.10239,47.60892],[9.10135,47.60867],[9.10069,47.60836],[9.10044,47.60805],[9.10039,47.60769],[9.10055,47.60735],[9.10115,47.60695],[9.10179,47.60667],[9.10249,47.60612],[9.10266,47.60563],[9.10254,47.6053],[9.10204,47.60459],[9.1016,47.60429],[9.10135,47.604],[9.10127,47.60367],[9.10135,47.60302],[9.10067,47.60206],[9.10062,47.60139],[9.10087,47.60094],[9.10091,47.60059],[9.10074,47.60002],[9.10022,47.59935],[9.09996,47.59893],[9.09936,47.59853],[9.09911,47.59823],[9.09908,47.59769]]]},"properties":{"bfs_nr":4666,"name":"Kemmental"}},{"type":"Feature","geometry":{"type":"Polygon","coordinates":[[[9.1403,47.63339],[9.14012,47.63299],[9.14028,47.63249],[9.14085,47.63198],[9.14118,47.63156],[9.14157,47.63133],[9.14205,47.63121],[9.14261,47.63119],[9.14322,47.63107],[9.14361,47.63085],[9.14418,47.63014],[9.14501,47.62971],[9.14546,47.62909],[9.14581,47.6288],[9.14668,47.62849],[9.14833,47.62764],[9.14844,47.62757],[9.14893,47.62726],[9.149,47.62722],[9.15035,47.62647],[9.15196,47.62562],[9.1545,47.62437],[9.15485,47.62412],[9.15517,47.62376],[9.15591,47.62336],[9.15617,47.62309],[9.15646,47.62253],[9.15681,47.62228],[9.15727,47.62213],[9.15861,47.62206],[9.15878,47.62205],[9.15918,47.622],[9.15929,47.62198],[9.16165,47.62152],[9.16224,47.62149],[9.16295,47.62164],[9.16348,47.62202],[9.16362,47.62236],[9.16336,47.62314],[9.16341,47.62376],[9.16324,47.62412],[9.16264,47.62449],[9.16147,47.62471],[9.16033,47.62494],[9.16016,47.62498],[9.15994,47.62507],[9.15978,47.62514],[9.15942,47.62539],[9.15923,47.62572],[9.1592,47.62589],[9.15923,47.62606],[9.15931,47.62623],[9.16055,47.62775],[9.16076,47.6281],[9.16116,47.62849],[9.16148,47.62906],[9.16155,47.62918],[9.16165,47.6293],[9.16207,47.62973],[9.16254,47.63037],[9.16266,47.63059],[9.16274,47.63126],[9.16267,47.63163],[9.1624,47.63197],[9.16229,47.63232],[9.1624,47.63267],[9.1626,47.63301],[9.16272,47.63316],[9.16288,47.63329],[9.16307,47.6334],[9.16329,47.63349],[9.16352,47.63354],[9.16449,47.63361],[9.16495,47.63375],[9.1653,47.634],[9.16542,47.63416],[9.16551,47.6344],[9.16561,47.63456],[9.16575,47.63471],[9.16594,47.63484],[9.16615,47.63494],[9.1664,47.63501],[9.16666,47.63505],[9.16692,47.63505],[9.16718,47.63502],[9.16782,47.63483],[9.16884,47.63482],[9.16936,47.63472],[9.16978,47.63449],[9.17003,47.63417],[9.17007,47.6338],[9.16993,47.63341],[9.16996,47.63306],[9.17017,47.63275],[9.17083,47.63242],[9.17271,47.63194],[9.17333,47.63161],[9.17354,47.63128],[9.17354,47.63092],[9.17321,47.63048],[9.17272,47.63021],[9.17242,47.62995],[9.17225,47.62964],[9.17218,47.62925],[9.17233,47.62892],[9.17287,47.62855],[9.17327,47.62843],[9.17387,47.62818],[9.17417,47.62805],[9.17451,47.62776],[9.17467,47.62741],[9.17517,47.62672],[9.1752,47.62668],[9.17534,47.6265],[9.17554,47.6263],[9.1757,47.62617],[9.17582,47.62601],[9.17592,47.62566],[9.17589,47.62549],[9.17581,47.62532],[9.1755,47.62484],[9.1755,47.62483],[9.17514,47.6243],[9.17508,47.6242],[9.17497,47.624],[9.17491,47.62385],[9.17482,47.6236],[9.17477,47.6232],[9.17493,47.62288],[9.1754,47.62244],[9.17554,47.62182],[9.17573,47.6215],[9.17607,47.62126],[9.17629,47.62117],[9.17655,47.62111],[9.17697,47.62107],[9.17723,47.62107],[9.17763,47.6211],[9.17771,47.6211],[9.17839,47.62112],[9.17846,47.62112],[9.17974,47.6211],[9.17976,47.6211],[9.18024,47.62109],[9.18058,47.62111],[9.18107,47.62125],[9.18157,47.62167],[9.18165,47.62203],[9.18153,47.62253],[9.18163,47.62286],[9.18174,47.623],[9.18221,47.62352],[9.18251,47.62395],[9.18305,47.62482],[9.18325,47.62512],[9.18348,47.62565],[9.18424,47.62611],[9.18454,47.62641],[9.18487,47.62699],[9.18529,47.62726],[9.18564,47.6277],[9.18565,47.62803],[9.18537,47.62852],[9.18529,47.62885],[9.18532,47.62902],[9.1854,47.62918],[9.18552,47.62933],[9.18568,47.62946],[9.18582,47.62955],[9.18595,47.62963],[9.18612,47.62971],[9.18614,47.62973],[9.18668,47.63],[9.18707,47.63027],[9.18736,47.63063],[9.18798,47.63093],[9.18849,47.63098],[9.18959,47.63088],[9.18978,47.63086],[9.19025,47.63076],[9.1908,47.63076],[9.19139,47.63093],[9.19192,47.63097],[9.19254,47.63087],[9.19308,47.63088],[9.19357,47.63103],[9.19393,47.6313],[9.19428,47.63194],[9.19439,47.63211],[9.19454,47.63225],[9.19473,47.63237],[9.1952,47.63253],[9.19572,47.63255],[9.19598,47.63251],[9.19622,47.63244],[9.19711,47.63208],[9.19743,47.63192],[9.19821,47.63175],[9.19905,47.63196],[9.20016,47.63272],[9.20068,47.63292],[9.20111,47.63324],[9.20179,47.634],[9.20189,47.63411],[9.20209,47.63437],[9.20214,47.63444],[9.20221,47.63456],[9.20224,47.63463],[9.2023,47.63484],[9.20241,47.63513],[9.20263,47.63578],[9.2027,47.63597],[9.20274,47.63633],[9.20264,47.63673],[9.20272,47.63707],[9.20294,47.63742],[9.20337,47.63768],[9.20387,47.6378],[9.2043,47.638],[9.20459,47.6383],[9.20477,47.63899],[9.20441,47.63964],[9.20441,47.64022],[9.20512,47.6417],[9.20556,47.64316],[9.20562,47.64334],[9.20572,47.64368],[9.20574,47.64392],[9.20546,47.64445],[9.20484,47.64487],[9.20453,47.64522],[9.20401,47.64553],[9.20235,47.6462],[9.20147,47.64637],[9.20073,47.64661],[9.19983,47.6472],[9.19919,47.64753],[9.19858,47.64764],[9.19777,47.64758],[9.19706,47.64767],[9.19667,47.64787],[9.19591,47.64844],[9.19511,47.64873],[9.19429,47.64875],[9.19346,47.64903],[9.19288,47.64914],[9.1919,47.64899],[9.19136,47.64899],[9.19086,47.64913],[9.19044,47.6494],[9.18993,47.64959],[9.18941,47.64971],[9.18904,47.64988],[9.18786,47.65081],[9.18586,47.65258],[9.18527,47.6529],[9.18481,47.65304],[9.18363,47.653],[9.18314,47.65312],[9.18261,47.65351],[9.1825,47.65403],[9.18269,47.65465],[9.18256,47.655],[9.18189,47.65555],[9.18142,47.65568],[9.1806,47.65561],[9.17704,47.6546],[9.17653,47.65459],[9.17605,47.65472],[9.17523,47.65533],[9.17479,47.65549],[9.17429,47.65552],[9.17291,47.65536],[9.17207,47.65539],[9.17151,47.65523],[9.17101,47.6552],[9.17031,47.65538],[9.16998,47.65563],[9.16963,47.65606],[9.16437,47.65966],[9.16387,47.6598],[9.16308,47.65975],[9.16264,47.65953],[9.16223,47.65912],[9.16211,47.6588],[9.16217,47.65847],[9.16241,47.65815],[9.16251,47.65779],[9.1624,47.65743],[9.16208,47.65714],[9.16192,47.65703],[9.16132,47.65668],[9.16109,47.65657],[9.16043,47.65642],[9.15999,47.65621],[9.1597,47.6559],[9.15962,47.65555],[9.15978,47.65515],[9.16051,47.65436],[9.16059,47.65402],[9.16049,47.65276],[9.16042,47.65252],[9.16004,47.65174],[9.15994,47.65159],[9.15962,47.65133],[9.15911,47.65112],[9.15875,47.65087],[9.1584,47.65038],[9.15781,47.64995],[9.15725,47.64933],[9.15652,47.64908],[9.15585,47.64909],[9.15532,47.64899],[9.15485,47.6488],[9.15436,47.64873],[9.15378,47.64876],[9.15308,47.64856],[9.15192,47.64738],[9.15162,47.64702],[9.15127,47.6468],[9.15082,47.64667],[9.15008,47.64662],[9.14944,47.64638],[9.14916,47.64611],[9.14903,47.64563],[9.14841,47.64286],[9.14821,47.6425],[9.14694,47.64118],[9.14658,47.64093],[9.14537,47.64066],[9.14498,47.64043],[9.14475,47.64012],[9.14471,47.63977],[9.14483,47.63911],[9.14473,47.6388],[9.14466,47.6385],[9.14463,47.63841],[9.14454,47.63823],[9.14452,47.63819],[9.14447,47.63813],[9.14439,47.63803],[9.14433,47.63796],[9.14385,47.63759],[9.14367,47.63738],[9.14334,47.63713],[9.14317,47.63699],[9.14295,47.63677],[9.14293,47.63675],[9.14288,47.63669],[9.14275,47.63652],[9.14266,47.63633],[9.14265,47.63632],[9.14265,47.63631],[9.14257,47.63606],[9.14257,47.63604],[9.14251,47.63586],[9.14249,47.63579],[9.14241,47.63564],[9.14228,47.6355],[9.14187,47.63521],[9.14149,47.63463],[9.14098,47.63404],[9.14044,47.63361],[9.1403,47.63339]]]},"properties":{"bfs_nr":4671,"name":"Kreuzlingen"}},{"type":"Feature","geometry":{"type":"Polygon","coordinates":[[[9.21636,47.61396],[9.21661,47.61371],[9.21672,47.61333],[9.21655,47.61247],[9.21649,47.6123],[9.21648,47.6123],[9.21634,47.61202],[9.216,47.61107],[9.21595,47.61085],[9.21603,47.61051],[9.21629,47.61022],[9.21694,47.60995],[9.21774,47.60977],[9.2186,47.60932],[9.21924,47.60892],[9.21951,47.60861],[9.21953,47.60807],[9.21938,47.60777],[9.21938,47.60743],[9.21956,47.60711],[9.21999,47.60674],[9.22019,47.60631],[9.22015,47.60572],[9.22052,47.60516],[9.22089,47.60431],[9.22112,47.60397],[9.2216,47.60316],[9.22167,47.60299],[9.22169,47.60282],[9.22167,47.60265],[9.2216,47.60249],[9.22148,47.60234],[9.22134,47.60221],[9.22115,47.6021],[9.22043,47.6018],[9.21982,47.60167],[9.21938,47.60144],[9.21888,47.60077],[9.21888,47.60042],[9.21929,47.59993],[9.22153,47.59841],[9.22169,47.59828],[9.22181,47.59813],[9.22189,47.59796],[9.22192,47.59779],[9.22189,47.59762],[9.22171,47.59729],[9.22136,47.59704],[9.22113,47.59696],[9.2207,47.59687],[9.22003,47.59668],[9.21978,47.59658],[9.21952,47.5964],[9.21919,47.59611],[9.2189,47.59588],[9.21875,47.59573],[9.2186,47.59562],[9.21841,47.59552],[9.21821,47.59544],[9.21685,47.59509],[9.21633,47.59471],[9.21621,47.59419],[9.21649,47.59358],[9.21681,47.59329],[9.21727,47.59312],[9.2178,47.59308],[9.21831,47.59318],[9.21872,47.59338],[9.21893,47.59345],[9.21926,47.59355],[9.21933,47.59357],[9.21951,47.59362],[9.21963,47.59364],[9.21972,47.59366],[9.21986,47.59368],[9.21997,47.59369],[9.22005,47.59369],[9.22022,47.5937],[9.22026,47.59371],[9.22034,47.59371],[9.2206,47.5937],[9.22084,47.59366],[9.22128,47.59349],[9.22145,47.59337],[9.22169,47.59307],[9.22178,47.59251],[9.22203,47.59204],[9.2224,47.5918],[9.22289,47.59167],[9.22341,47.59167],[9.22389,47.5918],[9.22438,47.59184],[9.22486,47.59176],[9.22526,47.59157],[9.22595,47.59112],[9.22702,47.59099],[9.22746,47.59086],[9.22825,47.59082],[9.22909,47.59101],[9.22964,47.59106],[9.23036,47.59093],[9.23064,47.59086],[9.23092,47.59077],[9.23124,47.59069],[9.23245,47.59019],[9.23298,47.58981],[9.23322,47.58931],[9.23314,47.58869],[9.23313,47.58857],[9.23313,47.58852],[9.23318,47.58827],[9.23336,47.58789],[9.2337,47.58736],[9.23389,47.58713],[9.234,47.58695],[9.23405,47.58676],[9.23404,47.58657],[9.23395,47.58625],[9.23401,47.58567],[9.2339,47.58536],[9.23325,47.58429],[9.23324,47.58392],[9.23344,47.58355],[9.23425,47.58285],[9.23439,47.58252],[9.23432,47.58202],[9.23461,47.58146],[9.23771,47.57855],[9.23793,47.57824],[9.23805,47.57761],[9.23847,47.57673],[9.2386,47.57654],[9.23891,47.57628],[9.23934,47.57612],[9.23982,47.57608],[9.24012,47.57611],[9.24289,47.57656],[9.24314,47.57658],[9.24363,47.57653],[9.24407,47.57636],[9.24438,47.57609],[9.24447,47.57594],[9.24457,47.57571],[9.24468,47.57552],[9.24471,47.57547],[9.24474,47.57542],[9.24507,47.575],[9.24521,47.57468],[9.24516,47.57434],[9.24494,47.57404],[9.24457,47.57375],[9.24438,47.57326],[9.24451,47.57289],[9.24515,47.57187],[9.24546,47.57156],[9.24587,47.57137],[9.24661,47.57131],[9.24717,47.57142],[9.24816,47.57179],[9.249,47.57196],[9.25025,47.57213],[9.25117,47.57239],[9.25149,47.57264],[9.25165,47.57296],[9.25172,47.57359],[9.25196,47.57407],[9.25251,47.57454],[9.25296,47.57473],[9.25376,47.57477],[9.25444,47.57448],[9.25473,47.57423],[9.25489,47.5739],[9.25482,47.57287],[9.25474,47.57243],[9.25489,47.57207],[9.25544,47.57158],[9.25585,47.57141],[9.25691,47.57114],[9.25742,47.57115],[9.25788,47.57129],[9.25823,47.57153],[9.25842,47.57185],[9.25839,47.57243],[9.25816,47.57303],[9.25808,47.57357],[9.25823,47.57392],[9.25853,47.57429],[9.25914,47.57477],[9.25954,47.57496],[9.26003,47.57504],[9.26052,47.57499],[9.26112,47.5747],[9.26168,47.57411],[9.2619,47.57397],[9.26231,47.57383],[9.26301,47.57371],[9.26353,47.57371],[9.264,47.57385],[9.26448,47.57418],[9.26491,47.57435],[9.26565,47.57441],[9.26645,47.57464],[9.26758,47.57546],[9.26803,47.57566],[9.26856,47.57572],[9.26964,47.5757],[9.27039,47.57574],[9.27093,47.57569],[9.27274,47.57568],[9.27305,47.5757],[9.2735,47.57581],[9.27386,47.57603],[9.27399,47.57617],[9.27411,47.57636],[9.2746,47.57747],[9.27503,47.57794],[9.27523,47.57826],[9.27526,47.57849],[9.27525,47.57888],[9.27522,47.57909],[9.27514,47.57926],[9.27487,47.57954],[9.27446,47.57974],[9.27346,47.57993],[9.27276,47.58035],[9.27171,47.58082],[9.27124,47.58089],[9.27015,47.58083],[9.26982,47.58085],[9.2688,47.58098],[9.26819,47.58107],[9.26789,47.5811],[9.26764,47.58109],[9.26718,47.58098],[9.26681,47.58076],[9.26652,47.58026],[9.26629,47.57885],[9.26623,47.57868],[9.26613,47.57851],[9.26598,47.57837],[9.26579,47.57825],[9.26558,47.57815],[9.26533,47.57809],[9.26508,47.57805],[9.26456,47.57809],[9.26411,47.57827],[9.26334,47.57881],[9.26309,47.57912],[9.26303,47.57947],[9.26318,47.57981],[9.26361,47.58017],[9.2638,47.5805],[9.2638,47.58085],[9.26353,47.58125],[9.26288,47.58162],[9.26221,47.58176],[9.26181,47.58198],[9.26156,47.58229],[9.26151,47.58263],[9.26179,47.58311],[9.26231,47.58347],[9.26254,47.58379],[9.26257,47.58417],[9.26255,47.58425],[9.26254,47.58434],[9.26254,47.58436],[9.26252,47.58446],[9.26246,47.58477],[9.26245,47.58486],[9.26237,47.58511],[9.26228,47.58533],[9.26215,47.58549],[9.26176,47.58574],[9.26126,47.58587],[9.26065,47.58585],[9.25978,47.58572],[9.25884,47.58578],[9.25817,47.58602],[9.25788,47.58632],[9.25773,47.58697],[9.25754,47.5873],[9.25751,47.58762],[9.25779,47.58843],[9.25831,47.58893],[9.25849,47.5894],[9.25846,47.5896],[9.25802,47.59106],[9.25794,47.59124],[9.25784,47.59139],[9.25766,47.59154],[9.2559,47.59289],[9.25574,47.59304],[9.25563,47.5932],[9.25557,47.59337],[9.25557,47.59355],[9.25561,47.59373],[9.25585,47.59405],[9.25659,47.59449],[9.25682,47.59464],[9.25705,47.59495],[9.2571,47.5953],[9.25696,47.59563],[9.25678,47.59581],[9.25118,47.60046],[9.24619,47.60425],[9.24613,47.6043],[9.2456,47.60476],[9.24547,47.6049],[9.24538,47.60506],[9.24533,47.6054],[9.24537,47.60556],[9.24547,47.60572],[9.2456,47.60586],[9.24577,47.60599],[9.24629,47.6063],[9.24665,47.60661],[9.24678,47.60695],[9.24671,47.6073],[9.24657,47.6075],[9.24581,47.60836],[9.24387,47.61],[9.24359,47.61044],[9.24354,47.61077],[9.24318,47.61122],[9.24298,47.61158],[9.24284,47.61177],[9.2422,47.61241],[9.24204,47.61255],[9.24185,47.61267],[9.23993,47.61369],[9.23959,47.61396],[9.23943,47.61429],[9.23947,47.61464],[9.2397,47.61499],[9.23979,47.61532],[9.23969,47.61564],[9.23939,47.61595],[9.23885,47.61632],[9.23811,47.61667],[9.2375,47.61718],[9.23735,47.61732],[9.23697,47.61773],[9.23677,47.61789],[9.23613,47.61815],[9.23563,47.61817],[9.23445,47.61781],[9.23391,47.61781],[9.23341,47.61795],[9.23321,47.61807],[9.2322,47.61879],[9.23189,47.61897],[9.23064,47.61955],[9.23034,47.61966],[9.2298,47.61973],[9.22952,47.6197],[9.22903,47.61954],[9.22877,47.61938],[9.22873,47.61935],[9.22861,47.61926],[9.22855,47.61923],[9.22842,47.61915],[9.22791,47.61886],[9.22758,47.61838],[9.22736,47.61785],[9.22673,47.61746],[9.22625,47.61737],[9.22575,47.61741],[9.22519,47.6176],[9.22466,47.61769],[9.22412,47.61763],[9.22367,47.61742],[9.22329,47.61701],[9.22298,47.61636],[9.22268,47.61606],[9.22222,47.61587],[9.2217,47.61581],[9.22118,47.6159],[9.22095,47.616],[9.22082,47.61606],[9.22016,47.61633],[9.21998,47.61639],[9.21977,47.61646],[9.21945,47.61653],[9.2189,47.61654],[9.21819,47.61628],[9.21763,47.61574],[9.21726,47.61555],[9.21677,47.61543],[9.21634,47.61523],[9.21606,47.61494],[9.21597,47.61459],[9.21608,47.61425],[9.21636,47.61396]]]},"properties":{"bfs_nr":4681,"name":"Langrickenbach"}},{"type":"Feature","geometry":{"type":"Polygon","coordinates":[[[9.17461,47.6197],[9.17494,47.61953],[9.17751,47.61825],[9.17755,47.61823],[9.17832,47.61781],[9.1787,47.6176],[9.17902,47.61707],[9.17899,47.61645],[9.17905,47.61626],[9.1792,47.61592],[9.17923,47.61585],[9.17983,47.61402],[9.17991,47.61374],[9.18032,47.61323],[9.18075,47.61299],[9.18204,47.61249],[9.18291,47.61227],[9.18342,47.61189],[9.18354,47.61156],[9.18351,47.61125],[9.18362,47.61088],[9.18407,47.61038],[9.18415,47.61006],[9.18414,47.60962],[9.18413,47.60958],[9.18408,47.60906],[9.18394,47.60812],[9.18406,47.60781],[9.18438,47.60748],[9.18467,47.60694],[9.185,47.60669],[9.18593,47.60646],[9.18635,47.60627],[9.18664,47.606],[9.18676,47.60568],[9.18668,47.60519],[9.18677,47.60484],[9.18749,47.60415],[9.18767,47.60376],[9.18821,47.60339],[9.18876,47.60328],[9.19011,47.60318],[9.19015,47.60317],[9.19032,47.60316],[9.1906,47.60311],[9.19086,47.60302],[9.19108,47.60289],[9.19126,47.60274],[9.19216,47.60175],[9.19261,47.60145],[9.1932,47.60117],[9.19394,47.60108],[9.19443,47.60119],[9.19531,47.60156],[9.19613,47.60164],[9.19666,47.6018],[9.19714,47.60183],[9.1978,47.60166],[9.1997,47.60072],[9.20037,47.60043],[9.20077,47.60014],[9.20139,47.59977],[9.20179,47.59956],[9.20194,47.59947],[9.20222,47.59928],[9.20229,47.59922],[9.2026,47.59897],[9.20277,47.59881],[9.20308,47.59856],[9.20334,47.59823],[9.20337,47.59785],[9.20303,47.59726],[9.203,47.59689],[9.20316,47.59648],[9.20308,47.59583],[9.20342,47.59493],[9.20376,47.5944],[9.20426,47.5932],[9.20476,47.59283],[9.20548,47.5927],[9.20597,47.59277],[9.20676,47.59307],[9.20729,47.5931],[9.2078,47.59298],[9.20853,47.59259],[9.20902,47.5925],[9.20976,47.59261],[9.21045,47.59295],[9.21091,47.59306],[9.2114,47.59304],[9.21225,47.59276],[9.21274,47.59272],[9.21404,47.59286],[9.21451,47.59302],[9.2156,47.59354],[9.21586,47.59384],[9.21605,47.59469],[9.21659,47.59509],[9.21728,47.59522],[9.21827,47.59547],[9.21847,47.59555],[9.21865,47.59566],[9.21888,47.59586],[9.21917,47.5961],[9.2192,47.59612],[9.21968,47.59653],[9.21996,47.59672],[9.22042,47.59686],[9.22103,47.59694],[9.22127,47.59702],[9.22165,47.59726],[9.22187,47.59759],[9.22188,47.59795],[9.2218,47.59812],[9.22168,47.59828],[9.22147,47.59845],[9.21917,47.60001],[9.21888,47.6003],[9.2188,47.60081],[9.21902,47.60134],[9.21928,47.60163],[9.21992,47.60188],[9.22055,47.60192],[9.22109,47.60208],[9.22142,47.60229],[9.22162,47.60257],[9.22168,47.60278],[9.22166,47.60297],[9.22156,47.60321],[9.22123,47.60378],[9.22107,47.60398],[9.22082,47.60439],[9.22018,47.60481],[9.2198,47.60526],[9.21978,47.60561],[9.21995,47.60597],[9.21999,47.60631],[9.2197,47.60676],[9.21937,47.60703],[9.21918,47.60738],[9.21921,47.60776],[9.21938,47.60808],[9.21939,47.60842],[9.21922,47.60873],[9.2185,47.6093],[9.2175,47.60978],[9.21676,47.6099],[9.21613,47.61025],[9.21593,47.61059],[9.21595,47.61095],[9.21638,47.61214],[9.21668,47.61324],[9.21657,47.61361],[9.21612,47.61405],[9.21585,47.61466],[9.21599,47.61515],[9.2163,47.61541],[9.21719,47.61569],[9.21761,47.61591],[9.21786,47.61622],[9.21792,47.61657],[9.21777,47.61691],[9.21743,47.61719],[9.21716,47.61731],[9.21582,47.61777],[9.21535,47.61814],[9.21523,47.61846],[9.21523,47.61863],[9.21529,47.61879],[9.21539,47.61901],[9.21549,47.61917],[9.21571,47.61945],[9.21573,47.61947],[9.21585,47.61963],[9.21598,47.61984],[9.21602,47.62019],[9.21586,47.62052],[9.21548,47.62085],[9.21498,47.62104],[9.21387,47.6212],[9.21331,47.62122],[9.21288,47.62133],[9.21251,47.62153],[9.21202,47.62194],[9.21182,47.62222],[9.21162,47.62303],[9.21137,47.62333],[9.21086,47.62362],[9.20982,47.62445],[9.20868,47.62475],[9.20829,47.62499],[9.20776,47.62557],[9.2076,47.62589],[9.20749,47.6269],[9.20706,47.62737],[9.2064,47.62766],[9.20481,47.62845],[9.20452,47.62857],[9.20427,47.62862],[9.20375,47.62864],[9.20306,47.6284],[9.20266,47.62806],[9.20253,47.62796],[9.20238,47.62785],[9.20213,47.62771],[9.20175,47.62755],[9.20152,47.62742],[9.2009,47.62701],[9.2004,47.62691],[9.19987,47.62695],[9.19942,47.62713],[9.19887,47.62753],[9.19857,47.62785],[9.19848,47.62848],[9.19807,47.62906],[9.198,47.62923],[9.19796,47.62944],[9.19795,47.62971],[9.19827,47.6309],[9.19819,47.63123],[9.19787,47.63159],[9.19712,47.63206],[9.19688,47.63217],[9.19627,47.63241],[9.19598,47.63251],[9.19572,47.63255],[9.1952,47.63253],[9.19474,47.63237],[9.19439,47.6321],[9.19395,47.63121],[9.19362,47.63093],[9.19291,47.63072],[9.19213,47.63076],[9.19122,47.6306],[9.19073,47.63061],[9.1898,47.63085],[9.18954,47.63088],[9.18874,47.63095],[9.18818,47.63092],[9.18773,47.63077],[9.18717,47.63024],[9.18683,47.63001],[9.18657,47.62992],[9.18635,47.62983],[9.18614,47.62972],[9.1861,47.62971],[9.18598,47.62964],[9.18579,47.62953],[9.18572,47.62949],[9.18552,47.62932],[9.1854,47.62918],[9.18529,47.62885],[9.18537,47.62852],[9.18568,47.62799],[9.18564,47.62763],[9.18541,47.62732],[9.18505,47.62703],[9.18487,47.6267],[9.1848,47.62626],[9.18442,47.62582],[9.18361,47.62545],[9.18321,47.62491],[9.183,47.6247],[9.18287,47.62453],[9.1825,47.62394],[9.18214,47.62342],[9.18203,47.62328],[9.18197,47.62277],[9.1823,47.62224],[9.1823,47.62172],[9.18207,47.62142],[9.18169,47.62119],[9.1812,47.62108],[9.18079,47.62108],[9.17975,47.6211],[9.17974,47.6211],[9.17848,47.62112],[9.17837,47.62112],[9.17773,47.6211],[9.17761,47.6211],[9.17719,47.62107],[9.17704,47.62107],[9.17689,47.62107],[9.1766,47.6211],[9.17629,47.62116],[9.17562,47.62132],[9.17488,47.62127],[9.17465,47.62119],[9.17416,47.62081],[9.17406,47.62031],[9.17423,47.61999],[9.17437,47.61985],[9.17461,47.6197]]]},"properties":{"bfs_nr":4683,"name":"Lengwil"}},{"type":"Feature","geometry":{"type":"Polygon","coordinates":[[[9.21301,47.62232],[9.21311,47.62175],[9.21344,47.62146],[9.21418,47.62123],[9.2148,47.62119],[9.21528,47.62103],[9.21589,47.62056],[9.21605,47.62022],[9.21601,47.61987],[9.21591,47.6197],[9.21572,47.61946],[9.21552,47.6192],[9.21537,47.61897],[9.21531,47.61883],[9.21524,47.61863],[9.21523,47.61846],[9.21535,47.61814],[9.21583,47.61777],[9.21623,47.61763],[9.21881,47.61673],[9.21956,47.61652],[9.21963,47.6165],[9.22001,47.61638],[9.22013,47.61634],[9.22098,47.616],[9.22154,47.61586],[9.22206,47.61588],[9.22252,47.61604],[9.22297,47.61647],[9.22323,47.61705],[9.22361,47.61747],[9.22398,47.6177],[9.22445,47.61781],[9.22494,47.6178],[9.22588,47.61765],[9.22637,47.61775],[9.22677,47.61797],[9.22739,47.61863],[9.22815,47.619],[9.22833,47.6191],[9.22844,47.61916],[9.22854,47.61922],[9.22862,47.61927],[9.22882,47.61942],[9.22902,47.61955],[9.22926,47.61964],[9.22952,47.61971],[9.2298,47.61973],[9.23008,47.61972],[9.23034,47.61966],[9.23059,47.61957],[9.23194,47.61894],[9.23215,47.61882],[9.23306,47.61817],[9.23355,47.61794],[9.23406,47.61786],[9.23458,47.61793],[9.23532,47.61822],[9.23581,47.61826],[9.2363,47.61818],[9.2367,47.61798],[9.23686,47.61785],[9.23734,47.61734],[9.23785,47.61689],[9.23807,47.61674],[9.23854,47.61654],[9.23941,47.61597],[9.24016,47.61581],[9.24069,47.61587],[9.24133,47.61625],[9.2414,47.61632],[9.24142,47.61634],[9.24151,47.61644],[9.24152,47.61645],[9.24277,47.61775],[9.24338,47.6181],[9.2439,47.61816],[9.24446,47.6181],[9.24497,47.61812],[9.24574,47.61841],[9.246,47.61847],[9.24655,47.61848],[9.24706,47.61834],[9.24765,47.618],[9.24811,47.61786],[9.24863,47.61785],[9.24912,47.61797],[9.24993,47.61844],[9.25018,47.61852],[9.25045,47.61857],[9.25073,47.61857],[9.251,47.61854],[9.25126,47.61847],[9.25206,47.61807],[9.25255,47.6179],[9.25305,47.61788],[9.25352,47.61797],[9.25378,47.61809],[9.25465,47.61854],[9.25512,47.61863],[9.2556,47.61861],[9.25639,47.61835],[9.25693,47.61832],[9.25773,47.61857],[9.26016,47.62003],[9.26132,47.62091],[9.26165,47.62123],[9.26311,47.6225],[9.26356,47.62293],[9.26372,47.62314],[9.2638,47.62331],[9.26371,47.62385],[9.26314,47.62427],[9.26194,47.62462],[9.26156,47.62478],[9.26078,47.62496],[9.25916,47.62554],[9.2582,47.62582],[9.25731,47.62621],[9.25648,47.62668],[9.25595,47.62715],[9.25532,47.62749],[9.25344,47.62787],[9.2527,47.62815],[9.25178,47.6287],[9.25126,47.62918],[9.25068,47.62948],[9.25004,47.62997],[9.24908,47.63057],[9.24858,47.63073],[9.2476,47.63121],[9.24698,47.63138],[9.24646,47.63159],[9.2454,47.6318],[9.24477,47.63214],[9.24437,47.63228],[9.24315,47.6324],[9.24252,47.63253],[9.24201,47.63255],[9.2411,47.63288],[9.24051,47.63297],[9.23956,47.63285],[9.23871,47.6326],[9.23766,47.63255],[9.2365,47.63284],[9.23594,47.63288],[9.2352,47.63306],[9.23457,47.63336],[9.23374,47.63365],[9.23339,47.63389],[9.23307,47.63429],[9.23295,47.63465],[9.23269,47.63496],[9.23203,47.63524],[9.23124,47.63522],[9.2303,47.63475],[9.2298,47.63463],[9.22833,47.63467],[9.22735,47.63496],[9.22694,47.63516],[9.22633,47.63533],[9.22579,47.63567],[9.22455,47.63621],[9.22376,47.63649],[9.22319,47.63677],[9.22284,47.63702],[9.22233,47.63758],[9.22191,47.63774],[9.22116,47.63784],[9.22053,47.638],[9.22,47.63825],[9.21952,47.63833],[9.21904,47.63829],[9.2186,47.63814],[9.21743,47.63745],[9.21701,47.63706],[9.21678,47.63642],[9.21628,47.63581],[9.21621,47.63564],[9.21622,47.63529],[9.2166,47.63484],[9.21686,47.6347],[9.21823,47.63412],[9.21828,47.6341],[9.21835,47.63407],[9.21842,47.63403],[9.2185,47.63399],[9.21855,47.63396],[9.21858,47.63395],[9.21863,47.63392],[9.21869,47.63388],[9.21875,47.63384],[9.21902,47.63363],[9.21988,47.63286],[9.22019,47.6324],[9.22016,47.63206],[9.21988,47.63169],[9.21949,47.63144],[9.21898,47.63132],[9.21831,47.63134],[9.2178,47.63126],[9.21738,47.63106],[9.21718,47.63088],[9.21706,47.63075],[9.21692,47.63056],[9.21683,47.63021],[9.21695,47.62987],[9.21724,47.62959],[9.2175,47.62946],[9.21913,47.62876],[9.21933,47.62865],[9.21963,47.62837],[9.21971,47.6282],[9.21974,47.62802],[9.21973,47.62785],[9.21966,47.62768],[9.21954,47.62752],[9.21888,47.62682],[9.21874,47.62664],[9.21867,47.62648],[9.21875,47.62567],[9.21858,47.62533],[9.21842,47.62519],[9.21774,47.62465],[9.21753,47.62451],[9.21728,47.62441],[9.21652,47.62417],[9.21626,47.62411],[9.21597,47.62408],[9.21525,47.62413],[9.21452,47.62397],[9.21416,47.62372],[9.21393,47.62342],[9.21323,47.62278],[9.21301,47.62232]]]},"properties":{"bfs_nr":4691,"name":"M\u00fcnsterlingen"}},{"type":"Feature","geometry":{"type":"Polygon","coordinates":[[[9.10656,47.63491],[9.10677,47.63463],[9.1072,47.63428],[9.10732,47.63412],[9.10754,47.63361],[9.10823,47.6327],[9.1083,47.6326],[9.10832,47.63257],[9.10838,47.63245],[9.10889,47.63121],[9.10903,47.63081],[9.1092,47.63027],[9.10925,47.62987],[9.10942,47.62935],[9.10945,47.62918],[9.10945,47.62866],[9.10971,47.62817],[9.1098,47.62793],[9.10995,47.62763],[9.11,47.62748],[9.11001,47.62732],[9.10998,47.62716],[9.10977,47.62658],[9.10984,47.62618],[9.11002,47.62588],[9.11018,47.62569],[9.11055,47.62545],[9.11117,47.62515],[9.11149,47.62477],[9.11178,47.62454],[9.11208,47.6242],[9.11229,47.62403],[9.11277,47.62381],[9.11321,47.62374],[9.11382,47.62368],[9.11462,47.62343],[9.11511,47.6234],[9.11559,47.62349],[9.11599,47.62369],[9.11639,47.62426],[9.11675,47.62455],[9.11756,47.62477],[9.11804,47.62497],[9.11826,47.62515],[9.11864,47.62554],[9.11884,47.62577],[9.11889,47.62584],[9.11893,47.62589],[9.11898,47.62597],[9.11903,47.62605],[9.11905,47.62608],[9.11942,47.62674],[9.11954,47.62712],[9.11957,47.62738],[9.1196,47.62758],[9.11963,47.62766],[9.11964,47.62769],[9.11981,47.62818],[9.11986,47.62842],[9.11987,47.62856],[9.11984,47.62879],[9.11961,47.62971],[9.11959,47.6299],[9.11963,47.63008],[9.11987,47.63045],[9.12022,47.63106],[9.12025,47.63111],[9.12027,47.63114],[9.12034,47.63122],[9.12036,47.63125],[9.1204,47.63129],[9.1207,47.63159],[9.12078,47.63166],[9.12095,47.63178],[9.12105,47.63183],[9.12243,47.63248],[9.12268,47.63257],[9.12294,47.63263],[9.12322,47.63264],[9.12421,47.63263],[9.12471,47.63267],[9.12583,47.6329],[9.12662,47.6332],[9.12683,47.63327],[9.12707,47.63331],[9.12731,47.63333],[9.12755,47.63331],[9.13299,47.63258],[9.13434,47.63254],[9.13471,47.63257],[9.1369,47.63289],[9.13713,47.63294],[9.13782,47.63308],[9.13816,47.63312],[9.1385,47.6331],[9.13879,47.63307],[9.13903,47.63306],[9.1398,47.63321],[9.14023,47.63344],[9.14094,47.63408],[9.14163,47.63506],[9.14211,47.63538],[9.14227,47.6355],[9.1424,47.63565],[9.1425,47.63584],[9.14252,47.63587],[9.14257,47.63606],[9.14265,47.63632],[9.14266,47.63633],[9.14267,47.63637],[9.14274,47.63652],[9.14285,47.63666],[9.14294,47.63676],[9.14296,47.63677],[9.14326,47.63708],[9.14336,47.63718],[9.14387,47.63765],[9.14429,47.63794],[9.14446,47.63811],[9.14452,47.63819],[9.14465,47.63846],[9.1447,47.63871],[9.14473,47.63893],[9.14449,47.63945],[9.14442,47.6398],[9.14468,47.64044],[9.145,47.64071],[9.14545,47.64089],[9.14626,47.64095],[9.14672,47.64109],[9.14712,47.64137],[9.14817,47.64246],[9.14842,47.6429],[9.14888,47.64497],[9.14875,47.64563],[9.14878,47.64597],[9.1492,47.64643],[9.14968,47.64661],[9.15027,47.64667],[9.15108,47.64683],[9.15152,47.64701],[9.15243,47.64791],[9.15294,47.64864],[9.15357,47.64891],[9.15483,47.64899],[9.1554,47.64917],[9.15627,47.64922],[9.15672,47.64934],[9.15708,47.64957],[9.15745,47.65001],[9.15823,47.6504],[9.15855,47.65064],[9.15883,47.65104],[9.15913,47.65128],[9.15965,47.6515],[9.16002,47.65178],[9.16039,47.65247],[9.16049,47.65282],[9.16056,47.65405],[9.16037,47.65439],[9.16006,47.65468],[9.15957,47.65543],[9.15949,47.65576],[9.15972,47.65624],[9.16007,47.65648],[9.16053,47.65661],[9.16114,47.65667],[9.16164,47.65687],[9.16188,47.65704],[9.16211,47.65733],[9.16212,47.65783],[9.16182,47.65837],[9.16196,47.65891],[9.16293,47.65987],[9.16307,47.66022],[9.16287,47.66074],[9.16176,47.66157],[9.16076,47.66219],[9.16019,47.66268],[9.15998,47.66297],[9.1599,47.66361],[9.15935,47.66434],[9.1581,47.66551],[9.1577,47.66578],[9.15683,47.66596],[9.15634,47.66589],[9.15562,47.66563],[9.1553,47.66558],[9.15305,47.66545],[9.15238,47.66553],[9.14963,47.66638],[9.14901,47.6665],[9.14832,47.66651],[9.14769,47.6663],[9.14569,47.66523],[9.14503,47.66484],[9.1446,47.66449],[9.14413,47.66427],[9.14345,47.66415],[9.14219,47.6637],[9.14167,47.66345],[9.14125,47.66334],[9.14015,47.6632],[9.13966,47.66308],[9.1389,47.66269],[9.13837,47.66261],[9.13652,47.66285],[9.13584,47.66299],[9.13462,47.66284],[9.13407,47.66294],[9.13228,47.66354],[9.13167,47.66363],[9.13106,47.66365],[9.12562,47.66371],[9.12394,47.66378],[9.12235,47.66369],[9.12165,47.66341],[9.12139,47.66309],[9.12128,47.66235],[9.12132,47.66191],[9.12094,47.66049],[9.12072,47.66014],[9.12032,47.65989],[9.11973,47.65973],[9.11932,47.65953],[9.11902,47.6592],[9.11856,47.65845],[9.11819,47.6581],[9.11758,47.65782],[9.11715,47.65749],[9.11666,47.6573],[9.1159,47.65719],[9.11531,47.65687],[9.11486,47.65614],[9.1148,47.6557],[9.11441,47.655],[9.11423,47.65453],[9.11391,47.65426],[9.11321,47.65406],[9.11134,47.65391],[9.11103,47.65387],[9.1108,47.6538],[9.11042,47.65359],[9.11017,47.6533],[9.11015,47.65264],[9.11004,47.65226],[9.10997,47.65191],[9.10996,47.65168],[9.11001,47.6515],[9.11013,47.65129],[9.11047,47.65086],[9.11065,47.65068],[9.11105,47.65046],[9.11212,47.65019],[9.11253,47.64994],[9.11267,47.64978],[9.11276,47.64961],[9.1129,47.64922],[9.11293,47.64902],[9.1129,47.64883],[9.11281,47.64864],[9.11163,47.64689],[9.11151,47.64674],[9.11134,47.64662],[9.11114,47.64651],[9.11068,47.64634],[9.11032,47.64612],[9.11016,47.64594],[9.10972,47.64531],[9.10923,47.64473],[9.10864,47.64421],[9.10781,47.64367],[9.10716,47.64277],[9.10712,47.64243],[9.1072,47.64143],[9.1071,47.64054],[9.10712,47.64027],[9.10723,47.64001],[9.10776,47.6392],[9.10791,47.63882],[9.10791,47.63863],[9.10773,47.63762],[9.10764,47.63734],[9.10754,47.63719],[9.1065,47.6359],[9.10632,47.6355],[9.10656,47.63491]]]},"properties":{"bfs_nr":4696,"name":"T\u00e4gerwilen"}},{"type":"Feature","geometry":{"type":"Polygon","coordinates":[[[9.04664,47.61399],[9.04697,47.61373],[9.04713,47.61339],[9.04733,47.61256],[9.04735,47.61217],[9.04754,47.61169],[9.04785,47.61143],[9.04852,47.61123],[9.04945,47.61114],[9.05009,47.61091],[9.0506,47.61087],[9.05091,47.61091],[9.05162,47.61105],[9.05172,47.61107],[9.05257,47.61119],[9.05501,47.61157],[9.05506,47.61158],[9.05658,47.61178],[9.05667,47.61179],[9.05858,47.61211],[9.05862,47.61211],[9.05883,47.61214],[9.05898,47.61216],[9.06057,47.61227],[9.06065,47.61227],[9.06128,47.61233],[9.0614,47.61235],[9.06174,47.6124],[9.06201,47.61245],[9.06208,47.61246],[9.06229,47.61249],[9.06236,47.6125],[9.06267,47.61253],[9.06276,47.61254],[9.06507,47.61271],[9.06518,47.61271],[9.06536,47.61271],[9.06673,47.61276],[9.06675,47.61276],[9.06913,47.61286],[9.06917,47.61286],[9.06964,47.61287],[9.06966,47.61287],[9.07077,47.61289],[9.07081,47.61289],[9.07172,47.61291],[9.07178,47.61291],[9.07641,47.61289],[9.07856,47.61284],[9.07859,47.61284],[9.07951,47.6128],[9.07965,47.61279],[9.08038,47.61271],[9.08104,47.61267],[9.08124,47.61265],[9.08215,47.61251],[9.08268,47.61242],[9.08404,47.6124],[9.08435,47.61237],[9.08507,47.61226],[9.08658,47.61225],[9.08713,47.6122],[9.08774,47.6122],[9.08843,47.61222],[9.0889,47.61219],[9.08961,47.61195],[9.09021,47.6119],[9.0908,47.61193],[9.09191,47.61202],[9.09194,47.61202],[9.09282,47.6121],[9.0929,47.61211],[9.09446,47.61219],[9.09479,47.61223],[9.09533,47.61242],[9.0965,47.61261],[9.09705,47.61255],[9.09776,47.61223],[9.09821,47.61208],[9.09859,47.61182],[9.09897,47.61122],[9.09897,47.6109],[9.09873,47.61048],[9.09827,47.61013],[9.09803,47.60981],[9.098,47.60946],[9.09817,47.60912],[9.09852,47.60885],[9.09966,47.60846],[9.10044,47.60843],[9.1015,47.60875],[9.10245,47.60896],[9.10297,47.60928],[9.10327,47.60968],[9.10338,47.61066],[9.10388,47.6112],[9.10435,47.6114],[9.1048,47.61174],[9.10515,47.61234],[9.10541,47.61307],[9.10597,47.61348],[9.10702,47.61384],[9.1082,47.61457],[9.10871,47.6151],[9.10891,47.61553],[9.10885,47.61587],[9.10865,47.61625],[9.10877,47.61681],[9.10922,47.61719],[9.1107,47.61798],[9.111,47.61817],[9.11108,47.61823],[9.11143,47.61846],[9.11147,47.61848],[9.11262,47.61917],[9.11301,47.61938],[9.11429,47.62014],[9.11469,47.62034],[9.11495,47.6205],[9.1162,47.62122],[9.11665,47.62168],[9.11665,47.62219],[9.11623,47.62262],[9.11527,47.62304],[9.11487,47.62315],[9.11433,47.62349],[9.11382,47.62367],[9.11306,47.62375],[9.11277,47.6238],[9.11251,47.62389],[9.11229,47.62402],[9.11211,47.62417],[9.11122,47.62504],[9.11043,47.62546],[9.11023,47.62561],[9.11009,47.62578],[9.10987,47.62613],[9.10978,47.62632],[9.10976,47.62651],[9.1098,47.62671],[9.10993,47.62703],[9.11,47.62733],[9.10999,47.62748],[9.10993,47.62767],[9.10979,47.62795],[9.10973,47.62813],[9.10945,47.62866],[9.10945,47.62918],[9.10941,47.62939],[9.10915,47.63016],[9.10909,47.63061],[9.10888,47.63122],[9.10862,47.63182],[9.10839,47.63242],[9.10831,47.63258],[9.10787,47.63314],[9.10752,47.63364],[9.10721,47.63426],[9.10677,47.63463],[9.10623,47.63524],[9.10592,47.63612],[9.10523,47.6367],[9.10483,47.63694],[9.10388,47.63738],[9.10363,47.63747],[9.10336,47.63754],[9.10295,47.63761],[9.10264,47.63764],[9.10238,47.63764],[9.10191,47.63753],[9.10117,47.63713],[9.10071,47.63696],[9.10018,47.63692],[9.09992,47.63695],[9.09968,47.63702],[9.09946,47.63712],[9.0987,47.63754],[9.09843,47.63767],[9.09762,47.63799],[9.09732,47.63808],[9.09681,47.63812],[9.09586,47.63807],[9.0954,47.6382],[9.09505,47.63843],[9.09492,47.63858],[9.09463,47.63902],[9.09446,47.63921],[9.09429,47.63935],[9.09385,47.63953],[9.09334,47.63958],[9.09308,47.63956],[9.09277,47.63949],[9.09246,47.63939],[9.09239,47.63937],[9.09218,47.63929],[9.09198,47.63922],[9.09171,47.63909],[9.09149,47.639],[9.09074,47.63891],[9.09026,47.63902],[9.08972,47.63927],[9.08942,47.63934],[9.08895,47.63937],[9.08868,47.63941],[9.08844,47.63948],[9.08822,47.63959],[9.08761,47.64006],[9.08744,47.64015],[9.08719,47.64024],[9.08683,47.64035],[9.08645,47.64042],[9.08568,47.64041],[9.0836,47.6402],[9.08332,47.64019],[9.08304,47.64022],[9.08278,47.64029],[9.08065,47.64105],[9.0802,47.64131],[9.08005,47.64148],[9.0798,47.64185],[9.07956,47.64215],[9.07936,47.64234],[9.07917,47.64246],[9.07887,47.64258],[9.07863,47.64266],[9.07834,47.64274],[9.07829,47.64275],[9.07799,47.64279],[9.07751,47.64276],[9.07717,47.64269],[9.07678,47.64267],[9.07516,47.64251],[9.07439,47.64226],[9.07378,47.64183],[9.07345,47.64139],[9.07341,47.64083],[9.07336,47.64067],[9.07311,47.64032],[9.07302,47.6401],[9.07285,47.63944],[9.07282,47.63924],[9.07291,47.63892],[9.07322,47.6385],[9.07326,47.63799],[9.07318,47.63783],[9.07305,47.63768],[9.07289,47.63755],[9.07246,47.63736],[9.0717,47.63723],[9.07127,47.63704],[9.07098,47.63675],[9.0709,47.63659],[9.07087,47.63642],[9.07089,47.63605],[9.07084,47.63589],[9.07075,47.63573],[9.07062,47.63559],[9.07045,47.63547],[9.07025,47.63538],[9.07003,47.6353],[9.0698,47.63526],[9.06856,47.63511],[9.06793,47.63511],[9.06702,47.63505],[9.06695,47.63505],[9.06655,47.63504],[9.06636,47.63503],[9.06615,47.635],[9.06532,47.63478],[9.06484,47.63457],[9.06439,47.63401],[9.06385,47.63365],[9.06282,47.63329],[9.06259,47.63323],[9.06234,47.63319],[9.06208,47.63319],[9.06183,47.63323],[9.06138,47.63338],[9.0612,47.6335],[9.06105,47.63364],[9.06036,47.63446],[9.06025,47.63458],[9.06022,47.6346],[9.06002,47.63477],[9.06,47.63478],[9.05988,47.63486],[9.05964,47.63496],[9.05915,47.63506],[9.0589,47.63506],[9.05821,47.63495],[9.0577,47.63477],[9.05737,47.63451],[9.05722,47.63418],[9.05725,47.63383],[9.05737,47.63363],[9.05833,47.63232],[9.05847,47.63199],[9.0584,47.63164],[9.05805,47.6311],[9.058,47.63076],[9.05828,47.63028],[9.05914,47.6299],[9.05962,47.62947],[9.05969,47.62911],[9.05955,47.62875],[9.05916,47.62839],[9.05895,47.62805],[9.05884,47.62767],[9.05853,47.62734],[9.05801,47.62704],[9.05771,47.62654],[9.05774,47.62599],[9.05757,47.62567],[9.05742,47.62553],[9.05723,47.62541],[9.05689,47.62523],[9.0566,47.62494],[9.05646,47.62448],[9.05624,47.62419],[9.05579,47.6239],[9.05552,47.62378],[9.05483,47.62348],[9.05441,47.62322],[9.05412,47.62261],[9.05359,47.62213],[9.05273,47.62175],[9.05192,47.6216],[9.05106,47.62124],[9.05058,47.62096],[9.0498,47.6206],[9.04951,47.62028],[9.04932,47.61959],[9.04926,47.61916],[9.04932,47.6184],[9.04926,47.61767],[9.0494,47.61694],[9.04929,47.61659],[9.04898,47.61629],[9.04852,47.61611],[9.04791,47.61603],[9.04747,47.61589],[9.04647,47.61516],[9.04625,47.61483],[9.04625,47.61447],[9.04664,47.61399]]]},"properties":{"bfs_nr":4701,"name":"W\u00e4ldi"}},{"type":"Feature","geometry":{"type":"Polygon","coordinates":[[[9.00884,47.52814],[9.00961,47.52742],[9.01006,47.52721],[9.01059,47.52714],[9.01116,47.52721],[9.0117,47.52718],[9.01217,47.52701],[9.01236,47.52688],[9.01251,47.52672],[9.01278,47.52635],[9.01287,47.5262],[9.01291,47.52604],[9.01292,47.52588],[9.01288,47.52572],[9.0128,47.52557],[9.01263,47.52532],[9.01257,47.52514],[9.01256,47.52496],[9.01261,47.52478],[9.01273,47.52457],[9.01369,47.52332],[9.01376,47.52321],[9.01378,47.52317],[9.01381,47.52312],[9.01404,47.52254],[9.01409,47.52236],[9.01408,47.52218],[9.01401,47.522],[9.0139,47.52184],[9.01353,47.52157],[9.01278,47.5213],[9.01242,47.52106],[9.01223,47.52074],[9.01223,47.5204],[9.01231,47.52023],[9.01245,47.52004],[9.01264,47.51987],[9.01292,47.51965],[9.01306,47.51953],[9.01411,47.51837],[9.01431,47.51789],[9.01443,47.51729],[9.01494,47.51675],[9.01511,47.51646],[9.01514,47.5163],[9.01512,47.51614],[9.01505,47.5155],[9.01523,47.51514],[9.01563,47.51481],[9.01588,47.51446],[9.01622,47.5142],[9.01669,47.51404],[9.01721,47.51402],[9.0177,47.51414],[9.01797,47.51427],[9.01891,47.51486],[9.01912,47.51502],[9.01932,47.51524],[9.01948,47.51539],[9.01992,47.5156],[9.02043,47.51574],[9.02349,47.5169],[9.02408,47.51703],[9.02503,47.51707],[9.02546,47.51726],[9.02616,47.51792],[9.0264,47.51829],[9.0266,47.51885],[9.027,47.51976],[9.02728,47.52003],[9.02769,47.52022],[9.02853,47.52049],[9.02887,47.52071],[9.02914,47.52107],[9.02921,47.52115],[9.02934,47.5213],[9.02959,47.5215],[9.02989,47.52169],[9.03007,47.52178],[9.03178,47.5225],[9.03225,47.52262],[9.03301,47.52266],[9.0336,47.52283],[9.03388,47.5229],[9.03508,47.52307],[9.03563,47.52306],[9.03635,47.52287],[9.03736,47.52275],[9.03788,47.52274],[9.03886,47.52293],[9.03957,47.52294],[9.04075,47.52317],[9.04243,47.52355],[9.04285,47.5237],[9.0436,47.52392],[9.04528,47.52443],[9.04576,47.52451],[9.04625,47.52448],[9.04668,47.52432],[9.04701,47.52407],[9.0474,47.52345],[9.04799,47.5231],[9.0485,47.523],[9.049,47.52279],[9.04939,47.52242],[9.04977,47.5222],[9.05025,47.52209],[9.05117,47.5222],[9.05165,47.52219],[9.05188,47.52215],[9.0521,47.52207],[9.05229,47.52197],[9.05245,47.52185],[9.05327,47.52116],[9.05369,47.52099],[9.05418,47.52095],[9.05468,47.52102],[9.05513,47.52124],[9.05541,47.52154],[9.05561,47.52196],[9.05591,47.52223],[9.05635,47.52241],[9.05712,47.52258],[9.05764,47.52256],[9.0583,47.52229],[9.05892,47.52178],[9.05962,47.52152],[9.06039,47.52139],[9.06102,47.52116],[9.0616,47.5207],[9.06216,47.52045],[9.0625,47.52017],[9.06296,47.51995],[9.06398,47.51962],[9.06452,47.51957],[9.0651,47.51969],[9.06666,47.52028],[9.06732,47.52073],[9.06812,47.52086],[9.07145,47.52067],[9.07237,47.52073],[9.07405,47.52064],[9.07457,47.52053],[9.07511,47.52025],[9.07583,47.52009],[9.07674,47.52015],[9.07725,47.52007],[9.07767,47.51987],[9.07795,47.51956],[9.07816,47.51912],[9.07866,47.51849],[9.07906,47.51826],[9.07974,47.51807],[9.08018,47.51787],[9.08079,47.51778],[9.08124,47.51779],[9.08203,47.51765],[9.08254,47.51767],[9.08301,47.51782],[9.08348,47.51818],[9.08365,47.51851],[9.08363,47.51885],[9.08342,47.51916],[9.08308,47.51945],[9.08291,47.51979],[9.08309,47.52067],[9.08304,47.52129],[9.08309,47.52167],[9.08301,47.52206],[9.08273,47.52237],[9.0822,47.52269],[9.08196,47.52298],[9.0819,47.5233],[9.082,47.52466],[9.08194,47.5253],[9.0817,47.52569],[9.08164,47.52622],[9.08172,47.52642],[9.08219,47.52699],[9.08258,47.52724],[9.08327,47.52753],[9.08393,47.52789],[9.08436,47.52805],[9.08492,47.52815],[9.08533,47.52833],[9.0856,47.52861],[9.08571,47.52894],[9.08569,47.52915],[9.08568,47.5292],[9.08562,47.52939],[9.08561,47.52943],[9.08556,47.52963],[9.08555,47.5297],[9.08552,47.52989],[9.08552,47.52994],[9.08548,47.53094],[9.08544,47.53115],[9.08536,47.53131],[9.08507,47.5316],[9.08467,47.5318],[9.08432,47.5321],[9.08401,47.5328],[9.08372,47.53307],[9.08329,47.53326],[9.08211,47.53342],[9.08127,47.53375],[9.08093,47.53401],[9.08076,47.53433],[9.08078,47.53487],[9.08061,47.53657],[9.08011,47.53743],[9.07959,47.53779],[9.07911,47.53789],[9.07848,47.53788],[9.07758,47.53803],[9.07716,47.53827],[9.07688,47.53878],[9.07694,47.53927],[9.07692,47.5397],[9.07687,47.53991],[9.0768,47.54007],[9.07666,47.54026],[9.07657,47.54041],[9.07578,47.54187],[9.07469,47.54362],[9.07397,47.54452],[9.07315,47.54533],[9.07313,47.54534],[9.07272,47.54573],[9.0727,47.54575],[9.07233,47.54609],[9.07223,47.54619],[9.072,47.54636],[9.07178,47.54647],[9.07127,47.54659],[9.071,47.54659],[9.0707,47.54656],[9.06985,47.54634],[9.06895,47.54622],[9.06828,47.54598],[9.06798,47.54569],[9.0678,47.54536],[9.0675,47.5451],[9.06685,47.5449],[9.06631,47.54483],[9.06566,47.54481],[9.06534,47.54478],[9.06487,47.54464],[9.06452,47.5444],[9.06433,47.54408],[9.06426,47.54357],[9.06401,47.54326],[9.06335,47.54297],[9.06283,47.54294],[9.06233,47.54305],[9.06173,47.54334],[9.06148,47.54339],[9.06122,47.54341],[9.0609,47.5434],[9.0568,47.54293],[9.05608,47.54299],[9.05532,47.54328],[9.05441,47.54389],[9.05393,47.54399],[9.05362,47.54399],[9.05186,47.54389],[9.05155,47.54386],[9.05111,47.54371],[9.05078,47.54347],[9.05054,47.54307],[9.05023,47.5428],[9.04979,47.54262],[9.04821,47.54226],[9.04772,47.54221],[9.04723,47.54229],[9.04682,47.54249],[9.04613,47.543],[9.04566,47.54311],[9.04487,47.54303],[9.04314,47.5425],[9.04262,47.54243],[9.0421,47.5425],[9.04167,47.54271],[9.04073,47.54373],[9.04069,47.54426],[9.04094,47.54465],[9.04114,47.54531],[9.04291,47.54803],[9.04303,47.54857],[9.04286,47.54889],[9.04253,47.54915],[9.04208,47.5493],[9.04151,47.54939],[9.04049,47.54981],[9.03976,47.54989],[9.03877,47.55002],[9.03838,47.55001],[9.03755,47.54987],[9.03687,47.5497],[9.03608,47.54962],[9.03583,47.54956],[9.03555,47.54946],[9.03545,47.54941],[9.03542,47.5494],[9.03532,47.54936],[9.03513,47.54926],[9.03506,47.54922],[9.03472,47.54905],[9.03368,47.54858],[9.0334,47.54842],[9.03322,47.54827],[9.03299,47.54789],[9.03251,47.54744],[9.03216,47.54723],[9.03196,47.54716],[9.03163,47.54709],[9.03141,47.54703],[9.03112,47.54693],[9.03054,47.54668],[9.03024,47.54652],[9.03014,47.54648],[9.03004,47.54643],[9.02965,47.54621],[9.02957,47.54616],[9.02933,47.54605],[9.02881,47.54584],[9.02835,47.54569],[9.02737,47.54561],[9.02688,47.54571],[9.02625,47.54597],[9.02585,47.54624],[9.02531,47.54688],[9.02471,47.54714],[9.02369,47.5474],[9.02318,47.54745],[9.02269,47.54738],[9.02208,47.54716],[9.02145,47.54676],[9.02101,47.54637],[9.01985,47.54581],[9.01946,47.54566],[9.01901,47.54552],[9.01854,47.54545],[9.01771,47.54546],[9.0172,47.54531],[9.01642,47.54478],[9.01593,47.54447],[9.01559,47.54431],[9.01538,47.54419],[9.01526,47.5441],[9.015,47.54388],[9.01494,47.54383],[9.01463,47.54361],[9.01426,47.54318],[9.01391,47.54294],[9.0134,47.54277],[9.01299,47.54254],[9.01272,47.54203],[9.01276,47.54167],[9.01293,47.54131],[9.0135,47.54082],[9.01389,47.54007],[9.01394,47.53917],[9.01377,47.53881],[9.01337,47.53847],[9.01315,47.53811],[9.01305,47.53772],[9.01286,47.53744],[9.01261,47.53629],[9.0122,47.53549],[9.01222,47.53448],[9.01206,47.53414],[9.01172,47.53388],[9.011,47.53359],[9.0108,47.53345],[9.0106,47.53323],[9.01006,47.53243],[9.00985,47.53213],[9.00979,47.53194],[9.00979,47.53172],[9.00985,47.53153],[9.00996,47.53124],[9.01019,47.5308],[9.01019,47.53044],[9.00999,47.53011],[9.00981,47.52998],[9.00961,47.52987],[9.00903,47.52962],[9.00876,47.52947],[9.00859,47.52933],[9.00839,47.529],[9.0084,47.52864],[9.00884,47.52814]]]},"properties":{"bfs_nr":4711,"name":"Affeltrangen"}},{"type":"Feature","geometry":{"type":"Polygon","coordinates":[[[8.99363,47.50138],[8.99391,47.5011],[8.99413,47.50068],[8.99449,47.50042],[8.99522,47.50019],[8.99575,47.49982],[8.99584,47.49966],[8.99593,47.49945],[8.99595,47.4994],[8.99604,47.49914],[8.99606,47.49907],[8.99623,47.49828],[8.99644,47.49789],[8.99682,47.49762],[8.99754,47.49737],[8.99785,47.49729],[8.9981,47.49726],[8.99819,47.49726],[8.99832,47.49725],[8.99835,47.49726],[8.9984,47.49725],[8.99842,47.49725],[8.99844,47.49725],[8.99869,47.49724],[8.99891,47.49725],[8.99983,47.49747],[9.00023,47.49773],[9.00037,47.49789],[9.00046,47.49812],[9.00048,47.49817],[9.00055,47.49834],[9.00068,47.4985],[9.00085,47.49864],[9.00138,47.49893],[9.00145,47.49899],[9.00152,47.49904],[9.0016,47.49909],[9.00174,47.49922],[9.00182,47.49931],[9.00196,47.49945],[9.00216,47.49959],[9.00237,47.49969],[9.00264,47.4998],[9.00308,47.50002],[9.00329,47.50011],[9.00352,47.50016],[9.00375,47.50019],[9.004,47.50018],[9.00423,47.50015],[9.00497,47.5],[9.00557,47.49991],[9.00583,47.49988],[9.00609,47.49983],[9.00633,47.49976],[9.00653,47.49969],[9.00686,47.49964],[9.00715,47.49958],[9.0074,47.49947],[9.0079,47.49908],[9.008,47.49895],[9.00807,47.49884],[9.00834,47.49859],[9.00845,47.49845],[9.00853,47.4983],[9.00862,47.49803],[9.00897,47.49767],[9.0096,47.49728],[9.00979,47.49713],[9.00993,47.49697],[9.01001,47.49678],[9.01004,47.49659],[9.00994,47.49622],[9.00997,47.49588],[9.01008,47.49567],[9.0103,47.49536],[9.01039,47.49518],[9.01043,47.49499],[9.0104,47.4948],[9.01028,47.49448],[9.0103,47.49415],[9.0107,47.49349],[9.01074,47.49342],[9.0108,47.4933],[9.01083,47.49322],[9.01107,47.49254],[9.0111,47.49241],[9.01129,47.49084],[9.01162,47.49028],[9.01206,47.49005],[9.01332,47.48979],[9.01418,47.4898],[9.01475,47.48997],[9.01547,47.48997],[9.01683,47.4901],[9.01731,47.49004],[9.01772,47.48987],[9.01847,47.48922],[9.01908,47.48899],[9.0203,47.48873],[9.02155,47.4889],[9.02353,47.4889],[9.02398,47.48893],[9.02495,47.48917],[9.02575,47.48962],[9.02626,47.48975],[9.0268,47.48973],[9.02729,47.48957],[9.02769,47.4893],[9.02814,47.48914],[9.02864,47.4891],[9.02934,47.48929],[9.03001,47.48982],[9.03027,47.49028],[9.03081,47.49063],[9.03467,47.49198],[9.03518,47.49213],[9.03614,47.49225],[9.03699,47.49268],[9.03763,47.49316],[9.03987,47.49419],[9.04041,47.49462],[9.04051,47.49496],[9.04041,47.49538],[9.0405,47.49577],[9.0409,47.49627],[9.04091,47.4968],[9.04009,47.49909],[9.04007,47.49965],[9.03992,47.49998],[9.0396,47.50025],[9.03915,47.50042],[9.03864,47.50045],[9.03814,47.5004],[9.03756,47.50036],[9.0369,47.50039],[9.0362,47.50035],[9.03531,47.50043],[9.0349,47.50057],[9.03391,47.50111],[9.03327,47.50141],[9.03247,47.50167],[9.03171,47.50203],[9.03099,47.50205],[9.03003,47.50179],[9.02862,47.50156],[9.02809,47.50158],[9.02762,47.50174],[9.02685,47.50219],[9.02605,47.5023],[9.02564,47.50244],[9.02501,47.5028],[9.02452,47.5029],[9.02401,47.50287],[9.02355,47.50271],[9.02294,47.50226],[9.02231,47.50205],[9.02177,47.502],[9.02082,47.50178],[9.02012,47.50186],[9.01957,47.50179],[9.01906,47.50163],[9.01774,47.50162],[9.01692,47.50148],[9.01638,47.50159],[9.01562,47.50197],[9.01525,47.50214],[9.01457,47.50236],[9.01432,47.50239],[9.01381,47.50236],[9.01336,47.50221],[9.01313,47.50206],[9.01243,47.50152],[9.01225,47.5014],[9.01204,47.50131],[9.01181,47.50125],[9.01157,47.50121],[9.01132,47.50121],[9.01063,47.50139],[9.01045,47.50151],[9.01012,47.50175],[9.00996,47.5019],[9.00985,47.50206],[9.00979,47.50224],[9.00983,47.50261],[9.01022,47.50309],[9.0103,47.5036],[9.01007,47.50403],[9.00969,47.50435],[9.00948,47.50469],[9.00958,47.50524],[9.00979,47.50551],[9.00985,47.50602],[9.00965,47.50633],[9.0091,47.5068],[9.00868,47.507],[9.00813,47.50708],[9.00756,47.50702],[9.00689,47.50682],[9.00628,47.50679],[9.00541,47.50666],[9.0049,47.50674],[9.00439,47.50699],[9.00407,47.50734],[9.00369,47.50759],[9.00294,47.50773],[9.00243,47.50765],[9.002,47.50744],[9.00128,47.50693],[8.99863,47.50514],[8.99825,47.50495],[8.99708,47.50471],[8.99678,47.50464],[8.99673,47.50463],[8.99551,47.50427],[8.99525,47.50417],[8.99491,47.50395],[8.99434,47.50312],[8.99346,47.50254],[8.99326,47.50222],[8.99325,47.50188],[8.99363,47.50138]]]},"properties":{"bfs_nr":4716,"name":"Bettwiesen"}},{"type":"Feature","geometry":{"type":"MultiPolygon","coordinates":[[[[8.9081,47.43],[8.90891,47.42945],[8.90965,47.42921],[8.91019,47.42914],[8.91249,47.42853],[8.91299,47.4285],[8.91347,47.4286],[8.9139,47.42885],[8.91436,47.42922],[8.91463,47.42948],[8.91489,47.4297],[8.91501,47.42979],[8.91589,47.43037],[8.91631,47.43053],[8.91682,47.43061],[8.91742,47.43088],[8.91807,47.43153],[8.91822,47.43187],[8.91816,47.43222],[8.91788,47.43257],[8.91742,47.43281],[8.91692,47.43291],[8.91641,47.43287],[8.91503,47.43237],[8.9144,47.43209],[8.91362,47.43208],[8.91316,47.43225],[8.91283,47.43252],[8.91246,47.43313],[8.91215,47.43341],[8.91145,47.43362],[8.91069,47.43354],[8.90995,47.43312],[8.90965,47.43288],[8.90922,47.43229],[8.90864,47.43177],[8.90812,47.43151],[8.90778,47.43108],[8.90775,47.43048],[8.9081,47.43]]],[[[8.89619,47.46031],[8.89599,47.45997],[8.896,47.45961],[8.8964,47.45915],[8.89775,47.4585],[8.89808,47.458],[8.89823,47.45744],[8.89924,47.45594],[8.89986,47.45513],[8.90043,47.45452],[8.90106,47.45419],[8.90163,47.4541],[8.90244,47.45383],[8.90362,47.45336],[8.90457,47.45253],[8.90515,47.45211],[8.90568,47.45139],[8.90613,47.45108],[8.90664,47.45092],[8.90706,47.45065],[8.90733,47.45025],[8.9076,47.44961],[8.90801,47.4492],[8.90845,47.44864],[8.90861,47.44828],[8.90843,47.44775],[8.90784,47.44738],[8.90698,47.44715],[8.90629,47.44676],[8.90563,47.44654],[8.90515,47.44617],[8.90495,47.44583],[8.9044,47.44523],[8.90335,47.44456],[8.90311,47.44426],[8.90306,47.44393],[8.90319,47.4436],[8.90442,47.44248],[8.90491,47.44223],[8.9053,47.44191],[8.90556,47.44155],[8.90567,47.44106],[8.90588,47.44076],[8.90665,47.44008],[8.90694,47.43966],[8.90697,47.43918],[8.9071,47.43885],[8.9081,47.43806],[8.90935,47.43755],[8.91028,47.43707],[8.91081,47.43673],[8.91142,47.43658],[8.91237,47.43654],[8.91354,47.43658],[8.91427,47.43671],[8.915,47.43666],[8.91589,47.43647],[8.91638,47.43645],[8.91694,47.43654],[8.91743,47.43653],[8.91821,47.43641],[8.91894,47.43621],[8.92032,47.43525],[8.92078,47.43507],[8.92184,47.43487],[8.92344,47.43494],[8.92434,47.43506],[8.92521,47.43494],[8.92574,47.43502],[8.92639,47.43528],[8.92709,47.43542],[8.92916,47.43544],[8.93079,47.43531],[8.9315,47.43532],[8.93199,47.43522],[8.93239,47.43501],[8.93263,47.4347],[8.93277,47.43422],[8.93265,47.4339],[8.93236,47.43362],[8.93189,47.43335],[8.93159,47.43303],[8.93122,47.43244],[8.93116,47.43208],[8.93133,47.43173],[8.93169,47.43145],[8.93224,47.43129],[8.93306,47.43124],[8.93345,47.4312],[8.93428,47.43135],[8.93488,47.43166],[8.93557,47.4318],[8.93614,47.43178],[8.93664,47.4319],[8.93713,47.43217],[8.93742,47.43231],[8.93752,47.43237],[8.93773,47.43246],[8.93785,47.4325],[8.93811,47.43257],[8.9384,47.43261],[8.93871,47.43259],[8.93899,47.43254],[8.93925,47.43244],[8.93998,47.432],[8.94122,47.4317],[8.94183,47.43146],[8.94296,47.43117],[8.94399,47.43062],[8.94477,47.43048],[8.94572,47.43068],[8.94612,47.43089],[8.94644,47.43134],[8.94631,47.43201],[8.94636,47.43237],[8.94663,47.43269],[8.9475,47.4331],[8.94781,47.43339],[8.9481,47.43414],[8.9484,47.43443],[8.94912,47.4349],[8.94949,47.43572],[8.95011,47.43606],[8.95094,47.4362],[8.95155,47.43653],[8.95175,47.43687],[8.95178,47.43786],[8.95148,47.43833],[8.95109,47.43855],[8.95013,47.43872],[8.94969,47.43892],[8.94941,47.43922],[8.94923,47.43963],[8.94873,47.43999],[8.94824,47.44016],[8.94761,47.44024],[8.94711,47.4404],[8.94676,47.44068],[8.94657,47.44106],[8.94616,47.44149],[8.94595,47.44162],[8.94569,47.44171],[8.94509,47.44184],[8.9449,47.44191],[8.94483,47.44195],[8.94473,47.442],[8.94448,47.44215],[8.94428,47.44229],[8.94404,47.44263],[8.94403,47.44301],[8.94451,47.44398],[8.9448,47.44428],[8.94577,47.44496],[8.94605,47.44541],[8.94608,47.44603],[8.94633,47.44635],[8.94681,47.44665],[8.94767,47.44727],[8.94802,47.44764],[8.9485,47.44793],[8.9488,47.44823],[8.94889,47.44876],[8.94884,47.44902],[8.94871,47.44926],[8.94866,47.44931],[8.94854,47.44946],[8.9484,47.44958],[8.94809,47.44982],[8.94795,47.44995],[8.94761,47.4502],[8.94744,47.45036],[8.94727,47.45071],[8.94732,47.45108],[8.9478,47.45156],[8.94811,47.45215],[8.94844,47.45255],[8.94856,47.4529],[8.94847,47.45326],[8.94817,47.45357],[8.94741,47.45389],[8.94697,47.45433],[8.94692,47.45469],[8.94708,47.45503],[8.94756,47.45559],[8.94765,47.45598],[8.94787,47.45626],[8.94828,47.45655],[8.94851,47.45688],[8.94853,47.45723],[8.94823,47.45768],[8.94809,47.45818],[8.94823,47.4585],[8.94836,47.45865],[8.94875,47.4589],[8.94891,47.45905],[8.94903,47.45922],[8.94909,47.45941],[8.94909,47.45964],[8.94885,47.46134],[8.94898,47.46182],[8.94945,47.4622],[8.94971,47.4625],[8.94994,47.46306],[8.9506,47.46353],[8.95089,47.46391],[8.95103,47.46434],[8.95094,47.46472],[8.95025,47.46604],[8.94994,47.4663],[8.94951,47.46646],[8.94865,47.46664],[8.9483,47.46687],[8.94782,47.46738],[8.9474,47.46762],[8.94684,47.46779],[8.94571,47.46841],[8.94482,47.46873],[8.94451,47.46902],[8.94442,47.4692],[8.94439,47.46938],[8.94437,47.46961],[8.94441,47.4699],[8.94432,47.47023],[8.9442,47.47038],[8.94386,47.47062],[8.94328,47.47086],[8.94278,47.47133],[8.94241,47.47159],[8.94192,47.47173],[8.94139,47.47173],[8.94084,47.47156],[8.94028,47.47123],[8.93978,47.47108],[8.93924,47.47108],[8.93874,47.47122],[8.93837,47.47146],[8.9379,47.47164],[8.9371,47.47164],[8.93635,47.47135],[8.93586,47.47127],[8.93435,47.47133],[8.93386,47.47126],[8.93344,47.47108],[8.93261,47.47057],[8.9323,47.47028],[8.93219,47.46993],[8.9324,47.46942],[8.9328,47.46906],[8.93295,47.46871],[8.93285,47.46818],[8.9329,47.46739],[8.93308,47.4668],[8.93298,47.46647],[8.93258,47.46598],[8.93244,47.46537],[8.93222,47.46505],[8.93161,47.46474],[8.93076,47.4646],[8.93036,47.4644],[8.93009,47.46411],[8.92971,47.46331],[8.92976,47.46297],[8.92999,47.46254],[8.92999,47.46219],[8.93012,47.46174],[8.93006,47.46085],[8.92987,47.46052],[8.92951,47.46026],[8.92904,47.46012],[8.92827,47.46016],[8.92782,47.4603],[8.92725,47.46033],[8.92633,47.4603],[8.92529,47.46052],[8.92418,47.46052],[8.92366,47.46063],[8.92324,47.46087],[8.92301,47.4612],[8.92291,47.46155],[8.92216,47.46243],[8.92192,47.46332],[8.92166,47.4636],[8.92104,47.46386],[8.92055,47.46389],[8.91923,47.46367],[8.91836,47.46376],[8.91786,47.46371],[8.91732,47.46354],[8.91704,47.46346],[8.91674,47.46336],[8.91648,47.46326],[8.9158,47.46306],[8.91538,47.46282],[8.91515,47.46272],[8.91482,47.46265],[8.91457,47.46261],[8.91406,47.46263],[8.9136,47.46278],[8.91315,47.4632],[8.91308,47.46354],[8.9132,47.46411],[8.91309,47.46443],[8.9128,47.46471],[8.91168,47.4651],[8.91136,47.46534],[8.91114,47.46565],[8.91073,47.46595],[8.91023,47.46609],[8.90969,47.46609],[8.9092,47.46594],[8.90881,47.46566],[8.90859,47.46556],[8.90834,47.46548],[8.90807,47.46541],[8.9078,47.46537],[8.90725,47.4654],[8.90667,47.46556],[8.90615,47.46557],[8.90567,47.46543],[8.9053,47.46519],[8.90517,47.46503],[8.90514,47.465],[8.90504,47.46488],[8.90496,47.46478],[8.90487,47.46464],[8.9048,47.46444],[8.90479,47.46424],[8.90497,47.46353],[8.90485,47.46306],[8.90487,47.46265],[8.9047,47.46231],[8.9041,47.46195],[8.90358,47.46186],[8.90294,47.46188],[8.90229,47.46177],[8.90173,47.4618],[8.90108,47.46195],[8.90079,47.46209],[8.90052,47.46218],[8.90019,47.46225],[8.8995,47.46222],[8.899,47.46229],[8.8984,47.46254],[8.89789,47.46264],[8.89702,47.46262],[8.89655,47.46248],[8.89621,47.46222],[8.89603,47.46189],[8.89611,47.46137],[8.8964,47.46089],[8.89619,47.46031]]]]},"properties":{"bfs_nr":4721,"name":"Bichelsee-Balterswil"}},{"type":"Feature","geometry":{"type":"Polygon","coordinates":[[[9.04254,47.49594],[9.0423,47.49559],[9.04229,47.49524],[9.04248,47.49491],[9.04286,47.49456],[9.04358,47.49363],[9.04394,47.49332],[9.0444,47.49315],[9.04491,47.49311],[9.04546,47.4932],[9.04602,47.49319],[9.04682,47.49289],[9.04722,47.49242],[9.04782,47.49205],[9.04863,47.49191],[9.04941,47.49184],[9.05003,47.49186],[9.05055,47.49178],[9.05098,47.49156],[9.05126,47.49125],[9.05148,47.49039],[9.05169,47.49011],[9.05205,47.48985],[9.05275,47.48963],[9.05353,47.48963],[9.05401,47.48952],[9.05439,47.4893],[9.05478,47.48896],[9.05516,47.48831],[9.05559,47.48786],[9.05602,47.48769],[9.05651,47.48764],[9.05743,47.48773],[9.05804,47.48787],[9.05856,47.48809],[9.0589,47.48834],[9.05908,47.48866],[9.05907,47.489],[9.05874,47.48952],[9.05868,47.48986],[9.05894,47.49033],[9.05963,47.49084],[9.06012,47.49103],[9.06135,47.49117],[9.06176,47.49134],[9.06233,47.49178],[9.06304,47.49195],[9.06354,47.4919],[9.0642,47.49171],[9.0647,47.49166],[9.0653,47.49151],[9.06657,47.49161],[9.06739,47.49151],[9.06889,47.49164],[9.06932,47.49182],[9.0702,47.49235],[9.07056,47.49262],[9.07097,47.49279],[9.07165,47.49288],[9.07243,47.49318],[9.07316,47.49325],[9.07406,47.49298],[9.07442,47.49273],[9.0749,47.49258],[9.07544,47.49257],[9.07639,47.49284],[9.07683,47.49312],[9.07722,47.49358],[9.07764,47.49383],[9.07915,47.49443],[9.07975,47.49487],[9.08051,47.49509],[9.08107,47.49509],[9.08154,47.49521],[9.08214,47.49557],[9.08293,47.49588],[9.0833,47.49606],[9.08355,47.49621],[9.08378,47.49638],[9.084,47.49656],[9.08447,47.49691],[9.08468,47.49717],[9.08476,47.49736],[9.08488,47.49756],[9.08501,47.49771],[9.0851,47.49779],[9.08517,47.49784],[9.08542,47.49803],[9.08546,47.49806],[9.0858,47.49829],[9.08601,47.49846],[9.08618,47.49864],[9.08633,47.49886],[9.08647,47.49908],[9.0868,47.49933],[9.08729,47.49959],[9.08743,47.49966],[9.08764,47.49972],[9.08831,47.49989],[9.08846,47.49992],[9.08854,47.49994],[9.08919,47.5],[9.08986,47.50027],[9.09024,47.50055],[9.09044,47.50066],[9.09099,47.50089],[9.09151,47.50117],[9.09232,47.50141],[9.09265,47.50165],[9.0929,47.50207],[9.0932,47.50233],[9.09367,47.50254],[9.09458,47.50282],[9.09504,47.50307],[9.09545,47.50361],[9.09643,47.5046],[9.09656,47.50494],[9.09655,47.50512],[9.09648,47.50534],[9.09627,47.50573],[9.0962,47.50595],[9.09613,47.50662],[9.09582,47.50693],[9.09558,47.50706],[9.09543,47.50712],[9.09524,47.50724],[9.09499,47.50754],[9.09491,47.50788],[9.09516,47.50836],[9.09532,47.50849],[9.09539,47.50853],[9.09563,47.50867],[9.09595,47.50901],[9.09604,47.50934],[9.09595,47.50967],[9.09564,47.51014],[9.09563,47.51052],[9.09575,47.51075],[9.09612,47.51143],[9.09624,47.51164],[9.09637,47.51214],[9.09637,47.51249],[9.0963,47.51299],[9.0961,47.5133],[9.09573,47.51357],[9.09537,47.51421],[9.09493,47.51464],[9.09477,47.51488],[9.0943,47.51552],[9.09407,47.51587],[9.09375,47.51619],[9.09332,47.51637],[9.09255,47.51651],[9.09073,47.51711],[9.08949,47.5172],[9.08874,47.51713],[9.08832,47.51699],[9.08795,47.51675],[9.0875,47.51658],[9.08698,47.51654],[9.08636,47.51667],[9.08591,47.51694],[9.08565,47.5173],[9.08526,47.51759],[9.08445,47.51785],[9.08391,47.51785],[9.08303,47.51757],[9.08247,47.51753],[9.08163,47.5176],[9.08091,47.51776],[9.08022,47.5178],[9.07929,47.51805],[9.07855,47.51849],[9.07779,47.51972],[9.07743,47.51998],[9.0767,47.52014],[9.07531,47.52003],[9.07476,47.52012],[9.07412,47.5205],[9.07368,47.52064],[9.07339,47.52067],[9.07275,47.5207],[9.07244,47.5207],[9.07182,47.52065],[9.06972,47.52077],[9.06941,47.52076],[9.06895,47.52067],[9.06842,47.52034],[9.06809,47.5199],[9.06803,47.51952],[9.06811,47.51929],[9.06835,47.51885],[9.0686,47.51852],[9.06877,47.51827],[9.06891,47.51813],[9.06909,47.51797],[9.06931,47.51781],[9.06948,47.51771],[9.07068,47.51686],[9.07097,47.51653],[9.07106,47.5162],[9.071,47.51581],[9.07082,47.5155],[9.0708,47.51515],[9.07098,47.51482],[9.07167,47.51427],[9.07183,47.51413],[9.07194,47.51397],[9.07201,47.5138],[9.07203,47.51328],[9.07178,47.51275],[9.07181,47.51242],[9.07204,47.51208],[9.07228,47.5119],[9.07258,47.51175],[9.07273,47.51169],[9.07304,47.51161],[9.07341,47.51152],[9.07371,47.51142],[9.07488,47.51111],[9.07518,47.51094],[9.07556,47.51051],[9.07554,47.51],[9.07512,47.50958],[9.07467,47.50942],[9.0741,47.50934],[9.07363,47.50915],[9.07305,47.50882],[9.07258,47.50873],[9.07209,47.50876],[9.07165,47.50891],[9.07094,47.5093],[9.07023,47.5095],[9.06967,47.50988],[9.0692,47.51005],[9.06887,47.51009],[9.06622,47.51026],[9.06594,47.5103],[9.06553,47.51044],[9.06492,47.51076],[9.06411,47.51105],[9.06324,47.5112],[9.06282,47.51143],[9.06258,47.51171],[9.062,47.51214],[9.06181,47.51232],[9.06169,47.51249],[9.06156,47.5128],[9.06151,47.51308],[9.06155,47.51344],[9.06143,47.51377],[9.06114,47.51405],[9.0607,47.51425],[9.06016,47.51438],[9.05967,47.5144],[9.05927,47.51437],[9.05894,47.5143],[9.05797,47.51421],[9.05719,47.51429],[9.05695,47.51429],[9.05669,47.51425],[9.0564,47.51423],[9.05608,47.51421],[9.05561,47.51409],[9.05524,47.51385],[9.05504,47.51353],[9.05503,47.51296],[9.05487,47.51263],[9.05432,47.51227],[9.05357,47.51217],[9.05263,47.51245],[9.05208,47.51251],[9.05035,47.5123],[9.04745,47.51169],[9.04609,47.51142],[9.0442,47.51095],[9.04323,47.5106],[9.04284,47.51038],[9.04261,47.51006],[9.04258,47.50971],[9.04277,47.50934],[9.04323,47.50879],[9.04336,47.5086],[9.04341,47.50839],[9.04348,47.50743],[9.04364,47.50649],[9.04352,47.50608],[9.04353,47.50591],[9.0436,47.50571],[9.04378,47.50537],[9.04385,47.5052],[9.04387,47.50502],[9.04375,47.50467],[9.04344,47.50438],[9.04297,47.50409],[9.04271,47.50381],[9.04261,47.50349],[9.04263,47.50332],[9.04269,47.50316],[9.04285,47.50295],[9.04315,47.5025],[9.04416,47.50185],[9.04502,47.50099],[9.04592,47.50032],[9.04644,47.49999],[9.04672,47.4995],[9.04665,47.49914],[9.04638,47.49883],[9.04535,47.49841],[9.04496,47.49813],[9.04474,47.49802],[9.04419,47.49779],[9.04414,47.49778],[9.04385,47.49765],[9.04376,47.49761],[9.04331,47.49745],[9.04295,47.4972],[9.04275,47.49688],[9.0427,47.49623],[9.04254,47.49594]]]},"properties":{"bfs_nr":4723,"name":"Braunau"}},{"type":"Feature","geometry":{"type":"Polygon","coordinates":[[[8.94784,47.46783],[8.94818,47.46712],[8.94851,47.46684],[8.94896,47.46667],[8.94956,47.46657],[8.94997,47.46639],[8.95025,47.46612],[8.95061,47.46543],[8.95099,47.46506],[8.95114,47.46474],[8.95109,47.4644],[8.9507,47.46345],[8.95047,47.46314],[8.95007,47.46288],[8.94979,47.46257],[8.94962,47.462],[8.94904,47.46141],[8.94891,47.46088],[8.9491,47.45958],[8.9491,47.45941],[8.94905,47.45924],[8.94896,47.45908],[8.94883,47.45894],[8.9485,47.45872],[8.94823,47.45843],[8.94814,47.45808],[8.94826,47.45774],[8.94861,47.45718],[8.94855,47.4568],[8.94817,47.45635],[8.94806,47.4557],[8.94788,47.45536],[8.94751,47.45505],[8.94728,47.45472],[8.94734,47.45418],[8.94785,47.45376],[8.94864,47.45351],[8.94914,47.45313],[8.94925,47.45263],[8.9491,47.45231],[8.94878,47.45205],[8.94827,47.45181],[8.9477,47.45141],[8.94736,47.45097],[8.94735,47.45063],[8.94753,47.45031],[8.94788,47.45001],[8.94811,47.44981],[8.94842,47.44956],[8.94851,47.44948],[8.94856,47.44943],[8.94865,47.44934],[8.94876,47.44919],[8.94885,47.44904],[8.9489,47.44889],[8.94901,47.44813],[8.94894,47.44761],[8.94916,47.44706],[8.94896,47.44647],[8.9484,47.44587],[8.94832,47.44551],[8.94846,47.44516],[8.94923,47.44451],[8.94967,47.44434],[8.95017,47.44429],[8.95082,47.44437],[8.95168,47.44434],[8.95272,47.44448],[8.95367,47.44455],[8.95398,47.44456],[8.95484,47.4444],[8.95572,47.44442],[8.95621,47.44433],[8.95705,47.44404],[8.95788,47.44407],[8.9588,47.44435],[8.95989,47.44431],[8.96061,47.4445],[8.96135,47.44449],[8.96196,47.44422],[8.96226,47.4439],[8.96266,47.44365],[8.96316,47.44353],[8.9637,47.44356],[8.96461,47.44377],[8.96509,47.44372],[8.96565,47.44357],[8.96596,47.44353],[8.96623,47.44354],[8.96672,47.44365],[8.96694,47.44376],[8.96712,47.44389],[8.96725,47.44405],[8.96734,47.44422],[8.96737,47.44439],[8.96735,47.44462],[8.96706,47.44577],[8.96708,47.44612],[8.96744,47.44657],[8.96821,47.4469],[8.96868,47.44697],[8.96916,47.44693],[8.96981,47.4467],[8.97072,47.44611],[8.9712,47.44599],[8.97204,47.44604],[8.9723,47.44613],[8.97234,47.44615],[8.97244,47.44619],[8.97266,47.44627],[8.9727,47.44628],[8.97295,47.44636],[8.97301,47.44638],[8.97335,47.44647],[8.97384,47.44654],[8.97457,47.44641],[8.9751,47.44639],[8.9756,47.44651],[8.97613,47.44692],[8.97662,47.44844],[8.97659,47.44874],[8.97637,47.44913],[8.97598,47.44939],[8.9753,47.4497],[8.97505,47.45001],[8.97504,47.45054],[8.97524,47.45084],[8.9754,47.45111],[8.97552,47.45128],[8.97569,47.45147],[8.97587,47.45172],[8.97598,47.45193],[8.97603,47.45211],[8.97595,47.45246],[8.97568,47.45277],[8.97482,47.45315],[8.97442,47.45343],[8.97398,47.45361],[8.97363,47.45373],[8.97356,47.45375],[8.97321,47.45389],[8.97312,47.45392],[8.97277,47.45404],[8.97263,47.45409],[8.97181,47.45432],[8.97157,47.45441],[8.97136,47.45453],[8.97119,47.45467],[8.97076,47.4553],[8.97063,47.45566],[8.9707,47.45607],[8.9705,47.45667],[8.97048,47.45701],[8.97063,47.45732],[8.97095,47.45758],[8.97116,47.45767],[8.97198,47.45789],[8.97239,47.45814],[8.97262,47.45848],[8.97272,47.45893],[8.97317,47.45937],[8.97364,47.45953],[8.97417,47.45955],[8.97514,47.45943],[8.97626,47.45974],[8.97681,47.45973],[8.97758,47.4596],[8.97806,47.45967],[8.97834,47.45977],[8.97882,47.45999],[8.97905,47.46008],[8.97965,47.46026],[8.98014,47.46041],[8.98062,47.46064],[8.98096,47.46112],[8.98094,47.46147],[8.98072,47.46193],[8.9806,47.46256],[8.98056,47.46267],[8.98042,47.46295],[8.98035,47.46315],[8.98036,47.46337],[8.98049,47.46402],[8.98055,47.46419],[8.98081,47.46459],[8.98111,47.46528],[8.98131,47.46613],[8.98153,47.46643],[8.98236,47.46707],[8.98264,47.46724],[8.98269,47.46728],[8.98282,47.46737],[8.98284,47.46739],[8.98331,47.46779],[8.98331,47.4678],[8.98336,47.46784],[8.98337,47.46785],[8.98342,47.46789],[8.9836,47.46808],[8.98374,47.46843],[8.98365,47.46897],[8.98339,47.46927],[8.98272,47.46954],[8.98232,47.46957],[8.9821,47.4696],[8.98173,47.46967],[8.98147,47.46969],[8.98096,47.46961],[8.98061,47.46948],[8.98039,47.46941],[8.98015,47.46937],[8.97965,47.46933],[8.97933,47.46927],[8.97908,47.46926],[8.97883,47.46928],[8.97827,47.46942],[8.97785,47.46964],[8.97773,47.46977],[8.97756,47.46992],[8.97718,47.47011],[8.97676,47.47021],[8.97672,47.47021],[8.97652,47.47023],[8.97638,47.47024],[8.97621,47.47025],[8.97606,47.47025],[8.97598,47.47025],[8.97468,47.47023],[8.97454,47.47023],[8.97447,47.47023],[8.9741,47.47023],[8.97334,47.47006],[8.97314,47.46995],[8.97298,47.46982],[8.97278,47.46969],[8.97202,47.46949],[8.97152,47.46954],[8.9712,47.46962],[8.97114,47.46963],[8.97103,47.46967],[8.9708,47.46972],[8.97031,47.46974],[8.96931,47.46958],[8.9689,47.46943],[8.96868,47.46928],[8.96859,47.46921],[8.96839,47.4691],[8.9679,47.46897],[8.96738,47.46898],[8.96677,47.46915],[8.96579,47.46952],[8.96372,47.47071],[8.96358,47.47079],[8.96341,47.47093],[8.96329,47.4711],[8.96322,47.47128],[8.9632,47.47146],[8.96322,47.47166],[8.9631,47.47199],[8.96261,47.47237],[8.96168,47.4727],[8.96118,47.47277],[8.96068,47.47271],[8.96023,47.47255],[8.95995,47.47246],[8.95988,47.47244],[8.95946,47.47233],[8.95933,47.4723],[8.95844,47.47211],[8.95801,47.47187],[8.95762,47.47147],[8.95697,47.47121],[8.95618,47.47118],[8.95568,47.47105],[8.95491,47.47067],[8.95366,47.47047],[8.95336,47.47048],[8.95277,47.47059],[8.95253,47.47062],[8.95233,47.47065],[8.95218,47.47068],[8.95205,47.47072],[8.95195,47.47076],[8.95181,47.47081],[8.95152,47.47093],[8.95143,47.47097],[8.95115,47.47109],[8.95039,47.47117],[8.9497,47.47096],[8.94939,47.47068],[8.94925,47.47034],[8.94925,47.46993],[8.94906,47.4696],[8.94848,47.46909],[8.94804,47.46884],[8.94778,47.46854],[8.9477,47.46819],[8.94784,47.46783]]]},"properties":{"bfs_nr":4724,"name":"Eschlikon"}},{"type":"Feature","geometry":{"type":"Polygon","coordinates":[[[8.9044,47.40347],[8.90441,47.40296],[8.90431,47.40258],[8.90435,47.40223],[8.90478,47.40178],[8.90543,47.40149],[8.90649,47.40132],[8.90699,47.40115],[8.90754,47.40107],[8.9085,47.40109],[8.90938,47.40126],[8.90983,47.40129],[8.91063,47.40122],[8.91121,47.40129],[8.91236,47.40106],[8.91314,47.40105],[8.91363,47.40089],[8.91438,47.40044],[8.91503,47.40023],[8.91598,47.40002],[8.91695,47.39992],[8.91787,47.39994],[8.91849,47.39979],[8.91972,47.39959],[8.92038,47.39955],[8.92083,47.39944],[8.92181,47.39902],[8.92239,47.39868],[8.92323,47.39837],[8.92412,47.39775],[8.9249,47.39744],[8.92535,47.39712],[8.92587,47.39688],[8.92624,47.3965],[8.92691,47.39611],[8.92722,47.39587],[8.92738,47.39556],[8.92738,47.39515],[8.9275,47.39484],[8.92791,47.39436],[8.92839,47.39404],[8.9293,47.39366],[8.93003,47.39309],[8.9304,47.39255],[8.93122,47.39208],[8.93193,47.39152],[8.93275,47.39111],[8.93413,47.3906],[8.93557,47.39042],[8.93634,47.39008],[8.93672,47.3897],[8.93724,47.38938],[8.93764,47.38903],[8.93832,47.38865],[8.9404,47.38777],[8.94085,47.38752],[8.94141,47.38734],[8.94178,47.38712],[8.94244,47.38642],[8.94307,47.38605],[8.94358,47.38542],[8.94368,47.38491],[8.94368,47.38418],[8.94354,47.3838],[8.94301,47.38324],[8.94262,47.38262],[8.94168,47.38198],[8.94112,47.38144],[8.94083,47.38087],[8.94053,47.38049],[8.94023,47.37995],[8.94032,47.37933],[8.94076,47.37883],[8.9412,47.37818],[8.94181,47.37768],[8.94212,47.37728],[8.9425,47.37703],[8.94298,47.37691],[8.94349,47.37692],[8.94396,47.37706],[8.94432,47.37731],[8.94478,47.37786],[8.94516,47.37808],[8.94603,47.37826],[8.94659,47.37845],[8.94698,47.37871],[8.94721,47.37908],[8.94749,47.37934],[8.94838,47.37976],[8.94888,47.3799],[8.95032,47.38004],[8.9513,47.38029],[8.95185,47.38048],[8.9524,47.38058],[8.95303,47.38079],[8.95405,47.38106],[8.95448,47.38151],[8.95462,47.38207],[8.95496,47.38262],[8.9561,47.38368],[8.95691,47.38481],[8.95705,47.38549],[8.9572,47.38582],[8.95775,47.38619],[8.95824,47.38629],[8.95875,47.38625],[8.95962,47.38607],[8.96045,47.38568],[8.96095,47.38554],[8.96149,47.38555],[8.9625,47.38588],[8.96362,47.38592],[8.96412,47.38584],[8.96462,47.38565],[8.96512,47.3856],[8.9656,47.38568],[8.96602,47.38587],[8.96629,47.38615],[8.96643,47.38662],[8.96629,47.38839],[8.96652,47.38892],[8.96723,47.38968],[8.96742,47.39036],[8.96783,47.39099],[8.96816,47.39126],[8.96861,47.39143],[8.96912,47.39146],[8.97037,47.39123],[8.97089,47.39129],[8.97133,47.39149],[8.97163,47.39178],[8.97173,47.39213],[8.97168,47.39293],[8.97205,47.39343],[8.97243,47.39424],[8.97284,47.39468],[8.97317,47.39518],[8.97335,47.39573],[8.97363,47.39626],[8.97371,47.39688],[8.97414,47.39753],[8.97423,47.39794],[8.97444,47.39826],[8.97491,47.3986],[8.97547,47.39926],[8.97549,47.39959],[8.97525,47.40027],[8.97459,47.40087],[8.9744,47.40158],[8.97399,47.40226],[8.97317,47.40282],[8.97244,47.40361],[8.97224,47.40409],[8.97226,47.40446],[8.97264,47.40511],[8.97297,47.40538],[8.9739,47.40578],[8.97427,47.40608],[8.97476,47.40727],[8.97502,47.40775],[8.97504,47.40822],[8.97519,47.40855],[8.97599,47.40944],[8.97644,47.41037],[8.97693,47.41071],[8.97805,47.41097],[8.97848,47.41117],[8.97892,47.41166],[8.97927,47.41189],[8.97971,47.41201],[8.9803,47.41204],[8.98139,47.41218],[8.9822,47.41207],[8.98287,47.4117],[8.98344,47.41149],[8.98487,47.41136],[8.98587,47.41143],[8.98694,47.41127],[8.9876,47.41128],[8.9881,47.41144],[8.98847,47.41172],[8.98876,47.41227],[8.98961,47.41356],[8.98954,47.41403],[8.98961,47.41435],[8.98985,47.41468],[8.9901,47.41531],[8.99055,47.41588],[8.99093,47.41727],[8.99105,47.41845],[8.99159,47.41971],[8.99165,47.42019],[8.99146,47.42081],[8.99163,47.42135],[8.99228,47.422],[8.99243,47.42235],[8.99238,47.4227],[8.99212,47.42302],[8.9916,47.4233],[8.99129,47.42362],[8.99119,47.42395],[8.99095,47.42427],[8.99038,47.42466],[8.99019,47.425],[8.99021,47.42536],[8.99071,47.42602],[8.99078,47.42636],[8.99066,47.42669],[8.99038,47.42705],[8.99035,47.42771],[8.99025,47.42804],[8.98993,47.42839],[8.98954,47.42904],[8.98942,47.42937],[8.98961,47.42986],[8.9902,47.43023],[8.99065,47.43033],[8.99113,47.43031],[8.99169,47.43018],[8.99221,47.42995],[8.99267,47.42985],[8.99331,47.42988],[8.9938,47.43005],[8.99431,47.43038],[8.9954,47.43063],[8.99708,47.43132],[8.99862,47.43171],[8.99907,47.43195],[8.99933,47.43226],[8.99939,47.43261],[8.99922,47.433],[8.9987,47.43368],[8.99862,47.43403],[8.99869,47.43437],[8.99864,47.43496],[8.99869,47.43548],[8.99851,47.43578],[8.99793,47.43623],[8.99785,47.43629],[8.99762,47.43649],[8.99748,47.43663],[8.99739,47.43679],[8.99732,47.43713],[8.99719,47.43738],[8.99699,47.43795],[8.99683,47.43831],[8.99655,47.43859],[8.99612,47.43885],[8.99587,47.43915],[8.99569,47.43976],[8.9952,47.44058],[8.99499,47.44078],[8.99486,47.44095],[8.99472,47.44117],[8.99456,47.44167],[8.99461,47.44197],[8.99487,47.4424],[8.99496,47.44274],[8.99485,47.44308],[8.99455,47.44336],[8.99412,47.44355],[8.99337,47.44359],[8.99281,47.44343],[8.99223,47.44319],[8.99153,47.44307],[8.99114,47.44288],[8.99035,47.44212],[8.98997,47.44187],[8.98921,47.44172],[8.9887,47.44181],[8.98818,47.44199],[8.98764,47.44204],[8.98689,47.44193],[8.98639,47.44199],[8.9858,47.4423],[8.98554,47.44272],[8.98546,47.44354],[8.98529,47.44389],[8.9846,47.44438],[8.98435,47.44491],[8.98441,47.44522],[8.98435,47.4456],[8.98403,47.44596],[8.98252,47.44707],[8.98154,47.44765],[8.98086,47.44787],[8.98051,47.44801],[8.98027,47.4481],[8.98012,47.44817],[8.97991,47.44827],[8.97967,47.44836],[8.97941,47.4484],[8.97914,47.44841],[8.97887,47.44838],[8.97826,47.44822],[8.97716,47.44808],[8.97669,47.44788],[8.97639,47.44757],[8.97619,47.44693],[8.97571,47.44648],[8.97494,47.4463],[8.97361,47.44645],[8.97333,47.44644],[8.97299,47.44637],[8.97293,47.44635],[8.97271,47.44628],[8.97265,47.44626],[8.97246,47.4462],[8.97232,47.44614],[8.97205,47.44603],[8.97188,47.44597],[8.97133,47.44582],[8.97084,47.44581],[8.97009,47.446],[8.96956,47.44633],[8.96882,47.44654],[8.96829,47.4465],[8.96758,47.44621],[8.96727,47.44592],[8.96715,47.44558],[8.96736,47.44457],[8.96738,47.4444],[8.96735,47.44422],[8.96727,47.44406],[8.96714,47.4439],[8.96697,47.44377],[8.96677,47.44366],[8.96654,47.44358],[8.96629,47.44354],[8.96603,47.44352],[8.96486,47.44365],[8.96436,47.4436],[8.96361,47.44337],[8.96281,47.44343],[8.96237,47.44364],[8.96194,47.44413],[8.96132,47.44444],[8.96055,47.44446],[8.95933,47.44414],[8.95881,47.44389],[8.95835,47.4438],[8.95787,47.44383],[8.95662,47.44411],[8.95611,47.44434],[8.95557,47.44441],[8.95491,47.44439],[8.95398,47.44455],[8.95359,47.44455],[8.9523,47.44438],[8.95111,47.44427],[8.95043,47.4443],[8.94983,47.44423],[8.94929,47.44429],[8.94866,47.44464],[8.94826,47.44515],[8.94786,47.44538],[8.94736,47.44548],[8.9466,47.44537],[8.9458,47.44482],[8.94536,47.44464],[8.94487,47.44434],[8.94448,47.44389],[8.94406,47.44292],[8.9441,47.44257],[8.94433,47.44226],[8.94456,47.4421],[8.94471,47.44201],[8.94485,47.44194],[8.94517,47.44182],[8.94556,47.44174],[8.9458,47.44168],[8.94601,47.44159],[8.94619,47.44148],[8.94653,47.44114],[8.94692,47.44062],[8.94759,47.44032],[8.94858,47.44023],[8.9492,47.43998],[8.94955,47.43965],[8.94994,47.43942],[8.95092,47.43929],[8.9516,47.43903],[8.95188,47.43873],[8.95196,47.43838],[8.95185,47.438],[8.95176,47.43686],[8.95169,47.43669],[8.95156,47.43653],[8.95139,47.43639],[8.95094,47.43619],[8.95018,47.43606],[8.94958,47.43576],[8.94933,47.43529],[8.94932,47.43489],[8.94915,47.43458],[8.94882,47.43432],[8.9483,47.43409],[8.94801,47.4338],[8.94755,47.43275],[8.94763,47.43239],[8.94797,47.43201],[8.9481,47.43168],[8.94805,47.43134],[8.94783,47.43104],[8.94745,47.43082],[8.94666,47.43068],[8.94504,47.43028],[8.94448,47.43033],[8.94302,47.43113],[8.94183,47.43146],[8.94122,47.4317],[8.93998,47.43199],[8.93925,47.43244],[8.93899,47.43253],[8.93869,47.43259],[8.93812,47.43257],[8.93778,47.43248],[8.93748,47.43234],[8.93734,47.43227],[8.93713,47.43213],[8.93683,47.43188],[8.93609,47.43165],[8.93517,47.43167],[8.93471,47.43155],[8.93409,47.43126],[8.93358,47.43118],[8.93286,47.43125],[8.93237,47.43127],[8.93184,47.43133],[8.93133,47.43129],[8.93083,47.43134],[8.93036,47.43152],[8.92957,47.43169],[8.92905,47.43167],[8.92796,47.43148],[8.9267,47.43142],[8.92601,47.4315],[8.9254,47.43172],[8.92451,47.43222],[8.92366,47.43244],[8.92277,47.43284],[8.92184,47.43298],[8.92099,47.43291],[8.92054,47.43278],[8.91968,47.43213],[8.91849,47.43157],[8.91821,47.43128],[8.91807,47.43085],[8.91782,47.43054],[8.91741,47.43032],[8.91691,47.43022],[8.91603,47.43024],[8.91555,47.43011],[8.91529,47.42997],[8.91505,47.42981],[8.91485,47.42967],[8.91458,47.42937],[8.91406,47.42892],[8.91392,47.42857],[8.91401,47.42821],[8.91434,47.42774],[8.91438,47.42739],[8.91422,47.42706],[8.91321,47.4263],[8.91238,47.42578],[8.91216,47.42549],[8.91206,47.42493],[8.91181,47.42441],[8.91178,47.42409],[8.9115,47.42366],[8.91143,47.42332],[8.91162,47.42244],[8.91209,47.42156],[8.91253,47.42104],[8.91272,47.42046],[8.91327,47.41919],[8.91377,47.41865],[8.91385,47.41833],[8.91374,47.418],[8.91308,47.41728],[8.9127,47.41674],[8.91261,47.41639],[8.91255,47.41562],[8.91284,47.41472],[8.9129,47.41377],[8.91275,47.4131],[8.91256,47.41281],[8.91202,47.41248],[8.9116,47.41232],[8.91095,47.41193],[8.91071,47.41172],[8.91024,47.41114],[8.90966,47.41031],[8.90959,47.4095],[8.90944,47.40912],[8.90877,47.40862],[8.90814,47.40801],[8.90746,47.40748],[8.9066,47.40696],[8.90625,47.40664],[8.90575,47.40594],[8.90498,47.40534],[8.90453,47.40467],[8.90443,47.40405],[8.9044,47.40347]]]},"properties":{"bfs_nr":4726,"name":"Fischingen"}},{"type":"Feature","geometry":{"type":"Polygon","coordinates":[[[8.96806,47.52491],[8.96807,47.52458],[8.96824,47.52424],[8.96913,47.5236],[8.96927,47.52328],[8.96923,47.52295],[8.96891,47.52255],[8.96872,47.52203],[8.96877,47.51999],[8.96881,47.51979],[8.96914,47.51935],[8.96977,47.51898],[8.96999,47.51867],[8.97021,47.51803],[8.97031,47.51728],[8.97054,47.51696],[8.97092,47.51672],[8.97181,47.51653],[8.97238,47.51621],[8.9725,47.51607],[8.97262,47.51577],[8.9729,47.51545],[8.97334,47.51524],[8.97429,47.51499],[8.97472,47.51457],[8.97483,47.51409],[8.97508,47.51351],[8.9753,47.51228],[8.97563,47.51176],[8.97603,47.51154],[8.97685,47.51134],[8.97722,47.5111],[8.97743,47.51078],[8.97753,47.51012],[8.97786,47.50957],[8.97821,47.5093],[8.97869,47.50914],[8.97921,47.50913],[8.97975,47.50923],[8.98024,47.50926],[8.98071,47.50916],[8.98164,47.50867],[8.98213,47.5086],[8.98287,47.50873],[8.98341,47.50875],[8.98392,47.50862],[8.98432,47.50837],[8.98457,47.50799],[8.98498,47.50762],[8.98535,47.50689],[8.98565,47.50662],[8.98651,47.5063],[8.987,47.50583],[8.98706,47.50547],[8.98694,47.50482],[8.98712,47.50448],[8.98759,47.50393],[8.98788,47.50367],[8.98899,47.50289],[8.98926,47.50273],[8.98979,47.50259],[8.99027,47.50256],[8.9912,47.50235],[8.99174,47.50239],[8.99243,47.50265],[8.99341,47.50279],[8.99399,47.50294],[8.99438,47.50321],[8.9949,47.50395],[8.99525,47.50418],[8.99546,47.50425],[8.99674,47.50463],[8.99706,47.50471],[8.99825,47.50495],[8.99867,47.50516],[9.00086,47.50665],[9.00119,47.50698],[9.0014,47.50737],[9.00176,47.50766],[9.00232,47.50785],[9.00332,47.50791],[9.00385,47.50788],[9.00432,47.50771],[9.00472,47.5074],[9.00512,47.5072],[9.00561,47.50712],[9.00623,47.50712],[9.00688,47.50703],[9.0075,47.5071],[9.00826,47.50709],[9.00911,47.50722],[9.00974,47.50719],[9.01023,47.5073],[9.01077,47.50768],[9.01091,47.50802],[9.01083,47.50856],[9.01063,47.50896],[9.01022,47.50942],[9.01023,47.50994],[9.01048,47.51024],[9.01105,47.51064],[9.01166,47.51098],[9.01195,47.51128],[9.01233,47.51152],[9.01385,47.51216],[9.01474,47.5126],[9.01516,47.51291],[9.01534,47.51326],[9.01534,47.51388],[9.01558,47.51431],[9.0155,47.51481],[9.01518,47.51517],[9.01503,47.51549],[9.01503,47.51566],[9.01511,47.51609],[9.01513,47.51631],[9.01508,47.51649],[9.01499,47.51666],[9.01413,47.51746],[9.01404,47.51783],[9.01409,47.51814],[9.014,47.51845],[9.01387,47.51864],[9.01308,47.5195],[9.01288,47.51968],[9.01261,47.51989],[9.0125,47.52],[9.01242,47.52008],[9.0123,47.52023],[9.01223,47.52039],[9.01223,47.52074],[9.0123,47.5209],[9.01242,47.52106],[9.01258,47.52119],[9.01277,47.5213],[9.01353,47.52157],[9.01389,47.52184],[9.01407,47.52218],[9.01408,47.52236],[9.01402,47.52259],[9.01381,47.5231],[9.01378,47.52318],[9.01367,47.52335],[9.0127,47.52461],[9.01261,47.52476],[9.01256,47.52493],[9.01255,47.52509],[9.01259,47.52525],[9.01267,47.52541],[9.01284,47.52565],[9.0129,47.52582],[9.01291,47.526],[9.01287,47.52618],[9.01275,47.52639],[9.01255,47.52666],[9.01239,47.52684],[9.01221,47.52697],[9.01178,47.52714],[9.01127,47.52719],[9.01073,47.52712],[9.01018,47.52715],[9.0097,47.52732],[9.00922,47.52764],[9.00838,47.52791],[9.00805,47.52817],[9.00789,47.52849],[9.00799,47.529],[9.00848,47.52938],[9.00955,47.52984],[9.00981,47.52998],[9.01019,47.53044],[9.01019,47.5308],[9.00997,47.53122],[9.00983,47.53157],[9.00979,47.53171],[9.00977,47.53187],[9.00983,47.53224],[9.00994,47.53242],[9.01012,47.53258],[9.0103,47.53278],[9.01077,47.53347],[9.01096,47.53374],[9.01103,47.53408],[9.01078,47.53457],[9.01039,47.53481],[9.00991,47.53493],[9.00939,47.53491],[9.00908,47.53484],[9.00857,47.53465],[9.00838,47.53454],[9.00812,47.53426],[9.00767,47.53375],[9.00673,47.53342],[9.00622,47.53343],[9.00578,47.53354],[9.00524,47.53357],[9.00454,47.53348],[9.00395,47.5333],[9.0034,47.53323],[9.00282,47.53326],[9.00233,47.53317],[9.00182,47.53291],[9.00135,47.53278],[9.00086,47.53275],[9.00067,47.53275],[9.00016,47.53276],[8.99964,47.53277],[8.99937,47.53279],[8.99853,47.533],[8.99801,47.53297],[8.9974,47.53281],[8.99659,47.53267],[8.99601,47.53247],[8.99529,47.53239],[8.99476,47.53243],[8.99413,47.53275],[8.99378,47.53314],[8.99339,47.53335],[8.99267,47.5335],[8.99212,47.53345],[8.99066,47.53297],[8.99023,47.5327],[8.98996,47.53236],[8.98969,47.53192],[8.98883,47.53139],[8.98839,47.53124],[8.9879,47.5312],[8.98715,47.53134],[8.98665,47.53134],[8.98482,47.53091],[8.98397,47.53057],[8.98344,47.53046],[8.98261,47.53057],[8.9821,47.53058],[8.98163,47.53046],[8.98125,47.53023],[8.98095,47.52983],[8.98058,47.52957],[8.98009,47.52943],[8.97953,47.52938],[8.97906,47.5292],[8.97842,47.52884],[8.97792,47.52876],[8.97699,47.52881],[8.97648,47.52868],[8.97594,47.5284],[8.97533,47.52825],[8.97474,47.52792],[8.9745,47.52778],[8.97411,47.52761],[8.97363,47.52751],[8.97238,47.52741],[8.97213,47.52739],[8.97188,47.52741],[8.97107,47.52765],[8.97053,47.52767],[8.97001,47.52754],[8.9698,47.52743],[8.96958,47.52725],[8.96916,47.52683],[8.96903,47.52667],[8.96874,47.52628],[8.96836,47.52589],[8.9681,47.52537],[8.96806,47.52491]]]},"properties":{"bfs_nr":4741,"name":"Lommis"}},{"type":"Feature","geometry":{"type":"Polygon","coordinates":[[[8.96264,47.4729],[8.96348,47.47212],[8.96335,47.4717],[8.96296,47.47094],[8.96348,47.47085],[8.96591,47.46945],[8.9668,47.46914],[8.96778,47.46884],[8.9681,47.46866],[8.96838,47.46894],[8.96865,47.46926],[8.96881,47.46942],[8.96938,47.46961],[8.97025,47.46974],[8.97121,47.46973],[8.9712,47.46961],[8.97189,47.46945],[8.97267,47.46958],[8.97283,47.46968],[8.97303,47.46988],[8.97318,47.47001],[8.97397,47.4703],[8.97454,47.47027],[8.97454,47.47022],[8.9749,47.47023],[8.97546,47.47024],[8.97602,47.47025],[8.97629,47.47025],[8.97662,47.47022],[8.97701,47.47017],[8.97735,47.47006],[8.97761,47.4699],[8.97777,47.46973],[8.97792,47.46948],[8.97866,47.46932],[8.97913,47.46915],[8.97913,47.46916],[8.97943,47.4696],[8.98041,47.46931],[8.98069,47.46995],[8.98069,47.46996],[8.98186,47.46969],[8.98202,47.46964],[8.98216,47.46957],[8.98219,47.46955],[8.98231,47.46961],[8.98276,47.46983],[8.98333,47.47017],[8.9835,47.46987],[8.98355,47.46941],[8.984,47.46939],[8.98373,47.46859],[8.98379,47.46858],[8.98408,47.46852],[8.98409,47.46852],[8.98412,47.46858],[8.98417,47.46868],[8.98455,47.46961],[8.9848,47.47023],[8.9853,47.47144],[8.98619,47.47345],[8.98801,47.4728],[8.98908,47.47256],[8.98994,47.47232],[8.99025,47.47224],[8.99063,47.47215],[8.99101,47.47207],[8.99145,47.47199],[8.99191,47.47192],[8.99236,47.47186],[8.99269,47.47183],[8.9929,47.47183],[8.99379,47.47168],[8.99404,47.47162],[8.99486,47.47157],[8.99535,47.47148],[8.99571,47.47284],[8.9961,47.47279],[8.99629,47.47244],[8.99669,47.47231],[8.99738,47.47188],[8.99764,47.47175],[8.99799,47.47162],[8.99851,47.47156],[8.99856,47.47152],[8.99867,47.47152],[8.99871,47.47153],[8.99875,47.47153],[8.99928,47.47154],[9.00087,47.47156],[9.00154,47.47154],[9.0016,47.47154],[9.00232,47.47152],[9.0036,47.47153],[9.0044,47.47153],[9.00519,47.47152],[9.00772,47.47145],[9.00931,47.47122],[9.0096,47.47116],[9.00982,47.4711],[9.01165,47.47076],[9.01169,47.47084],[9.0126,47.47057],[9.01265,47.47063],[9.01298,47.47054],[9.01454,47.4701],[9.01546,47.46981],[9.01611,47.4696],[9.01724,47.46908],[9.01729,47.46906],[9.019,47.46825],[9.01986,47.46781],[9.02066,47.46731],[9.02261,47.46602],[9.02291,47.46578],[9.02325,47.4654],[9.02511,47.46362],[9.02524,47.46353],[9.02559,47.46318],[9.0262,47.46232],[9.02671,47.46176],[9.02665,47.46173],[9.02683,47.46155],[9.02754,47.4609],[9.02904,47.46124],[9.03074,47.46179],[9.02977,47.46219],[9.02896,47.46288],[9.02849,47.46374],[9.02834,47.46456],[9.02839,47.46531],[9.02893,47.46615],[9.0295,47.46666],[9.02687,47.46768],[9.02586,47.46802],[9.02422,47.46841],[9.02397,47.46867],[9.02353,47.46858],[9.02189,47.46898],[9.0211,47.46913],[9.01976,47.46934],[9.01828,47.4695],[9.0175,47.46965],[9.01525,47.47028],[9.01314,47.47076],[9.0102,47.47159],[9.0091,47.47196],[9.00822,47.47237],[9.00856,47.47291],[9.00914,47.4735],[9.00963,47.47384],[9.01048,47.47427],[9.01094,47.47469],[9.01198,47.47534],[9.01048,47.47527],[9.00874,47.47579],[9.00862,47.47603],[9.00899,47.47721],[9.00897,47.47837],[9.00879,47.47907],[9.0088,47.47975],[9.00726,47.47948],[9.00654,47.48],[9.00607,47.48016],[9.00628,47.48084],[9.00367,47.48095],[9.00359,47.48119],[9.00578,47.4823],[9.00666,47.48267],[9.00685,47.48297],[9.00648,47.4835],[9.0065,47.48376],[9.00677,47.4842],[9.00813,47.48365],[9.00825,47.48384],[9.00998,47.48482],[9.01024,47.48542],[9.01079,47.48546],[9.01084,47.4863],[9.01115,47.48641],[9.0116,47.48685],[9.01022,47.48774],[9.01056,47.48834],[9.01091,47.48869],[9.01177,47.48916],[9.0122,47.48954],[9.01109,47.48962],[9.0113,47.49066],[9.0113,47.49077],[9.01109,47.49247],[9.01082,47.49326],[9.01072,47.49345],[9.01005,47.49448],[9.01005,47.49468],[9.01033,47.49482],[9.0106,47.49495],[9.01057,47.49498],[9.00957,47.4964],[9.00984,47.49656],[9.01049,47.49683],[9.0097,47.49721],[9.0091,47.49758],[9.00816,47.49822],[9.00837,47.49836],[9.00856,47.49849],[9.00845,47.49852],[9.00815,47.49864],[9.0081,47.4987],[9.00793,47.49908],[9.00724,47.49961],[9.00672,47.49964],[9.00645,47.49971],[9.0063,47.49977],[9.00612,47.49985],[9.00563,47.4999],[9.00505,47.49998],[9.00378,47.50024],[9.00343,47.50026],[9.00345,47.5001],[9.00303,47.49999],[9.00256,47.49977],[9.00202,47.49956],[9.00182,47.49929],[9.00166,47.49899],[9.00148,47.49902],[9.00105,47.49842],[9.00077,47.49867],[9.00056,47.49846],[9.0004,47.49787],[9.00003,47.49738],[8.99956,47.49738],[8.99875,47.49719],[8.99838,47.49726],[8.99821,47.49725],[8.99813,47.49722],[8.99756,47.49717],[8.99756,47.49737],[8.99749,47.49737],[8.99709,47.49753],[8.99634,47.49751],[8.99635,47.49713],[8.9954,47.49703],[8.99483,47.49725],[8.99462,47.4975],[8.99464,47.49753],[8.99461,47.49757],[8.99397,47.49742],[8.99376,47.4973],[8.99344,47.49689],[8.99338,47.49691],[8.9932,47.49665],[8.99327,47.49663],[8.99303,47.49637],[8.99273,47.4962],[8.99212,47.49593],[8.99197,47.49593],[8.99227,47.49575],[8.99207,47.49551],[8.99185,47.49512],[8.99181,47.49502],[8.99165,47.49444],[8.99161,47.49413],[8.99132,47.49399],[8.99272,47.49342],[8.99388,47.49294],[8.9934,47.49225],[8.99275,47.49182],[8.99244,47.4919],[8.99158,47.49208],[8.99048,47.49232],[8.98969,47.4925],[8.98936,47.49256],[8.98895,47.49262],[8.98858,47.49267],[8.98817,47.4927],[8.98773,47.49272],[8.98716,47.49273],[8.98584,47.49271],[8.98593,47.49184],[8.98553,47.49181],[8.98512,47.49182],[8.98435,47.49153],[8.98462,47.49156],[8.98499,47.49162],[8.98529,47.49165],[8.98566,47.49145],[8.98582,47.49096],[8.98598,47.49084],[8.98495,47.4907],[8.98466,47.49056],[8.98372,47.48991],[8.98356,47.48977],[8.98347,47.48967],[8.98319,47.4892],[8.98285,47.48864],[8.98292,47.48847],[8.98312,47.48813],[8.983,47.48809],[8.98234,47.48816],[8.98233,47.48814],[8.98238,47.48803],[8.98246,47.48792],[8.98079,47.48683],[8.98055,47.48699],[8.98049,47.4868],[8.98049,47.48674],[8.98045,47.48663],[8.98044,47.48654],[8.98043,47.48637],[8.98026,47.48624],[8.98012,47.48617],[8.97996,47.48607],[8.97981,47.48596],[8.97978,47.48591],[8.9796,47.48576],[8.97943,47.48569],[8.9791,47.48544],[8.97892,47.4852],[8.9789,47.48483],[8.97898,47.4846],[8.97932,47.48409],[8.97889,47.48376],[8.97861,47.48368],[8.97839,47.48357],[8.9783,47.48325],[8.97829,47.48302],[8.97834,47.48274],[8.97841,47.48249],[8.97883,47.48238],[8.97855,47.48182],[8.97824,47.48197],[8.9777,47.48127],[8.97735,47.48136],[8.97534,47.48251],[8.97393,47.48323],[8.97358,47.48339],[8.97346,47.4835],[8.97298,47.4843],[8.97299,47.48438],[8.97171,47.48387],[8.97037,47.48323],[8.97028,47.48318],[8.97021,47.48311],[8.9698,47.4825],[8.96917,47.48283],[8.96776,47.48355],[8.9675,47.48358],[8.96743,47.48312],[8.96718,47.4827],[8.967,47.4825],[8.96705,47.48247],[8.96678,47.48227],[8.96674,47.4823],[8.9657,47.48177],[8.96621,47.48179],[8.96704,47.48175],[8.96819,47.48112],[8.96735,47.48089],[8.96722,47.48082],[8.96652,47.48027],[8.96649,47.48024],[8.96652,47.48019],[8.96652,47.48],[8.96637,47.47971],[8.96617,47.47938],[8.96643,47.47908],[8.96771,47.47879],[8.96741,47.4781],[8.96726,47.47791],[8.96733,47.47679],[8.96712,47.47662],[8.96656,47.47657],[8.96561,47.47647],[8.96534,47.47553],[8.96547,47.47489],[8.96446,47.47494],[8.96428,47.47497],[8.96424,47.47475],[8.96428,47.47462],[8.96435,47.47451],[8.96446,47.47439],[8.96452,47.47397],[8.96414,47.47393],[8.96424,47.47375],[8.96428,47.47363],[8.96264,47.4729]]]},"properties":{"bfs_nr":4746,"name":"M\u00fcnchwilen (TG)"}},{"type":"Feature","geometry":{"type":"Polygon","coordinates":[[[9.0383,47.44509],[9.03818,47.44467],[9.03829,47.44432],[9.03859,47.44403],[9.03928,47.4438],[9.04003,47.44378],[9.04052,47.44366],[9.04103,47.44327],[9.04115,47.44261],[9.04098,47.44229],[9.04042,47.44179],[9.0403,47.44145],[9.04049,47.44095],[9.04105,47.44061],[9.04211,47.44032],[9.04262,47.44028],[9.04334,47.44047],[9.04378,47.44081],[9.04402,47.44112],[9.04417,47.44151],[9.04439,47.44179],[9.04497,47.44219],[9.04518,47.44254],[9.04548,47.44283],[9.04592,47.44301],[9.04683,47.44322],[9.04764,47.44377],[9.04811,47.44389],[9.04885,47.44382],[9.05011,47.44345],[9.05063,47.44345],[9.05112,47.44357],[9.05167,47.44386],[9.05243,47.44395],[9.05292,47.44384],[9.05364,47.44349],[9.05412,47.44342],[9.05485,47.44345],[9.05691,47.44303],[9.05741,47.44298],[9.05803,47.44307],[9.05845,47.44326],[9.05873,47.44355],[9.05883,47.44389],[9.05863,47.44443],[9.05823,47.44485],[9.0581,47.44534],[9.05838,47.44581],[9.05894,47.4462],[9.05912,47.44651],[9.05912,47.44685],[9.05893,47.44717],[9.05825,47.44775],[9.05786,47.44799],[9.05734,47.44814],[9.05657,47.44827],[9.05537,47.44839],[9.05478,47.4487],[9.05457,47.44901],[9.05442,47.45005],[9.05427,47.45041],[9.05395,47.45068],[9.05315,47.45108],[9.05095,47.45254],[9.05024,47.4528],[9.04931,47.45297],[9.04838,47.45301],[9.04782,47.4531],[9.04724,47.45341],[9.04679,47.45355],[9.04458,47.45371],[9.04407,47.45363],[9.04347,47.45332],[9.04254,47.45313],[9.04194,47.45284],[9.04171,47.45255],[9.04153,47.45173],[9.04072,47.45101],[9.04044,47.45058],[9.04038,47.4505],[9.04032,47.45042],[9.04017,47.45028],[9.03999,47.45016],[9.03977,47.45006],[9.03954,47.45],[9.03905,47.44991],[9.03863,47.44973],[9.03846,47.4496],[9.0383,47.44942],[9.03692,47.44744],[9.03681,47.44722],[9.03678,47.44704],[9.0368,47.44686],[9.03687,47.44668],[9.037,47.44652],[9.03739,47.44626],[9.03805,47.44596],[9.03831,47.44565],[9.0383,47.44509]]]},"properties":{"bfs_nr":4751,"name":"Rickenbach (TG)"}},{"type":"Feature","geometry":{"type":"Polygon","coordinates":[[[9.158,47.53305],[9.1559,47.53281],[9.15571,47.5327],[9.15586,47.53151],[9.15561,47.53156],[9.15232,47.53143],[9.15225,47.53139],[9.15205,47.53145],[9.15196,47.53146],[9.14765,47.53116],[9.1475,47.53106],[9.14752,47.53096],[9.1476,47.5305],[9.14514,47.53049],[9.14513,47.53041],[9.14507,47.5304],[9.14336,47.53044],[9.14338,47.53229],[9.14303,47.53217],[9.14313,47.53241],[9.1425,47.53333],[9.14239,47.5334],[9.14199,47.53356],[9.13874,47.53243],[9.13881,47.53162],[9.13887,47.53159],[9.13937,47.53163],[9.13939,47.53153],[9.14063,47.53163],[9.1412,47.5292],[9.13961,47.52973],[9.13935,47.52979],[9.13922,47.52982],[9.13908,47.52983],[9.13923,47.52976],[9.13871,47.52779],[9.13881,47.52772],[9.13859,47.52765],[9.13843,47.52665],[9.13726,47.52673],[9.13699,47.52599],[9.13647,47.52609],[9.13595,47.52629],[9.13577,47.52634],[9.13504,47.52654],[9.13454,47.52598],[9.1341,47.52607],[9.13351,47.52614],[9.13287,47.5254],[9.13232,47.52456],[9.13236,47.52453],[9.13252,47.52444],[9.13271,47.52433],[9.13235,47.52386],[9.13236,47.52341],[9.12962,47.52335],[9.12936,47.52365],[9.12935,47.52374],[9.12932,47.5238],[9.12933,47.52386],[9.12898,47.52397],[9.12849,47.52387],[9.12801,47.52389],[9.12798,47.52379],[9.12797,47.52364],[9.12799,47.5236],[9.12773,47.52339],[9.12693,47.52334],[9.12708,47.52319],[9.12711,47.52264],[9.12696,47.52221],[9.12631,47.5223],[9.12632,47.5225],[9.12525,47.52261],[9.12535,47.52333],[9.12512,47.52364],[9.12523,47.524],[9.12525,47.52407],[9.12523,47.52415],[9.12506,47.52462],[9.12484,47.52459],[9.12477,47.52458],[9.12471,47.52457],[9.12425,47.52446],[9.12381,47.52422],[9.12361,47.52398],[9.12297,47.52377],[9.12301,47.52397],[9.12357,47.52462],[9.1237,47.52482],[9.1238,47.52506],[9.12338,47.52512],[9.1233,47.52525],[9.12306,47.52537],[9.12297,47.52541],[9.12175,47.5254],[9.1201,47.52538],[9.11633,47.52664],[9.11554,47.52667],[9.11494,47.5268],[9.11371,47.52687],[9.11339,47.52704],[9.11298,47.52667],[9.11299,47.52641],[9.11261,47.52643],[9.11316,47.52727],[9.11296,47.52725],[9.11276,47.52715],[9.11231,47.52714],[9.1122,47.52727],[9.11212,47.52732],[9.1117,47.52734],[9.11126,47.52733],[9.11098,47.52726],[9.11093,47.52715],[9.11077,47.5271],[9.11066,47.52692],[9.11053,47.52692],[9.10989,47.52694],[9.1096,47.52693],[9.10955,47.52661],[9.1094,47.52648],[9.10901,47.52632],[9.10865,47.52618],[9.10873,47.52603],[9.1083,47.52594],[9.10776,47.52569],[9.10757,47.52576],[9.10739,47.52571],[9.10718,47.52555],[9.10724,47.52553],[9.10725,47.5255],[9.10686,47.52537],[9.10664,47.52511],[9.10599,47.525],[9.10549,47.52512],[9.1051,47.52537],[9.10471,47.52506],[9.10471,47.525],[9.10446,47.52506],[9.10383,47.52517],[9.10367,47.52517],[9.10357,47.52515],[9.10331,47.52509],[9.10313,47.52508],[9.1027,47.5252],[9.10251,47.52526],[9.10139,47.52574],[9.10084,47.5259],[9.10042,47.52577],[9.0999,47.52532],[9.09978,47.52511],[9.09957,47.52511],[9.0995,47.52481],[9.10023,47.52478],[9.10039,47.52467],[9.10192,47.52402],[9.10196,47.52395],[9.10139,47.52235],[9.10035,47.52242],[9.1003,47.52197],[9.10034,47.52114],[9.10028,47.52082],[9.10022,47.52083],[9.1002,47.52077],[9.09984,47.51931],[9.10042,47.51914],[9.10159,47.51899],[9.10147,47.51813],[9.10347,47.51806],[9.10305,47.51756],[9.10262,47.51759],[9.10271,47.51706],[9.10104,47.51715],[9.1013,47.51427],[9.10207,47.51404],[9.10206,47.51353],[9.10278,47.51355],[9.10249,47.51277],[9.10303,47.51255],[9.10331,47.51251],[9.10335,47.51234],[9.10297,47.5123],[9.10296,47.51223],[9.10294,47.51152],[9.10292,47.51137],[9.10276,47.51111],[9.10254,47.51094],[9.10301,47.51064],[9.10225,47.51036],[9.10171,47.51007],[9.10133,47.50987],[9.10118,47.50982],[9.10111,47.50977],[9.10114,47.50975],[9.10145,47.50926],[9.1007,47.50913],[9.0999,47.50921],[9.09975,47.50927],[9.09953,47.50928],[9.09921,47.50934],[9.09892,47.5094],[9.09868,47.5094],[9.09866,47.50936],[9.09824,47.5093],[9.0981,47.50931],[9.09799,47.50937],[9.09783,47.5095],[9.09768,47.50957],[9.09752,47.50956],[9.09736,47.50954],[9.09691,47.50938],[9.09643,47.50949],[9.09564,47.50865],[9.09582,47.50855],[9.0957,47.50853],[9.09547,47.50851],[9.09532,47.50849],[9.09492,47.50832],[9.09475,47.50807],[9.09483,47.50756],[9.0951,47.50723],[9.09539,47.50713],[9.09623,47.50701],[9.09642,47.50699],[9.09644,47.50728],[9.09772,47.50753],[9.09845,47.50685],[9.09863,47.50663],[9.09945,47.5059],[9.09965,47.50595],[9.10053,47.50642],[9.10052,47.50644],[9.10018,47.50723],[9.10023,47.50771],[9.10086,47.50773],[9.10095,47.50779],[9.10103,47.50787],[9.10112,47.50792],[9.10116,47.50796],[9.10127,47.50803],[9.10135,47.50812],[9.10143,47.50815],[9.10152,47.50824],[9.10158,47.50825],[9.10167,47.50832],[9.10168,47.50835],[9.10172,47.50839],[9.10172,47.50841],[9.10182,47.50852],[9.10205,47.5087],[9.10273,47.50902],[9.10302,47.50916],[9.10309,47.50917],[9.10316,47.5092],[9.10324,47.50922],[9.1033,47.50929],[9.10332,47.50936],[9.10343,47.5095],[9.10346,47.50963],[9.1039,47.50987],[9.10476,47.50993],[9.1052,47.50988],[9.10522,47.50984],[9.10523,47.50984],[9.10531,47.50982],[9.10538,47.50978],[9.10553,47.50979],[9.10611,47.50961],[9.10651,47.50982],[9.10666,47.51014],[9.10666,47.51021],[9.10661,47.51025],[9.10672,47.5105],[9.10702,47.51083],[9.10718,47.51089],[9.1073,47.51092],[9.10742,47.51099],[9.10749,47.5111],[9.1076,47.51111],[9.10772,47.51116],[9.10773,47.51122],[9.10767,47.51125],[9.10769,47.51139],[9.10783,47.51149],[9.10798,47.51152],[9.10808,47.5116],[9.10819,47.51163],[9.10818,47.51166],[9.10821,47.51172],[9.10849,47.51194],[9.10864,47.51198],[9.10874,47.51199],[9.10886,47.51205],[9.10889,47.5121],[9.10887,47.51215],[9.109,47.51231],[9.10909,47.51254],[9.11063,47.51284],[9.1108,47.51242],[9.11087,47.51235],[9.11097,47.5123],[9.11108,47.51228],[9.11186,47.51215],[9.11188,47.5122],[9.11231,47.51224],[9.1126,47.51222],[9.11286,47.51208],[9.11289,47.51206],[9.11294,47.51203],[9.11313,47.5119],[9.11356,47.51208],[9.11392,47.51209],[9.11432,47.51201],[9.11482,47.51186],[9.11536,47.51154],[9.11558,47.51172],[9.11635,47.5113],[9.11663,47.51094],[9.11684,47.51055],[9.11708,47.5102],[9.11714,47.51018],[9.11725,47.51038],[9.11746,47.51002],[9.1177,47.50955],[9.11816,47.50927],[9.11824,47.50897],[9.1181,47.50891],[9.11815,47.50848],[9.1182,47.50843],[9.1183,47.50832],[9.11839,47.50813],[9.11812,47.50764],[9.1178,47.50726],[9.11749,47.50739],[9.1168,47.50688],[9.11642,47.50663],[9.11584,47.50637],[9.11564,47.50628],[9.11538,47.50616],[9.11521,47.50609],[9.11546,47.50572],[9.11498,47.50555],[9.11451,47.50527],[9.1141,47.50502],[9.11333,47.50459],[9.11244,47.50424],[9.11292,47.50426],[9.11339,47.50398],[9.11428,47.50453],[9.11507,47.50413],[9.11484,47.50397],[9.11462,47.50379],[9.11437,47.5036],[9.11441,47.50358],[9.11557,47.50284],[9.11569,47.50287],[9.11599,47.5032],[9.11643,47.50359],[9.11719,47.50394],[9.11721,47.50395],[9.11865,47.50467],[9.11884,47.50476],[9.11888,47.50474],[9.11935,47.50444],[9.12156,47.50497],[9.12161,47.50486],[9.12248,47.5051],[9.12343,47.50535],[9.12491,47.50576],[9.12491,47.5064],[9.12488,47.50679],[9.12465,47.50705],[9.12503,47.50692],[9.12643,47.5079],[9.12711,47.5078],[9.12785,47.50827],[9.12851,47.50824],[9.1287,47.50813],[9.12865,47.50763],[9.12901,47.50767],[9.12923,47.50726],[9.12919,47.50716],[9.12918,47.50706],[9.12928,47.50703],[9.12939,47.50693],[9.12956,47.50688],[9.12955,47.50659],[9.12953,47.50657],[9.12946,47.50649],[9.12952,47.50637],[9.1296,47.5063],[9.12959,47.50593],[9.12958,47.50586],[9.12957,47.5058],[9.12958,47.5055],[9.12961,47.5054],[9.1296,47.50527],[9.12957,47.50521],[9.12956,47.50514],[9.12959,47.50492],[9.13,47.5043],[9.13018,47.50416],[9.13028,47.50412],[9.13045,47.50405],[9.13053,47.50395],[9.13066,47.50393],[9.13085,47.50393],[9.13092,47.50394],[9.13138,47.50364],[9.13179,47.50327],[9.13193,47.50325],[9.13199,47.50313],[9.13212,47.50309],[9.13217,47.50308],[9.13232,47.50311],[9.13252,47.50312],[9.13294,47.50292],[9.13287,47.50282],[9.13287,47.50271],[9.13297,47.50265],[9.13297,47.50259],[9.13311,47.50249],[9.13343,47.50237],[9.13352,47.50234],[9.13364,47.50232],[9.13376,47.50228],[9.13417,47.50194],[9.13418,47.5018],[9.13433,47.50171],[9.13437,47.5017],[9.13439,47.50169],[9.13444,47.50167],[9.13452,47.50164],[9.1348,47.50142],[9.13483,47.50137],[9.1349,47.50131],[9.13492,47.50129],[9.13494,47.50126],[9.13504,47.50122],[9.13527,47.50107],[9.13541,47.50096],[9.13561,47.50104],[9.13576,47.50073],[9.13553,47.50069],[9.13585,47.50044],[9.13561,47.50027],[9.13564,47.50005],[9.13533,47.49996],[9.13528,47.49991],[9.13519,47.49991],[9.13521,47.49989],[9.13527,47.49984],[9.13535,47.49981],[9.13534,47.49959],[9.13521,47.49956],[9.13507,47.49949],[9.13497,47.49942],[9.13501,47.49935],[9.135,47.49927],[9.13508,47.49912],[9.13502,47.49889],[9.13469,47.49877],[9.13445,47.49857],[9.13434,47.49854],[9.13406,47.49837],[9.13394,47.49825],[9.13402,47.49817],[9.13409,47.49815],[9.13412,47.49811],[9.13418,47.49809],[9.13421,47.49802],[9.13433,47.49797],[9.1342,47.49773],[9.13413,47.49758],[9.13409,47.49754],[9.13413,47.49754],[9.13412,47.49748],[9.13426,47.49708],[9.13442,47.49674],[9.13474,47.49642],[9.13499,47.49587],[9.13512,47.49539],[9.13513,47.49535],[9.13535,47.49539],[9.13575,47.49547],[9.13678,47.49469],[9.13763,47.49404],[9.1382,47.49452],[9.13881,47.49482],[9.13915,47.49464],[9.1398,47.49431],[9.14005,47.49433],[9.14037,47.49458],[9.14117,47.4952],[9.14138,47.49451],[9.14142,47.49438],[9.14147,47.49426],[9.14166,47.49391],[9.14224,47.49545],[9.14277,47.49536],[9.14351,47.49592],[9.14416,47.49553],[9.14434,47.49542],[9.14513,47.49495],[9.14552,47.49532],[9.14591,47.49622],[9.14617,47.49659],[9.14622,47.49662],[9.14651,47.49673],[9.14701,47.49692],[9.14651,47.49715],[9.14667,47.49737],[9.14712,47.49773],[9.14758,47.49796],[9.1477,47.49801],[9.14793,47.49807],[9.14794,47.49813],[9.14813,47.49834],[9.14794,47.4985],[9.14847,47.49876],[9.14869,47.49868],[9.14868,47.49889],[9.14876,47.4988],[9.14887,47.49873],[9.14905,47.49893],[9.14903,47.49896],[9.14904,47.49899],[9.14899,47.49904],[9.14886,47.49905],[9.14923,47.49926],[9.14936,47.4996],[9.14946,47.49954],[9.14951,47.49957],[9.14956,47.49959],[9.14956,47.49962],[9.14956,47.49963],[9.14954,47.49967],[9.14955,47.49975],[9.14964,47.4998],[9.14975,47.49988],[9.14979,47.49992],[9.14988,47.50016],[9.14981,47.50024],[9.14975,47.50032],[9.14987,47.50037],[9.1499,47.50067],[9.15005,47.50089],[9.1499,47.50104],[9.15001,47.50128],[9.1505,47.50138],[9.15044,47.50158],[9.1507,47.50141],[9.15094,47.50146],[9.1511,47.50147],[9.15121,47.50146],[9.1513,47.50154],[9.15153,47.5017],[9.15207,47.50183],[9.1514,47.50246],[9.15136,47.50245],[9.15134,47.50248],[9.15061,47.50288],[9.1497,47.50379],[9.15054,47.5038],[9.15079,47.50499],[9.15111,47.50529],[9.15161,47.50551],[9.15183,47.50563],[9.15238,47.50597],[9.15244,47.50603],[9.15235,47.50618],[9.1522,47.50616],[9.1518,47.50628],[9.15225,47.50663],[9.15317,47.50693],[9.15333,47.50713],[9.15372,47.5071],[9.15408,47.50698],[9.15425,47.50709],[9.15431,47.50721],[9.15438,47.50718],[9.15467,47.50718],[9.15521,47.50747],[9.15532,47.50777],[9.15529,47.5081],[9.15544,47.50848],[9.15536,47.5086],[9.15549,47.50877],[9.15557,47.50882],[9.15551,47.5089],[9.15545,47.50909],[9.15552,47.50934],[9.15591,47.50966],[9.15635,47.5099],[9.1566,47.51003],[9.15692,47.51029],[9.15696,47.51035],[9.15716,47.51047],[9.15723,47.51056],[9.15747,47.51073],[9.15758,47.51078],[9.15757,47.51085],[9.15778,47.51084],[9.15785,47.51091],[9.15895,47.51121],[9.15924,47.51139],[9.15942,47.51143],[9.15956,47.5115],[9.15969,47.51152],[9.15972,47.51158],[9.15997,47.51172],[9.16057,47.51185],[9.16079,47.51185],[9.16085,47.51184],[9.16099,47.51188],[9.16102,47.51192],[9.16115,47.51198],[9.16127,47.51201],[9.1613,47.51204],[9.16154,47.51215],[9.16157,47.51222],[9.16183,47.5124],[9.16229,47.51249],[9.16264,47.51247],[9.1629,47.51255],[9.16294,47.51261],[9.16305,47.51267],[9.16333,47.51275],[9.16344,47.51288],[9.16361,47.51322],[9.16371,47.51328],[9.1638,47.51335],[9.16391,47.51343],[9.16401,47.51356],[9.16414,47.51385],[9.16442,47.51413],[9.16458,47.51448],[9.16463,47.51464],[9.1648,47.51482],[9.16489,47.51525],[9.16479,47.51535],[9.16477,47.5154],[9.1648,47.51559],[9.16484,47.51567],[9.16477,47.51596],[9.16438,47.51628],[9.16387,47.51608],[9.16366,47.51607],[9.16355,47.51603],[9.16339,47.51604],[9.16298,47.51614],[9.16279,47.51619],[9.1624,47.51612],[9.16224,47.51603],[9.16212,47.5159],[9.16201,47.51586],[9.16166,47.51599],[9.16106,47.51588],[9.16088,47.51594],[9.16073,47.51604],[9.16044,47.516],[9.16023,47.51584],[9.15975,47.51567],[9.15963,47.51556],[9.15923,47.51583],[9.15881,47.51586],[9.15887,47.51604],[9.1588,47.51609],[9.15846,47.51613],[9.15803,47.51613],[9.15802,47.51624],[9.15805,47.5163],[9.15804,47.51636],[9.15783,47.51643],[9.15767,47.51647],[9.15724,47.51649],[9.15657,47.51715],[9.15636,47.51716],[9.15642,47.51761],[9.15598,47.51768],[9.15541,47.51787],[9.15588,47.51857],[9.15589,47.51882],[9.15593,47.5189],[9.15606,47.51899],[9.15616,47.51918],[9.15618,47.51943],[9.15609,47.51956],[9.15599,47.51965],[9.15577,47.5196],[9.15584,47.52042],[9.15593,47.52041],[9.15585,47.52095],[9.15569,47.52168],[9.15556,47.52201],[9.15517,47.52206],[9.15482,47.52203],[9.15481,47.52186],[9.15367,47.52167],[9.15353,47.52181],[9.15382,47.52201],[9.15366,47.52211],[9.15354,47.52299],[9.15349,47.52362],[9.15376,47.52367],[9.15428,47.52382],[9.15466,47.52395],[9.15524,47.52417],[9.15623,47.52455],[9.15577,47.52523],[9.15569,47.52525],[9.15543,47.52576],[9.15517,47.52686],[9.15462,47.52877],[9.1547,47.52881],[9.15539,47.52876],[9.15562,47.52873],[9.15557,47.5288],[9.15603,47.53017],[9.15652,47.53053],[9.15748,47.53086],[9.15832,47.53081],[9.15853,47.53089],[9.15829,47.53178],[9.15819,47.5324],[9.158,47.53305]]]},"properties":{"bfs_nr":4756,"name":"Sch\u00f6nholzerswilen"}},{"type":"Feature","geometry":{"type":"Polygon","coordinates":[[[8.97075,47.45584],[8.9707,47.45556],[8.97085,47.45517],[8.97128,47.45462],[8.97163,47.45439],[8.97189,47.4543],[8.97224,47.4542],[8.97266,47.45408],[8.97275,47.45405],[8.97314,47.45392],[8.97393,47.45363],[8.97431,47.45354],[8.97457,47.45345],[8.97578,47.45273],[8.976,47.45243],[8.97604,47.4521],[8.976,47.45193],[8.97591,47.45178],[8.97571,47.45149],[8.97555,47.45131],[8.97538,47.45107],[8.97526,47.4508],[8.97524,47.45045],[8.97558,47.44999],[8.97607,47.44974],[8.97638,47.44946],[8.97662,47.44876],[8.97691,47.44845],[8.97736,47.44825],[8.97789,47.44819],[8.97886,47.44838],[8.9791,47.44842],[8.97935,47.44842],[8.97959,47.44838],[8.97982,47.44832],[8.98003,47.44823],[8.98034,47.44807],[8.98049,47.44801],[8.98109,47.44782],[8.98163,47.44768],[8.98198,47.44748],[8.98419,47.44584],[8.98446,47.44554],[8.98453,47.44471],[8.98473,47.4444],[8.98533,47.44395],[8.98549,47.44365],[8.98554,47.44312],[8.98575,47.44282],[8.98611,47.4426],[8.98657,47.44248],[8.98722,47.44243],[8.98846,47.44226],[8.98923,47.44202],[8.98975,47.44201],[8.99024,47.44214],[8.99065,47.44243],[8.99125,47.44303],[8.99164,47.44329],[8.99215,47.44342],[8.99271,47.44344],[8.99345,47.44362],[8.99419,47.44364],[8.99498,47.44345],[8.99546,47.44306],[8.99557,47.44272],[8.99537,47.44223],[8.99497,47.44192],[8.99475,47.44158],[8.99473,47.44122],[8.99483,47.441],[8.99484,47.44098],[8.99495,47.44083],[8.9951,47.44069],[8.99527,47.44051],[8.99561,47.43994],[8.99583,47.43944],[8.99611,47.43917],[8.99659,47.43887],[8.99683,47.43854],[8.99688,47.43825],[8.99703,47.43789],[8.99722,47.43733],[8.99731,47.43715],[8.99742,47.43677],[8.99751,47.43662],[8.99767,47.43644],[8.99795,47.43621],[8.99879,47.43559],[8.99913,47.43522],[8.99948,47.43499],[8.99992,47.43487],[9.00166,47.43468],[9.0023,47.43445],[9.00302,47.43426],[9.00375,47.43429],[9.0043,47.43444],[9.00481,47.43446],[9.00555,47.43428],[9.00609,47.43428],[9.00686,47.43446],[9.00733,47.43447],[9.00808,47.43436],[9.00854,47.43441],[9.00942,47.43469],[9.00996,47.43468],[9.01065,47.43442],[9.01107,47.43409],[9.01153,47.43391],[9.01232,47.43391],[9.01315,47.43429],[9.01345,47.43455],[9.0137,47.43493],[9.01424,47.43525],[9.01498,47.43546],[9.01649,47.43613],[9.01718,47.43648],[9.01814,47.43673],[9.01867,47.43708],[9.01901,47.43764],[9.01945,47.43902],[9.01988,47.43963],[9.01996,47.44021],[9.02025,47.44054],[9.02072,47.44079],[9.02104,47.44106],[9.02179,47.44209],[9.02178,47.44242],[9.02158,47.44273],[9.02103,47.44314],[9.02088,47.44328],[9.02077,47.44343],[9.0207,47.44359],[9.02068,47.44375],[9.02071,47.44392],[9.02078,47.44408],[9.02114,47.44469],[9.02143,47.445],[9.02224,47.44546],[9.02271,47.44565],[9.02327,47.4457],[9.02388,47.44563],[9.02463,47.44579],[9.025,47.44605],[9.02546,47.44669],[9.02635,47.44767],[9.02647,47.44802],[9.02638,47.44837],[9.02589,47.44879],[9.02547,47.44897],[9.02513,47.44926],[9.025,47.44962],[9.02523,47.45052],[9.02516,47.45084],[9.02474,47.45128],[9.02451,47.45173],[9.02455,47.45217],[9.02453,47.45327],[9.02483,47.45428],[9.02517,47.45458],[9.02577,47.45493],[9.02597,47.45524],[9.02596,47.45595],[9.02645,47.45794],[9.02665,47.45828],[9.02695,47.45856],[9.0271,47.45889],[9.02706,47.45923],[9.02676,47.45974],[9.02681,47.4603],[9.02709,47.46067],[9.02715,47.461],[9.02702,47.46133],[9.02686,47.46152],[9.02674,47.46164],[9.02663,47.46177],[9.02643,47.46206],[9.02617,47.46236],[9.02566,47.46309],[9.02551,47.46326],[9.02537,47.46341],[9.02519,47.46355],[9.02512,47.46362],[9.02503,47.4637],[9.02328,47.46538],[9.02305,47.46563],[9.0227,47.46592],[9.0226,47.466],[9.02242,47.46615],[9.02069,47.4673],[9.02063,47.46733],[9.01992,47.46777],[9.01979,47.46784],[9.01904,47.46823],[9.01896,47.46827],[9.01729,47.46906],[9.01725,47.46908],[9.01723,47.46909],[9.01621,47.46955],[9.01599,47.46964],[9.01549,47.46981],[9.01544,47.46982],[9.01458,47.47009],[9.0145,47.47011],[9.01319,47.47048],[9.01277,47.47056],[9.01265,47.47057],[9.01241,47.47062],[9.01224,47.47067],[9.01192,47.47074],[9.01177,47.47075],[9.01166,47.47077],[9.01165,47.47077],[9.0099,47.47109],[9.00974,47.47113],[9.0097,47.47114],[9.0095,47.47118],[9.00937,47.47121],[9.00924,47.47123],[9.00861,47.47132],[9.00791,47.47134],[9.0071,47.47146],[9.00522,47.47152],[9.00517,47.47152],[9.00442,47.47153],[9.00438,47.47153],[9.00361,47.47153],[9.00358,47.47153],[9.00229,47.47153],[9.0016,47.47154],[9.00154,47.47154],[9.00092,47.47156],[9.00082,47.47156],[8.99928,47.47154],[8.999,47.47154],[8.99897,47.47153],[8.99869,47.47152],[8.99842,47.47155],[8.99819,47.4716],[8.998,47.47163],[8.99774,47.47171],[8.99743,47.47185],[8.99716,47.47197],[8.99641,47.47205],[8.99593,47.47194],[8.99554,47.47173],[8.9953,47.47164],[8.99505,47.47159],[8.99479,47.47157],[8.99452,47.47159],[8.99449,47.47159],[8.99422,47.47161],[8.99404,47.47163],[8.99395,47.47165],[8.99365,47.4717],[8.99312,47.47179],[8.9927,47.47183],[8.99266,47.47183],[8.99261,47.47184],[8.99233,47.47186],[8.99189,47.47192],[8.99149,47.47199],[8.99142,47.472],[8.99103,47.47207],[8.99065,47.47215],[8.99061,47.47216],[8.99028,47.47223],[8.99023,47.47225],[8.98993,47.47232],[8.98959,47.47242],[8.98922,47.47249],[8.98888,47.47252],[8.9874,47.473],[8.98689,47.47304],[8.98618,47.47284],[8.98585,47.47257],[8.98573,47.47237],[8.98537,47.47156],[8.98526,47.47135],[8.98497,47.47064],[8.98486,47.47037],[8.9848,47.47023],[8.98455,47.46961],[8.98417,47.46869],[8.98409,47.46853],[8.98393,47.46833],[8.98387,47.46827],[8.9835,47.46796],[8.98337,47.46784],[8.98336,47.46784],[8.98331,47.46779],[8.98283,47.46738],[8.98281,47.46737],[8.9828,47.46736],[8.98275,47.46732],[8.98271,47.46729],[8.98268,47.46727],[8.9824,47.46705],[8.98215,47.46683],[8.98153,47.46643],[8.98132,47.46613],[8.98118,47.46545],[8.98087,47.46461],[8.98057,47.4642],[8.98047,47.46394],[8.98037,47.46324],[8.98043,47.46302],[8.9805,47.46287],[8.98057,47.46266],[8.98059,47.46258],[8.98071,47.4621],[8.98109,47.46163],[8.98116,47.46109],[8.98093,47.46076],[8.98053,47.46051],[8.98028,47.46044],[8.98009,47.4604],[8.97965,47.46026],[8.97909,47.46009],[8.97878,47.45998],[8.97782,47.45954],[8.97734,47.4594],[8.97682,47.4594],[8.97623,47.45951],[8.97548,47.45941],[8.97502,47.45922],[8.97457,47.45915],[8.97392,47.45915],[8.97344,47.45902],[8.97307,47.45877],[8.97279,47.45831],[8.97246,47.45804],[8.97201,47.45787],[8.97117,47.45766],[8.97077,47.45743],[8.97054,47.45711],[8.9705,47.45693],[8.97074,47.45632],[8.97075,47.45584]]]},"properties":{"bfs_nr":4761,"name":"Sirnach"}},{"type":"Feature","geometry":{"type":"Polygon","coordinates":[[[9.00999,47.5044],[9.01033,47.50356],[9.0103,47.50317],[9.00992,47.50269],[9.00981,47.50236],[9.00989,47.50202],[9.01,47.50187],[9.01019,47.5017],[9.01063,47.50139],[9.01132,47.50122],[9.01157,47.50122],[9.01204,47.50131],[9.01248,47.50155],[9.01318,47.50209],[9.01336,47.50221],[9.01358,47.50231],[9.01381,47.50237],[9.01432,47.5024],[9.01457,47.50236],[9.0148,47.5023],[9.01527,47.50213],[9.0156,47.50198],[9.01618,47.5017],[9.01666,47.50159],[9.01717,47.50162],[9.01775,47.5018],[9.01821,47.50187],[9.01911,47.50183],[9.02021,47.50222],[9.02074,47.50225],[9.02144,47.50212],[9.02199,47.50212],[9.023,47.50238],[9.02355,47.50271],[9.02401,47.50287],[9.02452,47.5029],[9.02501,47.5028],[9.02577,47.50244],[9.02674,47.50228],[9.02717,47.50213],[9.02791,47.50169],[9.02843,47.50158],[9.02906,47.50164],[9.03054,47.50194],[9.03104,47.50207],[9.0313,47.50209],[9.03182,47.50203],[9.03294,47.50157],[9.034,47.50109],[9.0345,47.5008],[9.036,47.50051],[9.03722,47.5004],[9.03834,47.50043],[9.03924,47.50062],[9.03976,47.50061],[9.04024,47.50046],[9.0406,47.50019],[9.04077,47.49985],[9.04074,47.4995],[9.04036,47.499],[9.04028,47.49865],[9.04065,47.49762],[9.04098,47.49733],[9.04145,47.49715],[9.04199,47.49712],[9.0425,47.49723],[9.04286,47.49738],[9.04336,47.49749],[9.04363,47.49757],[9.04388,47.49766],[9.04415,47.49778],[9.04418,47.49779],[9.04463,47.49798],[9.04486,47.49809],[9.04527,47.49843],[9.04593,47.49872],[9.04625,47.49897],[9.04642,47.49945],[9.04636,47.4998],[9.04618,47.50011],[9.04504,47.50097],[9.04425,47.50173],[9.04334,47.50226],[9.04306,47.50252],[9.04289,47.50287],[9.04274,47.50308],[9.04264,47.50325],[9.04258,47.50343],[9.04263,47.5038],[9.04289,47.50412],[9.04342,47.50442],[9.04372,47.5047],[9.04384,47.50504],[9.04383,47.50522],[9.04375,47.50543],[9.04365,47.5056],[9.04345,47.50602],[9.04338,47.50634],[9.04355,47.50688],[9.04348,47.50741],[9.04341,47.50834],[9.04335,47.5086],[9.0432,47.50884],[9.04267,47.50946],[9.04251,47.50978],[9.04254,47.51013],[9.04276,47.51044],[9.04337,47.51075],[9.04611,47.51142],[9.04745,47.51169],[9.05039,47.51231],[9.05164,47.51246],[9.05267,47.51267],[9.05329,47.51264],[9.05378,47.51269],[9.05421,47.51286],[9.05451,47.51312],[9.05475,47.51368],[9.05526,47.5141],[9.05576,47.51423],[9.05633,47.51423],[9.05658,47.51425],[9.05685,47.51429],[9.0571,47.51432],[9.05792,47.51426],[9.0588,47.5143],[9.05925,47.51438],[9.05976,47.51442],[9.06006,47.51442],[9.06061,47.5143],[9.06118,47.51404],[9.06147,47.51377],[9.06159,47.51344],[9.06164,47.51267],[9.06175,47.51243],[9.06204,47.51214],[9.06262,47.51176],[9.06317,47.51129],[9.0636,47.51115],[9.06419,47.51108],[9.06605,47.5103],[9.06641,47.51025],[9.06909,47.51008],[9.06965,47.51004],[9.07009,47.5099],[9.07055,47.5096],[9.07153,47.50922],[9.0722,47.50902],[9.07268,47.50897],[9.07316,47.50904],[9.07367,47.50926],[9.07449,47.50941],[9.07495,47.50958],[9.07527,47.50986],[9.07541,47.5102],[9.07535,47.51055],[9.07502,47.51091],[9.07455,47.51116],[9.07362,47.51137],[9.07324,47.51151],[9.07296,47.51161],[9.07252,47.51177],[9.07228,47.51189],[9.07208,47.51204],[9.07187,47.51224],[9.07175,47.51239],[9.07163,47.51272],[9.0717,47.51306],[9.07197,47.51346],[9.07199,47.51381],[9.07181,47.51414],[9.07162,47.51431],[9.07062,47.51505],[9.07036,47.51532],[9.07029,47.51581],[9.07058,47.51633],[9.0706,47.51668],[9.07041,47.51702],[9.07021,47.51719],[9.06957,47.51764],[9.06937,47.51776],[9.06917,47.5179],[9.06889,47.51815],[9.06879,47.51825],[9.06875,47.5183],[9.06868,47.51839],[9.06859,47.51854],[9.06833,47.51888],[9.06812,47.5192],[9.06778,47.51947],[9.06703,47.51988],[9.06651,47.52001],[9.06597,47.51998],[9.06498,47.51965],[9.06452,47.51955],[9.06403,47.51957],[9.06326,47.51983],[9.06275,47.51995],[9.06234,47.52016],[9.06201,47.52046],[9.06138,47.52077],[9.06094,47.5211],[9.06003,47.52132],[9.05891,47.52178],[9.05838,47.52217],[9.05792,47.52235],[9.05739,47.5224],[9.05688,47.5223],[9.05647,47.52208],[9.05608,47.52158],[9.05547,47.52125],[9.05466,47.52101],[9.05418,47.52094],[9.05393,47.52095],[9.05369,47.52099],[9.05346,47.52106],[9.05326,47.52116],[9.05292,47.52142],[9.0525,47.5218],[9.05228,47.52197],[9.05184,47.52215],[9.05159,47.52219],[9.05133,47.5222],[9.05077,47.5221],[9.04977,47.5218],[9.04926,47.52178],[9.04877,47.52189],[9.04839,47.52212],[9.04764,47.5229],[9.04718,47.52378],[9.04687,47.52414],[9.04643,47.52435],[9.046,47.52443],[9.04537,47.52442],[9.04361,47.52393],[9.04263,47.5236],[9.04234,47.52353],[9.04182,47.5234],[9.04069,47.52316],[9.03925,47.52286],[9.03854,47.52285],[9.03692,47.52249],[9.03668,47.52247],[9.03552,47.52259],[9.03457,47.52287],[9.03396,47.52287],[9.0337,47.52284],[9.03338,47.52276],[9.03254,47.5225],[9.03188,47.52246],[9.03163,47.52241],[9.03134,47.52231],[9.03012,47.5218],[9.02985,47.52166],[9.02966,47.52155],[9.02929,47.52125],[9.02923,47.52117],[9.02912,47.52105],[9.02899,47.52085],[9.02887,47.52071],[9.02853,47.52049],[9.02774,47.52024],[9.02729,47.52003],[9.02701,47.51976],[9.02661,47.51886],[9.02638,47.51825],[9.02619,47.51796],[9.02551,47.51727],[9.02494,47.51695],[9.02446,47.51688],[9.02395,47.51691],[9.02347,47.51687],[9.02318,47.51678],[9.02015,47.51563],[9.01971,47.51549],[9.01936,47.51526],[9.01919,47.51508],[9.01895,47.51489],[9.01758,47.51403],[9.01642,47.51336],[9.01515,47.5128],[9.01387,47.51217],[9.01241,47.51153],[9.01202,47.51116],[9.01138,47.51081],[9.0106,47.51029],[9.01023,47.50984],[9.01023,47.50949],[9.01068,47.5089],[9.01082,47.50861],[9.01093,47.5081],[9.01099,47.50714],[9.01091,47.50667],[9.0105,47.50552],[9.01004,47.50499],[9.00999,47.5044]]]},"properties":{"bfs_nr":4776,"name":"Tobel-T\u00e4gerschen"}},{"type":"Feature","geometry":{"type":"Polygon","coordinates":[[[8.92309,47.48842],[8.92412,47.48818],[8.92475,47.4881],[8.92518,47.48792],[8.92548,47.48764],[8.92572,47.48722],[8.92605,47.48687],[8.92632,47.48625],[8.92686,47.48575],[8.92706,47.48533],[8.92709,47.48477],[8.92732,47.48444],[8.92773,47.4842],[8.92825,47.48408],[8.92887,47.48407],[8.92933,47.48395],[8.92969,47.48373],[8.92991,47.48343],[8.93002,47.48292],[8.93004,47.48271],[8.92998,47.48249],[8.92987,47.48225],[8.92975,47.48204],[8.92964,47.48173],[8.92963,47.48146],[8.92975,47.481],[8.93019,47.48053],[8.93075,47.48032],[8.93112,47.48006],[8.9314,47.47957],[8.93169,47.4793],[8.93211,47.47913],[8.93266,47.479],[8.93287,47.47891],[8.9332,47.47865],[8.93339,47.47819],[8.93357,47.47787],[8.9339,47.47761],[8.93459,47.47741],[8.93528,47.47742],[8.93608,47.47728],[8.93651,47.47706],[8.93681,47.47674],[8.93703,47.47623],[8.93703,47.47581],[8.93721,47.47547],[8.93814,47.47494],[8.93838,47.47464],[8.93854,47.47425],[8.93895,47.47385],[8.93912,47.47354],[8.9392,47.47298],[8.93905,47.47263],[8.93904,47.47229],[8.93921,47.47197],[8.93975,47.47163],[8.94023,47.47153],[8.94073,47.47157],[8.94156,47.47181],[8.9421,47.4718],[8.94259,47.47164],[8.94294,47.47137],[8.94319,47.47101],[8.94352,47.47077],[8.94398,47.47057],[8.94415,47.47045],[8.94439,47.47016],[8.94445,47.46982],[8.9444,47.46963],[8.9444,47.46938],[8.94446,47.46918],[8.94456,47.46902],[8.94488,47.46875],[8.94533,47.46859],[8.9462,47.46843],[8.94672,47.46844],[8.9472,47.46859],[8.94767,47.46887],[8.94843,47.46916],[8.94874,47.46945],[8.94886,47.46981],[8.94867,47.47043],[8.94874,47.4708],[8.94904,47.47118],[8.94946,47.47139],[8.94996,47.47148],[8.9507,47.47136],[8.95139,47.47099],[8.95177,47.47082],[8.95198,47.47074],[8.95228,47.47066],[8.95281,47.47058],[8.95337,47.47048],[8.95366,47.47048],[8.95482,47.47067],[8.95526,47.47089],[8.95566,47.47126],[8.95605,47.47145],[8.95673,47.47153],[8.95724,47.47167],[8.95774,47.47201],[8.95819,47.47218],[8.95906,47.47225],[8.95949,47.47234],[8.95986,47.47244],[8.96015,47.47252],[8.96069,47.47276],[8.96123,47.47289],[8.96207,47.47283],[8.96258,47.4729],[8.96378,47.47343],[8.96407,47.47375],[8.96411,47.47384],[8.96414,47.47392],[8.96416,47.47395],[8.96425,47.4741],[8.96431,47.47428],[8.96432,47.47442],[8.96435,47.4746],[8.96443,47.47477],[8.96456,47.47492],[8.96474,47.47506],[8.96505,47.47525],[8.96531,47.47552],[8.96539,47.47572],[8.96544,47.47588],[8.96551,47.47604],[8.96596,47.47643],[8.96617,47.47652],[8.9664,47.47657],[8.96643,47.47658],[8.96668,47.47666],[8.96719,47.47709],[8.96727,47.47727],[8.96729,47.4775],[8.96728,47.47769],[8.96726,47.47777],[8.96725,47.4779],[8.96731,47.47817],[8.96724,47.47853],[8.96696,47.47884],[8.96683,47.47892],[8.96666,47.47904],[8.96644,47.47933],[8.96638,47.47966],[8.96642,47.47982],[8.96648,47.47998],[8.96649,47.48004],[8.96654,47.48023],[8.96665,47.4804],[8.96675,47.48053],[8.96685,47.48087],[8.96655,47.48151],[8.96651,47.48167],[8.9665,47.48183],[8.96675,47.48229],[8.96686,47.48238],[8.96705,47.48256],[8.96711,47.48262],[8.96726,47.48278],[8.96769,47.48301],[8.96822,47.48311],[8.96849,47.4831],[8.96876,47.48305],[8.96904,47.48298],[8.96953,47.48295],[8.97,47.48305],[8.97021,47.48314],[8.97024,47.48316],[8.97045,47.48327],[8.97046,47.48327],[8.97157,47.4838],[8.97179,47.48389],[8.97227,47.48397],[8.97299,47.48385],[8.97337,47.48363],[8.97344,47.48355],[8.97364,47.48339],[8.97494,47.48271],[8.97558,47.48241],[8.97637,47.48195],[8.97687,47.48185],[8.97739,47.48188],[8.97785,47.48205],[8.97827,47.48249],[8.97832,47.48266],[8.97832,47.48288],[8.97831,47.48296],[8.9783,47.48309],[8.9783,47.48314],[8.97833,47.48332],[8.97842,47.48349],[8.97855,47.48364],[8.97869,47.48375],[8.97886,47.48391],[8.97897,47.48408],[8.97902,47.48445],[8.97897,47.48462],[8.97896,47.48466],[8.97894,47.48471],[8.97891,47.48496],[8.97891,47.48498],[8.97894,47.48514],[8.97901,47.48529],[8.97911,47.48543],[8.97925,47.48556],[8.97932,47.4856],[8.97944,47.48568],[8.97949,47.48571],[8.97973,47.48588],[8.97979,47.48594],[8.97983,47.48597],[8.97989,47.48601],[8.98,47.4861],[8.98022,47.48626],[8.98036,47.48643],[8.98041,47.48655],[8.98052,47.48672],[8.98067,47.48687],[8.98086,47.487],[8.98146,47.48727],[8.9821,47.48771],[8.98223,47.48787],[8.98227,47.48796],[8.98238,47.48813],[8.98255,47.48829],[8.98265,47.48836],[8.98277,47.4885],[8.98285,47.48864],[8.98319,47.4892],[8.98319,47.48921],[8.98344,47.48961],[8.98351,47.48971],[8.98362,47.48982],[8.98368,47.48987],[8.98378,47.48995],[8.98425,47.49028],[8.98447,47.49046],[8.98466,47.4908],[8.98466,47.49117],[8.98479,47.49152],[8.98492,47.49167],[8.9851,47.4918],[8.98528,47.49189],[8.98549,47.49202],[8.9858,47.49235],[8.98596,47.49247],[8.98615,47.49258],[8.98661,47.4927],[8.98685,47.49272],[8.98713,47.49273],[8.98719,47.49273],[8.9877,47.49272],[8.98775,47.49272],[8.98813,47.4927],[8.98822,47.4927],[8.98855,47.49267],[8.98862,47.49266],[8.98891,47.49263],[8.98899,47.49262],[8.98934,47.49256],[8.98938,47.49255],[8.98966,47.4925],[8.98972,47.49249],[8.9901,47.49241],[8.99043,47.49236],[8.9912,47.49246],[8.9916,47.49269],[8.99189,47.49319],[8.99182,47.49354],[8.99169,47.49373],[8.9916,47.49392],[8.99157,47.49411],[8.9916,47.4943],[8.99181,47.49499],[8.99182,47.49504],[8.99183,47.49507],[8.99188,47.49517],[8.99194,47.49528],[8.99202,47.49547],[8.99206,47.49564],[8.99215,47.49579],[8.99227,47.49593],[8.99242,47.49605],[8.9926,47.49615],[8.99276,47.49622],[8.9931,47.49649],[8.99324,47.49671],[8.99325,47.49673],[8.9933,47.4968],[8.99342,47.49694],[8.99365,47.49717],[8.99384,47.49731],[8.99407,47.49743],[8.99461,47.49756],[8.99487,47.49756],[8.99512,47.49758],[8.99536,47.49763],[8.99578,47.49781],[8.99606,47.49809],[8.99617,47.49842],[8.99616,47.49863],[8.99606,47.49906],[8.99603,47.49916],[8.99596,47.49938],[8.99589,47.49956],[8.99576,47.49977],[8.99523,47.50014],[8.99448,47.50036],[8.99411,47.50063],[8.99386,47.50113],[8.99356,47.50143],[8.99263,47.50206],[8.99209,47.5022],[8.99115,47.50227],[8.99059,47.50248],[8.98972,47.50259],[8.98925,47.50273],[8.98905,47.50284],[8.9885,47.50323],[8.98782,47.50371],[8.98763,47.50388],[8.98723,47.50436],[8.98709,47.50452],[8.98693,47.50481],[8.98693,47.50568],[8.98671,47.50598],[8.98634,47.5062],[8.98576,47.50635],[8.98534,47.50657],[8.98508,47.50689],[8.98491,47.50753],[8.98407,47.50837],[8.98365,47.50857],[8.98289,47.50863],[8.982,47.50852],[8.9813,47.50871],[8.98072,47.50909],[8.98027,47.50922],[8.97978,47.50922],[8.97917,47.5091],[8.97863,47.5091],[8.97815,47.50924],[8.97778,47.5095],[8.97748,47.51013],[8.9774,47.51053],[8.97704,47.51097],[8.97662,47.51116],[8.97605,47.51129],[8.97566,47.51151],[8.97536,47.51198],[8.97518,47.51281],[8.97477,47.51322],[8.97434,47.51338],[8.97355,47.5134],[8.97177,47.51311],[8.97087,47.5131],[8.97036,47.51298],[8.96992,47.51278],[8.96943,47.51269],[8.96856,47.51275],[8.96691,47.513],[8.96425,47.51376],[8.96381,47.51385],[8.96266,47.51398],[8.9625,47.51399],[8.9624,47.514],[8.96208,47.514],[8.96184,47.51396],[8.96139,47.5138],[8.96086,47.51327],[8.9605,47.51303],[8.96004,47.5129],[8.95905,47.51282],[8.95859,47.51266],[8.95768,47.51202],[8.95714,47.51183],[8.95667,47.51142],[8.9565,47.51104],[8.95619,47.51076],[8.95551,47.51048],[8.95508,47.51016],[8.9546,47.50997],[8.95355,47.50978],[8.9524,47.50979],[8.95191,47.50996],[8.95121,47.51034],[8.95071,47.51053],[8.94982,47.51074],[8.94829,47.5115],[8.94778,47.51167],[8.94703,47.51165],[8.94625,47.51139],[8.94577,47.51134],[8.9453,47.51141],[8.9445,47.51165],[8.94394,47.51172],[8.94345,47.51165],[8.94289,47.51146],[8.94237,47.51142],[8.94186,47.51153],[8.94031,47.5121],[8.9389,47.5125],[8.93812,47.51249],[8.93748,47.51217],[8.93731,47.51198],[8.9372,47.51183],[8.93702,47.51161],[8.93684,47.51139],[8.93682,47.51137],[8.9367,47.51124],[8.93667,47.51122],[8.93655,47.51109],[8.93653,47.51107],[8.9364,47.51095],[8.93637,47.51092],[8.93623,47.5108],[8.93621,47.51078],[8.93606,47.51066],[8.93603,47.51064],[8.93589,47.51052],[8.93586,47.5105],[8.93564,47.51034],[8.93559,47.51031],[8.9353,47.51012],[8.93507,47.50998],[8.93489,47.50988],[8.93486,47.50986],[8.93469,47.50977],[8.93465,47.50975],[8.93447,47.50966],[8.93443,47.50964],[8.93425,47.50956],[8.93422,47.50954],[8.93403,47.50946],[8.93398,47.50944],[8.93324,47.50915],[8.9329,47.50902],[8.93282,47.50899],[8.93254,47.50887],[8.93247,47.50884],[8.9324,47.5088],[8.93215,47.50867],[8.93199,47.50854],[8.93176,47.50806],[8.93184,47.50772],[8.9321,47.50743],[8.93233,47.50729],[8.93297,47.50696],[8.93367,47.50658],[8.93483,47.5059],[8.93555,47.50535],[8.93617,47.50495],[8.93669,47.50457],[8.93759,47.50387],[8.93768,47.50379],[8.93806,47.50342],[8.93812,47.50337],[8.93857,47.50297],[8.93858,47.50296],[8.93892,47.50265],[8.939,47.50257],[8.9393,47.50223],[8.93932,47.50222],[8.93941,47.50211],[8.93958,47.50194],[8.93984,47.50173],[8.94015,47.50132],[8.94049,47.50099],[8.94086,47.50067],[8.94091,47.50062],[8.94101,47.50053],[8.94106,47.50047],[8.94153,47.49993],[8.94154,47.49991],[8.94194,47.49943],[8.94204,47.49928],[8.94209,47.49912],[8.9421,47.49895],[8.94199,47.49863],[8.94172,47.49836],[8.94126,47.49808],[8.94093,47.49751],[8.94066,47.49722],[8.94002,47.49696],[8.93937,47.49684],[8.93808,47.49662],[8.93755,47.49665],[8.93689,47.49695],[8.93634,47.49743],[8.93564,47.4976],[8.93488,47.49755],[8.93451,47.49755],[8.93423,47.49753],[8.93328,47.49741],[8.93222,47.49731],[8.932,47.49727],[8.93184,47.49723],[8.93173,47.4972],[8.93138,47.4971],[8.93072,47.49693],[8.92945,47.49666],[8.92911,47.49656],[8.92881,47.49641],[8.92826,47.49606],[8.92804,47.49588],[8.92791,47.49573],[8.92783,47.49515],[8.92837,47.49336],[8.9284,47.49319],[8.9283,47.49284],[8.92818,47.49269],[8.92718,47.49165],[8.92679,47.49138],[8.92627,47.49125],[8.92575,47.49121],[8.92501,47.49097],[8.92446,47.49091],[8.92372,47.49101],[8.923,47.49086],[8.92264,47.49062],[8.92251,47.49047],[8.92241,47.49027],[8.92236,47.49012],[8.92236,47.49009],[8.92218,47.48952],[8.92214,47.48929],[8.92217,47.48911],[8.92239,47.48877],[8.92278,47.48852],[8.92309,47.48842]]]},"properties":{"bfs_nr":4781,"name":"W\u00e4ngi"}},{"type":"Feature","geometry":{"type":"Polygon","coordinates":[[[9.0209,47.44429],[9.0208,47.44412],[9.02071,47.44392],[9.02071,47.44359],[9.02089,47.44328],[9.02118,47.44304],[9.02213,47.44238],[9.02242,47.44208],[9.02265,47.44144],[9.02333,47.44071],[9.02389,47.44035],[9.02519,47.43916],[9.02553,47.43845],[9.02621,47.43768],[9.0266,47.43744],[9.02766,47.43719],[9.02814,47.43717],[9.03022,47.4376],[9.03099,47.43763],[9.03153,47.43774],[9.03232,47.43819],[9.03288,47.43892],[9.03328,47.43918],[9.0338,47.4393],[9.03581,47.43917],[9.03669,47.43949],[9.03736,47.43965],[9.03777,47.43982],[9.03806,47.44009],[9.03819,47.44041],[9.03817,47.44115],[9.03804,47.44172],[9.03811,47.44203],[9.03849,47.44257],[9.03855,47.44291],[9.03842,47.44324],[9.03769,47.44392],[9.03762,47.44428],[9.03776,47.44463],[9.03819,47.44512],[9.03825,47.44546],[9.03799,47.44593],[9.03728,47.44629],[9.03694,47.44655],[9.03683,47.4467],[9.03677,47.44687],[9.03676,47.44705],[9.0368,47.44722],[9.03689,47.44739],[9.03833,47.44946],[9.03847,47.44962],[9.03865,47.44975],[9.03887,47.44986],[9.03912,47.44993],[9.03949,47.44999],[9.03977,47.45007],[9.04017,47.45028],[9.04035,47.45046],[9.04046,47.4506],[9.04073,47.45103],[9.0409,47.4514],[9.04131,47.45197],[9.04151,47.45282],[9.0417,47.45328],[9.04164,47.45363],[9.04139,47.45393],[9.04099,47.45415],[9.039,47.45459],[9.03844,47.4547],[9.03649,47.45522],[9.03559,47.45524],[9.03507,47.45537],[9.0341,47.45594],[9.0334,47.45616],[9.02797,47.45746],[9.02715,47.45749],[9.02669,47.45735],[9.02624,47.45694],[9.02615,47.45673],[9.02612,47.45659],[9.0261,47.45636],[9.02614,47.45618],[9.0264,47.45556],[9.02631,47.45522],[9.02604,47.45494],[9.02502,47.45427],[9.0248,47.45397],[9.02474,47.45344],[9.02456,47.45285],[9.02458,47.45191],[9.02477,47.45157],[9.02516,47.45129],[9.02541,47.45097],[9.02545,47.45062],[9.02509,47.44977],[9.02524,47.44925],[9.02557,47.44897],[9.02672,47.44844],[9.02711,47.44796],[9.0271,47.4476],[9.02688,47.44727],[9.02632,47.44676],[9.02624,47.44643],[9.02628,47.44606],[9.02602,47.44559],[9.02566,47.44536],[9.02519,47.44524],[9.0247,47.44524],[9.02373,47.44554],[9.02312,47.44562],[9.02258,47.44554],[9.02215,47.44531],[9.02178,47.44495],[9.02124,47.44464],[9.02106,47.4445],[9.0209,47.44429]]]},"properties":{"bfs_nr":4786,"name":"Wilen (TG)"}},{"type":"Feature","geometry":{"type":"Polygon","coordinates":[[[9.08305,47.49593],[9.0826,47.49564],[9.0824,47.4953],[9.08242,47.49446],[9.08263,47.49414],[9.08331,47.49371],[9.08357,47.49338],[9.0837,47.49279],[9.0843,47.49217],[9.08443,47.49184],[9.08438,47.4914],[9.08446,47.49107],[9.08488,47.49036],[9.08479,47.48974],[9.08483,47.48919],[9.08528,47.48873],[9.08609,47.48836],[9.08639,47.48809],[9.08663,47.48772],[9.08733,47.48697],[9.0877,47.48651],[9.08813,47.4862],[9.08836,47.48575],[9.0885,47.48453],[9.08873,47.4842],[9.08928,47.48363],[9.08986,47.48324],[9.09035,47.48312],[9.09088,47.48314],[9.09183,47.4834],[9.09246,47.48337],[9.09363,47.48347],[9.09488,47.4838],[9.09659,47.48387],[9.09705,47.48396],[9.09759,47.48428],[9.09784,47.48465],[9.09828,47.48503],[9.09874,47.48523],[9.09956,47.48525],[9.10008,47.48515],[9.10131,47.48503],[9.10278,47.48476],[9.10387,47.48444],[9.10443,47.48446],[9.10487,47.48455],[9.10611,47.48459],[9.10661,47.48455],[9.10734,47.48432],[9.10776,47.48428],[9.10872,47.48432],[9.10939,47.48429],[9.11056,47.48437],[9.11133,47.48416],[9.11214,47.48411],[9.11264,47.48397],[9.11301,47.48369],[9.11325,47.48338],[9.11399,47.48299],[9.11433,47.48269],[9.11446,47.48243],[9.1152,47.48145],[9.11574,47.48092],[9.116,47.48029],[9.11633,47.47998],[9.11702,47.47975],[9.11799,47.47971],[9.11904,47.47978],[9.11998,47.47995],[9.12111,47.48023],[9.1217,47.48054],[9.12275,47.48072],[9.12397,47.48126],[9.12436,47.48156],[9.12452,47.4819],[9.12445,47.48231],[9.12418,47.4828],[9.12427,47.48335],[9.1246,47.48364],[9.12521,47.48393],[9.12566,47.48404],[9.12635,47.48405],[9.12716,47.48422],[9.12815,47.48435],[9.12895,47.48455],[9.12967,47.48463],[9.13029,47.48483],[9.13091,47.48492],[9.1318,47.48527],[9.13237,47.48529],[9.13309,47.48515],[9.13381,47.48517],[9.13567,47.48542],[9.13618,47.48559],[9.13684,47.48567],[9.13732,47.48562],[9.1379,47.48543],[9.1391,47.48536],[9.13956,47.48522],[9.13998,47.48495],[9.14042,47.48478],[9.14093,47.48473],[9.14219,47.48478],[9.14268,47.48495],[9.14328,47.48536],[9.14398,47.48554],[9.14575,47.48616],[9.14643,47.48655],[9.14694,47.48668],[9.14788,47.48681],[9.14847,47.48704],[9.14967,47.48728],[9.15106,47.48743],[9.15219,47.48739],[9.15283,47.48754],[9.1539,47.48746],[9.15516,47.48761],[9.15567,47.4878],[9.15606,47.48806],[9.15649,47.48847],[9.15723,47.48876],[9.1579,47.48912],[9.15815,47.4894],[9.15823,47.49019],[9.15862,47.49088],[9.15877,47.4915],[9.15909,47.49185],[9.15949,47.49246],[9.15989,47.49276],[9.1604,47.49335],[9.16053,47.494],[9.16166,47.49566],[9.16221,47.49609],[9.16254,47.49647],[9.16265,47.49679],[9.16259,47.49712],[9.16232,47.49745],[9.1618,47.49789],[9.16091,47.49844],[9.16062,47.49873],[9.16053,47.49933],[9.16078,47.49984],[9.16115,47.50008],[9.16185,47.50037],[9.16213,47.50063],[9.16258,47.50125],[9.16312,47.5016],[9.16385,47.5019],[9.16438,47.50234],[9.1646,47.50272],[9.16467,47.50306],[9.16454,47.50339],[9.16424,47.50366],[9.16381,47.50384],[9.16331,47.5039],[9.16178,47.50369],[9.16079,47.50371],[9.15932,47.50338],[9.15809,47.50322],[9.15665,47.50257],[9.15605,47.50239],[9.15535,47.50232],[9.15427,47.50213],[9.15372,47.50209],[9.15323,47.50201],[9.15238,47.50191],[9.1516,47.50167],[9.15149,47.50163],[9.15145,47.5016],[9.15121,47.50149],[9.15095,47.50142],[9.15081,47.50139],[9.15036,47.50118],[9.15007,47.50087],[9.14988,47.50041],[9.14986,47.5002],[9.14983,47.50005],[9.14976,47.49991],[9.14969,47.49981],[9.14962,47.4997],[9.14952,47.49957],[9.14937,47.49943],[9.14912,47.49912],[9.14911,47.49909],[9.14899,47.4989],[9.14882,47.49874],[9.14837,47.49846],[9.14806,47.49817],[9.14777,47.49802],[9.14747,47.4979],[9.14727,47.49777],[9.14702,47.49746],[9.14686,47.49705],[9.14675,47.49691],[9.1466,47.49678],[9.14642,47.49667],[9.14632,47.49663],[9.14614,47.4965],[9.14598,47.49631],[9.14587,47.49612],[9.14585,47.49608],[9.14575,47.49592],[9.14544,47.49565],[9.14475,47.49544],[9.14449,47.49544],[9.14424,47.49546],[9.14383,47.49555],[9.14312,47.4955],[9.14289,47.49542],[9.14284,47.4954],[9.14276,47.49536],[9.14255,47.49528],[9.14219,47.49505],[9.14203,47.49486],[9.14199,47.49481],[9.14147,47.49447],[9.14124,47.49441],[9.141,47.49437],[9.14045,47.49438],[9.14025,47.49436],[9.13995,47.49436],[9.13965,47.4944],[9.13957,47.49443],[9.13922,47.49452],[9.13872,47.49455],[9.13847,47.49451],[9.1383,47.49446],[9.13803,47.4944],[9.13776,47.49439],[9.13722,47.49447],[9.13699,47.49456],[9.13678,47.49469],[9.13634,47.49502],[9.13609,47.49518],[9.13558,47.49535],[9.13537,47.49545],[9.13506,47.49572],[9.13496,47.49588],[9.1349,47.49601],[9.13477,47.49624],[9.1347,47.49641],[9.13454,47.49662],[9.13452,47.49664],[9.13437,47.49686],[9.13428,47.49704],[9.13417,47.4974],[9.13413,47.49755],[9.13412,47.4977],[9.13413,47.49779],[9.13412,47.49808],[9.13417,47.49827],[9.13428,47.49844],[9.13444,47.49859],[9.13468,47.49877],[9.13492,47.49909],[9.13498,47.49928],[9.135,47.49941],[9.13508,47.49959],[9.13513,47.49966],[9.13515,47.49974],[9.13522,47.4999],[9.13534,47.50006],[9.13538,47.5001],[9.13548,47.50028],[9.13543,47.50084],[9.13528,47.50103],[9.13515,47.50114],[9.13501,47.50123],[9.13497,47.50126],[9.1348,47.50138],[9.13466,47.50152],[9.13442,47.50168],[9.13439,47.50169],[9.13419,47.50184],[9.1341,47.50194],[9.13387,47.50213],[9.13364,47.50228],[9.13358,47.5023],[9.13353,47.50233],[9.13337,47.5024],[9.13332,47.50241],[9.13307,47.50254],[9.13287,47.5027],[9.13277,47.5028],[9.13258,47.50293],[9.13235,47.50303],[9.13215,47.50308],[9.13194,47.50317],[9.13176,47.50328],[9.13133,47.50364],[9.13107,47.50379],[9.13082,47.50389],[9.13057,47.50396],[9.13034,47.50407],[9.1303,47.50409],[9.13012,47.50422],[9.12992,47.50443],[9.12963,47.50492],[9.12958,47.50507],[9.12957,47.50524],[9.12959,47.50548],[9.12958,47.50576],[9.12959,47.5059],[9.12959,47.50602],[9.12957,47.50622],[9.12949,47.50645],[9.12945,47.50657],[9.12944,47.50668],[9.12937,47.50683],[9.12922,47.50704],[9.1292,47.50705],[9.12912,47.5072],[9.1291,47.50725],[9.12896,47.50741],[9.12838,47.50777],[9.12789,47.50789],[9.12762,47.5079],[9.12735,47.50787],[9.12713,47.50782],[9.12687,47.50781],[9.12679,47.50781],[9.12655,47.50779],[9.12612,47.50765],[9.12517,47.507],[9.12499,47.50671],[9.12491,47.50629],[9.12487,47.50612],[9.12449,47.50571],[9.12409,47.50553],[9.12186,47.50493],[9.12161,47.50488],[9.12136,47.50487],[9.12127,47.50487],[9.12089,47.50481],[9.11974,47.50453],[9.11951,47.50449],[9.11927,47.50448],[9.11869,47.50451],[9.11822,47.50443],[9.11796,47.50432],[9.11743,47.50406],[9.11735,47.50401],[9.11726,47.50395],[9.11705,47.50385],[9.1167,47.5037],[9.11645,47.50358],[9.11641,47.50355],[9.11622,47.50343],[9.11575,47.50328],[9.11523,47.50327],[9.11474,47.50339],[9.11453,47.5035],[9.11447,47.50354],[9.11438,47.5036],[9.11433,47.50363],[9.11428,47.50368],[9.11416,47.50375],[9.11399,47.50389],[9.11386,47.50405],[9.11378,47.50423],[9.11386,47.50477],[9.114,47.50493],[9.11418,47.50507],[9.11494,47.50556],[9.11526,47.50601],[9.11542,47.50615],[9.11563,47.50627],[9.11564,47.50628],[9.11582,47.50636],[9.11586,47.50638],[9.11625,47.50655],[9.11684,47.50691],[9.11737,47.5073],[9.11756,47.50742],[9.11779,47.50754],[9.11797,47.50768],[9.11822,47.5082],[9.11818,47.50842],[9.11817,47.50844],[9.11816,47.50849],[9.11814,47.50859],[9.1181,47.50891],[9.11808,47.50907],[9.11801,47.50923],[9.1179,47.50939],[9.11783,47.50945],[9.11771,47.50957],[9.11764,47.50967],[9.1175,47.50989],[9.11736,47.51002],[9.11723,47.51011],[9.11708,47.51023],[9.11682,47.51059],[9.11668,47.51085],[9.11657,47.51103],[9.11593,47.51145],[9.11551,47.51154],[9.11526,47.51162],[9.11505,47.51172],[9.11501,47.51175],[9.1148,47.51185],[9.11458,47.51193],[9.11447,47.51196],[9.11417,47.51203],[9.11392,47.51205],[9.1134,47.51201],[9.11315,47.51201],[9.11291,47.51204],[9.11238,47.51217],[9.11187,47.51217],[9.11162,47.51219],[9.11127,47.51225],[9.11098,47.51232],[9.1109,47.51235],[9.11057,47.51247],[9.11034,47.51252],[9.1096,47.51249],[9.10917,47.51232],[9.10899,47.51219],[9.10884,47.51206],[9.10863,47.51194],[9.1085,47.51188],[9.10833,47.51177],[9.10828,47.51171],[9.10809,47.51156],[9.10799,47.5115],[9.10783,47.51135],[9.1077,47.51119],[9.10752,47.51105],[9.10741,47.51099],[9.10729,47.51093],[9.1073,47.51092],[9.10727,47.51091],[9.10703,47.51077],[9.10688,47.51063],[9.1067,47.51035],[9.10657,47.5102],[9.10598,47.50988],[9.10548,47.50981],[9.10523,47.50983],[9.10489,47.50988],[9.10411,47.50981],[9.10368,47.50965],[9.10351,47.50953],[9.10336,47.50938],[9.10317,47.50923],[9.10293,47.50911],[9.10284,47.50906],[9.10265,47.50896],[9.10214,47.50873],[9.10189,47.50857],[9.10168,47.50836],[9.10158,47.50826],[9.10157,47.50825],[9.10153,47.50821],[9.10129,47.50803],[9.10121,47.50798],[9.1011,47.50791],[9.10094,47.50779],[9.10084,47.50773],[9.10085,47.50773],[9.10081,47.50771],[9.1006,47.50755],[9.10047,47.50741],[9.10036,47.50721],[9.10024,47.50704],[9.09986,47.50678],[9.09909,47.50663],[9.09882,47.50665],[9.09856,47.50671],[9.09783,47.50694],[9.09733,47.50693],[9.09668,47.5067],[9.09637,47.50639],[9.09625,47.50602],[9.09627,47.5058],[9.09635,47.50557],[9.0965,47.50529],[9.09656,47.50512],[9.09657,47.50494],[9.09653,47.50476],[9.09643,47.5046],[9.09554,47.50366],[9.09508,47.50307],[9.09457,47.5028],[9.09359,47.5025],[9.09323,47.50223],[9.09302,47.50183],[9.09277,47.50156],[9.09189,47.50124],[9.09141,47.50099],[9.09047,47.50067],[9.08984,47.50025],[9.08919,47.5],[9.08897,47.49997],[9.08848,47.49993],[9.0877,47.49974],[9.08742,47.49965],[9.08685,47.49936],[9.08648,47.49908],[9.08621,47.49868],[9.08614,47.49859],[9.08607,47.49852],[9.08598,47.49843],[9.08584,47.49832],[9.08547,47.49807],[9.08541,47.49802],[9.08519,47.49786],[9.08508,47.49777],[9.08505,47.49775],[9.08487,47.49754],[9.08466,47.49714],[9.08451,47.49694],[9.08446,47.49689],[9.08432,47.49678],[9.08397,47.49654],[9.08376,47.49636],[9.08357,47.49622],[9.08327,47.49604],[9.08305,47.49593]]]},"properties":{"bfs_nr":4791,"name":"Wuppenau"}},{"type":"Feature","geometry":{"type":"Polygon","coordinates":[[[9.00445,47.67035],[9.00479,47.66948],[9.00489,47.66903],[9.00491,47.66896],[9.00496,47.66876],[9.00504,47.66852],[9.00513,47.66822],[9.00515,47.66815],[9.00539,47.66776],[9.00579,47.66751],[9.00631,47.66739],[9.00658,47.66739],[9.00739,47.66753],[9.00775,47.66754],[9.00808,47.66754],[9.0083,47.66754],[9.00855,47.66756],[9.00898,47.66762],[9.00908,47.66763],[9.00976,47.66767],[9.01093,47.66775],[9.01118,47.66776],[9.01154,47.66773],[9.01215,47.6677],[9.01266,47.66759],[9.01307,47.66736],[9.01344,47.66686],[9.01392,47.66652],[9.01421,47.6663],[9.01455,47.666],[9.01475,47.66589],[9.01502,47.66578],[9.01534,47.66569],[9.01543,47.66566],[9.01567,47.6656],[9.01594,47.66555],[9.01637,47.66536],[9.01677,47.66501],[9.01719,47.66479],[9.01779,47.66463],[9.01816,47.66441],[9.01851,47.66385],[9.0188,47.66357],[9.01922,47.66339],[9.02002,47.66329],[9.02024,47.66326],[9.02044,47.66321],[9.02099,47.66304],[9.02145,47.66287],[9.0222,47.66269],[9.02241,47.66262],[9.0226,47.66254],[9.02345,47.66208],[9.02358,47.66201],[9.02424,47.66179],[9.02484,47.66155],[9.02507,47.66144],[9.02526,47.66129],[9.02567,47.66077],[9.02608,47.66055],[9.02663,47.66037],[9.02716,47.66011],[9.02763,47.65992],[9.02783,47.65983],[9.028,47.6597],[9.02814,47.65957],[9.02832,47.65933],[9.02841,47.65919],[9.02846,47.65903],[9.0285,47.65884],[9.0285,47.65883],[9.02861,47.65824],[9.02866,47.65798],[9.02886,47.65751],[9.02909,47.65721],[9.02956,47.65677],[9.02996,47.65661],[9.03134,47.65641],[9.03188,47.65625],[9.03252,47.65591],[9.03346,47.65579],[9.03423,47.65561],[9.03503,47.65557],[9.03964,47.65522],[9.04011,47.65536],[9.04047,47.65562],[9.041,47.65639],[9.04129,47.6567],[9.04164,47.65728],[9.04163,47.65781],[9.0411,47.65848],[9.0409,47.65976],[9.04068,47.66032],[9.04053,47.66164],[9.0406,47.66223],[9.04059,47.66288],[9.04041,47.66334],[9.04046,47.66367],[9.04093,47.66428],[9.04157,47.66472],[9.04176,47.66504],[9.04176,47.66538],[9.04156,47.6657],[9.04105,47.66611],[9.04072,47.66648],[9.04047,47.66665],[9.04003,47.66686],[9.03987,47.66699],[9.03966,47.66729],[9.03936,47.66811],[9.03926,47.66876],[9.03883,47.66922],[9.038,47.6695],[9.03755,47.66978],[9.03719,47.67011],[9.03698,47.67042],[9.03696,47.67077],[9.03729,47.67124],[9.0377,47.67145],[9.03795,47.6715],[9.0382,47.67153],[9.03854,47.67155],[9.03872,47.67155],[9.03935,47.67153],[9.03959,47.67151],[9.03982,47.67146],[9.04004,47.67138],[9.04023,47.67128],[9.0405,47.67101],[9.04088,47.67045],[9.04128,47.67025],[9.04176,47.67016],[9.04226,47.6702],[9.04283,47.67035],[9.04323,47.67056],[9.04348,47.67085],[9.04355,47.67138],[9.0437,47.67189],[9.04372,47.67213],[9.04368,47.67231],[9.04343,47.67265],[9.043,47.67288],[9.0418,47.6731],[9.04126,47.67327],[9.04032,47.67368],[9.03912,47.6745],[9.03879,47.67463],[9.03743,47.67488],[9.03693,47.67485],[9.03649,47.67469],[9.03604,47.67436],[9.03521,47.67398],[9.0346,47.6738],[9.0313,47.67346],[9.03018,47.67329],[9.02859,47.67286],[9.02723,47.67274],[9.02614,47.67273],[9.02519,47.67285],[9.02447,47.67308],[9.02324,47.67356],[9.02261,47.67386],[9.02231,47.67418],[9.02215,47.67451],[9.02178,47.67483],[9.02109,47.67513],[9.02076,47.67519],[9.01978,47.67525],[9.01828,47.67508],[9.01765,47.67505],[9.01705,47.67511],[9.01645,47.675],[9.016,47.67484],[9.01568,47.67461],[9.01522,47.67383],[9.01483,47.67338],[9.01401,47.67281],[9.01334,47.67255],[9.01231,47.67238],[9.01124,47.67243],[9.01077,47.6724],[9.01003,47.67219],[9.00939,47.67209],[9.00742,47.67195],[9.00608,47.6717],[9.00492,47.67135],[9.00457,47.67108],[9.0044,47.67074],[9.00445,47.67035]]]},"properties":{"bfs_nr":4801,"name":"Berlingen"}},{"type":"Feature","geometry":{"type":"MultiPolygon","coordinates":[[[[8.83903,47.63401],[8.83986,47.6321],[8.84008,47.63148],[8.84041,47.63087],[8.84079,47.63004],[8.84111,47.62978],[8.84156,47.62962],[8.84206,47.62958],[8.84324,47.6298],[8.84373,47.62973],[8.84432,47.6294],[8.84452,47.62909],[8.84454,47.62841],[8.84472,47.62804],[8.84507,47.62772],[8.84534,47.6276],[8.84576,47.62745],[8.84657,47.62729],[8.84716,47.62699],[8.84787,47.62688],[8.84818,47.62691],[8.84837,47.62694],[8.8484,47.62694],[8.84849,47.62696],[8.84871,47.62698],[8.85005,47.62702],[8.8506,47.62696],[8.85125,47.62662],[8.85171,47.62645],[8.85229,47.62642],[8.85432,47.62655],[8.8547,47.62653],[8.85688,47.62624],[8.8582,47.62611],[8.85829,47.6261],[8.85965,47.6259],[8.85989,47.62585],[8.86011,47.62577],[8.86031,47.62566],[8.86047,47.62553],[8.86059,47.62538],[8.86067,47.62521],[8.8607,47.62504],[8.86065,47.62475],[8.86065,47.62457],[8.86072,47.62436],[8.86088,47.62407],[8.86117,47.62381],[8.86139,47.6237],[8.8617,47.62361],[8.8647,47.62294],[8.86493,47.62288],[8.86513,47.62278],[8.8653,47.62267],[8.86622,47.62199],[8.86701,47.62159],[8.86718,47.62149],[8.86766,47.62116],[8.8679,47.62102],[8.86898,47.62046],[8.869,47.62046],[8.8693,47.62031],[8.86958,47.6202],[8.86988,47.62012],[8.87278,47.61963],[8.87435,47.61944],[8.87578,47.61925],[8.8772,47.61904],[8.87723,47.61903],[8.87868,47.61879],[8.87871,47.61879],[8.88053,47.61845],[8.88082,47.61837],[8.88129,47.6182],[8.88137,47.61817],[8.88227,47.61777],[8.88263,47.61757],[8.88301,47.61733],[8.8838,47.61713],[8.88435,47.61709],[8.88482,47.61718],[8.88521,47.61738],[8.88568,47.61784],[8.88661,47.61854],[8.88684,47.61862],[8.88725,47.61874],[8.88744,47.61882],[8.88757,47.61886],[8.88765,47.61889],[8.88781,47.61892],[8.88914,47.61921],[8.89002,47.61951],[8.89011,47.61953],[8.89028,47.61958],[8.89043,47.61961],[8.89179,47.61986],[8.89233,47.61992],[8.89335,47.62017],[8.89387,47.6204],[8.89427,47.62067],[8.89455,47.62096],[8.89465,47.62109],[8.8948,47.62126],[8.89501,47.6214],[8.89526,47.62151],[8.8958,47.62168],[8.89586,47.6217],[8.89631,47.62183],[8.89688,47.62209],[8.89716,47.62239],[8.89724,47.62274],[8.89704,47.62332],[8.8967,47.6237],[8.8966,47.62402],[8.89656,47.62468],[8.89623,47.62544],[8.89631,47.62595],[8.89644,47.62611],[8.89661,47.62624],[8.89681,47.62635],[8.89731,47.62657],[8.8976,47.62673],[8.89801,47.62699],[8.89812,47.62707],[8.89829,47.62722],[8.89867,47.62761],[8.89883,47.62791],[8.89874,47.62839],[8.89784,47.62936],[8.8974,47.62966],[8.89669,47.62989],[8.89647,47.63001],[8.89629,47.63016],[8.89616,47.63033],[8.896,47.63085],[8.89582,47.63185],[8.89541,47.63243],[8.89541,47.63299],[8.89589,47.63354],[8.89606,47.63389],[8.89618,47.63408],[8.89641,47.63438],[8.89651,47.63474],[8.89639,47.63509],[8.89559,47.63588],[8.8951,47.63628],[8.89499,47.63665],[8.89505,47.6374],[8.89528,47.63796],[8.89539,47.63811],[8.89545,47.6382],[8.89554,47.63835],[8.89557,47.63843],[8.89561,47.63854],[8.89567,47.63884],[8.89562,47.63916],[8.89561,47.63929],[8.89557,47.63949],[8.89538,47.63986],[8.89495,47.64121],[8.89501,47.64156],[8.89519,47.64191],[8.8952,47.64224],[8.89489,47.64339],[8.89469,47.64374],[8.89435,47.64397],[8.89366,47.64414],[8.89259,47.64406],[8.89214,47.6441],[8.89165,47.64424],[8.89122,47.64446],[8.89055,47.64514],[8.88973,47.64564],[8.88925,47.6461],[8.88827,47.64672],[8.8878,47.64711],[8.88716,47.64746],[8.8865,47.64773],[8.8858,47.64822],[8.88514,47.64895],[8.8848,47.64957],[8.88418,47.65023],[8.88389,47.65042],[8.88361,47.6508],[8.88336,47.65173],[8.88306,47.65218],[8.88273,47.65244],[8.88154,47.65284],[8.88025,47.65313],[8.87954,47.65336],[8.87858,47.65352],[8.87786,47.6536],[8.87673,47.65382],[8.87625,47.65377],[8.87582,47.65361],[8.8754,47.65323],[8.87382,47.65212],[8.87331,47.65195],[8.8719,47.65192],[8.87124,47.65176],[8.87073,47.65173],[8.87022,47.65182],[8.86955,47.65224],[8.86929,47.65271],[8.86913,47.65331],[8.86879,47.65359],[8.86806,47.65379],[8.86733,47.65373],[8.86672,47.65358],[8.86616,47.65357],[8.86559,47.65368],[8.86329,47.65463],[8.86278,47.6547],[8.86227,47.65464],[8.86147,47.6544],[8.86101,47.65417],[8.86068,47.65384],[8.86055,47.65354],[8.85983,47.65281],[8.85968,47.65225],[8.85952,47.65193],[8.85845,47.65068],[8.85793,47.65033],[8.85721,47.65023],[8.85696,47.65026],[8.85268,47.65101],[8.85212,47.65104],[8.85164,47.65093],[8.85126,47.65072],[8.85074,47.65016],[8.8501,47.64978],[8.84982,47.64953],[8.84961,47.64917],[8.84885,47.64857],[8.84845,47.64816],[8.84827,47.64748],[8.84806,47.64701],[8.84813,47.64667],[8.84841,47.64634],[8.84884,47.64601],[8.84888,47.64597],[8.84893,47.64593],[8.84907,47.64578],[8.84916,47.64561],[8.8492,47.64544],[8.8492,47.64513],[8.84938,47.64466],[8.84995,47.64386],[8.85051,47.64284],[8.85063,47.64217],[8.85062,47.64163],[8.8508,47.64113],[8.85083,47.64035],[8.85093,47.63963],[8.85074,47.63867],[8.85094,47.63806],[8.85099,47.63787],[8.85104,47.63775],[8.85107,47.63763],[8.85109,47.63757],[8.8511,47.6375],[8.85111,47.63736],[8.85103,47.63705],[8.85087,47.63684],[8.85052,47.63658],[8.85009,47.63641],[8.84982,47.63632],[8.84907,47.63626],[8.84823,47.63641],[8.84774,47.63643],[8.84532,47.63683],[8.84502,47.63686],[8.84453,47.63681],[8.84431,47.63674],[8.84405,47.63663],[8.84353,47.63633],[8.84323,47.6362],[8.84186,47.63579],[8.84184,47.63578],[8.83979,47.63514],[8.8395,47.63503],[8.83914,47.63476],[8.83897,47.63442],[8.83903,47.63401]]],[[[8.86754,47.65521],[8.86725,47.65558],[8.8668,47.65576],[8.86605,47.65591],[8.86548,47.6559],[8.86549,47.6556],[8.8657,47.65523],[8.86646,47.65491],[8.86727,47.65481],[8.86762,47.655],[8.86754,47.65521]]]]},"properties":{"bfs_nr":4806,"name":"Eschenz"}},{"type":"Feature","geometry":{"type":"Polygon","coordinates":[[[8.8859,47.60536],[8.88534,47.60517],[8.88501,47.60492],[8.8849,47.60476],[8.88483,47.60456],[8.88464,47.60368],[8.88462,47.60351],[8.88465,47.60333],[8.88555,47.5998],[8.88592,47.59928],[8.88636,47.59907],[8.88719,47.59889],[8.88835,47.59873],[8.88913,47.59867],[8.88966,47.59847],[8.89014,47.59839],[8.89083,47.59842],[8.89153,47.59854],[8.89179,47.59855],[8.89204,47.59855],[8.89237,47.59857],[8.89262,47.59858],[8.89289,47.59858],[8.89293,47.59858],[8.89318,47.59857],[8.89323,47.59857],[8.89417,47.59852],[8.89519,47.5984],[8.8967,47.59818],[8.89704,47.59803],[8.89771,47.59787],[8.89861,47.59787],[8.89988,47.59776],[8.90047,47.59756],[8.90142,47.59736],[8.90261,47.59679],[8.90441,47.59644],[8.90535,47.59638],[8.90655,47.59613],[8.90704,47.59596],[8.90751,47.59564],[8.90846,47.59539],[8.90908,47.5951],[8.90989,47.59484],[8.91039,47.59451],[8.91121,47.5942],[8.91202,47.59416],[8.9125,47.59433],[8.91289,47.59455],[8.9134,47.59468],[8.91407,47.59472],[8.91557,47.59504],[8.91805,47.59538],[8.91875,47.59536],[8.91929,47.59545],[8.9196,47.59558],[8.91962,47.59559],[8.91971,47.59563],[8.91988,47.5957],[8.92006,47.59576],[8.92012,47.59578],[8.92438,47.59702],[8.92485,47.59723],[8.92513,47.59751],[8.92521,47.59802],[8.92494,47.59861],[8.92496,47.59897],[8.92505,47.59914],[8.92518,47.59929],[8.92536,47.59943],[8.92559,47.59956],[8.92586,47.59966],[8.92652,47.59984],[8.92683,47.59994],[8.9272,47.60012],[8.92746,47.60036],[8.92754,47.6005],[8.92759,47.60063],[8.9277,47.601],[8.92771,47.60103],[8.9278,47.60133],[8.92784,47.60165],[8.9278,47.60225],[8.9278,47.60227],[8.92777,47.60256],[8.92777,47.6026],[8.92774,47.60284],[8.92774,47.60298],[8.92778,47.60351],[8.92779,47.60353],[8.92781,47.60385],[8.92781,47.60399],[8.92764,47.60577],[8.92763,47.60603],[8.92758,47.60628],[8.92719,47.60678],[8.9271,47.60695],[8.92703,47.60711],[8.92701,47.60729],[8.92705,47.60746],[8.92713,47.60762],[8.92725,47.60777],[8.9277,47.60821],[8.92771,47.60822],[8.92836,47.60884],[8.92853,47.60897],[8.92896,47.60917],[8.9292,47.60922],[8.92946,47.60923],[8.92972,47.60924],[8.93048,47.60928],[8.93057,47.60928],[8.93081,47.60928],[8.93094,47.60928],[8.93119,47.60926],[8.93127,47.60925],[8.93435,47.60893],[8.93511,47.60885],[8.93562,47.6089],[8.93618,47.6091],[8.93746,47.60946],[8.9375,47.60948],[8.93775,47.60954],[8.93782,47.60955],[8.93806,47.6096],[8.93813,47.60962],[8.93832,47.60965],[8.93841,47.60966],[8.93869,47.6097],[8.93877,47.6097],[8.93908,47.60973],[8.94025,47.60979],[8.94139,47.60991],[8.94179,47.61006],[8.94216,47.61026],[8.94243,47.61034],[8.94338,47.61054],[8.94368,47.61063],[8.94408,47.61085],[8.94432,47.61116],[8.94436,47.61151],[8.94421,47.61185],[8.94362,47.61236],[8.94358,47.61239],[8.94353,47.61244],[8.94341,47.61258],[8.94333,47.6127],[8.94304,47.61326],[8.94288,47.6135],[8.94283,47.61355],[8.94275,47.61373],[8.94273,47.61389],[8.94264,47.61416],[8.94213,47.61508],[8.9421,47.61513],[8.94198,47.61533],[8.94195,47.61537],[8.94181,47.61557],[8.94178,47.61562],[8.94176,47.61566],[8.9417,47.61577],[8.94169,47.6158],[8.94167,47.61588],[8.94166,47.61593],[8.94164,47.6161],[8.94176,47.61644],[8.94189,47.61659],[8.94206,47.61673],[8.94251,47.61691],[8.9434,47.61712],[8.94374,47.61737],[8.94392,47.61768],[8.94391,47.61802],[8.94376,47.6186],[8.94393,47.61895],[8.94452,47.61931],[8.9505,47.6212],[8.95225,47.62171],[8.95254,47.62183],[8.95297,47.62213],[8.95343,47.62231],[8.95423,47.62233],[8.9547,47.62216],[8.95497,47.62196],[8.95565,47.62172],[8.95616,47.62171],[8.95684,47.62195],[8.95716,47.62227],[8.95941,47.62577],[8.95943,47.6258],[8.95977,47.62627],[8.95981,47.62633],[8.95997,47.62651],[8.96001,47.62656],[8.96017,47.62673],[8.96032,47.62692],[8.96042,47.62727],[8.96019,47.62777],[8.95936,47.62841],[8.95811,47.62914],[8.95757,47.62936],[8.9558,47.62957],[8.95433,47.62931],[8.95373,47.62915],[8.95318,47.62912],[8.95263,47.62925],[8.95213,47.6296],[8.95187,47.62999],[8.95153,47.63023],[8.95108,47.63036],[8.95022,47.63045],[8.94905,47.63088],[8.94867,47.6311],[8.94821,47.63126],[8.94789,47.6313],[8.94687,47.63135],[8.94671,47.63136],[8.94573,47.63136],[8.94549,47.63135],[8.94497,47.6313],[8.94471,47.6313],[8.94422,47.63139],[8.94337,47.63168],[8.94269,47.63166],[8.94207,47.63153],[8.9416,47.63154],[8.94095,47.63166],[8.94009,47.63162],[8.9396,47.63174],[8.93894,47.63225],[8.93855,47.63245],[8.93794,47.63264],[8.93743,47.63309],[8.93711,47.63371],[8.93698,47.6339],[8.93665,47.63416],[8.93621,47.63432],[8.93507,47.63442],[8.93456,47.63455],[8.93298,47.63466],[8.93233,47.63482],[8.93163,47.63517],[8.93112,47.63529],[8.93052,47.63529],[8.93003,47.63536],[8.92982,47.63544],[8.92962,47.63555],[8.92945,47.63566],[8.9293,47.63577],[8.92915,47.63593],[8.92883,47.63647],[8.92867,47.63688],[8.92835,47.63717],[8.92788,47.63735],[8.92735,47.63739],[8.92684,47.63728],[8.92664,47.63719],[8.92623,47.63701],[8.9262,47.637],[8.92581,47.63683],[8.92572,47.63679],[8.92522,47.63661],[8.92504,47.63656],[8.92474,47.63648],[8.9245,47.63644],[8.9238,47.63637],[8.92378,47.63636],[8.92323,47.63631],[8.92243,47.63623],[8.92176,47.63594],[8.92146,47.63557],[8.92111,47.63532],[8.92064,47.63518],[8.91915,47.63494],[8.91898,47.63492],[8.9181,47.63486],[8.91806,47.63485],[8.91726,47.63478],[8.91696,47.63474],[8.91652,47.63458],[8.91611,47.63416],[8.91609,47.63366],[8.91651,47.633],[8.91655,47.63261],[8.91645,47.63225],[8.91629,47.63184],[8.91607,47.63103],[8.91564,47.63026],[8.91529,47.62991],[8.91486,47.6297],[8.91441,47.62958],[8.91398,47.62952],[8.91315,47.62954],[8.9126,47.62962],[8.9124,47.62965],[8.91222,47.62971],[8.91214,47.62974],[8.91201,47.6298],[8.91188,47.62986],[8.91158,47.62998],[8.91077,47.63003],[8.90963,47.62969],[8.90911,47.62971],[8.90825,47.63007],[8.90775,47.63019],[8.90687,47.63018],[8.90584,47.63027],[8.90555,47.63027],[8.90533,47.63025],[8.90461,47.63009],[8.9041,47.62987],[8.9038,47.62961],[8.90366,47.62929],[8.90371,47.62896],[8.90416,47.62816],[8.90433,47.62794],[8.90473,47.62768],[8.90499,47.6276],[8.90534,47.62754],[8.90615,47.62747],[8.90674,47.6275],[8.9072,47.62767],[8.90746,47.62783],[8.90766,47.62794],[8.90789,47.62803],[8.90814,47.62808],[8.9084,47.62809],[8.90866,47.62807],[8.90891,47.62802],[8.90914,47.62793],[8.90934,47.62782],[8.90957,47.62766],[8.90989,47.62747],[8.91016,47.6273],[8.91024,47.62724],[8.91047,47.62708],[8.91052,47.62703],[8.91087,47.62674],[8.91094,47.62667],[8.91114,47.62647],[8.91118,47.62643],[8.91134,47.62624],[8.91158,47.62592],[8.91176,47.62573],[8.9118,47.62569],[8.91196,47.62552],[8.91205,47.62541],[8.91222,47.62515],[8.91223,47.62514],[8.91237,47.62491],[8.91263,47.6246],[8.91337,47.62397],[8.91361,47.62366],[8.91361,47.62315],[8.91321,47.62272],[8.91276,47.62255],[8.91197,47.62237],[8.91151,47.62213],[8.91099,47.622],[8.9107,47.622],[8.91043,47.62204],[8.90976,47.62223],[8.90914,47.62227],[8.90844,47.62245],[8.90771,47.62243],[8.9071,47.62215],[8.90696,47.62201],[8.90685,47.62185],[8.90683,47.62183],[8.90681,47.62179],[8.90678,47.62174],[8.90674,47.62169],[8.90643,47.62131],[8.90637,47.62123],[8.90586,47.62072],[8.90581,47.62067],[8.90501,47.61997],[8.90488,47.61987],[8.90392,47.61931],[8.90298,47.61899],[8.90253,47.61874],[8.9017,47.61853],[8.9013,47.6183],[8.9011,47.6181],[8.90102,47.618],[8.90098,47.61796],[8.90084,47.61784],[8.90068,47.61774],[8.9005,47.61766],[8.90039,47.61762],[8.90033,47.6176],[8.89985,47.61745],[8.89941,47.61728],[8.89914,47.6172],[8.89885,47.61716],[8.89856,47.61717],[8.89719,47.61726],[8.89668,47.61714],[8.89641,47.617],[8.89637,47.61697],[8.89622,47.61687],[8.89583,47.61656],[8.89571,47.61648],[8.89535,47.61627],[8.89522,47.6162],[8.89497,47.6161],[8.89481,47.61606],[8.89401,47.6159],[8.8938,47.61586],[8.89351,47.61576],[8.89326,47.61564],[8.8932,47.6156],[8.89291,47.61539],[8.89287,47.61536],[8.89234,47.61496],[8.89225,47.61488],[8.89212,47.61476],[8.89196,47.61452],[8.89165,47.61387],[8.89153,47.61368],[8.89134,47.61352],[8.89092,47.61323],[8.8908,47.61312],[8.89075,47.61308],[8.89072,47.61305],[8.89066,47.61301],[8.8906,47.61297],[8.88996,47.61256],[8.88982,47.61242],[8.88966,47.61209],[8.8897,47.61175],[8.88981,47.61155],[8.89007,47.6112],[8.89011,47.61114],[8.89026,47.61096],[8.89036,47.61085],[8.89045,47.61077],[8.89048,47.61075],[8.89064,47.61063],[8.89076,47.61055],[8.89084,47.6105],[8.89094,47.61044],[8.8915,47.61016],[8.89166,47.61004],[8.89193,47.60982],[8.892,47.60976],[8.89217,47.60958],[8.89244,47.60936],[8.89286,47.60902],[8.89344,47.60841],[8.89356,47.60805],[8.89346,47.60769],[8.89334,47.60753],[8.89295,47.60728],[8.89244,47.60715],[8.89049,47.60694],[8.88975,47.60694],[8.88889,47.60708],[8.88824,47.60698],[8.88784,47.60679],[8.88745,47.60643],[8.88681,47.60591],[8.88636,47.60556],[8.8859,47.60536]]]},"properties":{"bfs_nr":4811,"name":"Herdern"}},{"type":"Feature","geometry":{"type":"Polygon","coordinates":[[[8.92901,47.63687],[8.92898,47.63631],[8.92924,47.63585],[8.92954,47.6356],[8.92981,47.63546],[8.93031,47.63532],[8.93124,47.63529],[8.93185,47.63513],[8.93241,47.63482],[8.93302,47.63468],[8.93447,47.63459],[8.93498,47.63445],[8.93621,47.63432],[8.93666,47.63416],[8.93684,47.63404],[8.93699,47.6339],[8.93709,47.63375],[8.93734,47.63326],[8.93761,47.63294],[8.93798,47.63273],[8.93885,47.63244],[8.93942,47.63201],[8.94013,47.63183],[8.94105,47.63186],[8.94176,47.63172],[8.94227,47.63174],[8.94315,47.63169],[8.94383,47.63172],[8.9443,47.63164],[8.9447,47.63146],[8.94523,47.63135],[8.94569,47.63136],[8.94673,47.63136],[8.94684,47.63135],[8.94801,47.63129],[8.94831,47.63125],[8.94859,47.63117],[8.94956,47.6308],[8.94996,47.63061],[8.95043,47.63051],[8.95136,47.63043],[8.95194,47.63009],[8.95222,47.62975],[8.95259,47.62946],[8.95303,47.62931],[8.95351,47.62928],[8.95454,47.62948],[8.95512,47.62953],[8.95581,47.62968],[8.95634,47.62968],[8.95731,47.62953],[8.95793,47.62934],[8.95867,47.6289],[8.95935,47.62859],[8.9598,47.62825],[8.96049,47.62797],[8.96123,47.62752],[8.96175,47.62738],[8.96246,47.62688],[8.96364,47.62644],[8.96401,47.62623],[8.96437,47.6259],[8.96556,47.62539],[8.96586,47.62512],[8.96604,47.62466],[8.96601,47.62432],[8.96582,47.62394],[8.96578,47.6233],[8.96599,47.62276],[8.9663,47.62226],[8.96654,47.622],[8.96716,47.62153],[8.96735,47.62122],[8.96736,47.62087],[8.96717,47.62055],[8.9665,47.61998],[8.96596,47.61973],[8.96509,47.61956],[8.96466,47.61935],[8.96438,47.61905],[8.96435,47.61851],[8.96458,47.61819],[8.96505,47.61791],[8.96532,47.61762],[8.96542,47.61729],[8.96538,47.61698],[8.96536,47.61663],[8.96537,47.61647],[8.96541,47.6163],[8.96545,47.61621],[8.96559,47.61589],[8.9656,47.61585],[8.96563,47.61578],[8.96566,47.61568],[8.96569,47.61556],[8.96571,47.61544],[8.96577,47.61528],[8.9659,47.61504],[8.96654,47.61402],[8.96655,47.61367],[8.96637,47.61334],[8.96579,47.61286],[8.96565,47.61253],[8.96575,47.61206],[8.96623,47.61158],[8.96671,47.61142],[8.96724,47.6114],[8.96794,47.61157],[8.9701,47.61195],[8.97058,47.61199],[8.97109,47.61191],[8.97151,47.61171],[8.97187,47.61143],[8.97234,47.61126],[8.97327,47.61123],[8.97381,47.61118],[8.97464,47.61118],[8.97562,47.61126],[8.97691,47.61129],[8.97738,47.61119],[8.97786,47.61094],[8.9783,47.61081],[8.97898,47.61078],[8.97946,47.61083],[8.97994,47.61084],[8.98004,47.61085],[8.98133,47.61083],[8.98166,47.61082],[8.9822,47.61073],[8.98279,47.61034],[8.98321,47.60975],[8.98361,47.60955],[8.9841,47.60947],[8.98484,47.60951],[8.98652,47.60957],[8.98804,47.60972],[8.98868,47.60982],[8.98884,47.60984],[8.98947,47.60988],[8.99004,47.61],[8.99045,47.61023],[8.99069,47.61056],[8.99071,47.61092],[8.99011,47.61192],[8.99005,47.61228],[8.9902,47.61262],[8.99073,47.61317],[8.99108,47.61379],[8.99108,47.61412],[8.9912,47.61505],[8.99128,47.6152],[8.99139,47.61535],[8.99154,47.61548],[8.99173,47.61559],[8.99194,47.61568],[8.99218,47.61573],[8.99242,47.61576],[8.99267,47.61575],[8.99332,47.6157],[8.99645,47.61557],[8.99648,47.61557],[8.99673,47.61556],[8.99706,47.61557],[8.99757,47.6157],[8.99795,47.61595],[8.99819,47.61629],[8.99854,47.61657],[8.99929,47.61676],[9.00344,47.61689],[9.00477,47.61697],[9.0049,47.61698],[9.00575,47.61708],[9.00602,47.61712],[9.00627,47.6172],[9.00711,47.6175],[9.00813,47.61796],[9.00892,47.61878],[9.00979,47.61917],[9.01032,47.61922],[9.01098,47.61917],[9.01179,47.61932],[9.0124,47.61964],[9.01281,47.61975],[9.01338,47.61977],[9.01425,47.61967],[9.01517,47.61981],[9.01597,47.61972],[9.01651,47.61973],[9.01735,47.61997],[9.01858,47.61999],[9.01931,47.6202],[9.01966,47.62049],[9.01981,47.62082],[9.01976,47.62116],[9.01951,47.6216],[9.01936,47.62219],[9.01941,47.62275],[9.01908,47.62331],[9.01899,47.62364],[9.01912,47.62416],[9.01937,47.62445],[9.01998,47.62472],[9.02086,47.62484],[9.02156,47.62506],[9.02226,47.62552],[9.02288,47.62585],[9.02314,47.6262],[9.02398,47.62684],[9.02491,47.62729],[9.0254,47.6277],[9.02593,47.62832],[9.02775,47.62924],[9.02817,47.62953],[9.02861,47.63004],[9.02883,47.63062],[9.02878,47.6309],[9.02878,47.63112],[9.02903,47.6316],[9.02939,47.63186],[9.03015,47.63212],[9.03054,47.63234],[9.03078,47.63263],[9.03086,47.63303],[9.03111,47.63347],[9.03146,47.6337],[9.03209,47.63393],[9.0334,47.6342],[9.03385,47.63433],[9.03466,47.6348],[9.03487,47.63501],[9.03525,47.6357],[9.03613,47.63663],[9.03642,47.63716],[9.0365,47.63766],[9.03636,47.63798],[9.03601,47.63838],[9.0356,47.63868],[9.03521,47.63914],[9.03484,47.63944],[9.03467,47.63979],[9.03473,47.64016],[9.03508,47.64067],[9.03534,47.64117],[9.03566,47.64203],[9.03572,47.64234],[9.03597,47.64267],[9.03638,47.64295],[9.03662,47.64327],[9.03667,47.64372],[9.03648,47.64407],[9.03569,47.64479],[9.03532,47.64532],[9.03499,47.64594],[9.03496,47.64633],[9.03482,47.64666],[9.03451,47.64692],[9.03407,47.64709],[9.03351,47.64714],[9.03283,47.64709],[9.03256,47.64711],[9.0323,47.64717],[9.03207,47.64727],[9.03187,47.64739],[9.03171,47.64755],[9.0316,47.64771],[9.03155,47.64789],[9.03155,47.64808],[9.0316,47.64826],[9.03173,47.64853],[9.03176,47.64859],[9.03181,47.64868],[9.03188,47.64877],[9.03248,47.64952],[9.03272,47.6499],[9.03306,47.65016],[9.03351,47.65031],[9.03488,47.65057],[9.03554,47.65074],[9.03594,47.65097],[9.03655,47.65175],[9.03665,47.65282],[9.03646,47.65315],[9.03587,47.65349],[9.03536,47.65356],[9.03503,47.65354],[9.03309,47.65329],[9.03284,47.65327],[9.03259,47.65329],[9.03235,47.65333],[9.03213,47.65341],[9.03193,47.65351],[9.03177,47.65364],[9.03164,47.65379],[9.03146,47.65411],[9.03117,47.65438],[9.03075,47.65456],[9.02967,47.65474],[9.02929,47.65473],[9.02851,47.65465],[9.02791,47.65456],[9.02769,47.65453],[9.02724,47.65451],[9.0271,47.6545],[9.0267,47.65451],[9.02635,47.65455],[9.0261,47.65459],[9.02567,47.65465],[9.02551,47.65465],[9.0252,47.65465],[9.02468,47.65464],[9.0238,47.65488],[9.02283,47.65505],[9.02254,47.65513],[9.02226,47.65519],[9.02217,47.65521],[9.02187,47.65524],[9.02156,47.65526],[9.02132,47.65525],[9.02086,47.65513],[9.0205,47.6549],[9.02037,47.65476],[9.02026,47.65456],[9.01996,47.65381],[9.01989,47.65353],[9.01986,47.65315],[9.01982,47.653],[9.01975,47.65285],[9.0193,47.65202],[9.01903,47.65171],[9.0186,47.65149],[9.01768,47.65142],[9.01658,47.65169],[9.01637,47.65176],[9.01618,47.65186],[9.01602,47.65199],[9.0159,47.65213],[9.01581,47.65228],[9.01569,47.65276],[9.01511,47.65357],[9.01501,47.65422],[9.01481,47.65454],[9.01422,47.65487],[9.01357,47.65497],[9.01302,47.65494],[9.01258,47.65479],[9.0121,47.65452],[9.01157,47.6544],[9.01037,47.65431],[9.00938,47.65417],[9.00879,47.65412],[9.00764,47.65391],[9.00691,47.65392],[9.00638,47.65383],[9.00582,47.65363],[9.0053,47.65355],[9.00466,47.65323],[9.00444,47.6529],[9.00453,47.6521],[9.00438,47.65177],[9.00406,47.6515],[9.00361,47.65133],[9.00336,47.6513],[9.00285,47.65132],[9.00159,47.65155],[9.00086,47.65182],[8.99985,47.65202],[8.99938,47.65199],[8.99836,47.65179],[8.9978,47.65161],[8.99612,47.65129],[8.99451,47.65098],[8.9943,47.65095],[8.99337,47.65088],[8.99218,47.65067],[8.9915,47.65077],[8.9909,47.65092],[8.98967,47.65137],[8.989,47.65152],[8.98846,47.65176],[8.9879,47.65189],[8.98736,47.6519],[8.98686,47.65177],[8.98647,47.65152],[8.98625,47.651],[8.98629,47.65077],[8.98637,47.65053],[8.98647,47.65016],[8.98648,47.6501],[8.9865,47.65001],[8.9865,47.64982],[8.98647,47.64963],[8.98645,47.64954],[8.9864,47.64936],[8.98637,47.64925],[8.98631,47.64907],[8.98604,47.64877],[8.98562,47.64856],[8.98511,47.64847],[8.98459,47.64853],[8.9834,47.6488],[8.98272,47.64889],[8.98252,47.64894],[8.98228,47.64897],[8.98215,47.64898],[8.982,47.64899],[8.98166,47.64899],[8.98129,47.64899],[8.98077,47.64886],[8.98031,47.64865],[8.9798,47.64855],[8.97927,47.64861],[8.97857,47.64891],[8.9781,47.649],[8.97762,47.64898],[8.97663,47.64861],[8.97613,47.64849],[8.97546,47.64848],[8.97451,47.64832],[8.97423,47.64829],[8.97395,47.64829],[8.97368,47.64834],[8.97343,47.64842],[8.97297,47.64867],[8.97274,47.64876],[8.97231,47.64885],[8.97187,47.64888],[8.97077,47.64887],[8.97048,47.64883],[8.97025,47.64877],[8.96986,47.64857],[8.9696,47.64829],[8.96941,47.64784],[8.969,47.64718],[8.9687,47.6469],[8.96827,47.64672],[8.9679,47.64664],[8.96739,47.64664],[8.96693,47.64677],[8.96619,47.64719],[8.96571,47.64738],[8.96449,47.64771],[8.96404,47.64791],[8.96352,47.64799],[8.96298,47.64794],[8.96241,47.64799],[8.96188,47.6482],[8.96156,47.6483],[8.96092,47.64847],[8.96062,47.64858],[8.95892,47.64933],[8.95845,47.64942],[8.95821,47.64942],[8.95774,47.64933],[8.95697,47.64899],[8.9561,47.64885],[8.95559,47.64884],[8.95472,47.64893],[8.95456,47.64894],[8.95426,47.64896],[8.95229,47.64896],[8.9522,47.64896],[8.95164,47.64894],[8.95129,47.64891],[8.95043,47.64872],[8.9499,47.64877],[8.94922,47.64906],[8.94874,47.64914],[8.94824,47.64911],[8.94733,47.64876],[8.94675,47.64826],[8.94552,47.64761],[8.94517,47.64738],[8.94463,47.64692],[8.94336,47.64583],[8.94294,47.6456],[8.94222,47.6454],[8.94174,47.64504],[8.94157,47.64466],[8.94121,47.64409],[8.94084,47.64374],[8.94043,47.6429],[8.94041,47.64284],[8.94022,47.64251],[8.94012,47.64236],[8.93998,47.64223],[8.9398,47.64211],[8.93961,47.64201],[8.93937,47.64189],[8.93916,47.6418],[8.93892,47.64174],[8.93821,47.64168],[8.93797,47.64163],[8.93651,47.64124],[8.93629,47.64116],[8.93608,47.64107],[8.93566,47.64084],[8.93556,47.64078],[8.93511,47.6405],[8.93508,47.64048],[8.93438,47.64003],[8.93419,47.63992],[8.93396,47.63982],[8.93382,47.63976],[8.93311,47.6395],[8.93286,47.63934],[8.93266,47.63917],[8.93262,47.63914],[8.93248,47.63902],[8.93233,47.63888],[8.93196,47.63846],[8.93193,47.63843],[8.93175,47.63824],[8.93158,47.6381],[8.93137,47.63798],[8.93086,47.63785],[8.93004,47.63782],[8.92958,47.63767],[8.92913,47.63727],[8.92901,47.63687]]]},"properties":{"bfs_nr":4816,"name":"Homburg"}},{"type":"Feature","geometry":{"type":"Polygon","coordinates":[[[8.80394,47.6092],[8.80377,47.60887],[8.80387,47.60837],[8.80416,47.60809],[8.80499,47.60768],[8.8053,47.60735],[8.80542,47.60648],[8.80584,47.60547],[8.80587,47.60512],[8.8057,47.60478],[8.80522,47.60433],[8.80511,47.60398],[8.80523,47.60358],[8.80587,47.60305],[8.80611,47.60275],[8.80619,47.60239],[8.80651,47.601],[8.80689,47.60056],[8.80732,47.60038],[8.80757,47.60033],[8.80788,47.60032],[8.80794,47.60032],[8.80804,47.60032],[8.80822,47.60033],[8.80861,47.60036],[8.80887,47.60036],[8.80935,47.60027],[8.80956,47.60017],[8.80975,47.60006],[8.80989,47.59992],[8.81,47.59977],[8.81006,47.5996],[8.81023,47.59901],[8.8105,47.59871],[8.81123,47.59843],[8.81187,47.5984],[8.81235,47.59852],[8.81273,47.59876],[8.81298,47.59925],[8.81297,47.59947],[8.81291,47.59971],[8.8129,47.59977],[8.81288,47.59996],[8.81287,47.60005],[8.81288,47.60035],[8.81288,47.60038],[8.81291,47.60055],[8.81299,47.60072],[8.81328,47.601],[8.81371,47.60118],[8.81395,47.60123],[8.81676,47.60161],[8.81766,47.6019],[8.81821,47.60198],[8.81916,47.60188],[8.81989,47.60206],[8.82024,47.60232],[8.82037,47.60253],[8.82041,47.6026],[8.82044,47.60264],[8.82048,47.6027],[8.82083,47.60318],[8.8209,47.60332],[8.82098,47.60351],[8.82101,47.60357],[8.82104,47.60362],[8.82107,47.60369],[8.82141,47.6042],[8.8217,47.60448],[8.82212,47.60466],[8.82293,47.60482],[8.82331,47.60503],[8.82396,47.60553],[8.82444,47.60566],[8.82507,47.60566],[8.82558,47.60575],[8.82599,47.60597],[8.8266,47.60671],[8.82666,47.60705],[8.82653,47.60738],[8.82625,47.60767],[8.82611,47.60784],[8.82603,47.60802],[8.82601,47.6082],[8.82604,47.60839],[8.8261,47.60857],[8.82635,47.60887],[8.82675,47.60909],[8.82724,47.60919],[8.82775,47.60915],[8.82799,47.60909],[8.82847,47.60893],[8.82852,47.60892],[8.82856,47.6089],[8.82866,47.60886],[8.82869,47.60885],[8.82875,47.60882],[8.82902,47.60869],[8.82921,47.60861],[8.82936,47.60854],[8.82942,47.60852],[8.82963,47.60846],[8.82997,47.60838],[8.83009,47.60835],[8.83021,47.60833],[8.83037,47.6083],[8.83049,47.60829],[8.83074,47.60827],[8.83091,47.60826],[8.83117,47.60826],[8.83128,47.60826],[8.83144,47.60827],[8.83181,47.60831],[8.83197,47.60833],[8.83207,47.60835],[8.83223,47.60839],[8.83234,47.60841],[8.83246,47.60845],[8.83258,47.60848],[8.83281,47.60856],[8.83297,47.60862],[8.83307,47.60867],[8.83316,47.60871],[8.83548,47.60988],[8.83582,47.61009],[8.83612,47.61046],[8.83659,47.61131],[8.8367,47.61146],[8.83685,47.6116],[8.83703,47.61171],[8.83725,47.6118],[8.83748,47.61186],[8.83772,47.61189],[8.83797,47.61189],[8.83822,47.61186],[8.83845,47.61179],[8.83916,47.61155],[8.83941,47.61143],[8.83961,47.61129],[8.83976,47.61112],[8.84034,47.61027],[8.84043,47.61007],[8.84045,47.60986],[8.84041,47.60898],[8.84042,47.60879],[8.84056,47.60849],[8.84121,47.60782],[8.84134,47.60745],[8.84159,47.60716],[8.8422,47.60689],[8.84318,47.60678],[8.84463,47.60676],[8.84489,47.60674],[8.84515,47.60668],[8.84538,47.60658],[8.84559,47.60646],[8.84574,47.60631],[8.84586,47.60615],[8.84592,47.60597],[8.84592,47.60578],[8.84584,47.60513],[8.84585,47.60492],[8.8459,47.60475],[8.84613,47.60446],[8.84651,47.60424],[8.84678,47.60415],[8.84725,47.60406],[8.84738,47.60404],[8.84804,47.60394],[8.84811,47.60393],[8.84816,47.60392],[8.84842,47.60385],[8.84865,47.60375],[8.84876,47.60369],[8.84925,47.60336],[8.84964,47.60309],[8.85014,47.60293],[8.85041,47.6029],[8.85074,47.60292],[8.85119,47.60301],[8.85163,47.60315],[8.85202,47.60323],[8.85259,47.60323],[8.8535,47.60307],[8.85485,47.60318],[8.85537,47.60308],[8.85579,47.60284],[8.85608,47.60234],[8.85601,47.60187],[8.85604,47.60162],[8.85635,47.60072],[8.85665,47.60042],[8.85692,47.60028],[8.85784,47.5999],[8.85833,47.59968],[8.85888,47.59944],[8.85908,47.59937],[8.85951,47.59925],[8.86074,47.59901],[8.86214,47.59893],[8.8627,47.59898],[8.86355,47.59913],[8.86554,47.59909],[8.86772,47.59892],[8.8684,47.59902],[8.86898,47.59897],[8.86944,47.59884],[8.86999,47.59857],[8.87028,47.59849],[8.87117,47.59837],[8.87197,47.59825],[8.87773,47.59743],[8.87822,47.59737],[8.87912,47.59705],[8.87945,47.59701],[8.87974,47.597],[8.8798,47.59699],[8.87995,47.59698],[8.88001,47.59698],[8.88138,47.59683],[8.8817,47.59681],[8.88221,47.59689],[8.88268,47.59711],[8.88337,47.59724],[8.88418,47.59717],[8.88478,47.5972],[8.88526,47.59736],[8.8857,47.59781],[8.88591,47.59849],[8.88585,47.59891],[8.88567,47.59934],[8.88464,47.60336],[8.88462,47.60351],[8.88463,47.60365],[8.88485,47.60465],[8.88492,47.60483],[8.88504,47.605],[8.88542,47.60527],[8.88595,47.60544],[8.88672,47.60585],[8.88753,47.60654],[8.88776,47.60684],[8.88815,47.60709],[8.88892,47.60722],[8.88939,47.60715],[8.88995,47.60696],[8.89058,47.60695],[8.89238,47.60714],[8.89294,47.60728],[8.89333,47.60754],[8.89355,47.60805],[8.89343,47.60841],[8.89266,47.60918],[8.89234,47.60944],[8.89216,47.60959],[8.89201,47.60974],[8.89182,47.60991],[8.8914,47.61019],[8.89093,47.61045],[8.89086,47.61049],[8.89074,47.61056],[8.89066,47.61061],[8.89057,47.61068],[8.8905,47.61073],[8.89044,47.61078],[8.89038,47.61083],[8.89035,47.61087],[8.89028,47.61094],[8.89011,47.61115],[8.89008,47.61119],[8.88979,47.61159],[8.88969,47.61175],[8.88965,47.61193],[8.88966,47.6121],[8.88971,47.61228],[8.88982,47.61244],[8.88998,47.61258],[8.89058,47.61296],[8.89065,47.613],[8.89074,47.61307],[8.89081,47.61313],[8.89098,47.61328],[8.89112,47.61339],[8.89139,47.61357],[8.89154,47.61371],[8.89167,47.61391],[8.89197,47.61454],[8.89211,47.61475],[8.89222,47.61486],[8.89226,47.61489],[8.89232,47.61495],[8.89288,47.61537],[8.89291,47.61539],[8.89322,47.61561],[8.8933,47.61566],[8.8935,47.61577],[8.89374,47.61584],[8.89392,47.61588],[8.89399,47.6159],[8.89493,47.6161],[8.89525,47.61621],[8.89567,47.61646],[8.89586,47.61659],[8.89624,47.61688],[8.89634,47.61695],[8.89646,47.61703],[8.89668,47.61714],[8.89719,47.61726],[8.89766,47.61726],[8.89849,47.61718],[8.89885,47.61717],[8.89947,47.6173],[8.89987,47.61745],[8.90045,47.61765],[8.90068,47.61775],[8.90084,47.61784],[8.90101,47.61799],[8.90111,47.61811],[8.90119,47.61822],[8.90133,47.61838],[8.90175,47.61862],[8.90244,47.61877],[8.90321,47.61909],[8.90392,47.61931],[8.90488,47.61987],[8.90504,47.62],[8.9058,47.62066],[8.90635,47.62122],[8.90645,47.62133],[8.90673,47.62168],[8.90679,47.62176],[8.90689,47.62193],[8.90701,47.62209],[8.90718,47.62223],[8.90761,47.62243],[8.90812,47.6225],[8.90863,47.62244],[8.90915,47.62228],[8.90984,47.62222],[8.91034,47.62207],[8.91083,47.62201],[8.91155,47.62215],[8.91222,47.62253],[8.91282,47.62271],[8.91337,47.62307],[8.91353,47.62341],[8.91348,47.62376],[8.91321,47.6241],[8.91315,47.62415],[8.91258,47.62465],[8.9124,47.62485],[8.91223,47.62513],[8.91221,47.62516],[8.91207,47.62538],[8.91193,47.62555],[8.91181,47.62568],[8.91172,47.62576],[8.91172,47.62577],[8.9116,47.62589],[8.91146,47.62607],[8.91132,47.62627],[8.91119,47.62641],[8.91113,47.62648],[8.91096,47.62666],[8.91086,47.62675],[8.91053,47.62702],[8.91045,47.62709],[8.91026,47.62723],[8.91014,47.62731],[8.9099,47.62746],[8.90959,47.62765],[8.90939,47.62779],[8.90915,47.62792],[8.9087,47.62806],[8.90822,47.62808],[8.90775,47.62797],[8.90755,47.62788],[8.90713,47.62762],[8.9067,47.62749],[8.90622,47.62747],[8.90526,47.62755],[8.90501,47.62759],[8.90478,47.62766],[8.90457,47.62776],[8.90439,47.62788],[8.90425,47.62803],[8.90406,47.62827],[8.90366,47.62853],[8.90288,47.62887],[8.90235,47.62898],[8.9018,47.62893],[8.90052,47.62843],[8.89895,47.62773],[8.89857,47.62749],[8.89827,47.62719],[8.89815,47.62709],[8.89811,47.62706],[8.89803,47.627],[8.89758,47.62672],[8.89734,47.62659],[8.89688,47.62639],[8.89661,47.62624],[8.89644,47.62609],[8.89631,47.62592],[8.89629,47.62532],[8.89682,47.62411],[8.89738,47.62363],[8.89756,47.62329],[8.89753,47.62293],[8.8973,47.62239],[8.89678,47.62201],[8.89637,47.62185],[8.89587,47.62171],[8.89579,47.62168],[8.89533,47.62153],[8.89502,47.6214],[8.89481,47.62126],[8.89461,47.62104],[8.89452,47.62092],[8.89438,47.62076],[8.89422,47.62061],[8.89395,47.62044],[8.89359,47.62026],[8.89335,47.62016],[8.8924,47.61992],[8.89219,47.61989],[8.89172,47.61984],[8.89047,47.61962],[8.89024,47.61957],[8.89,47.6195],[8.88911,47.6192],[8.88864,47.61908],[8.88785,47.61893],[8.88762,47.61887],[8.8874,47.6188],[8.88721,47.61873],[8.88693,47.61864],[8.8866,47.61852],[8.88573,47.61787],[8.88518,47.61735],[8.88475,47.61714],[8.88423,47.61707],[8.88351,47.61711],[8.88304,47.61724],[8.88246,47.61766],[8.88221,47.6178],[8.8814,47.61816],[8.88126,47.61821],[8.88089,47.61835],[8.88046,47.61846],[8.87871,47.61878],[8.87867,47.61879],[8.87724,47.61903],[8.87719,47.61904],[8.8758,47.61925],[8.8757,47.61926],[8.87508,47.61933],[8.87432,47.61945],[8.8728,47.61963],[8.86982,47.62013],[8.86957,47.62019],[8.86935,47.62028],[8.86899,47.62046],[8.86898,47.62047],[8.86785,47.62104],[8.86769,47.62113],[8.86722,47.62147],[8.86697,47.62161],[8.86616,47.62202],[8.86593,47.62216],[8.86534,47.62263],[8.86513,47.62278],[8.86492,47.62287],[8.86464,47.62295],[8.86211,47.62352],[8.8621,47.62352],[8.86164,47.62362],[8.86141,47.62369],[8.86121,47.62379],[8.86103,47.62391],[8.86089,47.62405],[8.8608,47.6242],[8.8607,47.62441],[8.86065,47.62456],[8.86063,47.62471],[8.86067,47.62503],[8.86065,47.6252],[8.86057,47.62537],[8.86045,47.62552],[8.86029,47.62566],[8.8601,47.62577],[8.85987,47.62585],[8.85957,47.62592],[8.85831,47.6261],[8.85817,47.62612],[8.8569,47.62624],[8.85479,47.62652],[8.85423,47.62654],[8.85187,47.62639],[8.85139,47.62642],[8.85096,47.62656],[8.85041,47.62688],[8.84993,47.627],[8.84962,47.62701],[8.84877,47.62698],[8.84844,47.62695],[8.8484,47.62695],[8.84836,47.62694],[8.8481,47.6269],[8.84783,47.62687],[8.84756,47.62688],[8.84706,47.62702],[8.84656,47.62728],[8.84576,47.62745],[8.84556,47.62751],[8.84529,47.62762],[8.84507,47.62772],[8.84489,47.62785],[8.84454,47.62823],[8.84393,47.62872],[8.84373,47.62905],[8.84338,47.62931],[8.84291,47.62946],[8.8421,47.62944],[8.84158,47.62949],[8.84116,47.62965],[8.84085,47.62991],[8.84042,47.63084],[8.84009,47.63145],[8.83985,47.63211],[8.83903,47.634],[8.83862,47.63456],[8.83823,47.63479],[8.83793,47.63487],[8.83675,47.63514],[8.83654,47.63518],[8.83635,47.63521],[8.83561,47.63537],[8.83531,47.63541],[8.835,47.63544],[8.83476,47.63549],[8.83454,47.63558],[8.83423,47.63567],[8.8318,47.63618],[8.83178,47.63618],[8.82842,47.63687],[8.82841,47.63687],[8.82689,47.6372],[8.82601,47.6372],[8.82554,47.63702],[8.82522,47.63673],[8.82479,47.63557],[8.82427,47.63475],[8.82438,47.63407],[8.82431,47.63371],[8.82379,47.63324],[8.82256,47.6328],[8.82226,47.63254],[8.82154,47.63168],[8.82096,47.63125],[8.82072,47.63076],[8.82073,47.63037],[8.82055,47.62999],[8.82004,47.62964],[8.81957,47.62953],[8.81894,47.62954],[8.8182,47.62935],[8.81767,47.62883],[8.81733,47.62859],[8.81689,47.62846],[8.81622,47.62837],[8.81545,47.62794],[8.81466,47.62769],[8.81412,47.62731],[8.81332,47.62687],[8.81308,47.62655],[8.8131,47.62602],[8.81335,47.6257],[8.81346,47.62536],[8.81344,47.62461],[8.8133,47.62427],[8.81254,47.6236],[8.81247,47.62309],[8.81267,47.62277],[8.81303,47.62253],[8.81369,47.62222],[8.81413,47.6217],[8.8142,47.62137],[8.81409,47.62105],[8.81382,47.62077],[8.81311,47.6203],[8.81292,47.61966],[8.81257,47.61917],[8.81247,47.61884],[8.81256,47.6185],[8.81283,47.61813],[8.81308,47.61748],[8.81306,47.61714],[8.81266,47.61669],[8.81223,47.61651],[8.81162,47.61639],[8.81121,47.61619],[8.81056,47.61546],[8.81016,47.61523],[8.80933,47.61506],[8.80892,47.61487],[8.80848,47.61445],[8.80806,47.61423],[8.80756,47.61414],[8.80687,47.61417],[8.80637,47.61409],[8.80555,47.61387],[8.80503,47.61364],[8.80474,47.61333],[8.80454,47.61255],[8.80411,47.61163],[8.80408,47.61094],[8.80415,47.61065],[8.80404,47.60941],[8.80394,47.6092]]]},"properties":{"bfs_nr":4821,"name":"H\u00fcttwilen"}},{"type":"Feature","geometry":{"type":"Polygon","coordinates":[[[8.89502,47.64105],[8.89542,47.63988],[8.8956,47.63951],[8.89567,47.63898],[8.89567,47.63879],[8.89566,47.63872],[8.89564,47.63861],[8.89559,47.63844],[8.89546,47.63821],[8.89533,47.63801],[8.89518,47.63768],[8.89512,47.63727],[8.89533,47.63679],[8.89573,47.63641],[8.89598,47.63555],[8.8964,47.63508],[8.89652,47.63473],[8.89643,47.63438],[8.89609,47.63394],[8.89584,47.63342],[8.89558,47.63311],[8.8955,47.63277],[8.8956,47.63244],[8.89586,47.63215],[8.89601,47.63177],[8.89594,47.63114],[8.89622,47.63029],[8.89652,47.62999],[8.89673,47.62988],[8.8974,47.62967],[8.8978,47.6294],[8.89871,47.6285],[8.89914,47.6283],[8.89965,47.62823],[8.90016,47.6283],[8.90475,47.63016],[8.9053,47.63029],[8.9056,47.63029],[8.90681,47.63019],[8.90788,47.6302],[8.90833,47.6301],[8.90876,47.6299],[8.90925,47.62977],[8.90977,47.62978],[8.91058,47.63004],[8.91113,47.63009],[8.91167,47.62997],[8.91198,47.62981],[8.91217,47.62973],[8.91241,47.62966],[8.9129,47.62958],[8.91375,47.62953],[8.91424,47.62956],[8.91474,47.62967],[8.91525,47.62992],[8.91554,47.6302],[8.91588,47.63076],[8.91616,47.63145],[8.91633,47.63207],[8.91649,47.63242],[8.91647,47.63291],[8.91608,47.63364],[8.91608,47.63414],[8.9165,47.63457],[8.91694,47.63474],[8.91719,47.63478],[8.91806,47.63485],[8.91809,47.63486],[8.91893,47.63492],[8.91919,47.63495],[8.92045,47.63515],[8.92101,47.63532],[8.92137,47.6356],[8.92171,47.63599],[8.92233,47.63624],[8.92257,47.63626],[8.92281,47.63628],[8.92318,47.63631],[8.92323,47.63631],[8.92378,47.63636],[8.92381,47.63637],[8.92444,47.63644],[8.9248,47.6365],[8.92526,47.63663],[8.92569,47.63678],[8.92583,47.63683],[8.92621,47.637],[8.92624,47.63701],[8.92632,47.63705],[8.92661,47.63721],[8.92693,47.63746],[8.92718,47.63758],[8.92881,47.63793],[8.92997,47.63793],[8.93041,47.63789],[8.93121,47.63796],[8.93163,47.63816],[8.93183,47.63832],[8.93197,47.63847],[8.93235,47.6389],[8.93245,47.63899],[8.93263,47.63915],[8.93265,47.63916],[8.93291,47.63937],[8.93311,47.63951],[8.93378,47.63975],[8.93413,47.6399],[8.93443,47.64005],[8.93508,47.64048],[8.93511,47.6405],[8.93558,47.64079],[8.93565,47.64083],[8.93612,47.64109],[8.93629,47.64117],[8.93647,47.64123],[8.93802,47.64164],[8.93821,47.64168],[8.93892,47.64175],[8.93915,47.64181],[8.93942,47.64192],[8.93997,47.64223],[8.94011,47.64236],[8.94024,47.64254],[8.9404,47.64283],[8.94044,47.64292],[8.94072,47.64356],[8.94083,47.64374],[8.94121,47.64409],[8.94148,47.64456],[8.94147,47.64491],[8.94132,47.64528],[8.94137,47.64563],[8.94162,47.64595],[8.94203,47.64617],[8.94254,47.64627],[8.9434,47.64625],[8.94386,47.64636],[8.94427,47.64661],[8.94463,47.64692],[8.94522,47.64742],[8.94546,47.64758],[8.94674,47.64826],[8.94732,47.64877],[8.94759,47.64889],[8.94917,47.64948],[8.9495,47.64975],[8.94966,47.65007],[8.94956,47.65063],[8.94927,47.65093],[8.94859,47.65132],[8.94807,47.65194],[8.94798,47.65229],[8.94825,47.65301],[8.94826,47.65339],[8.94805,47.65372],[8.94744,47.65405],[8.94692,47.65411],[8.94641,47.65403],[8.94595,47.6538],[8.94529,47.65323],[8.94434,47.65268],[8.94395,47.65252],[8.94325,47.65243],[8.941,47.65265],[8.93977,47.65268],[8.93928,47.65256],[8.93852,47.65212],[8.93813,47.65194],[8.93738,47.65175],[8.93684,47.65176],[8.93519,47.65201],[8.93475,47.65204],[8.93313,47.65205],[8.93222,47.65221],[8.93169,47.65218],[8.93098,47.65185],[8.93012,47.65109],[8.92941,47.65026],[8.92899,47.64997],[8.92799,47.64952],[8.92639,47.64872],[8.92539,47.64792],[8.92426,47.64725],[8.92294,47.64671],[8.92191,47.64647],[8.92144,47.64651],[8.92052,47.64672],[8.92004,47.64692],[8.91934,47.64703],[8.91804,47.6475],[8.91735,47.64787],[8.91685,47.64796],[8.91635,47.64792],[8.91557,47.64759],[8.91487,47.64751],[8.91412,47.64756],[8.91364,47.64747],[8.91276,47.64704],[8.91106,47.64662],[8.91056,47.64644],[8.91005,47.64616],[8.90854,47.64483],[8.90662,47.64381],[8.90618,47.64371],[8.90534,47.64362],[8.90431,47.64341],[8.9033,47.64345],[8.90211,47.64343],[8.90034,47.64355],[8.89955,47.64345],[8.8976,47.64344],[8.89666,47.64359],[8.89615,47.64357],[8.89568,47.64343],[8.89522,47.64301],[8.89514,47.64267],[8.89524,47.64221],[8.89521,47.64181],[8.89501,47.64138],[8.89502,47.64105]]]},"properties":{"bfs_nr":4826,"name":"Mammern"}},{"type":"Feature","geometry":{"type":"Polygon","coordinates":[[[8.98242,47.60827],[8.98246,47.60791],[8.98213,47.6062],[8.98212,47.60598],[8.98216,47.60582],[8.98243,47.60533],[8.98229,47.60447],[8.98245,47.60413],[8.9828,47.60378],[8.98326,47.60311],[8.98337,47.60273],[8.9832,47.60205],[8.98325,47.60178],[8.98347,47.60115],[8.98351,47.60095],[8.98361,47.59906],[8.98361,47.59896],[8.98325,47.59587],[8.98325,47.59571],[8.98328,47.59554],[8.98364,47.59446],[8.98364,47.59444],[8.98475,47.59063],[8.98511,47.59014],[8.98552,47.58995],[8.98581,47.58988],[8.98614,47.58982],[8.98679,47.58971],[8.98747,47.58958],[8.98816,47.58943],[8.98882,47.58929],[8.98946,47.58914],[8.98949,47.58913],[8.99013,47.58898],[8.99131,47.58869],[8.99263,47.58836],[8.99345,47.58817],[9.00025,47.5865],[9.00498,47.58534],[9.00505,47.58532],[9.00723,47.58469],[9.01469,47.58255],[9.01737,47.58178],[9.01769,47.58171],[9.01822,47.58171],[9.01871,47.58185],[9.01921,47.5823],[9.0193,47.58267],[9.01918,47.58306],[9.01921,47.58341],[9.0196,47.58444],[9.01965,47.5847],[9.01965,47.58512],[9.01953,47.58547],[9.01923,47.58575],[9.01895,47.58589],[9.01781,47.5864],[9.01745,47.58657],[9.01715,47.58676],[9.01668,47.58706],[9.01616,47.58756],[9.01598,47.58768],[9.01579,47.58777],[9.01557,47.58784],[9.01506,47.58791],[9.01403,47.588],[9.01396,47.58801],[9.01366,47.58803],[9.01347,47.58803],[9.01292,47.58803],[9.01234,47.58799],[9.01204,47.58796],[9.01195,47.58795],[9.01168,47.5879],[9.01151,47.58787],[9.01128,47.58782],[9.01112,47.58778],[9.01088,47.58771],[9.01076,47.58767],[9.0105,47.58759],[9.01041,47.58755],[9.01017,47.58746],[9.01003,47.5874],[9.00971,47.58725],[9.00944,47.5871],[9.00922,47.587],[9.00871,47.58689],[9.00817,47.58694],[9.00792,47.58701],[9.00752,47.58725],[9.00729,47.58758],[9.00725,47.5879],[9.0072,47.58808],[9.00707,47.58841],[9.00702,47.58853],[9.00673,47.58909],[9.00665,47.58944],[9.00669,47.58961],[9.00678,47.58978],[9.00786,47.59132],[9.00819,47.59161],[9.00892,47.59183],[9.00991,47.59174],[9.01043,47.59182],[9.01117,47.59213],[9.01144,47.59229],[9.01327,47.59364],[9.01366,47.59409],[9.01433,47.59554],[9.0144,47.59576],[9.01435,47.59611],[9.01426,47.59627],[9.01393,47.59654],[9.01372,47.59664],[9.01342,47.59673],[9.0122,47.59699],[9.01196,47.59706],[9.01175,47.59716],[9.01156,47.59728],[9.01142,47.59743],[9.01133,47.59759],[9.01128,47.59777],[9.01128,47.59794],[9.01143,47.59828],[9.01158,47.59842],[9.01165,47.59848],[9.01167,47.59849],[9.01268,47.59929],[9.0127,47.5993],[9.01377,47.6001],[9.01378,47.6001],[9.01455,47.60066],[9.01461,47.60071],[9.01585,47.60149],[9.01586,47.6015],[9.0164,47.60183],[9.01648,47.60188],[9.0175,47.60241],[9.01758,47.60245],[9.01888,47.60303],[9.01897,47.60307],[9.02013,47.60349],[9.02067,47.60365],[9.02076,47.60368],[9.02093,47.60373],[9.02112,47.6038],[9.02131,47.60388],[9.02183,47.60412],[9.02256,47.60426],[9.02396,47.60466],[9.02398,47.60467],[9.02547,47.60507],[9.02728,47.6055],[9.02767,47.60573],[9.0281,47.60628],[9.02821,47.60684],[9.02842,47.60715],[9.02906,47.6077],[9.02912,47.60786],[9.02914,47.60807],[9.02913,47.60857],[9.02908,47.60883],[9.02899,47.60908],[9.02855,47.60951],[9.0281,47.60967],[9.0275,47.60976],[9.02689,47.6101],[9.0267,47.61042],[9.0265,47.61102],[9.02622,47.61131],[9.02581,47.61151],[9.02532,47.61158],[9.025,47.61157],[9.02499,47.61157],[9.02486,47.61155],[9.02426,47.61146],[9.02407,47.61145],[9.02331,47.61141],[9.02304,47.61141],[9.02252,47.61152],[9.02211,47.61175],[9.02197,47.61191],[9.02188,47.61208],[9.02187,47.61252],[9.02212,47.61296],[9.02271,47.61329],[9.02338,47.61344],[9.0239,47.6138],[9.02405,47.61413],[9.02406,47.61434],[9.02405,47.61438],[9.024,47.61459],[9.0239,47.61476],[9.02358,47.61503],[9.02313,47.6152],[9.02249,47.61531],[9.02207,47.61551],[9.02179,47.6158],[9.02169,47.61614],[9.02192,47.61664],[9.02229,47.61689],[9.02311,47.61725],[9.02335,47.61756],[9.0234,47.61796],[9.02325,47.61864],[9.02297,47.61896],[9.02233,47.61929],[9.0218,47.61936],[9.02121,47.61933],[9.02073,47.61942],[9.01982,47.61987],[9.01934,47.61993],[9.01853,47.61986],[9.01792,47.61994],[9.01738,47.6199],[9.01652,47.61963],[9.01595,47.61963],[9.0154,47.61976],[9.01494,47.61976],[9.01361,47.61957],[9.01294,47.61961],[9.01247,47.61957],[9.01162,47.61923],[9.01111,47.61912],[9.01038,47.61913],[9.00988,47.61904],[9.00891,47.61864],[9.0083,47.61803],[9.00792,47.61779],[9.00622,47.61718],[9.00602,47.61712],[9.0058,47.61708],[9.00488,47.61698],[9.00479,47.61698],[9.00352,47.61689],[9.00345,47.61689],[8.99957,47.61676],[8.99924,47.61673],[8.999,47.61667],[8.99858,47.61646],[8.99813,47.61592],[8.99751,47.6156],[8.99699,47.61555],[8.99647,47.61557],[8.99645,47.61557],[8.9933,47.6157],[8.99243,47.61575],[8.99218,47.61573],[8.99195,47.61567],[8.99155,47.61547],[8.9914,47.61534],[8.99129,47.61518],[8.99118,47.61488],[8.99117,47.61468],[8.9913,47.61385],[8.99115,47.61355],[8.99037,47.61279],[8.99013,47.61242],[8.99012,47.61206],[8.99032,47.61174],[8.99099,47.61123],[8.99115,47.6109],[8.9911,47.61055],[8.99085,47.61024],[8.99045,47.61001],[8.98996,47.60991],[8.98889,47.60984],[8.98863,47.60981],[8.98807,47.60973],[8.98649,47.60957],[8.98487,47.60951],[8.98353,47.60939],[8.98277,47.60913],[8.98247,47.60883],[8.98242,47.60827]]]},"properties":{"bfs_nr":4831,"name":"M\u00fcllheim"}},{"type":"Feature","geometry":{"type":"Polygon","coordinates":[[[8.91263,47.59341],[8.91248,47.59306],[8.91254,47.5927],[8.91282,47.59238],[8.91328,47.59214],[8.91391,47.59144],[8.91438,47.5911],[8.91449,47.59095],[8.9148,47.59032],[8.91513,47.59007],[8.91587,47.58978],[8.91617,47.58952],[8.91732,47.58797],[8.91774,47.58746],[8.91817,47.58727],[8.91867,47.58721],[8.91898,47.58723],[8.92016,47.58739],[8.92031,47.5874],[8.92187,47.58748],[8.92198,47.58749],[8.92392,47.58749],[8.92397,47.58749],[8.92629,47.58744],[8.93229,47.58749],[8.93241,47.58749],[8.93398,47.58758],[8.93529,47.58769],[8.93807,47.58799],[8.93978,47.58817],[8.94595,47.58884],[8.94596,47.58884],[8.94784,47.58904],[8.95109,47.58938],[8.95407,47.5897],[8.9541,47.5897],[8.95548,47.58982],[8.95555,47.58983],[8.95714,47.58992],[8.95719,47.58992],[8.95889,47.58997],[8.9589,47.58997],[8.97584,47.59039],[8.97587,47.59039],[8.97712,47.59043],[8.97713,47.59043],[8.97775,47.59045],[8.97778,47.59045],[8.97839,47.59046],[8.97842,47.59046],[8.97903,47.59046],[8.97905,47.59046],[8.97966,47.59046],[8.97969,47.59045],[8.9803,47.59044],[8.98033,47.59044],[8.98096,47.59041],[8.98129,47.59039],[8.98161,47.59037],[8.98191,47.59035],[8.98223,47.59033],[8.98255,47.5903],[8.98286,47.59027],[8.98288,47.59027],[8.98299,47.59026],[8.98356,47.59027],[8.98401,47.59041],[8.98436,47.59066],[8.98457,47.59114],[8.98454,47.59136],[8.98364,47.59444],[8.98363,47.59447],[8.98327,47.59558],[8.98324,47.59571],[8.98324,47.59584],[8.9836,47.59893],[8.98351,47.60093],[8.98346,47.60118],[8.98323,47.60183],[8.98319,47.60205],[8.98331,47.60258],[8.98325,47.6029],[8.9828,47.60357],[8.98243,47.60395],[8.98212,47.60487],[8.98207,47.60587],[8.98245,47.60782],[8.98231,47.60867],[8.98245,47.60911],[8.98242,47.60948],[8.98217,47.61023],[8.9817,47.61066],[8.98121,47.61081],[8.98088,47.61083],[8.98007,47.61085],[8.97991,47.61084],[8.97951,47.61083],[8.97903,47.61079],[8.97895,47.61078],[8.97881,47.61078],[8.9785,47.61079],[8.9779,47.61085],[8.97722,47.61114],[8.97671,47.61128],[8.9756,47.61126],[8.9746,47.61118],[8.97442,47.61117],[8.97342,47.61118],[8.97273,47.61121],[8.97154,47.61108],[8.97077,47.61123],[8.97025,47.61158],[8.96981,47.61174],[8.96931,47.61179],[8.96843,47.61164],[8.96776,47.61132],[8.96726,47.61121],[8.9665,47.61131],[8.9661,47.61153],[8.96585,47.61184],[8.96568,47.61222],[8.96563,47.6126],[8.96582,47.61296],[8.96639,47.61342],[8.96654,47.61373],[8.96651,47.61406],[8.96589,47.61505],[8.96582,47.61516],[8.96579,47.61523],[8.96576,47.61531],[8.96572,47.61541],[8.96568,47.61557],[8.96567,47.61565],[8.96562,47.6158],[8.96558,47.6159],[8.96544,47.61622],[8.96541,47.61629],[8.9654,47.61632],[8.96538,47.61644],[8.96537,47.6165],[8.96536,47.6166],[8.96538,47.617],[8.9654,47.61712],[8.9654,47.61734],[8.96526,47.61767],[8.96444,47.61827],[8.96425,47.6186],[8.96427,47.61895],[8.96449,47.61928],[8.96508,47.61959],[8.96564,47.61972],[8.96657,47.62017],[8.967,47.62057],[8.96719,47.62089],[8.96712,47.62139],[8.96681,47.62178],[8.9665,47.62202],[8.96634,47.62218],[8.96599,47.6227],[8.96575,47.62321],[8.96572,47.62373],[8.96597,47.62437],[8.96583,47.62501],[8.96551,47.62532],[8.96435,47.62588],[8.9636,47.62633],[8.96223,47.62671],[8.96168,47.62693],[8.96091,47.62699],[8.96043,47.62685],[8.96022,47.62674],[8.96002,47.62657],[8.95982,47.62634],[8.95976,47.62626],[8.95944,47.62581],[8.95941,47.62576],[8.95704,47.62209],[8.95656,47.6217],[8.95609,47.62157],[8.95558,47.62156],[8.95511,47.62169],[8.95463,47.62195],[8.95413,47.62209],[8.95325,47.62202],[8.95104,47.62134],[8.95069,47.62122],[8.95054,47.62119],[8.95028,47.62113],[8.94478,47.61939],[8.9445,47.61929],[8.94416,47.61904],[8.94398,47.61872],[8.94398,47.61838],[8.94416,47.61793],[8.944,47.61741],[8.94366,47.61714],[8.94319,47.61698],[8.94236,47.61685],[8.94194,47.61661],[8.94179,47.61646],[8.94165,47.6161],[8.94167,47.61588],[8.9417,47.61579],[8.94177,47.61563],[8.94182,47.61556],[8.94195,47.61537],[8.94197,47.61533],[8.9421,47.61512],[8.94212,47.61509],[8.94264,47.61415],[8.94289,47.61379],[8.94302,47.61328],[8.94332,47.61272],[8.94339,47.6126],[8.94357,47.61241],[8.94406,47.61199],[8.94421,47.61185],[8.94437,47.61151],[8.94432,47.61116],[8.94423,47.611],[8.94408,47.61085],[8.9439,47.61073],[8.94368,47.61063],[8.94344,47.61056],[8.94252,47.61036],[8.94224,47.61028],[8.94204,47.6102],[8.94169,47.61],[8.94145,47.60992],[8.94119,47.60987],[8.94026,47.60979],[8.93843,47.60967],[8.9383,47.60965],[8.93804,47.6096],[8.93784,47.60956],[8.93773,47.60953],[8.93752,47.60948],[8.93745,47.60946],[8.93691,47.60931],[8.93663,47.60921],[8.9358,47.60883],[8.93529,47.60879],[8.93482,47.60887],[8.93458,47.60891],[8.93439,47.60893],[8.93435,47.60893],[8.93129,47.60925],[8.93117,47.60926],[8.93097,47.60927],[8.93078,47.60928],[8.93059,47.60928],[8.93046,47.60928],[8.92971,47.60924],[8.92967,47.60924],[8.92934,47.60921],[8.92886,47.6091],[8.92849,47.60893],[8.9283,47.60878],[8.92771,47.60822],[8.92769,47.6082],[8.92729,47.60781],[8.92713,47.60762],[8.92705,47.60746],[8.92704,47.60711],[8.92712,47.6069],[8.92728,47.60668],[8.92749,47.60648],[8.92759,47.6063],[8.92763,47.60611],[8.92764,47.60576],[8.92781,47.60397],[8.92781,47.60388],[8.92779,47.60352],[8.92778,47.6035],[8.92774,47.60301],[8.92774,47.60281],[8.92777,47.60259],[8.92777,47.60257],[8.9278,47.60226],[8.9278,47.60224],[8.92784,47.6016],[8.92782,47.60139],[8.92771,47.60102],[8.92771,47.601],[8.92765,47.60083],[8.92762,47.60066],[8.92754,47.60046],[8.92741,47.60028],[8.92718,47.6001],[8.9269,47.59997],[8.92671,47.59989],[8.92656,47.59985],[8.9256,47.59956],[8.92531,47.59939],[8.92513,47.59922],[8.92502,47.59908],[8.92495,47.59859],[8.92522,47.59802],[8.92514,47.59751],[8.92502,47.59736],[8.92485,47.59723],[8.92466,47.59712],[8.92444,47.59704],[8.92013,47.59578],[8.92005,47.59576],[8.91992,47.59572],[8.91966,47.59561],[8.91964,47.5956],[8.91954,47.59555],[8.91931,47.59542],[8.91908,47.59532],[8.91826,47.59522],[8.9177,47.5953],[8.91561,47.59504],[8.9136,47.59461],[8.91318,47.59439],[8.91292,47.59407],[8.91263,47.59341]]]},"properties":{"bfs_nr":4841,"name":"Pfyn"}},{"type":"Feature","geometry":{"type":"Polygon","coordinates":[[[9.01913,47.62382],[9.01919,47.62344],[9.01953,47.6229],[9.01943,47.62214],[9.01957,47.6217],[9.02007,47.62128],[9.02082,47.621],[9.02134,47.62092],[9.02231,47.62097],[9.02336,47.62111],[9.02402,47.62138],[9.02524,47.62171],[9.02574,47.62172],[9.02651,47.62165],[9.02731,47.62179],[9.02781,47.62185],[9.0293,47.62219],[9.03053,47.62222],[9.0312,47.62242],[9.03192,47.62248],[9.03256,47.62265],[9.03535,47.62259],[9.03633,47.62279],[9.03745,47.62268],[9.0386,47.6228],[9.03932,47.62277],[9.04005,47.62292],[9.04145,47.62311],[9.04173,47.62321],[9.04256,47.6234],[9.04378,47.62342],[9.04439,47.62356],[9.045,47.62358],[9.04572,47.6237],[9.04633,47.62399],[9.04719,47.62423],[9.04808,47.62422],[9.04859,47.62409],[9.0501,47.62408],[9.05058,47.62412],[9.05106,47.62428],[9.05165,47.62443],[9.05193,47.62448],[9.05248,47.62446],[9.05298,47.62429],[9.0541,47.6237],[9.05463,47.6236],[9.05517,47.62365],[9.05548,47.62376],[9.05605,47.62411],[9.05639,47.6249],[9.05673,47.62518],[9.05718,47.62539],[9.0574,47.62553],[9.05755,47.62568],[9.05771,47.62603],[9.0576,47.62663],[9.05771,47.62699],[9.05802,47.6273],[9.05858,47.62759],[9.05884,47.62789],[9.0592,47.62855],[9.0592,47.62889],[9.05901,47.62921],[9.05865,47.62946],[9.05807,47.62969],[9.05775,47.62997],[9.05761,47.63031],[9.05783,47.63098],[9.05836,47.63173],[9.05841,47.63207],[9.05836,47.63223],[9.05825,47.63243],[9.05734,47.63367],[9.05725,47.63383],[9.0572,47.634],[9.05721,47.63418],[9.05726,47.63435],[9.05737,47.63451],[9.0577,47.63477],[9.05815,47.63493],[9.05864,47.63503],[9.0589,47.63507],[9.05915,47.63507],[9.05964,47.63497],[9.05986,47.63487],[9.05997,47.6348],[9.06006,47.63474],[9.06019,47.63463],[9.06027,47.63456],[9.06035,47.63448],[9.06102,47.63368],[9.0612,47.63351],[9.06184,47.63323],[9.06234,47.6332],[9.06259,47.63323],[9.06288,47.63331],[9.06378,47.63366],[9.06412,47.63394],[9.0644,47.63437],[9.06481,47.63463],[9.06507,47.63472],[9.06605,47.63497],[9.06613,47.63499],[9.06618,47.635],[9.06634,47.63503],[9.06651,47.63504],[9.06659,47.63504],[9.06663,47.63505],[9.06693,47.63505],[9.06704,47.63506],[9.06762,47.63509],[9.06816,47.63516],[9.06896,47.63516],[9.06972,47.63525],[9.07004,47.63531],[9.07027,47.63539],[9.07064,47.63563],[9.07077,47.63578],[9.07085,47.63595],[9.07088,47.63612],[9.07086,47.63633],[9.07087,47.63651],[9.07093,47.6367],[9.07105,47.63687],[9.07122,47.63701],[9.07143,47.63714],[9.07168,47.63723],[9.07245,47.63736],[9.07305,47.63768],[9.07326,47.63799],[9.07321,47.6385],[9.0729,47.63892],[9.07284,47.63907],[9.07281,47.63924],[9.07283,47.6394],[9.07313,47.6405],[9.07338,47.64098],[9.07344,47.64148],[9.07361,47.64178],[9.07399,47.64214],[9.07411,47.64248],[9.07403,47.64282],[9.07392,47.64297],[9.07373,47.64315],[9.07256,47.64403],[9.07174,47.64477],[9.07091,47.6453],[9.07057,47.64573],[9.07039,47.64616],[9.07013,47.64647],[9.06978,47.64668],[9.06891,47.64685],[9.06857,47.64682],[9.06836,47.64678],[9.06807,47.64676],[9.06792,47.64676],[9.06768,47.64677],[9.06753,47.64679],[9.06701,47.6468],[9.06619,47.64676],[9.06571,47.64667],[9.06514,47.64637],[9.06469,47.64625],[9.06407,47.64623],[9.06381,47.64618],[9.06357,47.64611],[9.0633,47.64598],[9.06169,47.64501],[9.06146,47.64484],[9.06116,47.64459],[9.0611,47.64454],[9.06082,47.64427],[9.06025,47.64396],[9.05977,47.6439],[9.05929,47.64395],[9.05862,47.64415],[9.05781,47.64424],[9.05714,47.64456],[9.05687,47.64484],[9.05649,47.64505],[9.05578,47.64516],[9.05508,47.64503],[9.05446,47.64476],[9.05366,47.64469],[9.05316,47.64483],[9.05267,47.64525],[9.05258,47.64561],[9.05268,47.64614],[9.05256,47.64659],[9.05262,47.64696],[9.05263,47.64715],[9.05263,47.64719],[9.05262,47.6473],[9.05255,47.64767],[9.05247,47.64789],[9.0524,47.64802],[9.05232,47.64815],[9.05106,47.65001],[9.05094,47.65037],[9.05105,47.65103],[9.05089,47.65136],[9.05056,47.65163],[9.05033,47.65173],[9.05003,47.65181],[9.04842,47.65211],[9.04796,47.65227],[9.04753,47.65253],[9.04722,47.65265],[9.04699,47.65272],[9.04675,47.65277],[9.04657,47.6528],[9.04604,47.65278],[9.04414,47.65255],[9.04381,47.65252],[9.04341,47.65249],[9.04336,47.65249],[9.04307,47.65248],[9.04279,47.65249],[9.04252,47.65254],[9.04228,47.65263],[9.04206,47.65275],[9.04189,47.65289],[9.04173,47.65306],[9.04156,47.65319],[9.04084,47.65366],[9.04054,47.65397],[9.04031,47.65457],[9.03995,47.65486],[9.03906,47.65519],[9.03852,47.6553],[9.03743,47.65538],[9.03679,47.65536],[9.03592,47.6555],[9.03412,47.6556],[9.03286,47.65553],[9.03236,47.6554],[9.03198,47.65516],[9.03159,47.65472],[9.03146,47.65426],[9.03164,47.65379],[9.03194,47.65352],[9.03236,47.65334],[9.03284,47.65328],[9.03315,47.6533],[9.0354,47.65358],[9.03592,47.65358],[9.0364,47.65344],[9.03676,47.65319],[9.03698,47.65268],[9.03671,47.65189],[9.03654,47.65159],[9.03607,47.65107],[9.03576,47.65083],[9.03556,47.65074],[9.0349,47.65057],[9.03371,47.65035],[9.03323,47.65021],[9.03276,47.6499],[9.03249,47.64954],[9.03189,47.64879],[9.0318,47.64865],[9.03172,47.64851],[9.03162,47.6483],[9.03155,47.64808],[9.03155,47.6479],[9.03171,47.64756],[9.03205,47.64729],[9.03227,47.64719],[9.03278,47.6471],[9.0339,47.64716],[9.03463,47.64699],[9.0351,47.64657],[9.03514,47.64592],[9.03535,47.64534],[9.03582,47.64469],[9.03649,47.6441],[9.03672,47.64371],[9.03673,47.64352],[9.03659,47.64315],[9.03623,47.64278],[9.03595,47.64257],[9.03572,47.64224],[9.03563,47.64187],[9.0354,47.64126],[9.03481,47.64],[9.03494,47.63946],[9.03558,47.63883],[9.03594,47.63854],[9.03645,47.63788],[9.03653,47.63767],[9.03651,47.63718],[9.03632,47.63671],[9.03577,47.63603],[9.0353,47.63565],[9.0349,47.63503],[9.03472,47.63484],[9.03406,47.63442],[9.03359,47.63422],[9.0323,47.63394],[9.03169,47.63376],[9.03117,47.63346],[9.03095,47.63312],[9.03093,47.63273],[9.0308,47.63241],[9.0305,47.63215],[9.03008,47.63197],[9.02954,47.63185],[9.02913,47.63161],[9.02892,47.63137],[9.02881,47.63113],[9.02879,47.63093],[9.02885,47.63054],[9.02874,47.63018],[9.02822,47.62956],[9.02797,47.62936],[9.02641,47.62849],[9.02587,47.62822],[9.02544,47.62763],[9.02498,47.62725],[9.02392,47.62675],[9.02333,47.62633],[9.02302,47.62589],[9.02273,47.62564],[9.02225,47.62543],[9.02149,47.62498],[9.02063,47.62476],[9.01981,47.62462],[9.01941,47.62438],[9.01913,47.62382]]]},"properties":{"bfs_nr":4846,"name":"Raperswilen"}},{"type":"Feature","geometry":{"type":"Polygon","coordinates":[[[9.03725,47.67011],[9.03762,47.66976],[9.03804,47.66952],[9.03895,47.66921],[9.03924,47.66893],[9.03939,47.66812],[9.03962,47.66765],[9.03971,47.66726],[9.03982,47.66708],[9.04014,47.66682],[9.04059,47.6666],[9.04088,47.66638],[9.04108,47.66612],[9.04161,47.6657],[9.04182,47.66536],[9.04182,47.66499],[9.04141,47.66452],[9.04093,47.66425],[9.04056,47.66379],[9.04051,47.66345],[9.04068,47.66304],[9.04059,47.66201],[9.04053,47.66164],[9.04068,47.66032],[9.04089,47.65982],[9.04111,47.65851],[9.04156,47.65801],[9.04174,47.65768],[9.04173,47.65733],[9.04132,47.65668],[9.041,47.65637],[9.0408,47.65603],[9.04077,47.6557],[9.04087,47.65508],[9.04058,47.65446],[9.04056,47.65409],[9.04076,47.65375],[9.0416,47.65316],[9.04178,47.65301],[9.04198,47.65281],[9.04215,47.6527],[9.04236,47.6526],[9.04282,47.65249],[9.04313,47.65248],[9.04342,47.65249],[9.04379,47.65251],[9.04415,47.65255],[9.04613,47.65279],[9.04651,47.6528],[9.04675,47.65278],[9.04694,47.65273],[9.04729,47.65263],[9.04754,47.65253],[9.04797,47.65227],[9.04848,47.6521],[9.05022,47.65177],[9.05046,47.65171],[9.05086,47.65151],[9.05112,47.65121],[9.05119,47.65087],[9.05103,47.6504],[9.05116,47.64986],[9.05234,47.64813],[9.05239,47.64805],[9.05249,47.64785],[9.05254,47.64771],[9.05257,47.64758],[9.05258,47.64754],[9.05262,47.64728],[9.05263,47.64721],[9.05264,47.64706],[9.05257,47.64656],[9.0527,47.64611],[9.05269,47.64566],[9.05284,47.64532],[9.0534,47.64495],[9.05391,47.64485],[9.05444,47.6449],[9.05495,47.64504],[9.05592,47.64518],[9.05645,47.64512],[9.05708,47.64478],[9.05733,47.64452],[9.05775,47.64429],[9.05832,47.64419],[9.05885,47.6442],[9.05963,47.64404],[9.06013,47.64405],[9.06059,47.64417],[9.06099,47.64443],[9.06111,47.64455],[9.06115,47.64459],[9.06149,47.64487],[9.06165,47.64499],[9.06341,47.64604],[9.06362,47.64615],[9.06385,47.64622],[9.06462,47.6463],[9.06544,47.64665],[9.06598,47.64677],[9.0671,47.64681],[9.06744,47.6468],[9.06799,47.64676],[9.06843,47.64679],[9.06866,47.64683],[9.06889,47.64685],[9.06959,47.64677],[9.0701,47.64677],[9.07058,47.64691],[9.07094,47.64715],[9.07138,47.64787],[9.07179,47.64812],[9.07268,47.64847],[9.07377,47.64864],[9.07451,47.64886],[9.07488,47.64908],[9.07538,47.64969],[9.07585,47.65013],[9.07605,47.65045],[9.07634,47.65075],[9.07676,47.651],[9.07722,47.65141],[9.0774,47.65176],[9.07738,47.65209],[9.07691,47.65284],[9.07686,47.653],[9.0769,47.65334],[9.07732,47.65396],[9.07738,47.65428],[9.07726,47.65459],[9.07685,47.65524],[9.07683,47.65556],[9.07706,47.65616],[9.07688,47.65673],[9.07634,47.65722],[9.07623,47.65754],[9.07619,47.6582],[9.07577,47.6586],[9.07556,47.65869],[9.07528,47.65877],[9.07138,47.65959],[9.07134,47.6596],[9.07084,47.65979],[9.07051,47.6601],[9.07028,47.66065],[9.07029,47.66101],[9.0707,47.66147],[9.07128,47.66168],[9.07221,47.66188],[9.07269,47.66231],[9.07277,47.66267],[9.07261,47.66306],[9.07205,47.66365],[9.07095,47.66411],[9.06983,47.66486],[9.06964,47.66496],[9.06898,47.66531],[9.0685,47.66548],[9.06791,47.66553],[9.06744,47.66566],[9.06673,47.66599],[9.06564,47.66626],[9.06428,47.66684],[9.06409,47.66694],[9.06346,47.66734],[9.06319,47.66752],[9.06312,47.66757],[9.063,47.66765],[9.06286,47.66779],[9.06257,47.66808],[9.06256,47.66809],[9.06247,47.66816],[9.06217,47.66837],[9.062,47.66851],[9.06181,47.66884],[9.06183,47.6692],[9.06237,47.67018],[9.0625,47.67037],[9.06265,47.67053],[9.06271,47.67059],[9.06306,47.67092],[9.06309,47.67094],[9.06312,47.67096],[9.06319,47.67102],[9.06322,47.67105],[9.06337,47.67117],[9.06345,47.67125],[9.06376,47.67177],[9.06386,47.6719],[9.06415,47.67217],[9.06445,47.67262],[9.06456,47.67301],[9.06444,47.67336],[9.06392,47.67376],[9.06342,47.67388],[9.06259,47.67384],[9.06079,47.67386],[9.06008,47.67389],[9.05888,47.67411],[9.05752,47.67442],[9.05705,47.67442],[9.05656,47.67432],[9.05577,47.67403],[9.05534,47.67395],[9.05384,47.67386],[9.05237,47.67396],[9.05186,47.67411],[9.05136,47.6744],[9.0508,47.67452],[9.05006,47.67458],[9.04917,47.67456],[9.04843,47.67446],[9.04781,47.67418],[9.04725,47.67367],[9.0467,47.67334],[9.04629,47.67317],[9.04562,47.67302],[9.04484,47.67298],[9.04435,47.67284],[9.04398,47.67258],[9.04378,47.6722],[9.04369,47.67182],[9.0436,47.67153],[9.04377,47.67084],[9.04368,47.67051],[9.04342,47.67023],[9.04303,47.67003],[9.0423,47.66981],[9.04177,47.66978],[9.04127,47.66989],[9.04073,47.67028],[9.04051,47.67093],[9.04022,47.67125],[9.04003,47.67136],[9.03981,47.67145],[9.03956,47.67151],[9.03925,47.67154],[9.03877,47.67155],[9.03849,47.67155],[9.03831,47.67154],[9.03799,47.6715],[9.03754,47.67135],[9.03721,47.67111],[9.03703,47.67079],[9.03703,47.67046],[9.03725,47.67011]]]},"properties":{"bfs_nr":4851,"name":"Salenstein"}},{"type":"Feature","geometry":{"type":"Polygon","coordinates":[[[8.94822,47.6518],[8.94877,47.65128],[8.94937,47.65094],[8.94964,47.65061],[8.94978,47.64963],[8.95013,47.64919],[8.95054,47.649],[8.95102,47.64892],[8.95142,47.64894],[8.95222,47.64896],[8.95228,47.64896],[8.95431,47.64896],[8.95451,47.64895],[8.95472,47.64893],[8.95552,47.64884],[8.95616,47.64886],[8.95698,47.649],[8.95765,47.64932],[8.95789,47.64939],[8.95814,47.64943],[8.9584,47.64943],[8.9589,47.64934],[8.96,47.64888],[8.96055,47.64861],[8.961,47.64845],[8.96159,47.64829],[8.96204,47.64816],[8.96252,47.64813],[8.96344,47.6483],[8.96424,47.6482],[8.96515,47.64757],[8.9658,47.64736],[8.96612,47.64723],[8.96705,47.64674],[8.96751,47.64664],[8.968,47.64666],[8.9687,47.64691],[8.969,47.64719],[8.96939,47.64795],[8.96946,47.64823],[8.96971,47.64854],[8.97035,47.64882],[8.97061,47.64886],[8.9708,47.64887],[8.97095,47.64887],[8.97195,47.64888],[8.97225,47.64886],[8.97237,47.64885],[8.97267,47.64878],[8.97278,47.64875],[8.97298,47.64867],[8.97344,47.64842],[8.97395,47.6483],[8.97423,47.64829],[8.97458,47.64833],[8.97546,47.64848],[8.97609,47.64849],[8.97659,47.64862],[8.97757,47.649],[8.97815,47.64912],[8.97865,47.64912],[8.97933,47.64894],[8.97982,47.6489],[8.98098,47.64903],[8.98156,47.649],[8.98203,47.64898],[8.98212,47.64898],[8.98232,47.64897],[8.9833,47.64884],[8.98452,47.64855],[8.9851,47.64848],[8.98561,47.64856],[8.98603,47.64877],[8.9863,47.64908],[8.98638,47.6493],[8.98639,47.64934],[8.98645,47.64952],[8.98649,47.64977],[8.98649,47.65006],[8.98649,47.65009],[8.98647,47.65018],[8.98638,47.65052],[8.98627,47.65082],[8.98622,47.65117],[8.98644,47.65169],[8.98682,47.65195],[8.98733,47.65208],[8.98812,47.652],[8.98902,47.65161],[8.98959,47.65144],[8.99081,47.65098],[8.99159,47.65076],[8.99212,47.65076],[8.99251,47.65082],[8.99424,47.65095],[8.99457,47.65099],[8.99733,47.65152],[8.99808,47.65182],[8.99861,47.65197],[8.99957,47.65214],[9.00004,47.65215],[9.00106,47.65191],[9.00157,47.65162],[9.00267,47.65135],[9.00324,47.65132],[9.00373,47.65143],[9.00412,47.65166],[9.00435,47.65196],[9.0044,47.65231],[9.00428,47.65269],[9.00431,47.65302],[9.00469,47.65345],[9.00511,47.65363],[9.00588,47.65373],[9.00677,47.65392],[9.00765,47.65396],[9.00862,47.65411],[9.00968,47.65422],[9.0102,47.65429],[9.0111,47.65439],[9.01158,47.65458],[9.01194,47.65483],[9.01239,47.65498],[9.01288,47.65501],[9.01358,47.65497],[9.01422,47.65487],[9.01482,47.65455],[9.01502,47.65423],[9.01512,47.65357],[9.0157,47.65276],[9.01582,47.65228],[9.01591,47.65212],[9.01605,47.65197],[9.01622,47.65185],[9.01642,47.65175],[9.01688,47.65162],[9.01796,47.65146],[9.01868,47.65156],[9.01907,47.65177],[9.01934,47.65211],[9.01954,47.65251],[9.01973,47.65282],[9.01982,47.653],[9.01986,47.65319],[9.01989,47.65358],[9.01994,47.65376],[9.02028,47.6546],[9.02036,47.65476],[9.02049,47.6549],[9.02066,47.65503],[9.02086,47.65513],[9.02108,47.65521],[9.02132,47.65525],[9.02156,47.65527],[9.02181,47.65525],[9.0221,47.65522],[9.02246,47.65515],[9.02288,47.65505],[9.02375,47.6549],[9.02468,47.65465],[9.02545,47.65466],[9.02574,47.65464],[9.02603,47.65461],[9.02626,47.65456],[9.0268,47.65451],[9.02727,47.65451],[9.02764,47.65453],[9.02797,47.65457],[9.02847,47.65465],[9.02937,47.65473],[9.02967,47.65474],[9.03044,47.65464],[9.03108,47.65469],[9.03153,47.65486],[9.03196,47.65531],[9.032,47.6557],[9.03165,47.6562],[9.0312,47.65641],[9.02992,47.65661],[9.02951,47.65678],[9.02922,47.65702],[9.02889,47.65745],[9.02874,47.65773],[9.02867,47.65793],[9.02861,47.65824],[9.0285,47.65883],[9.0285,47.65884],[9.02847,47.65899],[9.0284,47.65919],[9.02829,47.65937],[9.02816,47.65953],[9.028,47.6597],[9.02783,47.65982],[9.02758,47.65994],[9.02713,47.66012],[9.02642,47.66043],[9.02604,47.66052],[9.02562,47.66075],[9.0252,47.66131],[9.02501,47.66145],[9.02472,47.6616],[9.02429,47.66177],[9.02357,47.66199],[9.02339,47.66209],[9.02317,47.66223],[9.02264,47.66251],[9.0224,47.66262],[9.02214,47.6627],[9.02149,47.66286],[9.02098,47.66304],[9.02049,47.66319],[9.02024,47.66326],[9.01997,47.66329],[9.01904,47.66334],[9.01825,47.66348],[9.01781,47.66368],[9.01752,47.66398],[9.01719,47.66458],[9.01672,47.66492],[9.01616,47.66544],[9.01591,47.66553],[9.01557,47.66562],[9.01534,47.66569],[9.01492,47.66581],[9.0147,47.6659],[9.0145,47.66601],[9.01435,47.66614],[9.01415,47.66635],[9.01407,47.66641],[9.0138,47.66658],[9.01338,47.66676],[9.01319,47.66691],[9.01295,47.66725],[9.01261,47.66751],[9.01216,47.66768],[9.01184,47.66772],[9.01154,47.66773],[9.01125,47.66775],[9.01087,47.66775],[9.0104,47.66772],[9.00976,47.66767],[9.00911,47.66763],[9.00896,47.66761],[9.00851,47.66756],[9.00834,47.66755],[9.00804,47.66753],[9.00744,47.66753],[9.00686,47.66742],[9.00658,47.66738],[9.00631,47.66739],[9.00604,47.66743],[9.00579,47.66751],[9.00557,47.66762],[9.00538,47.66776],[9.00517,47.6681],[9.00513,47.66822],[9.00504,47.66852],[9.00496,47.66876],[9.0049,47.66897],[9.00489,47.66902],[9.0048,47.66943],[9.00468,47.66973],[9.00451,47.67009],[9.00441,47.67044],[9.00429,47.67065],[9.00394,47.67093],[9.00319,47.67112],[9.00181,47.67116],[9.00061,47.67138],[8.99982,47.67135],[8.99842,47.67112],[8.9977,47.67094],[8.99655,47.67042],[8.99204,47.66903],[8.99002,47.66872],[8.98927,47.66842],[8.98846,47.66836],[8.98758,47.66864],[8.98629,47.66921],[8.98579,47.66929],[8.98514,47.66926],[8.9845,47.66934],[8.98384,47.66928],[8.98279,47.66898],[8.98219,47.66862],[8.98152,47.6683],[8.98095,47.66783],[8.98023,47.66691],[8.98016,47.66659],[8.98031,47.66612],[8.98027,47.66575],[8.97997,47.66531],[8.97962,47.66508],[8.97896,47.66485],[8.97839,47.66457],[8.97795,47.66446],[8.97693,47.66447],[8.97418,47.66498],[8.97362,47.66495],[8.97315,47.66477],[8.97273,47.66433],[8.97255,47.6638],[8.97154,47.66241],[8.97139,47.662],[8.97143,47.66155],[8.97174,47.66099],[8.97186,47.66057],[8.97175,47.66015],[8.97141,47.65981],[8.97085,47.65947],[8.9698,47.65902],[8.96879,47.65869],[8.96716,47.65821],[8.96665,47.658],[8.96538,47.65759],[8.96275,47.65647],[8.96195,47.6563],[8.96123,47.6563],[8.9608,47.65642],[8.95839,47.65742],[8.95764,47.65749],[8.95716,47.65737],[8.95621,47.65683],[8.95588,47.65655],[8.95554,47.65592],[8.95521,47.65565],[8.95434,47.65517],[8.9534,47.65458],[8.95308,47.65444],[8.95217,47.65417],[8.95151,47.65409],[8.95096,47.6541],[8.95041,47.65422],[8.94987,47.6542],[8.9492,47.65391],[8.94875,47.65334],[8.94832,47.65299],[8.94803,47.65241],[8.94822,47.6518]]]},"properties":{"bfs_nr":4864,"name":"Steckborn"}},{"type":"Feature","geometry":{"type":"Polygon","coordinates":[[[8.79937,47.67558],[8.79981,47.67493],[8.79989,47.67449],[8.8,47.67334],[8.79999,47.67317],[8.79994,47.673],[8.79959,47.67226],[8.79951,47.67189],[8.79963,47.67138],[8.79942,47.67064],[8.79962,47.67013],[8.79999,47.66984],[8.80023,47.6695],[8.80026,47.66908],[8.80042,47.66875],[8.80075,47.66849],[8.8017,47.66824],[8.80307,47.66775],[8.80409,47.66748],[8.8044,47.66738],[8.80445,47.66735],[8.80453,47.66731],[8.8053,47.6669],[8.80554,47.66676],[8.80581,47.66644],[8.8059,47.66569],[8.80572,47.66532],[8.80539,47.665],[8.80522,47.66448],[8.80497,47.66418],[8.80454,47.66393],[8.80425,47.66366],[8.80412,47.66329],[8.80402,47.66234],[8.80374,47.66136],[8.80392,47.66085],[8.80463,47.66035],[8.80485,47.66001],[8.80498,47.65851],[8.80486,47.65771],[8.80473,47.65724],[8.80455,47.65623],[8.80447,47.65546],[8.80461,47.65514],[8.80508,47.65462],[8.80515,47.65425],[8.80497,47.653],[8.80512,47.65246],[8.80544,47.65219],[8.80594,47.65201],[8.80773,47.65179],[8.80906,47.65176],[8.81019,47.65155],[8.81106,47.6512],[8.81203,47.65085],[8.8134,47.65016],[8.81481,47.64982],[8.81558,47.64979],[8.81639,47.64957],[8.81728,47.64945],[8.81856,47.64899],[8.81919,47.64893],[8.81985,47.64901],[8.82077,47.64894],[8.82265,47.64847],[8.82314,47.64831],[8.82377,47.64802],[8.82449,47.64776],[8.82506,47.64731],[8.82595,47.64698],[8.82629,47.64671],[8.82647,47.6462],[8.82592,47.64453],[8.82598,47.64418],[8.82619,47.6439],[8.8266,47.64357],[8.82684,47.64326],[8.82691,47.64257],[8.82715,47.64218],[8.82733,47.64142],[8.82759,47.6411],[8.82772,47.64061],[8.82749,47.63994],[8.82743,47.63936],[8.8273,47.63903],[8.8269,47.63858],[8.82673,47.63784],[8.82687,47.6375],[8.82719,47.63721],[8.82741,47.63711],[8.82772,47.63702],[8.82841,47.63687],[8.82843,47.63687],[8.83179,47.63618],[8.8318,47.63618],[8.83466,47.63558],[8.83479,47.63554],[8.83522,47.63546],[8.83631,47.63522],[8.83671,47.63515],[8.83796,47.63487],[8.83826,47.63482],[8.83905,47.63491],[8.84185,47.63578],[8.84186,47.63579],[8.84314,47.63618],[8.8436,47.63637],[8.8441,47.63665],[8.8443,47.63675],[8.84453,47.63681],[8.84477,47.63685],[8.84502,47.63686],[8.84526,47.63684],[8.84764,47.63645],[8.84814,47.63642],[8.84881,47.63636],[8.84976,47.63638],[8.85023,47.63647],[8.85051,47.63659],[8.85072,47.63673],[8.85106,47.63721],[8.8511,47.63747],[8.85108,47.63761],[8.85107,47.63763],[8.85107,47.63766],[8.851,47.63781],[8.85088,47.63814],[8.85072,47.63843],[8.85068,47.63862],[8.85082,47.63925],[8.85085,47.63973],[8.85079,47.64108],[8.85058,47.64156],[8.85061,47.64209],[8.85047,47.64287],[8.85006,47.64349],[8.84983,47.64393],[8.84922,47.64474],[8.84918,47.64545],[8.84914,47.64562],[8.84905,47.64579],[8.84888,47.64597],[8.84821,47.6465],[8.84796,47.6468],[8.84789,47.64714],[8.8481,47.64789],[8.84882,47.64855],[8.8496,47.64918],[8.85009,47.6501],[8.85004,47.65047],[8.84959,47.65092],[8.8467,47.65215],[8.84637,47.65244],[8.84624,47.6528],[8.84646,47.65332],[8.84688,47.65367],[8.84704,47.65399],[8.84703,47.65439],[8.84716,47.65472],[8.84746,47.655],[8.8479,47.65518],[8.84881,47.65532],[8.84922,47.65552],[8.84963,47.65592],[8.85204,47.65805],[8.85271,47.65882],[8.85313,47.65909],[8.85381,47.65969],[8.85418,47.66019],[8.85422,47.66052],[8.85409,47.66084],[8.85379,47.6611],[8.85322,47.66135],[8.85223,47.66162],[8.85073,47.66192],[8.84994,47.6622],[8.84835,47.66291],[8.84715,47.66324],[8.84253,47.66412],[8.84213,47.66421],[8.84147,47.66448],[8.84106,47.66475],[8.84056,47.66531],[8.84005,47.66618],[8.83981,47.66668],[8.83964,47.66726],[8.83952,47.66848],[8.83928,47.66912],[8.83896,47.66962],[8.83836,47.67027],[8.83774,47.67074],[8.83591,47.67193],[8.83493,47.67243],[8.83364,47.67296],[8.8325,47.6735],[8.83094,47.67432],[8.83004,47.67463],[8.82882,47.67485],[8.82723,47.67487],[8.82607,47.6751],[8.82396,47.67589],[8.82296,47.67623],[8.82092,47.67685],[8.81861,47.67744],[8.81728,47.67773],[8.81668,47.67783],[8.81572,47.6779],[8.81515,47.67789],[8.81387,47.67772],[8.80989,47.67692],[8.80933,47.67684],[8.80861,47.67687],[8.80803,47.67699],[8.80753,47.67718],[8.80606,47.67789],[8.80543,47.67813],[8.80468,47.6783],[8.80409,47.67836],[8.80337,47.67834],[8.80236,47.67814],[8.8014,47.67773],[8.7997,47.67673],[8.79926,47.67628],[8.79925,47.67578],[8.79937,47.67558]]]},"properties":{"bfs_nr":4871,"name":"Wagenhausen"}},{"type":"Feature","geometry":{"type":"Polygon","coordinates":[[[8.99942,47.54723],[8.99911,47.54714],[8.99871,47.5469],[8.99857,47.54675],[8.99844,47.5464],[8.99845,47.54621],[8.99864,47.54588],[8.99901,47.54562],[8.9995,47.54548],[9.00008,47.54546],[9.00217,47.54543],[9.00219,47.54543],[9.00345,47.54542],[9.00366,47.54542],[9.00376,47.54543],[9.00416,47.54548],[9.00442,47.54551],[9.00468,47.5455],[9.00494,47.54546],[9.00517,47.54538],[9.00538,47.54528],[9.00556,47.54515],[9.0057,47.54499],[9.00578,47.54482],[9.00582,47.54465],[9.00584,47.54437],[9.00587,47.54423],[9.00589,47.54417],[9.006,47.54396],[9.00629,47.54368],[9.00673,47.54349],[9.00723,47.54343],[9.00773,47.54351],[9.00843,47.54379],[9.00896,47.54386],[9.00924,47.54384],[9.0095,47.54378],[9.00973,47.54368],[9.00994,47.54356],[9.01023,47.54325],[9.01056,47.54303],[9.01108,47.54279],[9.01155,47.54267],[9.0123,47.54274],[9.01302,47.54301],[9.01366,47.54309],[9.01413,47.54325],[9.01522,47.54407],[9.0155,47.54427],[9.01569,47.54438],[9.01645,47.5448],[9.01737,47.54545],[9.01789,47.5456],[9.0191,47.54557],[9.0194,47.54564],[9.01987,47.54582],[9.02031,47.54603],[9.02126,47.54678],[9.02275,47.54747],[9.02324,47.54753],[9.02372,47.54746],[9.02507,47.54703],[9.02544,47.54681],[9.02584,47.54627],[9.02629,47.54597],[9.02691,47.54571],[9.02736,47.54563],[9.02788,47.54565],[9.02864,47.54581],[9.02904,47.54593],[9.02965,47.54621],[9.03016,47.5465],[9.03038,47.54662],[9.03084,47.54683],[9.03114,47.54694],[9.03128,47.54699],[9.03145,47.54704],[9.03201,47.54719],[9.0324,47.5474],[9.03297,47.54793],[9.03324,47.5483],[9.03341,47.54844],[9.03361,47.54855],[9.03469,47.54904],[9.0353,47.54934],[9.03543,47.54941],[9.03545,47.54941],[9.03557,47.54947],[9.03573,47.54953],[9.03584,47.54956],[9.03606,47.54962],[9.03668,47.54969],[9.03799,47.54996],[9.03843,47.55003],[9.03866,47.55004],[9.03903,47.55001],[9.04011,47.54985],[9.04107,47.54988],[9.04194,47.54956],[9.04248,47.54943],[9.04337,47.54943],[9.04494,47.5492],[9.04549,47.54926],[9.04653,47.54929],[9.04726,47.54913],[9.04782,47.54892],[9.04859,47.54877],[9.04916,47.54877],[9.05067,47.54917],[9.05216,47.54934],[9.05325,47.54937],[9.05369,47.54951],[9.0541,47.54975],[9.05453,47.55014],[9.05494,47.5504],[9.05526,47.55071],[9.05537,47.55102],[9.05531,47.55134],[9.0549,47.55189],[9.05482,47.55225],[9.05496,47.5526],[9.05552,47.55299],[9.05623,47.5532],[9.05705,47.55335],[9.05745,47.55359],[9.05779,47.55398],[9.0582,47.55419],[9.0587,47.55429],[9.05982,47.55424],[9.0603,47.55432],[9.06078,47.55455],[9.06157,47.55474],[9.06199,47.55496],[9.06239,47.55546],[9.06298,47.55579],[9.06379,47.55595],[9.06429,47.55622],[9.06501,47.55643],[9.0654,47.55665],[9.06595,47.55727],[9.06616,47.55739],[9.06654,47.55755],[9.06658,47.55757],[9.06679,47.55765],[9.06681,47.55766],[9.06737,47.55788],[9.06763,47.55802],[9.06784,47.5582],[9.06848,47.55894],[9.06854,47.55901],[9.06861,47.55911],[9.06863,47.55913],[9.06872,47.55926],[9.06882,47.55945],[9.06886,47.55961],[9.06884,47.55998],[9.06896,47.56032],[9.06948,47.56118],[9.0695,47.56151],[9.0692,47.56196],[9.06882,47.56217],[9.06779,47.56241],[9.06733,47.56258],[9.06701,47.56286],[9.06691,47.56303],[9.06688,47.56338],[9.06694,47.56356],[9.06723,47.56399],[9.06776,47.56527],[9.068,47.56553],[9.06845,47.56588],[9.06852,47.56593],[9.06866,47.56602],[9.06959,47.56671],[9.06993,47.56696],[9.0723,47.5687],[9.07231,47.56871],[9.07369,47.56971],[9.0737,47.56972],[9.07503,47.57071],[9.07522,47.57088],[9.07533,47.57104],[9.07558,47.57169],[9.07557,47.57202],[9.07522,47.57246],[9.07452,47.57279],[9.07379,47.57307],[9.07234,47.57319],[9.0719,47.57333],[9.07154,47.57356],[9.07134,47.57385],[9.0713,47.57418],[9.07143,47.5745],[9.07143,47.57486],[9.07122,47.57519],[9.07085,47.57543],[9.06961,47.57576],[9.06868,47.57566],[9.06818,47.57567],[9.06753,47.5759],[9.06706,47.57627],[9.06637,47.5765],[9.06586,47.57649],[9.06537,47.57637],[9.06449,47.57632],[9.06361,47.57596],[9.06309,47.57585],[9.06255,47.57589],[9.0616,47.5761],[9.06015,47.57642],[9.05982,47.57647],[9.05929,47.57644],[9.05883,47.57627],[9.0585,47.57599],[9.05838,47.57577],[9.05791,47.5746],[9.05766,47.57427],[9.05747,47.57414],[9.05699,47.57397],[9.05645,47.57394],[9.05619,47.57399],[9.05567,47.5741],[9.05492,47.57424],[9.05488,47.57425],[9.05462,47.57429],[9.05452,47.57431],[9.05418,47.57435],[9.05405,47.57436],[9.05351,47.57441],[9.05343,47.57442],[9.05263,47.57446],[9.05259,47.57446],[9.05175,47.5745],[9.05172,47.5745],[9.04966,47.57457],[9.04965,47.57457],[9.04707,47.57467],[9.04705,47.57467],[9.04611,47.57472],[9.04451,47.5748],[9.04289,47.57488],[9.04287,47.57488],[9.04177,47.57492],[9.04065,47.57497],[9.04061,47.57497],[9.03996,47.57501],[9.03985,47.57502],[9.03942,47.57507],[9.03933,47.57508],[9.03925,47.5751],[9.03876,47.57518],[9.03863,47.5752],[9.03809,47.57534],[9.038,47.57536],[9.03758,47.57548],[9.03755,47.57549],[9.03609,47.57595],[9.03416,47.57656],[9.03304,47.57691],[9.03189,47.57727],[9.0303,47.57778],[9.02472,47.57953],[9.02019,47.58093],[9.01988,47.581],[9.01937,47.58102],[9.01889,47.5809],[9.01838,47.58051],[9.0181,47.5799],[9.01765,47.57948],[9.01748,47.57911],[9.01737,47.57839],[9.01747,47.57789],[9.01769,47.57722],[9.01796,47.57675],[9.01789,47.57621],[9.0176,47.57591],[9.01689,47.57567],[9.01595,47.57563],[9.0153,47.57535],[9.01481,47.57484],[9.01441,47.57462],[9.01392,47.57452],[9.01301,47.57454],[9.01232,47.57435],[9.01175,47.57382],[9.01169,47.57349],[9.0118,47.57317],[9.01212,47.5728],[9.01222,47.57244],[9.0119,47.57179],[9.01182,47.57125],[9.01164,47.57087],[9.01147,47.57068],[9.01137,47.57057],[9.01106,47.57031],[9.01078,47.56995],[9.01029,47.56954],[9.01008,47.56903],[9.01021,47.56868],[9.01053,47.56839],[9.01147,47.56801],[9.01179,47.56774],[9.01194,47.56725],[9.01176,47.56676],[9.01138,47.56628],[9.0112,47.56584],[9.01134,47.56529],[9.01157,47.56501],[9.01165,47.56468],[9.01141,47.56417],[9.01068,47.56355],[9.01049,47.56323],[9.01047,47.56205],[9.01043,47.56171],[9.01023,47.5614],[9.00988,47.56116],[9.00966,47.56108],[9.00923,47.56101],[9.00821,47.56087],[9.00764,47.56062],[9.00738,47.56055],[9.0039,47.56013],[9.00318,47.56008],[9.0027,47.55995],[9.00221,47.55955],[9.00213,47.55898],[9.00243,47.55793],[9.0026,47.55759],[9.00289,47.55719],[9.00323,47.55687],[9.00403,47.55635],[9.00421,47.5562],[9.00434,47.55604],[9.00441,47.55586],[9.00456,47.5553],[9.00465,47.55506],[9.00506,47.55431],[9.00512,47.55417],[9.00515,47.55402],[9.00515,47.55387],[9.00514,47.55373],[9.00489,47.55321],[9.00481,47.55246],[9.00474,47.55233],[9.0045,47.55197],[9.00442,47.55186],[9.00427,47.5517],[9.00415,47.55159],[9.00401,47.55147],[9.0038,47.55134],[9.00357,47.55122],[9.00332,47.55106],[9.00276,47.55031],[9.00246,47.54937],[9.00229,47.54907],[9.00172,47.54856],[9.00149,47.54798],[9.00124,47.5477],[9.00085,47.5475],[9.00063,47.54744],[9.00026,47.54737],[9.00023,47.54737],[8.99998,47.54732],[8.99993,47.54731],[8.99942,47.54723]]]},"properties":{"bfs_nr":4881,"name":"Amlikon-Bissegg"}},{"type":"Feature","geometry":{"type":"Polygon","coordinates":[[[9.13816,47.56756],[9.13807,47.56731],[9.13821,47.56649],[9.1379,47.56537],[9.13801,47.56502],[9.13814,47.56486],[9.13853,47.56461],[9.13903,47.56449],[9.13937,47.56448],[9.14065,47.56453],[9.14082,47.56454],[9.14111,47.56455],[9.14138,47.56453],[9.14164,47.56447],[9.14187,47.56438],[9.14208,47.56426],[9.14224,47.56411],[9.14236,47.56395],[9.14242,47.56377],[9.14243,47.56358],[9.14226,47.56196],[9.14227,47.56175],[9.14232,47.56158],[9.14255,47.56129],[9.14292,47.56107],[9.1437,47.56095],[9.1491,47.56111],[9.15133,47.56117],[9.15278,47.56121],[9.15289,47.56121],[9.15302,47.56121],[9.15329,47.56118],[9.15394,47.56107],[9.15398,47.56106],[9.1576,47.56035],[9.15765,47.56034],[9.15785,47.5603],[9.15792,47.56028],[9.16263,47.55902],[9.16283,47.55897],[9.16367,47.55891],[9.16434,47.55917],[9.16462,47.55947],[9.16482,47.56003],[9.16566,47.56065],[9.16599,47.56151],[9.16634,47.5618],[9.16727,47.56213],[9.16749,47.56219],[9.16772,47.56222],[9.16801,47.56224],[9.16823,47.56225],[9.16828,47.56224],[9.16837,47.56224],[9.16858,47.56221],[9.16901,47.56215],[9.16985,47.56216],[9.17113,47.56207],[9.1717,47.5621],[9.17194,47.56216],[9.17216,47.56226],[9.17234,47.56238],[9.17249,47.56252],[9.17259,47.56268],[9.17266,47.56302],[9.17261,47.56323],[9.17202,47.56471],[9.1719,47.56534],[9.17129,47.56688],[9.17125,47.56706],[9.17126,47.56724],[9.17132,47.56741],[9.17144,47.56758],[9.1716,47.56772],[9.17179,47.56784],[9.17202,47.56793],[9.17228,47.56799],[9.17427,47.5683],[9.17501,47.56858],[9.17546,47.569],[9.17589,47.56918],[9.17652,47.5693],[9.17696,47.56931],[9.17799,47.56927],[9.17871,47.56906],[9.17904,47.56878],[9.17917,47.56843],[9.17909,47.56748],[9.17899,47.5671],[9.17903,47.56674],[9.17956,47.566],[9.18005,47.56562],[9.18201,47.56465],[9.18256,47.56448],[9.1831,47.56447],[9.18374,47.56465],[9.18437,47.56492],[9.18588,47.56513],[9.18674,47.56547],[9.18708,47.56574],[9.18783,47.56619],[9.18869,47.56665],[9.18977,47.56686],[9.19078,47.56739],[9.1933,47.56793],[9.19453,47.56845],[9.19529,47.569],[9.19562,47.56963],[9.1957,47.56999],[9.19558,47.57076],[9.19537,47.57109],[9.19529,47.57158],[9.19539,47.57249],[9.19558,47.57278],[9.19593,47.57308],[9.19612,47.57339],[9.19606,47.57388],[9.19549,47.57455],[9.19489,47.57504],[9.19441,47.57529],[9.19389,47.57538],[9.19319,47.57534],[9.19293,47.57536],[9.19269,47.57542],[9.19246,47.5755],[9.19227,47.57561],[9.19211,47.57575],[9.19192,47.57607],[9.19189,47.57624],[9.19189,47.57641],[9.19188,47.57657],[9.19186,47.5767],[9.19181,47.57686],[9.19161,47.57728],[9.19133,47.57755],[9.19087,47.57775],[9.19001,47.57789],[9.18951,47.57814],[9.18902,47.57862],[9.18875,47.57913],[9.18829,47.57959],[9.18807,47.57993],[9.18808,47.58057],[9.18795,47.58116],[9.18801,47.58149],[9.18852,47.58212],[9.18897,47.5829],[9.18895,47.58326],[9.18874,47.58358],[9.18769,47.58415],[9.18746,47.58448],[9.18724,47.58518],[9.18746,47.58573],[9.18774,47.586],[9.18791,47.58638],[9.18794,47.5868],[9.18793,47.58701],[9.18784,47.58724],[9.18774,47.58762],[9.18754,47.58811],[9.1874,47.58883],[9.18739,47.58888],[9.1873,47.58971],[9.1873,47.58989],[9.18736,47.59006],[9.18746,47.59022],[9.18761,47.59036],[9.1878,47.59048],[9.18802,47.59058],[9.18879,47.59084],[9.18929,47.59112],[9.18948,47.59133],[9.19,47.59207],[9.19013,47.59222],[9.19052,47.59245],[9.19116,47.59262],[9.19181,47.5929],[9.19204,47.59296],[9.19227,47.59299],[9.19274,47.59302],[9.19279,47.59303],[9.19311,47.59312],[9.19334,47.59322],[9.19368,47.59352],[9.19394,47.594],[9.19469,47.59459],[9.19515,47.59475],[9.19541,47.59479],[9.19567,47.59479],[9.19711,47.59468],[9.19757,47.59459],[9.19801,47.59443],[9.19854,47.59438],[9.19928,47.59457],[9.19988,47.59499],[9.20032,47.59513],[9.20124,47.5951],[9.20174,47.59516],[9.20266,47.59553],[9.20305,47.59594],[9.20306,47.59654],[9.20286,47.5969],[9.20286,47.59725],[9.20323,47.59781],[9.20328,47.59816],[9.20312,47.59849],[9.20294,47.59867],[9.20275,47.59883],[9.2027,47.59887],[9.20257,47.59899],[9.20231,47.5992],[9.2022,47.59929],[9.20198,47.59944],[9.20175,47.59958],[9.20142,47.59975],[9.19996,47.60059],[9.19836,47.60138],[9.1981,47.60148],[9.19788,47.60154],[9.19603,47.60155],[9.19554,47.60142],[9.19475,47.60096],[9.19424,47.60086],[9.19347,47.60098],[9.19245,47.60153],[9.19224,47.60166],[9.19114,47.60281],[9.19076,47.60304],[9.19052,47.60311],[9.19021,47.60317],[9.19016,47.60317],[9.1901,47.60318],[9.18857,47.60329],[9.18804,47.60341],[9.18762,47.60368],[9.1871,47.60421],[9.18666,47.60443],[9.18636,47.60475],[9.18628,47.60512],[9.1863,47.6056],[9.18594,47.60605],[9.18551,47.60625],[9.1843,47.60647],[9.18363,47.60653],[9.18298,47.60644],[9.18257,47.60625],[9.18241,47.60612],[9.18225,47.60593],[9.18213,47.60574],[9.18204,47.60558],[9.18192,47.6053],[9.18168,47.60489],[9.18042,47.60321],[9.1804,47.60318],[9.18018,47.60287],[9.18014,47.60281],[9.17996,47.6025],[9.17992,47.60244],[9.17976,47.60213],[9.17973,47.60206],[9.17958,47.60173],[9.17957,47.6017],[9.17896,47.60022],[9.17888,47.60008],[9.17876,47.59994],[9.17861,47.59982],[9.17821,47.59959],[9.17805,47.59946],[9.17778,47.59907],[9.17743,47.59876],[9.17702,47.5986],[9.1759,47.59848],[9.17546,47.59829],[9.1753,47.59815],[9.17517,47.598],[9.1751,47.59783],[9.17506,47.59761],[9.17505,47.59659],[9.17507,47.5964],[9.17519,47.59596],[9.17517,47.59481],[9.17512,47.59439],[9.17521,47.59319],[9.17555,47.59195],[9.17558,47.59177],[9.17555,47.59159],[9.17546,47.59142],[9.17533,47.59127],[9.17516,47.59113],[9.17289,47.58967],[9.1724,47.58947],[9.17184,47.58943],[9.1712,47.58951],[9.1707,47.5895],[9.1698,47.58974],[9.16931,47.58979],[9.16808,47.58962],[9.16754,47.58961],[9.16728,47.58966],[9.16683,47.58986],[9.16648,47.59019],[9.16618,47.5904],[9.16588,47.59054],[9.16541,47.59069],[9.16421,47.5912],[9.16397,47.59126],[9.16344,47.59128],[9.16295,47.59116],[9.16256,47.59091],[9.1624,47.59072],[9.16235,47.59065],[9.16224,47.59043],[9.16219,47.59031],[9.16216,47.59023],[9.16208,47.5901],[9.16197,47.58999],[9.16149,47.58949],[9.1613,47.5891],[9.16097,47.58875],[9.16058,47.58854],[9.1601,47.58843],[9.15961,47.58846],[9.15937,47.58852],[9.15926,47.58855],[9.14987,47.59091],[9.14954,47.59097],[9.14927,47.59098],[9.14875,47.59088],[9.14818,47.59051],[9.14803,47.59016],[9.14797,47.58923],[9.14779,47.58891],[9.14743,47.58865],[9.14697,47.58851],[9.14629,47.58848],[9.1458,47.58837],[9.14542,47.58814],[9.14479,47.58728],[9.1447,47.58668],[9.14522,47.58582],[9.14524,47.58547],[9.14507,47.58515],[9.14485,47.58494],[9.14469,47.58466],[9.14466,47.5845],[9.14467,47.58429],[9.14473,47.58407],[9.14482,47.5839],[9.14513,47.58358],[9.14529,47.58321],[9.14527,47.58278],[9.14493,47.58213],[9.1451,47.58149],[9.14501,47.58098],[9.1446,47.58046],[9.14454,47.58025],[9.1445,47.58012],[9.14447,47.58003],[9.14442,47.57992],[9.14433,47.57977],[9.14424,47.57958],[9.14405,47.5789],[9.1435,47.57832],[9.14343,47.57797],[9.14373,47.57722],[9.14457,47.57604],[9.14508,47.57561],[9.14536,47.57523],[9.14543,47.57498],[9.14553,47.57429],[9.14542,47.57317],[9.14519,47.57285],[9.1448,47.57262],[9.14431,47.57251],[9.14379,47.57254],[9.14328,47.57269],[9.14279,47.57275],[9.14167,47.57262],[9.14115,47.57249],[9.14079,47.57226],[9.14058,47.57196],[9.14055,47.57163],[9.14068,47.57114],[9.14057,47.57078],[9.14027,47.57041],[9.14008,47.57027],[9.14006,47.57026],[9.14001,47.57022],[9.13979,47.57006],[9.13974,47.57002],[9.13963,47.56993],[9.13958,47.56989],[9.13957,47.56988],[9.1395,47.56981],[9.13947,47.56979],[9.13932,47.56964],[9.13925,47.56956],[9.13864,47.56916],[9.13845,47.56888],[9.1382,47.56806],[9.1382,47.56767],[9.13816,47.56756]]]},"properties":{"bfs_nr":4891,"name":"Berg (TG)"}},{"type":"Feature","geometry":{"type":"Polygon","coordinates":[[[9.1877,47.5878],[9.18789,47.58716],[9.18793,47.587],[9.18794,47.58684],[9.18792,47.58652],[9.18785,47.58602],[9.18771,47.58568],[9.18742,47.58535],[9.18734,47.58497],[9.18755,47.58446],[9.18787,47.58419],[9.18841,47.58397],[9.18878,47.5837],[9.18908,47.58307],[9.18904,47.5827],[9.18805,47.58139],[9.188,47.58108],[9.1882,47.57996],[9.18856,47.57953],[9.18871,47.5792],[9.18919,47.5786],[9.18949,47.57833],[9.18992,47.57815],[9.19066,47.57803],[9.19143,47.57758],[9.19163,47.57729],[9.19182,47.57684],[9.19184,47.57677],[9.19186,47.57668],[9.19188,47.57659],[9.19189,47.5765],[9.19189,47.57643],[9.19189,47.57629],[9.19192,47.57607],[9.19211,47.57575],[9.19247,47.5755],[9.19293,47.57537],[9.19319,47.57534],[9.19394,47.57539],[9.1942,47.57537],[9.19466,47.57523],[9.19552,47.57463],[9.19572,47.57436],[9.19624,47.57404],[9.19671,47.57394],[9.19788,47.574],[9.19834,47.57387],[9.19882,47.5735],[9.19928,47.57268],[9.19965,47.57242],[9.20052,47.57204],[9.20067,47.5719],[9.20082,47.57157],[9.20114,47.56976],[9.20099,47.56922],[9.20065,47.56894],[9.20015,47.56875],[9.19978,47.56852],[9.19956,47.56819],[9.19945,47.56785],[9.19945,47.56759],[9.19965,47.56655],[9.19963,47.56622],[9.19943,47.56591],[9.19886,47.56546],[9.19868,47.56484],[9.1983,47.56414],[9.19833,47.5637],[9.19848,47.56337],[9.19891,47.56299],[9.19935,47.56242],[9.20014,47.56206],[9.20051,47.5618],[9.20112,47.56113],[9.20135,47.56075],[9.20168,47.5605],[9.20214,47.56029],[9.20282,47.55966],[9.20318,47.5592],[9.20379,47.55865],[9.20446,47.55839],[9.20523,47.55843],[9.20586,47.55866],[9.2064,47.55871],[9.20693,47.55862],[9.20793,47.55809],[9.20892,47.55787],[9.20925,47.55763],[9.20976,47.5571],[9.2105,47.55691],[9.21102,47.55695],[9.21133,47.55705],[9.21158,47.55715],[9.21183,47.55722],[9.21212,47.55729],[9.21294,47.55741],[9.21366,47.55735],[9.21406,47.55736],[9.21424,47.55738],[9.21462,47.55744],[9.21506,47.55752],[9.21531,47.55754],[9.21646,47.55759],[9.21694,47.55755],[9.21766,47.55723],[9.21799,47.55685],[9.21838,47.5566],[9.21915,47.55647],[9.2197,47.55652],[9.2206,47.55653],[9.22194,47.55667],[9.22245,47.55685],[9.22288,47.55709],[9.22331,47.55724],[9.22388,47.55729],[9.22461,47.55722],[9.22518,47.55731],[9.22547,47.55742],[9.22598,47.55775],[9.22623,47.55809],[9.22657,47.55835],[9.22703,47.5585],[9.22815,47.55865],[9.22874,47.55891],[9.22965,47.55919],[9.23006,47.55939],[9.23083,47.55972],[9.23223,47.56003],[9.23273,47.56023],[9.23309,47.56048],[9.23328,47.5608],[9.23327,47.56114],[9.2328,47.56168],[9.23196,47.56254],[9.23091,47.56306],[9.23054,47.56335],[9.23035,47.56387],[9.23049,47.56423],[9.23082,47.56451],[9.23129,47.56468],[9.23203,47.56485],[9.23296,47.56537],[9.23339,47.56553],[9.23397,47.56559],[9.2345,47.56573],[9.23507,47.56613],[9.2356,47.56636],[9.23607,47.56672],[9.2365,47.56719],[9.23694,47.56737],[9.23747,47.56749],[9.23789,47.5677],[9.23814,47.56801],[9.23831,47.56846],[9.23885,47.56887],[9.24087,47.56947],[9.24132,47.56966],[9.24239,47.57031],[9.2432,47.57043],[9.24383,47.57031],[9.24437,47.57031],[9.24491,47.57047],[9.24528,47.57074],[9.24546,47.57108],[9.24542,47.57144],[9.24442,47.57302],[9.24432,47.57338],[9.24443,47.57373],[9.24497,47.57422],[9.24513,47.57456],[9.2451,47.57491],[9.24497,47.57512],[9.24474,47.57543],[9.24472,47.57546],[9.24465,47.57555],[9.24458,47.57568],[9.24437,47.57609],[9.24406,47.57636],[9.24363,47.57653],[9.24314,47.57658],[9.24283,47.57655],[9.24006,47.5761],[9.23982,47.57607],[9.23957,47.57608],[9.23933,47.57612],[9.23911,47.57619],[9.2389,47.57628],[9.23873,47.5764],[9.23859,47.57654],[9.23849,47.57669],[9.23783,47.57805],[9.23775,47.57839],[9.23766,47.57856],[9.23749,47.57876],[9.23426,47.58178],[9.23401,47.58225],[9.23394,47.58278],[9.23332,47.5833],[9.23306,47.58383],[9.23316,47.58419],[9.23388,47.58533],[9.234,47.58567],[9.23394,47.58629],[9.23403,47.58674],[9.23392,47.58707],[9.23373,47.58732],[9.23335,47.58791],[9.23323,47.58814],[9.23318,47.58825],[9.23316,47.5883],[9.23313,47.58848],[9.23313,47.58859],[9.23313,47.58863],[9.23313,47.58886],[9.23267,47.58997],[9.23229,47.59022],[9.23123,47.59068],[9.23088,47.59078],[9.23053,47.59089],[9.23,47.59099],[9.22962,47.59104],[9.22868,47.59092],[9.22784,47.5907],[9.22733,47.59072],[9.22652,47.59099],[9.22605,47.59108],[9.22565,47.59125],[9.22527,47.59155],[9.22483,47.59175],[9.22405,47.5918],[9.22328,47.59162],[9.22278,47.59164],[9.22214,47.5919],[9.22187,47.59219],[9.22174,47.59255],[9.22159,47.59317],[9.22129,47.59346],[9.22084,47.59365],[9.22058,47.59369],[9.22025,47.59371],[9.22021,47.5937],[9.22008,47.5937],[9.21995,47.59369],[9.2199,47.59368],[9.21968,47.59365],[9.21949,47.59361],[9.21924,47.59355],[9.21898,47.59347],[9.2187,47.59337],[9.21838,47.59317],[9.21767,47.59251],[9.21728,47.59227],[9.21678,47.59216],[9.21626,47.59218],[9.2158,47.59234],[9.21547,47.59257],[9.215,47.59276],[9.21447,47.59281],[9.21309,47.5927],[9.2122,47.59247],[9.2117,47.59247],[9.21063,47.59273],[9.21012,47.59269],[9.20947,47.59245],[9.20874,47.59238],[9.20814,47.5925],[9.20762,47.59251],[9.20694,47.59228],[9.20637,47.59195],[9.20587,47.59186],[9.20536,47.59191],[9.20491,47.59208],[9.2045,47.59253],[9.20383,47.59421],[9.20353,47.59463],[9.20318,47.59488],[9.20273,47.59503],[9.20224,47.59505],[9.20068,47.59474],[9.20009,47.59473],[9.19961,47.5946],[9.19894,47.59432],[9.19843,47.59428],[9.19794,47.59439],[9.19749,47.59459],[9.19725,47.59465],[9.19694,47.5947],[9.19573,47.59478],[9.19541,47.59478],[9.19515,47.59475],[9.19469,47.59458],[9.19427,47.59417],[9.19396,47.59355],[9.19332,47.59316],[9.19303,47.59308],[9.19277,47.59303],[9.19269,47.59301],[9.19192,47.59291],[9.19146,47.59275],[9.19015,47.59212],[9.18998,47.59199],[9.18982,47.59181],[9.18945,47.59128],[9.1893,47.59112],[9.18885,47.59087],[9.18808,47.5906],[9.1878,47.59048],[9.18747,47.59022],[9.18731,47.58989],[9.1873,47.58967],[9.18739,47.58889],[9.1875,47.58827],[9.18756,47.58809],[9.1877,47.5878]]]},"properties":{"bfs_nr":4901,"name":"Birwinken"}},{"type":"Feature","geometry":{"type":"Polygon","coordinates":[[[9.12887,47.54852],[9.12859,47.54807],[9.1286,47.54757],[9.12883,47.54728],[9.12933,47.54701],[9.12968,47.5469],[9.1298,47.54688],[9.13012,47.54682],[9.13018,47.54681],[9.13217,47.54649],[9.13315,47.54627],[9.13354,47.54609],[9.13373,47.54597],[9.13389,47.54582],[9.134,47.54566],[9.13405,47.54548],[9.13406,47.5453],[9.13401,47.54513],[9.13377,47.54481],[9.13358,47.54468],[9.13336,47.54458],[9.13312,47.54451],[9.13286,47.54448],[9.13273,47.54447],[9.13169,47.54441],[9.13112,47.54429],[9.13071,47.54406],[9.13047,47.54374],[9.13041,47.54352],[9.13035,47.54247],[9.13026,47.54167],[9.13032,47.54129],[9.13057,47.541],[9.13119,47.54072],[9.13164,47.54066],[9.13188,47.54063],[9.13199,47.54061],[9.13551,47.53984],[9.13573,47.5398],[9.13667,47.53959],[9.13731,47.53929],[9.13815,47.53824],[9.13824,47.53795],[9.13821,47.53742],[9.13834,47.53709],[9.13899,47.53659],[9.13922,47.53632],[9.13945,47.53572],[9.13978,47.53544],[9.14053,47.53513],[9.14086,47.53485],[9.14103,47.53436],[9.14143,47.53388],[9.14203,47.5336],[9.14224,47.53349],[9.14245,47.53334],[9.14261,47.53317],[9.14295,47.53267],[9.14329,47.53227],[9.14336,47.53211],[9.14338,47.53194],[9.14337,47.53138],[9.1434,47.53117],[9.14357,47.53086],[9.1439,47.53061],[9.14435,47.53047],[9.14484,47.53044],[9.14504,47.53047],[9.1453,47.53049],[9.14621,47.53049],[9.14679,47.53057],[9.14722,47.53077],[9.14751,47.53099],[9.14773,47.53109],[9.14823,47.5312],[9.15159,47.53144],[9.15193,47.53145],[9.15211,47.53145],[9.15219,47.53145],[9.15245,47.53144],[9.15442,47.53151],[9.15522,47.5317],[9.15557,47.53197],[9.15567,47.53213],[9.1557,47.53222],[9.15578,47.53239],[9.15608,47.53267],[9.15652,47.53286],[9.15678,47.53291],[9.158,47.53305],[9.15944,47.53321],[9.16021,47.53347],[9.16058,47.53394],[9.16063,47.53453],[9.16084,47.53483],[9.16121,47.53506],[9.16167,47.53518],[9.1623,47.5352],[9.16279,47.53529],[9.16318,47.5355],[9.16343,47.5358],[9.16359,47.53643],[9.16375,47.53676],[9.16409,47.53702],[9.16455,47.53718],[9.16506,47.5372],[9.16532,47.53716],[9.16555,47.53709],[9.16751,47.53635],[9.16775,47.53624],[9.1678,47.53621],[9.16783,47.53619],[9.16839,47.53583],[9.16849,47.53575],[9.16877,47.53553],[9.16888,47.53543],[9.16939,47.53489],[9.16942,47.53484],[9.17044,47.53361],[9.17048,47.53357],[9.17105,47.53294],[9.17106,47.53292],[9.17199,47.53184],[9.1726,47.53144],[9.17312,47.53135],[9.17371,47.53142],[9.17483,47.53171],[9.17513,47.53182],[9.17534,47.53193],[9.17564,47.53222],[9.17574,47.53257],[9.1756,47.53315],[9.17548,47.53341],[9.17529,47.5337],[9.17512,47.53396],[9.17488,47.53424],[9.17463,47.53447],[9.17434,47.53473],[9.17416,47.53495],[9.17351,47.53609],[9.17327,47.53651],[9.17303,47.53693],[9.17283,47.53727],[9.17277,47.53743],[9.17266,47.53779],[9.17245,47.53854],[9.17213,47.53908],[9.17192,47.53925],[9.17169,47.53941],[9.17118,47.53975],[9.17098,47.53992],[9.17073,47.54019],[9.1706,47.54038],[9.17044,47.54071],[9.1702,47.5412],[9.16998,47.54165],[9.16984,47.54186],[9.16942,47.54225],[9.16929,47.54255],[9.16927,47.54265],[9.16919,47.54309],[9.16915,47.54335],[9.16908,47.54354],[9.16899,47.54369],[9.16873,47.544],[9.16853,47.54492],[9.16851,47.54525],[9.16878,47.54596],[9.16933,47.54702],[9.16937,47.54712],[9.16939,47.54717],[9.1694,47.54718],[9.16959,47.54769],[9.1696,47.54771],[9.16963,47.5478],[9.16983,47.54827],[9.16984,47.54829],[9.17,47.54865],[9.17002,47.54868],[9.1701,47.54887],[9.17017,47.54918],[9.17016,47.54941],[9.17009,47.54986],[9.17008,47.55007],[9.17009,47.5505],[9.17013,47.55093],[9.17007,47.55191],[9.17024,47.55225],[9.1704,47.5524],[9.1706,47.55252],[9.17083,47.55261],[9.17109,47.55267],[9.17182,47.55278],[9.17365,47.55306],[9.17505,47.55328],[9.17519,47.5533],[9.17575,47.5533],[9.17627,47.55315],[9.17672,47.55283],[9.17717,47.55264],[9.17776,47.55259],[9.17919,47.55264],[9.17955,47.55268],[9.18033,47.55291],[9.18084,47.55293],[9.18152,47.55271],[9.18192,47.55243],[9.1824,47.55226],[9.18322,47.55213],[9.18376,47.55217],[9.18401,47.55225],[9.1845,47.55255],[9.18501,47.55271],[9.18564,47.55274],[9.1861,47.55283],[9.18649,47.55303],[9.18674,47.55331],[9.18694,47.55382],[9.18712,47.55452],[9.18745,47.55491],[9.18784,47.55518],[9.18821,47.55574],[9.1886,47.55602],[9.18928,47.55626],[9.18988,47.55662],[9.19186,47.55715],[9.19227,47.55739],[9.1925,47.55769],[9.19255,47.55803],[9.19235,47.55863],[9.19251,47.55915],[9.19299,47.55957],[9.19369,47.55989],[9.19382,47.55995],[9.19395,47.55999],[9.19411,47.56004],[9.1942,47.56007],[9.19426,47.56008],[9.19474,47.56018],[9.1949,47.56022],[9.19553,47.56036],[9.19566,47.56039],[9.19568,47.56039],[9.19596,47.56049],[9.19615,47.56059],[9.19644,47.56085],[9.19672,47.56139],[9.19705,47.56164],[9.19795,47.56187],[9.19839,47.56208],[9.19868,47.56238],[9.19876,47.56274],[9.19863,47.56309],[9.19834,47.56345],[9.19825,47.56416],[9.1983,47.56442],[9.19861,47.56489],[9.19868,47.56535],[9.19885,47.56566],[9.19937,47.56604],[9.19959,47.56635],[9.19962,47.56673],[9.19957,47.56699],[9.19943,47.56769],[9.19943,47.56789],[9.19949,47.56809],[9.1997,47.56847],[9.19997,47.56872],[9.20064,47.569],[9.20098,47.56928],[9.20113,47.56985],[9.20084,47.57147],[9.20066,47.57185],[9.20032,47.57212],[9.19972,47.57233],[9.19931,47.57261],[9.199,47.57314],[9.1987,47.57348],[9.19829,47.57369],[9.19778,47.57377],[9.19703,47.57364],[9.19631,47.57324],[9.1956,47.57268],[9.19539,47.57235],[9.19532,47.57153],[9.19558,47.57101],[9.19585,47.57002],[9.19576,47.56966],[9.19541,47.56903],[9.19517,47.56876],[9.19441,47.56824],[9.19339,47.56794],[9.19281,47.56771],[9.19104,47.56741],[9.1906,47.56724],[9.18991,47.56687],[9.18893,47.56658],[9.18821,47.56606],[9.18671,47.5654],[9.18566,47.56498],[9.18427,47.56479],[9.1835,47.56445],[9.18297,47.56438],[9.18221,47.56455],[9.17999,47.56565],[9.17959,47.56596],[9.17894,47.5668],[9.17883,47.56698],[9.1788,47.56735],[9.17907,47.56786],[9.17911,47.56851],[9.17905,47.56867],[9.17862,47.56908],[9.17794,47.56926],[9.17679,47.5693],[9.1759,47.5691],[9.17506,47.5685],[9.17459,47.56835],[9.17234,47.568],[9.17203,47.56793],[9.1716,47.56772],[9.17144,47.56757],[9.17127,47.56724],[9.17131,47.56684],[9.17204,47.56505],[9.17213,47.56444],[9.17262,47.56319],[9.17267,47.56302],[9.17266,47.56285],[9.1726,47.56268],[9.1725,47.56253],[9.17236,47.56238],[9.17218,47.56226],[9.17197,47.56217],[9.17173,47.5621],[9.17123,47.56206],[9.16999,47.56214],[9.169,47.56214],[9.16861,47.56221],[9.16828,47.56224],[9.16795,47.56224],[9.16785,47.56223],[9.16751,47.56218],[9.16726,47.56211],[9.16684,47.56194],[9.1664,47.5618],[9.16621,47.56168],[9.16589,47.5612],[9.16589,47.56064],[9.1656,47.56018],[9.16495,47.55974],[9.16473,47.55936],[9.16424,47.55898],[9.16377,47.55886],[9.16303,47.55891],[9.16263,47.55902],[9.15794,47.56028],[9.15784,47.5603],[9.15766,47.56034],[9.15758,47.56036],[9.15399,47.56106],[9.15393,47.56107],[9.15336,47.56117],[9.15295,47.56121],[9.15276,47.56121],[9.14259,47.56092],[9.14198,47.56086],[9.13716,47.56072],[9.13625,47.56066],[9.1354,47.5608],[9.1349,47.56075],[9.13445,47.56058],[9.13414,47.56031],[9.13402,47.56011],[9.13356,47.55904],[9.13354,47.55897],[9.13352,47.55891],[9.13349,47.55885],[9.13322,47.55825],[9.13293,47.55761],[9.13268,47.55706],[9.13241,47.55654],[9.13209,47.55605],[9.13146,47.55434],[9.13126,47.55373],[9.13113,47.55349],[9.13065,47.55288],[9.13054,47.55273],[9.13046,47.55258],[9.13037,47.55238],[9.13032,47.55209],[9.13031,47.55184],[9.13023,47.55147],[9.12972,47.55034],[9.12951,47.55],[9.12887,47.54852]]]},"properties":{"bfs_nr":4911,"name":"B\u00fcrglen (TG)"}},{"type":"Feature","geometry":{"type":"Polygon","coordinates":[[[9.04114,47.5442],[9.04094,47.54373],[9.04103,47.54341],[9.04153,47.54287],[9.04193,47.54267],[9.04242,47.54259],[9.04291,47.54263],[9.04351,47.54278],[9.0441,47.54282],[9.04497,47.54306],[9.04563,47.54321],[9.04615,47.54325],[9.04665,47.54316],[9.04705,47.54294],[9.04741,47.5426],[9.04805,47.54237],[9.04854,47.54235],[9.04946,47.54255],[9.04999,47.54275],[9.0503,47.54305],[9.05065,47.54356],[9.05106,47.54378],[9.05156,47.54388],[9.05402,47.54401],[9.05483,47.54388],[9.05548,47.54353],[9.05592,47.54341],[9.05673,47.54306],[9.0575,47.54301],[9.06098,47.54341],[9.06114,47.54342],[9.0614,47.54342],[9.06188,47.5433],[9.06239,47.54307],[9.06316,47.54301],[9.06385,47.54325],[9.06414,47.54355],[9.06431,47.54418],[9.06442,47.54435],[9.06478,47.54463],[9.06501,47.54472],[9.06527,47.54478],[9.06554,47.54481],[9.0663,47.54483],[9.06699,47.54506],[9.06729,47.54532],[9.06771,47.54591],[9.06837,47.54616],[9.06975,47.54635],[9.07014,47.54645],[9.07072,47.54657],[9.07099,47.5466],[9.07127,47.5466],[9.07153,47.54656],[9.07178,47.54648],[9.072,47.54637],[9.07218,47.54623],[9.07233,47.5461],[9.07234,47.54608],[9.07272,47.54573],[9.07314,47.54533],[9.07315,47.54532],[9.07399,47.5445],[9.07468,47.54364],[9.07576,47.5419],[9.07648,47.54068],[9.07671,47.54025],[9.07676,47.54016],[9.07682,47.54003],[9.07686,47.53994],[9.0769,47.53983],[9.07692,47.53972],[9.07694,47.53958],[9.07695,47.53948],[9.07694,47.53924],[9.07697,47.53901],[9.07717,47.53868],[9.07756,47.53843],[9.07869,47.53816],[9.07926,47.53807],[9.0797,47.53791],[9.08002,47.53764],[9.08051,47.53694],[9.08063,47.5366],[9.08085,47.53437],[9.08105,47.53407],[9.08149,47.53376],[9.08272,47.53339],[9.08347,47.53324],[9.08386,47.53301],[9.08399,47.53285],[9.08427,47.53224],[9.08456,47.53196],[9.08499,47.53176],[9.08534,47.53146],[9.08547,47.53109],[9.08552,47.52995],[9.08554,47.52972],[9.08556,47.52961],[9.0856,47.52944],[9.08562,47.52938],[9.08568,47.52919],[9.08569,47.52915],[9.08573,47.529],[9.08569,47.52827],[9.08548,47.52797],[9.08513,47.52773],[9.08467,47.5276],[9.08397,47.52762],[9.08343,47.52757],[9.0827,47.52727],[9.08241,47.52701],[9.08192,47.52597],[9.082,47.52468],[9.08192,47.52364],[9.08194,47.52341],[9.08201,47.52323],[9.0823,47.52293],[9.08281,47.52262],[9.08311,47.52214],[9.0831,47.52165],[9.08306,47.52117],[9.08316,47.52051],[9.08339,47.52019],[9.08379,47.51995],[9.08429,47.51977],[9.08467,47.51949],[9.08502,47.51883],[9.08595,47.51822],[9.08638,47.51764],[9.0869,47.51724],[9.08773,47.51711],[9.08933,47.5172],[9.09017,47.51718],[9.09074,47.51712],[9.09199,47.51671],[9.09318,47.51662],[9.09361,47.51642],[9.09389,47.51614],[9.09433,47.51549],[9.09449,47.51531],[9.09486,47.51509],[9.09539,47.51484],[9.09564,47.5146],[9.09583,47.51424],[9.09586,47.51381],[9.09634,47.51304],[9.09639,47.51234],[9.09638,47.5122],[9.09627,47.51168],[9.09622,47.51153],[9.09613,47.51138],[9.09602,47.51125],[9.09581,47.51086],[9.09573,47.51065],[9.09572,47.51048],[9.09583,47.51014],[9.09623,47.50977],[9.09694,47.50954],[9.09721,47.50953],[9.09723,47.50953],[9.09749,47.50954],[9.09775,47.50952],[9.098,47.50946],[9.09805,47.50945],[9.09832,47.5094],[9.09875,47.5094],[9.09913,47.50936],[9.09932,47.50932],[9.09968,47.50928],[9.10025,47.50929],[9.10072,47.50945],[9.10092,47.50958],[9.101,47.50966],[9.10117,47.50979],[9.10137,47.5099],[9.10144,47.50993],[9.10174,47.51008],[9.10201,47.51024],[9.1024,47.51056],[9.1025,47.51074],[9.10258,47.51093],[9.10274,47.51111],[9.10284,47.51126],[9.10291,47.51141],[9.10294,47.5116],[9.10295,47.51203],[9.10286,47.5124],[9.10276,47.51255],[9.10272,47.51258],[9.10257,47.51276],[9.10248,47.51296],[9.10245,47.51311],[9.10234,47.51328],[9.1022,47.51343],[9.10208,47.51359],[9.10205,47.51365],[9.10192,47.51387],[9.10178,47.51401],[9.10164,47.51411],[9.10149,47.51424],[9.10137,47.51438],[9.10126,47.51468],[9.10107,47.51678],[9.10113,47.51711],[9.10124,47.51727],[9.10142,47.5175],[9.10153,47.51785],[9.10148,47.51813],[9.10147,47.51824],[9.10147,47.51835],[9.10131,47.51869],[9.10098,47.51895],[9.1006,47.51911],[9.1004,47.51922],[9.10003,47.51967],[9.1,47.51984],[9.10001,47.52002],[9.10019,47.52073],[9.10023,47.52084],[9.10024,47.52087],[9.10029,47.52101],[9.10033,47.52132],[9.10031,47.52171],[9.10032,47.52188],[9.10049,47.5222],[9.10064,47.52233],[9.10082,47.52245],[9.10129,47.52267],[9.10158,47.52294],[9.10174,47.52332],[9.10177,47.52373],[9.10166,47.52399],[9.10161,47.52417],[9.10168,47.52453],[9.10195,47.52485],[9.10239,47.52506],[9.10265,47.52512],[9.10291,47.52514],[9.10336,47.52513],[9.10347,47.52515],[9.1036,47.52516],[9.1038,47.52516],[9.10386,47.52516],[9.10398,47.52515],[9.10416,47.52513],[9.10442,47.52514],[9.1048,47.52521],[9.10507,47.52524],[9.10534,47.52523],[9.1059,47.52514],[9.10667,47.52527],[9.10709,47.52549],[9.10712,47.52551],[9.10722,47.52557],[9.10736,47.52565],[9.10759,47.52574],[9.10785,47.5258],[9.10786,47.5258],[9.10813,47.52588],[9.10862,47.52614],[9.10886,47.52626],[9.10891,47.52628],[9.10918,47.52642],[9.10949,47.52667],[9.10967,47.52678],[9.10988,47.52687],[9.11011,47.52694],[9.11047,47.52701],[9.11071,47.5271],[9.11076,47.52713],[9.11098,47.52723],[9.1115,47.52733],[9.11199,47.52732],[9.11227,47.52729],[9.11246,47.52725],[9.11274,47.52723],[9.11297,47.52721],[9.1132,47.52715],[9.1139,47.52688],[9.11479,47.52681],[9.11509,47.52677],[9.11528,47.52673],[9.1158,47.52666],[9.11605,47.52665],[9.11632,47.52663],[9.11658,47.52656],[9.11974,47.5255],[9.1205,47.52539],[9.12175,47.5254],[9.12254,47.52541],[9.12282,47.52539],[9.12309,47.52533],[9.12333,47.52524],[9.12357,47.52512],[9.12372,47.52507],[9.12394,47.52494],[9.12408,47.52484],[9.12429,47.52473],[9.12474,47.52458],[9.12493,47.52447],[9.12508,47.52434],[9.1252,47.52419],[9.12528,47.52402],[9.1253,47.52394],[9.12541,47.52377],[9.12599,47.5234],[9.12651,47.52331],[9.1273,47.52341],[9.12755,47.52351],[9.12779,47.52365],[9.128,47.52375],[9.12823,47.52383],[9.12848,47.52387],[9.12899,47.52385],[9.12923,47.52379],[9.12945,47.5237],[9.12982,47.5235],[9.13029,47.52339],[9.13137,47.52342],[9.13186,47.52357],[9.13232,47.52402],[9.13237,47.52419],[9.13237,47.52445],[9.1324,47.52464],[9.13249,47.52482],[9.13284,47.52535],[9.13291,47.52544],[9.13312,47.52569],[9.13326,47.52582],[9.13344,47.52594],[9.13388,47.52609],[9.13412,47.52613],[9.13416,47.52613],[9.13439,47.52617],[9.13476,47.52631],[9.13499,47.52637],[9.13547,47.5264],[9.13572,47.52637],[9.13591,47.52633],[9.13644,47.52634],[9.13692,47.52648],[9.13706,47.52657],[9.13728,47.52668],[9.13754,47.52675],[9.13778,47.52681],[9.13802,47.5269],[9.13839,47.52717],[9.13851,47.52734],[9.13859,47.52759],[9.13862,47.52766],[9.13877,47.52799],[9.13918,47.5296],[9.13929,47.52977],[9.13945,47.52992],[9.13994,47.53033],[9.14006,47.53067],[9.13984,47.53119],[9.13947,47.53146],[9.13933,47.53161],[9.13923,47.53178],[9.13918,47.53213],[9.13949,47.53261],[9.13968,47.53273],[9.1399,47.53283],[9.14014,47.53291],[9.14042,47.53304],[9.14086,47.53347],[9.1409,47.53443],[9.14072,47.53492],[9.1404,47.53517],[9.13957,47.53551],[9.13913,47.53599],[9.13904,47.53637],[9.13833,47.53709],[9.13821,47.53742],[9.13814,47.53822],[9.13787,47.53859],[9.13732,47.53896],[9.13697,47.53938],[9.13659,47.53959],[9.1363,47.53967],[9.13551,47.53985],[9.13202,47.5406],[9.13185,47.54063],[9.13167,47.54066],[9.13119,47.54072],[9.13075,47.54087],[9.13057,47.54099],[9.13032,47.54129],[9.13025,47.54163],[9.13031,47.54237],[9.13042,47.54356],[9.13046,47.54374],[9.1307,47.54407],[9.13111,47.5443],[9.13162,47.5444],[9.13273,47.54447],[9.13279,47.54448],[9.13311,47.54452],[9.13336,47.54459],[9.13376,47.54481],[9.134,47.54513],[9.13405,47.5453],[9.13399,47.54566],[9.13373,47.54596],[9.13315,47.54627],[9.13214,47.54649],[9.13017,47.54681],[9.13013,47.54682],[9.12978,47.54688],[9.1297,47.5469],[9.12962,47.54692],[9.12939,47.54699],[9.12903,47.54711],[9.12858,47.54735],[9.12833,47.54769],[9.12811,47.54836],[9.12779,47.54862],[9.12735,47.54878],[9.12704,47.54882],[9.12703,47.54882],[9.12699,47.54882],[9.12449,47.54896],[9.12438,47.54897],[9.12329,47.5491],[9.12323,47.54911],[9.12317,47.54911],[9.12191,47.54931],[9.12169,47.54936],[9.1204,47.54974],[9.12035,47.54975],[9.1092,47.55337],[9.10779,47.5539],[9.1065,47.55451],[9.10578,47.55491],[9.10509,47.55528],[9.10479,47.55541],[9.10404,47.55567],[9.10247,47.55623],[9.10216,47.55632],[9.10094,47.55659],[9.10082,47.55661],[9.09896,47.55693],[9.09415,47.55776],[9.09206,47.55812],[9.09054,47.55838],[9.09047,47.5584],[9.08892,47.55873],[9.08883,47.55875],[9.08719,47.55919],[9.08704,47.55923],[9.08473,47.56008],[9.08464,47.56012],[9.07914,47.56251],[9.07317,47.56512],[9.07303,47.56518],[9.07094,47.56637],[9.0702,47.5666],[9.0697,47.56658],[9.06925,47.56643],[9.06901,47.56628],[9.06847,47.56589],[9.06817,47.56566],[9.06795,47.56545],[9.06765,47.56496],[9.06719,47.56391],[9.067,47.56363],[9.06689,47.56331],[9.06706,47.56282],[9.06737,47.56257],[9.06787,47.56239],[9.06882,47.56217],[9.0692,47.56196],[9.06951,47.56151],[9.06949,47.56118],[9.06923,47.56066],[9.06924,47.56013],[9.06911,47.55981],[9.06862,47.55912],[9.06861,47.5591],[9.06853,47.559],[9.06849,47.55895],[9.06788,47.55823],[9.06784,47.55819],[9.06781,47.55816],[9.06763,47.55801],[9.06741,47.55789],[9.06734,47.55786],[9.0668,47.55766],[9.06677,47.55764],[9.06659,47.55757],[9.06653,47.55755],[9.0663,47.55745],[9.06604,47.55731],[9.06587,47.55717],[9.06563,47.55683],[9.0653,47.55656],[9.06427,47.55605],[9.06362,47.55567],[9.06284,47.5555],[9.06246,47.5553],[9.06217,47.55498],[9.06179,47.55475],[9.06116,47.55458],[9.06062,47.55433],[9.06009,47.55421],[9.05924,47.55426],[9.05869,47.55424],[9.05824,47.55409],[9.05791,47.55385],[9.0576,47.55349],[9.05715,47.55325],[9.05652,47.55313],[9.05585,47.55286],[9.05554,47.55258],[9.05541,47.55224],[9.05548,47.55189],[9.05572,47.55158],[9.05585,47.55124],[9.05577,47.5509],[9.05551,47.5506],[9.05495,47.55017],[9.05449,47.54995],[9.05393,47.54953],[9.0534,47.54938],[9.05143,47.54922],[9.0505,47.54908],[9.04933,47.54878],[9.04867,47.5487],[9.04783,47.5488],[9.04707,47.54911],[9.04657,47.54921],[9.046,47.54922],[9.04458,47.54914],[9.04409,47.54902],[9.0437,47.54878],[9.04303,47.54804],[9.04283,47.54787],[9.04269,47.54769],[9.04129,47.54554],[9.0412,47.54535],[9.04117,47.54504],[9.04128,47.54457],[9.04114,47.5442]]]},"properties":{"bfs_nr":4921,"name":"Bussnang"}},{"type":"Feature","geometry":{"type":"Polygon","coordinates":[[[9.04858,47.58234],[9.04852,47.58198],[9.04869,47.58154],[9.04894,47.58106],[9.04895,47.58105],[9.04901,47.58093],[9.04903,47.58088],[9.04931,47.58022],[9.04959,47.57957],[9.0496,47.57957],[9.04965,47.57943],[9.04966,47.57942],[9.04974,47.57923],[9.0501,47.57839],[9.05021,47.5782],[9.05024,47.57805],[9.05029,47.57767],[9.05039,47.57716],[9.0504,47.57702],[9.05038,47.57689],[9.05,47.57546],[9.05007,47.57512],[9.05053,47.5747],[9.051,47.57455],[9.05132,47.57451],[9.05175,47.5745],[9.05261,47.57446],[9.05264,47.57446],[9.05345,47.57441],[9.0535,47.57441],[9.05407,47.57436],[9.05416,47.57435],[9.05454,47.5743],[9.05461,47.57429],[9.05488,47.57425],[9.05492,47.57424],[9.0557,47.5741],[9.05645,47.57395],[9.05699,47.57398],[9.05766,47.57428],[9.05793,47.57465],[9.05839,47.57582],[9.05849,47.57599],[9.05882,47.57627],[9.05929,47.57644],[9.05983,47.57648],[9.06009,47.57644],[9.06161,47.5761],[9.06223,47.57596],[9.06304,47.57594],[9.06349,47.57608],[9.06388,47.57634],[9.06432,47.57652],[9.06483,47.57657],[9.06555,47.57649],[9.06622,47.57654],[9.06672,47.57645],[9.06694,47.57636],[9.06736,47.57606],[9.06778,47.57588],[9.06827,47.57582],[9.06889,47.57589],[9.06947,47.57583],[9.07095,47.57541],[9.07131,47.57519],[9.07152,47.57488],[9.07156,47.57455],[9.07144,47.57392],[9.07163,47.5736],[9.07198,47.57335],[9.07244,47.57321],[9.07346,47.57321],[9.07396,47.57309],[9.07431,47.57289],[9.07555,47.57235],[9.07602,47.57227],[9.07655,47.57232],[9.07759,47.57255],[9.07811,47.57274],[9.07843,47.57302],[9.07857,47.57337],[9.07859,47.57406],[9.07884,47.57436],[9.07923,47.57457],[9.07968,47.57467],[9.08018,47.57491],[9.08073,47.57531],[9.0809,47.57548],[9.08119,47.57581],[9.08195,47.57642],[9.0827,47.57727],[9.08456,47.57901],[9.0859,47.58016],[9.08626,47.5804],[9.08651,47.5806],[9.08693,47.58089],[9.08719,47.58125],[9.0873,47.58161],[9.08759,47.58192],[9.08837,47.58229],[9.0887,47.58251],[9.08944,47.58287],[9.09001,47.58337],[9.0903,47.58375],[9.09044,47.58388],[9.0906,47.58399],[9.0908,47.58408],[9.09135,47.58428],[9.09234,47.58475],[9.093,47.58492],[9.09359,47.58517],[9.09442,47.58539],[9.09497,47.58547],[9.09593,47.5859],[9.09643,47.58601],[9.09726,47.58596],[9.09798,47.58584],[9.09853,47.58564],[9.09986,47.58543],[9.10059,47.58529],[9.10191,47.58512],[9.10235,47.58495],[9.10298,47.58459],[9.10368,47.58444],[9.10413,47.58428],[9.10444,47.58423],[9.1048,47.58419],[9.10509,47.58418],[9.10552,47.58418],[9.10559,47.58418],[9.10759,47.58422],[9.10808,47.58434],[9.10929,47.58488],[9.10961,47.58517],[9.10975,47.58551],[9.10956,47.58602],[9.1092,47.5863],[9.10872,47.58652],[9.10824,47.58664],[9.1078,47.58685],[9.10745,47.58734],[9.10749,47.58775],[9.1078,47.58826],[9.10796,47.58893],[9.10839,47.58945],[9.11001,47.59071],[9.11056,47.59151],[9.11066,47.59191],[9.11053,47.59241],[9.1105,47.593],[9.11025,47.59344],[9.1099,47.5937],[9.10942,47.59385],[9.10909,47.59388],[9.10899,47.59388],[9.108,47.59387],[9.10765,47.59387],[9.10717,47.59397],[9.10678,47.59419],[9.1062,47.59468],[9.10572,47.59481],[9.1051,47.59483],[9.10366,47.59475],[9.10308,47.59476],[9.10229,47.59468],[9.10143,47.59427],[9.10065,47.59413],[9.10014,47.59422],[9.09972,47.59442],[9.09945,47.59472],[9.09937,47.59507],[9.09961,47.59557],[9.09964,47.59612],[9.09901,47.59789],[9.09906,47.59843],[9.09935,47.59873],[9.09996,47.59916],[9.10021,47.59968],[9.10063,47.60021],[9.10072,47.60082],[9.10058,47.60117],[9.10052,47.60183],[9.10061,47.60212],[9.10092,47.6025],[9.10103,47.60281],[9.10096,47.60316],[9.10051,47.60358],[9.10005,47.60373],[9.09909,47.60371],[9.09844,47.6038],[9.09789,47.60397],[9.09762,47.60401],[9.09733,47.60402],[9.09655,47.60411],[9.096,47.60404],[9.09547,47.60387],[9.09502,47.60381],[9.09447,47.60382],[9.09412,47.60376],[9.09378,47.60364],[9.09344,47.60355],[9.09329,47.60353],[9.0925,47.60349],[9.09185,47.60357],[9.09128,47.60357],[9.09069,47.60343],[9.08959,47.6034],[9.08893,47.60311],[9.08841,47.60298],[9.08759,47.60296],[9.08713,47.60283],[9.08655,47.60242],[9.08576,47.60216],[9.08477,47.6016],[9.08452,47.60148],[9.08437,47.60142],[9.08407,47.60134],[9.08393,47.60132],[9.08325,47.60124],[9.08285,47.60119],[9.08266,47.60117],[9.08238,47.60116],[9.08208,47.60117],[9.0818,47.6012],[9.08137,47.60121],[9.08114,47.60122],[9.08081,47.6012],[9.07997,47.6011],[9.07994,47.6011],[9.07973,47.60109],[9.07928,47.60112],[9.07895,47.6011],[9.07882,47.6011],[9.07858,47.60111],[9.07806,47.60117],[9.0778,47.60116],[9.07749,47.60113],[9.07716,47.60106],[9.07693,47.60098],[9.07634,47.60061],[9.0759,47.60045],[9.07481,47.60033],[9.07417,47.60014],[9.07366,47.60011],[9.07341,47.60014],[9.07317,47.60021],[9.07302,47.60028],[9.07273,47.60042],[9.07243,47.60051],[9.0721,47.60056],[9.07201,47.60057],[9.07168,47.60057],[9.07076,47.60045],[9.07027,47.60039],[9.07024,47.60039],[9.06994,47.60036],[9.06968,47.60036],[9.06894,47.60047],[9.06867,47.60048],[9.06841,47.60046],[9.06816,47.6004],[9.06787,47.60028],[9.06784,47.60027],[9.06782,47.60026],[9.06757,47.60013],[9.06748,47.60007],[9.06733,47.59998],[9.06724,47.59993],[9.0672,47.5999],[9.06709,47.59982],[9.06679,47.59957],[9.06597,47.59878],[9.06577,47.59867],[9.06554,47.59859],[9.0653,47.59854],[9.06504,47.59853],[9.06421,47.59855],[9.06369,47.59844],[9.063,47.59799],[9.06254,47.59782],[9.06228,47.59778],[9.06202,47.59778],[9.06176,47.59781],[9.06168,47.59783],[9.06144,47.59789],[9.06138,47.59791],[9.06129,47.59793],[9.0612,47.59796],[9.061,47.59803],[9.06092,47.59806],[9.0594,47.59867],[9.05911,47.59876],[9.05858,47.59884],[9.05827,47.59882],[9.058,47.59878],[9.05775,47.59871],[9.0567,47.59833],[9.05645,47.59823],[9.05639,47.59819],[9.05624,47.59811],[9.05612,47.59803],[9.05571,47.59767],[9.05562,47.59752],[9.05556,47.59733],[9.05556,47.59727],[9.05557,47.59708],[9.0556,47.59694],[9.05565,47.59677],[9.05571,47.59653],[9.05577,47.59629],[9.05579,47.59618],[9.0558,47.59611],[9.0558,47.59604],[9.05579,47.59589],[9.05579,47.59583],[9.05578,47.5958],[9.05576,47.59567],[9.05569,47.59547],[9.05568,47.59546],[9.05528,47.59433],[9.05526,47.59427],[9.05477,47.59288],[9.05472,47.59277],[9.05469,47.59271],[9.0546,47.59259],[9.05457,47.59256],[9.05446,47.59244],[9.05442,47.59241],[9.05432,47.59234],[9.05328,47.5916],[9.05308,47.59126],[9.0531,47.59089],[9.05338,47.59048],[9.05346,47.59015],[9.05341,47.58989],[9.0532,47.58933],[9.05328,47.589],[9.05349,47.58872],[9.05359,47.58817],[9.05337,47.58739],[9.0533,47.58717],[9.05327,47.58708],[9.05318,47.5868],[9.05302,47.58569],[9.05297,47.58552],[9.05288,47.58537],[9.05275,47.58523],[9.05237,47.585],[9.05191,47.58489],[9.05153,47.58488],[9.05042,47.5847],[9.04998,47.58451],[9.0496,47.58405],[9.04952,47.58331],[9.0493,47.58297],[9.04887,47.58269],[9.04858,47.58234]]]},"properties":{"bfs_nr":4941,"name":"M\u00e4rstetten"}},{"type":"Feature","geometry":{"type":"Polygon","coordinates":[[[9.07538,47.57097],[9.0737,47.56972],[9.07369,47.56971],[9.0723,47.5687],[9.07091,47.56768],[9.07071,47.56749],[9.07053,47.56716],[9.07057,47.5668],[9.07081,47.56648],[9.07104,47.56632],[9.0732,47.5651],[9.08462,47.56013],[9.08701,47.55925],[9.08722,47.55918],[9.08881,47.55875],[9.08895,47.55872],[9.09056,47.55838],[9.09206,47.55812],[9.09415,47.55776],[9.09896,47.55693],[9.10084,47.55661],[9.10092,47.55659],[9.10221,47.55631],[9.10242,47.55625],[9.10404,47.55567],[9.10485,47.55539],[9.10504,47.5553],[9.10579,47.55491],[9.10652,47.5545],[9.10775,47.55391],[9.10921,47.55337],[9.12034,47.54976],[9.12163,47.54938],[9.12197,47.5493],[9.12317,47.54911],[9.12318,47.54911],[9.12321,47.54911],[9.12331,47.5491],[9.12452,47.54896],[9.12699,47.54882],[9.12702,47.54882],[9.12777,47.54877],[9.12835,47.5488],[9.12881,47.54896],[9.12914,47.54923],[9.12958,47.55016],[9.12979,47.5505],[9.13021,47.55143],[9.13035,47.55233],[9.13039,47.55243],[9.13044,47.55255],[9.13056,47.55276],[9.13063,47.55286],[9.13109,47.55344],[9.13128,47.55379],[9.13146,47.55433],[9.13213,47.55615],[9.13234,47.55646],[9.13257,47.5569],[9.13262,47.55699],[9.13275,47.55721],[9.13294,47.55762],[9.13323,47.55825],[9.13349,47.55883],[9.13352,47.55893],[9.13354,47.55898],[9.13356,47.55902],[9.13403,47.56012],[9.13409,47.56026],[9.13422,47.56042],[9.1344,47.56056],[9.13462,47.56068],[9.13487,47.56075],[9.13541,47.5608],[9.13649,47.5607],[9.14089,47.56083],[9.14149,47.56093],[9.14192,47.56116],[9.14223,47.56171],[9.14243,47.56354],[9.14237,47.56391],[9.14214,47.5642],[9.14177,47.56442],[9.14131,47.56453],[9.141,47.56454],[9.1393,47.56448],[9.13903,47.56448],[9.13877,47.56453],[9.13853,47.56461],[9.13831,47.56472],[9.13813,47.56486],[9.138,47.56502],[9.13789,47.56537],[9.13816,47.56641],[9.13801,47.56725],[9.13818,47.56768],[9.1382,47.5682],[9.13842,47.56894],[9.13868,47.56922],[9.13925,47.56958],[9.13956,47.56987],[9.13963,47.56993],[9.13965,47.56994],[9.13976,47.57003],[9.13983,47.5701],[9.13985,47.57012],[9.13994,47.57019],[9.14014,47.57034],[9.14038,47.57056],[9.14066,47.57119],[9.14054,47.57165],[9.14058,47.572],[9.14068,47.57217],[9.14083,47.57232],[9.14102,47.57244],[9.14148,47.57261],[9.14336,47.57284],[9.14421,47.57282],[9.14493,47.57301],[9.14527,47.57327],[9.14544,47.5736],[9.14553,47.57431],[9.14538,47.57511],[9.14511,47.57545],[9.14471,47.57578],[9.14462,47.57592],[9.14454,47.57609],[9.14371,47.57726],[9.1433,47.57828],[9.14338,47.57865],[9.14396,47.57945],[9.14425,47.57969],[9.14442,47.57992],[9.14448,47.58006],[9.14452,47.5802],[9.14456,47.58044],[9.14459,47.5806],[9.14503,47.58132],[9.14499,47.58167],[9.14466,47.58217],[9.14462,47.58254],[9.14486,47.58319],[9.14488,47.58355],[9.14474,47.58391],[9.1447,47.58408],[9.14466,47.5844],[9.14466,47.58456],[9.1447,47.58472],[9.14479,47.58487],[9.14514,47.5853],[9.14517,47.58578],[9.14493,47.58621],[9.14462,47.58647],[9.14325,47.58712],[9.14253,47.58723],[9.14152,47.58718],[9.14104,47.58705],[9.14071,47.58685],[9.14003,47.58666],[9.13954,47.58668],[9.13865,47.58683],[9.13857,47.58685],[9.13806,47.58696],[9.13773,47.58701],[9.13722,47.58706],[9.13713,47.58707],[9.13641,47.58712],[9.13551,47.58728],[9.13501,47.58725],[9.13444,47.58707],[9.13365,47.58697],[9.13322,47.58682],[9.1329,47.58657],[9.13279,47.5864],[9.13272,47.58624],[9.13266,47.58604],[9.13263,47.58569],[9.13265,47.5854],[9.13251,47.58505],[9.13219,47.58477],[9.13173,47.5846],[9.13121,47.58456],[9.13086,47.58461],[9.13046,47.58462],[9.13019,47.58461],[9.12994,47.58458],[9.12969,47.58453],[9.12913,47.58438],[9.12886,47.58433],[9.12782,47.58432],[9.12759,47.58428],[9.12731,47.5842],[9.12676,47.58399],[9.12502,47.5835],[9.12426,47.58342],[9.12357,47.58363],[9.12315,47.58397],[9.12248,47.58423],[9.12169,47.58427],[9.1215,47.58428],[9.12138,47.5843],[9.12131,47.5843],[9.12118,47.58433],[9.1211,47.58435],[9.12101,47.58437],[9.1205,47.5845],[9.12016,47.58455],[9.11958,47.58458],[9.11936,47.58457],[9.11912,47.58454],[9.11901,47.58452],[9.11896,47.58451],[9.11813,47.58435],[9.11768,47.58422],[9.11748,47.58419],[9.11692,47.58415],[9.11667,47.58415],[9.11606,47.58418],[9.11597,47.58419],[9.11538,47.58425],[9.11532,47.58426],[9.11508,47.58428],[9.11474,47.58429],[9.11441,47.58425],[9.11391,47.58415],[9.11365,47.58408],[9.11323,47.58395],[9.11297,47.58392],[9.11243,47.58395],[9.11196,47.58412],[9.11145,47.5846],[9.11105,47.58483],[9.11028,47.58494],[9.10908,47.58475],[9.10818,47.58437],[9.10765,47.58421],[9.10558,47.58418],[9.10553,47.58418],[9.10504,47.58418],[9.10485,47.58419],[9.10403,47.58427],[9.10379,47.58431],[9.10323,47.58451],[9.10224,47.58469],[9.10175,47.58484],[9.10105,47.5852],[9.09907,47.58555],[9.09803,47.58563],[9.09719,47.58593],[9.09649,47.58599],[9.09596,47.58587],[9.09519,47.5855],[9.09441,47.58536],[9.0937,47.58517],[9.09315,47.58493],[9.09218,47.58466],[9.09135,47.58426],[9.0909,47.58411],[9.09061,47.58398],[9.09041,47.58384],[9.09004,47.5834],[9.08958,47.58296],[9.08913,47.58264],[9.08861,47.58242],[9.08802,47.58208],[9.08755,47.58144],[9.0869,47.58087],[9.08676,47.58076],[9.08648,47.58057],[9.08611,47.58029],[9.08595,47.58018],[9.08577,47.58005],[9.08458,47.57903],[9.08447,47.57892],[9.08444,47.57889],[9.08349,47.57799],[9.08272,47.57729],[9.082,47.57646],[9.08134,47.57593],[9.08117,47.57577],[9.08108,47.57564],[9.08088,47.57543],[9.08049,47.57513],[9.08044,47.57509],[9.07956,47.57448],[9.07885,47.57403],[9.07869,47.57372],[9.07863,47.5732],[9.0784,47.57289],[9.078,47.57266],[9.07776,47.57259],[9.07689,47.5724],[9.07657,47.5723],[9.07612,47.57202],[9.07582,47.57171],[9.07566,47.57129],[9.07538,47.57097]]]},"properties":{"bfs_nr":4946,"name":"Weinfelden"}},{"type":"Feature","geometry":{"type":"Polygon","coordinates":[[[9.00675,47.58905],[9.00703,47.58851],[9.00707,47.58843],[9.00721,47.58805],[9.00724,47.58793],[9.0073,47.58759],[9.00753,47.58726],[9.00817,47.58694],[9.0087,47.5869],[9.00922,47.58701],[9.00979,47.58729],[9.01005,47.58741],[9.01015,47.58745],[9.01042,47.58756],[9.01049,47.58758],[9.01078,47.58768],[9.01086,47.58771],[9.01115,47.58779],[9.01126,47.58782],[9.01154,47.58788],[9.01165,47.5879],[9.01197,47.58795],[9.01203,47.58796],[9.01236,47.588],[9.01288,47.58803],[9.0135,47.58803],[9.01363,47.58803],[9.01397,47.58801],[9.01402,47.588],[9.01507,47.58791],[9.01536,47.58788],[9.01557,47.58784],[9.01565,47.58782],[9.01588,47.58774],[9.01609,47.58764],[9.01667,47.58709],[9.01742,47.58659],[9.01782,47.58639],[9.01899,47.58587],[9.01933,47.58572],[9.01973,47.58531],[9.01979,47.58498],[9.01971,47.58473],[9.01935,47.58378],[9.0193,47.58358],[9.0193,47.58341],[9.01944,47.58275],[9.01909,47.58201],[9.0191,47.58168],[9.01929,47.58137],[9.01989,47.58103],[9.02013,47.58095],[9.02473,47.57953],[9.0303,47.57778],[9.03188,47.57727],[9.0319,47.57727],[9.03304,47.57691],[9.03417,47.57656],[9.03754,47.5755],[9.03798,47.57537],[9.03811,47.57533],[9.0386,47.57521],[9.03879,47.57517],[9.03931,47.57509],[9.03945,47.57507],[9.03982,47.57502],[9.03999,47.57501],[9.04066,47.57497],[9.04177,47.57492],[9.04288,47.57488],[9.0429,47.57488],[9.04451,47.5748],[9.04611,47.57472],[9.04706,47.57467],[9.04708,47.57467],[9.04847,47.57462],[9.04879,47.57463],[9.04905,47.57467],[9.04949,47.57484],[9.0498,47.57512],[9.05007,47.57574],[9.05037,47.57685],[9.0504,47.57702],[9.05038,47.57719],[9.05029,47.57768],[9.05026,47.5779],[9.05013,47.57832],[9.04974,47.57923],[9.04966,47.57942],[9.0496,47.57957],[9.04959,47.57958],[9.04931,47.58022],[9.04904,47.58086],[9.049,47.58095],[9.04894,47.58106],[9.04868,47.58155],[9.04852,47.58198],[9.04857,47.58233],[9.04877,47.58275],[9.04933,47.58322],[9.04952,47.58353],[9.0496,47.58415],[9.0498,47.58446],[9.05039,47.58479],[9.0512,47.58492],[9.05179,47.58491],[9.0523,47.585],[9.05271,47.58522],[9.05286,47.58537],[9.05296,47.58553],[9.05303,47.58576],[9.0532,47.58692],[9.05325,47.58708],[9.05333,47.58728],[9.05337,47.58739],[9.05352,47.58795],[9.05355,47.58817],[9.05344,47.58852],[9.05317,47.58888],[9.05313,47.58937],[9.05337,47.58983],[9.05338,47.59017],[9.05297,47.59081],[9.05295,47.59118],[9.05332,47.59166],[9.05429,47.59232],[9.05443,47.59242],[9.05458,47.59257],[9.0547,47.59274],[9.05478,47.59291],[9.05526,47.59427],[9.05528,47.59433],[9.05569,47.59546],[9.05569,47.59548],[9.05575,47.59564],[9.05579,47.59582],[9.05579,47.5959],[9.0558,47.59602],[9.05579,47.59616],[9.05576,47.59632],[9.0557,47.59653],[9.05565,47.59677],[9.0556,47.59695],[9.05558,47.59701],[9.05556,47.59711],[9.05555,47.59725],[9.05556,47.59736],[9.05562,47.59752],[9.05571,47.59767],[9.05584,47.59781],[9.05598,47.59792],[9.05604,47.59797],[9.05614,47.59804],[9.05623,47.59811],[9.05626,47.59812],[9.05636,47.59818],[9.05649,47.59825],[9.05666,47.59832],[9.0578,47.59872],[9.05803,47.59879],[9.0583,47.59883],[9.05855,47.59884],[9.0588,47.59882],[9.05909,47.59877],[9.05934,47.59869],[9.0609,47.59807],[9.06102,47.59802],[9.06118,47.59797],[9.06131,47.59793],[9.06146,47.59789],[9.06159,47.59785],[9.06193,47.5978],[9.06248,47.59782],[9.06297,47.598],[9.06371,47.59845],[9.0642,47.59855],[9.06506,47.59853],[9.06535,47.59856],[9.06558,47.59861],[9.06598,47.59879],[9.06681,47.59958],[9.06697,47.59973],[9.06711,47.59983],[9.06718,47.59989],[9.06726,47.59994],[9.06731,47.59998],[9.06749,47.60008],[9.06756,47.60012],[9.06783,47.60026],[9.06784,47.60027],[9.06793,47.60031],[9.06814,47.6004],[9.06838,47.60046],[9.06863,47.60049],[9.06889,47.60048],[9.06968,47.60036],[9.07001,47.60037],[9.07074,47.60044],[9.07168,47.60058],[9.07195,47.60057],[9.07216,47.60056],[9.07243,47.60051],[9.07267,47.60044],[9.07277,47.6004],[9.07283,47.60037],[9.07314,47.60023],[9.07337,47.60016],[9.07385,47.60012],[9.07476,47.60034],[9.07589,47.60046],[9.07633,47.60061],[9.07693,47.60098],[9.07716,47.60106],[9.07765,47.60115],[9.07788,47.60118],[9.07811,47.60118],[9.07843,47.60113],[9.07868,47.60111],[9.07876,47.6011],[9.07913,47.60112],[9.07934,47.60113],[9.07969,47.6011],[9.08005,47.60111],[9.08076,47.60119],[9.08087,47.60121],[9.08091,47.60121],[9.08107,47.60121],[9.08127,47.60122],[9.08135,47.60121],[9.08183,47.60119],[9.082,47.60118],[9.08245,47.60116],[9.08402,47.60133],[9.08441,47.60144],[9.08466,47.60155],[9.08514,47.60185],[9.08579,47.60219],[9.08629,47.60233],[9.08726,47.60292],[9.08776,47.60303],[9.08843,47.60304],[9.08927,47.60338],[9.08983,47.6035],[9.09042,47.6035],[9.09129,47.6037],[9.09181,47.60366],[9.09261,47.6035],[9.09339,47.60355],[9.09366,47.60361],[9.09411,47.60377],[9.09449,47.60382],[9.0952,47.60383],[9.09606,47.60406],[9.09657,47.60411],[9.0972,47.60404],[9.09813,47.60399],[9.09864,47.60406],[9.09946,47.60449],[9.10014,47.60465],[9.10073,47.60486],[9.10138,47.60495],[9.10181,47.60513],[9.10213,47.60543],[9.10227,47.60576],[9.10214,47.60624],[9.10176,47.60661],[9.10056,47.60719],[9.10029,47.60746],[9.10013,47.60789],[9.0999,47.60818],[9.09924,47.60859],[9.0984,47.60884],[9.09805,47.6091],[9.09788,47.60944],[9.09791,47.60979],[9.09813,47.6101],[9.09855,47.61041],[9.09878,47.61075],[9.09871,47.61129],[9.0983,47.6118],[9.09793,47.61204],[9.09707,47.61223],[9.09645,47.61243],[9.09571,47.61243],[9.09485,47.61221],[9.0942,47.61217],[9.09417,47.61217],[9.09292,47.61211],[9.0928,47.6121],[9.09191,47.61202],[9.09079,47.61193],[9.09074,47.61193],[9.08994,47.61189],[9.08888,47.61186],[9.08841,47.61195],[9.08793,47.61213],[9.08739,47.6122],[9.08679,47.61219],[9.08618,47.61221],[9.08496,47.61227],[9.08475,47.61229],[9.08451,47.61234],[9.08423,47.61238],[9.08412,47.61239],[9.08366,47.6124],[9.08311,47.61239],[9.08261,47.61243],[9.08239,47.61246],[9.0821,47.61252],[9.08129,47.61265],[9.08099,47.61268],[9.08041,47.61271],[9.07968,47.61279],[9.07947,47.6128],[9.0786,47.61284],[9.07856,47.61284],[9.07654,47.61288],[9.0762,47.61287],[9.07602,47.61286],[9.07492,47.61289],[9.0718,47.61291],[9.07171,47.61291],[9.07077,47.61289],[9.06965,47.61287],[9.06963,47.61287],[9.06918,47.61286],[9.06912,47.61286],[9.06674,47.61276],[9.06672,47.61276],[9.06535,47.61271],[9.06487,47.61269],[9.06278,47.61254],[9.06265,47.61253],[9.06237,47.6125],[9.06228,47.61249],[9.06209,47.61246],[9.062,47.61245],[9.06172,47.6124],[9.06165,47.61238],[9.06138,47.61235],[9.0613,47.61234],[9.06064,47.61227],[9.06059,47.61227],[9.05901,47.61216],[9.0588,47.61214],[9.05862,47.61211],[9.05857,47.61211],[9.05665,47.61179],[9.0566,47.61178],[9.05507,47.61158],[9.055,47.61157],[9.05256,47.61119],[9.0516,47.61105],[9.05057,47.61084],[9.05015,47.61075],[9.04991,47.61072],[9.04919,47.6108],[9.04867,47.61103],[9.04796,47.61124],[9.04759,47.61151],[9.04741,47.61186],[9.04714,47.61314],[9.0469,47.61344],[9.04639,47.61382],[9.04598,47.61442],[9.04595,47.6149],[9.0462,47.61528],[9.04674,47.61573],[9.04737,47.6161],[9.04779,47.61623],[9.04873,47.6164],[9.0491,47.61665],[9.04932,47.61716],[9.04917,47.61815],[9.04925,47.61883],[9.04918,47.61941],[9.04927,47.62013],[9.04964,47.62057],[9.05063,47.62101],[9.0511,47.62132],[9.05196,47.62167],[9.05292,47.62187],[9.05348,47.62221],[9.05373,47.62252],[9.05377,47.62288],[9.05347,47.62382],[9.05302,47.62427],[9.05248,47.62446],[9.05193,47.62448],[9.05159,47.62441],[9.05111,47.62429],[9.05026,47.624],[9.04975,47.62395],[9.04932,47.62401],[9.04768,47.62414],[9.04733,47.6241],[9.04598,47.62373],[9.04529,47.6236],[9.04459,47.62352],[9.04412,47.62339],[9.04295,47.62328],[9.04204,47.62327],[9.04134,47.62305],[9.04025,47.62294],[9.03921,47.62269],[9.03735,47.62261],[9.03623,47.62274],[9.03523,47.62255],[9.03445,47.62254],[9.03376,47.62261],[9.03265,47.62263],[9.03181,47.62244],[9.03112,47.62237],[9.03016,47.62211],[9.0294,47.62205],[9.02885,47.62192],[9.02846,47.62191],[9.02714,47.62176],[9.02635,47.62162],[9.02525,47.62153],[9.02474,47.62137],[9.02417,47.62129],[9.02307,47.62085],[9.02289,47.62072],[9.0226,47.62025],[9.02265,47.61991],[9.02292,47.61953],[9.02326,47.6188],[9.02351,47.61731],[9.02348,47.61699],[9.02311,47.61647],[9.02303,47.61613],[9.02315,47.61579],[9.02368,47.61536],[9.02395,47.61504],[9.024,47.61485],[9.02407,47.61429],[9.02406,47.6141],[9.02389,47.61376],[9.02353,47.61349],[9.02329,47.61339],[9.0226,47.61323],[9.0222,47.61298],[9.02189,47.6125],[9.02188,47.61216],[9.02205,47.61184],[9.0222,47.61171],[9.02259,47.6115],[9.02307,47.61141],[9.02402,47.61144],[9.02488,47.61156],[9.02497,47.61157],[9.02506,47.61158],[9.02532,47.61159],[9.02557,47.61157],[9.02581,47.61151],[9.02603,47.61143],[9.02623,47.61131],[9.02638,47.61118],[9.0265,47.61102],[9.02674,47.61037],[9.02704,47.61008],[9.02747,47.60988],[9.02807,47.60979],[9.02853,47.60964],[9.02897,47.60921],[9.02909,47.60884],[9.02912,47.60866],[9.02916,47.6077],[9.02907,47.60736],[9.02881,47.60707],[9.02841,47.6068],[9.02819,47.60649],[9.0281,47.60609],[9.02786,47.60577],[9.02722,47.60547],[9.02545,47.60506],[9.02399,47.60467],[9.02395,47.60466],[9.02251,47.60425],[9.02189,47.60412],[9.02109,47.60379],[9.02096,47.60374],[9.02075,47.60367],[9.02069,47.60365],[9.0201,47.60348],[9.01886,47.60302],[9.0176,47.60246],[9.01748,47.6024],[9.0165,47.60189],[9.01638,47.60182],[9.01586,47.60149],[9.01584,47.60148],[9.01463,47.60072],[9.01453,47.60065],[9.01378,47.6001],[9.01376,47.60009],[9.01271,47.5993],[9.01268,47.59928],[9.01167,47.59849],[9.01164,47.59847],[9.01162,47.59845],[9.01144,47.59827],[9.01129,47.59794],[9.01133,47.59759],[9.01157,47.59728],[9.01196,47.59706],[9.01226,47.59697],[9.01348,47.59671],[9.01372,47.59664],[9.01394,47.59654],[9.01412,47.59642],[9.01426,47.59627],[9.01436,47.59611],[9.01441,47.59593],[9.0144,47.59576],[9.01435,47.59559],[9.01365,47.59408],[9.01329,47.59365],[9.01125,47.59215],[9.01073,47.59175],[9.01053,47.59162],[9.01004,47.59147],[9.0095,47.59145],[9.00896,47.59154],[9.00844,47.59149],[9.00798,47.59132],[9.0078,47.59118],[9.00763,47.59099],[9.00681,47.58982],[9.0067,47.58961],[9.00675,47.58905]]]},"properties":{"bfs_nr":4951,"name":"Wigoltingen"}}]}