{"type":"FeatureCollection","features":[{"type":"Feature","geometry":{"type":"Polygon","coordinates":[[[8.61591,46.89321],[8.61588,46.89279],[8.61641,46.89191],[8.61754,46.88989],[8.61755,46.88989],[8.61808,46.88892],[8.61811,46.88886],[8.61874,46.88784],[8.61941,46.88693],[8.61946,46.88685],[8.61991,46.88607],[8.61995,46.88599],[8.62054,46.88462],[8.62244,46.88122],[8.62245,46.88121],[8.62428,46.87799],[8.62571,46.87547],[8.62933,46.86909],[8.63094,46.86626],[8.63095,46.86626],[8.63164,46.86507],[8.63166,46.86504],[8.63182,46.86478],[8.63198,46.86459],[8.63256,46.86426],[8.63306,46.8642],[8.63355,46.86426],[8.63402,46.86448],[8.63484,46.86512],[8.63501,46.86543],[8.63519,46.86617],[8.6355,46.86643],[8.63626,46.86683],[8.63685,46.86746],[8.63723,46.86765],[8.63762,46.86782],[8.63795,46.86809],[8.63842,46.86872],[8.63883,46.86891],[8.6396,46.86905],[8.64004,46.86923],[8.64044,46.86967],[8.64054,46.87024],[8.64103,46.87073],[8.64224,46.87109],[8.64289,46.87173],[8.64443,46.87245],[8.64452,46.87249],[8.64472,46.87257],[8.64491,46.87263],[8.64534,46.87271],[8.64589,46.87291],[8.64632,46.87302],[8.6465,46.87306],[8.64703,46.87314],[8.64797,46.87323],[8.64814,46.87324],[8.64822,46.87325],[8.64834,46.87325],[8.64879,46.87324],[8.64899,46.87325],[8.64945,46.8733],[8.64964,46.87333],[8.64986,46.87337],[8.6499,46.87338],[8.65017,46.87343],[8.65018,46.87343],[8.65087,46.87359],[8.6513,46.87376],[8.65183,46.87432],[8.6522,46.87457],[8.65269,46.8747],[8.65321,46.87469],[8.65414,46.87457],[8.65467,46.87464],[8.65511,46.87484],[8.65555,46.87525],[8.65629,46.87573],[8.65673,46.87648],[8.65674,46.87683],[8.65635,46.87741],[8.65583,46.87852],[8.65583,46.8789],[8.65605,46.87924],[8.65663,46.87973],[8.65675,46.88009],[8.65664,46.88045],[8.65615,46.8812],[8.65546,46.88191],[8.65502,46.88225],[8.6549,46.88238],[8.65482,46.88253],[8.65475,46.88268],[8.65469,46.88286],[8.65469,46.88304],[8.65475,46.88322],[8.65485,46.88339],[8.65501,46.88354],[8.65589,46.88429],[8.65639,46.88496],[8.65675,46.88556],[8.65684,46.88573],[8.65721,46.88667],[8.65727,46.88691],[8.6572,46.88735],[8.65731,46.88771],[8.65763,46.88812],[8.65794,46.88934],[8.65821,46.88965],[8.65864,46.88986],[8.65918,46.88999],[8.65962,46.89021],[8.65977,46.89036],[8.65994,46.89072],[8.65987,46.89132],[8.65987,46.89143],[8.65987,46.89168],[8.65987,46.89171],[8.65989,46.892],[8.6597,46.89297],[8.65978,46.89334],[8.6599,46.8935],[8.66007,46.89365],[8.66066,46.89408],[8.6608,46.89426],[8.66104,46.89463],[8.66105,46.89465],[8.66123,46.89492],[8.66133,46.89504],[8.66147,46.89516],[8.66163,46.89526],[8.66172,46.8953],[8.66195,46.8954],[8.66245,46.89548],[8.6632,46.89545],[8.66397,46.8955],[8.66441,46.89564],[8.66535,46.89629],[8.66566,46.89662],[8.66575,46.89695],[8.66553,46.89744],[8.66483,46.89783],[8.66451,46.89811],[8.66405,46.89878],[8.66365,46.89898],[8.66333,46.89906],[8.66293,46.89913],[8.66222,46.89918],[8.66207,46.89922],[8.6616,46.89932],[8.66136,46.89934],[8.66106,46.89935],[8.66075,46.89936],[8.66055,46.89937],[8.66029,46.8994],[8.66008,46.89944],[8.65988,46.89949],[8.65889,46.89992],[8.65854,46.9002],[8.65839,46.90055],[8.65841,46.90088],[8.65846,46.90103],[8.65879,46.90174],[8.65879,46.90209],[8.65857,46.90252],[8.65854,46.90261],[8.65851,46.90285],[8.65852,46.90341],[8.65841,46.90378],[8.65816,46.90415],[8.65801,46.90428],[8.65781,46.90443],[8.65758,46.90458],[8.6573,46.9047],[8.65703,46.90485],[8.65669,46.90509],[8.65657,46.90519],[8.65632,46.90537],[8.65608,46.90549],[8.65579,46.90578],[8.6557,46.90628],[8.65599,46.90736],[8.65591,46.9077],[8.6558,46.90785],[8.65563,46.908],[8.65541,46.90814],[8.65518,46.90823],[8.65467,46.9083],[8.65434,46.90828],[8.65387,46.90822],[8.65374,46.90821],[8.65361,46.9082],[8.65347,46.9082],[8.65313,46.9082],[8.65283,46.90822],[8.65183,46.90851],[8.65066,46.90851],[8.65016,46.90866],[8.64953,46.90908],[8.64928,46.90929],[8.64885,46.90951],[8.64834,46.90958],[8.64782,46.90951],[8.64738,46.90931],[8.64699,46.90889],[8.64663,46.90867],[8.64594,46.90853],[8.64531,46.9086],[8.64471,46.90888],[8.64436,46.90922],[8.64395,46.90941],[8.64346,46.90948],[8.64236,46.90941],[8.64145,46.90929],[8.64121,46.90921],[8.64082,46.90897],[8.6406,46.90863],[8.64055,46.90836],[8.64047,46.90817],[8.64038,46.908],[8.64031,46.9079],[8.64004,46.9075],[8.64007,46.90695],[8.64038,46.90659],[8.64054,46.90623],[8.64057,46.90606],[8.64054,46.90494],[8.63994,46.90387],[8.63955,46.9036],[8.6393,46.90352],[8.63843,46.90338],[8.6382,46.90333],[8.63791,46.90327],[8.63727,46.90317],[8.63686,46.90305],[8.63657,46.90294],[8.63578,46.90275],[8.63537,46.90255],[8.63491,46.90215],[8.63455,46.90192],[8.63394,46.90156],[8.63359,46.90124],[8.63347,46.90089],[8.63357,46.9003],[8.63347,46.89996],[8.63271,46.89923],[8.63264,46.89904],[8.63256,46.89874],[8.63254,46.89867],[8.63254,46.89864],[8.63253,46.89844],[8.63253,46.89827],[8.6324,46.89793],[8.63226,46.89778],[8.63208,46.89765],[8.63187,46.89755],[8.63163,46.89747],[8.63078,46.8973],[8.63037,46.89712],[8.63009,46.89685],[8.62979,46.89624],[8.62942,46.89598],[8.62866,46.89583],[8.62814,46.89591],[8.6274,46.89622],[8.62692,46.89627],[8.62601,46.89605],[8.62554,46.89578],[8.62515,46.89509],[8.62484,46.8948],[8.62438,46.89462],[8.62353,46.89442],[8.623,46.8942],[8.62224,46.89368],[8.62171,46.89359],[8.62005,46.89369],[8.61963,46.89386],[8.6191,46.89436],[8.6187,46.89456],[8.61846,46.89461],[8.61815,46.89464],[8.61765,46.89466],[8.61731,46.89464],[8.6168,46.89453],[8.61629,46.89431],[8.61593,46.89381],[8.61591,46.89321]]]},"properties":{"bfs_nr":1201,"name":"Altdorf (UR)"}},{"type":"Feature","geometry":{"type":"Polygon","coordinates":[[[8.54765,46.64119],[8.54744,46.64104],[8.54731,46.64089],[8.547,46.64015],[8.54706,46.6398],[8.54749,46.63937],[8.54795,46.63921],[8.54846,46.63919],[8.54901,46.63928],[8.5495,46.63926],[8.54973,46.6392],[8.5506,46.63885],[8.55136,46.63876],[8.55162,46.63871],[8.55168,46.63869],[8.55183,46.63864],[8.55188,46.63862],[8.55205,46.63854],[8.55212,46.63851],[8.55225,46.63842],[8.55281,46.63802],[8.55311,46.6378],[8.55381,46.63759],[8.56105,46.63678],[8.56128,46.63674],[8.56151,46.63667],[8.5617,46.63657],[8.56766,46.63295],[8.56838,46.63265],[8.56893,46.63233],[8.57015,46.63188],[8.57032,46.63181],[8.5706,46.63169],[8.57114,46.63145],[8.57123,46.63141],[8.57195,46.63113],[8.57222,46.631],[8.57279,46.63063],[8.57385,46.63011],[8.57477,46.62997],[8.57541,46.62978],[8.57591,46.62975],[8.57682,46.62983],[8.57747,46.62962],[8.57823,46.6291],[8.57872,46.62851],[8.57898,46.62776],[8.57901,46.62744],[8.57886,46.62703],[8.57887,46.62669],[8.57951,46.62593],[8.57965,46.62576],[8.57971,46.62565],[8.57981,46.62539],[8.58003,46.62509],[8.5804,46.62487],[8.58168,46.62456],[8.58261,46.62421],[8.58315,46.62396],[8.58362,46.62353],[8.58386,46.62337],[8.58431,46.62318],[8.58466,46.62293],[8.58531,46.62191],[8.58567,46.62153],[8.58588,46.62086],[8.58591,46.62033],[8.5862,46.61986],[8.58694,46.61922],[8.58725,46.61868],[8.58784,46.61806],[8.58816,46.61782],[8.58878,46.61761],[8.58914,46.6174],[8.58975,46.61668],[8.59004,46.61645],[8.59029,46.61611],[8.5904,46.6156],[8.59084,46.61512],[8.5912,46.61444],[8.59171,46.61383],[8.59194,46.61313],[8.59193,46.61281],[8.59223,46.61205],[8.59221,46.61149],[8.5924,46.61116],[8.5933,46.61046],[8.59384,46.61016],[8.59412,46.60987],[8.59432,46.60945],[8.5946,46.60917],[8.5956,46.60845],[8.5959,46.60826],[8.59631,46.6081],[8.59682,46.60794],[8.5971,46.60783],[8.59738,46.60767],[8.59757,46.60754],[8.60021,46.6054],[8.60028,46.60533],[8.60669,46.59904],[8.6068,46.5989],[8.60688,46.59875],[8.60703,46.59836],[8.60713,46.59817],[8.60739,46.59778],[8.60795,46.59711],[8.6083,46.59674],[8.6087,46.59625],[8.61009,46.59546],[8.61076,46.59488],[8.61142,46.59441],[8.61154,46.59409],[8.61147,46.59372],[8.61135,46.59354],[8.61122,46.5934],[8.61062,46.59285],[8.6103,46.59209],[8.61013,46.59138],[8.61013,46.59099],[8.61033,46.59068],[8.6108,46.59032],[8.61147,46.58975],[8.61163,46.58958],[8.61172,46.58939],[8.61176,46.5892],[8.61173,46.589],[8.61155,46.5884],[8.61154,46.58836],[8.61117,46.58737],[8.61112,46.58713],[8.61111,46.58709],[8.61111,46.58693],[8.61114,46.58616],[8.61094,46.58581],[8.61061,46.58554],[8.61002,46.58478],[8.60991,46.58443],[8.60994,46.5842],[8.61,46.58405],[8.61012,46.58387],[8.61028,46.58372],[8.6106,46.5835],[8.61073,46.58336],[8.6109,46.58312],[8.61122,46.58287],[8.61171,46.58266],[8.61189,46.58254],[8.61203,46.58241],[8.61213,46.58228],[8.61247,46.58174],[8.61255,46.58157],[8.61259,46.58145],[8.61268,46.58125],[8.61277,46.58114],[8.61286,46.58097],[8.61302,46.5806],[8.61306,46.58046],[8.61307,46.58032],[8.61305,46.5799],[8.61309,46.57962],[8.61328,46.57931],[8.61344,46.57917],[8.61369,46.57903],[8.61462,46.57861],[8.61543,46.57807],[8.61727,46.57765],[8.61789,46.57761],[8.61954,46.57798],[8.62027,46.57806],[8.62075,46.57799],[8.62295,46.57735],[8.62372,46.57716],[8.62511,46.57696],[8.6262,46.57643],[8.62654,46.57618],[8.6268,46.57572],[8.62685,46.57518],[8.62711,46.57474],[8.62793,46.57419],[8.62876,46.57393],[8.62926,46.57354],[8.62936,46.57303],[8.62904,46.57232],[8.62885,46.57136],[8.62896,46.57066],[8.62923,46.56995],[8.62977,46.56881],[8.63024,46.56718],[8.63076,46.56606],[8.63123,46.56559],[8.6317,46.56543],[8.63321,46.56535],[8.63385,46.56511],[8.63423,46.56474],[8.63462,46.56452],[8.63509,46.56442],[8.63668,46.5643],[8.6377,46.56429],[8.63885,46.56443],[8.6393,46.5644],[8.6405,46.5642],[8.64098,46.56423],[8.64157,46.56441],[8.64218,46.5645],[8.64294,46.56482],[8.64353,46.56522],[8.64399,46.56535],[8.6445,46.56535],[8.64522,46.56523],[8.64567,46.56528],[8.64654,46.56557],[8.6476,46.56583],[8.64842,46.56618],[8.64971,46.56639],[8.65056,46.56663],[8.65138,46.56676],[8.65256,46.56723],[8.65333,46.56769],[8.65425,46.56811],[8.65468,46.56823],[8.65524,46.56826],[8.65629,46.56852],[8.65709,46.56895],[8.65743,46.56922],[8.65801,46.56986],[8.65844,46.57057],[8.65873,46.57122],[8.65946,46.57201],[8.65964,46.57291],[8.65995,46.57326],[8.66077,46.57354],[8.66159,46.57359],[8.66283,46.57385],[8.66427,46.57446],[8.66481,46.57481],[8.66539,46.57562],[8.66617,46.576],[8.66673,46.57644],[8.66733,46.57666],[8.66844,46.57685],[8.66899,46.57712],[8.67006,46.57737],[8.67075,46.57745],[8.6719,46.57782],[8.67274,46.57837],[8.67341,46.57853],[8.67492,46.57859],[8.67567,46.57854],[8.67655,46.57855],[8.67718,46.57864],[8.67845,46.57911],[8.6789,46.57964],[8.68184,46.58829],[8.68185,46.58877],[8.68059,46.59294],[8.6806,46.5947],[8.68032,46.59533],[8.67746,46.59809],[8.67691,46.59911],[8.6769,46.59945],[8.67729,46.60028],[8.67714,46.60119],[8.6772,46.60158],[8.67743,46.60195],[8.67746,46.60256],[8.67786,46.60338],[8.67844,46.60402],[8.67914,46.60448],[8.67944,46.60484],[8.67962,46.60543],[8.67903,46.60758],[8.67875,46.60799],[8.67843,46.60881],[8.67796,46.60927],[8.6778,46.60977],[8.67829,46.61445],[8.67866,46.6157],[8.6786,46.61627],[8.67712,46.61913],[8.67684,46.61945],[8.67646,46.61966],[8.67599,46.61975],[8.67547,46.61974],[8.67399,46.61995],[8.67346,46.61993],[8.67275,46.61977],[8.67158,46.61963],[8.67111,46.61964],[8.66797,46.62007],[8.66703,46.62038],[8.66637,46.62069],[8.66432,46.62156],[8.664,46.62186],[8.66359,46.62288],[8.6633,46.62317],[8.66249,46.62352],[8.66199,46.62387],[8.66102,46.62439],[8.6596,46.62481],[8.65921,46.62502],[8.65817,46.62612],[8.6581,46.62643],[8.65815,46.62697],[8.65795,46.62759],[8.65788,46.62841],[8.65763,46.62875],[8.65708,46.6291],[8.6566,46.62965],[8.65644,46.62996],[8.6566,46.63069],[8.6565,46.63111],[8.65623,46.63141],[8.65497,46.63205],[8.65444,46.63241],[8.6537,46.6327],[8.6527,46.6334],[8.65152,46.634],[8.65122,46.63431],[8.65113,46.63467],[8.65153,46.6366],[8.65189,46.63784],[8.65245,46.63839],[8.6533,46.63875],[8.65401,46.63934],[8.6555,46.63976],[8.65585,46.64],[8.6564,46.64075],[8.65701,46.64129],[8.65719,46.64177],[8.65706,46.64214],[8.65652,46.64301],[8.65647,46.64373],[8.65685,46.64429],[8.65754,46.64506],[8.65767,46.6456],[8.65824,46.64649],[8.65838,46.64716],[8.65825,46.64754],[8.6579,46.64785],[8.65621,46.64847],[8.65587,46.64874],[8.65529,46.64946],[8.65514,46.64979],[8.65517,46.65013],[8.65539,46.65043],[8.65923,46.65399],[8.661,46.65565],[8.66159,46.65595],[8.66207,46.65601],[8.66569,46.65597],[8.66663,46.65619],[8.67133,46.65879],[8.6717,46.65906],[8.6741,46.66138],[8.67526,46.66269],[8.67568,46.66298],[8.67774,46.66388],[8.67819,46.66418],[8.67839,46.66452],[8.67835,46.66495],[8.67723,46.66785],[8.67692,46.66828],[8.67408,46.67065],[8.67368,46.67117],[8.67348,46.67255],[8.67374,46.67351],[8.67402,46.67521],[8.67415,46.67565],[8.67398,46.67626],[8.67361,46.67664],[8.67318,46.67681],[8.67268,46.67686],[8.67237,46.67684],[8.66722,46.67599],[8.66693,46.67592],[8.66653,46.67573],[8.66626,46.67545],[8.66617,46.67525],[8.66598,46.67462],[8.66577,46.67428],[8.66507,46.6738],[8.66489,46.67367],[8.66475,46.67352],[8.66434,46.673],[8.6642,46.67278],[8.66378,46.67189],[8.66369,46.67174],[8.66355,46.6716],[8.66338,46.67148],[8.66296,46.67132],[8.66192,46.67124],[8.65614,46.67184],[8.6557,46.67194],[8.65493,46.67238],[8.65466,46.67263],[8.65431,46.67331],[8.65415,46.67347],[8.65389,46.67363],[8.65328,46.67394],[8.65277,46.67428],[8.65246,46.67445],[8.6521,46.67456],[8.65134,46.67473],[8.65016,46.67509],[8.64991,46.67515],[8.64965,46.67518],[8.64735,46.67533],[8.64655,46.67549],[8.64547,46.67552],[8.64489,46.67563],[8.64455,46.67563],[8.64428,46.67561],[8.64393,46.67556],[8.6436,46.67545],[8.64268,46.67507],[8.64229,46.67483],[8.64207,46.67455],[8.6419,46.67374],[8.6418,46.67343],[8.64175,46.67303],[8.6413,46.67223],[8.64122,46.6718],[8.64132,46.67144],[8.64124,46.67111],[8.64099,46.67081],[8.64043,46.67036],[8.64031,46.67021],[8.64013,46.66993],[8.64,46.66969],[8.63968,46.66942],[8.63895,46.6691],[8.63862,46.66882],[8.63832,46.66818],[8.63821,46.66804],[8.63806,46.66792],[8.63794,46.66784],[8.63778,46.66775],[8.63747,46.66759],[8.63736,46.66754],[8.63681,46.66732],[8.63662,46.66726],[8.63562,46.66698],[8.63443,46.66653],[8.6342,46.66646],[8.63343,46.66629],[8.6325,46.66617],[8.63145,46.66574],[8.63089,46.66557],[8.63053,46.66542],[8.63022,46.66526],[8.62999,46.66511],[8.62961,46.6647],[8.62945,46.66455],[8.62926,46.66442],[8.6291,46.66423],[8.62839,46.66323],[8.62827,46.6631],[8.62794,46.66286],[8.62762,46.66258],[8.62666,46.66146],[8.62576,46.66075],[8.62559,46.66064],[8.6254,46.66055],[8.62519,46.66049],[8.62377,46.66016],[8.62319,46.66004],[8.6229,46.65993],[8.62261,46.65972],[8.62247,46.65956],[8.62173,46.65848],[8.62153,46.65827],[8.62065,46.65759],[8.62017,46.65736],[8.61923,46.65722],[8.61871,46.65711],[8.61748,46.6567],[8.61733,46.65664],[8.61626,46.65621],[8.61371,46.65525],[8.6121,46.65484],[8.61181,46.65475],[8.61155,46.65461],[8.61023,46.65377],[8.60986,46.6536],[8.60872,46.65326],[8.60781,46.65306],[8.60735,46.65291],[8.60616,46.6524],[8.60597,46.65231],[8.60541,46.652],[8.60415,46.65141],[8.60387,46.65131],[8.60314,46.6512],[8.6029,46.65114],[8.6027,46.65104],[8.60252,46.65091],[8.60238,46.65077],[8.60229,46.65061],[8.60212,46.65014],[8.60184,46.64986],[8.60047,46.64913],[8.60002,46.64898],[8.59951,46.64895],[8.59926,46.64899],[8.59903,46.64906],[8.59869,46.64913],[8.59797,46.64922],[8.59778,46.64923],[8.59708,46.64927],[8.59633,46.64937],[8.59604,46.64939],[8.59545,46.64941],[8.59507,46.6494],[8.59388,46.64927],[8.59372,46.64926],[8.59339,46.64925],[8.59224,46.64916],[8.59175,46.64907],[8.59137,46.64898],[8.59082,46.649],[8.59033,46.64917],[8.58893,46.64994],[8.58833,46.65022],[8.58764,46.65031],[8.5866,46.65022],[8.58604,46.65036],[8.58577,46.65039],[8.58544,46.65038],[8.58531,46.65037],[8.58525,46.65036],[8.58451,46.65028],[8.58427,46.65024],[8.58404,46.65017],[8.58306,46.64982],[8.58275,46.64968],[8.58197,46.64926],[8.58177,46.64917],[8.57952,46.64832],[8.57929,46.64825],[8.57915,46.64821],[8.5788,46.64816],[8.5784,46.64814],[8.57811,46.64815],[8.57726,46.64835],[8.57677,46.64843],[8.57575,46.64851],[8.57537,46.64858],[8.57437,46.64887],[8.57334,46.64914],[8.57282,46.64922],[8.57256,46.64923],[8.57224,46.64928],[8.57112,46.64954],[8.57099,46.64957],[8.57027,46.6497],[8.56995,46.64973],[8.56969,46.64973],[8.56938,46.64967],[8.56835,46.64943],[8.56803,46.64932],[8.56764,46.64906],[8.56748,46.64885],[8.56675,46.64761],[8.56603,46.64665],[8.56578,46.64593],[8.56551,46.64566],[8.56444,46.64494],[8.56372,46.6447],[8.56339,46.64462],[8.56321,46.64459],[8.56266,46.64453],[8.56245,46.64448],[8.56199,46.64429],[8.56166,46.64418],[8.56037,46.64385],[8.55926,46.64388],[8.55894,46.64386],[8.5587,46.64382],[8.55815,46.64363],[8.55724,46.64346],[8.55605,46.6435],[8.55495,46.64347],[8.55254,46.64308],[8.55137,46.64286],[8.55111,46.64278],[8.55012,46.64224],[8.54976,46.64196],[8.54958,46.64188],[8.54937,46.64181],[8.54899,46.64171],[8.54853,46.6415],[8.54789,46.64131],[8.54765,46.64119]]]},"properties":{"bfs_nr":1202,"name":"Andermatt"}},{"type":"Feature","geometry":{"type":"Polygon","coordinates":[[[8.46581,46.79863],[8.46593,46.79827],[8.46626,46.79797],[8.46689,46.79774],[8.46806,46.79768],[8.46866,46.79748],[8.47127,46.79594],[8.47172,46.79564],[8.47221,46.79551],[8.47273,46.79552],[8.47377,46.79587],[8.47535,46.79675],[8.47566,46.79689],[8.477,46.79725],[8.47765,46.79724],[8.47828,46.79736],[8.4794,46.79778],[8.47992,46.79789],[8.4807,46.79776],[8.48123,46.79735],[8.48167,46.79602],[8.4819,46.79497],[8.48194,46.79426],[8.48184,46.79392],[8.48098,46.79319],[8.48058,46.79267],[8.47926,46.7917],[8.47845,46.79039],[8.4784,46.79013],[8.47855,46.78945],[8.47899,46.78902],[8.48053,46.78815],[8.48134,46.78751],[8.48334,46.78645],[8.48365,46.78621],[8.48406,46.78554],[8.48477,46.78468],[8.48531,46.78349],[8.4856,46.78311],[8.4866,46.78228],[8.48699,46.78205],[8.4875,46.78189],[8.48819,46.7815],[8.48863,46.78087],[8.49102,46.77377],[8.49143,46.77327],[8.49188,46.77308],[8.49239,46.77303],[8.49289,46.77313],[8.49415,46.77376],[8.49484,46.77393],[8.49523,46.77412],[8.49542,46.77428],[8.49577,46.77462],[8.49597,46.77478],[8.49622,46.7749],[8.49643,46.77498],[8.49663,46.77508],[8.49706,46.77535],[8.49727,46.77551],[8.49758,46.77587],[8.49774,46.776],[8.49817,46.77619],[8.49841,46.77623],[8.49891,46.77623],[8.5001,46.77587],[8.50089,46.77573],[8.50164,46.77575],[8.50264,46.7756],[8.50317,46.77565],[8.50362,46.77584],[8.5038,46.77598],[8.50458,46.77691],[8.505,46.77726],[8.50614,46.77839],[8.50634,46.77855],[8.5066,46.77867],[8.50843,46.77935],[8.50862,46.7794],[8.50881,46.77944],[8.50943,46.77952],[8.50969,46.77953],[8.50995,46.77951],[8.51049,46.77943],[8.5107,46.77939],[8.5109,46.77932],[8.51161,46.77902],[8.51214,46.77888],[8.51265,46.77889],[8.51311,46.77903],[8.5133,46.77915],[8.51365,46.77952],[8.51407,46.77976],[8.51432,46.77983],[8.51451,46.77987],[8.5148,46.77994],[8.51496,46.77999],[8.51515,46.78008],[8.51554,46.7803],[8.51603,46.78042],[8.517,46.78041],[8.5177,46.78068],[8.52193,46.78358],[8.52209,46.78368],[8.52257,46.78388],[8.5229,46.78415],[8.523,46.78432],[8.52308,46.78458],[8.52318,46.78477],[8.52425,46.78634],[8.52439,46.78684],[8.52424,46.78718],[8.52376,46.78788],[8.52367,46.78805],[8.52338,46.78886],[8.52336,46.7892],[8.52342,46.78936],[8.52404,46.79019],[8.5241,46.79056],[8.52381,46.79117],[8.52377,46.79132],[8.52383,46.79164],[8.52414,46.79228],[8.52468,46.79312],[8.52536,46.79455],[8.52553,46.7955],[8.526,46.79645],[8.52627,46.79672],[8.52678,46.79698],[8.5271,46.79727],[8.52722,46.79763],[8.52712,46.79804],[8.52712,46.79821],[8.52716,46.79838],[8.52738,46.79888],[8.52743,46.79907],[8.52744,46.79923],[8.5274,46.79942],[8.52715,46.80012],[8.52711,46.8003],[8.52713,46.80049],[8.52721,46.80067],[8.52748,46.80112],[8.52757,46.80136],[8.52759,46.80156],[8.52754,46.80175],[8.52729,46.80215],[8.52722,46.80234],[8.52721,46.80253],[8.52725,46.80272],[8.52736,46.80289],[8.52799,46.80376],[8.52886,46.80427],[8.52922,46.80461],[8.5301,46.80509],[8.53044,46.80538],[8.53104,46.8057],[8.53144,46.80609],[8.53193,46.80651],[8.53207,46.8066],[8.53329,46.80738],[8.53344,46.80746],[8.53361,46.80753],[8.53396,46.80763],[8.53434,46.80783],[8.53477,46.80821],[8.5358,46.80889],[8.53695,46.80996],[8.53765,46.81055],[8.53783,46.81098],[8.53832,46.81143],[8.53871,46.81197],[8.53937,46.81243],[8.53951,46.81261],[8.5397,46.8128],[8.54033,46.81327],[8.54053,46.81339],[8.54181,46.81391],[8.54199,46.81401],[8.54225,46.81425],[8.54242,46.8145],[8.54252,46.81471],[8.54305,46.81543],[8.54336,46.81568],[8.54409,46.81607],[8.54488,46.81636],[8.54562,46.81671],[8.54638,46.81714],[8.54689,46.81757],[8.547,46.81792],[8.54686,46.8187],[8.54685,46.81884],[8.54681,46.81912],[8.54658,46.81994],[8.54656,46.82001],[8.54648,46.82048],[8.54648,46.82065],[8.54648,46.82072],[8.54654,46.82092],[8.54668,46.82122],[8.54691,46.82161],[8.54696,46.82178],[8.54692,46.8222],[8.54697,46.82264],[8.54716,46.82309],[8.54715,46.82359],[8.54712,46.82391],[8.54714,46.82412],[8.54723,46.82464],[8.54734,46.82482],[8.54749,46.82498],[8.54756,46.82504],[8.54771,46.82514],[8.54797,46.8253],[8.54837,46.82559],[8.54895,46.82593],[8.54973,46.82656],[8.55033,46.82694],[8.5507,46.82716],[8.55096,46.82748],[8.55102,46.82784],[8.55079,46.82837],[8.55072,46.82891],[8.55064,46.82972],[8.55065,46.82992],[8.5507,46.83014],[8.55071,46.83036],[8.55077,46.83053],[8.55148,46.83163],[8.55152,46.83181],[8.55144,46.83217],[8.55133,46.83234],[8.55068,46.83286],[8.55049,46.83316],[8.55014,46.83403],[8.5496,46.83465],[8.54917,46.83496],[8.54828,46.8354],[8.5481,46.83554],[8.54797,46.8357],[8.54789,46.83588],[8.54786,46.83607],[8.54789,46.83625],[8.54797,46.83643],[8.54811,46.83659],[8.54829,46.83672],[8.5485,46.83683],[8.55384,46.83901],[8.55449,46.8393],[8.55504,46.83948],[8.55522,46.83954],[8.55553,46.8396],[8.55561,46.83961],[8.55586,46.83962],[8.55611,46.8396],[8.55667,46.83947],[8.55739,46.83943],[8.55819,46.83928],[8.55895,46.83885],[8.55953,46.83862],[8.56055,46.83837],[8.56106,46.83833],[8.56185,46.83823],[8.56258,46.83807],[8.56308,46.838],[8.56383,46.83798],[8.56418,46.83802],[8.56477,46.83827],[8.56561,46.83879],[8.56617,46.83924],[8.56663,46.83938],[8.56712,46.8394],[8.5676,46.83933],[8.56828,46.83934],[8.5691,46.83921],[8.57004,46.83881],[8.57092,46.83865],[8.57141,46.83845],[8.57235,46.83791],[8.57276,46.83757],[8.57319,46.83739],[8.574,46.8373],[8.5752,46.83738],[8.57607,46.83725],[8.57669,46.83709],[8.57733,46.83705],[8.57877,46.83666],[8.58077,46.83633],[8.58133,46.83631],[8.58551,46.83662],[8.586,46.8367],[8.58696,46.83695],[8.58699,46.83696],[8.58844,46.83736],[8.58869,46.83741],[8.58895,46.83743],[8.58968,46.83742],[8.59005,46.83745],[8.5904,46.83753],[8.59322,46.83844],[8.59621,46.83951],[8.59739,46.83983],[8.59823,46.84014],[8.59852,46.84023],[8.59883,46.84027],[8.5996,46.8403],[8.59982,46.84029],[8.59995,46.84028],[8.6003,46.84022],[8.6006,46.84012],[8.60078,46.84002],[8.60094,46.8399],[8.60106,46.83977],[8.60132,46.83932],[8.60181,46.83898],[8.60253,46.83872],[8.60397,46.83844],[8.60457,46.83838],[8.60482,46.83832],[8.60501,46.83825],[8.60516,46.83816],[8.60523,46.83811],[8.60533,46.83804],[8.60545,46.83794],[8.60568,46.83778],[8.60641,46.83759],[8.60692,46.83764],[8.60776,46.83808],[8.60794,46.83817],[8.60811,46.83824],[8.60821,46.83828],[8.60867,46.83844],[8.60888,46.8385],[8.61043,46.83855],[8.61096,46.83846],[8.61141,46.83827],[8.61323,46.83798],[8.61465,46.83817],[8.61495,46.8383],[8.61535,46.83851],[8.61544,46.83855],[8.61547,46.83857],[8.61557,46.83861],[8.61659,46.83902],[8.6173,46.83917],[8.61776,46.83929],[8.61805,46.8394],[8.61899,46.83959],[8.61933,46.83972],[8.61983,46.83997],[8.62008,46.84007],[8.62071,46.84026],[8.62094,46.84034],[8.62114,46.84044],[8.62252,46.84127],[8.62405,46.84232],[8.62426,46.84244],[8.62526,46.84288],[8.62549,46.84296],[8.62599,46.84303],[8.62653,46.843],[8.62709,46.84309],[8.62738,46.84322],[8.6278,46.84357],[8.6285,46.84451],[8.62858,46.84459],[8.62968,46.84573],[8.63034,46.84675],[8.63064,46.84748],[8.63143,46.84822],[8.63151,46.84842],[8.63168,46.84916],[8.6317,46.84926],[8.63179,46.84992],[8.6318,46.84998],[8.63208,46.85128],[8.63209,46.8513],[8.63225,46.85195],[8.63226,46.85197],[8.63256,46.85298],[8.63256,46.853],[8.63306,46.8545],[8.63349,46.85617],[8.63365,46.8572],[8.63367,46.85728],[8.63377,46.85764],[8.63381,46.85775],[8.63412,46.85839],[8.6342,46.85852],[8.63439,46.85877],[8.63449,46.85893],[8.63462,46.85917],[8.63467,46.85927],[8.63477,46.85951],[8.6348,46.8596],[8.63494,46.86013],[8.63497,46.86033],[8.63497,46.86057],[8.63498,46.8607],[8.63499,46.86103],[8.63492,46.86139],[8.63486,46.86158],[8.63476,46.86177],[8.63447,46.86216],[8.6342,46.86244],[8.63316,46.86315],[8.63253,46.86376],[8.63204,46.86443],[8.63166,46.86505],[8.63164,46.86507],[8.63095,46.86626],[8.63094,46.86627],[8.62933,46.86909],[8.62571,46.87548],[8.62488,46.87693],[8.62474,46.87712],[8.62439,46.87737],[8.62393,46.87752],[8.62343,46.87753],[8.6229,46.87739],[8.62177,46.87692],[8.62168,46.87689],[8.62087,46.8766],[8.62068,46.87655],[8.62048,46.87652],[8.61961,46.87643],[8.61937,46.87642],[8.61888,46.87643],[8.61858,46.87642],[8.61797,46.87637],[8.61783,46.87636],[8.61727,46.87628],[8.61682,46.87624],[8.61607,46.8762],[8.61604,46.8762],[8.61553,46.87617],[8.61547,46.87617],[8.61501,46.87617],[8.61494,46.87617],[8.61422,46.87618],[8.61416,46.87619],[8.61241,46.87629],[8.61177,46.87638],[8.61067,46.87667],[8.61056,46.87669],[8.60981,46.87685],[8.60914,46.87696],[8.60906,46.87698],[8.60836,46.87708],[8.60831,46.87708],[8.60776,46.87715],[8.60738,46.87717],[8.60694,46.87717],[8.60675,46.87716],[8.60645,46.87714],[8.60587,46.87705],[8.6053,46.87677],[8.60499,46.87641],[8.60454,46.87613],[8.60431,46.87607],[8.60402,46.876],[8.6038,46.87593],[8.60356,46.8758],[8.60302,46.87534],[8.60253,46.87497],[8.60172,46.87385],[8.60134,46.87357],[8.60067,46.87334],[8.59963,46.87271],[8.59913,46.87226],[8.59893,46.87201],[8.59842,46.87168],[8.59822,46.87154],[8.59802,46.87137],[8.5979,46.87121],[8.59772,46.87088],[8.59746,46.87066],[8.59715,46.87036],[8.59704,46.87019],[8.59701,46.87013],[8.59695,46.86997],[8.59689,46.86973],[8.5968,46.86958],[8.59667,46.86944],[8.5965,46.86932],[8.596,46.86906],[8.59582,46.86892],[8.59541,46.86838],[8.59512,46.86808],[8.59492,46.86783],[8.59473,46.86751],[8.59465,46.86733],[8.59439,46.86669],[8.5933,46.86607],[8.59283,46.86575],[8.59237,46.86547],[8.59189,46.86524],[8.59116,46.86478],[8.59099,46.86459],[8.59075,46.86439],[8.58988,46.86385],[8.58965,46.86372],[8.58938,46.86363],[8.58849,46.8634],[8.58818,46.86334],[8.58803,46.86333],[8.5876,46.86322],[8.58733,46.86312],[8.58699,46.86289],[8.5864,46.86229],[8.58622,46.86217],[8.5859,46.86203],[8.58518,46.86182],[8.58447,46.86131],[8.58379,46.86102],[8.58266,46.86029],[8.58215,46.85978],[8.58122,46.85918],[8.58062,46.85898],[8.57987,46.85849],[8.5793,46.85819],[8.57913,46.85804],[8.57907,46.85798],[8.57892,46.85779],[8.57885,46.85763],[8.57877,46.85734],[8.57854,46.85705],[8.57816,46.85675],[8.57787,46.85639],[8.57768,46.85624],[8.57731,46.85601],[8.57666,46.85564],[8.57638,46.85543],[8.57621,46.85526],[8.57603,46.85498],[8.57576,46.85452],[8.57473,46.85377],[8.57441,46.85315],[8.57415,46.8529],[8.57256,46.85205],[8.57165,46.85169],[8.57002,46.85115],[8.56782,46.85017],[8.56759,46.85005],[8.56744,46.84995],[8.56718,46.84983],[8.56677,46.84968],[8.5667,46.84966],[8.5664,46.84954],[8.5663,46.8495],[8.566,46.84937],[8.56594,46.84934],[8.56566,46.84923],[8.56555,46.84919],[8.5653,46.84911],[8.56516,46.84908],[8.56197,46.84837],[8.5617,46.84829],[8.56125,46.84809],[8.56088,46.84794],[8.56057,46.84778],[8.56016,46.84752],[8.56005,46.84744],[8.5598,46.84725],[8.5596,46.84714],[8.55937,46.84707],[8.55913,46.84703],[8.55889,46.84701],[8.55864,46.84703],[8.5583,46.84711],[8.55765,46.84732],[8.55702,46.84741],[8.55661,46.84757],[8.55612,46.84802],[8.55573,46.84821],[8.55546,46.84828],[8.55527,46.84831],[8.55503,46.84837],[8.55488,46.84842],[8.55471,46.84849],[8.55457,46.84856],[8.55433,46.8487],[8.55409,46.84888],[8.55385,46.84899],[8.55335,46.8491],[8.55283,46.84906],[8.55166,46.84863],[8.55053,46.84814],[8.54985,46.84765],[8.54919,46.84741],[8.54875,46.84713],[8.54845,46.84671],[8.54826,46.84656],[8.54816,46.8465],[8.54783,46.84627],[8.54759,46.84606],[8.5474,46.84584],[8.54701,46.84538],[8.54665,46.84516],[8.54544,46.84482],[8.54516,46.84473],[8.54481,46.84451],[8.54455,46.84424],[8.54445,46.84414],[8.5443,46.84403],[8.54408,46.84392],[8.54382,46.84383],[8.54357,46.84377],[8.54314,46.84361],[8.54297,46.84354],[8.54278,46.84343],[8.54259,46.84332],[8.54226,46.84306],[8.54217,46.84296],[8.54201,46.84276],[8.54194,46.84259],[8.54194,46.84214],[8.54178,46.84179],[8.54144,46.84151],[8.54097,46.84134],[8.54037,46.84121],[8.53919,46.841],[8.53776,46.84092],[8.53675,46.84094],[8.53624,46.8409],[8.53532,46.84058],[8.53509,46.84054],[8.53484,46.84052],[8.5346,46.84053],[8.53436,46.84057],[8.53414,46.84065],[8.53322,46.84106],[8.53247,46.84104],[8.53142,46.84075],[8.53083,46.84077],[8.53054,46.84083],[8.53032,46.84089],[8.53012,46.84098],[8.52994,46.84109],[8.5298,46.84122],[8.52926,46.84183],[8.52881,46.84215],[8.5276,46.84252],[8.52711,46.84263],[8.52688,46.84269],[8.52663,46.84279],[8.52641,46.84289],[8.52583,46.84323],[8.52529,46.84347],[8.52511,46.84357],[8.52496,46.84369],[8.52484,46.84383],[8.52476,46.84398],[8.5246,46.84438],[8.52449,46.84458],[8.52436,46.84472],[8.52415,46.84487],[8.52282,46.84571],[8.52269,46.84578],[8.52184,46.84623],[8.52158,46.84634],[8.5213,46.84641],[8.52028,46.84662],[8.51993,46.84667],[8.51957,46.84666],[8.51876,46.84657],[8.51863,46.84656],[8.5181,46.84648],[8.51767,46.84638],[8.51733,46.84629],[8.51657,46.84631],[8.51634,46.84639],[8.51609,46.84652],[8.51586,46.84662],[8.5155,46.84675],[8.51521,46.84683],[8.51497,46.84687],[8.51448,46.84684],[8.5133,46.84646],[8.51232,46.84647],[8.51149,46.84627],[8.5103,46.84584],[8.50977,46.84544],[8.50907,46.84519],[8.5087,46.84517],[8.5084,46.8452],[8.50761,46.8454],[8.50668,46.84537],[8.50582,46.84493],[8.50561,46.84463],[8.5057,46.84393],[8.5057,46.84272],[8.5051,46.84199],[8.50486,46.84158],[8.50428,46.84113],[8.50233,46.83997],[8.50087,46.83941],[8.49984,46.83919],[8.49913,46.83916],[8.49836,46.83898],[8.49696,46.83847],[8.4949,46.83801],[8.49388,46.83772],[8.4935,46.83752],[8.49186,46.83704],[8.49111,46.83664],[8.49074,46.83618],[8.49003,46.83579],[8.48918,46.83561],[8.48864,46.83519],[8.48837,46.83449],[8.48803,46.83399],[8.48785,46.83346],[8.4875,46.83298],[8.4865,46.83216],[8.48634,46.83186],[8.48629,46.83117],[8.48579,46.83048],[8.48556,46.82992],[8.48537,46.82918],[8.4841,46.82768],[8.4836,46.82725],[8.48347,46.82691],[8.48352,46.8264],[8.48338,46.82591],[8.48369,46.82492],[8.48377,46.82409],[8.48363,46.82358],[8.48372,46.82185],[8.48353,46.82111],[8.48345,46.82037],[8.48352,46.81972],[8.48306,46.81892],[8.48212,46.81828],[8.48145,46.81758],[8.48123,46.81634],[8.48107,46.81599],[8.48062,46.81545],[8.48013,46.81466],[8.47959,46.8143],[8.47863,46.8139],[8.47834,46.81364],[8.47819,46.81333],[8.47824,46.81286],[8.47877,46.81235],[8.48018,46.81163],[8.48065,46.81116],[8.48077,46.81077],[8.48106,46.81044],[8.48292,46.809],[8.48323,46.80859],[8.48326,46.80764],[8.48288,46.8069],[8.48289,46.80652],[8.48335,46.80579],[8.48333,46.80492],[8.48313,46.80451],[8.48207,46.80336],[8.48084,46.80253],[8.47885,46.80144],[8.47845,46.80129],[8.47647,46.80086],[8.47439,46.80015],[8.47262,46.79949],[8.47197,46.79938],[8.4703,46.7994],[8.46991,46.79944],[8.46839,46.79978],[8.46737,46.79997],[8.46677,46.8],[8.46628,46.79987],[8.46589,46.79962],[8.46569,46.79928],[8.46581,46.79863]]]},"properties":{"bfs_nr":1203,"name":"Attinghausen"}},{"type":"Feature","geometry":{"type":"Polygon","coordinates":[[[8.6351,46.86505],[8.63531,46.86452],[8.63567,46.86427],[8.63614,46.86414],[8.63665,46.86413],[8.63718,46.86429],[8.64004,46.86558],[8.64467,46.86767],[8.64783,46.86909],[8.65075,46.87041],[8.65077,46.87042],[8.65084,46.87045],[8.65086,46.87046],[8.65098,46.87051],[8.65101,46.87052],[8.65107,46.87054],[8.6511,46.87055],[8.6512,46.87059],[8.65124,46.8706],[8.6522,46.87092],[8.65223,46.87094],[8.65272,46.87111],[8.65282,46.87114],[8.65333,46.87135],[8.65386,46.87158],[8.65505,46.87215],[8.65527,46.87224],[8.6555,46.87229],[8.656,46.8723],[8.65624,46.87226],[8.65647,46.87219],[8.65667,46.87209],[8.65684,46.87196],[8.65696,46.87186],[8.65697,46.87185],[8.65714,46.87169],[8.65724,46.87161],[8.65736,46.87152],[8.65747,46.87145],[8.65772,46.87134],[8.65832,46.87116],[8.65866,46.87094],[8.65932,46.87029],[8.66039,46.87003],[8.66085,46.8698],[8.66122,46.86938],[8.66178,46.86829],[8.66216,46.86791],[8.66248,46.86746],[8.66291,46.86722],[8.66337,46.8671],[8.66367,46.867],[8.66403,46.86685],[8.66426,46.86672],[8.66469,46.86646],[8.66536,46.86623],[8.66618,46.86573],[8.66673,46.86542],[8.66731,46.86515],[8.66764,46.86497],[8.66795,46.86487],[8.66968,46.86448],[8.67033,46.8644],[8.67171,46.86396],[8.67244,46.86388],[8.67268,46.86381],[8.67328,46.86351],[8.67405,46.86341],[8.67532,46.86371],[8.67594,46.86398],[8.6765,46.86407],[8.67723,46.86404],[8.67792,46.86378],[8.67886,46.86305],[8.67936,46.86214],[8.67972,46.86188],[8.68057,46.86163],[8.68079,46.86153],[8.681,46.86142],[8.68115,46.86133],[8.68127,46.86124],[8.68144,46.8611],[8.68162,46.86076],[8.68163,46.86047],[8.68193,46.85956],[8.68255,46.85898],[8.68352,46.85852],[8.68397,46.85839],[8.68501,46.85845],[8.68621,46.85833],[8.68671,46.8582],[8.68709,46.85794],[8.68721,46.85778],[8.68775,46.8569],[8.6879,46.85671],[8.68826,46.85639],[8.68848,46.85607],[8.68861,46.85531],[8.68887,46.85474],[8.68923,46.85447],[8.68955,46.85434],[8.68977,46.85424],[8.68995,46.8541],[8.69009,46.85394],[8.69018,46.85377],[8.69021,46.85359],[8.69019,46.85341],[8.69014,46.85328],[8.69005,46.85301],[8.68999,46.85267],[8.68996,46.85235],[8.68987,46.85196],[8.68994,46.85152],[8.69017,46.85122],[8.69055,46.851],[8.69114,46.85085],[8.69173,46.8508],[8.69247,46.8509],[8.69293,46.85085],[8.69365,46.85074],[8.69381,46.85071],[8.69417,46.85063],[8.69421,46.85062],[8.69446,46.85056],[8.69468,46.85046],[8.69487,46.85034],[8.69521,46.85001],[8.6956,46.8498],[8.69689,46.84962],[8.6976,46.84931],[8.69808,46.84925],[8.69888,46.84931],[8.69934,46.84946],[8.70026,46.84989],[8.7008,46.84996],[8.70134,46.84988],[8.70212,46.84952],[8.70275,46.84942],[8.70323,46.84948],[8.704,46.84966],[8.70425,46.8497],[8.7045,46.8497],[8.70475,46.84967],[8.70557,46.84953],[8.70739,46.84929],[8.70763,46.84924],[8.709,46.84887],[8.71082,46.84847],[8.71147,46.84818],[8.71199,46.84803],[8.71219,46.84794],[8.71234,46.84785],[8.71252,46.84774],[8.71266,46.84764],[8.71286,46.84754],[8.71334,46.84742],[8.71409,46.8475],[8.71445,46.84763],[8.71546,46.84776],[8.71609,46.84808],[8.71631,46.84841],[8.71635,46.84863],[8.71636,46.84886],[8.71634,46.84912],[8.71636,46.84935],[8.71646,46.84977],[8.71644,46.85012],[8.71635,46.85048],[8.71628,46.8507],[8.71624,46.8509],[8.71627,46.85111],[8.71631,46.85124],[8.71635,46.85147],[8.71635,46.85163],[8.71614,46.85212],[8.71572,46.85258],[8.71507,46.85351],[8.71498,46.85366],[8.71494,46.85399],[8.71513,46.85454],[8.71504,46.8556],[8.71491,46.856],[8.71487,46.8561],[8.71484,46.85627],[8.7148,46.85665],[8.71475,46.8568],[8.71463,46.85698],[8.71331,46.85861],[8.71294,46.85938],[8.71272,46.86013],[8.71235,46.86094],[8.7123,46.86131],[8.71243,46.8624],[8.71237,46.86325],[8.71208,46.86372],[8.71145,46.86411],[8.71119,46.86422],[8.71094,46.8643],[8.71072,46.86436],[8.71042,46.86442],[8.71025,46.86447],[8.70984,46.8646],[8.70958,46.86465],[8.70935,46.86466],[8.70909,46.86464],[8.70898,46.86464],[8.70879,46.86463],[8.70852,46.8646],[8.70823,46.86454],[8.70752,46.86426],[8.70702,46.86423],[8.70654,46.86432],[8.70614,46.86454],[8.70578,46.86488],[8.70558,46.865],[8.70513,46.86516],[8.70458,46.86533],[8.70376,46.86572],[8.70313,46.86587],[8.70279,46.86602],[8.70247,46.86629],[8.70233,46.86661],[8.70223,46.86724],[8.70195,46.86752],[8.70154,46.86771],[8.70097,46.86782],[8.70045,46.86793],[8.70019,46.86801],[8.69972,46.86825],[8.69938,46.86853],[8.69879,46.86929],[8.69873,46.86982],[8.69894,46.87015],[8.69933,46.87039],[8.69982,46.87051],[8.70029,46.87051],[8.70106,46.8707],[8.70151,46.87101],[8.70174,46.87138],[8.70211,46.87173],[8.70232,46.87188],[8.70257,46.87199],[8.70284,46.87208],[8.70306,46.87218],[8.70324,46.87227],[8.70356,46.87241],[8.70402,46.87264],[8.70471,46.87303],[8.7051,46.87314],[8.70647,46.87378],[8.70666,46.87392],[8.70679,46.87408],[8.70688,46.87427],[8.70691,46.87467],[8.70683,46.87525],[8.7067,46.87573],[8.70669,46.87614],[8.707,46.87737],[8.70725,46.87768],[8.70766,46.8779],[8.7083,46.87807],[8.70884,46.87808],[8.70961,46.87785],[8.71038,46.87785],[8.71142,46.87811],[8.712,46.87835],[8.7123,46.87862],[8.71244,46.87897],[8.71252,46.8791],[8.7126,46.8792],[8.71299,46.87968],[8.71317,46.88053],[8.71332,46.8809],[8.71388,46.88179],[8.71429,46.88217],[8.71454,46.88267],[8.71489,46.88304],[8.7152,46.88401],[8.7156,46.88453],[8.71596,46.88514],[8.716,46.88536],[8.71614,46.88575],[8.71618,46.88609],[8.71633,46.88668],[8.7167,46.88716],[8.71676,46.88767],[8.71672,46.88827],[8.71747,46.88953],[8.71756,46.8899],[8.71737,46.89078],[8.71706,46.89153],[8.71698,46.89177],[8.71694,46.89199],[8.71697,46.89227],[8.71686,46.89311],[8.7166,46.89375],[8.71666,46.89426],[8.71661,46.8945],[8.71627,46.89507],[8.71613,46.89558],[8.71614,46.89586],[8.71626,46.89619],[8.71627,46.89655],[8.71591,46.89726],[8.71563,46.89795],[8.71538,46.89883],[8.71535,46.89955],[8.71519,46.90047],[8.71505,46.90073],[8.715,46.9011],[8.71506,46.90177],[8.71479,46.90236],[8.71473,46.90273],[8.71514,46.90396],[8.71527,46.90418],[8.71532,46.90432],[8.71537,46.90445],[8.7154,46.90467],[8.7154,46.90475],[8.71536,46.90496],[8.71526,46.90518],[8.7152,46.90538],[8.71526,46.90591],[8.71554,46.90654],[8.71583,46.90683],[8.71601,46.90738],[8.71565,46.91176],[8.71569,46.91192],[8.71577,46.91206],[8.71611,46.91255],[8.71623,46.91269],[8.71638,46.91282],[8.71677,46.913],[8.717,46.91305],[8.71723,46.91307],[8.72074,46.91318],[8.72095,46.91317],[8.72115,46.91314],[8.72375,46.91266],[8.72398,46.9126],[8.72419,46.91251],[8.72437,46.9124],[8.72452,46.91226],[8.72463,46.91211],[8.7247,46.91194],[8.72471,46.91177],[8.72464,46.90941],[8.72434,46.90851],[8.7246,46.90789],[8.72518,46.90727],[8.72552,46.90647],[8.72621,46.90582],[8.72635,46.90551],[8.72694,46.90489],[8.72714,46.90459],[8.72726,46.90405],[8.72763,46.90362],[8.72843,46.9032],[8.72927,46.90261],[8.73032,46.90209],[8.73186,46.90096],[8.73345,46.90003],[8.73382,46.89986],[8.7349,46.89948],[8.73539,46.89936],[8.73572,46.89934],[8.73624,46.89935],[8.73653,46.8993],[8.73717,46.89914],[8.73729,46.8991],[8.7388,46.8986],[8.73974,46.89841],[8.7416,46.89838],[8.74209,46.89825],[8.74247,46.898],[8.7426,46.89784],[8.74267,46.89766],[8.74274,46.89742],[8.74283,46.89726],[8.74297,46.89712],[8.74314,46.897],[8.74357,46.89683],[8.74423,46.89671],[8.74538,46.8964],[8.74628,46.89631],[8.74702,46.89611],[8.74725,46.896],[8.74818,46.89547],[8.74854,46.89521],[8.74899,46.89498],[8.75001,46.89464],[8.75061,46.89431],[8.75102,46.89418],[8.75172,46.89401],[8.75227,46.89383],[8.75274,46.89374],[8.75375,46.89326],[8.7548,46.89288],[8.75502,46.89282],[8.75556,46.89274],[8.75611,46.89273],[8.75751,46.89289],[8.75878,46.8928],[8.75939,46.89269],[8.75992,46.89271],[8.76058,46.89299],[8.76126,46.8935],[8.76178,46.89364],[8.76206,46.89365],[8.76279,46.89357],[8.76307,46.89359],[8.76391,46.89367],[8.76423,46.89373],[8.76468,46.89392],[8.76498,46.89421],[8.76508,46.89443],[8.76519,46.89479],[8.76525,46.89492],[8.76533,46.89505],[8.76542,46.89515],[8.76549,46.89523],[8.76558,46.89532],[8.76573,46.89544],[8.76618,46.89566],[8.76777,46.89622],[8.76825,46.89652],[8.76861,46.89669],[8.76889,46.89676],[8.76966,46.89679],[8.77174,46.89702],[8.77181,46.89702],[8.77363,46.89714],[8.77385,46.89714],[8.77429,46.89712],[8.77458,46.89712],[8.77545,46.89734],[8.77589,46.89744],[8.77617,46.89749],[8.77693,46.89751],[8.77756,46.89762],[8.77798,46.8978],[8.77867,46.89852],[8.77938,46.89887],[8.77971,46.89936],[8.77967,46.89972],[8.77935,46.90015],[8.77925,46.90047],[8.77932,46.90116],[8.7797,46.90177],[8.77984,46.90192],[8.78016,46.9022],[8.78039,46.90236],[8.78057,46.90246],[8.78137,46.90279],[8.78174,46.90309],[8.78198,46.90329],[8.78215,46.9034],[8.7826,46.90364],[8.78275,46.90371],[8.78318,46.90389],[8.78346,46.90404],[8.78382,46.90432],[8.78398,46.9044],[8.78606,46.9053],[8.78625,46.90537],[8.7869,46.90552],[8.78742,46.90569],[8.78769,46.90576],[8.78795,46.9058],[8.78818,46.90587],[8.78857,46.90611],[8.78882,46.90662],[8.78879,46.90689],[8.78866,46.9072],[8.7885,46.90749],[8.78828,46.9081],[8.78824,46.90828],[8.78822,46.90864],[8.78823,46.90882],[8.78825,46.9089],[8.7883,46.90904],[8.78839,46.90918],[8.78876,46.90957],[8.78906,46.90994],[8.7892,46.91009],[8.78938,46.91022],[8.78988,46.91049],[8.79009,46.91059],[8.79033,46.91066],[8.79058,46.91069],[8.79128,46.91074],[8.79151,46.91074],[8.79241,46.91071],[8.79377,46.91075],[8.79397,46.91074],[8.79417,46.91072],[8.79497,46.91057],[8.79572,46.91054],[8.79595,46.91051],[8.79617,46.91045],[8.79681,46.91023],[8.79728,46.91012],[8.79926,46.90987],[8.80038,46.90989],[8.80117,46.91008],[8.80164,46.91015],[8.80197,46.91017],[8.80221,46.91016],[8.80266,46.9101],[8.80513,46.91008],[8.80581,46.91016],[8.80636,46.91033],[8.80715,46.91048],[8.80748,46.9106],[8.80803,46.91069],[8.80863,46.91098],[8.80887,46.91118],[8.80916,46.91156],[8.80937,46.91279],[8.80939,46.91287],[8.80944,46.91302],[8.80951,46.91318],[8.80979,46.91346],[8.81022,46.91366],[8.81097,46.91406],[8.81124,46.91418],[8.81277,46.91469],[8.81357,46.91491],[8.81471,46.91541],[8.81497,46.91555],[8.8153,46.91576],[8.81543,46.91583],[8.81583,46.91609],[8.81607,46.91631],[8.81631,46.91647],[8.81644,46.91654],[8.81666,46.91663],[8.81737,46.9168],[8.81835,46.9173],[8.81868,46.91754],[8.81886,46.91769],[8.81914,46.91797],[8.81921,46.91803],[8.81931,46.91811],[8.8201,46.91873],[8.82741,46.92237],[8.8284,46.92271],[8.82888,46.92296],[8.82943,46.92366],[8.82947,46.92403],[8.82929,46.92438],[8.82873,46.92484],[8.82853,46.92546],[8.82874,46.92644],[8.82917,46.92732],[8.82925,46.92767],[8.8297,46.92837],[8.82985,46.92914],[8.82982,46.92983],[8.83004,46.93046],[8.8299,46.93136],[8.82965,46.93181],[8.82868,46.93281],[8.82778,46.93326],[8.82731,46.93375],[8.82724,46.93436],[8.8269,46.93525],[8.82657,46.93555],[8.82575,46.93577],[8.824,46.93587],[8.82169,46.93617],[8.82099,46.93643],[8.82019,46.93722],[8.81956,46.93749],[8.81456,46.93855],[8.81394,46.93883],[8.81165,46.94068],[8.81119,46.94094],[8.81067,46.94103],[8.80991,46.9409],[8.80869,46.94024],[8.80721,46.93964],[8.80573,46.9389],[8.8045,46.93844],[8.80407,46.93834],[8.80326,46.93831],[8.80236,46.93809],[8.80176,46.93785],[8.80133,46.93759],[8.80086,46.93746],[8.80021,46.93741],[8.798,46.93671],[8.79657,46.93577],[8.79635,46.93547],[8.79628,46.93489],[8.79603,46.93452],[8.79471,46.93335],[8.79426,46.93304],[8.79331,46.9326],[8.7929,46.93227],[8.79228,46.93191],[8.79201,46.93164],[8.79172,46.93106],[8.79133,46.9308],[8.79081,46.93066],[8.78815,46.93039],[8.78763,46.93041],[8.78632,46.93093],[8.78494,46.93117],[8.78383,46.93153],[8.78296,46.93169],[8.78204,46.93195],[8.78115,46.93236],[8.78062,46.93245],[8.77928,46.93254],[8.77863,46.93277],[8.77796,46.93313],[8.77765,46.9334],[8.77446,46.93804],[8.77434,46.93834],[8.77441,46.93914],[8.77435,46.93954],[8.77384,46.94001],[8.7718,46.94106],[8.77106,46.94125],[8.77034,46.94115],[8.76897,46.94043],[8.76854,46.94033],[8.76735,46.9402],[8.76682,46.94007],[8.76645,46.93984],[8.76579,46.93904],[8.76493,46.93869],[8.76246,46.93834],[8.76205,46.9382],[8.76091,46.93748],[8.75923,46.93715],[8.7587,46.9369],[8.75779,46.93672],[8.75704,46.93643],[8.75654,46.93632],[8.7556,46.93628],[8.75449,46.93586],[8.75383,46.93567],[8.75293,46.93523],[8.7525,46.93509],[8.75109,46.93441],[8.74948,46.93388],[8.74893,46.93384],[8.74841,46.93396],[8.7468,46.93464],[8.74628,46.93469],[8.74556,46.9345],[8.74522,46.93422],[8.74504,46.93352],[8.74472,46.93298],[8.74439,46.93272],[8.74362,46.93238],[8.74245,46.93216],[8.74193,46.93219],[8.74132,46.93233],[8.74079,46.93231],[8.73999,46.93203],[8.73949,46.93197],[8.73898,46.93204],[8.73816,46.93229],[8.73741,46.9322],[8.73701,46.93199],[8.7366,46.93149],[8.73647,46.93097],[8.73611,46.93052],[8.73568,46.93032],[8.73406,46.93011],[8.73305,46.92982],[8.73263,46.92957],[8.73131,46.92842],[8.73063,46.9282],[8.72983,46.92818],[8.7292,46.92794],[8.72892,46.92766],[8.72867,46.92706],[8.72799,46.92647],[8.72679,46.92601],[8.72573,46.92555],[8.72483,46.92484],[8.72461,46.92447],[8.72403,46.92399],[8.72299,46.92339],[8.72269,46.9231],[8.72234,46.92248],[8.72185,46.92215],[8.72096,46.92178],[8.72057,46.92136],[8.72036,46.92035],[8.72007,46.92007],[8.71941,46.91965],[8.7181,46.919],[8.71733,46.91855],[8.71578,46.91817],[8.71525,46.91821],[8.71434,46.91847],[8.71305,46.91856],[8.71259,46.9185],[8.71101,46.91794],[8.71053,46.91763],[8.7099,46.91742],[8.70943,46.91737],[8.70811,46.91698],[8.70778,46.91675],[8.70715,46.91592],[8.70622,46.91504],[8.70577,46.91482],[8.70476,46.91464],[8.7043,46.91462],[8.70257,46.91483],[8.70203,46.91498],[8.70118,46.91507],[8.70079,46.91515],[8.7,46.91541],[8.69981,46.91548],[8.6993,46.91577],[8.69885,46.9159],[8.6976,46.91584],[8.69711,46.91595],[8.69628,46.9163],[8.69511,46.91624],[8.69418,46.9164],[8.69358,46.9164],[8.69329,46.91644],[8.6926,46.91659],[8.69218,46.91665],[8.69125,46.91671],[8.69032,46.91687],[8.68987,46.91692],[8.68982,46.91692],[8.68953,46.91691],[8.68912,46.91688],[8.68882,46.91689],[8.68798,46.91707],[8.68748,46.91725],[8.68697,46.91732],[8.68645,46.91725],[8.68582,46.91701],[8.68489,46.91694],[8.68435,46.91707],[8.6842,46.91714],[8.68394,46.91725],[8.6837,46.91733],[8.68367,46.91734],[8.68333,46.91745],[8.68306,46.9175],[8.68253,46.91747],[8.68168,46.91712],[8.68136,46.91704],[8.68105,46.91693],[8.68075,46.9168],[8.68034,46.91655],[8.68009,46.91635],[8.6798,46.91619],[8.67945,46.91603],[8.67926,46.91591],[8.67901,46.91563],[8.67894,46.91548],[8.67873,46.91372],[8.67871,46.91223],[8.67848,46.91078],[8.67845,46.91066],[8.67784,46.90898],[8.67767,46.90873],[8.67738,46.90841],[8.67724,46.90822],[8.67716,46.90801],[8.67699,46.90735],[8.67684,46.90706],[8.67586,46.90623],[8.67567,46.90603],[8.67555,46.90581],[8.67416,46.90236],[8.67375,46.90191],[8.67149,46.9006],[8.67116,46.90035],[8.66781,46.89712],[8.66742,46.89688],[8.66617,46.89667],[8.66527,46.89623],[8.66441,46.89564],[8.66397,46.8955],[8.66373,46.89547],[8.66313,46.89545],[8.66245,46.89548],[8.66195,46.89539],[8.66167,46.89528],[8.66147,46.89516],[8.66134,46.89504],[8.6612,46.89488],[8.66105,46.89466],[8.66103,46.89463],[8.66078,46.89423],[8.66066,46.89408],[8.66051,46.89395],[8.65993,46.89351],[8.65981,46.89335],[8.65972,46.89299],[8.6599,46.89204],[8.65987,46.89172],[8.65987,46.89167],[8.65987,46.89146],[8.65988,46.89129],[8.65994,46.8909],[8.65994,46.89072],[8.65989,46.89053],[8.65978,46.89036],[8.65962,46.89021],[8.65918,46.88998],[8.65864,46.88986],[8.65821,46.88965],[8.65794,46.88934],[8.65762,46.88803],[8.65724,46.88732],[8.65727,46.88691],[8.65723,46.88672],[8.65683,46.8857],[8.65677,46.88559],[8.65638,46.88494],[8.65633,46.88487],[8.65585,46.88424],[8.65568,46.88407],[8.65505,46.88357],[8.65486,46.88339],[8.6547,46.88304],[8.6547,46.88286],[8.65477,46.88264],[8.65491,46.88239],[8.65503,46.88226],[8.65542,46.88195],[8.65615,46.88122],[8.65664,46.88059],[8.65681,46.88007],[8.65662,46.87965],[8.6562,46.87926],[8.65607,46.87892],[8.65636,46.87818],[8.65639,46.87786],[8.65677,46.87703],[8.65683,46.87665],[8.6563,46.87568],[8.6555,46.87518],[8.65512,46.87484],[8.65467,46.87463],[8.65414,46.87456],[8.6531,46.87469],[8.65259,46.87463],[8.65199,46.87431],[8.65155,46.87377],[8.6511,46.87355],[8.65083,46.8735],[8.65051,46.87345],[8.65009,46.87341],[8.64991,46.87338],[8.64985,46.87337],[8.64961,46.87332],[8.64948,46.8733],[8.64937,46.87329],[8.64934,46.87328],[8.64914,46.87326],[8.64906,46.87325],[8.64896,46.87324],[8.64882,46.87324],[8.64872,46.87324],[8.64867,46.87324],[8.64818,46.87324],[8.64793,46.87322],[8.64756,46.87318],[8.64699,46.87313],[8.64655,46.87307],[8.64628,46.87301],[8.64584,46.87289],[8.64543,46.87272],[8.64491,46.87262],[8.64468,46.87256],[8.64431,46.87238],[8.64409,46.87225],[8.64353,46.87202],[8.64294,46.8715],[8.64222,46.87104],[8.64139,46.87083],[8.64084,46.87048],[8.64068,46.87015],[8.64063,46.86969],[8.64041,46.86937],[8.64003,46.86914],[8.63979,46.86906],[8.63916,46.86896],[8.63873,46.86879],[8.63818,46.86814],[8.63786,46.8679],[8.63721,46.86764],[8.63684,46.86738],[8.63637,46.86683],[8.63562,46.86646],[8.63531,46.86616],[8.63506,46.86557],[8.6351,46.86505]]]},"properties":{"bfs_nr":1205,"name":"B\u00fcrglen (UR)"}},{"type":"Feature","geometry":{"type":"Polygon","coordinates":[[[8.52053,46.77995],[8.52075,46.77982],[8.52103,46.77972],[8.5213,46.77967],[8.522,46.77965],[8.52226,46.77961],[8.52236,46.77958],[8.52269,46.77946],[8.52313,46.77925],[8.52427,46.77893],[8.5251,46.77855],[8.5256,46.77819],[8.52607,46.77799],[8.52643,46.77781],[8.52659,46.77771],[8.52699,46.77736],[8.5279,46.77689],[8.52824,46.77675],[8.52855,46.77668],[8.52914,46.77667],[8.52996,46.77676],[8.53027,46.77681],[8.53123,46.77704],[8.53222,46.77739],[8.53245,46.77744],[8.53267,46.77747],[8.53295,46.77748],[8.53349,46.77747],[8.53378,46.77744],[8.53588,46.77705],[8.53684,46.77684],[8.53731,46.7769],[8.53788,46.77713],[8.53935,46.7776],[8.54064,46.77828],[8.54084,46.77837],[8.54105,46.77844],[8.54192,46.77865],[8.54222,46.77869],[8.54253,46.77869],[8.54294,46.77865],[8.54376,46.77863],[8.54426,46.77866],[8.54498,46.77885],[8.54652,46.77896],[8.54735,46.77916],[8.54772,46.77942],[8.54861,46.78033],[8.54876,46.78053],[8.54898,46.78107],[8.54928,46.78134],[8.54977,46.78158],[8.55052,46.78216],[8.55122,46.78262],[8.5517,46.78276],[8.55222,46.78275],[8.55247,46.78269],[8.55269,46.78261],[8.55289,46.78249],[8.55344,46.78194],[8.55424,46.78151],[8.55453,46.78139],[8.55484,46.78131],[8.55578,46.78117],[8.55603,46.78118],[8.55628,46.78123],[8.55672,46.78141],[8.55723,46.78182],[8.55874,46.78253],[8.55917,46.78279],[8.55992,46.78295],[8.56061,46.78289],[8.56099,46.78292],[8.56106,46.78293],[8.5625,46.78304],[8.56325,46.78317],[8.5648,46.78302],[8.56564,46.78277],[8.56641,46.7827],[8.56705,46.78273],[8.56729,46.78272],[8.56752,46.78269],[8.56773,46.78263],[8.56865,46.7823],[8.56892,46.78222],[8.56938,46.78218],[8.57033,46.78232],[8.57124,46.78236],[8.57169,46.78247],[8.57204,46.78269],[8.5725,46.7832],[8.57295,46.78343],[8.57341,46.78352],[8.57365,46.78359],[8.57412,46.78381],[8.57433,46.78386],[8.57455,46.78389],[8.57547,46.78395],[8.57622,46.78408],[8.57665,46.78413],[8.57683,46.78414],[8.57741,46.78416],[8.57767,46.78415],[8.57791,46.78411],[8.57814,46.78403],[8.5785,46.78383],[8.57912,46.78358],[8.57991,46.78318],[8.58078,46.78307],[8.58167,46.78293],[8.58229,46.7828],[8.58305,46.7829],[8.58379,46.78326],[8.58406,46.78353],[8.58428,46.784],[8.58444,46.78416],[8.58464,46.78431],[8.58499,46.78449],[8.58522,46.78459],[8.58597,46.78473],[8.58648,46.78492],[8.58678,46.78518],[8.58721,46.78604],[8.58761,46.78642],[8.58783,46.78675],[8.58793,46.78718],[8.58785,46.78757],[8.58792,46.78793],[8.5882,46.78824],[8.589,46.78871],[8.59018,46.78902],[8.59069,46.78902],[8.59102,46.78905],[8.59153,46.78916],[8.59177,46.78925],[8.59239,46.78952],[8.59298,46.78964],[8.59363,46.78963],[8.59393,46.78963],[8.59429,46.78968],[8.59442,46.7897],[8.59497,46.78974],[8.59606,46.78987],[8.59705,46.79021],[8.59804,46.79085],[8.59828,46.79099],[8.59878,46.79118],[8.59946,46.79123],[8.60042,46.79103],[8.60091,46.79104],[8.6018,46.79128],[8.60262,46.79134],[8.60343,46.79156],[8.60368,46.79159],[8.60393,46.79159],[8.60497,46.79149],[8.60532,46.79143],[8.60614,46.7912],[8.60671,46.79115],[8.60702,46.79115],[8.60732,46.79119],[8.60794,46.79131],[8.60815,46.79134],[8.60836,46.79135],[8.60891,46.79133],[8.61048,46.79145],[8.61093,46.79164],[8.61134,46.79201],[8.61158,46.79219],[8.61212,46.79249],[8.61236,46.79256],[8.61288,46.79259],[8.61314,46.79256],[8.61338,46.79249],[8.61359,46.79239],[8.61396,46.79218],[8.61411,46.79208],[8.61462,46.79162],[8.61543,46.79119],[8.61654,46.79091],[8.6175,46.79075],[8.61827,46.79077],[8.61913,46.79089],[8.61939,46.79091],[8.61966,46.7909],[8.61992,46.79084],[8.62016,46.79075],[8.62104,46.79022],[8.62142,46.78987],[8.62166,46.78971],[8.62214,46.78947],[8.62264,46.7893],[8.62431,46.78918],[8.62476,46.78903],[8.62495,46.78891],[8.6251,46.78877],[8.6252,46.78861],[8.62526,46.78844],[8.62542,46.78772],[8.62556,46.78737],[8.62586,46.78695],[8.62621,46.78671],[8.62648,46.78661],[8.62686,46.78651],[8.6282,46.78642],[8.62906,46.78607],[8.62987,46.78581],[8.63034,46.78573],[8.63142,46.78582],[8.63194,46.78594],[8.63264,46.78619],[8.63285,46.78628],[8.6335,46.78669],[8.63396,46.78682],[8.63473,46.78692],[8.63563,46.78736],[8.63636,46.78791],[8.63659,46.78805],[8.63831,46.78885],[8.6386,46.78901],[8.6396,46.78971],[8.63998,46.79006],[8.64021,46.79023],[8.64178,46.79117],[8.6438,46.79216],[8.644,46.79225],[8.64422,46.79231],[8.65028,46.79354],[8.6513,46.79384],[8.65162,46.79397],[8.65229,46.7943],[8.65255,46.7944],[8.65559,46.79526],[8.65691,46.79582],[8.65735,46.79617],[8.65884,46.79712],[8.65946,46.7976],[8.66222,46.79861],[8.66333,46.79895],[8.66394,46.79932],[8.66412,46.79965],[8.66409,46.8],[8.66381,46.80045],[8.66303,46.80131],[8.66297,46.80138],[8.66223,46.8021],[8.66211,46.80224],[8.66168,46.80288],[8.66159,46.80304],[8.66131,46.80381],[8.6613,46.80384],[8.66108,46.80458],[8.66105,46.80478],[8.66109,46.80497],[8.66136,46.80578],[8.66138,46.80583],[8.66152,46.80615],[8.66154,46.80619],[8.66196,46.80702],[8.66206,46.80735],[8.66213,46.80793],[8.66212,46.80823],[8.66204,46.80858],[8.66196,46.8088],[8.66181,46.80901],[8.66123,46.80965],[8.66115,46.80973],[8.66101,46.80989],[8.66092,46.81007],[8.66088,46.81025],[8.66091,46.81044],[8.66098,46.81061],[8.66131,46.81116],[8.66153,46.81193],[8.66222,46.8129],[8.66232,46.81333],[8.66251,46.81364],[8.6629,46.81395],[8.66319,46.81434],[8.66334,46.81466],[8.66359,46.81495],[8.66422,46.81535],[8.6651,46.81566],[8.66575,46.81617],[8.66612,46.81695],[8.66655,46.81737],[8.66756,46.81762],[8.66801,46.81784],[8.66829,46.81815],[8.66871,46.81922],[8.66885,46.81936],[8.66902,46.81948],[8.66947,46.81974],[8.66978,46.81995],[8.66999,46.82017],[8.67004,46.82023],[8.67011,46.8203],[8.67017,46.82036],[8.67034,46.8205],[8.67056,46.82062],[8.67231,46.82122],[8.67262,46.8213],[8.67315,46.82138],[8.67389,46.82154],[8.67481,46.82178],[8.67507,46.82189],[8.67527,46.82196],[8.67561,46.82205],[8.67587,46.82217],[8.67616,46.82232],[8.67681,46.82259],[8.67725,46.823],[8.67737,46.82347],[8.67751,46.82378],[8.67762,46.82422],[8.67762,46.82457],[8.67745,46.82502],[8.67745,46.82518],[8.6775,46.82534],[8.67754,46.82543],[8.67762,46.82557],[8.67829,46.82653],[8.67886,46.8276],[8.67896,46.82793],[8.67894,46.82811],[8.67888,46.82842],[8.67882,46.82862],[8.67868,46.82893],[8.67864,46.8291],[8.67869,46.82945],[8.67898,46.82988],[8.67911,46.83004],[8.67928,46.83019],[8.67949,46.8303],[8.68038,46.83074],[8.68157,46.83105],[8.68194,46.83131],[8.6825,46.83199],[8.68284,46.83276],[8.68273,46.8331],[8.68245,46.83339],[8.68181,46.83368],[8.68165,46.83378],[8.68138,46.83403],[8.68082,46.83447],[8.68065,46.83463],[8.68027,46.83485],[8.67956,46.83495],[8.6791,46.83488],[8.67865,46.83488],[8.67789,46.83498],[8.67741,46.83493],[8.67631,46.83498],[8.67533,46.83514],[8.67497,46.83522],[8.67472,46.8353],[8.67449,46.83539],[8.67429,46.83552],[8.67409,46.83569],[8.67381,46.83593],[8.67362,46.83605],[8.67359,46.83608],[8.67331,46.83622],[8.67305,46.83629],[8.67271,46.83634],[8.67152,46.83642],[8.67127,46.83642],[8.67097,46.83639],[8.66989,46.83623],[8.66836,46.83608],[8.66744,46.83609],[8.66572,46.83617],[8.66515,46.83622],[8.66492,46.83629],[8.6647,46.83639],[8.66437,46.83658],[8.66412,46.83667],[8.66342,46.8368],[8.66319,46.8369],[8.6624,46.8373],[8.66224,46.83738],[8.66135,46.83774],[8.66061,46.83786],[8.66037,46.83793],[8.65999,46.83811],[8.65976,46.8382],[8.65833,46.83866],[8.65769,46.83901],[8.65755,46.83916],[8.65745,46.83932],[8.6574,46.8395],[8.65741,46.83967],[8.6575,46.84029],[8.6575,46.84059],[8.6574,46.84122],[8.65737,46.84142],[8.65732,46.84163],[8.65712,46.84192],[8.65678,46.84214],[8.65598,46.84237],[8.65545,46.84239],[8.65378,46.84221],[8.65275,46.8423],[8.65183,46.84243],[8.65126,46.84246],[8.65069,46.84245],[8.6499,46.84268],[8.64892,46.84313],[8.6487,46.84321],[8.6482,46.84334],[8.64783,46.84353],[8.64706,46.84409],[8.64682,46.84423],[8.6466,46.84432],[8.64611,46.8444],[8.64561,46.84434],[8.64518,46.84416],[8.64447,46.84347],[8.64405,46.84331],[8.6432,46.84318],[8.6426,46.84295],[8.64171,46.84288],[8.64079,46.84269],[8.64007,46.84285],[8.63971,46.84309],[8.63959,46.84325],[8.63952,46.84341],[8.63919,46.84455],[8.63918,46.84456],[8.63874,46.84616],[8.63818,46.84824],[8.63809,46.84845],[8.63782,46.84874],[8.6374,46.84894],[8.63691,46.84902],[8.63666,46.849],[8.63635,46.84895],[8.63573,46.84878],[8.63558,46.84874],[8.63533,46.84864],[8.63532,46.84863],[8.63518,46.84856],[8.63461,46.84824],[8.63437,46.84809],[8.63407,46.84794],[8.63342,46.84767],[8.63295,46.847],[8.63265,46.84674],[8.63224,46.84656],[8.63176,46.8465],[8.63098,46.84656],[8.6305,46.84646],[8.62997,46.84611],[8.62972,46.84578],[8.6286,46.84461],[8.62849,46.84448],[8.62777,46.84353],[8.62762,46.84337],[8.62743,46.84324],[8.62734,46.84319],[8.62709,46.84308],[8.62682,46.84302],[8.62653,46.84299],[8.62599,46.84302],[8.62549,46.84296],[8.62521,46.84286],[8.62432,46.84246],[8.624,46.84228],[8.6225,46.84126],[8.62244,46.84121],[8.6211,46.84042],[8.62094,46.84033],[8.62076,46.84027],[8.62015,46.84009],[8.61977,46.83994],[8.61926,46.83968],[8.61903,46.83959],[8.61806,46.83939],[8.61773,46.83928],[8.61757,46.83923],[8.61726,46.83915],[8.61706,46.83911],[8.6169,46.83908],[8.61654,46.83899],[8.61611,46.8388],[8.61559,46.83862],[8.61545,46.83856],[8.61533,46.8385],[8.61505,46.83835],[8.61488,46.83826],[8.61466,46.83816],[8.61337,46.83795],[8.61146,46.83822],[8.61076,46.83846],[8.61022,46.83853],[8.60884,46.83848],[8.60857,46.83841],[8.60823,46.83829],[8.60808,46.83823],[8.60798,46.83819],[8.60777,46.83808],[8.6074,46.83782],[8.60693,46.83763],[8.60667,46.83759],[8.60641,46.83759],[8.60615,46.83762],[8.60568,46.83778],[8.60549,46.83791],[8.60519,46.83814],[8.605,46.83824],[8.60484,46.83831],[8.60457,46.83838],[8.60397,46.83843],[8.60253,46.83871],[8.60179,46.83894],[8.60127,46.83935],[8.60106,46.83975],[8.60073,46.84004],[8.60035,46.8402],[8.59987,46.84029],[8.59954,46.84029],[8.59891,46.84027],[8.59852,46.84023],[8.59743,46.83984],[8.59618,46.8395],[8.59321,46.83844],[8.59316,46.83843],[8.59033,46.83751],[8.59005,46.83744],[8.58976,46.83742],[8.58901,46.83743],[8.58869,46.83741],[8.58838,46.83735],[8.58697,46.83696],[8.58695,46.83695],[8.58592,46.83668],[8.5856,46.83663],[8.58127,46.8363],[8.58083,46.83632],[8.57871,46.83666],[8.57742,46.837],[8.57668,46.83705],[8.57525,46.83736],[8.5742,46.83729],[8.5737,46.83729],[8.57322,46.83734],[8.57281,46.83752],[8.57235,46.8379],[8.57126,46.83848],[8.5708,46.83866],[8.57008,46.83875],[8.5692,46.83914],[8.5683,46.83931],[8.56768,46.83929],[8.56704,46.83937],[8.56656,46.83935],[8.56613,46.8392],[8.56559,46.83876],[8.56472,46.83823],[8.56419,46.83802],[8.56388,46.83798],[8.56369,46.83798],[8.56299,46.838],[8.56266,46.83805],[8.56226,46.83812],[8.56195,46.8382],[8.56168,46.83825],[8.56111,46.83833],[8.56072,46.83835],[8.56055,46.83837],[8.55985,46.83851],[8.55912,46.83873],[8.55811,46.83928],[8.55748,46.83941],[8.55686,46.83942],[8.55608,46.8396],[8.55586,46.83962],[8.55558,46.83961],[8.55514,46.83951],[8.55513,46.83951],[8.55485,46.8394],[8.55438,46.83924],[8.55385,46.83901],[8.54857,46.83686],[8.5483,46.83672],[8.54812,46.83659],[8.5479,46.83625],[8.54787,46.83607],[8.54798,46.83571],[8.54829,46.83541],[8.54926,46.83492],[8.54959,46.83469],[8.55031,46.83386],[8.5504,46.83345],[8.55068,46.83286],[8.55133,46.83234],[8.55145,46.83217],[8.55152,46.83199],[8.55153,46.83181],[8.55148,46.83163],[8.5508,46.83054],[8.55075,46.83019],[8.55065,46.82985],[8.55065,46.82966],[8.55071,46.82908],[8.5508,46.82875],[8.55085,46.82827],[8.55105,46.82778],[8.55097,46.82745],[8.55071,46.82716],[8.55031,46.82692],[8.54977,46.82658],[8.54899,46.82596],[8.54842,46.82562],[8.54813,46.82541],[8.54801,46.82533],[8.54774,46.82516],[8.54754,46.82502],[8.54736,46.82483],[8.54726,46.82466],[8.54715,46.82418],[8.54713,46.82385],[8.54715,46.82357],[8.54719,46.82283],[8.54694,46.82219],[8.54696,46.82178],[8.54692,46.82161],[8.54682,46.82144],[8.54679,46.82139],[8.54666,46.82118],[8.54656,46.82097],[8.54648,46.82068],[8.54649,46.82043],[8.54656,46.82003],[8.54658,46.81992],[8.54683,46.81908],[8.54701,46.81793],[8.54698,46.81774],[8.5469,46.81757],[8.54677,46.81741],[8.54639,46.81715],[8.5456,46.81669],[8.54491,46.81637],[8.54396,46.81599],[8.54306,46.81543],[8.54235,46.81436],[8.54208,46.81408],[8.54193,46.81395],[8.54173,46.81383],[8.54053,46.81339],[8.54029,46.81324],[8.53976,46.81285],[8.53958,46.81269],[8.5393,46.81235],[8.5387,46.81196],[8.53832,46.81143],[8.53787,46.81098],[8.5377,46.81053],[8.53708,46.81006],[8.53576,46.80885],[8.53484,46.80825],[8.53434,46.80782],[8.53396,46.80762],[8.53348,46.80747],[8.53325,46.80735],[8.5321,46.80663],[8.5319,46.80648],[8.5315,46.80613],[8.53128,46.80589],[8.53111,46.80573],[8.53054,46.80541],[8.53021,46.80512],[8.52925,46.80462],[8.52873,46.8041],[8.52814,46.80379],[8.52739,46.80294],[8.52722,46.80258],[8.52725,46.80225],[8.52753,46.80183],[8.52761,46.80151],[8.52759,46.80135],[8.52752,46.80119],[8.52723,46.80071],[8.52714,46.80049],[8.52712,46.80031],[8.52716,46.80007],[8.52741,46.79938],[8.52744,46.79923],[8.52744,46.79907],[8.52739,46.79892],[8.5272,46.79846],[8.52714,46.79824],[8.52714,46.79806],[8.52726,46.79762],[8.52717,46.79727],[8.52689,46.79698],[8.52626,46.79662],[8.52557,46.79548],[8.52535,46.79448],[8.52467,46.7931],[8.52413,46.79222],[8.52407,46.79201],[8.52382,46.79151],[8.52383,46.79116],[8.5241,46.79056],[8.52405,46.79019],[8.52342,46.78933],[8.52338,46.78897],[8.52364,46.78834],[8.52371,46.78799],[8.52427,46.78715],[8.52439,46.78684],[8.52427,46.78638],[8.52321,46.78482],[8.52309,46.78458],[8.52303,46.78432],[8.52293,46.78416],[8.52278,46.78401],[8.52259,46.78388],[8.52209,46.78367],[8.5219,46.78356],[8.5193,46.78178],[8.5191,46.78161],[8.5189,46.78128],[8.51897,46.78077],[8.51946,46.78036],[8.52014,46.78017],[8.52053,46.77995]]]},"properties":{"bfs_nr":1206,"name":"Erstfeld"}},{"type":"Feature","geometry":{"type":"Polygon","coordinates":[[[8.60786,46.91786],[8.60773,46.91162],[8.60764,46.90756],[8.60767,46.90734],[8.60775,46.90713],[8.61125,46.90102],[8.6148,46.8948],[8.61515,46.89453],[8.61562,46.89439],[8.61614,46.89438],[8.61704,46.8946],[8.61731,46.89465],[8.61758,46.89466],[8.61897,46.89462],[8.61943,46.89455],[8.62018,46.89412],[8.62092,46.89395],[8.62199,46.89407],[8.62286,46.89439],[8.62406,46.89454],[8.62486,46.89491],[8.62508,46.89523],[8.62519,46.8957],[8.62581,46.8963],[8.6261,46.89673],[8.6265,46.897],[8.627,46.89713],[8.62807,46.89709],[8.6287,46.89691],[8.6292,46.89689],[8.62968,46.89701],[8.63059,46.89741],[8.63132,46.89743],[8.63159,46.89747],[8.63184,46.89754],[8.63222,46.89777],[8.63245,46.89808],[8.6325,46.89826],[8.6325,46.89842],[8.63251,46.8985],[8.63255,46.89868],[8.63256,46.89872],[8.63278,46.89957],[8.63295,46.89988],[8.63336,46.90026],[8.63348,46.90062],[8.63346,46.90102],[8.63364,46.90137],[8.63381,46.90152],[8.63436,46.90181],[8.63485,46.90211],[8.63536,46.90254],[8.63573,46.90274],[8.6372,46.90316],[8.6373,46.90318],[8.63749,46.90321],[8.63796,46.90328],[8.63818,46.90332],[8.6385,46.9034],[8.63921,46.90351],[8.63943,46.90358],[8.63994,46.90393],[8.64053,46.90494],[8.64056,46.90606],[8.64042,46.90648],[8.64015,46.90676],[8.64004,46.90694],[8.63998,46.90713],[8.64003,46.9075],[8.64045,46.90812],[8.64054,46.90837],[8.64057,46.90863],[8.64065,46.90881],[8.64079,46.90897],[8.64097,46.90911],[8.64118,46.90922],[8.64143,46.90929],[8.64242,46.90942],[8.64351,46.90951],[8.64403,46.90942],[8.64446,46.90919],[8.64469,46.90895],[8.64531,46.90861],[8.64592,46.90854],[8.64664,46.90869],[8.64732,46.90929],[8.64794,46.90958],[8.64845,46.90961],[8.6487,46.90958],[8.64915,46.90942],[8.64974,46.90895],[8.6503,46.90868],[8.65089,46.90859],[8.65174,46.90855],[8.65282,46.90824],[8.65317,46.90821],[8.65368,46.90821],[8.65441,46.90829],[8.65467,46.90831],[8.65493,46.90829],[8.65518,46.90823],[8.65541,46.90814],[8.65561,46.90802],[8.65571,46.90794],[8.65592,46.90774],[8.65606,46.90742],[8.65603,46.9071],[8.65576,46.90635],[8.65577,46.90602],[8.65596,46.90571],[8.65638,46.90541],[8.65658,46.9052],[8.65675,46.90505],[8.65698,46.90488],[8.6572,46.90475],[8.65745,46.90465],[8.65762,46.90457],[8.65776,46.90447],[8.65804,46.90426],[8.65816,46.90415],[8.65826,46.90403],[8.65837,46.90387],[8.65841,46.90379],[8.65845,46.90372],[8.65852,46.90347],[8.65853,46.90326],[8.65854,46.90317],[8.65852,46.90291],[8.65856,46.90258],[8.65863,46.90243],[8.65877,46.90221],[8.65883,46.90205],[8.6588,46.90173],[8.65848,46.90107],[8.6584,46.90065],[8.6585,46.9003],[8.65893,46.89992],[8.65988,46.8995],[8.6605,46.89938],[8.6608,46.89936],[8.66103,46.89936],[8.6614,46.89934],[8.66156,46.89932],[8.66167,46.89931],[8.6622,46.89919],[8.66255,46.89917],[8.66299,46.89912],[8.66417,46.89896],[8.6646,46.89881],[8.66502,46.89842],[8.66519,46.89803],[8.66568,46.89766],[8.66657,46.89727],[8.66708,46.89717],[8.66761,46.89722],[8.66828,46.89758],[8.6712,46.9004],[8.67143,46.90056],[8.6737,46.90188],[8.67418,46.9024],[8.67556,46.90586],[8.67567,46.90603],[8.67582,46.90619],[8.67683,46.90706],[8.677,46.90738],[8.67717,46.90805],[8.67724,46.90822],[8.67735,46.90837],[8.67785,46.90902],[8.67844,46.91063],[8.67849,46.91081],[8.67871,46.9122],[8.67873,46.9137],[8.67894,46.91548],[8.679,46.91563],[8.67911,46.91578],[8.67925,46.91591],[8.67943,46.91602],[8.68015,46.9164],[8.6804,46.9166],[8.68068,46.91676],[8.68117,46.91698],[8.68173,46.91715],[8.68248,46.91754],[8.68277,46.91783],[8.68292,46.9182],[8.68297,46.9185],[8.68303,46.91868],[8.68306,46.91875],[8.68313,46.91896],[8.6831,46.9193],[8.68288,46.91961],[8.6825,46.91985],[8.682,46.91997],[8.68166,46.91998],[8.68145,46.91997],[8.68134,46.91997],[8.68091,46.91994],[8.68074,46.91994],[8.68046,46.91994],[8.6802,46.91996],[8.67995,46.92002],[8.67951,46.9202],[8.67924,46.92027],[8.67893,46.92033],[8.67876,46.92036],[8.67862,46.92038],[8.67839,46.92042],[8.67758,46.92072],[8.67711,46.92083],[8.67705,46.92083],[8.67675,46.92085],[8.67646,46.92084],[8.67642,46.92083],[8.67615,46.92079],[8.67609,46.92077],[8.67577,46.92068],[8.67555,46.92057],[8.675,46.92012],[8.67481,46.92002],[8.67474,46.91999],[8.6745,46.91991],[8.67424,46.91986],[8.67397,46.91985],[8.67368,46.91986],[8.67348,46.91988],[8.6733,46.9199],[8.67316,46.91993],[8.67154,46.92028],[8.6711,46.92038],[8.67056,46.92045],[8.66968,46.92072],[8.66911,46.92112],[8.66849,46.92135],[8.6682,46.92154],[8.66805,46.92168],[8.66771,46.92205],[8.66745,46.92246],[8.66678,46.92319],[8.66649,46.92381],[8.66636,46.92401],[8.66621,46.92416],[8.6658,46.92437],[8.66523,46.92452],[8.6628,46.92486],[8.66123,46.92498],[8.66104,46.92504],[8.66065,46.92518],[8.66041,46.92525],[8.66013,46.92537],[8.65956,46.92563],[8.65862,46.92627],[8.65727,46.92665],[8.65677,46.92669],[8.65628,46.92664],[8.65603,46.92665],[8.6558,46.92669],[8.65554,46.92675],[8.65439,46.92706],[8.65405,46.92718],[8.65386,46.92726],[8.6531,46.92764],[8.6526,46.92791],[8.65155,46.92811],[8.65079,46.92807],[8.64937,46.92824],[8.64827,46.92855],[8.64772,46.92852],[8.64671,46.9283],[8.64597,46.92846],[8.64504,46.92902],[8.64463,46.92938],[8.64443,46.92953],[8.64417,46.9297],[8.64397,46.92981],[8.64367,46.92995],[8.64318,46.93015],[8.64289,46.93032],[8.64281,46.93038],[8.64247,46.93068],[8.64219,46.93088],[8.64206,46.93095],[8.64166,46.93113],[8.64113,46.93127],[8.64092,46.93137],[8.64032,46.93181],[8.63986,46.93195],[8.63935,46.93196],[8.63871,46.93185],[8.63825,46.93187],[8.63771,46.93201],[8.63746,46.93204],[8.63718,46.93206],[8.63686,46.93207],[8.6363,46.93197],[8.63607,46.93196],[8.6347,46.932],[8.63398,46.93193],[8.63369,46.93197],[8.63334,46.93201],[8.63332,46.93202],[8.6329,46.93202],[8.63285,46.93201],[8.63254,46.93197],[8.62873,46.93125],[8.62836,46.93115],[8.6254,46.93012],[8.62518,46.93003],[8.62498,46.92991],[8.6247,46.92972],[8.62449,46.92955],[8.62437,46.92939],[8.62424,46.92897],[8.62388,46.92852],[8.62377,46.9282],[8.62378,46.92803],[8.62376,46.92784],[8.62368,46.92766],[8.62315,46.92703],[8.62273,46.92679],[8.62194,46.92664],[8.62152,46.92646],[8.62123,46.92619],[8.6211,46.92587],[8.62116,46.92553],[8.62126,46.92536],[8.6214,46.92522],[8.62149,46.92514],[8.62155,46.92509],[8.62171,46.92491],[8.62186,46.9247],[8.62191,46.92461],[8.62197,46.92444],[8.62193,46.92407],[8.62168,46.92375],[8.62149,46.92363],[8.62128,46.92351],[8.62104,46.9234],[8.62077,46.92333],[8.62048,46.92331],[8.6202,46.92333],[8.61833,46.92358],[8.61787,46.92371],[8.61767,46.92382],[8.61738,46.92411],[8.61723,46.92467],[8.61656,46.92538],[8.61633,46.92585],[8.61625,46.92667],[8.61602,46.92707],[8.61562,46.92733],[8.61512,46.92752],[8.61456,46.92778],[8.61432,46.92784],[8.61331,46.92792],[8.6122,46.92783],[8.6012,46.92794],[8.60088,46.92792],[8.60063,46.92787],[8.60021,46.92768],[8.59992,46.9274],[8.59981,46.92706],[8.60004,46.92652],[8.60766,46.91836],[8.60786,46.91786]]]},"properties":{"bfs_nr":1207,"name":"Fl\u00fcelen"}},{"type":"Feature","geometry":{"type":"Polygon","coordinates":[[[8.3976,46.68353],[8.39752,46.68313],[8.39766,46.68262],[8.39788,46.68233],[8.39844,46.68193],[8.39871,46.68147],[8.39868,46.68085],[8.39892,46.68021],[8.39899,46.67945],[8.39885,46.6789],[8.39895,46.67852],[8.39886,46.67779],[8.39845,46.67666],[8.39814,46.67619],[8.3979,46.67547],[8.39792,46.67493],[8.39808,46.67432],[8.39835,46.67401],[8.39931,46.67342],[8.3997,46.67301],[8.40033,46.6726],[8.40059,46.67229],[8.40077,46.67156],[8.40101,46.67118],[8.40117,46.67048],[8.40237,46.66868],[8.40313,46.66813],[8.40461,46.66771],[8.40509,46.66751],[8.40567,46.6674],[8.40699,46.66682],[8.40829,46.66578],[8.40853,46.66504],[8.40847,46.66453],[8.40879,46.6639],[8.40901,46.66317],[8.40897,46.66288],[8.4091,46.66204],[8.409,46.6615],[8.40917,46.66056],[8.40906,46.65945],[8.40927,46.65857],[8.40952,46.65793],[8.40934,46.65694],[8.40934,46.65658],[8.41009,46.65363],[8.41032,46.65324],[8.41071,46.65298],[8.41129,46.65284],[8.41753,46.65226],[8.41818,46.65206],[8.41849,46.65181],[8.41876,46.65091],[8.41898,46.65048],[8.41979,46.64951],[8.42019,46.64914],[8.4205,46.64867],[8.42115,46.64823],[8.4214,46.64794],[8.42145,46.64744],[8.42091,46.64674],[8.42085,46.64616],[8.42133,46.64463],[8.4213,46.64403],[8.42108,46.64338],[8.42082,46.64204],[8.42086,46.64003],[8.42073,46.63964],[8.42002,46.63857],[8.41984,46.63796],[8.42007,46.63742],[8.42006,46.63706],[8.41985,46.63673],[8.41926,46.63623],[8.41906,46.63576],[8.41933,46.63513],[8.4194,46.63449],[8.4193,46.63408],[8.41947,46.63359],[8.4199,46.6331],[8.41995,46.63277],[8.41983,46.63174],[8.41992,46.63087],[8.42025,46.63019],[8.42076,46.62973],[8.42088,46.6294],[8.42085,46.62893],[8.42108,46.62811],[8.42148,46.62765],[8.42325,46.62678],[8.42378,46.62666],[8.42416,46.62653],[8.42485,46.62636],[8.42557,46.62585],[8.42621,46.62552],[8.42683,46.62536],[8.4272,46.62517],[8.4276,46.62479],[8.42815,46.62443],[8.42855,46.6241],[8.42936,46.62358],[8.43018,46.62326],[8.43061,46.62299],[8.4312,46.62271],[8.43211,46.62259],[8.43234,46.62254],[8.43255,46.62247],[8.43273,46.62236],[8.43304,46.6221],[8.43359,46.62171],[8.43425,46.62118],[8.43529,46.62071],[8.43602,46.62033],[8.43689,46.62012],[8.43789,46.61995],[8.43824,46.61997],[8.43903,46.62005],[8.43921,46.62007],[8.44197,46.62055],[8.4422,46.62058],[8.44244,46.62057],[8.44386,46.6205],[8.44482,46.62031],[8.44537,46.62035],[8.44597,46.62055],[8.44631,46.62064],[8.44704,46.62076],[8.44727,46.62078],[8.44837,46.62082],[8.4492,46.62092],[8.44947,46.62091],[8.44998,46.6208],[8.45071,46.62072],[8.45294,46.62071],[8.45392,46.62042],[8.45445,46.6204],[8.45557,46.62064],[8.45608,46.62087],[8.45653,46.62116],[8.45669,46.62125],[8.45697,46.62138],[8.45727,46.62149],[8.45792,46.62168],[8.45827,46.62188],[8.45859,46.62218],[8.45896,46.62263],[8.45918,46.62283],[8.45982,46.62327],[8.46011,46.62342],[8.4603,46.62349],[8.4606,46.62358],[8.46221,46.62386],[8.46237,46.62389],[8.46371,46.62401],[8.46428,46.62403],[8.46454,46.62406],[8.4648,46.62411],[8.46591,46.62442],[8.46629,46.62456],[8.467,46.62489],[8.46722,46.62498],[8.46772,46.62505],[8.46797,46.62503],[8.46845,46.6249],[8.4694,46.6244],[8.46974,46.62411],[8.47001,46.62394],[8.47036,46.6238],[8.47055,46.62376],[8.47139,46.62348],[8.47187,46.62337],[8.47303,46.62302],[8.47325,46.62294],[8.47345,46.62284],[8.47361,46.62272],[8.47387,46.62246],[8.47404,46.62234],[8.4748,46.622],[8.47513,46.62188],[8.47555,46.62179],[8.47583,46.62171],[8.47598,46.62165],[8.47725,46.62154],[8.47799,46.62126],[8.47873,46.62051],[8.47956,46.62006],[8.48049,46.61989],[8.4807,46.61983],[8.481,46.61973],[8.48188,46.61935],[8.48205,46.61926],[8.48245,46.61895],[8.48266,46.61885],[8.48313,46.61873],[8.48363,46.61875],[8.48393,46.61882],[8.48492,46.61915],[8.48511,46.61919],[8.48546,46.61927],[8.48595,46.61935],[8.48629,46.61945],[8.4866,46.6195],[8.48686,46.61959],[8.48726,46.61974],[8.48753,46.61988],[8.48858,46.62073],[8.48899,46.62096],[8.4895,46.62115],[8.48957,46.62117],[8.49008,46.62133],[8.49066,46.62148],[8.49127,46.62182],[8.49151,46.6219],[8.49224,46.62211],[8.49266,46.62221],[8.49299,46.62231],[8.49322,46.62243],[8.49356,46.62275],[8.49368,46.62298],[8.49376,46.62319],[8.49387,46.6234],[8.49401,46.62357],[8.49414,46.62371],[8.49431,46.62383],[8.4945,46.62393],[8.49472,46.624],[8.49496,46.62404],[8.49499,46.62405],[8.49551,46.62412],[8.49567,46.62413],[8.49667,46.62421],[8.49711,46.62436],[8.49738,46.62453],[8.49768,46.62471],[8.49789,46.62481],[8.49813,46.62488],[8.49821,46.6249],[8.49844,46.62493],[8.49869,46.62494],[8.49978,46.6248],[8.50076,46.6248],[8.501,46.62484],[8.50122,46.62491],[8.50171,46.62527],[8.50218,46.62593],[8.50261,46.62613],[8.50339,46.62621],[8.50386,46.62634],[8.50508,46.62714],[8.50574,46.62767],[8.5059,46.62798],[8.50611,46.62909],[8.50637,46.62942],[8.50679,46.62965],[8.50733,46.6298],[8.50791,46.63018],[8.50898,46.63069],[8.50926,46.6308],[8.50955,46.63088],[8.50995,46.63103],[8.51092,46.63152],[8.51197,46.63217],[8.51221,46.63229],[8.51248,46.63237],[8.51277,46.63241],[8.51435,46.63248],[8.5153,46.63251],[8.51641,46.63233],[8.5177,46.63247],[8.51937,46.63281],[8.5196,46.63283],[8.52005,46.63287],[8.52013,46.63287],[8.52096,46.63289],[8.52126,46.63288],[8.52367,46.63255],[8.52394,46.63249],[8.52461,46.63229],[8.52533,46.63204],[8.52629,46.63196],[8.5267,46.63197],[8.52693,46.63201],[8.52713,46.63207],[8.52773,46.63237],[8.52823,46.63285],[8.52897,46.63316],[8.52978,46.6336],[8.53013,46.63392],[8.53039,46.6341],[8.53082,46.63432],[8.53133,46.63476],[8.53156,46.63518],[8.5317,46.63532],[8.53224,46.63571],[8.53235,46.63578],[8.53246,46.63584],[8.53269,46.63594],[8.53295,46.63601],[8.53417,46.63618],[8.53516,46.63624],[8.53605,46.63612],[8.53681,46.6361],[8.5373,46.63616],[8.53758,46.63626],[8.53793,46.63644],[8.5382,46.63669],[8.5388,46.63755],[8.53902,46.6377],[8.53923,46.63781],[8.53946,46.6379],[8.53971,46.63796],[8.53998,46.63799],[8.54039,46.63799],[8.54069,46.63798],[8.54112,46.63791],[8.54163,46.63788],[8.54203,46.63789],[8.54237,46.63795],[8.54269,46.63806],[8.54286,46.63814],[8.54299,46.63821],[8.54319,46.63832],[8.5433,46.63841],[8.54348,46.63851],[8.54438,46.63887],[8.54456,46.63892],[8.54524,46.63908],[8.5459,46.63921],[8.54616,46.63932],[8.54652,46.63959],[8.54701,46.64033],[8.5473,46.6409],[8.54744,46.64104],[8.54761,46.64116],[8.54769,46.64121],[8.54789,46.64131],[8.54852,46.6415],[8.54894,46.6417],[8.54945,46.64184],[8.54965,46.64192],[8.54983,46.64203],[8.55014,46.64227],[8.55107,46.64277],[8.5513,46.64285],[8.55251,46.64308],[8.55502,46.64349],[8.55601,46.64351],[8.55724,46.64346],[8.55815,46.64363],[8.5587,46.64382],[8.55894,46.64387],[8.55919,46.64388],[8.55986,46.64388],[8.56028,46.64386],[8.56158,46.64416],[8.56207,46.64433],[8.56245,46.64449],[8.56266,46.64454],[8.5633,46.6446],[8.56379,46.64472],[8.56441,46.64494],[8.56567,46.64583],[8.56604,46.64668],[8.56676,46.64763],[8.5675,46.6489],[8.56763,46.64907],[8.56781,46.64921],[8.56803,46.64933],[8.56828,46.64941],[8.56944,46.64969],[8.56969,46.64973],[8.56995,46.64974],[8.57021,46.64971],[8.57102,46.64956],[8.5711,46.64954],[8.57216,46.64929],[8.57264,46.64923],[8.57291,46.64921],[8.57325,46.64916],[8.57439,46.64887],[8.57532,46.64859],[8.5758,46.6485],[8.57685,46.64842],[8.57718,46.64837],[8.57811,46.64815],[8.57872,46.64816],[8.57923,46.64823],[8.57958,46.64835],[8.58016,46.64858],[8.58172,46.64916],[8.58202,46.64929],[8.5828,46.64971],[8.58301,46.6498],[8.58408,46.65019],[8.58427,46.65024],[8.58446,46.65027],[8.58526,46.65037],[8.5853,46.65037],[8.58564,46.6504],[8.58581,46.65042],[8.58632,46.65041],[8.5869,46.6503],[8.58775,46.65034],[8.58826,46.65026],[8.58891,46.64995],[8.58984,46.64945],[8.59108,46.64906],[8.5916,46.64905],[8.59216,46.64915],[8.59345,46.64926],[8.59398,46.64928],[8.59513,46.6494],[8.59539,46.64941],[8.59609,46.64939],[8.59794,46.64922],[8.59888,46.6491],[8.59954,46.64897],[8.60004,46.64899],[8.60055,46.64917],[8.60184,46.64987],[8.60212,46.65014],[8.60231,46.65066],[8.60241,46.65081],[8.60255,46.65094],[8.60272,46.65106],[8.60292,46.65115],[8.60314,46.65121],[8.60387,46.65132],[8.60421,46.65144],[8.60538,46.65199],[8.606,46.65233],[8.60612,46.65239],[8.60742,46.65294],[8.60773,46.65304],[8.60875,46.65327],[8.60981,46.65359],[8.61027,46.65379],[8.6116,46.65464],[8.61181,46.65475],[8.61204,46.65483],[8.61375,46.65527],[8.61625,46.6562],[8.61735,46.65665],[8.61745,46.65669],[8.61879,46.65714],[8.61914,46.65721],[8.62017,46.65736],[8.6207,46.65763],[8.62147,46.65822],[8.62178,46.65854],[8.6225,46.65959],[8.6226,46.65972],[8.62274,46.65984],[8.62293,46.65995],[8.62318,46.66005],[8.62381,46.66017],[8.62514,46.66048],[8.62559,46.66064],[8.6258,46.66078],[8.62662,46.66143],[8.62766,46.66263],[8.62788,46.66282],[8.62827,46.6631],[8.62841,46.66327],[8.62914,46.66428],[8.62924,46.6644],[8.62951,46.66461],[8.62984,46.66497],[8.62998,46.66511],[8.63017,46.66523],[8.63058,46.66545],[8.63083,46.66555],[8.6314,46.66573],[8.6325,46.66618],[8.6335,46.6663],[8.63415,46.66645],[8.63448,46.66655],[8.63566,46.66699],[8.63657,46.66724],[8.63733,46.66753],[8.6375,46.6676],[8.63774,46.66772],[8.63802,46.66789],[8.6382,46.66804],[8.63832,46.66818],[8.63861,46.66882],[8.63894,46.66911],[8.63965,46.66942],[8.63997,46.66969],[8.64033,46.67024],[8.64042,46.67036],[8.64054,46.67047],[8.64106,46.6709],[8.64122,46.67127],[8.64121,46.67205],[8.64141,46.67247],[8.64174,46.67303],[8.6418,46.67343],[8.64192,46.6739],[8.64193,46.67416],[8.64175,46.67468],[8.64169,46.67531],[8.64119,46.67629],[8.64097,46.6771],[8.64052,46.67847],[8.64041,46.67869],[8.64008,46.67899],[8.6398,46.67913],[8.6388,46.6795],[8.63851,46.67965],[8.63815,46.6799],[8.63776,46.68021],[8.6365,46.68108],[8.63616,46.6814],[8.63568,46.68242],[8.63538,46.68268],[8.63473,46.68289],[8.63395,46.68282],[8.62162,46.67916],[8.62154,46.67914],[8.61991,46.67873],[8.61972,46.67869],[8.61691,46.67831],[8.61679,46.67829],[8.61259,46.67797],[8.61253,46.67797],[8.60662,46.67738],[8.6061,46.67727],[8.60459,46.6768],[8.60408,46.67672],[8.6029,46.67685],[8.59657,46.67788],[8.5962,46.67798],[8.5954,46.67831],[8.59505,46.67841],[8.59475,46.67847],[8.59453,46.67854],[8.59378,46.67897],[8.59263,46.67927],[8.5921,46.67928],[8.59133,46.6791],[8.5905,46.67909],[8.59022,46.67904],[8.58007,46.67658],[8.57983,46.67651],[8.57924,46.67631],[8.57903,46.67625],[8.57881,46.67622],[8.57858,46.67621],[8.57836,46.67624],[8.57754,46.67637],[8.5767,46.67656],[8.57638,46.67666],[8.57508,46.67725],[8.57473,46.67738],[8.57046,46.67855],[8.57026,46.67862],[8.57007,46.67871],[8.56992,46.67882],[8.56927,46.67939],[8.56923,46.67941],[8.56504,46.68284],[8.56481,46.68299],[8.56436,46.68316],[8.56385,46.68319],[8.56354,46.68314],[8.562,46.68283],[8.56126,46.68285],[8.56033,46.68271],[8.55969,46.68268],[8.55944,46.68265],[8.5592,46.6826],[8.55864,46.68245],[8.5582,46.68239],[8.55794,46.6824],[8.5571,46.68258],[8.55651,46.68259],[8.55628,46.68261],[8.55598,46.6826],[8.55553,46.68256],[8.55532,46.68255],[8.55393,46.68255],[8.55325,46.68271],[8.55299,46.68275],[8.55275,46.68277],[8.55236,46.68278],[8.55199,46.68272],[8.5509,46.68245],[8.55058,46.68234],[8.55007,46.68206],[8.54922,46.68173],[8.54824,46.68166],[8.54754,46.68153],[8.54649,46.68146],[8.54595,46.68155],[8.54496,46.68201],[8.54401,46.68222],[8.54333,46.68256],[8.54303,46.68268],[8.54299,46.68269],[8.54278,46.68274],[8.5423,46.68283],[8.5418,46.68287],[8.54139,46.68284],[8.54117,46.68285],[8.54072,46.68296],[8.54024,46.68311],[8.53997,46.68314],[8.53964,46.68312],[8.539,46.68305],[8.53875,46.68301],[8.5384,46.68293],[8.5381,46.68289],[8.53709,46.6829],[8.53637,46.68303],[8.53555,46.68301],[8.53459,46.68305],[8.53266,46.68328],[8.53178,46.68368],[8.52997,46.684],[8.52977,46.68404],[8.52958,46.68411],[8.52914,46.68429],[8.52624,46.6853],[8.52603,46.68539],[8.52585,46.6855],[8.52571,46.68564],[8.52559,46.68581],[8.52539,46.68608],[8.52469,46.6868],[8.52406,46.68771],[8.52389,46.68809],[8.52366,46.68835],[8.52347,46.6887],[8.52316,46.68911],[8.52272,46.69027],[8.52261,46.69048],[8.5223,46.69076],[8.52186,46.69093],[8.52129,46.69102],[8.52073,46.69113],[8.52049,46.6912],[8.52027,46.6913],[8.51979,46.69164],[8.51899,46.69186],[8.51839,46.69212],[8.51741,46.6924],[8.51569,46.69316],[8.51541,46.69332],[8.51497,46.69356],[8.5143,46.69381],[8.51406,46.69389],[8.51331,46.69409],[8.51277,46.69437],[8.51238,46.69477],[8.51199,46.69495],[8.51108,46.69516],[8.50996,46.69554],[8.50931,46.69562],[8.50907,46.69568],[8.5089,46.69575],[8.50833,46.69602],[8.50814,46.69612],[8.50786,46.69638],[8.50699,46.69688],[8.50642,46.69744],[8.50621,46.69755],[8.50547,46.698],[8.50528,46.69814],[8.50486,46.69853],[8.50469,46.69874],[8.50443,46.69915],[8.50395,46.69964],[8.50364,46.70007],[8.5033,46.70034],[8.50255,46.70065],[8.50171,46.7012],[8.50141,46.70147],[8.50113,46.70187],[8.50043,46.70227],[8.49928,46.70321],[8.49916,46.70335],[8.49908,46.70352],[8.49901,46.70372],[8.49885,46.70467],[8.49891,46.70505],[8.49888,46.70524],[8.49878,46.70545],[8.49827,46.70625],[8.49799,46.7069],[8.49763,46.70729],[8.49731,46.70772],[8.49672,46.70805],[8.49622,46.70847],[8.49599,46.70864],[8.49588,46.7087],[8.49516,46.7092],[8.49494,46.70934],[8.49468,46.70946],[8.49449,46.70961],[8.49435,46.70979],[8.49406,46.71012],[8.49389,46.71026],[8.49361,46.71044],[8.49277,46.71081],[8.49124,46.71128],[8.49089,46.7115],[8.4905,46.71184],[8.49036,46.71199],[8.49001,46.71266],[8.48967,46.71317],[8.48949,46.71369],[8.48939,46.71388],[8.48924,46.71406],[8.48865,46.71473],[8.48838,46.71534],[8.48825,46.71556],[8.48809,46.71571],[8.48782,46.71591],[8.48769,46.71606],[8.48748,46.71637],[8.48729,46.71658],[8.4871,46.71675],[8.48669,46.71695],[8.48596,46.71702],[8.48491,46.71681],[8.48421,46.7168],[8.48347,46.71666],[8.48323,46.71659],[8.48301,46.7165],[8.48282,46.71638],[8.48259,46.71615],[8.48207,46.71577],[8.48148,46.71505],[8.48107,46.71473],[8.47988,46.71414],[8.47968,46.71405],[8.47945,46.71399],[8.47921,46.71395],[8.478,46.71387],[8.47769,46.71387],[8.47739,46.71392],[8.47657,46.71414],[8.4757,46.71451],[8.47483,46.71483],[8.47458,46.71491],[8.4741,46.71503],[8.47382,46.71513],[8.47303,46.7155],[8.47249,46.71584],[8.47229,46.71595],[8.47206,46.71604],[8.47168,46.71617],[8.47143,46.71623],[8.47123,46.71626],[8.4709,46.71626],[8.47033,46.71622],[8.46748,46.71643],[8.46704,46.71642],[8.4667,46.71639],[8.46631,46.71633],[8.46552,46.71615],[8.46529,46.71608],[8.4645,46.71582],[8.46389,46.71556],[8.4635,46.71545],[8.46304,46.71525],[8.46212,46.71474],[8.46128,46.7144],[8.45993,46.71391],[8.45948,46.71381],[8.45926,46.71374],[8.45901,46.71361],[8.45853,46.71331],[8.45833,46.71316],[8.45813,46.71294],[8.458,46.71282],[8.45784,46.71271],[8.45727,46.7124],[8.45707,46.71231],[8.4565,46.71215],[8.45554,46.71155],[8.45476,46.71128],[8.45397,46.71077],[8.45372,46.71043],[8.45355,46.70931],[8.45361,46.70876],[8.45378,46.70816],[8.4536,46.70757],[8.45326,46.70716],[8.45254,46.70565],[8.45221,46.70443],[8.45225,46.7041],[8.45249,46.70367],[8.45248,46.70302],[8.4528,46.70252],[8.45321,46.7022],[8.45348,46.70178],[8.45356,46.70117],[8.45378,46.7003],[8.45395,46.70001],[8.45447,46.69959],[8.45486,46.69904],[8.45485,46.69867],[8.4547,46.69829],[8.45492,46.69759],[8.45494,46.69728],[8.45392,46.69479],[8.45362,46.69435],[8.45325,46.69408],[8.45297,46.69369],[8.45273,46.69293],[8.45276,46.69258],[8.45303,46.6916],[8.45296,46.69129],[8.45256,46.69053],[8.45254,46.68969],[8.45246,46.68924],[8.4522,46.68879],[8.45181,46.68855],[8.45126,46.68839],[8.45073,46.68836],[8.44995,46.68811],[8.44904,46.68801],[8.44771,46.68767],[8.44704,46.68743],[8.44555,46.68725],[8.4447,46.68707],[8.4437,46.68674],[8.44195,46.68604],[8.44105,46.68562],[8.44034,46.68562],[8.43966,46.68582],[8.4388,46.68593],[8.43767,46.68628],[8.43633,46.68638],[8.43482,46.68662],[8.43395,46.68681],[8.43316,46.68689],[8.43191,46.68689],[8.43138,46.68683],[8.42854,46.68615],[8.42783,46.68611],[8.42391,46.68668],[8.42312,46.68697],[8.42088,46.68723],[8.41983,46.68704],[8.41892,46.68702],[8.41808,46.68712],[8.41708,46.68739],[8.41637,46.68737],[8.4157,46.68745],[8.41527,46.68763],[8.41497,46.68791],[8.41484,46.68822],[8.41484,46.68882],[8.41456,46.68933],[8.4137,46.68986],[8.41327,46.69022],[8.41233,46.69063],[8.41197,46.69071],[8.41129,46.69071],[8.41051,46.69052],[8.40858,46.6905],[8.40811,46.69057],[8.40083,46.69254],[8.40025,46.69262],[8.39974,46.69253],[8.39932,46.69232],[8.39893,46.69177],[8.39889,46.69131],[8.39862,46.69064],[8.39867,46.68929],[8.39884,46.68886],[8.39935,46.68839],[8.39952,46.68786],[8.39912,46.68681],[8.3989,46.68648],[8.39868,46.6857],[8.39812,46.68509],[8.39762,46.68437],[8.3976,46.68353]]]},"properties":{"bfs_nr":1208,"name":"G\u00f6schenen"}},{"type":"Feature","geometry":{"type":"Polygon","coordinates":[[[8.53658,46.76812],[8.5366,46.76778],[8.53665,46.76758],[8.53674,46.76742],[8.53704,46.76715],[8.53728,46.76703],[8.5376,46.7669],[8.53776,46.76682],[8.53863,46.76632],[8.53952,46.76589],[8.54122,46.7645],[8.54141,46.7643],[8.54157,46.76406],[8.54164,46.76395],[8.54191,46.76344],[8.54222,46.76307],[8.54234,46.76277],[8.54234,46.76262],[8.54226,46.76205],[8.54248,46.76156],[8.5428,46.76127],[8.54305,46.76075],[8.54333,46.76047],[8.54372,46.76023],[8.54396,46.75995],[8.54403,46.75964],[8.54404,46.75879],[8.54422,46.75847],[8.54481,46.75792],[8.54491,46.75773],[8.545,46.75745],[8.54503,46.75723],[8.54504,46.75682],[8.54516,46.75643],[8.54519,46.75558],[8.54506,46.7546],[8.54524,46.75416],[8.54526,46.75401],[8.54528,46.75364],[8.54527,46.7535],[8.54522,46.75287],[8.54558,46.75235],[8.54597,46.75212],[8.54642,46.75199],[8.54704,46.75171],[8.54726,46.75157],[8.54742,46.75141],[8.54839,46.75034],[8.54893,46.74917],[8.54935,46.74872],[8.55007,46.74839],[8.55087,46.74775],[8.55105,46.74766],[8.55125,46.74758],[8.55156,46.74752],[8.55184,46.74744],[8.55246,46.74719],[8.55354,46.74691],[8.55444,46.74643],[8.55594,46.74606],[8.55668,46.74574],[8.55739,46.74524],[8.55831,46.7445],[8.55911,46.74423],[8.55975,46.74387],[8.5604,46.7437],[8.56079,46.74355],[8.56157,46.74317],[8.56197,46.74312],[8.56244,46.74312],[8.56317,46.74317],[8.56342,46.74318],[8.56366,46.74315],[8.56503,46.74282],[8.56611,46.74251],[8.56636,46.74249],[8.56662,46.74249],[8.56696,46.74254],[8.56728,46.74256],[8.56755,46.74256],[8.56778,46.74254],[8.568,46.74249],[8.56851,46.74231],[8.56911,46.74222],[8.56953,46.74208],[8.57074,46.7413],[8.57191,46.74091],[8.57251,46.74062],[8.57295,46.74046],[8.57314,46.74035],[8.57329,46.74021],[8.57341,46.74006],[8.57363,46.73948],[8.57396,46.73907],[8.57411,46.7387],[8.57431,46.7383],[8.5745,46.73804],[8.57461,46.73781],[8.57479,46.73729],[8.57561,46.73653],[8.57623,46.73609],[8.57656,46.73565],[8.57678,46.73541],[8.57698,46.73522],[8.57721,46.73506],[8.57762,46.73464],[8.57855,46.73399],[8.57971,46.73352],[8.58064,46.73308],[8.58116,46.73274],[8.58196,46.73201],[8.58221,46.7316],[8.58274,46.73128],[8.58467,46.73085],[8.58491,46.73075],[8.5851,46.73062],[8.58526,46.73047],[8.5884,46.72657],[8.58858,46.72639],[8.5918,46.72358],[8.5924,46.72326],[8.5942,46.72274],[8.59452,46.72267],[8.59673,46.72232],[8.59722,46.72217],[8.59752,46.72196],[8.5979,46.72178],[8.59873,46.7216],[8.59933,46.72131],[8.6013,46.72049],[8.60151,46.72038],[8.60198,46.72008],[8.60214,46.71994],[8.60247,46.71953],[8.6028,46.71929],[8.60319,46.71908],[8.60355,46.71893],[8.60417,46.71873],[8.60462,46.71856],[8.60493,46.71846],[8.60537,46.71835],[8.60566,46.71825],[8.60639,46.71793],[8.60765,46.71789],[8.60786,46.71788],[8.60806,46.71784],[8.6086,46.71771],[8.60879,46.71766],[8.60986,46.71721],[8.61019,46.71699],[8.61042,46.71672],[8.61055,46.71644],[8.61067,46.71627],[8.61084,46.7161],[8.61102,46.71599],[8.61143,46.71583],[8.6126,46.71572],[8.61291,46.71567],[8.61347,46.71552],[8.61378,46.7154],[8.61393,46.71533],[8.61405,46.71526],[8.61465,46.71486],[8.61479,46.71478],[8.61506,46.71466],[8.61554,46.71457],[8.61611,46.71461],[8.61732,46.71488],[8.61755,46.71491],[8.61762,46.71492],[8.61784,46.71493],[8.61806,46.71491],[8.61874,46.71479],[8.61968,46.71468],[8.62068,46.7144],[8.62235,46.71388],[8.62286,46.71377],[8.62358,46.7137],[8.62396,46.71369],[8.62476,46.71383],[8.62592,46.71399],[8.62613,46.714],[8.6273,46.71403],[8.62766,46.71406],[8.6289,46.71425],[8.62917,46.71427],[8.62946,46.71427],[8.62965,46.71426],[8.63107,46.71413],[8.63131,46.71409],[8.63154,46.71402],[8.63283,46.71328],[8.63295,46.71321],[8.63329,46.71304],[8.63358,46.71292],[8.63409,46.71284],[8.63442,46.71286],[8.63567,46.71302],[8.63592,46.71303],[8.63616,46.71302],[8.63639,46.71297],[8.6368,46.71279],[8.63697,46.71267],[8.63709,46.71252],[8.63717,46.71236],[8.63724,46.71197],[8.63713,46.71146],[8.63717,46.71113],[8.63738,46.71081],[8.63757,46.71026],[8.63799,46.70969],[8.63801,46.70934],[8.63784,46.70895],[8.63755,46.70722],[8.63745,46.70706],[8.63723,46.70678],[8.63712,46.70667],[8.63698,46.70657],[8.63637,46.70617],[8.63604,46.70586],[8.6354,46.70494],[8.63528,46.70455],[8.63491,46.70396],[8.63482,46.70358],[8.63444,46.70314],[8.63423,46.70237],[8.63429,46.70199],[8.63452,46.70163],[8.63463,46.70124],[8.6348,46.70089],[8.63486,46.7007],[8.63486,46.70051],[8.63473,46.69969],[8.63474,46.69949],[8.63473,46.69933],[8.6347,46.69902],[8.63452,46.69852],[8.63454,46.69817],[8.63478,46.69769],[8.63479,46.69737],[8.63487,46.69711],[8.63502,46.69687],[8.63516,46.69673],[8.63553,46.69646],[8.63573,46.69615],[8.6357,46.69565],[8.63519,46.69505],[8.63508,46.69466],[8.63539,46.69353],[8.63572,46.69273],[8.63579,46.69217],[8.63617,46.69156],[8.63632,46.69085],[8.6363,46.69067],[8.63623,46.69049],[8.63605,46.69018],[8.63598,46.69002],[8.63597,46.69],[8.6359,46.68987],[8.6356,46.68952],[8.63536,46.68914],[8.63502,46.68876],[8.63494,46.68861],[8.63489,46.68829],[8.635,46.68793],[8.63505,46.6877],[8.63505,46.68736],[8.63501,46.68715],[8.63478,46.68672],[8.63463,46.68537],[8.63473,46.68434],[8.63475,46.68398],[8.63499,46.68334],[8.63562,46.68263],[8.63617,46.68141],[8.63653,46.68106],[8.63777,46.68019],[8.63845,46.67969],[8.63888,46.67947],[8.63986,46.67911],[8.64008,46.679],[8.64027,46.67886],[8.64041,46.6787],[8.6405,46.67852],[8.64098,46.67709],[8.64118,46.67633],[8.64157,46.67563],[8.64192,46.67538],[8.64237,46.67524],[8.64311,46.67527],[8.64367,46.67548],[8.64393,46.67556],[8.6442,46.6756],[8.64472,46.67564],[8.64519,46.67562],[8.64565,46.67552],[8.64661,46.6755],[8.6475,46.67532],[8.6497,46.67518],[8.64991,46.67515],[8.65011,46.6751],[8.6513,46.67474],[8.65217,46.67454],[8.65246,46.67446],[8.65271,46.67432],[8.65332,46.67392],[8.65395,46.6736],[8.65416,46.67347],[8.65432,46.67331],[8.65467,46.67263],[8.65493,46.67238],[8.65573,46.67194],[8.65624,46.67183],[8.66183,46.67125],[8.66296,46.67132],[8.66338,46.67149],[8.66368,46.67174],[8.6638,46.67193],[8.66422,46.67282],[8.66432,46.67297],[8.66478,46.67355],[8.66489,46.67367],[8.66503,46.67378],[8.66577,46.67429],[8.66599,46.67466],[8.66618,46.67529],[8.66625,46.67545],[8.66637,46.6756],[8.66652,46.67573],[8.66671,46.67584],[8.66693,46.67593],[8.66716,46.67598],[8.67296,46.67693],[8.67348,46.67709],[8.67383,46.67735],[8.6742,46.67812],[8.67415,46.67852],[8.6738,46.67946],[8.6734,46.68026],[8.67299,46.68081],[8.67288,46.68122],[8.67319,46.68219],[8.67391,46.68317],[8.67493,46.684],[8.67513,46.68452],[8.67498,46.68539],[8.67462,46.68602],[8.67441,46.68674],[8.67382,46.68824],[8.67394,46.68892],[8.67376,46.68989],[8.67368,46.6907],[8.67376,46.6911],[8.67445,46.69223],[8.67582,46.69356],[8.67629,46.69411],[8.67669,46.69434],[8.67805,46.69485],[8.67859,46.69496],[8.68012,46.69503],[8.68078,46.69493],[8.6815,46.69461],[8.6826,46.69442],[8.68364,46.69459],[8.68409,46.69456],[8.68496,46.69433],[8.68616,46.69431],[8.68689,46.69457],[8.68903,46.69598],[8.68943,46.69641],[8.68981,46.69715],[8.69061,46.69849],[8.69099,46.69939],[8.69122,46.70022],[8.69173,46.70109],[8.69246,46.70173],[8.69286,46.70229],[8.693,46.70329],[8.69298,46.70349],[8.693,46.70364],[8.69307,46.70379],[8.69331,46.7042],[8.69342,46.70462],[8.69328,46.70499],[8.69282,46.70545],[8.69251,46.70584],[8.69167,46.70621],[8.69066,46.70659],[8.68982,46.70692],[8.68963,46.70704],[8.68884,46.70772],[8.68872,46.7079],[8.68858,46.70814],[8.68852,46.70823],[8.68836,46.70841],[8.68799,46.70865],[8.68699,46.709],[8.68623,46.70964],[8.686,46.70994],[8.68565,46.71075],[8.68534,46.711],[8.68474,46.71131],[8.68376,46.71265],[8.68389,46.71315],[8.68473,46.71388],[8.68492,46.71423],[8.685,46.71451],[8.68502,46.71502],[8.68509,46.71536],[8.68506,46.71554],[8.68486,46.71587],[8.68465,46.71604],[8.68446,46.71616],[8.68429,46.7163],[8.68408,46.71653],[8.68396,46.71685],[8.68402,46.7178],[8.68421,46.71828],[8.68419,46.71853],[8.68407,46.71908],[8.68405,46.71917],[8.68401,46.71975],[8.68396,46.71996],[8.68375,46.72027],[8.68316,46.72058],[8.68223,46.72082],[8.6819,46.7211],[8.68142,46.72179],[8.68097,46.72219],[8.68036,46.72296],[8.68017,46.72316],[8.67934,46.72388],[8.67919,46.72404],[8.6791,46.72422],[8.67906,46.72441],[8.67908,46.72459],[8.67915,46.72478],[8.67928,46.72494],[8.67989,46.72549],[8.68048,46.72591],[8.68153,46.72645],[8.68173,46.72654],[8.68196,46.72659],[8.68307,46.72672],[8.68342,46.72683],[8.68379,46.72706],[8.68416,46.7275],[8.68445,46.72774],[8.68462,46.72785],[8.68523,46.72819],[8.68551,46.72867],[8.68549,46.72952],[8.68532,46.73052],[8.68524,46.73068],[8.6851,46.73085],[8.68405,46.73191],[8.6838,46.73212],[8.68341,46.73238],[8.68326,46.73251],[8.68275,46.73311],[8.68262,46.73346],[8.68266,46.73375],[8.68265,46.73397],[8.68264,46.73403],[8.68259,46.73421],[8.6822,46.73482],[8.68214,46.73518],[8.68194,46.73619],[8.68187,46.73637],[8.68179,46.73652],[8.68164,46.73668],[8.68145,46.73685],[8.68111,46.73709],[8.68081,46.73726],[8.67538,46.74072],[8.67468,46.74135],[8.67398,46.74162],[8.67305,46.74179],[8.67236,46.74222],[8.67182,46.74242],[8.67093,46.7429],[8.67054,46.74317],[8.67034,46.74328],[8.67013,46.74339],[8.66987,46.74354],[8.66921,46.74376],[8.66862,46.74411],[8.66837,46.74445],[8.66817,46.74466],[8.66806,46.74475],[8.66787,46.74489],[8.66762,46.74504],[8.66748,46.74516],[8.66715,46.74561],[8.66661,46.74592],[8.66593,46.74605],[8.66486,46.74658],[8.6645,46.74688],[8.66428,46.74727],[8.66394,46.74753],[8.66306,46.74788],[8.66267,46.74808],[8.66216,46.74821],[8.66152,46.74823],[8.6604,46.74815],[8.6599,46.74804],[8.65944,46.74804],[8.65885,46.74818],[8.65837,46.74836],[8.65806,46.74843],[8.65774,46.74849],[8.65756,46.74853],[8.657,46.74869],[8.6568,46.74876],[8.65637,46.74896],[8.65547,46.74919],[8.65502,46.74926],[8.65467,46.74933],[8.65433,46.74937],[8.65406,46.74936],[8.65346,46.74928],[8.65323,46.74928],[8.65301,46.7493],[8.65291,46.74932],[8.65272,46.74936],[8.65255,46.74942],[8.65154,46.74983],[8.6512,46.74993],[8.65056,46.75015],[8.6498,46.75037],[8.64909,46.75076],[8.64768,46.75117],[8.64665,46.75141],[8.6463,46.75147],[8.64602,46.75149],[8.64577,46.75154],[8.64554,46.75161],[8.64533,46.75172],[8.64516,46.75184],[8.64503,46.75199],[8.64494,46.75216],[8.6447,46.75279],[8.64466,46.75294],[8.64463,46.75323],[8.64463,46.75339],[8.64475,46.75369],[8.64486,46.75382],[8.64497,46.75393],[8.64514,46.75406],[8.64534,46.75417],[8.64659,46.75475],[8.64689,46.75506],[8.64698,46.75542],[8.6469,46.75579],[8.64691,46.75595],[8.64695,46.7561],[8.64742,46.75723],[8.64751,46.7574],[8.64766,46.75755],[8.64856,46.75832],[8.64873,46.75844],[8.64918,46.75867],[8.64947,46.75889],[8.6497,46.75903],[8.64998,46.75914],[8.65077,46.75934],[8.651,46.75938],[8.65125,46.7594],[8.65149,46.75938],[8.65203,46.75927],[8.65319,46.75936],[8.65408,46.75959],[8.65524,46.75969],[8.65606,46.75998],[8.65649,46.76033],[8.65742,46.76125],[8.65758,46.76138],[8.65787,46.76157],[8.65801,46.76165],[8.65958,46.76246],[8.65977,46.76258],[8.66001,46.76275],[8.66021,46.76292],[8.66036,46.76312],[8.66058,46.76356],[8.66057,46.76405],[8.66061,46.76436],[8.66066,46.76455],[8.66094,46.76488],[8.66114,46.76501],[8.66123,46.76506],[8.66143,46.76514],[8.66166,46.7652],[8.66268,46.76539],[8.66459,46.76589],[8.66593,46.76616],[8.66822,46.76695],[8.66881,46.76731],[8.6696,46.76813],[8.66986,46.76848],[8.66999,46.76881],[8.67004,46.76904],[8.67006,46.76934],[8.67,46.76985],[8.66997,46.77002],[8.66949,46.7716],[8.66944,46.77174],[8.66922,46.77221],[8.66911,46.7724],[8.669,46.77255],[8.66885,46.77269],[8.6675,46.77379],[8.66735,46.77393],[8.66637,46.77514],[8.66626,46.77532],[8.66606,46.77577],[8.666,46.776],[8.66595,46.77678],[8.66595,46.77682],[8.66594,46.77746],[8.66595,46.77751],[8.666,46.77827],[8.66606,46.77849],[8.66651,46.77951],[8.66658,46.77963],[8.668,46.78173],[8.66814,46.78209],[8.66824,46.78274],[8.66824,46.78303],[8.6681,46.78386],[8.66805,46.78405],[8.66733,46.7859],[8.66724,46.78608],[8.66627,46.78767],[8.66617,46.78794],[8.66599,46.78925],[8.66599,46.7894],[8.66603,46.78955],[8.66632,46.79047],[8.66637,46.7908],[8.66635,46.79107],[8.66527,46.79579],[8.66483,46.7981],[8.66464,46.79849],[8.66428,46.79876],[8.66379,46.7989],[8.66326,46.7989],[8.66219,46.7986],[8.65997,46.79777],[8.65923,46.79729],[8.659,46.7972],[8.65877,46.79707],[8.65739,46.79619],[8.65717,46.79603],[8.65689,46.7958],[8.65566,46.79528],[8.65262,46.79442],[8.65223,46.79427],[8.65157,46.79394],[8.65135,46.79386],[8.65051,46.79359],[8.65033,46.79354],[8.64428,46.79232],[8.644,46.79225],[8.64375,46.79214],[8.64176,46.79116],[8.64027,46.79027],[8.63994,46.79001],[8.63965,46.78974],[8.63855,46.78898],[8.63836,46.78887],[8.63665,46.78807],[8.63631,46.78787],[8.63558,46.78732],[8.63473,46.78692],[8.63396,46.78682],[8.6335,46.78669],[8.63285,46.78628],[8.63268,46.78621],[8.63189,46.78592],[8.63147,46.78583],[8.63053,46.78573],[8.63018,46.78573],[8.62965,46.78579],[8.62818,46.78641],[8.62686,46.78651],[8.62665,46.78656],[8.62643,46.78662],[8.62621,46.7867],[8.62602,46.78681],[8.62586,46.78694],[8.62574,46.78709],[8.62553,46.78743],[8.62543,46.78766],[8.62527,46.7884],[8.6252,46.78861],[8.62509,46.78877],[8.62476,46.78903],[8.62431,46.78918],[8.62264,46.78929],[8.62219,46.78944],[8.62161,46.78974],[8.62142,46.78986],[8.62103,46.79022],[8.62045,46.79052],[8.62009,46.79076],[8.61986,46.79084],[8.61935,46.7909],[8.61903,46.79088],[8.61822,46.79076],[8.6175,46.79074],[8.61642,46.79091],[8.61553,46.79114],[8.61506,46.79133],[8.61456,46.79166],[8.61411,46.79208],[8.61392,46.7922],[8.61366,46.79235],[8.61339,46.79247],[8.6129,46.79258],[8.61215,46.79247],[8.61173,46.79226],[8.61149,46.79213],[8.6113,46.79197],[8.61093,46.79163],[8.61072,46.79151],[8.61022,46.79137],[8.6091,46.79133],[8.60842,46.79135],[8.60815,46.79134],[8.60789,46.7913],[8.60726,46.79118],[8.60702,46.79114],[8.60677,46.79114],[8.60634,46.79117],[8.60613,46.79119],[8.60594,46.79124],[8.60541,46.7914],[8.60487,46.7915],[8.604,46.79158],[8.60368,46.79159],[8.60344,46.79156],[8.60262,46.79134],[8.6018,46.79128],[8.6009,46.79103],[8.6004,46.79102],[8.59942,46.79122],[8.59889,46.79118],[8.59823,46.79094],[8.59781,46.79065],[8.597,46.79015],[8.59606,46.78986],[8.59473,46.78971],[8.59407,46.78964],[8.59369,46.78962],[8.59298,46.78964],[8.59239,46.78952],[8.59173,46.78923],[8.59154,46.78916],[8.59133,46.78911],[8.59087,46.78903],[8.59068,46.789],[8.5901,46.78897],[8.58909,46.78866],[8.58832,46.7882],[8.588,46.7879],[8.58789,46.78754],[8.58795,46.78721],[8.58786,46.78682],[8.58768,46.78649],[8.58759,46.78636],[8.58715,46.78587],[8.58685,46.78524],[8.58653,46.78494],[8.58615,46.78477],[8.58586,46.78469],[8.58515,46.78456],[8.58491,46.78445],[8.5847,46.78434],[8.58444,46.78416],[8.58429,46.78399],[8.58406,46.78353],[8.58379,46.78326],[8.58304,46.78286],[8.58255,46.78275],[8.58204,46.78278],[8.58159,46.78293],[8.58133,46.78298],[8.58081,46.78307],[8.58061,46.78309],[8.58019,46.78312],[8.57991,46.78317],[8.57912,46.78358],[8.57865,46.78376],[8.57838,46.78388],[8.57819,46.78399],[8.57795,46.78409],[8.57768,46.78414],[8.57733,46.78416],[8.57687,46.78414],[8.5766,46.78412],[8.57626,46.78408],[8.57553,46.78396],[8.57462,46.78389],[8.5743,46.78385],[8.57405,46.78377],[8.57373,46.78362],[8.5735,46.78353],[8.57309,46.78345],[8.57247,46.78316],[8.57205,46.78268],[8.57188,46.78257],[8.57169,46.78247],[8.57147,46.7824],[8.57124,46.78236],[8.57026,46.78231],[8.56961,46.7822],[8.56937,46.78218],[8.56913,46.78218],[8.56889,46.78222],[8.56869,46.78228],[8.56779,46.78261],[8.56751,46.78269],[8.56728,46.78272],[8.56699,46.78273],[8.56635,46.7827],[8.56564,46.78276],[8.5648,46.78302],[8.56318,46.78314],[8.56257,46.78305],[8.56139,46.78296],[8.56112,46.78292],[8.56078,46.78285],[8.56052,46.78283],[8.5595,46.78286],[8.55725,46.78182],[8.55685,46.78147],[8.55648,46.78127],[8.55603,46.78117],[8.55579,46.78117],[8.55555,46.78119],[8.55477,46.78132],[8.55452,46.78138],[8.5543,46.78148],[8.55362,46.78183],[8.55344,46.78194],[8.55289,46.78248],[8.55246,46.78269],[8.5517,46.78275],[8.55122,46.78262],[8.5505,46.78215],[8.54977,46.78157],[8.5493,46.78134],[8.54898,46.78103],[8.54886,46.78069],[8.54868,46.78041],[8.54769,46.77939],[8.54732,46.77914],[8.5466,46.77896],[8.54498,46.77884],[8.54426,46.77865],[8.5438,46.77862],[8.54288,46.77865],[8.54277,46.77866],[8.54263,46.77867],[8.5424,46.77869],[8.54216,46.77868],[8.54186,46.77863],[8.54111,46.77845],[8.54084,46.77837],[8.5406,46.77825],[8.53943,46.77762],[8.53803,46.77715],[8.53769,46.77691],[8.53751,46.7766],[8.53757,46.7761],[8.53783,46.77582],[8.53827,46.7756],[8.53935,46.77524],[8.53956,46.77515],[8.53975,46.77504],[8.5399,46.7749],[8.54001,46.77474],[8.54007,46.77458],[8.54009,46.7744],[8.54006,46.77423],[8.53998,46.77407],[8.53986,46.77392],[8.53969,46.77379],[8.5395,46.77368],[8.53898,46.77349],[8.53861,46.77323],[8.53814,46.7727],[8.538,46.77244],[8.53778,46.77178],[8.53773,46.77157],[8.53775,46.77142],[8.53771,46.77117],[8.53743,46.77022],[8.53697,46.76972],[8.53682,46.76923],[8.53688,46.76888],[8.53658,46.76812]]]},"properties":{"bfs_nr":1209,"name":"Gurtnellen"}},{"type":"Feature","geometry":{"type":"Polygon","coordinates":[[[8.50377,46.62619],[8.5035,46.62574],[8.50354,46.6254],[8.50419,46.62469],[8.50459,46.62444],[8.50517,46.62432],[8.50611,46.62425],[8.50633,46.62421],[8.50654,46.62416],[8.50673,46.62408],[8.508,46.62346],[8.50829,46.62322],[8.50858,46.62265],[8.5087,46.62248],[8.50908,46.62223],[8.50965,46.62199],[8.50982,46.62187],[8.51,46.62171],[8.51005,46.62167],[8.51455,46.61731],[8.51464,46.61721],[8.52133,46.60848],[8.5225,46.6069],[8.52307,46.60657],[8.52356,46.6065],[8.52497,46.60677],[8.52549,46.60673],[8.52595,46.60656],[8.52613,46.60643],[8.52627,46.60627],[8.52636,46.6061],[8.52658,46.60554],[8.52663,46.60537],[8.52659,46.60502],[8.52661,46.60486],[8.52667,46.60468],[8.52703,46.60402],[8.52782,46.60325],[8.52812,46.60278],[8.52849,46.60225],[8.52856,46.60213],[8.52895,46.60125],[8.529,46.60103],[8.52904,46.60071],[8.52912,46.60054],[8.52921,46.60042],[8.52972,46.59977],[8.52973,46.59976],[8.53024,46.59907],[8.53026,46.59905],[8.53308,46.59504],[8.53353,46.59416],[8.53383,46.5938],[8.53408,46.59364],[8.53508,46.59314],[8.53523,46.59305],[8.53537,46.59295],[8.5385,46.59],[8.53864,46.58984],[8.53874,46.58965],[8.53885,46.58936],[8.53888,46.58925],[8.53893,46.58893],[8.53894,46.58878],[8.53884,46.58839],[8.53884,46.58812],[8.53895,46.58761],[8.53939,46.58663],[8.53989,46.58626],[8.54071,46.58602],[8.54141,46.58551],[8.54172,46.58536],[8.54357,46.58469],[8.54482,46.58411],[8.54516,46.58387],[8.54623,46.58279],[8.54679,46.58236],[8.54817,46.58169],[8.55058,46.58081],[8.55131,46.58068],[8.55438,46.58064],[8.55493,46.5807],[8.55828,46.58148],[8.55906,46.58149],[8.55969,46.5813],[8.5605,46.5813],[8.56119,46.58152],[8.56199,46.58159],[8.56375,46.58135],[8.56498,46.58133],[8.56593,46.58146],[8.56752,46.58187],[8.56969,46.58264],[8.57202,46.58357],[8.57255,46.58368],[8.57344,46.58366],[8.57394,46.58354],[8.5751,46.58285],[8.57601,46.58221],[8.57666,46.58202],[8.57733,46.58157],[8.57759,46.5811],[8.57869,46.58041],[8.58046,46.57844],[8.58116,46.57744],[8.58153,46.57721],[8.582,46.57709],[8.58353,46.57709],[8.58403,46.57704],[8.58453,46.57685],[8.58509,46.57644],[8.58572,46.57623],[8.58631,46.57589],[8.58749,46.57504],[8.5883,46.57464],[8.58925,46.57404],[8.59033,46.57362],[8.59103,46.5735],[8.59193,46.57361],[8.59308,46.5735],[8.59363,46.57351],[8.59645,46.5739],[8.59796,46.57403],[8.59851,46.57393],[8.59896,46.5737],[8.59951,46.57355],[8.60099,46.57357],[8.60152,46.57367],[8.60242,46.57407],[8.60298,46.57415],[8.60459,46.57416],[8.60558,46.57434],[8.60681,46.57446],[8.60787,46.57468],[8.61033,46.57486],[8.61108,46.57506],[8.61165,46.57539],[8.61334,46.57622],[8.61433,46.5768],[8.6147,46.57713],[8.61489,46.5776],[8.61493,46.57811],[8.61474,46.57846],[8.61457,46.5786],[8.61431,46.57875],[8.61363,46.57906],[8.61344,46.57917],[8.61327,46.57931],[8.61315,46.57946],[8.61307,46.57963],[8.61305,46.57984],[8.61307,46.58029],[8.61306,46.58046],[8.613,46.58064],[8.61289,46.5809],[8.61281,46.58105],[8.61266,46.58126],[8.61261,46.58139],[8.61257,46.58152],[8.61244,46.58178],[8.61214,46.58226],[8.61205,46.58238],[8.61188,46.58254],[8.61119,46.58288],[8.611,46.58301],[8.61085,46.58316],[8.61064,46.58345],[8.61026,46.58373],[8.61011,46.58387],[8.61001,46.58403],[8.60996,46.58416],[8.60993,46.58424],[8.60991,46.58443],[8.61002,46.58478],[8.61049,46.58544],[8.61093,46.58581],[8.61113,46.58616],[8.61111,46.58696],[8.61111,46.58706],[8.61112,46.58717],[8.61116,46.58733],[8.61154,46.58835],[8.61156,46.58841],[8.61172,46.58895],[8.61175,46.5892],[8.61162,46.58958],[8.61143,46.58978],[8.61082,46.5903],[8.61067,46.59041],[8.61048,46.59054],[8.61032,46.59068],[8.61012,46.59099],[8.61012,46.59134],[8.6103,46.59213],[8.61054,46.59279],[8.61066,46.59294],[8.61126,46.59344],[8.61144,46.59368],[8.61152,46.59405],[8.61138,46.5944],[8.61086,46.59479],[8.61005,46.59548],[8.6087,46.59624],[8.60833,46.5967],[8.60797,46.59708],[8.60737,46.5978],[8.6073,46.59789],[8.60711,46.5982],[8.60704,46.59833],[8.6069,46.59871],[8.6068,46.5989],[8.60666,46.59907],[8.6003,46.60532],[8.60019,46.60541],[8.59761,46.60751],[8.59733,46.6077],[8.59716,46.60779],[8.59674,46.60796],[8.59623,46.60812],[8.59597,46.60823],[8.59578,46.60833],[8.59563,46.60842],[8.59453,46.60922],[8.59428,46.60948],[8.59412,46.60986],[8.59384,46.61016],[8.5933,46.61046],[8.5921,46.61139],[8.59199,46.61172],[8.59205,46.61227],[8.59185,46.6132],[8.59157,46.61397],[8.59108,46.61458],[8.59079,46.61511],[8.59041,46.61554],[8.59027,46.61609],[8.59006,46.6164],[8.58975,46.61668],[8.58936,46.61712],[8.58898,46.6174],[8.58824,46.61767],[8.58773,46.61801],[8.58751,46.61836],[8.58701,46.61879],[8.58653,46.61955],[8.58621,46.61979],[8.58594,46.62017],[8.58574,46.62126],[8.58515,46.6219],[8.58438,46.62303],[8.58395,46.62327],[8.5835,46.62362],[8.58319,46.6239],[8.58254,46.62421],[8.58137,46.62462],[8.58086,46.62469],[8.58039,46.62484],[8.58001,46.62506],[8.57978,46.62537],[8.57973,46.62556],[8.57965,46.62574],[8.57947,46.62597],[8.57902,46.62642],[8.57859,46.62694],[8.57851,46.62729],[8.57878,46.62805],[8.57868,46.62841],[8.57828,46.62879],[8.5778,46.62899],[8.57701,46.62914],[8.57553,46.62972],[8.57502,46.62983],[8.57437,46.62985],[8.57391,46.62998],[8.573,46.63049],[8.57228,46.63096],[8.57188,46.63116],[8.57122,46.63142],[8.57115,46.63144],[8.57059,46.63169],[8.57037,46.63179],[8.5701,46.6319],[8.56931,46.63217],[8.56886,46.63236],[8.56834,46.63265],[8.56769,46.63293],[8.56175,46.63654],[8.5615,46.63666],[8.56128,46.63674],[8.56099,46.63679],[8.55375,46.63759],[8.5531,46.6378],[8.55279,46.63803],[8.55229,46.6384],[8.55208,46.63853],[8.55185,46.63863],[8.55166,46.6387],[8.55136,46.63876],[8.55072,46.6388],[8.54988,46.63912],[8.54947,46.63925],[8.54898,46.63926],[8.54831,46.63915],[8.54779,46.63917],[8.54687,46.63935],[8.54638,46.63934],[8.54584,46.63919],[8.54552,46.63912],[8.5455,46.63912],[8.54518,46.63907],[8.5446,46.63893],[8.54438,46.63886],[8.54348,46.63851],[8.54303,46.63822],[8.54295,46.63819],[8.54288,46.63815],[8.54263,46.63804],[8.54237,46.63794],[8.54209,46.63789],[8.54198,46.63788],[8.5417,46.63788],[8.54134,46.63789],[8.54117,46.63791],[8.54076,46.63797],[8.54031,46.63799],[8.54005,46.63799],[8.53972,46.63796],[8.53946,46.6379],[8.53918,46.63778],[8.53908,46.63773],[8.53881,46.63755],[8.5382,46.63669],[8.53793,46.63643],[8.53775,46.63634],[8.53751,46.63623],[8.53725,46.63614],[8.53697,46.63609],[8.53571,46.63606],[8.53512,46.63616],[8.53432,46.63618],[8.53311,46.63603],[8.53265,46.63592],[8.5324,46.6358],[8.53238,46.63579],[8.53222,46.63569],[8.53185,46.63542],[8.53165,46.63523],[8.53142,46.63483],[8.5308,46.63429],[8.53053,46.63417],[8.53031,46.63405],[8.53025,46.634],[8.53003,46.63382],[8.52985,46.63362],[8.52962,46.63348],[8.52893,46.63314],[8.52832,46.63288],[8.52756,46.63221],[8.52706,46.63202],[8.52682,46.63198],[8.52664,46.63197],[8.52636,46.63196],[8.52562,46.632],[8.52531,46.63204],[8.52457,46.6323],[8.52401,46.63247],[8.5236,46.63256],[8.52134,46.63286],[8.52088,46.63289],[8.52015,46.63287],[8.52003,46.63286],[8.51976,46.63285],[8.51948,46.63281],[8.51779,46.63248],[8.51646,46.63232],[8.51595,46.63231],[8.51515,46.63248],[8.51429,46.63247],[8.51285,46.63241],[8.51248,46.63237],[8.51191,46.63214],[8.51095,46.63153],[8.50989,46.631],[8.50962,46.6309],[8.50932,46.63081],[8.50907,46.63073],[8.50889,46.63063],[8.5088,46.63058],[8.5087,46.63054],[8.50792,46.63018],[8.50743,46.62981],[8.50663,46.62952],[8.50612,46.62903],[8.50591,46.62786],[8.5057,46.62752],[8.5052,46.62713],[8.50466,46.62685],[8.50377,46.62619]]]},"properties":{"bfs_nr":1210,"name":"Hospental"}},{"type":"Feature","geometry":{"type":"Polygon","coordinates":[[[8.45857,46.89826],[8.45928,46.89771],[8.45971,46.89756],[8.46149,46.89722],[8.46308,46.89723],[8.46505,46.89743],[8.46607,46.89767],[8.46689,46.89769],[8.46766,46.89754],[8.46824,46.89724],[8.46862,46.89671],[8.46949,46.89606],[8.46977,46.89571],[8.47019,46.8954],[8.47078,46.89476],[8.47158,46.89441],[8.47207,46.89395],[8.47294,46.89359],[8.47327,46.89332],[8.47343,46.89298],[8.47335,46.89223],[8.47317,46.89179],[8.47324,46.89125],[8.47406,46.89025],[8.47444,46.88991],[8.4747,46.88941],[8.47546,46.8888],[8.47614,46.88846],[8.4765,46.88795],[8.47666,46.88739],[8.47676,46.88649],[8.47703,46.88609],[8.47875,46.88313],[8.47884,46.88276],[8.4787,46.8824],[8.47836,46.8821],[8.47762,46.88167],[8.47696,46.88143],[8.47638,46.88103],[8.4757,46.88078],[8.47519,46.88041],[8.47406,46.87976],[8.4727,46.87849],[8.47189,46.878],[8.47138,46.87781],[8.46845,46.87725],[8.46778,46.87697],[8.46726,46.87636],[8.46708,46.8753],[8.4673,46.87424],[8.46784,46.87341],[8.46853,46.87282],[8.4688,46.8725],[8.47002,46.87126],[8.47019,46.87091],[8.47013,46.86986],[8.47021,46.86939],[8.47041,46.86911],[8.47097,46.86863],[8.47134,46.86798],[8.47115,46.86747],[8.47088,46.86718],[8.4702,46.86572],[8.46936,46.86463],[8.4692,46.86411],[8.4691,46.86308],[8.46918,46.86229],[8.46905,46.86196],[8.46815,46.8609],[8.46807,46.86054],[8.4682,46.86019],[8.46892,46.85944],[8.46908,46.85898],[8.46897,46.85845],[8.46912,46.85804],[8.47018,46.85712],[8.47072,46.85653],[8.47091,46.8562],[8.47089,46.85562],[8.471,46.85526],[8.47154,46.85485],[8.47204,46.85473],[8.47278,46.85475],[8.4741,46.8546],[8.47469,46.85461],[8.47572,46.8548],[8.47617,46.855],[8.47646,46.85531],[8.47675,46.85591],[8.47761,46.85662],[8.47845,46.85701],[8.47931,46.85718],[8.47985,46.85717],[8.48033,46.85701],[8.48089,46.85653],[8.48148,46.85614],[8.48213,46.85559],[8.48252,46.8554],[8.4833,46.85523],[8.48474,46.85516],[8.48556,46.85492],[8.48682,46.85396],[8.48736,46.85374],[8.48863,46.8534],[8.48956,46.85327],[8.49021,46.85307],[8.49201,46.85297],[8.49278,46.85283],[8.49367,46.85278],[8.49511,46.85296],[8.49644,46.85345],[8.4972,46.85357],[8.49771,46.8535],[8.49829,46.85316],[8.49848,46.85284],[8.49854,46.85235],[8.49879,46.85196],[8.49956,46.85142],[8.50018,46.8512],[8.50051,46.85099],[8.50196,46.84967],[8.5022,46.84929],[8.50254,46.84818],[8.50307,46.8475],[8.50401,46.84694],[8.50449,46.84672],[8.50504,46.84622],[8.50538,46.84602],[8.50672,46.84555],[8.50796,46.84535],[8.5085,46.84519],[8.50903,46.84519],[8.50973,46.84545],[8.51024,46.84593],[8.51069,46.84611],[8.51232,46.84647],[8.5133,46.84646],[8.51447,46.84684],[8.51497,46.84687],[8.51521,46.84684],[8.51544,46.84677],[8.51611,46.84653],[8.51662,46.84633],[8.51738,46.84631],[8.51802,46.84646],[8.51865,46.84656],[8.51874,46.84657],[8.51964,46.84666],[8.51993,46.84667],[8.52021,46.84664],[8.52136,46.8464],[8.52159,46.84634],[8.52179,46.84625],[8.52271,46.84577],[8.5228,46.84572],[8.5242,46.84484],[8.52436,46.84472],[8.52449,46.84458],[8.52458,46.84442],[8.52475,46.84402],[8.52485,46.84383],[8.52512,46.84358],[8.52534,46.84345],[8.52586,46.84321],[8.52636,46.84292],[8.52669,46.84277],[8.52701,46.84266],[8.52744,46.84257],[8.52882,46.84215],[8.52922,46.84187],[8.52995,46.84109],[8.53032,46.84089],[8.53076,46.84079],[8.53142,46.84075],[8.53244,46.84106],[8.5332,46.84108],[8.53366,46.84093],[8.53403,46.8407],[8.53447,46.84056],[8.53471,46.84053],[8.5352,46.84056],[8.53624,46.8409],[8.53669,46.84094],[8.5378,46.84092],[8.53911,46.84099],[8.54025,46.8412],[8.54078,46.84136],[8.54128,46.84158],[8.54176,46.84207],[8.54191,46.84266],[8.54204,46.84283],[8.54231,46.84311],[8.54253,46.84328],[8.54281,46.84345],[8.54294,46.84352],[8.5432,46.84364],[8.54349,46.84375],[8.54376,46.84381],[8.5441,46.84393],[8.54429,46.84403],[8.54452,46.8442],[8.54473,46.84444],[8.5449,46.84459],[8.54512,46.84472],[8.54538,46.84481],[8.54665,46.84516],[8.54701,46.84539],[8.5474,46.84589],[8.54804,46.84645],[8.54836,46.84673],[8.54861,46.84704],[8.54919,46.84741],[8.54978,46.84763],[8.55046,46.84813],[8.55157,46.84865],[8.55182,46.84892],[8.55191,46.84924],[8.5517,46.85036],[8.55185,46.8507],[8.55289,46.85148],[8.55308,46.85159],[8.5532,46.85165],[8.55371,46.85192],[8.55399,46.85223],[8.55406,46.85241],[8.55407,46.85259],[8.55403,46.85277],[8.55393,46.85294],[8.55379,46.8531],[8.55357,46.85325],[8.55337,46.85343],[8.55323,46.85365],[8.55318,46.85377],[8.55313,46.85396],[8.55315,46.85416],[8.55321,46.85444],[8.55331,46.85467],[8.55374,46.85531],[8.5539,46.85549],[8.55455,46.85607],[8.55512,46.85667],[8.55529,46.85689],[8.55565,46.85749],[8.55582,46.85769],[8.55595,46.85782],[8.55606,46.85796],[8.55646,46.85892],[8.557,46.85955],[8.55711,46.85966],[8.55733,46.85985],[8.55747,46.85996],[8.55764,46.86005],[8.55805,46.86024],[8.55832,46.86043],[8.55858,46.86081],[8.55864,46.86106],[8.55859,46.86158],[8.55873,46.8624],[8.55867,46.86291],[8.55831,46.86346],[8.55822,46.86363],[8.55818,46.86384],[8.55818,46.86394],[8.55819,46.86408],[8.55824,46.86422],[8.55826,46.86426],[8.55835,46.86441],[8.55857,46.86471],[8.55869,46.86484],[8.55884,46.86495],[8.55941,46.86535],[8.55958,46.86558],[8.55968,46.86583],[8.55977,46.86615],[8.55983,46.86665],[8.5599,46.86681],[8.56001,46.86696],[8.56016,46.86709],[8.56034,46.8672],[8.56054,46.86729],[8.56104,46.86741],[8.5614,46.86754],[8.56177,46.86776],[8.56273,46.86855],[8.56312,46.86898],[8.56328,46.8691],[8.5637,46.86937],[8.56387,46.86946],[8.5651,46.87002],[8.56585,46.87029],[8.56615,46.87042],[8.5664,46.87055],[8.56662,46.87071],[8.56753,46.87124],[8.56793,46.87154],[8.56821,46.87169],[8.56866,46.87182],[8.5689,46.87184],[8.56943,46.87185],[8.56968,46.87184],[8.56986,46.87183],[8.57066,46.87176],[8.57193,46.87199],[8.57243,46.87216],[8.57302,46.87261],[8.57346,46.87337],[8.57357,46.8739],[8.57377,46.87419],[8.57418,46.87453],[8.57435,46.87472],[8.57455,46.87503],[8.57482,46.87526],[8.57534,46.87591],[8.57548,46.87626],[8.57542,46.87698],[8.57554,46.8773],[8.57567,46.87744],[8.5765,46.87822],[8.57678,46.87858],[8.57744,46.87894],[8.57786,46.87933],[8.57796,46.87961],[8.57799,46.87984],[8.57797,46.88011],[8.57794,46.88027],[8.57788,46.8808],[8.57778,46.88123],[8.57771,46.88146],[8.57768,46.88164],[8.57767,46.88206],[8.57768,46.88246],[8.57759,46.8832],[8.57736,46.88352],[8.57696,46.88376],[8.57672,46.88383],[8.57639,46.88388],[8.57407,46.88404],[8.57361,46.88414],[8.57259,46.88468],[8.57125,46.88547],[8.57095,46.88572],[8.57074,46.88607],[8.57041,46.88633],[8.56996,46.88649],[8.56925,46.88658],[8.56881,46.88673],[8.56848,46.88699],[8.56831,46.88749],[8.56871,46.88836],[8.56867,46.88871],[8.56858,46.88888],[8.56837,46.8891],[8.56825,46.88927],[8.56818,46.88946],[8.56817,46.88965],[8.56822,46.88984],[8.56841,46.89028],[8.56842,46.89031],[8.56889,46.89127],[8.56896,46.89144],[8.56927,46.89261],[8.56933,46.89275],[8.56955,46.89302],[8.56995,46.89335],[8.57002,46.89341],[8.57036,46.89366],[8.57074,46.89384],[8.57172,46.89415],[8.57202,46.89444],[8.57213,46.89478],[8.57199,46.8953],[8.57191,46.89581],[8.57185,46.89601],[8.57174,46.89619],[8.5716,46.89635],[8.57124,46.89656],[8.57062,46.89675],[8.57044,46.8968],[8.5702,46.8969],[8.56998,46.897],[8.5698,46.89714],[8.56966,46.8973],[8.56957,46.89747],[8.56954,46.89765],[8.56956,46.89783],[8.56963,46.89801],[8.57002,46.8985],[8.57037,46.89888],[8.57091,46.89924],[8.57129,46.89962],[8.57206,46.90008],[8.57263,46.90052],[8.57283,46.90065],[8.57334,46.90092],[8.5739,46.90125],[8.57452,46.90176],[8.57502,46.90213],[8.57544,46.90263],[8.57578,46.90291],[8.57678,46.90329],[8.57718,46.90352],[8.57744,46.9038],[8.57753,46.90413],[8.57748,46.90461],[8.57765,46.90495],[8.578,46.90522],[8.57922,46.90569],[8.58071,46.90613],[8.58167,46.90667],[8.58191,46.90697],[8.58222,46.90764],[8.58259,46.90788],[8.58344,46.90814],[8.58433,46.9085],[8.58508,46.90887],[8.58526,46.90897],[8.58541,46.90904],[8.58599,46.90927],[8.58646,46.90944],[8.58672,46.90955],[8.58733,46.90998],[8.58766,46.91032],[8.58775,46.91118],[8.58798,46.91151],[8.58863,46.91181],[8.58915,46.91184],[8.5913,46.91163],[8.59151,46.91167],[8.59192,46.91174],[8.59206,46.91176],[8.59214,46.91177],[8.59234,46.91178],[8.60635,46.91163],[8.60715,46.91178],[8.60763,46.91218],[8.60775,46.91256],[8.60783,46.91631],[8.6078,46.91653],[8.60762,46.91685],[8.60726,46.9171],[8.60647,46.91726],[8.59603,46.91737],[8.59552,46.91745],[8.59475,46.91778],[8.59362,46.91817],[8.59333,46.91825],[8.59259,46.91824],[8.59146,46.91782],[8.59123,46.91776],[8.591,46.91773],[8.59076,46.91773],[8.59052,46.91776],[8.59029,46.91782],[8.59009,46.91791],[8.58983,46.91805],[8.58909,46.91825],[8.58867,46.91851],[8.58822,46.91917],[8.58816,46.91925],[8.58795,46.91951],[8.58782,46.91975],[8.58778,46.91997],[8.58782,46.92017],[8.5882,46.92107],[8.58814,46.92143],[8.58788,46.92174],[8.58763,46.9219],[8.58604,46.92273],[8.58556,46.92285],[8.58504,46.92284],[8.58436,46.92262],[8.58382,46.92257],[8.58313,46.92261],[8.58229,46.92277],[8.58158,46.92277],[8.58091,46.92268],[8.58036,46.92253],[8.58006,46.92243],[8.5796,46.92224],[8.57928,46.92209],[8.57904,46.92194],[8.57882,46.92183],[8.57754,46.92156],[8.57718,46.92131],[8.5767,46.92068],[8.57655,46.92053],[8.57629,46.9203],[8.57624,46.92026],[8.576,46.92008],[8.57583,46.91997],[8.57542,46.91982],[8.57519,46.91979],[8.5748,46.91979],[8.57453,46.91976],[8.57439,46.91974],[8.57402,46.91966],[8.57272,46.91906],[8.57215,46.91893],[8.57086,46.91835],[8.57052,46.91823],[8.56891,46.91788],[8.56843,46.91784],[8.56795,46.91793],[8.56774,46.91801],[8.56755,46.91813],[8.5674,46.91826],[8.56718,46.91861],[8.56647,46.91956],[8.5661,46.9198],[8.56587,46.91988],[8.56563,46.91993],[8.56537,46.91994],[8.56489,46.91993],[8.56463,46.91996],[8.56438,46.92003],[8.56385,46.92032],[8.56356,46.92043],[8.56351,46.92044],[8.56328,46.9205],[8.56282,46.92057],[8.56258,46.92066],[8.56237,46.92078],[8.56219,46.92091],[8.56153,46.92132],[8.56151,46.92133],[8.56145,46.92137],[8.56117,46.92151],[8.56064,46.92162],[8.55976,46.92159],[8.55921,46.92168],[8.5589,46.92169],[8.55841,46.92169],[8.55827,46.92169],[8.55779,46.92166],[8.55754,46.92166],[8.55729,46.9217],[8.55706,46.92177],[8.55685,46.92186],[8.5559,46.92259],[8.55504,46.92294],[8.55472,46.92319],[8.55409,46.92467],[8.55332,46.92585],[8.55311,46.92672],[8.55284,46.92699],[8.55244,46.92718],[8.55171,46.92728],[8.55077,46.92714],[8.5503,46.92714],[8.5487,46.92727],[8.54737,46.92764],[8.54685,46.92773],[8.54596,46.92769],[8.54572,46.92771],[8.54549,46.92776],[8.54528,46.92783],[8.54496,46.9279],[8.54429,46.92789],[8.54305,46.92758],[8.54237,46.92722],[8.54183,46.92672],[8.54092,46.92638],[8.53962,46.9261],[8.53884,46.92587],[8.53766,46.9257],[8.5371,46.92554],[8.53657,46.92523],[8.53566,46.92493],[8.53483,46.92491],[8.53433,46.92478],[8.53292,46.92415],[8.53202,46.92369],[8.53146,46.92353],[8.53074,46.92346],[8.52986,46.92352],[8.52938,46.92347],[8.52842,46.92324],[8.52772,46.92329],[8.52726,46.92324],[8.52579,46.92323],[8.52516,46.92315],[8.52428,46.9228],[8.52368,46.92275],[8.52286,46.92287],[8.52228,46.92285],[8.5215,46.92292],[8.5204,46.92279],[8.51999,46.92259],[8.51972,46.9223],[8.51946,46.92123],[8.51899,46.92026],[8.51847,46.91986],[8.51725,46.91947],[8.51614,46.91902],[8.51582,46.91879],[8.51558,46.91841],[8.51526,46.91813],[8.5148,46.91796],[8.51404,46.91785],[8.5128,46.91735],[8.51134,46.91684],[8.51085,46.91662],[8.51045,46.91629],[8.50983,46.916],[8.50899,46.9157],[8.50786,46.91549],[8.50722,46.91529],[8.50618,46.91514],[8.50568,46.91515],[8.50508,46.91503],[8.50367,46.91459],[8.50291,46.91448],[8.50213,46.91462],[8.50174,46.91487],[8.50122,46.91559],[8.5009,46.91587],[8.50041,46.91609],[8.49969,46.91666],[8.49882,46.91782],[8.49844,46.91815],[8.49797,46.91831],[8.49743,46.91834],[8.4959,46.91795],[8.49454,46.91797],[8.49323,46.91842],[8.49175,46.91844],[8.49063,46.9184],[8.48992,46.91847],[8.48783,46.91839],[8.48718,46.91848],[8.48659,46.91848],[8.4861,46.91832],[8.48571,46.91802],[8.48518,46.91739],[8.48496,46.91691],[8.48463,46.91378],[8.48425,46.91282],[8.48408,46.91195],[8.48337,46.91126],[8.48254,46.91035],[8.48201,46.90993],[8.48162,46.9094],[8.48136,46.90887],[8.48102,46.90859],[8.4803,46.90837],[8.47903,46.9079],[8.4782,46.90779],[8.47726,46.90744],[8.47567,46.90728],[8.4749,46.90716],[8.47409,46.90682],[8.47224,46.90639],[8.47061,46.90591],[8.46891,46.90525],[8.46804,46.90499],[8.46735,46.90498],[8.4668,46.90514],[8.46625,46.90518],[8.46475,46.90489],[8.46419,46.90456],[8.46375,46.90385],[8.46339,46.90295],[8.46318,46.90266],[8.46224,46.902],[8.46191,46.90152],[8.46147,46.90122],[8.46082,46.90102],[8.46039,46.90079],[8.46001,46.90044],[8.45977,46.89993],[8.45936,46.89954],[8.45864,46.89903],[8.45848,46.89865],[8.45857,46.89826]]]},"properties":{"bfs_nr":1211,"name":"Isenthal"}},{"type":"Feature","geometry":{"type":"Polygon","coordinates":[[[8.40679,46.58668],[8.40655,46.58628],[8.40657,46.58592],[8.40679,46.5856],[8.40721,46.58533],[8.40775,46.58477],[8.40794,46.58441],[8.4078,46.58322],[8.40799,46.58262],[8.41022,46.57998],[8.4104,46.57949],[8.41028,46.57916],[8.40988,46.57856],[8.40998,46.57759],[8.41027,46.57722],[8.4124,46.57545],[8.41508,46.57277],[8.4169,46.57121],[8.41711,46.57095],[8.41915,46.56692],[8.41957,46.56635],[8.41963,46.56587],[8.41923,46.56509],[8.41954,46.56386],[8.41973,46.56352],[8.42019,46.56307],[8.42049,46.56236],[8.4212,46.56122],[8.42178,46.56073],[8.42298,46.56032],[8.42328,46.56004],[8.42341,46.55952],[8.42306,46.55622],[8.42313,46.5558],[8.42353,46.55495],[8.42362,46.55407],[8.42388,46.55356],[8.42396,46.55315],[8.42389,46.5526],[8.42409,46.55194],[8.42462,46.55117],[8.42553,46.55065],[8.42606,46.54992],[8.42626,46.54918],[8.42651,46.54865],[8.42655,46.54833],[8.42635,46.54785],[8.42636,46.54733],[8.4267,46.54685],[8.42776,46.54617],[8.42834,46.54545],[8.42848,46.54506],[8.42851,46.54429],[8.42899,46.54358],[8.42941,46.54338],[8.42997,46.5433],[8.43111,46.54324],[8.43279,46.54287],[8.43322,46.54263],[8.43412,46.54188],[8.43484,46.54082],[8.43551,46.54023],[8.436,46.54003],[8.43696,46.53979],[8.43796,46.53969],[8.43934,46.54005],[8.43983,46.54],[8.44142,46.53953],[8.44254,46.53889],[8.4437,46.53783],[8.44456,46.53753],[8.44496,46.5373],[8.44554,46.53678],[8.44617,46.53656],[8.45217,46.53502],[8.45286,46.53495],[8.45399,46.53451],[8.45481,46.53426],[8.45591,46.53419],[8.45695,46.53395],[8.45783,46.5336],[8.45827,46.53359],[8.45899,46.53372],[8.45995,46.53382],[8.46049,46.53394],[8.4615,46.53435],[8.46248,46.53494],[8.46346,46.53564],[8.46396,46.53579],[8.46449,46.53579],[8.4656,46.53541],[8.46608,46.53494],[8.46629,46.53447],[8.4666,46.53418],[8.46759,46.5339],[8.46801,46.53369],[8.4687,46.53309],[8.4696,46.53268],[8.47215,46.53048],[8.47231,46.53031],[8.47328,46.52889],[8.47383,46.52846],[8.47611,46.52785],[8.47751,46.52772],[8.47797,46.52781],[8.47904,46.52845],[8.4795,46.52864],[8.48002,46.52904],[8.48045,46.52924],[8.48094,46.52969],[8.48187,46.53143],[8.48244,46.53204],[8.48308,46.53231],[8.48402,46.53238],[8.48517,46.53236],[8.48632,46.53269],[8.48679,46.53276],[8.49008,46.53284],[8.49122,46.53304],[8.49181,46.53334],[8.49341,46.53405],[8.49475,46.53446],[8.49517,46.53454],[8.49659,46.53446],[8.49741,46.53427],[8.49801,46.53426],[8.49968,46.53445],[8.50049,46.53482],[8.50134,46.53511],[8.50235,46.53517],[8.50308,46.5351],[8.50513,46.53517],[8.50569,46.53526],[8.50706,46.53567],[8.50756,46.53591],[8.50793,46.53622],[8.50831,46.5364],[8.50941,46.53672],[8.51031,46.53719],[8.51105,46.53749],[8.51258,46.53773],[8.51404,46.53822],[8.51547,46.53849],[8.51603,46.53876],[8.51669,46.53889],[8.51743,46.53886],[8.51848,46.53892],[8.51912,46.53917],[8.51947,46.53962],[8.51951,46.5407],[8.51939,46.54121],[8.51951,46.54152],[8.51999,46.54194],[8.52022,46.54226],[8.52028,46.54258],[8.52003,46.5431],[8.51962,46.54346],[8.51897,46.54378],[8.51819,46.54451],[8.51789,46.54516],[8.51803,46.54615],[8.51794,46.54657],[8.51763,46.54689],[8.51695,46.54724],[8.51647,46.54763],[8.51569,46.54873],[8.51529,46.54999],[8.5149,46.55055],[8.51454,46.55144],[8.51454,46.5518],[8.51491,46.5529],[8.51562,46.55406],[8.51571,46.55466],[8.51527,46.55554],[8.51439,46.55624],[8.51365,46.5567],[8.51323,46.55738],[8.51321,46.55814],[8.51345,46.55861],[8.51366,46.55935],[8.51412,46.56002],[8.51472,46.5606],[8.51527,46.56128],[8.5157,46.56207],[8.51601,46.5624],[8.51674,46.56293],[8.5169,46.56316],[8.51776,46.56482],[8.51833,46.56556],[8.51979,46.5665],[8.52049,46.56677],[8.521,46.5673],[8.52106,46.56818],[8.52099,46.56881],[8.52102,46.56987],[8.52094,46.57024],[8.52056,46.57117],[8.52038,46.57193],[8.52017,46.57246],[8.52039,46.57307],[8.52163,46.5743],[8.5219,46.57492],[8.52185,46.57598],[8.52157,46.57674],[8.52183,46.57724],[8.52221,46.57747],[8.52289,46.57764],[8.52363,46.5777],[8.52418,46.57783],[8.52456,46.57807],[8.52478,46.57839],[8.52482,46.57893],[8.52502,46.57929],[8.52596,46.58009],[8.52609,46.5804],[8.52608,46.58103],[8.52644,46.58163],[8.52705,46.58213],[8.52777,46.58256],[8.52933,46.58334],[8.53017,46.58371],[8.53115,46.58441],[8.5317,46.58463],[8.53231,46.58474],[8.53316,46.5847],[8.5339,46.58459],[8.53459,46.58459],[8.53611,46.58483],[8.53678,46.58508],[8.53869,46.58626],[8.53912,46.58675],[8.53914,46.5871],[8.53896,46.58756],[8.53883,46.58819],[8.53882,46.58835],[8.53892,46.58875],[8.53892,46.589],[8.53888,46.58922],[8.53884,46.58939],[8.53876,46.58961],[8.53866,46.58981],[8.53846,46.59004],[8.5354,46.59292],[8.53523,46.59305],[8.53504,46.59316],[8.53402,46.59367],[8.53382,46.59379],[8.53366,46.59394],[8.53355,46.59411],[8.53307,46.59507],[8.53026,46.59904],[8.53024,46.59908],[8.52972,46.59976],[8.52971,46.59978],[8.52919,46.60044],[8.52912,46.60053],[8.5291,46.60057],[8.52904,46.60071],[8.529,46.60097],[8.52892,46.6013],[8.52857,46.6021],[8.52847,46.60228],[8.52812,46.60279],[8.52786,46.60321],[8.52701,46.60403],[8.5269,46.60419],[8.52665,46.60473],[8.52659,46.6049],[8.52659,46.60508],[8.52662,46.60534],[8.52656,46.6056],[8.52638,46.60606],[8.52626,46.60627],[8.52594,46.60655],[8.52549,46.60673],[8.52497,46.60676],[8.52431,46.60662],[8.52338,46.60625],[8.52263,46.6063],[8.52221,46.6065],[8.52192,46.60679],[8.52182,46.60713],[8.52183,46.60774],[8.52172,46.60793],[8.52135,46.60845],[8.52133,46.60848],[8.51466,46.61719],[8.51453,46.61734],[8.51006,46.62166],[8.50999,46.62172],[8.50985,46.62184],[8.50965,46.62199],[8.50897,46.62226],[8.5088,46.62237],[8.50854,46.62264],[8.50826,46.62323],[8.50798,46.62346],[8.50678,46.62406],[8.50654,46.62416],[8.50633,46.62421],[8.50606,46.62425],[8.50499,46.62433],[8.50444,46.62446],[8.50375,46.62477],[8.5026,46.62507],[8.50185,46.62508],[8.50102,46.62482],[8.50081,46.62479],[8.50059,46.62478],[8.49971,46.6248],[8.49869,46.62494],[8.49844,46.62493],[8.49817,46.62489],[8.4979,46.62481],[8.49763,46.62468],[8.49749,46.6246],[8.49734,46.62448],[8.49715,46.62436],[8.49694,46.62427],[8.49671,46.62421],[8.49646,46.62418],[8.49571,46.62414],[8.49547,46.62411],[8.49497,46.62404],[8.49463,46.62397],[8.49417,46.62373],[8.49397,46.62353],[8.49391,46.62344],[8.49374,46.62314],[8.49366,46.6229],[8.49356,46.62273],[8.49321,46.62241],[8.493,46.6223],[8.49276,46.62223],[8.49223,46.6221],[8.4916,46.62193],[8.49134,46.62184],[8.49116,46.62175],[8.49065,46.62146],[8.49042,46.62141],[8.49033,46.62139],[8.49003,46.62132],[8.48959,46.62118],[8.48948,46.62114],[8.48926,46.62106],[8.48901,46.62095],[8.48884,46.62084],[8.48852,46.62051],[8.48753,46.61987],[8.48732,46.61977],[8.48679,46.61956],[8.48648,46.61947],[8.48622,46.61942],[8.48575,46.6193],[8.4854,46.61925],[8.48515,46.6192],[8.48488,46.61913],[8.48387,46.61881],[8.48363,46.61875],[8.48338,46.61872],[8.48313,46.61873],[8.48288,46.61877],[8.48265,46.61885],[8.48245,46.61895],[8.48205,46.61926],[8.48188,46.61935],[8.48141,46.61954],[8.48125,46.61962],[8.48094,46.61975],[8.48077,46.61981],[8.48044,46.61989],[8.47959,46.62004],[8.47868,46.62054],[8.47799,46.62125],[8.47708,46.62153],[8.47622,46.62156],[8.47596,46.62164],[8.47566,46.62175],[8.47531,46.62183],[8.47519,46.62186],[8.47502,46.62191],[8.47484,46.62198],[8.47401,46.62234],[8.47384,46.62246],[8.4736,46.62272],[8.47344,46.62284],[8.47324,46.62295],[8.47298,46.62303],[8.47229,46.62322],[8.47191,46.62335],[8.47132,46.62349],[8.47034,46.6238],[8.47016,46.62387],[8.46992,46.62399],[8.46974,46.62409],[8.46932,46.62443],[8.46847,46.62485],[8.46798,46.625],[8.46745,46.62501],[8.4672,46.62496],[8.4669,46.62485],[8.46623,46.62453],[8.46598,46.62444],[8.46475,46.6241],[8.46455,46.62405],[8.46434,46.62403],[8.46369,46.624],[8.46241,46.62389],[8.46217,46.62386],[8.46068,46.62359],[8.46023,46.62347],[8.46019,46.62345],[8.45975,46.62323],[8.45924,46.62288],[8.45891,46.62258],[8.45854,46.62212],[8.45833,46.62193],[8.45815,46.6218],[8.45793,46.62168],[8.45735,46.62151],[8.4569,46.62135],[8.45673,46.62127],[8.45649,46.62114],[8.45602,46.62082],[8.45565,46.62065],[8.45436,46.62037],[8.45366,46.62041],[8.45314,46.62061],[8.45257,46.62071],[8.45077,46.62072],[8.45006,46.62078],[8.44939,46.6209],[8.44913,46.62091],[8.44843,46.62082],[8.44733,46.62079],[8.44698,46.62075],[8.4464,46.62066],[8.44589,46.62052],[8.44537,46.62034],[8.44482,46.62031],[8.44389,46.62048],[8.4425,46.62057],[8.4422,46.62057],[8.44191,46.62054],[8.43918,46.62007],[8.43906,46.62005],[8.43817,46.61996],[8.43789,46.61995],[8.43761,46.61998],[8.43682,46.62014],[8.4359,46.62035],[8.43521,46.62074],[8.43419,46.6212],[8.43364,46.62166],[8.43297,46.62215],[8.43278,46.62232],[8.43237,46.62253],[8.43213,46.62258],[8.43145,46.62264],[8.4312,46.6227],[8.43097,46.6228],[8.43056,46.62302],[8.43024,46.62322],[8.42964,46.62342],[8.42944,46.62353],[8.4285,46.62412],[8.4276,46.62479],[8.42719,46.62517],[8.42683,46.62535],[8.42621,46.62551],[8.42557,46.62584],[8.42485,46.62636],[8.4242,46.62652],[8.42386,46.62663],[8.42324,46.62676],[8.423,46.62682],[8.42278,46.62686],[8.42209,46.6268],[8.421,46.62631],[8.4207,46.62597],[8.42048,46.62502],[8.42061,46.62396],[8.42051,46.62346],[8.42066,46.62284],[8.42059,46.62159],[8.42091,46.62101],[8.42096,46.61968],[8.42052,46.61899],[8.42047,46.61856],[8.42063,46.61758],[8.42047,46.61702],[8.42042,46.61652],[8.42027,46.61615],[8.4196,46.61542],[8.41852,46.6147],[8.41833,46.6145],[8.41715,46.6128],[8.417,46.6123],[8.41717,46.60963],[8.41713,46.60936],[8.41628,46.60719],[8.41605,46.60687],[8.41529,46.60646],[8.41495,46.60611],[8.41474,46.60554],[8.41424,46.60497],[8.41386,46.60471],[8.41305,46.6045],[8.41244,46.60421],[8.41155,46.60354],[8.41125,46.6032],[8.41094,46.6025],[8.41034,46.60214],[8.40894,46.60162],[8.40862,46.60136],[8.40825,46.60055],[8.4078,46.59995],[8.40779,46.59938],[8.40794,46.59916],[8.40932,46.59753],[8.40978,46.5972],[8.41,46.59689],[8.41003,46.59654],[8.40986,46.5962],[8.4092,46.59552],[8.40877,46.59472],[8.40858,46.59375],[8.40872,46.59323],[8.40865,46.59288],[8.40811,46.59161],[8.4081,46.5912],[8.40787,46.59027],[8.40805,46.58961],[8.40788,46.58899],[8.40758,46.58846],[8.4074,46.58779],[8.4071,46.58739],[8.40679,46.58668]]]},"properties":{"bfs_nr":1212,"name":"Realp"}},{"type":"Feature","geometry":{"type":"Polygon","coordinates":[[[8.63438,46.86228],[8.63478,46.86173],[8.63487,46.86159],[8.63492,46.86143],[8.63501,46.86092],[8.635,46.8607],[8.63497,46.86051],[8.63497,46.8603],[8.63495,46.86016],[8.63489,46.85988],[8.63488,46.85984],[8.6348,46.85959],[8.63478,46.85953],[8.63467,46.85926],[8.63463,46.85919],[8.63448,46.8589],[8.63441,46.8588],[8.63423,46.85856],[8.6341,46.85835],[8.63382,46.85777],[8.63376,46.85761],[8.63365,46.85718],[8.63349,46.85616],[8.63306,46.8545],[8.63257,46.85301],[8.63256,46.85298],[8.63226,46.85198],[8.63225,46.85194],[8.63209,46.85131],[8.63208,46.85128],[8.6318,46.85],[8.63178,46.84991],[8.6317,46.84924],[8.63161,46.84868],[8.63186,46.84818],[8.63225,46.84794],[8.63274,46.84783],[8.6335,46.84785],[8.63414,46.84798],[8.63521,46.84858],[8.6353,46.84862],[8.63537,46.84866],[8.63553,46.84872],[8.6356,46.84875],[8.63571,46.84878],[8.63641,46.84896],[8.63666,46.84901],[8.63691,46.84902],[8.63716,46.849],[8.63741,46.84894],[8.63763,46.84886],[8.63782,46.84874],[8.63798,46.84861],[8.6381,46.84845],[8.63817,46.84828],[8.63874,46.84616],[8.63918,46.84456],[8.63919,46.84454],[8.6395,46.84349],[8.63959,46.84329],[8.63971,46.84313],[8.64006,46.84289],[8.64052,46.84275],[8.64126,46.84279],[8.64188,46.84299],[8.64309,46.84329],[8.64395,46.84334],[8.64463,46.84364],[8.64493,46.84402],[8.6453,46.84427],[8.64578,46.84441],[8.64605,46.84443],[8.64656,46.84435],[8.64679,46.84426],[8.64699,46.84415],[8.64779,46.84356],[8.64821,46.84335],[8.6487,46.84322],[8.64888,46.84315],[8.64988,46.84269],[8.65069,46.84245],[8.65136,46.84247],[8.65174,46.84245],[8.65273,46.8423],[8.65378,46.84222],[8.65449,46.84232],[8.6555,46.84239],[8.65599,46.84238],[8.65678,46.84215],[8.65697,46.84204],[8.65712,46.84192],[8.65725,46.84178],[8.65733,46.84163],[8.65737,46.84147],[8.6574,46.84122],[8.65751,46.84054],[8.65751,46.84034],[8.65741,46.83972],[8.65741,46.8395],[8.65746,46.83932],[8.6577,46.83901],[8.65841,46.83864],[8.65986,46.83817],[8.66008,46.83808],[8.66034,46.83795],[8.66064,46.83786],[8.66129,46.83777],[8.66155,46.83767],[8.66176,46.83758],[8.66227,46.83736],[8.66238,46.83731],[8.6631,46.83694],[8.6636,46.83677],[8.6641,46.8367],[8.66434,46.83661],[8.66451,46.83651],[8.66477,46.83636],[8.66497,46.83627],[8.66518,46.83622],[8.6673,46.8361],[8.66842,46.83608],[8.66985,46.83622],[8.6708,46.83638],[8.67109,46.83642],[8.67131,46.83642],[8.67148,46.83642],[8.67278,46.83634],[8.67305,46.8363],[8.67331,46.83622],[8.67354,46.83611],[8.67358,46.83608],[8.67362,46.83606],[8.67386,46.8359],[8.67449,46.8354],[8.67488,46.83524],[8.67543,46.83513],[8.67631,46.83498],[8.67725,46.83495],[8.67782,46.83501],[8.67889,46.83489],[8.67943,46.83497],[8.67989,46.83497],[8.68013,46.83492],[8.68052,46.83476],[8.68089,46.83443],[8.68134,46.83408],[8.68168,46.83377],[8.68188,46.83365],[8.68242,46.83344],[8.6826,46.83331],[8.68284,46.83301],[8.68289,46.83284],[8.68285,46.83249],[8.68222,46.83157],[8.68216,46.83106],[8.68235,46.83075],[8.68269,46.83051],[8.68406,46.83006],[8.68547,46.82974],[8.6864,46.82963],[8.68716,46.82969],[8.68746,46.82966],[8.68779,46.82959],[8.68796,46.82955],[8.68826,46.82947],[8.6886,46.82939],[8.69004,46.82918],[8.69152,46.82909],[8.69204,46.82912],[8.69301,46.82942],[8.69333,46.8295],[8.69365,46.82954],[8.69371,46.82955],[8.69401,46.82959],[8.69433,46.82966],[8.69459,46.82971],[8.69499,46.82977],[8.696,46.83],[8.697,46.83039],[8.69768,46.83082],[8.69813,46.83095],[8.69933,46.83097],[8.69988,46.83109],[8.70042,46.83114],[8.70076,46.8312],[8.70102,46.83121],[8.70193,46.83117],[8.70225,46.83112],[8.70252,46.83105],[8.70302,46.83081],[8.70355,46.83071],[8.70386,46.83072],[8.7043,46.8308],[8.70457,46.83087],[8.70495,46.83106],[8.70603,46.83202],[8.70636,46.83288],[8.70701,46.83389],[8.70762,46.83417],[8.70811,46.83421],[8.71078,46.83394],[8.71135,46.83396],[8.7118,46.83412],[8.71214,46.83438],[8.71228,46.83458],[8.7124,46.83481],[8.71255,46.83507],[8.71261,46.83524],[8.71262,46.83541],[8.71248,46.836],[8.71261,46.83634],[8.71312,46.83685],[8.71324,46.8371],[8.71334,46.83728],[8.71347,46.83746],[8.71356,46.83756],[8.7138,46.8378],[8.71398,46.8383],[8.71376,46.83894],[8.71367,46.83909],[8.71263,46.84061],[8.71189,46.8421],[8.71192,46.84256],[8.71207,46.84293],[8.71256,46.84349],[8.71258,46.84406],[8.71271,46.84438],[8.71299,46.84465],[8.71401,46.84512],[8.71425,46.84541],[8.71431,46.84574],[8.71419,46.84607],[8.7138,46.84654],[8.71353,46.84709],[8.71277,46.84753],[8.71262,46.84764],[8.71227,46.84789],[8.71223,46.84791],[8.71199,46.84803],[8.71147,46.84817],[8.71082,46.84847],[8.70897,46.84887],[8.70769,46.84922],[8.70733,46.8493],[8.70555,46.84953],[8.70481,46.84966],[8.7045,46.8497],[8.70425,46.84969],[8.70394,46.84965],[8.70315,46.84947],[8.70279,46.84942],[8.70255,46.84943],[8.70212,46.84952],[8.7015,46.8498],[8.70076,46.84988],[8.70029,46.84978],[8.69911,46.84931],[8.69803,46.84923],[8.6975,46.84932],[8.697,46.84952],[8.69571,46.84966],[8.69531,46.84988],[8.69488,46.85032],[8.69452,46.85053],[8.69426,46.85061],[8.69385,46.85071],[8.69361,46.85075],[8.69324,46.8508],[8.69266,46.85078],[8.69222,46.85068],[8.69168,46.8507],[8.69078,46.85093],[8.69055,46.851],[8.69034,46.8511],[8.69017,46.85122],[8.68993,46.85152],[8.68986,46.85196],[8.69002,46.85293],[8.69015,46.85331],[8.69019,46.85353],[8.69011,46.85388],[8.68984,46.85418],[8.68964,46.85429],[8.68916,46.8545],[8.68885,46.85476],[8.68862,46.85526],[8.68847,46.85607],[8.68787,46.85673],[8.68778,46.85685],[8.68746,46.85735],[8.68724,46.85773],[8.68708,46.85794],[8.6867,46.8582],[8.68616,46.85834],[8.68537,46.85827],[8.68471,46.85801],[8.68418,46.85797],[8.68368,46.85808],[8.68254,46.85874],[8.68224,46.859],[8.68181,46.85961],[8.68158,46.8603],[8.68157,46.86077],[8.68138,46.86112],[8.68118,46.86131],[8.68096,46.86144],[8.68091,46.86147],[8.68057,46.86161],[8.67984,46.86179],[8.67942,46.86197],[8.67863,46.86293],[8.67798,46.86336],[8.6777,46.86372],[8.67705,46.86402],[8.67649,46.86405],[8.67602,46.86395],[8.67475,46.8634],[8.67426,46.86329],[8.67374,46.86332],[8.67329,46.86348],[8.67275,46.86377],[8.67231,46.86388],[8.67162,46.86393],[8.6702,46.86438],[8.66975,46.86447],[8.66835,46.86478],[8.66832,46.86478],[8.66789,46.86489],[8.66769,46.86495],[8.66752,46.86502],[8.66677,46.86539],[8.66617,46.86574],[8.66536,46.86622],[8.66469,46.86646],[8.66432,46.86669],[8.66397,46.86687],[8.66374,46.86697],[8.6633,46.86711],[8.6629,46.86721],[8.66244,46.86745],[8.66212,46.8677],[8.66172,46.86834],[8.66139,46.86897],[8.66099,46.86944],[8.66061,46.86966],[8.65989,46.86982],[8.65946,46.87004],[8.65862,46.87083],[8.65807,46.87108],[8.65754,46.87141],[8.65743,46.87148],[8.65738,46.87151],[8.65734,46.87154],[8.65726,46.8716],[8.6572,46.87164],[8.65715,46.87168],[8.65697,46.87185],[8.65696,46.87186],[8.65688,46.87193],[8.65666,46.87209],[8.65624,46.87226],[8.656,46.8723],[8.6555,46.87229],[8.65527,46.87223],[8.655,46.87213],[8.65385,46.87157],[8.65334,46.87135],[8.6528,46.87114],[8.65274,46.87111],[8.65222,46.87093],[8.65219,46.87092],[8.65125,46.87061],[8.65119,46.87058],[8.6511,46.87055],[8.65106,46.87054],[8.65101,46.87052],[8.65097,46.8705],[8.65087,46.87046],[8.65083,46.87044],[8.65077,46.87042],[8.65074,46.8704],[8.64782,46.86909],[8.64467,46.86767],[8.64004,46.86558],[8.63665,46.86405],[8.63607,46.86383],[8.63493,46.86354],[8.63439,46.8632],[8.63422,46.86288],[8.63438,46.86228]]]},"properties":{"bfs_nr":1213,"name":"Schattdorf"}},{"type":"Feature","geometry":{"type":"MultiPolygon","coordinates":[[[[8.55232,46.84988],[8.55309,46.84939],[8.55376,46.84907],[8.55408,46.84888],[8.55463,46.84853],[8.55497,46.84839],[8.55533,46.8483],[8.55561,46.84825],[8.55583,46.84819],[8.55621,46.848],[8.55668,46.8476],[8.55712,46.84743],[8.55783,46.84729],[8.55845,46.84708],[8.55876,46.84703],[8.55925,46.84706],[8.55969,46.8472],[8.56014,46.84751],[8.56062,46.84781],[8.56083,46.84792],[8.561,46.84799],[8.5612,46.84807],[8.5617,46.8483],[8.56192,46.84836],[8.56512,46.84907],[8.56534,46.84913],[8.56553,46.84919],[8.56569,46.84924],[8.56593,46.84934],[8.56602,46.84937],[8.56631,46.84951],[8.56638,46.84953],[8.56671,46.84966],[8.56675,46.84968],[8.5671,46.8498],[8.56778,46.85015],[8.57003,46.85116],[8.57159,46.85167],[8.57248,46.85202],[8.57417,46.85292],[8.57444,46.85322],[8.57462,46.85364],[8.57475,46.85379],[8.57564,46.85446],[8.57617,46.85522],[8.57625,46.8553],[8.57635,46.8554],[8.57652,46.85554],[8.57663,46.85562],[8.57683,46.85575],[8.57696,46.85583],[8.57762,46.85621],[8.57786,46.85639],[8.57815,46.85675],[8.57848,46.85702],[8.57878,46.85765],[8.57892,46.85783],[8.57917,46.85809],[8.57936,46.85823],[8.58061,46.85898],[8.58122,46.85919],[8.58214,46.85979],[8.58262,46.86026],[8.58383,46.86106],[8.58437,46.86127],[8.58518,46.86183],[8.58595,46.86205],[8.5862,46.86217],[8.58651,46.86242],[8.58684,46.8629],[8.58725,46.86314],[8.58785,46.86329],[8.58818,46.86336],[8.58833,46.86337],[8.58858,46.86343],[8.5896,46.86371],[8.58982,46.86383],[8.59024,46.86415],[8.59071,46.86437],[8.59089,46.86451],[8.59114,46.86477],[8.59134,46.86493],[8.59184,46.86524],[8.59243,46.86551],[8.59334,46.86609],[8.59439,46.86669],[8.59464,46.86733],[8.59471,46.86747],[8.59495,46.86787],[8.59583,46.86895],[8.59602,46.86909],[8.59637,46.86925],[8.5967,46.86949],[8.59682,46.86963],[8.59697,46.87005],[8.59706,46.87022],[8.59714,46.87035],[8.59718,46.87041],[8.5974,46.87061],[8.59766,46.87083],[8.59791,46.87125],[8.59801,46.87138],[8.59815,46.87149],[8.59881,46.87196],[8.59904,46.87221],[8.59971,46.87278],[8.60054,46.8733],[8.6013,46.87356],[8.60167,46.87383],[8.60248,46.87495],[8.60306,46.87538],[8.60351,46.87578],[8.60375,46.87591],[8.60385,46.87595],[8.60411,46.87603],[8.6044,46.8761],[8.60461,46.87618],[8.60523,46.87676],[8.60581,46.87705],[8.60644,46.87713],[8.60678,46.87716],[8.60691,46.87717],[8.60744,46.87717],[8.60769,46.87716],[8.60832,46.87708],[8.60836,46.87708],[8.60907,46.87697],[8.60913,46.87697],[8.60983,46.87685],[8.6099,46.87683],[8.61058,46.87669],[8.61065,46.87667],[8.61173,46.87639],[8.61244,46.87629],[8.61414,46.87619],[8.61423,46.87618],[8.61492,46.87617],[8.61503,46.87617],[8.61545,46.87617],[8.61555,46.87617],[8.61681,46.87624],[8.61729,46.87629],[8.61785,46.87636],[8.61795,46.87637],[8.61863,46.87643],[8.61883,46.87643],[8.61931,46.87642],[8.61967,46.87643],[8.62042,46.87651],[8.62068,46.87655],[8.62092,46.87662],[8.62179,46.87693],[8.62356,46.8777],[8.62394,46.87815],[8.62395,46.8785],[8.62387,46.87872],[8.62244,46.88122],[8.62053,46.88464],[8.61996,46.88598],[8.6199,46.88609],[8.61947,46.88683],[8.6194,46.88695],[8.61875,46.88783],[8.6181,46.88887],[8.61808,46.88891],[8.61755,46.88989],[8.61754,46.8899],[8.61642,46.8919],[8.61636,46.89198],[8.61603,46.89248],[8.61557,46.89327],[8.61443,46.89543],[8.61125,46.90103],[8.60773,46.90717],[8.60766,46.90734],[8.60764,46.90751],[8.60771,46.91068],[8.60761,46.91106],[8.60714,46.91147],[8.60667,46.91161],[8.60635,46.91163],[8.59239,46.91178],[8.5921,46.91176],[8.59172,46.91171],[8.59147,46.91164],[8.59123,46.9116],[8.59074,46.9116],[8.5899,46.91177],[8.58893,46.91173],[8.58848,46.91159],[8.58815,46.91135],[8.58796,46.91104],[8.58788,46.9105],[8.58765,46.9102],[8.58672,46.90955],[8.58651,46.90946],[8.58598,46.90927],[8.58546,46.90906],[8.58522,46.90895],[8.58509,46.90888],[8.5843,46.90848],[8.58324,46.90804],[8.58265,46.90739],[8.58177,46.90668],[8.58072,46.90612],[8.57918,46.90568],[8.57807,46.90524],[8.57761,46.90482],[8.57759,46.90413],[8.57748,46.90381],[8.57719,46.90352],[8.57703,46.90342],[8.57673,46.90327],[8.57578,46.90291],[8.5754,46.90259],[8.57502,46.90213],[8.57395,46.90128],[8.57332,46.9009],[8.57288,46.90067],[8.57258,46.90048],[8.57202,46.90005],[8.5713,46.89962],[8.57092,46.89923],[8.57037,46.89888],[8.56973,46.89814],[8.56961,46.89794],[8.56956,46.89777],[8.5696,46.89743],[8.56983,46.89712],[8.57001,46.897],[8.57026,46.89687],[8.57067,46.89673],[8.57125,46.89657],[8.5716,46.89635],[8.57173,46.89621],[8.57176,46.89617],[8.57186,46.89601],[8.5719,46.89585],[8.57212,46.89498],[8.57214,46.89463],[8.57198,46.89431],[8.57165,46.89405],[8.57075,46.89382],[8.57051,46.89373],[8.57025,46.89358],[8.57004,46.89342],[8.56993,46.89334],[8.56958,46.89305],[8.56933,46.89275],[8.56926,46.89257],[8.56918,46.89222],[8.56895,46.89141],[8.56891,46.8913],[8.56843,46.89032],[8.56841,46.89027],[8.56824,46.88988],[8.56818,46.88967],[8.56818,46.8895],[8.56822,46.88933],[8.56832,46.88917],[8.56849,46.88899],[8.5687,46.88878],[8.5688,46.88861],[8.56884,46.88826],[8.56845,46.88747],[8.56853,46.88713],[8.56896,46.88672],[8.5694,46.88657],[8.56998,46.8865],[8.57043,46.88634],[8.57075,46.88608],[8.57093,46.88577],[8.57131,46.88543],[8.57226,46.88488],[8.57296,46.88459],[8.57345,46.88425],[8.57423,46.88403],[8.57656,46.88387],[8.57703,46.88377],[8.57756,46.88343],[8.57773,46.88311],[8.57768,46.88268],[8.57769,46.88227],[8.57767,46.88204],[8.57768,46.88168],[8.57772,46.88142],[8.57778,46.88124],[8.57788,46.88078],[8.57794,46.88029],[8.57798,46.88007],[8.578,46.87989],[8.57799,46.87976],[8.57797,46.87964],[8.57792,46.87946],[8.57785,46.8793],[8.57742,46.87891],[8.57689,46.87861],[8.57667,46.87833],[8.57573,46.8775],[8.57557,46.87732],[8.57545,46.877],[8.57557,46.87623],[8.57547,46.8759],[8.5746,46.87503],[8.57435,46.87469],[8.574,46.87437],[8.57378,46.87419],[8.57358,46.8739],[8.57346,46.87337],[8.573,46.87253],[8.57262,46.87222],[8.57211,46.87203],[8.57096,46.87179],[8.57066,46.87176],[8.56963,46.87184],[8.56922,46.87184],[8.56868,46.87179],[8.56791,46.8715],[8.56764,46.87131],[8.56628,46.87048],[8.56598,46.87034],[8.56587,46.8703],[8.56507,46.87],[8.56391,46.86948],[8.56366,46.86935],[8.56334,46.86914],[8.5631,46.86895],[8.56278,46.86858],[8.56173,46.86773],[8.5616,46.86764],[8.56144,46.86756],[8.56135,46.86751],[8.5611,46.86743],[8.56089,46.86737],[8.56088,46.86737],[8.56055,46.86728],[8.56034,46.8672],[8.56001,46.86695],[8.55984,46.86665],[8.55979,46.86619],[8.55967,46.86579],[8.55961,46.86564],[8.55955,46.86553],[8.55941,46.86535],[8.55922,46.86519],[8.55888,46.86498],[8.55869,46.86483],[8.55855,46.86467],[8.55838,46.86445],[8.55825,46.86424],[8.55818,46.8639],[8.55822,46.86367],[8.55831,46.86349],[8.55864,46.86309],[8.55877,46.8624],[8.55862,46.86149],[8.55866,46.86102],[8.55859,46.86074],[8.55836,46.86044],[8.55819,46.86032],[8.558,46.86021],[8.55789,46.86015],[8.55753,46.85999],[8.55728,46.85981],[8.55714,46.85968],[8.55701,46.85954],[8.55669,46.85904],[8.5564,46.85876],[8.55604,46.85791],[8.55588,46.85773],[8.55574,46.85761],[8.55561,46.85743],[8.55527,46.85685],[8.55515,46.8567],[8.55463,46.85615],[8.55457,46.85608],[8.55394,46.85553],[8.5537,46.85526],[8.55335,46.85472],[8.5532,46.85438],[8.55316,46.85421],[8.55314,46.85396],[8.5532,46.85372],[8.55322,46.85369],[8.55334,46.85348],[8.55348,46.85334],[8.55387,46.85304],[8.55399,46.85288],[8.55406,46.85271],[8.55408,46.85254],[8.55406,46.85236],[8.55398,46.85219],[8.55386,46.85204],[8.55369,46.8519],[8.55323,46.85167],[8.55305,46.85157],[8.55294,46.85151],[8.55268,46.85131],[8.55261,46.85125],[8.55227,46.85099],[8.55202,46.85053],[8.55207,46.8502],[8.55232,46.84988]]],[[[8.55655,46.92213],[8.5567,46.92199],[8.55708,46.92177],[8.55756,46.92167],[8.55787,46.92167],[8.55829,46.92169],[8.55838,46.92169],[8.55899,46.92169],[8.55932,46.92167],[8.55971,46.9216],[8.56064,46.92162],[8.56091,46.92159],[8.56117,46.92151],[8.56139,46.9214],[8.56152,46.92132],[8.56154,46.92132],[8.56221,46.92089],[8.56231,46.92083],[8.5625,46.92071],[8.5627,46.92062],[8.56293,46.92055],[8.56317,46.92052],[8.56342,46.92047],[8.56363,46.92041],[8.56381,46.92034],[8.56449,46.92001],[8.56501,46.91994],[8.56548,46.91996],[8.56571,46.91993],[8.56594,46.91988],[8.56615,46.91979],[8.56648,46.91956],[8.56715,46.91865],[8.56741,46.91826],[8.56774,46.91802],[8.56795,46.91793],[8.56843,46.91784],[8.56897,46.91789],[8.57043,46.91821],[8.57094,46.91838],[8.57214,46.91893],[8.57272,46.91906],[8.57402,46.91967],[8.57432,46.91973],[8.57482,46.9198],[8.57496,46.91982],[8.57542,46.91985],[8.57586,46.92],[8.57609,46.92014],[8.5763,46.92031],[8.57651,46.92049],[8.57672,46.92072],[8.57719,46.92136],[8.57751,46.92159],[8.57793,46.92174],[8.57895,46.92191],[8.57919,46.92203],[8.57933,46.92212],[8.57954,46.92222],[8.5801,46.92245],[8.5803,46.92251],[8.58097,46.9227],[8.58152,46.92277],[8.58236,46.92277],[8.58328,46.9226],[8.58387,46.92259],[8.58492,46.92287],[8.5855,46.92289],[8.586,46.92277],[8.58769,46.92187],[8.58788,46.92174],[8.58804,46.9216],[8.58814,46.92143],[8.5882,46.92125],[8.5882,46.92107],[8.58804,46.92054],[8.58781,46.92003],[8.58781,46.91985],[8.58786,46.91967],[8.58798,46.91947],[8.58814,46.91927],[8.58828,46.91912],[8.58858,46.91866],[8.58873,46.91851],[8.58914,46.91829],[8.5897,46.91813],[8.59021,46.91786],[8.59044,46.91779],[8.59095,46.91774],[8.5912,46.91776],[8.59144,46.91782],[8.59261,46.91825],[8.59315,46.91828],[8.59341,46.91824],[8.59366,46.91816],[8.59369,46.91814],[8.59479,46.91776],[8.59552,46.91745],[8.59609,46.91737],[8.60619,46.91727],[8.60699,46.91741],[8.60748,46.91781],[8.60758,46.91815],[8.60749,46.91849],[8.60735,46.91869],[8.59869,46.92796],[8.5957,46.93118],[8.59557,46.93135],[8.5955,46.93154],[8.59549,46.93173],[8.59555,46.93192],[8.6001,46.94223],[8.60016,46.94245],[8.59999,46.94298],[8.59963,46.94326],[8.59915,46.94341],[8.59881,46.94343],[8.58508,46.94357],[8.58475,46.94355],[8.58428,46.94342],[8.58379,46.94302],[8.58361,46.94268],[8.5833,46.94241],[8.58262,46.94221],[8.58144,46.94228],[8.58118,46.94226],[8.5811,46.94225],[8.58086,46.94222],[8.5808,46.94221],[8.58064,46.9422],[8.58029,46.9422],[8.57983,46.94224],[8.57957,46.94225],[8.57931,46.94223],[8.57922,46.94222],[8.57876,46.94215],[8.57852,46.9421],[8.57846,46.94208],[8.57833,46.94205],[8.57816,46.94202],[8.57813,46.94202],[8.57714,46.94185],[8.57633,46.94187],[8.57561,46.94179],[8.57507,46.94146],[8.57485,46.94112],[8.57435,46.94054],[8.57397,46.9403],[8.57349,46.94019],[8.57298,46.9402],[8.57246,46.94034],[8.57213,46.94039],[8.57187,46.9404],[8.57136,46.94029],[8.57095,46.94006],[8.57068,46.93955],[8.57064,46.93907],[8.57002,46.93758],[8.56979,46.93727],[8.56942,46.93705],[8.56895,46.93694],[8.56778,46.93682],[8.56754,46.93681],[8.56673,46.93691],[8.56564,46.93687],[8.56521,46.9369],[8.56475,46.93699],[8.56425,46.93698],[8.56365,46.9368],[8.56274,46.93674],[8.56246,46.93679],[8.56215,46.93687],[8.56185,46.93693],[8.56141,46.93699],[8.56108,46.93701],[8.56037,46.93696],[8.55965,46.93708],[8.55879,46.93737],[8.5585,46.93745],[8.55824,46.93748],[8.55774,46.93743],[8.55751,46.93736],[8.55699,46.93698],[8.55686,46.93647],[8.55702,46.93607],[8.55717,46.93584],[8.55734,46.93569],[8.55762,46.93553],[8.56247,46.93328],[8.56265,46.93318],[8.56281,46.93305],[8.56293,46.93291],[8.563,46.93276],[8.56304,46.93259],[8.56303,46.93243],[8.56293,46.93186],[8.56292,46.93164],[8.56297,46.93148],[8.56331,46.93091],[8.56335,46.93074],[8.56334,46.93056],[8.56328,46.9304],[8.56318,46.93024],[8.56304,46.9301],[8.56236,46.92955],[8.56216,46.92934],[8.56203,46.92911],[8.56118,46.92687],[8.56074,46.9264],[8.55885,46.92533],[8.55861,46.92516],[8.55846,46.925],[8.55823,46.92446],[8.55805,46.92418],[8.55791,46.92405],[8.55678,46.92323],[8.55646,46.92287],[8.55639,46.9225],[8.55655,46.92213]]]]},"properties":{"bfs_nr":1214,"name":"Seedorf (UR)"}},{"type":"Feature","geometry":{"type":"Polygon","coordinates":[[[8.54407,46.92927],[8.54403,46.92888],[8.54424,46.92834],[8.54461,46.92806],[8.5449,46.92794],[8.54544,46.92778],[8.54572,46.92771],[8.54596,46.92769],[8.54685,46.92774],[8.54732,46.92766],[8.5487,46.92727],[8.55014,46.92716],[8.55067,46.92716],[8.5512,46.92729],[8.55173,46.92731],[8.55251,46.92721],[8.55311,46.92693],[8.55334,46.92664],[8.55335,46.92597],[8.55349,46.9256],[8.55411,46.92464],[8.55461,46.92348],[8.55491,46.92319],[8.55559,46.92295],[8.55634,46.92302],[8.55681,46.92325],[8.55805,46.92418],[8.55824,46.9245],[8.55845,46.925],[8.5586,46.92516],[8.5588,46.9253],[8.56069,46.92637],[8.56119,46.92691],[8.56205,46.92916],[8.56215,46.92934],[8.56232,46.92951],[8.563,46.93006],[8.56318,46.93024],[8.56333,46.93057],[8.5633,46.93091],[8.56296,46.93148],[8.56292,46.93164],[8.56293,46.93182],[8.56303,46.93239],[8.56304,46.93259],[8.56292,46.93291],[8.56265,46.93318],[8.56242,46.93331],[8.55756,46.93555],[8.55734,46.93568],[8.55716,46.93584],[8.55705,46.93602],[8.55691,46.9363],[8.55686,46.93647],[8.55699,46.93699],[8.5573,46.93726],[8.55751,46.93736],[8.55774,46.93743],[8.55824,46.93748],[8.5585,46.93745],[8.55874,46.93739],[8.55959,46.9371],[8.56021,46.937],[8.56089,46.93705],[8.56111,46.93703],[8.5619,46.93692],[8.56255,46.93679],[8.56306,46.93681],[8.56388,46.93707],[8.56469,46.93707],[8.56519,46.93692],[8.56576,46.93688],[8.56673,46.93691],[8.56754,46.93682],[8.56784,46.93683],[8.56888,46.93693],[8.56942,46.93705],[8.56979,46.93728],[8.57004,46.93762],[8.57061,46.939],[8.57067,46.93965],[8.57086,46.93999],[8.57122,46.94025],[8.5717,46.94039],[8.57196,46.94041],[8.57223,46.94039],[8.57308,46.94023],[8.57386,46.94033],[8.57426,46.94057],[8.57475,46.94104],[8.57502,46.94147],[8.57557,46.94184],[8.57606,46.94195],[8.57704,46.94186],[8.57739,46.94189],[8.57813,46.94202],[8.57817,46.94202],[8.5783,46.94205],[8.57849,46.94209],[8.57856,46.94211],[8.57872,46.94214],[8.57923,46.94222],[8.5793,46.94223],[8.57936,46.94224],[8.57957,46.94226],[8.57978,46.94225],[8.58021,46.94221],[8.58073,46.94221],[8.58088,46.94222],[8.58109,46.94225],[8.58123,46.94227],[8.58144,46.94228],[8.5823,46.94225],[8.58302,46.94245],[8.58335,46.94272],[8.58362,46.94317],[8.58396,46.94341],[8.58441,46.94355],[8.58493,46.94357],[8.59957,46.94343],[8.60011,46.94349],[8.60052,46.94365],[8.60093,46.9441],[8.60432,46.95179],[8.60439,46.95215],[8.60352,46.96842],[8.60347,46.96868],[8.60127,46.97501],[8.60128,46.97546],[8.60404,46.9821],[8.60409,46.98257],[8.60323,46.98646],[8.60316,46.98665],[8.60271,46.98708],[8.59739,46.99007],[8.59685,46.99027],[8.58294,46.9933],[8.58193,46.99326],[8.57225,46.9905],[8.57178,46.99029],[8.5715,46.99002],[8.57139,46.98969],[8.57148,46.98932],[8.57421,46.98394],[8.57463,46.98344],[8.57475,46.98293],[8.57453,46.98244],[8.57403,46.98176],[8.57341,46.98114],[8.57268,46.98009],[8.57161,46.97943],[8.57093,46.97863],[8.5704,46.97811],[8.5697,46.97698],[8.56905,46.9762],[8.56834,46.97552],[8.5677,46.97522],[8.56712,46.97474],[8.56664,46.97452],[8.56581,46.97429],[8.56291,46.97315],[8.56258,46.97287],[8.56245,46.97252],[8.56262,46.97161],[8.56298,46.97046],[8.56289,46.96988],[8.5623,46.96912],[8.56209,46.96866],[8.56136,46.96784],[8.56022,46.96574],[8.55938,46.96534],[8.55906,46.96509],[8.55848,46.9642],[8.55807,46.96395],[8.55659,46.96348],[8.55572,46.96327],[8.5553,46.96305],[8.555,46.96255],[8.55512,46.96153],[8.55529,46.96117],[8.55578,46.96069],[8.5561,46.95991],[8.55608,46.95958],[8.55586,46.95902],[8.55566,46.95666],[8.55583,46.95561],[8.55588,46.95477],[8.55584,46.954],[8.55567,46.9535],[8.55559,46.95255],[8.55574,46.95123],[8.55683,46.94871],[8.55711,46.94736],[8.55648,46.94643],[8.55646,46.94592],[8.55672,46.94545],[8.55673,46.94513],[8.5563,46.94433],[8.55641,46.94376],[8.55633,46.94317],[8.55612,46.94258],[8.55578,46.94213],[8.55571,46.94174],[8.55599,46.94121],[8.55654,46.94089],[8.55682,46.94059],[8.55692,46.94025],[8.55681,46.93991],[8.55652,46.93962],[8.55609,46.93942],[8.55498,46.93939],[8.55412,46.93925],[8.55228,46.93924],[8.55052,46.93931],[8.55,46.93927],[8.54915,46.93887],[8.54865,46.93875],[8.54812,46.93878],[8.54635,46.93911],[8.54556,46.9391],[8.54495,46.93882],[8.54466,46.93836],[8.5447,46.93798],[8.54498,46.93725],[8.54538,46.93653],[8.54576,46.9361],[8.54621,46.93589],[8.54685,46.93575],[8.54725,46.93553],[8.5475,46.93522],[8.54759,46.93483],[8.54736,46.93389],[8.54704,46.93346],[8.54696,46.9331],[8.5471,46.93237],[8.54691,46.93205],[8.54577,46.93091],[8.54541,46.93039],[8.54452,46.92981],[8.54407,46.92927]]]},"properties":{"bfs_nr":1215,"name":"Seelisberg"}},{"type":"Feature","geometry":{"type":"Polygon","coordinates":[[[8.64639,46.75463],[8.64539,46.75419],[8.64514,46.75406],[8.64493,46.75389],[8.6449,46.75386],[8.64475,46.75369],[8.64464,46.75339],[8.64466,46.75298],[8.64472,46.75275],[8.64492,46.7522],[8.64516,46.75185],[8.64554,46.75161],[8.64577,46.75154],[8.64608,46.75149],[8.64636,46.75146],[8.64659,46.75142],[8.6477,46.75116],[8.6491,46.75077],[8.6498,46.75037],[8.65052,46.75017],[8.6514,46.74989],[8.65251,46.74943],[8.65294,46.74931],[8.65324,46.74928],[8.65349,46.74929],[8.6541,46.74938],[8.65433,46.74938],[8.65455,46.74935],[8.65497,46.74927],[8.65555,46.74918],[8.65645,46.74896],[8.65686,46.74875],[8.65716,46.74864],[8.65746,46.74856],[8.658,46.74845],[8.6586,46.7483],[8.65946,46.74804],[8.65998,46.74806],[8.66053,46.74819],[8.66108,46.74823],[8.66216,46.74823],[8.66267,46.7481],[8.66318,46.74783],[8.66401,46.74751],[8.66438,46.7472],[8.66472,46.74675],[8.66584,46.7461],[8.66661,46.74593],[8.66715,46.74561],[8.66749,46.74516],[8.66797,46.74483],[8.66831,46.74454],[8.66844,46.74441],[8.66867,46.7441],[8.66922,46.74376],[8.66985,46.74357],[8.67003,46.74349],[8.67043,46.74324],[8.67086,46.74295],[8.67107,46.74283],[8.67237,46.74222],[8.67291,46.74189],[8.67391,46.74168],[8.67473,46.74134],[8.67541,46.7407],[8.68079,46.73727],[8.68118,46.73705],[8.6814,46.7369],[8.68167,46.73665],[8.68179,46.73652],[8.68188,46.73638],[8.68193,46.73623],[8.68217,46.73507],[8.6822,46.73485],[8.68251,46.73434],[8.68259,46.73421],[8.68263,46.73406],[8.68267,46.73387],[8.68268,46.73374],[8.68265,46.73339],[8.68278,46.73308],[8.68325,46.73253],[8.68347,46.73234],[8.68385,46.73209],[8.68402,46.73195],[8.68517,46.73078],[8.68529,46.73063],[8.68536,46.73046],[8.6855,46.72946],[8.68555,46.72869],[8.68527,46.7282],[8.68462,46.72785],[8.68441,46.7277],[8.68427,46.72759],[8.68406,46.72736],[8.68385,46.72709],[8.68343,46.72683],[8.6832,46.72675],[8.68298,46.7267],[8.68196,46.72659],[8.68171,46.72652],[8.68062,46.72597],[8.68007,46.7256],[8.67939,46.72501],[8.67914,46.72471],[8.67908,46.72436],[8.67922,46.72402],[8.67939,46.72384],[8.68021,46.72313],[8.68033,46.723],[8.68086,46.72232],[8.68144,46.72182],[8.68202,46.72109],[8.68239,46.72081],[8.68331,46.72057],[8.68372,46.72033],[8.68386,46.72018],[8.68396,46.72001],[8.684,46.71983],[8.68405,46.71919],[8.68407,46.71906],[8.68424,46.71832],[8.68421,46.71796],[8.68403,46.71759],[8.68397,46.71686],[8.68409,46.71655],[8.68434,46.71626],[8.68471,46.716],[8.68486,46.71588],[8.68498,46.71574],[8.68511,46.71544],[8.68504,46.71472],[8.68498,46.71441],[8.68493,46.71427],[8.68479,46.71396],[8.68468,46.71379],[8.68417,46.71338],[8.68393,46.71298],[8.68402,46.71237],[8.68441,46.71196],[8.68478,46.71137],[8.68544,46.71101],[8.68572,46.71073],[8.68612,46.70978],[8.687,46.70901],[8.68799,46.70865],[8.6882,46.70855],[8.68837,46.70842],[8.6885,46.70827],[8.68861,46.70811],[8.68865,46.70804],[8.68869,46.70797],[8.68877,46.70783],[8.68888,46.70769],[8.68982,46.70693],[8.69069,46.70658],[8.69149,46.70628],[8.69214,46.70608],[8.6925,46.70586],[8.69287,46.70541],[8.69326,46.7051],[8.69346,46.70461],[8.69336,46.70428],[8.69312,46.70388],[8.69304,46.70369],[8.69301,46.70353],[8.69302,46.70334],[8.69309,46.70314],[8.69333,46.70285],[8.69371,46.70264],[8.69418,46.70254],[8.69466,46.70256],[8.6958,46.70286],[8.69647,46.70286],[8.69757,46.70311],[8.69833,46.70339],[8.69884,46.70349],[8.70029,46.70354],[8.70118,46.70336],[8.70243,46.70275],[8.70301,46.70261],[8.70394,46.70213],[8.70451,46.70141],[8.7051,46.70088],[8.70785,46.69952],[8.70862,46.69933],[8.70913,46.69939],[8.70973,46.6997],[8.71013,46.70005],[8.71058,46.7002],[8.71128,46.70027],[8.71292,46.70079],[8.71533,46.70167],[8.71637,46.70233],[8.71705,46.70267],[8.71732,46.70297],[8.71761,46.70394],[8.71747,46.70456],[8.71741,46.7053],[8.71751,46.70559],[8.71788,46.70601],[8.71828,46.70618],[8.71945,46.70652],[8.71992,46.70676],[8.72046,46.70687],[8.7224,46.70674],[8.72315,46.70684],[8.72412,46.70672],[8.72474,46.70671],[8.72584,46.70684],[8.72634,46.70696],[8.7276,46.70746],[8.72823,46.70796],[8.72972,46.7088],[8.73012,46.70931],[8.73106,46.71005],[8.73149,46.71052],[8.73222,46.71095],[8.7329,46.71158],[8.73329,46.71185],[8.73426,46.71227],[8.73544,46.7131],[8.73729,46.71397],[8.73772,46.7141],[8.74041,46.71454],[8.7411,46.71479],[8.74196,46.71535],[8.74272,46.71573],[8.74335,46.71628],[8.74433,46.71672],[8.74546,46.71707],[8.74616,46.71765],[8.74728,46.71822],[8.74768,46.7186],[8.74893,46.72053],[8.74907,46.72097],[8.74906,46.72175],[8.74891,46.72205],[8.74833,46.72261],[8.74455,46.72865],[8.74448,46.72934],[8.74478,46.73024],[8.74522,46.73115],[8.74523,46.73158],[8.74553,46.73207],[8.74721,46.73347],[8.74756,46.73464],[8.74777,46.73504],[8.74785,46.73552],[8.74806,46.73585],[8.74844,46.73609],[8.74952,46.7364],[8.74991,46.73663],[8.75085,46.73738],[8.75129,46.73761],[8.75264,46.73803],[8.75322,46.73834],[8.75612,46.74067],[8.75676,46.74108],[8.75779,46.74154],[8.75871,46.74174],[8.76086,46.74285],[8.76226,46.74336],[8.76348,46.74374],[8.76447,46.74411],[8.76516,46.74446],[8.76601,46.74473],[8.76647,46.74476],[8.76748,46.74467],[8.76868,46.74437],[8.76907,46.74413],[8.76934,46.74362],[8.76947,46.74263],[8.76967,46.74201],[8.7697,46.74164],[8.76957,46.74095],[8.76992,46.74051],[8.7706,46.74025],[8.77158,46.74018],[8.77231,46.74],[8.77276,46.73974],[8.77301,46.73948],[8.77328,46.73893],[8.77352,46.7379],[8.77372,46.73763],[8.77424,46.73721],[8.77493,46.73647],[8.77541,46.73605],[8.77559,46.73568],[8.77562,46.73512],[8.77583,46.73482],[8.77644,46.73429],[8.77656,46.73392],[8.77711,46.73287],[8.77778,46.73224],[8.77879,46.73181],[8.77944,46.73165],[8.78045,46.73116],[8.78072,46.73083],[8.78115,46.7299],[8.78158,46.72915],[8.78212,46.72881],[8.78261,46.72872],[8.7831,46.72876],[8.78429,46.72907],[8.78537,46.7294],[8.78611,46.72982],[8.78707,46.73007],[8.78898,46.73033],[8.79049,46.73078],[8.79145,46.73121],[8.79228,46.73137],[8.79328,46.73141],[8.79487,46.73169],[8.79622,46.73169],[8.79734,46.73163],[8.7996,46.73172],[8.80003,46.73184],[8.80067,46.73221],[8.80165,46.73266],[8.80315,46.73356],[8.80371,46.73403],[8.80473,46.73447],[8.80678,46.73503],[8.80748,46.73505],[8.80872,46.73528],[8.8092,46.73543],[8.81008,46.73597],[8.81064,46.73641],[8.81216,46.73717],[8.8125,46.73744],[8.81267,46.73778],[8.81261,46.73818],[8.81117,46.74157],[8.81049,46.74465],[8.81052,46.745],[8.81097,46.74572],[8.81129,46.74639],[8.81171,46.74691],[8.81205,46.74718],[8.81256,46.74741],[8.81287,46.74772],[8.81304,46.74823],[8.81372,46.74902],[8.81392,46.74936],[8.81408,46.75018],[8.81389,46.75114],[8.81375,46.75253],[8.81381,46.75287],[8.81412,46.75352],[8.81403,46.75395],[8.81413,46.75432],[8.81473,46.75547],[8.81546,46.75623],[8.81579,46.75674],[8.81621,46.75721],[8.817,46.75781],[8.8179,46.75815],[8.81829,46.75836],[8.81874,46.75908],[8.81878,46.75995],[8.81857,46.76046],[8.8183,46.76167],[8.81849,46.76221],[8.81898,46.76258],[8.82035,46.7631],[8.82135,46.76327],[8.82196,46.76345],[8.82232,46.7637],[8.82291,46.76448],[8.8237,46.76487],[8.82446,46.76533],[8.82493,46.76569],[8.82536,46.76587],[8.82585,46.76592],[8.82656,46.76578],[8.82766,46.76542],[8.82898,46.76492],[8.83076,46.76444],[8.83145,46.76443],[8.83193,46.76457],[8.83235,46.76489],[8.83288,46.76557],[8.83387,46.76632],[8.83423,46.76679],[8.83423,46.76712],[8.83404,46.76746],[8.83306,46.76857],[8.83269,46.76886],[8.83171,46.7694],[8.83135,46.76972],[8.8305,46.77095],[8.83037,46.77136],[8.83044,46.77318],[8.83035,46.77358],[8.82997,46.77423],[8.82988,46.77554],[8.82966,46.77611],[8.82929,46.77663],[8.82905,46.77742],[8.82819,46.77859],[8.82796,46.77918],[8.82796,46.77999],[8.82842,46.78091],[8.8289,46.78161],[8.82883,46.7823],[8.82893,46.78326],[8.8289,46.78353],[8.82843,46.7845],[8.82798,46.78529],[8.82773,46.78626],[8.82671,46.78718],[8.82656,46.7875],[8.82642,46.78818],[8.82651,46.78853],[8.82706,46.78934],[8.82724,46.78972],[8.82772,46.79163],[8.82802,46.79197],[8.8286,46.79222],[8.82924,46.79229],[8.83059,46.7926],[8.83172,46.79311],[8.83234,46.79368],[8.83281,46.79391],[8.83389,46.79485],[8.83452,46.79513],[8.83609,46.79525],[8.83734,46.79511],[8.83839,46.7951],[8.83906,46.7949],[8.84075,46.79393],[8.84124,46.79374],[8.843,46.79359],[8.84353,46.79366],[8.84498,46.7936],[8.84658,46.79348],[8.84706,46.79356],[8.84746,46.79376],[8.84779,46.79422],[8.84778,46.79456],[8.84738,46.79528],[8.84707,46.79623],[8.84705,46.79654],[8.84725,46.79708],[8.84722,46.79748],[8.84734,46.79782],[8.84763,46.7981],[8.84833,46.79846],[8.8492,46.79877],[8.85055,46.79908],[8.85157,46.79949],[8.85214,46.79963],[8.85252,46.79983],[8.85283,46.80016],[8.85408,46.80098],[8.85484,46.80142],[8.85528,46.80194],[8.85625,46.80248],[8.85726,46.80328],[8.85749,46.80383],[8.85781,46.80425],[8.85883,46.80482],[8.85964,46.80548],[8.86003,46.80571],[8.86057,46.80583],[8.86312,46.80604],[8.86473,46.80632],[8.8657,46.8066],[8.86621,46.80669],[8.86765,46.80662],[8.86851,46.80663],[8.86906,46.80671],[8.86947,46.80692],[8.87035,46.80753],[8.87136,46.80793],[8.87288,46.80826],[8.87373,46.80855],[8.87421,46.8089],[8.87487,46.81006],[8.87502,46.81047],[8.87549,46.81124],[8.87587,46.81159],[8.8763,46.81224],[8.87679,46.81278],[8.87693,46.81315],[8.87681,46.81357],[8.87596,46.81495],[8.87569,46.81564],[8.87578,46.81626],[8.87637,46.81702],[8.87987,46.81983],[8.88022,46.82039],[8.88158,46.82869],[8.88159,46.82889],[8.88132,46.82938],[8.87722,46.83336],[8.8759,46.83424],[8.87504,46.83469],[8.87458,46.83506],[8.87443,46.8354],[8.87444,46.8364],[8.87454,46.83708],[8.87439,46.83743],[8.87397,46.83786],[8.87374,46.83842],[8.87373,46.83883],[8.87392,46.8394],[8.87394,46.83981],[8.8736,46.84052],[8.87285,46.8414],[8.87208,46.84174],[8.87123,46.84201],[8.87091,46.84205],[8.87053,46.84207],[8.87029,46.84209],[8.86982,46.84218],[8.86956,46.84225],[8.86896,46.84245],[8.86877,46.84251],[8.86822,46.84265],[8.86798,46.8427],[8.86773,46.84272],[8.86721,46.84275],[8.86661,46.84281],[8.8661,46.8429],[8.8658,46.84291],[8.86544,46.84286],[8.86526,46.84281],[8.86504,46.84276],[8.86481,46.84269],[8.86465,46.84264],[8.86355,46.84241],[8.86327,46.84234],[8.86216,46.84197],[8.86197,46.84189],[8.86141,46.84165],[8.86119,46.84157],[8.86096,46.84152],[8.86056,46.84147],[8.86022,46.84145],[8.85928,46.84147],[8.85878,46.84135],[8.85787,46.84074],[8.85736,46.84055],[8.85671,46.84053],[8.85645,46.84058],[8.85621,46.84066],[8.856,46.84077],[8.85546,46.84113],[8.85528,46.84123],[8.85453,46.84162],[8.85363,46.84199],[8.85334,46.84209],[8.85309,46.84214],[8.85258,46.84212],[8.85202,46.84193],[8.85155,46.84168],[8.85077,46.84122],[8.85002,46.84091],[8.849,46.84022],[8.84828,46.83985],[8.84762,46.83944],[8.84738,46.83925],[8.84728,46.83916],[8.84709,46.83904],[8.84686,46.83894],[8.84597,46.83866],[8.84536,46.83839],[8.84507,46.83813],[8.84498,46.83798],[8.84493,46.83783],[8.84493,46.83761],[8.84503,46.83724],[8.84494,46.83685],[8.84468,46.83652],[8.84448,46.83639],[8.84443,46.83637],[8.84422,46.83625],[8.84413,46.83618],[8.84391,46.836],[8.84375,46.83578],[8.843,46.83449],[8.84105,46.83087],[8.84079,46.83056],[8.83855,46.82858],[8.8376,46.8279],[8.83708,46.82739],[8.83688,46.82725],[8.83637,46.82701],[8.83542,46.8264],[8.8352,46.82632],[8.83496,46.82627],[8.83471,46.82625],[8.83336,46.82625],[8.83329,46.82625],[8.83234,46.82622],[8.83115,46.8263],[8.83093,46.82632],[8.83072,46.82635],[8.83052,46.82641],[8.82934,46.827],[8.82766,46.82755],[8.82702,46.82765],[8.82629,46.82783],[8.82559,46.82816],[8.82475,46.82835],[8.82421,46.82835],[8.82372,46.8282],[8.8231,46.82778],[8.82269,46.82763],[8.82223,46.82759],[8.82079,46.82764],[8.82057,46.82766],[8.81921,46.82798],[8.81858,46.82824],[8.81809,46.82833],[8.81705,46.8284],[8.81659,46.82832],[8.81539,46.82782],[8.81482,46.82773],[8.81464,46.82767],[8.81446,46.82764],[8.8144,46.82762],[8.81386,46.8275],[8.81358,46.82742],[8.81337,46.82732],[8.81294,46.82705],[8.81159,46.82638],[8.8109,46.82614],[8.81057,46.826],[8.81046,46.82596],[8.80991,46.82576],[8.80967,46.82564],[8.80945,46.82551],[8.80913,46.82521],[8.80889,46.82507],[8.80829,46.82481],[8.80603,46.82451],[8.80525,46.82435],[8.80202,46.82396],[8.80174,46.8239],[8.80129,46.82374],[8.80078,46.82363],[8.80049,46.82356],[8.80041,46.82353],[8.80003,46.82338],[8.79948,46.8231],[8.79877,46.82283],[8.79852,46.82267],[8.79801,46.82227],[8.79785,46.82211],[8.7976,46.8218],[8.79698,46.8215],[8.79673,46.82145],[8.79648,46.82145],[8.795,46.82151],[8.79477,46.82153],[8.79463,46.82156],[8.79424,46.82159],[8.79395,46.82158],[8.79348,46.82145],[8.79311,46.82122],[8.79275,46.82078],[8.7924,46.82055],[8.79221,46.82048],[8.79192,46.82034],[8.79188,46.82032],[8.79171,46.8202],[8.79156,46.82007],[8.79034,46.81877],[8.79022,46.81867],[8.79003,46.81854],[8.78978,46.81837],[8.7894,46.81806],[8.78911,46.81773],[8.78881,46.81725],[8.78853,46.81697],[8.78796,46.81668],[8.78669,46.81589],[8.7862,46.81532],[8.78584,46.8151],[8.78409,46.81459],[8.78337,46.81401],[8.78198,46.81327],[8.7818,46.81316],[8.78164,46.81304],[8.78146,46.81288],[8.78136,46.81274],[8.7812,46.81233],[8.7808,46.81166],[8.78069,46.81151],[8.78036,46.81127],[8.77992,46.81113],[8.77498,46.81022],[8.77474,46.8102],[8.77424,46.81021],[8.77398,46.81018],[8.77275,46.81],[8.77247,46.80994],[8.77227,46.80987],[8.77173,46.80965],[8.77099,46.80953],[8.7705,46.80951],[8.76959,46.80966],[8.7692,46.80965],[8.76804,46.80952],[8.76764,46.80944],[8.76665,46.80917],[8.7664,46.80909],[8.76606,46.80888],[8.76536,46.80795],[8.76494,46.80773],[8.76443,46.80764],[8.76387,46.80761],[8.76321,46.80762],[8.76216,46.80757],[8.76149,46.80742],[8.76127,46.8074],[8.76033,46.80736],[8.76029,46.80736],[8.75998,46.80733],[8.75974,46.80728],[8.75947,46.80718],[8.7592,46.8071],[8.75891,46.80706],[8.75845,46.8071],[8.7582,46.8071],[8.75771,46.80708],[8.75728,46.80703],[8.75669,46.80691],[8.75505,46.80683],[8.75455,46.80691],[8.753,46.80738],[8.75255,46.80759],[8.75229,46.80766],[8.75187,46.80771],[8.75108,46.80787],[8.75051,46.80795],[8.74997,46.80812],[8.74815,46.80827],[8.7469,46.80891],[8.7463,46.80904],[8.74548,46.8094],[8.745,46.80948],[8.74473,46.80957],[8.74416,46.80982],[8.74386,46.81009],[8.74366,46.81053],[8.74356,46.81069],[8.7434,46.81083],[8.74317,46.81097],[8.74293,46.81107],[8.74245,46.81119],[8.74205,46.81138],[8.74166,46.81154],[8.74163,46.81155],[8.74129,46.81164],[8.74029,46.8118],[8.73851,46.8117],[8.73801,46.81181],[8.73779,46.81191],[8.7376,46.81204],[8.73746,46.81219],[8.73736,46.81236],[8.73732,46.81253],[8.73719,46.81373],[8.73719,46.81388],[8.7373,46.81461],[8.73736,46.81481],[8.73759,46.81535],[8.73756,46.81569],[8.73698,46.81678],[8.73665,46.81706],[8.73619,46.81723],[8.73586,46.81728],[8.73529,46.81731],[8.73502,46.81735],[8.73477,46.81742],[8.73343,46.81789],[8.73204,46.81799],[8.73155,46.8179],[8.73075,46.81753],[8.72959,46.81732],[8.72907,46.8171],[8.72884,46.81703],[8.7286,46.817],[8.7282,46.81698],[8.72797,46.81698],[8.72722,46.81713],[8.72689,46.81714],[8.72625,46.81712],[8.72585,46.81707],[8.72558,46.81702],[8.72537,46.817],[8.72398,46.81699],[8.72369,46.817],[8.72329,46.81705],[8.7231,46.81708],[8.72292,46.81714],[8.72068,46.81792],[8.72062,46.81794],[8.71693,46.81914],[8.71664,46.81921],[8.71559,46.81942],[8.7154,46.81947],[8.71522,46.81955],[8.71454,46.81984],[8.71346,46.81996],[8.71325,46.81999],[8.71316,46.82001],[8.71298,46.82006],[8.71281,46.82013],[8.71236,46.82034],[8.71201,46.82046],[8.71152,46.82056],[8.71098,46.82083],[8.71039,46.82156],[8.71022,46.8217],[8.70996,46.82185],[8.70945,46.82201],[8.70919,46.82208],[8.70863,46.82238],[8.70817,46.82258],[8.70802,46.82266],[8.70788,46.82274],[8.70773,46.82284],[8.70742,46.82304],[8.70707,46.82338],[8.70683,46.82351],[8.70665,46.82364],[8.7065,46.82379],[8.70641,46.82395],[8.70636,46.82412],[8.70625,46.8248],[8.70608,46.82539],[8.70606,46.82555],[8.70607,46.8257],[8.70613,46.82586],[8.70743,46.82841],[8.70769,46.82879],[8.70776,46.8291],[8.70774,46.82937],[8.70764,46.82963],[8.70744,46.82995],[8.70715,46.83028],[8.70684,46.83054],[8.70664,46.83069],[8.70645,46.83078],[8.70602,46.83089],[8.70511,46.8309],[8.70404,46.83075],[8.70382,46.83072],[8.70354,46.83071],[8.70302,46.83081],[8.70252,46.83104],[8.70229,46.83111],[8.70184,46.83117],[8.70118,46.8312],[8.7008,46.83119],[8.70013,46.83109],[8.69952,46.83092],[8.69819,46.83094],[8.69769,46.83081],[8.69694,46.83035],[8.69604,46.83001],[8.69494,46.82976],[8.69406,46.8296],[8.6937,46.82954],[8.69366,46.82954],[8.69342,46.82951],[8.69293,46.8294],[8.69205,46.82912],[8.69158,46.82909],[8.68999,46.82918],[8.68981,46.8292],[8.68854,46.8294],[8.68831,46.82945],[8.688,46.82954],[8.68774,46.8296],[8.68753,46.82964],[8.68716,46.82968],[8.6864,46.82962],[8.68552,46.82973],[8.6841,46.83005],[8.68219,46.83064],[8.68106,46.83081],[8.68051,46.83073],[8.67955,46.83032],[8.67928,46.83018],[8.67911,46.83004],[8.67895,46.82984],[8.67871,46.82944],[8.67865,46.82909],[8.67871,46.82887],[8.67883,46.82859],[8.67887,46.82846],[8.67895,46.82808],[8.67896,46.82793],[8.67888,46.82764],[8.67827,46.82651],[8.67764,46.8256],[8.67753,46.8254],[8.67747,46.82519],[8.67747,46.82501],[8.67762,46.82465],[8.67764,46.8243],[8.6775,46.82371],[8.67729,46.82302],[8.67685,46.8226],[8.67582,46.82214],[8.67549,46.82201],[8.6752,46.82193],[8.67472,46.82175],[8.67395,46.82156],[8.67312,46.82138],[8.6727,46.82131],[8.67223,46.82119],[8.67056,46.82061],[8.67035,46.8205],[8.67013,46.82032],[8.67003,46.82022],[8.66997,46.82014],[8.66987,46.82004],[8.66973,46.81992],[8.66953,46.81977],[8.66914,46.81955],[8.6689,46.81938],[8.66876,46.81923],[8.66862,46.81897],[8.66826,46.81806],[8.66781,46.81764],[8.66741,46.81743],[8.6664,46.81711],[8.66611,46.81682],[8.66571,46.8161],[8.66536,46.81579],[8.66498,46.81559],[8.66419,46.81532],[8.6635,46.81484],[8.66326,46.81444],[8.66302,46.81407],[8.66289,46.81387],[8.66241,46.81339],[8.66228,46.81294],[8.66153,46.81193],[8.66129,46.8111],[8.66117,46.81085],[8.66095,46.81052],[8.66092,46.81015],[8.66098,46.80997],[8.66113,46.80976],[8.66185,46.80897],[8.66197,46.80881],[8.66203,46.80862],[8.66213,46.80818],[8.66213,46.80798],[8.66205,46.8073],[8.66199,46.80708],[8.66154,46.8062],[8.66152,46.80614],[8.66139,46.80584],[8.66136,46.80577],[8.6611,46.80502],[8.66106,46.80478],[8.66109,46.80453],[8.66132,46.8038],[8.66158,46.80308],[8.6617,46.80284],[8.66226,46.80207],[8.66298,46.80137],[8.66302,46.80133],[8.66383,46.80043],[8.66452,46.79943],[8.66463,46.79916],[8.66527,46.79578],[8.66636,46.79103],[8.66637,46.79084],[8.66636,46.79064],[8.66633,46.79051],[8.66617,46.78995],[8.66604,46.78959],[8.666,46.7894],[8.666,46.78922],[8.66616,46.78798],[8.66628,46.78764],[8.66726,46.78605],[8.66732,46.78593],[8.66806,46.78402],[8.66809,46.78389],[8.66824,46.78298],[8.66825,46.78279],[8.66814,46.78206],[8.66802,46.78177],[8.6666,46.77966],[8.6665,46.77948],[8.66608,46.77854],[8.666,46.77821],[8.66595,46.77752],[8.66594,46.77745],[8.66595,46.77677],[8.666,46.77605],[8.66608,46.77572],[8.66624,46.77537],[8.6664,46.7751],[8.66732,46.77397],[8.66754,46.77375],[8.66888,46.77266],[8.669,46.77256],[8.66909,46.77244],[8.66917,46.77231],[8.66921,46.77223],[8.66945,46.77172],[8.66949,46.77162],[8.66997,46.76999],[8.67,46.76988],[8.67006,46.76929],[8.67005,46.76909],[8.66998,46.76875],[8.66989,46.76853],[8.66977,46.76832],[8.66964,46.76816],[8.66878,46.76728],[8.66828,46.76697],[8.66586,46.76614],[8.66455,46.76588],[8.66265,46.76539],[8.66172,46.76521],[8.66144,46.76514],[8.66119,46.76504],[8.66094,46.76488],[8.66067,46.76455],[8.6606,46.76432],[8.66059,46.76417],[8.66059,46.76394],[8.6606,46.76359],[8.66053,46.76342],[8.66034,46.76308],[8.66022,46.76292],[8.66006,46.76278],[8.65974,46.76255],[8.65961,46.76247],[8.65921,46.76226],[8.65917,46.76223],[8.65804,46.76167],[8.65784,46.76155],[8.65763,46.76141],[8.65738,46.76121],[8.65648,46.76033],[8.65607,46.75998],[8.65525,46.75969],[8.65409,46.75959],[8.65328,46.75937],[8.65252,46.75927],[8.65203,46.75927],[8.65149,46.75938],[8.651,46.75938],[8.65071,46.75933],[8.65004,46.75915],[8.64976,46.75905],[8.64955,46.75895],[8.6493,46.75874],[8.64914,46.75864],[8.64873,46.75844],[8.64852,46.75829],[8.6477,46.75758],[8.64752,46.75739],[8.6474,46.75719],[8.64697,46.75614],[8.64691,46.75595],[8.64691,46.75579],[8.64699,46.75542],[8.6469,46.75506],[8.6466,46.75475],[8.64639,46.75463]]]},"properties":{"bfs_nr":1216,"name":"Silenen"}},{"type":"Feature","geometry":{"type":"Polygon","coordinates":[[[8.61379,46.92793],[8.61422,46.92787],[8.61451,46.9278],[8.61529,46.92746],[8.61565,46.92735],[8.61602,46.92713],[8.61629,46.92665],[8.61634,46.92584],[8.61656,46.92538],[8.61711,46.92488],[8.61736,46.92453],[8.61757,46.92399],[8.61794,46.92372],[8.6185,46.92356],[8.62013,46.92334],[8.62048,46.92331],[8.62104,46.92341],[8.62134,46.92354],[8.62167,46.92376],[8.62192,46.92408],[8.62196,46.92443],[8.62189,46.92465],[8.62166,46.92496],[8.62156,46.92507],[8.62148,46.92515],[8.62137,46.92524],[8.62126,46.92536],[8.62119,46.92544],[8.62109,46.92561],[8.62104,46.92596],[8.6211,46.92616],[8.62155,46.9266],[8.62203,46.92677],[8.62261,46.92684],[8.62322,46.92714],[8.62365,46.92763],[8.62373,46.92778],[8.62376,46.92794],[8.62375,46.92814],[8.62369,46.92845],[8.62369,46.92864],[8.62385,46.92901],[8.6246,46.92965],[8.62502,46.92994],[8.62517,46.93003],[8.62535,46.9301],[8.62842,46.93117],[8.62867,46.93124],[8.63259,46.93198],[8.6328,46.93201],[8.63297,46.93202],[8.63325,46.93202],[8.6334,46.93201],[8.63351,46.932],[8.63386,46.93195],[8.63411,46.93195],[8.63472,46.93202],[8.63608,46.93198],[8.63667,46.93206],[8.6368,46.93207],[8.63708,46.93207],[8.63751,46.93204],[8.63771,46.93201],[8.63844,46.93186],[8.63956,46.93201],[8.64004,46.93195],[8.64045,46.93177],[8.64115,46.93128],[8.64171,46.93112],[8.642,46.93099],[8.64224,46.93085],[8.64242,46.93072],[8.64284,46.93036],[8.64327,46.93012],[8.64369,46.92994],[8.64379,46.9299],[8.64401,46.92979],[8.64414,46.92972],[8.64447,46.9295],[8.6446,46.92941],[8.64499,46.92906],[8.64583,46.92856],[8.64653,46.92844],[8.64739,46.92863],[8.64791,46.92866],[8.64926,46.92828],[8.65072,46.92808],[8.65147,46.92812],[8.65219,46.92803],[8.65263,46.92791],[8.65313,46.92763],[8.65381,46.92728],[8.65432,46.92709],[8.65496,46.92694],[8.65531,46.92682],[8.65574,46.92671],[8.65603,46.92665],[8.65627,46.92665],[8.65672,46.92669],[8.6572,46.92668],[8.65823,46.92648],[8.65863,46.92631],[8.65955,46.92566],[8.65989,46.92549],[8.66007,46.9254],[8.6603,46.9253],[8.66044,46.92525],[8.6606,46.9252],[8.661,46.92505],[8.66123,46.92498],[8.66282,46.92485],[8.66552,46.92449],[8.666,46.92433],[8.66619,46.92421],[8.66634,46.92406],[8.66645,46.92389],[8.66676,46.92322],[8.66745,46.92246],[8.66775,46.92201],[8.66818,46.92157],[8.66837,46.92146],[8.66916,46.92115],[8.66978,46.9207],[8.67061,46.92046],[8.67114,46.92038],[8.67313,46.91994],[8.67344,46.91989],[8.67391,46.91985],[8.67424,46.91986],[8.6745,46.91991],[8.67478,46.92],[8.675,46.92012],[8.6754,46.92048],[8.67558,46.9206],[8.67578,46.92069],[8.67601,46.92076],[8.67619,46.9208],[8.67637,46.92083],[8.67652,46.92085],[8.67675,46.92086],[8.67699,46.92084],[8.67719,46.92081],[8.6775,46.92074],[8.67784,46.92063],[8.6784,46.92043],[8.67891,46.92034],[8.6793,46.92026],[8.67951,46.9202],[8.67996,46.92003],[8.6802,46.91997],[8.68053,46.91994],[8.68095,46.91994],[8.68135,46.91997],[8.68143,46.91997],[8.68172,46.91998],[8.68203,46.91997],[8.68251,46.91985],[8.68288,46.91962],[8.6831,46.91931],[8.68314,46.91896],[8.68308,46.91879],[8.68304,46.91872],[8.68298,46.91855],[8.68295,46.91834],[8.68295,46.9183],[8.68294,46.91807],[8.68326,46.91757],[8.68348,46.91743],[8.68375,46.91731],[8.68399,46.91723],[8.68445,46.91705],[8.68523,46.91699],[8.68634,46.91741],[8.68683,46.91746],[8.68731,46.91737],[8.68783,46.91713],[8.68882,46.91689],[8.6892,46.91689],[8.68958,46.91692],[8.68977,46.91692],[8.68995,46.91692],[8.69025,46.91689],[8.69131,46.91671],[8.69225,46.91665],[8.69253,46.91661],[8.69311,46.91648],[8.69346,46.91643],[8.69439,46.91641],[8.69489,46.91628],[8.69586,46.91638],[8.69641,46.91634],[8.69756,46.91589],[8.69877,46.91592],[8.69927,46.91579],[8.69982,46.91548],[8.70074,46.91516],[8.70123,46.91506],[8.70203,46.91498],[8.70257,46.91483],[8.7043,46.91462],[8.70481,46.91465],[8.70576,46.91484],[8.70621,46.91505],[8.70711,46.91588],[8.70762,46.91662],[8.70764,46.91725],[8.70722,46.91799],[8.70634,46.91901],[8.70522,46.91999],[8.70466,46.92026],[8.70371,46.92112],[8.70305,46.92156],[8.70241,46.92176],[8.70128,46.92234],[8.70085,46.92245],[8.69987,46.92288],[8.69947,46.92326],[8.6992,46.92378],[8.6986,46.92437],[8.69826,46.92572],[8.6978,46.9262],[8.69761,46.92653],[8.69757,46.92715],[8.69727,46.92786],[8.69684,46.92847],[8.6968,46.92896],[8.69699,46.92926],[8.69988,46.9322],[8.70013,46.93273],[8.6999,46.93339],[8.69982,46.93462],[8.69972,46.93497],[8.69766,46.93874],[8.69741,46.93956],[8.69683,46.94019],[8.6967,46.94076],[8.69688,46.94145],[8.69688,46.94218],[8.69642,46.94295],[8.69603,46.94321],[8.69544,46.94339],[8.69482,46.94369],[8.69412,46.94441],[8.69388,46.94511],[8.69338,46.94573],[8.69302,46.9466],[8.69267,46.94685],[8.6922,46.94699],[8.69105,46.94695],[8.69018,46.947],[8.68934,46.9469],[8.68795,46.94639],[8.6861,46.94597],[8.68465,46.94552],[8.68357,46.94552],[8.68271,46.94577],[8.68098,46.94598],[8.68004,46.94586],[8.67886,46.94589],[8.67843,46.94578],[8.67742,46.94568],[8.67545,46.94498],[8.67466,46.94493],[8.67389,46.94497],[8.67281,46.94475],[8.67209,46.94445],[8.67135,46.94435],[8.67058,46.94413],[8.66962,46.94409],[8.66875,46.94424],[8.66819,46.94452],[8.66764,46.94469],[8.66651,46.94487],[8.66494,46.94544],[8.66277,46.94568],[8.66229,46.94568],[8.66146,46.9459],[8.66034,46.94601],[8.65954,46.94627],[8.65846,46.94626],[8.65782,46.94602],[8.65707,46.94593],[8.65658,46.94604],[8.65591,46.94635],[8.65467,46.94657],[8.6535,46.94691],[8.65238,46.947],[8.65068,46.94745],[8.64968,46.94779],[8.64828,46.948],[8.64782,46.94824],[8.64627,46.94867],[8.64565,46.94893],[8.64476,46.94907],[8.64415,46.94905],[8.64314,46.9492],[8.64195,46.94917],[8.64087,46.94952],[8.64039,46.94955],[8.63922,46.94947],[8.63791,46.94951],[8.63711,46.94973],[8.6365,46.94979],[8.63564,46.94971],[8.63503,46.94983],[8.63422,46.94985],[8.63347,46.94972],[8.63246,46.94979],[8.63197,46.9499],[8.62982,46.95009],[8.62901,46.94996],[8.62826,46.94997],[8.62782,46.95015],[8.62729,46.95075],[8.62688,46.95103],[8.62395,46.95239],[8.62286,46.95265],[8.62228,46.95268],[8.62145,46.95253],[8.6054,46.952],[8.60459,46.9518],[8.60424,46.95152],[8.60411,46.95131],[8.60062,46.94342],[8.59557,46.93197],[8.5955,46.93173],[8.59558,46.93135],[8.59573,46.93114],[8.59828,46.92841],[8.5989,46.92804],[8.59947,46.92796],[8.61214,46.92783],[8.61331,46.92798],[8.61379,46.92793]]]},"properties":{"bfs_nr":1217,"name":"Sisikon"}},{"type":"Feature","geometry":{"type":"MultiPolygon","coordinates":[[[[8.69915,46.86898],[8.69952,46.86844],[8.7002,46.86801],[8.70051,46.86792],[8.70094,46.86783],[8.70164,46.8677],[8.70205,46.86752],[8.70233,46.86725],[8.70244,46.86655],[8.70259,46.86624],[8.7029,46.86598],[8.70383,46.8657],[8.70451,46.86537],[8.70551,46.86503],[8.70566,46.86496],[8.70587,46.86483],[8.70624,46.86451],[8.70668,46.86433],[8.70718,46.86427],[8.70768,46.86436],[8.70814,46.86453],[8.70834,46.86457],[8.70855,46.86461],[8.70874,46.86463],[8.70894,46.86463],[8.70919,46.86466],[8.7095,46.86466],[8.7098,46.86461],[8.71001,46.86456],[8.71049,46.86441],[8.71076,46.86435],[8.7109,46.86431],[8.71127,46.86419],[8.71156,46.86407],[8.71209,46.86374],[8.71238,46.86325],[8.71243,46.86244],[8.71239,46.86189],[8.71231,46.86135],[8.71237,46.86089],[8.71273,46.86011],[8.71293,46.85941],[8.71335,46.85857],[8.71466,46.85695],[8.71475,46.8568],[8.71481,46.85665],[8.71484,46.85623],[8.71486,46.85616],[8.71505,46.85569],[8.71514,46.85454],[8.71495,46.85399],[8.71499,46.85366],[8.71509,46.85347],[8.7157,46.85262],[8.71615,46.85212],[8.71635,46.85163],[8.71636,46.85149],[8.71635,46.85144],[8.71632,46.85128],[8.71628,46.85114],[8.71625,46.85095],[8.71626,46.8508],[8.71633,46.85056],[8.71635,46.85052],[8.71646,46.85006],[8.71647,46.84983],[8.71644,46.84959],[8.71636,46.8493],[8.71636,46.84898],[8.71635,46.84855],[8.71632,46.84839],[8.71624,46.84823],[8.71597,46.84795],[8.71509,46.84762],[8.7147,46.84737],[8.71429,46.84662],[8.71427,46.84627],[8.71444,46.84566],[8.71406,46.84485],[8.71423,46.84436],[8.71455,46.8441],[8.71545,46.84389],[8.7159,46.84377],[8.71609,46.84367],[8.71848,46.84213],[8.71936,46.84185],[8.72388,46.84152],[8.72437,46.84153],[8.72926,46.84218],[8.72977,46.84231],[8.73012,46.84254],[8.73052,46.84293],[8.7307,46.84319],[8.73088,46.84338],[8.73108,46.84356],[8.73143,46.84382],[8.73175,46.84435],[8.73207,46.84466],[8.73226,46.84496],[8.73245,46.84547],[8.73277,46.84576],[8.73318,46.84641],[8.73333,46.84661],[8.73369,46.84695],[8.73391,46.84722],[8.73407,46.84737],[8.73427,46.8475],[8.73451,46.84759],[8.73477,46.84765],[8.73549,46.8477],[8.73637,46.84797],[8.73698,46.8484],[8.7375,46.84892],[8.73841,46.8493],[8.73889,46.84965],[8.73946,46.84992],[8.73982,46.85021],[8.7401,46.85061],[8.74047,46.85085],[8.7412,46.85111],[8.74171,46.85123],[8.74239,46.85151],[8.74288,46.85157],[8.74313,46.85155],[8.74337,46.8515],[8.74561,46.85085],[8.74633,46.85078],[8.74781,46.85107],[8.74849,46.85116],[8.74889,46.85132],[8.74938,46.85171],[8.7496,46.85205],[8.74988,46.85279],[8.74998,46.85299],[8.75015,46.85316],[8.75071,46.85362],[8.75333,46.85749],[8.75407,46.8587],[8.75416,46.85891],[8.75419,46.85909],[8.75416,46.85929],[8.75416,46.85946],[8.75421,46.85984],[8.75427,46.86004],[8.75455,46.8604],[8.75485,46.86106],[8.75494,46.86165],[8.7552,46.86221],[8.75534,46.8624],[8.75544,46.86263],[8.75552,46.86296],[8.75554,46.86318],[8.75552,46.86339],[8.75535,46.86371],[8.75501,46.86396],[8.75419,46.86421],[8.7539,46.86434],[8.75372,46.86447],[8.75348,46.86481],[8.75354,46.86536],[8.75362,46.86546],[8.75379,46.86573],[8.75389,46.86587],[8.75393,46.86593],[8.75405,46.86607],[8.75415,46.86617],[8.75433,46.86635],[8.75532,46.8671],[8.75558,46.86756],[8.75555,46.86812],[8.7557,46.86858],[8.75567,46.8689],[8.75534,46.86938],[8.75529,46.86976],[8.75551,46.87044],[8.75554,46.87063],[8.75573,46.87124],[8.75562,46.87192],[8.75524,46.87239],[8.75516,46.87272],[8.75527,46.87305],[8.75575,46.87367],[8.75645,46.8741],[8.75752,46.87443],[8.75853,46.87495],[8.75993,46.87552],[8.76027,46.87573],[8.7612,46.87656],[8.76239,46.87702],[8.76272,46.87733],[8.76292,46.87789],[8.76302,46.87805],[8.76339,46.8785],[8.76358,46.87882],[8.76368,46.87896],[8.7639,46.87915],[8.76432,46.8794],[8.76466,46.87971],[8.76489,46.88025],[8.76502,46.88041],[8.76519,46.88055],[8.76599,46.88108],[8.76601,46.8811],[8.76834,46.8827],[8.76857,46.88289],[8.77172,46.88609],[8.77186,46.88622],[8.77203,46.88632],[8.77654,46.88857],[8.77699,46.88892],[8.78144,46.89418],[8.78163,46.89458],[8.78158,46.89495],[8.78144,46.89516],[8.78141,46.89519],[8.78124,46.89536],[8.78102,46.89551],[8.77998,46.89609],[8.77952,46.8964],[8.77875,46.89664],[8.77841,46.89682],[8.77788,46.8973],[8.77746,46.89746],[8.77697,46.8975],[8.77609,46.89746],[8.77573,46.89741],[8.7755,46.89735],[8.77525,46.89728],[8.77481,46.89715],[8.77458,46.89712],[8.77435,46.89712],[8.77391,46.89714],[8.77358,46.89714],[8.77183,46.89702],[8.77172,46.89701],[8.76957,46.89678],[8.76912,46.89677],[8.76866,46.89669],[8.76839,46.89659],[8.76789,46.89626],[8.76766,46.89616],[8.76622,46.89567],[8.76574,46.89544],[8.76554,46.89528],[8.76551,46.89525],[8.7654,46.89513],[8.76536,46.89508],[8.76525,46.89492],[8.76518,46.89475],[8.76507,46.89439],[8.76499,46.89421],[8.76486,46.89405],[8.76469,46.89392],[8.76448,46.8938],[8.76424,46.89372],[8.76398,46.89368],[8.76301,46.89358],[8.76279,46.89357],[8.76197,46.89364],[8.76124,46.89348],[8.76061,46.89297],[8.76026,46.89277],[8.75978,46.89265],[8.75928,46.89266],[8.75884,46.89278],[8.75751,46.89288],[8.75608,46.8927],[8.75572,46.89272],[8.75521,46.89278],[8.75502,46.89282],[8.75484,46.89287],[8.75355,46.89333],[8.75307,46.89356],[8.75254,46.8937],[8.75207,46.89389],[8.75165,46.89403],[8.75095,46.89419],[8.75068,46.89428],[8.75053,46.89435],[8.75005,46.89461],[8.74939,46.89482],[8.74891,46.89501],[8.74861,46.89517],[8.74815,46.89548],[8.74701,46.8961],[8.7462,46.8963],[8.7453,46.89641],[8.74431,46.89668],[8.74354,46.89683],[8.7433,46.89691],[8.74308,46.89702],[8.74291,46.89717],[8.74278,46.89733],[8.7427,46.89751],[8.74264,46.89772],[8.74255,46.89788],[8.74241,46.89802],[8.74204,46.89824],[8.74157,46.89835],[8.73976,46.89839],[8.73888,46.89857],[8.73732,46.89909],[8.73714,46.89915],[8.73663,46.89928],[8.73633,46.89933],[8.73571,46.89932],[8.73549,46.89934],[8.73531,46.89937],[8.73498,46.89945],[8.73375,46.89989],[8.73351,46.9],[8.73184,46.90098],[8.73038,46.90205],[8.72933,46.90257],[8.72857,46.9031],[8.72833,46.90324],[8.72781,46.90345],[8.7275,46.90369],[8.72705,46.90426],[8.72695,46.90473],[8.7267,46.90512],[8.72616,46.90567],[8.72598,46.90603],[8.72552,46.90645],[8.72516,46.90726],[8.72469,46.90777],[8.72431,46.90828],[8.72422,46.90861],[8.72465,46.90961],[8.72471,46.91173],[8.72469,46.91194],[8.72452,46.91226],[8.72419,46.91251],[8.72398,46.9126],[8.72369,46.91267],[8.7212,46.91314],[8.72095,46.91317],[8.72069,46.91317],[8.71729,46.91307],[8.717,46.91304],[8.71678,46.91299],[8.71638,46.91281],[8.71623,46.91269],[8.71608,46.91251],[8.7158,46.9121],[8.7157,46.91192],[8.71566,46.91176],[8.71601,46.90733],[8.71591,46.90693],[8.71551,46.90645],[8.71522,46.90546],[8.71534,46.90505],[8.7154,46.90481],[8.7154,46.90461],[8.71535,46.90435],[8.7151,46.90385],[8.71494,46.90301],[8.71479,46.90257],[8.71509,46.90177],[8.71502,46.90118],[8.71505,46.90085],[8.71522,46.90042],[8.71537,46.8995],[8.71538,46.89891],[8.71558,46.89844],[8.71561,46.89807],[8.71594,46.89722],[8.71632,46.89658],[8.71632,46.89623],[8.71614,46.89561],[8.71629,46.8951],[8.71654,46.89469],[8.71665,46.89443],[8.7167,46.89427],[8.71664,46.89372],[8.71691,46.89303],[8.71698,46.89229],[8.71696,46.89194],[8.71744,46.89076],[8.71758,46.88987],[8.71754,46.88955],[8.71686,46.88849],[8.71674,46.88808],[8.71688,46.88728],[8.71676,46.88698],[8.71644,46.88664],[8.71622,46.88621],[8.71618,46.88587],[8.71606,46.88546],[8.71601,46.88527],[8.71592,46.88502],[8.71569,46.88461],[8.71523,46.88403],[8.7151,46.88342],[8.71492,46.88305],[8.71452,46.8826],[8.71431,46.88215],[8.7138,46.88163],[8.71335,46.88094],[8.71316,46.8805],[8.713,46.87968],[8.71287,46.8795],[8.71264,46.87925],[8.71252,46.87908],[8.71245,46.87894],[8.71237,46.8787],[8.71212,46.8784],[8.71147,46.8781],[8.7098,46.87772],[8.70856,46.87785],[8.70807,46.87779],[8.70748,46.87748],[8.70691,46.87677],[8.70671,46.87609],[8.70687,46.87506],[8.7069,46.8747],[8.70692,46.87439],[8.70688,46.87422],[8.70679,46.87405],[8.70666,46.8739],[8.70648,46.87377],[8.7051,46.87312],[8.70462,46.87297],[8.70408,46.87266],[8.70352,46.87239],[8.70295,46.87213],[8.70276,46.87204],[8.70246,46.87194],[8.70227,46.87184],[8.7021,46.87172],[8.7017,46.87112],[8.70134,46.87084],[8.70037,46.87036],[8.69968,46.87014],[8.69932,46.86992],[8.69905,46.86946],[8.69915,46.86898]]],[[[8.84822,46.85273],[8.84818,46.85253],[8.84823,46.85211],[8.84817,46.85169],[8.84857,46.85102],[8.84909,46.85002],[8.84915,46.84981],[8.84914,46.84937],[8.84931,46.84899],[8.84978,46.84849],[8.84989,46.84813],[8.85007,46.84766],[8.85041,46.8471],[8.85056,46.84679],[8.85059,46.84673],[8.85095,46.84588],[8.85099,46.8458],[8.85101,46.84575],[8.85104,46.84556],[8.85114,46.84447],[8.85114,46.84431],[8.85113,46.84422],[8.85109,46.84406],[8.85102,46.84391],[8.8506,46.84351],[8.84988,46.84302],[8.84968,46.84271],[8.8497,46.84221],[8.85013,46.8418],[8.85056,46.84164],[8.85105,46.8416],[8.85153,46.8417],[8.85207,46.84196],[8.85232,46.84206],[8.85257,46.84212],[8.85309,46.84214],[8.85334,46.8421],[8.85357,46.84202],[8.85455,46.8416],[8.85466,46.84156],[8.85531,46.84121],[8.85543,46.84115],[8.85593,46.84082],[8.85619,46.84068],[8.85668,46.84055],[8.85738,46.84058],[8.85788,46.84076],[8.85878,46.84135],[8.85928,46.84148],[8.86013,46.84146],[8.86064,46.84148],[8.86119,46.84158],[8.86146,46.84167],[8.862,46.84191],[8.86213,46.84195],[8.86331,46.84235],[8.8635,46.8424],[8.86461,46.84264],[8.86484,46.8427],[8.86508,46.84277],[8.86522,46.84281],[8.86552,46.84287],[8.86577,46.84291],[8.86602,46.84291],[8.86717,46.84275],[8.86778,46.84272],[8.86798,46.8427],[8.86817,46.84266],[8.8688,46.8425],[8.86893,46.84246],[8.86949,46.84227],[8.86989,46.84217],[8.87024,46.8421],[8.87058,46.84206],[8.8712,46.84203],[8.87162,46.842],[8.87192,46.84199],[8.87292,46.84218],[8.87376,46.84258],[8.87443,46.84321],[8.87534,46.84368],[8.87599,46.84384],[8.87679,46.84392],[8.87797,46.84421],[8.8794,46.84493],[8.87986,46.84505],[8.88084,46.8452],[8.8831,46.84602],[8.88431,46.84632],[8.8864,46.84733],[8.88758,46.84768],[8.88802,46.84795],[8.88897,46.84827],[8.88984,46.84843],[8.89082,46.84853],[8.89154,46.8485],[8.89201,46.84857],[8.89297,46.84897],[8.89377,46.84917],[8.8946,46.84929],[8.89516,46.84946],[8.89553,46.8497],[8.89619,46.85036],[8.89653,46.8508],[8.89877,46.85223],[8.89907,46.85251],[8.89941,46.85316],[8.90009,46.85391],[8.90033,46.85452],[8.90073,46.85492],[8.90144,46.85547],[8.90248,46.85603],[8.90383,46.85721],[8.90478,46.85777],[8.90616,46.85878],[8.90721,46.85971],[8.90769,46.86024],[8.90816,46.86048],[8.90932,46.86083],[8.9098,46.86081],[8.91107,46.86042],[8.91154,46.86034],[8.9128,46.86035],[8.91371,46.86016],[8.91483,46.86013],[8.91588,46.86021],[8.91658,46.86045],[8.91805,46.86073],[8.9194,46.86148],[8.92044,46.862],[8.92106,46.86221],[8.92299,46.86323],[8.9242,46.86351],[8.92653,46.86418],[8.92799,46.86435],[8.9291,46.86472],[8.92985,46.86482],[8.93095,46.86509],[8.93171,46.86544],[8.93289,46.86547],[8.9334,46.86556],[8.93382,46.86579],[8.93424,46.86619],[8.93521,46.86689],[8.93568,46.86739],[8.93608,46.86762],[8.93754,46.86814],[8.93822,46.86853],[8.93885,46.8688],[8.93977,46.86939],[8.94021,46.86981],[8.94072,46.87011],[8.9412,46.87054],[8.94186,46.87089],[8.94295,46.87112],[8.94369,46.87116],[8.94494,46.87143],[8.9454,46.87164],[8.94611,46.87214],[8.94709,46.87229],[8.94763,46.87245],[8.94853,46.87295],[8.9492,46.8731],[8.95003,46.87315],[8.95068,46.87329],[8.95541,46.87513],[8.95567,46.87525],[8.95609,46.87571],[8.95772,46.87929],[8.95778,46.87972],[8.95763,46.88093],[8.9568,46.88617],[8.95683,46.88646],[8.95719,46.88761],[8.95714,46.88818],[8.95629,46.88981],[8.95616,46.89056],[8.9546,46.89445],[8.95403,46.89633],[8.95395,46.89716],[8.953,46.8982],[8.9529,46.89855],[8.95325,46.89992],[8.95323,46.90029],[8.95304,46.90059],[8.95231,46.90108],[8.95194,46.90141],[8.95148,46.90163],[8.95094,46.9017],[8.94988,46.90156],[8.94893,46.90156],[8.94832,46.90177],[8.94701,46.90268],[8.94674,46.903],[8.94589,46.90465],[8.94541,46.90513],[8.94392,46.90597],[8.94347,46.90646],[8.94242,46.90951],[8.94218,46.90988],[8.9404,46.91168],[8.93984,46.91232],[8.93957,46.91281],[8.9386,46.9143],[8.93765,46.91615],[8.93608,46.91871],[8.93558,46.91914],[8.93512,46.91928],[8.93412,46.91938],[8.93339,46.91924],[8.9324,46.91874],[8.93172,46.91826],[8.93042,46.91788],[8.92978,46.91745],[8.92862,46.91714],[8.92741,46.91653],[8.92631,46.91605],[8.92556,46.91595],[8.92477,46.91562],[8.9243,46.91553],[8.92329,46.91562],[8.92278,46.91553],[8.92181,46.91504],[8.92132,46.91441],[8.92101,46.91415],[8.92059,46.91399],[8.91983,46.91396],[8.9193,46.91386],[8.91854,46.91357],[8.91751,46.91298],[8.9172,46.9127],[8.91692,46.9122],[8.9166,46.91192],[8.91582,46.91147],[8.91512,46.91126],[8.91386,46.91131],[8.91246,46.91111],[8.91197,46.91093],[8.91143,46.91057],[8.91109,46.9101],[8.9102,46.9092],[8.90979,46.90895],[8.90926,46.90885],[8.90863,46.90885],[8.90816,46.90873],[8.90719,46.90814],[8.90667,46.90806],[8.90614,46.90813],[8.90525,46.90842],[8.90463,46.9084],[8.90379,46.90819],[8.9031,46.9082],[8.90258,46.9081],[8.90167,46.90778],[8.90097,46.90733],[8.8998,46.9068],[8.8994,46.90653],[8.8992,46.90621],[8.89917,46.90587],[8.89888,46.90512],[8.89861,46.9048],[8.89817,46.90459],[8.89723,46.90437],[8.89664,46.90433],[8.89614,46.9042],[8.89576,46.90394],[8.89526,46.90322],[8.89487,46.90297],[8.89435,46.90286],[8.89308,46.90281],[8.89203,46.90303],[8.89151,46.90301],[8.89052,46.9027],[8.88937,46.90257],[8.88831,46.90257],[8.88725,46.9024],[8.88674,46.90225],[8.8839,46.90098],[8.88332,46.90048],[8.8826,46.89923],[8.88237,46.89897],[8.88115,46.89799],[8.88087,46.89782],[8.87463,46.89506],[8.87421,46.89494],[8.87212,46.89461],[8.8716,46.89446],[8.87113,46.89421],[8.87059,46.89411],[8.86864,46.89422],[8.86825,46.89433],[8.86698,46.89484],[8.86535,46.895],[8.86396,46.89498],[8.86291,46.89478],[8.86248,46.89459],[8.86219,46.89429],[8.8618,46.89365],[8.86135,46.89336],[8.86112,46.89307],[8.86107,46.89272],[8.86126,46.89179],[8.86111,46.89143],[8.86027,46.89042],[8.85959,46.88999],[8.85894,46.8894],[8.85846,46.88917],[8.85768,46.88895],[8.85624,46.88861],[8.85567,46.88825],[8.85473,46.88718],[8.85454,46.88676],[8.8546,46.8861],[8.85446,46.88578],[8.85395,46.88535],[8.85377,46.88504],[8.85376,46.8847],[8.85388,46.88444],[8.85406,46.8842],[8.85518,46.88307],[8.85578,46.88255],[8.85595,46.88243],[8.85627,46.88227],[8.85661,46.88215],[8.85761,46.88187],[8.85783,46.88179],[8.85803,46.88168],[8.85819,46.88155],[8.85832,46.8814],[8.8584,46.88124],[8.85843,46.88107],[8.85841,46.88089],[8.85835,46.88072],[8.85824,46.88057],[8.85809,46.88043],[8.85768,46.88013],[8.85666,46.87952],[8.856,46.87918],[8.85521,46.87879],[8.85493,46.87869],[8.85458,46.8786],[8.85437,46.87855],[8.8535,46.87853],[8.85219,46.87866],[8.85137,46.87877],[8.85109,46.87877],[8.85108,46.87877],[8.85075,46.87872],[8.8505,46.87864],[8.85023,46.87851],[8.85018,46.87848],[8.84991,46.87828],[8.84959,46.87788],[8.84944,46.87752],[8.84948,46.8772],[8.84986,46.87678],[8.8501,46.87665],[8.8502,46.87661],[8.8506,46.8764],[8.85086,46.87629],[8.85119,46.8762],[8.85146,46.8761],[8.85176,46.87596],[8.85192,46.87588],[8.85263,46.87543],[8.8533,46.87507],[8.85337,46.87503],[8.85394,46.87468],[8.85408,46.87457],[8.85463,46.87411],[8.85481,46.8738],[8.85481,46.87347],[8.85438,46.87181],[8.85435,46.87161],[8.85438,46.87141],[8.85461,46.87056],[8.85463,46.87048],[8.85479,46.86934],[8.85493,46.86897],[8.85538,46.8683],[8.85558,46.86791],[8.85582,46.86751],[8.85588,46.86735],[8.8575,46.86211],[8.85767,46.86115],[8.85842,46.85977],[8.85874,46.85935],[8.85884,46.85901],[8.85881,46.85883],[8.85862,46.85851],[8.85794,46.85799],[8.85681,46.85765],[8.85657,46.85756],[8.8564,46.85747],[8.85622,46.85733],[8.85577,46.85692],[8.85557,46.85668],[8.85541,46.85653],[8.85522,46.85641],[8.85475,46.85625],[8.85426,46.85621],[8.85398,46.85617],[8.85383,46.85614],[8.85358,46.85608],[8.85338,46.856],[8.85318,46.85589],[8.85304,46.85578],[8.85289,46.85563],[8.85261,46.85526],[8.85244,46.8551],[8.85223,46.85497],[8.85198,46.85487],[8.8514,46.85474],[8.85101,46.85462],[8.85021,46.85419],[8.84982,46.85405],[8.8496,46.85393],[8.84954,46.85389],[8.84933,46.85374],[8.84918,46.85357],[8.84905,46.85345],[8.84857,46.85317],[8.8483,46.8529],[8.84822,46.85273]]]]},"properties":{"bfs_nr":1218,"name":"Spiringen"}},{"type":"Feature","geometry":{"type":"Polygon","coordinates":[[[8.70608,46.83208],[8.70587,46.83172],[8.70588,46.83139],[8.7062,46.83095],[8.70674,46.83063],[8.70721,46.83023],[8.7074,46.83001],[8.70767,46.82958],[8.70775,46.82937],[8.70776,46.82915],[8.70771,46.82879],[8.70766,46.8286],[8.70707,46.8277],[8.70615,46.8259],[8.70608,46.8257],[8.70606,46.82555],[8.70609,46.82535],[8.70626,46.82478],[8.70635,46.82417],[8.70649,46.82383],[8.70661,46.82369],[8.70676,46.82357],[8.70714,46.82336],[8.70758,46.82296],[8.70792,46.82272],[8.70799,46.82268],[8.70822,46.82256],[8.7087,46.82235],[8.70926,46.82207],[8.70989,46.82188],[8.71002,46.82182],[8.71023,46.82171],[8.7104,46.82156],[8.71097,46.82086],[8.71149,46.82059],[8.71203,46.82047],[8.71226,46.82039],[8.71277,46.82015],[8.71298,46.82007],[8.7132,46.82],[8.71346,46.81996],[8.71414,46.81993],[8.71454,46.81985],[8.71475,46.81977],[8.7154,46.81948],[8.71565,46.81941],[8.71669,46.8192],[8.71688,46.81915],[8.72063,46.81794],[8.72067,46.81793],[8.72287,46.81715],[8.7231,46.81709],[8.72362,46.81701],[8.72405,46.81699],[8.72533,46.81701],[8.72568,46.81704],[8.72592,46.81708],[8.72618,46.81711],[8.72702,46.81714],[8.72745,46.81711],[8.72798,46.81699],[8.7285,46.817],[8.72885,46.81705],[8.72911,46.81712],[8.7295,46.8173],[8.73075,46.81754],[8.73155,46.8179],[8.73204,46.81799],[8.73343,46.8179],[8.73372,46.81782],[8.73472,46.81744],[8.73502,46.81735],[8.73596,46.81727],[8.73623,46.81724],[8.73647,46.81717],[8.73669,46.81706],[8.73702,46.81678],[8.73757,46.81569],[8.7376,46.81535],[8.73739,46.81486],[8.73729,46.81456],[8.7372,46.81392],[8.7372,46.81369],[8.73731,46.81258],[8.73737,46.81236],[8.73761,46.81204],[8.73801,46.81181],[8.73851,46.81171],[8.74031,46.8118],[8.74134,46.81163],[8.74158,46.81157],[8.74173,46.81152],[8.74199,46.81141],[8.74234,46.81125],[8.74289,46.8111],[8.74314,46.811],[8.74335,46.81087],[8.74349,46.81077],[8.74365,46.81061],[8.7439,46.81011],[8.74421,46.80981],[8.74488,46.80953],[8.74549,46.80944],[8.74575,46.80937],[8.74642,46.80904],[8.74692,46.80891],[8.74813,46.80828],[8.74997,46.80812],[8.75051,46.80795],[8.75114,46.80786],[8.7516,46.80776],[8.75219,46.80768],[8.75245,46.80763],[8.75268,46.80754],[8.75296,46.80741],[8.75449,46.80693],[8.75505,46.80683],[8.75678,46.80693],[8.75735,46.80704],[8.75763,46.80708],[8.75832,46.8071],[8.75879,46.80708],[8.75907,46.80709],[8.75934,46.80714],[8.75962,46.80725],[8.75991,46.80733],[8.76021,46.80736],[8.76115,46.8074],[8.76151,46.80744],[8.76201,46.80757],[8.76311,46.80763],[8.76431,46.80763],[8.76488,46.80773],[8.76529,46.80795],[8.76603,46.80888],[8.76637,46.80908],[8.76657,46.80915],[8.7677,46.80946],[8.76797,46.80951],[8.76928,46.80966],[8.76959,46.80967],[8.77054,46.80951],[8.77174,46.80966],[8.77239,46.80993],[8.77266,46.80999],[8.77403,46.81019],[8.77424,46.81021],[8.77474,46.8102],[8.77504,46.81024],[8.77986,46.81112],[8.78035,46.81127],[8.78068,46.81151],[8.78115,46.81224],[8.7813,46.81267],[8.78142,46.81284],[8.78158,46.81299],[8.78189,46.81322],[8.78326,46.81397],[8.78369,46.81439],[8.78404,46.81459],[8.78524,46.81496],[8.78559,46.81522],[8.78593,46.81565],[8.78644,46.81594],[8.78694,46.81609],[8.7879,46.81666],[8.78853,46.81697],[8.78883,46.81729],[8.78915,46.81779],[8.78934,46.81801],[8.78982,46.8184],[8.79036,46.8188],[8.79159,46.8201],[8.7917,46.8202],[8.79184,46.8203],[8.79219,46.8205],[8.79262,46.82073],[8.79305,46.82122],[8.79341,46.82146],[8.79389,46.82158],[8.79414,46.82159],[8.79429,46.82159],[8.79457,46.82157],[8.79472,46.82154],[8.79506,46.82151],[8.79632,46.82145],[8.79664,46.82146],[8.79712,46.82158],[8.7975,46.82181],[8.79775,46.82206],[8.79857,46.82271],[8.79877,46.82284],[8.80009,46.82341],[8.80034,46.82351],[8.80054,46.82357],[8.80105,46.8237],[8.80174,46.82392],[8.80521,46.82434],[8.80609,46.82452],[8.80828,46.82481],[8.80899,46.82514],[8.80931,46.82543],[8.80953,46.82557],[8.80998,46.8258],[8.81095,46.82616],[8.81166,46.82641],[8.81287,46.82701],[8.8133,46.82729],[8.81354,46.82741],[8.8138,46.82749],[8.81434,46.82761],[8.81465,46.8277],[8.81523,46.82779],[8.81575,46.82796],[8.81651,46.82833],[8.81706,46.82842],[8.81823,46.82832],[8.81864,46.82824],[8.81939,46.82794],[8.82058,46.82767],[8.82084,46.82764],[8.82217,46.8276],[8.82269,46.82764],[8.8231,46.82778],[8.82381,46.82828],[8.82449,46.82846],[8.82573,46.82831],[8.82621,46.82815],[8.8266,46.82786],[8.82704,46.82766],[8.82766,46.82755],[8.82929,46.82703],[8.83052,46.82642],[8.83072,46.82636],[8.83098,46.82631],[8.83128,46.8263],[8.83178,46.82631],[8.83253,46.82623],[8.8333,46.82625],[8.83335,46.82625],[8.83463,46.82625],[8.83492,46.82627],[8.83514,46.82631],[8.83554,46.82648],[8.83633,46.82702],[8.83694,46.8273],[8.83711,46.82742],[8.83753,46.82785],[8.83858,46.8286],[8.84076,46.83053],[8.84106,46.8309],[8.84301,46.8345],[8.84378,46.83583],[8.8439,46.836],[8.84408,46.83615],[8.84426,46.83627],[8.8443,46.83629],[8.84456,46.83646],[8.84482,46.83674],[8.84487,46.83751],[8.84493,46.83783],[8.84498,46.83798],[8.84507,46.83814],[8.84536,46.83839],[8.84594,46.83865],[8.84704,46.83903],[8.84748,46.83934],[8.8483,46.83986],[8.84894,46.84019],[8.84955,46.84065],[8.84971,46.84096],[8.84967,46.8415],[8.84942,46.84239],[8.84963,46.84281],[8.84991,46.84307],[8.85055,46.84348],[8.85101,46.84391],[8.85109,46.84406],[8.85114,46.84427],[8.85113,46.84451],[8.85105,46.84507],[8.85104,46.84551],[8.85099,46.84579],[8.85094,46.84591],[8.85076,46.84629],[8.8506,46.84671],[8.85055,46.84681],[8.85042,46.84707],[8.85034,46.84721],[8.85017,46.84746],[8.85008,46.84762],[8.84988,46.84816],[8.84977,46.84849],[8.8493,46.84899],[8.84913,46.84936],[8.84914,46.84981],[8.84906,46.85007],[8.84872,46.85074],[8.84859,46.85093],[8.84802,46.85156],[8.84801,46.8519],[8.84819,46.85264],[8.84823,46.85277],[8.84832,46.85295],[8.84865,46.85325],[8.84899,46.85343],[8.84913,46.85355],[8.84923,46.85365],[8.84946,46.85385],[8.84964,46.85396],[8.84982,46.85405],[8.85021,46.85419],[8.85085,46.85454],[8.851,46.85461],[8.85106,46.85464],[8.85133,46.85472],[8.8521,46.85492],[8.85247,46.85514],[8.85292,46.85566],[8.85303,46.85579],[8.85318,46.8559],[8.85335,46.85599],[8.8534,46.85601],[8.85358,46.85608],[8.85378,46.85613],[8.85402,46.85618],[8.85422,46.8562],[8.8548,46.85627],[8.8554,46.85655],[8.85571,46.85687],[8.85625,46.85736],[8.8564,46.85747],[8.85657,46.85756],[8.85676,46.85764],[8.85788,46.85798],[8.8586,46.85853],[8.85882,46.85902],[8.85872,46.85936],[8.85845,46.85972],[8.85765,46.86119],[8.85757,46.86145],[8.85753,46.86195],[8.85749,46.86215],[8.8559,46.86731],[8.85579,46.86754],[8.85557,46.86792],[8.85537,46.86833],[8.85491,46.86901],[8.85479,46.8693],[8.85463,46.87045],[8.85461,46.87058],[8.85437,46.87145],[8.85435,46.87161],[8.85437,46.87177],[8.8548,46.87343],[8.8548,46.8738],[8.85462,46.87411],[8.85411,46.87454],[8.8539,46.8747],[8.85339,46.87501],[8.85328,46.87507],[8.85261,46.87544],[8.85196,46.87585],[8.85172,46.87598],[8.85151,46.87608],[8.85128,46.87617],[8.85098,46.87625],[8.85065,46.87637],[8.85042,46.87649],[8.85017,46.8766],[8.84998,46.87667],[8.84962,46.87691],[8.84942,46.87723],[8.84939,46.87741],[8.84949,46.87775],[8.84979,46.87814],[8.84994,46.8783],[8.85012,46.87845],[8.85028,46.87854],[8.8505,46.87865],[8.85075,46.87872],[8.85101,46.87876],[8.85114,46.87877],[8.85137,46.87877],[8.85222,46.87865],[8.85344,46.87854],[8.85437,46.87856],[8.85486,46.87867],[8.85527,46.87882],[8.85667,46.87953],[8.85765,46.88012],[8.85823,46.88057],[8.85841,46.88089],[8.85839,46.88124],[8.85819,46.88155],[8.85783,46.88179],[8.85755,46.88189],[8.85655,46.88216],[8.85632,46.88225],[8.85611,46.88234],[8.85595,46.88243],[8.85581,46.88253],[8.85524,46.88301],[8.85519,46.88306],[8.85458,46.88365],[8.85455,46.88368],[8.85402,46.88424],[8.85391,46.8844],[8.85377,46.88464],[8.85372,46.88474],[8.85356,46.88509],[8.84974,46.88811],[8.84953,46.88835],[8.84795,46.89083],[8.84784,46.89117],[8.84781,46.89305],[8.8485,46.89545],[8.84895,46.89896],[8.84912,46.89976],[8.84901,46.9009],[8.84829,46.90222],[8.84827,46.90256],[8.8485,46.90341],[8.84829,46.90408],[8.84827,46.90535],[8.8484,46.90583],[8.84872,46.90629],[8.84878,46.90687],[8.84892,46.90723],[8.84892,46.90769],[8.84941,46.90884],[8.84946,46.90958],[8.84931,46.91027],[8.84942,46.91058],[8.84939,46.91113],[8.84872,46.9123],[8.84816,46.91268],[8.84765,46.91278],[8.84689,46.91266],[8.84621,46.91218],[8.84553,46.91187],[8.84508,46.91157],[8.84441,46.91136],[8.844,46.91112],[8.84367,46.91068],[8.84297,46.91003],[8.84265,46.9096],[8.84214,46.90927],[8.83974,46.90838],[8.83737,46.90791],[8.83662,46.90793],[8.83617,46.9081],[8.83576,46.90853],[8.83533,46.90955],[8.83508,46.9099],[8.83353,46.91137],[8.83339,46.91154],[8.83128,46.91494],[8.83025,46.91656],[8.82996,46.91687],[8.82881,46.91783],[8.82862,46.91804],[8.82788,46.9192],[8.82777,46.9195],[8.82766,46.92074],[8.82752,46.92111],[8.82722,46.92139],[8.82678,46.92157],[8.82628,46.92162],[8.82552,46.92142],[8.82014,46.91874],[8.81963,46.91832],[8.81948,46.91823],[8.81928,46.91809],[8.81912,46.91795],[8.81883,46.91767],[8.81871,46.91756],[8.81831,46.91728],[8.81816,46.91718],[8.81738,46.91679],[8.81666,46.91662],[8.81639,46.91651],[8.81638,46.9165],[8.81602,46.91626],[8.81577,46.91604],[8.8155,46.91587],[8.81527,46.91574],[8.81493,46.91552],[8.81475,46.91543],[8.81352,46.91489],[8.81332,46.91481],[8.8132,46.91479],[8.81271,46.91467],[8.81131,46.91421],[8.81091,46.91403],[8.8104,46.91373],[8.80978,46.91343],[8.80951,46.91315],[8.80942,46.91295],[8.8094,46.9129],[8.80937,46.91277],[8.8093,46.91239],[8.80927,46.91195],[8.80917,46.91153],[8.80905,46.91133],[8.80878,46.91108],[8.80848,46.91088],[8.8083,46.91078],[8.80809,46.9107],[8.80762,46.91061],[8.80721,46.91048],[8.80646,46.91034],[8.80587,46.91016],[8.80497,46.91005],[8.80273,46.9101],[8.80203,46.91017],[8.80172,46.91015],[8.80147,46.9101],[8.80065,46.90987],[8.79936,46.90986],[8.798,46.91001],[8.79793,46.91002],[8.7972,46.91013],[8.79689,46.9102],[8.79628,46.91041],[8.79595,46.91049],[8.79567,46.91052],[8.79533,46.91052],[8.79511,46.91054],[8.79422,46.91071],[8.79397,46.91074],[8.79372,46.91074],[8.79237,46.9107],[8.79157,46.91074],[8.79122,46.91074],[8.79064,46.9107],[8.79033,46.91066],[8.79009,46.91059],[8.78983,46.91047],[8.78943,46.91025],[8.7892,46.91009],[8.78903,46.9099],[8.78874,46.90953],[8.78839,46.90918],[8.78824,46.90886],[8.78822,46.90859],[8.78824,46.90832],[8.78829,46.90806],[8.78869,46.90715],[8.78878,46.90694],[8.78884,46.9067],[8.78883,46.90652],[8.78865,46.90618],[8.78849,46.90603],[8.78829,46.90591],[8.78806,46.90582],[8.78758,46.90573],[8.78683,46.9055],[8.78625,46.90537],[8.78601,46.90528],[8.78406,46.90443],[8.78379,46.90429],[8.78343,46.90401],[8.78325,46.90392],[8.78278,46.90373],[8.78256,46.90362],[8.78219,46.90342],[8.78194,46.90326],[8.78176,46.90311],[8.78164,46.90301],[8.78154,46.90291],[8.78138,46.90278],[8.78118,46.90268],[8.78103,46.90262],[8.7805,46.90242],[8.78046,46.9024],[8.78011,46.90216],[8.78011,46.90215],[8.77995,46.90198],[8.77986,46.90184],[8.77968,46.90139],[8.77943,46.90109],[8.77934,46.90041],[8.77967,46.89979],[8.77976,46.89947],[8.77964,46.8991],[8.77931,46.89878],[8.77895,46.89858],[8.77835,46.89789],[8.77818,46.89757],[8.7782,46.89724],[8.77854,46.8968],[8.77965,46.89637],[8.78015,46.89599],[8.78107,46.89548],[8.78124,46.89536],[8.78138,46.89523],[8.78147,46.89512],[8.78158,46.89495],[8.78164,46.89477],[8.78164,46.89458],[8.78158,46.89439],[8.78147,46.89422],[8.77695,46.88888],[8.77659,46.8886],[8.77208,46.88634],[8.77187,46.88621],[8.77169,46.88606],[8.76854,46.88286],[8.76838,46.88273],[8.766,46.88109],[8.76528,46.88061],[8.76505,46.88042],[8.76492,46.88024],[8.76474,46.87979],[8.76439,46.87942],[8.76383,46.87908],[8.76368,46.87894],[8.76354,46.87873],[8.76338,46.87841],[8.76305,46.87808],[8.76289,46.87777],[8.76279,46.87742],[8.76261,46.87711],[8.76207,46.87678],[8.76136,46.87659],[8.76061,46.87603],[8.76017,46.87555],[8.75977,46.87533],[8.75853,46.87495],[8.75755,46.87442],[8.75624,46.87396],[8.75587,46.87369],[8.75543,46.87309],[8.75528,46.87273],[8.75536,46.87236],[8.7557,46.87186],[8.75578,46.8713],[8.75559,46.87077],[8.75549,46.86999],[8.75542,46.86968],[8.75546,46.86932],[8.75577,46.86881],[8.75562,46.86811],[8.75566,46.86769],[8.75556,46.86734],[8.75523,46.86697],[8.75453,46.86649],[8.75432,46.86633],[8.75417,46.8662],[8.75403,46.86605],[8.75394,46.86594],[8.75382,46.86577],[8.75362,46.86538],[8.75352,46.86516],[8.75363,46.86461],[8.75396,46.86432],[8.75419,46.86422],[8.75502,46.86396],[8.75535,46.86371],[8.75553,46.8634],[8.75554,46.86322],[8.75554,46.86312],[8.75552,46.86299],[8.75542,46.86255],[8.75534,46.86236],[8.75495,46.86165],[8.75487,46.86111],[8.75459,46.86042],[8.75424,46.85992],[8.75419,46.85972],[8.75416,46.85952],[8.75416,46.85935],[8.7542,46.85905],[8.75417,46.8589],[8.7541,46.85875],[8.75335,46.85753],[8.75333,46.8575],[8.75065,46.85354],[8.75009,46.85307],[8.74996,46.85292],[8.74985,46.85272],[8.74957,46.85196],[8.74946,46.85177],[8.74914,46.85143],[8.74878,46.85123],[8.74856,46.85117],[8.74777,46.85106],[8.74633,46.85078],[8.74566,46.85084],[8.74346,46.85147],[8.74315,46.85154],[8.7429,46.85156],[8.7424,46.85149],[8.74167,46.8512],[8.74117,46.85109],[8.74053,46.85078],[8.74009,46.8503],[8.73991,46.85018],[8.73925,46.8498],[8.7389,46.84964],[8.73841,46.84929],[8.73753,46.84893],[8.73696,46.84837],[8.73642,46.84799],[8.73549,46.84769],[8.7348,46.84765],[8.73434,46.84752],[8.73414,46.84742],[8.73398,46.84729],[8.73379,46.84706],[8.73372,46.84699],[8.73338,46.84665],[8.73315,46.84636],[8.73284,46.8458],[8.73251,46.84544],[8.73218,46.84478],[8.73203,46.8446],[8.73179,46.84437],[8.73143,46.84382],[8.73091,46.84341],[8.73075,46.84325],[8.73063,46.84307],[8.73062,46.84305],[8.73051,46.84289],[8.73012,46.84248],[8.72991,46.84235],[8.7294,46.8422],[8.72432,46.84153],[8.72393,46.84151],[8.71929,46.84186],[8.71853,46.8421],[8.71618,46.84361],[8.71591,46.84375],[8.7154,46.84388],[8.71375,46.84381],[8.71322,46.84371],[8.71268,46.84337],[8.71239,46.84293],[8.71205,46.84262],[8.71191,46.8423],[8.71195,46.84197],[8.71265,46.84058],[8.71373,46.839],[8.71399,46.83846],[8.71397,46.83809],[8.71381,46.83779],[8.71376,46.83775],[8.71343,46.83741],[8.71337,46.83733],[8.71322,46.83705],[8.7131,46.83677],[8.71259,46.83622],[8.71253,46.83586],[8.71261,46.83552],[8.71263,46.83534],[8.7126,46.83516],[8.71252,46.83498],[8.71238,46.83477],[8.71226,46.83453],[8.71215,46.83437],[8.71181,46.83411],[8.71135,46.83396],[8.71084,46.83394],[8.70794,46.83418],[8.70745,46.83407],[8.70707,46.83383],[8.70637,46.83288],[8.70608,46.83208]]]},"properties":{"bfs_nr":1219,"name":"Untersch\u00e4chen"}},{"type":"Feature","geometry":{"type":"Polygon","coordinates":[[[8.43927,46.75247],[8.43935,46.75211],[8.44002,46.7512],[8.44113,46.75053],[8.44179,46.75006],[8.44277,46.74893],[8.4433,46.74813],[8.44357,46.74749],[8.44353,46.74715],[8.4433,46.74684],[8.44273,46.74645],[8.44221,46.74572],[8.44173,46.74523],[8.4411,46.74479],[8.44076,46.74444],[8.44045,46.74354],[8.44056,46.74288],[8.44121,46.74207],[8.44134,46.74131],[8.44093,46.74017],[8.44098,46.73939],[8.44076,46.73886],[8.4408,46.73804],[8.4413,46.73685],[8.44198,46.73596],[8.44211,46.73566],[8.44343,46.73452],[8.44381,46.7343],[8.44482,46.73397],[8.44522,46.73378],[8.44587,46.73323],[8.44682,46.73292],[8.44725,46.73268],[8.4486,46.73145],[8.44956,46.73],[8.4496,46.72967],[8.44943,46.72916],[8.4492,46.72882],[8.4488,46.72857],[8.44794,46.72834],[8.44753,46.72809],[8.44728,46.7277],[8.44708,46.7269],[8.44719,46.72019],[8.44719,46.71791],[8.44754,46.71659],[8.44746,46.71568],[8.44752,46.71534],[8.44737,46.7149],[8.44745,46.71416],[8.4478,46.71365],[8.44796,46.71319],[8.44849,46.71256],[8.44898,46.71222],[8.45002,46.71184],[8.45081,46.71149],[8.45241,46.71119],[8.4538,46.71104],[8.45431,46.71111],[8.45489,46.71134],[8.45546,46.71153],[8.45608,46.71195],[8.4565,46.71216],[8.45707,46.71231],[8.45778,46.71268],[8.45803,46.71285],[8.45826,46.7131],[8.45849,46.71328],[8.45907,46.71365],[8.45932,46.71377],[8.4596,46.71385],[8.45989,46.7139],[8.46126,46.71439],[8.46216,46.71476],[8.46311,46.71529],[8.46342,46.71542],[8.46383,46.71554],[8.46445,46.7158],[8.46532,46.71609],[8.46548,46.71614],[8.46638,46.71635],[8.46664,46.71639],[8.46712,46.71643],[8.46741,46.71643],[8.47018,46.71623],[8.4709,46.71628],[8.47113,46.71627],[8.47123,46.71627],[8.47143,46.71624],[8.47163,46.71618],[8.47211,46.71603],[8.47229,46.71596],[8.47245,46.71587],[8.47308,46.71548],[8.47376,46.71516],[8.47479,46.71485],[8.47572,46.7145],[8.47664,46.71412],[8.47769,46.71387],[8.47808,46.71387],[8.47915,46.71395],[8.47967,46.71405],[8.47993,46.71417],[8.48038,46.7144],[8.48101,46.7147],[8.48151,46.71509],[8.48206,46.71577],[8.48278,46.71635],[8.48295,46.71648],[8.48315,46.71658],[8.48337,46.71665],[8.48437,46.71683],[8.48501,46.71683],[8.48595,46.71703],[8.48669,46.71696],[8.48691,46.71687],[8.4871,46.71675],[8.48726,46.71662],[8.48753,46.71632],[8.48775,46.71603],[8.48814,46.7157],[8.48826,46.71557],[8.48834,46.71542],[8.48863,46.71477],[8.48928,46.71403],[8.4894,46.71388],[8.48947,46.71373],[8.48965,46.71322],[8.49004,46.71262],[8.49037,46.71199],[8.49054,46.7118],[8.49085,46.71153],[8.49125,46.71129],[8.49279,46.71082],[8.49358,46.71048],[8.49381,46.71033],[8.49412,46.71007],[8.49449,46.70963],[8.49505,46.70929],[8.49569,46.70884],[8.49603,46.70864],[8.4962,46.70853],[8.49667,46.70815],[8.49726,46.70779],[8.49796,46.70696],[8.49806,46.70677],[8.49829,46.70621],[8.49881,46.70541],[8.49889,46.70524],[8.49892,46.70505],[8.49886,46.70467],[8.49897,46.70421],[8.49898,46.70399],[8.49903,46.70366],[8.49914,46.70339],[8.5005,46.70224],[8.50107,46.70194],[8.50163,46.70128],[8.50259,46.70064],[8.50341,46.70031],[8.50376,46.70003],[8.5041,46.6995],[8.50439,46.69921],[8.50454,46.69902],[8.50466,46.6988],[8.50491,46.69848],[8.50524,46.69818],[8.50553,46.69797],[8.50599,46.69769],[8.50632,46.69753],[8.50653,46.6974],[8.5071,46.69682],[8.50787,46.69639],[8.50822,46.69609],[8.50884,46.69578],[8.50915,46.69566],[8.50943,46.69561],[8.50987,46.69557],[8.51013,46.6955],[8.51101,46.69518],[8.51188,46.69499],[8.51229,46.69486],[8.51297,46.69429],[8.51352,46.69404],[8.5141,46.69388],[8.51426,46.69383],[8.51505,46.69352],[8.51534,46.69337],[8.51576,46.69313],[8.51732,46.69244],[8.5193,46.69186],[8.51955,46.69177],[8.51995,46.69156],[8.52035,46.69129],[8.52057,46.69119],[8.52124,46.69103],[8.52186,46.69094],[8.5221,46.69086],[8.5223,46.69076],[8.52248,46.69063],[8.52261,46.69048],[8.5227,46.69031],[8.52312,46.6892],[8.5235,46.6887],[8.52369,46.68834],[8.52402,46.68798],[8.52417,46.68761],[8.52477,46.68672],[8.52543,46.68604],[8.52571,46.68564],[8.52603,46.68539],[8.52629,46.68528],[8.52916,46.68429],[8.52977,46.68405],[8.53002,46.68399],[8.53152,46.68375],[8.53178,46.68369],[8.53266,46.68328],[8.53466,46.68305],[8.5364,46.68304],[8.53709,46.6829],[8.53814,46.68291],[8.53896,46.68304],[8.53975,46.68314],[8.54,46.68315],[8.54048,46.68308],[8.541,46.68289],[8.54148,46.68285],[8.54194,46.68288],[8.54221,46.68285],[8.54282,46.68273],[8.54296,46.6827],[8.54352,46.68254],[8.54374,46.68246],[8.54424,46.68221],[8.54483,46.68206],[8.5463,46.68153],[8.54762,46.68156],[8.54833,46.68169],[8.54933,46.68178],[8.55002,46.68206],[8.55054,46.68235],[8.55076,46.68241],[8.55207,46.68273],[8.55236,46.68278],[8.55267,46.68278],[8.55314,46.68274],[8.55335,46.68271],[8.55414,46.68256],[8.55471,46.68258],[8.55511,46.68255],[8.55558,46.68256],[8.55623,46.68263],[8.55718,46.6826],[8.55826,46.68242],[8.55879,46.68249],[8.55924,46.68262],[8.55944,46.68266],[8.55964,46.68268],[8.56026,46.6827],[8.56126,46.68285],[8.562,46.68283],[8.5636,46.68315],[8.56385,46.68319],[8.56411,46.68319],[8.56436,46.68316],[8.5646,46.68309],[8.56481,46.683],[8.56499,46.68288],[8.56924,46.67941],[8.56926,46.67939],[8.56988,46.67885],[8.57008,46.67871],[8.57026,46.67862],[8.57051,46.67853],[8.57479,46.67736],[8.57502,46.67728],[8.57631,46.67669],[8.57678,46.67654],[8.57751,46.67637],[8.57858,46.67622],[8.57903,46.67625],[8.57929,46.67633],[8.57987,46.67653],[8.58003,46.67657],[8.59028,46.67905],[8.5905,46.67909],[8.59125,46.67911],[8.59205,46.67931],[8.5926,46.67931],[8.59379,46.67897],[8.59443,46.67861],[8.59521,46.67838],[8.59616,46.678],[8.59661,46.67787],[8.60289,46.67685],[8.60408,46.67673],[8.60465,46.67682],[8.60618,46.6773],[8.60653,46.67737],[8.61254,46.67797],[8.61258,46.67797],[8.61676,46.67829],[8.61967,46.67869],[8.61995,46.67874],[8.62152,46.67913],[8.62163,46.67916],[8.63391,46.68281],[8.63455,46.68317],[8.63473,46.6835],[8.63469,46.68411],[8.63472,46.6844],[8.63462,46.68543],[8.63477,46.68672],[8.635,46.68715],[8.63505,46.68765],[8.63498,46.68799],[8.63489,46.68829],[8.63489,46.68845],[8.63493,46.68861],[8.63501,46.68876],[8.63547,46.68938],[8.6359,46.68987],[8.63604,46.69016],[8.63621,46.69045],[8.6363,46.69067],[8.63632,46.69085],[8.63612,46.69157],[8.63572,46.69222],[8.63574,46.69257],[8.63568,46.69283],[8.63538,46.69357],[8.63505,46.6946],[8.63516,46.69505],[8.63552,46.69546],[8.63566,46.69599],[8.63548,46.69633],[8.6351,46.69675],[8.63494,46.69697],[8.63483,46.6972],[8.63477,46.69737],[8.63472,46.69775],[8.6345,46.69819],[8.6345,46.69851],[8.63458,46.6987],[8.6347,46.69908],[8.63472,46.69922],[8.63471,46.69957],[8.63485,46.70047],[8.63477,46.70094],[8.63448,46.70153],[8.6342,46.70191],[8.63414,46.70228],[8.6344,46.70312],[8.63476,46.70353],[8.63487,46.70393],[8.63538,46.70494],[8.63612,46.70598],[8.6363,46.70613],[8.63711,46.70667],[8.63725,46.70681],[8.63742,46.70702],[8.63755,46.70722],[8.63784,46.70895],[8.63799,46.70946],[8.63788,46.7098],[8.63759,46.71018],[8.63745,46.7105],[8.63715,46.71085],[8.637,46.71117],[8.63721,46.71187],[8.63717,46.71236],[8.63696,46.71266],[8.63639,46.71297],[8.63592,46.71303],[8.63561,46.71301],[8.63436,46.71285],[8.63409,46.71284],[8.63383,46.71286],[8.63358,46.71292],[8.63335,46.71301],[8.63293,46.71322],[8.63285,46.71326],[8.63153,46.71402],[8.63131,46.71409],[8.631,46.71413],[8.6297,46.71426],[8.62941,46.71427],[8.62923,46.71427],[8.62883,46.71424],[8.6276,46.71405],[8.62736,46.71403],[8.62618,46.71401],[8.62586,46.71398],[8.6248,46.71384],[8.62457,46.71379],[8.62426,46.71373],[8.62396,46.71368],[8.62365,46.71369],[8.62278,46.71378],[8.62243,46.71385],[8.6209,46.71433],[8.62046,46.71442],[8.62035,46.71444],[8.61966,46.71469],[8.61865,46.7148],[8.61806,46.7149],[8.61759,46.71492],[8.61727,46.71487],[8.61605,46.7146],[8.6158,46.71457],[8.61554,46.71456],[8.61529,46.71459],[8.61505,46.71466],[8.61484,46.71475],[8.61476,46.7148],[8.61467,46.71485],[8.61408,46.71524],[8.61389,46.71535],[8.61385,46.71537],[8.61339,46.71554],[8.61299,46.71565],[8.61253,46.71572],[8.6114,46.71584],[8.61116,46.71591],[8.61094,46.71602],[8.61076,46.71616],[8.61067,46.71627],[8.61063,46.71631],[8.61054,46.71644],[8.61037,46.71673],[8.60994,46.71705],[8.60879,46.71765],[8.60856,46.71772],[8.60811,46.71783],[8.60786,46.71787],[8.60727,46.71789],[8.60662,46.71787],[8.60609,46.718],[8.60575,46.7182],[8.60557,46.71829],[8.60532,46.71837],[8.60488,46.71847],[8.60467,46.71854],[8.60349,46.71895],[8.60325,46.71905],[8.60276,46.71931],[8.60247,46.71952],[8.60214,46.71994],[8.60193,46.72011],[8.60156,46.72034],[8.60124,46.72051],[8.59916,46.72139],[8.59877,46.72156],[8.59824,46.72167],[8.59802,46.72173],[8.59751,46.72193],[8.59701,46.7222],[8.59679,46.72229],[8.59649,46.72236],[8.59446,46.72268],[8.59425,46.72273],[8.59235,46.72327],[8.59183,46.72355],[8.58855,46.72641],[8.58843,46.72654],[8.58531,46.73041],[8.58512,46.7306],[8.58469,46.73082],[8.58266,46.73129],[8.58226,46.73151],[8.58157,46.73221],[8.58127,46.73263],[8.58073,46.733],[8.58028,46.73315],[8.57974,46.73347],[8.57855,46.73399],[8.57762,46.73464],[8.57697,46.73521],[8.57685,46.73532],[8.57654,46.73567],[8.57622,46.73609],[8.57565,46.7365],[8.57491,46.73712],[8.57478,46.73728],[8.57454,46.73794],[8.57434,46.73825],[8.5741,46.73872],[8.57392,46.73911],[8.57359,46.73952],[8.57339,46.74006],[8.57326,46.74023],[8.57308,46.74037],[8.57286,46.74049],[8.5723,46.74069],[8.57198,46.74087],[8.57074,46.7413],[8.56923,46.74216],[8.56861,46.74227],[8.56799,46.74249],[8.56778,46.74254],[8.5675,46.74256],[8.56733,46.74256],[8.56706,46.74255],[8.56675,46.74251],[8.56638,46.74248],[8.56611,46.74251],[8.56588,46.74256],[8.56509,46.74281],[8.56366,46.74315],[8.56342,46.74317],[8.56311,46.74317],[8.56236,46.74311],[8.56205,46.74311],[8.56178,46.74313],[8.56152,46.74317],[8.56028,46.74372],[8.55975,46.74386],[8.55911,46.74422],[8.55831,46.7445],[8.55743,46.7452],[8.55667,46.74569],[8.55579,46.74608],[8.55443,46.74642],[8.55353,46.74691],[8.55253,46.74716],[8.55189,46.74741],[8.55165,46.74749],[8.55137,46.74755],[8.55112,46.74762],[8.5509,46.74773],[8.55071,46.74786],[8.55007,46.74839],[8.54935,46.74872],[8.54895,46.74913],[8.54847,46.75017],[8.54832,46.7504],[8.54793,46.75076],[8.54746,46.75136],[8.54725,46.75157],[8.54665,46.75187],[8.54602,46.75203],[8.54564,46.75227],[8.54521,46.75287],[8.54518,46.75321],[8.54526,46.7535],[8.54527,46.75367],[8.54526,46.75393],[8.54521,46.75417],[8.54506,46.75454],[8.54506,46.75475],[8.54518,46.75558],[8.54508,46.7561],[8.54512,46.75647],[8.54503,46.75682],[8.54503,46.75717],[8.54498,46.75751],[8.54492,46.75768],[8.5448,46.75792],[8.54422,46.75845],[8.54404,46.75877],[8.54403,46.75959],[8.54393,46.75998],[8.54365,46.76027],[8.5432,46.76054],[8.54297,46.76083],[8.54282,46.76119],[8.54227,46.76174],[8.54219,46.76209],[8.54233,46.7626],[8.54233,46.76276],[8.54222,46.76305],[8.54188,46.76348],[8.54145,46.76425],[8.54116,46.76455],[8.53947,46.76591],[8.53865,46.76631],[8.53779,46.7668],[8.53756,46.76691],[8.53723,46.76705],[8.53703,46.76715],[8.53674,46.76742],[8.53665,46.76757],[8.5366,46.76774],[8.53657,46.76795],[8.53657,46.76809],[8.53659,46.76831],[8.53668,46.76875],[8.53664,46.76903],[8.53676,46.76955],[8.53742,46.77032],[8.53769,46.7711],[8.53773,46.77131],[8.53772,46.77146],[8.53775,46.77171],[8.53803,46.77251],[8.5381,46.77267],[8.53856,46.77322],[8.53893,46.77348],[8.53949,46.77368],[8.53969,46.77379],[8.53997,46.77407],[8.54005,46.77423],[8.54007,46.77458],[8.53989,46.7749],[8.53956,46.77515],[8.53929,46.77526],[8.53758,46.77583],[8.53655,46.77645],[8.53618,46.77683],[8.53577,46.77705],[8.53547,46.77713],[8.53385,46.77742],[8.53341,46.77747],[8.53302,46.77748],[8.5326,46.77746],[8.53251,46.77745],[8.53223,46.77739],[8.5313,46.77705],[8.53022,46.7768],[8.53001,46.77676],[8.52907,46.77666],[8.52855,46.77667],[8.5283,46.77673],[8.52815,46.77678],[8.52794,46.77687],[8.52716,46.77726],[8.52698,46.77736],[8.52659,46.77771],[8.52639,46.77783],[8.52625,46.7779],[8.5259,46.77804],[8.52572,46.77809],[8.52551,46.77819],[8.52504,46.77855],[8.52434,46.7789],[8.52312,46.77925],[8.52277,46.77942],[8.52229,46.77959],[8.5213,46.77966],[8.52102,46.77971],[8.52077,46.77981],[8.52053,46.77992],[8.52004,46.78018],[8.51811,46.78047],[8.51759,46.78048],[8.51712,46.78038],[8.51589,46.78037],[8.51502,46.78001],[8.51483,46.77995],[8.51467,46.7799],[8.51413,46.77977],[8.51375,46.77957],[8.51326,46.77909],[8.51285,46.77891],[8.51262,46.77887],[8.51213,46.77887],[8.51168,46.77899],[8.51095,46.7793],[8.5107,46.77938],[8.51044,46.77944],[8.51002,46.7795],[8.50969,46.77953],[8.50937,46.77951],[8.50886,46.77944],[8.50862,46.7794],[8.50839,46.77933],[8.50667,46.7787],[8.50635,46.77854],[8.50609,46.77835],[8.5049,46.77715],[8.50451,46.77681],[8.50384,46.77597],[8.50345,46.77572],[8.5032,46.77564],[8.50294,46.77559],[8.50267,46.77559],[8.50174,46.77573],[8.50105,46.7757],[8.50007,46.77585],[8.49891,46.7762],[8.49841,46.77621],[8.49794,46.77609],[8.49757,46.77585],[8.49728,46.77551],[8.4971,46.77538],[8.49658,46.77505],[8.49634,46.77493],[8.4961,46.77484],[8.49592,46.77474],[8.49573,46.77458],[8.49533,46.77419],[8.49516,46.77405],[8.49494,46.77393],[8.49438,46.77378],[8.49279,46.77305],[8.49205,46.77279],[8.49037,46.77205],[8.48888,46.77125],[8.48837,46.77108],[8.48724,46.77091],[8.48648,46.77092],[8.48497,46.77061],[8.48457,46.77044],[8.48329,46.76956],[8.48291,46.76938],[8.48228,46.76925],[8.48165,46.76902],[8.48025,46.76866],[8.47893,46.76869],[8.47749,46.76852],[8.4767,46.76835],[8.47555,46.76791],[8.47479,46.76787],[8.47409,46.76773],[8.47303,46.76773],[8.47228,46.76788],[8.47132,46.7679],[8.47067,46.76812],[8.46986,46.76879],[8.46902,46.76914],[8.46833,46.76921],[8.46707,46.76953],[8.46621,46.76961],[8.46496,46.76958],[8.46425,46.76945],[8.46371,46.76924],[8.46317,46.76888],[8.46273,46.76873],[8.46199,46.76874],[8.46101,46.76896],[8.4605,46.76901],[8.45979,46.76884],[8.45793,46.76799],[8.45723,46.7676],[8.45681,46.76748],[8.4562,46.76712],[8.45597,46.7667],[8.45565,46.7664],[8.45514,46.76611],[8.45444,46.76595],[8.45368,46.76559],[8.45281,46.76533],[8.45226,46.76502],[8.45153,46.76474],[8.4505,46.76449],[8.45,46.76426],[8.44936,46.76381],[8.44848,46.76335],[8.44813,46.76291],[8.44763,46.76158],[8.44757,46.76103],[8.44729,46.75977],[8.44705,46.75917],[8.44726,46.7585],[8.44727,46.75816],[8.4471,46.75785],[8.4463,46.75705],[8.44583,46.75683],[8.4454,46.75651],[8.44502,46.75599],[8.4445,46.75564],[8.44413,46.7549],[8.4435,46.75432],[8.44281,46.75415],[8.4417,46.75427],[8.44116,46.75419],[8.44024,46.75374],[8.43949,46.75309],[8.43927,46.75247]]]},"properties":{"bfs_nr":1220,"name":"Wassen"}}]}